datetime,open,high,low,close,n_h1,trading_day
2020-01-29 12:00:00,82.970000,83.014999,82.945000,82.955000,2,2020-01-29
2020-01-29 16:00:00,82.955000,82.985000,82.775000,82.835000,4,2020-01-29
2020-01-29 20:00:00,82.835000,82.865000,82.725000,82.785000,4,2020-01-30
2020-01-30 00:00:00,82.775000,82.865000,82.600000,82.685000,4,2020-01-30
2020-01-30 04:00:00,82.680000,82.775000,82.585000,82.600000,4,2020-01-30
2020-01-30 08:00:00,82.600000,82.665000,82.510000,82.545000,4,2020-01-30
2020-01-30 12:00:00,82.550000,82.585000,82.440000,82.485000,4,2020-01-30
2020-01-30 16:00:00,82.490000,82.545000,82.285000,82.385000,4,2020-01-30
2020-01-30 20:00:00,82.395000,82.490000,82.255000,82.275000,4,2020-01-31
2020-01-31 00:00:00,82.275000,82.495000,82.160000,82.290000,4,2020-01-31
2020-01-31 04:00:00,82.270000,82.575000,82.125000,82.550000,4,2020-01-31
2020-01-31 08:00:00,82.555000,82.645000,82.405000,82.640000,4,2020-01-31
2020-01-31 12:00:00,82.610000,82.705000,82.550000,82.620000,4,2020-01-31
2020-01-31 16:00:00,82.620000,82.665000,82.430000,82.430000,4,2020-01-31
2020-01-31 20:00:00,82.430000,82.470000,82.215000,82.295000,2,2020-01-31
2020-02-03 04:00:00,81.935000,81.950000,81.900000,81.915000,1,2020-02-03
2020-02-03 08:00:00,81.920000,81.975000,81.790000,81.915000,4,2020-02-03
2020-02-03 12:00:00,81.920000,82.019997,81.850000,81.905000,4,2020-02-03
2020-02-03 16:00:00,81.905000,82.115000,81.865000,82.010002,4,2020-02-03
2020-02-03 20:00:00,81.995000,82.029999,81.860000,81.975000,4,2020-02-04
2020-02-04 00:00:00,81.975000,82.170000,81.580000,81.675000,4,2020-02-04
2020-02-04 04:00:00,81.690000,81.830000,81.640000,81.735000,4,2020-02-04
2020-02-04 08:00:00,81.725000,81.820000,81.650000,81.675000,4,2020-02-04
2020-02-04 12:00:00,81.700000,81.880000,81.600000,81.820000,4,2020-02-04
2020-02-04 16:00:00,81.815000,82.180000,81.795000,82.145000,4,2020-02-04
2020-02-04 20:00:00,82.145000,82.245000,82.044998,82.180000,4,2020-02-05
2020-02-05 00:00:00,82.175000,82.525000,82.099998,82.465000,4,2020-02-05
2020-02-05 04:00:00,82.470000,82.520000,82.405000,82.420000,4,2020-02-05
2020-02-05 08:00:00,82.435000,82.520000,82.325000,82.370000,4,2020-02-05
2020-02-05 12:00:00,82.370000,82.435000,82.295000,82.395000,4,2020-02-05
2020-02-05 16:00:00,82.380000,82.640000,82.190000,82.540000,4,2020-02-05
2020-02-05 20:00:00,82.505000,82.715000,82.465000,82.595000,4,2020-02-06
2020-02-06 00:00:00,82.600000,82.680000,82.475000,82.560000,4,2020-02-06
2020-02-06 04:00:00,82.555000,82.710000,82.540000,82.630000,4,2020-02-06
2020-02-06 08:00:00,82.630000,82.750000,82.610000,82.665000,4,2020-02-06
2020-02-06 12:00:00,82.690000,82.805000,82.655000,82.795000,4,2020-02-06
2020-02-06 16:00:00,82.775000,82.825000,82.690000,82.820000,4,2020-02-06
2020-02-06 20:00:00,82.805000,82.845000,82.635000,82.745000,4,2020-02-07
2020-02-07 00:00:00,82.735000,82.785000,82.565000,82.665000,4,2020-02-07
2020-02-07 04:00:00,82.665000,82.815000,82.665000,82.760000,4,2020-02-07
2020-02-07 08:00:00,82.745000,82.835000,82.600000,82.665000,4,2020-02-07
2020-02-07 12:00:00,82.665000,82.745000,82.625000,82.695000,4,2020-02-07
2020-02-07 16:00:00,82.725000,82.775000,82.570000,82.615000,4,2020-02-07
2020-02-07 20:00:00,82.620000,82.645000,82.380000,82.470000,2,2020-02-07
2020-02-10 04:00:00,82.450000,82.460000,82.400000,82.410000,2,2020-02-10
2020-02-10 08:00:00,82.410000,82.495000,82.325000,82.405000,4,2020-02-10
2020-02-10 12:00:00,82.420000,82.660000,82.375000,82.545000,4,2020-02-10
2020-02-10 16:00:00,82.545000,82.665000,82.500000,82.555000,4,2020-02-10
2020-02-10 20:00:00,82.560000,82.635000,82.450000,82.480000,4,2020-02-11
2020-02-11 00:00:00,82.460000,82.475000,82.275000,82.380000,4,2020-02-11
2020-02-11 04:00:00,82.380000,82.430000,82.275000,82.410000,4,2020-02-11
2020-02-11 08:00:00,82.395000,82.495000,82.385000,82.465000,4,2020-02-11
2020-02-11 12:00:00,82.465000,82.625000,82.455000,82.605000,4,2020-02-11
2020-02-11 16:00:00,82.595000,82.725000,82.570000,82.655000,4,2020-02-11
2020-02-11 20:00:00,82.650000,82.695000,82.585000,82.635000,4,2020-02-12
2020-02-12 00:00:00,82.630000,82.800000,82.460000,82.555000,4,2020-02-12
2020-02-12 04:00:00,82.550000,82.675000,82.530000,82.605000,4,2020-02-12
2020-02-12 08:00:00,82.615000,82.695000,82.580000,82.640000,4,2020-02-12
2020-02-12 12:00:00,82.655000,82.755000,82.630000,82.700000,4,2020-02-12
2020-02-12 16:00:00,82.705000,83.040001,82.675000,82.995000,4,2020-02-12
2020-02-12 20:00:00,82.995000,82.995000,82.810000,82.910000,4,2020-02-13
2020-02-13 00:00:00,82.925000,83.074997,82.885000,83.074997,4,2020-02-13
2020-02-13 04:00:00,83.070000,83.135000,82.995000,83.059998,4,2020-02-13
2020-02-13 08:00:00,83.055000,83.125000,82.805000,82.895000,4,2020-02-13
2020-02-13 12:00:00,82.895000,83.070000,82.885000,82.900000,4,2020-02-13
2020-02-13 16:00:00,82.910000,82.955000,82.740000,82.845000,4,2020-02-13
2020-02-13 20:00:00,82.845000,82.890000,82.635000,82.745000,4,2020-02-14
2020-02-14 00:00:00,82.745000,82.975000,82.725000,82.850000,4,2020-02-14
2020-02-14 04:00:00,82.850000,82.880000,82.760000,82.775000,4,2020-02-14
2020-02-14 08:00:00,82.780000,82.855000,82.705000,82.850000,4,2020-02-14
2020-02-14 12:00:00,82.850000,82.920000,82.755000,82.795000,4,2020-02-14
2020-02-14 16:00:00,82.790000,82.905000,82.780000,82.840000,4,2020-02-14
2020-02-14 20:00:00,82.840000,82.955000,82.800000,82.945000,2,2020-02-14
2020-02-17 04:00:00,82.885000,82.900000,82.880000,82.895000,1,2020-02-17
2020-02-17 08:00:00,82.890000,82.920000,82.815000,82.855000,4,2020-02-17
2020-02-17 12:00:00,82.850000,82.985000,82.835000,82.980000,4,2020-02-17
2020-02-17 16:00:00,82.970000,83.004997,82.920000,82.950000,4,2020-02-17
2020-02-17 20:00:00,82.955000,83.099998,82.950000,83.035004,4,2020-02-18
2020-02-18 00:00:00,83.019997,83.099998,83.014999,83.099998,4,2020-02-18
2020-02-18 04:00:00,83.095001,83.115000,83.035004,83.070000,4,2020-02-18
2020-02-18 08:00:00,83.070000,83.080002,82.855000,82.865000,4,2020-02-18
2020-02-18 12:00:00,82.870000,82.920000,82.740000,82.850000,4,2020-02-18
2020-02-18 16:00:00,82.840000,82.910000,82.735000,82.745000,4,2020-02-18
2020-02-18 20:00:00,82.740000,82.810000,82.655000,82.790000,4,2020-02-19
2020-02-19 00:00:00,82.780000,82.935000,82.665000,82.840000,4,2020-02-19
2020-02-19 04:00:00,82.835000,82.950000,82.835000,82.860000,4,2020-02-19
2020-02-19 08:00:00,82.865000,82.985000,82.835000,82.925000,4,2020-02-19
2020-02-19 12:00:00,82.935000,83.120000,82.880000,83.070000,4,2020-02-19
2020-02-19 16:00:00,83.074997,83.275000,83.035004,83.250000,4,2020-02-19
2020-02-19 20:00:00,83.255000,83.595000,83.245000,83.550000,4,2020-02-20
2020-02-20 00:00:00,83.555000,84.155000,83.530000,84.010002,4,2020-02-20
2020-02-20 04:00:00,84.019997,84.360000,83.940000,84.150000,4,2020-02-20
2020-02-20 08:00:00,84.135000,84.260000,84.059998,84.155000,4,2020-02-20
2020-02-20 12:00:00,84.155000,84.265000,84.055000,84.190000,4,2020-02-20
2020-02-20 16:00:00,84.205000,84.475000,84.165000,84.350000,4,2020-02-20
2020-02-20 20:00:00,84.365000,84.620000,84.315000,84.435000,4,2020-02-21
2020-02-21 00:00:00,84.440000,84.755000,84.200000,84.375000,4,2020-02-21
2020-02-21 04:00:00,84.385000,84.595000,84.295000,84.545000,4,2020-02-21
2020-02-21 08:00:00,84.520000,84.685000,84.415000,84.605000,4,2020-02-21
2020-02-21 12:00:00,84.620000,84.625000,84.375000,84.505000,4,2020-02-21
2020-02-21 16:00:00,84.505000,84.570000,84.029999,84.295000,4,2020-02-21
2020-02-21 20:00:00,84.290000,84.370000,84.220000,84.325000,2,2020-02-21
2020-02-24 04:00:00,84.070000,84.080002,84.029999,84.044998,1,2020-02-24
2020-02-24 08:00:00,84.044998,84.285000,83.875000,84.165000,4,2020-02-24
2020-02-24 12:00:00,84.155000,84.185000,84.004997,84.105000,4,2020-02-24
2020-02-24 16:00:00,84.105000,84.165000,83.755000,83.850000,4,2020-02-24
2020-02-24 20:00:00,83.845000,83.880000,83.620000,83.805000,4,2020-02-25
2020-02-25 00:00:00,83.775000,83.875000,83.210000,83.270000,4,2020-02-25
2020-02-25 04:00:00,83.245000,83.420000,83.099998,83.330000,4,2020-02-25
2020-02-25 08:00:00,83.335000,83.505000,83.240000,83.420000,4,2020-02-25
2020-02-25 12:00:00,83.445000,83.585000,83.385000,83.405000,4,2020-02-25
2020-02-25 16:00:00,83.400000,83.475000,83.170000,83.170000,4,2020-02-25
2020-02-25 20:00:00,83.165000,83.350000,82.945000,83.320000,4,2020-02-26
2020-02-26 00:00:00,83.315000,83.345000,82.805000,82.960000,4,2020-02-26
2020-02-26 04:00:00,82.955000,83.035004,82.775000,82.845000,4,2020-02-26
2020-02-26 08:00:00,82.835000,83.095001,82.795000,82.905000,4,2020-02-26
2020-02-26 12:00:00,82.905000,83.310000,82.860000,83.205000,4,2020-02-26
2020-02-26 16:00:00,83.195000,83.225000,82.865000,82.925000,4,2020-02-26
2020-02-26 20:00:00,82.910000,83.195000,82.765000,83.050003,4,2020-02-27
2020-02-27 00:00:00,83.050003,83.395000,82.840000,82.845000,4,2020-02-27
2020-02-27 04:00:00,82.845000,82.990000,82.695000,82.935000,4,2020-02-27
2020-02-27 08:00:00,82.930000,82.970000,82.595000,82.740000,4,2020-02-27
2020-02-27 12:00:00,82.725000,82.775000,82.430000,82.455000,4,2020-02-27
2020-02-27 16:00:00,82.470000,82.670000,82.395000,82.600000,4,2020-02-27
2020-02-27 20:00:00,82.600000,82.785000,82.235000,82.290000,4,2020-02-28
2020-02-28 00:00:00,82.325000,82.525000,82.155000,82.465000,4,2020-02-28
2020-02-28 04:00:00,82.460000,82.610000,82.055000,82.065002,4,2020-02-28
2020-02-28 08:00:00,82.089996,82.115000,81.650000,81.735000,4,2020-02-28
2020-02-28 12:00:00,81.735000,81.795000,81.004997,81.025002,4,2020-02-28
2020-02-28 16:00:00,81.019997,81.180000,80.810000,80.850000,4,2020-02-28
2020-02-28 20:00:00,80.840000,80.945000,80.655000,80.815000,2,2020-02-28
2020-03-02 04:00:00,79.890000,79.895000,79.810000,79.865000,1,2020-03-02
2020-03-02 08:00:00,79.845000,80.490000,79.835000,80.295000,4,2020-03-02
2020-03-02 12:00:00,80.280000,81.235000,80.270000,81.000000,4,2020-03-02
2020-03-02 16:00:00,81.004997,81.395000,80.940000,81.074997,4,2020-03-02
2020-03-02 20:00:00,81.110000,81.165000,80.355000,80.715000,4,2020-03-03
2020-03-03 00:00:00,80.745000,81.065002,80.335000,81.010002,4,2020-03-03
2020-03-03 04:00:00,81.004997,81.385000,80.650000,81.320000,4,2020-03-03
2020-03-03 08:00:00,81.305000,81.465000,81.175000,81.230000,4,2020-03-03
2020-03-03 12:00:00,81.225000,81.225000,80.745000,80.830000,4,2020-03-03
2020-03-03 16:00:00,80.835000,80.950000,80.690000,80.865000,4,2020-03-03
2020-03-03 20:00:00,80.850000,80.940000,80.510000,80.590000,4,2020-03-04
2020-03-04 00:00:00,80.570000,80.925000,80.170000,80.365000,4,2020-03-04
2020-03-04 04:00:00,80.345000,80.440000,79.970000,80.185000,4,2020-03-04
2020-03-04 08:00:00,80.175000,80.385000,79.840000,80.355000,4,2020-03-04
2020-03-04 12:00:00,80.355000,80.545000,80.215000,80.395000,4,2020-03-04
2020-03-04 16:00:00,80.395000,80.615000,80.315000,80.450000,4,2020-03-04
2020-03-04 20:00:00,80.435000,80.655000,80.375000,80.525000,4,2020-03-05
2020-03-05 00:00:00,80.535000,80.605000,79.895000,79.950000,4,2020-03-05
2020-03-05 04:00:00,79.960000,80.305000,79.945000,80.285000,4,2020-03-05
2020-03-05 08:00:00,80.280000,80.480000,80.225000,80.260000,4,2020-03-05
2020-03-05 12:00:00,80.265000,80.290000,80.050003,80.115000,4,2020-03-05
2020-03-05 16:00:00,80.115000,80.235000,79.970000,80.014999,4,2020-03-05
2020-03-05 20:00:00,80.014999,80.014999,79.585000,79.665000,4,2020-03-06
2020-03-06 00:00:00,79.650000,79.830000,79.475000,79.520000,4,2020-03-06
2020-03-06 04:00:00,79.520000,79.520000,79.000000,79.010002,4,2020-03-06
2020-03-06 08:00:00,78.995000,79.435000,78.980000,79.375000,4,2020-03-06
2020-03-06 12:00:00,79.345000,79.375000,78.855000,78.950000,4,2020-03-06
2020-03-06 16:00:00,78.950000,79.185000,78.895000,79.004997,4,2020-03-06
2020-03-06 20:00:00,79.004997,79.074997,78.290000,78.665000,2,2020-03-06
2020-03-09 04:00:00,77.215000,77.415000,76.875000,76.920000,3,2020-03-09
2020-03-09 08:00:00,76.935000,77.044998,76.145000,76.520000,4,2020-03-09
2020-03-09 12:00:00,76.535000,76.585000,74.044998,75.350000,4,2020-03-09
2020-03-09 16:00:00,75.365000,75.460000,74.600000,75.290000,4,2020-03-09
2020-03-09 20:00:00,75.280000,75.700000,74.695000,75.059998,4,2020-03-10
2020-03-10 00:00:00,75.055000,75.845000,74.380000,75.110000,4,2020-03-10
2020-03-10 04:00:00,75.095001,75.390000,74.690000,74.715000,4,2020-03-10
2020-03-10 08:00:00,74.715000,75.825000,74.505000,75.725000,4,2020-03-10
2020-03-10 12:00:00,75.710000,76.445000,75.440000,76.400000,4,2020-03-10
2020-03-10 16:00:00,76.410000,77.165000,75.965000,76.415000,4,2020-03-10
2020-03-10 20:00:00,76.425000,77.115000,75.985000,76.300000,4,2020-03-11
2020-03-11 00:00:00,76.300000,76.520000,74.850000,75.660000,4,2020-03-11
2020-03-11 04:00:00,75.630000,77.250000,75.595000,76.980000,4,2020-03-11
2020-03-11 08:00:00,76.970000,77.035004,76.250000,76.405000,4,2020-03-11
2020-03-11 12:00:00,76.410000,76.660000,76.220000,76.245000,4,2020-03-11
2020-03-11 16:00:00,76.235000,76.940000,75.965000,76.860000,4,2020-03-11
2020-03-11 20:00:00,76.845000,76.930000,75.930000,75.995000,4,2020-03-12
2020-03-12 00:00:00,75.990000,76.560000,75.910000,76.360000,4,2020-03-12
2020-03-12 04:00:00,76.335000,76.335000,75.670000,75.885000,4,2020-03-12
2020-03-12 08:00:00,75.890000,76.110000,75.680000,75.920000,4,2020-03-12
2020-03-12 12:00:00,75.935000,76.019997,74.675000,75.485000,4,2020-03-12
2020-03-12 16:00:00,75.480000,75.555000,75.099998,75.375000,4,2020-03-12
2020-03-12 20:00:00,75.385000,75.610000,74.900000,75.170000,4,2020-03-13
2020-03-13 00:00:00,75.160000,76.490000,75.115000,76.019997,4,2020-03-13
2020-03-16 04:00:00,77.275000,77.275000,76.935000,77.070000,2,2020-03-16
2020-03-16 08:00:00,77.055000,77.900000,76.340000,77.325000,4,2020-03-16
2020-03-16 12:00:00,77.355000,77.700000,77.055000,77.055000,4,2020-03-16
2020-03-16 16:00:00,77.040001,77.250000,76.365000,76.395000,4,2020-03-16
2020-03-16 20:00:00,76.395000,76.490000,75.475000,75.525000,4,2020-03-17
2020-03-17 00:00:00,75.530000,76.420000,75.295000,75.550000,4,2020-03-17
2020-03-17 04:00:00,75.560000,76.180000,75.350000,75.555000,4,2020-03-17
2020-03-17 08:00:00,75.535000,76.220000,75.535000,76.170000,4,2020-03-17
2020-03-17 12:00:00,76.175000,76.730000,75.940000,76.265000,4,2020-03-17
2020-03-17 16:00:00,76.240000,76.465000,75.905000,76.044998,4,2020-03-17
2020-03-17 20:00:00,76.050003,76.050003,75.410000,75.765000,4,2020-03-18
2020-03-18 00:00:00,75.765000,76.105000,75.520000,75.575000,4,2020-03-18
2020-03-18 04:00:00,75.570000,75.930000,75.325000,75.830000,4,2020-03-18
2020-03-18 08:00:00,75.830000,75.890000,75.295000,75.440000,4,2020-03-18
2020-03-18 12:00:00,75.450000,75.610000,75.290000,75.590000,3,2020-03-18
2020-03-18 16:00:00,75.595000,75.625000,75.065002,75.260000,4,2020-03-18
2020-03-18 20:00:00,75.260000,75.330000,74.580000,74.770000,4,2020-03-19
2020-03-19 00:00:00,74.775000,74.955000,74.240000,74.240000,4,2020-03-19
2020-03-19 04:00:00,74.260000,75.350000,73.815000,74.470000,4,2020-03-19
2020-03-19 08:00:00,74.505000,75.150000,74.370000,74.810000,4,2020-03-19
2020-03-19 12:00:00,74.810000,74.910000,74.200000,74.605000,4,2020-03-19
2020-03-19 16:00:00,74.590000,75.375000,74.385000,75.175000,4,2020-03-19
2020-03-19 20:00:00,75.190000,75.620000,75.065002,75.570000,4,2020-03-20
2020-03-20 00:00:00,75.560000,76.270000,75.520000,76.130000,4,2020-03-20
2020-03-20 04:00:00,76.130000,76.490000,75.985000,76.285000,4,2020-03-20
2020-03-20 08:00:00,76.285000,76.870000,76.250000,76.730000,4,2020-03-20
2020-03-20 12:00:00,76.680000,76.780000,76.320000,76.500000,4,2020-03-20
2020-03-20 16:00:00,76.445000,77.585000,76.350000,77.585000,4,2020-03-20
2020-03-20 20:00:00,77.570000,77.695000,77.275000,77.435000,1,2020-03-20
2020-03-23 04:00:00,77.200000,77.265000,77.155000,77.210000,2,2020-03-23
2020-03-23 08:00:00,77.210000,77.235000,76.275000,76.510000,4,2020-03-23
2020-03-23 12:00:00,76.405000,76.620000,76.200000,76.255000,4,2020-03-23
2020-03-23 16:00:00,76.250000,76.360000,76.010002,76.260000,4,2020-03-23
2020-03-23 20:00:00,76.260000,76.825000,76.255000,76.670000,4,2020-03-24
2020-03-24 00:00:00,76.695000,76.865000,76.270000,76.655000,4,2020-03-24
2020-03-24 04:00:00,76.600000,76.895000,76.455000,76.690000,4,2020-03-24
2020-03-24 08:00:00,76.765000,76.765000,76.420000,76.440000,4,2020-03-24
2020-03-24 12:00:00,76.430000,76.720000,76.325000,76.450000,4,2020-03-24
2020-03-24 16:00:00,76.440000,76.980000,76.335000,76.800000,4,2020-03-24
2020-03-24 20:00:00,76.810000,77.035004,76.240000,76.290000,4,2020-03-25
2020-03-25 00:00:00,76.310000,77.130000,76.270000,76.875000,4,2020-03-25
2020-03-25 04:00:00,76.860000,77.065002,76.650000,76.935000,4,2020-03-25
2020-03-25 08:00:00,76.910000,77.120000,76.790000,76.790000,4,2020-03-25
2020-03-25 12:00:00,76.790000,77.370000,76.760000,77.370000,4,2020-03-25
2020-03-25 16:00:00,77.445000,77.970000,77.385000,77.840000,4,2020-03-25
2020-03-25 20:00:00,77.805000,77.855000,77.110000,77.535000,4,2020-03-26
2020-03-26 00:00:00,77.540000,77.970000,77.500000,77.930000,4,2020-03-26
2020-03-26 04:00:00,77.930000,78.490000,77.925000,78.345000,4,2020-03-26
2020-03-26 08:00:00,78.365000,78.435000,77.815000,77.885000,4,2020-03-26
2020-03-26 12:00:00,77.840000,77.895000,77.495000,77.760000,4,2020-03-26
2020-03-26 16:00:00,77.780000,77.815000,77.375000,77.490000,4,2020-03-26
2020-03-26 20:00:00,77.540000,77.870000,77.385000,77.650000,4,2020-03-27
2020-03-27 00:00:00,77.665000,78.210000,77.595000,78.000000,4,2020-03-27
2020-03-27 04:00:00,77.980000,78.190000,77.660000,78.190000,4,2020-03-27
2020-03-27 08:00:00,78.190000,78.295000,77.535000,77.535000,4,2020-03-27
2020-03-27 12:00:00,77.585000,77.585000,77.110000,77.270000,4,2020-03-27
2020-03-27 16:00:00,77.300000,77.535000,77.220000,77.375000,4,2020-03-27
2020-03-27 20:00:00,77.425000,77.470000,77.195000,77.220000,1,2020-03-27
2020-03-30 04:00:00,76.840000,76.945000,76.765000,76.800000,2,2020-03-30
2020-03-30 08:00:00,76.800000,76.865000,76.455000,76.470000,4,2020-03-30
2020-03-30 12:00:00,76.515000,76.655000,76.230000,76.615000,4,2020-03-30
2020-03-30 16:00:00,76.585000,76.985000,76.475000,76.500000,4,2020-03-30
2020-03-30 20:00:00,76.490000,76.620000,76.260000,76.470000,4,2020-03-31
2020-03-31 00:00:00,76.490000,76.490000,76.010002,76.250000,4,2020-03-31
2020-03-31 04:00:00,76.250000,76.350000,76.125000,76.165000,4,2020-03-31
2020-03-31 08:00:00,76.099998,76.530000,76.065002,76.450000,4,2020-03-31
2020-03-31 12:00:00,76.480000,76.595000,76.240000,76.240000,4,2020-03-31
2020-03-31 16:00:00,76.270000,76.540000,76.240000,76.455000,4,2020-03-31
2020-03-31 20:00:00,76.455000,76.485000,75.975000,76.145000,4,2020-04-01
2020-04-01 00:00:00,76.125000,76.330000,75.450000,75.960000,4,2020-04-01
2020-04-01 04:00:00,75.980000,76.780000,75.770000,76.525000,4,2020-04-01
2020-04-01 08:00:00,76.485000,76.520000,76.180000,76.385000,4,2020-04-01
2020-04-01 12:00:00,76.390000,76.505000,76.275000,76.385000,4,2020-04-01
2020-04-01 16:00:00,76.395000,76.420000,75.730000,75.840000,2,2020-04-01
2020-04-01 20:00:00,75.510000,75.610000,75.340000,75.395000,3,2020-04-02
2020-04-02 00:00:00,75.390000,75.830000,75.170000,75.300000,4,2020-04-02
2020-04-02 04:00:00,75.335000,75.700000,75.175000,75.510000,4,2020-04-02
2020-04-02 08:00:00,75.525000,75.825000,75.435000,75.730000,4,2020-04-02
2020-04-02 12:00:00,75.745000,75.895000,75.665000,75.845000,4,2020-04-02
2020-04-02 16:00:00,75.870000,76.165000,75.730000,75.970000,4,2020-04-02
2020-04-02 20:00:00,75.960000,76.110000,75.350000,75.375000,4,2020-04-03
2020-04-03 00:00:00,75.295000,76.580000,74.980000,76.375000,4,2020-04-03
2020-04-03 04:00:00,76.345000,76.345000,75.855000,76.280000,4,2020-04-03
2020-04-03 08:00:00,76.360000,76.615000,76.220000,76.290000,4,2020-04-03
2020-04-03 12:00:00,76.285000,76.345000,76.135000,76.205000,4,2020-04-03
2020-04-03 16:00:00,76.220000,76.555000,76.074997,76.450000,4,2020-04-03
2020-04-03 20:00:00,76.485000,76.570000,76.320000,76.475000,1,2020-04-03
2020-04-06 04:00:00,76.430000,76.460000,76.059998,76.095001,4,2020-04-06
2020-04-06 08:00:00,76.089996,76.870000,76.080002,76.670000,4,2020-04-06
2020-04-06 12:00:00,76.685000,77.145000,76.630000,77.070000,4,2020-04-06
2020-04-06 16:00:00,77.059998,77.570000,77.059998,77.435000,4,2020-04-06
2020-04-06 20:00:00,77.420000,77.435000,76.895000,77.175000,4,2020-04-07
2020-04-07 00:00:00,77.140000,77.355000,77.010002,77.315000,4,2020-04-07
2020-04-07 04:00:00,77.305000,77.475000,77.155000,77.390000,4,2020-04-07
2020-04-07 08:00:00,77.420000,77.455000,77.140000,77.285000,4,2020-04-07
2020-04-07 12:00:00,77.275000,77.485000,77.095001,77.430000,4,2020-04-07
2020-04-07 16:00:00,77.460000,77.790000,77.400000,77.790000,4,2020-04-07
2020-04-07 20:00:00,77.800000,78.190000,77.600000,78.170000,4,2020-04-08
2020-04-08 00:00:00,78.160000,78.160000,77.610000,77.955000,4,2020-04-08
2020-04-08 04:00:00,77.925000,77.950000,77.655000,77.655000,4,2020-04-08
2020-04-08 08:00:00,77.645000,77.725000,77.340000,77.435000,4,2020-04-08
2020-04-08 12:00:00,77.435000,77.690000,77.395000,77.590000,4,2020-04-08
2020-04-08 16:00:00,77.590000,77.690000,77.310000,77.665000,4,2020-04-08
2020-04-08 20:00:00,77.665000,77.840000,77.510000,77.535000,4,2020-04-09
2020-04-09 00:00:00,77.540000,77.675000,77.280000,77.325000,4,2020-04-09
2020-04-09 04:00:00,77.330000,77.710000,77.255000,77.655000,4,2020-04-09
2020-04-09 08:00:00,77.625000,77.850000,77.625000,77.700000,4,2020-04-09
2020-04-09 12:00:00,77.680000,77.750000,77.555000,77.560000,4,2020-04-09
2020-04-09 16:00:00,77.530000,77.740000,77.440000,77.485000,4,2020-04-09
2020-04-09 20:00:00,77.470000,77.940000,77.340000,77.670000,4,2020-04-10
2020-04-10 00:00:00,77.640000,77.975000,77.440000,77.565000,4,2020-04-10
2020-04-10 04:00:00,77.570000,77.700000,77.270000,77.615000,4,2020-04-10
2020-04-10 08:00:00,77.625000,77.700000,77.425000,77.555000,4,2020-04-10
2020-04-10 12:00:00,77.550000,77.725000,77.520000,77.680000,4,2020-04-10
2020-04-10 16:00:00,77.675000,77.735000,77.650000,77.735000,4,2020-04-10
2020-04-10 20:00:00,77.735000,77.735000,77.645000,77.680000,1,2020-04-10
2020-04-13 04:00:00,77.835000,77.935000,77.760000,77.835000,4,2020-04-13
2020-04-13 08:00:00,77.835000,77.835000,77.340000,77.490000,4,2020-04-13
2020-04-13 12:00:00,77.500000,77.540000,77.305000,77.350000,4,2020-04-13
2020-04-13 16:00:00,77.340000,77.440000,77.265000,77.330000,4,2020-04-13
2020-04-13 20:00:00,77.340000,77.380000,77.125000,77.135000,4,2020-04-14
2020-04-14 00:00:00,77.140000,77.540000,77.000000,77.505000,4,2020-04-14
2020-04-14 04:00:00,77.505000,77.765000,77.430000,77.475000,4,2020-04-14
2020-04-14 08:00:00,77.480000,77.645000,77.380000,77.605000,4,2020-04-14
2020-04-14 12:00:00,77.585000,77.720000,77.565000,77.610000,4,2020-04-14
2020-04-14 16:00:00,77.600000,77.680000,77.180000,77.260000,4,2020-04-14
2020-04-14 20:00:00,77.245000,77.330000,77.110000,77.290000,4,2020-04-15
2020-04-15 00:00:00,77.315000,77.380000,76.925000,76.960000,4,2020-04-15
2020-04-15 04:00:00,76.960000,77.275000,76.945000,77.165000,4,2020-04-15
2020-04-15 08:00:00,77.160000,77.235000,76.930000,77.025002,4,2020-04-15
2020-04-15 12:00:00,77.019997,77.135000,76.900000,76.940000,4,2020-04-15
2020-04-15 16:00:00,76.930000,76.960000,76.550000,76.575000,4,2020-04-15
2020-04-15 20:00:00,76.575000,76.645000,76.220000,76.555000,4,2020-04-16
2020-04-16 00:00:00,76.565000,76.625000,76.065002,76.260000,4,2020-04-16
2020-04-16 04:00:00,76.260000,76.385000,76.095001,76.140000,4,2020-04-16
2020-04-16 08:00:00,76.120000,76.395000,76.074997,76.345000,4,2020-04-16
2020-04-16 12:00:00,76.355000,76.540000,76.335000,76.430000,4,2020-04-16
2020-04-16 16:00:00,76.440000,76.500000,76.315000,76.365000,4,2020-04-16
2020-04-16 20:00:00,76.385000,76.440000,76.180000,76.180000,4,2020-04-17
2020-04-17 00:00:00,76.150000,76.355000,75.940000,76.165000,4,2020-04-17
2020-04-17 04:00:00,76.160000,77.089996,76.120000,77.089996,4,2020-04-17
2020-04-17 08:00:00,77.035004,77.055000,76.740000,76.820000,4,2020-04-17
2020-04-17 12:00:00,76.810000,76.875000,76.715000,76.790000,4,2020-04-17
2020-04-17 16:00:00,76.795000,76.825000,76.380000,76.495000,4,2020-04-17
2020-04-17 20:00:00,76.495000,76.655000,76.490000,76.640000,1,2020-04-17
2020-04-20 04:00:00,76.800000,76.800000,76.685000,76.760000,3,2020-04-20
2020-04-20 08:00:00,76.755000,76.805000,76.550000,76.630000,4,2020-04-20
2020-04-20 12:00:00,76.635000,76.670000,76.530000,76.555000,4,2020-04-20
2020-04-20 16:00:00,76.555000,76.685000,76.460000,76.460000,4,2020-04-20
2020-04-20 20:00:00,76.455000,76.685000,76.300000,76.675000,4,2020-04-21
2020-04-21 00:00:00,76.650000,76.750000,76.365000,76.525000,4,2020-04-21
2020-04-21 04:00:00,76.520000,76.530000,76.055000,76.155000,4,2020-04-21
2020-04-21 08:00:00,76.170000,76.340000,76.095001,76.135000,4,2020-04-21
2020-04-21 12:00:00,76.125000,76.150000,75.820000,75.885000,4,2020-04-21
2020-04-21 16:00:00,75.895000,75.985000,75.315000,75.385000,4,2020-04-21
2020-04-21 20:00:00,75.410000,76.040001,75.335000,75.940000,4,2020-04-22
2020-04-22 00:00:00,75.925000,76.010002,75.675000,75.860000,4,2020-04-22
2020-04-22 04:00:00,75.890000,76.105000,75.795000,75.890000,4,2020-04-22
2020-04-22 08:00:00,75.905000,75.985000,75.825000,75.890000,4,2020-04-22
2020-04-22 12:00:00,75.905000,76.029999,75.590000,75.790000,4,2020-04-22
2020-04-22 16:00:00,75.765000,76.220000,75.640000,76.215000,4,2020-04-22
2020-04-22 20:00:00,76.195000,76.420000,76.010002,76.290000,4,2020-04-23
2020-04-23 00:00:00,76.285000,76.360000,75.970000,76.025002,4,2020-04-23
2020-04-23 04:00:00,76.025002,76.140000,75.895000,76.050003,4,2020-04-23
2020-04-23 08:00:00,76.055000,76.130000,75.905000,76.040001,4,2020-04-23
2020-04-23 12:00:00,76.040001,76.300000,75.930000,76.270000,4,2020-04-23
2020-04-23 16:00:00,76.265000,76.410000,75.870000,76.070000,4,2020-04-23
2020-04-23 20:00:00,76.059998,76.775000,75.940000,76.500000,4,2020-04-24
2020-04-24 00:00:00,76.525000,76.895000,76.330000,76.380000,4,2020-04-24
2020-04-24 04:00:00,76.370000,76.645000,76.325000,76.430000,4,2020-04-24
2020-04-24 08:00:00,76.415000,76.625000,76.380000,76.435000,4,2020-04-24
2020-04-24 12:00:00,76.400000,76.585000,76.360000,76.395000,4,2020-04-24
2020-04-24 16:00:00,76.400000,76.530000,76.270000,76.470000,4,2020-04-24
2020-04-24 20:00:00,76.480000,76.620000,76.420000,76.615000,1,2020-04-24
2020-04-27 04:00:00,76.235000,76.330000,76.230000,76.300000,4,2020-04-27
2020-04-27 08:00:00,76.295000,76.430000,76.110000,76.415000,4,2020-04-27
2020-04-27 12:00:00,76.420000,76.460000,76.230000,76.265000,4,2020-04-27
2020-04-27 16:00:00,76.275000,76.345000,76.099998,76.255000,4,2020-04-27
2020-04-27 20:00:00,76.255000,76.260000,76.059998,76.145000,4,2020-04-28
2020-04-28 00:00:00,76.125000,76.440000,76.110000,76.325000,4,2020-04-28
2020-04-28 04:00:00,76.315000,76.525000,76.285000,76.450000,4,2020-04-28
2020-04-28 08:00:00,76.455000,76.510000,76.280000,76.315000,4,2020-04-28
2020-04-28 12:00:00,76.340000,76.370000,76.250000,76.265000,4,2020-04-28
2020-04-28 16:00:00,76.280000,76.510000,76.170000,76.495000,4,2020-04-28
2020-04-28 20:00:00,76.485000,76.565000,76.365000,76.435000,4,2020-04-29
2020-04-29 00:00:00,76.445000,76.500000,76.315000,76.360000,4,2020-04-29
2020-04-29 04:00:00,76.355000,76.495000,76.310000,76.330000,4,2020-04-29
2020-04-29 08:00:00,76.335000,76.435000,76.300000,76.395000,4,2020-04-29
2020-04-29 12:00:00,76.415000,76.475000,76.335000,76.470000,4,2020-04-29
2020-04-29 16:00:00,76.465000,76.485000,76.270000,76.375000,4,2020-04-29
2020-04-29 20:00:00,76.425000,76.665000,76.300000,76.535000,4,2020-04-30
2020-04-30 00:00:00,76.545000,76.735000,76.480000,76.675000,4,2020-04-30
2020-04-30 04:00:00,76.670000,76.905000,76.600000,76.805000,4,2020-04-30
2020-04-30 08:00:00,76.810000,76.955000,76.770000,76.870000,4,2020-04-30
2020-04-30 12:00:00,76.895000,76.945000,76.775000,76.800000,4,2020-04-30
2020-04-30 16:00:00,76.785000,76.935000,76.655000,76.930000,4,2020-04-30
2020-04-30 20:00:00,76.920000,76.980000,76.605000,76.730000,4,2020-05-01
2020-05-01 00:00:00,76.700000,77.205000,76.575000,76.685000,4,2020-05-01
2020-05-01 04:00:00,76.680000,77.265000,76.655000,76.880000,4,2020-05-01
2020-05-01 08:00:00,76.780000,76.975000,76.560000,76.600000,4,2020-05-01
2020-05-01 12:00:00,76.580000,76.610000,76.335000,76.355000,4,2020-05-01
2020-05-01 16:00:00,76.370000,76.435000,76.070000,76.095001,4,2020-05-01
2020-05-01 20:00:00,76.105000,76.215000,76.095001,76.125000,1,2020-05-01
2020-05-04 04:00:00,75.940000,76.010002,75.835000,75.870000,4,2020-05-04
2020-05-04 08:00:00,75.790000,75.840000,75.410000,75.595000,4,2020-05-04
2020-05-04 12:00:00,75.575000,75.690000,75.520000,75.540000,4,2020-05-04
2020-05-04 16:00:00,75.550000,75.740000,75.490000,75.680000,4,2020-05-04
2020-05-04 20:00:00,75.695000,76.050003,75.660000,75.880000,4,2020-05-05
2020-05-05 00:00:00,75.885000,76.010002,75.780000,75.815000,4,2020-05-05
2020-05-05 04:00:00,75.810000,75.860000,75.680000,75.800000,4,2020-05-05
2020-05-05 08:00:00,75.785000,75.825000,75.670000,75.790000,4,2020-05-05
2020-05-05 12:00:00,75.810000,75.935000,75.770000,75.915000,4,2020-05-05
2020-05-05 16:00:00,75.925000,76.065002,75.760000,75.985000,4,2020-05-05
2020-05-05 20:00:00,75.985000,76.130000,75.880000,75.945000,4,2020-05-06
2020-05-06 00:00:00,75.945000,76.025002,75.805000,75.930000,4,2020-05-06
2020-05-06 04:00:00,75.955000,75.980000,75.765000,75.855000,4,2020-05-06
2020-05-06 08:00:00,75.855000,75.930000,75.490000,75.635000,4,2020-05-06
2020-05-06 12:00:00,75.625000,75.790000,75.595000,75.750000,4,2020-05-06
2020-05-06 16:00:00,75.755000,75.860000,75.540000,75.555000,4,2020-05-06
2020-05-06 20:00:00,75.580000,75.700000,75.099998,75.099998,4,2020-05-07
2020-05-07 00:00:00,75.115000,75.240000,74.925000,75.130000,4,2020-05-07
2020-05-07 04:00:00,75.125000,75.175000,74.945000,74.970000,4,2020-05-07
2020-05-07 08:00:00,74.985000,75.205000,74.795000,75.170000,4,2020-05-07
2020-05-07 12:00:00,75.180000,75.325000,75.105000,75.315000,4,2020-05-07
2020-05-07 16:00:00,75.295000,75.695000,75.220000,75.640000,4,2020-05-07
2020-05-07 20:00:00,75.640000,75.890000,75.580000,75.835000,4,2020-05-08
2020-05-08 00:00:00,75.805000,76.220000,75.790000,76.010002,4,2020-05-08
2020-05-08 04:00:00,76.010002,76.095001,75.895000,76.014999,4,2020-05-08
2020-05-08 08:00:00,76.000000,76.365000,76.000000,76.315000,4,2020-05-08
2020-05-08 12:00:00,76.320000,76.375000,76.265000,76.335000,4,2020-05-08
2020-05-08 16:00:00,76.335000,76.405000,76.155000,76.290000,4,2020-05-08
2020-05-08 20:00:00,76.275000,76.290000,76.220000,76.250000,1,2020-05-08
2020-05-11 04:00:00,76.580000,76.580000,76.440000,76.510000,4,2020-05-11
2020-05-11 08:00:00,76.520000,76.860000,76.505000,76.815000,4,2020-05-11
2020-05-11 12:00:00,76.820000,76.925000,76.755000,76.810000,4,2020-05-11
2020-05-11 16:00:00,76.805000,77.065002,76.725000,76.725000,4,2020-05-11
2020-05-11 20:00:00,76.705000,76.890000,76.565000,76.815000,4,2020-05-12
2020-05-12 00:00:00,76.795000,76.915000,76.625000,76.830000,4,2020-05-12
2020-05-12 04:00:00,76.825000,76.895000,76.750000,76.760000,4,2020-05-12
2020-05-12 08:00:00,76.825000,76.875000,76.430000,76.510000,4,2020-05-12
2020-05-12 12:00:00,76.510000,76.615000,76.395000,76.565000,4,2020-05-12
2020-05-12 16:00:00,76.565000,76.775000,76.510000,76.745000,4,2020-05-12
2020-05-12 20:00:00,76.745000,76.870000,76.580000,76.650000,4,2020-05-13
2020-05-13 00:00:00,76.645000,76.720000,76.385000,76.435000,4,2020-05-13
2020-05-13 04:00:00,76.445000,76.480000,76.084999,76.160000,4,2020-05-13
2020-05-13 08:00:00,76.150000,76.275000,76.055000,76.250000,4,2020-05-13
2020-05-13 12:00:00,76.255000,76.335000,76.200000,76.205000,4,2020-05-13
2020-05-13 16:00:00,76.215000,76.330000,76.035004,76.300000,4,2020-05-13
2020-05-13 20:00:00,76.305000,76.365000,76.074997,76.150000,4,2020-05-14
2020-05-14 00:00:00,76.165000,76.380000,75.830000,75.925000,4,2020-05-14
2020-05-14 04:00:00,75.930000,75.990000,75.800000,75.965000,4,2020-05-14
2020-05-14 08:00:00,75.925000,75.975000,75.755000,75.760000,4,2020-05-14
2020-05-14 12:00:00,75.765000,75.885000,75.735000,75.735000,4,2020-05-14
2020-05-14 16:00:00,75.730000,75.960000,75.660000,75.960000,4,2020-05-14
2020-05-14 20:00:00,75.945000,75.990000,75.620000,75.685000,4,2020-05-15
2020-05-15 00:00:00,75.680000,76.260000,75.580000,76.165000,4,2020-05-15
2020-05-15 04:00:00,76.170000,76.495000,76.125000,76.375000,4,2020-05-15
2020-05-15 08:00:00,76.355000,76.540000,76.305000,76.390000,4,2020-05-15
2020-05-15 12:00:00,76.395000,76.425000,76.285000,76.345000,4,2020-05-15
2020-05-15 16:00:00,76.340000,76.420000,76.084999,76.110000,4,2020-05-15
2020-05-15 20:00:00,76.120000,76.195000,76.010002,76.010002,1,2020-05-15
2020-05-18 04:00:00,75.905000,76.004997,75.885000,75.925000,4,2020-05-18
2020-05-18 08:00:00,75.930000,76.130000,75.915000,76.074997,4,2020-05-18
2020-05-18 12:00:00,76.074997,76.155000,76.044998,76.065002,4,2020-05-18
2020-05-18 16:00:00,76.070000,76.280000,76.070000,76.225000,4,2020-05-18
2020-05-18 20:00:00,76.230000,76.740000,76.220000,76.705000,4,2020-05-19
2020-05-19 00:00:00,76.725000,76.900000,76.620000,76.875000,4,2020-05-19
2020-05-19 04:00:00,76.900000,77.029999,76.880000,76.965000,4,2020-05-19
2020-05-19 08:00:00,76.965000,77.165000,76.965000,77.029999,4,2020-05-19
2020-05-19 12:00:00,77.029999,77.044998,76.845000,76.975000,4,2020-05-19
2020-05-19 16:00:00,76.965000,77.300000,76.950000,77.195000,4,2020-05-19
2020-05-19 20:00:00,77.180000,77.720000,77.120000,77.720000,4,2020-05-20
2020-05-20 00:00:00,77.670000,77.830000,77.580000,77.645000,4,2020-05-20
2020-05-20 04:00:00,77.645000,77.725000,77.210000,77.225000,4,2020-05-20
2020-05-20 08:00:00,77.205000,77.570000,77.165000,77.455000,4,2020-05-20
2020-05-20 12:00:00,77.440000,77.455000,77.295000,77.370000,4,2020-05-20
2020-05-20 16:00:00,77.400000,77.435000,77.155000,77.425000,4,2020-05-20
2020-05-20 20:00:00,77.415000,77.550000,77.330000,77.495000,4,2020-05-21
2020-05-21 00:00:00,77.480000,77.495000,77.215000,77.310000,4,2020-05-21
2020-05-21 04:00:00,77.310000,77.460000,77.290000,77.360000,4,2020-05-21
2020-05-21 08:00:00,77.355000,77.430000,77.255000,77.265000,4,2020-05-21
2020-05-21 12:00:00,77.260000,77.295000,77.205000,77.250000,4,2020-05-21
2020-05-21 16:00:00,77.230000,77.510000,77.225000,77.425000,4,2020-05-21
2020-05-21 20:00:00,77.400000,77.530000,77.325000,77.480000,4,2020-05-22
2020-05-22 00:00:00,77.460000,77.505000,77.084999,77.205000,4,2020-05-22
2020-05-22 04:00:00,77.175000,77.275000,77.080002,77.160000,4,2020-05-22
2020-05-22 08:00:00,77.140000,77.275000,77.019997,77.065002,4,2020-05-22
2020-05-22 12:00:00,77.065002,77.065002,76.645000,76.730000,4,2020-05-22
2020-05-22 16:00:00,76.745000,76.765000,76.535000,76.660000,4,2020-05-22
2020-05-22 20:00:00,76.645000,76.775000,76.645000,76.705000,1,2020-05-22
2020-05-25 04:00:00,76.865000,76.925000,76.825000,76.860000,4,2020-05-25
2020-05-25 08:00:00,76.890000,77.080002,76.830000,76.920000,4,2020-05-25
2020-05-25 12:00:00,76.930000,77.019997,76.905000,76.985000,4,2020-05-25
2020-05-25 16:00:00,76.990000,77.110000,76.925000,77.084999,4,2020-05-25
2020-05-25 20:00:00,77.099998,77.105000,76.955000,76.980000,4,2020-05-26
2020-05-26 00:00:00,76.990000,77.115000,76.955000,77.035004,4,2020-05-26
2020-05-26 04:00:00,77.029999,77.095001,76.980000,77.055000,4,2020-05-26
2020-05-26 08:00:00,77.059998,77.365000,77.019997,77.280000,4,2020-05-26
2020-05-26 12:00:00,77.305000,77.420000,77.225000,77.415000,4,2020-05-26
2020-05-26 16:00:00,77.390000,77.655000,77.380000,77.530000,4,2020-05-26
2020-05-26 20:00:00,77.530000,77.910000,77.475000,77.825000,4,2020-05-27
2020-05-27 00:00:00,77.810000,78.120000,77.755000,78.044998,4,2020-05-27
2020-05-27 04:00:00,78.035004,78.190000,77.900000,77.990000,4,2020-05-27
2020-05-27 08:00:00,78.014999,78.110000,77.795000,77.980000,4,2020-05-27
2020-05-27 12:00:00,77.975000,78.095001,77.880000,77.990000,4,2020-05-27
2020-05-27 16:00:00,77.985000,78.405000,77.960000,78.405000,4,2020-05-27
2020-05-27 20:00:00,78.390000,78.535000,78.014999,78.070000,4,2020-05-28
2020-05-28 00:00:00,78.065002,78.235000,77.930000,78.135000,4,2020-05-28
2020-05-28 04:00:00,78.130000,78.380000,78.125000,78.315000,4,2020-05-28
2020-05-28 08:00:00,78.290000,78.505000,78.280000,78.455000,4,2020-05-28
2020-05-28 12:00:00,78.455000,78.495000,78.205000,78.350000,4,2020-05-28
2020-05-28 16:00:00,78.350000,78.490000,78.175000,78.240000,4,2020-05-28
2020-05-28 20:00:00,78.235000,78.390000,78.155000,78.250000,4,2020-05-29
2020-05-29 00:00:00,78.235000,78.335000,78.130000,78.195000,4,2020-05-29
2020-05-29 04:00:00,78.215000,78.255000,78.050003,78.145000,4,2020-05-29
2020-05-29 08:00:00,78.145000,78.225000,77.895000,77.990000,4,2020-05-29
2020-05-29 12:00:00,77.985000,78.025002,77.810000,77.855000,4,2020-05-29
2020-05-29 16:00:00,77.835000,77.980000,77.765000,77.955000,4,2020-05-29
2020-05-29 20:00:00,77.960000,78.029999,77.940000,77.985000,1,2020-05-29
2020-06-01 04:00:00,78.270000,78.295000,78.095001,78.220000,4,2020-06-01
2020-06-01 08:00:00,78.180000,78.560000,78.044998,78.510000,4,2020-06-01
2020-06-01 12:00:00,78.505000,78.590000,78.300000,78.415000,4,2020-06-01
2020-06-01 16:00:00,78.390000,78.640000,78.230000,78.405000,4,2020-06-01
2020-06-01 20:00:00,78.395000,78.650000,78.375000,78.635000,4,2020-06-02
2020-06-02 00:00:00,78.615000,79.205000,78.605000,79.145000,4,2020-06-02
2020-06-02 04:00:00,79.180000,79.365000,79.150000,79.335000,4,2020-06-02
2020-06-02 08:00:00,79.340000,79.425000,79.165000,79.375000,4,2020-06-02
2020-06-02 12:00:00,79.375000,79.625000,79.325000,79.580000,4,2020-06-02
2020-06-02 16:00:00,79.570000,79.855000,79.530000,79.775000,4,2020-06-02
2020-06-02 20:00:00,79.765000,80.215000,79.660000,80.074997,4,2020-06-03
2020-06-03 00:00:00,80.110000,80.530000,80.110000,80.495000,4,2020-06-03
2020-06-03 04:00:00,80.510000,80.550000,80.315000,80.365000,4,2020-06-03
2020-06-03 08:00:00,80.360000,80.620000,80.295000,80.305000,4,2020-06-03
2020-06-03 12:00:00,80.320000,80.490000,80.235000,80.430000,4,2020-06-03
2020-06-03 16:00:00,80.430000,80.590000,80.320000,80.525000,4,2020-06-03
2020-06-03 20:00:00,80.535000,80.535000,79.965000,80.345000,4,2020-06-04
2020-06-04 00:00:00,80.340000,80.805000,80.265000,80.705000,4,2020-06-04
2020-06-04 04:00:00,80.710000,80.795000,80.655000,80.710000,4,2020-06-04
2020-06-04 08:00:00,80.710000,80.825000,80.510000,80.595000,4,2020-06-04
2020-06-04 12:00:00,80.595000,80.815000,80.515000,80.730000,4,2020-06-04
2020-06-04 16:00:00,80.715000,80.895000,80.585000,80.630000,4,2020-06-04
2020-06-04 20:00:00,80.640000,80.860000,80.240000,80.400000,4,2020-06-05
2020-06-05 00:00:00,80.405000,80.915000,80.375000,80.845000,4,2020-06-05
2020-06-05 04:00:00,80.865000,80.965000,80.685000,80.830000,4,2020-06-05
2020-06-05 08:00:00,80.840000,80.950000,80.710000,80.805000,4,2020-06-05
2020-06-05 12:00:00,80.775000,81.130000,80.760000,81.084999,4,2020-06-05
2020-06-05 16:00:00,81.095001,81.295000,80.945000,81.014999,4,2020-06-05
2020-06-05 20:00:00,81.014999,81.059998,80.900000,81.044998,1,2020-06-05
2020-06-08 04:00:00,81.625000,81.795000,81.595000,81.730000,4,2020-06-08
2020-06-08 08:00:00,81.725000,81.875000,81.450000,81.515000,4,2020-06-08
2020-06-08 12:00:00,81.525000,81.615000,81.460000,81.600000,4,2020-06-08
2020-06-08 16:00:00,81.605000,81.750000,81.480000,81.665000,4,2020-06-08
2020-06-08 20:00:00,81.665000,81.680000,81.355000,81.415000,4,2020-06-09
2020-06-09 00:00:00,81.415000,81.470000,80.835000,81.029999,4,2020-06-09
2020-06-09 04:00:00,81.029999,81.175000,80.955000,81.019997,4,2020-06-09
2020-06-09 08:00:00,80.995000,81.140000,80.595000,80.865000,4,2020-06-09
2020-06-09 12:00:00,80.885000,80.885000,80.555000,80.685000,4,2020-06-09
2020-06-09 16:00:00,80.690000,80.740000,79.955000,80.070000,4,2020-06-09
2020-06-09 20:00:00,80.044998,80.565000,80.004997,80.170000,4,2020-06-10
2020-06-10 00:00:00,80.160000,80.500000,80.110000,80.415000,4,2020-06-10
2020-06-10 04:00:00,80.420000,80.460000,80.260000,80.285000,4,2020-06-10
2020-06-10 08:00:00,80.295000,80.430000,80.265000,80.375000,4,2020-06-10
2020-06-10 12:00:00,80.400000,80.425000,80.270000,80.325000,4,2020-06-10
2020-06-10 16:00:00,80.345000,80.410000,80.025002,80.115000,4,2020-06-10
2020-06-10 20:00:00,80.130000,80.315000,79.945000,79.960000,4,2020-06-11
2020-06-11 00:00:00,79.965000,80.240000,79.785000,80.240000,4,2020-06-11
2020-06-11 04:00:00,80.205000,80.425000,79.845000,79.920000,4,2020-06-11
2020-06-11 08:00:00,79.920000,79.955000,79.660000,79.715000,4,2020-06-11
2020-06-11 12:00:00,79.725000,79.780000,79.350000,79.505000,4,2020-06-11
2020-06-11 16:00:00,79.515000,79.535000,79.225000,79.460000,4,2020-06-11
2020-06-11 20:00:00,79.455000,79.500000,79.105000,79.205000,4,2020-06-12
2020-06-12 00:00:00,79.195000,79.210000,78.530000,78.640000,4,2020-06-12
2020-06-12 04:00:00,78.615000,78.665000,78.365000,78.425000,4,2020-06-12
2020-06-12 08:00:00,78.415000,78.435000,78.035004,78.330000,4,2020-06-12
2020-06-12 12:00:00,78.315000,78.905000,78.275000,78.865000,4,2020-06-12
2020-06-12 16:00:00,78.860000,79.460000,78.585000,79.460000,4,2020-06-12
2020-06-12 20:00:00,79.440000,79.495000,79.125000,79.225000,1,2020-06-12
2020-06-15 04:00:00,79.025002,79.055000,78.790000,78.910000,4,2020-06-15
2020-06-15 08:00:00,78.880000,78.940000,78.565000,78.755000,4,2020-06-15
2020-06-15 12:00:00,78.760000,78.825000,78.375000,78.385000,4,2020-06-15
2020-06-15 16:00:00,78.385000,78.700000,78.335000,78.675000,4,2020-06-15
2020-06-15 20:00:00,78.665000,78.915000,78.490000,78.845000,4,2020-06-16
2020-06-16 00:00:00,78.835000,79.070000,78.735000,79.004997,4,2020-06-16
2020-06-16 04:00:00,79.014999,79.250000,79.014999,79.145000,4,2020-06-16
2020-06-16 08:00:00,79.145000,79.455000,79.145000,79.265000,4,2020-06-16
2020-06-16 12:00:00,79.265000,79.655000,79.220000,79.445000,4,2020-06-16
2020-06-16 16:00:00,79.430000,79.485000,78.915000,79.160000,4,2020-06-16
2020-06-16 20:00:00,79.165000,79.525000,79.070000,79.450000,4,2020-06-17
2020-06-17 00:00:00,79.440000,79.575000,78.790000,79.080002,4,2020-06-17
2020-06-17 04:00:00,79.065002,79.290000,78.975000,79.245000,4,2020-06-17
2020-06-17 08:00:00,79.250000,79.390000,79.019997,79.160000,4,2020-06-17
2020-06-17 12:00:00,79.135000,79.250000,78.990000,79.200000,4,2020-06-17
2020-06-17 16:00:00,79.200000,79.515000,79.200000,79.240000,4,2020-06-17
2020-06-17 20:00:00,79.250000,79.450000,79.074997,79.110000,4,2020-06-18
2020-06-18 00:00:00,79.099998,79.195000,78.835000,79.125000,4,2020-06-18
2020-06-18 04:00:00,79.130000,79.160000,78.775000,78.895000,4,2020-06-18
2020-06-18 08:00:00,78.870000,78.975000,78.440000,78.565000,4,2020-06-18
2020-06-18 12:00:00,78.580000,78.855000,78.475000,78.785000,4,2020-06-18
2020-06-18 16:00:00,78.810000,79.155000,78.705000,79.044998,4,2020-06-18
2020-06-18 20:00:00,79.044998,79.125000,78.535000,78.585000,4,2020-06-19
2020-06-19 00:00:00,78.570000,78.750000,78.480000,78.585000,4,2020-06-19
2020-06-19 04:00:00,78.600000,78.725000,78.495000,78.625000,4,2020-06-19
2020-06-19 08:00:00,78.625000,78.795000,78.525000,78.580000,4,2020-06-19
2020-06-19 12:00:00,78.590000,78.680000,78.530000,78.600000,4,2020-06-19
2020-06-19 16:00:00,78.595000,78.835000,78.595000,78.725000,4,2020-06-19
2020-06-19 20:00:00,78.730000,78.805000,78.600000,78.675000,1,2020-06-19
2020-06-22 04:00:00,78.650000,78.680000,78.420000,78.450000,4,2020-06-22
2020-06-22 08:00:00,78.465000,78.640000,78.385000,78.560000,4,2020-06-22
2020-06-22 12:00:00,78.555000,78.725000,78.555000,78.600000,4,2020-06-22
2020-06-22 16:00:00,78.590000,78.880000,78.545000,78.790000,4,2020-06-22
2020-06-22 20:00:00,78.780000,78.905000,78.650000,78.865000,4,2020-06-23
2020-06-23 00:00:00,78.865000,79.055000,78.795000,79.050003,4,2020-06-23
2020-06-23 04:00:00,79.035004,79.099998,78.985000,79.059998,4,2020-06-23
2020-06-23 08:00:00,79.059998,79.205000,78.665000,79.025002,4,2020-06-23
2020-06-23 12:00:00,79.074997,79.315000,79.004997,79.040001,4,2020-06-23
2020-06-23 16:00:00,79.029999,79.295000,78.970000,79.185000,4,2020-06-23
2020-06-23 20:00:00,79.170000,79.345000,78.605000,78.675000,4,2020-06-24
2020-06-24 00:00:00,78.675000,78.865000,78.500000,78.710000,4,2020-06-24
2020-06-24 04:00:00,78.700000,78.735000,78.560000,78.600000,4,2020-06-24
2020-06-24 08:00:00,78.615000,78.775000,78.540000,78.630000,4,2020-06-24
2020-06-24 12:00:00,78.635000,78.720000,78.515000,78.630000,4,2020-06-24
2020-06-24 16:00:00,78.615000,78.730000,78.390000,78.515000,4,2020-06-24
2020-06-24 20:00:00,78.520000,78.755000,78.400000,78.670000,4,2020-06-25
2020-06-25 00:00:00,78.675000,78.860000,78.470000,78.580000,4,2020-06-25
2020-06-25 04:00:00,78.595000,78.630000,78.435000,78.495000,4,2020-06-25
2020-06-25 08:00:00,78.485000,78.635000,78.420000,78.495000,4,2020-06-25
2020-06-25 12:00:00,78.510000,78.655000,78.450000,78.535000,4,2020-06-25
2020-06-25 16:00:00,78.550000,78.795000,78.345000,78.725000,4,2020-06-25
2020-06-25 20:00:00,78.750000,78.785000,78.575000,78.595000,4,2020-06-26
2020-06-26 00:00:00,78.610000,78.660000,78.430000,78.550000,4,2020-06-26
2020-06-26 04:00:00,78.555000,78.670000,78.505000,78.595000,4,2020-06-26
2020-06-26 08:00:00,78.585000,78.655000,78.465000,78.615000,4,2020-06-26
2020-06-26 12:00:00,78.615000,78.645000,78.485000,78.505000,4,2020-06-26
2020-06-26 16:00:00,78.510000,78.550000,78.280000,78.305000,4,2020-06-26
2020-06-26 20:00:00,78.305000,78.380000,78.280000,78.355000,1,2020-06-26
2020-06-29 04:00:00,78.315000,78.365000,78.260000,78.270000,4,2020-06-29
2020-06-29 08:00:00,78.280000,78.645000,78.230000,78.530000,4,2020-06-29
2020-06-29 12:00:00,78.545000,78.570000,78.315000,78.395000,4,2020-06-29
2020-06-29 16:00:00,78.395000,78.545000,78.370000,78.500000,4,2020-06-29
2020-06-29 20:00:00,78.515000,78.640000,78.420000,78.535000,4,2020-06-30
2020-06-30 00:00:00,78.545000,78.870000,78.525000,78.735000,4,2020-06-30
2020-06-30 04:00:00,78.715000,78.785000,78.635000,78.735000,4,2020-06-30
2020-06-30 08:00:00,78.735000,78.880000,78.720000,78.855000,4,2020-06-30
2020-06-30 12:00:00,78.825000,78.905000,78.745000,78.745000,4,2020-06-30
2020-06-30 16:00:00,78.745000,78.820000,78.635000,78.700000,4,2020-06-30
2020-06-30 20:00:00,78.700000,78.825000,78.615000,78.760000,4,2020-07-01
2020-07-01 00:00:00,78.775000,79.315000,78.750000,79.310000,4,2020-07-01
2020-07-01 04:00:00,79.310000,79.585000,79.260000,79.550000,4,2020-07-01
2020-07-01 08:00:00,79.495000,79.720000,79.450000,79.490000,4,2020-07-01
2020-07-01 12:00:00,79.485000,79.500000,79.185000,79.250000,4,2020-07-01
2020-07-01 16:00:00,79.230000,79.430000,79.215000,79.230000,4,2020-07-01
2020-07-01 20:00:00,79.225000,79.310000,79.004997,79.205000,4,2020-07-02
2020-07-02 00:00:00,79.230000,79.300000,79.014999,79.089996,4,2020-07-02
2020-07-02 04:00:00,79.099998,79.180000,79.000000,79.110000,4,2020-07-02
2020-07-02 08:00:00,79.115000,79.130000,78.935000,79.014999,4,2020-07-02
2020-07-02 12:00:00,79.014999,79.135000,78.930000,78.960000,4,2020-07-02
2020-07-02 16:00:00,78.960000,79.180000,78.945000,79.059998,4,2020-07-02
2020-07-02 20:00:00,79.074997,79.345000,78.975000,79.275000,4,2020-07-03
2020-07-03 00:00:00,79.275000,79.275000,78.965000,79.155000,4,2020-07-03
2020-07-03 04:00:00,79.160000,79.295000,79.115000,79.270000,4,2020-07-03
2020-07-03 08:00:00,79.260000,79.325000,79.175000,79.295000,4,2020-07-03
2020-07-03 12:00:00,79.265000,79.325000,79.235000,79.255000,4,2020-07-03
2020-07-03 16:00:00,79.250000,79.350000,79.165000,79.200000,4,2020-07-03
2020-07-03 20:00:00,79.185000,79.275000,79.155000,79.275000,1,2020-07-03
2020-07-06 04:00:00,79.370000,79.405000,79.225000,79.305000,4,2020-07-06
2020-07-06 08:00:00,79.300000,79.570000,79.300000,79.510000,4,2020-07-06
2020-07-06 12:00:00,79.535000,79.635000,79.470000,79.615000,4,2020-07-06
2020-07-06 16:00:00,79.605000,79.655000,79.355000,79.360000,4,2020-07-06
2020-07-06 20:00:00,79.365000,79.465000,79.305000,79.445000,4,2020-07-07
2020-07-07 00:00:00,79.490000,79.490000,79.300000,79.320000,4,2020-07-07
2020-07-07 04:00:00,79.345000,79.360000,79.195000,79.320000,4,2020-07-07
2020-07-07 08:00:00,79.310000,79.365000,79.205000,79.255000,4,2020-07-07
2020-07-07 12:00:00,79.240000,79.340000,79.210000,79.325000,4,2020-07-07
2020-07-07 16:00:00,79.315000,79.445000,79.175000,79.365000,4,2020-07-07
2020-07-07 20:00:00,79.370000,79.435000,79.255000,79.290000,4,2020-07-08
2020-07-08 00:00:00,79.300000,79.315000,79.105000,79.175000,4,2020-07-08
2020-07-08 04:00:00,79.175000,79.195000,79.010002,79.044998,4,2020-07-08
2020-07-08 08:00:00,79.040001,79.215000,79.025002,79.105000,4,2020-07-08
2020-07-08 12:00:00,79.110000,79.185000,79.014999,79.070000,4,2020-07-08
2020-07-08 16:00:00,79.070000,79.125000,78.945000,79.074997,4,2020-07-08
2020-07-08 20:00:00,79.080002,79.385000,79.044998,79.335000,4,2020-07-09
2020-07-09 00:00:00,79.340000,79.455000,79.285000,79.405000,4,2020-07-09
2020-07-09 04:00:00,79.390000,79.485000,79.330000,79.345000,4,2020-07-09
2020-07-09 08:00:00,79.365000,79.455000,79.325000,79.415000,4,2020-07-09
2020-07-09 12:00:00,79.405000,79.475000,79.375000,79.425000,4,2020-07-09
2020-07-09 16:00:00,79.425000,79.540000,79.345000,79.505000,4,2020-07-09
2020-07-09 20:00:00,79.510000,79.560000,79.285000,79.285000,4,2020-07-10
2020-07-10 00:00:00,79.295000,79.315000,78.965000,78.985000,4,2020-07-10
2020-07-10 04:00:00,78.990000,79.025002,78.845000,78.975000,4,2020-07-10
2020-07-10 08:00:00,78.950000,78.990000,78.720000,78.770000,4,2020-07-10
2020-07-10 12:00:00,78.775000,78.795000,78.485000,78.510000,4,2020-07-10
2020-07-10 16:00:00,78.515000,78.535000,78.390000,78.515000,4,2020-07-10
2020-07-10 20:00:00,78.515000,78.530000,78.460000,78.530000,1,2020-07-10
2020-07-13 04:00:00,78.730000,78.740000,78.645000,78.690000,3,2020-07-13
2020-07-13 08:00:00,78.700000,78.725000,78.595000,78.695000,4,2020-07-13
2020-07-13 12:00:00,78.690000,78.865000,78.660000,78.825000,4,2020-07-13
2020-07-13 16:00:00,78.830000,78.960000,78.780000,78.960000,4,2020-07-13
2020-07-13 20:00:00,78.950000,79.240000,78.845000,79.165000,4,2020-07-14
2020-07-14 00:00:00,79.170000,79.215000,78.935000,79.040001,4,2020-07-14
2020-07-14 04:00:00,79.055000,79.055000,78.790000,78.830000,4,2020-07-14
2020-07-14 08:00:00,78.910000,78.910000,78.690000,78.755000,4,2020-07-14
2020-07-14 12:00:00,78.735000,78.815000,78.650000,78.710000,4,2020-07-14
2020-07-14 16:00:00,78.715000,78.875000,78.605000,78.765000,4,2020-07-14
2020-07-14 20:00:00,78.745000,78.920000,78.725000,78.885000,4,2020-07-15
2020-07-15 00:00:00,78.870000,78.895000,78.665000,78.710000,4,2020-07-15
2020-07-15 04:00:00,78.725000,78.835000,78.675000,78.800000,4,2020-07-15
2020-07-15 08:00:00,78.855000,78.975000,78.815000,78.905000,4,2020-07-15
2020-07-15 12:00:00,78.895000,78.925000,78.825000,78.885000,4,2020-07-15
2020-07-15 16:00:00,78.885000,78.925000,78.690000,78.710000,4,2020-07-15
2020-07-15 20:00:00,78.710000,78.855000,78.620000,78.635000,4,2020-07-16
2020-07-16 00:00:00,78.635000,79.205000,78.555000,79.115000,4,2020-07-16
2020-07-16 04:00:00,79.120000,79.210000,79.105000,79.155000,4,2020-07-16
2020-07-16 08:00:00,79.155000,79.255000,79.065002,79.205000,4,2020-07-16
2020-07-16 12:00:00,79.225000,79.245000,79.125000,79.185000,4,2020-07-16
2020-07-16 16:00:00,79.190000,79.200000,79.095001,79.175000,4,2020-07-16
2020-07-16 20:00:00,79.185000,79.270000,79.084999,79.235000,4,2020-07-17
2020-07-17 00:00:00,79.230000,79.305000,79.059998,79.125000,4,2020-07-17
2020-07-17 04:00:00,79.115000,79.205000,78.995000,79.035004,4,2020-07-17
2020-07-17 08:00:00,79.025002,79.135000,78.960000,79.025002,4,2020-07-17
2020-07-17 12:00:00,79.019997,79.055000,78.875000,78.910000,4,2020-07-17
2020-07-17 16:00:00,78.915000,78.985000,78.840000,78.865000,4,2020-07-17
2020-07-17 20:00:00,78.870000,78.945000,78.855000,78.930000,1,2020-07-17
2020-07-20 04:00:00,78.890000,78.930000,78.820000,78.825000,3,2020-07-20
2020-07-20 08:00:00,78.800000,79.125000,78.770000,78.945000,4,2020-07-20
2020-07-20 12:00:00,78.935000,79.050003,78.935000,78.995000,4,2020-07-20
2020-07-20 16:00:00,79.004997,79.040001,78.885000,79.014999,4,2020-07-20
2020-07-20 20:00:00,79.014999,79.089996,78.915000,79.000000,4,2020-07-21
2020-07-21 00:00:00,79.000000,79.355000,78.965000,79.305000,4,2020-07-21
2020-07-21 04:00:00,79.315000,79.335000,79.185000,79.235000,4,2020-07-21
2020-07-21 08:00:00,79.240000,79.365000,79.225000,79.285000,4,2020-07-21
2020-07-21 12:00:00,79.300000,79.495000,79.265000,79.475000,4,2020-07-21
2020-07-21 16:00:00,79.485000,79.555000,79.410000,79.520000,4,2020-07-21
2020-07-21 20:00:00,79.515000,79.745000,79.495000,79.555000,4,2020-07-22
2020-07-22 00:00:00,79.565000,79.610000,79.370000,79.485000,4,2020-07-22
2020-07-22 04:00:00,79.485000,79.500000,79.315000,79.350000,4,2020-07-22
2020-07-22 08:00:00,79.370000,79.510000,79.355000,79.385000,4,2020-07-22
2020-07-22 12:00:00,79.405000,79.510000,79.360000,79.460000,4,2020-07-22
2020-07-22 16:00:00,79.465000,79.540000,79.345000,79.540000,4,2020-07-22
2020-07-22 20:00:00,79.545000,79.775000,79.475000,79.765000,4,2020-07-23
2020-07-23 00:00:00,79.760000,79.995000,79.695000,79.930000,4,2020-07-23
2020-07-23 04:00:00,79.935000,79.980000,79.845000,79.860000,4,2020-07-23
2020-07-23 08:00:00,79.890000,79.955000,79.865000,79.910000,4,2020-07-23
2020-07-23 12:00:00,79.915000,80.019997,79.865000,79.990000,4,2020-07-23
2020-07-23 16:00:00,79.980000,80.150000,79.955000,80.110000,4,2020-07-23
2020-07-23 20:00:00,80.115000,80.165000,79.805000,79.950000,4,2020-07-24
2020-07-24 00:00:00,79.945000,80.029999,79.780000,79.805000,4,2020-07-24
2020-07-24 04:00:00,79.820000,79.820000,79.610000,79.685000,4,2020-07-24
2020-07-24 08:00:00,79.680000,79.755000,79.505000,79.535000,4,2020-07-24
2020-07-24 12:00:00,79.545000,79.575000,79.255000,79.295000,4,2020-07-24
2020-07-24 16:00:00,79.290000,79.375000,79.004997,79.225000,4,2020-07-24
2020-07-24 20:00:00,79.230000,79.260000,79.135000,79.230000,1,2020-07-24
2020-07-27 04:00:00,79.155000,79.155000,78.935000,78.980000,4,2020-07-27
2020-07-27 08:00:00,79.035004,79.135000,78.895000,78.920000,4,2020-07-27
2020-07-27 12:00:00,78.925000,78.995000,78.835000,78.905000,4,2020-07-27
2020-07-27 16:00:00,78.895000,78.945000,78.660000,78.735000,4,2020-07-27
2020-07-27 20:00:00,78.740000,78.805000,78.595000,78.605000,4,2020-07-28
2020-07-28 00:00:00,78.605000,78.845000,78.455000,78.805000,4,2020-07-28
2020-07-28 04:00:00,78.790000,78.955000,78.785000,78.880000,4,2020-07-28
2020-07-28 08:00:00,78.890000,79.000000,78.845000,78.925000,4,2020-07-28
2020-07-28 12:00:00,78.935000,79.065002,78.885000,78.965000,4,2020-07-28
2020-07-28 16:00:00,78.960000,78.995000,78.640000,78.650000,4,2020-07-28
2020-07-28 20:00:00,78.660000,78.690000,78.405000,78.445000,4,2020-07-29
2020-07-29 00:00:00,78.455000,78.730000,78.325000,78.705000,4,2020-07-29
2020-07-29 04:00:00,78.705000,78.725000,78.520000,78.550000,4,2020-07-29
2020-07-29 08:00:00,78.525000,78.685000,78.465000,78.575000,4,2020-07-29
2020-07-29 12:00:00,78.585000,78.630000,78.515000,78.595000,4,2020-07-29
2020-07-29 16:00:00,78.600000,78.675000,78.525000,78.635000,4,2020-07-29
2020-07-29 20:00:00,78.630000,78.720000,78.520000,78.680000,4,2020-07-30
2020-07-30 00:00:00,78.660000,78.740000,78.485000,78.535000,4,2020-07-30
2020-07-30 04:00:00,78.535000,78.745000,78.500000,78.710000,4,2020-07-30
2020-07-30 08:00:00,78.685000,78.805000,78.670000,78.715000,4,2020-07-30
2020-07-30 12:00:00,78.745000,78.845000,78.700000,78.745000,4,2020-07-30
2020-07-30 16:00:00,78.745000,78.775000,78.285000,78.320000,4,2020-07-30
2020-07-30 20:00:00,78.330000,78.450000,78.200000,78.285000,4,2020-07-31
2020-07-31 00:00:00,78.275000,78.325000,78.065002,78.125000,4,2020-07-31
2020-07-31 04:00:00,78.125000,78.155000,77.825000,78.035004,4,2020-07-31
2020-07-31 08:00:00,78.035004,78.095001,77.675000,77.745000,4,2020-07-31
2020-07-31 12:00:00,77.740000,77.765000,77.615000,77.705000,4,2020-07-31
2020-07-31 16:00:00,77.695000,78.110000,77.665000,77.965000,4,2020-07-31
2020-07-31 20:00:00,77.965000,78.019997,77.915000,77.970000,1,2020-07-31
2020-08-03 04:00:00,79.010002,79.010002,78.880000,78.965000,4,2020-08-03
2020-08-03 08:00:00,78.930000,79.330000,78.885000,79.065002,4,2020-08-03
2020-08-03 12:00:00,79.055000,79.055000,78.885000,78.980000,4,2020-08-03
2020-08-03 16:00:00,78.975000,79.000000,78.695000,78.750000,4,2020-08-03
2020-08-03 20:00:00,78.730000,79.250000,78.710000,79.135000,4,2020-08-04
2020-08-04 00:00:00,79.125000,79.300000,79.004997,79.240000,4,2020-08-04
2020-08-04 04:00:00,79.245000,79.265000,79.084999,79.120000,4,2020-08-04
2020-08-04 08:00:00,79.125000,79.315000,79.095001,79.270000,4,2020-08-04
2020-08-04 12:00:00,79.280000,79.340000,79.190000,79.275000,4,2020-08-04
2020-08-04 16:00:00,79.275000,79.390000,79.140000,79.210000,4,2020-08-04
2020-08-04 20:00:00,79.210000,79.270000,79.055000,79.055000,4,2020-08-05
2020-08-05 00:00:00,79.059998,79.310000,79.019997,79.235000,4,2020-08-05
2020-08-05 04:00:00,79.270000,79.400000,79.170000,79.350000,4,2020-08-05
2020-08-05 08:00:00,79.345000,79.525000,79.335000,79.405000,4,2020-08-05
2020-08-05 12:00:00,79.385000,79.520000,79.360000,79.485000,4,2020-08-05
2020-08-05 16:00:00,79.505000,79.845000,79.465000,79.785000,4,2020-08-05
2020-08-05 20:00:00,79.785000,79.880000,79.475000,79.520000,4,2020-08-06
2020-08-06 00:00:00,79.535000,79.755000,79.395000,79.480000,4,2020-08-06
2020-08-06 04:00:00,79.475000,79.640000,79.455000,79.570000,4,2020-08-06
2020-08-06 08:00:00,79.585000,79.655000,79.535000,79.535000,4,2020-08-06
2020-08-06 12:00:00,79.560000,79.635000,79.470000,79.540000,4,2020-08-06
2020-08-06 16:00:00,79.540000,79.625000,79.440000,79.570000,4,2020-08-06
2020-08-06 20:00:00,79.560000,79.565000,79.265000,79.375000,4,2020-08-07
2020-08-07 00:00:00,79.375000,79.455000,79.230000,79.350000,4,2020-08-07
2020-08-07 04:00:00,79.355000,79.495000,79.270000,79.290000,4,2020-08-07
2020-08-07 08:00:00,79.275000,79.345000,79.185000,79.235000,4,2020-08-07
2020-08-07 12:00:00,79.235000,79.270000,78.965000,79.065002,4,2020-08-07
2020-08-07 16:00:00,79.050003,79.210000,79.014999,79.050003,4,2020-08-07
2020-08-07 20:00:00,79.070000,79.155000,79.040001,79.110000,1,2020-08-07
2020-08-10 04:00:00,79.105000,79.200000,79.050003,79.185000,4,2020-08-10
2020-08-10 08:00:00,79.160000,79.185000,79.019997,79.074997,4,2020-08-10
2020-08-10 12:00:00,79.070000,79.135000,79.050003,79.070000,4,2020-08-10
2020-08-10 16:00:00,79.080002,79.225000,79.059998,79.185000,4,2020-08-10
2020-08-10 20:00:00,79.175000,79.395000,79.160000,79.305000,4,2020-08-11
2020-08-11 00:00:00,79.315000,79.385000,79.190000,79.335000,4,2020-08-11
2020-08-11 04:00:00,79.335000,79.410000,79.305000,79.330000,4,2020-08-11
2020-08-11 08:00:00,79.335000,79.560000,79.295000,79.490000,4,2020-08-11
2020-08-11 12:00:00,79.500000,79.675000,79.490000,79.615000,4,2020-08-11
2020-08-11 16:00:00,79.635000,79.840000,79.525000,79.795000,4,2020-08-11
2020-08-11 20:00:00,79.790000,80.004997,79.675000,79.995000,4,2020-08-12
2020-08-12 00:00:00,79.980000,80.305000,79.870000,80.295000,4,2020-08-12
2020-08-12 04:00:00,80.285000,80.325000,79.975000,80.084999,4,2020-08-12
2020-08-12 08:00:00,80.095001,80.145000,79.975000,80.040001,4,2020-08-12
2020-08-12 12:00:00,80.035004,80.084999,79.920000,80.040001,4,2020-08-12
2020-08-12 16:00:00,80.044998,80.360000,80.029999,80.315000,4,2020-08-12
2020-08-12 20:00:00,80.315000,80.625000,80.315000,80.525000,4,2020-08-13
2020-08-13 00:00:00,80.515000,80.845000,80.455000,80.705000,4,2020-08-13
2020-08-13 04:00:00,80.675000,80.820000,80.595000,80.650000,4,2020-08-13
2020-08-13 08:00:00,80.640000,80.710000,80.525000,80.620000,4,2020-08-13
2020-08-13 12:00:00,80.600000,80.665000,80.555000,80.570000,4,2020-08-13
2020-08-13 16:00:00,80.570000,80.780000,80.510000,80.770000,4,2020-08-13
2020-08-13 20:00:00,80.775000,80.990000,80.725000,80.875000,4,2020-08-14
2020-08-14 00:00:00,80.865000,81.000000,80.760000,80.965000,4,2020-08-14
2020-08-14 04:00:00,80.975000,80.985000,80.820000,80.865000,4,2020-08-14
2020-08-14 08:00:00,80.885000,80.975000,80.835000,80.845000,4,2020-08-14
2020-08-14 12:00:00,80.845000,80.900000,80.805000,80.875000,4,2020-08-14
2020-08-14 16:00:00,80.850000,80.890000,80.505000,80.595000,4,2020-08-14
2020-08-14 20:00:00,80.595000,80.670000,80.535000,80.625000,1,2020-08-14
2020-08-17 04:00:00,80.370000,80.470000,80.370000,80.410000,4,2020-08-17
2020-08-17 08:00:00,80.400000,80.460000,80.285000,80.345000,4,2020-08-17
2020-08-17 12:00:00,80.325000,80.470000,80.325000,80.430000,4,2020-08-17
2020-08-17 16:00:00,80.450000,80.505000,80.350000,80.415000,4,2020-08-17
2020-08-17 20:00:00,80.420000,80.450000,80.260000,80.360000,4,2020-08-18
2020-08-18 00:00:00,80.345000,80.395000,80.205000,80.340000,4,2020-08-18
2020-08-18 04:00:00,80.345000,80.380000,80.180000,80.200000,4,2020-08-18
2020-08-18 08:00:00,80.180000,80.230000,80.035004,80.135000,4,2020-08-18
2020-08-18 12:00:00,80.140000,80.155000,80.010002,80.095001,4,2020-08-18
2020-08-18 16:00:00,80.115000,80.285000,80.010002,80.260000,4,2020-08-18
2020-08-18 20:00:00,80.260000,80.300000,80.004997,80.035004,4,2020-08-19
2020-08-19 00:00:00,80.059998,80.099998,79.895000,80.055000,4,2020-08-19
2020-08-19 04:00:00,80.050003,80.175000,80.010002,80.070000,4,2020-08-19
2020-08-19 08:00:00,80.095001,80.099998,79.885000,80.089996,4,2020-08-19
2020-08-19 12:00:00,80.070000,80.260000,80.035004,80.245000,4,2020-08-19
2020-08-19 16:00:00,80.205000,80.255000,80.105000,80.115000,4,2020-08-19
2020-08-19 20:00:00,80.115000,80.305000,79.965000,80.175000,4,2020-08-20
2020-08-20 00:00:00,80.175000,80.365000,80.160000,80.200000,4,2020-08-20
2020-08-20 04:00:00,80.200000,80.365000,80.190000,80.280000,4,2020-08-20
2020-08-20 08:00:00,80.295000,80.350000,80.200000,80.225000,4,2020-08-20
2020-08-20 12:00:00,80.220000,80.275000,80.180000,80.245000,4,2020-08-20
2020-08-20 16:00:00,80.225000,80.305000,80.120000,80.205000,4,2020-08-20
2020-08-20 20:00:00,80.185000,80.305000,80.000000,80.105000,4,2020-08-21
2020-08-21 00:00:00,80.115000,80.405000,80.074997,80.325000,4,2020-08-21
2020-08-21 04:00:00,80.345000,80.390000,80.195000,80.245000,4,2020-08-21
2020-08-21 08:00:00,80.265000,80.325000,80.180000,80.245000,4,2020-08-21
2020-08-21 12:00:00,80.265000,80.290000,80.180000,80.210000,4,2020-08-21
2020-08-21 16:00:00,80.205000,80.240000,79.895000,80.040001,4,2020-08-21
2020-08-21 20:00:00,80.044998,80.074997,79.990000,80.065002,1,2020-08-21
2020-08-24 04:00:00,80.325000,80.325000,80.190000,80.205000,4,2020-08-24
2020-08-24 08:00:00,80.255000,80.420000,80.195000,80.285000,4,2020-08-24
2020-08-24 12:00:00,80.280000,80.435000,80.255000,80.410000,4,2020-08-24
2020-08-24 16:00:00,80.405000,80.510000,80.360000,80.365000,4,2020-08-24
2020-08-24 20:00:00,80.360000,80.510000,80.190000,80.190000,4,2020-08-25
2020-08-25 00:00:00,80.195000,80.240000,80.035004,80.074997,4,2020-08-25
2020-08-25 04:00:00,80.055000,80.225000,80.029999,80.155000,4,2020-08-25
2020-08-25 08:00:00,80.170000,80.225000,80.070000,80.125000,4,2020-08-25
2020-08-25 12:00:00,80.115000,80.180000,80.040001,80.110000,4,2020-08-25
2020-08-25 16:00:00,80.115000,80.515000,80.105000,80.475000,4,2020-08-25
2020-08-25 20:00:00,80.480000,80.770000,80.455000,80.735000,4,2020-08-26
2020-08-26 00:00:00,80.745000,80.760000,80.580000,80.650000,4,2020-08-26
2020-08-26 04:00:00,80.650000,80.810000,80.615000,80.780000,4,2020-08-26
2020-08-26 08:00:00,80.780000,80.965000,80.750000,80.895000,4,2020-08-26
2020-08-26 12:00:00,80.900000,80.915000,80.680000,80.710000,4,2020-08-26
2020-08-26 16:00:00,80.700000,80.760000,80.545000,80.685000,4,2020-08-26
2020-08-26 20:00:00,80.670000,80.735000,80.570000,80.645000,4,2020-08-27
2020-08-27 00:00:00,80.670000,80.840000,80.625000,80.675000,4,2020-08-27
2020-08-27 04:00:00,80.665000,80.715000,80.555000,80.610000,4,2020-08-27
2020-08-27 08:00:00,80.620000,80.705000,80.515000,80.620000,4,2020-08-27
2020-08-27 12:00:00,80.620000,80.685000,80.555000,80.625000,4,2020-08-27
2020-08-27 16:00:00,80.605000,80.780000,80.515000,80.615000,4,2020-08-27
2020-08-27 20:00:00,80.630000,81.014999,80.565000,80.990000,4,2020-08-28
2020-08-28 00:00:00,80.995000,81.255000,80.805000,81.235000,4,2020-08-28
2020-08-28 04:00:00,81.220000,81.305000,81.145000,81.180000,4,2020-08-28
2020-08-28 08:00:00,81.210000,81.440000,81.160000,81.435000,4,2020-08-28
2020-08-28 12:00:00,81.435000,81.590000,81.040001,81.175000,4,2020-08-28
2020-08-28 16:00:00,81.185000,81.250000,80.795000,80.815000,4,2020-08-28
2020-08-28 20:00:00,80.750000,80.760000,80.605000,80.635000,1,2020-08-28
2020-08-31 04:00:00,80.455000,80.550000,80.430000,80.520000,4,2020-08-31
2020-08-31 08:00:00,80.500000,80.825000,80.410000,80.615000,4,2020-08-31
2020-08-31 12:00:00,80.635000,80.825000,80.585000,80.705000,4,2020-08-31
2020-08-31 16:00:00,80.725000,81.095001,80.665000,81.044998,4,2020-08-31
2020-08-31 20:00:00,81.050003,81.280000,81.010002,81.240000,4,2020-09-01
2020-09-01 00:00:00,81.240000,81.420000,81.035004,81.245000,4,2020-09-01
2020-09-01 04:00:00,81.250000,81.340000,81.130000,81.175000,4,2020-09-01
2020-09-01 08:00:00,81.190000,81.395000,81.110000,81.195000,4,2020-09-01
2020-09-01 12:00:00,81.175000,81.345000,81.135000,81.240000,4,2020-09-01
2020-09-01 16:00:00,81.240000,81.390000,81.225000,81.310000,4,2020-09-01
2020-09-01 20:00:00,81.310000,81.470000,81.145000,81.170000,4,2020-09-02
2020-09-02 00:00:00,81.190000,81.315000,81.070000,81.105000,4,2020-09-02
2020-09-02 04:00:00,81.074997,81.160000,80.985000,81.099998,4,2020-09-02
2020-09-02 08:00:00,81.120000,81.190000,81.035004,81.130000,4,2020-09-02
2020-09-02 12:00:00,81.145000,81.220000,81.089996,81.205000,4,2020-09-02
2020-09-02 16:00:00,81.195000,81.315000,81.099998,81.265000,4,2020-09-02
2020-09-02 20:00:00,81.250000,81.345000,81.135000,81.155000,4,2020-09-03
2020-09-03 00:00:00,81.150000,81.375000,81.115000,81.360000,4,2020-09-03
2020-09-03 04:00:00,81.335000,81.465000,81.245000,81.355000,4,2020-09-03
2020-09-03 08:00:00,81.380000,81.465000,81.280000,81.370000,4,2020-09-03
2020-09-03 12:00:00,81.375000,81.420000,81.245000,81.265000,4,2020-09-03
2020-09-03 16:00:00,81.255000,81.305000,81.110000,81.240000,4,2020-09-03
2020-09-03 20:00:00,81.235000,81.325000,81.084999,81.170000,4,2020-09-04
2020-09-04 00:00:00,81.175000,81.295000,80.585000,80.740000,4,2020-09-04
2020-09-04 04:00:00,80.735000,80.955000,80.715000,80.870000,4,2020-09-04
2020-09-04 08:00:00,80.865000,81.004997,80.725000,80.955000,4,2020-09-04
2020-09-04 12:00:00,80.950000,80.985000,80.835000,80.890000,4,2020-09-04
2020-09-04 16:00:00,80.865000,81.145000,80.785000,81.130000,4,2020-09-04
2020-09-04 20:00:00,81.125000,81.175000,81.074997,81.095001,1,2020-09-04
2020-09-07 04:00:00,81.370000,81.440000,81.315000,81.345000,4,2020-09-07
2020-09-07 08:00:00,81.330000,81.395000,81.185000,81.290000,4,2020-09-07
2020-09-07 12:00:00,81.290000,81.290000,81.130000,81.145000,4,2020-09-07
2020-09-07 16:00:00,81.140000,81.185000,80.975000,81.014999,4,2020-09-07
2020-09-07 20:00:00,81.000000,81.185000,80.985000,81.155000,4,2020-09-08
2020-09-08 00:00:00,81.155000,81.290000,81.135000,81.185000,4,2020-09-08
2020-09-08 04:00:00,81.185000,81.205000,81.110000,81.145000,4,2020-09-08
2020-09-08 08:00:00,81.135000,81.220000,81.044998,81.105000,4,2020-09-08
2020-09-08 12:00:00,81.095001,81.125000,80.985000,81.070000,4,2020-09-08
2020-09-08 16:00:00,81.095001,81.190000,80.855000,80.890000,4,2020-09-08
2020-09-08 20:00:00,80.890000,80.940000,80.285000,80.455000,4,2020-09-09
2020-09-09 00:00:00,80.455000,80.515000,80.225000,80.325000,4,2020-09-09
2020-09-09 04:00:00,80.320000,80.365000,80.014999,80.025002,4,2020-09-09
2020-09-09 08:00:00,80.004997,80.110000,79.840000,80.055000,4,2020-09-09
2020-09-09 12:00:00,80.040001,80.095001,79.975000,80.055000,4,2020-09-09
2020-09-09 16:00:00,80.055000,80.230000,79.815000,80.175000,4,2020-09-09
2020-09-09 20:00:00,80.185000,80.495000,80.180000,80.415000,4,2020-09-10
2020-09-10 00:00:00,80.425000,80.825000,80.385000,80.725000,4,2020-09-10
2020-09-10 04:00:00,80.730000,80.815000,80.670000,80.765000,4,2020-09-10
2020-09-10 08:00:00,80.770000,80.840000,80.645000,80.690000,4,2020-09-10
2020-09-10 12:00:00,80.695000,80.820000,80.625000,80.775000,4,2020-09-10
2020-09-10 16:00:00,80.765000,80.835000,80.505000,80.645000,4,2020-09-10
2020-09-10 20:00:00,80.640000,80.910000,80.590000,80.765000,4,2020-09-11
2020-09-11 00:00:00,80.755000,80.875000,80.505000,80.650000,4,2020-09-11
2020-09-11 04:00:00,80.635000,80.635000,80.380000,80.485000,4,2020-09-11
2020-09-11 08:00:00,80.495000,80.610000,80.435000,80.575000,4,2020-09-11
2020-09-11 12:00:00,80.570000,80.665000,80.530000,80.645000,4,2020-09-11
2020-09-11 16:00:00,80.660000,80.785000,80.595000,80.655000,4,2020-09-11
2020-09-11 20:00:00,80.650000,80.720000,80.635000,80.650000,1,2020-09-11
2020-09-14 04:00:00,80.555000,80.555000,80.425000,80.440000,4,2020-09-14
2020-09-14 08:00:00,80.460000,80.570000,80.445000,80.570000,4,2020-09-14
2020-09-14 12:00:00,80.570000,80.645000,80.520000,80.610000,4,2020-09-14
2020-09-14 16:00:00,80.610000,80.615000,80.320000,80.405000,4,2020-09-14
2020-09-14 20:00:00,80.400000,80.535000,80.215000,80.240000,4,2020-09-15
2020-09-15 00:00:00,80.220000,80.275000,80.120000,80.195000,4,2020-09-15
2020-09-15 04:00:00,80.195000,80.265000,80.160000,80.220000,4,2020-09-15
2020-09-15 08:00:00,80.230000,80.300000,80.125000,80.300000,4,2020-09-15
2020-09-15 12:00:00,80.285000,80.445000,80.265000,80.400000,4,2020-09-15
2020-09-15 16:00:00,80.400000,80.455000,80.270000,80.345000,4,2020-09-15
2020-09-15 20:00:00,80.350000,80.405000,80.000000,80.025002,4,2020-09-16
2020-09-16 00:00:00,80.035004,80.095001,79.920000,80.029999,4,2020-09-16
2020-09-16 04:00:00,80.025002,80.044998,79.895000,79.980000,4,2020-09-16
2020-09-16 08:00:00,79.970000,79.995000,79.750000,79.905000,4,2020-09-16
2020-09-16 12:00:00,79.885000,79.975000,79.875000,79.940000,4,2020-09-16
2020-09-16 16:00:00,79.940000,80.010002,79.850000,79.955000,4,2020-09-16
2020-09-16 20:00:00,79.960000,79.985000,79.515000,79.580000,4,2020-09-17
2020-09-17 00:00:00,79.555000,79.810000,79.525000,79.760000,4,2020-09-17
2020-09-17 04:00:00,79.770000,79.880000,79.605000,79.645000,4,2020-09-17
2020-09-17 08:00:00,79.635000,79.740000,79.445000,79.495000,4,2020-09-17
2020-09-17 12:00:00,79.490000,79.510000,79.345000,79.365000,4,2020-09-17
2020-09-17 16:00:00,79.360000,79.415000,79.150000,79.330000,4,2020-09-17
2020-09-17 20:00:00,79.330000,79.395000,79.065002,79.235000,4,2020-09-18
2020-09-18 00:00:00,79.220000,79.495000,79.195000,79.425000,4,2020-09-18
2020-09-18 04:00:00,79.410000,79.645000,79.370000,79.605000,4,2020-09-18
2020-09-18 08:00:00,79.600000,79.775000,79.565000,79.635000,4,2020-09-18
2020-09-18 12:00:00,79.655000,79.690000,79.605000,79.650000,4,2020-09-18
2020-09-18 16:00:00,79.650000,79.680000,79.220000,79.245000,4,2020-09-18
2020-09-18 20:00:00,79.255000,79.310000,79.200000,79.225000,1,2020-09-18
2020-09-21 04:00:00,79.180000,79.265000,79.110000,79.215000,4,2020-09-21
2020-09-21 08:00:00,79.225000,79.280000,79.074997,79.135000,4,2020-09-21
2020-09-21 12:00:00,79.150000,79.215000,79.115000,79.165000,4,2020-09-21
2020-09-21 16:00:00,79.155000,79.170000,78.615000,78.705000,4,2020-09-21
2020-09-21 20:00:00,78.705000,79.080002,78.520000,78.785000,4,2020-09-22
2020-09-22 00:00:00,78.780000,78.800000,78.545000,78.715000,4,2020-09-22
2020-09-22 04:00:00,78.725000,78.805000,78.615000,78.645000,4,2020-09-22
2020-09-22 08:00:00,78.645000,78.775000,78.450000,78.510000,4,2020-09-22
2020-09-22 12:00:00,78.515000,78.610000,78.465000,78.480000,4,2020-09-22
2020-09-22 16:00:00,78.495000,78.625000,78.370000,78.545000,4,2020-09-22
2020-09-22 20:00:00,78.550000,78.890000,78.475000,78.765000,4,2020-09-23
2020-09-23 00:00:00,78.765000,78.970000,78.675000,78.880000,4,2020-09-23
2020-09-23 04:00:00,78.875000,78.940000,78.835000,78.875000,4,2020-09-23
2020-09-23 08:00:00,78.890000,79.089996,78.875000,79.070000,4,2020-09-23
2020-09-23 12:00:00,79.074997,79.095001,78.820000,78.895000,4,2020-09-23
2020-09-23 16:00:00,78.890000,78.910000,78.670000,78.835000,4,2020-09-23
2020-09-23 20:00:00,78.835000,78.915000,78.740000,78.755000,4,2020-09-24
2020-09-24 00:00:00,78.755000,79.010002,78.690000,78.860000,4,2020-09-24
2020-09-24 04:00:00,78.840000,78.885000,78.695000,78.745000,4,2020-09-24
2020-09-24 08:00:00,78.735000,78.855000,78.625000,78.805000,4,2020-09-24
2020-09-24 12:00:00,78.775000,78.810000,78.565000,78.600000,4,2020-09-24
2020-09-24 16:00:00,78.585000,78.705000,78.480000,78.630000,4,2020-09-24
2020-09-24 20:00:00,78.625000,78.835000,78.565000,78.715000,4,2020-09-25
2020-09-25 00:00:00,78.710000,79.099998,78.620000,79.035004,4,2020-09-25
2020-09-25 04:00:00,79.029999,79.074997,78.855000,78.925000,4,2020-09-25
2020-09-25 08:00:00,78.940000,79.065002,78.910000,79.000000,4,2020-09-25
2020-09-25 12:00:00,79.004997,79.065002,78.850000,78.855000,4,2020-09-25
2020-09-25 16:00:00,78.870000,78.975000,78.785000,78.895000,4,2020-09-25
2020-09-25 20:00:00,78.880000,78.905000,78.785000,78.815000,1,2020-09-25
2020-09-28 04:00:00,78.805000,78.945000,78.780000,78.935000,3,2020-09-28
2020-09-28 08:00:00,78.920000,78.965000,78.650000,78.790000,4,2020-09-28
2020-09-28 12:00:00,78.805000,78.825000,78.640000,78.680000,4,2020-09-28
2020-09-28 16:00:00,78.670000,78.780000,78.600000,78.680000,4,2020-09-28
2020-09-28 20:00:00,78.680000,78.940000,78.670000,78.900000,4,2020-09-29
2020-09-29 00:00:00,78.905000,78.990000,78.830000,78.915000,4,2020-09-29
2020-09-29 04:00:00,78.920000,78.965000,78.820000,78.920000,4,2020-09-29
2020-09-29 08:00:00,78.910000,78.975000,78.805000,78.830000,4,2020-09-29
2020-09-29 12:00:00,78.830000,78.985000,78.790000,78.930000,4,2020-09-29
2020-09-29 16:00:00,78.945000,79.105000,78.865000,79.059998,4,2020-09-29
2020-09-29 20:00:00,79.055000,79.115000,78.900000,78.945000,4,2020-09-30
2020-09-30 00:00:00,78.955000,79.019997,78.760000,78.895000,4,2020-09-30
2020-09-30 04:00:00,78.905000,78.985000,78.880000,78.905000,4,2020-09-30
2020-09-30 08:00:00,78.910000,79.059998,78.905000,78.970000,4,2020-09-30
2020-09-30 12:00:00,78.965000,79.055000,78.645000,78.670000,4,2020-09-30
2020-09-30 16:00:00,78.665000,78.920000,78.575000,78.890000,4,2020-09-30
2020-09-30 20:00:00,78.880000,79.084999,78.860000,79.014999,4,2020-10-01
2020-10-01 00:00:00,79.014999,79.320000,78.930000,79.290000,4,2020-10-01
2020-10-01 04:00:00,79.280000,79.315000,79.120000,79.140000,4,2020-10-01
2020-10-01 08:00:00,79.165000,79.420000,79.160000,79.380000,4,2020-10-01
2020-10-01 12:00:00,79.385000,79.450000,79.305000,79.405000,4,2020-10-01
2020-10-01 16:00:00,79.405000,79.465000,79.290000,79.425000,4,2020-10-01
2020-10-01 20:00:00,79.435000,79.505000,79.320000,79.495000,4,2020-10-02
2020-10-02 00:00:00,79.500000,79.510000,79.325000,79.445000,4,2020-10-02
2020-10-02 04:00:00,79.455000,79.570000,79.400000,79.455000,4,2020-10-02
2020-10-02 08:00:00,79.450000,79.505000,79.355000,79.410000,4,2020-10-02
2020-10-02 12:00:00,79.405000,79.480000,78.755000,78.880000,4,2020-10-02
2020-10-02 16:00:00,78.860000,79.175000,78.760000,78.908500,4,2020-10-02
2020-10-02 20:00:00,78.926500,79.004997,78.865000,78.985000,1,2020-10-02
2020-10-05 04:00:00,79.175000,79.175000,79.145000,79.145000,2,2020-10-05
2020-10-05 08:00:00,79.145000,79.505000,79.145000,79.485000,4,2020-10-05
2020-10-05 12:00:00,79.475000,79.535000,79.430000,79.520000,4,2020-10-05
2020-10-05 16:00:00,79.515000,79.675000,79.465000,79.595000,4,2020-10-05
2020-10-05 20:00:00,79.610000,79.655000,79.510000,79.520000,4,2020-10-06
2020-10-06 00:00:00,79.530000,79.775000,79.515000,79.760000,4,2020-10-06
2020-10-06 04:00:00,79.740000,79.790000,79.590000,79.710000,4,2020-10-06
2020-10-06 08:00:00,79.695000,79.815000,79.655000,79.740000,4,2020-10-06
2020-10-06 12:00:00,79.745000,79.805000,79.675000,79.700000,4,2020-10-06
2020-10-06 16:00:00,79.690000,79.735000,79.545000,79.605000,4,2020-10-06
2020-10-06 20:00:00,79.580000,79.755000,79.550000,79.680000,4,2020-10-07
2020-10-07 00:00:00,79.665000,79.700000,79.495000,79.555000,4,2020-10-07
2020-10-07 04:00:00,79.565000,79.735000,79.275000,79.340000,4,2020-10-07
2020-10-07 08:00:00,79.355000,79.400000,79.235000,79.240000,4,2020-10-07
2020-10-07 12:00:00,79.245000,79.415000,79.190000,79.395000,4,2020-10-07
2020-10-07 16:00:00,79.395000,79.745000,79.365000,79.730000,4,2020-10-07
2020-10-07 20:00:00,79.725000,79.835000,79.680000,79.765000,4,2020-10-08
2020-10-08 00:00:00,79.770000,79.900000,79.705000,79.825000,4,2020-10-08
2020-10-08 04:00:00,79.825000,79.975000,79.810000,79.945000,4,2020-10-08
2020-10-08 08:00:00,79.945000,80.050003,79.860000,80.004997,4,2020-10-08
2020-10-08 12:00:00,79.990000,80.014999,79.915000,79.955000,4,2020-10-08
2020-10-08 16:00:00,79.950000,80.084999,79.940000,80.065002,4,2020-10-08
2020-10-08 20:00:00,80.080002,80.150000,80.000000,80.065002,4,2020-10-09
2020-10-09 00:00:00,80.070000,80.290000,79.980000,80.260000,4,2020-10-09
2020-10-09 04:00:00,80.285000,80.380000,80.255000,80.360000,4,2020-10-09
2020-10-09 08:00:00,80.350000,80.390000,80.265000,80.335000,4,2020-10-09
2020-10-09 12:00:00,80.315000,80.355000,80.240000,80.285000,4,2020-10-09
2020-10-09 16:00:00,80.285000,80.475000,80.270000,80.425000,4,2020-10-09
2020-10-09 20:00:00,80.435000,80.465000,80.370000,80.410000,1,2020-10-09
2020-10-12 04:00:00,80.595000,80.615000,80.500000,80.550000,2,2020-10-12
2020-10-12 08:00:00,80.550000,80.625000,80.375000,80.410000,4,2020-10-12
2020-10-12 12:00:00,80.405000,80.470000,80.265000,80.325000,4,2020-10-12
2020-10-12 16:00:00,80.325000,80.470000,80.310000,80.395000,4,2020-10-12
2020-10-12 20:00:00,80.395000,80.410000,80.275000,80.275000,4,2020-10-13
2020-10-13 00:00:00,80.295000,80.390000,80.265000,80.310000,4,2020-10-13
2020-10-13 04:00:00,80.300000,80.380000,80.285000,80.305000,4,2020-10-13
2020-10-13 08:00:00,80.325000,80.365000,80.190000,80.230000,4,2020-10-13
2020-10-13 12:00:00,80.230000,80.340000,80.125000,80.320000,4,2020-10-13
2020-10-13 16:00:00,80.315000,80.465000,80.270000,80.465000,4,2020-10-13
2020-10-13 20:00:00,80.450000,80.550000,80.400000,80.425000,4,2020-10-14
2020-10-14 00:00:00,80.420000,80.475000,80.290000,80.370000,4,2020-10-14
2020-10-14 04:00:00,80.390000,80.405000,80.245000,80.280000,4,2020-10-14
2020-10-14 08:00:00,80.270000,80.330000,80.235000,80.245000,4,2020-10-14
2020-10-14 12:00:00,80.240000,80.285000,80.080002,80.270000,4,2020-10-14
2020-10-14 16:00:00,80.275000,80.350000,80.215000,80.300000,4,2020-10-14
2020-10-14 20:00:00,80.300000,80.360000,80.084999,80.160000,4,2020-10-15
2020-10-15 00:00:00,80.150000,80.160000,79.860000,80.004997,4,2020-10-15
2020-10-15 04:00:00,80.000000,80.029999,79.920000,80.014999,4,2020-10-15
2020-10-15 08:00:00,79.995000,80.055000,79.900000,80.019997,4,2020-10-15
2020-10-15 12:00:00,80.000000,80.115000,79.985000,80.074997,4,2020-10-15
2020-10-15 16:00:00,80.074997,80.099998,79.805000,79.815000,4,2020-10-15
2020-10-15 20:00:00,79.815000,79.835000,79.545000,79.590000,4,2020-10-16
2020-10-16 00:00:00,79.575000,79.680000,79.450000,79.655000,4,2020-10-16
2020-10-16 04:00:00,79.650000,79.850000,79.625000,79.725000,4,2020-10-16
2020-10-16 08:00:00,79.765000,79.800000,79.605000,79.645000,4,2020-10-16
2020-10-16 12:00:00,79.655000,79.705000,79.475000,79.515000,4,2020-10-16
2020-10-16 16:00:00,79.495000,79.755000,79.495000,79.635000,4,2020-10-16
2020-10-16 20:00:00,79.635000,79.670000,79.555000,79.585000,1,2020-10-16
2020-10-19 04:00:00,79.880000,79.900000,79.865000,79.885000,2,2020-10-19
2020-10-19 08:00:00,79.885000,80.080002,79.870000,80.010002,4,2020-10-19
2020-10-19 12:00:00,80.014999,80.035004,79.910000,79.950000,4,2020-10-19
2020-10-19 16:00:00,79.945000,80.059998,79.910000,79.930000,4,2020-10-19
2020-10-19 20:00:00,79.935000,80.029999,79.920000,79.965000,4,2020-10-20
2020-10-20 00:00:00,79.960000,80.205000,79.960000,80.115000,4,2020-10-20
2020-10-20 04:00:00,80.115000,80.160000,79.895000,79.925000,4,2020-10-20
2020-10-20 08:00:00,79.910000,80.105000,79.885000,80.074997,4,2020-10-20
2020-10-20 12:00:00,80.084999,80.105000,79.970000,80.010002,4,2020-10-20
2020-10-20 16:00:00,79.995000,80.110000,79.920000,80.014999,4,2020-10-20
2020-10-20 20:00:00,80.019997,80.195000,80.014999,80.175000,4,2020-10-21
2020-10-21 00:00:00,80.175000,80.525000,80.130000,80.490000,4,2020-10-21
2020-10-21 04:00:00,80.480000,80.525000,80.315000,80.360000,4,2020-10-21
2020-10-21 08:00:00,80.355000,80.460000,80.320000,80.355000,4,2020-10-21
2020-10-21 12:00:00,80.350000,80.485000,80.350000,80.445000,4,2020-10-21
2020-10-21 16:00:00,80.445000,80.470000,80.004997,80.014999,4,2020-10-21
2020-10-21 20:00:00,80.025002,80.099998,79.770000,79.795000,4,2020-10-22
2020-10-22 00:00:00,79.775000,79.790000,79.565000,79.625000,4,2020-10-22
2020-10-22 04:00:00,79.650000,79.680000,79.505000,79.550000,4,2020-10-22
2020-10-22 08:00:00,79.570000,79.610000,79.450000,79.500000,4,2020-10-22
2020-10-22 12:00:00,79.505000,79.555000,79.445000,79.535000,4,2020-10-22
2020-10-22 16:00:00,79.540000,79.685000,79.405000,79.655000,4,2020-10-22
2020-10-22 20:00:00,79.660000,79.705000,79.460000,79.525000,4,2020-10-23
2020-10-23 00:00:00,79.530000,79.915000,79.490000,79.795000,4,2020-10-23
2020-10-23 04:00:00,79.785000,79.905000,79.755000,79.830000,4,2020-10-23
2020-10-23 08:00:00,79.815000,79.930000,79.605000,79.645000,4,2020-10-23
2020-10-23 12:00:00,79.645000,79.725000,79.600000,79.640000,4,2020-10-23
2020-10-23 16:00:00,79.655000,79.770000,79.585000,79.700000,4,2020-10-23
2020-10-23 20:00:00,79.705000,79.805000,79.680000,79.760000,1,2020-10-23
2020-10-26 04:00:00,79.750000,79.750000,79.705000,79.705000,2,2020-10-26
2020-10-26 08:00:00,79.715000,79.730000,79.560000,79.625000,4,2020-10-26
2020-10-26 12:00:00,79.605000,79.785000,79.600000,79.725000,4,2020-10-26
2020-10-26 16:00:00,79.730000,79.790000,79.545000,79.635000,4,2020-10-26
2020-10-26 20:00:00,79.615000,79.670000,79.510000,79.625000,4,2020-10-27
2020-10-27 00:00:00,79.615000,79.735000,79.300000,79.320000,4,2020-10-27
2020-10-27 04:00:00,79.315000,79.485000,79.305000,79.365000,4,2020-10-27
2020-10-27 08:00:00,79.365000,79.455000,79.310000,79.435000,4,2020-10-27
2020-10-27 12:00:00,79.440000,79.505000,79.385000,79.480000,4,2020-10-27
2020-10-27 16:00:00,79.475000,79.555000,79.385000,79.435000,4,2020-10-27
2020-10-27 20:00:00,79.415000,79.525000,79.280000,79.450000,4,2020-10-28
2020-10-28 00:00:00,79.420000,79.445000,79.285000,79.425000,4,2020-10-28
2020-10-28 04:00:00,79.415000,79.465000,79.185000,79.185000,4,2020-10-28
2020-10-28 08:00:00,79.195000,79.290000,79.125000,79.170000,4,2020-10-28
2020-10-28 12:00:00,79.195000,79.255000,79.014999,79.044998,4,2020-10-28
2020-10-28 16:00:00,79.044998,79.135000,78.830000,78.895000,4,2020-10-28
2020-10-28 20:00:00,78.880000,78.925000,78.545000,78.615000,4,2020-10-29
2020-10-29 00:00:00,78.620000,78.645000,78.225000,78.360000,4,2020-10-29
2020-10-29 04:00:00,78.380000,78.515000,78.280000,78.300000,4,2020-10-29
2020-10-29 08:00:00,78.340000,78.465000,78.275000,78.415000,4,2020-10-29
2020-10-29 12:00:00,78.445000,78.645000,78.365000,78.585000,4,2020-10-29
2020-10-29 16:00:00,78.600000,78.620000,78.260000,78.285000,4,2020-10-29
2020-10-29 20:00:00,78.290000,78.350000,77.970000,78.074997,4,2020-10-30
2020-10-30 00:00:00,78.070000,78.435000,77.910000,78.405000,4,2020-10-30
2020-10-30 04:00:00,78.405000,78.655000,78.335000,78.500000,4,2020-10-30
2020-10-30 08:00:00,78.515000,78.590000,78.470000,78.545000,4,2020-10-30
2020-10-30 12:00:00,78.515000,78.595000,78.385000,78.415000,4,2020-10-30
2020-10-30 16:00:00,78.410000,78.420000,78.070000,78.320000,4,2020-10-30
2020-10-30 20:00:00,78.320000,78.445000,78.245000,78.410000,1,2020-10-30
2020-11-02 04:00:00,78.505000,78.510000,78.500000,78.500000,1,2020-11-02
2020-11-02 08:00:00,78.500000,78.575000,78.220000,78.425000,4,2020-11-02
2020-11-02 12:00:00,78.425000,78.560000,78.385000,78.460000,4,2020-11-02
2020-11-02 16:00:00,78.465000,78.715000,78.460000,78.695000,4,2020-11-02
2020-11-02 20:00:00,78.690000,78.835000,78.670000,78.700000,4,2020-11-03
2020-11-03 00:00:00,78.730000,79.140000,78.710000,79.070000,4,2020-11-03
2020-11-03 04:00:00,79.065002,79.270000,79.055000,79.220000,4,2020-11-03
2020-11-03 08:00:00,79.215000,79.300000,79.150000,79.270000,4,2020-11-03
2020-11-03 12:00:00,79.290000,79.310000,79.145000,79.145000,4,2020-11-03
2020-11-03 16:00:00,79.175000,79.435000,78.995000,79.420000,4,2020-11-03
2020-11-03 20:00:00,79.430000,79.720000,79.425000,79.575000,4,2020-11-04
2020-11-04 00:00:00,79.570000,79.835000,79.565000,79.570000,4,2020-11-04
2020-11-04 04:00:00,79.595000,79.595000,79.360000,79.515000,4,2020-11-04
2020-11-04 08:00:00,79.525000,79.885000,79.330000,79.365000,4,2020-11-04
2020-11-04 12:00:00,79.355000,79.670000,79.145000,79.195000,4,2020-11-04
2020-11-04 16:00:00,79.185000,79.335000,78.885000,79.180000,4,2020-11-04
2020-11-04 20:00:00,79.200000,79.430000,79.115000,79.330000,4,2020-11-05
2020-11-05 00:00:00,79.340000,79.650000,79.160000,79.600000,4,2020-11-05
2020-11-05 04:00:00,79.605000,79.795000,79.480000,79.535000,4,2020-11-05
2020-11-05 08:00:00,79.550000,79.685000,79.355000,79.365000,4,2020-11-05
2020-11-05 12:00:00,79.375000,79.445000,79.190000,79.395000,4,2020-11-05
2020-11-05 16:00:00,79.400000,79.630000,79.380000,79.415000,4,2020-11-05
2020-11-05 20:00:00,79.425000,79.720000,79.260000,79.460000,4,2020-11-06
2020-11-06 00:00:00,79.450000,79.625000,79.295000,79.485000,4,2020-11-06
2020-11-06 04:00:00,79.465000,79.535000,79.260000,79.345000,4,2020-11-06
2020-11-06 08:00:00,79.370000,79.390000,79.170000,79.305000,4,2020-11-06
2020-11-06 12:00:00,79.300000,79.330000,78.960000,79.025002,4,2020-11-06
2020-11-06 16:00:00,79.014999,79.315000,79.014999,79.145000,4,2020-11-06
2020-11-06 20:00:00,79.145000,79.180000,79.014999,79.019997,2,2020-11-06
2020-11-09 04:00:00,79.205000,79.285000,79.200000,79.215000,1,2020-11-09
2020-11-09 08:00:00,79.225000,79.370000,79.070000,79.355000,4,2020-11-09
2020-11-09 12:00:00,79.330000,79.545000,79.320000,79.515000,4,2020-11-09
2020-11-09 16:00:00,79.515000,79.605000,79.480000,79.520000,4,2020-11-09
2020-11-09 20:00:00,79.525000,80.985000,79.510000,80.970000,4,2020-11-10
2020-11-10 00:00:00,80.995000,81.435000,80.900000,81.345000,4,2020-11-10
2020-11-10 04:00:00,81.345000,81.410000,80.955000,80.965000,4,2020-11-10
2020-11-10 08:00:00,80.965000,81.065002,80.725000,80.770000,4,2020-11-10
2020-11-10 12:00:00,80.785000,80.845000,80.565000,80.715000,4,2020-11-10
2020-11-10 16:00:00,80.725000,80.895000,80.635000,80.725000,4,2020-11-10
2020-11-10 20:00:00,80.745500,81.004997,80.705000,80.790000,4,2020-11-11
2020-11-11 00:00:00,80.805000,81.105000,80.700000,81.055000,4,2020-11-11
2020-11-11 04:00:00,81.055000,81.084999,80.735000,80.760000,4,2020-11-11
2020-11-11 08:00:00,80.780000,80.865000,80.625000,80.635000,4,2020-11-11
2020-11-11 12:00:00,80.625000,80.820000,80.580000,80.695000,4,2020-11-11
2020-11-11 16:00:00,80.705000,80.930000,80.665000,80.920000,4,2020-11-11
2020-11-11 20:00:00,80.910000,80.945000,80.675000,80.770000,4,2020-11-12
2020-11-12 00:00:00,80.745000,80.965000,80.665000,80.825000,4,2020-11-12
2020-11-12 04:00:00,80.830000,80.885000,80.620000,80.665000,4,2020-11-12
2020-11-12 08:00:00,80.670000,80.755000,80.635000,80.670000,4,2020-11-12
2020-11-12 12:00:00,80.670000,80.680000,80.455000,80.460000,4,2020-11-12
2020-11-12 16:00:00,80.480000,80.535000,80.275000,80.530000,4,2020-11-12
2020-11-12 20:00:00,80.505000,80.675000,80.395000,80.405000,4,2020-11-13
2020-11-13 00:00:00,80.405000,80.515000,80.014999,80.225000,4,2020-11-13
2020-11-13 04:00:00,80.230000,80.245000,79.930000,80.059998,4,2020-11-13
2020-11-13 08:00:00,80.050003,80.089996,79.795000,79.815000,4,2020-11-13
2020-11-13 12:00:00,79.805000,79.900000,79.665000,79.730000,4,2020-11-13
2020-11-13 16:00:00,79.710000,80.010002,79.665000,79.930000,4,2020-11-13
2020-11-13 20:00:00,79.935000,80.120000,79.885000,80.074997,2,2020-11-13
2020-11-16 04:00:00,79.705000,79.705000,79.640000,79.650000,1,2020-11-16
2020-11-16 08:00:00,79.655000,79.845000,79.600000,79.820000,4,2020-11-16
2020-11-16 12:00:00,79.805000,79.815000,79.705000,79.720000,3,2020-11-16
2020-11-16 16:00:00,79.765500,79.835000,79.670000,79.700000,4,2020-11-16
2020-11-16 20:00:00,79.700000,80.345000,79.645000,80.225000,4,2020-11-17
2020-11-17 00:00:00,80.220000,80.275000,79.825000,79.970000,4,2020-11-17
2020-11-17 04:00:00,79.975000,79.990000,79.800000,79.840000,4,2020-11-17
2020-11-17 08:00:00,79.855000,80.025002,79.850000,79.950000,4,2020-11-17
2020-11-17 12:00:00,79.955000,80.014999,79.895000,79.960000,4,2020-11-17
2020-11-17 16:00:00,79.945000,79.965500,79.685000,79.720000,4,2020-11-17
2020-11-17 20:00:00,79.735000,79.855000,79.625000,79.675000,4,2020-11-18
2020-11-18 00:00:00,79.670000,79.695000,79.390000,79.515000,4,2020-11-18
2020-11-18 04:00:00,79.495000,79.725000,79.495000,79.575000,4,2020-11-18
2020-11-18 08:00:00,79.575000,79.640000,79.335000,79.365000,4,2020-11-18
2020-11-18 12:00:00,79.350000,79.525000,79.335000,79.480000,4,2020-11-18
2020-11-18 16:00:00,79.480000,79.540000,79.375000,79.490000,4,2020-11-18
2020-11-18 20:00:00,79.470000,79.625000,79.405000,79.510000,4,2020-11-19
2020-11-19 00:00:00,79.485000,79.525000,79.240000,79.485000,4,2020-11-19
2020-11-19 04:00:00,79.475000,79.685000,79.405000,79.410000,4,2020-11-19
2020-11-19 08:00:00,79.405000,79.445000,79.275000,79.300000,4,2020-11-19
2020-11-19 12:00:00,79.315000,79.370000,79.225000,79.315000,4,2020-11-19
2020-11-19 16:00:00,79.320000,79.480000,79.240000,79.265000,4,2020-11-19
2020-11-19 20:00:00,79.265000,79.475000,79.235000,79.400000,4,2020-11-20
2020-11-20 00:00:00,79.375000,79.475000,79.315000,79.390000,4,2020-11-20
2020-11-20 04:00:00,79.385000,79.500000,79.350000,79.460000,4,2020-11-20
2020-11-20 08:00:00,79.465000,79.515000,79.315000,79.415000,4,2020-11-20
2020-11-20 12:00:00,79.400000,79.485000,79.370000,79.445000,4,2020-11-20
2020-11-20 16:00:00,79.450000,79.545000,79.370000,79.515000,4,2020-11-20
2020-11-20 20:00:00,79.485000,79.565000,79.450000,79.480000,2,2020-11-20
2020-11-23 04:00:00,79.335000,79.350000,79.285000,79.295000,1,2020-11-23
2020-11-23 08:00:00,79.295000,79.405000,79.280000,79.370000,4,2020-11-23
2020-11-23 12:00:00,79.385000,79.400000,79.310000,79.315000,4,2020-11-23
2020-11-23 16:00:00,79.315000,79.570000,79.310000,79.550000,4,2020-11-23
2020-11-23 20:00:00,79.565000,79.565000,79.405000,79.480000,4,2020-11-24
2020-11-24 00:00:00,79.495000,79.855000,79.365000,79.715000,4,2020-11-24
2020-11-24 04:00:00,79.725000,79.955000,79.655000,79.940000,4,2020-11-24
2020-11-24 08:00:00,79.955000,80.115000,79.845000,80.089996,4,2020-11-24
2020-11-24 12:00:00,80.070000,80.155000,80.004997,80.110000,4,2020-11-24
2020-11-24 16:00:00,80.115000,80.155000,79.975000,80.074997,4,2020-11-24
2020-11-24 20:00:00,80.080002,80.110000,79.940000,80.044998,4,2020-11-25
2020-11-25 00:00:00,80.044998,80.375000,79.940000,80.305000,4,2020-11-25
2020-11-25 04:00:00,80.300000,80.425000,80.285000,80.355000,4,2020-11-25
2020-11-25 08:00:00,80.335000,80.465000,80.310000,80.405000,4,2020-11-25
2020-11-25 12:00:00,80.410000,80.495000,80.345000,80.350000,4,2020-11-25
2020-11-25 16:00:00,80.345000,80.380000,80.215000,80.295000,4,2020-11-25
2020-11-25 20:00:00,80.280000,80.325000,80.185000,80.205000,4,2020-11-26
2020-11-26 00:00:00,80.200000,80.355000,80.120000,80.345000,4,2020-11-26
2020-11-26 04:00:00,80.335000,80.395000,80.255000,80.355000,4,2020-11-26
2020-11-26 08:00:00,80.345000,80.370000,80.225000,80.230000,4,2020-11-26
2020-11-26 12:00:00,80.230000,80.330000,80.210000,80.250000,4,2020-11-26
2020-11-26 16:00:00,80.230000,80.320000,80.125000,80.145000,4,2020-11-26
2020-11-26 20:00:00,80.140000,80.205000,80.110000,80.165000,4,2020-11-27
2020-11-27 00:00:00,80.155000,80.225000,80.074997,80.140000,4,2020-11-27
2020-11-27 04:00:00,80.120000,80.160000,80.055000,80.065002,4,2020-11-27
2020-11-27 08:00:00,80.074997,80.140000,79.950000,79.960000,4,2020-11-27
2020-11-27 12:00:00,79.950000,79.980000,79.845000,79.895000,4,2020-11-27
2020-11-27 16:00:00,79.915000,80.089996,79.855000,80.084999,4,2020-11-27
2020-11-27 20:00:00,80.074997,80.165000,79.985000,80.140000,2,2020-11-27
2020-11-30 04:00:00,80.074997,80.084999,80.055000,80.084999,1,2020-11-30
2020-11-30 08:00:00,80.095001,80.260000,79.940000,79.980000,4,2020-11-30
2020-11-30 12:00:00,79.985000,80.044998,79.940000,79.980000,4,2020-11-30
2020-11-30 16:00:00,79.945000,80.320000,79.930000,80.275000,4,2020-11-30
2020-11-30 20:00:00,80.285000,80.435000,80.130000,80.355000,4,2020-12-01
2020-12-01 00:00:00,80.370000,80.670000,80.305000,80.400000,4,2020-12-01
2020-12-01 04:00:00,80.395000,80.505000,80.305000,80.375000,4,2020-12-01
2020-12-01 08:00:00,80.385000,80.475000,80.180000,80.350000,4,2020-12-01
2020-12-01 12:00:00,80.355000,80.565000,80.340000,80.475000,4,2020-12-01
2020-12-01 16:00:00,80.485000,80.585000,80.445000,80.515000,4,2020-12-01
2020-12-01 20:00:00,80.495000,80.525000,80.360000,80.485000,4,2020-12-02
2020-12-02 00:00:00,80.475000,80.715000,80.395000,80.575000,4,2020-12-02
2020-12-02 04:00:00,80.585000,80.775000,80.535000,80.625000,4,2020-12-02
2020-12-02 08:00:00,80.630000,80.690000,80.570000,80.660000,4,2020-12-02
2020-12-02 12:00:00,80.650000,80.730000,80.600000,80.645000,4,2020-12-02
2020-12-02 16:00:00,80.645000,80.930000,80.635000,80.895000,4,2020-12-02
2020-12-02 20:00:00,80.900000,81.029999,80.790000,80.795000,4,2020-12-03
2020-12-03 00:00:00,80.795000,80.875000,80.715000,80.805000,4,2020-12-03
2020-12-03 04:00:00,80.815000,80.940000,80.775000,80.880000,4,2020-12-03
2020-12-03 08:00:00,80.855000,80.920000,80.790000,80.855000,4,2020-12-03
2020-12-03 12:00:00,80.860000,80.925000,80.795000,80.840000,4,2020-12-03
2020-12-03 16:00:00,80.830000,80.860000,80.715000,80.715000,4,2020-12-03
2020-12-03 20:00:00,80.710000,80.745000,80.545000,80.640000,4,2020-12-04
2020-12-04 00:00:00,80.630000,80.665000,80.425000,80.615000,4,2020-12-04
2020-12-04 04:00:00,80.600000,80.915000,80.575000,80.735000,4,2020-12-04
2020-12-04 08:00:00,80.725000,80.800000,80.665000,80.700000,4,2020-12-04
2020-12-04 12:00:00,80.685000,80.825000,80.630000,80.790000,4,2020-12-04
2020-12-04 16:00:00,80.790000,80.895000,80.770000,80.895000,4,2020-12-04
2020-12-04 20:00:00,80.870000,80.935000,80.830000,80.865000,2,2020-12-04
2020-12-07 04:00:00,81.390000,81.495000,81.390000,81.470000,1,2020-12-07
2020-12-07 08:00:00,81.470000,81.575000,81.415000,81.450000,4,2020-12-07
2020-12-07 12:00:00,81.475000,81.485000,81.300000,81.325000,4,2020-12-07
2020-12-07 16:00:00,81.325000,81.485000,81.255000,81.280000,4,2020-12-07
2020-12-07 20:00:00,81.295000,81.410000,81.265000,81.325000,4,2020-12-08
2020-12-08 00:00:00,81.325000,81.355000,81.170000,81.285000,4,2020-12-08
2020-12-08 04:00:00,81.285000,81.325000,81.195000,81.325000,4,2020-12-08
2020-12-08 08:00:00,81.305000,81.355000,81.170000,81.275000,4,2020-12-08
2020-12-08 12:00:00,81.265000,81.375000,81.265000,81.345000,4,2020-12-08
2020-12-08 16:00:00,81.350000,81.420000,81.295000,81.375000,4,2020-12-08
2020-12-08 20:00:00,81.385000,81.490000,81.285000,81.350000,4,2020-12-09
2020-12-09 00:00:00,81.360000,81.470000,81.245000,81.320000,4,2020-12-09
2020-12-09 04:00:00,81.300000,81.360000,81.190000,81.255000,4,2020-12-09
2020-12-09 08:00:00,81.275000,81.315000,81.215000,81.265000,4,2020-12-09
2020-12-09 12:00:00,81.270000,81.390000,81.245000,81.355000,4,2020-12-09
2020-12-09 16:00:00,81.350000,81.555000,81.335000,81.515000,4,2020-12-09
2020-12-09 20:00:00,81.495000,81.545000,81.400000,81.455000,4,2020-12-10
2020-12-10 00:00:00,81.435000,81.645000,81.325000,81.520000,4,2020-12-10
2020-12-10 04:00:00,81.525000,81.555000,81.240000,81.290000,4,2020-12-10
2020-12-10 08:00:00,81.285000,81.380000,81.245000,81.355000,4,2020-12-10
2020-12-10 12:00:00,81.345000,81.650000,81.310000,81.635000,4,2020-12-10
2020-12-10 16:00:00,81.610000,81.755000,81.540000,81.655000,4,2020-12-10
2020-12-10 20:00:00,81.650000,81.835000,81.610000,81.810000,4,2020-12-11
2020-12-11 00:00:00,81.805000,82.140000,81.755000,81.950000,4,2020-12-11
2020-12-11 04:00:00,81.945000,81.995000,81.725000,81.820000,4,2020-12-11
2020-12-11 08:00:00,81.815000,81.880000,81.570000,81.585000,4,2020-12-11
2020-12-11 12:00:00,81.595000,81.805000,81.590000,81.730000,4,2020-12-11
2020-12-11 16:00:00,81.755000,81.810000,81.540000,81.590000,4,2020-12-11
2020-12-11 20:00:00,81.575000,81.645000,81.445000,81.525000,2,2020-12-11
2020-12-14 04:00:00,81.590000,81.620000,81.545000,81.555000,1,2020-12-14
2020-12-14 08:00:00,81.550000,81.605000,81.415000,81.520000,4,2020-12-14
2020-12-14 12:00:00,81.505000,81.570000,81.475000,81.570000,4,2020-12-14
2020-12-14 16:00:00,81.570000,81.600000,81.435000,81.445000,4,2020-12-14
2020-12-14 20:00:00,81.450000,81.490000,81.295000,81.480000,4,2020-12-15
2020-12-15 00:00:00,81.465000,81.635000,81.340000,81.365000,4,2020-12-15
2020-12-15 04:00:00,81.400000,81.585000,81.390000,81.535000,4,2020-12-15
2020-12-15 08:00:00,81.545000,81.650000,81.470000,81.635000,4,2020-12-15
2020-12-15 12:00:00,81.625000,81.645000,81.515000,81.545000,4,2020-12-15
2020-12-15 16:00:00,81.540000,81.640000,81.505000,81.615000,4,2020-12-15
2020-12-15 20:00:00,81.615000,81.645000,81.425000,81.475000,4,2020-12-16
2020-12-16 00:00:00,81.505000,81.545000,81.375000,81.470000,4,2020-12-16
2020-12-16 04:00:00,81.455000,81.745000,81.445000,81.620000,4,2020-12-16
2020-12-16 08:00:00,81.645000,81.680000,81.535000,81.585000,4,2020-12-16
2020-12-16 12:00:00,81.590000,81.625000,81.270000,81.275000,4,2020-12-16
2020-12-16 16:00:00,81.285000,81.360000,81.215000,81.295000,4,2020-12-16
2020-12-16 20:00:00,81.305000,81.325000,81.000000,81.019997,4,2020-12-17
2020-12-17 00:00:00,81.014999,81.305000,80.955000,81.230000,4,2020-12-17
2020-12-17 04:00:00,81.235000,81.315000,81.165000,81.230000,4,2020-12-17
2020-12-17 08:00:00,81.245000,81.280000,81.125000,81.145000,4,2020-12-17
2020-12-17 12:00:00,81.145000,81.260000,81.084999,81.225000,4,2020-12-17
2020-12-17 16:00:00,81.220000,81.335000,81.170000,81.215000,4,2020-12-17
2020-12-17 20:00:00,81.205000,81.275000,81.050003,81.099998,4,2020-12-18
2020-12-18 00:00:00,81.105000,81.195000,80.945000,81.115000,4,2020-12-18
2020-12-18 04:00:00,81.125000,81.125000,80.930000,81.050003,4,2020-12-18
2020-12-18 08:00:00,81.044998,81.105000,80.985000,81.059998,4,2020-12-18
2020-12-18 12:00:00,81.059998,81.190000,81.035004,81.175000,4,2020-12-18
2020-12-18 16:00:00,81.170000,81.315000,81.070000,81.160000,4,2020-12-18
2020-12-18 20:00:00,81.155000,81.215000,81.059998,81.070000,2,2020-12-18
2020-12-21 04:00:00,80.925000,80.925000,80.895000,80.895000,1,2020-12-21
2020-12-21 08:00:00,80.905000,80.920000,80.640000,80.650000,4,2020-12-21
2020-12-21 12:00:00,80.655000,80.695000,80.405000,80.510000,4,2020-12-21
2020-12-21 16:00:00,80.515000,80.585000,80.345000,80.405000,4,2020-12-21
2020-12-21 20:00:00,80.400000,80.515000,80.140000,80.355000,4,2020-12-22
2020-12-22 00:00:00,80.360000,80.595000,80.285000,80.570000,4,2020-12-22
2020-12-22 04:00:00,80.575000,80.635000,80.380000,80.395000,4,2020-12-22
2020-12-22 08:00:00,80.410000,80.455000,80.315000,80.340000,4,2020-12-22
2020-12-22 12:00:00,80.345000,80.485000,80.325000,80.365000,4,2020-12-22
2020-12-22 16:00:00,80.365000,80.415000,80.255000,80.335000,4,2020-12-22
2020-12-22 20:00:00,80.325000,80.415000,80.230000,80.375000,4,2020-12-23
2020-12-23 00:00:00,80.365000,80.395000,80.145000,80.220000,4,2020-12-23
2020-12-23 04:00:00,80.225000,80.390000,80.195000,80.300000,4,2020-12-23
2020-12-23 08:00:00,80.295000,80.340000,80.225000,80.245000,4,2020-12-23
2020-12-23 12:00:00,80.250000,80.330000,80.225000,80.260000,4,2020-12-23
2020-12-23 16:00:00,80.255000,80.320000,80.185000,80.295000,4,2020-12-23
2020-12-23 20:00:00,80.280000,80.415000,80.280000,80.335000,4,2020-12-24
2020-12-24 00:00:00,80.345000,80.645000,80.325000,80.625000,4,2020-12-24
2020-12-24 04:00:00,80.615000,80.725000,80.535000,80.535000,4,2020-12-24
2020-12-24 08:00:00,80.530000,80.685000,80.525000,80.635000,4,2020-12-24
2020-12-24 12:00:00,80.635000,80.720000,80.555000,80.600000,4,2020-12-24
2020-12-24 16:00:00,80.610000,80.745000,80.575000,80.640000,4,2020-12-24
2020-12-24 20:00:00,80.635000,80.825000,80.610000,80.725000,4,2020-12-25
2020-12-25 00:00:00,80.715000,80.890000,80.660000,80.820000,4,2020-12-25
2020-12-25 04:00:00,80.810000,80.920000,80.665000,80.705000,4,2020-12-25
2020-12-25 08:00:00,80.705000,80.740000,80.445000,80.540000,4,2020-12-25
2020-12-25 12:00:00,80.525000,80.580000,80.485000,80.510000,4,2020-12-25
2020-12-25 16:00:00,80.500000,80.600000,80.360000,80.395000,4,2020-12-25
2020-12-25 20:00:00,80.395000,80.447500,80.340000,80.400500,2,2020-12-25
2020-12-28 04:00:00,80.615000,80.615000,80.615000,80.615000,1,2020-12-28
2020-12-28 08:00:00,80.555000,80.735000,80.465000,80.600000,4,2020-12-28
2020-12-28 12:00:00,80.615000,80.670000,80.535000,80.615000,4,2020-12-28
2020-12-28 16:00:00,80.615000,80.690000,80.535000,80.680000,4,2020-12-28
2020-12-28 20:00:00,80.675000,80.765000,80.650000,80.695000,4,2020-12-29
2020-12-29 00:00:00,80.705000,80.860000,80.625000,80.705000,4,2020-12-29
2020-12-29 04:00:00,80.680000,80.885000,80.670000,80.855000,4,2020-12-29
2020-12-29 08:00:00,80.840000,80.855000,80.705000,80.820000,4,2020-12-29
2020-12-29 12:00:00,80.815000,80.885000,80.775000,80.825000,4,2020-12-29
2020-12-29 16:00:00,80.825000,80.915000,80.800000,80.835000,4,2020-12-29
2020-12-29 20:00:00,80.830000,80.965000,80.820000,80.900000,4,2020-12-30
2020-12-30 00:00:00,80.905000,81.059998,80.820000,80.890000,4,2020-12-30
2020-12-30 04:00:00,80.895000,80.955000,80.760000,80.815000,4,2020-12-30
2020-12-30 08:00:00,80.785000,80.860000,80.705000,80.790000,4,2020-12-30
2020-12-30 12:00:00,80.780000,80.835000,80.695000,80.765000,4,2020-12-30
2020-12-30 16:00:00,80.760000,80.825000,80.650000,80.680000,4,2020-12-30
2020-12-30 20:00:00,80.685000,80.765000,80.595000,80.645000,4,2020-12-31
2020-12-31 00:00:00,80.630000,81.044998,80.530000,80.935000,4,2020-12-31
2020-12-31 04:00:00,80.940000,80.975000,80.845000,80.915000,4,2020-12-31
2020-12-31 08:00:00,80.925000,80.985000,80.805000,80.935000,4,2020-12-31
2020-12-31 12:00:00,80.920000,80.985000,80.880000,80.945000,4,2020-12-31
2020-12-31 16:00:00,80.945000,81.025002,80.860000,80.960000,4,2020-12-31
2020-12-31 20:00:00,80.945000,80.990000,80.780000,80.835000,4,2021-01-01
2021-01-01 00:00:00,80.845000,81.125000,80.835000,80.905000,4,2021-01-01
2021-01-01 04:00:00,80.910000,81.165000,80.870000,81.165000,4,2021-01-01
2021-01-01 08:00:00,81.170000,81.185000,81.065002,81.080002,4,2021-01-01
2021-01-01 12:00:00,81.080002,81.080002,81.080002,81.080002,4,2021-01-01
2021-01-01 16:00:00,81.080002,81.080002,81.080002,81.080002,4,2021-01-01
2021-01-01 20:00:00,81.080002,81.099998,81.080002,81.080002,2,2021-01-01
2021-01-04 04:00:00,81.059998,81.105000,81.035004,81.035004,1,2021-01-04
2021-01-04 08:00:00,81.065002,81.215000,80.905000,80.965000,4,2021-01-04
2021-01-04 12:00:00,80.965000,81.145000,80.945000,81.070000,4,2021-01-04
2021-01-04 16:00:00,81.070000,81.155000,80.930000,81.040001,4,2021-01-04
2021-01-04 20:00:00,81.029999,81.155000,80.985000,81.074997,4,2021-01-05
2021-01-05 00:00:00,81.055000,81.185000,80.730000,80.735000,4,2021-01-05
2021-01-05 04:00:00,80.735000,80.800000,80.615000,80.715000,4,2021-01-05
2021-01-05 08:00:00,80.705000,80.745000,80.625000,80.710000,4,2021-01-05
2021-01-05 12:00:00,80.690000,80.935000,80.675000,80.750000,4,2021-01-05
2021-01-05 16:00:00,80.725000,80.790000,80.630000,80.715000,4,2021-01-05
2021-01-05 20:00:00,80.710000,80.805000,80.660000,80.705000,4,2021-01-06
2021-01-06 00:00:00,80.695000,80.885000,80.550000,80.885000,4,2021-01-06
2021-01-06 04:00:00,80.865000,81.125000,80.855000,81.044998,4,2021-01-06
2021-01-06 08:00:00,81.029999,81.115000,80.965000,81.029999,4,2021-01-06
2021-01-06 12:00:00,81.044998,81.175000,81.004997,81.140000,4,2021-01-06
2021-01-06 16:00:00,81.135000,81.245000,81.089996,81.170000,4,2021-01-06
2021-01-06 20:00:00,81.165000,81.425000,81.065002,81.155000,4,2021-01-07
2021-01-07 00:00:00,81.135000,81.550000,81.135000,81.390000,4,2021-01-07
2021-01-07 04:00:00,81.420000,81.495000,81.165000,81.320000,4,2021-01-07
2021-01-07 08:00:00,81.320000,81.400000,81.225000,81.355000,4,2021-01-07
2021-01-07 12:00:00,81.340000,81.475000,81.300000,81.375000,4,2021-01-07
2021-01-07 16:00:00,81.380000,81.570000,81.345000,81.475000,4,2021-01-07
2021-01-07 20:00:00,81.480000,81.615000,81.400000,81.495000,4,2021-01-08
2021-01-08 00:00:00,81.485000,81.730000,81.430000,81.630000,4,2021-01-08
2021-01-08 04:00:00,81.655000,81.935000,81.615000,81.925000,4,2021-01-08
2021-01-08 08:00:00,81.925000,81.945000,81.765000,81.865000,4,2021-01-08
2021-01-08 12:00:00,81.855000,81.940000,81.825000,81.920000,4,2021-01-08
2021-01-08 16:00:00,81.920000,82.010002,81.845000,81.905000,4,2021-01-08
2021-01-08 20:00:00,81.905000,81.960000,81.830000,81.945000,2,2021-01-08
2021-01-11 04:00:00,81.790000,81.795000,81.745000,81.745000,1,2021-01-11
2021-01-11 08:00:00,81.775000,81.860000,81.725000,81.780000,4,2021-01-11
2021-01-11 12:00:00,81.745000,81.825000,81.635000,81.675000,4,2021-01-11
2021-01-11 16:00:00,81.655000,81.710000,81.560000,81.625000,4,2021-01-11
2021-01-11 20:00:00,81.620000,81.690000,81.455000,81.545000,4,2021-01-12
2021-01-12 00:00:00,81.540000,81.610000,81.235000,81.575000,4,2021-01-12
2021-01-12 04:00:00,81.570000,81.620000,81.455000,81.545000,4,2021-01-12
2021-01-12 08:00:00,81.530000,81.605000,81.475000,81.560000,4,2021-01-12
2021-01-12 12:00:00,81.565000,81.640000,81.520000,81.595000,4,2021-01-12
2021-01-12 16:00:00,81.595000,81.770000,81.580000,81.725000,4,2021-01-12
2021-01-12 20:00:00,81.745000,81.835000,81.645000,81.790000,4,2021-01-13
2021-01-13 00:00:00,81.775000,81.790000,81.595000,81.695000,4,2021-01-13
2021-01-13 04:00:00,81.665000,81.720000,81.575000,81.610000,4,2021-01-13
2021-01-13 08:00:00,81.600000,81.675000,81.505000,81.515000,4,2021-01-13
2021-01-13 12:00:00,81.530000,81.550000,81.455000,81.500000,4,2021-01-13
2021-01-13 16:00:00,81.495000,81.590000,81.475000,81.540000,4,2021-01-13
2021-01-13 20:00:00,81.535000,81.710000,81.510000,81.620000,4,2021-01-14
2021-01-14 00:00:00,81.635000,81.780000,81.505000,81.765000,4,2021-01-14
2021-01-14 04:00:00,81.740000,81.935000,81.705000,81.805000,4,2021-01-14
2021-01-14 08:00:00,81.795000,81.925000,81.725000,81.895000,4,2021-01-14
2021-01-14 12:00:00,81.900000,82.035004,81.810000,82.025002,4,2021-01-14
2021-01-14 16:00:00,82.019997,82.120000,81.905000,82.035004,4,2021-01-14
2021-01-14 20:00:00,82.040001,82.110000,81.995000,82.050003,4,2021-01-15
2021-01-15 00:00:00,82.074997,82.205000,81.905000,82.070000,4,2021-01-15
2021-01-15 04:00:00,82.040001,82.175000,82.004997,82.095001,4,2021-01-15
2021-01-15 08:00:00,82.074997,82.160000,82.040001,82.065002,4,2021-01-15
2021-01-15 12:00:00,82.080002,82.105000,82.000000,82.014999,4,2021-01-15
2021-01-15 16:00:00,82.044998,82.050003,81.715000,81.790000,4,2021-01-15
2021-01-15 20:00:00,81.780000,81.815000,81.645000,81.665000,2,2021-01-15
2021-01-18 04:00:00,81.485000,81.505000,81.460000,81.485000,1,2021-01-18
2021-01-18 08:00:00,81.485000,81.620000,81.305000,81.350000,4,2021-01-18
2021-01-18 12:00:00,81.360000,81.360000,81.160000,81.180000,4,2021-01-18
2021-01-18 16:00:00,81.185000,81.240000,81.084999,81.115000,4,2021-01-18
2021-01-18 20:00:00,81.110000,81.265000,81.105000,81.170000,4,2021-01-19
2021-01-19 00:00:00,81.175000,81.295000,81.160000,81.245000,4,2021-01-19
2021-01-19 04:00:00,81.260000,81.395000,81.225000,81.350000,4,2021-01-19
2021-01-19 08:00:00,81.340000,81.465000,81.265000,81.430000,4,2021-01-19
2021-01-19 12:00:00,81.435000,81.815000,81.425000,81.760000,4,2021-01-19
2021-01-19 16:00:00,81.750000,81.795000,81.605000,81.635000,4,2021-01-19
2021-01-19 20:00:00,81.640000,81.770000,81.605000,81.695000,4,2021-01-20
2021-01-20 00:00:00,81.705000,81.760000,81.465000,81.635000,4,2021-01-20
2021-01-20 04:00:00,81.645000,81.665000,81.525000,81.580000,4,2021-01-20
2021-01-20 08:00:00,81.560000,81.695000,81.505000,81.645000,4,2021-01-20
2021-01-20 12:00:00,81.640000,81.680000,81.560000,81.650000,4,2021-01-20
2021-01-20 16:00:00,81.645000,81.835000,81.625000,81.715000,4,2021-01-20
2021-01-20 20:00:00,81.745000,81.800000,81.635000,81.675000,4,2021-01-21
2021-01-21 00:00:00,81.675000,82.140000,81.665000,81.895000,4,2021-01-21
2021-01-21 04:00:00,81.925000,81.965000,81.835000,81.905000,4,2021-01-21
2021-01-21 08:00:00,81.875000,82.135000,81.865000,82.099998,4,2021-01-21
2021-01-21 12:00:00,82.084999,82.115000,81.935000,81.935000,4,2021-01-21
2021-01-21 16:00:00,81.945000,82.044998,81.870000,81.980000,4,2021-01-21
2021-01-21 20:00:00,81.985000,82.014999,81.880000,81.915000,4,2021-01-22
2021-01-22 00:00:00,81.935000,82.225000,81.885000,81.995000,4,2021-01-22
2021-01-22 04:00:00,81.975000,82.019997,81.885000,81.955000,4,2021-01-22
2021-01-22 08:00:00,81.935000,81.980000,81.825000,81.875000,4,2021-01-22
2021-01-22 12:00:00,81.845000,81.890000,81.705000,81.755000,4,2021-01-22
2021-01-22 16:00:00,81.740000,81.790000,81.620000,81.745000,4,2021-01-22
2021-01-22 20:00:00,81.745000,81.770000,81.615000,81.640000,2,2021-01-22
2021-01-25 04:00:00,81.585000,81.615000,81.585000,81.615000,2,2021-01-25
2021-01-25 08:00:00,81.615000,81.660000,81.505000,81.640000,4,2021-01-25
2021-01-25 12:00:00,81.635000,81.725000,81.595000,81.700000,4,2021-01-25
2021-01-25 16:00:00,81.710000,81.760000,81.625000,81.690000,4,2021-01-25
2021-01-25 20:00:00,81.660000,81.790000,81.520000,81.570000,4,2021-01-26
2021-01-26 00:00:00,81.545000,81.660000,81.240000,81.425000,4,2021-01-26
2021-01-26 04:00:00,81.410000,81.535000,81.375000,81.430000,4,2021-01-26
2021-01-26 08:00:00,81.435000,81.490000,81.385000,81.385000,4,2021-01-26
2021-01-26 12:00:00,81.390000,81.455000,81.245000,81.270000,4,2021-01-26
2021-01-26 16:00:00,81.295000,81.425000,81.165000,81.400000,4,2021-01-26
2021-01-26 20:00:00,81.415000,81.625000,81.360000,81.570000,4,2021-01-27
2021-01-27 00:00:00,81.570000,81.660000,81.480000,81.575000,4,2021-01-27
2021-01-27 04:00:00,81.575000,81.700000,81.560000,81.620000,4,2021-01-27
2021-01-27 08:00:00,81.635000,81.705000,81.595000,81.650000,4,2021-01-27
2021-01-27 12:00:00,81.665000,81.695000,81.510000,81.525000,4,2021-01-27
2021-01-27 16:00:00,81.525000,81.575000,81.455000,81.495000,4,2021-01-27
2021-01-27 20:00:00,81.500000,81.635000,81.405000,81.410000,4,2021-01-28
2021-01-28 00:00:00,81.425000,81.555000,81.225000,81.430000,4,2021-01-28
2021-01-28 04:00:00,81.440000,81.635000,81.315000,81.365000,4,2021-01-28
2021-01-28 08:00:00,81.380000,81.415000,81.235000,81.280000,4,2021-01-28
2021-01-28 12:00:00,81.280000,81.450000,81.245000,81.305000,4,2021-01-28
2021-01-28 16:00:00,81.280000,81.350000,81.044998,81.084999,4,2021-01-28
2021-01-28 20:00:00,81.084999,81.205000,80.985000,81.145000,4,2021-01-29
2021-01-29 00:00:00,81.165000,81.575000,81.070000,81.415000,4,2021-01-29
2021-01-29 04:00:00,81.415000,81.515000,81.355000,81.375000,4,2021-01-29
2021-01-29 08:00:00,81.370000,81.425000,81.225000,81.365000,4,2021-01-29
2021-01-29 12:00:00,81.370000,81.505000,81.190000,81.255000,4,2021-01-29
2021-01-29 16:00:00,81.230000,81.465000,81.145000,81.435000,4,2021-01-29
2021-01-29 20:00:00,81.435000,81.660000,81.435000,81.635000,2,2021-01-29
2021-02-01 04:00:00,81.915000,81.950000,81.910000,81.930000,1,2021-02-01
2021-02-01 08:00:00,81.930000,81.975000,81.730000,81.845000,4,2021-02-01
2021-02-01 12:00:00,81.835000,81.995000,81.820000,81.970000,4,2021-02-01
2021-02-01 16:00:00,81.970000,82.055000,81.880000,81.915000,4,2021-02-01
2021-02-01 20:00:00,81.915000,82.074997,81.890000,81.960000,4,2021-02-02
2021-02-02 00:00:00,81.945000,82.050003,81.740000,81.845000,4,2021-02-02
2021-02-02 04:00:00,81.840000,81.895000,81.590000,81.595000,4,2021-02-02
2021-02-02 08:00:00,81.615000,81.720000,81.575000,81.615000,4,2021-02-02
2021-02-02 12:00:00,81.615000,81.845000,81.605000,81.825000,4,2021-02-02
2021-02-02 16:00:00,81.815000,82.050003,81.795000,81.990000,4,2021-02-02
2021-02-02 20:00:00,81.985000,82.084999,81.920000,81.990000,4,2021-02-03
2021-02-03 00:00:00,81.970000,82.044998,81.695000,82.014999,4,2021-02-03
2021-02-03 04:00:00,82.004997,82.115000,81.945000,82.084999,4,2021-02-03
2021-02-03 08:00:00,82.084999,82.225000,82.055000,82.105000,4,2021-02-03
2021-02-03 12:00:00,82.105000,82.265000,82.095001,82.190000,4,2021-02-03
2021-02-03 16:00:00,82.165000,82.300000,82.125000,82.190000,4,2021-02-03
2021-02-03 20:00:00,82.205000,82.230000,82.074997,82.099998,4,2021-02-04
2021-02-04 00:00:00,82.105000,82.305000,82.004997,82.285000,4,2021-02-04
2021-02-04 04:00:00,82.305000,82.305000,82.145000,82.180000,4,2021-02-04
2021-02-04 08:00:00,82.155000,82.205000,82.089996,82.150000,4,2021-02-04
2021-02-04 12:00:00,82.135000,82.235000,82.105000,82.140000,4,2021-02-04
2021-02-04 16:00:00,82.140000,82.365000,82.095001,82.345000,4,2021-02-04
2021-02-04 20:00:00,82.365000,82.375000,82.105000,82.180000,4,2021-02-05
2021-02-05 00:00:00,82.180000,82.245000,82.080002,82.170000,4,2021-02-05
2021-02-05 04:00:00,82.175000,82.325000,82.130000,82.315000,4,2021-02-05
2021-02-05 08:00:00,82.305000,82.400000,82.235000,82.270000,4,2021-02-05
2021-02-05 12:00:00,82.275000,82.365000,82.250000,82.260000,4,2021-02-05
2021-02-05 16:00:00,82.265000,82.460000,82.245000,82.355000,4,2021-02-05
2021-02-05 20:00:00,82.355000,82.605000,82.355000,82.510000,2,2021-02-05
2021-02-08 04:00:00,82.525000,82.525000,82.510000,82.515000,1,2021-02-08
2021-02-08 08:00:00,82.515000,82.695000,82.510000,82.650000,4,2021-02-08
2021-02-08 12:00:00,82.645000,82.700000,82.595000,82.665000,4,2021-02-08
2021-02-08 16:00:00,82.660000,82.735000,82.605000,82.730000,4,2021-02-08
2021-02-08 20:00:00,82.700000,82.725000,82.605000,82.635000,4,2021-02-09
2021-02-09 00:00:00,82.620000,82.685000,82.405000,82.480000,4,2021-02-09
2021-02-09 04:00:00,82.465000,82.610000,82.455000,82.585000,4,2021-02-09
2021-02-09 08:00:00,82.590000,82.645000,82.550000,82.585000,4,2021-02-09
2021-02-09 12:00:00,82.590000,82.615000,82.370000,82.385000,4,2021-02-09
2021-02-09 16:00:00,82.380000,82.465000,82.300000,82.365000,4,2021-02-09
2021-02-09 20:00:00,82.365000,82.385000,82.165000,82.185000,4,2021-02-10
2021-02-10 00:00:00,82.170000,82.330000,81.965000,82.285000,4,2021-02-10
2021-02-10 04:00:00,82.285000,82.385000,82.270000,82.340000,4,2021-02-10
2021-02-10 08:00:00,82.320000,82.440000,82.260000,82.385000,4,2021-02-10
2021-02-10 12:00:00,82.365000,82.445000,82.315000,82.360000,4,2021-02-10
2021-02-10 16:00:00,82.345000,82.440000,82.325000,82.365000,4,2021-02-10
2021-02-10 20:00:00,82.360000,82.565000,82.305000,82.505000,4,2021-02-11
2021-02-11 00:00:00,82.500000,82.575000,82.380000,82.545000,4,2021-02-11
2021-02-11 04:00:00,82.545000,82.565000,82.350000,82.380000,4,2021-02-11
2021-02-11 08:00:00,82.380000,82.430000,82.300000,82.320000,4,2021-02-11
2021-02-11 12:00:00,82.315000,82.430000,82.285000,82.420000,4,2021-02-11
2021-02-11 16:00:00,82.410000,82.595000,82.395000,82.570000,4,2021-02-11
2021-02-11 20:00:00,82.575000,82.655000,82.520000,82.625000,4,2021-02-12
2021-02-12 00:00:00,82.655000,82.695000,82.500000,82.570000,4,2021-02-12
2021-02-12 04:00:00,82.570000,82.590000,82.455000,82.470000,4,2021-02-12
2021-02-12 08:00:00,82.495000,82.540000,82.410000,82.455000,4,2021-02-12
2021-02-12 12:00:00,82.460000,82.500000,82.335000,82.375000,4,2021-02-12
2021-02-12 16:00:00,82.370000,82.465000,82.335000,82.410000,4,2021-02-12
2021-02-12 20:00:00,82.385000,82.495000,82.375000,82.415000,2,2021-02-12
2021-02-15 04:00:00,82.780000,82.780000,82.760000,82.760000,1,2021-02-15
2021-02-15 08:00:00,82.775000,82.880000,82.690000,82.805000,4,2021-02-15
2021-02-15 12:00:00,82.815000,82.975000,82.780000,82.915000,4,2021-02-15
2021-02-15 16:00:00,82.915000,83.130000,82.915000,83.125000,4,2021-02-15
2021-02-15 20:00:00,83.120000,83.265000,83.110000,83.240000,4,2021-02-16
2021-02-16 00:00:00,83.245000,83.400000,83.220000,83.385000,4,2021-02-16
2021-02-16 04:00:00,83.385000,83.425000,83.320000,83.330000,4,2021-02-16
2021-02-16 08:00:00,83.355000,83.550000,83.290000,83.535000,4,2021-02-16
2021-02-16 12:00:00,83.515000,83.770000,83.490000,83.660000,4,2021-02-16
2021-02-16 16:00:00,83.660000,83.700000,83.415000,83.465000,4,2021-02-16
2021-02-16 20:00:00,83.465000,83.535000,83.250000,83.500000,4,2021-02-17
2021-02-17 00:00:00,83.485000,83.505000,83.275000,83.395000,4,2021-02-17
2021-02-17 04:00:00,83.395000,83.565000,83.370000,83.505000,4,2021-02-17
2021-02-17 08:00:00,83.515000,83.630000,83.440000,83.520000,4,2021-02-17
2021-02-17 12:00:00,83.520000,83.525000,83.380000,83.415000,4,2021-02-17
2021-02-17 16:00:00,83.400000,83.505000,83.350000,83.390000,4,2021-02-17
2021-02-17 20:00:00,83.400000,83.600000,83.380000,83.545000,4,2021-02-18
2021-02-18 00:00:00,83.535000,83.635000,83.035004,83.240000,4,2021-02-18
2021-02-18 04:00:00,83.270000,83.435000,83.180000,83.380000,4,2021-02-18
2021-02-18 08:00:00,83.390000,83.430000,83.255000,83.320000,4,2021-02-18
2021-02-18 12:00:00,83.305000,83.415000,83.230000,83.340000,4,2021-02-18
2021-02-18 16:00:00,83.320000,83.415000,83.210000,83.340000,4,2021-02-18
2021-02-18 20:00:00,83.335000,83.435000,83.235000,83.370000,4,2021-02-19
2021-02-19 00:00:00,83.375000,83.440000,83.115000,83.175000,4,2021-02-19
2021-02-19 04:00:00,83.175000,83.375000,83.150000,83.330000,4,2021-02-19
2021-02-19 08:00:00,83.335000,83.415000,83.300000,83.375000,4,2021-02-19
2021-02-19 12:00:00,83.380000,83.415000,83.115000,83.125000,4,2021-02-19
2021-02-19 16:00:00,83.125000,83.290000,83.105000,83.205000,4,2021-02-19
2021-02-19 20:00:00,83.215000,83.390000,83.160000,83.335000,2,2021-02-19
2021-02-22 04:00:00,83.605000,83.620000,83.545000,83.605000,1,2021-02-22
2021-02-22 08:00:00,83.605000,83.775000,83.500000,83.740000,4,2021-02-22
2021-02-22 12:00:00,83.730000,83.965000,83.710000,83.875000,4,2021-02-22
2021-02-22 16:00:00,83.855000,83.910000,83.620000,83.660000,4,2021-02-22
2021-02-22 20:00:00,83.665000,83.790000,83.520000,83.620000,4,2021-02-23
2021-02-23 00:00:00,83.590000,83.620000,83.155000,83.340000,4,2021-02-23
2021-02-23 04:00:00,83.340000,83.430000,83.255000,83.275000,4,2021-02-23
2021-02-23 08:00:00,83.270000,83.345000,83.200000,83.265000,4,2021-02-23
2021-02-23 12:00:00,83.235000,83.455000,83.225000,83.425000,4,2021-02-23
2021-02-23 16:00:00,83.430000,83.535000,83.385000,83.480000,4,2021-02-23
2021-02-23 20:00:00,83.445000,83.530000,83.370000,83.510000,4,2021-02-24
2021-02-24 00:00:00,83.500000,83.600000,83.200000,83.450000,4,2021-02-24
2021-02-24 04:00:00,83.420000,83.725000,83.400000,83.635000,4,2021-02-24
2021-02-24 08:00:00,83.635000,83.770000,83.515000,83.755000,4,2021-02-24
2021-02-24 12:00:00,83.775000,83.970000,83.700000,83.875000,4,2021-02-24
2021-02-24 16:00:00,83.870000,84.084999,83.760000,84.044998,4,2021-02-24
2021-02-24 20:00:00,84.044998,84.375000,84.004997,84.325000,4,2021-02-25
2021-02-25 00:00:00,84.330000,84.550000,84.155000,84.470000,4,2021-02-25
2021-02-25 04:00:00,84.475000,84.635000,84.445000,84.635000,4,2021-02-25
2021-02-25 08:00:00,84.625000,84.775000,84.555000,84.735000,4,2021-02-25
2021-02-25 12:00:00,84.730000,84.815000,84.650000,84.675000,4,2021-02-25
2021-02-25 16:00:00,84.685000,84.950000,84.675000,84.950000,4,2021-02-25
2021-02-25 20:00:00,84.935000,85.105000,84.885000,85.074997,4,2021-02-26
2021-02-26 00:00:00,85.074997,85.115000,84.780000,84.785000,4,2021-02-26
2021-02-26 04:00:00,84.785000,84.825000,84.235000,84.265000,4,2021-02-26
2021-02-26 08:00:00,84.295000,84.440000,84.010002,84.175000,4,2021-02-26
2021-02-26 12:00:00,84.155000,84.245000,84.065002,84.130000,4,2021-02-26
2021-02-26 16:00:00,84.130000,84.275000,83.940000,84.220000,4,2021-02-26
2021-02-26 20:00:00,84.220000,84.395000,84.125000,84.155000,2,2021-02-26
2021-03-01 04:00:00,83.770000,83.795000,83.730000,83.765000,1,2021-03-01
2021-03-01 08:00:00,83.765000,83.925000,83.635000,83.905000,4,2021-03-01
2021-03-01 12:00:00,83.895000,84.014999,83.780000,83.815000,4,2021-03-01
2021-03-01 16:00:00,83.805000,84.105000,83.780000,84.025002,4,2021-03-01
2021-03-01 20:00:00,84.019997,84.245000,83.970000,84.175000,4,2021-03-02
2021-03-02 00:00:00,84.175000,84.345000,84.080002,84.330000,4,2021-03-02
2021-03-02 04:00:00,84.320000,84.485000,84.220000,84.370000,4,2021-03-02
2021-03-02 08:00:00,84.380000,84.555000,84.365000,84.505000,4,2021-03-02
2021-03-02 12:00:00,84.505000,84.545000,84.165000,84.230000,4,2021-03-02
2021-03-02 16:00:00,84.245000,84.365000,84.115000,84.225000,4,2021-03-02
2021-03-02 20:00:00,84.220000,84.585000,84.190000,84.465000,4,2021-03-03
2021-03-03 00:00:00,84.460000,84.665000,84.345000,84.635000,4,2021-03-03
2021-03-03 04:00:00,84.635000,84.720000,84.560000,84.575000,4,2021-03-03
2021-03-03 08:00:00,84.595000,84.605000,84.395000,84.545000,4,2021-03-03
2021-03-03 12:00:00,84.535000,84.635000,84.485000,84.600000,4,2021-03-03
2021-03-03 16:00:00,84.610000,84.765000,84.560000,84.695000,4,2021-03-03
2021-03-03 20:00:00,84.705000,84.885000,84.620000,84.625000,4,2021-03-04
2021-03-04 00:00:00,84.655000,84.825000,84.435000,84.790000,4,2021-03-04
2021-03-04 04:00:00,84.785000,84.810000,84.595000,84.595000,4,2021-03-04
2021-03-04 08:00:00,84.595000,84.635000,84.475000,84.545000,4,2021-03-04
2021-03-04 12:00:00,84.555000,84.640000,84.445000,84.575000,4,2021-03-04
2021-03-04 16:00:00,84.585000,84.940000,84.575000,84.855000,4,2021-03-04
2021-03-04 20:00:00,84.855000,84.975000,84.735000,84.965000,4,2021-03-05
2021-03-05 00:00:00,84.950000,85.535000,84.900000,85.495000,4,2021-03-05
2021-03-05 04:00:00,85.495000,85.555000,84.965000,85.155000,4,2021-03-05
2021-03-05 08:00:00,85.165000,85.300000,85.040001,85.084999,4,2021-03-05
2021-03-05 12:00:00,85.084999,85.415000,84.945000,85.345000,4,2021-03-05
2021-03-05 16:00:00,85.325000,85.635000,85.285000,85.425000,4,2021-03-05
2021-03-05 20:00:00,85.425000,85.495000,85.335000,85.360000,2,2021-03-05
2021-03-08 04:00:00,85.600000,85.690000,85.595000,85.690000,1,2021-03-08
2021-03-08 08:00:00,85.690000,85.925000,85.595000,85.790000,4,2021-03-08
2021-03-08 12:00:00,85.780000,85.880000,85.595000,85.635000,4,2021-03-08
2021-03-08 16:00:00,85.645000,85.765000,85.515000,85.605000,4,2021-03-08
2021-03-08 20:00:00,85.620000,85.655000,85.455000,85.635000,4,2021-03-09
2021-03-09 00:00:00,85.615000,86.065002,85.615000,85.950000,4,2021-03-09
2021-03-09 04:00:00,85.955000,86.135000,85.895000,85.945000,4,2021-03-09
2021-03-09 08:00:00,85.915000,86.175000,85.905000,86.115000,4,2021-03-09
2021-03-09 12:00:00,86.125000,86.325000,86.014999,86.325000,4,2021-03-09
2021-03-09 16:00:00,86.315000,86.355000,85.990000,86.010002,4,2021-03-09
2021-03-09 20:00:00,86.004997,86.380000,86.004997,86.330000,4,2021-03-10
2021-03-10 00:00:00,86.360000,86.405000,85.780000,85.865000,4,2021-03-10
2021-03-10 04:00:00,85.865000,85.905000,85.725000,85.835000,4,2021-03-10
2021-03-10 08:00:00,85.835000,86.014999,85.800000,85.830000,4,2021-03-10
2021-03-10 12:00:00,85.825000,85.985000,85.825000,85.950000,4,2021-03-10
2021-03-10 16:00:00,85.945000,85.945000,85.805000,85.905000,4,2021-03-10
2021-03-10 20:00:00,85.875000,86.065002,85.860000,85.995000,4,2021-03-11
2021-03-11 00:00:00,85.975000,85.995000,85.770000,85.875000,4,2021-03-11
2021-03-11 04:00:00,85.895000,85.910000,85.755000,85.870000,4,2021-03-11
2021-03-11 08:00:00,85.875000,86.000000,85.870000,85.970000,4,2021-03-11
2021-03-11 12:00:00,85.975000,86.155000,85.945000,86.155000,4,2021-03-11
2021-03-11 16:00:00,86.155000,86.330000,86.110000,86.155000,4,2021-03-11
2021-03-11 20:00:00,86.155000,86.365000,86.125000,86.290000,4,2021-03-12
2021-03-12 00:00:00,86.300000,86.395000,86.200000,86.365000,4,2021-03-12
2021-03-12 04:00:00,86.365000,86.625000,86.350000,86.595000,4,2021-03-12
2021-03-12 08:00:00,86.580000,86.715000,86.535000,86.705000,4,2021-03-12
2021-03-12 12:00:00,86.695000,86.790000,86.640000,86.690000,4,2021-03-12
2021-03-12 16:00:00,86.685000,86.900000,86.630000,86.810000,4,2021-03-12
2021-03-12 20:00:00,86.810000,86.950000,86.790000,86.870000,2,2021-03-12
2021-03-15 04:00:00,87.460000,87.460000,87.310000,87.345000,2,2021-03-15
2021-03-15 08:00:00,87.340000,87.515000,87.310000,87.460000,4,2021-03-15
2021-03-15 12:00:00,87.465000,87.545000,87.425000,87.520000,4,2021-03-15
2021-03-15 16:00:00,87.515000,87.625000,87.440000,87.615000,4,2021-03-15
2021-03-15 20:00:00,87.635000,87.665000,87.470000,87.550000,4,2021-03-16
2021-03-16 00:00:00,87.550000,87.590000,87.220000,87.450000,4,2021-03-16
2021-03-16 04:00:00,87.445000,87.540000,87.440000,87.495000,4,2021-03-16
2021-03-16 08:00:00,87.500000,87.560000,87.420000,87.530000,4,2021-03-16
2021-03-16 12:00:00,87.545000,87.585000,87.435000,87.510000,4,2021-03-16
2021-03-16 16:00:00,87.500000,87.535000,87.375000,87.445000,4,2021-03-16
2021-03-16 20:00:00,87.465000,87.585000,87.390000,87.435000,4,2021-03-17
2021-03-17 00:00:00,87.435000,87.600000,87.225000,87.575000,4,2021-03-17
2021-03-17 04:00:00,87.565000,87.660000,87.515000,87.580000,4,2021-03-17
2021-03-17 08:00:00,87.555000,87.690000,87.555000,87.645000,4,2021-03-17
2021-03-17 12:00:00,87.650000,87.685000,87.565000,87.630000,4,2021-03-17
2021-03-17 16:00:00,87.635000,87.700000,87.550000,87.575000,4,2021-03-17
2021-03-17 20:00:00,87.560000,87.640000,87.430000,87.575000,4,2021-03-18
2021-03-18 00:00:00,87.575000,87.620000,87.450000,87.495000,4,2021-03-18
2021-03-18 04:00:00,87.490000,87.795000,87.455000,87.760000,4,2021-03-18
2021-03-18 08:00:00,87.750000,88.014999,87.660000,87.990000,4,2021-03-18
2021-03-18 12:00:00,87.995000,88.070000,87.680000,87.850000,4,2021-03-18
2021-03-18 16:00:00,87.840000,88.099998,87.805000,87.960000,4,2021-03-18
2021-03-18 20:00:00,87.945000,87.980000,87.750000,87.795000,4,2021-03-19
2021-03-19 00:00:00,87.775000,87.800000,87.505000,87.515000,4,2021-03-19
2021-03-19 04:00:00,87.535000,87.535000,86.890000,87.195000,4,2021-03-19
2021-03-19 08:00:00,87.210000,87.275000,87.135000,87.265000,4,2021-03-19
2021-03-19 12:00:00,87.245000,87.320000,87.070000,87.180000,4,2021-03-19
2021-03-19 16:00:00,87.180000,87.285000,87.000000,87.135000,4,2021-03-19
2021-03-19 20:00:00,87.135000,87.210000,87.095001,87.170000,1,2021-03-19
2021-03-22 04:00:00,86.730000,86.805000,86.680000,86.770000,2,2021-03-22
2021-03-22 08:00:00,86.770000,87.025002,86.710000,86.970000,4,2021-03-22
2021-03-22 12:00:00,86.985000,87.065002,86.855000,87.050003,4,2021-03-22
2021-03-22 16:00:00,87.019997,87.089996,86.815000,86.990000,4,2021-03-22
2021-03-22 20:00:00,86.990000,87.225000,86.920000,87.025002,4,2021-03-23
2021-03-23 00:00:00,87.025002,87.110000,86.710000,86.865000,4,2021-03-23
2021-03-23 04:00:00,86.855000,87.004997,86.825000,86.920000,4,2021-03-23
2021-03-23 08:00:00,86.905000,86.970000,86.850000,86.880000,4,2021-03-23
2021-03-23 12:00:00,86.885000,86.930000,86.645000,86.690000,4,2021-03-23
2021-03-23 16:00:00,86.660000,86.755000,86.575000,86.625000,4,2021-03-23
2021-03-23 20:00:00,86.635000,86.680000,86.074997,86.365000,4,2021-03-24
2021-03-24 00:00:00,86.365000,86.625000,86.325000,86.545000,4,2021-03-24
2021-03-24 04:00:00,86.525000,86.825000,86.240000,86.265000,4,2021-03-24
2021-03-24 08:00:00,86.285000,86.370000,86.130000,86.335000,4,2021-03-24
2021-03-24 12:00:00,86.335000,86.365000,86.095001,86.155000,4,2021-03-24
2021-03-24 16:00:00,86.165000,86.425000,86.095001,86.355000,4,2021-03-24
2021-03-24 20:00:00,86.365000,86.530000,86.340000,86.420000,4,2021-03-25
2021-03-25 00:00:00,86.420000,86.820000,86.370000,86.665000,4,2021-03-25
2021-03-25 04:00:00,86.665000,86.725000,86.385000,86.405000,4,2021-03-25
2021-03-25 08:00:00,86.455000,86.645000,86.410000,86.630000,4,2021-03-25
2021-03-25 12:00:00,86.625000,86.735000,86.555000,86.645000,4,2021-03-25
2021-03-25 16:00:00,86.645000,86.880000,86.615000,86.795000,4,2021-03-25
2021-03-25 20:00:00,86.795000,86.955000,86.640000,86.680000,4,2021-03-26
2021-03-26 00:00:00,86.705000,86.755000,86.370000,86.530000,4,2021-03-26
2021-03-26 04:00:00,86.515000,86.620000,86.445000,86.570000,4,2021-03-26
2021-03-26 08:00:00,86.575000,86.785000,86.560000,86.730000,4,2021-03-26
2021-03-26 12:00:00,86.730000,86.845000,86.675000,86.825000,4,2021-03-26
2021-03-26 16:00:00,86.825000,87.095001,86.790000,87.035004,4,2021-03-26
2021-03-26 20:00:00,87.019997,87.110000,86.955000,87.050003,1,2021-03-26
2021-03-29 04:00:00,87.220000,87.310000,87.200000,87.265000,2,2021-03-29
2021-03-29 08:00:00,87.275000,87.275000,86.985000,87.014999,4,2021-03-29
2021-03-29 12:00:00,87.014999,87.055000,86.805000,86.820000,4,2021-03-29
2021-03-29 16:00:00,86.825000,87.014999,86.635000,86.930000,4,2021-03-29
2021-03-29 20:00:00,86.930000,87.165000,86.925000,87.140000,4,2021-03-30
2021-03-30 00:00:00,87.125000,87.205000,86.980000,87.195000,4,2021-03-30
2021-03-30 04:00:00,87.195000,87.270000,87.145000,87.230000,4,2021-03-30
2021-03-30 08:00:00,87.205000,87.305000,87.155000,87.265000,4,2021-03-30
2021-03-30 12:00:00,87.245000,87.430000,87.205000,87.335000,4,2021-03-30
2021-03-30 16:00:00,87.325000,87.630000,87.275000,87.600000,4,2021-03-30
2021-03-30 20:00:00,87.600000,87.665000,87.315000,87.380000,4,2021-03-31
2021-03-31 00:00:00,87.365000,87.435000,87.255000,87.295000,4,2021-03-31
2021-03-31 04:00:00,87.300000,87.420000,87.235000,87.345000,4,2021-03-31
2021-03-31 08:00:00,87.340000,87.825000,87.325000,87.740000,4,2021-03-31
2021-03-31 12:00:00,87.745000,87.885000,87.615000,87.850000,4,2021-03-31
2021-03-31 16:00:00,87.855000,87.900000,87.725000,87.755000,4,2021-03-31
2021-03-31 20:00:00,87.765000,87.950000,87.700000,87.895000,4,2021-04-01
2021-04-01 00:00:00,87.905000,88.265000,87.830000,87.975000,4,2021-04-01
2021-04-01 04:00:00,87.975000,88.185000,87.975000,88.175000,4,2021-04-01
2021-04-01 08:00:00,88.165000,88.255000,88.059998,88.235000,4,2021-04-01
2021-04-01 12:00:00,88.220000,88.245000,87.835000,87.900000,4,2021-04-01
2021-04-01 16:00:00,87.910000,88.074997,87.860000,88.025002,4,2021-04-01
2021-04-01 20:00:00,88.000000,88.125000,87.905000,88.010002,4,2021-04-02
2021-04-02 00:00:00,88.019997,88.115000,87.895000,88.000000,4,2021-04-02
2021-04-02 04:00:00,88.000000,88.190000,87.990000,88.150000,4,2021-04-02
2021-04-02 08:00:00,88.160000,88.300000,88.130000,88.260000,4,2021-04-02
2021-04-02 12:00:00,88.260000,88.325000,88.250000,88.260000,4,2021-04-02
2021-04-02 16:00:00,88.250000,88.280000,87.855000,87.865000,4,2021-04-02
2021-04-02 20:00:00,87.860000,87.990000,87.860000,87.940000,1,2021-04-02
2021-04-05 04:00:00,88.055000,88.055000,87.920000,88.004997,4,2021-04-05
2021-04-05 08:00:00,87.975000,88.110000,87.920000,88.004997,4,2021-04-05
2021-04-05 12:00:00,88.014999,88.025002,87.880000,87.880000,4,2021-04-05
2021-04-05 16:00:00,87.895000,88.080002,87.880000,88.050003,4,2021-04-05
2021-04-05 20:00:00,88.055000,88.220000,88.004997,88.050003,4,2021-04-06
2021-04-06 00:00:00,88.080002,88.095001,87.820000,87.960000,4,2021-04-06
2021-04-06 04:00:00,87.935000,88.050003,87.920000,87.930000,4,2021-04-06
2021-04-06 08:00:00,87.955000,88.115000,87.955000,88.035004,4,2021-04-06
2021-04-06 12:00:00,88.004997,88.084999,87.865000,87.900000,4,2021-04-06
2021-04-06 16:00:00,87.905000,88.074997,87.890000,88.010002,4,2021-04-06
2021-04-06 20:00:00,88.025002,88.065002,87.385000,87.545000,4,2021-04-07
2021-04-07 00:00:00,87.540000,87.615000,87.390000,87.430000,4,2021-04-07
2021-04-07 04:00:00,87.415000,87.465000,87.280000,87.355000,4,2021-04-07
2021-04-07 08:00:00,87.330000,87.400000,87.140000,87.175000,4,2021-04-07
2021-04-07 12:00:00,87.150000,87.310000,87.145000,87.235000,4,2021-04-07
2021-04-07 16:00:00,87.215000,87.290000,87.025002,87.145000,4,2021-04-07
2021-04-07 20:00:00,87.170000,87.260000,86.970000,87.014999,4,2021-04-08
2021-04-08 00:00:00,87.004997,87.095001,86.855000,87.035004,4,2021-04-08
2021-04-08 04:00:00,87.025002,87.155000,86.955000,87.105000,4,2021-04-08
2021-04-08 08:00:00,87.084999,87.145000,86.915000,86.985000,4,2021-04-08
2021-04-08 12:00:00,87.000000,87.080002,86.925000,87.070000,4,2021-04-08
2021-04-08 16:00:00,87.040001,87.089996,86.715000,86.885000,4,2021-04-08
2021-04-08 20:00:00,86.865000,86.945000,86.505000,86.645000,4,2021-04-09
2021-04-09 00:00:00,86.655000,86.950000,86.615000,86.910000,4,2021-04-09
2021-04-09 04:00:00,86.880000,87.040001,86.875000,86.985000,4,2021-04-09
2021-04-09 08:00:00,86.990000,87.105000,86.885000,86.900000,4,2021-04-09
2021-04-09 12:00:00,86.905000,87.014999,86.860000,86.870000,4,2021-04-09
2021-04-09 16:00:00,86.850000,87.135000,86.760000,87.074997,4,2021-04-09
2021-04-09 20:00:00,87.074997,87.220000,87.059998,87.200000,1,2021-04-09
2021-04-12 04:00:00,87.595000,87.595000,87.375000,87.545000,4,2021-04-12
2021-04-12 08:00:00,87.525000,87.615000,87.285000,87.325000,4,2021-04-12
2021-04-12 12:00:00,87.340000,87.340000,87.165000,87.205000,4,2021-04-12
2021-04-12 16:00:00,87.205000,87.285000,87.065002,87.140000,4,2021-04-12
2021-04-12 20:00:00,87.120000,87.280000,87.110000,87.180000,4,2021-04-13
2021-04-13 00:00:00,87.175000,87.250000,87.035004,87.155000,4,2021-04-13
2021-04-13 04:00:00,87.125000,87.170000,87.029999,87.070000,4,2021-04-13
2021-04-13 08:00:00,87.059998,87.175000,87.019997,87.120000,4,2021-04-13
2021-04-13 12:00:00,87.120000,87.285000,87.110000,87.205000,4,2021-04-13
2021-04-13 16:00:00,87.190000,87.215000,86.770000,86.855000,4,2021-04-13
2021-04-13 20:00:00,86.865000,86.975000,86.575000,86.915000,4,2021-04-14
2021-04-14 00:00:00,86.915000,87.170000,86.870000,86.990000,4,2021-04-14
2021-04-14 04:00:00,87.000000,87.074997,86.970000,87.019997,4,2021-04-14
2021-04-14 08:00:00,87.019997,87.055000,86.710000,86.820000,4,2021-04-14
2021-04-14 12:00:00,86.785000,86.945000,86.755000,86.875000,4,2021-04-14
2021-04-14 16:00:00,86.870000,86.935000,86.750000,86.875000,4,2021-04-14
2021-04-14 20:00:00,86.860000,86.895000,86.625000,86.855000,4,2021-04-15
2021-04-15 00:00:00,86.850000,87.180000,86.820000,87.014999,4,2021-04-15
2021-04-15 04:00:00,87.025002,87.065002,86.935000,87.025002,4,2021-04-15
2021-04-15 08:00:00,87.019997,87.084999,86.970000,87.004997,3,2021-04-15
2021-04-15 12:00:00,86.925000,86.985000,86.900000,86.955000,1,2021-04-15
2021-04-15 16:00:00,86.945000,87.205000,86.945000,87.105000,4,2021-04-15
2021-04-15 20:00:00,87.084999,87.145000,86.850000,86.865000,4,2021-04-16
2021-04-16 00:00:00,86.895000,86.895000,86.605000,86.645000,4,2021-04-16
2021-04-16 04:00:00,86.635000,86.795000,86.635000,86.710000,4,2021-04-16
2021-04-16 08:00:00,86.690000,86.765000,86.565000,86.725000,4,2021-04-16
2021-04-16 12:00:00,86.700000,86.925000,86.670000,86.925000,4,2021-04-16
2021-04-16 16:00:00,86.895000,87.070000,86.870000,87.014999,4,2021-04-16
2021-04-16 20:00:00,87.019997,87.070000,86.930000,86.990000,1,2021-04-16
2021-04-19 04:00:00,87.059998,87.070000,86.935000,86.950000,4,2021-04-19
2021-04-19 08:00:00,86.975000,86.985000,86.735000,86.765000,4,2021-04-19
2021-04-19 12:00:00,86.765000,86.920000,86.735000,86.800000,4,2021-04-19
2021-04-19 16:00:00,86.795000,86.855000,86.545000,86.575000,4,2021-04-19
2021-04-19 20:00:00,86.590000,86.730000,86.435000,86.645000,4,2021-04-20
2021-04-20 00:00:00,86.685000,86.685000,86.195000,86.225000,4,2021-04-20
2021-04-20 04:00:00,86.245000,86.360000,86.185000,86.315000,4,2021-04-20
2021-04-20 08:00:00,86.305000,86.635000,86.235000,86.575000,4,2021-04-20
2021-04-20 12:00:00,86.545000,86.670000,86.505000,86.625000,4,2021-04-20
2021-04-20 16:00:00,86.640000,86.950000,86.595000,86.660000,4,2021-04-20
2021-04-20 20:00:00,86.660000,86.695000,86.415000,86.490000,4,2021-04-21
2021-04-21 00:00:00,86.495000,86.535000,85.725000,85.775000,4,2021-04-21
2021-04-21 04:00:00,85.770000,85.810000,85.645000,85.745000,4,2021-04-21
2021-04-21 08:00:00,85.700000,85.760000,85.585000,85.615000,4,2021-04-21
2021-04-21 12:00:00,85.625000,85.740000,85.565000,85.695000,4,2021-04-21
2021-04-21 16:00:00,85.700000,86.040001,85.695000,85.805000,4,2021-04-21
2021-04-21 20:00:00,85.835000,85.890000,85.430000,85.535000,4,2021-04-22
2021-04-22 00:00:00,85.555000,86.800000,85.555000,86.575000,4,2021-04-22
2021-04-22 04:00:00,86.570000,86.595000,86.440000,86.470000,4,2021-04-22
2021-04-22 08:00:00,86.460000,86.535000,86.375000,86.385000,4,2021-04-22
2021-04-22 12:00:00,86.405000,86.455000,86.255000,86.400000,4,2021-04-22
2021-04-22 16:00:00,86.390000,86.555000,86.290000,86.495000,4,2021-04-22
2021-04-22 20:00:00,86.490000,86.580000,86.325000,86.385000,4,2021-04-23
2021-04-23 00:00:00,86.355000,86.745000,86.190000,86.465000,4,2021-04-23
2021-04-23 04:00:00,86.455000,86.535000,86.295000,86.345000,4,2021-04-23
2021-04-23 08:00:00,86.330000,86.485000,86.275000,86.430000,4,2021-04-23
2021-04-23 12:00:00,86.420000,86.560000,86.390000,86.490000,4,2021-04-23
2021-04-23 16:00:00,86.465000,86.570000,86.340000,86.405000,4,2021-04-23
2021-04-23 20:00:00,86.410000,86.465000,86.370000,86.420000,1,2021-04-23
2021-04-26 04:00:00,86.465000,86.555000,86.450000,86.490000,4,2021-04-26
2021-04-26 08:00:00,86.500000,86.580000,86.350000,86.515000,4,2021-04-26
2021-04-26 12:00:00,86.515000,86.560000,86.420000,86.485000,4,2021-04-26
2021-04-26 16:00:00,86.475000,86.575000,86.340000,86.510000,4,2021-04-26
2021-04-26 20:00:00,86.500000,86.995000,86.460000,86.875000,4,2021-04-27
2021-04-27 00:00:00,86.880000,87.345000,86.860000,87.120000,4,2021-04-27
2021-04-27 04:00:00,87.120000,87.265000,87.095001,87.240000,4,2021-04-27
2021-04-27 08:00:00,87.230000,87.365000,87.205000,87.330000,4,2021-04-27
2021-04-27 12:00:00,87.335000,87.385000,87.235000,87.290000,4,2021-04-27
2021-04-27 16:00:00,87.295000,87.395000,87.205000,87.245000,4,2021-04-27
2021-04-27 20:00:00,87.250000,87.470000,87.225000,87.425000,4,2021-04-28
2021-04-28 00:00:00,87.415000,87.655000,87.350000,87.615000,4,2021-04-28
2021-04-28 04:00:00,87.615000,87.740000,87.565000,87.645000,4,2021-04-28
2021-04-28 08:00:00,87.655000,87.785000,87.605000,87.755000,4,2021-04-28
2021-04-28 12:00:00,87.750000,87.810000,87.695000,87.770000,4,2021-04-28
2021-04-28 16:00:00,87.780000,87.955000,87.730000,87.815000,4,2021-04-28
2021-04-28 20:00:00,87.795000,87.980000,87.770000,87.895000,4,2021-04-29
2021-04-29 00:00:00,87.915000,88.275000,87.845000,88.235000,4,2021-04-29
2021-04-29 04:00:00,88.225000,88.285000,88.099998,88.170000,4,2021-04-29
2021-04-29 08:00:00,88.185000,88.300000,88.135000,88.280000,4,2021-04-29
2021-04-29 12:00:00,88.280000,88.315000,88.195000,88.305000,4,2021-04-29
2021-04-29 16:00:00,88.275000,88.640000,88.275000,88.535000,4,2021-04-29
2021-04-29 20:00:00,88.545000,88.885000,88.485000,88.695000,4,2021-04-30
2021-04-30 00:00:00,88.695000,88.715000,88.430000,88.580000,4,2021-04-30
2021-04-30 04:00:00,88.585000,88.745000,88.565000,88.730000,4,2021-04-30
2021-04-30 08:00:00,88.710000,88.840000,88.610000,88.635000,4,2021-04-30
2021-04-30 12:00:00,88.640000,88.735000,88.560000,88.635000,4,2021-04-30
2021-04-30 16:00:00,88.645000,88.790000,88.530000,88.710000,4,2021-04-30
2021-04-30 20:00:00,88.700000,88.745000,88.595000,88.600000,1,2021-04-30
2021-05-03 04:00:00,88.945000,88.965000,88.785000,88.955000,4,2021-05-03
2021-05-03 08:00:00,88.990000,89.155000,88.970000,89.105000,4,2021-05-03
2021-05-03 12:00:00,89.110000,89.170000,89.035004,89.125000,4,2021-05-03
2021-05-03 16:00:00,89.125000,89.185000,88.880000,88.955000,4,2021-05-03
2021-05-03 20:00:00,88.960000,89.125000,88.815000,88.855000,4,2021-05-04
2021-05-04 00:00:00,88.785000,88.935000,88.645000,88.875000,4,2021-05-04
2021-05-04 04:00:00,88.870000,88.950000,88.810000,88.840000,4,2021-05-04
2021-05-04 08:00:00,88.855000,88.885000,88.785000,88.865000,4,2021-05-04
2021-05-04 12:00:00,88.875000,88.975000,88.805000,88.945000,4,2021-05-04
2021-05-04 16:00:00,88.945000,88.980000,88.760000,88.830000,4,2021-05-04
2021-05-04 20:00:00,88.835000,88.910000,88.435000,88.590000,4,2021-05-05
2021-05-05 00:00:00,88.570000,88.855000,88.510000,88.740000,3,2021-05-05
2021-05-05 04:00:00,88.790000,88.845000,88.755000,88.815000,3,2021-05-05
2021-05-05 08:00:00,88.870000,88.975000,88.850000,88.975000,3,2021-05-05
2021-05-05 12:00:00,88.920000,89.004997,88.900000,88.965000,4,2021-05-05
2021-05-05 16:00:00,88.965000,89.099998,88.895000,89.010002,4,2021-05-05
2021-05-05 20:00:00,89.014999,89.145000,88.910000,88.995000,4,2021-05-06
2021-05-06 00:00:00,88.975000,89.180000,88.955000,89.025002,4,2021-05-06
2021-05-06 04:00:00,89.025002,89.074997,88.910000,89.014999,4,2021-05-06
2021-05-06 08:00:00,89.019997,89.220000,88.970000,89.165000,4,2021-05-06
2021-05-06 12:00:00,89.180000,89.205000,89.000000,89.165000,4,2021-05-06
2021-05-06 16:00:00,89.170000,89.320000,89.044998,89.095001,4,2021-05-06
2021-05-06 20:00:00,89.105000,89.580000,89.065002,89.440000,4,2021-05-07
2021-05-07 00:00:00,89.440000,89.585000,89.295000,89.510000,4,2021-05-07
2021-05-07 04:00:00,89.520000,89.825000,89.435000,89.760000,4,2021-05-07
2021-05-07 08:00:00,89.740000,89.845000,89.615000,89.800000,4,2021-05-07
2021-05-07 12:00:00,89.805000,89.860000,89.630000,89.675000,4,2021-05-07
2021-05-07 16:00:00,89.680000,89.735000,89.500000,89.590000,4,2021-05-07
2021-05-07 20:00:00,89.555000,89.690000,89.530000,89.640000,1,2021-05-07
2021-05-10 04:00:00,89.420000,89.665000,89.310000,89.570000,4,2021-05-10
2021-05-10 08:00:00,89.550000,89.870000,89.475000,89.820000,4,2021-05-10
2021-05-10 12:00:00,89.795000,89.865000,89.735000,89.810000,4,2021-05-10
2021-05-10 16:00:00,89.810000,90.115000,89.710000,89.730000,4,2021-05-10
2021-05-10 20:00:00,89.720000,89.955000,89.695000,89.755000,4,2021-05-11
2021-05-11 00:00:00,89.755000,90.130000,89.670000,90.089996,4,2021-05-11
2021-05-11 04:00:00,90.074997,90.105000,89.900000,89.940000,4,2021-05-11
2021-05-11 08:00:00,89.930000,90.050003,89.900000,89.995000,4,2021-05-11
2021-05-11 12:00:00,89.975000,90.089996,89.925000,90.059998,4,2021-05-11
2021-05-11 16:00:00,90.025002,90.080002,89.895000,89.940000,4,2021-05-11
2021-05-11 20:00:00,89.940000,89.940000,89.365000,89.835000,4,2021-05-12
2021-05-12 00:00:00,89.870000,89.945000,89.590000,89.860000,4,2021-05-12
2021-05-12 04:00:00,89.880000,89.925000,89.740000,89.825000,4,2021-05-12
2021-05-12 08:00:00,89.795000,89.940000,89.760000,89.870000,4,2021-05-12
2021-05-12 12:00:00,89.875000,89.910000,89.710000,89.815000,4,2021-05-12
2021-05-12 16:00:00,89.815000,90.040001,89.795000,89.980000,4,2021-05-12
2021-05-12 20:00:00,89.980000,90.610000,89.875000,90.520000,4,2021-05-13
2021-05-13 00:00:00,90.515000,90.665000,90.395000,90.490000,4,2021-05-13
2021-05-13 04:00:00,90.485000,90.555000,90.345000,90.410000,4,2021-05-13
2021-05-13 08:00:00,90.425000,90.600000,90.390000,90.480000,4,2021-05-13
2021-05-13 12:00:00,90.455000,90.590000,90.395000,90.420000,4,2021-05-13
2021-05-13 16:00:00,90.420000,90.505000,90.120000,90.300000,4,2021-05-13
2021-05-13 20:00:00,90.325000,90.405000,90.195000,90.360000,4,2021-05-14
2021-05-14 00:00:00,90.370000,90.435000,89.735000,89.850000,4,2021-05-14
2021-05-14 04:00:00,89.855000,90.050003,89.830000,89.985000,4,2021-05-14
2021-05-14 08:00:00,89.985000,90.130000,89.935000,90.110000,4,2021-05-14
2021-05-14 12:00:00,90.084999,90.099998,89.960000,89.990000,4,2021-05-14
2021-05-14 16:00:00,89.990000,90.145000,89.920000,90.065002,4,2021-05-14
2021-05-14 20:00:00,90.074997,90.205000,90.070000,90.155000,1,2021-05-14
2021-05-17 04:00:00,90.360000,90.360000,90.195000,90.230000,4,2021-05-17
2021-05-17 08:00:00,90.270000,90.385000,90.135000,90.145000,4,2021-05-17
2021-05-17 12:00:00,90.150000,90.285000,90.099998,90.190000,4,2021-05-17
2021-05-17 16:00:00,90.165000,90.260000,90.089996,90.175000,4,2021-05-17
2021-05-17 20:00:00,90.170000,90.330000,90.004997,90.280000,4,2021-05-18
2021-05-18 00:00:00,90.280000,90.480000,90.265000,90.480000,4,2021-05-18
2021-05-18 04:00:00,90.480000,90.560000,90.440000,90.450000,4,2021-05-18
2021-05-18 08:00:00,90.475000,90.665000,90.450000,90.615000,4,2021-05-18
2021-05-18 12:00:00,90.610000,90.730000,90.590000,90.640000,4,2021-05-18
2021-05-18 16:00:00,90.605000,90.750000,90.475000,90.500000,4,2021-05-18
2021-05-18 20:00:00,90.505000,90.620000,90.395000,90.405000,4,2021-05-19
2021-05-19 00:00:00,90.430000,90.460000,90.195000,90.370000,4,2021-05-19
2021-05-19 04:00:00,90.350000,90.400000,90.225000,90.270000,4,2021-05-19
2021-05-19 08:00:00,90.295000,90.380000,90.165000,90.325000,4,2021-05-19
2021-05-19 12:00:00,90.320000,90.340000,90.190000,90.305000,4,2021-05-19
2021-05-19 16:00:00,90.290000,90.425000,90.190000,90.310000,4,2021-05-19
2021-05-19 20:00:00,90.320000,90.570000,89.900000,90.074997,4,2021-05-20
2021-05-20 00:00:00,90.074997,90.165000,89.585000,90.110000,4,2021-05-20
2021-05-20 04:00:00,90.095001,90.285000,89.975000,90.025002,4,2021-05-20
2021-05-20 08:00:00,90.029999,90.205000,89.955000,90.029999,4,2021-05-20
2021-05-20 12:00:00,90.019997,90.195000,90.019997,90.150000,4,2021-05-20
2021-05-20 16:00:00,90.130000,90.180000,89.725000,89.830000,4,2021-05-20
2021-05-20 20:00:00,89.835000,90.190000,89.765000,90.125000,4,2021-05-21
2021-05-21 00:00:00,90.155000,90.310000,90.065002,90.185000,4,2021-05-21
2021-05-21 04:00:00,90.185000,90.305000,90.120000,90.215000,4,2021-05-21
2021-05-21 08:00:00,90.210000,90.300000,90.140000,90.150000,4,2021-05-21
2021-05-21 12:00:00,90.150000,90.190000,90.044998,90.050003,4,2021-05-21
2021-05-21 16:00:00,90.059998,90.200000,89.855000,90.175000,4,2021-05-21
2021-05-21 20:00:00,90.175000,90.290000,90.170000,90.230000,1,2021-05-21
2021-05-24 04:00:00,90.210000,90.350000,90.195000,90.280000,4,2021-05-24
2021-05-24 08:00:00,90.305000,90.345000,90.195000,90.275000,4,2021-05-24
2021-05-24 12:00:00,90.270000,90.300000,90.135000,90.155000,4,2021-05-24
2021-05-24 16:00:00,90.160000,90.285000,90.099998,90.260000,4,2021-05-24
2021-05-24 20:00:00,90.265000,90.395000,90.195000,90.240000,4,2021-05-25
2021-05-25 00:00:00,90.275000,90.290000,90.014999,90.240000,4,2021-05-25
2021-05-25 04:00:00,90.235000,90.365000,90.205000,90.270000,4,2021-05-25
2021-05-25 08:00:00,90.280000,90.380000,90.220000,90.290000,4,2021-05-25
2021-05-25 12:00:00,90.265000,90.360000,90.210000,90.275000,4,2021-05-25
2021-05-25 16:00:00,90.295000,90.400000,90.200000,90.370000,4,2021-05-25
2021-05-25 20:00:00,90.390000,90.530000,90.310000,90.325000,4,2021-05-26
2021-05-26 00:00:00,90.310000,90.395000,90.200000,90.285000,4,2021-05-26
2021-05-26 04:00:00,90.290000,90.315000,90.089996,90.135000,4,2021-05-26
2021-05-26 08:00:00,90.140000,90.230000,90.125000,90.195000,3,2021-05-26
2021-05-26 12:00:00,90.210000,90.365000,90.170000,90.310000,4,2021-05-26
2021-05-26 16:00:00,90.315000,90.390000,90.115000,90.170000,4,2021-05-26
2021-05-26 20:00:00,90.175000,90.240000,89.855000,89.980000,4,2021-05-27
2021-05-27 00:00:00,89.995000,90.155000,89.950000,90.130000,4,2021-05-27
2021-05-27 04:00:00,90.110000,90.120000,89.980000,90.025002,4,2021-05-27
2021-05-27 08:00:00,90.019997,90.070000,89.915000,89.960000,4,2021-05-27
2021-05-27 12:00:00,89.965000,90.050003,89.915000,90.010002,4,2021-05-27
2021-05-27 16:00:00,90.010002,90.190000,89.975000,90.180000,4,2021-05-27
2021-05-27 20:00:00,90.160000,90.750000,90.150000,90.625000,4,2021-05-28
2021-05-28 00:00:00,90.600000,91.089996,90.600000,91.040001,4,2021-05-28
2021-05-28 04:00:00,91.040001,91.074997,90.940000,90.995000,4,2021-05-28
2021-05-28 08:00:00,91.014999,91.059998,90.940000,90.980000,4,2021-05-28
2021-05-28 12:00:00,90.955000,91.044998,90.890000,90.910000,4,2021-05-28
2021-05-28 16:00:00,90.935000,91.029999,90.805000,90.870000,4,2021-05-28
2021-05-28 20:00:00,90.845000,90.880000,90.785000,90.850000,1,2021-05-28
2021-05-31 04:00:00,90.985000,91.040001,90.930000,91.025002,4,2021-05-31
2021-05-31 08:00:00,91.000000,91.040001,90.810000,90.860000,4,2021-05-31
2021-05-31 12:00:00,90.875000,90.885000,90.785000,90.855000,4,2021-05-31
2021-05-31 16:00:00,90.870000,90.945000,90.800000,90.920000,4,2021-05-31
2021-05-31 20:00:00,90.925000,90.985000,90.660000,90.775000,4,2021-06-01
2021-06-01 00:00:00,90.750000,90.810000,90.530000,90.710000,4,2021-06-01
2021-06-01 04:00:00,90.715000,90.900000,90.690000,90.830000,4,2021-06-01
2021-06-01 08:00:00,90.785000,90.890000,90.715000,90.790000,4,2021-06-01
2021-06-01 12:00:00,90.785000,90.915000,90.750000,90.850000,4,2021-06-01
2021-06-01 16:00:00,90.820000,91.135000,90.770000,90.960000,4,2021-06-01
2021-06-01 20:00:00,90.955000,91.210000,90.900000,91.135000,4,2021-06-02
2021-06-02 00:00:00,91.175000,91.175000,90.730000,90.760000,4,2021-06-02
2021-06-02 04:00:00,90.745000,90.780000,90.635000,90.710000,4,2021-06-02
2021-06-02 08:00:00,90.670000,90.940000,90.645000,90.865000,4,2021-06-02
2021-06-02 12:00:00,90.860000,90.945000,90.840000,90.905000,4,2021-06-02
2021-06-02 16:00:00,90.910000,91.035004,90.795000,90.900000,4,2021-06-02
2021-06-02 20:00:00,90.895000,91.004997,90.845000,90.940000,4,2021-06-03
2021-06-03 00:00:00,90.915000,91.065002,90.850000,90.955000,4,2021-06-03
2021-06-03 04:00:00,90.960000,91.089996,90.910000,91.029999,4,2021-06-03
2021-06-03 08:00:00,91.014999,91.175000,91.010002,91.080002,4,2021-06-03
2021-06-03 12:00:00,91.070000,91.160000,91.035004,91.105000,4,2021-06-03
2021-06-03 16:00:00,91.089996,91.140000,90.955000,91.040001,4,2021-06-03
2021-06-03 20:00:00,91.010002,91.050003,90.900000,90.935000,4,2021-06-04
2021-06-04 00:00:00,90.950000,91.120000,90.920000,91.074997,4,2021-06-04
2021-06-04 04:00:00,91.070000,91.155000,91.044998,91.105000,4,2021-06-04
2021-06-04 08:00:00,91.089996,91.135000,90.905000,90.920000,4,2021-06-04
2021-06-04 12:00:00,90.930000,91.035004,90.865000,90.955000,4,2021-06-04
2021-06-04 16:00:00,90.970000,91.044998,90.790000,90.820000,4,2021-06-04
2021-06-04 20:00:00,90.850000,90.855000,90.790000,90.805000,1,2021-06-04
2021-06-07 04:00:00,90.720000,90.730000,90.635000,90.660000,3,2021-06-07
2021-06-07 08:00:00,90.700000,90.785000,90.605000,90.610000,4,2021-06-07
2021-06-07 12:00:00,90.605000,90.695000,90.530000,90.550000,4,2021-06-07
2021-06-07 16:00:00,90.545000,90.570000,90.450000,90.550000,4,2021-06-07
2021-06-07 20:00:00,90.560000,90.650000,90.325000,90.445000,4,2021-06-08
2021-06-08 00:00:00,90.425000,90.655000,90.390000,90.570000,4,2021-06-08
2021-06-08 04:00:00,90.570000,90.585000,90.400000,90.450000,4,2021-06-08
2021-06-08 08:00:00,90.430000,90.600000,90.370000,90.520000,4,2021-06-08
2021-06-08 12:00:00,90.525000,90.595000,90.450000,90.570000,4,2021-06-08
2021-06-08 16:00:00,90.555000,90.670000,90.535000,90.650000,4,2021-06-08
2021-06-08 20:00:00,90.645000,90.685000,90.440000,90.510000,4,2021-06-09
2021-06-09 00:00:00,90.495000,90.630000,90.370000,90.415000,4,2021-06-09
2021-06-09 04:00:00,90.425000,90.480000,90.335000,90.415000,4,2021-06-09
2021-06-09 08:00:00,90.390000,90.440000,90.345000,90.395000,4,2021-06-09
2021-06-09 12:00:00,90.405000,90.470000,90.370000,90.440000,4,2021-06-09
2021-06-09 16:00:00,90.430000,90.615000,90.350000,90.550000,4,2021-06-09
2021-06-09 20:00:00,90.550000,90.655000,90.500000,90.575000,4,2021-06-10
2021-06-10 00:00:00,90.595000,90.730000,90.470000,90.535000,4,2021-06-10
2021-06-10 04:00:00,90.535000,90.605000,90.475000,90.535000,4,2021-06-10
2021-06-10 08:00:00,90.545000,90.555000,90.350000,90.380000,4,2021-06-10
2021-06-10 12:00:00,90.415000,90.475000,90.365000,90.435000,4,2021-06-10
2021-06-10 16:00:00,90.455000,90.475000,90.320000,90.445000,4,2021-06-10
2021-06-10 20:00:00,90.420000,90.810000,90.390000,90.660000,4,2021-06-11
2021-06-11 00:00:00,90.660000,90.705000,90.355000,90.500000,4,2021-06-11
2021-06-11 04:00:00,90.505000,90.545000,90.355000,90.430000,4,2021-06-11
2021-06-11 08:00:00,90.415000,90.540000,90.410000,90.490000,4,2021-06-11
2021-06-11 12:00:00,90.485000,90.560000,90.435000,90.520000,4,2021-06-11
2021-06-11 16:00:00,90.520000,90.615000,90.480000,90.510000,4,2021-06-11
2021-06-11 20:00:00,90.515000,90.560000,90.465000,90.465000,1,2021-06-11
2021-06-14 04:00:00,90.245000,90.245000,90.110000,90.150000,3,2021-06-14
2021-06-14 08:00:00,90.175000,90.310000,90.155000,90.280000,4,2021-06-14
2021-06-14 12:00:00,90.300000,90.380000,90.245000,90.355000,4,2021-06-14
2021-06-14 16:00:00,90.335000,90.350000,90.120000,90.230000,4,2021-06-14
2021-06-14 20:00:00,90.220000,90.620000,90.135000,90.565000,4,2021-06-15
2021-06-15 00:00:00,90.585000,90.690000,90.540000,90.645000,4,2021-06-15
2021-06-15 04:00:00,90.625000,90.690000,90.605000,90.655000,4,2021-06-15
2021-06-15 08:00:00,90.645000,90.710000,90.600000,90.640000,4,2021-06-15
2021-06-15 12:00:00,90.670000,90.740000,90.625000,90.695000,4,2021-06-15
2021-06-15 16:00:00,90.700000,90.775000,90.425000,90.440000,4,2021-06-15
2021-06-15 20:00:00,90.450000,90.480000,90.255000,90.450000,4,2021-06-16
2021-06-16 00:00:00,90.440000,90.505000,90.235000,90.270000,4,2021-06-16
2021-06-16 04:00:00,90.275000,90.390000,90.265000,90.335000,4,2021-06-16
2021-06-16 08:00:00,90.350000,90.435000,90.310000,90.375000,4,2021-06-16
2021-06-16 12:00:00,90.380000,90.445000,90.365000,90.370000,4,2021-06-16
2021-06-16 16:00:00,90.375000,90.460000,90.185000,90.260000,4,2021-06-16
2021-06-16 20:00:00,90.260000,90.310000,90.099998,90.210000,4,2021-06-17
2021-06-17 00:00:00,90.210000,90.400000,90.190000,90.295000,4,2021-06-17
2021-06-17 04:00:00,90.190000,90.385000,89.990000,90.200000,4,2021-06-17
2021-06-17 08:00:00,90.160000,90.270000,90.084999,90.110000,4,2021-06-17
2021-06-17 12:00:00,90.115000,90.265000,90.089996,90.210000,4,2021-06-17
2021-06-17 16:00:00,90.220000,90.220000,89.815000,89.860000,4,2021-06-17
2021-06-17 20:00:00,89.840000,89.880000,89.505000,89.585000,4,2021-06-18
2021-06-18 00:00:00,89.610000,89.680000,89.029999,89.220000,4,2021-06-18
2021-06-18 04:00:00,89.230000,89.320000,89.095001,89.205000,4,2021-06-18
2021-06-18 08:00:00,89.220000,89.390000,89.210000,89.285000,4,2021-06-18
2021-06-18 12:00:00,89.255000,89.295000,88.860000,88.920000,4,2021-06-18
2021-06-18 16:00:00,88.925000,89.200000,88.840000,89.059998,4,2021-06-18
2021-06-18 20:00:00,89.059998,89.080002,88.965000,89.040001,1,2021-06-18
2021-06-21 04:00:00,88.460000,88.655000,88.350000,88.435000,4,2021-06-21
2021-06-21 08:00:00,88.425000,88.635000,88.420000,88.425000,4,2021-06-21
2021-06-21 12:00:00,88.425000,88.475000,87.965000,88.080002,4,2021-06-21
2021-06-21 16:00:00,88.089996,88.640000,88.055000,88.615000,4,2021-06-21
2021-06-21 20:00:00,88.615000,89.014999,88.540000,88.985000,4,2021-06-22
2021-06-22 00:00:00,88.960000,89.230000,88.915000,89.195000,4,2021-06-22
2021-06-22 04:00:00,89.215000,89.310000,89.160000,89.265000,4,2021-06-22
2021-06-22 08:00:00,89.250000,89.285000,89.025002,89.135000,4,2021-06-22
2021-06-22 12:00:00,89.140000,89.295000,89.115000,89.215000,4,2021-06-22
2021-06-22 16:00:00,89.210000,89.295000,89.099998,89.150000,4,2021-06-22
2021-06-22 20:00:00,89.145000,89.445000,89.125000,89.395000,4,2021-06-23
2021-06-23 00:00:00,89.395000,89.865000,89.330000,89.770000,4,2021-06-23
2021-06-23 04:00:00,89.780000,89.980000,89.745000,89.915000,4,2021-06-23
2021-06-23 08:00:00,89.940000,89.995000,89.865000,89.925000,4,2021-06-23
2021-06-23 12:00:00,89.920000,89.970000,89.855000,89.940000,4,2021-06-23
2021-06-23 16:00:00,89.920000,90.270000,89.920000,90.245000,4,2021-06-23
2021-06-23 20:00:00,90.235000,90.425000,90.035004,90.320000,4,2021-06-24
2021-06-24 00:00:00,90.305000,90.335000,90.084999,90.240000,4,2021-06-24
2021-06-24 04:00:00,90.230000,90.275000,90.120000,90.150000,4,2021-06-24
2021-06-24 08:00:00,90.155000,90.330000,90.155000,90.185000,4,2021-06-24
2021-06-24 12:00:00,90.185000,90.265000,90.000000,90.074997,4,2021-06-24
2021-06-24 16:00:00,90.050003,90.235000,90.010002,90.195000,4,2021-06-24
2021-06-24 20:00:00,90.160000,90.255000,89.985000,90.014999,4,2021-06-25
2021-06-25 00:00:00,90.010002,90.080002,89.830000,90.040001,4,2021-06-25
2021-06-25 04:00:00,90.019997,90.070000,89.905000,89.965000,4,2021-06-25
2021-06-25 08:00:00,89.980000,90.080002,89.960000,90.065002,4,2021-06-25
2021-06-25 12:00:00,90.035004,90.080002,89.985000,90.080002,4,2021-06-25
2021-06-25 16:00:00,90.070000,90.084999,89.955000,89.990000,4,2021-06-25
2021-06-25 20:00:00,90.000000,90.059998,89.935000,90.050003,1,2021-06-25
2021-06-28 04:00:00,90.074997,90.155000,90.059998,90.105000,3,2021-06-28
2021-06-28 08:00:00,90.099998,90.185000,89.905000,89.950000,4,2021-06-28
2021-06-28 12:00:00,89.955000,90.000000,89.880000,89.930000,4,2021-06-28
2021-06-28 16:00:00,89.965000,90.084999,89.900000,89.960000,4,2021-06-28
2021-06-28 20:00:00,89.955000,90.004997,89.745000,89.870000,4,2021-06-29
2021-06-29 00:00:00,89.835000,89.885000,89.540000,89.565000,4,2021-06-29
2021-06-29 04:00:00,89.565000,89.705000,89.560000,89.655000,4,2021-06-29
2021-06-29 08:00:00,89.640000,89.700000,89.540000,89.565000,4,2021-06-29
2021-06-29 12:00:00,89.565000,89.635000,89.475000,89.605000,4,2021-06-29
2021-06-29 16:00:00,89.600000,89.695000,89.330000,89.390000,4,2021-06-29
2021-06-29 20:00:00,89.395000,89.515000,89.280000,89.390000,4,2021-06-30
2021-06-30 00:00:00,89.375000,89.375000,89.115000,89.195000,4,2021-06-30
2021-06-30 04:00:00,89.200000,89.255000,89.115000,89.175000,4,2021-06-30
2021-06-30 08:00:00,89.190000,89.250000,89.074997,89.145000,4,2021-06-30
2021-06-30 12:00:00,89.115000,89.210000,89.099998,89.170000,4,2021-06-30
2021-06-30 16:00:00,89.160000,89.270000,88.905000,89.115000,4,2021-06-30
2021-06-30 20:00:00,89.099998,89.490000,89.074997,89.480000,4,2021-07-01
2021-07-01 00:00:00,89.490000,89.735000,89.415000,89.525000,4,2021-07-01
2021-07-01 04:00:00,89.525000,89.695000,89.505000,89.605000,4,2021-07-01
2021-07-01 08:00:00,89.610000,89.700000,89.495000,89.545000,4,2021-07-01
2021-07-01 12:00:00,89.555000,89.655000,89.505000,89.615000,4,2021-07-01
2021-07-01 16:00:00,89.590000,89.925000,89.575000,89.915000,4,2021-07-01
2021-07-01 20:00:00,89.905000,90.130000,89.855000,90.070000,4,2021-07-02
2021-07-02 00:00:00,90.065002,90.125000,89.750000,89.775000,4,2021-07-02
2021-07-02 04:00:00,89.775000,89.815000,89.635000,89.650000,4,2021-07-02
2021-07-02 08:00:00,89.680000,89.760000,89.640000,89.705000,4,2021-07-02
2021-07-02 12:00:00,89.705000,89.800000,89.700000,89.735000,4,2021-07-02
2021-07-02 16:00:00,89.770000,89.785000,89.600000,89.720000,4,2021-07-02
2021-07-02 20:00:00,89.720000,89.805000,89.695000,89.765000,1,2021-07-02
2021-07-05 04:00:00,90.130000,90.215000,90.029999,90.105000,3,2021-07-05
2021-07-05 08:00:00,90.080002,90.180000,90.025002,90.035004,4,2021-07-05
2021-07-05 12:00:00,90.035004,90.070000,89.985000,90.025002,4,2021-07-05
2021-07-05 16:00:00,90.019997,90.065002,89.770000,89.775000,4,2021-07-05
2021-07-05 20:00:00,89.770000,89.850000,89.690000,89.800000,4,2021-07-06
2021-07-06 00:00:00,89.775000,90.014999,89.700000,89.960000,4,2021-07-06
2021-07-06 04:00:00,89.925000,89.995000,89.830000,89.930000,4,2021-07-06
2021-07-06 08:00:00,89.920000,89.990000,89.765000,89.870000,4,2021-07-06
2021-07-06 12:00:00,89.865000,89.995000,89.845000,89.955000,4,2021-07-06
2021-07-06 16:00:00,89.970000,90.130000,89.630000,89.680000,4,2021-07-06
2021-07-06 20:00:00,89.665000,89.740000,89.180000,89.285000,4,2021-07-07
2021-07-07 00:00:00,89.235000,89.265000,88.490000,88.870000,4,2021-07-07
2021-07-07 04:00:00,88.865000,88.880000,88.725000,88.820000,4,2021-07-07
2021-07-07 08:00:00,88.770000,88.845000,88.520000,88.570000,4,2021-07-07
2021-07-07 12:00:00,88.575000,88.815000,88.540000,88.745000,4,2021-07-07
2021-07-07 16:00:00,88.765000,89.089996,88.720000,89.059998,4,2021-07-07
2021-07-07 20:00:00,89.074997,89.145000,88.815000,88.950000,4,2021-07-08
2021-07-08 00:00:00,88.970000,88.970000,88.400000,88.625000,4,2021-07-08
2021-07-08 04:00:00,88.640000,88.830000,88.550000,88.680000,4,2021-07-08
2021-07-08 08:00:00,88.680000,88.685000,88.275000,88.295000,4,2021-07-08
2021-07-08 12:00:00,88.295000,88.435000,88.014999,88.070000,4,2021-07-08
2021-07-08 16:00:00,88.065002,88.135000,87.315000,87.475000,4,2021-07-08
2021-07-08 20:00:00,87.475000,87.605000,87.115000,87.465000,4,2021-07-09
2021-07-09 00:00:00,87.485000,87.760000,87.250000,87.745000,4,2021-07-09
2021-07-09 04:00:00,87.740000,87.750000,87.505000,87.570000,4,2021-07-09
2021-07-09 08:00:00,87.585000,87.735000,87.445000,87.480000,4,2021-07-09
2021-07-09 12:00:00,87.480000,87.880000,87.445000,87.785000,4,2021-07-09
2021-07-09 16:00:00,87.785000,88.004997,87.760000,87.960000,4,2021-07-09
2021-07-09 20:00:00,87.965000,87.975000,87.765000,87.935000,1,2021-07-09
2021-07-12 04:00:00,88.525000,88.525000,88.245000,88.425000,4,2021-07-12
2021-07-12 08:00:00,88.485000,88.585000,88.290000,88.385000,4,2021-07-12
2021-07-12 12:00:00,88.375000,88.435000,88.275000,88.370000,4,2021-07-12
2021-07-12 16:00:00,88.380000,88.445000,88.120000,88.140000,4,2021-07-12
2021-07-12 20:00:00,88.140000,88.415000,87.995000,88.355000,4,2021-07-13
2021-07-13 00:00:00,88.365000,88.630000,88.340000,88.500000,4,2021-07-13
2021-07-13 04:00:00,88.495000,88.670000,88.465000,88.600000,4,2021-07-13
2021-07-13 08:00:00,88.605000,88.705000,88.560000,88.650000,4,2021-07-13
2021-07-13 12:00:00,88.660000,88.735000,88.565000,88.575000,4,2021-07-13
2021-07-13 16:00:00,88.585000,88.665000,88.325000,88.355000,4,2021-07-13
2021-07-13 20:00:00,88.340000,88.430000,88.110000,88.170000,4,2021-07-14
2021-07-14 00:00:00,88.145000,88.400000,88.014999,88.385000,4,2021-07-14
2021-07-14 04:00:00,88.370000,88.450000,88.315000,88.410000,4,2021-07-14
2021-07-14 08:00:00,88.400000,88.465000,88.295000,88.340000,4,2021-07-14
2021-07-14 12:00:00,88.340000,88.475000,88.290000,88.380000,4,2021-07-14
2021-07-14 16:00:00,88.375000,88.465000,88.220000,88.335000,4,2021-07-14
2021-07-14 20:00:00,88.330000,88.580000,88.310000,88.330000,4,2021-07-15
2021-07-15 00:00:00,88.305000,88.515000,87.845000,87.925000,4,2021-07-15
2021-07-15 04:00:00,87.920000,88.050003,87.860000,87.885000,4,2021-07-15
2021-07-15 08:00:00,87.900000,87.945000,87.615000,87.710000,4,2021-07-15
2021-07-15 12:00:00,87.705000,87.760000,87.545000,87.690000,4,2021-07-15
2021-07-15 16:00:00,87.690000,87.820000,87.495000,87.775000,4,2021-07-15
2021-07-15 20:00:00,87.800000,87.945000,87.435000,87.570000,4,2021-07-16
2021-07-16 00:00:00,87.580000,87.775000,87.135000,87.175000,4,2021-07-16
2021-07-16 04:00:00,87.190000,87.285000,87.055000,87.230000,4,2021-07-16
2021-07-16 08:00:00,87.210000,87.415000,87.125000,87.385000,4,2021-07-16
2021-07-16 12:00:00,87.375000,87.560000,87.375000,87.495000,4,2021-07-16
2021-07-16 16:00:00,87.475000,87.655000,87.390000,87.560000,4,2021-07-16
2021-07-16 20:00:00,87.580000,87.600000,87.470000,87.590000,1,2021-07-16
2021-07-19 04:00:00,87.285000,87.305000,87.140000,87.260000,4,2021-07-19
2021-07-19 08:00:00,87.255000,87.305000,86.940000,87.010002,4,2021-07-19
2021-07-19 12:00:00,87.004997,87.044998,86.920000,86.980000,4,2021-07-19
2021-07-19 16:00:00,86.940000,87.000000,85.875000,86.110000,4,2021-07-19
2021-07-19 20:00:00,86.084999,86.125000,85.465000,85.655000,4,2021-07-20
2021-07-20 00:00:00,85.635000,85.885000,85.430000,85.770000,4,2021-07-20
2021-07-20 04:00:00,85.775000,85.950000,85.735000,85.890000,4,2021-07-20
2021-07-20 08:00:00,85.860000,85.995000,85.825000,85.985000,4,2021-07-20
2021-07-20 12:00:00,85.965000,86.050003,85.675000,85.740000,4,2021-07-20
2021-07-20 16:00:00,85.745000,86.070000,85.680000,85.825000,4,2021-07-20
2021-07-20 20:00:00,85.855000,86.010002,85.575000,85.910000,4,2021-07-21
2021-07-21 00:00:00,85.900000,86.495000,85.885000,86.375000,4,2021-07-21
2021-07-21 04:00:00,86.370000,86.700000,86.370000,86.675000,4,2021-07-21
2021-07-21 08:00:00,86.660000,86.765000,86.575000,86.605000,4,2021-07-21
2021-07-21 12:00:00,86.615000,86.635000,86.420000,86.420000,4,2021-07-21
2021-07-21 16:00:00,86.430000,86.910000,86.275000,86.775000,4,2021-07-21
2021-07-21 20:00:00,86.770000,87.345000,86.635000,87.240000,4,2021-07-22
2021-07-22 00:00:00,87.265000,88.019997,87.250000,87.830000,4,2021-07-22
2021-07-22 04:00:00,87.855000,87.915000,87.735000,87.810000,4,2021-07-22
2021-07-22 08:00:00,87.810000,87.825000,87.495000,87.575000,4,2021-07-22
2021-07-22 12:00:00,87.575000,87.620000,87.490000,87.540000,4,2021-07-22
2021-07-22 16:00:00,87.540000,87.840000,87.500000,87.790000,4,2021-07-22
2021-07-22 20:00:00,87.775000,87.965000,87.470000,87.575000,4,2021-07-23
2021-07-23 00:00:00,87.600000,87.720000,87.440000,87.700000,4,2021-07-23
2021-07-23 04:00:00,87.700000,87.775000,87.630000,87.675000,4,2021-07-23
2021-07-23 08:00:00,87.685000,87.745000,87.630000,87.665000,4,2021-07-23
2021-07-23 12:00:00,87.660000,87.775000,87.660000,87.690000,4,2021-07-23
2021-07-23 16:00:00,87.695000,87.975000,87.680000,87.905000,4,2021-07-23
2021-07-23 20:00:00,87.890000,87.970000,87.860000,87.945000,1,2021-07-23
2021-07-26 04:00:00,88.004997,88.014999,87.885000,87.990000,4,2021-07-26
2021-07-26 08:00:00,88.000000,88.014999,87.705000,87.765000,4,2021-07-26
2021-07-26 12:00:00,87.760000,87.780000,87.625000,87.680000,4,2021-07-26
2021-07-26 16:00:00,87.690000,87.955000,87.510000,87.885000,4,2021-07-26
2021-07-26 20:00:00,87.890000,87.925000,87.625000,87.900000,4,2021-07-27
2021-07-27 00:00:00,87.905000,88.035004,87.800000,87.920000,4,2021-07-27
2021-07-27 04:00:00,87.920000,88.044998,87.890000,87.975000,4,2021-07-27
2021-07-27 08:00:00,87.940000,88.019997,87.850000,87.895000,4,2021-07-27
2021-07-27 12:00:00,87.915000,87.915000,87.770000,87.805000,4,2021-07-27
2021-07-27 16:00:00,87.785000,87.795000,87.345000,87.575000,4,2021-07-27
2021-07-27 20:00:00,87.600000,87.675000,87.265000,87.355000,4,2021-07-28
2021-07-28 00:00:00,87.350000,87.485000,87.080002,87.125000,4,2021-07-28
2021-07-28 04:00:00,87.120000,87.235000,87.080002,87.130000,4,2021-07-28
2021-07-28 08:00:00,87.105000,87.360000,87.089996,87.265000,4,2021-07-28
2021-07-28 12:00:00,87.265000,87.325000,87.145000,87.295000,4,2021-07-28
2021-07-28 16:00:00,87.305000,87.560000,87.220000,87.550000,4,2021-07-28
2021-07-28 20:00:00,87.555000,87.665000,87.375000,87.520000,4,2021-07-29
2021-07-29 00:00:00,87.505000,87.705000,87.475000,87.620000,4,2021-07-29
2021-07-29 04:00:00,87.605000,87.830000,87.515000,87.805000,4,2021-07-29
2021-07-29 08:00:00,87.785000,87.815000,87.565000,87.675000,4,2021-07-29
2021-07-29 12:00:00,87.660000,87.965000,87.615000,87.875000,4,2021-07-29
2021-07-29 16:00:00,87.865000,88.190000,87.845000,88.099998,4,2021-07-29
2021-07-29 20:00:00,88.099998,88.195000,87.920000,88.010002,4,2021-07-30
2021-07-30 00:00:00,88.014999,88.120000,87.925000,88.044998,4,2021-07-30
2021-07-30 04:00:00,88.035004,88.099998,87.895000,87.955000,4,2021-07-30
2021-07-30 08:00:00,87.955000,87.995000,87.775000,87.825000,4,2021-07-30
2021-07-30 12:00:00,87.825000,88.014999,87.805000,87.960000,4,2021-07-30
2021-07-30 16:00:00,87.960000,88.155000,87.940000,88.065002,4,2021-07-30
2021-07-30 20:00:00,88.095001,88.170000,88.025002,88.105000,1,2021-07-30
2021-08-02 04:00:00,87.955000,87.955000,87.835000,87.865000,4,2021-08-02
2021-08-02 08:00:00,87.865000,88.040001,87.845000,87.905000,4,2021-08-02
2021-08-02 12:00:00,87.895000,87.995000,87.820000,87.910000,4,2021-08-02
2021-08-02 16:00:00,87.925000,88.089996,87.880000,87.955000,4,2021-08-02
2021-08-02 20:00:00,87.940000,87.990000,87.770000,87.860000,4,2021-08-03
2021-08-03 00:00:00,87.885000,87.885000,87.270000,87.390000,4,2021-08-03
2021-08-03 04:00:00,87.370000,87.460000,87.305000,87.430000,4,2021-08-03
2021-08-03 08:00:00,87.415000,87.515000,87.360000,87.385000,4,2021-08-03
2021-08-03 12:00:00,87.365000,87.385000,87.160000,87.170000,4,2021-08-03
2021-08-03 16:00:00,87.180000,87.395000,87.140000,87.260000,4,2021-08-03
2021-08-03 20:00:00,87.250000,87.395000,86.585000,86.615000,4,2021-08-04
2021-08-04 00:00:00,86.615000,87.014999,86.590000,86.960000,4,2021-08-04
2021-08-04 04:00:00,86.970000,87.080002,86.955000,86.985000,4,2021-08-04
2021-08-04 08:00:00,86.985000,87.025002,86.835000,87.000000,4,2021-08-04
2021-08-04 12:00:00,86.990000,87.140000,86.945000,87.050003,4,2021-08-04
2021-08-04 16:00:00,87.014999,87.205000,87.000000,87.120000,4,2021-08-04
2021-08-04 20:00:00,87.105000,87.175000,86.670000,86.860000,4,2021-08-05
2021-08-05 00:00:00,86.865000,87.460000,86.865000,87.270000,4,2021-08-05
2021-08-05 04:00:00,87.265000,87.355000,87.205000,87.295000,4,2021-08-05
2021-08-05 08:00:00,87.255000,87.510000,87.250000,87.510000,4,2021-08-05
2021-08-05 12:00:00,87.485000,87.585000,87.450000,87.540000,4,2021-08-05
2021-08-05 16:00:00,87.550000,87.660000,87.450000,87.600000,4,2021-08-05
2021-08-05 20:00:00,87.590000,87.835000,87.425000,87.785000,4,2021-08-06
2021-08-06 00:00:00,87.780000,87.950000,87.755000,87.830000,4,2021-08-06
2021-08-06 04:00:00,87.830000,87.900000,87.725000,87.820000,4,2021-08-06
2021-08-06 08:00:00,87.820000,87.895000,87.770000,87.865000,4,2021-08-06
2021-08-06 12:00:00,87.845000,87.885000,87.775000,87.840000,4,2021-08-06
2021-08-06 16:00:00,87.815000,87.920000,87.710000,87.770000,4,2021-08-06
2021-08-06 20:00:00,87.750000,87.845000,87.740000,87.775000,1,2021-08-06
2021-08-09 04:00:00,87.845000,87.925000,87.810000,87.850000,4,2021-08-09
2021-08-09 08:00:00,87.830000,87.850000,87.645000,87.675000,4,2021-08-09
2021-08-09 12:00:00,87.680000,87.775000,87.675000,87.725000,4,2021-08-09
2021-08-09 16:00:00,87.725000,87.865000,87.615000,87.845000,4,2021-08-09
2021-08-09 20:00:00,87.835000,87.890000,87.650000,87.770000,4,2021-08-10
2021-08-10 00:00:00,87.765000,87.785000,87.600000,87.705000,4,2021-08-10
2021-08-10 04:00:00,87.690000,87.770000,87.650000,87.735000,4,2021-08-10
2021-08-10 08:00:00,87.720000,87.820000,87.640000,87.670000,4,2021-08-10
2021-08-10 12:00:00,87.655000,87.810000,87.625000,87.805000,4,2021-08-10
2021-08-10 16:00:00,87.785000,87.960000,87.765000,87.885000,4,2021-08-10
2021-08-10 20:00:00,87.885000,88.070000,87.720000,88.055000,4,2021-08-11
2021-08-11 00:00:00,88.035004,88.310000,88.004997,88.265000,4,2021-08-11
2021-08-11 04:00:00,88.265000,88.350000,88.235000,88.300000,4,2021-08-11
2021-08-11 08:00:00,88.305000,88.400000,88.285000,88.360000,4,2021-08-11
2021-08-11 12:00:00,88.360000,88.395000,88.290000,88.345000,4,2021-08-11
2021-08-11 16:00:00,88.350000,88.450000,88.270000,88.370000,4,2021-08-11
2021-08-11 20:00:00,88.395000,88.470000,88.260000,88.320000,4,2021-08-12
2021-08-12 00:00:00,88.295000,88.425000,88.215000,88.390000,4,2021-08-12
2021-08-12 04:00:00,88.365000,88.395000,88.270000,88.315000,4,2021-08-12
2021-08-12 08:00:00,88.305000,88.350000,88.165000,88.195000,4,2021-08-12
2021-08-12 12:00:00,88.195000,88.325000,88.190000,88.250000,4,2021-08-12
2021-08-12 16:00:00,88.255000,88.310000,88.175000,88.265000,4,2021-08-12
2021-08-12 20:00:00,88.260000,88.390000,88.185000,88.355000,4,2021-08-13
2021-08-13 00:00:00,88.360000,88.370000,88.065002,88.145000,4,2021-08-13
2021-08-13 04:00:00,88.155000,88.255000,88.089996,88.165000,4,2021-08-13
2021-08-13 08:00:00,88.165000,88.245000,88.120000,88.210000,4,2021-08-13
2021-08-13 12:00:00,88.220000,88.245000,88.150000,88.200000,4,2021-08-13
2021-08-13 16:00:00,88.195000,88.205000,88.004997,88.125000,4,2021-08-13
2021-08-13 20:00:00,88.120000,88.150000,88.044998,88.074997,1,2021-08-13
2021-08-16 04:00:00,87.545000,87.645000,87.515000,87.585000,3,2021-08-16
2021-08-16 08:00:00,87.560000,87.710000,87.305000,87.345000,4,2021-08-16
2021-08-16 12:00:00,87.350000,87.355000,87.185000,87.260000,4,2021-08-16
2021-08-16 16:00:00,87.260000,87.295000,87.080002,87.135000,4,2021-08-16
2021-08-16 20:00:00,87.140000,87.170000,86.795000,86.860000,4,2021-08-17
2021-08-17 00:00:00,86.825000,87.055000,86.745000,86.885000,4,2021-08-17
2021-08-17 04:00:00,86.885000,86.975000,86.835000,86.900000,4,2021-08-17
2021-08-17 08:00:00,86.905000,86.995000,86.725000,86.795000,4,2021-08-17
2021-08-17 12:00:00,86.770000,86.915000,86.740000,86.830000,4,2021-08-17
2021-08-17 16:00:00,86.845000,86.865000,86.405000,86.675000,4,2021-08-17
2021-08-17 20:00:00,86.650000,86.870000,86.530000,86.785000,4,2021-08-18
2021-08-18 00:00:00,86.780000,86.945000,86.595000,86.710000,4,2021-08-18
2021-08-18 04:00:00,86.685000,86.855000,86.685000,86.760000,4,2021-08-18
2021-08-18 08:00:00,86.765000,86.845000,86.635000,86.730000,4,2021-08-18
2021-08-18 12:00:00,86.705000,86.990000,86.615000,86.890000,4,2021-08-18
2021-08-18 16:00:00,86.890000,86.970000,86.800000,86.860000,4,2021-08-18
2021-08-18 20:00:00,86.865000,87.160000,86.785000,87.070000,4,2021-08-19
2021-08-19 00:00:00,87.074997,87.095001,86.920000,87.040001,4,2021-08-19
2021-08-19 04:00:00,87.044998,87.099998,86.675000,86.760000,4,2021-08-19
2021-08-19 08:00:00,86.765000,86.870000,86.710000,86.825000,4,2021-08-19
2021-08-19 12:00:00,86.775000,86.865000,86.640000,86.665000,4,2021-08-19
2021-08-19 16:00:00,86.660000,86.680000,85.735000,86.035004,4,2021-08-19
2021-08-19 20:00:00,86.040001,86.165000,85.845000,86.014999,4,2021-08-20
2021-08-20 00:00:00,86.025002,86.089996,85.585000,85.675000,4,2021-08-20
2021-08-20 04:00:00,85.675000,85.710000,85.535000,85.590000,4,2021-08-20
2021-08-20 08:00:00,85.575000,85.765000,85.250000,85.300000,4,2021-08-20
2021-08-20 12:00:00,85.295000,85.445000,84.985000,85.275000,4,2021-08-20
2021-08-20 16:00:00,85.275000,85.350000,84.675000,84.820000,4,2021-08-20
2021-08-20 20:00:00,84.815000,84.975000,84.800000,84.920000,1,2021-08-20
2021-08-23 04:00:00,85.645000,85.685000,85.455000,85.480000,4,2021-08-23
2021-08-23 08:00:00,85.505000,86.010002,85.505000,85.965000,4,2021-08-23
2021-08-23 12:00:00,85.965000,86.145000,85.920000,86.115000,4,2021-08-23
2021-08-23 16:00:00,86.155000,86.470000,86.025002,86.395000,4,2021-08-23
2021-08-23 20:00:00,86.380000,86.635000,86.215000,86.305000,4,2021-08-24
2021-08-24 00:00:00,86.325000,86.765000,86.275000,86.725000,4,2021-08-24
2021-08-24 04:00:00,86.725000,86.785000,86.620000,86.685000,4,2021-08-24
2021-08-24 08:00:00,86.690000,86.775000,86.660000,86.725000,4,2021-08-24
2021-08-24 12:00:00,86.730000,86.940000,86.675000,86.920000,4,2021-08-24
2021-08-24 16:00:00,86.905000,87.115000,86.785000,86.815000,4,2021-08-24
2021-08-24 20:00:00,86.815000,87.050003,86.635000,86.775000,4,2021-08-25
2021-08-25 00:00:00,86.795000,87.195000,86.705000,87.059998,4,2021-08-25
2021-08-25 04:00:00,87.044998,87.165000,87.014999,87.080002,4,2021-08-25
2021-08-25 08:00:00,87.065002,87.220000,87.044998,87.130000,4,2021-08-25
2021-08-25 12:00:00,87.110000,87.140000,86.945000,86.955000,4,2021-08-25
2021-08-25 16:00:00,86.960000,87.170000,86.890000,87.135000,4,2021-08-25
2021-08-25 20:00:00,87.125000,87.160000,86.980000,87.095001,4,2021-08-26
2021-08-26 00:00:00,87.084999,87.320000,87.074997,87.280000,4,2021-08-26
2021-08-26 04:00:00,87.270000,87.410000,87.255000,87.365000,4,2021-08-26
2021-08-26 08:00:00,87.355000,87.420000,87.265000,87.325000,4,2021-08-26
2021-08-26 12:00:00,87.295000,87.325000,87.070000,87.195000,4,2021-08-26
2021-08-26 16:00:00,87.195000,87.515000,87.115000,87.375000,4,2021-08-26
2021-08-26 20:00:00,87.370000,87.440000,87.220000,87.285000,4,2021-08-27
2021-08-27 00:00:00,87.285000,87.375000,86.800000,86.865000,4,2021-08-27
2021-08-27 04:00:00,86.860000,86.895000,86.660000,86.770000,4,2021-08-27
2021-08-27 08:00:00,86.760000,86.825000,86.555000,86.625000,4,2021-08-27
2021-08-27 12:00:00,86.635000,86.780000,86.625000,86.775000,4,2021-08-27
2021-08-27 16:00:00,86.755000,86.995000,86.730000,86.915000,4,2021-08-27
2021-08-27 20:00:00,86.925000,86.955000,86.850000,86.870000,1,2021-08-27
2021-08-30 04:00:00,87.055000,87.074997,86.985000,87.025002,4,2021-08-30
2021-08-30 08:00:00,87.044998,87.145000,86.895000,86.965000,4,2021-08-30
2021-08-30 12:00:00,86.990000,87.035004,86.895000,86.905000,4,2021-08-30
2021-08-30 16:00:00,86.915000,87.175000,86.900000,87.044998,4,2021-08-30
2021-08-30 20:00:00,87.065002,87.450000,87.044998,87.235000,4,2021-08-31
2021-08-31 00:00:00,87.230000,87.355000,87.120000,87.155000,4,2021-08-31
2021-08-31 04:00:00,87.155000,87.245000,87.115000,87.185000,4,2021-08-31
2021-08-31 08:00:00,87.185000,87.280000,87.065002,87.105000,4,2021-08-31
2021-08-31 12:00:00,87.095001,87.325000,87.000000,87.300000,4,2021-08-31
2021-08-31 16:00:00,87.295000,87.455000,87.215000,87.325000,4,2021-08-31
2021-08-31 20:00:00,87.325000,87.450000,86.875000,86.925000,4,2021-09-01
2021-09-01 00:00:00,86.905000,87.230000,86.815000,87.185000,4,2021-09-01
2021-09-01 04:00:00,87.190000,87.280000,87.145000,87.230000,4,2021-09-01
2021-09-01 08:00:00,87.215000,87.330000,87.150000,87.265000,4,2021-09-01
2021-09-01 12:00:00,87.275000,87.405000,87.240000,87.370000,4,2021-09-01
2021-09-01 16:00:00,87.375000,87.750000,87.345000,87.515000,4,2021-09-01
2021-09-01 20:00:00,87.515000,87.705000,87.195000,87.235000,4,2021-09-02
2021-09-02 00:00:00,87.255000,87.370000,87.135000,87.245000,4,2021-09-02
2021-09-02 04:00:00,87.240000,87.260000,87.120000,87.180000,4,2021-09-02
2021-09-02 08:00:00,87.180000,87.300000,86.995000,87.059998,4,2021-09-02
2021-09-02 12:00:00,87.040001,87.205000,87.010002,87.165000,4,2021-09-02
2021-09-02 16:00:00,87.175000,87.415000,87.115000,87.290000,4,2021-09-02
2021-09-02 20:00:00,87.260000,87.370000,87.130000,87.300000,4,2021-09-03
2021-09-03 00:00:00,87.285000,87.670000,87.275000,87.640000,4,2021-09-03
2021-09-03 04:00:00,87.615000,87.645000,87.520000,87.565000,4,2021-09-03
2021-09-03 08:00:00,87.565000,87.640000,87.480000,87.565000,4,2021-09-03
2021-09-03 12:00:00,87.545000,87.745000,87.470000,87.735000,4,2021-09-03
2021-09-03 16:00:00,87.710000,87.765000,87.565000,87.610000,4,2021-09-03
2021-09-03 20:00:00,87.590000,87.685000,87.560000,87.645000,1,2021-09-03
2021-09-06 04:00:00,87.635000,87.680000,87.580000,87.615000,4,2021-09-06
2021-09-06 08:00:00,87.615000,87.635000,87.540000,87.600000,4,2021-09-06
2021-09-06 12:00:00,87.605000,87.625000,87.520000,87.555000,4,2021-09-06
2021-09-06 16:00:00,87.555000,87.730000,87.525000,87.545000,4,2021-09-06
2021-09-06 20:00:00,87.545000,87.710000,87.495000,87.710000,4,2021-09-07
2021-09-07 00:00:00,87.715000,87.715000,87.560000,87.655000,4,2021-09-07
2021-09-07 04:00:00,87.650000,87.675000,87.585000,87.630000,4,2021-09-07
2021-09-07 08:00:00,87.645000,87.700000,87.605000,87.670000,4,2021-09-07
2021-09-07 12:00:00,87.665000,87.745000,87.505000,87.555000,4,2021-09-07
2021-09-07 16:00:00,87.580000,87.655000,87.400000,87.425000,4,2021-09-07
2021-09-07 20:00:00,87.420000,87.530000,87.335000,87.460000,4,2021-09-08
2021-09-08 00:00:00,87.445000,87.495000,87.170000,87.260000,4,2021-09-08
2021-09-08 04:00:00,87.285000,87.285000,87.145000,87.195000,4,2021-09-08
2021-09-08 08:00:00,87.200000,87.365000,87.165000,87.335000,4,2021-09-08
2021-09-08 12:00:00,87.340000,87.365000,87.230000,87.335000,4,2021-09-08
2021-09-08 16:00:00,87.340000,87.365000,86.700000,86.925000,4,2021-09-08
2021-09-08 20:00:00,86.920000,87.130000,86.905000,87.095001,4,2021-09-09
2021-09-09 00:00:00,87.065002,87.265000,86.455000,87.055000,4,2021-09-09
2021-09-09 04:00:00,87.025002,87.089996,86.840000,86.900000,4,2021-09-09
2021-09-09 08:00:00,86.895000,86.915000,86.715000,86.760000,4,2021-09-09
2021-09-09 12:00:00,86.775000,86.820000,86.565000,86.585000,4,2021-09-09
2021-09-09 16:00:00,86.595000,86.690000,86.380000,86.655000,4,2021-09-09
2021-09-09 20:00:00,86.665000,86.815000,86.515000,86.755000,4,2021-09-10
2021-09-10 00:00:00,86.765000,86.920000,86.695000,86.760000,4,2021-09-10
2021-09-10 04:00:00,86.770000,86.795000,86.620000,86.655000,4,2021-09-10
2021-09-10 08:00:00,86.660000,86.745000,86.575000,86.725000,4,2021-09-10
2021-09-10 12:00:00,86.710000,86.945000,86.700000,86.925000,4,2021-09-10
2021-09-10 16:00:00,86.935000,87.290000,86.890000,87.175000,4,2021-09-10
2021-09-10 20:00:00,87.205000,87.215000,87.125000,87.165000,1,2021-09-10
2021-09-13 04:00:00,86.625000,86.675000,86.580000,86.675000,3,2021-09-13
2021-09-13 08:00:00,86.675000,86.735000,86.590000,86.635000,4,2021-09-13
2021-09-13 12:00:00,86.640000,86.825000,86.585000,86.820000,4,2021-09-13
2021-09-13 16:00:00,86.825000,86.950000,86.775000,86.925000,4,2021-09-13
2021-09-13 20:00:00,86.920000,87.000000,86.755000,86.925000,4,2021-09-14
2021-09-14 00:00:00,86.935000,87.014999,86.770000,86.845000,4,2021-09-14
2021-09-14 04:00:00,86.845000,87.040001,86.745000,86.970000,4,2021-09-14
2021-09-14 08:00:00,86.985000,87.099998,86.915000,87.035004,4,2021-09-14
2021-09-14 12:00:00,87.014999,87.074997,86.970000,86.990000,4,2021-09-14
2021-09-14 16:00:00,86.985000,87.074997,86.865000,86.975000,4,2021-09-14
2021-09-14 20:00:00,86.965000,87.250000,86.790000,86.795000,4,2021-09-15
2021-09-15 00:00:00,86.815000,86.835000,86.465000,86.545000,4,2021-09-15
2021-09-15 04:00:00,86.545000,86.575000,86.325000,86.440000,4,2021-09-15
2021-09-15 08:00:00,86.445000,86.510000,86.270000,86.295000,4,2021-09-15
2021-09-15 12:00:00,86.295000,86.490000,86.220000,86.325000,4,2021-09-15
2021-09-15 16:00:00,86.325000,86.385000,86.205000,86.305000,4,2021-09-15
2021-09-15 20:00:00,86.300000,86.510000,85.955000,86.455000,4,2021-09-16
2021-09-16 00:00:00,86.460000,86.635000,86.295000,86.555000,4,2021-09-16
2021-09-16 04:00:00,86.560000,86.655000,86.530000,86.610000,4,2021-09-16
2021-09-16 08:00:00,86.635000,86.745000,86.455000,86.460000,4,2021-09-16
2021-09-16 12:00:00,86.480000,86.565000,86.380000,86.390000,4,2021-09-16
2021-09-16 16:00:00,86.380000,86.610000,86.380000,86.560000,4,2021-09-16
2021-09-16 20:00:00,86.550000,86.835000,86.475000,86.575000,4,2021-09-17
2021-09-17 00:00:00,86.580000,86.605000,86.320000,86.490000,4,2021-09-17
2021-09-17 04:00:00,86.495000,86.625000,86.475000,86.525000,4,2021-09-17
2021-09-17 08:00:00,86.520000,86.645000,86.465000,86.605000,4,2021-09-17
2021-09-17 12:00:00,86.605000,86.800000,86.590000,86.760000,4,2021-09-17
2021-09-17 16:00:00,86.755000,87.025002,86.735000,86.920000,4,2021-09-17
2021-09-17 20:00:00,86.905000,86.930000,86.810000,86.875000,1,2021-09-17
2021-09-20 04:00:00,86.135000,86.175000,86.099998,86.155000,4,2021-09-20
2021-09-20 08:00:00,86.185000,86.225000,85.980000,85.985000,4,2021-09-20
2021-09-20 12:00:00,85.985000,85.990000,85.835000,85.950000,4,2021-09-20
2021-09-20 16:00:00,85.955000,85.965000,85.330000,85.455000,4,2021-09-20
2021-09-20 20:00:00,85.460000,85.595000,84.905000,85.550000,4,2021-09-21
2021-09-21 00:00:00,85.550000,85.645000,85.145000,85.335000,4,2021-09-21
2021-09-21 04:00:00,85.345000,85.450000,85.175000,85.325000,4,2021-09-21
2021-09-21 08:00:00,85.320000,85.695000,85.320000,85.655000,4,2021-09-21
2021-09-21 12:00:00,85.680000,85.905000,85.610000,85.785000,4,2021-09-21
2021-09-21 16:00:00,85.765000,86.044998,85.735000,85.900000,4,2021-09-21
2021-09-21 20:00:00,85.900000,85.925000,85.335000,85.395000,4,2021-09-22
2021-09-22 00:00:00,85.405000,85.555000,85.040001,85.315000,4,2021-09-22
2021-09-22 04:00:00,85.315000,85.345000,85.110000,85.245000,4,2021-09-22
2021-09-22 08:00:00,85.215000,85.695000,85.095001,85.515000,4,2021-09-22
2021-09-22 12:00:00,85.540000,85.665000,85.415000,85.600000,4,2021-09-22
2021-09-22 16:00:00,85.635000,85.810000,85.445000,85.610000,4,2021-09-22
2021-09-22 20:00:00,85.640000,85.775000,85.505000,85.605000,4,2021-09-23
2021-09-23 00:00:00,85.625000,86.150000,85.625000,85.980000,4,2021-09-23
2021-09-23 04:00:00,86.014999,86.290000,85.895000,85.955000,4,2021-09-23
2021-09-23 08:00:00,85.970000,86.040001,85.845000,86.014999,4,2021-09-23
2021-09-23 12:00:00,86.010002,86.180000,85.940000,86.135000,4,2021-09-23
2021-09-23 16:00:00,86.135000,86.925000,86.110000,86.770000,4,2021-09-23
2021-09-23 20:00:00,86.790000,87.050003,86.535000,87.025002,4,2021-09-24
2021-09-24 00:00:00,86.995000,87.200000,86.920000,87.165000,4,2021-09-24
2021-09-24 04:00:00,87.140000,87.220000,87.089996,87.170000,4,2021-09-24
2021-09-24 08:00:00,87.155000,87.345000,87.065002,87.065002,4,2021-09-24
2021-09-24 12:00:00,87.065002,87.225000,87.059998,87.190000,4,2021-09-24
2021-09-24 16:00:00,87.195000,87.290000,86.900000,87.019997,4,2021-09-24
2021-09-24 20:00:00,87.019997,87.195000,86.975000,87.084999,1,2021-09-24
2021-09-27 04:00:00,87.555000,87.565000,87.410000,87.470000,3,2021-09-27
2021-09-27 08:00:00,87.465000,87.785000,87.465000,87.675000,4,2021-09-27
2021-09-27 12:00:00,87.695000,87.705000,87.505000,87.660000,4,2021-09-27
2021-09-27 16:00:00,87.645000,87.775000,87.590000,87.665000,3,2021-09-27
2021-09-27 20:00:00,87.680000,87.790000,87.515000,87.645000,4,2021-09-28
2021-09-28 00:00:00,87.630000,87.975000,87.585000,87.945000,4,2021-09-28
2021-09-28 04:00:00,87.935000,88.004997,87.875000,87.895000,4,2021-09-28
2021-09-28 08:00:00,87.925000,88.040001,87.800000,88.014999,4,2021-09-28
2021-09-28 12:00:00,88.010002,88.285000,88.004997,88.275000,4,2021-09-28
2021-09-28 16:00:00,88.260000,88.330000,87.945000,88.004997,4,2021-09-28
2021-09-28 20:00:00,88.000000,88.230000,87.950000,87.995000,4,2021-09-29
2021-09-29 00:00:00,87.995000,88.014999,87.630000,87.885000,4,2021-09-29
2021-09-29 04:00:00,87.890000,88.084999,87.815000,87.895000,4,2021-09-29
2021-09-29 08:00:00,87.915000,88.115000,87.845000,87.910000,4,2021-09-29
2021-09-29 12:00:00,87.930000,88.004997,87.730000,87.930000,4,2021-09-29
2021-09-29 16:00:00,87.935000,88.004997,87.645000,87.765000,4,2021-09-29
2021-09-29 20:00:00,87.790000,87.885000,87.665000,87.760000,4,2021-09-30
2021-09-30 00:00:00,87.720000,87.855000,87.650000,87.715000,4,2021-09-30
2021-09-30 04:00:00,87.715000,87.910000,87.690000,87.770000,4,2021-09-30
2021-09-30 08:00:00,87.775000,87.870000,87.715000,87.780000,4,2021-09-30
2021-09-30 12:00:00,87.795000,87.955000,87.750000,87.825000,4,2021-09-30
2021-09-30 16:00:00,87.820000,88.080002,87.820000,87.965000,4,2021-09-30
2021-09-30 20:00:00,87.935000,88.019997,87.725000,87.815000,4,2021-10-01
2021-10-01 00:00:00,87.815000,88.320000,87.645000,87.835000,4,2021-10-01
2021-10-01 04:00:00,87.825000,88.050003,87.710000,87.760000,4,2021-10-01
2021-10-01 08:00:00,87.780000,87.915000,87.530000,87.660000,4,2021-10-01
2021-10-01 12:00:00,87.655000,87.685000,87.285000,87.475000,4,2021-10-01
2021-10-01 16:00:00,87.465000,87.585000,87.190000,87.505000,4,2021-10-01
2021-10-01 20:00:00,87.530000,87.585000,87.475000,87.510000,1,2021-10-01
2021-10-04 04:00:00,87.770000,87.780000,87.675000,87.710000,2,2021-10-04
2021-10-04 08:00:00,87.710000,88.014999,87.695000,87.775000,4,2021-10-04
2021-10-04 12:00:00,87.750000,88.025002,87.710000,88.010002,4,2021-10-04
2021-10-04 16:00:00,88.010002,88.135000,87.775000,88.115000,4,2021-10-04
2021-10-04 20:00:00,88.115000,88.265000,87.955000,88.165000,4,2021-10-05
2021-10-05 00:00:00,88.160000,88.525000,88.084999,88.140000,4,2021-10-05
2021-10-05 04:00:00,88.135000,88.245000,88.084999,88.115000,4,2021-10-05
2021-10-05 08:00:00,88.080002,88.205000,87.980000,88.014999,4,2021-10-05
2021-10-05 12:00:00,88.014999,88.195000,87.965000,88.115000,4,2021-10-05
2021-10-05 16:00:00,88.105000,88.320000,87.970000,88.295000,4,2021-10-05
2021-10-05 20:00:00,88.290000,88.430000,88.190000,88.365000,4,2021-10-06
2021-10-06 00:00:00,88.375000,88.830000,88.335000,88.625000,4,2021-10-06
2021-10-06 04:00:00,88.645000,88.705000,88.545000,88.590000,4,2021-10-06
2021-10-06 08:00:00,88.605000,88.715000,88.560000,88.715000,4,2021-10-06
2021-10-06 12:00:00,88.695000,88.740000,88.530000,88.665000,4,2021-10-06
2021-10-06 16:00:00,88.675000,88.770000,88.215000,88.315000,4,2021-10-06
2021-10-06 20:00:00,88.325000,88.350000,88.074997,88.205000,4,2021-10-07
2021-10-07 00:00:00,88.225000,88.365000,88.004997,88.285000,4,2021-10-07
2021-10-07 04:00:00,88.310000,88.595000,88.260000,88.520000,4,2021-10-07
2021-10-07 08:00:00,88.505000,88.605000,88.425000,88.535000,4,2021-10-07
2021-10-07 12:00:00,88.565000,88.680000,88.490000,88.510000,4,2021-10-07
2021-10-07 16:00:00,88.505000,88.725000,88.345000,88.510000,4,2021-10-07
2021-10-07 20:00:00,88.525000,88.650000,88.480000,88.625000,4,2021-10-08
2021-10-08 00:00:00,88.635000,88.935000,88.530000,88.895000,4,2021-10-08
2021-10-08 04:00:00,88.895000,89.025002,88.825000,88.940000,4,2021-10-08
2021-10-08 08:00:00,88.955000,89.084999,88.895000,89.044998,4,2021-10-08
2021-10-08 12:00:00,89.074997,89.280000,89.055000,89.150000,4,2021-10-08
2021-10-08 16:00:00,89.155000,89.280000,89.095001,89.245000,4,2021-10-08
2021-10-08 20:00:00,89.240000,89.255000,89.140000,89.205000,1,2021-10-08
2021-10-11 04:00:00,89.945000,89.985000,89.895000,89.895000,2,2021-10-11
2021-10-11 08:00:00,89.905000,90.084999,89.880000,90.070000,4,2021-10-11
2021-10-11 12:00:00,90.074997,90.440000,90.065002,90.420000,4,2021-10-11
2021-10-11 16:00:00,90.415000,90.745000,90.375000,90.705000,4,2021-10-11
2021-10-11 20:00:00,90.700000,90.835000,90.535000,90.810000,4,2021-10-12
2021-10-12 00:00:00,90.780000,91.040001,90.665000,90.985000,4,2021-10-12
2021-10-12 04:00:00,90.995000,90.995000,90.735000,90.775000,4,2021-10-12
2021-10-12 08:00:00,90.765000,90.945000,90.735000,90.795000,4,2021-10-12
2021-10-12 12:00:00,90.805000,90.855000,90.650000,90.775000,4,2021-10-12
2021-10-12 16:00:00,90.780000,91.014999,90.545000,90.970000,4,2021-10-12
2021-10-12 20:00:00,90.955000,91.205000,90.850000,91.095001,4,2021-10-13
2021-10-13 00:00:00,91.070000,91.425000,90.995000,91.235000,4,2021-10-13
2021-10-13 04:00:00,91.235000,91.285000,91.099998,91.120000,4,2021-10-13
2021-10-13 08:00:00,91.135000,91.185000,90.965000,91.010002,4,2021-10-13
2021-10-13 12:00:00,91.000000,91.145000,90.925000,91.135000,4,2021-10-13
2021-10-13 16:00:00,91.135000,91.325000,91.025002,91.265000,4,2021-10-13
2021-10-13 20:00:00,91.255000,91.355000,91.140000,91.185000,4,2021-10-14
2021-10-14 00:00:00,91.180000,91.275000,90.975000,91.205000,4,2021-10-14
2021-10-14 04:00:00,91.200000,91.250000,91.000000,91.019997,4,2021-10-14
2021-10-14 08:00:00,91.035004,91.255000,90.965000,91.235000,4,2021-10-14
2021-10-14 12:00:00,91.235000,91.405000,91.225000,91.385000,4,2021-10-14
2021-10-14 16:00:00,91.380000,91.585000,91.315000,91.575000,4,2021-10-14
2021-10-14 20:00:00,91.555000,91.745000,91.490000,91.675000,4,2021-10-15
2021-10-15 00:00:00,91.680000,92.000000,91.610000,91.900000,4,2021-10-15
2021-10-15 04:00:00,91.895000,91.960000,91.795000,91.900000,4,2021-10-15
2021-10-15 08:00:00,91.925000,92.074997,91.840000,92.070000,4,2021-10-15
2021-10-15 12:00:00,92.059998,92.265000,92.000000,92.235000,4,2021-10-15
2021-10-15 16:00:00,92.235000,92.595000,92.230000,92.570000,4,2021-10-15
2021-10-15 20:00:00,92.565000,92.675000,92.540000,92.630000,1,2021-10-15
2021-10-18 04:00:00,92.405000,92.405000,92.375000,92.375000,2,2021-10-18
2021-10-18 08:00:00,92.355000,92.600000,92.230000,92.260000,4,2021-10-18
2021-10-18 12:00:00,92.255000,92.370000,92.074997,92.255000,4,2021-10-18
2021-10-18 16:00:00,92.245000,92.345000,92.074997,92.215000,4,2021-10-18
2021-10-18 20:00:00,92.205000,92.325000,92.074997,92.205000,4,2021-10-19
2021-10-19 00:00:00,92.175000,92.460000,92.165000,92.365000,4,2021-10-19
2021-10-19 04:00:00,92.360000,92.390000,92.235000,92.375000,4,2021-10-19
2021-10-19 08:00:00,92.370000,92.480000,92.270000,92.305000,4,2021-10-19
2021-10-19 12:00:00,92.300000,92.500000,92.250000,92.460000,4,2021-10-19
2021-10-19 16:00:00,92.465000,92.580000,92.400000,92.490000,4,2021-10-19
2021-10-19 20:00:00,92.475000,92.705000,92.445000,92.490000,4,2021-10-20
2021-10-20 00:00:00,92.480000,92.555000,92.315000,92.490000,4,2021-10-20
2021-10-20 04:00:00,92.495000,92.555000,92.395000,92.525000,4,2021-10-20
2021-10-20 08:00:00,92.515000,92.815000,92.450000,92.795000,4,2021-10-20
2021-10-20 12:00:00,92.790000,92.895000,92.630000,92.840000,4,2021-10-20
2021-10-20 16:00:00,92.835000,92.870000,92.520000,92.670000,4,2021-10-20
2021-10-20 20:00:00,92.665000,92.715000,92.390000,92.480000,4,2021-10-21
2021-10-21 00:00:00,92.485000,92.815000,92.350000,92.605000,4,2021-10-21
2021-10-21 04:00:00,92.605000,92.860000,92.605000,92.775000,4,2021-10-21
2021-10-21 08:00:00,92.740000,92.870000,92.715000,92.795000,4,2021-10-21
2021-10-21 12:00:00,92.795000,93.014999,92.485000,92.615000,4,2021-10-21
2021-10-21 16:00:00,92.595000,92.655000,92.300000,92.425000,4,2021-10-21
2021-10-21 20:00:00,92.430000,92.585000,92.310000,92.435000,4,2021-10-22
2021-10-22 00:00:00,92.455000,92.455000,91.940000,91.940000,4,2021-10-22
2021-10-22 04:00:00,91.950000,92.210000,91.895000,92.160000,4,2021-10-22
2021-10-22 08:00:00,92.175000,92.300000,92.004997,92.300000,4,2021-10-22
2021-10-22 12:00:00,92.300000,92.495000,92.265000,92.310000,4,2021-10-22
2021-10-22 16:00:00,92.320000,92.485000,92.220000,92.365000,4,2021-10-22
2021-10-22 20:00:00,92.380000,92.410000,92.270000,92.295000,1,2021-10-22
2021-10-25 04:00:00,91.900000,91.910000,91.760000,91.805000,2,2021-10-25
2021-10-25 08:00:00,91.815000,92.050003,91.725000,92.000000,4,2021-10-25
2021-10-25 12:00:00,91.965000,92.155000,91.890000,92.040001,4,2021-10-25
2021-10-25 16:00:00,92.040001,92.145000,91.925000,91.990000,4,2021-10-25
2021-10-25 20:00:00,91.990000,92.084999,91.820000,92.044998,4,2021-10-26
2021-10-26 00:00:00,92.040001,92.065002,91.700000,91.750000,4,2021-10-26
2021-10-26 04:00:00,91.745000,91.855000,91.740000,91.840000,4,2021-10-26
2021-10-26 08:00:00,91.835000,91.970000,91.780000,91.955000,4,2021-10-26
2021-10-26 12:00:00,91.950000,92.095001,91.900000,92.084999,4,2021-10-26
2021-10-26 16:00:00,92.089996,92.165000,91.935000,92.130000,4,2021-10-26
2021-10-26 20:00:00,92.140000,92.440000,92.084999,92.395000,4,2021-10-27
2021-10-27 00:00:00,92.400000,92.520000,92.080002,92.140000,4,2021-10-27
2021-10-27 04:00:00,92.135000,92.220000,92.089996,92.135000,4,2021-10-27
2021-10-27 08:00:00,92.145000,92.200000,92.059998,92.145000,4,2021-10-27
2021-10-27 12:00:00,92.135000,92.190000,91.945000,92.044998,4,2021-10-27
2021-10-27 16:00:00,92.025002,92.115000,91.520000,91.560000,4,2021-10-27
2021-10-27 20:00:00,91.560000,91.695000,91.385000,91.480000,4,2021-10-28
2021-10-28 00:00:00,91.480000,92.475000,91.260000,92.235000,4,2021-10-28
2021-10-28 04:00:00,92.235000,92.315000,92.014999,92.115000,4,2021-10-28
2021-10-28 08:00:00,92.115000,92.155000,91.945000,91.995000,4,2021-10-28
2021-10-28 12:00:00,92.000000,92.014999,91.720000,91.770000,4,2021-10-28
2021-10-28 16:00:00,91.775000,91.990000,91.715000,91.865000,4,2021-10-28
2021-10-28 20:00:00,91.875000,91.975000,91.830000,91.915000,4,2021-10-29
2021-10-29 00:00:00,91.915000,91.975000,91.705000,91.820000,4,2021-10-29
2021-10-29 04:00:00,91.830000,92.055000,91.810000,92.010002,4,2021-10-29
2021-10-29 08:00:00,92.014999,92.120000,91.875000,91.895000,4,2021-10-29
2021-10-29 12:00:00,91.895000,92.084999,91.725000,91.995000,4,2021-10-29
2021-10-29 16:00:00,91.985000,92.125000,91.840000,92.010002,4,2021-10-29
2021-10-29 20:00:00,92.025002,92.155000,91.995000,92.130000,1,2021-10-29
2021-11-01 04:00:00,92.025002,92.130000,92.025002,92.115000,2,2021-11-01
2021-11-01 08:00:00,92.115000,92.340000,92.080002,92.084999,4,2021-11-01
2021-11-01 12:00:00,92.080002,92.285000,92.055000,92.215000,4,2021-11-01
2021-11-01 16:00:00,92.220000,92.385000,92.170000,92.190000,4,2021-11-01
2021-11-01 20:00:00,92.200000,92.370000,92.145000,92.235000,4,2021-11-02
2021-11-02 00:00:00,92.225000,92.495000,92.130000,92.385000,4,2021-11-02
2021-11-02 04:00:00,92.405000,92.405000,92.115000,92.165000,4,2021-11-02
2021-11-02 08:00:00,92.175000,92.245000,92.105000,92.205000,4,2021-11-02
2021-11-02 12:00:00,92.205000,92.250000,91.735000,91.770000,4,2021-11-02
2021-11-02 16:00:00,91.790000,91.885000,91.490000,91.490000,4,2021-11-02
2021-11-02 20:00:00,91.505000,91.815000,91.425000,91.790000,4,2021-11-03
2021-11-03 00:00:00,91.790000,91.845000,91.575000,91.710000,4,2021-11-03
2021-11-03 04:00:00,91.725000,91.925000,91.720000,91.825000,4,2021-11-03
2021-11-03 08:00:00,91.855000,91.875000,91.715000,91.720000,4,2021-11-03
2021-11-03 12:00:00,91.725000,91.800000,91.585000,91.665000,4,2021-11-03
2021-11-03 16:00:00,91.670000,91.850000,91.640000,91.765000,4,2021-11-03
2021-11-03 20:00:00,91.755000,91.785000,91.640000,91.695000,4,2021-11-04
2021-11-04 00:00:00,91.695000,91.940000,91.560000,91.885000,4,2021-11-04
2021-11-04 04:00:00,91.890000,92.080002,91.765000,92.004997,4,2021-11-04
2021-11-04 08:00:00,92.000000,92.195000,91.930000,92.150000,4,2021-11-04
2021-11-04 12:00:00,92.120000,92.170000,92.065002,92.099998,4,2021-11-04
2021-11-04 16:00:00,92.080002,92.220000,91.850000,91.925000,4,2021-11-04
2021-11-04 20:00:00,91.925000,91.985000,91.555000,91.660000,4,2021-11-05
2021-11-05 00:00:00,91.670000,91.800000,91.135000,91.265000,4,2021-11-05
2021-11-05 04:00:00,91.260000,91.360000,91.165000,91.340000,4,2021-11-05
2021-11-05 08:00:00,91.325000,91.460000,91.265000,91.315000,4,2021-11-05
2021-11-05 12:00:00,91.340000,91.340000,91.084999,91.260000,4,2021-11-05
2021-11-05 16:00:00,91.260000,91.380000,91.120000,91.265000,4,2021-11-05
2021-11-05 20:00:00,91.290000,91.310000,91.200000,91.255000,1,2021-11-05
2021-11-08 04:00:00,91.089996,91.095001,91.080002,91.080002,1,2021-11-08
2021-11-08 08:00:00,91.080002,91.230000,91.029999,91.180000,4,2021-11-08
2021-11-08 12:00:00,91.215000,91.275000,91.150000,91.240000,2,2021-11-08
2021-11-08 16:00:00,91.235000,91.320000,91.074997,91.095001,4,2021-11-08
2021-11-08 20:00:00,91.110000,91.270000,91.044998,91.099998,4,2021-11-09
2021-11-09 00:00:00,91.105000,91.185000,90.750000,90.960000,4,2021-11-09
2021-11-09 04:00:00,90.950000,91.044998,90.880000,90.990000,4,2021-11-09
2021-11-09 08:00:00,90.990000,91.059998,90.860000,90.925000,4,2021-11-09
2021-11-09 12:00:00,90.910000,90.960000,90.540000,90.655000,4,2021-11-09
2021-11-09 16:00:00,90.640000,90.875000,90.575000,90.770000,4,2021-11-09
2021-11-09 20:00:00,90.770000,90.920000,90.715000,90.890000,4,2021-11-10
2021-11-10 00:00:00,90.910000,90.955000,90.430000,90.620000,4,2021-11-10
2021-11-10 04:00:00,90.635000,90.785000,90.600000,90.710000,4,2021-11-10
2021-11-10 08:00:00,90.710000,90.840000,90.675000,90.710000,4,2021-11-10
2021-11-10 12:00:00,90.715000,90.850000,90.640000,90.750000,4,2021-11-10
2021-11-10 16:00:00,90.715000,91.165000,90.670000,91.089996,4,2021-11-10
2021-11-10 20:00:00,91.084999,91.200000,91.010002,91.099998,4,2021-11-11
2021-11-11 00:00:00,91.089996,91.730000,91.014999,91.500000,4,2021-11-11
2021-11-11 04:00:00,91.515000,91.565000,91.029999,91.155000,4,2021-11-11
2021-11-11 08:00:00,91.145000,91.325000,91.095001,91.260000,4,2021-11-11
2021-11-11 12:00:00,91.270000,91.380000,91.040001,91.105000,4,2021-11-11
2021-11-11 16:00:00,91.099998,91.185000,90.990000,91.055000,4,2021-11-11
2021-11-11 20:00:00,91.044998,91.095001,90.565000,90.650000,4,2021-11-12
2021-11-12 00:00:00,90.620000,90.720000,90.470000,90.595000,4,2021-11-12
2021-11-12 04:00:00,90.590000,90.725000,90.530000,90.620000,4,2021-11-12
2021-11-12 08:00:00,90.635000,90.790000,90.580000,90.770000,4,2021-11-12
2021-11-12 12:00:00,90.765000,90.795000,90.665000,90.735000,4,2021-11-12
2021-11-12 16:00:00,90.740000,90.875000,90.560000,90.595000,4,2021-11-12
2021-11-12 20:00:00,90.580000,90.655000,90.480000,90.590000,2,2021-11-12
2021-11-15 04:00:00,90.765000,90.785000,90.765000,90.785000,1,2021-11-15
2021-11-15 08:00:00,90.795000,90.915000,90.735000,90.825000,4,2021-11-15
2021-11-15 12:00:00,90.825000,90.860000,90.670000,90.815000,4,2021-11-15
2021-11-15 16:00:00,90.820000,91.014999,90.795000,90.950000,4,2021-11-15
2021-11-15 20:00:00,90.970000,90.970000,90.820000,90.895000,4,2021-11-16
2021-11-16 00:00:00,90.885000,91.185000,90.850000,91.074997,4,2021-11-16
2021-11-16 04:00:00,91.055000,91.250000,90.930000,91.235000,4,2021-11-16
2021-11-16 08:00:00,91.210000,91.310000,91.140000,91.275000,4,2021-11-16
2021-11-16 12:00:00,91.265000,91.495000,91.215000,91.235000,4,2021-11-16
2021-11-16 16:00:00,91.240000,91.335000,91.130000,91.185000,4,2021-11-16
2021-11-16 20:00:00,91.185000,91.240000,91.089996,91.175000,4,2021-11-17
2021-11-17 00:00:00,91.175000,91.400000,91.140000,91.245000,4,2021-11-17
2021-11-17 04:00:00,91.245000,91.420000,91.225000,91.385000,4,2021-11-17
2021-11-17 08:00:00,91.395000,91.490000,91.320000,91.360000,4,2021-11-17
2021-11-17 12:00:00,91.345000,91.465000,91.285000,91.375000,4,2021-11-17
2021-11-17 16:00:00,91.405000,91.625000,91.350000,91.540000,4,2021-11-17
2021-11-17 20:00:00,91.540000,91.580000,91.225000,91.355000,4,2021-11-18
2021-11-18 00:00:00,91.380000,91.410000,90.745000,90.795000,4,2021-11-18
2021-11-18 04:00:00,90.815000,90.830000,90.345000,90.475000,4,2021-11-18
2021-11-18 08:00:00,90.495000,90.615000,90.445000,90.585000,4,2021-11-18
2021-11-18 12:00:00,90.585000,90.585000,90.235000,90.425000,4,2021-11-18
2021-11-18 16:00:00,90.420000,90.645000,90.420000,90.490000,4,2021-11-18
2021-11-18 20:00:00,90.505000,90.685000,90.505000,90.645000,4,2021-11-19
2021-11-19 00:00:00,90.635000,90.750000,90.325000,90.435000,4,2021-11-19
2021-11-19 04:00:00,90.430000,90.710000,90.430000,90.670000,4,2021-11-19
2021-11-19 08:00:00,90.655000,90.765000,90.620000,90.745000,4,2021-11-19
2021-11-19 12:00:00,90.730000,90.840000,90.685000,90.755000,4,2021-11-19
2021-11-19 16:00:00,90.760000,90.875000,90.730000,90.745000,4,2021-11-19
2021-11-19 20:00:00,90.745000,90.820000,89.955000,90.120000,2,2021-11-19
2021-11-22 04:00:00,90.095001,90.105000,90.084999,90.095001,1,2021-11-22
2021-11-22 08:00:00,90.105000,90.230000,90.074997,90.195000,4,2021-11-22
2021-11-22 12:00:00,90.180000,90.365000,90.165000,90.325000,4,2021-11-22
2021-11-22 16:00:00,90.315000,90.425000,90.220000,90.310000,4,2021-11-22
2021-11-22 20:00:00,90.305000,90.470000,90.220000,90.330000,4,2021-11-23
2021-11-23 00:00:00,90.325000,90.625000,90.220000,90.435000,4,2021-11-23
2021-11-23 04:00:00,90.415000,90.600000,90.350000,90.425000,4,2021-11-23
2021-11-23 08:00:00,90.420000,90.505000,90.345000,90.385000,4,2021-11-23
2021-11-23 12:00:00,90.390000,90.655000,90.355000,90.595000,4,2021-11-23
2021-11-23 16:00:00,90.595000,90.630000,89.960000,90.019997,4,2021-11-23
2021-11-23 20:00:00,90.035004,90.415000,90.004997,90.360000,4,2021-11-24
2021-11-24 00:00:00,90.360000,90.610000,90.225000,90.455000,4,2021-11-24
2021-11-24 04:00:00,90.455000,90.915000,90.365000,90.900000,4,2021-11-24
2021-11-24 08:00:00,90.900000,90.970000,90.775000,90.855000,4,2021-11-24
2021-11-24 12:00:00,90.875000,90.915000,90.545000,90.615000,4,2021-11-24
2021-11-24 16:00:00,90.610000,90.835000,90.555000,90.790000,4,2021-11-24
2021-11-24 20:00:00,90.830000,90.885000,90.570000,90.640000,4,2021-11-25
2021-11-25 00:00:00,90.635000,91.175000,90.600000,91.130000,4,2021-11-25
2021-11-25 04:00:00,91.125000,91.240000,91.019997,91.135000,4,2021-11-25
2021-11-25 08:00:00,91.135000,91.245000,91.099998,91.145000,4,2021-11-25
2021-11-25 12:00:00,91.150000,91.235000,91.130000,91.195000,4,2021-11-25
2021-11-25 16:00:00,91.170000,91.300000,91.135000,91.200000,4,2021-11-25
2021-11-25 20:00:00,91.200000,91.220000,91.004997,91.019997,4,2021-11-26
2021-11-26 00:00:00,91.029999,91.250000,90.960000,91.210000,4,2021-11-26
2021-11-26 04:00:00,91.205000,91.290000,91.160000,91.225000,4,2021-11-26
2021-11-26 08:00:00,91.205000,91.255000,90.520000,90.740000,4,2021-11-26
2021-11-26 12:00:00,90.755000,90.755000,90.145000,90.230000,4,2021-11-26
2021-11-26 16:00:00,90.250000,90.260000,89.044998,89.705000,4,2021-11-26
2021-11-26 20:00:00,89.695000,89.695000,89.190000,89.335000,2,2021-11-26
2021-11-29 04:00:00,88.875000,89.155000,88.875000,89.120000,1,2021-11-29
2021-11-29 08:00:00,89.120000,89.470000,88.825000,89.200000,4,2021-11-29
2021-11-29 12:00:00,89.195000,89.290000,89.000000,89.120000,4,2021-11-29
2021-11-29 16:00:00,89.120000,89.235000,88.605000,88.815000,4,2021-11-29
2021-11-29 20:00:00,88.820000,89.225000,88.795000,89.200000,4,2021-11-30
2021-11-30 00:00:00,89.195000,89.440000,88.775000,88.930000,4,2021-11-30
2021-11-30 04:00:00,88.925000,89.185000,88.895000,89.115000,4,2021-11-30
2021-11-30 08:00:00,89.125000,89.425000,89.059998,89.290000,4,2021-11-30
2021-11-30 12:00:00,89.290000,89.365000,89.105000,89.140000,4,2021-11-30
2021-11-30 16:00:00,89.145000,89.145000,88.150000,88.185000,4,2021-11-30
2021-11-30 20:00:00,88.205000,88.615000,88.035004,88.415000,4,2021-12-01
2021-12-01 00:00:00,88.400000,88.795000,88.050003,88.375000,4,2021-12-01
2021-12-01 04:00:00,88.370000,88.550000,88.135000,88.475000,4,2021-12-01
2021-12-01 08:00:00,88.470000,88.740000,88.440000,88.680000,4,2021-12-01
2021-12-01 12:00:00,88.650000,89.150000,88.615000,89.145000,4,2021-12-01
2021-12-01 16:00:00,89.125000,89.290000,88.770000,88.960000,4,2021-12-01
2021-12-01 20:00:00,88.925000,89.084999,88.855000,88.915000,4,2021-12-02
2021-12-02 00:00:00,88.905000,88.935000,88.265000,88.320000,4,2021-12-02
2021-12-02 04:00:00,88.300000,88.390000,87.880000,87.995000,4,2021-12-02
2021-12-02 08:00:00,87.980000,88.205000,87.885000,88.110000,4,2021-12-02
2021-12-02 12:00:00,88.140000,88.375000,88.019997,88.270000,4,2021-12-02
2021-12-02 16:00:00,88.270000,88.695000,88.235000,88.520000,4,2021-12-02
2021-12-02 20:00:00,88.515000,88.645000,87.880000,88.050003,4,2021-12-03
2021-12-03 00:00:00,88.044998,88.315000,87.850000,88.275000,4,2021-12-03
2021-12-03 04:00:00,88.265000,88.425000,88.125000,88.370000,4,2021-12-03
2021-12-03 08:00:00,88.355000,88.425000,88.099998,88.230000,4,2021-12-03
2021-12-03 12:00:00,88.235000,88.400000,88.029999,88.355000,4,2021-12-03
2021-12-03 16:00:00,88.380000,88.570000,88.310000,88.365000,4,2021-12-03
2021-12-03 20:00:00,88.380000,88.425000,88.150000,88.205000,2,2021-12-03
2021-12-06 04:00:00,87.980000,88.000000,87.960000,87.975000,1,2021-12-06
2021-12-06 08:00:00,87.975000,88.215000,87.900000,88.074997,4,2021-12-06
2021-12-06 12:00:00,88.084999,88.215000,88.014999,88.110000,4,2021-12-06
2021-12-06 16:00:00,88.125000,88.390000,88.095001,88.325000,4,2021-12-06
2021-12-06 20:00:00,88.310000,88.580000,88.310000,88.425000,4,2021-12-07
2021-12-07 00:00:00,88.410000,88.840000,88.305000,88.645000,4,2021-12-07
2021-12-07 04:00:00,88.625000,89.025002,88.625000,88.935000,4,2021-12-07
2021-12-07 08:00:00,88.930000,89.025002,88.830000,88.945000,4,2021-12-07
2021-12-07 12:00:00,88.940000,89.290000,88.920000,89.215000,4,2021-12-07
2021-12-07 16:00:00,89.200000,89.465000,89.185000,89.440000,4,2021-12-07
2021-12-07 20:00:00,89.420000,89.580000,89.360000,89.525000,4,2021-12-08
2021-12-08 00:00:00,89.530000,89.925000,89.505000,89.795000,4,2021-12-08
2021-12-08 04:00:00,89.795000,89.860000,89.635000,89.710000,4,2021-12-08
2021-12-08 08:00:00,89.730000,89.895000,89.635000,89.855000,4,2021-12-08
2021-12-08 12:00:00,89.860000,89.890000,89.705000,89.820000,4,2021-12-08
2021-12-08 16:00:00,89.815000,89.895000,89.490000,89.835000,4,2021-12-08
2021-12-08 20:00:00,89.835000,90.165000,89.625000,90.040001,4,2021-12-09
2021-12-09 00:00:00,90.029999,90.370000,89.830000,89.970000,4,2021-12-09
2021-12-09 04:00:00,89.970000,90.029999,89.785000,89.855000,4,2021-12-09
2021-12-09 08:00:00,89.855000,89.930000,89.815000,89.885000,4,2021-12-09
2021-12-09 12:00:00,89.880000,89.925000,89.670000,89.670000,4,2021-12-09
2021-12-09 16:00:00,89.670000,89.820000,89.425000,89.535000,4,2021-12-09
2021-12-09 20:00:00,89.535000,89.655000,89.320000,89.360000,4,2021-12-10
2021-12-10 00:00:00,89.335000,89.490000,89.215000,89.395000,4,2021-12-10
2021-12-10 04:00:00,89.400000,89.555000,89.145000,89.215000,4,2021-12-10
2021-12-10 08:00:00,89.225000,89.320000,89.190000,89.205000,4,2021-12-10
2021-12-10 12:00:00,89.205000,89.470000,89.125000,89.335000,4,2021-12-10
2021-12-10 16:00:00,89.335000,89.430000,89.205000,89.415000,4,2021-12-10
2021-12-10 20:00:00,89.415000,89.460000,89.320000,89.455000,2,2021-12-10
2021-12-13 04:00:00,89.084999,89.089996,89.070000,89.070000,1,2021-12-13
2021-12-13 08:00:00,89.070000,89.290000,88.985000,89.260000,4,2021-12-13
2021-12-13 12:00:00,89.265000,89.355000,89.235000,89.260000,4,2021-12-13
2021-12-13 16:00:00,89.260000,89.280000,89.074997,89.150000,4,2021-12-13
2021-12-13 20:00:00,89.155000,89.240000,88.955000,89.050003,4,2021-12-14
2021-12-14 00:00:00,89.055000,89.125000,88.710000,88.710000,3,2021-12-14
2021-12-14 04:00:00,88.685000,88.775000,88.580000,88.605000,4,2021-12-14
2021-12-14 08:00:00,88.605000,88.735000,88.575000,88.685000,4,2021-12-14
2021-12-14 12:00:00,88.695000,88.705000,88.475000,88.565000,4,2021-12-14
2021-12-14 16:00:00,88.575000,88.875000,88.535000,88.735000,4,2021-12-14
2021-12-14 20:00:00,88.725000,88.835000,88.535000,88.560000,4,2021-12-15
2021-12-15 00:00:00,88.565000,88.710000,88.365000,88.410000,4,2021-12-15
2021-12-15 04:00:00,88.385000,88.535000,88.365000,88.510000,2,2021-12-15
2021-12-15 12:00:00,88.490000,88.510000,88.455000,88.455000,1,2021-12-15
2021-12-15 16:00:00,88.405000,88.425000,88.385000,88.395000,1,2021-12-15
2021-12-15 20:00:00,88.335000,88.435000,88.335000,88.415000,1,2021-12-16
2021-12-16 00:00:00,88.470000,88.495000,88.385000,88.450000,1,2021-12-16
2021-12-16 08:00:00,88.830000,88.850000,88.810000,88.850000,1,2021-12-16
2021-12-16 12:00:00,88.785000,88.830000,88.785000,88.800000,1,2021-12-16
2021-12-16 16:00:00,88.795000,88.820000,88.770000,88.800000,1,2021-12-16
2021-12-16 20:00:00,89.195000,89.440000,89.155000,89.355000,2,2021-12-17
2021-12-17 04:00:00,88.890000,88.935000,88.845000,88.920000,1,2021-12-17
2021-12-17 12:00:00,89.014999,89.044998,88.885000,88.935000,2,2021-12-17
2021-12-17 20:00:00,88.730000,88.750000,88.690000,88.705000,1,2021-12-17
2021-12-20 04:00:00,88.220000,88.220000,88.180000,88.180000,1,2021-12-20
2021-12-20 08:00:00,88.140000,88.270000,88.004997,88.130000,4,2021-12-20
2021-12-20 12:00:00,88.125000,88.195000,87.945000,87.975000,4,2021-12-20
2021-12-20 16:00:00,87.980000,87.980000,87.625000,87.725000,4,2021-12-20
2021-12-20 20:00:00,87.720000,88.065002,87.640000,87.795000,4,2021-12-21
2021-12-21 00:00:00,87.815000,87.905000,87.435000,87.650000,4,2021-12-21
2021-12-21 04:00:00,87.655000,87.890000,87.650000,87.845000,4,2021-12-21
2021-12-21 08:00:00,87.850000,87.890000,87.760000,87.850000,4,2021-12-21
2021-12-21 12:00:00,87.860000,88.000000,87.765000,87.955000,4,2021-12-21
2021-12-21 16:00:00,87.955000,88.025002,87.725000,87.805000,4,2021-12-21
2021-12-21 20:00:00,87.805000,88.025002,87.780000,87.975000,4,2021-12-22
2021-12-22 00:00:00,87.985000,88.295000,87.945000,88.275000,4,2021-12-22
2021-12-22 04:00:00,88.285000,88.360000,88.245000,88.335000,4,2021-12-22
2021-12-22 08:00:00,88.335000,88.430000,88.195000,88.385000,4,2021-12-22
2021-12-22 12:00:00,88.375000,88.435000,88.315000,88.385000,4,2021-12-22
2021-12-22 16:00:00,88.385000,88.580000,88.315000,88.570000,4,2021-12-22
2021-12-22 20:00:00,88.570000,88.610000,88.460000,88.495000,4,2021-12-23
2021-12-23 00:00:00,88.500000,88.965000,88.370000,88.930000,4,2021-12-23
2021-12-23 04:00:00,88.930000,88.960000,88.735000,88.895000,4,2021-12-23
2021-12-23 08:00:00,88.900000,88.940000,88.785000,88.900000,4,2021-12-23
2021-12-23 12:00:00,88.905000,88.905000,88.795000,88.885000,4,2021-12-23
2021-12-23 16:00:00,88.885000,89.195000,88.875000,89.145000,4,2021-12-23
2021-12-23 20:00:00,89.140000,89.240000,89.084999,89.170000,4,2021-12-24
2021-12-24 00:00:00,89.175000,89.360000,89.035004,89.315000,4,2021-12-24
2021-12-24 04:00:00,89.320000,89.410000,89.290000,89.335000,4,2021-12-24
2021-12-24 08:00:00,89.335000,89.385000,89.175000,89.220000,4,2021-12-24
2021-12-24 12:00:00,89.225000,89.270000,89.120000,89.125000,4,2021-12-24
2021-12-24 16:00:00,89.125000,89.250000,89.125000,89.175000,4,2021-12-24
2021-12-24 20:00:00,89.175000,89.450000,89.140000,89.430000,2,2021-12-24
2021-12-27 04:00:00,89.270000,89.280000,89.270000,89.280000,1,2021-12-27
2021-12-27 08:00:00,89.275000,89.325000,89.190000,89.280000,4,2021-12-27
2021-12-27 12:00:00,89.280000,89.365000,89.210000,89.325000,4,2021-12-27
2021-12-27 16:00:00,89.325000,89.425000,89.245000,89.380000,4,2021-12-27
2021-12-27 20:00:00,89.390000,89.455000,89.305000,89.335000,4,2021-12-28
2021-12-28 00:00:00,89.330000,89.895000,89.310000,89.745000,4,2021-12-28
2021-12-28 04:00:00,89.745000,89.815000,89.725000,89.810000,4,2021-12-28
2021-12-28 08:00:00,89.815000,89.900000,89.710000,89.845000,4,2021-12-28
2021-12-28 12:00:00,89.845000,89.845000,89.745000,89.770000,4,2021-12-28
2021-12-28 16:00:00,89.780000,89.895000,89.670000,89.710000,4,2021-12-28
2021-12-28 20:00:00,89.725000,89.840000,89.650000,89.815000,4,2021-12-29
2021-12-29 00:00:00,89.815000,89.870000,89.475000,89.550000,4,2021-12-29
2021-12-29 04:00:00,89.555000,89.650000,89.450000,89.615000,4,2021-12-29
2021-12-29 08:00:00,89.615000,89.640000,89.510000,89.630000,4,2021-12-29
2021-12-29 12:00:00,89.615000,89.635000,89.435000,89.565000,4,2021-12-29
2021-12-29 16:00:00,89.565000,89.730000,89.560000,89.705000,4,2021-12-29
2021-12-29 20:00:00,89.710000,89.720000,89.520000,89.600000,4,2021-12-30
2021-12-30 00:00:00,89.620000,89.815000,89.485000,89.745000,4,2021-12-30
2021-12-30 04:00:00,89.745000,89.885000,89.690000,89.850000,4,2021-12-30
2021-12-30 08:00:00,89.845000,90.010002,89.835000,90.010002,4,2021-12-30
2021-12-30 12:00:00,89.995000,90.084999,89.915000,89.930000,4,2021-12-30
2021-12-30 16:00:00,89.935000,89.990000,89.885000,89.915000,4,2021-12-30
2021-12-30 20:00:00,89.925000,90.099998,89.865000,90.055000,4,2021-12-31
2021-12-31 00:00:00,90.055000,90.170000,89.905000,90.140000,4,2021-12-31
2021-12-31 04:00:00,90.145000,90.335000,90.035004,90.270000,4,2021-12-31
2021-12-31 08:00:00,90.285000,90.360000,90.240000,90.300000,4,2021-12-31
2021-12-31 12:00:00,90.310000,90.345000,90.250000,90.340000,4,2021-12-31
2021-12-31 16:00:00,90.335000,90.485000,90.330000,90.395000,4,2021-12-31
2021-12-31 20:00:00,90.390000,90.515000,90.345000,90.460000,2,2021-12-31
2022-01-03 04:00:00,91.089996,91.089996,91.065002,91.074997,1,2022-01-03
2022-01-03 08:00:00,91.074997,91.150000,90.945000,91.105000,4,2022-01-03
2022-01-03 12:00:00,91.099998,91.140000,90.870000,90.930000,4,2022-01-03
2022-01-03 16:00:00,90.935000,91.014999,90.905000,90.950000,4,2022-01-03
2022-01-03 20:00:00,90.950000,90.980000,90.665000,90.730000,4,2022-01-04
2022-01-04 00:00:00,90.740000,90.745000,90.225000,90.355000,4,2022-01-04
2022-01-04 04:00:00,90.365000,90.495000,90.340000,90.445000,4,2022-01-04
2022-01-04 08:00:00,90.445000,90.545000,90.410000,90.530000,4,2022-01-04
2022-01-04 12:00:00,90.525000,90.965000,90.485000,90.945000,4,2022-01-04
2022-01-04 16:00:00,90.940000,90.985000,90.815000,90.895000,4,2022-01-04
2022-01-04 20:00:00,90.890000,91.215000,90.870000,91.135000,4,2022-01-05
2022-01-05 00:00:00,91.145000,91.675000,91.130000,91.460000,4,2022-01-05
2022-01-05 04:00:00,91.470000,91.545000,91.315000,91.325000,4,2022-01-05
2022-01-05 08:00:00,91.340000,91.530000,91.340000,91.465000,4,2022-01-05
2022-01-05 12:00:00,91.470000,91.480000,91.135000,91.270000,4,2022-01-05
2022-01-05 16:00:00,91.270000,91.305000,91.140000,91.175000,4,2022-01-05
2022-01-05 20:00:00,91.175000,91.210000,90.860000,90.980000,4,2022-01-06
2022-01-06 00:00:00,90.965000,91.280000,90.955000,91.275000,4,2022-01-06
2022-01-06 04:00:00,91.270000,91.385000,90.955000,90.955000,4,2022-01-06
2022-01-06 08:00:00,90.965000,91.059998,90.895000,90.960000,4,2022-01-06
2022-01-06 12:00:00,90.960000,90.960000,90.565000,90.585000,4,2022-01-06
2022-01-06 16:00:00,90.585000,90.635000,90.300000,90.425000,4,2022-01-06
2022-01-06 20:00:00,90.430000,90.850000,90.380000,90.725000,4,2022-01-07
2022-01-07 00:00:00,90.725000,91.025002,90.495000,90.980000,4,2022-01-07
2022-01-07 04:00:00,90.975000,91.150000,90.960000,91.070000,4,2022-01-07
2022-01-07 08:00:00,91.065002,91.265000,90.975000,91.210000,4,2022-01-07
2022-01-07 12:00:00,91.215000,91.260000,91.070000,91.215000,4,2022-01-07
2022-01-07 16:00:00,91.190000,91.225000,90.955000,91.004997,4,2022-01-07
2022-01-07 20:00:00,91.019997,91.170000,90.975000,91.110000,2,2022-01-07
2022-01-10 04:00:00,91.385000,91.385000,91.385000,91.385000,1,2022-01-10
2022-01-10 08:00:00,91.435000,91.505000,91.350000,91.450000,4,2022-01-10
2022-01-10 12:00:00,91.445000,91.640000,91.395000,91.600000,4,2022-01-10
2022-01-10 16:00:00,91.605000,91.665000,91.475000,91.555000,4,2022-01-10
2022-01-10 20:00:00,91.555000,91.700000,91.004997,91.014999,4,2022-01-11
2022-01-11 00:00:00,91.019997,91.195000,90.680000,90.845000,4,2022-01-11
2022-01-11 04:00:00,90.820000,90.960000,90.635000,90.930000,4,2022-01-11
2022-01-11 08:00:00,90.935000,91.115000,90.810000,91.080002,4,2022-01-11
2022-01-11 12:00:00,91.074997,91.250000,91.010002,91.074997,4,2022-01-11
2022-01-11 16:00:00,91.074997,91.250000,90.960000,91.185000,4,2022-01-11
2022-01-11 20:00:00,91.185000,91.395000,91.180000,91.360000,4,2022-01-12
2022-01-12 00:00:00,91.365000,91.625000,91.255000,91.580000,4,2022-01-12
2022-01-12 04:00:00,91.595000,91.825000,91.555000,91.665000,4,2022-01-12
2022-01-12 08:00:00,91.670000,91.800000,91.655000,91.705000,4,2022-01-12
2022-01-12 12:00:00,91.710000,91.950000,91.675000,91.905000,4,2022-01-12
2022-01-12 16:00:00,91.930000,91.965000,91.730000,91.845000,4,2022-01-12
2022-01-12 20:00:00,91.840000,92.130000,91.830000,92.029999,4,2022-01-13
2022-01-13 00:00:00,92.000000,92.175000,91.680000,91.790000,4,2022-01-13
2022-01-13 04:00:00,91.785000,91.815000,91.465000,91.600000,4,2022-01-13
2022-01-13 08:00:00,91.615000,91.750000,91.580000,91.680000,4,2022-01-13
2022-01-13 12:00:00,91.680000,91.760000,91.560000,91.685000,4,2022-01-13
2022-01-13 16:00:00,91.695000,91.815000,91.575000,91.710000,4,2022-01-13
2022-01-13 20:00:00,91.710000,91.800000,91.560000,91.590000,4,2022-01-14
2022-01-14 00:00:00,91.585000,91.790000,91.290000,91.380000,4,2022-01-14
2022-01-14 04:00:00,91.395000,91.450000,91.145000,91.175000,4,2022-01-14
2022-01-14 08:00:00,91.195000,91.350000,91.010002,91.035004,4,2022-01-14
2022-01-14 12:00:00,91.044998,91.135000,90.820000,91.010002,4,2022-01-14
2022-01-14 16:00:00,90.990000,91.295000,90.920000,91.295000,4,2022-01-14
2022-01-14 20:00:00,91.260000,91.315000,91.180000,91.180000,2,2022-01-14
2022-01-17 04:00:00,91.074997,91.084999,91.074997,91.084999,1,2022-01-17
2022-01-17 08:00:00,91.095001,91.210000,90.970000,91.140000,4,2022-01-17
2022-01-17 12:00:00,91.145000,91.300000,91.089996,91.235000,4,2022-01-17
2022-01-17 16:00:00,91.240000,91.435000,91.205000,91.435000,4,2022-01-17
2022-01-17 20:00:00,91.430000,91.605000,91.390000,91.425000,4,2022-01-18
2022-01-18 00:00:00,91.420000,91.665000,91.365000,91.550000,4,2022-01-18
2022-01-18 04:00:00,91.560000,91.640000,91.505000,91.525000,4,2022-01-18
2022-01-18 08:00:00,91.520000,91.645000,91.485000,91.625000,4,2022-01-18
2022-01-18 12:00:00,91.615000,92.000000,91.565000,91.755000,4,2022-01-18
2022-01-18 16:00:00,91.750000,91.925000,91.650000,91.705000,4,2022-01-18
2022-01-18 20:00:00,91.705000,91.790000,91.440000,91.635000,4,2022-01-19
2022-01-19 00:00:00,91.635000,91.695000,91.320000,91.405000,4,2022-01-19
2022-01-19 04:00:00,91.405000,91.675000,91.220000,91.570000,4,2022-01-19
2022-01-19 08:00:00,91.575000,91.735000,91.535000,91.710000,4,2022-01-19
2022-01-19 12:00:00,91.715000,91.845000,91.475000,91.475000,4,2022-01-19
2022-01-19 16:00:00,91.480000,91.610000,91.285000,91.580000,4,2022-01-19
2022-01-19 20:00:00,91.580000,91.830000,91.550000,91.770000,4,2022-01-20
2022-01-20 00:00:00,91.765000,91.940000,91.300000,91.400000,4,2022-01-20
2022-01-20 04:00:00,91.405000,91.555000,91.385000,91.410000,4,2022-01-20
2022-01-20 08:00:00,91.405000,91.515000,91.320000,91.400000,4,2022-01-20
2022-01-20 12:00:00,91.405000,91.600000,91.185000,91.580000,4,2022-01-20
2022-01-20 16:00:00,91.580000,91.705000,91.450000,91.480000,4,2022-01-20
2022-01-20 20:00:00,91.465000,91.600000,91.395000,91.455000,4,2022-01-21
2022-01-21 00:00:00,91.450000,91.560000,91.360000,91.540000,4,2022-01-21
2022-01-21 04:00:00,91.535000,91.670000,91.250000,91.265000,4,2022-01-21
2022-01-21 08:00:00,91.285000,91.345000,90.855000,90.880000,4,2022-01-21
2022-01-21 12:00:00,90.900000,91.019997,90.655000,90.825000,4,2022-01-21
2022-01-21 16:00:00,90.825000,91.065002,90.815000,91.044998,4,2022-01-21
2022-01-21 20:00:00,91.040001,91.070000,90.885000,91.070000,2,2022-01-21
2022-01-24 04:00:00,90.380000,90.380000,90.325000,90.325000,1,2022-01-24
2022-01-24 08:00:00,90.335000,90.585000,90.330000,90.570000,4,2022-01-24
2022-01-24 12:00:00,90.570000,90.725000,90.535000,90.725000,4,2022-01-24
2022-01-24 16:00:00,90.710000,90.745000,90.160000,90.185000,4,2022-01-24
2022-01-24 20:00:00,90.180000,90.335000,89.955000,90.165000,4,2022-01-25
2022-01-25 00:00:00,90.170000,90.220000,89.590000,89.715000,4,2022-01-25
2022-01-25 04:00:00,89.710000,90.275000,89.565000,90.175000,4,2022-01-25
2022-01-25 08:00:00,90.170000,90.370000,90.145000,90.225000,4,2022-01-25
2022-01-25 12:00:00,90.220000,90.225000,89.805000,89.875000,4,2022-01-25
2022-01-25 16:00:00,89.875000,90.195000,89.800000,90.084999,4,2022-01-25
2022-01-25 20:00:00,90.089996,90.390000,90.040001,90.185000,4,2022-01-26
2022-01-26 00:00:00,90.195000,90.275000,89.820000,90.105000,4,2022-01-26
2022-01-26 04:00:00,90.099998,90.430000,90.089996,90.265000,4,2022-01-26
2022-01-26 08:00:00,90.260000,90.295000,90.115000,90.150000,4,2022-01-26
2022-01-26 12:00:00,90.150000,90.410000,90.084999,90.405000,4,2022-01-26
2022-01-26 16:00:00,90.405000,90.720000,90.310000,90.670000,4,2022-01-26
2022-01-26 20:00:00,90.660000,90.935000,90.660000,90.860000,4,2022-01-27
2022-01-27 00:00:00,90.855000,91.014999,90.470000,90.750000,4,2022-01-27
2022-01-27 04:00:00,90.750000,90.955000,90.195000,90.415000,4,2022-01-27
2022-01-27 08:00:00,90.400000,90.665000,90.395000,90.415000,4,2022-01-27
2022-01-27 12:00:00,90.410000,90.440000,90.105000,90.215000,4,2022-01-27
2022-01-27 16:00:00,90.225000,90.680000,90.110000,90.670000,4,2022-01-27
2022-01-27 20:00:00,90.665000,90.890000,90.580000,90.825000,4,2022-01-28
2022-01-28 00:00:00,90.815000,91.170000,90.720000,90.870000,4,2022-01-28
2022-01-28 04:00:00,90.875000,90.880000,90.380000,90.515000,4,2022-01-28
2022-01-28 08:00:00,90.505000,90.685000,90.470000,90.665000,4,2022-01-28
2022-01-28 12:00:00,90.655000,90.805000,90.615000,90.645000,4,2022-01-28
2022-01-28 16:00:00,90.640000,90.810000,90.445000,90.485000,4,2022-01-28
2022-01-28 20:00:00,90.485000,90.525000,90.340000,90.370000,2,2022-01-28
2022-01-31 04:00:00,90.250000,90.275000,90.250000,90.275000,1,2022-01-31
2022-01-31 08:00:00,90.280000,90.515000,90.220000,90.460000,4,2022-01-31
2022-01-31 12:00:00,90.450000,90.765000,90.450000,90.670000,4,2022-01-31
2022-01-31 16:00:00,90.670000,90.780000,90.610000,90.735000,4,2022-01-31
2022-01-31 20:00:00,90.740000,90.755000,90.345000,90.580000,4,2022-02-01
2022-02-01 00:00:00,90.590000,90.795000,90.355000,90.785000,4,2022-02-01
2022-02-01 04:00:00,90.785000,90.815000,90.490000,90.535000,4,2022-02-01
2022-02-01 08:00:00,90.525000,90.635000,90.470000,90.595000,4,2022-02-01
2022-02-01 12:00:00,90.595000,90.635000,90.380000,90.515000,4,2022-02-01
2022-02-01 16:00:00,90.505000,90.880000,90.500000,90.775000,4,2022-02-01
2022-02-01 20:00:00,90.770000,90.780000,90.265000,90.300000,4,2022-02-02
2022-02-02 00:00:00,90.315000,90.540000,90.205000,90.460000,4,2022-02-02
2022-02-02 04:00:00,90.455000,90.485000,90.280000,90.400000,4,2022-02-02
2022-02-02 08:00:00,90.405000,90.500000,90.375000,90.435000,4,2022-02-02
2022-02-02 12:00:00,90.430000,90.520000,90.360000,90.435000,4,2022-02-02
2022-02-02 16:00:00,90.425000,90.485000,90.185000,90.205000,4,2022-02-02
2022-02-02 20:00:00,90.205000,90.305000,90.110000,90.260000,4,2022-02-03
2022-02-03 00:00:00,90.265000,90.360000,89.955000,90.120000,4,2022-02-03
2022-02-03 04:00:00,90.180000,90.425000,90.089996,90.345000,4,2022-02-03
2022-02-03 08:00:00,90.345000,90.370000,90.130000,90.260000,4,2022-02-03
2022-02-03 12:00:00,90.265000,90.335000,90.130000,90.275000,4,2022-02-03
2022-02-03 16:00:00,90.275000,90.375000,90.235000,90.325000,4,2022-02-03
2022-02-03 20:00:00,90.325000,90.520000,90.255000,90.455000,4,2022-02-04
2022-02-04 00:00:00,90.465000,90.705000,90.405000,90.605000,4,2022-02-04
2022-02-04 04:00:00,90.590000,90.765000,90.515000,90.565000,4,2022-02-04
2022-02-04 08:00:00,90.585000,90.780000,90.570000,90.735000,4,2022-02-04
2022-02-04 12:00:00,90.720000,90.755000,90.530000,90.705000,4,2022-02-04
2022-02-04 16:00:00,90.705000,90.725000,90.490000,90.550000,4,2022-02-04
2022-02-04 20:00:00,90.570000,90.570000,90.310000,90.335000,2,2022-02-04
2022-02-07 04:00:00,90.390000,90.425000,90.390000,90.410000,1,2022-02-07
2022-02-07 08:00:00,90.410000,90.450000,90.295000,90.405000,4,2022-02-07
2022-02-07 12:00:00,90.410000,90.585000,90.395000,90.545000,4,2022-02-07
2022-02-07 16:00:00,90.550000,90.690000,90.385000,90.445000,4,2022-02-07
2022-02-07 20:00:00,90.440000,90.475000,90.245000,90.405000,4,2022-02-08
2022-02-08 00:00:00,90.430000,90.795000,90.400000,90.725000,4,2022-02-08
2022-02-08 04:00:00,90.725000,90.905000,90.710000,90.845000,4,2022-02-08
2022-02-08 08:00:00,90.845000,91.035004,90.815000,91.004997,4,2022-02-08
2022-02-08 12:00:00,90.985000,91.025002,90.900000,90.935000,4,2022-02-08
2022-02-08 16:00:00,90.930000,91.059998,90.890000,90.980000,4,2022-02-08
2022-02-08 20:00:00,90.965000,91.059998,90.725000,90.755000,4,2022-02-09
2022-02-09 00:00:00,90.760000,90.990000,90.755000,90.990000,4,2022-02-09
2022-02-09 04:00:00,90.990000,91.004997,90.835000,90.940000,4,2022-02-09
2022-02-09 08:00:00,90.940000,91.029999,90.830000,90.865000,4,2022-02-09
2022-02-09 12:00:00,90.865000,90.975000,90.800000,90.960000,4,2022-02-09
2022-02-09 16:00:00,90.970000,91.000000,90.745000,90.885000,4,2022-02-09
2022-02-09 20:00:00,90.900000,91.040001,90.850000,90.980000,4,2022-02-10
2022-02-10 00:00:00,90.975000,91.115000,90.890000,91.074997,4,2022-02-10
2022-02-10 04:00:00,91.074997,91.200000,91.029999,91.180000,4,2022-02-10
2022-02-10 08:00:00,91.175000,91.245000,91.125000,91.175000,4,2022-02-10
2022-02-10 12:00:00,91.160000,91.265000,91.035004,91.250000,4,2022-02-10
2022-02-10 16:00:00,91.250000,91.295000,91.170000,91.215000,4,2022-02-10
2022-02-10 20:00:00,91.215000,91.490000,91.200000,91.365000,4,2022-02-11
2022-02-11 00:00:00,91.375000,91.710000,91.255000,91.590000,4,2022-02-11
2022-02-11 04:00:00,91.595000,91.690000,91.125000,91.210000,4,2022-02-11
2022-02-11 08:00:00,91.200000,91.250000,91.044998,91.070000,4,2022-02-11
2022-02-11 12:00:00,91.059998,91.215000,90.990000,91.110000,4,2022-02-11
2022-02-11 16:00:00,91.095001,91.245000,90.990000,91.175000,4,2022-02-11
2022-02-11 20:00:00,91.185000,91.240000,91.089996,91.185000,2,2022-02-11
2022-02-14 04:00:00,90.605000,90.605000,90.485000,90.505000,1,2022-02-14
2022-02-14 08:00:00,90.505000,90.875000,90.430000,90.650000,4,2022-02-14
2022-02-14 12:00:00,90.650000,90.795000,90.485000,90.725000,4,2022-02-14
2022-02-14 16:00:00,90.720000,90.750000,90.025002,90.074997,4,2022-02-14
2022-02-14 20:00:00,90.074997,90.615000,90.035004,90.585000,4,2022-02-15
2022-02-15 00:00:00,90.585000,90.885000,90.490000,90.875000,4,2022-02-15
2022-02-15 04:00:00,90.885000,90.920000,90.485000,90.820000,4,2022-02-15
2022-02-15 08:00:00,90.795000,90.835000,90.620000,90.645000,4,2022-02-15
2022-02-15 12:00:00,90.655000,90.685000,90.520000,90.550000,4,2022-02-15
2022-02-15 16:00:00,90.555000,90.965000,90.400000,90.927000,4,2022-02-15
2022-02-15 20:00:00,90.920000,91.037003,90.790000,90.941000,4,2022-02-16
2022-02-16 00:00:00,90.940000,90.996000,90.630000,90.740000,4,2022-02-16
2022-02-16 04:00:00,90.735000,90.855000,90.627000,90.825000,4,2022-02-16
2022-02-16 08:00:00,90.815000,90.967000,90.795000,90.913000,4,2022-02-16
2022-02-16 12:00:00,90.912000,91.023003,90.876000,90.942000,4,2022-02-16
2022-02-16 16:00:00,90.945000,91.288000,90.914000,91.247000,4,2022-02-16
2022-02-16 20:00:00,91.248000,91.295000,91.116000,91.240000,4,2022-02-17
2022-02-17 00:00:00,91.250000,91.405000,90.875000,90.970000,4,2022-02-17
2022-02-17 04:00:00,90.975000,91.155000,90.905000,90.990000,4,2022-02-17
2022-02-17 08:00:00,90.995000,91.050003,90.865000,90.970000,4,2022-02-17
2022-02-17 12:00:00,90.970000,91.019997,90.455000,90.600000,4,2022-02-17
2022-02-17 16:00:00,90.590000,90.860000,90.385000,90.550000,4,2022-02-17
2022-02-17 20:00:00,90.520000,90.650000,90.390000,90.565000,4,2022-02-18
2022-02-18 00:00:00,90.565000,90.705000,90.345000,90.585000,4,2022-02-18
2022-02-18 04:00:00,90.600000,90.710000,90.415000,90.445000,4,2022-02-18
2022-02-18 08:00:00,90.445000,90.485000,90.295000,90.390000,4,2022-02-18
2022-02-18 12:00:00,90.405000,90.790000,90.375000,90.740000,4,2022-02-18
2022-02-18 16:00:00,90.735000,90.965000,90.695000,90.850000,4,2022-02-18
2022-02-18 20:00:00,90.855000,90.860000,90.675000,90.680000,2,2022-02-18
2022-02-21 04:00:00,90.074997,90.150000,90.055000,90.150000,1,2022-02-21
2022-02-21 08:00:00,90.150000,90.355000,90.035004,90.325000,4,2022-02-21
2022-02-21 12:00:00,90.320000,90.385000,90.220000,90.345000,4,2022-02-21
2022-02-21 16:00:00,90.350000,90.395000,90.130000,90.305000,4,2022-02-21
2022-02-21 20:00:00,90.295000,90.300000,90.025002,90.105000,4,2022-02-22
2022-02-22 00:00:00,90.110000,90.200000,90.025002,90.074997,4,2022-02-22
2022-02-22 04:00:00,90.080002,90.115000,89.945000,90.010002,4,2022-02-22
2022-02-22 08:00:00,90.014999,90.065002,89.695000,89.980000,4,2022-02-22
2022-02-22 12:00:00,89.985000,89.995000,89.735000,89.895000,4,2022-02-22
2022-02-22 16:00:00,89.885000,90.185000,89.800000,90.155000,4,2022-02-22
2022-02-22 20:00:00,90.170000,90.445000,90.065002,90.400000,4,2022-02-23
2022-02-23 00:00:00,90.400000,90.550000,90.225000,90.245000,4,2022-02-23
2022-02-23 04:00:00,90.260000,90.295000,89.930000,90.105000,4,2022-02-23
2022-02-23 08:00:00,90.105000,90.195000,90.084999,90.135000,4,2022-02-23
2022-02-23 12:00:00,90.140000,90.290000,90.120000,90.240000,4,2022-02-23
2022-02-23 16:00:00,90.245000,90.565000,90.165000,90.550000,4,2022-02-23
2022-02-23 20:00:00,90.555000,90.705000,90.475000,90.680000,4,2022-02-24
2022-02-24 00:00:00,90.685000,90.765000,90.335000,90.515000,4,2022-02-24
2022-02-24 04:00:00,90.515000,90.570000,90.195000,90.240000,4,2022-02-24
2022-02-24 08:00:00,90.250000,90.345000,90.089996,90.095001,4,2022-02-24
2022-02-24 12:00:00,90.105000,90.375000,89.560000,89.715000,4,2022-02-24
2022-02-24 16:00:00,89.735000,89.745000,89.380000,89.540000,4,2022-02-24
2022-02-24 20:00:00,89.550000,89.680000,89.240000,89.570000,4,2022-02-25
2022-02-25 00:00:00,89.575000,89.945000,89.515000,89.915000,4,2022-02-25
2022-02-25 04:00:00,89.915000,90.410000,89.745000,90.255000,4,2022-02-25
2022-02-25 08:00:00,90.255000,90.375000,90.105000,90.200000,4,2022-02-25
2022-02-25 12:00:00,90.215000,90.315000,90.014999,90.140000,4,2022-02-25
2022-02-25 16:00:00,90.135000,90.245000,89.975000,90.029999,4,2022-02-25
2022-02-25 20:00:00,90.035004,90.095001,89.935000,90.084999,2,2022-02-25
2022-02-28 04:00:00,90.475000,90.560000,90.025002,90.050003,1,2022-02-28
2022-02-28 08:00:00,90.050003,90.810000,90.040001,90.555000,4,2022-02-28
2022-02-28 12:00:00,90.550000,90.600000,90.165000,90.245000,4,2022-02-28
2022-02-28 16:00:00,90.250000,90.540000,90.195000,90.450000,4,2022-02-28
2022-02-28 20:00:00,90.445000,90.820000,90.440000,90.720000,4,2022-03-01
2022-03-01 00:00:00,90.725000,91.010002,90.530000,90.925000,4,2022-03-01
2022-03-01 04:00:00,90.925000,90.925000,90.440000,90.685000,4,2022-03-01
2022-03-01 08:00:00,90.675000,90.965000,90.645000,90.930000,4,2022-03-01
2022-03-01 12:00:00,90.945000,90.965000,90.770000,90.865000,4,2022-03-01
2022-03-01 16:00:00,90.865000,90.915000,90.725000,90.795000,4,2022-03-01
2022-03-01 20:00:00,90.800000,90.825000,90.490000,90.490000,4,2022-03-02
2022-03-02 00:00:00,90.495000,90.785000,90.385000,90.405000,4,2022-03-02
2022-03-02 04:00:00,90.390000,90.415000,90.010002,90.115000,4,2022-03-02
2022-03-02 08:00:00,90.115000,90.340000,90.089996,90.325000,4,2022-03-02
2022-03-02 12:00:00,90.315000,90.475000,90.300000,90.430000,4,2022-03-02
2022-03-02 16:00:00,90.440000,90.670000,90.340000,90.600000,4,2022-03-02
2022-03-02 20:00:00,90.590000,90.890000,90.470000,90.840000,4,2022-03-03
2022-03-03 00:00:00,90.830000,91.355000,90.795000,91.335000,4,2022-03-03
2022-03-03 04:00:00,91.340000,91.485000,91.240000,91.475000,4,2022-03-03
2022-03-03 08:00:00,91.455000,91.485000,91.325000,91.425000,4,2022-03-03
2022-03-03 12:00:00,91.405000,91.585000,91.330000,91.550000,4,2022-03-03
2022-03-03 16:00:00,91.550000,91.970000,91.525000,91.755000,4,2022-03-03
2022-03-03 20:00:00,91.745000,91.775000,91.525000,91.575000,4,2022-03-04
2022-03-04 00:00:00,91.590000,91.625000,91.065002,91.240000,4,2022-03-04
2022-03-04 04:00:00,91.245000,91.435000,90.935000,91.019997,4,2022-03-04
2022-03-04 08:00:00,91.035004,91.155000,90.695000,90.740000,4,2022-03-04
2022-03-04 12:00:00,90.720000,91.135000,90.720000,90.945000,4,2022-03-04
2022-03-04 16:00:00,90.965000,91.055000,90.745000,90.785000,4,2022-03-04
2022-03-04 20:00:00,90.790000,90.815000,90.605000,90.610000,2,2022-03-04
2022-03-07 04:00:00,90.165000,90.180000,90.105000,90.180000,2,2022-03-07
2022-03-07 08:00:00,90.180000,90.420000,90.010002,90.335000,4,2022-03-07
2022-03-07 12:00:00,90.340000,90.430000,90.245000,90.400000,4,2022-03-07
2022-03-07 16:00:00,90.395000,90.715000,90.300000,90.425000,4,2022-03-07
2022-03-07 20:00:00,90.430000,90.685000,90.345000,90.645000,4,2022-03-08
2022-03-08 00:00:00,90.635000,90.665000,90.280000,90.365000,4,2022-03-08
2022-03-08 04:00:00,90.355000,90.360000,89.965000,89.975000,4,2022-03-08
2022-03-08 08:00:00,89.980000,90.155000,89.930000,90.115000,4,2022-03-08
2022-03-08 12:00:00,90.125000,90.245000,90.044998,90.130000,4,2022-03-08
2022-03-08 16:00:00,90.099998,90.165000,89.905000,90.059998,4,2022-03-08
2022-03-08 20:00:00,90.050003,90.300000,90.019997,90.205000,4,2022-03-09
2022-03-09 00:00:00,90.195000,90.300000,89.665000,89.665000,4,2022-03-09
2022-03-09 04:00:00,89.675000,89.945000,89.675000,89.705000,4,2022-03-09
2022-03-09 08:00:00,89.715000,89.980000,89.710000,89.955000,4,2022-03-09
2022-03-09 12:00:00,89.975000,90.065002,89.825000,89.960000,4,2022-03-09
2022-03-09 16:00:00,89.960000,90.220000,89.835000,90.200000,4,2022-03-09
2022-03-09 20:00:00,90.205000,90.475000,90.195000,90.250000,4,2022-03-10
2022-03-10 00:00:00,90.245000,90.470000,90.055000,90.450000,4,2022-03-10
2022-03-10 04:00:00,90.440000,90.465000,90.250000,90.395000,4,2022-03-10
2022-03-10 08:00:00,90.400000,90.620000,90.370000,90.485000,4,2022-03-10
2022-03-10 12:00:00,90.485000,90.685000,90.375000,90.675000,4,2022-03-10
2022-03-10 16:00:00,90.670000,90.675000,90.295000,90.325000,4,2022-03-10
2022-03-10 20:00:00,90.310000,90.575000,90.310000,90.545000,4,2022-03-11
2022-03-11 00:00:00,90.540000,91.029999,90.525000,90.870000,4,2022-03-11
2022-03-11 04:00:00,90.870000,91.055000,90.810000,90.900000,4,2022-03-11
2022-03-11 08:00:00,90.905000,91.150000,90.890000,91.105000,4,2022-03-11
2022-03-11 12:00:00,91.099998,91.200000,90.895000,91.185000,4,2022-03-11
2022-03-11 16:00:00,91.185000,91.545000,91.140000,91.495000,4,2022-03-11
2022-03-11 20:00:00,91.485000,91.595000,91.480000,91.565000,2,2022-03-11
2022-03-14 04:00:00,92.055000,92.230000,92.050003,92.205000,2,2022-03-14
2022-03-14 08:00:00,92.205000,92.375000,92.074997,92.255000,4,2022-03-14
2022-03-14 12:00:00,92.260000,92.370000,92.095001,92.140000,4,2022-03-14
2022-03-14 16:00:00,92.150000,92.320000,92.105000,92.285000,4,2022-03-14
2022-03-14 20:00:00,92.325000,92.600000,92.295000,92.505000,4,2022-03-15
2022-03-15 00:00:00,92.505000,92.590000,92.265000,92.300000,4,2022-03-15
2022-03-15 04:00:00,92.300000,92.325000,92.035004,92.165000,4,2022-03-15
2022-03-15 08:00:00,92.155000,92.290000,92.135000,92.165000,4,2022-03-15
2022-03-15 12:00:00,92.165000,92.340000,92.025002,92.320000,4,2022-03-15
2022-03-15 16:00:00,92.305000,92.345000,91.605000,91.650000,4,2022-03-15
2022-03-15 20:00:00,91.650000,91.980000,91.625000,91.980000,4,2022-03-16
2022-03-16 00:00:00,91.960000,92.570000,91.905000,92.565000,4,2022-03-16
2022-03-16 04:00:00,92.565000,92.705000,92.485000,92.660000,4,2022-03-16
2022-03-16 08:00:00,92.670000,92.730000,92.595000,92.705000,4,2022-03-16
2022-03-16 12:00:00,92.715000,92.720000,92.590000,92.690000,4,2022-03-16
2022-03-16 16:00:00,92.680000,93.029999,92.680000,93.014999,4,2022-03-16
2022-03-16 20:00:00,93.000000,93.245000,92.960000,93.220000,4,2022-03-17
2022-03-17 00:00:00,93.225000,93.225000,92.870000,93.200000,4,2022-03-17
2022-03-17 04:00:00,93.205000,93.700000,93.110000,93.670000,4,2022-03-17
2022-03-17 08:00:00,93.655000,93.920000,93.595000,93.830000,4,2022-03-17
2022-03-17 12:00:00,93.825000,93.845000,93.475000,93.675000,4,2022-03-17
2022-03-17 16:00:00,93.670000,93.830000,93.605000,93.765000,4,2022-03-17
2022-03-17 20:00:00,93.780000,93.835000,93.540000,93.760000,4,2022-03-18
2022-03-18 00:00:00,93.760000,93.850000,93.620000,93.695000,4,2022-03-18
2022-03-18 04:00:00,93.695000,94.070000,93.675000,93.915000,4,2022-03-18
2022-03-18 08:00:00,93.920000,94.029999,93.775000,93.985000,4,2022-03-18
2022-03-18 12:00:00,93.985000,94.170000,93.985000,94.125000,4,2022-03-18
2022-03-18 16:00:00,94.135000,94.405000,94.110000,94.240000,4,2022-03-18
2022-03-18 20:00:00,94.235000,94.315000,94.205000,94.235000,1,2022-03-18
2022-03-21 04:00:00,94.530000,94.530000,94.485000,94.530000,2,2022-03-21
2022-03-21 08:00:00,94.535000,94.675000,94.405000,94.570000,4,2022-03-21
2022-03-21 12:00:00,94.580000,94.655000,94.530000,94.590000,4,2022-03-21
2022-03-21 16:00:00,94.595000,94.710000,94.520000,94.675000,4,2022-03-21
2022-03-21 20:00:00,94.695000,94.720000,94.365000,94.615000,4,2022-03-22
2022-03-22 00:00:00,94.630000,94.900000,94.575000,94.825000,4,2022-03-22
2022-03-22 04:00:00,94.810000,94.930000,94.695000,94.870000,4,2022-03-22
2022-03-22 08:00:00,94.880000,95.295000,94.840000,95.175000,4,2022-03-22
2022-03-22 12:00:00,95.200000,95.710000,95.115000,95.635000,4,2022-03-22
2022-03-22 16:00:00,95.635000,95.665000,95.425000,95.425000,4,2022-03-22
2022-03-22 20:00:00,95.435000,96.140000,95.435000,95.820000,4,2022-03-23
2022-03-23 00:00:00,95.815000,95.965000,95.650000,95.805000,4,2022-03-23
2022-03-23 04:00:00,95.800000,96.140000,95.790000,96.099998,4,2022-03-23
2022-03-23 08:00:00,96.115000,96.475000,96.025002,96.280000,4,2022-03-23
2022-03-23 12:00:00,96.280000,96.395000,96.050003,96.230000,4,2022-03-23
2022-03-23 16:00:00,96.230000,96.365000,96.014999,96.035004,4,2022-03-23
2022-03-23 20:00:00,96.059998,96.200000,95.710000,95.795000,4,2022-03-24
2022-03-24 00:00:00,95.790000,96.555000,95.780000,96.410000,4,2022-03-24
2022-03-24 04:00:00,96.420000,96.460000,96.290000,96.445000,4,2022-03-24
2022-03-24 08:00:00,96.430000,96.525000,96.245000,96.260000,4,2022-03-24
2022-03-24 12:00:00,96.260000,96.500000,96.230000,96.360000,4,2022-03-24
2022-03-24 16:00:00,96.370000,96.860000,96.345000,96.735000,4,2022-03-24
2022-03-24 20:00:00,96.735000,96.915000,96.650000,96.825000,4,2022-03-25
2022-03-25 00:00:00,96.815000,97.560000,96.785000,97.525000,4,2022-03-25
2022-03-25 04:00:00,97.530000,97.705000,97.395000,97.685000,4,2022-03-25
2022-03-25 08:00:00,97.670000,97.750000,97.260000,97.325000,4,2022-03-25
2022-03-25 12:00:00,97.330000,97.400000,96.745000,96.960000,4,2022-03-25
2022-03-25 16:00:00,96.975000,97.350000,96.770000,96.800000,4,2022-03-25
2022-03-25 20:00:00,96.820000,97.000000,96.760000,96.990000,1,2022-03-25
2022-03-28 04:00:00,97.740000,97.810000,97.705000,97.755000,2,2022-03-28
2022-03-28 08:00:00,97.760000,98.019997,97.740000,97.825000,4,2022-03-28
2022-03-28 12:00:00,97.810000,98.600000,97.800000,98.490000,4,2022-03-28
2022-03-28 16:00:00,98.495000,100.190000,98.420000,99.870000,4,2022-03-28
2022-03-28 20:00:00,99.880000,99.915000,98.755000,98.880000,4,2022-03-29
2022-03-29 00:00:00,98.875000,98.890000,98.019997,98.370000,4,2022-03-29
2022-03-29 04:00:00,98.390000,99.010002,98.275000,98.995000,4,2022-03-29
2022-03-29 08:00:00,98.985000,99.215000,98.455000,99.080002,4,2022-03-29
2022-03-29 12:00:00,99.105000,99.125000,98.355000,98.540000,4,2022-03-29
2022-03-29 16:00:00,98.545000,99.044998,98.520000,98.890000,4,2022-03-29
2022-03-29 20:00:00,98.895000,99.230000,97.880000,98.205000,4,2022-03-30
2022-03-30 00:00:00,98.160000,98.345000,97.605000,98.010002,4,2022-03-30
2022-03-30 04:00:00,98.010002,98.495000,97.985000,98.290000,4,2022-03-30
2022-03-30 08:00:00,98.260000,98.570000,97.905000,97.975000,4,2022-03-30
2022-03-30 12:00:00,97.975000,98.010002,97.110000,97.595000,4,2022-03-30
2022-03-30 16:00:00,97.595000,97.775000,97.360000,97.450000,4,2022-03-30
2022-03-30 20:00:00,97.450000,97.795000,97.420000,97.740000,4,2022-03-31
2022-03-31 00:00:00,97.740000,98.230000,97.510000,97.755000,4,2022-03-31
2022-03-31 04:00:00,97.755000,97.795000,97.550000,97.605000,4,2022-03-31
2022-03-31 08:00:00,97.655000,97.960000,97.580000,97.870000,4,2022-03-31
2022-03-31 12:00:00,97.855000,98.000000,97.545000,97.625000,4,2022-03-31
2022-03-31 16:00:00,97.635000,97.675000,97.065002,97.550000,4,2022-03-31
2022-03-31 20:00:00,97.555000,97.555000,97.080002,97.240000,4,2022-04-01
2022-04-01 00:00:00,97.235000,97.420000,97.065002,97.390000,4,2022-04-01
2022-04-01 04:00:00,97.385000,97.520000,97.285000,97.285000,4,2022-04-01
2022-04-01 08:00:00,97.320000,97.760000,97.275000,97.645000,4,2022-04-01
2022-04-01 12:00:00,97.655000,98.200000,97.615000,98.110000,4,2022-04-01
2022-04-01 16:00:00,98.110000,98.160000,97.680000,98.059998,4,2022-04-01
2022-04-01 20:00:00,98.044998,98.130000,97.905000,98.070000,1,2022-04-01
2022-04-04 04:00:00,97.850000,98.000000,97.825000,97.885000,4,2022-04-04
2022-04-04 08:00:00,97.875000,98.025002,97.630000,97.930000,4,2022-04-04
2022-04-04 12:00:00,97.940000,98.140000,97.935000,98.110000,4,2022-04-04
2022-04-04 16:00:00,98.084999,98.240000,98.019997,98.035004,4,2022-04-04
2022-04-04 20:00:00,98.040001,98.355000,98.014999,98.320000,4,2022-04-05
2022-04-05 00:00:00,98.330000,98.470000,98.140000,98.265000,4,2022-04-05
2022-04-05 04:00:00,98.280000,98.390000,98.230000,98.325000,4,2022-04-05
2022-04-05 08:00:00,98.340000,98.380000,98.004997,98.160000,4,2022-04-05
2022-04-05 12:00:00,98.160000,98.255000,98.084999,98.180000,4,2022-04-05
2022-04-05 16:00:00,98.185000,98.750000,98.165000,98.600000,4,2022-04-05
2022-04-05 20:00:00,98.590000,99.025002,98.590000,98.990000,4,2022-04-06
2022-04-06 00:00:00,98.990000,99.290000,98.895000,99.240000,4,2022-04-06
2022-04-06 04:00:00,99.240000,99.265000,98.915000,98.975000,4,2022-04-06
2022-04-06 08:00:00,98.965000,99.255000,98.940000,99.125000,4,2022-04-06
2022-04-06 12:00:00,99.135000,99.330000,98.965000,99.125000,4,2022-04-06
2022-04-06 16:00:00,99.125000,99.255000,98.955000,99.160000,4,2022-04-06
2022-04-06 20:00:00,99.150000,99.300000,99.044998,99.089996,4,2022-04-07
2022-04-07 00:00:00,99.080002,99.145000,98.835000,98.920000,4,2022-04-07
2022-04-07 04:00:00,98.925000,99.055000,98.655000,98.700000,4,2022-04-07
2022-04-07 08:00:00,98.705000,98.820000,98.285000,98.440000,4,2022-04-07
2022-04-07 12:00:00,98.450000,98.580000,98.395000,98.460000,4,2022-04-07
2022-04-07 16:00:00,98.475000,98.730000,98.405000,98.460000,4,2022-04-07
2022-04-07 20:00:00,98.460000,98.800000,98.460000,98.525000,4,2022-04-08
2022-04-08 00:00:00,98.520000,98.565000,98.195000,98.445000,4,2022-04-08
2022-04-08 04:00:00,98.445000,98.600000,98.430000,98.480000,4,2022-04-08
2022-04-08 08:00:00,98.480000,98.650000,98.250000,98.400000,4,2022-04-08
2022-04-08 12:00:00,98.415000,98.600000,98.355000,98.530000,4,2022-04-08
2022-04-08 16:00:00,98.520000,98.655000,98.470000,98.540000,4,2022-04-08
2022-04-08 20:00:00,98.535000,98.600000,98.500000,98.580000,1,2022-04-08
2022-04-11 04:00:00,98.910000,98.910000,98.625000,98.850000,4,2022-04-11
2022-04-11 08:00:00,98.840000,99.160000,98.755000,98.975000,4,2022-04-11
2022-04-11 12:00:00,98.970000,99.285000,98.925000,99.270000,4,2022-04-11
2022-04-11 16:00:00,99.265000,99.685000,99.215000,99.660000,4,2022-04-11
2022-04-11 20:00:00,99.650000,99.860000,99.360000,99.495000,4,2022-04-12
2022-04-12 00:00:00,99.495000,99.575000,99.335000,99.435000,4,2022-04-12
2022-04-12 04:00:00,99.440000,99.440000,99.165000,99.260000,4,2022-04-12
2022-04-12 08:00:00,99.265000,99.355000,99.010002,99.089996,4,2022-04-12
2022-04-12 12:00:00,99.095001,99.370000,99.014999,99.305000,4,2022-04-12
2022-04-12 16:00:00,99.300000,99.480000,99.150000,99.240000,4,2022-04-12
2022-04-12 20:00:00,99.240000,99.510000,99.120000,99.340000,4,2022-04-13
2022-04-13 00:00:00,99.340000,99.405000,99.200000,99.260000,4,2022-04-13
2022-04-13 04:00:00,99.250000,99.250000,99.080002,99.165000,4,2022-04-13
2022-04-13 08:00:00,99.150000,99.480000,99.150000,99.480000,4,2022-04-13
2022-04-13 12:00:00,99.495000,99.605000,99.425000,99.580000,4,2022-04-13
2022-04-13 16:00:00,99.585000,99.910000,99.540000,99.650000,4,2022-04-13
2022-04-13 20:00:00,99.655000,99.715000,99.180000,99.430000,4,2022-04-14
2022-04-14 00:00:00,99.400000,99.965000,99.320000,99.960000,4,2022-04-14
2022-04-14 04:00:00,99.955000,100.050003,99.910000,100.014999,4,2022-04-14
2022-04-14 08:00:00,99.995000,100.040001,99.670000,99.825000,4,2022-04-14
2022-04-14 12:00:00,99.820000,99.935000,99.725000,99.920000,4,2022-04-14
2022-04-14 16:00:00,99.905000,99.995000,99.590000,99.930000,4,2022-04-14
2022-04-14 20:00:00,99.935000,100.014999,99.710000,100.004997,4,2022-04-15
2022-04-15 00:00:00,100.010002,100.105000,99.600000,100.010002,4,2022-04-15
2022-04-15 04:00:00,100.019997,100.065002,99.800000,99.870000,4,2022-04-15
2022-04-15 08:00:00,99.845000,100.330000,99.825000,100.260000,4,2022-04-15
2022-04-15 12:00:00,100.265000,100.355000,100.185000,100.250000,4,2022-04-15
2022-04-15 16:00:00,100.265000,100.545000,100.235000,100.390000,4,2022-04-15
2022-04-15 20:00:00,100.390000,100.465000,100.360000,100.385000,1,2022-04-15
2022-04-18 04:00:00,100.185000,100.265000,100.185000,100.230000,4,2022-04-18
2022-04-18 08:00:00,100.230000,100.470000,99.985000,100.180000,4,2022-04-18
2022-04-18 12:00:00,100.200000,100.305000,100.135000,100.195000,4,2022-04-18
2022-04-18 16:00:00,100.205000,100.260000,100.120000,100.175000,4,2022-04-18
2022-04-18 20:00:00,100.165000,100.400000,100.135000,100.335000,4,2022-04-19
2022-04-19 00:00:00,100.340000,100.700000,100.305000,100.685000,4,2022-04-19
2022-04-19 04:00:00,100.685000,100.790000,100.530000,100.785000,4,2022-04-19
2022-04-19 08:00:00,100.780000,101.195000,100.725000,101.160000,4,2022-04-19
2022-04-19 12:00:00,101.180000,101.985000,101.130000,101.900000,4,2022-04-19
2022-04-19 16:00:00,101.905000,102.150000,101.570000,101.890000,4,2022-04-19
2022-04-19 20:00:00,101.890000,102.050003,101.505000,102.044998,4,2022-04-20
2022-04-20 00:00:00,102.040001,102.080002,101.735000,102.080002,4,2022-04-20
2022-04-20 04:00:00,102.070000,102.215000,101.945000,102.180000,4,2022-04-20
2022-04-20 08:00:00,102.195000,102.650000,102.170000,102.340000,4,2022-04-20
2022-04-20 12:00:00,102.335000,102.420000,101.745000,102.275000,4,2022-04-20
2022-04-20 16:00:00,102.245000,102.355000,101.895000,102.080002,4,2022-04-20
2022-04-20 20:00:00,102.084999,102.425000,101.760000,102.190000,4,2022-04-21
2022-04-21 00:00:00,102.190000,102.485000,101.935000,102.250000,4,2022-04-21
2022-04-21 04:00:00,102.260000,102.475000,102.150000,102.410000,4,2022-04-21
2022-04-21 08:00:00,102.405000,102.900000,102.280000,102.830000,4,2022-04-21
2022-04-21 12:00:00,102.835000,102.960000,102.650000,102.715000,4,2022-04-21
2022-04-21 16:00:00,102.720000,102.860000,102.450000,102.625000,4,2022-04-21
2022-04-21 20:00:00,102.620000,102.865000,102.420000,102.800000,4,2022-04-22
2022-04-22 00:00:00,102.790000,102.855000,101.925000,101.960000,4,2022-04-22
2022-04-22 04:00:00,101.970000,102.140000,101.865000,102.065002,4,2022-04-22
2022-04-22 08:00:00,102.059998,102.140000,101.915000,102.105000,4,2022-04-22
2022-04-22 12:00:00,102.110000,102.155000,101.510000,101.510000,4,2022-04-22
2022-04-22 16:00:00,101.510000,101.545000,101.205000,101.275000,4,2022-04-22
2022-04-22 20:00:00,101.270000,101.460000,101.225000,101.430000,1,2022-04-22
2022-04-25 04:00:00,101.140000,101.195000,101.010002,101.099998,4,2022-04-25
2022-04-25 08:00:00,101.125000,101.350000,100.855000,100.950000,4,2022-04-25
2022-04-25 12:00:00,100.955000,101.010002,100.680000,100.895000,4,2022-04-25
2022-04-25 16:00:00,100.890000,100.920000,100.390000,100.585000,4,2022-04-25
2022-04-25 20:00:00,100.590000,100.735000,99.980000,99.995000,4,2022-04-26
2022-04-26 00:00:00,100.010002,100.300000,99.820000,100.235000,4,2022-04-26
2022-04-26 04:00:00,100.235000,100.740000,100.165000,100.625000,4,2022-04-26
2022-04-26 08:00:00,100.685000,100.685000,100.010002,100.180000,4,2022-04-26
2022-04-26 12:00:00,100.170000,101.035004,100.099998,100.820000,4,2022-04-26
2022-04-26 16:00:00,100.815000,100.830000,100.210000,100.350000,4,2022-04-26
2022-04-26 20:00:00,100.350000,100.385000,99.155000,99.250000,4,2022-04-27
2022-04-27 00:00:00,99.260000,99.750000,99.175000,99.690000,4,2022-04-27
2022-04-27 04:00:00,99.675000,99.740000,99.160000,99.220000,4,2022-04-27
2022-04-27 08:00:00,99.210000,99.715000,99.029999,99.615000,4,2022-04-27
2022-04-27 12:00:00,99.620000,99.925000,99.475000,99.850000,4,2022-04-27
2022-04-27 16:00:00,99.845000,100.120000,99.460000,99.660000,4,2022-04-27
2022-04-27 20:00:00,99.660000,99.985000,99.525000,99.850000,4,2022-04-28
2022-04-28 00:00:00,99.865000,100.320000,99.615000,100.190000,4,2022-04-28
2022-04-28 04:00:00,100.185000,100.260000,99.955000,100.260000,4,2022-04-28
2022-04-28 08:00:00,100.240000,100.570000,100.105000,100.465000,4,2022-04-28
2022-04-28 12:00:00,100.465000,101.350000,100.335000,101.260000,4,2022-04-28
2022-04-28 16:00:00,101.280000,102.240000,101.230000,101.730000,4,2022-04-28
2022-04-28 20:00:00,101.740000,101.870000,101.290000,101.815000,4,2022-04-29
2022-04-29 00:00:00,101.810000,102.470000,101.710000,102.440000,4,2022-04-29
2022-04-29 04:00:00,102.440000,102.455000,102.105000,102.180000,4,2022-04-29
2022-04-29 08:00:00,102.175000,102.275000,102.070000,102.260000,4,2022-04-29
2022-04-29 12:00:00,102.260000,102.435000,102.180000,102.250000,4,2022-04-29
2022-04-29 16:00:00,102.250000,102.420000,101.905000,102.220000,4,2022-04-29
2022-04-29 20:00:00,102.240000,102.355000,102.059998,102.130000,1,2022-04-29
2022-05-02 04:00:00,100.985000,101.105000,100.920000,101.065002,3,2022-05-02
2022-05-02 08:00:00,101.059998,101.405000,100.880000,101.180000,4,2022-05-02
2022-05-02 12:00:00,101.180000,101.410000,101.025002,101.335000,4,2022-05-02
2022-05-02 16:00:00,101.340000,101.430000,100.890000,100.910000,4,2022-05-02
2022-05-02 20:00:00,100.915000,101.040001,100.625000,100.895000,4,2022-05-03
2022-05-03 00:00:00,100.905000,101.120000,100.755000,100.890000,4,2022-05-03
2022-05-03 04:00:00,100.890000,101.145000,100.745000,101.135000,4,2022-05-03
2022-05-03 08:00:00,101.120000,101.290000,101.010002,101.099998,4,2022-05-03
2022-05-03 12:00:00,101.095001,101.305000,101.080002,101.260000,4,2022-05-03
2022-05-03 16:00:00,101.235000,101.310000,101.000000,101.135000,4,2022-05-03
2022-05-03 20:00:00,101.120000,101.150000,100.870000,101.010002,4,2022-05-04
2022-05-04 00:00:00,101.019997,101.385000,100.995000,101.335000,4,2022-05-04
2022-05-04 04:00:00,101.325000,101.435000,101.210000,101.350000,4,2022-05-04
2022-05-04 08:00:00,101.350000,101.520000,101.305000,101.480000,4,2022-05-04
2022-05-04 12:00:00,101.480000,101.510000,101.345000,101.400000,4,2022-05-04
2022-05-04 16:00:00,101.400000,101.535000,101.290000,101.500000,4,2022-05-04
2022-05-04 20:00:00,101.510000,101.530000,101.275000,101.335000,4,2022-05-05
2022-05-05 00:00:00,101.345000,101.585000,101.200000,101.465000,4,2022-05-05
2022-05-05 04:00:00,101.445000,101.735000,100.905000,101.385000,4,2022-05-05
2022-05-05 08:00:00,101.365000,101.725000,101.155000,101.245000,4,2022-05-05
2022-05-05 12:00:00,101.230000,101.695000,101.215000,101.655000,4,2022-05-05
2022-05-05 16:00:00,101.640000,101.805000,101.560000,101.770000,4,2022-05-05
2022-05-05 20:00:00,101.760000,102.019997,101.615000,101.920000,4,2022-05-06
2022-05-06 00:00:00,101.915000,101.930000,101.445000,101.485000,4,2022-05-06
2022-05-06 04:00:00,101.480000,101.535000,101.175000,101.430000,4,2022-05-06
2022-05-06 08:00:00,101.435000,101.775000,101.385000,101.770000,4,2022-05-06
2022-05-06 12:00:00,101.770000,101.860000,101.615000,101.740000,4,2022-05-06
2022-05-06 16:00:00,101.740000,101.815000,101.330000,101.770000,4,2022-05-06
2022-05-06 20:00:00,101.770000,101.775000,101.535000,101.555000,1,2022-05-06
2022-05-09 04:00:00,101.185000,101.215000,101.140000,101.210000,1,2022-05-09
2022-05-09 08:00:00,101.215000,101.310000,100.985000,101.155000,4,2022-05-09
2022-05-09 12:00:00,101.165000,101.305000,101.089996,101.175000,4,2022-05-09
2022-05-09 16:00:00,101.175000,101.500000,101.175000,101.445000,4,2022-05-09
2022-05-09 20:00:00,101.435000,101.455000,101.004997,101.120000,4,2022-05-10
2022-05-10 00:00:00,101.115000,101.135000,100.180000,100.355000,4,2022-05-10
2022-05-10 04:00:00,100.340000,100.395000,100.074997,100.185000,4,2022-05-10
2022-05-10 08:00:00,100.205000,100.335000,99.615000,100.019997,4,2022-05-10
2022-05-10 12:00:00,100.025002,100.470000,100.004997,100.250000,4,2022-05-10
2022-05-10 16:00:00,100.275000,100.375000,100.004997,100.110000,4,2022-05-10
2022-05-10 20:00:00,100.120000,100.360000,99.850000,100.190000,4,2022-05-11
2022-05-11 00:00:00,100.200000,100.355000,99.725000,100.180000,4,2022-05-11
2022-05-11 04:00:00,100.190000,100.210000,100.019997,100.130000,4,2022-05-11
2022-05-11 08:00:00,100.130000,100.250000,99.970000,100.200000,4,2022-05-11
2022-05-11 12:00:00,100.195000,100.310000,100.135000,100.210000,4,2022-05-11
2022-05-11 16:00:00,100.220000,100.265000,99.885000,100.110000,4,2022-05-11
2022-05-11 20:00:00,100.095001,100.735000,100.010002,100.695000,4,2022-05-12
2022-05-12 00:00:00,100.710000,100.760000,99.575000,99.635000,4,2022-05-12
2022-05-12 04:00:00,99.625000,100.185000,99.625000,100.044998,4,2022-05-12
2022-05-12 08:00:00,100.059998,100.095001,99.590000,100.040001,4,2022-05-12
2022-05-12 12:00:00,100.010002,100.050003,99.435000,99.480000,4,2022-05-12
2022-05-12 16:00:00,99.485000,99.555000,98.560000,98.730000,4,2022-05-12
2022-05-12 20:00:00,98.720000,98.845000,97.810000,98.099998,4,2022-05-13
2022-05-13 00:00:00,98.099998,98.645000,97.915000,98.230000,4,2022-05-13
2022-05-13 04:00:00,98.225000,98.505000,97.975000,98.435000,4,2022-05-13
2022-05-13 08:00:00,98.425000,99.470000,98.425000,99.130000,4,2022-05-13
2022-05-13 12:00:00,99.120000,99.370000,99.000000,99.155000,4,2022-05-13
2022-05-13 16:00:00,99.155000,99.200000,98.675000,98.970000,4,2022-05-13
2022-05-13 20:00:00,98.975000,99.210000,98.975000,99.190000,1,2022-05-13
2022-05-16 04:00:00,100.014999,100.215000,100.000000,100.099998,1,2022-05-16
2022-05-16 08:00:00,100.160000,100.420000,99.770000,99.840000,4,2022-05-16
2022-05-16 12:00:00,99.825000,99.825000,99.190000,99.550000,4,2022-05-16
2022-05-16 16:00:00,99.550000,100.165000,99.360000,99.935000,4,2022-05-16
2022-05-16 20:00:00,99.945000,100.295000,99.810000,99.905000,4,2022-05-17
2022-05-17 00:00:00,99.910000,100.510000,99.830000,100.505000,4,2022-05-17
2022-05-17 04:00:00,100.490000,100.695000,100.385000,100.430000,4,2022-05-17
2022-05-17 08:00:00,100.425000,100.860000,100.280000,100.850000,4,2022-05-17
2022-05-17 12:00:00,100.845000,100.935000,100.610000,100.880000,4,2022-05-17
2022-05-17 16:00:00,100.895000,101.125000,100.755000,100.940000,4,2022-05-17
2022-05-17 20:00:00,100.930000,101.120000,100.710000,101.040001,4,2022-05-18
2022-05-18 00:00:00,101.044998,101.110000,100.450000,100.760000,4,2022-05-18
2022-05-18 04:00:00,100.760000,101.029999,100.550000,100.995000,4,2022-05-18
2022-05-18 08:00:00,101.000000,101.160000,100.600000,100.755000,4,2022-05-18
2022-05-18 12:00:00,100.780000,100.820000,100.445000,100.800000,4,2022-05-18
2022-05-18 16:00:00,100.815000,100.830000,100.480000,100.715000,4,2022-05-18
2022-05-18 20:00:00,100.725000,100.825000,100.120000,100.125000,4,2022-05-19
2022-05-19 00:00:00,100.130000,100.325000,99.645000,99.695000,4,2022-05-19
2022-05-19 04:00:00,99.695000,99.830000,99.400000,99.570000,4,2022-05-19
2022-05-19 08:00:00,99.570000,99.965000,99.250000,99.860000,4,2022-05-19
2022-05-19 12:00:00,99.870000,100.580000,99.845000,100.135000,4,2022-05-19
2022-05-19 16:00:00,100.120000,100.210000,99.445000,99.480000,4,2022-05-19
2022-05-19 20:00:00,99.495000,99.915000,99.130000,99.360000,4,2022-05-20
2022-05-20 00:00:00,99.375000,99.820000,99.240000,99.740000,4,2022-05-20
2022-05-20 04:00:00,99.750000,99.875000,99.605000,99.620000,4,2022-05-20
2022-05-20 08:00:00,99.635000,100.070000,99.565000,99.955000,4,2022-05-20
2022-05-20 12:00:00,99.965000,99.970000,99.380000,99.770000,4,2022-05-20
2022-05-20 16:00:00,99.775000,100.395000,99.725000,100.265000,4,2022-05-20
2022-05-20 20:00:00,100.245000,100.315000,100.135000,100.145000,1,2022-05-20
2022-05-23 04:00:00,99.605000,99.615000,99.530000,99.585000,1,2022-05-23
2022-05-23 08:00:00,99.605000,99.955000,99.420000,99.465000,4,2022-05-23
2022-05-23 12:00:00,99.480000,100.010002,99.260000,99.885000,4,2022-05-23
2022-05-23 16:00:00,99.890000,100.055000,99.610000,99.730000,4,2022-05-23
2022-05-23 20:00:00,99.720000,99.980000,99.560000,99.770000,4,2022-05-24
2022-05-24 00:00:00,99.760000,100.059998,99.580000,99.945000,4,2022-05-24
2022-05-24 04:00:00,99.960000,100.205000,99.925000,100.165000,4,2022-05-24
2022-05-24 08:00:00,100.125000,100.125000,99.715000,99.960000,4,2022-05-24
2022-05-24 12:00:00,99.975000,99.990000,99.580000,99.665000,4,2022-05-24
2022-05-24 16:00:00,99.665000,99.780000,99.280000,99.485000,4,2022-05-24
2022-05-24 20:00:00,99.480000,99.745000,98.815000,98.980000,4,2022-05-25
2022-05-25 00:00:00,98.965000,98.965000,98.300000,98.840000,4,2022-05-25
2022-05-25 04:00:00,98.840000,99.099998,98.740000,98.950000,4,2022-05-25
2022-05-25 08:00:00,98.950000,99.044998,98.770000,98.920000,4,2022-05-25
2022-05-25 12:00:00,98.930000,99.245000,98.915000,99.000000,4,2022-05-25
2022-05-25 16:00:00,99.004997,99.265000,98.815000,99.014999,4,2022-05-25
2022-05-25 20:00:00,99.014999,99.170000,98.465000,99.014999,4,2022-05-26
2022-05-26 00:00:00,99.029999,99.395000,99.000000,99.290000,4,2022-05-26
2022-05-26 04:00:00,99.300000,99.455000,99.105000,99.295000,4,2022-05-26
2022-05-26 08:00:00,99.295000,99.605000,99.145000,99.155000,4,2022-05-26
2022-05-26 12:00:00,99.165000,99.435000,99.099998,99.115000,4,2022-05-26
2022-05-26 16:00:00,99.140000,99.190000,98.695000,98.850000,4,2022-05-26
2022-05-26 20:00:00,98.870000,99.335000,98.695000,99.220000,4,2022-05-27
2022-05-27 00:00:00,99.235000,99.680000,99.205000,99.580000,4,2022-05-27
2022-05-27 04:00:00,99.570000,99.605000,99.415000,99.515000,4,2022-05-27
2022-05-27 08:00:00,99.525000,99.600000,99.300000,99.415000,4,2022-05-27
2022-05-27 12:00:00,99.415000,99.535000,99.315000,99.460000,4,2022-05-27
2022-05-27 16:00:00,99.465000,99.820000,99.380000,99.790000,4,2022-05-27
2022-05-27 20:00:00,99.790000,99.805000,99.630000,99.715000,1,2022-05-27
2022-05-30 04:00:00,99.800000,99.895000,99.780000,99.875000,1,2022-05-30
2022-05-30 08:00:00,99.880000,100.110000,99.835000,99.905000,4,2022-05-30
2022-05-30 12:00:00,99.900000,100.029999,99.855000,100.025002,4,2022-05-30
2022-05-30 16:00:00,100.025002,100.385000,100.025002,100.360000,4,2022-05-30
2022-05-30 20:00:00,100.370000,100.810000,100.260000,100.800000,4,2022-05-31
2022-05-31 00:00:00,100.790000,100.890000,100.665000,100.785000,4,2022-05-31
2022-05-31 04:00:00,100.785000,100.850000,100.715000,100.840000,4,2022-05-31
2022-05-31 08:00:00,100.845000,101.235000,100.750000,101.160000,4,2022-05-31
2022-05-31 12:00:00,101.160000,101.190000,100.895000,100.970000,4,2022-05-31
2022-05-31 16:00:00,100.975000,101.110000,100.660000,100.900000,4,2022-05-31
2022-05-31 20:00:00,100.900000,101.825000,100.845000,101.780000,4,2022-06-01
2022-06-01 00:00:00,101.780000,101.970000,101.550000,101.765000,4,2022-06-01
2022-06-01 04:00:00,101.760000,101.820000,101.660000,101.730000,4,2022-06-01
2022-06-01 08:00:00,101.735000,102.125000,101.725000,102.110000,4,2022-06-01
2022-06-01 12:00:00,102.110000,102.150000,101.910000,102.025002,4,2022-06-01
2022-06-01 16:00:00,102.029999,102.380000,101.965000,102.325000,4,2022-06-01
2022-06-01 20:00:00,102.320000,102.605000,102.265000,102.485000,4,2022-06-02
2022-06-02 00:00:00,102.425000,103.089996,102.425000,103.050003,4,2022-06-02
2022-06-02 04:00:00,103.055000,103.099998,102.770000,102.820000,4,2022-06-02
2022-06-02 08:00:00,102.810000,102.875000,102.550000,102.625000,4,2022-06-02
2022-06-02 12:00:00,102.625000,102.740000,102.470000,102.605000,4,2022-06-02
2022-06-02 16:00:00,102.585000,102.700000,102.470000,102.510000,4,2022-06-02
2022-06-02 20:00:00,102.515000,102.910000,102.465000,102.885000,4,2022-06-03
2022-06-03 00:00:00,102.880000,103.350000,102.860000,103.270000,4,2022-06-03
2022-06-03 04:00:00,103.270000,103.345000,103.210000,103.290000,4,2022-06-03
2022-06-03 08:00:00,103.275000,103.440000,103.110000,103.190000,4,2022-06-03
2022-06-03 12:00:00,103.200000,103.340000,103.180000,103.300000,4,2022-06-03
2022-06-03 16:00:00,103.315000,103.550000,103.270000,103.550000,4,2022-06-03
2022-06-03 20:00:00,103.545000,103.610000,103.480000,103.520000,1,2022-06-03
2022-06-06 04:00:00,103.935000,104.019997,103.870000,104.019997,1,2022-06-06
2022-06-06 08:00:00,103.965000,104.040001,103.620000,103.750000,4,2022-06-06
2022-06-06 12:00:00,103.750000,103.960000,103.625000,103.855000,4,2022-06-06
2022-06-06 16:00:00,103.870000,104.140000,103.710000,104.050003,4,2022-06-06
2022-06-06 20:00:00,104.050003,104.425000,103.930000,104.370000,4,2022-06-07
2022-06-07 00:00:00,104.375000,104.970000,104.350000,104.970000,4,2022-06-07
2022-06-07 04:00:00,104.960000,104.985000,104.810000,104.865000,4,2022-06-07
2022-06-07 08:00:00,104.865000,105.400000,104.840000,105.325000,4,2022-06-07
2022-06-07 12:00:00,105.310000,105.575000,105.195000,105.340000,4,2022-06-07
2022-06-07 16:00:00,105.355000,105.455000,105.215000,105.330000,4,2022-06-07
2022-06-07 20:00:00,105.335000,105.580000,105.205000,105.435000,4,2022-06-08
2022-06-08 00:00:00,105.425000,105.850000,105.415000,105.655000,4,2022-06-08
2022-06-08 04:00:00,105.655000,105.910000,105.655000,105.835000,4,2022-06-08
2022-06-08 08:00:00,105.815000,106.230000,105.805000,106.185000,4,2022-06-08
2022-06-08 12:00:00,106.200000,106.210000,105.930000,106.205000,4,2022-06-08
2022-06-08 16:00:00,106.210000,106.645000,106.040001,106.620000,4,2022-06-08
2022-06-08 20:00:00,106.625000,107.215000,106.595000,107.080002,4,2022-06-09
2022-06-09 00:00:00,107.095001,107.135000,106.585000,106.820000,4,2022-06-09
2022-06-09 04:00:00,106.825000,107.000000,106.730000,106.925000,4,2022-06-09
2022-06-09 08:00:00,106.915000,107.180000,106.750000,106.900000,4,2022-06-09
2022-06-09 12:00:00,106.900000,106.990000,106.350000,106.490000,4,2022-06-09
2022-06-09 16:00:00,106.500000,106.545000,106.044998,106.250000,4,2022-06-09
2022-06-09 20:00:00,106.255000,106.580000,106.084999,106.160000,4,2022-06-10
2022-06-10 00:00:00,106.160000,106.330000,105.710000,105.840000,4,2022-06-10
2022-06-10 04:00:00,105.830000,105.910000,105.740000,105.825000,4,2022-06-10
2022-06-10 08:00:00,105.835000,105.905000,105.485000,105.650000,4,2022-06-10
2022-06-10 12:00:00,105.640000,105.710000,105.330000,105.385000,4,2022-06-10
2022-06-10 16:00:00,105.380000,105.555000,104.995000,105.059998,4,2022-06-10
2022-06-10 20:00:00,105.055000,105.110000,104.955000,105.019997,1,2022-06-10
2022-06-13 04:00:00,105.130000,105.195000,105.110000,105.185000,1,2022-06-13
2022-06-13 08:00:00,105.175000,105.460000,105.070000,105.255000,4,2022-06-13
2022-06-13 12:00:00,105.255000,105.460000,105.155000,105.300000,4,2022-06-13
2022-06-13 16:00:00,105.290000,105.290000,104.480000,104.605000,4,2022-06-13
2022-06-13 20:00:00,104.610000,104.760000,103.870000,103.985000,4,2022-06-14
2022-06-14 00:00:00,103.990000,104.500000,103.830000,104.360000,4,2022-06-14
2022-06-14 04:00:00,104.345000,104.475000,104.170000,104.220000,4,2022-06-14
2022-06-14 08:00:00,104.240000,104.325000,103.910000,104.125000,4,2022-06-14
2022-06-14 12:00:00,104.120000,104.700000,104.059998,104.630000,4,2022-06-14
2022-06-14 16:00:00,104.620000,104.670000,103.825000,103.830000,4,2022-06-14
2022-06-14 20:00:00,103.845000,104.160000,103.700000,104.110000,4,2022-06-15
2022-06-15 00:00:00,104.089996,104.455000,103.955000,104.035004,4,2022-06-15
2022-06-15 04:00:00,104.035004,104.635000,104.029999,104.620000,4,2022-06-15
2022-06-15 08:00:00,104.625000,104.685000,104.099998,104.520000,4,2022-06-15
2022-06-15 12:00:00,104.500000,104.570000,103.970000,104.040001,4,2022-06-15
2022-06-15 16:00:00,104.055000,104.110000,103.810000,103.925000,4,2022-06-15
2022-06-15 20:00:00,103.925000,104.160000,103.865000,104.019997,4,2022-06-16
2022-06-16 00:00:00,104.019997,104.115000,103.495000,103.685000,4,2022-06-16
2022-06-16 04:00:00,103.670000,103.990000,103.475000,103.845000,4,2022-06-16
2022-06-16 08:00:00,103.865000,104.540000,103.835000,104.440000,4,2022-06-16
2022-06-16 12:00:00,104.435000,104.500000,104.010002,104.010002,4,2022-06-16
2022-06-16 16:00:00,104.004997,104.099998,102.260000,102.705000,4,2022-06-16
2022-06-16 20:00:00,102.750000,103.084999,102.425000,102.550000,4,2022-06-17
2022-06-17 00:00:00,102.540000,102.610000,101.670000,102.295000,4,2022-06-17
2022-06-17 04:00:00,102.295000,102.350000,101.940000,102.170000,4,2022-06-17
2022-06-17 08:00:00,102.160000,103.050003,102.029999,103.010002,4,2022-06-17
2022-06-17 12:00:00,103.010002,103.985000,102.885000,103.470000,4,2022-06-17
2022-06-17 16:00:00,103.475000,103.995000,103.155000,103.930000,4,2022-06-17
2022-06-17 20:00:00,103.925000,104.025002,103.780000,103.780000,1,2022-06-17
2022-06-20 04:00:00,103.530000,103.640000,103.530000,103.580000,1,2022-06-20
2022-06-20 08:00:00,103.540000,104.150000,103.535000,103.575000,4,2022-06-20
2022-06-20 12:00:00,103.585000,103.900000,103.495000,103.900000,4,2022-06-20
2022-06-20 16:00:00,103.880000,103.910000,103.470000,103.800000,4,2022-06-20
2022-06-20 20:00:00,103.810000,103.935000,103.720000,103.810000,4,2022-06-21
2022-06-21 00:00:00,103.805000,104.029999,103.770000,103.980000,4,2022-06-21
2022-06-21 04:00:00,103.970000,104.089996,103.930000,104.065002,4,2022-06-21
2022-06-21 08:00:00,104.059998,104.330000,103.935000,104.315000,4,2022-06-21
2022-06-21 12:00:00,104.320000,104.420000,104.200000,104.340000,4,2022-06-21
2022-06-21 16:00:00,104.330000,104.925000,104.285000,104.765000,4,2022-06-21
2022-06-21 20:00:00,104.775000,105.380000,104.640000,105.360000,4,2022-06-22
2022-06-22 00:00:00,105.365000,105.640000,105.260000,105.525000,4,2022-06-22
2022-06-22 04:00:00,105.535000,105.845000,105.500000,105.785000,4,2022-06-22
2022-06-22 08:00:00,105.790000,105.820000,105.055000,105.130000,4,2022-06-22
2022-06-22 12:00:00,105.130000,105.200000,104.890000,105.110000,4,2022-06-22
2022-06-22 16:00:00,105.084999,105.320000,104.595000,104.765000,4,2022-06-22
2022-06-22 20:00:00,104.755000,105.110000,104.645000,104.930000,4,2022-06-23
2022-06-23 00:00:00,104.925000,105.395000,104.775000,105.375000,4,2022-06-23
2022-06-23 04:00:00,105.375000,105.540000,105.140000,105.150000,4,2022-06-23
2022-06-23 08:00:00,105.150000,105.205000,104.715000,104.740000,4,2022-06-23
2022-06-23 12:00:00,104.730000,104.790000,104.235000,104.670000,4,2022-06-23
2022-06-23 16:00:00,104.660000,104.855000,104.240000,104.300000,4,2022-06-23
2022-06-23 20:00:00,104.320000,104.690000,103.635000,103.730000,4,2022-06-24
2022-06-24 00:00:00,103.740000,103.965000,103.535000,103.755000,4,2022-06-24
2022-06-24 04:00:00,103.760000,103.950000,103.680000,103.785000,4,2022-06-24
2022-06-24 08:00:00,103.820000,104.080002,103.660000,103.800000,4,2022-06-24
2022-06-24 12:00:00,103.795000,103.885000,103.620000,103.720000,4,2022-06-24
2022-06-24 16:00:00,103.725000,104.230000,103.500000,104.200000,4,2022-06-24
2022-06-24 20:00:00,104.180000,104.255000,104.070000,104.170000,1,2022-06-24
2022-06-27 04:00:00,104.845000,104.865000,104.780000,104.845000,1,2022-06-27
2022-06-27 08:00:00,104.845000,104.910000,104.215000,104.430000,4,2022-06-27
2022-06-27 12:00:00,104.480000,104.805000,104.415000,104.700000,4,2022-06-27
2022-06-27 16:00:00,104.690000,105.025002,104.645000,104.875000,4,2022-06-27
2022-06-27 20:00:00,104.885000,105.055000,104.575000,104.660000,4,2022-06-28
2022-06-28 00:00:00,104.680000,105.170000,104.660000,105.140000,4,2022-06-28
2022-06-28 04:00:00,105.140000,105.245000,105.074997,105.210000,4,2022-06-28
2022-06-28 08:00:00,105.205000,105.420000,104.955000,105.010002,4,2022-06-28
2022-06-28 12:00:00,105.014999,105.340000,104.970000,105.310000,4,2022-06-28
2022-06-28 16:00:00,105.315000,105.960000,105.285000,105.930000,4,2022-06-28
2022-06-28 20:00:00,105.925000,106.235000,105.840000,106.035004,4,2022-06-29
2022-06-29 00:00:00,106.035004,106.065002,105.605000,105.920000,4,2022-06-29
2022-06-29 04:00:00,105.920000,106.000000,105.700000,105.775000,4,2022-06-29
2022-06-29 08:00:00,105.775000,105.855000,105.560000,105.720000,4,2022-06-29
2022-06-29 12:00:00,105.735000,105.900000,105.645000,105.710000,4,2022-06-29
2022-06-29 16:00:00,105.700000,105.960000,105.460000,105.910000,4,2022-06-29
2022-06-29 20:00:00,105.935000,106.440000,105.845000,106.325000,4,2022-06-30
2022-06-30 00:00:00,106.325000,106.400000,105.860000,105.985000,4,2022-06-30
2022-06-30 04:00:00,105.980000,106.050003,105.855000,105.900000,4,2022-06-30
2022-06-30 08:00:00,105.910000,106.095001,105.850000,105.960000,4,2022-06-30
2022-06-30 12:00:00,105.970000,106.084999,105.595000,105.725000,4,2022-06-30
2022-06-30 16:00:00,105.730000,105.755000,105.280000,105.520000,4,2022-06-30
2022-06-30 20:00:00,105.505000,105.630000,105.220000,105.400000,4,2022-07-01
2022-07-01 00:00:00,105.415000,105.570000,105.150000,105.460000,4,2022-07-01
2022-07-01 04:00:00,105.455000,105.485000,105.230000,105.425000,4,2022-07-01
2022-07-01 08:00:00,105.430000,105.660000,105.310000,105.350000,4,2022-07-01
2022-07-01 12:00:00,105.340000,105.390000,104.270000,104.490000,4,2022-07-01
2022-07-01 16:00:00,104.480000,105.044998,104.315000,105.004997,4,2022-07-01
2022-07-01 20:00:00,105.035004,105.035004,104.685000,104.755000,1,2022-07-01
2022-07-04 04:00:00,105.105000,105.105000,104.990000,105.040001,1,2022-07-04
2022-07-04 08:00:00,105.055000,105.080002,104.480000,104.760000,4,2022-07-04
2022-07-04 12:00:00,104.765000,105.095001,104.620000,105.095001,4,2022-07-04
2022-07-04 16:00:00,105.089996,105.535000,105.055000,105.425000,4,2022-07-04
2022-07-04 20:00:00,105.430000,105.480000,105.260000,105.310000,4,2022-07-05
2022-07-05 00:00:00,105.315000,105.525000,105.140000,105.465000,4,2022-07-05
2022-07-05 04:00:00,105.470000,105.585000,105.390000,105.570000,4,2022-07-05
2022-07-05 08:00:00,105.545000,105.785000,105.530000,105.750000,2,2022-07-05
2022-07-05 12:00:00,105.940000,106.120000,105.805000,106.080002,3,2022-07-05
2022-07-05 16:00:00,106.070000,106.070000,104.855000,105.105000,4,2022-07-05
2022-07-05 20:00:00,105.070000,105.270000,104.220000,104.280000,4,2022-07-06
2022-07-06 00:00:00,104.305000,104.400000,103.655000,103.950000,4,2022-07-06
2022-07-06 04:00:00,103.955000,104.360000,103.915000,104.235000,4,2022-07-06
2022-07-06 08:00:00,104.280000,104.310000,103.700000,103.800000,4,2022-07-06
2022-07-06 12:00:00,103.805000,103.915000,103.520000,103.565000,4,2022-07-06
2022-07-06 16:00:00,103.555000,104.260000,103.370000,103.790000,4,2022-07-06
2022-07-06 20:00:00,103.785000,103.930000,103.575000,103.775000,4,2022-07-07
2022-07-07 00:00:00,103.750000,104.345000,103.700000,104.014999,4,2022-07-07
2022-07-07 04:00:00,104.014999,104.395000,103.920000,104.260000,4,2022-07-07
2022-07-07 08:00:00,104.265000,104.430000,103.870000,104.040001,4,2022-07-07
2022-07-07 12:00:00,104.044998,104.490000,103.960000,104.480000,4,2022-07-07
2022-07-07 16:00:00,104.460000,104.805000,104.215000,104.620000,4,2022-07-07
2022-07-07 20:00:00,104.615000,104.730000,104.335000,104.550000,4,2022-07-08
2022-07-08 00:00:00,104.550000,104.825000,104.370000,104.810000,4,2022-07-08
2022-07-08 04:00:00,104.805000,104.925000,104.750000,104.870000,4,2022-07-08
2022-07-08 08:00:00,104.880000,105.019997,104.770000,104.850000,4,2022-07-08
2022-07-08 12:00:00,104.850000,104.910000,104.120000,104.370000,4,2022-07-08
2022-07-08 16:00:00,104.325000,104.535000,104.190000,104.435000,4,2022-07-08
2022-07-08 20:00:00,104.450000,104.760000,104.420000,104.580000,1,2022-07-08
2022-07-11 04:00:00,104.965000,105.180000,104.965000,105.170000,1,2022-07-11
2022-07-11 08:00:00,105.180000,105.825000,105.089996,105.650000,4,2022-07-11
2022-07-11 12:00:00,105.650000,105.720000,105.470000,105.565000,4,2022-07-11
2022-07-11 16:00:00,105.550000,105.590000,105.230000,105.360000,4,2022-07-11
2022-07-11 20:00:00,105.350000,105.770000,105.255000,105.515000,4,2022-07-12
2022-07-12 00:00:00,105.540000,105.850000,105.365000,105.800000,4,2022-07-12
2022-07-12 04:00:00,105.805000,105.820000,105.610000,105.680000,4,2022-07-12
2022-07-12 08:00:00,105.665000,105.760000,105.205000,105.295000,4,2022-07-12
2022-07-12 12:00:00,105.310000,105.605000,105.245000,105.495000,4,2022-07-12
2022-07-12 16:00:00,105.465000,105.590000,105.040001,105.065002,4,2022-07-12
2022-07-12 20:00:00,105.059998,105.170000,104.770000,104.800000,4,2022-07-13
2022-07-13 00:00:00,104.810000,105.315000,104.635000,105.290000,4,2022-07-13
2022-07-13 04:00:00,105.290000,105.320000,104.945000,105.070000,4,2022-07-13
2022-07-13 08:00:00,105.084999,105.410000,104.905000,105.300000,4,2022-07-13
2022-07-13 12:00:00,105.320000,105.450000,105.200000,105.270000,4,2022-07-13
2022-07-13 16:00:00,105.265000,105.490000,105.160000,105.350000,4,2022-07-13
2022-07-13 20:00:00,105.345000,105.755000,105.225000,105.630000,4,2022-07-14
2022-07-14 00:00:00,105.625000,106.270000,105.625000,105.930000,4,2022-07-14
2022-07-14 04:00:00,105.950000,105.950000,105.750000,105.930000,4,2022-07-14
2022-07-14 08:00:00,105.880000,106.225000,105.785000,106.155000,4,2022-07-14
2022-07-14 12:00:00,106.170000,106.605000,106.084999,106.510000,4,2022-07-14
2022-07-14 16:00:00,106.500000,106.930000,106.040001,106.155000,4,2022-07-14
2022-07-14 20:00:00,106.155000,106.155000,105.290000,105.720000,4,2022-07-15
2022-07-15 00:00:00,105.705000,106.099998,105.585000,105.840000,4,2022-07-15
2022-07-15 04:00:00,105.835000,106.040001,105.820000,105.925000,4,2022-07-15
2022-07-15 08:00:00,105.930000,106.080002,105.725000,105.960000,4,2022-07-15
2022-07-15 12:00:00,105.965000,106.140000,105.870000,105.915000,4,2022-07-15
2022-07-15 16:00:00,105.920000,106.055000,105.510000,106.019997,4,2022-07-15
2022-07-15 20:00:00,106.010002,106.140000,105.935000,106.105000,1,2022-07-15
2022-07-18 04:00:00,106.415000,106.425000,106.385000,106.420000,1,2022-07-18
2022-07-18 08:00:00,106.420000,106.420000,106.120000,106.230000,4,2022-07-18
2022-07-18 12:00:00,106.240000,106.545000,106.200000,106.390000,4,2022-07-18
2022-07-18 16:00:00,106.390000,106.610000,106.225000,106.590000,4,2022-07-18
2022-07-18 20:00:00,106.595000,106.855000,106.400000,106.795000,4,2022-07-19
2022-07-19 00:00:00,106.790000,107.019997,106.505000,106.520000,4,2022-07-19
2022-07-19 04:00:00,106.520000,106.570000,106.330000,106.395000,4,2022-07-19
2022-07-19 08:00:00,106.415000,106.610000,106.390000,106.440000,4,2022-07-19
2022-07-19 12:00:00,106.480000,106.600000,106.325000,106.515000,4,2022-07-19
2022-07-19 16:00:00,106.520000,106.645000,106.215000,106.340000,4,2022-07-19
2022-07-19 20:00:00,106.350000,106.535000,106.150000,106.480000,4,2022-07-20
2022-07-20 00:00:00,106.480000,107.205000,106.450000,107.190000,4,2022-07-20
2022-07-20 04:00:00,107.190000,107.415000,107.165000,107.330000,4,2022-07-20
2022-07-20 08:00:00,107.350000,107.560000,107.165000,107.265000,4,2022-07-20
2022-07-20 12:00:00,107.260000,107.460000,107.180000,107.290000,4,2022-07-20
2022-07-20 16:00:00,107.310000,107.480000,107.195000,107.455000,4,2022-07-20
2022-07-20 20:00:00,107.450000,107.530000,106.980000,107.115000,4,2022-07-21
2022-07-21 00:00:00,107.120000,107.415000,107.080002,107.155000,4,2022-07-21
2022-07-21 04:00:00,107.160000,107.400000,107.130000,107.295000,4,2022-07-21
2022-07-21 08:00:00,107.295000,107.590000,107.195000,107.400000,4,2022-07-21
2022-07-21 12:00:00,107.395000,107.555000,107.220000,107.450000,4,2022-07-21
2022-07-21 16:00:00,107.450000,107.655000,107.210000,107.420000,4,2022-07-21
2022-07-21 20:00:00,107.410000,107.525000,107.000000,107.155000,4,2022-07-22
2022-07-22 00:00:00,107.145000,107.155000,106.840000,106.990000,4,2022-07-22
2022-07-22 04:00:00,106.990000,106.990000,106.690000,106.760000,4,2022-07-22
2022-07-22 08:00:00,106.765000,106.905000,106.385000,106.710000,4,2022-07-22
2022-07-22 12:00:00,106.715000,107.014999,106.685000,106.970000,4,2022-07-22
2022-07-22 16:00:00,106.980000,107.070000,106.710000,106.765000,4,2022-07-22
2022-07-22 20:00:00,106.785000,106.885000,106.700000,106.735000,1,2022-07-22
2022-07-25 04:00:00,105.400000,105.420000,105.320000,105.380000,1,2022-07-25
2022-07-25 08:00:00,105.370000,105.705000,105.170000,105.190000,4,2022-07-25
2022-07-25 12:00:00,105.190000,105.435000,105.070000,105.370000,4,2022-07-25
2022-07-25 16:00:00,105.390000,105.940000,105.335000,105.885000,4,2022-07-25
2022-07-25 20:00:00,105.895000,106.365000,105.865000,106.275000,4,2022-07-26
2022-07-26 00:00:00,106.275000,106.490000,106.035004,106.440000,4,2022-07-26
2022-07-26 04:00:00,106.430000,106.490000,106.325000,106.390000,4,2022-07-26
2022-07-26 08:00:00,106.385000,106.385000,106.074997,106.240000,4,2022-07-26
2022-07-26 12:00:00,106.245000,106.560000,106.200000,106.555000,4,2022-07-26
2022-07-26 16:00:00,106.545000,106.625000,106.125000,106.170000,4,2022-07-26
2022-07-26 20:00:00,106.160000,106.260000,105.870000,105.945000,4,2022-07-27
2022-07-27 00:00:00,105.960000,106.180000,105.860000,106.099998,4,2022-07-27
2022-07-27 04:00:00,106.089996,106.310000,105.945000,106.275000,4,2022-07-27
2022-07-27 08:00:00,106.275000,106.585000,106.245000,106.460000,4,2022-07-27
2022-07-27 12:00:00,106.480000,106.560000,106.350000,106.505000,4,2022-07-27
2022-07-27 16:00:00,106.495000,106.595000,106.270000,106.280000,4,2022-07-27
2022-07-27 20:00:00,106.280000,106.540000,106.165000,106.400000,4,2022-07-28
2022-07-28 00:00:00,106.405000,106.645000,106.330000,106.435000,4,2022-07-28
2022-07-28 04:00:00,106.440000,106.615000,106.240000,106.480000,4,2022-07-28
2022-07-28 08:00:00,106.475000,106.525000,105.350000,105.625000,4,2022-07-28
2022-07-28 12:00:00,105.625000,105.705000,105.460000,105.610000,4,2022-07-28
2022-07-28 16:00:00,105.600000,105.930000,105.550000,105.670000,4,2022-07-28
2022-07-28 20:00:00,105.665000,105.890000,104.745000,104.835000,4,2022-07-29
2022-07-29 00:00:00,104.840000,104.895000,104.590000,104.770000,4,2022-07-29
2022-07-29 04:00:00,104.775000,104.900000,104.700000,104.900000,4,2022-07-29
2022-07-29 08:00:00,104.890000,105.155000,104.840000,105.029999,4,2022-07-29
2022-07-29 12:00:00,105.029999,105.029999,103.705000,103.850000,4,2022-07-29
2022-07-29 16:00:00,103.850000,104.050003,103.570000,103.910000,4,2022-07-29
2022-07-29 20:00:00,103.920000,103.950000,103.765000,103.880000,1,2022-07-29
2022-08-01 04:00:00,104.190000,104.190000,103.960000,104.050003,1,2022-08-01
2022-08-01 08:00:00,104.050003,104.240000,103.120000,103.380000,4,2022-08-01
2022-08-01 12:00:00,103.380000,103.670000,103.240000,103.495000,4,2022-08-01
2022-08-01 16:00:00,103.495000,103.780000,103.260000,103.340000,4,2022-08-01
2022-08-01 20:00:00,103.350000,103.735000,102.910000,102.980000,4,2022-08-02
2022-08-02 00:00:00,102.955000,103.240000,102.580000,102.730000,4,2022-08-02
2022-08-02 04:00:00,102.725000,102.780000,102.430000,102.545000,4,2022-08-02
2022-08-02 08:00:00,102.545000,102.595000,101.530000,101.675000,4,2022-08-02
2022-08-02 12:00:00,101.665000,101.910000,101.425000,101.565000,4,2022-08-02
2022-08-02 16:00:00,101.555000,101.970000,101.520000,101.675000,4,2022-08-02
2022-08-02 20:00:00,101.700000,102.170000,101.560000,102.099998,4,2022-08-03
2022-08-03 00:00:00,102.099998,103.405000,102.035004,103.340000,4,2022-08-03
2022-08-03 04:00:00,103.345000,103.490000,103.150000,103.460000,4,2022-08-03
2022-08-03 08:00:00,103.440000,104.019997,103.200000,103.905000,4,2022-08-03
2022-08-03 12:00:00,103.925000,103.970000,102.900000,103.645000,4,2022-08-03
2022-08-03 16:00:00,103.630000,103.770000,103.340000,103.595000,4,2022-08-03
2022-08-03 20:00:00,103.590000,104.115000,103.545000,103.990000,4,2022-08-04
2022-08-04 00:00:00,103.900000,104.580000,103.900000,104.310000,4,2022-08-04
2022-08-04 04:00:00,104.325000,104.500000,104.180000,104.190000,4,2022-08-04
2022-08-04 08:00:00,104.215000,104.350000,103.910000,104.240000,4,2022-08-04
2022-08-04 12:00:00,104.245000,104.435000,104.070000,104.350000,4,2022-08-04
2022-08-04 16:00:00,104.375000,104.595000,104.290000,104.500000,4,2022-08-04
2022-08-04 20:00:00,104.505000,104.725000,103.710000,103.760000,4,2022-08-05
2022-08-05 00:00:00,103.730000,103.845000,103.370000,103.570000,4,2022-08-05
2022-08-05 04:00:00,103.565000,103.640000,103.250000,103.365000,4,2022-08-05
2022-08-05 08:00:00,103.365000,103.555000,102.970000,103.505000,4,2022-08-05
2022-08-05 12:00:00,103.495000,103.670000,103.340000,103.585000,4,2022-08-05
2022-08-05 16:00:00,103.590000,103.660000,103.130000,103.245000,4,2022-08-05
2022-08-05 20:00:00,103.255000,103.355000,103.125000,103.270000,1,2022-08-05
2022-08-08 04:00:00,104.425000,104.455000,104.325000,104.430000,1,2022-08-08
2022-08-08 08:00:00,104.430000,104.680000,104.320000,104.530000,4,2022-08-08
2022-08-08 12:00:00,104.530000,104.710000,104.430000,104.620000,4,2022-08-08
2022-08-08 16:00:00,104.610000,104.960000,104.535000,104.620000,4,2022-08-08
2022-08-08 20:00:00,104.625000,104.980000,104.295000,104.660000,4,2022-08-09
2022-08-09 00:00:00,104.650000,104.900000,104.600000,104.805000,4,2022-08-09
2022-08-09 04:00:00,104.810000,105.074997,104.755000,104.935000,4,2022-08-09
2022-08-09 08:00:00,104.950000,105.029999,104.620000,104.700000,4,2022-08-09
2022-08-09 12:00:00,104.700000,105.059998,104.690000,105.019997,4,2022-08-09
2022-08-09 16:00:00,105.019997,105.074997,104.745000,104.985000,4,2022-08-09
2022-08-09 20:00:00,104.980000,105.095001,104.825000,104.905000,4,2022-08-10
2022-08-10 00:00:00,104.900000,104.950000,104.645000,104.790000,4,2022-08-10
2022-08-10 04:00:00,104.795000,104.925000,104.770000,104.840000,4,2022-08-10
2022-08-10 08:00:00,104.840000,104.965000,104.780000,104.780000,4,2022-08-10
2022-08-10 12:00:00,104.785000,104.845000,104.640000,104.790000,4,2022-08-10
2022-08-10 16:00:00,104.770000,104.925000,104.715000,104.835000,4,2022-08-10
2022-08-10 20:00:00,104.835000,104.970000,103.405000,103.420000,4,2022-08-11
2022-08-11 00:00:00,103.420000,103.905000,103.280000,103.870000,4,2022-08-11
2022-08-11 04:00:00,103.865000,104.140000,103.840000,104.010002,4,2022-08-11
2022-08-11 08:00:00,104.000000,104.190000,103.810000,104.155000,4,2022-08-11
2022-08-11 12:00:00,104.140000,104.275000,104.065002,104.160000,4,2022-08-11
2022-08-11 16:00:00,104.180000,104.210000,103.740000,103.880000,4,2022-08-11
2022-08-11 20:00:00,103.880000,103.945000,103.240000,103.710000,4,2022-08-12
2022-08-12 00:00:00,103.710000,104.340000,103.670000,104.305000,4,2022-08-12
2022-08-12 04:00:00,104.315000,104.335000,104.140000,104.210000,4,2022-08-12
2022-08-12 08:00:00,104.225000,104.510000,104.105000,104.425000,4,2022-08-12
2022-08-12 12:00:00,104.425000,104.595000,104.375000,104.450000,4,2022-08-12
2022-08-12 16:00:00,104.460000,104.680000,104.440000,104.630000,4,2022-08-12
2022-08-12 20:00:00,104.640000,104.685000,104.485000,104.575000,1,2022-08-12
2022-08-15 04:00:00,104.465000,104.525000,104.440000,104.485000,1,2022-08-15
2022-08-15 08:00:00,104.475000,104.570000,104.044998,104.330000,4,2022-08-15
2022-08-15 12:00:00,104.330000,104.330000,104.019997,104.074997,4,2022-08-15
2022-08-15 16:00:00,104.084999,104.135000,103.270000,103.395000,4,2022-08-15
2022-08-15 20:00:00,103.395000,103.535000,102.595000,102.720000,4,2022-08-16
2022-08-16 00:00:00,102.730000,103.370000,102.675000,103.300000,4,2022-08-16
2022-08-16 04:00:00,103.300000,103.345000,103.170000,103.325000,4,2022-08-16
2022-08-16 08:00:00,103.315000,103.420000,102.910000,103.315000,4,2022-08-16
2022-08-16 12:00:00,103.315000,103.530000,103.270000,103.410000,4,2022-08-16
2022-08-16 16:00:00,103.390000,103.995000,103.275000,103.940000,4,2022-08-16
2022-08-16 20:00:00,103.950000,104.600000,103.790000,104.525000,4,2022-08-17
2022-08-17 00:00:00,104.525000,104.570000,104.250000,104.570000,4,2022-08-17
2022-08-17 04:00:00,104.570000,104.650000,104.410000,104.490000,4,2022-08-17
2022-08-17 08:00:00,104.505000,104.690000,104.265000,104.300000,4,2022-08-17
2022-08-17 12:00:00,104.300000,104.570000,104.220000,104.570000,4,2022-08-17
2022-08-17 16:00:00,104.570000,104.790000,104.540000,104.710000,4,2022-08-17
2022-08-17 20:00:00,104.730000,104.850000,104.510000,104.700000,4,2022-08-18
2022-08-18 00:00:00,104.695000,104.950000,104.650000,104.870000,4,2022-08-18
2022-08-18 04:00:00,104.875000,104.920000,104.560000,104.630000,4,2022-08-18
2022-08-18 08:00:00,104.640000,104.655000,104.310000,104.360000,4,2022-08-18
2022-08-18 12:00:00,104.355000,104.610000,104.340000,104.595000,4,2022-08-18
2022-08-18 16:00:00,104.585000,104.910000,104.485000,104.890000,4,2022-08-18
2022-08-18 20:00:00,104.890000,104.960000,104.420000,104.510000,4,2022-08-19
2022-08-19 00:00:00,104.525000,105.019997,104.460000,104.985000,4,2022-08-19
2022-08-19 04:00:00,104.975000,105.095001,104.900000,104.970000,4,2022-08-19
2022-08-19 08:00:00,104.945000,105.220000,104.815000,105.110000,4,2022-08-19
2022-08-19 12:00:00,105.115000,105.260000,105.029999,105.095001,4,2022-08-19
2022-08-19 16:00:00,105.095001,105.455000,105.044998,105.260000,4,2022-08-19
2022-08-19 20:00:00,105.270000,105.395000,105.160000,105.375000,1,2022-08-19
2022-08-22 04:00:00,105.385000,105.405000,105.330000,105.330000,1,2022-08-22
2022-08-22 08:00:00,105.335000,105.695000,105.270000,105.685000,4,2022-08-22
2022-08-22 12:00:00,105.695000,105.780000,105.545000,105.640000,4,2022-08-22
2022-08-22 16:00:00,105.640000,105.640000,105.029999,105.340000,4,2022-08-22
2022-08-22 20:00:00,105.340000,105.625000,105.210000,105.350000,4,2022-08-23
2022-08-23 00:00:00,105.340000,105.555000,105.150000,105.240000,4,2022-08-23
2022-08-23 04:00:00,105.235000,105.400000,105.205000,105.355000,4,2022-08-23
2022-08-23 08:00:00,105.345000,105.560000,105.125000,105.195000,4,2022-08-23
2022-08-23 12:00:00,105.200000,105.430000,105.155000,105.265000,4,2022-08-23
2022-08-23 16:00:00,105.275000,105.540000,105.040001,105.490000,4,2022-08-23
2022-08-23 20:00:00,105.495000,105.795000,105.275000,105.400000,4,2022-08-24
2022-08-24 00:00:00,105.430000,105.620000,104.885000,105.515000,4,2022-08-24
2022-08-24 04:00:00,105.510000,105.660000,105.445000,105.535000,4,2022-08-24
2022-08-24 08:00:00,105.530000,105.615000,105.425000,105.480000,4,2022-08-24
2022-08-24 12:00:00,105.480000,105.505000,105.089996,105.270000,4,2022-08-24
2022-08-24 16:00:00,105.275000,105.450000,105.074997,105.160000,4,2022-08-24
2022-08-24 20:00:00,105.175000,105.440000,105.099998,105.345000,4,2022-08-25
2022-08-25 00:00:00,105.335000,105.725000,105.320000,105.650000,4,2022-08-25
2022-08-25 04:00:00,105.650000,105.815000,105.585000,105.740000,4,2022-08-25
2022-08-25 08:00:00,105.720000,105.760000,105.490000,105.555000,4,2022-08-25
2022-08-25 12:00:00,105.555000,105.680000,105.550000,105.580000,4,2022-08-25
2022-08-25 16:00:00,105.580000,105.835000,105.580000,105.685000,4,2022-08-25
2022-08-25 20:00:00,105.685000,105.820000,105.555000,105.820000,4,2022-08-26
2022-08-26 00:00:00,105.845000,105.900000,105.430000,105.480000,4,2022-08-26
2022-08-26 04:00:00,105.470000,105.670000,105.460000,105.605000,4,2022-08-26
2022-08-26 08:00:00,105.595000,105.650000,105.470000,105.580000,4,2022-08-26
2022-08-26 12:00:00,105.585000,105.675000,105.530000,105.665000,4,2022-08-26
2022-08-26 16:00:00,105.675000,105.875000,105.675000,105.840000,4,2022-08-26
2022-08-26 20:00:00,105.830000,105.930000,105.820000,105.930000,1,2022-08-26
2022-08-29 04:00:00,105.510000,105.640000,105.510000,105.575000,1,2022-08-29
2022-08-29 08:00:00,105.550000,106.050003,105.550000,106.029999,4,2022-08-29
2022-08-29 12:00:00,106.029999,106.330000,105.995000,106.245000,4,2022-08-29
2022-08-29 16:00:00,106.255000,106.290000,106.025002,106.059998,4,2022-08-29
2022-08-29 20:00:00,106.065002,106.440000,105.935000,106.390000,4,2022-08-30
2022-08-30 00:00:00,106.390000,106.810000,106.345000,106.740000,4,2022-08-30
2022-08-30 04:00:00,106.740000,106.790000,106.580000,106.655000,4,2022-08-30
2022-08-30 08:00:00,106.630000,106.680000,106.410000,106.490000,4,2022-08-30
2022-08-30 12:00:00,106.490000,106.520000,106.365000,106.490000,4,2022-08-30
2022-08-30 16:00:00,106.490000,106.665000,106.445000,106.570000,4,2022-08-30
2022-08-30 20:00:00,106.565000,106.610000,105.845000,106.000000,4,2022-08-31
2022-08-31 00:00:00,105.960000,106.170000,105.825000,105.950000,4,2022-08-31
2022-08-31 04:00:00,105.950000,106.029999,105.795000,106.004997,4,2022-08-31
2022-08-31 08:00:00,106.004997,106.084999,105.775000,105.815000,4,2022-08-31
2022-08-31 12:00:00,105.820000,106.029999,105.775000,105.930000,4,2022-08-31
2022-08-31 16:00:00,105.940000,105.970000,105.730000,105.825000,4,2022-08-31
2022-08-31 20:00:00,105.830000,105.920000,105.615000,105.710000,4,2022-09-01
2022-09-01 00:00:00,105.695000,106.035004,105.610000,105.775000,4,2022-09-01
2022-09-01 04:00:00,105.770000,105.910000,105.670000,105.895000,4,2022-09-01
2022-09-01 08:00:00,105.900000,106.110000,105.810000,106.004997,4,2022-09-01
2022-09-01 12:00:00,106.010002,106.084999,105.870000,105.870000,4,2022-09-01
2022-09-01 16:00:00,105.860000,105.910000,105.485000,105.665000,4,2022-09-01
2022-09-01 20:00:00,105.670000,106.089996,105.605000,105.795000,4,2022-09-02
2022-09-02 00:00:00,105.765000,106.555000,105.765000,106.395000,4,2022-09-02
2022-09-02 04:00:00,106.415000,106.595000,106.335000,106.580000,4,2022-09-02
2022-09-02 08:00:00,106.590000,106.605000,106.410000,106.540000,4,2022-09-02
2022-09-02 12:00:00,106.535000,106.735000,106.420000,106.640000,4,2022-09-02
2022-09-02 16:00:00,106.620000,106.835000,106.560000,106.775000,4,2022-09-02
2022-09-02 20:00:00,106.765000,106.810000,106.715000,106.785000,1,2022-09-02
2022-09-05 04:00:00,106.740000,106.765000,106.685000,106.700000,1,2022-09-05
2022-09-05 08:00:00,106.685000,106.955000,106.600000,106.600000,4,2022-09-05
2022-09-05 12:00:00,106.600000,106.780000,106.580000,106.675000,4,2022-09-05
2022-09-05 16:00:00,106.660000,106.840000,106.660000,106.825000,4,2022-09-05
2022-09-05 20:00:00,106.830000,107.105000,106.785000,107.014999,4,2022-09-06
2022-09-06 00:00:00,107.014999,107.044998,106.925000,106.945000,4,2022-09-06
2022-09-06 04:00:00,106.950000,107.000000,106.910000,106.930000,4,2022-09-06
2022-09-06 08:00:00,106.935000,107.170000,106.880000,107.155000,4,2022-09-06
2022-09-06 12:00:00,107.150000,107.535000,107.089996,107.515000,4,2022-09-06
2022-09-06 16:00:00,107.540000,108.070000,107.425000,107.920000,4,2022-09-06
2022-09-06 20:00:00,107.920000,108.640000,107.920000,108.480000,4,2022-09-07
2022-09-07 00:00:00,108.435000,108.975000,108.375000,108.670000,4,2022-09-07
2022-09-07 04:00:00,108.665000,108.785000,108.505000,108.550000,4,2022-09-07
2022-09-07 08:00:00,108.565000,109.140000,108.530000,108.630000,4,2022-09-07
2022-09-07 12:00:00,108.635000,109.395000,108.625000,109.335000,4,2022-09-07
2022-09-07 16:00:00,109.330000,109.505000,109.135000,109.500000,4,2022-09-07
2022-09-07 20:00:00,109.505000,110.105000,109.505000,109.910000,4,2022-09-08
2022-09-08 00:00:00,109.905000,110.000000,109.470000,109.585000,4,2022-09-08
2022-09-08 04:00:00,109.600000,109.735000,109.450000,109.585000,4,2022-09-08
2022-09-08 08:00:00,109.580000,110.014999,109.580000,109.730000,4,2022-09-08
2022-09-08 12:00:00,109.740000,109.865000,109.440000,109.545000,4,2022-09-08
2022-09-08 16:00:00,109.560000,109.740000,109.205000,109.510000,4,2022-09-08
2022-09-08 20:00:00,109.510000,109.810000,109.310000,109.535000,4,2022-09-09
2022-09-09 00:00:00,109.540000,110.065002,109.500000,110.050003,4,2022-09-09
2022-09-09 04:00:00,110.059998,110.115000,109.900000,110.084999,4,2022-09-09
2022-09-09 08:00:00,110.099998,110.160000,109.905000,110.070000,4,2022-09-09
2022-09-09 12:00:00,110.074997,110.235000,109.390000,109.730000,4,2022-09-09
2022-09-09 16:00:00,109.720000,109.795000,109.245000,109.350000,4,2022-09-09
2022-09-09 20:00:00,109.340000,109.340000,108.920000,109.040001,1,2022-09-09
2022-09-12 04:00:00,109.270000,109.330000,108.995000,109.275000,1,2022-09-12
2022-09-12 08:00:00,109.290000,109.760000,109.290000,109.535000,4,2022-09-12
2022-09-12 12:00:00,109.535000,110.010002,109.535000,109.990000,4,2022-09-12
2022-09-12 16:00:00,109.985000,110.225000,109.760000,109.890000,4,2022-09-12
2022-09-12 20:00:00,109.890000,110.010002,109.490000,109.940000,4,2022-09-13
2022-09-13 00:00:00,109.955000,110.000000,109.600000,109.790000,4,2022-09-13
2022-09-13 04:00:00,109.785000,110.035004,109.780000,109.975000,4,2022-09-13
2022-09-13 08:00:00,109.955000,109.965000,109.630000,109.630000,4,2022-09-13
2022-09-13 12:00:00,109.650000,109.815000,109.600000,109.605000,4,2022-09-13
2022-09-13 16:00:00,109.620000,109.765000,109.460000,109.645000,4,2022-09-13
2022-09-13 20:00:00,109.650000,110.525000,108.920000,110.150000,4,2022-09-14
2022-09-14 00:00:00,110.135000,110.175000,109.740000,109.930000,4,2022-09-14
2022-09-14 04:00:00,109.940000,109.980000,109.665000,109.865000,4,2022-09-14
2022-09-14 08:00:00,109.860000,110.000000,109.430000,109.745000,4,2022-09-14
2022-09-14 12:00:00,109.760000,109.795000,109.084999,109.130000,4,2022-09-14
2022-09-14 16:00:00,109.110000,109.155000,108.610000,108.705000,4,2022-09-14
2022-09-14 20:00:00,108.765000,108.845000,108.270000,108.495000,4,2022-09-15
2022-09-15 00:00:00,108.500000,108.840000,108.295000,108.730000,4,2022-09-15
2022-09-15 04:00:00,108.720000,108.795000,108.535000,108.755000,4,2022-09-15
2022-09-15 08:00:00,108.760000,108.795000,108.510000,108.670000,4,2022-09-15
2022-09-15 12:00:00,108.670000,109.029999,108.670000,108.945000,4,2022-09-15
2022-09-15 16:00:00,108.930000,109.180000,108.815000,108.850000,4,2022-09-15
2022-09-15 20:00:00,108.845000,109.010002,108.580000,108.735000,4,2022-09-16
2022-09-16 00:00:00,108.745000,108.825000,108.520000,108.610000,4,2022-09-16
2022-09-16 04:00:00,108.610000,108.610000,108.385000,108.455000,4,2022-09-16
2022-09-16 08:00:00,108.460000,108.480000,107.940000,108.150000,4,2022-09-16
2022-09-16 12:00:00,108.150000,108.425000,108.140000,108.290000,4,2022-09-16
2022-09-16 16:00:00,108.290000,108.330000,107.800000,107.890000,4,2022-09-16
2022-09-16 20:00:00,107.890000,107.970000,107.840000,107.950000,1,2022-09-16
2022-09-19 04:00:00,107.735000,107.795000,107.700000,107.745000,1,2022-09-19
2022-09-19 08:00:00,107.765000,107.905000,107.615000,107.900000,4,2022-09-19
2022-09-19 12:00:00,107.900000,107.915000,107.700000,107.755000,4,2022-09-19
2022-09-19 16:00:00,107.765000,107.860000,107.650000,107.730000,4,2022-09-19
2022-09-19 20:00:00,107.730000,107.940000,107.475000,107.795000,4,2022-09-20
2022-09-20 00:00:00,107.795000,108.050003,107.710000,107.970000,4,2022-09-20
2022-09-20 04:00:00,107.975000,108.115000,107.920000,108.099998,4,2022-09-20
2022-09-20 08:00:00,108.095001,108.185000,107.870000,108.019997,4,2022-09-20
2022-09-20 12:00:00,108.000000,108.160000,107.970000,108.099998,4,2022-09-20
2022-09-20 16:00:00,108.115000,108.335000,108.055000,108.099998,4,2022-09-20
2022-09-20 20:00:00,108.099998,108.150000,107.760000,107.780000,4,2022-09-21
2022-09-21 00:00:00,107.770000,107.805000,107.410000,107.410000,4,2022-09-21
2022-09-21 04:00:00,107.410000,107.590000,107.410000,107.550000,4,2022-09-21
2022-09-21 08:00:00,107.510000,107.575000,107.365000,107.450000,4,2022-09-21
2022-09-21 12:00:00,107.445000,107.770000,107.440000,107.635000,4,2022-09-21
2022-09-21 16:00:00,107.630000,107.710000,107.130000,107.650000,4,2022-09-21
2022-09-21 20:00:00,107.670000,107.805000,107.495000,107.525000,4,2022-09-22
2022-09-22 00:00:00,107.545000,107.780000,107.400000,107.780000,4,2022-09-22
2022-09-22 04:00:00,107.780000,107.780000,106.940000,107.044998,4,2022-09-22
2022-09-22 08:00:00,107.050003,107.220000,106.695000,106.865000,4,2022-09-22
2022-09-22 12:00:00,106.855000,107.495000,106.800000,107.255000,4,2022-09-22
2022-09-22 16:00:00,107.240000,108.155000,104.855000,106.210000,4,2022-09-22
2022-09-22 20:00:00,106.205000,106.205000,104.580000,105.105000,4,2022-09-23
2022-09-23 00:00:00,105.099998,105.655000,104.785000,105.570000,4,2022-09-23
2022-09-23 04:00:00,105.570000,105.675000,105.415000,105.550000,4,2022-09-23
2022-09-23 08:00:00,105.590000,105.740000,105.250000,105.505000,4,2022-09-23
2022-09-23 12:00:00,105.490000,105.545000,105.285000,105.400000,4,2022-09-23
2022-09-23 16:00:00,105.415000,105.795000,105.160000,105.385000,4,2022-09-23
2022-09-23 20:00:00,105.420000,105.725000,105.420000,105.650000,1,2022-09-23
2022-09-26 04:00:00,105.380000,105.575000,105.375000,105.505000,1,2022-09-26
2022-09-26 08:00:00,105.365000,106.055000,105.325000,105.715000,4,2022-09-26
2022-09-26 12:00:00,105.725000,105.850000,105.450000,105.575000,4,2022-09-26
2022-09-26 16:00:00,105.590000,105.915000,105.515000,105.580000,4,2022-09-26
2022-09-26 20:00:00,105.590000,105.785000,105.250000,105.745000,4,2022-09-27
2022-09-27 00:00:00,105.740000,105.775000,104.705000,105.110000,4,2022-09-27
2022-09-27 04:00:00,105.115000,105.400000,105.070000,105.325000,4,2022-09-27
2022-09-27 08:00:00,105.355000,105.570000,105.260000,105.550000,4,2022-09-27
2022-09-27 12:00:00,105.540000,105.715000,105.355000,105.665000,4,2022-09-27
2022-09-27 16:00:00,105.670000,105.795000,105.305000,105.315000,4,2022-09-27
2022-09-27 20:00:00,105.310000,105.710000,105.280000,105.625000,4,2022-09-28
2022-09-28 00:00:00,105.630000,105.710000,105.130000,105.510000,4,2022-09-28
2022-09-28 04:00:00,105.525000,105.625000,105.395000,105.515000,4,2022-09-28
2022-09-28 08:00:00,105.520000,105.555000,104.990000,105.130000,4,2022-09-28
2022-09-28 12:00:00,105.135000,105.170000,104.945000,105.019997,4,2022-09-28
2022-09-28 16:00:00,105.014999,105.155000,104.650000,104.875000,4,2022-09-28
2022-09-28 20:00:00,104.875000,105.715000,104.825000,105.535000,4,2022-09-29
2022-09-29 00:00:00,105.530000,105.885000,105.450000,105.885000,4,2022-09-29
2022-09-29 04:00:00,105.890000,105.970000,105.715000,105.905000,4,2022-09-29
2022-09-29 08:00:00,105.920000,106.004997,105.645000,105.670000,4,2022-09-29
2022-09-29 12:00:00,105.680000,105.870000,105.560000,105.635000,4,2022-09-29
2022-09-29 16:00:00,105.630000,105.695000,105.210000,105.650000,4,2022-09-29
2022-09-29 20:00:00,105.655000,105.895000,105.400000,105.440000,4,2022-09-30
2022-09-30 00:00:00,105.435000,105.590000,105.145000,105.325000,4,2022-09-30
2022-09-30 04:00:00,105.330000,105.645000,105.235000,105.615000,4,2022-09-30
2022-09-30 08:00:00,105.570000,105.795000,105.535000,105.670000,4,2022-09-30
2022-09-30 12:00:00,105.650000,105.705000,105.350000,105.460000,4,2022-09-30
2022-09-30 16:00:00,105.480000,105.655000,105.370000,105.480000,4,2022-09-30
2022-09-30 20:00:00,105.455000,105.520000,105.315000,105.350000,1,2022-09-30
2022-10-03 04:00:00,104.520000,104.565000,104.515000,104.530000,1,2022-10-03
2022-10-03 08:00:00,104.620000,105.145000,104.590000,104.945000,4,2022-10-03
2022-10-03 12:00:00,104.945000,105.420000,104.945000,105.260000,4,2022-10-03
2022-10-03 16:00:00,105.230000,105.555000,105.175000,105.500000,4,2022-10-03
2022-10-03 20:00:00,105.480000,105.810000,105.310000,105.735000,4,2022-10-04
2022-10-04 00:00:00,105.745000,105.975000,105.600000,105.895000,4,2022-10-04
2022-10-04 04:00:00,105.895000,106.230000,105.850000,106.110000,4,2022-10-04
2022-10-04 08:00:00,106.105000,106.170000,105.925000,106.115000,4,2022-10-04
2022-10-04 12:00:00,106.110000,106.465000,106.065002,106.420000,4,2022-10-04
2022-10-04 16:00:00,106.415000,106.605000,106.265000,106.315000,4,2022-10-04
2022-10-04 20:00:00,106.310000,106.335000,105.965000,106.070000,4,2022-10-05
2022-10-05 00:00:00,106.055000,106.560000,105.975000,106.370000,4,2022-10-05
2022-10-05 04:00:00,106.380000,106.730000,106.330000,106.690000,4,2022-10-05
2022-10-05 08:00:00,106.665000,106.765000,106.250000,106.360000,4,2022-10-05
2022-10-05 12:00:00,106.370000,106.655000,106.345000,106.475000,4,2022-10-05
2022-10-05 16:00:00,106.480000,106.765000,106.295000,106.425000,4,2022-10-05
2022-10-05 20:00:00,106.445000,106.475000,106.004997,106.099998,4,2022-10-06
2022-10-06 00:00:00,106.089996,106.205000,105.705000,106.070000,4,2022-10-06
2022-10-06 04:00:00,106.059998,106.275000,106.035004,106.230000,4,2022-10-06
2022-10-06 08:00:00,106.235000,106.410000,106.099998,106.375000,4,2022-10-06
2022-10-06 12:00:00,106.365000,106.530000,106.315000,106.485000,4,2022-10-06
2022-10-06 16:00:00,106.495000,106.510000,105.935000,105.950000,4,2022-10-06
2022-10-06 20:00:00,105.935000,106.055000,105.770000,105.840000,4,2022-10-07
2022-10-07 00:00:00,105.835000,105.840000,105.460000,105.540000,4,2022-10-07
2022-10-07 04:00:00,105.540000,105.610000,105.450000,105.570000,4,2022-10-07
2022-10-07 08:00:00,105.560000,105.610000,105.405000,105.445000,4,2022-10-07
2022-10-07 12:00:00,105.445000,105.625000,105.420000,105.475000,4,2022-10-07
2022-10-07 16:00:00,105.475000,105.635000,105.390000,105.520000,4,2022-10-07
2022-10-07 20:00:00,105.525000,105.695000,105.525000,105.690000,1,2022-10-07
2022-10-10 04:00:00,105.905000,105.950000,105.890000,105.895000,1,2022-10-10
2022-10-10 08:00:00,105.840000,106.014999,105.705000,105.965000,4,2022-10-10
2022-10-10 12:00:00,105.950000,105.995000,105.860000,105.930000,4,2022-10-10
2022-10-10 16:00:00,105.905000,105.935000,105.675000,105.855000,4,2022-10-10
2022-10-10 20:00:00,105.860000,106.215000,105.845000,106.150000,4,2022-10-11
2022-10-11 00:00:00,106.160000,106.185000,105.835000,105.845000,4,2022-10-11
2022-10-11 04:00:00,105.840000,106.000000,105.740000,105.760000,4,2022-10-11
2022-10-11 08:00:00,105.725000,105.810000,105.605000,105.735000,4,2022-10-11
2022-10-11 12:00:00,105.730000,105.805000,105.250000,105.295000,4,2022-10-11
2022-10-11 16:00:00,105.300000,105.410000,105.105000,105.285000,4,2022-10-11
2022-10-11 20:00:00,105.275000,105.790000,105.235000,105.725000,4,2022-10-12
2022-10-12 00:00:00,105.720000,106.099998,105.340000,105.935000,4,2022-10-12
2022-10-12 04:00:00,105.945000,106.115000,105.545000,105.710000,4,2022-10-12
2022-10-12 08:00:00,105.705000,106.014999,105.630000,105.970000,4,2022-10-12
2022-10-12 12:00:00,105.970000,106.004997,105.770000,105.945000,4,2022-10-12
2022-10-12 16:00:00,105.925000,106.155000,105.765000,106.080002,4,2022-10-12
2022-10-12 20:00:00,106.059998,106.400000,106.059998,106.270000,4,2022-10-13
2022-10-13 00:00:00,106.260000,106.690000,106.180000,106.435000,4,2022-10-13
2022-10-13 04:00:00,106.415000,106.505000,106.225000,106.315000,4,2022-10-13
2022-10-13 08:00:00,106.340000,106.375000,106.145000,106.310000,4,2022-10-13
2022-10-13 12:00:00,106.310000,106.355000,106.170000,106.240000,4,2022-10-13
2022-10-13 16:00:00,106.235000,106.365000,106.099998,106.350000,4,2022-10-13
2022-10-13 20:00:00,106.380000,106.435000,105.510000,105.785000,4,2022-10-14
2022-10-14 00:00:00,105.760000,107.105000,105.080002,106.995000,4,2022-10-14
2022-10-14 04:00:00,106.995000,107.255000,106.975000,107.019997,4,2022-10-14
2022-10-14 08:00:00,107.050003,107.210000,106.960000,107.040001,4,2022-10-14
2022-10-14 12:00:00,107.055000,107.500000,107.025002,107.415000,4,2022-10-14
2022-10-14 16:00:00,107.415000,107.585000,107.029999,107.120000,4,2022-10-14
2022-10-14 20:00:00,107.145000,107.165000,106.950000,107.059998,1,2022-10-14
2022-10-17 04:00:00,107.004997,107.105000,107.000000,107.010002,1,2022-10-17
2022-10-17 08:00:00,107.025002,107.335000,106.960000,107.205000,4,2022-10-17
2022-10-17 12:00:00,107.220000,107.575000,107.200000,107.570000,4,2022-10-17
2022-10-17 16:00:00,107.570000,107.700000,107.455000,107.545000,4,2022-10-17
2022-10-17 20:00:00,107.555000,108.105000,107.520000,108.080002,4,2022-10-18
2022-10-18 00:00:00,108.080002,108.575000,108.050003,108.535000,4,2022-10-18
2022-10-18 04:00:00,108.545000,108.685000,108.440000,108.665000,4,2022-10-18
2022-10-18 08:00:00,108.690000,108.705000,108.445000,108.445000,4,2022-10-18
2022-10-18 12:00:00,108.455000,108.940000,108.350000,108.825000,4,2022-10-18
2022-10-18 16:00:00,108.840000,108.890000,108.490000,108.555000,4,2022-10-18
2022-10-18 20:00:00,108.550000,108.755000,108.155000,108.715000,4,2022-10-19
2022-10-19 00:00:00,108.720000,108.775000,108.065002,108.265000,4,2022-10-19
2022-10-19 04:00:00,108.260000,108.670000,108.170000,108.655000,4,2022-10-19
2022-10-19 08:00:00,108.645000,108.740000,108.555000,108.675000,4,2022-10-19
2022-10-19 12:00:00,108.660000,108.715000,108.520000,108.590000,4,2022-10-19
2022-10-19 16:00:00,108.575000,108.690000,108.405000,108.530000,4,2022-10-19
2022-10-19 20:00:00,108.545000,108.900000,108.455000,108.790000,4,2022-10-20
2022-10-20 00:00:00,108.785000,108.955000,108.455000,108.645000,4,2022-10-20
2022-10-20 04:00:00,108.635000,108.940000,108.535000,108.920000,4,2022-10-20
2022-10-20 08:00:00,108.890000,108.935000,108.735000,108.850000,4,2022-10-20
2022-10-20 12:00:00,108.845000,108.890000,108.580000,108.825000,4,2022-10-20
2022-10-20 16:00:00,108.850000,109.040001,108.810000,108.940000,4,2022-10-20
2022-10-20 20:00:00,108.950000,109.310000,108.925000,109.190000,4,2022-10-21
2022-10-21 00:00:00,109.210000,109.670000,109.110000,109.245000,4,2022-10-21
2022-10-21 04:00:00,109.250000,109.260000,108.920000,109.074997,4,2022-10-21
2022-10-21 08:00:00,109.070000,109.084999,108.920000,108.965000,4,2022-10-21
2022-10-21 12:00:00,108.970000,109.130000,108.915000,109.110000,4,2022-10-21
2022-10-21 16:00:00,109.120000,109.240000,108.985000,109.190000,4,2022-10-21
2022-10-21 20:00:00,109.195000,109.320000,109.125000,109.295000,1,2022-10-21
2022-10-24 04:00:00,108.150000,108.170000,108.140000,108.170000,1,2022-10-24
2022-10-24 08:00:00,108.160000,109.565000,106.895000,108.790000,4,2022-10-24
2022-10-24 12:00:00,108.795000,108.985000,108.640000,108.860000,4,2022-10-24
2022-10-24 16:00:00,108.855000,109.025002,108.610000,108.755000,4,2022-10-24
2022-10-24 20:00:00,108.755000,108.975000,108.430000,108.680000,4,2022-10-25
2022-10-25 00:00:00,108.680000,108.820000,108.215000,108.600000,4,2022-10-25
2022-10-25 04:00:00,108.600000,108.775000,108.350000,108.700000,4,2022-10-25
2022-10-25 08:00:00,108.705000,108.860000,108.530000,108.840000,4,2022-10-25
2022-10-25 12:00:00,108.840000,108.870000,108.585000,108.645000,4,2022-10-25
2022-10-25 16:00:00,108.640000,108.730000,108.485000,108.510000,4,2022-10-25
2022-10-25 20:00:00,108.510000,108.570000,108.330000,108.540000,4,2022-10-26
2022-10-26 00:00:00,108.550000,108.700000,108.290000,108.575000,4,2022-10-26
2022-10-26 04:00:00,108.570000,108.760000,108.505000,108.705000,4,2022-10-26
2022-10-26 08:00:00,108.715000,108.915000,108.605000,108.635000,4,2022-10-26
2022-10-26 12:00:00,108.635000,109.029999,108.635000,108.990000,4,2022-10-26
2022-10-26 16:00:00,108.985000,109.010002,108.455000,108.730000,4,2022-10-26
2022-10-26 20:00:00,108.740000,108.740000,108.460000,108.590000,4,2022-10-27
2022-10-27 00:00:00,108.575000,108.605000,107.400000,107.960000,4,2022-10-27
2022-10-27 04:00:00,107.970000,108.040001,107.755000,107.985000,4,2022-10-27
2022-10-27 08:00:00,107.995000,108.029999,107.670000,107.670000,4,2022-10-27
2022-10-27 12:00:00,107.665000,107.845000,107.600000,107.620000,4,2022-10-27
2022-10-27 16:00:00,107.630000,107.655000,107.105000,107.485000,4,2022-10-27
2022-10-27 20:00:00,107.465000,108.014999,107.460000,107.890000,4,2022-10-28
2022-10-28 00:00:00,107.895000,108.084999,107.740000,107.935000,4,2022-10-28
2022-10-28 04:00:00,107.925000,108.004997,107.635000,107.840000,4,2022-10-28
2022-10-28 08:00:00,107.850000,108.120000,107.700000,108.110000,4,2022-10-28
2022-10-28 12:00:00,108.105000,108.455000,107.930000,108.059998,4,2022-10-28
2022-10-28 16:00:00,108.070000,108.455000,107.795000,108.360000,4,2022-10-28
2022-10-28 20:00:00,108.370000,108.535000,108.285000,108.480000,1,2022-10-28
2022-10-31 08:00:00,108.310000,108.915000,108.300000,108.870000,4,2022-10-31
2022-10-31 12:00:00,108.855000,108.900000,108.635000,108.670000,4,2022-10-31
2022-10-31 16:00:00,108.675000,108.690000,108.450000,108.635000,4,2022-10-31
2022-10-31 20:00:00,108.640000,108.950000,108.625000,108.770000,4,2022-11-01
2022-11-01 00:00:00,108.775000,109.070000,108.670000,108.920000,4,2022-11-01
2022-11-01 04:00:00,108.925000,109.225000,108.840000,109.145000,4,2022-11-01
2022-11-01 08:00:00,109.165000,109.290000,109.095001,109.235000,4,2022-11-01
2022-11-01 12:00:00,109.235000,109.295000,108.940000,109.260000,4,2022-11-01
2022-11-01 16:00:00,109.245000,109.310000,108.835000,108.860000,4,2022-11-01
2022-11-01 20:00:00,108.840000,108.945000,108.545000,108.575000,4,2022-11-02
2022-11-02 00:00:00,108.575000,108.755000,108.325000,108.525000,4,2022-11-02
2022-11-02 04:00:00,108.525000,108.885000,108.515000,108.780000,4,2022-11-02
2022-11-02 08:00:00,108.795000,108.820000,108.125000,108.125000,4,2022-11-02
2022-11-02 12:00:00,108.125000,108.545000,108.074997,108.520000,4,2022-11-02
2022-11-02 16:00:00,108.510000,108.555000,108.165000,108.280000,4,2022-11-02
2022-11-02 20:00:00,108.260000,108.320000,107.950000,108.145000,4,2022-11-03
2022-11-03 00:00:00,108.140000,108.185000,107.625000,107.850000,4,2022-11-03
2022-11-03 04:00:00,107.850000,108.080002,107.340000,107.890000,4,2022-11-03
2022-11-03 08:00:00,107.875000,107.935000,107.475000,107.495000,4,2022-11-03
2022-11-03 12:00:00,107.520000,107.660000,107.435000,107.575000,4,2022-11-03
2022-11-03 16:00:00,107.565000,107.770000,107.560000,107.700000,4,2022-11-03
2022-11-03 20:00:00,107.675000,107.795000,107.445000,107.600000,4,2022-11-04
2022-11-04 00:00:00,107.585000,108.040001,107.165000,107.960000,4,2022-11-04
2022-11-04 04:00:00,107.965000,108.029999,107.830000,107.870000,4,2022-11-04
2022-11-04 08:00:00,107.870000,108.019997,107.690000,107.865000,4,2022-11-04
2022-11-04 12:00:00,107.870000,108.200000,107.730000,108.140000,4,2022-11-04
2022-11-04 16:00:00,108.150000,108.430000,108.105000,108.220000,4,2022-11-04
2022-11-04 20:00:00,108.215000,108.360000,108.195000,108.310000,1,2022-11-04
2022-11-07 04:00:00,108.315000,108.770000,108.255000,108.735000,1,2022-11-07
2022-11-07 08:00:00,108.750000,108.830000,108.500000,108.710000,4,2022-11-07
2022-11-07 12:00:00,108.730000,108.925000,108.595000,108.815000,4,2022-11-07
2022-11-07 16:00:00,108.820000,108.970000,108.750000,108.930000,4,2022-11-07
2022-11-07 20:00:00,108.905000,108.975000,108.620000,108.730000,4,2022-11-08
2022-11-08 00:00:00,108.715000,108.750000,108.240000,108.640000,4,2022-11-08
2022-11-08 04:00:00,108.645000,108.730000,108.485000,108.670000,4,2022-11-08
2022-11-08 08:00:00,108.660000,108.715000,108.560000,108.670000,4,2022-11-08
2022-11-08 12:00:00,108.660000,108.735000,108.470000,108.580000,4,2022-11-08
2022-11-08 16:00:00,108.585000,108.705000,108.475000,108.525000,4,2022-11-08
2022-11-08 20:00:00,108.520000,108.595000,108.270000,108.470000,4,2022-11-09
2022-11-09 00:00:00,108.470000,108.595000,108.115000,108.585000,4,2022-11-09
2022-11-09 04:00:00,108.580000,108.680000,108.120000,108.425000,4,2022-11-09
2022-11-09 08:00:00,108.405000,108.520000,108.175000,108.435000,4,2022-11-09
2022-11-09 12:00:00,108.445000,108.515000,108.165000,108.320000,4,2022-11-09
2022-11-09 16:00:00,108.315000,108.525000,108.235000,108.340000,4,2022-11-09
2022-11-09 20:00:00,108.330000,108.505000,108.265000,108.455000,4,2022-11-10
2022-11-10 00:00:00,108.450000,108.925000,108.410000,108.640000,4,2022-11-10
2022-11-10 04:00:00,108.670000,108.670000,108.220000,108.285000,4,2022-11-10
2022-11-10 08:00:00,108.295000,108.325000,108.050003,108.135000,4,2022-11-10
2022-11-10 12:00:00,108.135000,108.220000,107.905000,108.040001,4,2022-11-10
2022-11-10 16:00:00,108.035004,108.215000,107.955000,108.084999,4,2022-11-10
2022-11-10 20:00:00,108.074997,108.225000,107.925000,108.019997,4,2022-11-11
2022-11-11 00:00:00,108.025002,108.565000,106.029999,106.115000,4,2022-11-11
2022-11-11 04:00:00,106.105000,106.295000,105.890000,105.985000,4,2022-11-11
2022-11-11 08:00:00,105.985000,106.450000,105.335000,106.300000,4,2022-11-11
2022-11-11 12:00:00,106.310000,106.720000,106.300000,106.355000,4,2022-11-11
2022-11-11 16:00:00,106.370000,106.495000,105.790000,105.820000,4,2022-11-11
2022-11-11 20:00:00,105.805000,105.815000,104.425000,104.985000,2,2022-11-11
2022-11-14 04:00:00,104.470000,104.545000,104.455000,104.475000,1,2022-11-14
2022-11-14 08:00:00,104.455000,105.350000,104.350000,105.050003,4,2022-11-14
2022-11-14 12:00:00,105.044998,105.140000,104.755000,105.055000,4,2022-11-14
2022-11-14 16:00:00,105.055000,105.430000,104.890000,105.395000,4,2022-11-14
2022-11-14 20:00:00,105.395000,105.865000,105.360000,105.505000,4,2022-11-15
2022-11-15 00:00:00,105.485000,105.935000,105.485000,105.610000,4,2022-11-15
2022-11-15 04:00:00,105.620000,105.620000,104.905000,104.925000,4,2022-11-15
2022-11-15 08:00:00,104.950000,105.450000,104.950000,105.350000,4,2022-11-15
2022-11-15 12:00:00,105.355000,105.650000,105.270000,105.470000,4,2022-11-15
2022-11-15 16:00:00,105.460000,105.660000,105.010002,105.205000,4,2022-11-15
2022-11-15 20:00:00,105.200000,105.200000,104.710000,104.850000,4,2022-11-16
2022-11-16 00:00:00,104.840000,105.014999,104.110000,104.945000,4,2022-11-16
2022-11-16 04:00:00,104.950000,105.014999,104.500000,104.770000,4,2022-11-16
2022-11-16 08:00:00,104.800000,104.975000,104.525000,104.855000,4,2022-11-16
2022-11-16 12:00:00,104.855000,105.490000,104.855000,105.295000,4,2022-11-16
2022-11-16 16:00:00,105.300000,105.445000,105.099998,105.320000,4,2022-11-16
2022-11-16 20:00:00,105.300000,105.395000,105.035004,105.210000,4,2022-11-17
2022-11-17 00:00:00,105.190000,105.510000,104.600000,104.605000,4,2022-11-17
2022-11-17 04:00:00,104.625000,104.755000,104.500000,104.600000,4,2022-11-17
2022-11-17 08:00:00,104.600000,104.720000,104.555000,104.600000,3,2022-11-17
2022-11-17 12:00:00,104.605000,104.640000,104.440000,104.460000,4,2022-11-17
2022-11-17 16:00:00,104.460000,104.675000,104.365000,104.530000,4,2022-11-17
2022-11-17 20:00:00,104.540000,104.840000,104.515000,104.805000,4,2022-11-18
2022-11-18 00:00:00,104.810000,105.370000,104.640000,105.270000,4,2022-11-18
2022-11-18 04:00:00,105.260000,105.320000,105.095001,105.215000,4,2022-11-18
2022-11-18 08:00:00,105.215000,105.275000,105.165000,105.270000,2,2022-11-18
2022-11-18 12:00:00,105.074997,105.140000,104.960000,104.990000,2,2022-11-18
2022-11-18 16:00:00,104.990000,105.150000,104.875000,105.074997,4,2022-11-18
2022-11-18 20:00:00,105.059998,105.140000,104.830000,104.855000,2,2022-11-18
2022-11-21 04:00:00,104.810000,104.875000,104.810000,104.875000,1,2022-11-21
2022-11-21 08:00:00,104.910000,104.965000,104.730000,104.765000,4,2022-11-21
2022-11-21 12:00:00,104.750000,104.770000,104.600000,104.685000,4,2022-11-21
2022-11-21 16:00:00,104.685000,105.195000,104.620000,105.150000,4,2022-11-21
2022-11-21 20:00:00,105.150000,105.780000,105.095001,105.660000,4,2022-11-22
2022-11-22 00:00:00,105.665000,105.685000,105.055000,105.280000,4,2022-11-22
2022-11-22 04:00:00,105.285000,105.825000,105.285000,105.600000,4,2022-11-22
2022-11-22 08:00:00,105.610000,105.770000,105.580000,105.660000,4,2022-11-22
2022-11-22 12:00:00,105.650000,105.720000,105.475000,105.530000,4,2022-11-22
2022-11-22 16:00:00,105.525000,105.745000,105.505000,105.625000,4,2022-11-22
2022-11-22 20:00:00,105.615000,105.635000,105.385000,105.475000,4,2022-11-23
2022-11-23 00:00:00,105.475000,105.585000,105.340000,105.445000,4,2022-11-23
2022-11-23 04:00:00,105.435000,105.605000,105.435000,105.600000,4,2022-11-23
2022-11-23 08:00:00,105.580000,105.645000,105.495000,105.580000,4,2022-11-23
2022-11-23 12:00:00,105.570000,105.725000,105.565000,105.645000,4,2022-11-23
2022-11-23 16:00:00,105.650000,105.735000,105.505000,105.625000,4,2022-11-23
2022-11-23 20:00:00,105.630000,105.705000,105.220000,105.320000,4,2022-11-24
2022-11-24 00:00:00,105.310000,105.335000,104.095001,104.170000,4,2022-11-24
2022-11-24 04:00:00,104.175000,104.500000,104.160000,104.465000,4,2022-11-24
2022-11-24 08:00:00,104.465000,104.580000,104.175000,104.240000,4,2022-11-24
2022-11-24 12:00:00,104.235000,104.255000,103.970000,104.074997,4,2022-11-24
2022-11-24 16:00:00,104.074997,104.200000,103.885000,104.040001,4,2022-11-24
2022-11-24 20:00:00,104.025002,104.025002,103.420000,103.570000,4,2022-11-25
2022-11-25 00:00:00,103.565000,103.870000,103.475000,103.830000,4,2022-11-25
2022-11-25 04:00:00,103.845000,103.900000,103.740000,103.850000,4,2022-11-25
2022-11-25 08:00:00,103.855000,104.170000,103.815000,104.135000,4,2022-11-25
2022-11-25 12:00:00,104.125000,104.190000,103.900000,103.945000,4,2022-11-25
2022-11-25 16:00:00,103.940000,104.070000,103.860000,104.000000,3,2022-11-25
2022-11-25 20:00:00,104.004997,104.450000,103.970000,104.430000,2,2022-11-25
2022-11-28 04:00:00,104.004997,104.029999,103.985000,104.000000,1,2022-11-28
2022-11-28 08:00:00,104.010002,104.059998,103.615000,103.675000,4,2022-11-28
2022-11-28 12:00:00,103.670000,103.690000,102.865000,103.044998,4,2022-11-28
2022-11-28 16:00:00,103.050003,103.059998,102.350000,102.495000,4,2022-11-28
2022-11-28 20:00:00,102.485000,102.975000,102.325000,102.910000,4,2022-11-29
2022-11-29 00:00:00,102.905000,103.370000,102.850000,103.220000,4,2022-11-29
2022-11-29 04:00:00,103.230000,103.395000,102.860000,102.895000,4,2022-11-29
2022-11-29 08:00:00,102.885000,103.010002,102.735000,102.890000,4,2022-11-29
2022-11-29 12:00:00,102.905000,103.295000,102.890000,103.105000,4,2022-11-29
2022-11-29 16:00:00,103.105000,103.290000,102.845000,102.930000,4,2022-11-29
2022-11-29 20:00:00,102.935000,103.010002,102.335000,102.365000,4,2022-11-30
2022-11-30 00:00:00,102.365000,102.485000,101.360000,101.390000,4,2022-11-30
2022-11-30 04:00:00,101.410000,102.180000,101.370000,102.145000,4,2022-11-30
2022-11-30 08:00:00,102.160000,102.275000,102.035004,102.055000,4,2022-11-30
2022-11-30 12:00:00,102.055000,102.295000,101.960000,102.110000,4,2022-11-30
2022-11-30 16:00:00,102.105000,102.340000,101.970000,102.335000,4,2022-11-30
2022-11-30 20:00:00,102.330000,102.750000,102.330000,102.740000,4,2022-12-01
2022-12-01 00:00:00,102.740000,103.490000,102.700000,102.895000,4,2022-12-01
2022-12-01 04:00:00,102.910000,103.044998,102.475000,102.655000,4,2022-12-01
2022-12-01 08:00:00,102.660000,102.975000,101.955000,101.990000,4,2022-12-01
2022-12-01 12:00:00,101.990000,102.074997,101.770000,101.870000,4,2022-12-01
2022-12-01 16:00:00,101.880000,101.905000,101.395000,101.620000,4,2022-12-01
2022-12-01 20:00:00,101.615000,101.740000,101.280000,101.390000,4,2022-12-02
2022-12-02 00:00:00,101.405000,101.515000,100.920000,100.960000,4,2022-12-02
2022-12-02 04:00:00,100.950000,101.014999,100.560000,100.750000,4,2022-12-02
2022-12-02 08:00:00,100.740000,100.830000,100.550000,100.790000,4,2022-12-02
2022-12-02 12:00:00,100.770000,100.770000,100.435000,100.545000,4,2022-12-02
2022-12-02 16:00:00,100.555000,100.655000,99.500000,99.555000,4,2022-12-02
2022-12-02 20:00:00,99.560000,99.905000,99.490000,99.760000,2,2022-12-02
2022-12-05 04:00:00,99.820000,99.820000,99.785000,99.785000,1,2022-12-05
2022-12-05 08:00:00,99.790000,100.235000,99.755000,100.120000,4,2022-12-05
2022-12-05 12:00:00,100.125000,100.405000,99.945000,100.230000,4,2022-12-05
2022-12-05 16:00:00,100.225000,100.825000,100.215000,100.745000,4,2022-12-05
2022-12-05 20:00:00,100.735000,100.920000,100.650000,100.755000,4,2022-12-06
2022-12-06 00:00:00,100.755000,101.125000,100.580000,100.630000,4,2022-12-06
2022-12-06 04:00:00,100.625000,100.700000,100.470000,100.610000,4,2022-12-06
2022-12-06 08:00:00,100.615000,100.690000,100.365000,100.470000,4,2022-12-06
2022-12-06 12:00:00,100.480000,100.980000,100.425000,100.685000,4,2022-12-06
2022-12-06 16:00:00,100.675000,101.044998,100.365000,100.405000,4,2022-12-06
2022-12-06 20:00:00,100.400000,100.585000,99.855000,99.920000,4,2022-12-07
2022-12-07 00:00:00,99.935000,100.275000,99.895000,100.105000,4,2022-12-07
2022-12-07 04:00:00,100.105000,100.375000,100.070000,100.325000,4,2022-12-07
2022-12-07 08:00:00,100.310000,100.545000,100.230000,100.475000,4,2022-12-07
2022-12-07 12:00:00,100.460000,100.735000,100.345000,100.700000,4,2022-12-07
2022-12-07 16:00:00,100.695000,100.950000,100.485000,100.570000,4,2022-12-07
2022-12-07 20:00:00,100.570000,100.640000,100.355000,100.385000,4,2022-12-08
2022-12-08 00:00:00,100.350000,100.615000,99.925000,100.135000,4,2022-12-08
2022-12-08 04:00:00,100.125000,100.150000,99.840000,99.955000,4,2022-12-08
2022-12-08 08:00:00,99.955000,100.125000,99.805000,99.905000,4,2022-12-08
2022-12-08 12:00:00,99.915000,100.270000,99.845000,100.135000,4,2022-12-08
2022-12-08 16:00:00,100.125000,100.270000,99.985000,99.985000,4,2022-12-08
2022-12-08 20:00:00,99.985000,100.495000,99.955000,100.380000,4,2022-12-09
2022-12-09 00:00:00,100.385000,100.725000,100.335000,100.525000,4,2022-12-09
2022-12-09 04:00:00,100.515000,100.710000,100.440000,100.620000,4,2022-12-09
2022-12-09 08:00:00,100.625000,100.630000,100.450000,100.485000,4,2022-12-09
2022-12-09 12:00:00,100.500000,100.500000,99.935000,100.089996,4,2022-12-09
2022-12-09 16:00:00,100.084999,100.325000,99.920000,99.930000,4,2022-12-09
2022-12-09 20:00:00,99.920000,99.995000,99.725000,99.870000,2,2022-12-09
2022-12-12 04:00:00,100.230000,100.270000,100.185000,100.250000,1,2022-12-12
2022-12-12 08:00:00,100.260000,100.260000,100.040001,100.130000,4,2022-12-12
2022-12-12 12:00:00,100.130000,100.295000,100.055000,100.280000,4,2022-12-12
2022-12-12 16:00:00,100.280000,100.405000,100.145000,100.160000,4,2022-12-12
2022-12-12 20:00:00,100.165000,100.380000,99.995000,100.370000,4,2022-12-13
2022-12-13 00:00:00,100.370000,100.725000,100.190000,100.680000,4,2022-12-13
2022-12-13 04:00:00,100.680000,101.115000,100.650000,101.074997,4,2022-12-13
2022-12-13 08:00:00,101.074997,101.130000,100.845000,101.095001,4,2022-12-13
2022-12-13 12:00:00,101.105000,101.175000,100.880000,101.004997,4,2022-12-13
2022-12-13 16:00:00,101.029999,101.200000,100.860000,101.074997,4,2022-12-13
2022-12-13 20:00:00,101.084999,101.175000,100.905000,101.004997,4,2022-12-14
2022-12-14 00:00:00,100.995000,101.420000,99.480000,99.875000,4,2022-12-14
2022-12-14 04:00:00,99.895000,100.120000,99.825000,100.044998,4,2022-12-14
2022-12-14 08:00:00,100.055000,100.140000,99.775000,99.835000,4,2022-12-14
2022-12-14 12:00:00,99.815000,100.025002,99.765000,99.915000,4,2022-12-14
2022-12-14 16:00:00,99.910000,100.080002,99.755000,99.875000,4,2022-12-14
2022-12-14 20:00:00,99.875000,99.965000,99.310000,99.520000,4,2022-12-15
2022-12-15 00:00:00,99.530000,99.630000,99.315000,99.480000,4,2022-12-15
2022-12-15 04:00:00,99.470000,100.059998,99.445000,99.805000,4,2022-12-15
2022-12-15 08:00:00,99.785000,100.050003,99.785000,99.930000,4,2022-12-15
2022-12-15 12:00:00,99.920000,100.025002,99.750000,100.025002,4,2022-12-15
2022-12-15 16:00:00,100.055000,100.585000,99.965000,100.535000,4,2022-12-15
2022-12-15 20:00:00,100.530000,100.865000,100.325000,100.390000,4,2022-12-16
2022-12-16 00:00:00,100.365000,101.115000,100.099998,101.040001,4,2022-12-16
2022-12-16 04:00:00,101.035004,101.140000,100.765000,100.790000,4,2022-12-16
2022-12-16 08:00:00,100.820000,100.930000,100.760000,100.855000,4,2022-12-16
2022-12-16 12:00:00,100.850000,100.850000,100.545000,100.555000,4,2022-12-16
2022-12-16 16:00:00,100.560000,100.815000,100.180000,100.195000,4,2022-12-16
2022-12-16 20:00:00,100.195000,100.435000,100.195000,100.205000,2,2022-12-16
2022-12-19 04:00:00,99.320000,99.330000,99.280000,99.280000,1,2022-12-19
2022-12-19 08:00:00,99.320000,99.795000,99.290000,99.555000,4,2022-12-19
2022-12-19 12:00:00,99.555000,99.805000,99.475000,99.575000,4,2022-12-19
2022-12-19 16:00:00,99.575000,99.675000,99.405000,99.615000,4,2022-12-19
2022-12-19 20:00:00,99.605000,100.055000,99.605000,99.875000,4,2022-12-20
2022-12-20 00:00:00,99.865000,100.390000,99.865000,100.375000,4,2022-12-20
2022-12-20 04:00:00,100.365000,100.485000,100.185000,100.355000,4,2022-12-20
2022-12-20 08:00:00,100.320000,100.635000,100.175000,100.635000,4,2022-12-20
2022-12-20 12:00:00,100.625000,100.765000,97.320000,97.465000,4,2022-12-20
2022-12-20 16:00:00,97.490000,97.825000,96.700000,97.029999,4,2022-12-20
2022-12-20 20:00:00,97.025002,97.585000,96.815000,97.325000,4,2022-12-21
2022-12-21 00:00:00,97.335000,97.510000,96.165000,96.235000,4,2022-12-21
2022-12-21 04:00:00,96.255000,96.840000,95.885000,96.765000,4,2022-12-21
2022-12-21 08:00:00,96.760000,97.044998,96.665000,96.725000,4,2022-12-21
2022-12-21 12:00:00,96.720000,97.305000,96.670000,97.065002,4,2022-12-21
2022-12-21 16:00:00,97.070000,97.225000,96.635000,96.670000,4,2022-12-21
2022-12-21 20:00:00,96.650000,96.895000,96.615000,96.770000,4,2022-12-22
2022-12-22 00:00:00,96.765000,97.305000,96.760000,97.180000,4,2022-12-22
2022-12-22 04:00:00,97.185000,97.365000,97.105000,97.295000,4,2022-12-22
2022-12-22 08:00:00,97.295000,97.350000,97.074997,97.084999,4,2022-12-22
2022-12-22 12:00:00,97.065002,97.140000,96.830000,97.004997,4,2022-12-22
2022-12-22 16:00:00,97.025002,97.265000,96.950000,97.190000,4,2022-12-22
2022-12-22 20:00:00,97.195000,97.225000,96.880000,96.975000,4,2022-12-23
2022-12-23 00:00:00,97.000000,97.195000,96.740000,96.925000,4,2022-12-23
2022-12-23 04:00:00,96.925000,97.080002,96.745000,97.044998,4,2022-12-23
2022-12-23 08:00:00,97.055000,97.185000,96.835000,97.120000,4,2022-12-23
2022-12-23 12:00:00,97.110000,97.400000,97.074997,97.325000,4,2022-12-23
2022-12-23 16:00:00,97.330000,97.440000,97.235000,97.415000,4,2022-12-23
2022-12-23 20:00:00,97.420000,97.555000,97.405000,97.490000,2,2022-12-23
2022-12-26 08:00:00,97.555000,97.755000,97.185000,97.320000,3,2022-12-26
2022-12-26 12:00:00,97.320000,97.515000,97.275000,97.470000,4,2022-12-26
2022-12-26 16:00:00,97.470000,97.755000,97.435000,97.735000,4,2022-12-26
2022-12-26 20:00:00,97.735000,97.995000,97.725000,97.895000,4,2022-12-27
2022-12-27 00:00:00,97.900000,97.920000,97.755000,97.850000,4,2022-12-27
2022-12-27 04:00:00,97.840000,97.875000,97.755000,97.820000,4,2022-12-27
2022-12-27 08:00:00,97.820000,98.195000,97.775000,98.095001,4,2022-12-27
2022-12-27 12:00:00,98.099998,98.200000,97.915000,98.019997,4,2022-12-27
2022-12-27 16:00:00,98.025002,98.380000,97.975000,98.310000,4,2022-12-27
2022-12-27 20:00:00,98.320000,98.560000,98.305000,98.400000,4,2022-12-28
2022-12-28 00:00:00,98.385000,98.860000,98.380000,98.820000,4,2022-12-28
2022-12-28 04:00:00,98.810000,98.920000,98.545000,98.775000,4,2022-12-28
2022-12-28 08:00:00,98.775000,98.930000,98.660000,98.795000,4,2022-12-28
2022-12-28 12:00:00,98.780000,99.300000,98.750000,99.000000,4,2022-12-28
2022-12-28 16:00:00,99.000000,99.165000,98.875000,99.065002,4,2022-12-28
2022-12-28 20:00:00,99.089996,99.165000,98.880000,98.930000,4,2022-12-29
2022-12-29 00:00:00,98.955000,99.105000,98.690000,98.810000,4,2022-12-29
2022-12-29 04:00:00,98.810000,98.900000,98.635000,98.815000,4,2022-12-29
2022-12-29 08:00:00,98.805000,98.855000,98.485000,98.570000,4,2022-12-29
2022-12-29 12:00:00,98.560000,98.630000,98.205000,98.380000,4,2022-12-29
2022-12-29 16:00:00,98.390000,98.465000,98.190000,98.240000,4,2022-12-29
2022-12-29 20:00:00,98.240000,98.485000,98.225000,98.325000,4,2022-12-30
2022-12-30 00:00:00,98.335000,98.345000,97.980000,98.295000,4,2022-12-30
2022-12-30 04:00:00,98.295000,98.325000,98.050003,98.225000,4,2022-12-30
2022-12-30 08:00:00,98.225000,98.235000,97.680000,97.710000,4,2022-12-30
2022-12-30 12:00:00,97.715000,97.940000,97.670000,97.895000,4,2022-12-30
2022-12-30 16:00:00,97.895000,97.925000,97.250000,97.335000,4,2022-12-30
2022-12-30 20:00:00,97.320000,97.515000,97.220000,97.415000,2,2022-12-30
2023-01-02 04:00:00,96.665000,96.665000,96.645000,96.665000,1,2023-01-02
2023-01-02 08:00:00,96.665000,96.880000,96.505000,96.860000,4,2023-01-02
2023-01-02 12:00:00,96.860000,96.870000,96.775000,96.785000,4,2023-01-02
2023-01-02 16:00:00,96.785000,96.820000,96.555000,96.655000,4,2023-01-02
2023-01-02 20:00:00,96.660000,96.715000,96.285000,96.300000,4,2023-01-03
2023-01-03 00:00:00,96.295000,96.435000,96.195000,96.360000,4,2023-01-03
2023-01-03 04:00:00,96.360000,96.405000,96.260000,96.325000,4,2023-01-03
2023-01-03 08:00:00,96.325000,96.880000,96.195000,96.215000,4,2023-01-03
2023-01-03 12:00:00,96.205000,96.255000,95.475000,95.615000,4,2023-01-03
2023-01-03 16:00:00,95.625000,96.280000,95.595000,96.059998,4,2023-01-03
2023-01-03 20:00:00,96.055000,96.245000,95.680000,95.865000,4,2023-01-04
2023-01-04 00:00:00,95.870000,96.140000,95.405000,95.765000,4,2023-01-04
2023-01-04 04:00:00,95.755000,95.830000,95.520000,95.800000,4,2023-01-04
2023-01-04 08:00:00,95.805000,96.095001,95.710000,95.925000,4,2023-01-04
2023-01-04 12:00:00,95.920000,96.070000,95.715000,95.980000,4,2023-01-04
2023-01-04 16:00:00,95.975000,96.325000,95.525000,96.300000,4,2023-01-04
2023-01-04 20:00:00,96.290000,96.655000,96.130000,96.545000,4,2023-01-05
2023-01-05 00:00:00,96.525000,97.865000,96.510000,97.850000,4,2023-01-05
2023-01-05 04:00:00,97.840000,98.430000,97.840000,98.420000,4,2023-01-05
2023-01-05 08:00:00,98.415000,98.465000,97.755000,97.760000,4,2023-01-05
2023-01-05 12:00:00,97.780000,98.055000,97.635000,97.960000,4,2023-01-05
2023-01-05 16:00:00,97.970000,98.310000,97.905000,98.140000,4,2023-01-05
2023-01-05 20:00:00,98.140000,98.340000,97.985000,98.335000,4,2023-01-06
2023-01-06 00:00:00,98.330000,98.840000,98.220000,98.365000,4,2023-01-06
2023-01-06 04:00:00,98.365000,98.380000,98.025002,98.190000,4,2023-01-06
2023-01-06 08:00:00,98.195000,98.595000,98.190000,98.540000,4,2023-01-06
2023-01-06 12:00:00,98.550000,98.880000,98.535000,98.735000,4,2023-01-06
2023-01-06 16:00:00,98.730000,98.985000,98.545000,98.820000,4,2023-01-06
2023-01-06 20:00:00,98.795000,98.820000,98.525000,98.570000,2,2023-01-06
2023-01-09 04:00:00,98.130000,98.130000,98.099998,98.110000,1,2023-01-09
2023-01-09 08:00:00,98.105000,98.420000,98.025002,98.160000,4,2023-01-09
2023-01-09 12:00:00,98.165000,98.275000,97.930000,98.260000,4,2023-01-09
2023-01-09 16:00:00,98.255000,98.710000,98.255000,98.595000,4,2023-01-09
2023-01-09 20:00:00,98.605000,99.089996,98.595000,98.930000,4,2023-01-10
2023-01-10 00:00:00,98.935000,98.935000,98.285000,98.395000,4,2023-01-10
2023-01-10 04:00:00,98.405000,98.620000,98.375000,98.440000,4,2023-01-10
2023-01-10 08:00:00,98.440000,98.650000,98.280000,98.315000,4,2023-01-10
2023-01-10 12:00:00,98.310000,98.555000,98.185000,98.540000,4,2023-01-10
2023-01-10 16:00:00,98.540000,98.775000,98.370000,98.440000,4,2023-01-10
2023-01-10 20:00:00,98.440000,98.715000,98.365000,98.675000,4,2023-01-11
2023-01-11 00:00:00,98.680000,98.750000,98.325000,98.460000,4,2023-01-11
2023-01-11 04:00:00,98.455000,98.575000,98.360000,98.500000,4,2023-01-11
2023-01-11 08:00:00,98.495000,98.555000,98.310000,98.505000,4,2023-01-11
2023-01-11 12:00:00,98.515000,98.660000,98.460000,98.490000,4,2023-01-11
2023-01-11 16:00:00,98.490000,98.800000,98.460000,98.775000,4,2023-01-11
2023-01-11 20:00:00,98.780000,98.910000,98.590000,98.840000,4,2023-01-12
2023-01-12 00:00:00,98.830000,98.960000,98.520000,98.770000,4,2023-01-12
2023-01-12 04:00:00,98.775000,98.840000,98.525000,98.700000,4,2023-01-12
2023-01-12 08:00:00,98.710000,98.725000,98.004997,98.220000,4,2023-01-12
2023-01-12 12:00:00,98.220000,98.325000,97.895000,97.910000,4,2023-01-12
2023-01-12 16:00:00,97.905000,98.120000,97.845000,97.985000,4,2023-01-12
2023-01-12 20:00:00,97.985000,97.995000,97.330000,97.455000,4,2023-01-13
2023-01-13 00:00:00,97.455000,97.630000,96.775000,96.980000,4,2023-01-13
2023-01-13 04:00:00,96.985000,97.044998,96.560000,96.690000,4,2023-01-13
2023-01-13 08:00:00,96.690000,96.825000,96.270000,96.565000,4,2023-01-13
2023-01-13 12:00:00,96.565000,96.650000,96.280000,96.510000,4,2023-01-13
2023-01-13 16:00:00,96.515000,96.550000,96.004997,96.235000,4,2023-01-13
2023-01-13 20:00:00,96.215000,96.435000,96.155000,96.230000,2,2023-01-13
2023-01-16 08:00:00,95.415000,95.765000,95.350000,95.535000,4,2023-01-16
2023-01-16 12:00:00,95.535000,95.610000,95.245000,95.510000,4,2023-01-16
2023-01-16 16:00:00,95.500000,96.055000,95.430000,95.935000,4,2023-01-16
2023-01-16 20:00:00,95.940000,96.014999,95.750000,95.915000,4,2023-01-17
2023-01-17 00:00:00,95.915000,96.084999,95.805000,96.040001,4,2023-01-17
2023-01-17 04:00:00,96.044998,96.145000,95.815000,95.820000,4,2023-01-17
2023-01-17 08:00:00,95.825000,95.955000,95.660000,95.825000,4,2023-01-17
2023-01-17 12:00:00,95.810000,96.235000,95.755000,96.025002,4,2023-01-17
2023-01-17 16:00:00,96.014999,96.170000,95.745000,95.760000,4,2023-01-17
2023-01-17 20:00:00,95.765000,96.135000,95.740000,95.895000,4,2023-01-18
2023-01-18 00:00:00,95.895000,96.135000,95.680000,95.780000,4,2023-01-18
2023-01-18 04:00:00,95.795000,95.935000,95.685000,95.785000,4,2023-01-18
2023-01-18 08:00:00,95.765000,96.220000,95.685000,96.185000,4,2023-01-18
2023-01-18 12:00:00,96.195000,98.215000,95.840000,98.180000,4,2023-01-18
2023-01-18 16:00:00,98.180000,98.285000,96.970000,97.010002,4,2023-01-18
2023-01-18 20:00:00,96.995000,97.095001,96.385000,96.490000,4,2023-01-19
2023-01-19 00:00:00,96.495000,96.505000,95.380000,95.600000,4,2023-01-19
2023-01-19 04:00:00,95.600000,95.710000,95.380000,95.450000,4,2023-01-19
2023-01-19 08:00:00,95.455000,95.600000,94.940000,95.014999,4,2023-01-19
2023-01-19 12:00:00,95.014999,95.240000,94.745000,94.855000,4,2023-01-19
2023-01-19 16:00:00,94.855000,95.099998,94.635000,94.885000,4,2023-01-19
2023-01-19 20:00:00,94.880000,95.350000,94.850000,95.240000,4,2023-01-20
2023-01-20 00:00:00,95.230000,95.470000,95.029999,95.240000,4,2023-01-20
2023-01-20 04:00:00,95.215000,95.510000,95.215000,95.370000,4,2023-01-20
2023-01-20 08:00:00,95.390000,95.575000,95.315000,95.570000,4,2023-01-20
2023-01-20 12:00:00,95.565000,95.860000,95.520000,95.835000,4,2023-01-20
2023-01-20 16:00:00,95.835000,96.040001,95.725000,95.950000,4,2023-01-20
2023-01-20 20:00:00,95.955000,96.310000,95.925000,96.265000,2,2023-01-20
2023-01-23 04:00:00,96.775000,96.775000,96.775000,96.775000,1,2023-01-23
2023-01-23 08:00:00,96.725000,96.905000,96.635000,96.735000,4,2023-01-23
2023-01-23 12:00:00,96.730000,96.980000,96.525000,96.895000,4,2023-01-23
2023-01-23 16:00:00,96.905000,97.435000,96.865000,97.205000,4,2023-01-23
2023-01-23 20:00:00,97.205000,97.495000,97.099998,97.455000,4,2023-01-24
2023-01-24 00:00:00,97.465000,97.685000,97.375000,97.650000,4,2023-01-24
2023-01-24 04:00:00,97.655000,97.725000,97.565000,97.725000,4,2023-01-24
2023-01-24 08:00:00,97.720000,97.780000,97.455000,97.570000,4,2023-01-24
2023-01-24 12:00:00,97.555000,97.660000,97.390000,97.495000,4,2023-01-24
2023-01-24 16:00:00,97.495000,97.540000,97.160000,97.315000,4,2023-01-24
2023-01-24 20:00:00,97.325000,97.550000,97.260000,97.525000,4,2023-01-25
2023-01-25 00:00:00,97.535000,97.825000,97.170000,97.300000,4,2023-01-25
2023-01-25 04:00:00,97.295000,97.375000,97.240000,97.330000,4,2023-01-25
2023-01-25 08:00:00,97.335000,97.625000,97.250000,97.515000,4,2023-01-25
2023-01-25 12:00:00,97.510000,97.785000,97.390000,97.680000,4,2023-01-25
2023-01-25 16:00:00,97.685000,97.770000,97.410000,97.435000,4,2023-01-25
2023-01-25 20:00:00,97.420000,97.460000,96.910000,97.035004,4,2023-01-26
2023-01-26 00:00:00,97.025002,97.250000,96.365000,96.655000,4,2023-01-26
2023-01-26 04:00:00,96.655000,96.880000,96.585000,96.825000,4,2023-01-26
2023-01-26 08:00:00,96.835000,96.835000,96.405000,96.485000,4,2023-01-26
2023-01-26 12:00:00,96.485000,96.710000,96.295000,96.475000,4,2023-01-26
2023-01-26 16:00:00,96.460000,97.000000,96.445000,96.895000,4,2023-01-26
2023-01-26 20:00:00,96.900000,97.175000,96.825000,97.065002,4,2023-01-27
2023-01-27 00:00:00,97.065002,97.760000,96.965000,97.725000,4,2023-01-27
2023-01-27 04:00:00,97.695000,97.780000,97.430000,97.750000,4,2023-01-27
2023-01-27 08:00:00,97.755000,97.800000,97.255000,97.380000,4,2023-01-27
2023-01-27 12:00:00,97.375000,97.575000,97.265000,97.480000,4,2023-01-27
2023-01-27 16:00:00,97.480000,97.630000,97.285000,97.465000,4,2023-01-27
2023-01-27 20:00:00,97.465000,97.550000,97.380000,97.480000,2,2023-01-27
2023-01-30 04:00:00,97.495000,97.580000,97.495000,97.520000,1,2023-01-30
2023-01-30 08:00:00,97.525000,97.825000,97.375000,97.795000,4,2023-01-30
2023-01-30 12:00:00,97.790000,97.875000,97.000000,97.215000,4,2023-01-30
2023-01-30 16:00:00,97.210000,97.605000,97.035004,97.505000,4,2023-01-30
2023-01-30 20:00:00,97.505000,97.725000,97.440000,97.620000,4,2023-01-31
2023-01-31 00:00:00,97.610000,97.770000,97.440000,97.640000,4,2023-01-31
2023-01-31 04:00:00,97.635000,97.685000,97.440000,97.440000,4,2023-01-31
2023-01-31 08:00:00,97.450000,97.515000,97.320000,97.360000,4,2023-01-31
2023-01-31 12:00:00,97.345000,97.360000,97.055000,97.185000,4,2023-01-31
2023-01-31 16:00:00,97.190000,97.225000,96.885000,96.935000,4,2023-01-31
2023-01-31 20:00:00,96.925000,97.035004,96.785000,96.960000,4,2023-02-01
2023-02-01 00:00:00,96.970000,97.670000,96.755000,97.630000,4,2023-02-01
2023-02-01 04:00:00,97.635000,97.895000,97.630000,97.815000,4,2023-02-01
2023-02-01 08:00:00,97.815000,97.855000,97.600000,97.645000,4,2023-02-01
2023-02-01 12:00:00,97.645000,97.885000,97.590000,97.870000,4,2023-02-01
2023-02-01 16:00:00,97.870000,97.980000,97.740000,97.765000,4,2023-02-01
2023-02-01 20:00:00,97.775000,97.815000,97.445000,97.545000,4,2023-02-02
2023-02-02 00:00:00,97.540000,97.545000,96.945000,96.950000,4,2023-02-02
2023-02-02 04:00:00,96.950000,97.205000,96.650000,96.950000,4,2023-02-02
2023-02-02 08:00:00,96.950000,97.115000,96.535000,96.740000,4,2023-02-02
2023-02-02 12:00:00,96.735000,96.885000,96.695000,96.745000,4,2023-02-02
2023-02-02 16:00:00,96.745000,97.245000,96.700000,97.089996,4,2023-02-02
2023-02-02 20:00:00,97.084999,97.160000,96.500000,96.605000,4,2023-02-03
2023-02-03 00:00:00,96.625000,96.685000,96.370000,96.465000,4,2023-02-03
2023-02-03 04:00:00,96.460000,96.720000,96.380000,96.720000,4,2023-02-03
2023-02-03 08:00:00,96.705000,96.715000,96.480000,96.540000,4,2023-02-03
2023-02-03 12:00:00,96.530000,96.650000,96.360000,96.445000,4,2023-02-03
2023-02-03 16:00:00,96.440000,96.555000,96.225000,96.295000,4,2023-02-03
2023-02-03 20:00:00,96.295000,96.370000,96.200000,96.270000,2,2023-02-03
2023-02-06 04:00:00,98.745000,98.860000,98.725000,98.735000,1,2023-02-06
2023-02-06 08:00:00,98.725000,98.850000,98.099998,98.720000,4,2023-02-06
2023-02-06 12:00:00,98.710000,98.735000,98.245000,98.255000,4,2023-02-06
2023-02-06 16:00:00,98.255000,98.440000,98.175000,98.300000,4,2023-02-06
2023-02-06 20:00:00,98.315000,98.470000,98.125000,98.435000,4,2023-02-07
2023-02-07 00:00:00,98.430000,98.835000,98.385000,98.760000,4,2023-02-07
2023-02-07 04:00:00,98.760000,98.865000,98.550000,98.650000,4,2023-02-07
2023-02-07 08:00:00,98.655000,98.705000,98.535000,98.645000,4,2023-02-07
2023-02-07 12:00:00,98.655000,98.715000,98.480000,98.500000,4,2023-02-07
2023-02-07 16:00:00,98.490000,98.575000,98.145000,98.260000,4,2023-02-07
2023-02-07 20:00:00,98.280000,98.455000,98.215000,98.335000,4,2023-02-08
2023-02-08 00:00:00,98.335000,98.400000,97.530000,97.765000,4,2023-02-08
2023-02-08 04:00:00,97.745000,97.875000,97.485000,97.790000,4,2023-02-08
2023-02-08 08:00:00,97.800000,97.915000,97.595000,97.695000,4,2023-02-08
2023-02-08 12:00:00,97.700000,98.029999,97.670000,97.925000,4,2023-02-08
2023-02-08 16:00:00,97.930000,98.070000,97.835000,97.865000,4,2023-02-08
2023-02-08 20:00:00,97.875000,97.910000,97.685000,97.820000,4,2023-02-09
2023-02-09 00:00:00,97.805000,97.965000,97.685000,97.755000,4,2023-02-09
2023-02-09 04:00:00,97.750000,97.790000,97.640000,97.750000,4,2023-02-09
2023-02-09 08:00:00,97.735000,97.830000,97.605000,97.780000,4,2023-02-09
2023-02-09 12:00:00,97.775000,97.965000,97.710000,97.825000,4,2023-02-09
2023-02-09 16:00:00,97.820000,98.040001,97.640000,97.685000,4,2023-02-09
2023-02-09 20:00:00,97.695000,97.790000,97.515000,97.650000,4,2023-02-10
2023-02-10 00:00:00,97.640000,97.680000,97.410000,97.540000,4,2023-02-10
2023-02-10 04:00:00,97.540000,97.855000,97.455000,97.770000,4,2023-02-10
2023-02-10 08:00:00,97.790000,97.925000,97.685000,97.825000,4,2023-02-10
2023-02-10 12:00:00,97.825000,97.975000,97.730000,97.790000,4,2023-02-10
2023-02-10 16:00:00,97.805000,97.885000,96.645000,97.120000,4,2023-02-10
2023-02-10 20:00:00,97.105000,97.875000,97.095001,97.400000,2,2023-02-10
2023-02-13 04:00:00,98.390000,98.390000,98.390000,98.390000,1,2023-02-13
2023-02-13 08:00:00,98.370000,98.650000,98.370000,98.600000,4,2023-02-13
2023-02-13 12:00:00,98.600000,98.805000,98.505000,98.780000,4,2023-02-13
2023-02-13 16:00:00,98.780000,99.165000,98.755000,99.160000,4,2023-02-13
2023-02-13 20:00:00,99.160000,99.535000,99.120000,99.235000,4,2023-02-14
2023-02-14 00:00:00,99.235000,99.585000,99.190000,99.420000,4,2023-02-14
2023-02-14 04:00:00,99.420000,99.460000,99.165000,99.190000,4,2023-02-14
2023-02-14 08:00:00,99.195000,99.340000,99.035004,99.070000,4,2023-02-14
2023-02-14 12:00:00,99.065002,99.084999,98.855000,98.985000,4,2023-02-14
2023-02-14 16:00:00,98.980000,99.029999,98.830000,98.975000,4,2023-02-14
2023-02-14 20:00:00,98.975000,99.240000,98.910000,99.074997,4,2023-02-15
2023-02-15 00:00:00,99.080002,99.610000,98.855000,99.540000,4,2023-02-15
2023-02-15 04:00:00,99.535000,99.815000,99.535000,99.745000,4,2023-02-15
2023-02-15 08:00:00,99.755000,99.850000,99.440000,99.475000,4,2023-02-15
2023-02-15 12:00:00,99.475000,99.640000,99.325000,99.635000,4,2023-02-15
2023-02-15 16:00:00,99.615000,99.765000,99.495000,99.630000,4,2023-02-15
2023-02-15 20:00:00,99.640000,99.760000,99.440000,99.695000,4,2023-02-16
2023-02-16 00:00:00,99.695000,100.185000,99.565000,100.155000,4,2023-02-16
2023-02-16 04:00:00,100.155000,100.285000,99.975000,100.135000,4,2023-02-16
2023-02-16 08:00:00,100.150000,100.235000,99.870000,100.055000,4,2023-02-16
2023-02-16 12:00:00,100.055000,100.105000,99.910000,100.050003,4,2023-02-16
2023-02-16 16:00:00,100.050003,100.120000,99.950000,100.035004,4,2023-02-16
2023-02-16 20:00:00,100.035004,100.099998,99.905000,99.910000,4,2023-02-17
2023-02-17 00:00:00,99.900000,100.055000,99.585000,99.595000,4,2023-02-17
2023-02-17 04:00:00,99.590000,99.745000,99.460000,99.475000,4,2023-02-17
2023-02-17 08:00:00,99.475000,99.715000,99.445000,99.660000,4,2023-02-17
2023-02-17 12:00:00,99.655000,99.940000,99.635000,99.870000,4,2023-02-17
2023-02-17 16:00:00,99.860000,99.955000,99.760000,99.820000,4,2023-02-17
2023-02-17 20:00:00,99.805000,99.900000,99.780000,99.815000,2,2023-02-17
2023-02-20 04:00:00,99.690000,99.730000,99.620000,99.710000,1,2023-02-20
2023-02-20 08:00:00,99.680000,99.680000,99.565000,99.630000,4,2023-02-20
2023-02-20 12:00:00,99.610000,99.765000,99.405000,99.460000,4,2023-02-20
2023-02-20 16:00:00,99.455000,99.775000,99.445000,99.725000,4,2023-02-20
2023-02-20 20:00:00,99.720000,99.720000,99.510000,99.575000,4,2023-02-21
2023-02-21 00:00:00,99.595000,99.725000,99.540000,99.700000,4,2023-02-21
2023-02-21 04:00:00,99.710000,99.865000,99.695000,99.805000,4,2023-02-21
2023-02-21 08:00:00,99.800000,99.860000,99.665000,99.710000,4,2023-02-21
2023-02-21 12:00:00,99.690000,99.840000,99.645000,99.705000,4,2023-02-21
2023-02-21 16:00:00,99.705000,100.055000,99.685000,99.880000,4,2023-02-21
2023-02-21 20:00:00,99.895000,100.175000,99.820000,100.095001,4,2023-02-22
2023-02-22 00:00:00,100.110000,100.300000,99.725000,99.795000,4,2023-02-22
2023-02-22 04:00:00,99.790000,99.815000,99.535000,99.675000,4,2023-02-22
2023-02-22 08:00:00,99.680000,99.795000,99.485000,99.635000,4,2023-02-22
2023-02-22 12:00:00,99.635000,99.685000,99.430000,99.630000,4,2023-02-22
2023-02-22 16:00:00,99.630000,99.670000,99.365000,99.560000,4,2023-02-22
2023-02-22 20:00:00,99.580000,99.595000,99.395000,99.415000,4,2023-02-23
2023-02-23 00:00:00,99.405000,99.545000,99.285000,99.540000,4,2023-02-23
2023-02-23 04:00:00,99.545000,99.635000,99.455000,99.545000,4,2023-02-23
2023-02-23 08:00:00,99.545000,99.670000,99.470000,99.600000,4,2023-02-23
2023-02-23 12:00:00,99.595000,99.695000,99.580000,99.665000,4,2023-02-23
2023-02-23 16:00:00,99.670000,99.730000,99.635000,99.685000,4,2023-02-23
2023-02-23 20:00:00,99.675000,99.865000,99.550000,99.775000,4,2023-02-24
2023-02-24 00:00:00,99.760000,99.910000,99.270000,99.365000,4,2023-02-24
2023-02-24 04:00:00,99.365000,99.470000,99.270000,99.420000,4,2023-02-24
2023-02-24 08:00:00,99.420000,99.535000,99.050003,99.260000,4,2023-02-24
2023-02-24 12:00:00,99.245000,99.605000,99.235000,99.440000,4,2023-02-24
2023-02-24 16:00:00,99.435000,99.570000,99.310000,99.540000,4,2023-02-24
2023-02-24 20:00:00,99.530000,99.650000,99.510000,99.580000,2,2023-02-24
2023-02-27 04:00:00,100.125000,100.160000,100.125000,100.140000,1,2023-02-27
2023-02-27 08:00:00,100.150000,100.405000,100.140000,100.225000,4,2023-02-27
2023-02-27 12:00:00,100.220000,100.265000,100.004997,100.120000,4,2023-02-27
2023-02-27 16:00:00,100.110000,100.245000,100.040001,100.235000,4,2023-02-27
2023-02-27 20:00:00,100.235000,100.360000,100.135000,100.290000,4,2023-02-28
2023-02-28 00:00:00,100.280000,100.525000,100.110000,100.320000,4,2023-02-28
2023-02-28 04:00:00,100.330000,100.430000,100.280000,100.365000,4,2023-02-28
2023-02-28 08:00:00,100.370000,100.465000,100.285000,100.320000,4,2023-02-28
2023-02-28 12:00:00,100.315000,100.400000,100.270000,100.290000,4,2023-02-28
2023-02-28 16:00:00,100.295000,100.650000,100.285000,100.615000,4,2023-02-28
2023-02-28 20:00:00,100.615000,100.860000,100.535000,100.720000,4,2023-03-01
2023-03-01 00:00:00,100.725000,100.895000,99.930000,99.960000,4,2023-03-01
2023-03-01 04:00:00,99.975000,100.025002,99.710000,99.815000,4,2023-03-01
2023-03-01 08:00:00,99.775000,99.935000,99.755000,99.850000,4,2023-03-01
2023-03-01 12:00:00,99.860000,100.150000,99.825000,100.130000,4,2023-03-01
2023-03-01 16:00:00,100.130000,100.225000,99.870000,99.940000,4,2023-03-01
2023-03-01 20:00:00,99.945000,99.955000,99.490000,99.635000,4,2023-03-02
2023-03-02 00:00:00,99.635000,100.105000,99.570000,99.895000,4,2023-03-02
2023-03-02 04:00:00,99.895000,100.170000,99.785000,100.155000,4,2023-03-02
2023-03-02 08:00:00,100.155000,100.250000,100.074997,100.195000,4,2023-03-02
2023-03-02 12:00:00,100.185000,100.285000,100.110000,100.260000,4,2023-03-02
2023-03-02 16:00:00,100.260000,100.505000,100.145000,100.165000,4,2023-03-02
2023-03-02 20:00:00,100.180000,100.485000,100.155000,100.460000,4,2023-03-03
2023-03-03 00:00:00,100.420000,100.570000,100.330000,100.490000,4,2023-03-03
2023-03-03 04:00:00,100.495000,100.605000,100.390000,100.540000,4,2023-03-03
2023-03-03 08:00:00,100.565000,100.620000,100.410000,100.565000,4,2023-03-03
2023-03-03 12:00:00,100.555000,100.640000,100.465000,100.605000,4,2023-03-03
2023-03-03 16:00:00,100.600000,100.635000,100.390000,100.610000,4,2023-03-03
2023-03-03 20:00:00,100.605000,100.635000,100.360000,100.515000,2,2023-03-03
2023-03-06 04:00:00,99.990000,100.019997,99.970000,99.995000,1,2023-03-06
2023-03-06 08:00:00,99.975000,100.035004,99.815000,99.830000,4,2023-03-06
2023-03-06 12:00:00,99.830000,99.915000,99.600000,99.740000,4,2023-03-06
2023-03-06 16:00:00,99.735000,100.074997,99.720000,100.010002,4,2023-03-06
2023-03-06 20:00:00,100.004997,100.095001,99.825000,99.835000,4,2023-03-07
2023-03-07 00:00:00,99.840000,99.925000,99.655000,99.900000,4,2023-03-07
2023-03-07 04:00:00,99.905000,99.985000,99.810000,99.875000,4,2023-03-07
2023-03-07 08:00:00,99.870000,99.980000,99.810000,99.955000,4,2023-03-07
2023-03-07 12:00:00,99.965000,100.025002,99.860000,99.960000,4,2023-03-07
2023-03-07 16:00:00,99.960000,99.980000,99.500000,99.545000,4,2023-03-07
2023-03-07 20:00:00,99.535000,99.860000,99.470000,99.855000,4,2023-03-08
2023-03-08 00:00:00,99.850000,99.865000,99.565000,99.655000,4,2023-03-08
2023-03-08 04:00:00,99.650000,99.795000,99.565000,99.735000,4,2023-03-08
2023-03-08 08:00:00,99.735000,99.980000,99.680000,99.835000,4,2023-03-08
2023-03-08 12:00:00,99.860000,100.175000,99.810000,100.155000,4,2023-03-08
2023-03-08 16:00:00,100.150000,100.185000,99.860000,99.985000,4,2023-03-08
2023-03-08 20:00:00,100.004997,100.074997,99.735000,99.850000,4,2023-03-09
2023-03-09 00:00:00,99.865000,99.865000,99.099998,99.515000,4,2023-03-09
2023-03-09 04:00:00,99.525000,99.550000,99.325000,99.505000,4,2023-03-09
2023-03-09 08:00:00,99.500000,99.595000,99.089996,99.215000,4,2023-03-09
2023-03-09 12:00:00,99.210000,99.305000,99.074997,99.105000,4,2023-03-09
2023-03-09 16:00:00,99.110000,99.205000,98.755000,98.865000,4,2023-03-09
2023-03-09 20:00:00,98.855000,98.895000,98.610000,98.735000,4,2023-03-10
2023-03-10 00:00:00,98.735000,99.095001,98.530000,99.010002,4,2023-03-10
2023-03-10 04:00:00,99.004997,99.025002,98.370000,98.400000,4,2023-03-10
2023-03-10 08:00:00,98.395000,98.635000,98.215000,98.295000,4,2023-03-10
2023-03-10 12:00:00,98.300000,98.920000,98.165000,98.710000,4,2023-03-10
2023-03-10 16:00:00,98.710000,98.840000,98.280000,98.605000,4,2023-03-10
2023-03-10 20:00:00,98.570000,99.035004,98.565000,98.995000,2,2023-03-10
2023-03-13 04:00:00,97.615000,97.640000,97.490000,97.495000,1,2023-03-13
2023-03-13 08:00:00,97.535000,98.055000,96.685000,97.640000,4,2023-03-13
2023-03-13 12:00:00,97.645000,97.830000,97.485000,97.725000,4,2023-03-13
2023-03-13 16:00:00,97.725000,98.059998,97.360000,97.395000,4,2023-03-13
2023-03-13 20:00:00,97.395000,97.495000,95.945000,96.255000,4,2023-03-14
2023-03-14 00:00:00,96.265000,97.405000,96.190000,96.950000,4,2023-03-14
2023-03-14 04:00:00,96.945000,97.335000,96.870000,97.025002,4,2023-03-14
2023-03-14 08:00:00,97.014999,97.084999,96.845000,96.960000,4,2023-03-14
2023-03-14 12:00:00,96.960000,97.585000,96.945000,97.485000,4,2023-03-14
2023-03-14 16:00:00,97.490000,97.835000,97.105000,97.705000,4,2023-03-14
2023-03-14 20:00:00,97.680000,98.200000,97.510000,98.105000,4,2023-03-15
2023-03-15 00:00:00,98.130000,98.720000,98.044998,98.230000,4,2023-03-15
2023-03-15 04:00:00,98.215000,98.240000,97.885000,98.089996,4,2023-03-15
2023-03-15 08:00:00,98.084999,98.305000,98.050003,98.175000,4,2023-03-15
2023-03-15 12:00:00,98.175000,98.360000,98.055000,98.350000,4,2023-03-15
2023-03-15 16:00:00,98.350000,98.635000,98.235000,98.325000,4,2023-03-15
2023-03-15 20:00:00,98.340000,98.385000,96.275000,96.420000,4,2023-03-16
2023-03-16 00:00:00,96.425000,96.875000,95.905000,96.155000,4,2023-03-16
2023-03-16 04:00:00,96.155000,97.265000,96.125000,96.905000,4,2023-03-16
2023-03-16 08:00:00,96.905000,97.050003,96.345000,97.029999,4,2023-03-16
2023-03-16 12:00:00,97.004997,97.125000,96.390000,96.555000,4,2023-03-16
2023-03-16 16:00:00,96.550000,97.025002,96.480000,96.710000,4,2023-03-16
2023-03-16 20:00:00,96.715000,96.740000,96.145000,96.290000,4,2023-03-17
2023-03-17 00:00:00,96.290000,97.180000,95.755000,97.170000,4,2023-03-17
2023-03-17 04:00:00,97.165000,97.595000,97.135000,97.475000,4,2023-03-17
2023-03-17 08:00:00,97.470000,97.510000,97.140000,97.155000,4,2023-03-17
2023-03-17 12:00:00,97.155000,97.395000,97.105000,97.235000,4,2023-03-17
2023-03-17 16:00:00,97.230000,97.405000,96.965000,97.265000,4,2023-03-17
2023-03-17 20:00:00,97.285000,97.305000,97.040001,97.185000,1,2023-03-17
2023-03-20 04:00:00,96.125000,96.125000,96.019997,96.040001,1,2023-03-20
2023-03-20 08:00:00,96.055000,96.885000,96.019997,96.860000,4,2023-03-20
2023-03-20 12:00:00,96.865000,96.875000,96.000000,96.070000,4,2023-03-20
2023-03-20 16:00:00,96.065002,96.215000,95.035004,95.425000,4,2023-03-20
2023-03-20 20:00:00,95.430000,96.205000,95.245000,96.145000,4,2023-03-21
2023-03-21 00:00:00,96.105000,96.525000,95.845000,96.260000,4,2023-03-21
2023-03-21 04:00:00,96.255000,96.425000,96.089996,96.095001,4,2023-03-21
2023-03-21 08:00:00,96.089996,96.285000,95.870000,95.920000,4,2023-03-21
2023-03-21 12:00:00,95.905000,96.029999,95.795000,95.890000,4,2023-03-21
2023-03-21 16:00:00,95.885000,96.720000,95.835000,96.650000,4,2023-03-21
2023-03-21 20:00:00,96.645000,96.920000,96.570000,96.745000,4,2023-03-22
2023-03-22 00:00:00,96.755000,96.910000,96.044998,96.430000,4,2023-03-22
2023-03-22 04:00:00,96.440000,96.675000,96.415000,96.620000,4,2023-03-22
2023-03-22 08:00:00,96.565000,96.740000,96.445000,96.660000,4,2023-03-22
2023-03-22 12:00:00,96.665000,96.885000,96.510000,96.705000,4,2023-03-22
2023-03-22 16:00:00,96.700000,96.755000,96.530000,96.650000,4,2023-03-22
2023-03-22 20:00:00,96.655000,97.115000,96.545000,96.885000,4,2023-03-23
2023-03-23 00:00:00,96.900000,96.910000,96.535000,96.555000,4,2023-03-23
2023-03-23 04:00:00,96.545000,96.655000,95.465000,95.725000,4,2023-03-23
2023-03-23 08:00:00,95.730000,95.795000,95.445000,95.515000,4,2023-03-23
2023-03-23 12:00:00,95.510000,95.675000,95.380000,95.655000,4,2023-03-23
2023-03-23 16:00:00,95.650000,96.014999,95.505000,95.995000,4,2023-03-23
2023-03-23 20:00:00,95.970000,96.325000,95.830000,96.145000,4,2023-03-24
2023-03-24 00:00:00,96.135000,96.320000,95.585000,95.695000,4,2023-03-24
2023-03-24 04:00:00,95.690000,95.805000,94.900000,95.385000,4,2023-03-24
2023-03-24 08:00:00,95.385000,95.460000,95.165000,95.165000,4,2023-03-24
2023-03-24 12:00:00,95.165000,95.185000,94.810000,94.835000,4,2023-03-24
2023-03-24 16:00:00,94.820000,95.110000,94.445000,94.590000,4,2023-03-24
2023-03-24 20:00:00,94.590000,94.745000,94.170000,94.210000,1,2023-03-24
2023-03-27 04:00:00,95.000000,95.004997,95.000000,95.004997,1,2023-03-27
2023-03-27 08:00:00,95.010002,95.385000,95.010002,95.240000,4,2023-03-27
2023-03-27 12:00:00,95.220000,95.365000,95.074997,95.185000,4,2023-03-27
2023-03-27 16:00:00,95.190000,95.735000,95.190000,95.500000,4,2023-03-27
2023-03-27 20:00:00,95.510000,96.105000,95.480000,96.035004,4,2023-03-28
2023-03-28 00:00:00,96.055000,96.330000,95.855000,96.285000,4,2023-03-28
2023-03-28 04:00:00,96.290000,96.505000,96.245000,96.300000,4,2023-03-28
2023-03-28 08:00:00,96.300000,96.340000,95.755000,95.855000,4,2023-03-28
2023-03-28 12:00:00,95.855000,95.935000,95.695000,95.760000,4,2023-03-28
2023-03-28 16:00:00,95.750000,96.245000,95.705000,95.810000,4,2023-03-28
2023-03-28 20:00:00,95.805000,95.975000,95.505000,95.680000,4,2023-03-29
2023-03-29 00:00:00,95.665000,96.335000,95.665000,96.265000,4,2023-03-29
2023-03-29 04:00:00,96.245000,96.310000,95.900000,96.260000,4,2023-03-29
2023-03-29 08:00:00,96.225000,96.640000,96.175000,96.605000,4,2023-03-29
2023-03-29 12:00:00,96.620000,96.895000,96.595000,96.835000,4,2023-03-29
2023-03-29 16:00:00,96.830000,97.105000,96.765000,97.014999,4,2023-03-29
2023-03-29 20:00:00,97.010002,97.605000,96.810000,97.545000,4,2023-03-30
2023-03-30 00:00:00,97.535000,97.775000,97.370000,97.725000,4,2023-03-30
2023-03-30 04:00:00,97.725000,98.014999,97.675000,97.990000,4,2023-03-30
2023-03-30 08:00:00,97.980000,97.980000,97.625000,97.740000,4,2023-03-30
2023-03-30 12:00:00,97.755000,97.825000,97.645000,97.715000,4,2023-03-30
2023-03-30 16:00:00,97.710000,97.960000,97.585000,97.900000,4,2023-03-30
2023-03-30 20:00:00,97.920000,98.115000,97.690000,98.025002,4,2023-03-31
2023-03-31 00:00:00,98.044998,98.205000,97.805000,97.850000,4,2023-03-31
2023-03-31 04:00:00,97.855000,98.155000,97.725000,98.130000,4,2023-03-31
2023-03-31 08:00:00,98.105000,98.745000,98.044998,98.550000,4,2023-03-31
2023-03-31 12:00:00,98.555000,98.595000,98.130000,98.135000,4,2023-03-31
2023-03-31 16:00:00,98.140000,98.570000,97.965000,98.475000,4,2023-03-31
2023-03-31 20:00:00,98.455000,98.485000,98.295000,98.485000,1,2023-03-31
2023-04-03 04:00:00,98.840000,98.855000,98.725000,98.770000,1,2023-04-03
2023-04-03 08:00:00,98.745000,98.795000,98.345000,98.545000,4,2023-04-03
2023-04-03 12:00:00,98.540000,98.765000,98.430000,98.675000,4,2023-04-03
2023-04-03 16:00:00,98.675000,99.065002,98.630000,98.885000,4,2023-04-03
2023-04-03 20:00:00,98.905000,98.995000,98.680000,98.795000,4,2023-04-04
2023-04-04 00:00:00,98.850000,98.850000,98.260000,98.675000,4,2023-04-04
2023-04-04 04:00:00,98.665000,98.730000,98.520000,98.615000,4,2023-04-04
2023-04-04 08:00:00,98.610000,98.855000,98.395000,98.800000,4,2023-04-04
2023-04-04 12:00:00,98.805000,98.955000,98.735000,98.920000,4,2023-04-04
2023-04-04 16:00:00,98.900000,99.180000,98.710000,99.014999,4,2023-04-04
2023-04-04 20:00:00,98.985000,99.125000,98.660000,98.805000,4,2023-04-05
2023-04-05 00:00:00,98.800000,98.800000,97.695000,97.930000,4,2023-04-05
2023-04-05 04:00:00,97.930000,98.014999,97.795000,97.975000,4,2023-04-05
2023-04-05 08:00:00,97.965000,98.019997,97.725000,97.900000,4,2023-04-05
2023-04-05 12:00:00,97.980000,98.135000,97.795000,97.825000,4,2023-04-05
2023-04-05 16:00:00,97.825000,97.865000,97.415000,97.675000,4,2023-04-05
2023-04-05 20:00:00,97.685000,97.820000,97.350000,97.515000,4,2023-04-06
2023-04-06 00:00:00,97.525000,97.605000,97.135000,97.385000,4,2023-04-06
2023-04-06 04:00:00,97.395000,97.645000,97.395000,97.545000,4,2023-04-06
2023-04-06 08:00:00,97.520000,97.570000,97.175000,97.315000,4,2023-04-06
2023-04-06 12:00:00,97.330000,97.380000,97.190000,97.360000,4,2023-04-06
2023-04-06 16:00:00,97.345000,97.645000,97.305000,97.460000,4,2023-04-06
2023-04-06 20:00:00,97.455000,97.735000,97.305000,97.615000,4,2023-04-07
2023-04-07 00:00:00,97.630000,97.885000,97.610000,97.765000,4,2023-04-07
2023-04-07 04:00:00,97.780000,97.845000,97.635000,97.650000,4,2023-04-07
2023-04-07 08:00:00,97.660000,97.790000,97.525000,97.565000,4,2023-04-07
2023-04-07 12:00:00,97.555000,97.725000,97.555000,97.705000,4,2023-04-07
2023-04-07 16:00:00,97.700000,97.790000,97.535000,97.550000,4,2023-04-07
2023-04-07 20:00:00,97.555000,97.555000,97.375000,97.385000,1,2023-04-07
2023-04-10 04:00:00,97.805000,97.825000,97.725000,97.755000,1,2023-04-10
2023-04-10 08:00:00,97.735000,98.250000,97.620000,98.175000,4,2023-04-10
2023-04-10 12:00:00,98.185000,98.275000,98.080002,98.145000,4,2023-04-10
2023-04-10 16:00:00,98.145000,98.225000,97.775000,97.935000,4,2023-04-10
2023-04-10 20:00:00,97.940000,98.600000,97.895000,98.545000,4,2023-04-11
2023-04-11 00:00:00,98.545000,98.940000,98.530000,98.910000,4,2023-04-11
2023-04-11 04:00:00,98.910000,98.950000,98.840000,98.890000,4,2023-04-11
2023-04-11 08:00:00,98.875000,98.975000,98.680000,98.875000,4,2023-04-11
2023-04-11 12:00:00,98.885000,98.945000,98.750000,98.790000,4,2023-04-11
2023-04-11 16:00:00,98.780000,98.965000,98.490000,98.575000,4,2023-04-11
2023-04-11 20:00:00,98.575000,98.835000,98.480000,98.800000,4,2023-04-12
2023-04-12 00:00:00,98.800000,99.245000,98.800000,99.230000,4,2023-04-12
2023-04-12 04:00:00,99.220000,99.345000,99.205000,99.265000,4,2023-04-12
2023-04-12 08:00:00,99.285000,99.375000,99.190000,99.280000,4,2023-04-12
2023-04-12 12:00:00,99.270000,99.545000,99.250000,99.480000,4,2023-04-12
2023-04-12 16:00:00,99.490000,99.515000,99.260000,99.390000,4,2023-04-12
2023-04-12 20:00:00,99.395000,99.475000,98.695000,98.890000,4,2023-04-13
2023-04-13 00:00:00,98.885000,99.295000,98.825000,99.270000,4,2023-04-13
2023-04-13 04:00:00,99.270000,99.270000,98.955000,99.035004,4,2023-04-13
2023-04-13 08:00:00,99.014999,99.155000,98.920000,99.135000,4,2023-04-13
2023-04-13 12:00:00,99.140000,99.260000,99.105000,99.210000,4,2023-04-13
2023-04-13 16:00:00,99.210000,99.430000,99.140000,99.400000,4,2023-04-13
2023-04-13 20:00:00,99.400000,99.565000,98.725000,98.795000,4,2023-04-14
2023-04-14 00:00:00,98.815000,99.395000,98.815000,99.385000,4,2023-04-14
2023-04-14 04:00:00,99.390000,99.575000,99.360000,99.395000,4,2023-04-14
2023-04-14 08:00:00,99.390000,99.515000,99.285000,99.400000,4,2023-04-14
2023-04-14 12:00:00,99.415000,99.485000,99.280000,99.430000,4,2023-04-14
2023-04-14 16:00:00,99.435000,99.520000,99.210000,99.520000,4,2023-04-14
2023-04-14 20:00:00,99.500000,99.525000,99.405000,99.490000,1,2023-04-14
2023-04-17 04:00:00,100.140000,100.160000,100.074997,100.155000,1,2023-04-17
2023-04-17 08:00:00,100.150000,100.280000,100.044998,100.265000,4,2023-04-17
2023-04-17 12:00:00,100.265000,100.480000,100.115000,100.305000,4,2023-04-17
2023-04-17 16:00:00,100.325000,100.450000,100.155000,100.340000,4,2023-04-17
2023-04-17 20:00:00,100.330000,100.430000,100.040001,100.235000,4,2023-04-18
2023-04-18 00:00:00,100.235000,100.400000,100.155000,100.345000,4,2023-04-18
2023-04-18 04:00:00,100.345000,100.460000,100.260000,100.390000,4,2023-04-18
2023-04-18 08:00:00,100.375000,100.600000,100.280000,100.475000,4,2023-04-18
2023-04-18 12:00:00,100.490000,100.560000,100.380000,100.485000,4,2023-04-18
2023-04-18 16:00:00,100.475000,100.520000,100.265000,100.290000,4,2023-04-18
2023-04-18 20:00:00,100.295000,100.345000,100.029999,100.190000,4,2023-04-19
2023-04-19 00:00:00,100.205000,100.280000,100.029999,100.145000,4,2023-04-19
2023-04-19 04:00:00,100.145000,100.180000,100.040001,100.130000,4,2023-04-19
2023-04-19 08:00:00,100.115000,100.270000,100.050003,100.210000,4,2023-04-19
2023-04-19 12:00:00,100.225000,100.320000,100.180000,100.285000,4,2023-04-19
2023-04-19 16:00:00,100.300000,100.560000,100.300000,100.345000,4,2023-04-19
2023-04-19 20:00:00,100.350000,100.480000,99.975000,100.035004,4,2023-04-20
2023-04-20 00:00:00,100.035004,100.305000,99.955000,100.195000,4,2023-04-20
2023-04-20 04:00:00,100.195000,100.205000,100.029999,100.050003,4,2023-04-20
2023-04-20 08:00:00,100.099998,100.240000,99.975000,100.155000,4,2023-04-20
2023-04-20 12:00:00,100.170000,100.185000,99.975000,100.014999,4,2023-04-20
2023-04-20 16:00:00,100.025002,100.065002,99.855000,100.019997,4,2023-04-20
2023-04-20 20:00:00,100.019997,100.040001,99.525000,99.675000,4,2023-04-21
2023-04-21 00:00:00,99.660000,99.750000,99.530000,99.725000,4,2023-04-21
2023-04-21 04:00:00,99.725000,99.750000,99.565000,99.600000,4,2023-04-21
2023-04-21 08:00:00,99.605000,99.660000,99.195000,99.235000,4,2023-04-21
2023-04-21 12:00:00,99.230000,99.290000,99.040001,99.040001,4,2023-04-21
2023-04-21 16:00:00,99.044998,99.150000,98.905000,98.925000,4,2023-04-21
2023-04-21 20:00:00,98.920000,98.980000,98.840000,98.880000,1,2023-04-21
2023-04-24 04:00:00,99.125000,99.125000,98.955000,98.965000,1,2023-04-24
2023-04-24 08:00:00,98.950000,99.070000,98.840000,98.995000,4,2023-04-24
2023-04-24 12:00:00,99.004997,99.215000,99.004997,99.135000,4,2023-04-24
2023-04-24 16:00:00,99.145000,99.365000,98.875000,99.280000,4,2023-04-24
2023-04-24 20:00:00,99.285000,99.515000,99.265000,99.370000,4,2023-04-25
2023-04-25 00:00:00,99.365000,99.540000,99.170000,99.215000,4,2023-04-25
2023-04-25 04:00:00,99.225000,99.265000,99.035004,99.099998,4,2023-04-25
2023-04-25 08:00:00,99.089996,99.315000,98.960000,99.180000,4,2023-04-25
2023-04-25 12:00:00,99.180000,99.240000,98.975000,98.995000,4,2023-04-25
2023-04-25 16:00:00,99.000000,99.175000,98.600000,98.625000,4,2023-04-25
2023-04-25 20:00:00,98.610000,98.795000,98.285000,98.325000,4,2023-04-26
2023-04-26 00:00:00,98.285000,98.470000,97.885000,97.885000,4,2023-04-26
2023-04-26 04:00:00,97.885000,98.230000,97.755000,98.150000,4,2023-04-26
2023-04-26 08:00:00,98.225000,98.250000,97.920000,97.970000,4,2023-04-26
2023-04-26 12:00:00,97.980000,98.135000,97.870000,98.044998,4,2023-04-26
2023-04-26 16:00:00,98.050003,98.175000,97.840000,97.850000,4,2023-04-26
2023-04-26 20:00:00,97.855000,98.305000,97.690000,97.735000,4,2023-04-27
2023-04-27 00:00:00,97.735000,98.360000,97.565000,98.140000,4,2023-04-27
2023-04-27 04:00:00,98.150000,98.150000,97.820000,98.019997,4,2023-04-27
2023-04-27 08:00:00,98.014999,98.044998,97.835000,97.910000,4,2023-04-27
2023-04-27 12:00:00,97.915000,98.230000,97.870000,98.155000,4,2023-04-27
2023-04-27 16:00:00,98.155000,98.285000,98.010002,98.150000,4,2023-04-27
2023-04-27 20:00:00,98.135000,98.495000,97.855000,98.495000,4,2023-04-28
2023-04-28 00:00:00,98.490000,98.615000,98.360000,98.490000,4,2023-04-28
2023-04-28 04:00:00,98.495000,98.610000,98.455000,98.525000,4,2023-04-28
2023-04-28 08:00:00,98.515000,98.765000,98.245000,98.705000,4,2023-04-28
2023-04-28 12:00:00,98.715000,99.235000,98.074997,99.135000,4,2023-04-28
2023-04-28 16:00:00,99.140000,99.700000,99.140000,99.680000,4,2023-04-28
2023-04-28 20:00:00,99.680000,99.720000,99.500000,99.615000,1,2023-04-28
2023-05-01 04:00:00,100.680000,100.695000,100.555000,100.645000,1,2023-05-01
2023-05-01 08:00:00,100.580000,100.850000,100.470000,100.800000,4,2023-05-01
2023-05-01 12:00:00,100.800000,101.044998,100.785000,101.014999,4,2023-05-01
2023-05-01 16:00:00,101.014999,101.070000,100.690000,100.725000,4,2023-05-01
2023-05-01 20:00:00,100.735000,101.080002,100.595000,101.004997,4,2023-05-02
2023-05-02 00:00:00,101.019997,101.595000,101.019997,101.520000,4,2023-05-02
2023-05-02 04:00:00,101.510000,101.580000,101.410000,101.515000,4,2023-05-02
2023-05-02 08:00:00,101.485000,101.545000,101.285000,101.430000,4,2023-05-02
2023-05-02 12:00:00,101.420000,101.800000,101.360000,101.690000,4,2023-05-02
2023-05-02 16:00:00,101.685000,101.765000,101.165000,101.180000,4,2023-05-02
2023-05-02 20:00:00,101.190000,101.330000,100.845000,100.955000,4,2023-05-03
2023-05-03 00:00:00,100.980000,100.980000,99.995000,100.300000,4,2023-05-03
2023-05-03 04:00:00,100.295000,100.375000,100.160000,100.210000,4,2023-05-03
2023-05-03 08:00:00,100.190000,100.225000,99.845000,99.855000,4,2023-05-03
2023-05-03 12:00:00,99.855000,100.004997,99.805000,99.865000,4,2023-05-03
2023-05-03 16:00:00,99.835000,99.965000,99.505000,99.555000,4,2023-05-03
2023-05-03 20:00:00,99.545000,99.670000,99.195000,99.335000,4,2023-05-04
2023-05-04 00:00:00,99.325000,99.635000,99.115000,99.465000,4,2023-05-04
2023-05-04 04:00:00,99.475000,99.820000,98.830000,98.905000,4,2023-05-04
2023-05-04 08:00:00,98.880000,98.930000,98.615000,98.885000,4,2023-05-04
2023-05-04 12:00:00,98.875000,99.070000,98.850000,98.980000,4,2023-05-04
2023-05-04 16:00:00,98.975000,99.105000,98.595000,98.930000,4,2023-05-04
2023-05-04 20:00:00,98.915000,99.210000,98.670000,98.880000,4,2023-05-05
2023-05-05 00:00:00,98.855000,99.135000,98.380000,99.035004,4,2023-05-05
2023-05-05 04:00:00,99.040001,99.235000,98.960000,99.135000,4,2023-05-05
2023-05-05 08:00:00,99.150000,99.305000,99.120000,99.150000,4,2023-05-05
2023-05-05 12:00:00,99.155000,99.260000,99.074997,99.150000,4,2023-05-05
2023-05-05 16:00:00,99.170000,99.480000,99.084999,99.345000,4,2023-05-05
2023-05-05 20:00:00,99.340000,99.500000,99.325000,99.480000,1,2023-05-05
2023-05-08 04:00:00,100.725000,100.855000,100.725000,100.830000,1,2023-05-08
2023-05-08 08:00:00,100.820000,101.125000,100.770000,100.850000,4,2023-05-08
2023-05-08 12:00:00,100.845000,100.875000,100.715000,100.760000,4,2023-05-08
2023-05-08 16:00:00,100.755000,101.240000,100.715000,101.195000,4,2023-05-08
2023-05-08 20:00:00,101.200000,101.425000,101.125000,101.235000,4,2023-05-09
2023-05-09 00:00:00,101.230000,101.310000,100.760000,100.915000,4,2023-05-09
2023-05-09 04:00:00,100.915000,101.089996,100.815000,101.004997,4,2023-05-09
2023-05-09 08:00:00,101.019997,101.195000,100.905000,100.990000,4,2023-05-09
2023-05-09 12:00:00,100.990000,101.070000,100.815000,100.840000,4,2023-05-09
2023-05-09 16:00:00,100.840000,101.050003,100.700000,100.890000,4,2023-05-09
2023-05-09 20:00:00,100.890000,101.025002,100.680000,100.880000,4,2023-05-10
2023-05-10 00:00:00,100.875000,101.014999,100.740000,100.990000,4,2023-05-10
2023-05-10 04:00:00,101.000000,101.084999,100.985000,101.019997,4,2023-05-10
2023-05-10 08:00:00,101.014999,101.180000,100.965000,101.025002,4,2023-05-10
2023-05-10 12:00:00,101.025002,101.115000,100.955000,101.074997,4,2023-05-10
2023-05-10 16:00:00,101.089996,101.280000,100.880000,100.960000,4,2023-05-10
2023-05-10 20:00:00,100.960000,101.355000,100.420000,100.595000,4,2023-05-11
2023-05-11 00:00:00,100.620000,100.750000,100.019997,100.195000,4,2023-05-11
2023-05-11 04:00:00,100.205000,100.515000,100.195000,100.455000,4,2023-05-11
2023-05-11 08:00:00,100.455000,100.495000,100.155000,100.215000,4,2023-05-11
2023-05-11 12:00:00,100.205000,100.380000,100.190000,100.355000,4,2023-05-11
2023-05-11 16:00:00,100.325000,100.595000,100.145000,100.480000,4,2023-05-11
2023-05-11 20:00:00,100.465000,100.495000,99.375000,99.605000,4,2023-05-12
2023-05-12 00:00:00,99.635000,99.820000,99.520000,99.645000,4,2023-05-12
2023-05-12 04:00:00,99.650000,99.795000,99.605000,99.720000,4,2023-05-12
2023-05-12 08:00:00,99.740000,99.820000,99.630000,99.750000,4,2023-05-12
2023-05-12 12:00:00,99.740000,99.875000,99.730000,99.855000,4,2023-05-12
2023-05-12 16:00:00,99.855000,100.059998,99.795000,99.835000,4,2023-05-12
2023-05-12 20:00:00,99.830000,99.910000,99.795000,99.800000,1,2023-05-12
2023-05-15 04:00:00,100.145000,100.155000,100.110000,100.125000,1,2023-05-15
2023-05-15 08:00:00,100.175000,100.270000,100.074997,100.255000,4,2023-05-15
2023-05-15 12:00:00,100.260000,100.675000,100.235000,100.660000,4,2023-05-15
2023-05-15 16:00:00,100.665000,100.866000,100.455000,100.760500,4,2023-05-15
2023-05-15 20:00:00,100.761500,100.919000,100.502500,100.674500,4,2023-05-16
2023-05-16 00:00:00,100.680500,101.131500,100.680500,101.000000,4,2023-05-16
2023-05-16 04:00:00,100.997500,101.095001,100.950000,101.064499,4,2023-05-16
2023-05-16 08:00:00,101.057999,101.067497,100.922500,101.061501,4,2023-05-16
2023-05-16 12:00:00,101.025497,101.025497,100.792500,100.800000,4,2023-05-16
2023-05-16 16:00:00,100.798500,101.029999,100.690000,100.880000,4,2023-05-16
2023-05-16 20:00:00,100.870000,101.690000,100.800000,101.470000,4,2023-05-17
2023-05-17 00:00:00,101.470000,101.550000,101.220000,101.240000,4,2023-05-17
2023-05-17 04:00:00,101.240500,101.283000,101.099998,101.176500,4,2023-05-17
2023-05-17 08:00:00,101.200000,101.280000,101.150000,101.210000,4,2023-05-17
2023-05-17 12:00:00,101.210000,101.450000,101.200000,101.410000,4,2023-05-17
2023-05-17 16:00:00,101.410000,101.530000,101.200000,101.508000,4,2023-05-17
2023-05-17 20:00:00,101.520000,102.019997,101.400000,101.830000,4,2023-05-18
2023-05-18 00:00:00,101.830000,102.380000,101.720000,102.340000,4,2023-05-18
2023-05-18 04:00:00,102.340000,102.390000,102.223500,102.250000,4,2023-05-18
2023-05-18 08:00:00,102.250000,102.340000,101.950000,102.019997,4,2023-05-18
2023-05-18 12:00:00,102.019997,102.240000,101.980000,102.050003,4,2023-05-18
2023-05-18 16:00:00,102.040001,102.390000,101.970000,102.282500,4,2023-05-18
2023-05-18 20:00:00,102.270000,102.691500,102.220000,102.550000,4,2023-05-19
2023-05-19 00:00:00,102.560000,102.840000,102.400000,102.480000,4,2023-05-19
2023-05-19 04:00:00,102.470000,102.780000,102.460000,102.701000,4,2023-05-19
2023-05-19 08:00:00,102.690000,102.750500,102.470000,102.530000,4,2023-05-19
2023-05-19 12:00:00,102.540000,102.670000,102.470000,102.470000,4,2023-05-19
2023-05-19 16:00:00,102.500000,102.590000,102.310000,102.460000,4,2023-05-19
2023-05-19 20:00:00,102.470000,102.600000,102.450000,102.573500,1,2023-05-19
2023-05-22 04:00:00,102.169000,102.243500,102.160500,102.226870,1,2023-05-22
2023-05-22 08:00:00,102.224500,102.224500,101.880000,101.909000,4,2023-05-22
2023-05-22 12:00:00,101.909000,102.133500,101.904500,102.127500,4,2023-05-22
2023-05-22 16:00:00,102.136000,102.220000,101.950000,102.147000,4,2023-05-22
2023-05-22 20:00:00,102.140000,102.660000,102.089996,102.610000,4,2023-05-23
2023-05-23 00:00:00,102.590000,102.660000,102.130000,102.520000,4,2023-05-23
2023-05-23 04:00:00,102.530000,102.664510,102.450000,102.664510,4,2023-05-23
2023-05-23 08:00:00,102.610000,102.890000,102.557100,102.860000,4,2023-05-23
2023-05-23 12:00:00,102.860000,102.900000,102.500000,102.640000,4,2023-05-23
2023-05-23 16:00:00,102.650000,102.720000,102.170000,102.220000,4,2023-05-23
2023-05-23 20:00:00,102.212500,102.860000,102.200000,102.510000,4,2023-05-24
2023-05-24 00:00:00,102.500000,102.890500,102.380000,102.660000,4,2023-05-24
2023-05-24 04:00:00,102.650000,102.721500,102.440000,102.600000,4,2023-05-24
2023-05-24 08:00:00,102.610000,102.690000,102.518500,102.553500,4,2023-05-24
2023-05-24 12:00:00,102.540000,102.550000,102.407500,102.430000,4,2023-05-24
2023-05-24 16:00:00,102.440000,102.560000,102.250000,102.270000,4,2023-05-24
2023-05-24 20:00:00,102.270000,102.530000,102.130000,102.320000,4,2023-05-25
2023-05-25 00:00:00,102.310000,102.500000,102.150000,102.450000,4,2023-05-25
2023-05-25 04:00:00,102.440000,102.600000,102.260000,102.540000,4,2023-05-25
2023-05-25 08:00:00,102.520000,102.660000,102.130000,102.610000,4,2023-05-25
2023-05-25 12:00:00,102.610000,102.670000,102.520000,102.560000,4,2023-05-25
2023-05-25 16:00:00,102.550000,102.690000,102.440000,102.670000,4,2023-05-25
2023-05-25 20:00:00,102.670000,102.770000,102.340000,102.470000,4,2023-05-26
2023-05-26 00:00:00,102.470000,102.734500,102.320000,102.660000,4,2023-05-26
2023-05-26 04:00:00,102.680000,102.860000,102.610000,102.686500,4,2023-05-26
2023-05-26 08:00:00,102.690000,102.720000,102.390000,102.500000,4,2023-05-26
2023-05-26 12:00:00,102.501500,102.550000,102.430000,102.450000,4,2023-05-26
2023-05-26 16:00:00,102.450000,102.640000,102.370000,102.490000,4,2023-05-26
2023-05-26 20:00:00,102.490000,102.670000,102.470000,102.660000,1,2023-05-26
2023-05-29 04:00:00,103.319000,103.320000,103.176050,103.320000,1,2023-05-29
2023-05-29 08:00:00,103.330000,103.560000,103.270000,103.330000,4,2023-05-29
2023-05-29 12:00:00,103.330000,103.380000,103.197500,103.210000,4,2023-05-29
2023-05-29 16:00:00,103.220000,103.390000,103.099998,103.160000,4,2023-05-29
2023-05-29 20:00:00,103.148000,103.240000,102.970000,103.085999,4,2023-05-30
2023-05-30 00:00:00,103.072502,103.330000,103.059998,103.310000,4,2023-05-30
2023-05-30 04:00:00,103.310000,103.405500,103.250000,103.294000,4,2023-05-30
2023-05-30 08:00:00,103.320000,103.390000,103.128500,103.179000,4,2023-05-30
2023-05-30 12:00:00,103.170000,103.440000,103.028999,103.420000,4,2023-05-30
2023-05-30 16:00:00,103.430000,103.590000,103.059998,103.270000,4,2023-05-30
2023-05-30 20:00:00,103.260000,103.310000,102.799000,102.850000,4,2023-05-31
2023-05-31 00:00:00,102.870000,102.960000,102.610000,102.680000,4,2023-05-31
2023-05-31 04:00:00,102.670000,102.860000,102.658000,102.790000,4,2023-05-31
2023-05-31 08:00:00,102.780000,102.840000,102.580000,102.590000,4,2023-05-31
2023-05-31 12:00:00,102.590000,102.630000,102.160000,102.280000,4,2023-05-31
2023-05-31 16:00:00,102.280000,102.630000,102.154500,102.530000,4,2023-05-31
2023-05-31 20:00:00,102.530000,102.720000,102.217000,102.580000,4,2023-06-01
2023-06-01 00:00:00,102.570000,103.019997,102.500000,102.610000,4,2023-06-01
2023-06-01 04:00:00,102.610000,102.712000,102.550000,102.660000,4,2023-06-01
2023-06-01 08:00:00,102.670000,102.790000,102.420000,102.760000,4,2023-06-01
2023-06-01 12:00:00,102.751500,102.940000,102.678500,102.930000,4,2023-06-01
2023-06-01 16:00:00,102.940000,103.059998,102.850000,103.029999,4,2023-06-01
2023-06-01 20:00:00,103.029999,103.099998,102.540000,102.660000,4,2023-06-02
2023-06-02 00:00:00,102.660000,103.330000,102.440000,103.280000,4,2023-06-02
2023-06-02 04:00:00,103.260000,103.330000,103.120000,103.230000,4,2023-06-02
2023-06-02 08:00:00,103.230000,103.410000,103.130000,103.300000,4,2023-06-02
2023-06-02 12:00:00,103.310000,103.490000,103.219500,103.410000,4,2023-06-02
2023-06-02 16:00:00,103.410000,103.640000,103.373500,103.450000,4,2023-06-02
2023-06-02 20:00:00,103.440000,103.530000,103.420000,103.530000,1,2023-06-02
2023-06-05 04:00:00,104.284000,104.303500,104.214000,104.230000,1,2023-06-05
2023-06-05 08:00:00,104.250000,104.446000,104.200000,104.380000,4,2023-06-05
2023-06-05 12:00:00,104.380000,104.400000,104.180000,104.240000,4,2023-06-05
2023-06-05 16:00:00,104.250000,104.590000,104.242000,104.350000,4,2023-06-05
2023-06-05 20:00:00,104.360000,104.410000,104.130000,104.170000,4,2023-06-06
2023-06-06 00:00:00,103.970000,104.140000,103.510000,104.059998,4,2023-06-06
2023-06-06 04:00:00,104.059998,104.059998,103.770000,103.810000,4,2023-06-06
2023-06-06 08:00:00,103.820000,103.920000,103.620000,103.875500,4,2023-06-06
2023-06-06 12:00:00,103.880000,104.089996,103.840000,104.006500,4,2023-06-06
2023-06-06 16:00:00,103.980000,104.040001,103.640000,103.840000,4,2023-06-06
2023-06-06 20:00:00,103.840000,104.140000,103.760000,104.089996,4,2023-06-07
2023-06-07 00:00:00,104.089996,104.350000,104.070000,104.150000,4,2023-06-07
2023-06-07 04:00:00,104.150000,104.336480,104.089996,104.200000,4,2023-06-07
2023-06-07 08:00:00,104.210000,104.220000,103.929000,104.029999,4,2023-06-07
2023-06-07 12:00:00,104.019997,104.029999,103.790000,103.800000,4,2023-06-07
2023-06-07 16:00:00,103.800000,104.150000,103.710000,104.010002,4,2023-06-07
2023-06-07 20:00:00,104.000000,104.200000,103.840000,103.870000,4,2023-06-08
2023-06-08 00:00:00,104.130000,104.880000,104.130000,104.730000,4,2023-06-08
2023-06-08 04:00:00,104.735500,104.880000,104.708500,104.790000,4,2023-06-08
2023-06-08 08:00:00,104.790000,104.870000,104.600000,104.726000,4,2023-06-08
2023-06-08 12:00:00,104.720000,104.780000,104.520000,104.650000,4,2023-06-08
2023-06-08 16:00:00,104.660000,104.841000,104.640000,104.770000,4,2023-06-08
2023-06-08 20:00:00,104.760000,104.770000,103.980000,104.059998,4,2023-06-09
2023-06-09 00:00:00,104.070000,104.191000,103.720000,104.059998,4,2023-06-09
2023-06-09 04:00:00,104.080002,104.080002,103.910000,103.990000,4,2023-06-09
2023-06-09 08:00:00,103.973000,104.190000,103.870000,104.180000,4,2023-06-09
2023-06-09 12:00:00,104.170000,104.360000,104.130000,104.280000,4,2023-06-09
2023-06-09 16:00:00,104.270000,104.738000,104.240000,104.696000,4,2023-06-09
2023-06-09 20:00:00,104.700000,104.710000,104.570000,104.620000,1,2023-06-09
2023-06-12 04:00:00,104.451000,104.580500,104.412000,104.530000,1,2023-06-12
2023-06-12 08:00:00,104.530000,104.580000,104.360000,104.521000,4,2023-06-12
2023-06-12 12:00:00,104.520000,104.570000,104.390000,104.530000,4,2023-06-12
2023-06-12 16:00:00,104.520000,104.770000,104.410000,104.490000,4,2023-06-12
2023-06-12 20:00:00,104.470000,104.660000,104.280000,104.580000,4,2023-06-13
2023-06-13 00:00:00,104.580000,104.610000,104.324000,104.400000,4,2023-06-13
2023-06-13 04:00:00,104.410000,104.470000,104.360000,104.420000,4,2023-06-13
2023-06-13 08:00:00,104.420000,104.490000,104.320000,104.360000,4,2023-06-13
2023-06-13 12:00:00,104.360000,104.441500,104.240000,104.350000,4,2023-06-13
2023-06-13 16:00:00,104.340000,104.610000,104.330000,104.470000,4,2023-06-13
2023-06-13 20:00:00,104.470000,104.865500,104.330000,104.800000,4,2023-06-14
2023-06-14 00:00:00,104.800000,105.410000,104.800000,105.370000,4,2023-06-14
2023-06-14 04:00:00,105.380000,105.452500,105.200000,105.313500,4,2023-06-14
2023-06-14 08:00:00,105.310000,105.353500,105.120000,105.250000,4,2023-06-14
2023-06-14 12:00:00,105.260000,105.340000,105.130000,105.230000,4,2023-06-14
2023-06-14 16:00:00,105.240000,105.360000,105.170000,105.264500,4,2023-06-14
2023-06-14 20:00:00,105.270000,105.390000,104.890000,105.000000,4,2023-06-15
2023-06-15 00:00:00,105.000000,105.089996,104.770000,104.880000,4,2023-06-15
2023-06-15 04:00:00,104.870000,105.170000,104.590000,105.110000,4,2023-06-15
2023-06-15 08:00:00,105.110000,105.680000,105.019997,105.660000,4,2023-06-15
2023-06-15 12:00:00,105.670000,106.019997,105.500000,105.950000,4,2023-06-15
2023-06-15 16:00:00,105.950000,106.140000,105.670000,105.850000,4,2023-06-15
2023-06-15 20:00:00,105.840000,106.050003,105.470000,105.780000,4,2023-06-16
2023-06-16 00:00:00,105.780000,106.250000,105.740000,106.140000,4,2023-06-16
2023-06-16 04:00:00,106.140000,106.250000,106.040001,106.098999,4,2023-06-16
2023-06-16 08:00:00,106.089996,106.099998,105.750000,105.790000,4,2023-06-16
2023-06-16 12:00:00,105.791000,106.430000,105.740000,106.370000,4,2023-06-16
2023-06-16 16:00:00,106.360000,106.850000,106.340000,106.590000,4,2023-06-16
2023-06-16 20:00:00,106.580000,106.640000,106.470000,106.560000,1,2023-06-16
2023-06-19 04:00:00,107.459000,107.519000,107.356060,107.430000,1,2023-06-19
2023-06-19 08:00:00,107.460000,107.620000,107.327080,107.390000,4,2023-06-19
2023-06-19 12:00:00,107.380000,107.440000,106.980000,107.310000,4,2023-06-19
2023-06-19 16:00:00,107.300000,107.650000,107.220000,107.500000,4,2023-06-19
2023-06-19 20:00:00,107.500000,107.590000,107.380000,107.480000,4,2023-06-20
2023-06-20 00:00:00,107.470000,107.510000,107.310000,107.380000,4,2023-06-20
2023-06-20 04:00:00,107.390000,107.500000,107.320000,107.443500,4,2023-06-20
2023-06-20 08:00:00,107.440000,107.660000,107.382500,107.431000,4,2023-06-20
2023-06-20 12:00:00,107.440000,107.470000,107.080002,107.430000,4,2023-06-20
2023-06-20 16:00:00,107.440000,107.490000,107.010002,107.059998,4,2023-06-20
2023-06-20 20:00:00,107.070000,107.089996,106.700000,106.830000,4,2023-06-21
2023-06-21 00:00:00,106.872000,106.930000,106.559000,106.750000,4,2023-06-21
2023-06-21 04:00:00,106.780000,106.960000,106.750000,106.840000,4,2023-06-21
2023-06-21 08:00:00,106.840000,107.140000,106.800000,107.089996,4,2023-06-21
2023-06-21 12:00:00,107.099998,107.360000,107.029999,107.182500,4,2023-06-21
2023-06-21 16:00:00,107.160000,107.470000,107.140000,107.320000,4,2023-06-21
2023-06-21 20:00:00,107.330000,107.750000,107.170000,107.680000,4,2023-06-22
2023-06-22 00:00:00,107.690000,107.890000,107.580000,107.730000,4,2023-06-22
2023-06-22 04:00:00,107.750000,107.810000,107.665000,107.750000,4,2023-06-22
2023-06-22 08:00:00,107.760000,107.860000,107.630000,107.766500,4,2023-06-22
2023-06-22 12:00:00,107.761500,107.780000,107.600000,107.690000,4,2023-06-22
2023-06-22 16:00:00,107.720000,108.029999,107.670000,108.000000,4,2023-06-22
2023-06-22 20:00:00,107.993500,108.140000,107.780000,108.070000,4,2023-06-23
2023-06-23 00:00:00,108.080002,108.730000,108.080002,108.730000,4,2023-06-23
2023-06-23 04:00:00,108.750000,108.910000,108.688000,108.790000,4,2023-06-23
2023-06-23 08:00:00,108.800000,108.906000,108.500000,108.590000,4,2023-06-23
2023-06-23 12:00:00,108.580000,108.780000,108.390000,108.750000,4,2023-06-23
2023-06-23 16:00:00,108.760000,108.780500,108.120000,108.517500,4,2023-06-23
2023-06-23 20:00:00,108.500000,108.580000,108.430000,108.450000,1,2023-06-23
2023-06-26 04:00:00,108.906000,108.973540,108.860000,108.960500,1,2023-06-26
2023-06-26 08:00:00,108.970000,109.140000,108.797000,108.980000,4,2023-06-26
2023-06-26 12:00:00,108.980000,109.093002,108.910000,108.930000,4,2023-06-26
2023-06-26 16:00:00,108.920000,109.096497,108.610000,108.780000,4,2023-06-26
2023-06-26 20:00:00,108.800000,109.089996,108.640000,108.976000,4,2023-06-27
2023-06-27 00:00:00,108.970000,109.270000,108.940000,109.175000,4,2023-06-27
2023-06-27 04:00:00,109.160000,109.223000,109.050003,109.089996,4,2023-06-27
2023-06-27 08:00:00,109.089996,109.230000,109.010002,109.220000,4,2023-06-27
2023-06-27 12:00:00,109.230000,109.410000,109.190000,109.380000,4,2023-06-27
2023-06-27 16:00:00,109.390000,109.500000,109.274000,109.433500,4,2023-06-27
2023-06-27 20:00:00,109.450000,109.480000,108.770000,108.900000,4,2023-06-28
2023-06-28 00:00:00,108.910000,109.410000,108.900000,109.258000,4,2023-06-28
2023-06-28 04:00:00,109.240000,109.320000,109.150000,109.185500,4,2023-06-28
2023-06-28 08:00:00,109.180000,109.210000,108.800000,108.890000,4,2023-06-28
2023-06-28 12:00:00,108.910000,109.080002,108.870000,109.000000,4,2023-06-28
2023-06-28 16:00:00,108.980000,109.170000,108.800000,108.890000,4,2023-06-28
2023-06-28 20:00:00,108.890000,109.029999,108.650000,108.940000,4,2023-06-29
2023-06-29 00:00:00,108.930000,109.080002,108.780000,108.890000,4,2023-06-29
2023-06-29 04:00:00,108.884000,109.029999,108.870000,108.960500,4,2023-06-29
2023-06-29 08:00:00,108.930000,108.980000,108.780000,108.860000,4,2023-06-29
2023-06-29 12:00:00,108.860000,108.946000,108.750000,108.890000,4,2023-06-29
2023-06-29 16:00:00,108.880000,109.030998,108.640000,108.800000,4,2023-06-29
2023-06-29 20:00:00,108.810000,109.128500,108.700000,109.120000,4,2023-06-30
2023-06-30 00:00:00,109.099998,109.318000,109.000000,109.272000,4,2023-06-30
2023-06-30 04:00:00,109.274000,109.410000,109.190000,109.210000,4,2023-06-30
2023-06-30 08:00:00,109.220000,109.420000,109.170000,109.258500,4,2023-06-30
2023-06-30 12:00:00,109.250000,109.390000,109.150000,109.160000,4,2023-06-30
2023-06-30 16:00:00,109.170000,109.270000,108.880000,109.190000,4,2023-06-30
2023-06-30 20:00:00,109.194000,109.224000,108.980000,109.019997,1,2023-06-30
2023-07-03 04:00:00,109.034500,109.191000,108.920000,108.952500,1,2023-07-03
2023-07-03 08:00:00,108.950000,109.110000,108.819500,109.072502,4,2023-07-03
2023-07-03 12:00:00,109.073502,109.230000,109.000000,109.120000,4,2023-07-03
2023-07-03 16:00:00,109.110000,109.250000,108.970000,109.059998,4,2023-07-03
2023-07-03 20:00:00,109.059998,109.368000,108.950000,109.019997,4,2023-07-04
2023-07-04 00:00:00,108.931000,109.220000,108.800000,109.170000,4,2023-07-04
2023-07-04 04:00:00,109.170000,109.240000,109.140000,109.188000,4,2023-07-04
2023-07-04 08:00:00,109.190000,109.210000,109.000000,109.120000,4,2023-07-04
2023-07-04 12:00:00,109.123500,109.210000,109.080002,109.140000,4,2023-07-04
2023-07-04 16:00:00,109.120000,109.220000,109.000000,109.120000,4,2023-07-04
2023-07-04 20:00:00,109.140000,109.330000,109.110000,109.140000,4,2023-07-05
2023-07-05 00:00:00,109.140000,109.360000,109.080002,109.300000,4,2023-07-05
2023-07-05 04:00:00,109.298500,109.314500,109.167520,109.219500,4,2023-07-05
2023-07-05 08:00:00,109.240000,109.390000,109.190000,109.310000,4,2023-07-05
2023-07-05 12:00:00,109.300000,109.346000,109.160000,109.330000,4,2023-07-05
2023-07-05 16:00:00,109.340000,109.380000,108.640000,108.717000,4,2023-07-05
2023-07-05 20:00:00,108.700000,108.951000,108.500000,108.690000,4,2023-07-06
2023-07-06 00:00:00,108.657500,109.000000,108.650000,108.920000,4,2023-07-06
2023-07-06 04:00:00,108.910000,108.970000,108.840000,108.870000,4,2023-07-06
2023-07-06 08:00:00,108.870000,108.890000,108.519000,108.690000,4,2023-07-06
2023-07-06 12:00:00,108.710000,108.730000,108.080002,108.089996,4,2023-07-06
2023-07-06 16:00:00,108.092316,108.420000,108.050003,108.410000,4,2023-07-06
2023-07-06 20:00:00,108.409000,108.440000,107.800000,108.260000,4,2023-07-07
2023-07-07 00:00:00,108.270000,108.450000,107.750000,107.940000,4,2023-07-07
2023-07-07 04:00:00,107.950000,107.970000,107.710000,107.780000,4,2023-07-07
2023-07-07 08:00:00,107.810000,107.840000,107.539500,107.751500,4,2023-07-07
2023-07-07 12:00:00,107.750000,107.790000,107.390000,107.410000,4,2023-07-07
2023-07-07 16:00:00,107.410000,107.474500,106.889000,107.043999,4,2023-07-07
2023-07-07 20:00:00,107.029999,107.140000,107.000000,107.140000,1,2023-07-07
2023-07-10 04:00:00,107.133500,107.168590,107.043503,107.054497,1,2023-07-10
2023-07-10 08:00:00,107.059998,107.440000,107.050003,107.290000,4,2023-07-10
2023-07-10 12:00:00,107.280000,107.601500,107.280000,107.330000,4,2023-07-10
2023-07-10 16:00:00,107.320000,107.330000,107.050003,107.250000,4,2023-07-10
2023-07-10 20:00:00,107.247500,107.280000,106.580000,106.690000,4,2023-07-11
2023-07-11 00:00:00,106.700000,106.820000,106.380000,106.440000,4,2023-07-11
2023-07-11 04:00:00,106.440000,106.470000,106.290000,106.448000,4,2023-07-11
2023-07-11 08:00:00,106.450000,106.620000,106.330000,106.330000,4,2023-07-11
2023-07-11 12:00:00,106.330000,106.395000,106.010002,106.170000,4,2023-07-11
2023-07-11 16:00:00,106.160000,106.280000,105.780000,105.860000,4,2023-07-11
2023-07-11 20:00:00,105.870000,106.190000,105.650000,106.089996,4,2023-07-12
2023-07-12 00:00:00,106.089996,106.170000,105.890000,105.920000,4,2023-07-12
2023-07-12 04:00:00,105.920000,106.110500,105.890000,106.073997,4,2023-07-12
2023-07-12 08:00:00,106.080002,106.082001,105.490000,105.570000,4,2023-07-12
2023-07-12 12:00:00,105.573500,105.802500,105.530000,105.560000,4,2023-07-12
2023-07-12 16:00:00,105.560000,105.760000,105.470000,105.730000,4,2023-07-12
2023-07-12 20:00:00,105.730000,105.752500,105.110000,105.290000,4,2023-07-13
2023-07-13 00:00:00,105.290000,105.630000,104.800000,104.865000,4,2023-07-13
2023-07-13 04:00:00,104.870000,105.080002,104.830000,104.990000,4,2023-07-13
2023-07-13 08:00:00,104.980000,105.160000,104.750000,105.019997,4,2023-07-13
2023-07-13 12:00:00,105.029999,105.290000,105.021004,105.279500,4,2023-07-13
2023-07-13 16:00:00,105.270000,105.330000,105.059998,105.266000,4,2023-07-13
2023-07-13 20:00:00,105.269500,105.500000,105.019997,105.250000,4,2023-07-14
2023-07-14 00:00:00,105.230000,105.480000,105.130000,105.320000,4,2023-07-14
2023-07-14 04:00:00,105.317000,105.380000,105.204900,105.290000,4,2023-07-14
2023-07-14 08:00:00,105.290000,105.330000,104.730000,104.910000,4,2023-07-14
2023-07-14 12:00:00,104.920000,105.270000,104.860000,105.200000,4,2023-07-14
2023-07-14 16:00:00,105.210000,105.630000,105.130000,105.600000,4,2023-07-14
2023-07-14 20:00:00,105.604000,105.860000,105.590000,105.690000,1,2023-07-14
2023-07-17 04:00:00,104.979000,105.075500,104.904500,104.920000,1,2023-07-17
2023-07-17 08:00:00,104.900000,104.960000,104.640000,104.730000,4,2023-07-17
2023-07-17 12:00:00,104.735000,104.880000,104.700000,104.820000,4,2023-07-17
2023-07-17 16:00:00,104.830000,104.950000,104.430000,104.480000,4,2023-07-17
2023-07-17 20:00:00,104.490000,105.607000,104.390000,105.475500,4,2023-07-18
2023-07-18 00:00:00,105.466500,105.719000,105.248000,105.280000,4,2023-07-18
2023-07-18 04:00:00,105.290000,105.290000,105.054497,105.099998,4,2023-07-18
2023-07-18 08:00:00,105.099998,105.250000,105.019997,105.050003,4,2023-07-18
2023-07-18 12:00:00,105.059998,105.120000,104.885500,104.940000,4,2023-07-18
2023-07-18 16:00:00,104.920000,104.960000,104.580000,104.730000,4,2023-07-18
2023-07-18 20:00:00,104.720000,105.059998,104.250000,104.950000,4,2023-07-19
2023-07-19 00:00:00,104.970000,105.520000,104.940000,105.330000,4,2023-07-19
2023-07-19 04:00:00,105.340000,105.530000,105.322500,105.399000,4,2023-07-19
2023-07-19 08:00:00,105.380000,105.720000,105.370000,105.640000,4,2023-07-19
2023-07-19 12:00:00,105.640000,105.910000,105.640000,105.860000,4,2023-07-19
2023-07-19 16:00:00,105.860000,106.230000,105.730000,106.089996,4,2023-07-19
2023-07-19 20:00:00,106.110000,106.190000,105.720000,106.140000,4,2023-07-20
2023-07-20 00:00:00,106.140000,106.342000,105.890000,106.010002,4,2023-07-20
2023-07-20 04:00:00,106.000000,106.000000,105.920000,105.984550,1,2023-07-20
2023-07-20 08:00:00,106.040001,106.140000,105.890000,105.940000,4,2023-07-20
2023-07-20 12:00:00,105.943000,106.070000,105.880000,106.029999,4,2023-07-20
2023-07-20 16:00:00,106.000000,106.314500,105.980000,106.310000,4,2023-07-20
2023-07-20 20:00:00,106.300000,106.440000,106.170000,106.340000,4,2023-07-21
2023-07-21 00:00:00,106.310000,106.610000,106.220000,106.414500,4,2023-07-21
2023-07-21 04:00:00,106.417000,106.450000,106.263500,106.336500,4,2023-07-21
2023-07-21 08:00:00,106.310000,106.440000,106.080002,106.370000,4,2023-07-21
2023-07-21 12:00:00,106.370000,106.582500,106.330000,106.460000,4,2023-07-21
2023-07-21 16:00:00,106.450000,107.750000,106.340000,107.570000,4,2023-07-21
2023-07-21 20:00:00,107.580000,107.810000,107.560000,107.780000,1,2023-07-21
2023-07-24 04:00:00,107.148310,107.281500,107.110000,107.224080,1,2023-07-24
2023-07-24 08:00:00,107.225500,107.261500,106.915000,106.960000,4,2023-07-24
2023-07-24 12:00:00,106.950000,107.160000,106.859000,107.160000,4,2023-07-24
2023-07-24 16:00:00,107.160000,107.270000,106.940000,107.110000,4,2023-07-24
2023-07-24 20:00:00,107.108000,107.122500,106.780000,107.029999,4,2023-07-25
2023-07-25 00:00:00,107.000000,107.536000,106.970000,107.494500,4,2023-07-25
2023-07-25 04:00:00,107.500000,107.530000,107.350000,107.410000,4,2023-07-25
2023-07-25 08:00:00,107.420000,107.500000,107.330000,107.340000,4,2023-07-25
2023-07-25 12:00:00,107.340000,107.530000,107.280000,107.480000,4,2023-07-25
2023-07-25 16:00:00,107.490000,107.670000,107.270000,107.270000,4,2023-07-25
2023-07-25 20:00:00,107.266500,107.565000,106.890000,107.110000,4,2023-07-26
2023-07-26 00:00:00,107.220000,107.233500,106.718500,107.103000,4,2023-07-26
2023-07-26 04:00:00,107.095001,107.234000,106.614000,106.980000,4,2023-07-26
2023-07-26 08:00:00,106.960000,107.000000,106.840000,106.970000,4,2023-07-26
2023-07-26 12:00:00,106.980000,107.019997,106.890000,106.910000,4,2023-07-26
2023-07-26 16:00:00,106.920000,106.940000,106.190000,106.220000,4,2023-07-26
2023-07-26 20:00:00,106.240000,106.342000,105.910000,106.320000,4,2023-07-27
2023-07-27 00:00:00,106.330000,106.390000,106.120000,106.210000,4,2023-07-27
2023-07-27 04:00:00,106.220000,106.360000,105.968000,106.190000,4,2023-07-27
2023-07-27 08:00:00,106.180000,106.470000,105.980000,106.029999,4,2023-07-27
2023-07-27 12:00:00,106.029999,106.390000,105.860000,106.340000,4,2023-07-27
2023-07-27 16:00:00,106.346500,106.451500,106.160000,106.304000,4,2023-07-27
2023-07-27 20:00:00,106.280000,106.880000,106.170000,106.670000,4,2023-07-28
2023-07-28 00:00:00,106.660500,107.080002,105.440000,105.590000,4,2023-07-28
2023-07-28 04:00:00,105.580000,105.640000,104.810000,105.450000,4,2023-07-28
2023-07-28 08:00:00,105.450000,105.456000,104.880000,105.330000,4,2023-07-28
2023-07-28 12:00:00,105.330000,106.700000,104.220000,105.270000,4,2023-07-28
2023-07-28 16:00:00,105.260000,105.810000,104.920000,105.330000,4,2023-07-28
2023-07-28 20:00:00,105.330000,105.451000,105.200000,105.230000,1,2023-07-28
2023-07-31 04:00:00,106.453000,106.540000,106.420000,106.490000,1,2023-07-31
2023-07-31 08:00:00,106.470000,106.940000,106.183000,106.810000,4,2023-07-31
2023-07-31 12:00:00,106.810000,107.110000,106.750000,107.010002,4,2023-07-31
2023-07-31 16:00:00,107.000000,107.670000,106.980000,107.580000,4,2023-07-31
2023-07-31 20:00:00,107.580000,108.089996,107.497000,108.029999,4,2023-08-01
2023-08-01 00:00:00,108.050003,108.122000,107.830000,107.893500,4,2023-08-01
2023-08-01 04:00:00,107.890000,108.019997,107.830000,107.890000,4,2023-08-01
2023-08-01 08:00:00,107.890000,108.093002,107.840000,108.080002,4,2023-08-01
2023-08-01 12:00:00,108.110000,108.110000,107.839000,108.050003,4,2023-08-01
2023-08-01 16:00:00,108.029999,108.046997,107.559500,107.580000,4,2023-08-01
2023-08-01 20:00:00,107.573500,107.970000,107.530000,107.880000,4,2023-08-02
2023-08-02 00:00:00,107.860000,108.005997,107.670000,107.920000,4,2023-08-02
2023-08-02 04:00:00,107.930000,107.970000,107.600000,107.630000,4,2023-08-02
2023-08-02 08:00:00,107.620000,107.890000,107.558500,107.810000,4,2023-08-02
2023-08-02 12:00:00,107.830000,107.890000,107.313000,107.470000,4,2023-08-02
2023-08-02 16:00:00,107.480000,107.480000,106.840000,107.160000,4,2023-08-02
2023-08-02 20:00:00,107.160000,107.620000,107.140000,107.530000,4,2023-08-03
2023-08-03 00:00:00,107.550000,107.670000,107.230000,107.310000,4,2023-08-03
2023-08-03 04:00:00,107.312500,107.470000,107.312500,107.370000,4,2023-08-03
2023-08-03 08:00:00,107.340000,107.473000,107.269000,107.374000,4,2023-08-03
2023-08-03 12:00:00,107.360000,107.770000,107.250000,107.520000,4,2023-08-03
2023-08-03 16:00:00,107.530000,107.600000,106.740000,106.910000,4,2023-08-03
2023-08-03 20:00:00,106.890000,107.007004,106.630000,106.920000,4,2023-08-04
2023-08-04 00:00:00,106.870000,107.004997,106.390000,106.882500,4,2023-08-04
2023-08-04 04:00:00,106.890000,106.908000,106.690000,106.750000,4,2023-08-04
2023-08-04 08:00:00,106.730000,107.059998,106.680000,106.920000,4,2023-08-04
2023-08-04 12:00:00,106.920000,106.950000,106.580000,106.670000,4,2023-08-04
2023-08-04 16:00:00,106.680000,106.830000,106.560000,106.780000,4,2023-08-04
2023-08-04 20:00:00,106.800000,106.867000,106.730000,106.780000,1,2023-08-04
2023-08-07 04:00:00,105.980500,106.009773,105.900000,105.960000,1,2023-08-07
2023-08-07 08:00:00,105.950000,106.110000,105.840000,106.023499,4,2023-08-07
2023-08-07 12:00:00,106.019997,106.390000,106.014503,106.300000,4,2023-08-07
2023-08-07 16:00:00,106.290000,106.398000,106.219000,106.330000,4,2023-08-07
2023-08-07 20:00:00,106.340000,106.410000,106.089996,106.190000,4,2023-08-08
2023-08-08 00:00:00,106.200000,106.640000,106.186000,106.596000,4,2023-08-08
2023-08-08 04:00:00,106.596500,106.639000,106.502000,106.560000,4,2023-08-08
2023-08-08 08:00:00,106.570000,107.029999,106.470000,106.980000,4,2023-08-08
2023-08-08 12:00:00,106.989500,107.095001,106.870000,106.950000,4,2023-08-08
2023-08-08 16:00:00,106.960000,107.000000,106.380000,106.410000,4,2023-08-08
2023-08-08 20:00:00,106.420000,106.540000,105.890000,106.089996,4,2023-08-09
2023-08-09 00:00:00,106.110000,106.730000,106.029999,106.700000,4,2023-08-09
2023-08-09 04:00:00,106.690000,106.970000,106.660000,106.850000,4,2023-08-09
2023-08-09 08:00:00,106.840000,106.860000,106.590000,106.802000,4,2023-08-09
2023-08-09 12:00:00,106.810000,106.830000,106.620000,106.620000,4,2023-08-09
2023-08-09 16:00:00,106.640000,106.930000,106.620000,106.810000,4,2023-08-09
2023-08-09 20:00:00,106.794000,106.880000,106.560000,106.780000,4,2023-08-10
2023-08-10 00:00:00,106.780000,107.050003,106.680000,106.998040,4,2023-08-10
2023-08-10 04:00:00,107.004501,107.190000,106.980000,107.050003,4,2023-08-10
2023-08-10 08:00:00,107.050003,107.236000,107.010002,107.173000,4,2023-08-10
2023-08-10 12:00:00,107.160000,107.440000,107.160000,107.410000,4,2023-08-10
2023-08-10 16:00:00,107.390000,107.530000,107.210000,107.340000,4,2023-08-10
2023-08-10 20:00:00,107.340000,107.780000,107.059998,107.730000,4,2023-08-11
2023-08-11 00:00:00,107.740000,107.840000,107.590000,107.670000,4,2023-08-11
2023-08-11 04:00:00,107.672000,107.890000,107.550000,107.620000,4,2023-08-11
2023-08-11 08:00:00,107.630000,107.830000,107.620000,107.720000,4,2023-08-11
2023-08-11 12:00:00,107.720000,107.750000,107.590000,107.690000,4,2023-08-11
2023-08-11 16:00:00,107.690000,107.780000,107.440000,107.450000,4,2023-08-11
2023-08-11 20:00:00,107.450000,107.560000,107.440000,107.500000,1,2023-08-11
2023-08-14 04:00:00,107.810000,107.870000,107.793880,107.850000,1,2023-08-14
2023-08-14 08:00:00,107.840000,107.980000,107.550000,107.795000,4,2023-08-14
2023-08-14 12:00:00,107.795000,107.802000,107.590000,107.610000,4,2023-08-14
2023-08-14 16:00:00,107.620000,107.891000,107.530000,107.803000,4,2023-08-14
2023-08-14 20:00:00,107.810000,108.039001,107.780000,108.010002,4,2023-08-15
2023-08-15 00:00:00,108.000000,108.050003,107.840000,108.050003,4,2023-08-15
2023-08-15 04:00:00,108.040001,108.172000,107.970000,108.110000,4,2023-08-15
2023-08-15 08:00:00,108.110000,108.160000,107.970000,108.089996,4,2023-08-15
2023-08-15 12:00:00,108.080002,108.270000,108.000000,108.150000,4,2023-08-15
2023-08-15 16:00:00,108.130000,108.280000,107.904000,107.950000,4,2023-08-15
2023-08-15 20:00:00,107.940000,108.280000,107.780000,107.970000,4,2023-08-16
2023-08-16 00:00:00,107.970000,107.970000,107.660000,107.877500,4,2023-08-16
2023-08-16 04:00:00,107.890000,107.975500,107.810000,107.864000,4,2023-08-16
2023-08-16 08:00:00,107.870000,107.950000,107.797000,107.830000,4,2023-08-16
2023-08-16 12:00:00,107.840000,107.860000,107.690000,107.712500,4,2023-08-16
2023-08-16 16:00:00,107.720000,108.069000,107.610000,107.920000,4,2023-08-16
2023-08-16 20:00:00,107.920000,108.089996,107.860000,108.019997,4,2023-08-17
2023-08-17 00:00:00,108.019997,108.050003,107.800000,108.019997,4,2023-08-17
2023-08-17 04:00:00,108.029999,108.393500,107.950000,108.099998,4,2023-08-17
2023-08-17 08:00:00,108.120000,108.332000,108.037498,108.170000,4,2023-08-17
2023-08-17 12:00:00,108.154000,108.230000,108.029999,108.080002,4,2023-08-17
2023-08-17 16:00:00,108.073997,113.084000,108.023003,108.140000,4,2023-08-17
2023-08-17 20:00:00,108.140000,108.200500,107.830000,107.930000,4,2023-08-18
2023-08-18 00:00:00,107.920000,108.170000,107.920000,108.040001,4,2023-08-18
2023-08-18 04:00:00,108.050003,108.059998,107.520000,107.670000,4,2023-08-18
2023-08-18 08:00:00,107.680000,107.680000,107.415500,107.520000,4,2023-08-18
2023-08-18 12:00:00,107.515000,107.610000,107.220000,107.350000,4,2023-08-18
2023-08-18 16:00:00,107.350000,107.773500,107.089996,107.500000,4,2023-08-18
2023-08-18 20:00:00,107.480000,107.530000,107.373500,107.420000,1,2023-08-18
2023-08-21 04:00:00,107.280000,107.360000,107.250000,107.342380,1,2023-08-21
2023-08-21 08:00:00,107.300000,107.450000,107.110000,107.450000,4,2023-08-21
2023-08-21 12:00:00,107.440000,107.550000,107.300000,107.350000,4,2023-08-21
2023-08-21 16:00:00,107.330000,107.810000,107.320000,107.810000,4,2023-08-21
2023-08-21 20:00:00,107.810000,108.200000,107.810000,108.019997,4,2023-08-22
2023-08-22 00:00:00,108.029999,108.059998,107.740000,107.839000,4,2023-08-22
2023-08-22 04:00:00,107.840000,108.029999,107.810000,107.940000,4,2023-08-22
2023-08-22 08:00:00,107.970000,108.029999,107.820000,107.880000,4,2023-08-22
2023-08-22 12:00:00,107.870000,107.880000,107.720000,107.810000,4,2023-08-22
2023-08-22 16:00:00,107.810000,107.890000,107.590000,107.620000,4,2023-08-22
2023-08-22 20:00:00,107.630000,107.940000,107.557890,107.780000,4,2023-08-23
2023-08-23 00:00:00,107.750000,107.780000,107.440000,107.530000,4,2023-08-23
2023-08-23 04:00:00,107.547000,107.700000,107.500000,107.620000,4,2023-08-23
2023-08-23 08:00:00,107.630000,107.650000,107.450000,107.570000,4,2023-08-23
2023-08-23 12:00:00,107.560000,107.640000,107.530000,107.585000,4,2023-08-23
2023-08-23 16:00:00,107.590000,107.610000,107.140000,107.190000,4,2023-08-23
2023-08-23 20:00:00,107.190000,107.250000,106.546500,106.630000,4,2023-08-24
2023-08-24 00:00:00,106.640000,107.050003,106.620000,107.000000,4,2023-08-24
2023-08-24 04:00:00,107.000000,107.140000,106.900000,107.040001,4,2023-08-24
2023-08-24 08:00:00,107.059998,107.220000,106.901000,107.154000,4,2023-08-24
2023-08-24 12:00:00,107.160000,107.450000,107.140000,107.410000,4,2023-08-24
2023-08-24 16:00:00,107.410000,107.420000,107.170000,107.380000,4,2023-08-24
2023-08-24 20:00:00,107.360000,107.671000,107.330000,107.520000,4,2023-08-25
2023-08-25 00:00:00,107.520000,107.590000,107.220000,107.510000,4,2023-08-25
2023-08-25 04:00:00,107.500000,107.530000,107.300000,107.390000,4,2023-08-25
2023-08-25 08:00:00,107.380000,107.640000,107.380000,107.610000,4,2023-08-25
2023-08-25 12:00:00,107.610000,107.610000,107.300000,107.520000,4,2023-08-25
2023-08-25 16:00:00,107.510000,107.580000,107.380000,107.470000,4,2023-08-25
2023-08-25 20:00:00,107.483000,107.610000,107.483000,107.500000,1,2023-08-25
2023-08-28 04:00:00,107.760000,107.760000,107.689000,107.701500,1,2023-08-28
2023-08-28 08:00:00,107.700000,107.841000,107.660000,107.800000,4,2023-08-28
2023-08-28 12:00:00,107.795000,107.830000,107.670000,107.720000,4,2023-08-28
2023-08-28 16:00:00,107.720000,107.810000,107.660000,107.766000,4,2023-08-28
2023-08-28 20:00:00,107.770000,107.970000,107.640000,107.950000,4,2023-08-29
2023-08-29 00:00:00,107.950000,108.029999,107.610000,107.651000,4,2023-08-29
2023-08-29 04:00:00,107.654000,107.816000,107.590000,107.770000,4,2023-08-29
2023-08-29 08:00:00,107.770000,107.770000,107.580000,107.610000,4,2023-08-29
2023-08-29 12:00:00,107.612500,107.810000,107.612500,107.696000,4,2023-08-29
2023-08-29 16:00:00,107.700000,107.755000,107.610000,107.730000,4,2023-08-29
2023-08-29 20:00:00,107.730000,108.110500,107.700000,107.960000,4,2023-08-30
2023-08-30 00:00:00,107.950000,107.950000,107.360000,107.420000,4,2023-08-30
2023-08-30 04:00:00,107.420000,107.690500,107.414500,107.670000,4,2023-08-30
2023-08-30 08:00:00,107.660000,107.770000,107.520000,107.730000,4,2023-08-30
2023-08-30 12:00:00,107.720000,107.800000,107.670000,107.730000,4,2023-08-30
2023-08-30 16:00:00,107.729500,108.029999,107.700000,107.869000,4,2023-08-30
2023-08-30 20:00:00,107.872500,108.000000,107.590000,107.620000,4,2023-08-31
2023-08-31 00:00:00,107.630000,108.030998,107.570000,107.950000,4,2023-08-31
2023-08-31 04:00:00,107.960000,108.110000,107.910000,108.000000,4,2023-08-31
2023-08-31 08:00:00,108.010002,108.019997,107.793000,107.830000,4,2023-08-31
2023-08-31 12:00:00,107.823500,107.880000,107.680000,107.810000,4,2023-08-31
2023-08-31 16:00:00,107.810000,107.890000,107.610000,107.690000,4,2023-08-31
2023-08-31 20:00:00,107.689500,108.112000,107.600000,108.029999,4,2023-09-01
2023-09-01 00:00:00,108.040001,108.050003,107.308500,107.550000,4,2023-09-01
2023-09-01 04:00:00,107.540000,107.757000,107.530000,107.729000,4,2023-09-01
2023-09-01 08:00:00,107.720000,107.830000,107.580000,107.761000,4,2023-09-01
2023-09-01 12:00:00,107.760000,107.800000,107.620000,107.723000,4,2023-09-01
2023-09-01 16:00:00,107.713000,107.780000,107.590000,107.689000,4,2023-09-01
2023-09-01 20:00:00,107.680000,107.780000,107.670000,107.750000,1,2023-09-01
2023-09-04 04:00:00,107.504500,107.602040,107.480000,107.550000,1,2023-09-04
2023-09-04 08:00:00,107.530000,107.580000,107.400000,107.550000,4,2023-09-04
2023-09-04 12:00:00,107.543000,107.670000,107.500000,107.630000,4,2023-09-04
2023-09-04 16:00:00,107.630000,107.780000,107.577500,107.650000,4,2023-09-04
2023-09-04 20:00:00,107.640000,107.780000,107.610000,107.750000,4,2023-09-05
2023-09-05 00:00:00,107.740000,107.771000,107.636500,107.770000,4,2023-09-05
2023-09-05 04:00:00,107.750000,107.780000,107.712610,107.767000,4,2023-09-05
2023-09-05 08:00:00,107.770000,107.810000,107.700000,107.760000,4,2023-09-05
2023-09-05 12:00:00,107.750000,107.830000,107.720000,107.750000,4,2023-09-05
2023-09-05 16:00:00,107.760000,107.820000,107.450000,107.810000,4,2023-09-05
2023-09-05 20:00:00,107.795500,108.340000,107.750000,108.270000,4,2023-09-06
2023-09-06 00:00:00,108.290000,108.550000,108.170000,108.447500,4,2023-09-06
2023-09-06 04:00:00,108.447500,108.448500,108.220000,108.290000,4,2023-09-06
2023-09-06 08:00:00,108.290000,108.320000,108.059998,108.140000,4,2023-09-06
2023-09-06 12:00:00,108.130000,108.176500,107.860000,107.895000,4,2023-09-06
2023-09-06 16:00:00,107.890000,108.050003,107.820000,107.950000,4,2023-09-06
2023-09-06 20:00:00,107.960000,108.092499,107.798500,107.990000,4,2023-09-07
2023-09-07 00:00:00,107.970000,108.250000,107.960000,108.080002,4,2023-09-07
2023-09-07 04:00:00,108.070000,108.330000,107.908500,108.260000,4,2023-09-07
2023-09-07 08:00:00,108.260000,108.380000,108.160000,108.190000,4,2023-09-07
2023-09-07 12:00:00,108.190000,108.250000,108.040001,108.120000,4,2023-09-07
2023-09-07 16:00:00,108.130000,108.200000,107.987500,108.050003,4,2023-09-07
2023-09-07 20:00:00,108.040001,108.140000,107.730000,107.810000,4,2023-09-08
2023-09-08 00:00:00,107.790000,107.860000,107.420000,107.650000,4,2023-09-08
2023-09-08 04:00:00,107.650000,107.680000,107.480000,107.650000,4,2023-09-08
2023-09-08 08:00:00,107.630000,107.710000,107.170000,107.570000,4,2023-09-08
2023-09-08 12:00:00,107.562500,107.780000,107.530000,107.730000,4,2023-09-08
2023-09-08 16:00:00,107.730000,107.920000,107.690000,107.750000,4,2023-09-08
2023-09-08 20:00:00,107.750000,107.880000,107.730000,107.880000,1,2023-09-08
2023-09-11 04:00:00,107.829500,107.851000,107.580000,107.670000,1,2023-09-11
2023-09-11 08:00:00,107.720000,108.029999,107.677500,107.820000,4,2023-09-11
2023-09-11 12:00:00,107.820000,107.830000,107.360000,107.500000,4,2023-09-11
2023-09-11 16:00:00,107.495000,107.890000,107.283500,107.890000,4,2023-09-11
2023-09-11 20:00:00,107.890000,108.110000,107.610000,107.700000,4,2023-09-12
2023-09-12 00:00:00,107.690000,108.002502,107.548000,107.890000,4,2023-09-12
2023-09-12 04:00:00,107.890000,108.022499,107.840000,107.960000,4,2023-09-12
2023-09-12 08:00:00,107.970000,108.080002,107.823000,107.860000,4,2023-09-12
2023-09-12 12:00:00,107.870000,108.140000,107.840000,108.059998,4,2023-09-12
2023-09-12 16:00:00,108.059998,108.220000,108.015999,108.120000,4,2023-09-12
2023-09-12 20:00:00,108.110000,108.640000,108.110000,108.580000,4,2023-09-13
2023-09-13 00:00:00,108.610000,108.670000,108.513570,108.560000,4,2023-09-13
2023-09-13 04:00:00,108.560000,108.592500,108.460000,108.520000,4,2023-09-13
2023-09-13 08:00:00,108.530000,108.780000,108.470000,108.666000,4,2023-09-13
2023-09-13 12:00:00,108.666000,108.760000,108.610000,108.630000,4,2023-09-13
2023-09-13 16:00:00,108.630000,108.720000,108.470000,108.688500,4,2023-09-13
2023-09-13 20:00:00,108.696000,108.890000,108.560000,108.770000,4,2023-09-14
2023-09-14 00:00:00,108.782500,109.090500,108.663000,108.729500,4,2023-09-14
2023-09-14 04:00:00,108.725500,108.850000,108.650000,108.778500,4,2023-09-14
2023-09-14 08:00:00,108.770000,108.800000,108.640000,108.663000,4,2023-09-14
2023-09-14 12:00:00,108.660000,108.780000,108.590000,108.718000,4,2023-09-14
2023-09-14 16:00:00,108.720000,108.920000,108.650000,108.920000,4,2023-09-14
2023-09-14 20:00:00,108.920000,109.050003,108.750000,108.940000,4,2023-09-15
2023-09-15 00:00:00,108.940000,109.190500,108.799000,109.158000,4,2023-09-15
2023-09-15 04:00:00,109.164500,109.210000,109.059998,109.110000,4,2023-09-15
2023-09-15 08:00:00,109.140000,109.180000,109.029503,109.104000,4,2023-09-15
2023-09-15 12:00:00,109.110000,109.410000,109.103000,109.190000,4,2023-09-15
2023-09-15 16:00:00,109.182000,109.440000,109.160000,109.440000,4,2023-09-15
2023-09-15 20:00:00,109.420000,109.480000,109.390000,109.450000,1,2023-09-15
2023-09-18 04:00:00,109.260000,109.281740,109.215500,109.260500,1,2023-09-18
2023-09-18 08:00:00,109.280000,109.360000,109.220000,109.275000,4,2023-09-18
2023-09-18 12:00:00,109.268000,109.330000,109.250000,109.310000,4,2023-09-18
2023-09-18 16:00:00,109.300000,109.410000,109.230000,109.273500,4,2023-09-18
2023-09-18 20:00:00,109.280000,109.640000,109.190000,109.360000,4,2023-09-19
2023-09-19 00:00:00,109.370000,109.610000,109.300000,109.470000,4,2023-09-19
2023-09-19 04:00:00,109.440000,109.588500,109.390000,109.431500,4,2023-09-19
2023-09-19 08:00:00,109.440000,109.625000,109.396000,109.510000,4,2023-09-19
2023-09-19 12:00:00,109.500000,109.660000,109.500000,109.640000,4,2023-09-19
2023-09-19 16:00:00,109.650000,109.860000,109.640000,109.839500,4,2023-09-19
2023-09-19 20:00:00,109.830000,110.440000,109.810000,110.220000,4,2023-09-20
2023-09-20 00:00:00,110.217500,110.330000,109.920000,109.962000,4,2023-09-20
2023-09-20 04:00:00,109.968000,110.050003,109.860000,109.888500,4,2023-09-20
2023-09-20 08:00:00,109.900000,109.950000,109.820000,109.890000,4,2023-09-20
2023-09-20 12:00:00,109.880000,109.940000,109.767000,109.890000,4,2023-09-20
2023-09-20 16:00:00,109.890000,110.198500,109.830000,110.170000,4,2023-09-20
2023-09-20 20:00:00,110.165000,110.190000,110.019997,110.140000,4,2023-09-21
2023-09-21 00:00:00,110.150000,110.220000,109.980000,110.089996,4,2023-09-21
2023-09-21 04:00:00,110.059998,110.261000,109.940000,110.120000,4,2023-09-21
2023-09-21 08:00:00,110.130000,110.160000,109.990000,110.039497,4,2023-09-21
2023-09-21 12:00:00,110.029999,110.059998,109.810000,109.960000,4,2023-09-21
2023-09-21 16:00:00,109.960000,109.985000,109.730000,109.743500,4,2023-09-21
2023-09-21 20:00:00,109.744500,109.770000,109.353500,109.420000,4,2023-09-22
2023-09-22 00:00:00,109.410000,109.580000,109.220000,109.560000,4,2023-09-22
2023-09-22 04:00:00,109.560000,109.615000,109.374000,109.470000,4,2023-09-22
2023-09-22 08:00:00,109.480000,109.671500,109.458000,109.660000,4,2023-09-22
2023-09-22 12:00:00,109.660000,110.120000,109.600000,109.930000,4,2023-09-22
2023-09-22 16:00:00,109.950000,110.190000,109.940000,110.190000,4,2023-09-22
2023-09-22 20:00:00,110.190000,110.220000,110.080002,110.203500,1,2023-09-22
2023-09-25 04:00:00,110.059998,110.096001,109.989000,110.042000,1,2023-09-25
2023-09-25 08:00:00,110.080002,110.160000,110.029999,110.059998,4,2023-09-25
2023-09-25 12:00:00,110.040001,110.070000,109.970000,109.990000,4,2023-09-25
2023-09-25 16:00:00,110.000000,110.330000,109.980000,110.330000,4,2023-09-25
2023-09-25 20:00:00,110.330000,110.500000,110.297500,110.440000,4,2023-09-26
2023-09-26 00:00:00,110.440000,110.570000,110.360000,110.470000,4,2023-09-26
2023-09-26 04:00:00,110.480000,110.680000,110.440000,110.610000,4,2023-09-26
2023-09-26 08:00:00,110.620000,110.690000,110.500000,110.640000,4,2023-09-26
2023-09-26 12:00:00,110.650000,110.690000,110.420000,110.550000,4,2023-09-26
2023-09-26 16:00:00,110.560000,110.610000,110.250000,110.330000,4,2023-09-26
2023-09-26 20:00:00,110.337500,110.440000,110.180000,110.360000,4,2023-09-27
2023-09-27 00:00:00,110.310000,110.380000,110.120000,110.190000,4,2023-09-27
2023-09-27 04:00:00,110.170000,110.320000,110.104000,110.220000,4,2023-09-27
2023-09-27 08:00:00,110.230000,110.330000,110.170000,110.270000,4,2023-09-27
2023-09-27 12:00:00,110.270000,110.310000,110.170000,110.270000,4,2023-09-27
2023-09-27 16:00:00,110.280000,110.330000,110.190000,110.200000,4,2023-09-27
2023-09-27 20:00:00,110.207500,110.610000,110.190000,110.560000,4,2023-09-28
2023-09-28 00:00:00,110.560000,110.760000,110.470000,110.670000,4,2023-09-28
2023-09-28 04:00:00,110.670000,110.880000,110.660000,110.770000,4,2023-09-28
2023-09-28 08:00:00,110.750000,110.885000,110.660000,110.785000,4,2023-09-28
2023-09-28 12:00:00,110.780000,110.790000,110.620000,110.700000,4,2023-09-28
2023-09-28 16:00:00,110.710000,110.745500,110.500000,110.660000,4,2023-09-28
2023-09-28 20:00:00,110.656500,110.780000,110.560000,110.590000,4,2023-09-29
2023-09-29 00:00:00,110.580000,110.756000,110.470000,110.560000,4,2023-09-29
2023-09-29 04:00:00,110.560000,110.710000,110.440000,110.660000,4,2023-09-29
2023-09-29 08:00:00,110.660000,110.730500,110.600000,110.675000,4,2023-09-29
2023-09-29 12:00:00,110.670000,110.880000,110.650000,110.670000,4,2023-09-29
2023-09-29 16:00:00,110.670000,111.067497,110.438500,111.059998,4,2023-09-29
2023-09-29 20:00:00,111.059998,111.123500,111.000000,111.059998,1,2023-09-29
2023-10-02 08:00:00,110.234590,110.310000,110.089996,110.251000,4,2023-10-02
2023-10-02 12:00:00,110.260000,110.346500,110.184500,110.195000,4,2023-10-02
2023-10-02 16:00:00,110.181000,110.360000,110.029999,110.140000,4,2023-10-02
2023-10-02 20:00:00,110.120000,110.140000,109.920000,109.940000,4,2023-10-03
2023-10-03 00:00:00,109.940000,109.970000,109.520000,109.543000,4,2023-10-03
2023-10-03 04:00:00,109.538500,109.660000,109.470000,109.570000,4,2023-10-03
2023-10-03 08:00:00,109.578500,109.681500,109.450000,109.560000,4,2023-10-03
2023-10-03 12:00:00,109.560000,109.560000,109.310000,109.330000,4,2023-10-03
2023-10-03 16:00:00,109.320000,109.450000,109.200000,109.390000,4,2023-10-03
2023-10-03 20:00:00,109.390000,109.470000,109.170000,109.380000,4,2023-10-04
2023-10-04 00:00:00,109.360000,109.580000,107.990000,108.700000,4,2023-10-04
2023-10-04 04:00:00,108.705500,108.780000,108.480000,108.710000,4,2023-10-04
2023-10-04 08:00:00,108.707000,108.910000,108.670000,108.886000,4,2023-10-04
2023-10-04 12:00:00,108.883000,108.947000,108.720000,108.900000,4,2023-10-04
2023-10-04 16:00:00,108.910000,108.925000,108.500000,108.780000,4,2023-10-04
2023-10-04 20:00:00,108.800000,108.940000,108.470000,108.530000,4,2023-10-05
2023-10-05 00:00:00,108.520000,108.610000,108.140000,108.390000,4,2023-10-05
2023-10-05 04:00:00,108.390000,108.530000,108.330000,108.493500,4,2023-10-05
2023-10-05 08:00:00,108.504000,108.504000,108.080002,108.110000,4,2023-10-05
2023-10-05 12:00:00,108.120000,108.340000,107.980000,108.302500,4,2023-10-05
2023-10-05 16:00:00,108.310000,108.410000,108.110000,108.110000,4,2023-10-05
2023-10-05 20:00:00,108.110000,108.390000,108.029999,108.280000,4,2023-10-06
2023-10-06 00:00:00,108.270000,108.360000,108.000000,108.140000,4,2023-10-06
2023-10-06 04:00:00,108.130000,108.380000,108.070000,108.370000,4,2023-10-06
2023-10-06 08:00:00,108.370000,108.440000,108.243000,108.420000,4,2023-10-06
2023-10-06 12:00:00,108.424000,108.500000,108.290000,108.470000,4,2023-10-06
2023-10-06 16:00:00,108.470000,108.720000,108.420000,108.610000,4,2023-10-06
2023-10-06 20:00:00,108.610000,108.690000,108.560000,108.690000,1,2023-10-06
2023-10-09 08:00:00,109.029999,109.340000,108.964500,109.310000,4,2023-10-09
2023-10-09 12:00:00,109.300000,109.312500,109.170000,109.220000,4,2023-10-09
2023-10-09 16:00:00,109.200000,109.310000,109.059998,109.170000,4,2023-10-09
2023-10-09 20:00:00,109.180000,109.282000,109.105000,109.225000,4,2023-10-10
2023-10-10 00:00:00,109.230000,109.310000,108.950000,109.190000,4,2023-10-10
2023-10-10 04:00:00,109.190000,109.370000,109.110000,109.285500,4,2023-10-10
2023-10-10 08:00:00,109.282500,109.470000,109.140000,109.380000,4,2023-10-10
2023-10-10 12:00:00,109.390000,109.504000,109.260000,109.480000,4,2023-10-10
2023-10-10 16:00:00,109.490000,109.624000,109.200000,109.560000,4,2023-10-10
2023-10-10 20:00:00,109.550000,109.670000,109.478000,109.530000,4,2023-10-11
2023-10-11 00:00:00,109.530000,109.660000,109.330000,109.390000,4,2023-10-11
2023-10-11 04:00:00,109.410000,109.520000,109.310000,109.480000,4,2023-10-11
2023-10-11 08:00:00,109.480000,109.503000,109.359000,109.400000,4,2023-10-11
2023-10-11 12:00:00,109.410000,109.560000,109.355500,109.550000,4,2023-10-11
2023-10-11 16:00:00,109.530000,109.610000,109.323500,109.360000,4,2023-10-11
2023-10-11 20:00:00,109.350000,109.610000,109.280000,109.570000,4,2023-10-12
2023-10-12 00:00:00,109.560000,109.760500,109.410000,109.610000,4,2023-10-12
2023-10-12 04:00:00,109.627000,109.780000,109.500000,109.730000,4,2023-10-12
2023-10-12 08:00:00,109.655000,109.780500,109.610000,109.770000,4,2023-10-12
2023-10-12 12:00:00,109.763500,109.810000,109.688000,109.780000,4,2023-10-12
2023-10-12 16:00:00,109.765500,109.810000,109.670000,109.684000,4,2023-10-12
2023-10-12 20:00:00,109.690000,109.940000,109.630000,109.890000,4,2023-10-13
2023-10-13 00:00:00,109.881500,109.910000,109.480000,109.550000,4,2023-10-13
2023-10-13 04:00:00,109.560000,109.560000,109.310000,109.420000,4,2023-10-13
2023-10-13 08:00:00,109.430000,109.500000,109.380000,109.455000,4,2023-10-13
2023-10-13 12:00:00,109.456000,109.510000,109.330000,109.330000,4,2023-10-13
2023-10-13 16:00:00,109.335500,109.580000,109.310000,109.520000,4,2023-10-13
2023-10-13 20:00:00,109.520000,109.550000,109.379500,109.426000,1,2023-10-13
2023-10-16 08:00:00,109.331500,109.670000,109.321650,109.516500,4,2023-10-16
2023-10-16 12:00:00,109.500000,109.587000,109.480000,109.530000,4,2023-10-16
2023-10-16 16:00:00,109.530000,109.697000,109.470000,109.560000,4,2023-10-16
2023-10-16 20:00:00,109.555500,109.783500,109.524000,109.773000,4,2023-10-17
2023-10-17 00:00:00,109.780000,109.986000,109.690000,109.914000,4,2023-10-17
2023-10-17 04:00:00,109.924000,109.940000,109.800000,109.850000,4,2023-10-17
2023-10-17 08:00:00,109.898500,109.950000,109.800000,109.810000,4,2023-10-17
2023-10-17 12:00:00,109.810000,109.830000,109.690000,109.710000,4,2023-10-17
2023-10-17 16:00:00,109.709000,109.862000,109.690000,109.720000,4,2023-10-17
2023-10-17 20:00:00,109.710000,109.830000,109.160000,109.440000,4,2023-10-18
2023-10-18 00:00:00,109.440000,109.920000,109.410000,109.790000,4,2023-10-18
2023-10-18 04:00:00,109.800000,109.830000,109.700000,109.780000,4,2023-10-18
2023-10-18 08:00:00,109.757500,109.810000,109.650000,109.670000,4,2023-10-18
2023-10-18 12:00:00,109.660000,109.811500,109.659000,109.760000,4,2023-10-18
2023-10-18 16:00:00,109.750000,109.880000,109.750000,109.866500,4,2023-10-18
2023-10-18 20:00:00,109.880000,109.950000,109.510000,109.597000,4,2023-10-19
2023-10-19 00:00:00,109.594500,109.729000,109.280000,109.340000,4,2023-10-19
2023-10-19 04:00:00,109.346500,109.484000,109.276500,109.320000,4,2023-10-19
2023-10-19 08:00:00,109.310500,109.320000,109.136000,109.177500,4,2023-10-19
2023-10-19 12:00:00,109.180000,109.237500,109.059998,109.110000,4,2023-10-19
2023-10-19 16:00:00,109.120000,109.196000,109.029999,109.080002,4,2023-10-19
2023-10-19 20:00:00,109.080002,109.250000,109.069000,109.110000,4,2023-10-20
2023-10-20 00:00:00,109.120000,109.390000,109.078003,109.350000,4,2023-10-20
2023-10-20 04:00:00,109.369500,109.450000,109.170000,109.184500,4,2023-10-20
2023-10-20 08:00:00,109.192500,109.250000,109.119000,109.186000,4,2023-10-20
2023-10-20 12:00:00,109.170000,109.340000,109.140000,109.287000,4,2023-10-20
2023-10-20 16:00:00,109.290000,109.550000,109.166500,109.500000,4,2023-10-20
2023-10-20 20:00:00,109.520000,109.580000,109.420000,109.486000,1,2023-10-20
2023-10-23 08:00:00,109.305500,109.440000,109.230000,109.310000,4,2023-10-23
2023-10-23 12:00:00,109.303000,109.350000,109.270000,109.310000,4,2023-10-23
2023-10-23 16:00:00,109.312000,109.364500,109.120000,109.360000,4,2023-10-23
2023-10-23 20:00:00,109.360000,109.420000,109.170000,109.360000,4,2023-10-24
2023-10-24 00:00:00,109.380000,109.550000,109.170000,109.470000,4,2023-10-24
2023-10-24 04:00:00,109.480000,109.530000,109.210000,109.350000,4,2023-10-24
2023-10-24 08:00:00,109.368000,109.450000,109.300000,109.360000,4,2023-10-24
2023-10-24 12:00:00,109.366500,109.481000,109.280000,109.440000,4,2023-10-24
2023-10-24 16:00:00,109.452000,109.480000,109.029999,109.210000,4,2023-10-24
2023-10-24 20:00:00,109.220000,109.410000,109.200000,109.310000,4,2023-10-25
2023-10-25 00:00:00,109.308500,109.330000,108.913500,108.940000,4,2023-10-25
2023-10-25 04:00:00,108.938000,109.220000,108.930000,109.110000,4,2023-10-25
2023-10-25 08:00:00,109.107500,109.183500,109.029999,109.104000,4,2023-10-25
2023-10-25 12:00:00,109.089996,109.140000,109.000000,109.029999,4,2023-10-25
2023-10-25 16:00:00,109.050003,109.059998,108.890000,108.940000,4,2023-10-25
2023-10-25 20:00:00,108.940000,109.019997,108.780000,108.860000,4,2023-10-26
2023-10-26 00:00:00,108.866500,108.940000,108.560000,108.770000,4,2023-10-26
2023-10-26 04:00:00,108.785000,108.972000,108.670000,108.890000,4,2023-10-26
2023-10-26 08:00:00,108.894500,108.894500,108.700000,108.780000,4,2023-10-26
2023-10-26 12:00:00,108.780000,108.943000,108.720000,108.886500,4,2023-10-26
2023-10-26 16:00:00,108.885500,109.160000,108.580000,109.019997,4,2023-10-26
2023-10-26 20:00:00,109.026001,109.050003,108.690000,108.730000,4,2023-10-27
2023-10-27 00:00:00,108.730000,108.860000,108.610000,108.690000,4,2023-10-27
2023-10-27 04:00:00,108.680000,108.880000,108.610000,108.750000,4,2023-10-27
2023-10-27 08:00:00,108.743500,108.840000,108.720000,108.780000,4,2023-10-27
2023-10-27 12:00:00,108.780000,108.816500,108.690000,108.780000,4,2023-10-27
2023-10-27 16:00:00,108.770000,108.800000,108.603500,108.730000,4,2023-10-27
2023-10-27 20:00:00,108.750000,108.757500,108.690000,108.709000,1,2023-10-27
2023-10-30 08:00:00,107.894000,108.110000,107.818760,108.084000,4,2023-10-30
2023-10-30 12:00:00,108.089996,108.110000,107.860000,107.890000,4,2023-10-30
2023-10-30 16:00:00,107.880000,108.000000,107.730000,107.916000,4,2023-10-30
2023-10-30 20:00:00,107.910000,108.316500,107.890000,108.244000,4,2023-10-31
2023-10-31 00:00:00,108.230000,108.410000,107.480000,107.640000,4,2023-10-31
2023-10-31 04:00:00,107.660000,107.892500,107.605000,107.840000,4,2023-10-31
2023-10-31 08:00:00,107.820000,108.050003,107.750500,108.000000,4,2023-10-31
2023-10-31 12:00:00,108.000000,108.430000,107.840000,108.420000,4,2023-10-31
2023-10-31 16:00:00,108.420000,108.830000,108.380000,108.825500,4,2023-10-31
2023-10-31 20:00:00,108.830000,109.110000,108.580000,108.980000,4,2023-11-01
2023-11-01 00:00:00,108.980000,109.270000,108.780000,109.220000,4,2023-11-01
2023-11-01 04:00:00,109.220000,109.360000,108.810000,109.310000,4,2023-11-01
2023-11-01 08:00:00,109.289500,109.370500,108.980000,109.050003,4,2023-11-01
2023-11-01 12:00:00,109.029999,109.080002,108.890000,109.029999,4,2023-11-01
2023-11-01 16:00:00,109.019997,109.120000,108.889000,108.910000,4,2023-11-01
2023-11-01 20:00:00,108.920000,109.033501,108.830000,109.000000,4,2023-11-02
2023-11-02 00:00:00,108.990000,109.089996,108.750000,108.800000,4,2023-11-02
2023-11-02 04:00:00,108.790000,108.970000,108.690000,108.950000,4,2023-11-02
2023-11-02 08:00:00,108.905000,108.983950,108.700000,108.709500,4,2023-11-02
2023-11-02 12:00:00,108.718500,108.780000,108.560000,108.730000,4,2023-11-02
2023-11-02 16:00:00,108.740000,108.780000,108.500000,108.729000,4,2023-11-02
2023-11-02 20:00:00,108.733000,108.950000,108.590000,108.770000,4,2023-11-03
2023-11-03 00:00:00,108.780000,109.250000,108.639000,109.230000,4,2023-11-03
2023-11-03 04:00:00,109.230000,109.560000,109.209000,109.520000,4,2023-11-03
2023-11-03 08:00:00,109.453000,109.540000,109.250000,109.320000,4,2023-11-03
2023-11-03 12:00:00,109.310000,109.440000,109.300000,109.390000,4,2023-11-03
2023-11-03 16:00:00,109.380000,109.506500,109.360000,109.421000,4,2023-11-03
2023-11-03 20:00:00,109.426500,109.426500,109.310000,109.380000,1,2023-11-03
2023-11-06 08:00:00,109.369000,109.530000,109.304500,109.460000,3,2023-11-06
2023-11-06 12:00:00,109.450000,109.660000,109.440000,109.546500,4,2023-11-06
2023-11-06 16:00:00,109.530000,109.675500,109.480000,109.620000,4,2023-11-06
2023-11-06 20:00:00,109.610000,109.770000,109.550000,109.700000,4,2023-11-07
2023-11-07 00:00:00,109.700000,109.730000,109.450000,109.621500,4,2023-11-07
2023-11-07 04:00:00,109.640000,109.641000,109.470000,109.520000,4,2023-11-07
2023-11-07 08:00:00,109.520000,109.665500,109.460000,109.525500,4,2023-11-07
2023-11-07 12:00:00,109.520000,109.580500,109.470000,109.514500,4,2023-11-07
2023-11-07 16:00:00,109.530000,109.618000,109.463500,109.480000,4,2023-11-07
2023-11-07 20:00:00,109.490000,109.560000,109.310000,109.520000,4,2023-11-08
2023-11-08 00:00:00,109.530000,109.580000,109.230000,109.280000,4,2023-11-08
2023-11-08 04:00:00,109.270000,109.390000,109.220000,109.290000,4,2023-11-08
2023-11-08 08:00:00,109.290000,109.360000,109.160000,109.320000,4,2023-11-08
2023-11-08 12:00:00,109.310000,109.380000,109.250000,109.310000,4,2023-11-08
2023-11-08 16:00:00,109.330000,109.450500,109.294000,109.420000,4,2023-11-08
2023-11-08 20:00:00,109.420000,109.470000,109.300000,109.440000,4,2023-11-09
2023-11-09 00:00:00,109.440000,109.500000,109.220000,109.270000,4,2023-11-09
2023-11-09 04:00:00,109.250000,109.500000,109.190000,109.440000,4,2023-11-09
2023-11-09 08:00:00,109.450000,109.500000,109.330000,109.390000,4,2023-11-09
2023-11-09 12:00:00,109.390000,109.480000,109.390000,109.440000,4,2023-11-09
2023-11-09 16:00:00,109.440000,109.530500,109.340000,109.470000,4,2023-11-09
2023-11-09 20:00:00,109.480000,109.650000,109.450000,109.595500,4,2023-11-10
2023-11-10 00:00:00,109.590000,109.788500,109.480000,109.690000,4,2023-11-10
2023-11-10 04:00:00,109.690000,109.740000,109.530000,109.620000,4,2023-11-10
2023-11-10 08:00:00,109.614000,109.640000,109.530000,109.600000,4,2023-11-10
2023-11-10 12:00:00,109.580000,109.707500,109.530000,109.706000,4,2023-11-10
2023-11-10 16:00:00,109.708000,109.760000,109.650000,109.670000,4,2023-11-10
2023-11-10 20:00:00,109.680000,109.695500,109.610000,109.635000,2,2023-11-10
2023-11-13 08:00:00,109.781500,109.850210,109.730000,109.800000,3,2023-11-13
2023-11-13 12:00:00,109.799500,109.840000,109.730000,109.821000,4,2023-11-13
2023-11-13 16:00:00,109.820000,109.980000,109.810000,109.968500,4,2023-11-13
2023-11-13 20:00:00,109.970000,110.019997,109.774500,109.810000,4,2023-11-14
2023-11-14 00:00:00,109.815500,109.982000,109.480000,109.971500,4,2023-11-14
2023-11-14 04:00:00,109.970000,109.970000,109.840000,109.862500,4,2023-11-14
2023-11-14 08:00:00,109.870000,109.970000,109.828500,109.923500,4,2023-11-14
2023-11-14 12:00:00,109.925500,109.952500,109.790000,109.803780,4,2023-11-14
2023-11-14 16:00:00,109.802500,109.830000,109.690000,109.734500,4,2023-11-14
2023-11-14 20:00:00,109.730000,109.780000,109.610000,109.670000,4,2023-11-15
2023-11-15 00:00:00,109.670000,109.970500,109.590000,109.940000,4,2023-11-15
2023-11-15 04:00:00,109.934500,109.970000,109.710000,109.730000,4,2023-11-15
2023-11-15 08:00:00,109.730000,110.019997,109.579000,109.910000,4,2023-11-15
2023-11-15 12:00:00,109.910000,110.080002,109.810000,110.010002,4,2023-11-15
2023-11-15 16:00:00,110.011497,110.160000,109.940000,109.940000,4,2023-11-15
2023-11-15 20:00:00,109.956000,110.019997,109.730000,109.989000,4,2023-11-16
2023-11-16 00:00:00,109.987000,110.620000,109.840000,110.560000,4,2023-11-16
2023-11-16 04:00:00,110.546500,110.676000,110.546500,110.660000,4,2023-11-16
2023-11-16 08:00:00,110.664500,110.720000,110.480000,110.510000,4,2023-11-16
2023-11-16 12:00:00,110.509500,110.520000,110.309000,110.390000,4,2023-11-16
2023-11-16 16:00:00,110.380000,110.560000,110.380000,110.550000,4,2023-11-16
2023-11-16 20:00:00,110.560000,110.560000,110.140000,110.173500,4,2023-11-17
2023-11-17 00:00:00,110.190000,110.200000,109.305500,109.320000,4,2023-11-17
2023-11-17 04:00:00,109.330000,109.530000,109.280000,109.530000,4,2023-11-17
2023-11-17 08:00:00,109.530000,109.620500,109.470000,109.500000,4,2023-11-17
2023-11-17 12:00:00,109.520000,109.588500,109.383500,109.503500,4,2023-11-17
2023-11-17 16:00:00,109.500000,109.560000,108.950000,108.970000,4,2023-11-17
2023-11-17 20:00:00,108.978500,109.000000,108.750000,108.780000,2,2023-11-17
2023-11-20 08:00:00,109.130000,109.310000,108.970000,109.160500,3,2023-11-20
2023-11-20 12:00:00,109.160000,109.160000,108.610000,108.749500,4,2023-11-20
2023-11-20 16:00:00,108.730000,108.880000,108.383500,108.400000,4,2023-11-20
2023-11-20 20:00:00,108.390000,108.440000,107.980000,108.084000,4,2023-11-21
2023-11-21 00:00:00,108.080002,108.310000,107.940000,108.070000,4,2023-11-21
2023-11-21 04:00:00,108.061501,108.145500,108.000000,108.089996,4,2023-11-21
2023-11-21 08:00:00,108.089996,108.175000,107.930000,107.940000,4,2023-11-21
2023-11-21 12:00:00,107.920000,108.029999,107.430000,107.505500,4,2023-11-21
2023-11-21 16:00:00,107.512000,107.720000,107.230000,107.433500,4,2023-11-21
2023-11-21 20:00:00,107.440000,107.780000,107.430000,107.550000,4,2023-11-22
2023-11-22 00:00:00,107.544500,108.085999,107.440000,108.019997,4,2023-11-22
2023-11-22 04:00:00,108.010002,108.440000,107.993500,108.330000,4,2023-11-22
2023-11-22 08:00:00,108.320000,108.360000,108.053497,108.220000,4,2023-11-22
2023-11-22 12:00:00,108.210000,108.310000,108.099998,108.300000,4,2023-11-22
2023-11-22 16:00:00,108.310000,108.810000,108.296500,108.810000,4,2023-11-22
2023-11-22 20:00:00,108.810000,108.830000,108.310000,108.460000,4,2023-11-23
2023-11-23 00:00:00,108.470000,109.000000,108.294500,108.976500,4,2023-11-23
2023-11-23 04:00:00,108.990000,109.256000,108.980000,109.240500,4,2023-11-23
2023-11-23 08:00:00,109.250000,109.310000,109.050003,109.059998,4,2023-11-23
2023-11-23 12:00:00,109.065002,109.080002,108.920000,109.023499,4,2023-11-23
2023-11-23 16:00:00,109.029999,109.250000,108.950000,109.120000,4,2023-11-23
2023-11-23 20:00:00,109.140000,109.190000,108.950000,109.080002,4,2023-11-24
2023-11-24 00:00:00,109.070503,109.250000,109.017502,109.232000,4,2023-11-24
2023-11-24 04:00:00,109.229000,109.250000,109.165540,109.210000,4,2023-11-24
2023-11-24 08:00:00,109.220000,109.310000,109.120000,109.164500,4,2023-11-24
2023-11-24 12:00:00,109.170000,109.240000,108.980000,108.990000,4,2023-11-24
2023-11-24 16:00:00,108.980000,109.270000,108.905500,109.260500,4,2023-11-24
2023-11-24 20:00:00,109.250000,109.330000,109.220000,109.260000,2,2023-11-24
2023-11-27 08:00:00,109.589200,109.780000,109.560000,109.610000,3,2023-11-27
2023-11-27 12:00:00,109.620000,109.660000,109.000000,109.130000,4,2023-11-27
2023-11-27 16:00:00,109.140000,109.410000,109.110000,109.310000,4,2023-11-27
2023-11-27 20:00:00,109.300000,109.390000,109.120000,109.160000,4,2023-11-28
2023-11-28 00:00:00,109.174000,109.310000,108.940000,109.190000,4,2023-11-28
2023-11-28 04:00:00,109.200000,109.220000,109.042503,109.160000,4,2023-11-28
2023-11-28 08:00:00,109.160000,109.213500,108.830000,108.860000,4,2023-11-28
2023-11-28 12:00:00,108.870000,109.006500,108.810000,108.920000,4,2023-11-28
2023-11-28 16:00:00,108.926000,109.390000,108.910000,109.300000,4,2023-11-28
2023-11-28 20:00:00,109.300000,109.480000,109.190000,109.240000,4,2023-11-29
2023-11-29 00:00:00,109.250000,109.350000,108.630000,108.698000,4,2023-11-29
2023-11-29 04:00:00,108.670000,108.750000,108.600000,108.659000,4,2023-11-29
2023-11-29 08:00:00,108.640000,108.700000,108.276500,108.300000,4,2023-11-29
2023-11-29 12:00:00,108.296000,108.750000,108.270000,108.560000,4,2023-11-29
2023-11-29 16:00:00,108.580000,108.736500,108.470000,108.550000,4,2023-11-29
2023-11-29 20:00:00,108.530000,108.860000,108.500000,108.730000,4,2023-11-30
2023-11-30 00:00:00,108.720000,108.800000,108.210000,108.410000,4,2023-11-30
2023-11-30 04:00:00,108.408000,108.440000,108.310000,108.370000,4,2023-11-30
2023-11-30 08:00:00,108.350000,108.470000,108.067497,108.190000,4,2023-11-30
2023-11-30 12:00:00,108.200000,108.380000,108.159000,108.310000,4,2023-11-30
2023-11-30 16:00:00,108.320000,108.360000,108.059998,108.170000,4,2023-11-30
2023-11-30 20:00:00,108.170000,108.560000,108.110000,108.440000,4,2023-12-01
2023-12-01 00:00:00,108.440000,109.460000,108.310000,108.830000,4,2023-12-01
2023-12-01 04:00:00,108.830000,109.320000,108.810000,109.250000,4,2023-12-01
2023-12-01 08:00:00,109.260000,109.310000,109.104500,109.123500,4,2023-12-01
2023-12-01 12:00:00,109.110000,109.390000,109.029999,109.350000,4,2023-12-01
2023-12-01 16:00:00,109.340000,109.560000,109.280000,109.320000,4,2023-12-01
2023-12-01 20:00:00,109.330000,109.420000,109.230000,109.400000,2,2023-12-01
2023-12-04 08:00:00,108.625000,108.750000,108.390000,108.520000,3,2023-12-04
2023-12-04 12:00:00,108.510000,108.640000,108.420000,108.580000,4,2023-12-04
2023-12-04 16:00:00,108.590000,108.660000,108.393500,108.420000,4,2023-12-04
2023-12-04 20:00:00,108.420000,108.420000,108.149000,108.330000,4,2023-12-05
2023-12-05 00:00:00,108.340000,108.720000,108.220000,108.690000,4,2023-12-05
2023-12-05 04:00:00,108.690000,108.850000,108.670000,108.771000,4,2023-12-05
2023-12-05 08:00:00,108.780000,108.840000,108.550000,108.580000,4,2023-12-05
2023-12-05 12:00:00,108.580000,108.720000,108.470000,108.540000,4,2023-12-05
2023-12-05 16:00:00,108.530000,108.550000,108.190000,108.470000,4,2023-12-05
2023-12-05 20:00:00,108.470000,108.580000,108.250000,108.260000,4,2023-12-06
2023-12-06 00:00:00,108.270000,108.550000,107.990000,108.460000,4,2023-12-06
2023-12-06 04:00:00,108.453500,108.560000,108.300000,108.300000,4,2023-12-06
2023-12-06 08:00:00,108.299000,108.420000,108.200000,108.408500,4,2023-12-06
2023-12-06 12:00:00,108.425500,108.580500,108.340000,108.494500,4,2023-12-06
2023-12-06 16:00:00,108.490000,108.530000,108.310000,108.414500,4,2023-12-06
2023-12-06 20:00:00,108.410000,108.640000,108.379500,108.577000,4,2023-12-07
2023-12-07 00:00:00,108.580000,108.692000,108.330000,108.360000,4,2023-12-07
2023-12-07 04:00:00,108.340000,108.560000,108.270000,108.430000,4,2023-12-07
2023-12-07 08:00:00,108.430000,108.460000,108.136500,108.210000,4,2023-12-07
2023-12-07 12:00:00,108.220000,108.220000,107.840000,107.880000,4,2023-12-07
2023-12-07 16:00:00,107.870000,107.920000,106.685500,106.940000,4,2023-12-07
2023-12-07 20:00:00,106.940000,106.974000,106.360000,106.590000,4,2023-12-08
2023-12-08 00:00:00,106.580000,106.730000,105.810000,105.980000,4,2023-12-08
2023-12-08 04:00:00,105.990000,106.059998,104.230000,105.720000,4,2023-12-08
2023-12-08 08:00:00,105.710000,106.130000,105.250000,105.420000,4,2023-12-08
2023-12-08 12:00:00,105.420000,106.190000,104.890000,105.880000,4,2023-12-08
2023-12-08 16:00:00,105.890000,106.280000,105.780000,106.019997,4,2023-12-08
2023-12-08 20:00:00,106.000000,106.420000,106.000000,106.410000,2,2023-12-08
2023-12-11 08:00:00,106.691500,107.000000,106.620000,106.990000,3,2023-12-11
2023-12-11 12:00:00,106.980000,107.110000,106.840000,107.050003,4,2023-12-11
2023-12-11 16:00:00,107.059998,107.810000,106.940000,107.560000,4,2023-12-11
2023-12-11 20:00:00,107.580000,107.890000,107.440000,107.830000,4,2023-12-12
2023-12-12 00:00:00,107.840000,108.029999,107.640000,107.890000,4,2023-12-12
2023-12-12 04:00:00,107.895500,107.920000,107.670000,107.740000,4,2023-12-12
2023-12-12 08:00:00,107.720000,107.727000,107.340000,107.440000,4,2023-12-12
2023-12-12 12:00:00,107.450000,107.500000,107.280000,107.360000,4,2023-12-12
2023-12-12 16:00:00,107.351500,107.390000,107.170000,107.300000,4,2023-12-12
2023-12-12 20:00:00,107.280000,107.310000,106.880000,107.016998,4,2023-12-13
2023-12-13 00:00:00,107.019997,107.330000,106.828500,106.870000,4,2023-12-13
2023-12-13 04:00:00,106.860000,107.120000,106.854000,107.040001,4,2023-12-13
2023-12-13 08:00:00,107.050003,107.160000,106.870000,107.089996,4,2023-12-13
2023-12-13 12:00:00,107.080002,107.176500,106.920000,107.170000,4,2023-12-13
2023-12-13 16:00:00,107.166500,107.340000,107.029999,107.220000,4,2023-12-13
2023-12-13 20:00:00,107.220000,107.340000,107.133500,107.240000,4,2023-12-14
2023-12-14 00:00:00,107.250000,107.320000,106.880000,106.980000,4,2023-12-14
2023-12-14 04:00:00,107.000000,107.000000,105.698000,105.910000,4,2023-12-14
2023-12-14 08:00:00,105.910000,106.000000,105.150000,105.380000,4,2023-12-14
2023-12-14 12:00:00,105.390000,105.640000,104.750000,105.200000,4,2023-12-14
2023-12-14 16:00:00,105.220000,105.480000,104.940000,105.359500,4,2023-12-14
2023-12-14 20:00:00,105.360000,105.640000,104.992500,105.420000,4,2023-12-15
2023-12-15 00:00:00,105.420000,105.880000,105.420000,105.580000,4,2023-12-15
2023-12-15 04:00:00,105.590000,105.890000,105.549500,105.780000,4,2023-12-15
2023-12-15 08:00:00,105.780000,106.220500,105.770000,106.059998,4,2023-12-15
2023-12-15 12:00:00,106.064499,106.230000,105.780000,105.830000,4,2023-12-15
2023-12-15 16:00:00,105.850000,106.160000,105.720000,105.940000,4,2023-12-15
2023-12-15 20:00:00,105.920000,106.050003,105.730000,105.913000,2,2023-12-15
2023-12-18 08:00:00,106.250000,106.500000,106.190000,106.220000,3,2023-12-18
2023-12-18 12:00:00,106.220000,106.420000,106.220000,106.270000,4,2023-12-18
2023-12-18 16:00:00,106.280000,106.550000,106.280000,106.510000,4,2023-12-18
2023-12-18 20:00:00,106.520000,106.920000,106.410000,106.890000,4,2023-12-19
2023-12-19 00:00:00,106.890000,106.976500,106.640000,106.810000,4,2023-12-19
2023-12-19 04:00:00,106.810000,106.835000,106.652000,106.710000,4,2023-12-19
2023-12-19 08:00:00,106.690000,106.700000,106.220000,106.420000,4,2023-12-19
2023-12-19 12:00:00,106.420000,107.360000,106.270000,107.080002,4,2023-12-19
2023-12-19 16:00:00,107.072502,108.059998,106.410000,108.000000,4,2023-12-19
2023-12-19 20:00:00,108.000000,108.280000,107.780000,107.830000,4,2023-12-20
2023-12-20 00:00:00,107.837000,108.220000,107.610000,107.660000,4,2023-12-20
2023-12-20 04:00:00,107.646000,107.921000,107.640000,107.910000,4,2023-12-20
2023-12-20 08:00:00,107.892500,108.029999,107.740000,107.810000,4,2023-12-20
2023-12-20 12:00:00,107.810000,107.910000,107.409500,107.470000,4,2023-12-20
2023-12-20 16:00:00,107.479000,107.720000,107.375500,107.670000,4,2023-12-20
2023-12-20 20:00:00,107.672000,107.672000,107.440000,107.570000,4,2023-12-21
2023-12-21 00:00:00,107.560000,107.942000,107.420000,107.904500,4,2023-12-21
2023-12-21 04:00:00,107.910000,108.040001,107.489000,107.523500,4,2023-12-21
2023-12-21 08:00:00,107.530000,107.530000,107.270000,107.360000,4,2023-12-21
2023-12-21 12:00:00,107.370000,107.420000,106.935000,106.970000,4,2023-12-21
2023-12-21 16:00:00,106.950000,107.420000,106.940000,107.400000,4,2023-12-21
2023-12-21 20:00:00,107.390000,107.453500,106.890000,106.910000,4,2023-12-22
2023-12-22 00:00:00,106.920000,107.150000,106.580000,106.920000,4,2023-12-22
2023-12-22 04:00:00,106.930000,107.099998,106.830000,107.089996,4,2023-12-22
2023-12-22 08:00:00,107.089996,107.142000,106.820000,107.029999,4,2023-12-22
2023-12-22 12:00:00,107.040001,107.310000,107.040001,107.140000,4,2023-12-22
2023-12-22 16:00:00,107.160000,107.260000,107.000000,107.110000,4,2023-12-22
2023-12-22 20:00:00,107.099998,107.138000,106.970000,107.050003,2,2023-12-22
2023-12-26 00:00:00,107.390000,107.632500,107.335370,107.380000,4,2023-12-26
2023-12-26 04:00:00,107.400000,107.632500,107.329500,107.434000,4,2023-12-26
2023-12-26 08:00:00,107.434000,107.486680,107.171500,107.308500,4,2023-12-26
2023-12-26 12:00:00,107.304500,107.360000,107.264000,107.350000,4,2023-12-26
2023-12-26 16:00:00,107.357000,107.485500,107.309000,107.410000,4,2023-12-26
2023-12-26 20:00:00,107.410000,107.540000,107.400000,107.500000,4,2023-12-27
2023-12-27 00:00:00,107.500000,108.000999,107.500000,107.880000,4,2023-12-27
2023-12-27 04:00:00,107.880000,107.940000,107.806000,107.910000,4,2023-12-27
2023-12-27 08:00:00,107.910000,108.170000,107.795500,108.050003,4,2023-12-27
2023-12-27 12:00:00,108.059998,108.170000,107.950000,108.110000,4,2023-12-27
2023-12-27 16:00:00,108.130000,108.280000,107.920000,108.000000,4,2023-12-27
2023-12-27 20:00:00,108.010002,108.089996,107.860000,107.980000,4,2023-12-28
2023-12-28 00:00:00,107.982500,108.190000,107.430000,107.600000,4,2023-12-28
2023-12-28 04:00:00,107.610000,107.690000,107.120000,107.380000,4,2023-12-28
2023-12-28 08:00:00,107.380000,107.420000,106.940000,107.270000,4,2023-12-28
2023-12-28 12:00:00,107.270000,107.280000,106.910000,106.950000,4,2023-12-28
2023-12-28 16:00:00,106.940000,107.050003,106.679500,106.730000,4,2023-12-28
2023-12-28 20:00:00,106.732000,106.743500,106.403500,106.560000,4,2023-12-29
2023-12-29 00:00:00,106.570000,107.150000,106.330000,106.870000,4,2023-12-29
2023-12-29 04:00:00,106.869000,107.110000,106.830000,106.880000,4,2023-12-29
2023-12-29 08:00:00,106.880000,107.120000,106.775000,107.080002,4,2023-12-29
2023-12-29 12:00:00,107.070000,107.070000,106.870000,106.944500,4,2023-12-29
2023-12-29 16:00:00,106.940000,106.952000,106.659000,106.900000,4,2023-12-29
2023-12-29 20:00:00,106.900500,107.104500,106.850000,106.930000,2,2023-12-29
2024-01-02 00:00:00,106.430000,106.440000,106.420000,106.430000,4,2024-01-02
2024-01-02 04:00:00,106.430000,106.737280,105.980000,106.374870,4,2024-01-02
2024-01-02 08:00:00,106.350000,106.730000,106.218500,106.560000,4,2024-01-02
2024-01-02 12:00:00,106.570000,106.910000,106.570000,106.790000,4,2024-01-02
2024-01-02 16:00:00,106.800000,106.940000,106.710000,106.910000,4,2024-01-02
2024-01-02 20:00:00,106.900000,107.080002,106.734000,106.930000,4,2024-01-03
2024-01-03 00:00:00,106.940000,106.940000,106.230000,106.600000,4,2024-01-03
2024-01-03 04:00:00,106.610000,106.730000,106.369500,106.500000,4,2024-01-03
2024-01-03 08:00:00,106.500000,106.720000,106.489000,106.553500,4,2024-01-03
2024-01-03 12:00:00,106.560000,106.640000,106.450000,106.470000,4,2024-01-03
2024-01-03 16:00:00,106.470000,107.019997,106.470000,107.010002,4,2024-01-03
2024-01-03 20:00:00,107.000000,107.190000,106.910000,107.099998,4,2024-01-04
2024-01-04 00:00:00,107.110000,107.610000,106.980000,107.470000,4,2024-01-04
2024-01-04 04:00:00,107.460000,107.610000,107.170000,107.230000,4,2024-01-04
2024-01-04 08:00:00,107.230000,107.360000,107.000000,107.330000,4,2024-01-04
2024-01-04 12:00:00,107.320000,107.670000,107.220000,107.643000,4,2024-01-04
2024-01-04 16:00:00,107.635500,107.840000,107.500000,107.770000,4,2024-01-04
2024-01-04 20:00:00,107.780000,108.330000,107.761500,108.170000,4,2024-01-05
2024-01-05 00:00:00,108.160000,108.450000,108.089996,108.261500,4,2024-01-05
2024-01-05 04:00:00,108.270000,108.410000,108.200000,108.290000,4,2024-01-05
2024-01-05 08:00:00,108.290000,108.530000,108.220000,108.440000,4,2024-01-05
2024-01-05 12:00:00,108.450000,108.500000,108.360000,108.390000,4,2024-01-05
2024-01-05 16:00:00,108.390000,108.720000,108.250000,108.570000,4,2024-01-05
2024-01-05 20:00:00,108.570000,108.670000,108.500000,108.590000,2,2024-01-05
2024-01-08 08:00:00,108.304000,108.440000,108.173840,108.270000,3,2024-01-08
2024-01-08 12:00:00,108.270000,108.310000,108.000000,108.032997,4,2024-01-08
2024-01-08 16:00:00,108.026001,108.050003,107.810000,107.992500,4,2024-01-08
2024-01-08 20:00:00,108.000000,108.110000,107.750000,107.970000,4,2024-01-09
2024-01-09 00:00:00,107.970000,108.029999,107.450000,107.690000,4,2024-01-09
2024-01-09 04:00:00,107.690000,108.029999,107.620000,107.960000,4,2024-01-09
2024-01-09 08:00:00,107.960000,108.089996,107.770000,107.830000,4,2024-01-09
2024-01-09 12:00:00,107.830000,107.860000,107.465500,107.516000,4,2024-01-09
2024-01-09 16:00:00,107.515500,107.985000,107.515500,107.800000,4,2024-01-09
2024-01-09 20:00:00,107.790000,107.866500,107.669000,107.760000,4,2024-01-10
2024-01-10 00:00:00,107.770000,107.940000,107.230000,107.840000,4,2024-01-10
2024-01-10 04:00:00,107.840000,107.970000,107.770000,107.870000,4,2024-01-10
2024-01-10 08:00:00,107.860000,108.080002,107.770000,107.970000,4,2024-01-10
2024-01-10 12:00:00,107.964500,108.300000,107.964500,108.210000,4,2024-01-10
2024-01-10 16:00:00,108.220000,108.440000,108.110000,108.390000,4,2024-01-10
2024-01-10 20:00:00,108.410000,108.610000,108.310000,108.560000,4,2024-01-11
2024-01-11 00:00:00,108.570000,108.970000,108.440000,108.874000,4,2024-01-11
2024-01-11 04:00:00,108.877500,108.980000,108.750000,108.970000,4,2024-01-11
2024-01-11 08:00:00,108.970000,108.984500,108.750000,108.800000,4,2024-01-11
2024-01-11 12:00:00,108.810000,108.943000,108.720000,108.795000,4,2024-01-11
2024-01-11 16:00:00,108.795000,108.940000,108.750000,108.830000,4,2024-01-11
2024-01-11 20:00:00,108.830000,108.890000,108.720000,108.840000,4,2024-01-12
2024-01-12 00:00:00,108.840000,109.230000,108.580000,108.660000,4,2024-01-12
2024-01-12 04:00:00,108.660000,108.860000,108.499500,108.530000,4,2024-01-12
2024-01-12 08:00:00,108.530000,108.640000,108.250000,108.550000,4,2024-01-12
2024-01-12 12:00:00,108.544500,108.640000,108.300000,108.381500,4,2024-01-12
2024-01-12 16:00:00,108.390000,108.643500,108.370000,108.580000,4,2024-01-12
2024-01-12 20:00:00,108.580000,108.750000,108.550000,108.652000,2,2024-01-12
2024-01-15 08:00:00,108.076500,108.300000,108.038109,108.230000,3,2024-01-15
2024-01-15 12:00:00,108.250000,108.450000,108.220000,108.263000,4,2024-01-15
2024-01-15 16:00:00,108.400000,108.620000,108.263000,108.470000,4,2024-01-15
2024-01-15 20:00:00,108.470000,108.780000,108.263000,108.640000,4,2024-01-16
2024-01-16 00:00:00,108.660000,108.680000,108.390000,108.482000,4,2024-01-16
2024-01-16 04:00:00,108.490000,108.560000,108.410000,108.550000,4,2024-01-16
2024-01-16 08:00:00,108.560000,108.610000,108.340000,108.420000,4,2024-01-16
2024-01-16 12:00:00,108.423000,108.610000,108.360000,108.480000,4,2024-01-16
2024-01-16 16:00:00,108.480000,108.620000,108.270500,108.580000,4,2024-01-16
2024-01-16 20:00:00,108.580000,108.920000,108.480000,108.860000,4,2024-01-17
2024-01-17 00:00:00,108.850000,109.222500,108.690000,109.120000,4,2024-01-17
2024-01-17 04:00:00,109.120000,109.190000,109.040001,109.110000,4,2024-01-17
2024-01-17 08:00:00,109.110000,109.300000,108.949500,109.230000,4,2024-01-17
2024-01-17 12:00:00,109.230000,109.250000,109.059998,109.170000,4,2024-01-17
2024-01-17 16:00:00,109.180000,109.520000,109.140000,109.342500,4,2024-01-17
2024-01-17 20:00:00,109.327500,109.360000,109.140000,109.300000,4,2024-01-18
2024-01-18 00:00:00,109.292000,109.900000,109.250000,109.720000,4,2024-01-18
2024-01-18 04:00:00,109.720000,109.730000,109.537500,109.680000,4,2024-01-18
2024-01-18 08:00:00,109.680000,109.810000,109.524000,109.690000,4,2024-01-18
2024-01-18 12:00:00,109.690000,109.780000,109.590000,109.630000,4,2024-01-18
2024-01-18 16:00:00,109.640000,109.720000,109.450000,109.560000,4,2024-01-18
2024-01-18 20:00:00,109.580000,109.700000,109.437500,109.580000,4,2024-01-19
2024-01-19 00:00:00,109.588000,109.810000,109.440000,109.710000,4,2024-01-19
2024-01-19 04:00:00,109.720000,109.840000,109.620000,109.810000,4,2024-01-19
2024-01-19 08:00:00,109.810000,109.890000,109.690000,109.780000,4,2024-01-19
2024-01-19 12:00:00,109.770000,110.059998,109.762500,109.988000,4,2024-01-19
2024-01-19 16:00:00,109.990000,110.240000,109.830000,109.860000,4,2024-01-19
2024-01-19 20:00:00,109.880000,109.980000,109.780000,109.816000,2,2024-01-19
2024-01-22 08:00:00,110.354230,110.430000,110.190000,110.300000,3,2024-01-22
2024-01-22 12:00:00,110.310000,110.314000,110.019997,110.035500,4,2024-01-22
2024-01-22 16:00:00,110.029999,110.395500,110.019997,110.360000,4,2024-01-22
2024-01-22 20:00:00,110.390000,110.390000,110.070000,110.089996,4,2024-01-23
2024-01-23 00:00:00,110.080002,110.140000,109.860000,109.970000,4,2024-01-23
2024-01-23 04:00:00,109.970000,110.059998,109.820000,109.820000,4,2024-01-23
2024-01-23 08:00:00,109.810000,109.970000,109.740000,109.920000,4,2024-01-23
2024-01-23 12:00:00,109.920000,110.230000,109.800000,109.890000,4,2024-01-23
2024-01-23 16:00:00,109.880000,110.059998,109.230000,109.340000,4,2024-01-23
2024-01-23 20:00:00,109.340000,109.920000,109.330000,109.810000,4,2024-01-24
2024-01-24 00:00:00,109.810000,110.200000,109.800000,110.150000,4,2024-01-24
2024-01-24 04:00:00,110.150000,110.230000,110.104500,110.150000,4,2024-01-24
2024-01-24 08:00:00,110.160000,110.345500,109.980000,110.019997,4,2024-01-24
2024-01-24 12:00:00,110.029999,110.059998,109.670000,109.792000,4,2024-01-24
2024-01-24 16:00:00,109.786000,109.881500,109.670000,109.700000,4,2024-01-24
2024-01-24 20:00:00,109.720000,109.780000,109.410000,109.440000,4,2024-01-25
2024-01-25 00:00:00,109.440000,109.500000,108.890000,109.280000,4,2024-01-25
2024-01-25 04:00:00,109.290000,109.300000,109.080002,109.120000,4,2024-01-25
2024-01-25 08:00:00,109.120000,109.226000,109.005997,109.200000,4,2024-01-25
2024-01-25 12:00:00,109.210000,109.330000,109.109000,109.330000,4,2024-01-25
2024-01-25 16:00:00,109.322000,109.350000,109.120000,109.220000,4,2024-01-25
2024-01-25 20:00:00,109.220000,109.360000,109.189500,109.310000,4,2024-01-26
2024-01-26 00:00:00,109.300000,109.530000,108.935500,109.487500,4,2024-01-26
2024-01-26 04:00:00,109.480000,109.690000,109.404000,109.646000,4,2024-01-26
2024-01-26 08:00:00,109.640000,109.690000,109.440000,109.500000,4,2024-01-26
2024-01-26 12:00:00,109.500000,109.720000,109.470000,109.710000,4,2024-01-26
2024-01-26 16:00:00,109.720000,109.780000,109.640000,109.780000,4,2024-01-26
2024-01-26 20:00:00,109.770000,109.950000,109.750000,109.790000,2,2024-01-26
2024-01-29 08:00:00,110.063499,110.220000,110.000000,110.140000,3,2024-01-29
2024-01-29 12:00:00,110.140000,110.225500,110.059998,110.089996,4,2024-01-29
2024-01-29 16:00:00,110.096497,110.140000,109.950000,110.050003,4,2024-01-29
2024-01-29 20:00:00,110.042503,110.170000,109.938000,110.120000,4,2024-01-30
2024-01-30 00:00:00,110.140000,110.200000,109.712500,109.870000,4,2024-01-30
2024-01-30 04:00:00,109.862000,109.980000,109.750000,109.960000,4,2024-01-30
2024-01-30 08:00:00,109.960000,110.010002,109.787000,109.881760,4,2024-01-30
2024-01-30 12:00:00,109.910000,110.019997,109.840000,109.910000,4,2024-01-30
2024-01-30 16:00:00,109.900000,110.029999,109.750000,109.980000,4,2024-01-30
2024-01-30 20:00:00,109.970000,110.029999,109.810000,109.840000,4,2024-01-31
2024-01-31 00:00:00,109.838000,110.180000,109.670000,110.160000,4,2024-01-31
2024-01-31 04:00:00,110.156500,110.256500,110.089996,110.160000,4,2024-01-31
2024-01-31 08:00:00,110.160000,110.200000,109.860000,110.056999,4,2024-01-31
2024-01-31 12:00:00,110.070000,110.140000,109.940000,110.003998,4,2024-01-31
2024-01-31 16:00:00,110.019997,110.220000,109.920000,109.940000,4,2024-01-31
2024-01-31 20:00:00,109.960000,110.125000,109.860000,110.029999,4,2024-02-01
2024-02-01 00:00:00,110.029999,110.170000,109.165000,109.270000,4,2024-02-01
2024-02-01 04:00:00,109.270000,109.680000,109.130000,109.480000,4,2024-02-01
2024-02-01 08:00:00,109.470000,109.520000,109.220000,109.300000,4,2024-02-01
2024-02-01 12:00:00,109.280000,109.390000,109.140000,109.270000,4,2024-02-01
2024-02-01 16:00:00,109.250000,109.280000,108.950000,109.010002,4,2024-02-01
2024-02-01 20:00:00,109.000000,109.410000,109.000000,109.275000,4,2024-02-02
2024-02-02 00:00:00,109.280000,109.340000,108.820000,109.250000,4,2024-02-02
2024-02-02 04:00:00,109.230000,109.476000,109.220000,109.300000,4,2024-02-02
2024-02-02 08:00:00,109.300000,109.470000,109.299500,109.420000,4,2024-02-02
2024-02-02 12:00:00,109.430000,109.500000,109.340000,109.470000,4,2024-02-02
2024-02-02 16:00:00,109.470000,109.675500,109.440000,109.661500,4,2024-02-02
2024-02-02 20:00:00,109.660000,109.780000,109.640000,109.640000,2,2024-02-02
2024-02-05 08:00:00,110.229500,110.390000,110.189000,110.300000,3,2024-02-05
2024-02-05 12:00:00,110.310000,110.310000,110.059998,110.160000,4,2024-02-05
2024-02-05 16:00:00,110.160000,110.250000,110.080002,110.170000,4,2024-02-05
2024-02-05 20:00:00,110.170000,110.190000,110.000000,110.100500,4,2024-02-06
2024-02-06 00:00:00,110.120000,110.140000,109.770000,109.931000,4,2024-02-06
2024-02-06 04:00:00,109.940000,109.970000,109.750000,109.790000,4,2024-02-06
2024-02-06 08:00:00,109.790000,109.907000,109.700000,109.780000,4,2024-02-06
2024-02-06 12:00:00,109.770000,109.950000,109.730000,109.860000,4,2024-02-06
2024-02-06 16:00:00,109.860000,109.940000,109.780000,109.860500,4,2024-02-06
2024-02-06 20:00:00,109.860000,109.940000,109.810000,109.830000,4,2024-02-07
2024-02-07 00:00:00,109.860000,109.880000,109.450000,109.640000,4,2024-02-07
2024-02-07 04:00:00,109.650000,109.760000,109.600000,109.630000,4,2024-02-07
2024-02-07 08:00:00,109.620000,109.704500,109.550000,109.610000,4,2024-02-07
2024-02-07 12:00:00,109.616500,109.780000,109.590000,109.720000,4,2024-02-07
2024-02-07 16:00:00,109.720000,109.890000,109.610000,109.890000,4,2024-02-07
2024-02-07 20:00:00,109.880000,110.080002,109.750000,110.053497,4,2024-02-08
2024-02-08 00:00:00,110.070000,110.140000,109.610000,109.887000,4,2024-02-08
2024-02-08 04:00:00,109.900000,110.070000,109.880000,110.070000,4,2024-02-08
2024-02-08 08:00:00,110.059998,110.089996,109.920000,110.000000,4,2024-02-08
2024-02-08 12:00:00,110.000000,110.380000,109.950000,110.360000,4,2024-02-08
2024-02-08 16:00:00,110.362000,110.610000,110.330000,110.480000,4,2024-02-08
2024-02-08 20:00:00,110.483200,110.780000,110.410000,110.680000,4,2024-02-09
2024-02-09 00:00:00,110.690000,111.000000,110.590000,110.840000,4,2024-02-09
2024-02-09 04:00:00,110.850000,111.050003,110.827000,110.960000,4,2024-02-09
2024-02-09 08:00:00,110.940000,110.980000,110.845000,110.950000,4,2024-02-09
2024-02-09 12:00:00,110.950000,111.029999,110.870000,110.970000,4,2024-02-09
2024-02-09 16:00:00,110.970000,111.120000,110.890000,111.000000,4,2024-02-09
2024-02-09 20:00:00,110.980000,111.080002,110.950000,110.980000,2,2024-02-09
2024-02-12 08:00:00,110.910000,110.910000,110.750000,110.860000,3,2024-02-12
2024-02-12 12:00:00,110.850000,110.890000,110.790000,110.850000,4,2024-02-12
2024-02-12 16:00:00,110.860000,110.870000,110.690000,110.750000,4,2024-02-12
2024-02-12 20:00:00,110.760000,110.810000,110.580000,110.630000,4,2024-02-13
2024-02-13 00:00:00,110.636000,111.190000,110.610000,111.150000,4,2024-02-13
2024-02-13 04:00:00,111.170000,111.190000,110.980000,111.029999,4,2024-02-13
2024-02-13 08:00:00,111.029999,111.059998,110.961490,111.000000,4,2024-02-13
2024-02-13 12:00:00,111.000000,111.122000,110.970000,111.110000,4,2024-02-13
2024-02-13 16:00:00,111.110000,111.270000,111.059998,111.180000,4,2024-02-13
2024-02-13 20:00:00,111.170000,111.230000,111.019997,111.080002,4,2024-02-14
2024-02-14 00:00:00,111.059998,111.390000,110.880000,111.110000,4,2024-02-14
2024-02-14 04:00:00,111.110000,111.170000,111.000000,111.120000,4,2024-02-14
2024-02-14 08:00:00,111.120000,111.265500,111.000000,111.050003,4,2024-02-14
2024-02-14 12:00:00,111.029999,111.066002,110.938500,110.960000,4,2024-02-14
2024-02-14 16:00:00,110.960000,111.080002,110.920000,111.080002,4,2024-02-14
2024-02-14 20:00:00,111.080002,111.340000,111.080002,111.230000,4,2024-02-15
2024-02-15 00:00:00,111.220000,111.240000,111.019997,111.059998,4,2024-02-15
2024-02-15 04:00:00,111.059998,111.190000,110.970000,111.190000,4,2024-02-15
2024-02-15 08:00:00,111.190000,111.230000,110.980000,110.990000,4,2024-02-15
2024-02-15 12:00:00,110.980000,110.982500,110.830000,110.870000,4,2024-02-15
2024-02-15 16:00:00,110.860000,110.920000,110.790000,110.880000,4,2024-02-15
2024-02-15 20:00:00,110.860000,110.880000,110.770000,110.830000,4,2024-02-16
2024-02-16 00:00:00,110.830000,111.330000,110.690000,111.280000,4,2024-02-16
2024-02-16 04:00:00,111.300000,111.370000,111.190000,111.340000,4,2024-02-16
2024-02-16 08:00:00,111.346500,111.420000,111.300000,111.400500,4,2024-02-16
2024-02-16 12:00:00,111.410000,111.500000,111.330000,111.420000,4,2024-02-16
2024-02-16 16:00:00,111.430000,111.520000,111.385500,111.420000,4,2024-02-16
2024-02-16 20:00:00,111.423000,111.500000,111.410000,111.450000,2,2024-02-16
2024-02-19 08:00:00,111.340000,111.470000,111.280000,111.310000,3,2024-02-19
2024-02-19 12:00:00,111.330000,111.330000,111.210000,111.300000,4,2024-02-19
2024-02-19 16:00:00,111.291500,111.330000,111.247730,111.270000,4,2024-02-19
2024-02-19 20:00:00,111.260000,111.330000,111.230000,111.310000,4,2024-02-20
2024-02-20 00:00:00,111.310000,111.330000,111.220000,111.311000,4,2024-02-20
2024-02-20 04:00:00,111.316000,111.330000,111.280000,111.290000,4,2024-02-20
2024-02-20 08:00:00,111.280000,111.380000,111.250000,111.310000,4,2024-02-20
2024-02-20 12:00:00,111.304000,111.360000,111.250000,111.310000,4,2024-02-20
2024-02-20 16:00:00,111.300000,111.390000,111.268500,111.380000,4,2024-02-20
2024-02-20 20:00:00,111.370000,111.440000,111.310000,111.361000,4,2024-02-21
2024-02-21 00:00:00,111.360000,111.440000,110.670000,110.880000,4,2024-02-21
2024-02-21 04:00:00,110.870000,110.970000,110.800000,110.910000,4,2024-02-21
2024-02-21 08:00:00,110.908000,110.970000,110.843000,110.950000,4,2024-02-21
2024-02-21 12:00:00,110.945500,111.050003,110.920000,111.029999,4,2024-02-21
2024-02-21 16:00:00,111.029999,111.095497,110.980000,110.980000,4,2024-02-21
2024-02-21 20:00:00,110.980000,111.000000,110.851000,110.890000,4,2024-02-22
2024-02-22 00:00:00,110.910000,111.310000,110.869500,111.290000,4,2024-02-22
2024-02-22 04:00:00,111.280000,111.340000,111.160000,111.220000,4,2024-02-22
2024-02-22 08:00:00,111.210000,111.560000,111.160000,111.550000,4,2024-02-22
2024-02-22 12:00:00,111.550000,111.580000,111.420000,111.470000,4,2024-02-22
2024-02-22 16:00:00,111.460000,111.730000,111.420000,111.650000,4,2024-02-22
2024-02-22 20:00:00,111.660000,111.720000,111.572500,111.620000,4,2024-02-23
2024-02-23 00:00:00,111.610000,111.627000,111.420000,111.610000,4,2024-02-23
2024-02-23 04:00:00,111.600000,111.672000,111.550000,111.620000,4,2024-02-23
2024-02-23 08:00:00,111.630000,111.680000,111.492000,111.500000,4,2024-02-23
2024-02-23 12:00:00,111.500000,111.690000,111.480000,111.683000,4,2024-02-23
2024-02-23 16:00:00,111.680000,111.770000,111.640000,111.640000,4,2024-02-23
2024-02-23 20:00:00,111.640000,111.770000,111.640000,111.760000,2,2024-02-23
2024-02-26 08:00:00,111.527500,111.530000,111.200000,111.250000,3,2024-02-26
2024-02-26 12:00:00,111.250000,111.420000,111.190000,111.410000,4,2024-02-26
2024-02-26 16:00:00,111.400000,111.410000,111.220000,111.330000,4,2024-02-26
2024-02-26 20:00:00,111.324000,111.500000,111.310000,111.390000,4,2024-02-27
2024-02-27 00:00:00,111.390000,111.610000,111.330000,111.580000,4,2024-02-27
2024-02-27 04:00:00,111.570000,111.620000,111.480000,111.570000,4,2024-02-27
2024-02-27 08:00:00,111.560000,111.620000,111.440000,111.470000,4,2024-02-27
2024-02-27 12:00:00,111.450000,111.480000,111.360000,111.430000,4,2024-02-27
2024-02-27 16:00:00,111.420000,111.500000,111.250000,111.250000,4,2024-02-27
2024-02-27 20:00:00,111.260000,111.440000,111.250000,111.360000,4,2024-02-28
2024-02-28 00:00:00,111.350000,111.391000,111.180000,111.250000,4,2024-02-28
2024-02-28 04:00:00,111.270000,111.300000,111.170000,111.220000,4,2024-02-28
2024-02-28 08:00:00,111.220000,111.290000,111.140000,111.230000,4,2024-02-28
2024-02-28 12:00:00,111.220000,111.220000,111.089996,111.200000,4,2024-02-28
2024-02-28 16:00:00,111.200000,111.231000,111.059998,111.080002,4,2024-02-28
2024-02-28 20:00:00,111.089996,111.089996,110.780000,110.810000,4,2024-02-29
2024-02-29 00:00:00,110.810000,111.190000,110.799500,111.019997,4,2024-02-29
2024-02-29 04:00:00,111.019997,111.080002,110.940000,111.019997,4,2024-02-29
2024-02-29 08:00:00,111.029999,111.029999,110.830000,110.850000,4,2024-02-29
2024-02-29 12:00:00,110.840000,110.860000,110.310000,110.410000,4,2024-02-29
2024-02-29 16:00:00,110.390000,110.580000,110.190000,110.220000,4,2024-02-29
2024-02-29 20:00:00,110.200000,110.450000,110.200000,110.420000,4,2024-03-01
2024-03-01 00:00:00,110.420000,110.490000,110.138500,110.480000,4,2024-03-01
2024-03-01 04:00:00,110.490000,110.560000,110.404000,110.480000,4,2024-03-01
2024-03-01 08:00:00,110.470000,110.730000,110.380000,110.670000,4,2024-03-01
2024-03-01 12:00:00,110.670000,110.880000,110.670000,110.820000,4,2024-03-01
2024-03-01 16:00:00,110.810000,110.890000,110.780000,110.860000,4,2024-03-01
2024-03-01 20:00:00,110.860000,110.970000,110.688000,110.747000,2,2024-03-01
2024-03-04 08:00:00,110.690000,110.800000,110.610000,110.690000,3,2024-03-04
2024-03-04 12:00:00,110.700000,110.800000,110.660000,110.790500,4,2024-03-04
2024-03-04 16:00:00,110.790500,110.890000,110.690000,110.810000,4,2024-03-04
2024-03-04 20:00:00,110.800000,110.940000,110.745000,110.860000,4,2024-03-05
2024-03-05 00:00:00,110.860000,111.000000,110.770000,110.920000,4,2024-03-05
2024-03-05 04:00:00,110.910000,110.960000,110.819000,110.880000,4,2024-03-05
2024-03-05 08:00:00,110.880000,110.910000,110.750000,110.772000,4,2024-03-05
2024-03-05 12:00:00,110.770000,110.890000,110.770000,110.830000,4,2024-03-05
2024-03-05 16:00:00,110.830000,110.840000,110.525500,110.620000,4,2024-03-05
2024-03-05 20:00:00,110.620000,110.770000,110.590000,110.620000,4,2024-03-06
2024-03-06 00:00:00,110.610000,110.640000,110.420000,110.575500,4,2024-03-06
2024-03-06 04:00:00,110.560000,110.610000,110.190000,110.280000,4,2024-03-06
2024-03-06 08:00:00,110.280000,110.439500,110.220000,110.303000,4,2024-03-06
2024-03-06 12:00:00,110.310000,110.440000,110.280000,110.370500,4,2024-03-06
2024-03-06 16:00:00,110.371000,110.390000,109.940000,110.250000,4,2024-03-06
2024-03-06 20:00:00,110.230000,110.310000,110.110000,110.120000,4,2024-03-07
2024-03-07 00:00:00,110.110000,110.620000,110.059998,110.420000,4,2024-03-07
2024-03-07 04:00:00,110.410000,110.580000,110.360000,110.500000,4,2024-03-07
2024-03-07 08:00:00,110.500000,110.590000,110.140000,110.170000,4,2024-03-07
2024-03-07 12:00:00,110.160000,110.210000,109.890000,109.990000,4,2024-03-07
2024-03-07 16:00:00,110.000000,110.050003,109.430000,109.500000,4,2024-03-07
2024-03-07 20:00:00,109.510000,109.660000,109.410000,109.560000,4,2024-03-08
2024-03-08 00:00:00,109.560000,110.010002,109.390000,109.970000,4,2024-03-08
2024-03-08 04:00:00,109.970000,110.066002,109.933000,110.029999,4,2024-03-08
2024-03-08 08:00:00,110.029999,110.029999,109.700000,109.840000,4,2024-03-08
2024-03-08 12:00:00,109.830000,110.080002,109.780000,109.940000,4,2024-03-08
2024-03-08 16:00:00,109.930000,110.086998,109.910000,110.021004,4,2024-03-08
2024-03-08 20:00:00,110.000000,110.019997,109.330000,109.420000,2,2024-03-08
2024-03-11 08:00:00,109.070000,109.082001,108.790000,108.900000,3,2024-03-11
2024-03-11 12:00:00,108.880000,109.080002,108.730000,108.920000,4,2024-03-11
2024-03-11 16:00:00,108.920000,109.089996,108.780000,108.840000,4,2024-03-11
2024-03-11 20:00:00,108.840000,108.920000,108.680000,108.690000,4,2024-03-12
2024-03-12 00:00:00,108.700000,109.019997,108.690000,108.950000,4,2024-03-12
2024-03-12 04:00:00,108.950000,109.033997,108.830000,109.000000,4,2024-03-12
2024-03-12 08:00:00,108.910000,109.029503,108.795000,108.950000,4,2024-03-12
2024-03-12 12:00:00,108.960000,109.420000,108.948780,109.380000,4,2024-03-12
2024-03-12 16:00:00,109.390000,109.550000,109.280000,109.330000,4,2024-03-12
2024-03-12 20:00:00,109.330000,109.720000,109.190000,109.410000,4,2024-03-13
2024-03-13 00:00:00,109.420000,109.610000,109.310000,109.410000,4,2024-03-13
2024-03-13 04:00:00,109.390000,109.480000,109.360000,109.450000,4,2024-03-13
2024-03-13 08:00:00,109.440000,109.460000,109.220000,109.220000,4,2024-03-13
2024-03-13 12:00:00,109.230000,109.360000,109.131500,109.350000,4,2024-03-13
2024-03-13 16:00:00,109.360000,109.660000,109.319000,109.640000,4,2024-03-13
2024-03-13 20:00:00,109.640000,109.750000,109.500000,109.670000,4,2024-03-14
2024-03-14 00:00:00,109.640000,109.840500,109.580000,109.670000,4,2024-03-14
2024-03-14 04:00:00,109.670000,109.780000,109.520000,109.690500,4,2024-03-14
2024-03-14 08:00:00,109.693500,109.713000,109.550000,109.580000,4,2024-03-14
2024-03-14 12:00:00,109.580000,109.810000,109.560000,109.770000,4,2024-03-14
2024-03-14 16:00:00,109.780000,109.800000,109.690000,109.770500,4,2024-03-14
2024-03-14 20:00:00,109.750000,109.820000,109.639500,109.720000,4,2024-03-15
2024-03-15 00:00:00,109.690000,109.830000,109.450000,109.580000,4,2024-03-15
2024-03-15 04:00:00,109.580000,109.670000,109.500000,109.600000,4,2024-03-15
2024-03-15 08:00:00,109.600000,109.690000,109.461500,109.640000,4,2024-03-15
2024-03-15 12:00:00,109.620000,109.780000,109.513000,109.556000,4,2024-03-15
2024-03-15 16:00:00,109.550000,109.860000,109.360000,109.770000,4,2024-03-15
2024-03-15 20:00:00,109.764500,109.940000,109.750000,109.920000,1,2024-03-15
2024-03-18 08:00:00,110.110000,110.220000,109.940000,110.220000,3,2024-03-18
2024-03-18 12:00:00,110.220000,110.250000,110.028000,110.140000,4,2024-03-18
2024-03-18 16:00:00,110.170000,110.390000,110.130000,110.250000,4,2024-03-18
2024-03-18 20:00:00,110.250000,110.310000,110.029999,110.220000,4,2024-03-19
2024-03-19 00:00:00,110.220000,110.270000,110.080002,110.110000,4,2024-03-19
2024-03-19 04:00:00,110.110000,110.230000,109.970000,110.220000,4,2024-03-19
2024-03-19 08:00:00,110.207000,110.220000,110.099998,110.180000,4,2024-03-19
2024-03-19 12:00:00,110.190000,110.750000,110.070000,110.690000,4,2024-03-19
2024-03-19 16:00:00,110.690000,110.940000,110.610000,110.780000,4,2024-03-19
2024-03-19 20:00:00,110.780000,111.000000,110.530000,110.590000,4,2024-03-20
2024-03-20 00:00:00,110.610000,111.300000,110.550000,111.280000,4,2024-03-20
2024-03-20 04:00:00,111.300000,111.330000,111.190000,111.200000,4,2024-03-20
2024-03-20 08:00:00,111.220000,111.440000,111.150000,111.360000,4,2024-03-20
2024-03-20 12:00:00,111.340000,111.620000,111.340000,111.560000,4,2024-03-20
2024-03-20 16:00:00,111.580000,111.640000,111.390000,111.420000,4,2024-03-20
2024-03-20 20:00:00,111.440000,111.720000,111.410000,111.720000,4,2024-03-21
2024-03-21 00:00:00,111.711000,111.890000,111.610000,111.880000,4,2024-03-21
2024-03-21 04:00:00,111.890000,112.270000,111.630000,112.110000,4,2024-03-21
2024-03-21 08:00:00,112.130000,112.140000,111.730000,111.810000,4,2024-03-21
2024-03-21 12:00:00,111.800000,111.980000,111.610000,111.970000,4,2024-03-21
2024-03-21 16:00:00,111.970000,112.300000,111.950000,112.010002,4,2024-03-21
2024-03-21 20:00:00,112.019997,112.059998,111.803000,111.920000,4,2024-03-22
2024-03-22 00:00:00,111.920000,112.200000,111.910000,112.118500,4,2024-03-22
2024-03-22 04:00:00,112.125500,112.170000,112.050003,112.059998,4,2024-03-22
2024-03-22 08:00:00,112.059998,112.130000,111.980000,112.055000,4,2024-03-22
2024-03-22 12:00:00,112.056503,112.170000,111.690000,111.780000,4,2024-03-22
2024-03-22 16:00:00,111.800000,111.830000,111.480000,111.640000,4,2024-03-22
2024-03-22 20:00:00,111.640000,111.720000,111.640000,111.700000,1,2024-03-22
2024-03-25 08:00:00,111.310000,111.320000,111.040001,111.160000,3,2024-03-25
2024-03-25 12:00:00,111.153000,111.310000,111.070000,111.302000,4,2024-03-25
2024-03-25 16:00:00,111.300000,111.360500,111.140000,111.360000,4,2024-03-25
2024-03-25 20:00:00,111.364500,111.420000,111.220000,111.280000,4,2024-03-26
2024-03-26 00:00:00,111.270000,111.590000,111.230000,111.530000,4,2024-03-26
2024-03-26 04:00:00,111.560000,111.560000,111.430000,111.450000,4,2024-03-26
2024-03-26 08:00:00,111.470000,111.500000,111.390000,111.410000,4,2024-03-26
2024-03-26 12:00:00,111.410000,111.500000,111.389000,111.440500,4,2024-03-26
2024-03-26 16:00:00,111.440000,111.500000,111.310000,111.390000,4,2024-03-26
2024-03-26 20:00:00,111.410000,111.735500,111.380000,111.720000,4,2024-03-27
2024-03-27 00:00:00,111.730000,111.730000,111.500000,111.610000,4,2024-03-27
2024-03-27 04:00:00,111.590000,111.660000,111.529460,111.580000,4,2024-03-27
2024-03-27 08:00:00,111.551000,111.640000,111.410000,111.459500,4,2024-03-27
2024-03-27 12:00:00,111.458500,111.700000,111.440000,111.550500,4,2024-03-27
2024-03-27 16:00:00,111.580000,111.637950,111.470000,111.520000,4,2024-03-27
2024-03-27 20:00:00,111.560000,111.572500,111.059998,111.140000,4,2024-03-28
2024-03-28 00:00:00,111.140000,111.462040,111.140000,111.330000,4,2024-03-28
2024-03-28 04:00:00,111.360000,111.567500,111.329000,111.480000,4,2024-03-28
2024-03-28 08:00:00,111.480000,111.510000,111.326000,111.470000,4,2024-03-28
2024-03-28 12:00:00,111.470000,111.550000,111.390000,111.500000,4,2024-03-28
2024-03-28 16:00:00,111.500000,111.500000,111.249500,111.310000,4,2024-03-28
2024-03-28 20:00:00,111.311500,111.470000,111.230000,111.410000,4,2024-03-29
2024-03-29 00:00:00,111.424500,111.860000,111.420000,111.789000,4,2024-03-29
2024-03-29 04:00:00,111.810000,111.860000,111.720000,111.800000,4,2024-03-29
2024-03-29 08:00:00,111.791500,111.910000,111.731500,111.731500,4,2024-03-29
2024-03-29 12:00:00,111.795000,111.860000,111.631000,111.632000,4,2024-03-29
2024-03-29 16:00:00,111.632000,111.710000,111.632000,111.691500,4,2024-03-29
2024-03-29 20:00:00,111.694500,111.698500,111.680000,111.690500,1,2024-03-29
2024-04-01 08:00:00,111.740000,111.984000,111.740000,111.940000,3,2024-04-01
2024-04-01 12:00:00,111.938500,111.950000,111.780000,111.885000,4,2024-04-01
2024-04-01 16:00:00,111.885500,111.925000,111.830000,111.864000,4,2024-04-01
2024-04-01 20:00:00,111.880000,111.920000,111.605000,111.700000,4,2024-04-02
2024-04-02 00:00:00,111.720000,111.860000,111.670000,111.737500,4,2024-04-02
2024-04-02 04:00:00,111.720000,111.760000,111.580000,111.752000,4,2024-04-02
2024-04-02 08:00:00,111.770000,111.810000,111.590000,111.750000,4,2024-04-02
2024-04-02 12:00:00,111.750000,111.840000,111.683000,111.750000,4,2024-04-02
2024-04-02 16:00:00,111.770000,111.830000,111.690000,111.800000,4,2024-04-02
2024-04-02 20:00:00,111.810000,111.890000,111.780000,111.780000,4,2024-04-03
2024-04-03 00:00:00,111.770000,111.780000,111.590000,111.701500,4,2024-04-03
2024-04-03 04:00:00,111.704000,111.750000,111.640000,111.711500,4,2024-04-03
2024-04-03 08:00:00,111.698000,111.750000,111.620000,111.680000,4,2024-04-03
2024-04-03 12:00:00,111.670000,111.770000,111.660000,111.730000,4,2024-04-03
2024-04-03 16:00:00,111.720000,111.780000,111.640000,111.730500,4,2024-04-03
2024-04-03 20:00:00,111.730000,111.970000,111.730000,111.914500,4,2024-04-04
2024-04-04 00:00:00,111.920000,112.314000,111.890000,112.080002,4,2024-04-04
2024-04-04 04:00:00,112.089996,112.170000,112.029999,112.150000,4,2024-04-04
2024-04-04 08:00:00,112.147500,112.170000,112.050003,112.139500,4,2024-04-04
2024-04-04 12:00:00,112.134500,112.270000,112.134500,112.245000,4,2024-04-04
2024-04-04 16:00:00,112.244000,112.363000,112.200000,112.349500,4,2024-04-04
2024-04-04 20:00:00,112.350000,112.471500,112.330000,112.458500,4,2024-04-05
2024-04-05 00:00:00,112.420000,112.480000,112.310000,112.330000,4,2024-04-05
2024-04-05 04:00:00,112.330000,112.340000,111.500000,111.750000,4,2024-04-05
2024-04-05 08:00:00,111.748500,111.774000,111.330000,111.390000,4,2024-04-05
2024-04-05 12:00:00,111.410000,111.480000,111.280000,111.420000,4,2024-04-05
2024-04-05 16:00:00,111.422500,111.690000,111.390000,111.640000,4,2024-04-05
2024-04-05 20:00:00,111.660000,111.750000,111.620000,111.690000,1,2024-04-05
2024-04-08 08:00:00,111.522500,111.620000,111.410000,111.620000,3,2024-04-08
2024-04-08 12:00:00,111.619500,111.710000,111.560000,111.590000,4,2024-04-08
2024-04-08 16:00:00,111.590000,111.770000,111.576000,111.690000,4,2024-04-08
2024-04-08 20:00:00,111.696000,111.880000,111.658500,111.700000,4,2024-04-09
2024-04-09 00:00:00,111.690000,111.820000,111.620000,111.800000,4,2024-04-09
2024-04-09 04:00:00,111.787500,111.910000,111.750000,111.838500,4,2024-04-09
2024-04-09 08:00:00,111.830000,111.940000,111.830000,111.890000,4,2024-04-09
2024-04-09 12:00:00,111.880000,111.890000,111.790000,111.890000,4,2024-04-09
2024-04-09 16:00:00,111.877000,111.948000,111.830000,111.913500,4,2024-04-09
2024-04-09 20:00:00,111.920000,112.000000,111.795500,111.881000,4,2024-04-10
2024-04-10 00:00:00,111.884500,111.940000,111.480000,111.640000,4,2024-04-10
2024-04-10 04:00:00,111.640000,111.850000,111.620000,111.810000,4,2024-04-10
2024-04-10 08:00:00,111.820000,111.865500,111.790000,111.850000,4,2024-04-10
2024-04-10 12:00:00,111.840000,111.912000,111.823500,111.880000,4,2024-04-10
2024-04-10 16:00:00,111.890000,111.970000,111.840000,111.950000,4,2024-04-10
2024-04-10 20:00:00,111.940000,112.029999,111.500000,111.890000,4,2024-04-11
2024-04-11 00:00:00,111.890000,111.920000,111.530000,111.690000,4,2024-04-11
2024-04-11 04:00:00,111.698500,112.000999,111.666000,111.830000,4,2024-04-11
2024-04-11 08:00:00,111.830000,111.840000,111.620000,111.663500,4,2024-04-11
2024-04-11 12:00:00,111.670500,111.840000,111.640000,111.829000,4,2024-04-11
2024-04-11 16:00:00,111.830000,112.050003,111.804000,111.883000,4,2024-04-11
2024-04-11 20:00:00,111.901000,111.920000,111.760000,111.840000,4,2024-04-12
2024-04-12 00:00:00,111.830000,112.000999,111.683000,111.958000,4,2024-04-12
2024-04-12 04:00:00,111.961000,112.089996,111.890000,111.909500,4,2024-04-12
2024-04-12 08:00:00,111.910000,111.990000,111.773500,111.864000,4,2024-04-12
2024-04-12 12:00:00,111.860000,111.890000,111.717000,111.760500,4,2024-04-12
2024-04-12 16:00:00,111.770000,111.810000,111.550000,111.624500,4,2024-04-12
2024-04-12 20:00:00,111.620000,111.640000,111.480000,111.500000,1,2024-04-12
2024-04-15 08:00:00,111.380000,111.610000,111.350000,111.581000,3,2024-04-15
2024-04-15 12:00:00,111.570000,111.910000,111.560000,111.890000,4,2024-04-15
2024-04-15 16:00:00,111.890000,112.059998,111.840000,111.980500,4,2024-04-15
2024-04-15 20:00:00,111.985000,112.420000,111.970000,112.330000,4,2024-04-16
2024-04-16 00:00:00,112.360000,112.380000,111.860000,111.940000,4,2024-04-16
2024-04-16 04:00:00,111.940000,111.950000,111.780000,111.840000,4,2024-04-16
2024-04-16 08:00:00,111.840000,111.920000,111.780000,111.845000,4,2024-04-16
2024-04-16 12:00:00,111.853000,111.910000,111.720000,111.890000,4,2024-04-16
2024-04-16 16:00:00,111.890000,112.080002,111.810000,112.050499,4,2024-04-16
2024-04-16 20:00:00,112.059998,112.270000,111.330000,111.690000,4,2024-04-17
2024-04-17 00:00:00,111.668000,111.940000,111.620000,111.940000,4,2024-04-17
2024-04-17 04:00:00,111.938000,112.029999,111.830000,111.840000,4,2024-04-17
2024-04-17 08:00:00,111.840000,111.970000,111.840000,111.958500,4,2024-04-17
2024-04-17 12:00:00,111.960500,111.988500,111.770000,111.790000,4,2024-04-17
2024-04-17 16:00:00,111.780000,111.983000,111.670000,111.970000,4,2024-04-17
2024-04-17 20:00:00,111.970000,112.200000,111.940000,112.170000,4,2024-04-18
2024-04-18 00:00:00,112.177000,112.220000,111.700000,112.000000,4,2024-04-18
2024-04-18 04:00:00,112.000000,112.170000,111.970000,112.069000,4,2024-04-18
2024-04-18 08:00:00,112.080002,112.110000,111.970000,112.029999,4,2024-04-18
2024-04-18 12:00:00,112.050003,112.220000,111.910000,112.183000,4,2024-04-18
2024-04-18 16:00:00,112.197000,112.270000,112.089996,112.250000,4,2024-04-18
2024-04-18 20:00:00,112.230000,112.340000,112.180000,112.280000,4,2024-04-19
2024-04-19 00:00:00,112.280000,112.460500,112.200000,112.252500,4,2024-04-19
2024-04-19 04:00:00,112.250000,112.340500,112.110000,112.294010,4,2024-04-19
2024-04-19 08:00:00,112.290000,112.320000,111.620000,111.830000,4,2024-04-19
2024-04-19 12:00:00,111.820000,112.140000,111.270000,112.000000,4,2024-04-19
2024-04-19 16:00:00,112.000000,112.390000,111.830000,112.296500,4,2024-04-19
2024-04-19 20:00:00,112.280000,112.310000,112.181500,112.228000,1,2024-04-19
2024-04-22 08:00:00,112.500000,112.720000,112.460000,112.700000,3,2024-04-22
2024-04-22 12:00:00,112.701500,112.770000,112.658500,112.705500,4,2024-04-22
2024-04-22 16:00:00,112.710000,112.800000,112.530000,112.780000,4,2024-04-22
2024-04-22 20:00:00,112.780000,112.840000,112.550000,112.690000,4,2024-04-23
2024-04-23 00:00:00,112.681500,113.019997,112.681500,113.019997,4,2024-04-23
2024-04-23 04:00:00,113.014503,113.110000,112.880000,113.002998,4,2024-04-23
2024-04-23 08:00:00,113.019997,113.059998,112.890000,112.910500,4,2024-04-23
2024-04-23 12:00:00,112.910000,113.029999,112.900000,112.968000,4,2024-04-23
2024-04-23 16:00:00,112.970000,113.120000,112.890000,112.929000,4,2024-04-23
2024-04-23 20:00:00,112.934500,113.210000,112.880000,113.180000,4,2024-04-24
2024-04-24 00:00:00,113.170000,113.312500,113.089996,113.275000,4,2024-04-24
2024-04-24 04:00:00,113.284000,113.358000,113.240000,113.280000,4,2024-04-24
2024-04-24 08:00:00,113.280000,113.362500,113.250000,113.326500,4,2024-04-24
2024-04-24 12:00:00,113.320000,113.380000,113.290000,113.360000,4,2024-04-24
2024-04-24 16:00:00,113.360000,113.380000,113.170000,113.230000,4,2024-04-24
2024-04-24 20:00:00,113.231920,113.320000,112.860000,113.080002,4,2024-04-25
2024-04-25 00:00:00,113.080002,113.390000,112.940000,113.353000,4,2024-04-25
2024-04-25 04:00:00,113.330000,113.390000,113.257500,113.279500,4,2024-04-25
2024-04-25 08:00:00,113.280000,113.500000,113.230000,113.440000,4,2024-04-25
2024-04-25 12:00:00,113.430000,113.770000,113.420000,113.709500,4,2024-04-25
2024-04-25 16:00:00,113.700000,113.880000,113.679500,113.795500,4,2024-04-25
2024-04-25 20:00:00,113.797000,113.810000,113.220000,113.430000,4,2024-04-26
2024-04-26 00:00:00,113.420000,113.890000,113.380000,113.840000,4,2024-04-26
2024-04-26 04:00:00,113.840000,114.000000,113.780000,113.920000,4,2024-04-26
2024-04-26 08:00:00,113.930000,113.988000,113.890000,113.970000,4,2024-04-26
2024-04-26 12:00:00,113.970000,114.420000,113.830000,114.410000,4,2024-04-26
2024-04-26 16:00:00,114.390000,114.895000,113.620000,114.770000,4,2024-04-26
2024-04-26 20:00:00,114.800000,114.830500,114.720000,114.821500,1,2024-04-26
2024-04-29 08:00:00,115.810000,117.330000,115.712000,116.610000,3,2024-04-29
2024-04-29 12:00:00,116.618000,116.920000,113.690000,114.920000,4,2024-04-29
2024-04-29 16:00:00,114.920000,115.190000,113.178000,114.059998,4,2024-04-29
2024-04-29 20:00:00,114.050003,114.660000,113.890000,114.640000,4,2024-04-30
2024-04-30 00:00:00,114.640000,114.830000,113.670000,114.310000,4,2024-04-30
2024-04-30 04:00:00,114.305500,114.470000,113.970000,114.410000,4,2024-04-30
2024-04-30 08:00:00,114.390000,114.840000,114.240000,114.720000,4,2024-04-30
2024-04-30 12:00:00,114.714000,114.750000,114.450000,114.520000,4,2024-04-30
2024-04-30 16:00:00,114.530000,114.705500,114.300000,114.670000,4,2024-04-30
2024-04-30 20:00:00,114.660000,114.840000,114.439000,114.480000,4,2024-05-01
2024-05-01 00:00:00,114.500000,114.613000,114.417000,114.560000,4,2024-05-01
2024-05-01 04:00:00,114.570000,114.640000,114.460000,114.512000,4,2024-05-01
2024-05-01 08:00:00,114.510000,114.586500,114.430000,114.550000,4,2024-05-01
2024-05-01 12:00:00,114.550000,114.630000,114.520000,114.608500,4,2024-05-01
2024-05-01 16:00:00,114.590000,114.720000,114.550000,114.664000,4,2024-05-01
2024-05-01 20:00:00,114.660000,114.738000,114.440000,114.570000,4,2024-05-02
2024-05-02 00:00:00,114.580000,114.614500,114.420000,114.510000,4,2024-05-02
2024-05-02 04:00:00,114.520000,114.700000,111.410000,112.270000,4,2024-05-02
2024-05-02 08:00:00,112.290000,113.810000,112.237000,113.700000,4,2024-05-02
2024-05-02 12:00:00,113.720000,113.810000,113.410000,113.480000,4,2024-05-02
2024-05-02 16:00:00,113.470000,113.482500,113.029999,113.200000,4,2024-05-02
2024-05-02 20:00:00,113.196000,113.220000,112.530000,112.560000,4,2024-05-03
2024-05-03 00:00:00,112.580000,112.720000,112.000000,112.080002,4,2024-05-03
2024-05-03 04:00:00,112.085503,112.470000,111.920000,112.420000,4,2024-05-03
2024-05-03 08:00:00,112.430000,112.440000,111.830000,111.890000,4,2024-05-03
2024-05-03 12:00:00,111.882500,112.070000,111.830000,111.985500,4,2024-05-03
2024-05-03 16:00:00,111.970000,112.190000,111.890000,112.019997,4,2024-05-03
2024-05-03 20:00:00,112.029999,112.080002,112.000000,112.080002,1,2024-05-03
2024-05-06 08:00:00,112.000000,112.300000,111.924500,112.270000,3,2024-05-06
2024-05-06 12:00:00,112.280000,112.530000,112.250000,112.500000,4,2024-05-06
2024-05-06 16:00:00,112.480000,112.520000,112.350000,112.444500,4,2024-05-06
2024-05-06 20:00:00,112.445000,112.660000,112.300000,112.644500,4,2024-05-07
2024-05-07 00:00:00,112.640000,112.780000,112.560000,112.660000,4,2024-05-07
2024-05-07 04:00:00,112.640000,112.720000,112.575000,112.604500,4,2024-05-07
2024-05-07 08:00:00,112.610000,112.940000,112.590000,112.890000,4,2024-05-07
2024-05-07 12:00:00,112.890000,113.070000,112.880000,112.950000,4,2024-05-07
2024-05-07 16:00:00,112.970000,112.970000,112.520000,112.940000,4,2024-05-07
2024-05-07 20:00:00,112.950000,113.040001,112.790000,112.810000,4,2024-05-08
2024-05-08 00:00:00,112.800000,112.910000,112.610000,112.632000,4,2024-05-08
2024-05-08 04:00:00,112.640000,112.730000,112.580000,112.660000,4,2024-05-08
2024-05-08 08:00:00,112.640000,112.900500,112.630000,112.852000,4,2024-05-08
2024-05-08 12:00:00,112.847500,112.920000,112.770000,112.820000,4,2024-05-08
2024-05-08 16:00:00,112.810000,113.059998,112.780000,113.024002,4,2024-05-08
2024-05-08 20:00:00,113.050003,113.300000,112.970000,113.280000,4,2024-05-09
2024-05-09 00:00:00,113.277500,113.421500,113.220000,113.297500,4,2024-05-09
2024-05-09 04:00:00,113.296500,113.380000,113.280000,113.330000,4,2024-05-09
2024-05-09 08:00:00,113.340000,113.400000,113.029999,113.337500,4,2024-05-09
2024-05-09 12:00:00,113.360000,113.410000,113.290000,113.380000,4,2024-05-09
2024-05-09 16:00:00,113.373000,113.582500,113.360000,113.565500,4,2024-05-09
2024-05-09 20:00:00,113.561500,113.690000,113.470000,113.640000,4,2024-05-10
2024-05-10 00:00:00,113.620000,113.757000,113.560000,113.670000,4,2024-05-10
2024-05-10 04:00:00,113.670000,113.758500,113.592000,113.680000,4,2024-05-10
2024-05-10 08:00:00,113.670000,113.800500,113.530000,113.786000,4,2024-05-10
2024-05-10 12:00:00,113.780000,113.810000,113.700000,113.717500,4,2024-05-10
2024-05-10 16:00:00,113.730000,113.860000,113.640000,113.790000,4,2024-05-10
2024-05-10 20:00:00,113.810000,113.840000,113.750000,113.830000,1,2024-05-10
2024-05-13 08:00:00,113.900000,114.000000,113.720000,113.830000,3,2024-05-13
2024-05-13 12:00:00,113.860000,113.920000,113.810000,113.910000,4,2024-05-13
2024-05-13 16:00:00,113.890000,114.029999,113.860000,113.957500,4,2024-05-13
2024-05-13 20:00:00,113.957000,114.085999,113.880000,114.059998,4,2024-05-14
2024-05-14 00:00:00,114.052002,114.270000,113.950000,114.250000,4,2024-05-14
2024-05-14 04:00:00,114.230000,114.465000,114.200000,114.290000,4,2024-05-14
2024-05-14 08:00:00,114.280000,114.420000,114.260000,114.390000,4,2024-05-14
2024-05-14 12:00:00,114.360000,114.410000,114.300000,114.358000,4,2024-05-14
2024-05-14 16:00:00,114.350000,114.450000,114.310000,114.380000,4,2024-05-14
2024-05-14 20:00:00,114.360000,114.810000,114.360000,114.670000,4,2024-05-15
2024-05-15 00:00:00,114.690000,114.720000,114.500000,114.550000,4,2024-05-15
2024-05-15 04:00:00,114.560000,114.660000,114.485500,114.582000,4,2024-05-15
2024-05-15 08:00:00,114.590000,114.700500,114.500000,114.600000,4,2024-05-15
2024-05-15 12:00:00,114.606000,114.696000,114.495000,114.564500,4,2024-05-15
2024-05-15 16:00:00,114.560000,114.641500,114.170000,114.334000,4,2024-05-15
2024-05-15 20:00:00,114.328500,114.380000,113.830000,114.080002,4,2024-05-16
2024-05-16 00:00:00,114.080002,114.110000,113.750000,113.800000,4,2024-05-16
2024-05-16 04:00:00,113.795500,113.970000,113.739500,113.790000,4,2024-05-16
2024-05-16 08:00:00,113.780000,113.798500,112.950000,113.220000,4,2024-05-16
2024-05-16 12:00:00,113.230000,113.380000,113.029999,113.265000,4,2024-05-16
2024-05-16 16:00:00,113.230000,113.630000,113.134000,113.531500,4,2024-05-16
2024-05-16 20:00:00,113.500000,114.050003,113.450000,113.976000,4,2024-05-17
2024-05-17 00:00:00,113.983000,114.140000,113.910000,114.035004,4,2024-05-17
2024-05-17 04:00:00,114.025497,114.160000,113.980000,114.120000,4,2024-05-17
2024-05-17 08:00:00,114.099998,114.420000,114.078003,114.390000,4,2024-05-17
2024-05-17 12:00:00,114.390000,114.410000,114.294500,114.380000,4,2024-05-17
2024-05-17 16:00:00,114.390000,114.394000,114.220000,114.270000,4,2024-05-17
2024-05-17 20:00:00,114.250000,114.320000,114.220000,114.239000,1,2024-05-17
2024-05-20 08:00:00,114.400000,114.610000,114.393000,114.580000,3,2024-05-20
2024-05-20 12:00:00,114.580000,114.580000,114.390000,114.434000,4,2024-05-20
2024-05-20 16:00:00,114.440000,114.470000,114.190000,114.382500,4,2024-05-20
2024-05-20 20:00:00,114.384000,114.690000,114.320000,114.680500,4,2024-05-21
2024-05-21 00:00:00,114.682000,114.830000,114.580000,114.670000,4,2024-05-21
2024-05-21 04:00:00,114.660000,114.733000,114.603500,114.670000,4,2024-05-21
2024-05-21 08:00:00,114.670000,114.830000,114.657000,114.730000,4,2024-05-21
2024-05-21 12:00:00,114.750000,114.780000,114.620000,114.694500,4,2024-05-21
2024-05-21 16:00:00,114.690000,114.700000,114.490000,114.543500,4,2024-05-21
2024-05-21 20:00:00,114.548000,114.830000,114.156000,114.220000,4,2024-05-22
2024-05-22 00:00:00,114.220000,114.480000,114.170000,114.465000,4,2024-05-22
2024-05-22 04:00:00,114.466500,114.600000,114.340000,114.504000,4,2024-05-22
2024-05-22 08:00:00,114.450000,114.670000,114.440000,114.619000,4,2024-05-22
2024-05-22 12:00:00,114.620000,114.670000,114.560000,114.586500,4,2024-05-22
2024-05-22 16:00:00,114.610000,114.660000,114.467500,114.560000,4,2024-05-22
2024-05-22 20:00:00,114.550000,114.611500,114.411000,114.459000,4,2024-05-23
2024-05-23 00:00:00,114.457500,114.596000,114.406000,114.479000,4,2024-05-23
2024-05-23 04:00:00,114.480000,114.800000,114.320000,114.450000,4,2024-05-23
2024-05-23 08:00:00,114.450000,114.610000,114.424000,114.505500,4,2024-05-23
2024-05-23 12:00:00,114.500000,114.621000,114.450000,114.526500,4,2024-05-23
2024-05-23 16:00:00,114.530000,114.660000,114.420000,114.624000,4,2024-05-23
2024-05-23 20:00:00,114.620000,114.830000,114.516000,114.830000,4,2024-05-24
2024-05-24 00:00:00,114.810000,114.890000,114.310000,114.310000,4,2024-05-24
2024-05-24 04:00:00,114.330000,114.360000,114.150000,114.333000,4,2024-05-24
2024-05-24 08:00:00,114.340000,114.420000,114.250000,114.420000,4,2024-05-24
2024-05-24 12:00:00,114.420000,114.440000,114.300000,114.368000,4,2024-05-24
2024-05-24 16:00:00,114.360000,114.450000,114.310000,114.420000,4,2024-05-24
2024-05-24 20:00:00,114.409000,114.470000,114.405500,114.440000,1,2024-05-24
2024-05-27 08:00:00,114.780000,114.810000,114.640000,114.750000,3,2024-05-27
2024-05-27 12:00:00,114.760000,114.760000,114.640000,114.730000,4,2024-05-27
2024-05-27 16:00:00,114.750000,114.920000,114.720000,114.920000,4,2024-05-27
2024-05-27 20:00:00,114.911500,115.029999,114.800000,115.000000,4,2024-05-28
2024-05-28 00:00:00,115.000000,115.230500,114.920000,115.087997,4,2024-05-28
2024-05-28 04:00:00,115.092003,115.120000,114.680000,115.070000,4,2024-05-28
2024-05-28 08:00:00,115.059998,115.160000,115.059998,115.089996,4,2024-05-28
2024-05-28 12:00:00,115.091499,115.140000,115.011002,115.089996,4,2024-05-28
2024-05-28 16:00:00,115.110000,115.220000,115.070000,115.186500,4,2024-05-28
2024-05-28 20:00:00,115.183000,115.190000,114.940000,114.960000,4,2024-05-29
2024-05-29 00:00:00,114.970000,115.170000,114.950000,115.097504,4,2024-05-29
2024-05-29 04:00:00,115.080002,115.220000,115.059998,115.175500,4,2024-05-29
2024-05-29 08:00:00,115.170000,115.291000,115.140000,115.180000,4,2024-05-29
2024-05-29 12:00:00,115.180000,115.202500,114.980000,115.000000,4,2024-05-29
2024-05-29 16:00:00,115.000000,115.089996,114.840000,115.042999,4,2024-05-29
2024-05-29 20:00:00,115.059998,115.089996,114.860000,114.951500,4,2024-05-30
2024-05-30 00:00:00,114.940000,115.059998,114.840000,115.029999,4,2024-05-30
2024-05-30 04:00:00,115.016502,115.050003,114.770000,114.900000,4,2024-05-30
2024-05-30 08:00:00,114.900000,114.940000,114.663000,114.754000,4,2024-05-30
2024-05-30 12:00:00,114.780000,114.800000,114.280000,114.310000,4,2024-05-30
2024-05-30 16:00:00,114.330000,114.530000,114.079498,114.360000,4,2024-05-30
2024-05-30 20:00:00,114.390000,114.560000,114.190000,114.524500,4,2024-05-31
2024-05-31 00:00:00,114.510000,114.704500,114.490000,114.656500,4,2024-05-31
2024-05-31 04:00:00,114.645000,114.720000,114.550000,114.630000,4,2024-05-31
2024-05-31 08:00:00,114.620000,114.770000,114.440000,114.480000,4,2024-05-31
2024-05-31 12:00:00,114.482000,114.770000,114.440000,114.740000,4,2024-05-31
2024-05-31 16:00:00,114.750000,115.300000,114.730000,115.300000,4,2024-05-31
2024-05-31 20:00:00,115.300000,115.360000,115.250000,115.340000,1,2024-05-31
2024-06-03 08:00:00,115.430000,115.530000,115.330000,115.363000,3,2024-06-03
2024-06-03 12:00:00,115.380000,115.550000,115.340000,115.430000,4,2024-06-03
2024-06-03 16:00:00,115.420000,115.440000,114.890000,114.949500,4,2024-06-03
2024-06-03 20:00:00,114.970000,115.147000,114.750000,114.940000,4,2024-06-04
2024-06-04 00:00:00,114.930000,114.980000,114.299000,114.420000,4,2024-06-04
2024-06-04 04:00:00,114.420000,114.826500,114.420000,114.550000,4,2024-06-04
2024-06-04 08:00:00,114.540000,114.800000,114.463000,114.750000,4,2024-06-04
2024-06-04 12:00:00,114.750000,114.750000,114.360000,114.440000,4,2024-06-04
2024-06-04 16:00:00,114.440000,114.440000,113.250000,113.310000,4,2024-06-04
2024-06-04 20:00:00,113.330000,113.470000,112.950000,113.190000,4,2024-06-05
2024-06-05 00:00:00,113.180000,113.470000,113.019997,113.031998,4,2024-06-05
2024-06-05 04:00:00,113.029999,113.280000,113.029999,113.190000,4,2024-06-05
2024-06-05 08:00:00,113.180000,113.670000,113.170000,113.670000,4,2024-06-05
2024-06-05 12:00:00,113.660000,113.860000,113.620000,113.810000,4,2024-06-05
2024-06-05 16:00:00,113.810000,114.300000,113.810000,114.029999,4,2024-06-05
2024-06-05 20:00:00,114.019997,114.234000,113.620000,113.680000,4,2024-06-06
2024-06-06 00:00:00,113.670000,114.019997,113.660000,114.000000,4,2024-06-06
2024-06-06 04:00:00,113.980000,114.070000,113.920000,113.980000,4,2024-06-06
2024-06-06 08:00:00,113.970000,114.000000,113.670000,113.890000,4,2024-06-06
2024-06-06 12:00:00,113.890000,114.019997,113.720000,113.970000,4,2024-06-06
2024-06-06 16:00:00,113.980000,114.234500,113.890000,113.970000,4,2024-06-06
2024-06-06 20:00:00,113.950000,114.160000,113.890000,114.089996,4,2024-06-07
2024-06-07 00:00:00,114.110000,114.160000,113.810000,113.950000,4,2024-06-07
2024-06-07 04:00:00,113.940000,113.970000,113.740000,113.830000,4,2024-06-07
2024-06-07 08:00:00,113.860000,114.080002,113.810000,113.910000,4,2024-06-07
2024-06-07 12:00:00,113.890000,114.029999,113.719500,113.770000,4,2024-06-07
2024-06-07 16:00:00,113.780000,113.780000,113.440000,113.640000,4,2024-06-07
2024-06-07 20:00:00,113.640000,113.700000,113.610000,113.670000,1,2024-06-07
2024-06-10 08:00:00,114.019997,114.040001,113.910000,114.008499,3,2024-06-10
2024-06-10 12:00:00,114.000000,114.190000,113.980000,114.131500,4,2024-06-10
2024-06-10 16:00:00,114.120000,114.201500,113.810000,113.890000,4,2024-06-10
2024-06-10 20:00:00,113.874000,114.110000,113.780000,113.910000,4,2024-06-11
2024-06-11 00:00:00,113.905000,114.129500,113.855000,114.109500,4,2024-06-11
2024-06-11 04:00:00,114.089996,114.190000,114.059998,114.140000,4,2024-06-11
2024-06-11 08:00:00,114.150000,114.270000,114.089996,114.218500,4,2024-06-11
2024-06-11 12:00:00,114.224500,114.328580,114.170000,114.300000,4,2024-06-11
2024-06-11 16:00:00,114.310000,114.360000,114.135500,114.170000,4,2024-06-11
2024-06-11 20:00:00,114.157500,114.170000,113.860000,114.019997,4,2024-06-12
2024-06-12 00:00:00,114.000000,114.380000,113.980000,114.187000,4,2024-06-12
2024-06-12 04:00:00,114.200000,114.240650,114.120000,114.221500,4,2024-06-12
2024-06-12 08:00:00,114.220000,114.310000,114.180000,114.274500,4,2024-06-12
2024-06-12 12:00:00,114.280000,114.420000,114.250000,114.380000,4,2024-06-12
2024-06-12 16:00:00,114.380000,114.470000,114.360000,114.442000,4,2024-06-12
2024-06-12 20:00:00,114.440000,114.500000,113.810000,113.810000,4,2024-06-13
2024-06-13 00:00:00,113.830000,113.980000,113.730000,113.800000,4,2024-06-13
2024-06-13 04:00:00,113.770000,114.360000,113.760000,114.169500,4,2024-06-13
2024-06-13 08:00:00,114.150000,114.310000,114.110000,114.149500,4,2024-06-13
2024-06-13 12:00:00,114.141000,114.390000,114.141000,114.268500,4,2024-06-13
2024-06-13 16:00:00,114.276500,114.550000,114.276500,114.380000,4,2024-06-13
2024-06-13 20:00:00,114.390000,114.530000,114.140000,114.370000,4,2024-06-14
2024-06-14 00:00:00,114.360000,114.390000,113.896000,114.160000,4,2024-06-14
2024-06-14 04:00:00,114.152000,114.380000,113.960000,114.280000,4,2024-06-14
2024-06-14 08:00:00,114.280000,114.500000,114.220000,114.470000,4,2024-06-14
2024-06-14 12:00:00,114.480000,115.089996,114.170000,115.059998,4,2024-06-14
2024-06-14 16:00:00,115.059998,115.110000,114.019997,114.170000,4,2024-06-14
2024-06-14 20:00:00,114.170000,114.190000,114.000000,114.080002,1,2024-06-14
2024-06-17 08:00:00,114.700000,114.780000,114.519500,114.632000,3,2024-06-17
2024-06-17 12:00:00,114.620000,114.670000,114.480000,114.560000,4,2024-06-17
2024-06-17 16:00:00,114.547000,114.780000,114.293500,114.740500,4,2024-06-17
2024-06-17 20:00:00,114.750000,114.910000,114.620000,114.880000,4,2024-06-18
2024-06-18 00:00:00,114.890000,114.910000,114.670000,114.889000,4,2024-06-18
2024-06-18 04:00:00,114.890000,114.960000,114.860000,114.940000,4,2024-06-18
2024-06-18 08:00:00,114.940000,115.000000,114.748000,114.770000,4,2024-06-18
2024-06-18 12:00:00,114.780000,114.940000,114.690000,114.920000,4,2024-06-18
2024-06-18 16:00:00,114.930000,115.089996,114.920000,115.003998,4,2024-06-18
2024-06-18 20:00:00,115.004997,115.059998,114.807500,115.029999,4,2024-06-19
2024-06-19 00:00:00,115.029999,115.190000,114.933000,115.059998,4,2024-06-19
2024-06-19 04:00:00,115.050003,115.110000,114.980000,115.049500,4,2024-06-19
2024-06-19 08:00:00,115.059998,115.129300,115.000000,115.029999,4,2024-06-19
2024-06-19 12:00:00,115.027000,115.099998,115.010002,115.019997,4,2024-06-19
2024-06-19 16:00:00,115.029999,115.110000,114.840000,115.073997,4,2024-06-19
2024-06-19 20:00:00,115.073997,115.225000,115.073997,115.217000,4,2024-06-20
2024-06-20 00:00:00,115.200000,115.280000,115.130000,115.180000,4,2024-06-20
2024-06-20 04:00:00,115.176000,115.360000,115.042999,115.260000,4,2024-06-20
2024-06-20 08:00:00,115.280000,115.310000,115.220000,115.270000,4,2024-06-20
2024-06-20 12:00:00,115.250000,115.360000,115.230000,115.270000,4,2024-06-20
2024-06-20 16:00:00,115.300000,115.560000,115.274000,115.523500,4,2024-06-20
2024-06-20 20:00:00,115.550000,115.920000,115.431000,115.890000,4,2024-06-21
2024-06-21 00:00:00,115.890000,116.019997,115.810000,115.980000,4,2024-06-21
2024-06-21 04:00:00,116.000000,116.170000,115.969000,116.089996,4,2024-06-21
2024-06-21 08:00:00,116.089996,116.250000,116.059998,116.166000,4,2024-06-21
2024-06-21 12:00:00,116.163500,116.250000,116.089996,116.220000,4,2024-06-21
2024-06-21 16:00:00,116.230000,116.280000,115.840000,116.069504,4,2024-06-21
2024-06-21 20:00:00,116.059998,116.110000,116.019997,116.099998,1,2024-06-21
2024-06-24 08:00:00,116.640000,116.740000,116.480000,116.530000,3,2024-06-24
2024-06-24 12:00:00,116.530000,116.723000,116.520000,116.670000,4,2024-06-24
2024-06-24 16:00:00,116.660000,116.841500,116.630000,116.750000,4,2024-06-24
2024-06-24 20:00:00,116.738880,116.750000,116.080002,116.690000,4,2024-06-25
2024-06-25 00:00:00,116.690000,117.000000,116.660000,116.905000,4,2024-06-25
2024-06-25 04:00:00,116.890000,117.000000,116.820000,116.860000,4,2024-06-25
2024-06-25 08:00:00,116.850000,116.940000,116.580000,116.750000,4,2024-06-25
2024-06-25 12:00:00,116.749000,116.940000,116.700000,116.840000,4,2024-06-25
2024-06-25 16:00:00,116.830000,116.910000,116.716000,116.720000,4,2024-06-25
2024-06-25 20:00:00,116.720000,117.080002,116.540220,116.870000,4,2024-06-26
2024-06-26 00:00:00,116.860000,117.029999,116.780000,116.980000,4,2024-06-26
2024-06-26 04:00:00,116.970000,117.000000,116.831500,116.910000,4,2024-06-26
2024-06-26 08:00:00,116.910000,117.089996,116.850000,117.019501,4,2024-06-26
2024-06-26 12:00:00,117.050003,117.110000,116.966500,116.990000,4,2024-06-26
2024-06-26 16:00:00,117.000000,117.110000,116.940000,117.019997,4,2024-06-26
2024-06-26 20:00:00,117.029999,117.270000,116.920000,117.230000,4,2024-06-27
2024-06-27 00:00:00,117.240000,117.420000,117.190000,117.310000,4,2024-06-27
2024-06-27 04:00:00,117.330000,117.413500,117.230000,117.330000,4,2024-06-27
2024-06-27 08:00:00,117.320000,117.334500,117.059998,117.140000,4,2024-06-27
2024-06-27 12:00:00,117.140000,117.170000,117.027496,117.140000,4,2024-06-27
2024-06-27 16:00:00,117.120000,117.346000,117.110000,117.294500,4,2024-06-27
2024-06-27 20:00:00,117.299000,117.320000,117.120000,117.290000,4,2024-06-28
2024-06-28 00:00:00,117.300000,117.456000,117.220000,117.412500,4,2024-06-28
2024-06-28 04:00:00,117.414500,117.440000,117.320000,117.360000,4,2024-06-28
2024-06-28 08:00:00,117.360000,117.440000,117.200000,117.340000,4,2024-06-28
2024-06-28 12:00:00,117.330000,117.390000,117.190000,117.229000,4,2024-06-28
2024-06-28 16:00:00,117.250000,117.420500,117.250000,117.340000,4,2024-06-28
2024-06-28 20:00:00,117.330000,117.390000,117.220000,117.225500,1,2024-06-28
2024-07-01 08:00:00,117.600000,117.860000,117.560000,117.690000,3,2024-07-01
2024-07-01 12:00:00,117.700000,117.840000,117.640000,117.780000,4,2024-07-01
2024-07-01 16:00:00,117.790000,117.830000,117.682500,117.720000,4,2024-07-01
2024-07-01 20:00:00,117.720000,117.880000,117.652500,117.800000,4,2024-07-02
2024-07-02 00:00:00,117.810000,117.840000,117.504100,117.550000,4,2024-07-02
2024-07-02 04:00:00,117.530000,117.646460,117.470000,117.550000,4,2024-07-02
2024-07-02 08:00:00,117.550000,117.670000,117.496500,117.640000,4,2024-07-02
2024-07-02 12:00:00,117.640000,117.640000,117.510000,117.614000,4,2024-07-02
2024-07-02 16:00:00,117.610000,117.730000,117.580000,117.720000,4,2024-07-02
2024-07-02 20:00:00,117.732500,117.850000,117.620000,117.830000,4,2024-07-03
2024-07-03 00:00:00,117.840000,118.059998,117.830000,118.050003,4,2024-07-03
2024-07-03 04:00:00,118.059998,118.140000,117.993060,118.019997,4,2024-07-03
2024-07-03 08:00:00,118.029999,118.160000,118.029999,118.133000,4,2024-07-03
2024-07-03 12:00:00,118.140000,118.310000,118.089996,118.300000,4,2024-07-03
2024-07-03 16:00:00,118.310000,118.440000,118.184500,118.340000,4,2024-07-03
2024-07-03 20:00:00,118.340000,118.530000,118.310000,118.470000,4,2024-07-04
2024-07-04 00:00:00,118.470000,118.550000,118.000000,118.450000,4,2024-07-04
2024-07-04 04:00:00,118.450000,118.640000,118.408500,118.470000,4,2024-07-04
2024-07-04 08:00:00,118.470000,118.580000,118.270000,118.358500,4,2024-07-04
2024-07-04 12:00:00,118.360000,118.500000,118.323500,118.478000,4,2024-07-04
2024-07-04 16:00:00,118.470000,118.500000,118.329000,118.340000,4,2024-07-04
2024-07-04 20:00:00,118.330000,118.410000,118.158000,118.390000,4,2024-07-05
2024-07-05 00:00:00,118.398500,118.440000,118.230000,118.410000,4,2024-07-05
2024-07-05 04:00:00,118.408000,118.513000,118.390000,118.440000,4,2024-07-05
2024-07-05 08:00:00,118.460000,118.550000,118.190000,118.330000,4,2024-07-05
2024-07-05 12:00:00,118.330000,118.360000,117.940000,118.092003,4,2024-07-05
2024-07-05 16:00:00,118.098999,118.226500,118.029999,118.095001,4,2024-07-05
2024-07-05 20:00:00,118.110000,118.171000,118.059998,118.155500,1,2024-07-05
2024-07-08 08:00:00,117.810000,117.850000,117.610000,117.620000,3,2024-07-08
2024-07-08 12:00:00,117.640000,117.800000,117.500000,117.800000,4,2024-07-08
2024-07-08 16:00:00,117.800000,118.160000,117.670000,118.116500,4,2024-07-08
2024-07-08 20:00:00,118.110000,118.140000,117.840000,117.880000,4,2024-07-09
2024-07-09 00:00:00,117.860000,117.970000,117.690000,117.890000,4,2024-07-09
2024-07-09 04:00:00,117.887000,117.970000,117.830000,117.926000,4,2024-07-09
2024-07-09 08:00:00,117.930000,118.063499,117.890000,118.029999,4,2024-07-09
2024-07-09 12:00:00,118.012497,118.140000,117.980000,118.050003,4,2024-07-09
2024-07-09 16:00:00,118.043434,118.091003,117.909500,118.050003,4,2024-07-09
2024-07-09 20:00:00,118.064003,118.160000,118.019501,118.059998,4,2024-07-10
2024-07-10 00:00:00,118.065002,118.390000,118.000000,118.337000,4,2024-07-10
2024-07-10 04:00:00,118.330000,118.586000,118.236010,118.289500,4,2024-07-10
2024-07-10 08:00:00,118.290000,118.500500,118.280000,118.470000,4,2024-07-10
2024-07-10 12:00:00,118.470000,118.530000,118.411750,118.440000,4,2024-07-10
2024-07-10 16:00:00,118.440000,118.560000,118.330000,118.512000,4,2024-07-10
2024-07-10 20:00:00,118.515000,118.610000,118.390000,118.610000,4,2024-07-11
2024-07-11 00:00:00,118.610000,118.870000,118.590000,118.770500,4,2024-07-11
2024-07-11 04:00:00,118.780000,118.780000,118.618500,118.652000,4,2024-07-11
2024-07-11 08:00:00,118.660000,118.700000,118.567500,118.690000,4,2024-07-11
2024-07-11 12:00:00,118.670000,118.750000,118.656000,118.699000,4,2024-07-11
2024-07-11 16:00:00,118.720000,118.780000,118.457000,118.511500,4,2024-07-11
2024-07-11 20:00:00,118.515000,118.615500,115.750000,116.660000,4,2024-07-12
2024-07-12 00:00:00,116.670000,116.670000,116.280000,116.410000,4,2024-07-12
2024-07-12 04:00:00,116.410000,116.597000,116.360000,116.595000,4,2024-07-12
2024-07-12 08:00:00,116.600000,116.970000,115.760000,116.915500,4,2024-07-12
2024-07-12 12:00:00,116.890000,116.960000,116.480000,116.750000,4,2024-07-12
2024-07-12 16:00:00,116.720000,116.940500,116.720000,116.910000,4,2024-07-12
2024-07-12 20:00:00,116.899000,116.950000,116.840000,116.860000,1,2024-07-12
2024-07-15 08:00:00,116.000000,116.059998,115.690000,115.780000,3,2024-07-15
2024-07-15 12:00:00,115.779500,115.830000,115.590000,115.660000,4,2024-07-15
2024-07-15 16:00:00,115.672500,115.860000,115.580000,115.766500,4,2024-07-15
2024-07-15 20:00:00,115.766000,115.970000,115.652000,115.720000,4,2024-07-16
2024-07-16 00:00:00,115.713000,115.730000,115.059998,115.414500,4,2024-07-16
2024-07-16 04:00:00,115.410000,115.660000,115.380000,115.532500,4,2024-07-16
2024-07-16 08:00:00,115.540000,115.970000,115.530000,115.884000,4,2024-07-16
2024-07-16 12:00:00,115.890000,116.019997,115.879000,115.980000,4,2024-07-16
2024-07-16 16:00:00,115.970000,115.989000,115.650000,115.810000,4,2024-07-16
2024-07-16 20:00:00,115.820000,115.940000,115.680000,115.920000,4,2024-07-17
2024-07-17 00:00:00,115.920500,115.970000,115.730000,115.860000,4,2024-07-17
2024-07-17 04:00:00,115.870000,115.870000,115.750000,115.810000,4,2024-07-17
2024-07-17 08:00:00,115.810000,115.940000,115.780000,115.884500,4,2024-07-17
2024-07-17 12:00:00,115.890000,115.920000,115.440000,115.450000,4,2024-07-17
2024-07-17 16:00:00,115.440000,115.570000,114.250000,114.500000,4,2024-07-17
2024-07-17 20:00:00,114.500000,114.700000,114.280000,114.360000,4,2024-07-18
2024-07-18 00:00:00,114.360000,114.520000,114.029999,114.257000,4,2024-07-18
2024-07-18 04:00:00,114.259000,114.280000,114.029999,114.130000,4,2024-07-18
2024-07-18 08:00:00,114.120000,114.220000,113.580000,114.190000,4,2024-07-18
2024-07-18 12:00:00,114.220000,114.450000,113.940000,114.070000,4,2024-07-18
2024-07-18 16:00:00,114.059998,114.500000,114.040001,114.440000,4,2024-07-18
2024-07-18 20:00:00,114.432500,114.450000,114.190000,114.420000,4,2024-07-19
2024-07-19 00:00:00,114.420000,114.830000,114.280000,114.741500,4,2024-07-19
2024-07-19 04:00:00,114.770000,114.870000,114.635500,114.811500,4,2024-07-19
2024-07-19 08:00:00,114.810000,114.920000,114.560000,114.860000,4,2024-07-19
2024-07-19 12:00:00,114.860000,115.174500,114.790000,115.130000,4,2024-07-19
2024-07-19 16:00:00,115.120000,115.140000,114.520000,114.700000,4,2024-07-19
2024-07-19 20:00:00,114.720000,114.892000,114.700000,114.798000,1,2024-07-19
2024-07-22 08:00:00,114.720000,114.847000,114.660000,114.759500,3,2024-07-22
2024-07-22 12:00:00,114.780000,114.810000,114.328000,114.330000,4,2024-07-22
2024-07-22 16:00:00,114.340000,114.340000,113.750000,114.004501,4,2024-07-22
2024-07-22 20:00:00,114.012497,114.220000,113.920000,113.940000,4,2024-07-23
2024-07-23 00:00:00,113.920000,114.310000,113.810000,114.270000,4,2024-07-23
2024-07-23 04:00:00,114.280000,114.300000,114.059998,114.107500,4,2024-07-23
2024-07-23 08:00:00,114.099998,114.207500,113.770000,113.880000,4,2024-07-23
2024-07-23 12:00:00,113.860000,113.910000,113.494000,113.563000,4,2024-07-23
2024-07-23 16:00:00,113.560000,113.780000,113.200000,113.300000,4,2024-07-23
2024-07-23 20:00:00,113.291500,113.550000,113.280000,113.390000,4,2024-07-24
2024-07-24 00:00:00,113.360000,113.420000,112.970000,113.045502,4,2024-07-24
2024-07-24 04:00:00,113.050003,113.089996,112.780000,112.898000,4,2024-07-24
2024-07-24 08:00:00,112.900000,113.170000,112.590000,112.640000,4,2024-07-24
2024-07-24 12:00:00,112.640000,112.780000,111.910000,112.113000,4,2024-07-24
2024-07-24 16:00:00,112.110000,112.330000,111.860000,112.250000,4,2024-07-24
2024-07-24 20:00:00,112.236000,112.280000,111.170000,111.220000,4,2024-07-25
2024-07-25 00:00:00,111.220000,111.530000,110.950000,111.500000,4,2024-07-25
2024-07-25 04:00:00,111.500000,111.560500,111.230000,111.410000,4,2024-07-25
2024-07-25 08:00:00,111.380000,111.470000,110.500000,110.620000,4,2024-07-25
2024-07-25 12:00:00,110.610000,110.700000,110.170000,110.550000,4,2024-07-25
2024-07-25 16:00:00,110.530000,110.610000,109.904000,110.084999,4,2024-07-25
2024-07-25 20:00:00,110.080002,111.520000,109.890000,111.250000,4,2024-07-26
2024-07-26 00:00:00,111.230000,111.770000,110.830000,111.560000,4,2024-07-26
2024-07-26 04:00:00,111.560000,111.560000,111.200000,111.360000,4,2024-07-26
2024-07-26 08:00:00,111.350000,111.550000,111.000000,111.200000,4,2024-07-26
2024-07-26 12:00:00,111.200000,111.423000,111.140000,111.230000,4,2024-07-26
2024-07-26 16:00:00,111.220000,111.800000,111.159500,111.640000,4,2024-07-26
2024-07-26 20:00:00,111.610000,111.950000,111.610000,111.890000,1,2024-07-26
2024-07-29 08:00:00,111.350000,111.610000,110.890000,111.050003,3,2024-07-29
2024-07-29 12:00:00,111.050003,111.202500,110.730000,110.926000,4,2024-07-29
2024-07-29 16:00:00,110.940000,111.220000,110.780000,111.130000,4,2024-07-29
2024-07-29 20:00:00,111.136500,111.380000,110.970000,111.360000,4,2024-07-30
2024-07-30 00:00:00,111.360000,111.390000,111.025002,111.170000,4,2024-07-30
2024-07-30 04:00:00,111.170000,111.238000,111.098000,111.193000,4,2024-07-30
2024-07-30 08:00:00,111.200000,111.330000,110.860000,111.110000,4,2024-07-30
2024-07-30 12:00:00,111.110000,111.780000,111.089996,111.720000,4,2024-07-30
2024-07-30 16:00:00,111.720000,112.110000,111.660000,111.830000,4,2024-07-30
2024-07-30 20:00:00,111.838000,111.890000,111.380000,111.450000,4,2024-07-31
2024-07-31 00:00:00,111.440000,111.700000,110.500000,110.660000,4,2024-07-31
2024-07-31 04:00:00,110.651500,110.800000,110.220000,110.260000,4,2024-07-31
2024-07-31 08:00:00,110.270000,110.570000,109.840000,110.080002,4,2024-07-31
2024-07-31 12:00:00,110.059998,111.160000,109.550000,110.450000,4,2024-07-31
2024-07-31 16:00:00,110.440000,110.580000,108.390000,108.650000,4,2024-07-31
2024-07-31 20:00:00,108.640000,108.950000,108.390000,108.490000,4,2024-08-01
2024-08-01 00:00:00,108.480000,109.310000,108.350000,109.230000,4,2024-08-01
2024-08-01 04:00:00,109.220000,109.452000,108.420000,108.560000,4,2024-08-01
2024-08-01 08:00:00,108.560000,108.890000,107.560000,107.950000,4,2024-08-01
2024-08-01 12:00:00,107.970000,108.649500,107.860000,108.420000,4,2024-08-01
2024-08-01 16:00:00,108.420000,108.810000,108.029999,108.390000,4,2024-08-01
2024-08-01 20:00:00,108.410000,109.220000,108.390000,109.040001,4,2024-08-02
2024-08-02 00:00:00,109.040001,109.040001,107.890000,108.000000,4,2024-08-02
2024-08-02 04:00:00,107.980000,108.029999,107.590000,107.660000,4,2024-08-02
2024-08-02 08:00:00,107.650000,107.980000,107.266700,107.800000,4,2024-08-02
2024-08-02 12:00:00,107.780000,107.970000,107.440000,107.500000,4,2024-08-02
2024-08-02 16:00:00,107.470000,107.720000,107.190000,107.300000,4,2024-08-02
2024-08-02 20:00:00,107.296500,107.360000,107.170000,107.270000,1,2024-08-02
2024-08-05 08:00:00,105.470000,105.500000,104.310000,104.590000,3,2024-08-05
2024-08-05 12:00:00,104.610000,104.980000,102.360000,102.500000,4,2024-08-05
2024-08-05 16:00:00,102.500000,103.783500,101.657500,102.580000,4,2024-08-05
2024-08-05 20:00:00,102.580000,103.520000,102.270000,103.250000,4,2024-08-06
2024-08-06 00:00:00,103.360000,104.810000,102.840000,104.110000,4,2024-08-06
2024-08-06 04:00:00,104.110000,104.340000,103.670000,104.251000,4,2024-08-06
2024-08-06 08:00:00,104.230000,105.980000,103.970000,104.880000,4,2024-08-06
2024-08-06 12:00:00,104.890000,105.750000,104.450000,105.530000,4,2024-08-06
2024-08-06 16:00:00,105.520000,105.830000,104.375000,104.550000,4,2024-08-06
2024-08-06 20:00:00,104.550000,105.140000,104.190000,104.550000,4,2024-08-07
2024-08-07 00:00:00,104.530000,105.640000,104.440000,105.590000,4,2024-08-07
2024-08-07 04:00:00,105.610000,105.610000,104.590000,104.890000,4,2024-08-07
2024-08-07 08:00:00,104.900000,107.029999,104.720000,106.470000,4,2024-08-07
2024-08-07 12:00:00,106.480000,107.430000,106.190000,106.690000,4,2024-08-07
2024-08-07 16:00:00,106.670000,107.380000,106.059998,107.330000,4,2024-08-07
2024-08-07 20:00:00,107.340000,107.360000,106.885000,107.140000,4,2024-08-08
2024-08-08 00:00:00,107.160000,107.590000,106.730000,107.029999,4,2024-08-08
2024-08-08 04:00:00,107.019997,107.112000,106.363500,106.636500,4,2024-08-08
2024-08-08 08:00:00,106.660000,106.720000,105.810000,106.530000,4,2024-08-08
2024-08-08 12:00:00,106.530000,106.970000,106.246000,106.270000,4,2024-08-08
2024-08-08 16:00:00,106.280000,106.620000,105.963000,106.310000,4,2024-08-08
2024-08-08 20:00:00,106.330000,107.250000,106.170000,107.019997,4,2024-08-09
2024-08-09 00:00:00,107.000000,107.360000,106.890000,107.300000,4,2024-08-09
2024-08-09 04:00:00,107.300000,107.360000,107.107000,107.200000,4,2024-08-09
2024-08-09 08:00:00,107.210000,107.620000,107.110000,107.110000,4,2024-08-09
2024-08-09 12:00:00,107.120000,107.480000,106.780000,107.059998,4,2024-08-09
2024-08-09 16:00:00,107.059998,107.310000,106.950000,107.203500,4,2024-08-09
2024-08-09 20:00:00,107.190000,107.220000,107.029999,107.089996,1,2024-08-09
2024-08-12 08:00:00,106.980500,107.089996,106.801000,107.027000,3,2024-08-12
2024-08-12 12:00:00,107.018997,107.212500,106.942910,107.196500,4,2024-08-12
2024-08-12 16:00:00,107.202500,107.440000,107.130500,107.380000,4,2024-08-12
2024-08-12 20:00:00,107.390000,107.980000,107.330000,107.550000,4,2024-08-13
2024-08-13 00:00:00,107.580000,107.720000,107.059998,107.140000,4,2024-08-13
2024-08-13 04:00:00,107.140000,107.270000,107.000000,107.120000,4,2024-08-13
2024-08-13 08:00:00,107.120000,107.330000,106.910000,107.200000,4,2024-08-13
2024-08-13 12:00:00,107.203000,107.610000,107.138000,107.480000,4,2024-08-13
2024-08-13 16:00:00,107.481500,107.770000,107.390000,107.708500,4,2024-08-13
2024-08-13 20:00:00,107.690000,107.700000,106.920000,107.120000,4,2024-08-14
2024-08-14 00:00:00,107.140000,107.200500,106.930000,107.072998,4,2024-08-14
2024-08-14 04:00:00,107.080002,107.176500,106.920000,107.142500,4,2024-08-14
2024-08-14 08:00:00,107.160000,107.360000,107.059998,107.136000,4,2024-08-14
2024-08-14 12:00:00,107.130000,107.240000,106.500000,107.215000,4,2024-08-14
2024-08-14 16:00:00,107.226500,107.592000,107.089996,107.368500,4,2024-08-14
2024-08-14 20:00:00,107.360000,107.580000,106.980000,107.220000,4,2024-08-15
2024-08-15 00:00:00,107.230000,107.360000,107.050003,107.310000,4,2024-08-15
2024-08-15 04:00:00,107.316000,107.506000,107.250000,107.374000,4,2024-08-15
2024-08-15 08:00:00,107.380000,107.590000,107.290000,107.547000,4,2024-08-15
2024-08-15 12:00:00,107.545500,107.610000,107.250000,107.310000,4,2024-08-15
2024-08-15 16:00:00,107.320000,107.589500,107.296000,107.547000,4,2024-08-15
2024-08-15 20:00:00,107.536500,108.810000,107.375500,108.730000,4,2024-08-16
2024-08-16 00:00:00,108.730000,108.800000,108.507500,108.660000,4,2024-08-16
2024-08-16 04:00:00,108.640000,108.810000,108.490500,108.756000,4,2024-08-16
2024-08-16 08:00:00,108.770000,108.770000,108.439500,108.530000,4,2024-08-16
2024-08-16 12:00:00,108.530000,108.610000,108.380000,108.550000,4,2024-08-16
2024-08-16 16:00:00,108.530000,108.670000,108.310000,108.370000,4,2024-08-16
2024-08-16 20:00:00,108.375500,108.375500,108.042999,108.089996,1,2024-08-16
2024-08-19 08:00:00,108.070000,108.250000,107.810000,107.880000,3,2024-08-19
2024-08-19 12:00:00,107.879000,108.029999,106.410000,106.410000,4,2024-08-19
2024-08-19 16:00:00,106.420000,106.982500,106.220000,106.920000,4,2024-08-19
2024-08-19 20:00:00,106.910000,107.220000,106.730000,107.160000,4,2024-08-20
2024-08-20 00:00:00,107.170000,107.530000,107.056999,107.410000,4,2024-08-20
2024-08-20 04:00:00,107.420000,107.596500,107.360000,107.500000,4,2024-08-20
2024-08-20 08:00:00,107.520000,107.730000,107.000000,107.360000,4,2024-08-20
2024-08-20 12:00:00,107.360000,108.050003,107.330000,108.000000,4,2024-08-20
2024-08-20 16:00:00,108.000000,108.059998,107.382500,107.590000,4,2024-08-20
2024-08-20 20:00:00,107.580000,107.670000,107.120000,107.183000,4,2024-08-21
2024-08-21 00:00:00,107.192500,107.280000,106.610000,106.750000,4,2024-08-21
2024-08-21 04:00:00,106.742500,106.810000,106.270000,106.530000,4,2024-08-21
2024-08-21 08:00:00,106.540000,106.920000,106.468000,106.770000,4,2024-08-21
2024-08-21 12:00:00,106.780000,107.110000,106.682500,107.000000,4,2024-08-21
2024-08-21 16:00:00,106.980000,107.420000,106.910000,107.390000,4,2024-08-21
2024-08-21 20:00:00,107.360000,107.520000,107.019997,107.160000,4,2024-08-22
2024-08-22 00:00:00,107.190000,107.940000,106.640000,106.750000,4,2024-08-22
2024-08-22 04:00:00,106.750000,106.900000,106.380000,106.810000,4,2024-08-22
2024-08-22 08:00:00,106.800000,107.190000,106.640000,107.160500,4,2024-08-22
2024-08-22 12:00:00,107.170000,107.170000,106.700000,106.940000,4,2024-08-22
2024-08-22 16:00:00,106.940000,107.340000,106.840000,107.250000,4,2024-08-22
2024-08-22 20:00:00,107.232000,107.700000,107.190000,107.550000,4,2024-08-23
2024-08-23 00:00:00,107.560000,107.700000,107.194000,107.520000,4,2024-08-23
2024-08-23 04:00:00,107.500000,107.560000,107.400000,107.410000,4,2024-08-23
2024-08-23 08:00:00,107.420000,107.560000,106.980000,107.000000,4,2024-08-23
2024-08-23 12:00:00,107.000000,107.331000,106.880000,107.155000,4,2024-08-23
2024-08-23 16:00:00,107.170000,107.570000,106.920000,107.550000,4,2024-08-23
2024-08-23 20:00:00,107.560000,107.560000,107.450000,107.475000,1,2024-08-23
2024-08-26 08:00:00,106.490000,106.640000,106.230000,106.410000,3,2024-08-26
2024-08-26 12:00:00,106.410000,106.752000,106.290000,106.620000,4,2024-08-26
2024-08-26 16:00:00,106.640000,106.648000,106.300000,106.580000,4,2024-08-26
2024-08-26 20:00:00,106.580000,107.093002,106.572500,107.089996,4,2024-08-27
2024-08-27 00:00:00,107.110000,107.310000,107.000000,107.270000,4,2024-08-27
2024-08-27 04:00:00,107.267500,107.330000,107.099998,107.150000,4,2024-08-27
2024-08-27 08:00:00,107.160000,107.484000,107.000000,107.340000,4,2024-08-27
2024-08-27 12:00:00,107.340500,107.550000,107.276500,107.390000,4,2024-08-27
2024-08-27 16:00:00,107.380000,107.750000,107.299000,107.540000,4,2024-08-27
2024-08-27 20:00:00,107.530000,107.610000,107.059998,107.205500,4,2024-08-28
2024-08-28 00:00:00,107.210000,107.360000,106.980000,107.160000,4,2024-08-28
2024-08-28 04:00:00,107.140000,107.160000,107.000000,107.067581,4,2024-08-28
2024-08-28 08:00:00,107.089996,107.380000,106.870000,107.340000,4,2024-08-28
2024-08-28 12:00:00,107.342500,107.450000,107.230000,107.270000,4,2024-08-28
2024-08-28 16:00:00,107.250000,107.470000,107.029999,107.190000,4,2024-08-28
2024-08-28 20:00:00,107.200000,107.670000,107.110000,107.530000,4,2024-08-29
2024-08-29 00:00:00,107.520000,107.528500,107.230000,107.280000,4,2024-08-29
2024-08-29 04:00:00,107.280000,107.440000,107.140000,107.180000,4,2024-08-29
2024-08-29 08:00:00,107.180000,107.440000,107.013496,107.390000,4,2024-08-29
2024-08-29 12:00:00,107.401500,107.627500,107.250000,107.470000,4,2024-08-29
2024-08-29 16:00:00,107.480000,107.660000,107.266000,107.420000,4,2024-08-29
2024-08-29 20:00:00,107.410000,108.000000,107.373000,107.840000,4,2024-08-30
2024-08-30 00:00:00,107.870000,107.980000,107.500000,107.558000,4,2024-08-30
2024-08-30 04:00:00,107.561000,107.580000,107.360000,107.520000,4,2024-08-30
2024-08-30 08:00:00,107.530000,107.560000,107.280000,107.340000,4,2024-08-30
2024-08-30 12:00:00,107.330000,107.470000,107.300000,107.410000,4,2024-08-30
2024-08-30 16:00:00,107.420000,107.720000,107.406000,107.706000,4,2024-08-30
2024-08-30 20:00:00,107.720000,107.820000,107.690000,107.810000,1,2024-08-30
2024-09-02 08:00:00,108.570000,108.690000,108.280000,108.360000,3,2024-09-02
2024-09-02 12:00:00,108.360000,108.360000,107.980000,108.270000,4,2024-09-02
2024-09-02 16:00:00,108.280000,108.880000,108.220000,108.709000,4,2024-09-02
2024-09-02 20:00:00,108.720000,109.059998,108.660000,108.857500,4,2024-09-03
2024-09-03 00:00:00,108.860000,108.970500,108.800000,108.876500,4,2024-09-03
2024-09-03 04:00:00,108.880000,108.900000,108.712000,108.872000,4,2024-09-03
2024-09-03 08:00:00,108.880000,109.030998,108.590000,108.590000,4,2024-09-03
2024-09-03 12:00:00,108.610000,108.690000,108.029999,108.175000,4,2024-09-03
2024-09-03 16:00:00,108.190000,108.280000,107.730000,107.840000,4,2024-09-03
2024-09-03 20:00:00,107.830000,108.050003,107.220000,107.390000,4,2024-09-04
2024-09-04 00:00:00,107.250000,107.750000,107.135500,107.645500,4,2024-09-04
2024-09-04 04:00:00,107.640000,107.676000,107.276000,107.344000,4,2024-09-04
2024-09-04 08:00:00,107.350000,107.470000,106.940000,107.360000,4,2024-09-04
2024-09-04 12:00:00,107.360000,107.530000,107.150000,107.250000,4,2024-09-04
2024-09-04 16:00:00,107.230000,107.330000,106.875000,107.059998,4,2024-09-04
2024-09-04 20:00:00,107.050003,107.140000,106.840000,107.059998,4,2024-09-05
2024-09-05 00:00:00,107.070000,107.070000,106.490000,106.530000,4,2024-09-05
2024-09-05 04:00:00,106.550000,106.660000,106.303000,106.340000,4,2024-09-05
2024-09-05 08:00:00,106.360000,106.500000,106.010002,106.390000,4,2024-09-05
2024-09-05 12:00:00,106.380000,106.560000,106.094498,106.170000,4,2024-09-05
2024-09-05 16:00:00,106.160000,106.420000,105.905500,106.300000,4,2024-09-05
2024-09-05 20:00:00,106.310000,106.310000,105.670000,106.019997,4,2024-09-06
2024-09-06 00:00:00,106.089996,106.750000,105.959000,106.089996,4,2024-09-06
2024-09-06 04:00:00,106.110000,106.283500,105.993000,106.209500,4,2024-09-06
2024-09-06 08:00:00,106.220000,106.280000,105.980000,106.120000,4,2024-09-06
2024-09-06 12:00:00,106.120000,106.160000,105.480000,105.660000,4,2024-09-06
2024-09-06 16:00:00,105.610000,105.860000,105.250000,105.840000,4,2024-09-06
2024-09-06 20:00:00,105.860000,105.940000,105.828500,105.872500,1,2024-09-06
2024-09-09 08:00:00,104.780000,105.500000,104.730000,105.482500,3,2024-09-09
2024-09-09 12:00:00,105.480000,105.530000,105.220000,105.330000,4,2024-09-09
2024-09-09 16:00:00,105.330000,105.860000,105.270000,105.800000,4,2024-09-09
2024-09-09 20:00:00,105.780000,106.050003,105.140000,105.220000,4,2024-09-10
2024-09-10 00:00:00,105.220000,105.500000,105.140000,105.341000,4,2024-09-10
2024-09-10 04:00:00,105.340000,105.716500,105.300000,105.590000,4,2024-09-10
2024-09-10 08:00:00,105.600000,105.810000,105.372500,105.700000,4,2024-09-10
2024-09-10 12:00:00,105.716500,105.720000,105.440000,105.538000,4,2024-09-10
2024-09-10 16:00:00,105.530000,105.910000,105.500000,105.507000,4,2024-09-10
2024-09-10 20:00:00,105.500000,105.560000,105.170000,105.214500,4,2024-09-11
2024-09-11 00:00:00,105.200000,105.220000,104.480000,104.640000,4,2024-09-11
2024-09-11 04:00:00,104.660000,104.720000,104.494500,104.643000,4,2024-09-11
2024-09-11 08:00:00,104.650000,104.690000,104.000000,104.270000,4,2024-09-11
2024-09-11 12:00:00,104.250000,104.330000,103.500000,103.910000,4,2024-09-11
2024-09-11 16:00:00,103.910000,104.270000,103.810000,104.190000,4,2024-09-11
2024-09-11 20:00:00,104.200000,104.840000,104.166000,104.200000,4,2024-09-12
2024-09-12 00:00:00,104.190000,104.860000,103.700000,104.750000,4,2024-09-12
2024-09-12 04:00:00,104.750000,105.000000,104.640000,104.830000,4,2024-09-12
2024-09-12 08:00:00,104.840000,105.310000,104.730000,104.980000,4,2024-09-12
2024-09-12 12:00:00,104.970000,105.340000,104.820000,105.300000,4,2024-09-12
2024-09-12 16:00:00,105.270000,105.440000,104.974500,105.160000,4,2024-09-12
2024-09-12 20:00:00,105.140000,105.220000,104.380000,104.440000,4,2024-09-13
2024-09-13 00:00:00,104.450000,104.940000,104.410000,104.707000,4,2024-09-13
2024-09-13 04:00:00,104.730000,104.780000,104.390000,104.450000,4,2024-09-13
2024-09-13 08:00:00,104.440000,104.470000,103.940000,104.050003,4,2024-09-13
2024-09-13 12:00:00,104.059998,104.080002,103.620000,103.720000,4,2024-09-13
2024-09-13 16:00:00,103.730000,104.120000,103.440000,103.560000,4,2024-09-13
2024-09-13 20:00:00,103.570000,103.620000,103.390000,103.610000,1,2024-09-13
2024-09-16 08:00:00,103.590000,103.750000,103.430000,103.513000,3,2024-09-16
2024-09-16 12:00:00,103.520000,103.530000,103.155000,103.280000,4,2024-09-16
2024-09-16 16:00:00,103.300000,103.310000,102.810000,103.230000,4,2024-09-16
2024-09-16 20:00:00,103.250000,103.430000,102.890000,103.360000,4,2024-09-17
2024-09-17 00:00:00,103.380000,103.587500,103.230000,103.520000,4,2024-09-17
2024-09-17 04:00:00,103.501500,103.640000,103.440000,103.520000,4,2024-09-17
2024-09-17 08:00:00,103.520000,103.940000,103.273500,103.342500,4,2024-09-17
2024-09-17 12:00:00,103.360000,103.560000,103.260000,103.500000,4,2024-09-17
2024-09-17 16:00:00,103.520000,103.580000,103.310000,103.550000,4,2024-09-17
2024-09-17 20:00:00,103.539000,104.140000,103.330000,104.089996,4,2024-09-18
2024-09-18 00:00:00,104.080002,104.440000,104.059998,104.365000,4,2024-09-18
2024-09-18 04:00:00,104.360000,104.800000,104.310000,104.712500,4,2024-09-18
2024-09-18 08:00:00,104.710000,104.720000,104.120000,104.170000,4,2024-09-18
2024-09-18 12:00:00,104.153000,104.220000,103.890000,104.160000,4,2024-09-18
2024-09-18 16:00:00,104.153000,104.470000,104.110000,104.270000,4,2024-09-18
2024-09-18 20:00:00,104.264500,104.550000,104.180000,104.330000,4,2024-09-19
2024-09-19 00:00:00,104.310000,104.540000,104.280000,104.500000,4,2024-09-19
2024-09-19 04:00:00,104.430000,104.780000,103.670000,104.470000,4,2024-09-19
2024-09-19 08:00:00,104.470000,105.520000,104.320000,105.450000,4,2024-09-19
2024-09-19 12:00:00,105.470000,105.520000,104.890000,104.890000,4,2024-09-19
2024-09-19 16:00:00,104.890000,105.610000,104.718000,105.457000,4,2024-09-19
2024-09-19 20:00:00,105.440000,105.950000,105.300000,105.500000,4,2024-09-20
2024-09-20 00:00:00,105.520000,105.620000,105.107000,105.473500,4,2024-09-20
2024-09-20 04:00:00,105.480000,105.500000,105.110000,105.210000,4,2024-09-20
2024-09-20 08:00:00,105.210000,105.380000,104.791000,104.980000,4,2024-09-20
2024-09-20 12:00:00,104.970000,105.250000,104.720000,104.920000,4,2024-09-20
2024-09-20 16:00:00,104.910000,106.059998,104.560000,106.059998,4,2024-09-20
2024-09-20 20:00:00,106.059998,106.330000,105.910000,106.310000,1,2024-09-20
2024-09-23 08:00:00,106.084000,106.500000,105.999000,106.469000,3,2024-09-23
2024-09-23 12:00:00,106.470000,106.500000,106.279000,106.289000,4,2024-09-23
2024-09-23 16:00:00,106.300000,106.330000,105.660000,105.920000,4,2024-09-23
2024-09-23 20:00:00,105.920000,106.580000,105.670000,106.560000,4,2024-09-24
2024-09-24 00:00:00,106.580000,106.780000,106.089996,106.250000,4,2024-09-24
2024-09-24 04:00:00,106.270000,106.358500,106.013496,106.080002,4,2024-09-24
2024-09-24 08:00:00,106.070000,106.410000,106.059998,106.200000,4,2024-09-24
2024-09-24 12:00:00,106.190000,106.690000,106.000000,106.580000,4,2024-09-24
2024-09-24 16:00:00,106.580000,107.059998,106.570000,106.780000,4,2024-09-24
2024-09-24 20:00:00,106.800000,106.860000,106.436500,106.780000,4,2024-09-25
2024-09-25 00:00:00,106.780000,106.860000,106.340000,106.700000,4,2024-09-25
2024-09-25 04:00:00,106.690000,106.720000,106.480000,106.570000,4,2024-09-25
2024-09-25 08:00:00,106.600000,106.840000,106.430000,106.830000,4,2024-09-25
2024-09-25 12:00:00,106.830000,106.860000,106.580000,106.640000,4,2024-09-25
2024-09-25 16:00:00,106.640000,107.340000,106.620000,107.303000,4,2024-09-25
2024-09-25 20:00:00,107.310000,107.530000,107.080002,107.190000,4,2024-09-26
2024-09-26 00:00:00,107.190000,107.410000,107.089996,107.297000,4,2024-09-26
2024-09-26 04:00:00,107.310000,107.440000,107.230000,107.308500,4,2024-09-26
2024-09-26 08:00:00,107.300000,107.572500,107.180000,107.520000,4,2024-09-26
2024-09-26 12:00:00,107.520000,107.641000,107.339500,107.440000,4,2024-09-26
2024-09-26 16:00:00,107.470000,107.748000,107.360000,107.420000,4,2024-09-26
2024-09-26 20:00:00,107.410000,107.456000,106.980000,107.280000,4,2024-09-27
2024-09-27 00:00:00,107.270000,107.670000,107.230000,107.380000,4,2024-09-27
2024-09-27 04:00:00,107.379000,107.578000,107.280000,107.509500,4,2024-09-27
2024-09-27 08:00:00,107.510000,107.940000,107.500000,107.720000,4,2024-09-27
2024-09-27 12:00:00,107.730000,108.560000,107.480000,108.390000,4,2024-09-27
2024-09-27 16:00:00,108.410000,108.470000,105.870000,106.180000,4,2024-09-27
2024-09-27 20:00:00,106.170000,106.330000,106.110000,106.270000,1,2024-09-27
2024-09-30 08:00:00,105.600000,105.810000,105.390000,105.437000,3,2024-09-30
2024-09-30 12:00:00,105.410000,105.480000,104.890000,104.940000,4,2024-09-30
2024-09-30 16:00:00,104.926500,105.486000,104.860000,105.420000,4,2024-09-30
2024-09-30 20:00:00,105.420000,106.029999,105.330000,105.980000,4,2024-10-01
2024-10-01 00:00:00,106.000000,106.095497,105.720000,105.930000,4,2024-10-01
2024-10-01 04:00:00,105.940000,106.430000,105.910000,106.169000,4,2024-10-01
2024-10-01 08:00:00,106.180000,106.550000,106.019997,106.300000,4,2024-10-01
2024-10-01 12:00:00,106.280000,106.780000,106.230000,106.640000,4,2024-10-01
2024-10-01 16:00:00,106.660000,106.890000,106.120000,106.220000,4,2024-10-01
2024-10-01 20:00:00,106.220000,106.561000,105.940000,106.270000,4,2024-10-02
2024-10-02 00:00:00,106.260000,106.640000,105.840000,106.500000,4,2024-10-02
2024-10-02 04:00:00,106.500000,106.859500,106.319500,106.470000,4,2024-10-02
2024-10-02 08:00:00,106.460000,106.770000,106.290000,106.757500,4,2024-10-02
2024-10-02 12:00:00,106.765500,106.970000,106.408500,106.580000,4,2024-10-02
2024-10-02 16:00:00,106.550000,107.066498,106.500000,106.950000,4,2024-10-02
2024-10-02 20:00:00,106.950000,108.120000,106.822000,108.089996,4,2024-10-03
2024-10-03 00:00:00,108.110000,108.470000,108.029999,108.320000,4,2024-10-03
2024-10-03 04:00:00,108.320000,108.550000,108.280000,108.410000,4,2024-10-03
2024-10-03 08:00:00,108.420000,108.970000,108.348500,108.660000,4,2024-10-03
2024-10-03 12:00:00,108.640000,108.720000,108.356500,108.390000,4,2024-10-03
2024-10-03 16:00:00,108.380000,108.720000,108.190000,108.640000,4,2024-10-03
2024-10-03 20:00:00,108.640000,108.660000,108.162000,108.290000,4,2024-10-04
2024-10-04 00:00:00,108.280000,108.670000,108.250000,108.280000,4,2024-10-04
2024-10-04 04:00:00,108.270000,108.430000,108.231500,108.360000,4,2024-10-04
2024-10-04 08:00:00,108.320000,108.450000,108.135500,108.152000,4,2024-10-04
2024-10-04 12:00:00,108.140000,108.170000,107.690000,107.800000,4,2024-10-04
2024-10-04 16:00:00,107.810000,108.050003,107.670000,108.050003,4,2024-10-04
2024-10-04 20:00:00,108.019997,108.146000,107.980000,108.080002,1,2024-10-04
2024-10-07 08:00:00,109.610000,109.820000,109.247500,109.300000,3,2024-10-07
2024-10-07 12:00:00,109.300000,109.470000,109.161500,109.352000,4,2024-10-07
2024-10-07 16:00:00,109.380000,109.420000,108.980000,109.120000,4,2024-10-07
2024-10-07 20:00:00,109.110000,109.410000,108.940000,109.019997,4,2024-10-08
2024-10-08 00:00:00,109.029999,109.059998,108.700000,108.770000,4,2024-10-08
2024-10-08 04:00:00,108.780000,108.840000,108.560000,108.810000,4,2024-10-08
2024-10-08 08:00:00,108.795500,109.016502,108.340000,108.580000,4,2024-10-08
2024-10-08 12:00:00,108.590000,108.730500,108.210000,108.720000,4,2024-10-08
2024-10-08 16:00:00,108.720000,108.800000,108.029999,108.390000,4,2024-10-08
2024-10-08 20:00:00,108.390000,108.580000,108.303000,108.500000,4,2024-10-09
2024-10-09 00:00:00,108.480000,108.660000,108.379000,108.425000,4,2024-10-09
2024-10-09 04:00:00,108.430000,108.675000,108.420000,108.590000,4,2024-10-09
2024-10-09 08:00:00,108.597500,108.710000,108.403000,108.560000,4,2024-10-09
2024-10-09 12:00:00,108.550000,108.690000,108.414000,108.580000,4,2024-10-09
2024-10-09 16:00:00,108.590000,108.845500,108.480000,108.800000,4,2024-10-09
2024-10-09 20:00:00,108.810000,108.862000,108.590000,108.830000,4,2024-10-10
2024-10-10 00:00:00,108.830000,109.089996,108.730000,108.996500,4,2024-10-10
2024-10-10 04:00:00,108.980000,109.019997,108.840000,108.900000,4,2024-10-10
2024-10-10 08:00:00,108.890000,108.970000,108.684000,108.830000,4,2024-10-10
2024-10-10 12:00:00,108.830000,109.089996,108.720000,109.005997,4,2024-10-10
2024-10-10 16:00:00,109.029999,109.080002,108.480000,108.550000,4,2024-10-10
2024-10-10 20:00:00,108.560000,108.770000,108.010002,108.170000,4,2024-10-11
2024-10-11 00:00:00,108.170000,108.220000,107.830000,108.190000,4,2024-10-11
2024-10-11 04:00:00,108.200000,108.250000,108.023499,108.130000,4,2024-10-11
2024-10-11 08:00:00,108.126000,108.230000,107.950000,107.980000,4,2024-10-11
2024-10-11 12:00:00,108.000000,108.190000,107.950000,108.140000,4,2024-10-11
2024-10-11 16:00:00,108.140000,108.200000,107.990000,108.056503,4,2024-10-11
2024-10-11 20:00:00,108.080002,108.200000,108.059998,108.200000,1,2024-10-11
2024-10-14 08:00:00,108.380000,108.440000,108.230000,108.280000,3,2024-10-14
2024-10-14 12:00:00,108.280000,108.440000,108.200000,108.352000,4,2024-10-14
2024-10-14 16:00:00,108.364000,108.440000,108.270000,108.394000,4,2024-10-14
2024-10-14 20:00:00,108.390000,108.610000,108.299000,108.550000,4,2024-10-15
2024-10-15 00:00:00,108.530000,108.730000,108.530000,108.682500,4,2024-10-15
2024-10-15 04:00:00,108.670000,108.680000,108.528500,108.560000,4,2024-10-15
2024-10-15 08:00:00,108.556500,108.676000,108.380000,108.428000,4,2024-10-15
2024-10-15 12:00:00,108.420000,108.500000,108.310000,108.420000,4,2024-10-15
2024-10-15 16:00:00,108.420000,108.440000,107.933000,108.032997,4,2024-10-15
2024-10-15 20:00:00,108.050003,108.160000,107.700000,107.840000,4,2024-10-16
2024-10-16 00:00:00,107.840000,108.330000,107.810000,108.310000,4,2024-10-16
2024-10-16 04:00:00,108.310000,108.360000,108.140000,108.320000,4,2024-10-16
2024-10-16 08:00:00,108.318500,108.410000,108.110000,108.280000,4,2024-10-16
2024-10-16 12:00:00,108.270000,108.360000,108.029999,108.343500,4,2024-10-16
2024-10-16 16:00:00,108.343000,108.470000,108.230000,108.382500,4,2024-10-16
2024-10-16 20:00:00,108.390000,108.470000,108.200000,108.450000,4,2024-10-17
2024-10-17 00:00:00,108.454000,108.780000,108.360000,108.780000,4,2024-10-17
2024-10-17 04:00:00,108.780500,108.920000,108.770000,108.820000,4,2024-10-17
2024-10-17 08:00:00,108.830000,108.830000,108.659000,108.730000,4,2024-10-17
2024-10-17 12:00:00,108.750000,108.750000,108.470000,108.660000,4,2024-10-17
2024-10-17 16:00:00,108.642000,108.730000,108.579500,108.720000,4,2024-10-17
2024-10-17 20:00:00,108.720000,108.860000,108.490000,108.730000,4,2024-10-18
2024-10-18 00:00:00,108.720000,108.970500,108.580000,108.940000,4,2024-10-18
2024-10-18 04:00:00,108.940000,108.970000,108.848500,108.890000,4,2024-10-18
2024-10-18 08:00:00,108.870000,108.945000,108.660000,108.750000,4,2024-10-18
2024-10-18 12:00:00,108.750000,108.810000,108.631390,108.667500,4,2024-10-18
2024-10-18 16:00:00,108.670000,108.880000,108.579000,108.680000,4,2024-10-18
2024-10-18 20:00:00,108.690000,108.720000,108.620000,108.700000,1,2024-10-18
2024-10-21 08:00:00,108.360000,108.420000,108.119000,108.179000,3,2024-10-21
2024-10-21 12:00:00,108.200000,108.230000,108.000000,108.140000,4,2024-10-21
2024-10-21 16:00:00,108.125000,108.560000,108.028000,108.545500,4,2024-10-21
2024-10-21 20:00:00,108.560000,108.592500,108.410000,108.480000,4,2024-10-22
2024-10-22 00:00:00,108.500000,108.756500,108.450000,108.730000,4,2024-10-22
2024-10-22 04:00:00,108.720000,109.089996,108.720000,109.050003,4,2024-10-22
2024-10-22 08:00:00,109.063004,109.063004,108.840000,108.890000,4,2024-10-22
2024-10-22 12:00:00,108.890000,109.280000,108.794000,109.110000,4,2024-10-22
2024-10-22 16:00:00,109.110000,109.270000,108.970000,109.140000,4,2024-10-22
2024-10-22 20:00:00,109.142000,109.170000,108.992000,109.133500,4,2024-10-23
2024-10-23 00:00:00,109.140000,109.360000,108.980000,109.230500,4,2024-10-23
2024-10-23 04:00:00,109.236000,109.390000,109.190000,109.340000,4,2024-10-23
2024-10-23 08:00:00,109.339500,109.580000,109.270000,109.550000,4,2024-10-23
2024-10-23 12:00:00,109.560000,110.080002,109.540000,110.029999,4,2024-10-23
2024-10-23 16:00:00,110.050003,110.380000,110.000000,110.258000,4,2024-10-23
2024-10-23 20:00:00,110.250000,110.660000,110.230000,110.560000,4,2024-10-24
2024-10-24 00:00:00,110.550000,110.640000,110.330000,110.450000,4,2024-10-24
2024-10-24 04:00:00,110.440000,110.500000,110.130000,110.410000,4,2024-10-24
2024-10-24 08:00:00,110.415000,110.450000,110.280000,110.440000,4,2024-10-24
2024-10-24 12:00:00,110.440000,110.500000,110.048500,110.140000,4,2024-10-24
2024-10-24 16:00:00,110.127500,110.270000,109.960000,110.050003,4,2024-10-24
2024-10-24 20:00:00,110.029999,110.190000,109.849500,110.000000,4,2024-10-25
2024-10-25 00:00:00,110.000000,110.140000,109.399000,109.440000,4,2024-10-25
2024-10-25 04:00:00,109.426500,109.660000,109.403000,109.610000,4,2024-10-25
2024-10-25 08:00:00,109.582000,109.810000,109.410000,109.750000,4,2024-10-25
2024-10-25 12:00:00,109.745000,109.780000,109.430000,109.500000,4,2024-10-25
2024-10-25 16:00:00,109.500500,109.830000,109.360000,109.730000,4,2024-10-25
2024-10-25 20:00:00,109.720000,109.860000,109.690000,109.765500,1,2024-10-25
2024-10-28 08:00:00,110.110000,110.440000,109.880000,110.440000,3,2024-10-28
2024-10-28 12:00:00,110.440000,110.720000,110.320000,110.560000,4,2024-10-28
2024-10-28 16:00:00,110.551500,110.610000,110.299500,110.300000,4,2024-10-28
2024-10-28 20:00:00,110.300000,110.310500,109.690000,109.860000,4,2024-10-29
2024-10-29 00:00:00,109.860000,110.300000,109.802500,110.280000,4,2024-10-29
2024-10-29 04:00:00,110.280000,110.396000,110.250000,110.360000,4,2024-10-29
2024-10-29 08:00:00,110.358500,110.420000,110.080002,110.160000,4,2024-10-29
2024-10-29 12:00:00,110.162500,110.250000,110.000000,110.029503,4,2024-10-29
2024-10-29 16:00:00,110.050003,110.560000,109.920000,110.511500,4,2024-10-29
2024-10-29 20:00:00,110.530000,110.690000,110.440000,110.600000,4,2024-10-30
2024-10-30 00:00:00,110.620000,110.630000,110.220000,110.287500,4,2024-10-30
2024-10-30 04:00:00,110.310000,110.330000,110.170000,110.220000,4,2024-10-30
2024-10-30 08:00:00,110.203000,110.270000,110.029999,110.160000,4,2024-10-30
2024-10-30 12:00:00,110.170000,110.250000,110.040001,110.162000,4,2024-10-30
2024-10-30 16:00:00,110.170000,110.250000,109.880000,109.920000,4,2024-10-30
2024-10-30 20:00:00,109.920000,110.170000,109.730000,110.059998,4,2024-10-31
2024-10-31 00:00:00,110.059998,110.230000,109.890000,110.000000,4,2024-10-31
2024-10-31 04:00:00,110.000000,110.390000,110.000000,110.340000,4,2024-10-31
2024-10-31 08:00:00,110.342000,110.380000,110.104000,110.360000,4,2024-10-31
2024-10-31 12:00:00,110.345000,110.390000,109.810000,109.880000,4,2024-10-31
2024-10-31 16:00:00,109.860000,109.980000,109.200000,109.500000,4,2024-10-31
2024-10-31 20:00:00,109.499500,109.970000,109.410000,109.830000,4,2024-11-01
2024-11-01 00:00:00,109.830000,110.059998,109.110000,109.440000,4,2024-11-01
2024-11-01 04:00:00,109.440000,109.520000,109.070000,109.130000,4,2024-11-01
2024-11-01 08:00:00,109.110000,109.250000,108.960000,109.099998,4,2024-11-01
2024-11-01 12:00:00,109.140000,109.550000,109.080002,109.480000,4,2024-11-01
2024-11-01 16:00:00,109.500000,109.610000,109.220000,109.580000,4,2024-11-01
2024-11-01 20:00:00,109.580000,109.730000,109.544500,109.700000,1,2024-11-01
2024-11-04 08:00:00,109.386000,109.590000,109.245000,109.300000,3,2024-11-04
2024-11-04 12:00:00,109.280000,109.310000,109.071999,109.214000,4,2024-11-04
2024-11-04 16:00:00,109.216000,109.470000,109.190000,109.280000,4,2024-11-04
2024-11-04 20:00:00,109.275500,109.310000,109.000000,109.190000,4,2024-11-05
2024-11-05 00:00:00,109.190000,109.560000,109.110000,109.382500,4,2024-11-05
2024-11-05 04:00:00,109.390000,109.530000,109.310000,109.434000,4,2024-11-05
2024-11-05 08:00:00,109.450000,109.640000,109.408000,109.560000,4,2024-11-05
2024-11-05 12:00:00,109.560000,109.720500,109.470000,109.670000,4,2024-11-05
2024-11-05 16:00:00,109.676500,109.751500,109.560000,109.620000,4,2024-11-05
2024-11-05 20:00:00,109.610000,109.750000,109.550000,109.700000,4,2024-11-06
2024-11-06 00:00:00,109.709000,109.780000,109.480000,109.700000,4,2024-11-06
2024-11-06 04:00:00,109.693500,109.693500,109.340000,109.510000,4,2024-11-06
2024-11-06 08:00:00,109.520000,110.140000,109.390000,110.110000,4,2024-11-06
2024-11-06 12:00:00,110.140000,110.810000,110.019997,110.440000,4,2024-11-06
2024-11-06 16:00:00,110.450000,110.861000,110.200000,110.769000,4,2024-11-06
2024-11-06 20:00:00,110.780000,111.029999,110.670000,110.940000,4,2024-11-07
2024-11-07 00:00:00,110.950000,111.029999,110.539000,110.970000,4,2024-11-07
2024-11-07 04:00:00,110.950000,111.000000,110.780000,110.890000,4,2024-11-07
2024-11-07 08:00:00,110.900000,110.980000,110.620000,110.890000,4,2024-11-07
2024-11-07 12:00:00,110.901500,111.190000,110.768000,110.970000,4,2024-11-07
2024-11-07 16:00:00,110.959500,111.059998,110.728500,111.019997,4,2024-11-07
2024-11-07 20:00:00,111.019997,111.050003,110.669500,110.708500,4,2024-11-08
2024-11-08 00:00:00,110.720000,110.810000,110.250000,110.450000,4,2024-11-08
2024-11-08 04:00:00,110.440000,110.640000,110.235000,110.280000,4,2024-11-08
2024-11-08 08:00:00,110.290000,110.500000,110.236500,110.380000,4,2024-11-08
2024-11-08 12:00:00,110.390000,110.530000,109.914500,110.016502,4,2024-11-08
2024-11-08 16:00:00,110.029999,110.160000,109.663500,109.670000,4,2024-11-08
2024-11-08 20:00:00,109.690000,109.780000,109.518000,109.550000,2,2024-11-08
2024-11-11 08:00:00,109.801000,110.089996,109.711500,110.080002,3,2024-11-11
2024-11-11 12:00:00,110.082497,110.360000,110.010002,110.310000,4,2024-11-11
2024-11-11 16:00:00,110.306500,110.520000,110.170000,110.430000,4,2024-11-11
2024-11-11 20:00:00,110.420000,110.470000,110.250000,110.340000,4,2024-11-12
2024-11-12 00:00:00,110.360000,110.550000,110.170000,110.521500,4,2024-11-12
2024-11-12 04:00:00,110.520000,110.560000,110.310000,110.350000,4,2024-11-12
2024-11-12 08:00:00,110.340000,110.470000,110.240000,110.450000,4,2024-11-12
2024-11-12 12:00:00,110.440000,110.560000,110.059998,110.086502,4,2024-11-12
2024-11-12 16:00:00,110.080002,110.340000,110.000000,110.340000,4,2024-11-12
2024-11-12 20:00:00,110.340000,110.530000,110.279000,110.521500,4,2024-11-13
2024-11-13 00:00:00,110.550000,110.926500,110.530000,110.880000,4,2024-11-13
2024-11-13 04:00:00,110.860000,111.080002,110.854000,110.874000,4,2024-11-13
2024-11-13 08:00:00,110.900000,111.080002,110.750000,111.080002,4,2024-11-13
2024-11-13 12:00:00,111.080002,111.110000,110.810000,110.982500,4,2024-11-13
2024-11-13 16:00:00,110.970000,111.200000,110.920000,111.080002,4,2024-11-13
2024-11-13 20:00:00,111.059998,111.110000,110.920000,110.994500,4,2024-11-14
2024-11-14 00:00:00,111.003502,111.140000,110.580000,111.033501,4,2024-11-14
2024-11-14 04:00:00,111.030502,111.280000,111.023499,111.141000,4,2024-11-14
2024-11-14 08:00:00,111.140000,111.340000,110.826500,111.311000,4,2024-11-14
2024-11-14 12:00:00,111.330000,111.420000,111.230000,111.380000,4,2024-11-14
2024-11-14 16:00:00,111.360000,111.420000,111.200000,111.410000,4,2024-11-14
2024-11-14 20:00:00,111.410000,111.530000,111.270000,111.330000,4,2024-11-15
2024-11-15 00:00:00,111.310000,111.420000,110.980000,111.220000,4,2024-11-15
2024-11-15 04:00:00,111.200000,111.330000,110.954000,111.180000,4,2024-11-15
2024-11-15 08:00:00,111.190000,111.440000,111.116000,111.380000,4,2024-11-15
2024-11-15 12:00:00,111.360000,111.390000,111.160000,111.170000,4,2024-11-15
2024-11-15 16:00:00,111.190000,111.300000,110.590000,110.690000,4,2024-11-15
2024-11-15 20:00:00,110.720000,110.860000,110.529000,110.594500,2,2024-11-15
2024-11-18 08:00:00,109.529000,109.870000,109.270000,109.589500,3,2024-11-18
2024-11-18 12:00:00,109.580000,110.220000,109.534500,109.860000,4,2024-11-18
2024-11-18 16:00:00,109.860000,109.910000,109.560000,109.890000,4,2024-11-18
2024-11-18 20:00:00,109.920000,110.202500,109.670000,110.180000,4,2024-11-19
2024-11-19 00:00:00,110.180000,110.470000,109.840000,110.330000,4,2024-11-19
2024-11-19 04:00:00,110.330000,110.450000,110.280000,110.320000,4,2024-11-19
2024-11-19 08:00:00,110.310000,110.380000,110.029999,110.059998,4,2024-11-19
2024-11-19 12:00:00,110.063057,110.200000,109.830000,110.140000,4,2024-11-19
2024-11-19 16:00:00,110.140000,110.330000,109.320000,109.660000,4,2024-11-19
2024-11-19 20:00:00,109.670000,110.000000,109.250000,109.840000,4,2024-11-20
2024-11-20 00:00:00,109.830000,110.520000,109.560000,110.402500,4,2024-11-20
2024-11-20 04:00:00,110.420000,110.810000,110.378000,110.780000,4,2024-11-20
2024-11-20 08:00:00,110.780000,111.029999,110.718000,111.019997,4,2024-11-20
2024-11-20 12:00:00,111.000000,111.110000,110.810000,111.089996,4,2024-11-20
2024-11-20 16:00:00,111.110000,111.550000,111.050003,111.410000,4,2024-11-20
2024-11-20 20:00:00,111.390000,111.560000,111.271500,111.390000,4,2024-11-21
2024-11-21 00:00:00,111.390000,111.420000,110.670000,111.019997,4,2024-11-21
2024-11-21 04:00:00,111.000000,111.220000,110.890000,111.210000,4,2024-11-21
2024-11-21 08:00:00,111.220000,111.270000,110.920000,111.029999,4,2024-11-21
2024-11-21 12:00:00,111.029999,111.059998,110.859000,111.050003,4,2024-11-21
2024-11-21 16:00:00,111.041000,111.170000,110.590000,110.660000,4,2024-11-21
2024-11-21 20:00:00,110.670000,110.810000,110.280000,110.640000,4,2024-11-22
2024-11-22 00:00:00,110.640000,110.800000,110.244000,110.780000,4,2024-11-22
2024-11-22 04:00:00,110.773000,110.840000,110.590000,110.620000,4,2024-11-22
2024-11-22 08:00:00,110.620000,110.650000,110.160000,110.480000,4,2024-11-22
2024-11-22 12:00:00,110.450000,110.590000,110.380000,110.500000,4,2024-11-22
2024-11-22 16:00:00,110.500000,110.890000,110.480000,110.560000,4,2024-11-22
2024-11-22 20:00:00,110.560000,110.580000,110.140000,110.330000,2,2024-11-22
2024-11-25 08:00:00,110.490000,110.730000,110.420000,110.660000,3,2024-11-25
2024-11-25 12:00:00,110.670000,110.700000,110.200000,110.480000,4,2024-11-25
2024-11-25 16:00:00,110.500000,110.810000,110.440000,110.750000,4,2024-11-25
2024-11-25 20:00:00,110.750000,110.810000,110.390000,110.434500,4,2024-11-26
2024-11-26 00:00:00,110.440000,110.440000,109.920000,110.190000,4,2024-11-26
2024-11-26 04:00:00,110.190000,110.330000,110.170000,110.270000,4,2024-11-26
2024-11-26 08:00:00,110.250000,110.330000,108.730000,108.750000,4,2024-11-26
2024-11-26 12:00:00,108.770000,109.220000,108.610000,109.089996,4,2024-11-26
2024-11-26 16:00:00,109.092499,109.230000,108.739000,109.000000,4,2024-11-26
2024-11-26 20:00:00,109.000000,109.270000,108.655000,108.750000,4,2024-11-27
2024-11-27 00:00:00,108.750000,109.270000,108.573000,109.170000,4,2024-11-27
2024-11-27 04:00:00,109.170000,109.170000,108.776000,108.810000,4,2024-11-27
2024-11-27 08:00:00,108.820000,109.029999,108.720000,108.840000,4,2024-11-27
2024-11-27 12:00:00,108.820000,108.910000,108.220000,108.236000,4,2024-11-27
2024-11-27 16:00:00,108.238000,108.340000,107.830000,108.000000,4,2024-11-27
2024-11-27 20:00:00,108.003998,108.050003,107.640000,107.770000,4,2024-11-28
2024-11-28 00:00:00,107.780000,108.050003,107.330000,107.420000,4,2024-11-28
2024-11-28 04:00:00,107.420000,107.762000,107.330000,107.740000,4,2024-11-28
2024-11-28 08:00:00,107.740000,108.270000,107.616500,108.250000,4,2024-11-28
2024-11-28 12:00:00,108.250000,108.280000,108.029999,108.118500,4,2024-11-28
2024-11-28 16:00:00,108.140000,108.410000,107.920000,108.390000,4,2024-11-28
2024-11-28 20:00:00,108.385500,108.530000,108.232500,108.313500,4,2024-11-29
2024-11-29 00:00:00,108.322000,108.390000,108.029999,108.142000,4,2024-11-29
2024-11-29 04:00:00,108.140000,108.200000,108.089996,108.089996,4,2024-11-29
2024-11-29 08:00:00,108.070000,108.210000,107.470000,107.520000,4,2024-11-29
2024-11-29 12:00:00,107.480000,107.530000,107.043503,107.250000,4,2024-11-29
2024-11-29 16:00:00,107.250000,107.380000,106.908500,107.190000,4,2024-11-29
2024-11-29 20:00:00,107.170000,107.392000,107.059998,107.080002,2,2024-11-29
2024-12-02 08:00:00,106.980000,107.170000,106.840000,107.080002,3,2024-12-02
2024-12-02 12:00:00,107.080002,107.390000,107.029999,107.299500,4,2024-12-02
2024-12-02 16:00:00,107.300000,107.450500,106.890000,107.000000,4,2024-12-02
2024-12-02 20:00:00,107.000504,107.231000,106.780000,106.920000,4,2024-12-03
2024-12-03 00:00:00,106.920000,107.080002,105.970000,106.063499,4,2024-12-03
2024-12-03 04:00:00,106.089996,106.580000,106.050003,106.480000,4,2024-12-03
2024-12-03 08:00:00,106.470000,106.840000,106.410000,106.690000,4,2024-12-03
2024-12-03 12:00:00,106.690000,106.920000,106.553500,106.840000,4,2024-12-03
2024-12-03 16:00:00,106.844000,107.120000,106.780000,106.970000,4,2024-12-03
2024-12-03 20:00:00,106.980000,106.980000,106.580000,106.610000,4,2024-12-04
2024-12-04 00:00:00,106.596500,106.660000,105.780000,106.019997,4,2024-12-04
2024-12-04 04:00:00,106.000000,106.310000,105.995000,106.240000,4,2024-12-04
2024-12-04 08:00:00,106.260000,106.520000,106.220000,106.500000,4,2024-12-04
2024-12-04 12:00:00,106.480000,106.720000,106.270000,106.640000,4,2024-12-04
2024-12-04 16:00:00,106.640000,107.059998,106.560000,106.860000,4,2024-12-04
2024-12-04 20:00:00,106.880000,107.520000,106.860000,107.480000,4,2024-12-05
2024-12-05 00:00:00,107.480000,107.510000,106.628500,106.740000,4,2024-12-05
2024-12-05 04:00:00,106.740000,107.150000,106.620000,107.029999,4,2024-12-05
2024-12-05 08:00:00,107.029999,107.140000,106.720000,106.740000,4,2024-12-05
2024-12-05 12:00:00,106.740000,107.089996,106.724000,106.870000,4,2024-12-05
2024-12-05 16:00:00,106.870000,106.880000,106.383000,106.820000,4,2024-12-05
2024-12-05 20:00:00,106.830000,107.059998,106.750000,107.019997,4,2024-12-06
2024-12-06 00:00:00,107.010002,107.450000,106.956500,107.019997,4,2024-12-06
2024-12-06 04:00:00,107.019997,107.050003,106.760000,107.000000,4,2024-12-06
2024-12-06 08:00:00,107.000000,107.150000,106.830000,106.990000,4,2024-12-06
2024-12-06 12:00:00,106.980000,107.019997,106.730000,106.880000,4,2024-12-06
2024-12-06 16:00:00,106.870000,107.180000,106.730000,107.140000,4,2024-12-06
2024-12-06 20:00:00,107.130000,107.320000,107.110000,107.250000,2,2024-12-06
2024-12-09 08:00:00,105.965000,106.068497,105.760000,105.870000,3,2024-12-09
2024-12-09 12:00:00,105.860000,106.040001,105.770000,105.810000,4,2024-12-09
2024-12-09 16:00:00,105.810000,106.330000,105.790000,106.330000,4,2024-12-09
2024-12-09 20:00:00,106.320000,106.770000,106.290000,106.760000,4,2024-12-10
2024-12-10 00:00:00,106.750000,107.130000,106.750000,107.099998,4,2024-12-10
2024-12-10 04:00:00,107.089996,107.170000,106.670000,106.700000,4,2024-12-10
2024-12-10 08:00:00,106.700000,106.880000,106.660000,106.860000,4,2024-12-10
2024-12-10 12:00:00,106.860000,106.910000,106.470000,106.560000,4,2024-12-10
2024-12-10 16:00:00,106.560000,106.960000,106.450000,106.910000,4,2024-12-10
2024-12-10 20:00:00,106.930000,107.210000,106.800000,107.200000,4,2024-12-11
2024-12-11 00:00:00,107.200000,107.440000,106.930000,107.361500,4,2024-12-11
2024-12-11 04:00:00,107.370000,107.420000,107.150000,107.210000,4,2024-12-11
2024-12-11 08:00:00,107.200000,107.238000,107.039001,107.059998,4,2024-12-11
2024-12-11 12:00:00,107.059998,107.160000,106.909500,106.980000,4,2024-12-11
2024-12-11 16:00:00,106.990000,107.160000,106.759500,106.922500,4,2024-12-11
2024-12-11 20:00:00,106.930000,107.700000,106.510000,107.620000,4,2024-12-12
2024-12-12 00:00:00,107.630000,107.890000,107.120000,107.850000,4,2024-12-12
2024-12-12 04:00:00,107.850000,107.910000,107.630000,107.750000,4,2024-12-12
2024-12-12 08:00:00,107.740000,107.760000,107.528500,107.620000,4,2024-12-12
2024-12-12 12:00:00,107.620000,107.730000,107.402000,107.583000,4,2024-12-12
2024-12-12 16:00:00,107.600000,108.010002,107.575000,107.880000,4,2024-12-12
2024-12-12 20:00:00,107.870000,107.970000,107.418500,107.500000,4,2024-12-13
2024-12-13 00:00:00,107.510000,107.550000,107.138000,107.260000,4,2024-12-13
2024-12-13 04:00:00,107.260000,107.480000,107.239000,107.330000,4,2024-12-13
2024-12-13 08:00:00,107.330000,107.560000,107.230000,107.460000,4,2024-12-13
2024-12-13 12:00:00,107.460000,107.500000,107.224000,107.434000,4,2024-12-13
2024-12-13 16:00:00,107.440000,107.670000,107.300000,107.670000,4,2024-12-13
2024-12-13 20:00:00,107.670000,107.930000,107.630000,107.920000,2,2024-12-13
2024-12-16 08:00:00,107.935000,108.200000,107.810000,108.125000,3,2024-12-16
2024-12-16 12:00:00,108.130000,108.290000,108.070000,108.089996,4,2024-12-16
2024-12-16 16:00:00,108.089996,108.120000,107.885000,108.010002,4,2024-12-16
2024-12-16 20:00:00,108.019997,108.170000,107.935000,108.110000,4,2024-12-17
2024-12-17 00:00:00,108.110000,108.530000,108.050003,108.350000,4,2024-12-17
2024-12-17 04:00:00,108.340000,108.400000,108.160000,108.180000,4,2024-12-17
2024-12-17 08:00:00,108.180000,108.430000,108.160000,108.300000,4,2024-12-17
2024-12-17 12:00:00,108.300000,108.340000,107.980000,108.044998,4,2024-12-17
2024-12-17 16:00:00,108.050003,108.170000,107.670000,107.750000,4,2024-12-17
2024-12-17 20:00:00,107.750000,107.820000,107.575000,107.605000,4,2024-12-18
2024-12-18 00:00:00,107.620000,107.880000,107.155000,107.190000,4,2024-12-18
2024-12-18 04:00:00,107.190000,107.280000,107.035004,107.280000,4,2024-12-18
2024-12-18 08:00:00,107.270000,107.460000,107.180000,107.400000,4,2024-12-18
2024-12-18 12:00:00,107.400000,107.430000,107.055000,107.105000,4,2024-12-18
2024-12-18 16:00:00,107.120000,107.285000,107.025002,107.230000,4,2024-12-18
2024-12-18 20:00:00,107.215000,107.460000,107.195000,107.445000,4,2024-12-19
2024-12-19 00:00:00,107.450000,107.620000,107.370000,107.420000,4,2024-12-19
2024-12-19 04:00:00,107.420000,107.570000,106.980000,107.170000,4,2024-12-19
2024-12-19 08:00:00,107.170000,107.265000,106.790000,107.135000,4,2024-12-19
2024-12-19 12:00:00,107.160000,107.730000,106.970000,107.590000,4,2024-12-19
2024-12-19 16:00:00,107.600000,109.080002,107.400000,108.980000,4,2024-12-19
2024-12-19 20:00:00,109.000000,109.255000,108.865000,109.180000,4,2024-12-20
2024-12-20 00:00:00,109.190000,109.910000,108.920000,109.790000,4,2024-12-20
2024-12-20 04:00:00,109.780000,109.800000,109.310000,109.320000,4,2024-12-20
2024-12-20 08:00:00,109.340000,109.630000,109.305000,109.410000,4,2024-12-20
2024-12-20 12:00:00,109.400000,109.440000,108.690000,109.070000,4,2024-12-20
2024-12-20 16:00:00,109.059998,109.170000,108.835000,109.050003,4,2024-12-20
2024-12-20 20:00:00,109.050003,109.070000,108.870000,108.995000,2,2024-12-20
2024-12-23 08:00:00,108.865000,109.089996,108.810000,109.050003,3,2024-12-23
2024-12-23 12:00:00,109.050003,109.120000,108.890000,109.080002,4,2024-12-23
2024-12-23 16:00:00,109.089996,109.130000,108.780000,108.895000,4,2024-12-23
2024-12-23 20:00:00,108.900000,109.170000,108.860000,109.099998,4,2024-12-24
2024-12-24 00:00:00,109.089996,109.170000,108.880000,109.130000,4,2024-12-24
2024-12-24 04:00:00,109.130000,109.395000,109.120000,109.345000,4,2024-12-24
2024-12-24 08:00:00,109.345000,109.430000,109.290000,109.360000,4,2024-12-24
2024-12-24 12:00:00,109.360000,109.380000,109.099998,109.180000,4,2024-12-24
2024-12-24 16:00:00,109.170000,109.335000,109.059998,109.120000,4,2024-12-24
2024-12-24 20:00:00,109.110000,109.180000,108.960000,108.980000,4,2024-12-25
2024-12-26 00:00:00,109.505000,109.590000,109.450000,109.590000,2,2024-12-26
2024-12-26 04:00:00,109.590000,109.590000,109.570000,109.585000,4,2024-12-26
2024-12-26 08:00:00,109.585000,109.640000,109.405000,109.600000,4,2024-12-26
2024-12-26 12:00:00,109.580000,109.710000,109.530000,109.610000,4,2024-12-26
2024-12-26 16:00:00,109.610000,109.645000,109.280000,109.290000,4,2024-12-26
2024-12-26 20:00:00,109.290000,109.605000,109.220000,109.510000,4,2024-12-27
2024-12-27 00:00:00,109.510000,109.720000,109.495000,109.710000,4,2024-12-27
2024-12-27 04:00:00,109.700000,109.730000,109.520000,109.620000,4,2024-12-27
2024-12-27 08:00:00,109.620000,109.705000,109.405000,109.585000,4,2024-12-27
2024-12-27 12:00:00,109.620000,109.640000,109.265000,109.355000,4,2024-12-27
2024-12-27 16:00:00,109.390000,109.690000,109.340000,109.650000,4,2024-12-27
2024-12-27 20:00:00,109.690000,109.700000,109.470000,109.530000,2,2024-12-27
2024-12-30 08:00:00,109.495000,109.720000,109.390000,109.665000,3,2024-12-30
2024-12-30 12:00:00,109.690000,109.700000,109.515000,109.580000,4,2024-12-30
2024-12-30 16:00:00,109.620000,109.860000,109.555000,109.585000,4,2024-12-30
2024-12-30 20:00:00,109.620000,109.800000,109.485000,109.550000,4,2024-12-31
2024-12-31 00:00:00,109.550000,109.560000,108.655000,109.420000,4,2024-12-31
2024-12-31 04:00:00,109.420000,109.585000,109.230000,109.260000,4,2024-12-31
2024-12-31 08:00:00,109.270000,109.460000,109.135000,109.170000,4,2024-12-31
2024-12-31 12:00:00,109.170000,109.210000,108.815000,108.890000,4,2024-12-31
2024-12-31 16:00:00,108.890000,109.000000,108.520000,108.665000,4,2024-12-31
2024-12-31 20:00:00,108.690000,109.220000,108.655000,109.055000,4,2025-01-01
2025-01-02 04:00:00,109.070000,109.089996,109.059998,109.070000,4,2025-01-02
2025-01-02 08:00:00,109.059998,109.770000,109.050003,109.500000,4,2025-01-02
2025-01-02 12:00:00,109.490000,109.710000,109.220000,109.240000,4,2025-01-02
2025-01-02 16:00:00,109.230000,109.410000,108.560000,108.810000,4,2025-01-02
2025-01-02 20:00:00,108.790000,109.089996,108.770000,108.930000,4,2025-01-03
2025-01-03 00:00:00,108.910000,109.330000,108.610000,109.330000,4,2025-01-03
2025-01-03 04:00:00,109.310000,109.650000,109.270000,109.460000,4,2025-01-03
2025-01-03 08:00:00,109.470000,109.470000,109.200000,109.230000,4,2025-01-03
2025-01-03 12:00:00,109.230000,109.480000,109.230000,109.310000,4,2025-01-03
2025-01-03 16:00:00,109.310000,109.370000,109.099998,109.270000,4,2025-01-03
2025-01-03 20:00:00,109.260000,109.320000,109.140000,109.280000,2,2025-01-03
2025-01-06 08:00:00,108.810000,109.290000,108.790000,109.190000,3,2025-01-06
2025-01-06 12:00:00,109.200000,109.600000,109.140000,109.500000,4,2025-01-06
2025-01-06 16:00:00,109.500000,109.810000,109.440000,109.780000,4,2025-01-06
2025-01-06 20:00:00,109.790000,110.019997,109.400000,109.510000,4,2025-01-07
2025-01-07 00:00:00,109.510000,109.930000,109.190000,109.710000,4,2025-01-07
2025-01-07 04:00:00,109.710000,109.980000,109.570000,109.980000,4,2025-01-07
2025-01-07 08:00:00,109.970000,110.330000,109.890000,110.270000,4,2025-01-07
2025-01-07 12:00:00,110.260000,110.470000,110.220000,110.370000,4,2025-01-07
2025-01-07 16:00:00,110.370000,110.430000,109.990000,110.019997,4,2025-01-07
2025-01-07 20:00:00,110.019997,110.330000,109.990000,110.170000,4,2025-01-08
2025-01-08 00:00:00,110.180000,110.320000,109.930000,110.059998,4,2025-01-08
2025-01-08 04:00:00,110.059998,110.180000,109.840000,109.940000,4,2025-01-08
2025-01-08 08:00:00,109.940000,110.210000,109.940000,110.210000,4,2025-01-08
2025-01-08 12:00:00,110.220000,110.290000,110.040001,110.270000,4,2025-01-08
2025-01-08 16:00:00,110.260000,110.290000,110.019997,110.160000,4,2025-01-08
2025-01-08 20:00:00,110.150000,110.200000,109.990000,110.160000,4,2025-01-09
2025-01-09 00:00:00,110.160000,110.170000,109.880000,110.130000,4,2025-01-09
2025-01-09 04:00:00,110.130000,110.180000,110.040001,110.110000,4,2025-01-09
2025-01-09 08:00:00,110.110000,110.230000,109.960000,110.070000,4,2025-01-09
2025-01-09 12:00:00,110.070000,110.110000,109.720000,109.860000,4,2025-01-09
2025-01-09 16:00:00,109.860000,110.080002,109.810000,109.950000,4,2025-01-09
2025-01-09 20:00:00,109.950000,109.990000,109.530000,109.620000,4,2025-01-10
2025-01-10 00:00:00,109.620000,109.780000,109.500000,109.780000,4,2025-01-10
2025-01-10 04:00:00,109.780000,109.910000,109.760000,109.910000,4,2025-01-10
2025-01-10 08:00:00,109.910000,109.920000,109.710000,109.740000,4,2025-01-10
2025-01-10 12:00:00,109.740000,109.920000,109.680000,109.910000,4,2025-01-10
2025-01-10 16:00:00,109.910000,110.040001,109.500000,109.520000,4,2025-01-10
2025-01-10 20:00:00,109.520000,109.760000,109.350000,109.730000,2,2025-01-10
2025-01-13 08:00:00,109.420000,109.560000,109.350000,109.420000,3,2025-01-13
2025-01-13 12:00:00,109.420000,109.440000,108.990000,109.089996,4,2025-01-13
2025-01-13 16:00:00,109.089996,109.320000,108.930000,109.290000,4,2025-01-13
2025-01-13 20:00:00,109.290000,109.310000,108.760000,109.059998,4,2025-01-14
2025-01-14 00:00:00,109.019997,109.430000,108.910000,109.300000,4,2025-01-14
2025-01-14 04:00:00,109.300000,109.520000,109.140000,109.500000,4,2025-01-14
2025-01-14 08:00:00,109.490000,109.650000,109.400000,109.560000,4,2025-01-14
2025-01-14 12:00:00,109.550000,109.870000,109.390000,109.540000,4,2025-01-14
2025-01-14 16:00:00,109.540000,109.790000,109.420000,109.750000,4,2025-01-14
2025-01-14 20:00:00,109.750000,109.950000,109.680000,109.700000,4,2025-01-15
2025-01-15 00:00:00,109.690000,110.160000,109.540000,109.920000,4,2025-01-15
2025-01-15 04:00:00,109.920000,110.110000,109.860000,110.029999,4,2025-01-15
2025-01-15 08:00:00,110.019997,110.180000,110.010002,110.040001,4,2025-01-15
2025-01-15 12:00:00,110.040001,110.130000,109.800000,109.820000,4,2025-01-15
2025-01-15 16:00:00,109.820000,109.820000,109.340000,109.470000,4,2025-01-15
2025-01-15 20:00:00,109.470000,109.500000,109.240000,109.340000,4,2025-01-16
2025-01-16 00:00:00,109.340000,109.470000,108.920000,109.200000,4,2025-01-16
2025-01-16 04:00:00,109.200000,109.250000,109.099998,109.210000,4,2025-01-16
2025-01-16 08:00:00,109.190000,109.220000,109.000000,109.050003,4,2025-01-16
2025-01-16 12:00:00,109.040001,109.040001,108.240000,108.660000,4,2025-01-16
2025-01-16 16:00:00,108.650000,108.850000,108.440000,108.480000,4,2025-01-16
2025-01-16 20:00:00,108.480000,108.620000,108.270000,108.570000,4,2025-01-17
2025-01-17 00:00:00,108.570000,108.670000,107.820000,108.110000,4,2025-01-17
2025-01-17 04:00:00,108.110000,108.160000,107.800000,107.810000,4,2025-01-17
2025-01-17 08:00:00,107.800000,108.010002,107.650000,107.790000,4,2025-01-17
2025-01-17 12:00:00,107.790000,108.029999,107.750000,107.900000,4,2025-01-17
2025-01-17 16:00:00,107.900000,108.110000,107.870000,108.070000,4,2025-01-17
2025-01-17 20:00:00,108.070000,108.130000,107.900000,108.110000,2,2025-01-17
2025-01-20 08:00:00,108.029999,108.099998,107.860000,107.870000,3,2025-01-20
2025-01-20 12:00:00,107.870000,107.990000,107.770000,107.950000,4,2025-01-20
2025-01-20 16:00:00,107.950000,108.180000,107.900000,107.970000,4,2025-01-20
2025-01-20 20:00:00,107.970000,108.210000,107.940000,108.180000,4,2025-01-21
2025-01-21 00:00:00,108.180000,109.019997,108.089996,108.710000,4,2025-01-21
2025-01-21 04:00:00,108.710000,108.880000,108.500000,108.740000,4,2025-01-21
2025-01-21 08:00:00,108.760000,108.820000,107.340000,107.920000,4,2025-01-21
2025-01-21 12:00:00,107.920000,108.310000,107.480000,107.550000,4,2025-01-21
2025-01-21 16:00:00,107.550000,107.950000,107.530000,107.930000,4,2025-01-21
2025-01-21 20:00:00,107.930000,108.130000,107.830000,107.890000,4,2025-01-22
2025-01-22 00:00:00,107.900000,108.520000,107.590000,108.520000,4,2025-01-22
2025-01-22 04:00:00,108.510000,108.590000,108.440000,108.470000,4,2025-01-22
2025-01-22 08:00:00,108.470000,108.670000,108.460000,108.510000,4,2025-01-22
2025-01-22 12:00:00,108.510000,108.790000,108.470000,108.680000,4,2025-01-22
2025-01-22 16:00:00,108.670000,108.950000,108.570000,108.680000,4,2025-01-22
2025-01-22 20:00:00,108.680000,108.930000,108.610000,108.660000,4,2025-01-23
2025-01-23 00:00:00,108.660000,109.080002,108.470000,109.070000,4,2025-01-23
2025-01-23 04:00:00,109.070000,109.070000,108.790000,108.810000,4,2025-01-23
2025-01-23 08:00:00,108.810000,108.890000,108.610000,108.710000,4,2025-01-23
2025-01-23 12:00:00,108.710000,108.860000,108.640000,108.840000,4,2025-01-23
2025-01-23 16:00:00,108.840000,108.910000,108.710000,108.720000,4,2025-01-23
2025-01-23 20:00:00,108.720000,108.820000,108.560000,108.630000,4,2025-01-24
2025-01-24 00:00:00,108.630000,108.840000,108.360000,108.640000,4,2025-01-24
2025-01-24 04:00:00,108.640000,108.790000,108.390000,108.510000,4,2025-01-24
2025-01-24 08:00:00,108.520000,108.710000,108.450000,108.690000,4,2025-01-24
2025-01-24 12:00:00,108.690000,109.040001,108.080002,108.250000,4,2025-01-24
2025-01-24 16:00:00,108.250000,108.670000,108.059998,108.440000,4,2025-01-24
2025-01-24 20:00:00,108.440000,108.870000,108.280000,108.820000,2,2025-01-24
2025-01-27 08:00:00,108.410000,108.440000,108.099998,108.190000,3,2025-01-27
2025-01-27 12:00:00,108.200000,108.510000,108.000000,108.490000,4,2025-01-27
2025-01-27 16:00:00,108.490000,108.620000,107.820000,107.900000,4,2025-01-27
2025-01-27 20:00:00,107.890000,107.930000,107.080002,107.420000,4,2025-01-28
2025-01-28 00:00:00,107.420000,107.580000,107.070000,107.180000,4,2025-01-28
2025-01-28 04:00:00,107.180000,107.640000,107.120000,107.560000,4,2025-01-28
2025-01-28 08:00:00,107.560000,107.810000,107.400000,107.810000,4,2025-01-28
2025-01-28 12:00:00,107.810000,108.290000,107.810000,108.230000,4,2025-01-28
2025-01-28 16:00:00,108.220000,108.280000,107.980000,108.110000,4,2025-01-28
2025-01-28 20:00:00,108.110000,108.260000,107.700000,107.710000,4,2025-01-29
2025-01-29 00:00:00,107.710000,108.270000,107.700000,108.160000,4,2025-01-29
2025-01-29 04:00:00,108.160000,108.210000,108.000000,108.029999,4,2025-01-29
2025-01-29 08:00:00,108.019997,108.099998,107.940000,108.040001,4,2025-01-29
2025-01-29 12:00:00,108.050003,108.170000,107.830000,107.870000,4,2025-01-29
2025-01-29 16:00:00,107.870000,107.900000,107.550000,107.600000,4,2025-01-29
2025-01-29 20:00:00,107.590000,107.830000,107.550000,107.640000,4,2025-01-30
2025-01-30 00:00:00,107.640000,107.720000,107.270000,107.550000,4,2025-01-30
2025-01-30 04:00:00,107.550000,107.790000,107.440000,107.690000,4,2025-01-30
2025-01-30 08:00:00,107.700000,107.810000,107.370000,107.410000,4,2025-01-30
2025-01-30 12:00:00,107.410000,107.410000,107.040001,107.220000,4,2025-01-30
2025-01-30 16:00:00,107.230000,107.310000,106.970000,107.230000,4,2025-01-30
2025-01-30 20:00:00,107.230000,107.300000,106.940000,106.960000,4,2025-01-31
2025-01-31 00:00:00,106.960000,107.190000,106.740000,107.150000,4,2025-01-31
2025-01-31 04:00:00,107.150000,107.280000,105.760000,106.510000,4,2025-01-31
2025-01-31 08:00:00,106.500000,106.590000,106.290000,106.450000,4,2025-01-31
2025-01-31 12:00:00,106.440000,106.670000,106.240000,106.660000,4,2025-01-31
2025-01-31 16:00:00,106.660000,107.190000,106.660000,106.860000,4,2025-01-31
2025-01-31 20:00:00,106.810000,106.880000,106.660000,106.770000,2,2025-01-31
2025-02-03 08:00:00,105.029999,106.000000,105.029999,105.640000,3,2025-02-03
2025-02-03 12:00:00,105.640000,105.900000,105.180000,105.590000,4,2025-02-03
2025-02-03 16:00:00,105.590000,105.970000,105.410000,105.790000,4,2025-02-03
2025-02-03 20:00:00,105.790000,105.820000,105.180000,105.360000,4,2025-02-04
2025-02-04 00:00:00,105.360000,106.330000,104.910000,105.950000,4,2025-02-04
2025-02-04 04:00:00,105.950000,106.510000,105.690000,106.200000,4,2025-02-04
2025-02-04 08:00:00,106.200000,107.790000,106.160000,107.530000,4,2025-02-04
2025-02-04 12:00:00,107.530000,107.590000,107.210000,107.240000,4,2025-02-04
2025-02-04 16:00:00,107.230000,107.690000,106.790000,107.430000,4,2025-02-04
2025-02-04 20:00:00,107.430000,107.730000,107.360000,107.710000,4,2025-02-05
2025-02-05 00:00:00,107.720000,108.029999,107.640000,107.930000,4,2025-02-05
2025-02-05 04:00:00,107.940000,107.970000,107.480000,107.750000,4,2025-02-05
2025-02-05 08:00:00,107.750000,107.830000,107.390000,107.410000,4,2025-02-05
2025-02-05 12:00:00,107.420000,107.420000,106.850000,106.960000,4,2025-02-05
2025-02-05 16:00:00,106.960000,107.350000,106.840000,107.150000,4,2025-02-05
2025-02-05 20:00:00,107.160000,107.220000,106.840000,107.010002,4,2025-02-06
2025-02-06 00:00:00,107.010002,107.300000,106.480000,106.660000,4,2025-02-06
2025-02-06 04:00:00,106.660000,106.750000,106.420000,106.680000,4,2025-02-06
2025-02-06 08:00:00,106.680000,106.740000,106.380000,106.400000,4,2025-02-06
2025-02-06 12:00:00,106.390000,106.420000,106.050003,106.190000,4,2025-02-06
2025-02-06 16:00:00,106.190000,106.440000,106.110000,106.320000,4,2025-02-06
2025-02-06 20:00:00,106.320000,106.470000,106.050003,106.220000,4,2025-02-07
2025-02-07 00:00:00,106.220000,106.300000,105.870000,106.210000,4,2025-02-07
2025-02-07 04:00:00,106.210000,106.250000,105.650000,105.950000,4,2025-02-07
2025-02-07 08:00:00,105.930000,105.950000,105.500000,105.630000,4,2025-02-07
2025-02-07 12:00:00,105.640000,106.099998,105.630000,105.930000,4,2025-02-07
2025-02-07 16:00:00,105.930000,106.160000,105.830000,106.070000,4,2025-02-07
2025-02-07 20:00:00,106.070000,106.250000,106.029999,106.220000,2,2025-02-07
2025-02-10 08:00:00,105.310000,105.990000,105.230000,105.970000,3,2025-02-10
2025-02-10 12:00:00,105.970000,106.120000,105.830000,105.920000,4,2025-02-10
2025-02-10 16:00:00,105.920000,106.400000,105.820000,106.300000,4,2025-02-10
2025-02-10 20:00:00,106.300000,106.450000,106.029999,106.070000,4,2025-02-11
2025-02-11 00:00:00,106.059998,106.070000,105.720000,105.980000,4,2025-02-11
2025-02-11 04:00:00,105.980000,106.280000,105.950000,106.190000,4,2025-02-11
2025-02-11 08:00:00,106.200000,106.230000,105.810000,105.930000,4,2025-02-11
2025-02-11 12:00:00,105.930000,106.110000,105.920000,106.029999,4,2025-02-11
2025-02-11 16:00:00,106.029999,106.150000,105.820000,105.940000,4,2025-02-11
2025-02-11 20:00:00,105.940000,106.390000,105.920000,106.390000,4,2025-02-12
2025-02-12 00:00:00,106.390000,106.640000,106.310000,106.490000,4,2025-02-12
2025-02-12 04:00:00,106.500000,106.840000,106.430000,106.780000,4,2025-02-12
2025-02-12 08:00:00,106.780000,107.220000,106.650000,107.190000,4,2025-02-12
2025-02-12 12:00:00,107.200000,107.590000,107.080002,107.500000,4,2025-02-12
2025-02-12 16:00:00,107.500000,107.670000,107.320000,107.370000,4,2025-02-12
2025-02-12 20:00:00,107.380000,107.490000,107.230000,107.380000,4,2025-02-13
2025-02-13 00:00:00,107.380000,108.240000,107.290000,108.220000,4,2025-02-13
2025-02-13 04:00:00,108.220000,108.290000,107.990000,108.120000,4,2025-02-13
2025-02-13 08:00:00,108.110000,108.120000,107.810000,108.099998,4,2025-02-13
2025-02-13 12:00:00,108.099998,108.320000,107.940000,108.240000,4,2025-02-13
2025-02-13 16:00:00,108.240000,108.280000,107.770000,107.770000,4,2025-02-13
2025-02-13 20:00:00,107.770000,107.820000,107.520000,107.720000,4,2025-02-14
2025-02-14 00:00:00,107.720000,108.010002,107.410000,107.650000,4,2025-02-14
2025-02-14 04:00:00,107.650000,107.700000,107.360000,107.680000,4,2025-02-14
2025-02-14 08:00:00,107.670000,107.860000,107.480000,107.540000,4,2025-02-14
2025-02-14 12:00:00,107.530000,107.840000,107.450000,107.610000,4,2025-02-14
2025-02-14 16:00:00,107.610000,107.880000,107.510000,107.810000,4,2025-02-14
2025-02-14 20:00:00,107.810000,107.860000,107.540000,107.540000,2,2025-02-14
2025-02-17 08:00:00,107.430000,107.450000,107.110000,107.170000,3,2025-02-17
2025-02-17 12:00:00,107.160000,107.290000,106.940000,107.080002,4,2025-02-17
2025-02-17 16:00:00,107.080002,107.110000,106.880000,106.940000,4,2025-02-17
2025-02-17 20:00:00,106.940000,107.019997,106.740000,106.780000,4,2025-02-18
2025-02-18 00:00:00,106.800000,106.820000,106.670000,106.760000,4,2025-02-18
2025-02-18 04:00:00,106.770000,106.780000,106.700000,106.760000,4,2025-02-18
2025-02-18 08:00:00,106.760000,106.910000,106.600000,106.860000,4,2025-02-18
2025-02-18 12:00:00,106.860000,107.150000,106.790000,107.099998,4,2025-02-18
2025-02-18 16:00:00,107.099998,107.190000,106.940000,107.059998,4,2025-02-18
2025-02-18 20:00:00,107.059998,107.089996,106.830000,106.870000,4,2025-02-19
2025-02-19 00:00:00,106.860000,107.029999,106.720000,106.980000,4,2025-02-19
2025-02-19 04:00:00,106.970000,107.190000,106.960000,107.150000,4,2025-02-19
2025-02-19 08:00:00,107.150000,107.240000,106.970000,107.130000,4,2025-02-19
2025-02-19 12:00:00,107.120000,107.350000,106.890000,107.029999,4,2025-02-19
2025-02-19 16:00:00,107.029999,107.089996,106.880000,106.900000,4,2025-02-19
2025-02-19 20:00:00,106.900000,106.960000,106.760000,106.910000,4,2025-02-20
2025-02-20 00:00:00,106.910000,106.970000,106.450000,106.540000,4,2025-02-20
2025-02-20 04:00:00,106.540000,106.600000,106.390000,106.480000,4,2025-02-20
2025-02-20 08:00:00,106.470000,106.500000,106.029999,106.140000,4,2025-02-20
2025-02-20 12:00:00,106.140000,106.150000,105.620000,105.640000,4,2025-02-20
2025-02-20 16:00:00,105.640000,105.810000,105.420000,105.780000,4,2025-02-20
2025-02-20 20:00:00,105.780000,105.860000,105.490000,105.550000,4,2025-02-21
2025-02-21 00:00:00,105.550000,105.760000,105.320000,105.420000,4,2025-02-21
2025-02-21 04:00:00,105.420000,105.710000,105.340000,105.610000,4,2025-02-21
2025-02-21 08:00:00,105.610000,105.730000,105.360000,105.670000,4,2025-02-21
2025-02-21 12:00:00,105.670000,106.340000,105.650000,106.070000,4,2025-02-21
2025-02-21 16:00:00,106.070000,106.210000,105.960000,105.990000,4,2025-02-21
2025-02-21 20:00:00,106.010002,106.070000,105.860000,105.930000,2,2025-02-21
2025-02-24 08:00:00,104.920000,105.140000,104.830000,104.880000,3,2025-02-24
2025-02-24 12:00:00,104.880000,105.330000,104.880000,105.140000,4,2025-02-24
2025-02-24 16:00:00,105.140000,105.410000,105.050003,105.220000,4,2025-02-24
2025-02-24 20:00:00,105.220000,105.410000,105.170000,105.390000,4,2025-02-25
2025-02-25 00:00:00,105.380000,105.460000,104.790000,105.150000,4,2025-02-25
2025-02-25 04:00:00,105.160000,105.340000,104.890000,104.980000,4,2025-02-25
2025-02-25 08:00:00,104.980000,105.240000,104.940000,105.210000,4,2025-02-25
2025-02-25 12:00:00,105.220000,105.340000,104.900000,104.940000,4,2025-02-25
2025-02-25 16:00:00,104.940000,105.140000,104.550000,104.810000,4,2025-02-25
2025-02-25 20:00:00,104.810000,105.200000,104.800000,104.930000,4,2025-02-26
2025-02-26 00:00:00,104.930000,105.029999,103.950000,104.270000,4,2025-02-26
2025-02-26 04:00:00,104.260000,104.490000,104.070000,104.070000,4,2025-02-26
2025-02-26 08:00:00,104.070000,104.250000,103.950000,104.110000,4,2025-02-26
2025-02-26 12:00:00,104.110000,104.430000,103.980000,104.290000,4,2025-02-26
2025-02-26 16:00:00,104.290000,104.440000,104.170000,104.230000,4,2025-02-26
2025-02-26 20:00:00,104.230000,104.350000,104.070000,104.270000,4,2025-02-27
2025-02-27 00:00:00,104.270000,104.540000,103.930000,103.940000,4,2025-02-27
2025-02-27 04:00:00,103.940000,104.260000,103.780000,103.910000,4,2025-02-27
2025-02-27 08:00:00,103.910000,104.059998,103.740000,103.940000,4,2025-02-27
2025-02-27 12:00:00,103.940000,104.130000,103.830000,103.850000,4,2025-02-27
2025-02-27 16:00:00,103.850000,104.510000,103.850000,104.510000,4,2025-02-27
2025-02-27 20:00:00,104.500000,104.680000,104.190000,104.230000,4,2025-02-28
2025-02-28 00:00:00,104.230000,104.330000,103.660000,103.900000,4,2025-02-28
2025-02-28 04:00:00,103.900000,104.120000,103.570000,103.670000,4,2025-02-28
2025-02-28 08:00:00,103.670000,103.950000,103.440000,103.470000,4,2025-02-28
2025-02-28 12:00:00,103.480000,103.650000,103.210000,103.550000,4,2025-02-28
2025-02-28 16:00:00,103.550000,104.380000,103.540000,104.290000,4,2025-02-28
2025-02-28 20:00:00,104.290000,104.370000,104.040001,104.150000,2,2025-02-28
2025-03-03 08:00:00,104.330000,104.570000,104.220000,104.250000,3,2025-03-03
2025-03-03 12:00:00,104.260000,104.390000,103.970000,104.110000,4,2025-03-03
2025-03-03 16:00:00,104.110000,104.230000,103.870000,104.000000,4,2025-03-03
2025-03-03 20:00:00,104.000000,104.880000,103.860000,104.830000,4,2025-03-04
2025-03-04 00:00:00,104.830000,104.970000,104.150000,104.290000,4,2025-03-04
2025-03-04 04:00:00,104.280000,104.350000,102.550000,102.990000,4,2025-03-04
2025-03-04 08:00:00,102.980000,103.380000,102.750000,102.960000,4,2025-03-04
2025-03-04 12:00:00,102.940000,103.070000,102.560000,102.790000,4,2025-03-04
2025-03-04 16:00:00,102.800000,103.420000,102.690000,103.180000,4,2025-03-04
2025-03-04 20:00:00,103.160000,103.420000,102.710000,102.750000,4,2025-03-05
2025-03-05 00:00:00,102.740000,102.940000,102.200000,102.520000,4,2025-03-05
2025-03-05 04:00:00,102.520000,103.430000,102.300000,103.010002,4,2025-03-05
2025-03-05 08:00:00,103.010002,104.220000,102.990000,104.019997,4,2025-03-05
2025-03-05 12:00:00,104.010002,104.270000,103.630000,103.840000,4,2025-03-05
2025-03-05 16:00:00,103.840000,104.040001,103.620000,103.720000,4,2025-03-05
2025-03-05 20:00:00,103.720000,103.990000,103.620000,103.690000,4,2025-03-06
2025-03-06 00:00:00,103.710000,104.029999,103.029999,103.530000,4,2025-03-06
2025-03-06 04:00:00,103.520000,103.960000,103.330000,103.820000,4,2025-03-06
2025-03-06 08:00:00,103.810000,104.099998,103.760000,103.930000,4,2025-03-06
2025-03-06 12:00:00,103.930000,104.240000,103.910000,104.160000,4,2025-03-06
2025-03-06 16:00:00,104.160000,104.160000,103.160000,103.260000,4,2025-03-06
2025-03-06 20:00:00,103.250000,103.250000,102.700000,102.710000,4,2025-03-07
2025-03-07 00:00:00,102.710000,104.170000,102.590000,103.590000,4,2025-03-07
2025-03-07 04:00:00,103.580000,103.710000,103.089996,103.320000,4,2025-03-07
2025-03-07 08:00:00,103.320000,103.660000,103.290000,103.500000,4,2025-03-07
2025-03-07 12:00:00,103.500000,103.610000,103.089996,103.240000,4,2025-03-07
2025-03-07 16:00:00,103.240000,103.380000,102.980000,103.070000,4,2025-03-07
2025-03-07 20:00:00,103.070000,103.270000,103.019997,103.089996,2,2025-03-07
2025-03-10 08:00:00,102.670000,102.810000,102.500000,102.550000,3,2025-03-10
2025-03-10 12:00:00,102.550000,102.860000,102.420000,102.770000,4,2025-03-10
2025-03-10 16:00:00,102.770000,102.900000,102.330000,102.360000,4,2025-03-10
2025-03-10 20:00:00,102.360000,102.650000,101.800000,101.970000,4,2025-03-11
2025-03-11 00:00:00,101.970000,102.180000,101.680000,102.029999,4,2025-03-11
2025-03-11 04:00:00,102.029999,102.110000,101.640000,101.990000,4,2025-03-11
2025-03-11 08:00:00,101.990000,102.019997,101.500000,101.700000,4,2025-03-11
2025-03-11 12:00:00,101.700000,102.089996,101.530000,101.880000,4,2025-03-11
2025-03-11 16:00:00,101.870000,102.220000,101.780000,102.180000,4,2025-03-11
2025-03-11 20:00:00,102.180000,102.650000,102.089996,102.520000,4,2025-03-12
2025-03-12 00:00:00,102.540000,102.790000,101.450000,101.710000,4,2025-03-12
2025-03-12 04:00:00,101.710000,102.800000,101.380000,102.380000,4,2025-03-12
2025-03-12 08:00:00,102.380000,102.680000,102.290000,102.670000,4,2025-03-12
2025-03-12 12:00:00,102.670000,102.680000,102.410000,102.530000,4,2025-03-12
2025-03-12 16:00:00,102.540000,102.870000,102.390000,102.770000,4,2025-03-12
2025-03-12 20:00:00,102.780000,103.640000,102.750000,103.590000,4,2025-03-13
2025-03-13 00:00:00,103.590000,103.610000,102.860000,103.059998,4,2025-03-13
2025-03-13 04:00:00,103.059998,103.400000,102.960000,103.160000,4,2025-03-13
2025-03-13 08:00:00,103.160000,103.300000,103.110000,103.140000,4,2025-03-13
2025-03-13 12:00:00,103.130000,103.220000,102.720000,102.770000,4,2025-03-13
2025-03-13 16:00:00,102.770000,102.830000,102.490000,102.820000,4,2025-03-13
2025-03-13 20:00:00,102.820000,103.160000,102.730000,102.950000,4,2025-03-14
2025-03-14 00:00:00,102.950000,103.099998,102.300000,102.360000,4,2025-03-14
2025-03-14 04:00:00,102.360000,102.500000,102.050003,102.380000,4,2025-03-14
2025-03-14 08:00:00,102.390000,102.810000,102.280000,102.760000,4,2025-03-14
2025-03-14 12:00:00,102.760000,102.940000,102.640000,102.920000,4,2025-03-14
2025-03-14 16:00:00,102.930000,103.310000,102.870000,103.290000,4,2025-03-14
2025-03-14 20:00:00,103.300000,103.370000,103.230000,103.310000,1,2025-03-14
2025-03-17 08:00:00,103.560000,103.610000,103.300000,103.550000,3,2025-03-17
2025-03-17 12:00:00,103.550000,103.700000,103.330000,103.700000,4,2025-03-17
2025-03-17 16:00:00,103.690000,103.750000,103.510000,103.690000,4,2025-03-17
2025-03-17 20:00:00,103.690000,103.860000,103.380000,103.790000,4,2025-03-18
2025-03-18 00:00:00,103.790000,104.210000,103.700000,104.059998,4,2025-03-18
2025-03-18 04:00:00,104.059998,104.530000,104.050003,104.420000,4,2025-03-18
2025-03-18 08:00:00,104.440000,104.580000,104.350000,104.570000,4,2025-03-18
2025-03-18 12:00:00,104.570000,104.690000,104.500000,104.580000,4,2025-03-18
2025-03-18 16:00:00,104.580000,104.990000,104.540000,104.890000,4,2025-03-18
2025-03-18 20:00:00,104.890000,105.010002,104.650000,104.860000,4,2025-03-19
2025-03-19 00:00:00,104.870000,105.029999,104.270000,104.430000,4,2025-03-19
2025-03-19 04:00:00,104.430000,104.500000,104.180000,104.350000,4,2025-03-19
2025-03-19 08:00:00,104.390000,104.670000,104.340000,104.650000,4,2025-03-19
2025-03-19 12:00:00,104.660000,104.660000,104.320000,104.510000,4,2025-03-19
2025-03-19 16:00:00,104.520000,104.820000,104.099998,104.490000,4,2025-03-19
2025-03-19 20:00:00,104.490000,104.690000,104.420000,104.600000,4,2025-03-20
2025-03-20 00:00:00,104.610000,104.930000,104.560000,104.640000,4,2025-03-20
2025-03-20 04:00:00,104.640000,104.650000,103.730000,103.810000,4,2025-03-20
2025-03-20 08:00:00,103.830000,103.970000,103.530000,103.560000,4,2025-03-20
2025-03-20 12:00:00,103.560000,103.650000,103.430000,103.570000,4,2025-03-20
2025-03-20 16:00:00,103.570000,103.680000,103.380000,103.500000,4,2025-03-20
2025-03-20 20:00:00,103.500000,103.570000,103.170000,103.290000,4,2025-03-21
2025-03-21 00:00:00,103.290000,104.040001,103.160000,103.800000,4,2025-03-21
2025-03-21 04:00:00,103.800000,103.990000,103.800000,103.860000,4,2025-03-21
2025-03-21 08:00:00,103.880000,104.070000,103.740000,104.040001,4,2025-03-21
2025-03-21 12:00:00,104.040001,104.320000,103.980000,104.250000,4,2025-03-21
2025-03-21 16:00:00,104.250000,104.500000,104.130000,104.320000,4,2025-03-21
2025-03-21 20:00:00,104.320000,104.330000,104.160000,104.190000,1,2025-03-21
2025-03-24 08:00:00,104.160000,104.510000,104.150000,104.480000,3,2025-03-24
2025-03-24 12:00:00,104.480000,104.570000,104.360000,104.410000,4,2025-03-24
2025-03-24 16:00:00,104.410000,104.590000,104.290000,104.390000,4,2025-03-24
2025-03-24 20:00:00,104.380000,104.620000,104.310000,104.520000,4,2025-03-25
2025-03-25 00:00:00,104.520000,105.500000,104.420000,105.180000,4,2025-03-25
2025-03-25 04:00:00,105.180000,105.320000,105.059998,105.280000,4,2025-03-25
2025-03-25 08:00:00,105.240000,105.410000,105.210000,105.400000,4,2025-03-25
2025-03-25 12:00:00,105.400000,105.420000,105.099998,105.110000,4,2025-03-25
2025-03-25 16:00:00,105.110000,105.270000,105.010002,105.150000,4,2025-03-25
2025-03-25 20:00:00,105.150000,105.210000,104.900000,105.019997,4,2025-03-26
2025-03-26 00:00:00,105.019997,105.019997,104.530000,104.740000,4,2025-03-26
2025-03-26 04:00:00,104.740000,105.040001,104.670000,104.950000,4,2025-03-26
2025-03-26 08:00:00,104.960000,105.150000,104.940000,105.120000,4,2025-03-26
2025-03-26 12:00:00,105.120000,105.470000,105.010002,105.470000,4,2025-03-26
2025-03-26 16:00:00,105.470000,105.650000,105.280000,105.340000,4,2025-03-26
2025-03-26 20:00:00,105.350000,105.480000,105.240000,105.410000,4,2025-03-27
2025-03-27 00:00:00,105.410000,105.870000,105.380000,105.560000,4,2025-03-27
2025-03-27 04:00:00,105.550000,105.650000,105.160000,105.550000,4,2025-03-27
2025-03-27 08:00:00,105.570000,105.580000,105.040001,105.340000,4,2025-03-27
2025-03-27 12:00:00,105.340000,105.350000,105.110000,105.300000,4,2025-03-27
2025-03-27 16:00:00,105.300000,105.470000,105.180000,105.470000,4,2025-03-27
2025-03-27 20:00:00,105.470000,105.820000,105.430000,105.440000,4,2025-03-28
2025-03-28 00:00:00,105.450000,105.620000,105.120000,105.500000,4,2025-03-28
2025-03-28 04:00:00,105.500000,105.710000,105.470000,105.610000,4,2025-03-28
2025-03-28 08:00:00,105.610000,105.650000,105.370000,105.500000,4,2025-03-28
2025-03-28 12:00:00,105.500000,105.510000,105.290000,105.410000,4,2025-03-28
2025-03-28 16:00:00,105.410000,105.450000,104.940000,105.120000,4,2025-03-28
2025-03-28 20:00:00,105.120000,105.180000,105.089996,105.120000,1,2025-03-28
2025-03-31 08:00:00,104.570000,104.580000,104.150000,104.340000,3,2025-03-31
2025-03-31 12:00:00,104.350000,104.440000,103.890000,104.140000,4,2025-03-31
2025-03-31 16:00:00,104.140000,104.280000,103.740000,103.890000,4,2025-03-31
2025-03-31 20:00:00,103.880000,104.120000,103.840000,104.050003,4,2025-04-01
2025-04-01 00:00:00,104.050003,104.410000,103.850000,104.280000,4,2025-04-01
2025-04-01 04:00:00,104.270000,104.520000,104.180000,104.240000,4,2025-04-01
2025-04-01 08:00:00,104.280000,104.320000,104.000000,104.050003,4,2025-04-01
2025-04-01 12:00:00,104.050003,104.240000,103.930000,104.059998,4,2025-04-01
2025-04-01 16:00:00,104.059998,104.270000,103.840000,104.070000,4,2025-04-01
2025-04-01 20:00:00,104.070000,104.190000,103.550000,103.770000,4,2025-04-02
2025-04-02 00:00:00,103.780000,104.600000,103.500000,104.410000,4,2025-04-02
2025-04-02 04:00:00,104.420000,104.640000,104.080002,104.610000,4,2025-04-02
2025-04-02 08:00:00,104.560000,104.880000,104.540000,104.720000,4,2025-04-02
2025-04-02 12:00:00,104.720000,104.850000,104.690000,104.790000,4,2025-04-02
2025-04-02 16:00:00,104.790000,104.920000,104.520000,104.640000,4,2025-04-02
2025-04-02 20:00:00,104.640000,104.660000,104.050003,104.170000,4,2025-04-03
2025-04-03 00:00:00,104.170000,104.930000,104.130000,104.880000,4,2025-04-03
2025-04-03 04:00:00,104.880000,105.460000,104.070000,104.810000,4,2025-04-03
2025-04-03 08:00:00,104.860000,104.920000,103.580000,103.760000,4,2025-04-03
2025-04-03 12:00:00,103.760000,103.940000,103.300000,103.520000,4,2025-04-03
2025-04-03 16:00:00,103.520000,104.170000,103.350000,103.910000,4,2025-04-03
2025-04-03 20:00:00,103.910000,103.940000,103.380000,103.610000,4,2025-04-04
2025-04-04 00:00:00,103.600000,104.240000,103.410000,103.960000,4,2025-04-04
2025-04-04 04:00:00,103.960000,104.080002,103.550000,103.630000,4,2025-04-04
2025-04-04 08:00:00,103.630000,104.019997,103.310000,103.790000,4,2025-04-04
2025-04-04 12:00:00,103.790000,104.110000,103.080002,103.130000,4,2025-04-04
2025-04-04 16:00:00,103.130000,103.630000,103.059998,103.610000,4,2025-04-04
2025-04-04 20:00:00,103.630000,103.630000,103.350000,103.390000,1,2025-04-04
2025-04-07 08:00:00,101.890000,102.870000,101.700000,102.730000,3,2025-04-07
2025-04-07 12:00:00,102.730000,103.070000,102.500000,102.530000,4,2025-04-07
2025-04-07 16:00:00,102.500000,102.680000,101.870000,102.380000,4,2025-04-07
2025-04-07 20:00:00,102.380000,103.380000,102.380000,103.340000,4,2025-04-08
2025-04-08 00:00:00,103.340000,104.310000,103.200000,104.270000,4,2025-04-08
2025-04-08 04:00:00,104.260000,104.370000,103.710000,103.730000,4,2025-04-08
2025-04-08 08:00:00,103.730000,104.089996,103.640000,104.040001,4,2025-04-08
2025-04-08 12:00:00,104.029999,104.350000,103.920000,104.210000,4,2025-04-08
2025-04-08 16:00:00,104.210000,104.210000,103.630000,103.700000,4,2025-04-08
2025-04-08 20:00:00,103.700000,104.050003,103.400000,104.040001,4,2025-04-09
2025-04-09 00:00:00,104.050003,104.330000,102.930000,103.170000,4,2025-04-09
2025-04-09 04:00:00,103.170000,103.210000,102.370000,102.600000,4,2025-04-09
2025-04-09 08:00:00,102.620000,102.630000,101.830000,102.410000,4,2025-04-09
2025-04-09 12:00:00,102.420000,102.630000,101.630000,101.970000,4,2025-04-09
2025-04-09 16:00:00,101.970000,102.650000,101.890000,102.340000,4,2025-04-09
2025-04-09 20:00:00,102.350000,102.560000,101.640000,102.480000,4,2025-04-10
2025-04-10 00:00:00,102.490000,104.530000,101.850000,104.490000,4,2025-04-10
2025-04-10 04:00:00,104.490000,105.080002,104.400000,104.620000,4,2025-04-10
2025-04-10 08:00:00,104.630000,104.760000,103.980000,104.200000,4,2025-04-10
2025-04-10 12:00:00,104.190000,104.370000,104.070000,104.250000,4,2025-04-10
2025-04-10 16:00:00,104.250000,104.620000,103.720000,103.760000,4,2025-04-10
2025-04-10 20:00:00,103.760000,103.790000,103.019997,103.160000,4,2025-04-11
2025-04-11 00:00:00,103.150000,103.770000,102.850000,103.720000,4,2025-04-11
2025-04-11 04:00:00,103.710000,103.820000,103.270000,103.390000,4,2025-04-11
2025-04-11 08:00:00,103.400000,103.400000,102.650000,103.040001,4,2025-04-11
2025-04-11 12:00:00,103.040001,103.170000,102.320000,102.760000,4,2025-04-11
2025-04-11 16:00:00,102.750000,103.150000,102.250000,102.660000,4,2025-04-11
2025-04-11 20:00:00,102.660000,102.860000,102.550000,102.750000,1,2025-04-11
2025-04-14 08:00:00,103.490000,103.701000,102.650000,102.921000,3,2025-04-14
2025-04-14 12:00:00,102.919000,103.327000,102.891000,102.985000,4,2025-04-14
2025-04-14 16:00:00,102.984000,103.459000,102.748000,103.308000,4,2025-04-14
2025-04-14 20:00:00,103.304000,103.662000,103.168000,103.411000,4,2025-04-15
2025-04-15 00:00:00,103.409000,103.628000,102.720000,103.066002,4,2025-04-15
2025-04-15 04:00:00,103.066002,103.197000,102.918000,102.963000,4,2025-04-15
2025-04-15 08:00:00,102.960000,103.379000,102.897000,103.240000,4,2025-04-15
2025-04-15 12:00:00,103.236000,103.297000,103.039001,103.147000,4,2025-04-15
2025-04-15 16:00:00,103.145000,103.506000,102.920000,103.106000,4,2025-04-15
2025-04-15 20:00:00,103.107000,103.212000,102.445000,103.068001,4,2025-04-16
2025-04-16 00:00:00,103.069000,103.150000,102.384000,102.459000,4,2025-04-16
2025-04-16 04:00:00,102.464000,102.630000,102.399000,102.522000,4,2025-04-16
2025-04-16 08:00:00,102.518000,102.594000,102.309000,102.359000,4,2025-04-16
2025-04-16 12:00:00,102.358000,102.384000,102.030998,102.053001,4,2025-04-16
2025-04-16 16:00:00,102.053001,102.745000,102.016998,102.649000,4,2025-04-16
2025-04-16 20:00:00,102.649000,102.719000,102.258000,102.534000,4,2025-04-17
2025-04-17 00:00:00,102.524000,102.911000,102.395000,102.405000,4,2025-04-17
2025-04-17 04:00:00,102.402000,102.560000,102.085999,102.223000,4,2025-04-17
2025-04-17 08:00:00,102.200000,102.930000,102.185000,102.823000,4,2025-04-17
2025-04-17 12:00:00,102.824000,102.847000,102.592000,102.753000,4,2025-04-17
2025-04-17 16:00:00,102.759000,103.117000,102.704000,102.764000,4,2025-04-17
2025-04-17 20:00:00,102.768000,102.806000,102.479000,102.588000,4,2025-04-18
2025-04-18 00:00:00,102.590000,103.045998,102.374000,103.033997,4,2025-04-18
2025-04-18 04:00:00,103.032997,103.157000,102.780000,102.889000,4,2025-04-18
2025-04-18 08:00:00,102.902000,102.931000,102.631000,102.738000,4,2025-04-18
2025-04-18 12:00:00,102.736000,102.786000,102.608000,102.668000,4,2025-04-18
2025-04-18 16:00:00,102.677000,102.823000,102.626000,102.719000,4,2025-04-18
2025-04-18 20:00:00,102.723000,102.818000,102.677000,102.741000,1,2025-04-18
2025-04-21 08:00:00,102.488000,102.523000,102.014999,102.026001,3,2025-04-21
2025-04-21 12:00:00,102.021004,102.153000,101.850000,101.979000,4,2025-04-21
2025-04-21 16:00:00,101.977000,102.107000,101.829000,101.945000,4,2025-04-21
2025-04-21 20:00:00,101.941000,102.168000,101.874000,102.043999,4,2025-04-22
2025-04-22 00:00:00,102.043999,102.123000,101.585000,101.608000,4,2025-04-22
2025-04-22 04:00:00,101.609000,101.897000,101.514000,101.730000,4,2025-04-22
2025-04-22 08:00:00,101.726000,102.055000,101.634000,101.820000,4,2025-04-22
2025-04-22 12:00:00,101.815000,101.824000,101.389000,101.407000,4,2025-04-22
2025-04-22 16:00:00,101.410000,101.774000,101.358000,101.504000,4,2025-04-22
2025-04-22 20:00:00,101.499000,101.771000,101.245000,101.729000,4,2025-04-23
2025-04-23 00:00:00,101.729000,102.459000,101.619000,102.116000,4,2025-04-23
2025-04-23 04:00:00,102.117000,103.067001,102.111000,103.056000,4,2025-04-23
2025-04-23 08:00:00,103.058998,103.371000,102.467000,102.517000,4,2025-04-23
2025-04-23 12:00:00,102.518000,102.748000,102.482000,102.681000,4,2025-04-23
2025-04-23 16:00:00,102.682000,102.795000,102.406000,102.778000,4,2025-04-23
2025-04-23 20:00:00,102.779000,103.028000,102.370000,103.022003,4,2025-04-24
2025-04-24 00:00:00,103.022003,103.162000,102.517000,103.110000,4,2025-04-24
2025-04-24 04:00:00,103.111000,103.412000,103.002998,103.082001,4,2025-04-24
2025-04-24 08:00:00,103.082001,103.299000,102.887000,102.934000,4,2025-04-24
2025-04-24 12:00:00,102.942000,103.088997,102.788000,102.935000,4,2025-04-24
2025-04-24 16:00:00,102.934000,103.085999,102.870000,102.902000,4,2025-04-24
2025-04-24 20:00:00,102.904000,102.926000,102.627000,102.818000,4,2025-04-25
2025-04-25 00:00:00,102.820000,102.945000,102.555000,102.940000,4,2025-04-25
2025-04-25 04:00:00,102.941000,103.037003,102.842000,103.014999,4,2025-04-25
2025-04-25 08:00:00,103.030998,103.260000,102.948000,103.075996,4,2025-04-25
2025-04-25 12:00:00,103.078003,103.655000,103.019997,103.468000,4,2025-04-25
2025-04-25 16:00:00,103.468000,103.667000,103.147000,103.390000,4,2025-04-25
2025-04-25 20:00:00,103.389000,103.500000,103.152000,103.199000,1,2025-04-25
2025-04-28 08:00:00,103.664000,103.729000,103.314000,103.525000,3,2025-04-28
2025-04-28 12:00:00,103.527000,103.622000,103.346000,103.506000,4,2025-04-28
2025-04-28 16:00:00,103.505000,103.677000,103.357000,103.442000,4,2025-04-28
2025-04-28 20:00:00,103.442000,103.469000,103.290000,103.328000,4,2025-04-29
2025-04-29 00:00:00,103.324000,103.346000,102.591000,102.774000,4,2025-04-29
2025-04-29 04:00:00,102.775000,102.836000,102.632000,102.687000,4,2025-04-29
2025-04-29 08:00:00,102.701000,102.922000,102.655000,102.910000,4,2025-04-29
2025-04-29 12:00:00,102.908000,103.008003,102.641000,102.701000,4,2025-04-29
2025-04-29 16:00:00,102.701000,103.138000,102.684000,103.084999,4,2025-04-29
2025-04-29 20:00:00,103.085999,103.133000,102.633000,102.726000,4,2025-04-30
2025-04-30 00:00:00,102.703000,102.819000,102.483000,102.809000,4,2025-04-30
2025-04-30 04:00:00,102.809000,103.005997,102.709000,102.883000,4,2025-04-30
2025-04-30 08:00:00,102.884000,103.011002,102.788000,102.911000,4,2025-04-30
2025-04-30 12:00:00,102.911000,103.079002,102.819000,103.059998,4,2025-04-30
2025-04-30 16:00:00,103.065002,103.473000,103.040001,103.443000,4,2025-04-30
2025-04-30 20:00:00,103.440000,103.463000,103.050003,103.075996,4,2025-05-01
2025-05-01 00:00:00,103.075996,103.568000,103.028000,103.521000,4,2025-05-01
2025-05-01 04:00:00,103.523000,103.837000,103.488000,103.661000,4,2025-05-01
2025-05-01 08:00:00,103.659000,103.858000,103.589000,103.845000,4,2025-05-01
2025-05-01 12:00:00,103.846000,104.525000,103.723000,104.399000,4,2025-05-01
2025-05-01 16:00:00,104.398000,104.852000,104.342000,104.474000,4,2025-05-01
2025-05-01 20:00:00,104.474000,104.955000,104.369000,104.751000,4,2025-05-02
2025-05-02 00:00:00,104.758000,105.189000,104.754000,105.040001,4,2025-05-02
2025-05-02 04:00:00,105.038002,105.277000,104.845000,104.853000,4,2025-05-02
2025-05-02 08:00:00,104.862000,105.405000,104.854000,105.133000,4,2025-05-02
2025-05-02 12:00:00,105.134000,105.228000,105.028999,105.099998,4,2025-05-02
2025-05-02 16:00:00,105.099998,105.225000,104.600000,104.692000,4,2025-05-02
2025-05-02 20:00:00,104.691000,104.752000,104.618000,104.624000,1,2025-05-02
2025-05-05 08:00:00,104.702000,104.811000,104.458000,104.484000,3,2025-05-05
2025-05-05 12:00:00,104.487000,104.540000,104.380000,104.448000,4,2025-05-05
2025-05-05 16:00:00,104.448000,104.550000,104.221000,104.335000,4,2025-05-05
2025-05-05 20:00:00,104.335000,104.362000,103.920000,104.019997,4,2025-05-06
2025-05-06 00:00:00,104.017998,104.410000,103.916000,104.313000,4,2025-05-06
2025-05-06 04:00:00,104.312000,104.338000,103.870000,103.928000,4,2025-05-06
2025-05-06 08:00:00,103.926000,104.211000,103.861000,104.092003,4,2025-05-06
2025-05-06 12:00:00,104.091003,104.101000,103.869000,104.013000,4,2025-05-06
2025-05-06 16:00:00,104.012001,104.102000,103.438000,103.626000,4,2025-05-06
2025-05-06 20:00:00,103.626000,103.649000,103.244000,103.354000,4,2025-05-07
2025-05-07 00:00:00,103.358000,103.820000,103.304000,103.442000,4,2025-05-07
2025-05-07 04:00:00,103.443000,103.537000,103.317000,103.376000,4,2025-05-07
2025-05-07 08:00:00,103.384000,104.039001,103.356000,103.716000,4,2025-05-07
2025-05-07 12:00:00,103.712000,103.891000,103.672000,103.725000,4,2025-05-07
2025-05-07 16:00:00,103.725000,104.060997,103.586000,103.836000,4,2025-05-07
2025-05-07 20:00:00,103.837000,103.997000,103.767000,103.933000,4,2025-05-08
2025-05-08 00:00:00,103.933000,104.199000,103.781000,103.841000,4,2025-05-08
2025-05-08 04:00:00,103.827000,104.134000,103.570000,103.897000,4,2025-05-08
2025-05-08 08:00:00,103.894000,104.084000,103.819000,103.870000,4,2025-05-08
2025-05-08 12:00:00,103.868000,104.095001,103.803000,103.987000,4,2025-05-08
2025-05-08 16:00:00,103.983000,104.469000,103.918000,104.305000,4,2025-05-08
2025-05-08 20:00:00,104.308000,104.438000,104.061996,104.209000,4,2025-05-09
2025-05-09 00:00:00,104.208000,104.777000,104.107000,104.637000,4,2025-05-09
2025-05-09 04:00:00,104.638000,104.957000,104.596000,104.773000,4,2025-05-09
2025-05-09 08:00:00,104.777000,104.944000,104.542000,104.610000,4,2025-05-09
2025-05-09 12:00:00,104.607000,104.722000,104.494000,104.508000,4,2025-05-09
2025-05-09 16:00:00,104.508000,104.534000,104.246000,104.412000,4,2025-05-09
2025-05-09 20:00:00,104.413000,104.476000,104.361000,104.405000,1,2025-05-09
2025-05-12 08:00:00,104.708000,104.947000,104.628000,104.822000,3,2025-05-12
2025-05-12 12:00:00,104.824000,104.907000,104.545000,104.830000,4,2025-05-12
2025-05-12 16:00:00,104.829000,106.049004,104.807000,105.990000,4,2025-05-12
2025-05-12 20:00:00,105.993000,106.249000,105.655000,105.866000,4,2025-05-13
2025-05-13 00:00:00,105.867000,106.073997,105.696000,106.008003,4,2025-05-13
2025-05-13 04:00:00,106.009003,106.247000,105.952000,106.115000,4,2025-05-13
2025-05-13 08:00:00,106.111000,106.230000,105.682000,105.744000,4,2025-05-13
2025-05-13 12:00:00,105.740000,105.933000,105.717000,105.836000,4,2025-05-13
2025-05-13 16:00:00,105.841000,105.971000,105.655000,105.828000,4,2025-05-13
2025-05-13 20:00:00,105.829000,105.948000,105.461000,105.544000,4,2025-05-14
2025-05-14 00:00:00,105.541000,105.908000,105.520000,105.832000,4,2025-05-14
2025-05-14 04:00:00,105.834000,105.871000,105.741000,105.800000,4,2025-05-14
2025-05-14 08:00:00,105.798000,105.948000,105.533000,105.632000,4,2025-05-14
2025-05-14 12:00:00,105.634000,105.745000,105.447000,105.577000,4,2025-05-14
2025-05-14 16:00:00,105.579000,105.681000,104.721000,104.864000,4,2025-05-14
2025-05-14 20:00:00,104.863000,105.018997,104.478000,104.613000,4,2025-05-15
2025-05-15 00:00:00,104.614000,105.212000,104.581000,104.902000,4,2025-05-15
2025-05-15 04:00:00,104.903000,105.113000,104.883000,104.908000,4,2025-05-15
2025-05-15 08:00:00,104.912000,104.992000,104.593000,104.731000,4,2025-05-15
2025-05-15 12:00:00,104.731000,104.791000,104.416000,104.462000,4,2025-05-15
2025-05-15 16:00:00,104.459000,104.506000,104.136000,104.385000,4,2025-05-15
2025-05-15 20:00:00,104.384000,104.517000,104.109000,104.199000,4,2025-05-16
2025-05-16 00:00:00,104.197000,104.323000,103.929000,104.304000,4,2025-05-16
2025-05-16 04:00:00,104.304000,104.369000,104.218000,104.261000,4,2025-05-16
2025-05-16 08:00:00,104.258000,104.373000,103.887000,104.050003,4,2025-05-16
2025-05-16 12:00:00,104.051003,104.289000,104.008003,104.176000,4,2025-05-16
2025-05-16 16:00:00,104.176000,104.279000,103.879000,104.253000,4,2025-05-16
2025-05-16 20:00:00,104.251000,104.283000,104.178000,104.257000,1,2025-05-16
2025-05-19 08:00:00,104.005997,104.223000,103.735000,103.888000,3,2025-05-19
2025-05-19 12:00:00,103.891000,104.031998,103.857000,103.932000,4,2025-05-19
2025-05-19 16:00:00,103.930000,103.979000,103.681000,103.852000,4,2025-05-19
2025-05-19 20:00:00,103.850000,104.070000,103.741000,103.958000,4,2025-05-20
2025-05-20 00:00:00,103.958000,104.128000,103.840000,103.870000,4,2025-05-20
2025-05-20 04:00:00,103.869000,103.974000,103.742000,103.866000,4,2025-05-20
2025-05-20 08:00:00,103.868000,104.207000,103.680000,103.748000,4,2025-05-20
2025-05-20 12:00:00,103.741000,104.014999,103.392000,103.444000,4,2025-05-20
2025-05-20 16:00:00,103.442000,103.765000,103.387000,103.671000,4,2025-05-20
2025-05-20 20:00:00,103.673000,104.092003,103.564000,104.040001,4,2025-05-21
2025-05-21 00:00:00,104.037003,104.043999,103.614000,103.911000,4,2025-05-21
2025-05-21 04:00:00,103.916000,103.924000,103.695000,103.810000,4,2025-05-21
2025-05-21 08:00:00,103.806000,103.860000,103.611000,103.693000,4,2025-05-21
2025-05-21 12:00:00,103.694000,103.720000,103.345000,103.369000,4,2025-05-21
2025-05-21 16:00:00,103.370000,103.797000,103.346000,103.674000,4,2025-05-21
2025-05-21 20:00:00,103.675000,103.755000,103.401000,103.623000,4,2025-05-22
2025-05-22 00:00:00,103.623000,104.003998,103.524000,103.715000,4,2025-05-22
2025-05-22 04:00:00,103.717000,103.826000,103.539000,103.635000,4,2025-05-22
2025-05-22 08:00:00,103.627000,104.111000,103.352000,103.471000,4,2025-05-22
2025-05-22 12:00:00,103.472000,103.552000,103.341000,103.541000,4,2025-05-22
2025-05-22 16:00:00,103.540000,103.541000,103.106000,103.385000,4,2025-05-22
2025-05-22 20:00:00,103.386000,103.673000,103.285000,103.615000,4,2025-05-23
2025-05-23 00:00:00,103.617000,104.071999,103.511000,104.049004,4,2025-05-23
2025-05-23 04:00:00,104.054001,104.063004,103.786000,103.897000,4,2025-05-23
2025-05-23 08:00:00,103.916000,103.937000,103.736000,103.782000,4,2025-05-23
2025-05-23 12:00:00,103.783000,103.815000,103.658000,103.735000,4,2025-05-23
2025-05-23 16:00:00,103.737000,103.811000,103.633000,103.799000,4,2025-05-23
2025-05-23 20:00:00,103.797000,103.851000,103.769000,103.808000,1,2025-05-23
2025-05-26 08:00:00,103.980000,104.081001,103.856000,103.944000,3,2025-05-26
2025-05-26 12:00:00,103.945000,104.171000,103.859000,104.001999,4,2025-05-26
2025-05-26 16:00:00,103.998000,104.299000,103.964000,104.132000,4,2025-05-26
2025-05-26 20:00:00,104.129000,104.237000,103.997000,104.005997,4,2025-05-27
2025-05-27 00:00:00,103.998000,104.057999,103.881000,103.926000,4,2025-05-27
2025-05-27 04:00:00,103.925000,104.071999,103.875000,103.899000,4,2025-05-27
2025-05-27 08:00:00,103.899000,103.929000,103.521000,103.610000,4,2025-05-27
2025-05-27 12:00:00,103.608000,104.327000,103.513000,104.273000,4,2025-05-27
2025-05-27 16:00:00,104.270000,104.644000,104.101000,104.583000,4,2025-05-27
2025-05-27 20:00:00,104.581000,104.770000,104.544000,104.745000,4,2025-05-28
2025-05-28 00:00:00,104.755000,104.975000,104.684000,104.721000,4,2025-05-28
2025-05-28 04:00:00,104.721000,104.736000,104.306000,104.445000,4,2025-05-28
2025-05-28 08:00:00,104.445000,104.751000,104.209000,104.407000,4,2025-05-28
2025-05-28 12:00:00,104.411000,104.685000,104.311000,104.327000,4,2025-05-28
2025-05-28 16:00:00,104.328000,104.519000,104.185000,104.331000,4,2025-05-28
2025-05-28 20:00:00,104.330000,104.813000,104.279000,104.767000,4,2025-05-29
2025-05-29 00:00:00,104.766000,104.978000,104.550000,104.778000,4,2025-05-29
2025-05-29 04:00:00,104.779000,104.855000,104.602000,104.641000,4,2025-05-29
2025-05-29 08:00:00,104.661000,105.559000,104.631000,105.280000,4,2025-05-29
2025-05-29 12:00:00,105.283000,105.458000,105.170000,105.366000,4,2025-05-29
2025-05-29 16:00:00,105.362000,105.432000,104.898000,105.078003,4,2025-05-29
2025-05-29 20:00:00,105.080002,105.089996,104.452000,104.473000,4,2025-05-30
2025-05-30 00:00:00,104.478000,104.592000,104.294000,104.356000,4,2025-05-30
2025-05-30 04:00:00,104.359000,104.457000,104.294000,104.341000,4,2025-05-30
2025-05-30 08:00:00,104.309000,104.401000,103.881000,104.132000,4,2025-05-30
2025-05-30 12:00:00,104.132000,104.184000,103.978000,104.121000,4,2025-05-30
2025-05-30 16:00:00,104.123000,104.367000,104.032997,104.235000,4,2025-05-30
2025-05-30 20:00:00,104.234000,104.239000,104.070000,104.191000,1,2025-05-30
2025-06-02 08:00:00,104.794000,104.810000,104.519000,104.573000,3,2025-06-02
2025-06-02 12:00:00,104.571000,104.690000,104.442000,104.492000,4,2025-06-02
2025-06-02 16:00:00,104.492000,104.589000,104.248000,104.370000,4,2025-06-02
2025-06-02 20:00:00,104.370000,104.420000,104.029999,104.274000,4,2025-06-03
2025-06-03 00:00:00,104.277000,104.284000,104.030998,104.212000,4,2025-06-03
2025-06-03 04:00:00,104.212000,104.233000,103.978000,103.993000,4,2025-06-03
2025-06-03 08:00:00,103.993000,104.364000,103.828000,104.284000,4,2025-06-03
2025-06-03 12:00:00,104.283000,104.364000,104.018997,104.094002,4,2025-06-03
2025-06-03 16:00:00,104.094002,104.165000,103.848000,104.067001,4,2025-06-03
2025-06-03 20:00:00,104.069000,104.635000,104.025002,104.522000,4,2025-06-04
2025-06-04 00:00:00,104.523000,104.987000,104.516000,104.850000,4,2025-06-04
2025-06-04 04:00:00,104.849000,105.030998,104.794000,104.904000,4,2025-06-04
2025-06-04 08:00:00,104.903000,105.164000,104.793000,104.848000,4,2025-06-04
2025-06-04 12:00:00,104.848000,105.190000,104.830000,105.064003,4,2025-06-04
2025-06-04 16:00:00,105.063004,105.117000,104.816000,105.065002,4,2025-06-04
2025-06-04 20:00:00,105.065002,105.298000,104.700000,104.816000,4,2025-06-05
2025-06-05 00:00:00,104.831000,104.831000,104.391000,104.520000,4,2025-06-05
2025-06-05 04:00:00,104.520000,104.552000,104.307000,104.378000,4,2025-06-05
2025-06-05 08:00:00,104.403000,104.539000,104.243000,104.497000,4,2025-06-05
2025-06-05 12:00:00,104.497000,104.667000,104.373000,104.641000,4,2025-06-05
2025-06-05 16:00:00,104.640000,104.919000,104.591000,104.867000,4,2025-06-05
2025-06-05 20:00:00,104.868000,105.227000,104.591000,104.822000,4,2025-06-06
2025-06-06 00:00:00,104.821000,105.346000,104.798000,105.219000,4,2025-06-06
2025-06-06 04:00:00,105.218000,105.239000,104.792000,104.934000,4,2025-06-06
2025-06-06 08:00:00,104.937000,105.232000,104.896000,105.129000,4,2025-06-06
2025-06-06 12:00:00,105.130000,105.353000,105.095001,105.292000,4,2025-06-06
2025-06-06 16:00:00,105.292000,105.447000,105.212000,105.391000,4,2025-06-06
2025-06-06 20:00:00,105.389000,105.402000,105.301000,105.336000,1,2025-06-06
2025-06-09 08:00:00,105.662000,105.856000,105.580000,105.649000,3,2025-06-09
2025-06-09 12:00:00,105.650000,105.668000,105.474000,105.521000,4,2025-06-09
2025-06-09 16:00:00,105.524000,105.558000,105.268000,105.378000,4,2025-06-09
2025-06-09 20:00:00,105.379000,105.756000,105.327000,105.558000,4,2025-06-10
2025-06-10 00:00:00,105.560000,105.721000,105.442000,105.557000,4,2025-06-10
2025-06-10 04:00:00,105.559000,105.706000,105.374000,105.503000,4,2025-06-10
2025-06-10 08:00:00,105.503000,105.786000,105.421000,105.751000,4,2025-06-10
2025-06-10 12:00:00,105.759000,105.947000,105.337000,105.436000,4,2025-06-10
2025-06-10 16:00:00,105.435000,105.634000,105.321000,105.597000,4,2025-06-10
2025-06-10 20:00:00,105.598000,105.748000,105.489000,105.710000,4,2025-06-11
2025-06-11 00:00:00,105.711000,106.028000,105.694000,105.892000,4,2025-06-11
2025-06-11 04:00:00,105.890000,106.017998,105.785000,105.929000,4,2025-06-11
2025-06-11 08:00:00,105.937000,106.181000,105.824000,106.008003,4,2025-06-11
2025-06-11 12:00:00,106.004997,106.109000,105.869000,105.998000,4,2025-06-11
2025-06-11 16:00:00,105.999000,106.182000,105.904000,106.036003,4,2025-06-11
2025-06-11 20:00:00,106.033997,106.304000,105.720000,106.145000,4,2025-06-12
2025-06-12 00:00:00,106.148000,106.166000,105.684000,105.808000,4,2025-06-12
2025-06-12 04:00:00,105.811000,105.853000,105.576000,105.689000,4,2025-06-12
2025-06-12 08:00:00,105.709000,105.721000,105.192000,105.364000,4,2025-06-12
2025-06-12 12:00:00,105.365000,105.474000,105.252000,105.318000,4,2025-06-12
2025-06-12 16:00:00,105.321000,105.477000,105.180000,105.294000,4,2025-06-12
2025-06-12 20:00:00,105.289000,105.465000,105.112000,105.326000,4,2025-06-13
2025-06-13 00:00:00,105.326000,105.726000,105.324000,105.547000,4,2025-06-13
2025-06-13 04:00:00,105.544000,105.576000,105.383000,105.470000,4,2025-06-13
2025-06-13 08:00:00,105.464000,105.496000,104.786000,105.049004,4,2025-06-13
2025-06-13 12:00:00,105.047997,105.422000,104.896000,105.203000,4,2025-06-13
2025-06-13 16:00:00,105.204000,105.789000,105.135000,105.751000,4,2025-06-13
2025-06-13 20:00:00,105.754000,105.865000,105.677000,105.837000,1,2025-06-13
2025-06-16 08:00:00,106.364000,106.490000,106.068001,106.172000,3,2025-06-16
2025-06-16 12:00:00,106.172000,106.261000,105.991000,106.078003,4,2025-06-16
2025-06-16 16:00:00,106.077003,106.343000,106.002998,106.188000,4,2025-06-16
2025-06-16 20:00:00,106.189000,106.371000,106.070000,106.126000,4,2025-06-17
2025-06-17 00:00:00,106.126000,106.542000,106.015999,106.491000,4,2025-06-17
2025-06-17 04:00:00,106.490000,106.735000,106.470000,106.637000,4,2025-06-17
2025-06-17 08:00:00,106.637000,106.885000,106.513000,106.701000,4,2025-06-17
2025-06-17 12:00:00,106.701000,106.819000,106.393000,106.549000,4,2025-06-17
2025-06-17 16:00:00,106.556000,106.843000,106.429000,106.772000,4,2025-06-17
2025-06-17 20:00:00,106.773000,106.789000,106.448000,106.677000,4,2025-06-18
2025-06-18 00:00:00,106.681000,106.871000,106.510000,106.565000,4,2025-06-18
2025-06-18 04:00:00,106.564000,106.592000,106.063004,106.168000,4,2025-06-18
2025-06-18 08:00:00,106.158000,106.320000,106.133000,106.173000,4,2025-06-18
2025-06-18 12:00:00,106.175000,106.231000,106.054001,106.168000,4,2025-06-18
2025-06-18 16:00:00,106.168000,106.204000,105.995000,106.060997,4,2025-06-18
2025-06-18 20:00:00,106.064003,106.244000,105.869000,106.013000,4,2025-06-19
2025-06-19 00:00:00,106.013000,106.063004,105.623000,105.783000,4,2025-06-19
2025-06-19 04:00:00,105.782000,106.032997,105.664000,105.956000,4,2025-06-19
2025-06-19 08:00:00,105.959000,105.984000,105.604000,105.851000,4,2025-06-19
2025-06-19 12:00:00,105.851000,105.905000,105.747000,105.782000,4,2025-06-19
2025-06-19 16:00:00,105.784000,106.084999,105.771000,106.067001,4,2025-06-19
2025-06-19 20:00:00,106.064003,106.330000,105.882000,105.952000,4,2025-06-20
2025-06-20 00:00:00,105.956000,106.143000,105.863000,106.079002,4,2025-06-20
2025-06-20 04:00:00,106.079002,106.198000,106.015999,106.122000,4,2025-06-20
2025-06-20 08:00:00,106.125000,106.242000,105.982000,106.082001,4,2025-06-20
2025-06-20 12:00:00,106.084000,106.221000,106.019997,106.205000,4,2025-06-20
2025-06-20 16:00:00,106.204000,106.215000,105.995000,106.123000,4,2025-06-20
2025-06-20 20:00:00,106.126000,106.150000,106.082001,106.134000,1,2025-06-20
2025-06-23 08:00:00,106.477000,106.647000,106.328000,106.587000,3,2025-06-23
2025-06-23 12:00:00,106.587000,107.035004,106.384000,106.974000,4,2025-06-23
2025-06-23 16:00:00,106.973000,107.257000,106.859000,107.197000,4,2025-06-23
2025-06-23 20:00:00,107.196000,107.341000,106.894000,107.036003,4,2025-06-24
2025-06-24 00:00:00,107.030998,107.054001,106.220000,106.360000,4,2025-06-24
2025-06-24 04:00:00,106.362000,106.459000,106.274000,106.370000,4,2025-06-24
2025-06-24 08:00:00,106.404000,106.427000,105.987000,106.106000,4,2025-06-24
2025-06-24 12:00:00,106.106000,106.127000,105.881000,105.918000,4,2025-06-24
2025-06-24 16:00:00,105.918000,105.922000,105.635000,105.718000,4,2025-06-24
2025-06-24 20:00:00,105.718000,105.933000,105.639000,105.738000,4,2025-06-25
2025-06-25 00:00:00,105.735000,105.739000,105.446000,105.566000,4,2025-06-25
2025-06-25 04:00:00,105.563000,105.670000,105.398000,105.504000,4,2025-06-25
2025-06-25 08:00:00,105.510000,105.674000,105.395000,105.409000,4,2025-06-25
2025-06-25 12:00:00,105.408000,105.706000,105.359000,105.647000,4,2025-06-25
2025-06-25 16:00:00,105.645000,106.093002,105.613000,106.059998,4,2025-06-25
2025-06-25 20:00:00,106.064003,106.230000,105.997000,106.180000,4,2025-06-26
2025-06-26 00:00:00,106.180000,106.192000,105.797000,105.888000,4,2025-06-26
2025-06-26 04:00:00,105.889000,105.897000,105.708000,105.810000,4,2025-06-26
2025-06-26 08:00:00,105.794000,105.851000,105.464000,105.561000,4,2025-06-26
2025-06-26 12:00:00,105.559000,105.660000,105.403000,105.450000,4,2025-06-26
2025-06-26 16:00:00,105.452000,105.474000,105.019997,105.263000,4,2025-06-26
2025-06-26 20:00:00,105.260000,105.792000,105.210000,105.749000,4,2025-06-27
2025-06-27 00:00:00,105.747000,106.002998,105.729000,105.837000,4,2025-06-27
2025-06-27 04:00:00,105.838000,105.918000,105.720000,105.770000,4,2025-06-27
2025-06-27 08:00:00,105.785000,106.134000,105.781000,105.787000,4,2025-06-27
2025-06-27 12:00:00,105.787000,105.943000,105.723000,105.840000,4,2025-06-27
2025-06-27 16:00:00,105.840000,106.003998,105.721000,105.826000,4,2025-06-27
2025-06-27 20:00:00,105.824000,105.890000,105.778000,105.792000,1,2025-06-27
2025-06-30 08:00:00,105.573000,105.683000,105.366000,105.390000,3,2025-06-30
2025-06-30 12:00:00,105.389000,105.539000,105.213000,105.355000,4,2025-06-30
2025-06-30 16:00:00,105.356000,105.477000,105.252000,105.455000,4,2025-06-30
2025-06-30 20:00:00,105.458000,105.767000,105.401000,105.603000,4,2025-07-01
2025-07-01 00:00:00,105.604000,105.942000,105.527000,105.743000,4,2025-07-01
2025-07-01 04:00:00,105.741000,105.873000,105.658000,105.799000,4,2025-07-01
2025-07-01 08:00:00,105.803000,105.836000,105.410000,105.602000,4,2025-07-01
2025-07-01 12:00:00,105.604000,105.760000,105.502000,105.519000,4,2025-07-01
2025-07-01 16:00:00,105.517000,105.636000,105.060997,105.128000,4,2025-07-01
2025-07-01 20:00:00,105.127000,105.147000,104.843000,104.924000,4,2025-07-02
2025-07-02 00:00:00,104.903000,105.252000,104.890000,105.225000,4,2025-07-02
2025-07-02 04:00:00,105.226000,105.359000,105.052002,105.065002,4,2025-07-02
2025-07-02 08:00:00,105.087997,105.309000,105.045998,105.264000,4,2025-07-02
2025-07-02 12:00:00,105.262000,105.367000,105.109000,105.310000,4,2025-07-02
2025-07-02 16:00:00,105.309000,105.665000,105.236000,105.611000,4,2025-07-02
2025-07-02 20:00:00,105.610000,105.683000,105.230000,105.511000,4,2025-07-03
2025-07-03 00:00:00,105.516000,105.696000,105.413000,105.692000,4,2025-07-03
2025-07-03 04:00:00,105.690000,105.792000,105.589000,105.657000,4,2025-07-03
2025-07-03 08:00:00,105.650000,105.774000,105.575000,105.680000,4,2025-07-03
2025-07-03 12:00:00,105.680000,105.830000,105.653000,105.773000,4,2025-07-03
2025-07-03 16:00:00,105.773000,105.895000,105.693000,105.835000,4,2025-07-03
2025-07-03 20:00:00,105.837000,106.657000,105.763000,106.561000,4,2025-07-04
2025-07-04 00:00:00,106.579000,107.026001,106.564000,106.940000,4,2025-07-04
2025-07-04 04:00:00,106.937000,106.977000,106.612000,106.648000,4,2025-07-04
2025-07-04 08:00:00,106.665000,106.710000,106.482000,106.601000,4,2025-07-04
2025-07-04 12:00:00,106.603000,106.629000,106.294000,106.358000,4,2025-07-04
2025-07-04 16:00:00,106.355000,106.402000,106.138000,106.183000,4,2025-07-04
2025-07-04 20:00:00,106.183000,106.218000,106.134000,106.181000,1,2025-07-04
2025-07-07 08:00:00,106.196000,106.273000,105.942000,106.155000,3,2025-07-07
2025-07-07 12:00:00,106.158000,106.389000,106.122000,106.329000,4,2025-07-07
2025-07-07 16:00:00,106.330000,106.429000,106.114000,106.353000,4,2025-07-07
2025-07-07 20:00:00,106.353000,106.878000,106.334000,106.840000,4,2025-07-08
2025-07-08 00:00:00,106.842000,107.027000,106.703000,106.821000,4,2025-07-08
2025-07-08 04:00:00,106.819000,107.010002,106.682000,106.711000,4,2025-07-08
2025-07-08 08:00:00,106.710000,107.179000,106.637000,107.054001,4,2025-07-08
2025-07-08 12:00:00,107.054001,107.075996,106.861000,106.991000,4,2025-07-08
2025-07-08 16:00:00,106.992000,107.169000,106.959000,107.125000,4,2025-07-08
2025-07-08 20:00:00,107.120000,107.422000,107.098999,107.346000,4,2025-07-09
2025-07-09 00:00:00,107.346000,107.433000,107.165000,107.212000,4,2025-07-09
2025-07-09 04:00:00,107.211000,107.323000,107.129000,107.235000,4,2025-07-09
2025-07-09 08:00:00,107.237000,107.505000,107.215000,107.404000,4,2025-07-09
2025-07-09 12:00:00,107.404000,107.539000,107.372000,107.488000,4,2025-07-09
2025-07-09 16:00:00,107.488000,107.517000,107.069000,107.149000,4,2025-07-09
2025-07-09 20:00:00,107.148000,107.164000,106.949000,107.029999,4,2025-07-10
2025-07-10 00:00:00,107.028999,107.028999,106.822000,106.861000,4,2025-07-10
2025-07-10 04:00:00,106.862000,106.997000,106.797000,106.903000,4,2025-07-10
2025-07-10 08:00:00,106.894000,106.911000,106.552000,106.648000,4,2025-07-10
2025-07-10 12:00:00,106.648000,106.983000,106.612000,106.875000,4,2025-07-10
2025-07-10 16:00:00,106.876000,107.168000,106.855000,106.881000,4,2025-07-10
2025-07-10 20:00:00,106.879000,107.051003,106.800000,107.021004,4,2025-07-11
2025-07-11 00:00:00,107.021004,107.170000,106.959000,106.995000,4,2025-07-11
2025-07-11 04:00:00,106.996000,107.111000,106.915000,107.054001,4,2025-07-11
2025-07-11 08:00:00,107.059998,107.252000,106.568000,107.186000,4,2025-07-11
2025-07-11 12:00:00,107.186000,107.438000,107.163000,107.230000,4,2025-07-11
2025-07-11 16:00:00,107.232000,107.352000,107.121000,107.306000,4,2025-07-11
2025-07-11 20:00:00,107.305000,107.336000,107.190000,107.230000,1,2025-07-11
2025-07-14 08:00:00,107.680000,107.735000,107.323000,107.459000,3,2025-07-14
2025-07-14 12:00:00,107.465000,107.651000,107.415000,107.581000,4,2025-07-14
2025-07-14 16:00:00,107.585000,107.741000,107.485000,107.662000,4,2025-07-14
2025-07-14 20:00:00,107.663000,107.842000,107.573000,107.625000,4,2025-07-15
2025-07-15 00:00:00,107.626000,107.912000,107.581000,107.761000,4,2025-07-15
2025-07-15 04:00:00,107.765000,107.889000,107.729000,107.760000,4,2025-07-15
2025-07-15 08:00:00,107.768000,107.909000,107.705000,107.874000,4,2025-07-15
2025-07-15 12:00:00,107.875000,107.909000,107.693000,107.774000,4,2025-07-15
2025-07-15 16:00:00,107.773000,107.957000,107.762000,107.890000,4,2025-07-15
2025-07-15 20:00:00,107.892000,108.512000,107.855000,108.467000,4,2025-07-16
2025-07-16 00:00:00,108.465000,108.606000,108.423000,108.577000,4,2025-07-16
2025-07-16 04:00:00,108.578000,108.587000,108.433000,108.487000,4,2025-07-16
2025-07-16 08:00:00,108.491000,108.680000,108.406000,108.523000,4,2025-07-16
2025-07-16 12:00:00,108.523000,108.737000,108.486000,108.532000,4,2025-07-16
2025-07-16 16:00:00,108.533000,108.584000,108.319000,108.372000,4,2025-07-16
2025-07-16 20:00:00,108.373000,108.423000,108.212000,108.256000,4,2025-07-17
2025-07-17 00:00:00,108.254000,108.280000,107.223000,107.817000,4,2025-07-17
2025-07-17 04:00:00,107.810000,108.114000,107.780000,107.979000,4,2025-07-17
2025-07-17 08:00:00,107.975000,108.380000,107.950000,108.253000,4,2025-07-17
2025-07-17 12:00:00,108.254000,108.385000,108.158000,108.275000,4,2025-07-17
2025-07-17 16:00:00,108.274000,108.399000,108.037003,108.210000,4,2025-07-17
2025-07-17 20:00:00,108.207000,108.286000,107.907000,108.073997,4,2025-07-18
2025-07-18 00:00:00,108.070000,108.130000,107.914000,108.105000,4,2025-07-18
2025-07-18 04:00:00,108.103000,108.200000,107.987000,108.013000,4,2025-07-18
2025-07-18 08:00:00,108.011002,108.220000,107.908000,108.087997,4,2025-07-18
2025-07-18 12:00:00,108.093002,108.312000,108.008003,108.292000,4,2025-07-18
2025-07-18 16:00:00,108.292000,108.388000,108.177000,108.333000,4,2025-07-18
2025-07-18 20:00:00,108.342000,108.355000,108.182000,108.256000,1,2025-07-18
2025-07-21 08:00:00,108.251000,108.286000,108.013000,108.168000,3,2025-07-21
2025-07-21 12:00:00,108.168000,108.216000,108.056999,108.101000,4,2025-07-21
2025-07-21 16:00:00,108.104000,108.110000,107.659000,107.771000,4,2025-07-21
2025-07-21 20:00:00,107.768000,107.802000,107.524000,107.571000,4,2025-07-22
2025-07-22 00:00:00,107.567000,107.682000,107.421000,107.553000,4,2025-07-22
2025-07-22 04:00:00,107.552000,107.773000,107.539000,107.616000,4,2025-07-22
2025-07-22 08:00:00,107.648000,107.962000,107.616000,107.802000,4,2025-07-22
2025-07-22 12:00:00,107.798000,107.947000,107.708000,107.930000,4,2025-07-22
2025-07-22 16:00:00,107.928000,108.063004,107.774000,107.787000,4,2025-07-22
2025-07-22 20:00:00,107.788000,107.880000,107.182000,107.243000,4,2025-07-23
2025-07-23 00:00:00,107.240000,107.683000,107.172000,107.622000,4,2025-07-23
2025-07-23 04:00:00,107.623000,107.818000,107.599000,107.712000,4,2025-07-23
2025-07-23 08:00:00,107.718000,107.999000,107.524000,107.808000,4,2025-07-23
2025-07-23 12:00:00,107.808000,108.228000,107.669000,108.124000,4,2025-07-23
2025-07-23 16:00:00,108.125000,108.175000,107.811000,107.862000,4,2025-07-23
2025-07-23 20:00:00,107.862000,107.886000,107.571000,107.628000,4,2025-07-24
2025-07-24 00:00:00,107.623000,107.720000,107.373000,107.635000,4,2025-07-24
2025-07-24 04:00:00,107.635000,107.797000,107.569000,107.657000,4,2025-07-24
2025-07-24 08:00:00,107.651000,107.728000,107.208000,107.284000,4,2025-07-24
2025-07-24 12:00:00,107.288000,107.428000,107.233000,107.360000,4,2025-07-24
2025-07-24 16:00:00,107.360000,107.756000,107.339000,107.683000,4,2025-07-24
2025-07-24 20:00:00,107.684000,107.829000,107.510000,107.588000,4,2025-07-25
2025-07-25 00:00:00,107.582000,107.856000,107.471000,107.685000,4,2025-07-25
2025-07-25 04:00:00,107.684000,107.821000,107.620000,107.757000,4,2025-07-25
2025-07-25 08:00:00,107.773000,108.026001,107.695000,107.967000,4,2025-07-25
2025-07-25 12:00:00,107.967000,108.018997,107.542000,107.631000,4,2025-07-25
2025-07-25 16:00:00,107.631000,108.136000,107.574000,108.113000,4,2025-07-25
2025-07-25 20:00:00,108.110000,108.131000,108.016998,108.069000,1,2025-07-25
2025-07-28 08:00:00,107.908000,107.942000,107.741000,107.918000,3,2025-07-28
2025-07-28 12:00:00,107.920000,108.009003,107.804000,107.933000,4,2025-07-28
2025-07-28 16:00:00,107.932000,108.096001,107.803000,108.095001,4,2025-07-28
2025-07-28 20:00:00,108.093002,108.164000,107.853000,108.098999,4,2025-07-29
2025-07-29 00:00:00,108.098999,108.250000,107.995000,108.181000,4,2025-07-29
2025-07-29 04:00:00,108.180000,108.218000,108.044998,108.136000,4,2025-07-29
2025-07-29 08:00:00,108.117000,108.214000,108.055000,108.157000,4,2025-07-29
2025-07-29 12:00:00,108.160000,108.163000,107.882000,107.934000,4,2025-07-29
2025-07-29 16:00:00,107.935000,108.126000,107.848000,108.027000,4,2025-07-29
2025-07-29 20:00:00,108.028000,108.087997,107.863000,107.951000,4,2025-07-30
2025-07-30 00:00:00,107.965000,108.053001,107.675000,107.814000,4,2025-07-30
2025-07-30 04:00:00,107.815000,107.924000,107.703000,107.799000,4,2025-07-30
2025-07-30 08:00:00,107.805000,107.845000,107.503000,107.624000,4,2025-07-30
2025-07-30 12:00:00,107.625000,107.628000,107.405000,107.505000,4,2025-07-30
2025-07-30 16:00:00,107.509000,107.557000,107.320000,107.433000,4,2025-07-30
2025-07-30 20:00:00,107.428000,108.000000,107.378000,107.986000,4,2025-07-31
2025-07-31 00:00:00,107.984000,108.000999,107.722000,107.722000,4,2025-07-31
2025-07-31 04:00:00,107.734000,108.128000,107.612000,108.053001,4,2025-07-31
2025-07-31 08:00:00,108.019997,108.083000,107.723000,107.731000,4,2025-07-31
2025-07-31 12:00:00,107.728000,107.786000,107.467000,107.676000,4,2025-07-31
2025-07-31 16:00:00,107.677000,108.298000,107.611000,108.280000,4,2025-07-31
2025-07-31 20:00:00,108.284000,108.729000,108.213000,108.706000,4,2025-08-01
2025-08-01 00:00:00,108.705000,108.915000,108.637000,108.765000,4,2025-08-01
2025-08-01 04:00:00,108.772000,108.930000,108.733000,108.773000,4,2025-08-01
2025-08-01 08:00:00,108.772000,108.953000,108.647000,108.886000,4,2025-08-01
2025-08-01 12:00:00,108.885000,108.898000,108.561000,108.615000,4,2025-08-01
2025-08-01 16:00:00,108.623000,108.670000,108.396000,108.448000,4,2025-08-01
2025-08-01 20:00:00,108.442000,108.447000,108.342000,108.384000,1,2025-08-01
2025-08-04 08:00:00,106.855000,107.266000,106.784000,107.237000,3,2025-08-04
2025-08-04 12:00:00,107.236000,107.342000,107.115000,107.258000,4,2025-08-04
2025-08-04 16:00:00,107.257000,107.429000,107.116000,107.231000,4,2025-08-04
2025-08-04 20:00:00,107.231000,107.266000,106.767000,106.880000,4,2025-08-05
2025-08-05 00:00:00,106.879000,106.965000,106.658000,106.691000,4,2025-08-05
2025-08-05 04:00:00,106.692000,106.819000,106.583000,106.722000,4,2025-08-05
2025-08-05 08:00:00,106.723000,106.788000,106.512000,106.735000,4,2025-08-05
2025-08-05 12:00:00,106.742000,106.831000,106.621000,106.727000,4,2025-08-05
2025-08-05 16:00:00,106.727000,106.961000,106.666000,106.940000,4,2025-08-05
2025-08-05 20:00:00,106.940000,107.212000,106.894000,107.148000,4,2025-08-06
2025-08-06 00:00:00,107.145000,107.169000,106.873000,107.136000,4,2025-08-06
2025-08-06 04:00:00,107.135000,107.176000,107.042999,107.120000,4,2025-08-06
2025-08-06 08:00:00,107.116000,107.232000,107.060997,107.219000,4,2025-08-06
2025-08-06 12:00:00,107.218000,107.265000,106.980000,107.056000,4,2025-08-06
2025-08-06 16:00:00,107.051003,107.402000,107.000999,107.366000,4,2025-08-06
2025-08-06 20:00:00,107.370000,107.390000,107.089996,107.093002,4,2025-08-07
2025-08-07 00:00:00,107.097000,107.353000,107.067001,107.167000,4,2025-08-07
2025-08-07 04:00:00,107.169000,107.407000,106.970000,107.237000,4,2025-08-07
2025-08-07 08:00:00,107.239000,107.467000,107.074997,107.360000,4,2025-08-07
2025-08-07 12:00:00,107.362000,107.510000,107.200000,107.253000,4,2025-08-07
2025-08-07 16:00:00,107.252000,107.323000,106.859000,107.303000,4,2025-08-07
2025-08-07 20:00:00,107.308000,107.388000,107.035004,107.129000,4,2025-08-08
2025-08-08 00:00:00,107.129000,107.261000,107.023003,107.198000,4,2025-08-08
2025-08-08 04:00:00,107.202000,107.232000,106.893000,106.953000,4,2025-08-08
2025-08-08 08:00:00,106.947000,107.207000,106.845000,107.156000,4,2025-08-08
2025-08-08 12:00:00,107.161000,107.232000,107.059998,107.222000,4,2025-08-08
2025-08-08 16:00:00,107.220000,107.597000,107.102000,107.597000,4,2025-08-08
2025-08-08 20:00:00,107.597000,107.667000,107.531000,107.661000,1,2025-08-08
2025-08-11 08:00:00,107.413000,107.431000,107.281000,107.328000,3,2025-08-11
2025-08-11 12:00:00,107.327000,107.350000,107.219000,107.275000,4,2025-08-11
2025-08-11 16:00:00,107.273000,107.295000,106.985000,107.219000,4,2025-08-11
2025-08-11 20:00:00,107.219000,107.369000,107.159000,107.322000,4,2025-08-12
2025-08-12 00:00:00,107.318000,107.430000,107.264000,107.397000,4,2025-08-12
2025-08-12 04:00:00,107.399000,107.564000,107.367000,107.450000,4,2025-08-12
2025-08-12 08:00:00,107.450000,107.721000,107.435000,107.651000,4,2025-08-12
2025-08-12 12:00:00,107.650000,107.754000,107.572000,107.664000,4,2025-08-12
2025-08-12 16:00:00,107.665000,107.721000,107.490000,107.655000,4,2025-08-12
2025-08-12 20:00:00,107.654000,107.681000,107.341000,107.510000,4,2025-08-13
2025-08-13 00:00:00,107.506000,107.724000,107.246000,107.320000,4,2025-08-13
2025-08-13 04:00:00,107.320000,107.360000,107.181000,107.307000,4,2025-08-13
2025-08-13 08:00:00,107.342000,107.471000,107.193000,107.446000,4,2025-08-13
2025-08-13 12:00:00,107.445000,107.529000,107.326000,107.347000,4,2025-08-13
2025-08-13 16:00:00,107.355000,107.379000,106.935000,107.042999,4,2025-08-13
2025-08-13 20:00:00,107.049004,107.235000,106.951000,106.964000,4,2025-08-14
2025-08-14 00:00:00,106.962000,107.078003,106.839000,107.040001,4,2025-08-14
2025-08-14 04:00:00,107.040001,107.144000,106.971000,107.021004,4,2025-08-14
2025-08-14 08:00:00,107.028999,107.080002,106.476000,106.570000,4,2025-08-14
2025-08-14 12:00:00,106.572000,106.687000,106.346000,106.431000,4,2025-08-14
2025-08-14 16:00:00,106.431000,106.471000,106.242000,106.440000,4,2025-08-14
2025-08-14 20:00:00,106.446000,106.791000,106.227000,106.730000,4,2025-08-15
2025-08-15 00:00:00,106.738000,107.118000,106.732000,107.068001,4,2025-08-15
2025-08-15 04:00:00,107.068001,107.105000,106.893000,106.934000,4,2025-08-15
2025-08-15 08:00:00,106.933000,107.037003,106.591000,106.654000,4,2025-08-15
2025-08-15 12:00:00,106.654000,106.705000,106.521000,106.626000,4,2025-08-15
2025-08-15 16:00:00,106.626000,106.719000,106.378000,106.492000,4,2025-08-15
2025-08-15 20:00:00,106.490000,106.582000,106.433000,106.577000,1,2025-08-15
2025-08-18 08:00:00,106.562000,106.889000,106.539000,106.731000,3,2025-08-18
2025-08-18 12:00:00,106.728000,106.859000,106.701000,106.781000,4,2025-08-18
2025-08-18 16:00:00,106.774000,106.880000,106.604000,106.834000,4,2025-08-18
2025-08-18 20:00:00,106.835000,107.192000,106.800000,107.046997,4,2025-08-19
2025-08-19 00:00:00,107.047997,107.069000,106.881000,107.015999,4,2025-08-19
2025-08-19 04:00:00,107.017998,107.163000,106.958000,107.073997,4,2025-08-19
2025-08-19 08:00:00,107.072998,107.203000,106.864000,106.955000,4,2025-08-19
2025-08-19 12:00:00,106.960000,107.077003,106.877000,106.897000,4,2025-08-19
2025-08-19 16:00:00,106.896000,106.962000,106.804000,106.927000,4,2025-08-19
2025-08-19 20:00:00,106.921000,107.041000,106.644000,106.673000,4,2025-08-20
2025-08-20 00:00:00,106.666000,106.729000,106.366000,106.427000,4,2025-08-20
2025-08-20 04:00:00,106.428000,106.522000,106.328000,106.419000,4,2025-08-20
2025-08-20 08:00:00,106.401000,106.572000,106.258000,106.297000,4,2025-08-20
2025-08-20 12:00:00,106.295000,106.422000,106.241000,106.305000,4,2025-08-20
2025-08-20 16:00:00,106.301000,106.449000,106.061996,106.281000,4,2025-08-20
2025-08-20 20:00:00,106.281000,106.400000,106.033997,106.106000,4,2025-08-21
2025-08-21 00:00:00,106.105000,106.217000,105.935000,106.045998,4,2025-08-21
2025-08-21 04:00:00,106.028999,106.281000,106.010002,106.176000,4,2025-08-21
2025-08-21 08:00:00,106.177000,106.286000,106.133000,106.248000,4,2025-08-21
2025-08-21 12:00:00,106.243000,106.306000,106.122000,106.256000,4,2025-08-21
2025-08-21 16:00:00,106.256000,106.453000,106.177000,106.409000,4,2025-08-21
2025-08-21 20:00:00,106.404000,106.556000,106.205000,106.343000,4,2025-08-22
2025-08-22 00:00:00,106.341000,106.751000,106.332000,106.720000,4,2025-08-22
2025-08-22 04:00:00,106.717000,106.774000,106.533000,106.644000,4,2025-08-22
2025-08-22 08:00:00,106.644000,106.871000,106.595000,106.773000,4,2025-08-22
2025-08-22 12:00:00,106.773000,106.917000,106.714000,106.840000,4,2025-08-22
2025-08-22 16:00:00,106.837000,106.891000,106.644000,106.876000,4,2025-08-22
2025-08-22 20:00:00,106.879000,106.891000,106.774000,106.802000,1,2025-08-22
2025-08-25 08:00:00,106.353000,106.613000,106.319000,106.478000,3,2025-08-25
2025-08-25 12:00:00,106.481000,106.582000,106.392000,106.456000,4,2025-08-25
2025-08-25 16:00:00,106.449000,106.553000,106.373000,106.531000,4,2025-08-25
2025-08-25 20:00:00,106.525000,106.737000,106.484000,106.574000,4,2025-08-26
2025-08-26 00:00:00,106.574000,106.756000,106.532000,106.602000,4,2025-08-26
2025-08-26 04:00:00,106.602000,106.741000,106.509000,106.537000,4,2025-08-26
2025-08-26 08:00:00,106.539000,106.679000,106.176000,106.320000,4,2025-08-26
2025-08-26 12:00:00,106.318000,106.739000,106.304000,106.640000,4,2025-08-26
2025-08-26 16:00:00,106.641000,106.713000,106.409000,106.546000,4,2025-08-26
2025-08-26 20:00:00,106.544000,106.650000,106.404000,106.544000,4,2025-08-27
2025-08-27 00:00:00,106.523000,106.703000,106.378000,106.499000,4,2025-08-27
2025-08-27 04:00:00,106.504000,106.629000,106.403000,106.472000,4,2025-08-27
2025-08-27 08:00:00,106.478000,106.747000,106.464000,106.715000,4,2025-08-27
2025-08-27 12:00:00,106.711000,106.888000,106.697000,106.796000,4,2025-08-27
2025-08-27 16:00:00,106.798000,106.851000,106.685000,106.850000,4,2025-08-27
2025-08-27 20:00:00,106.851000,106.991000,106.789000,106.900000,4,2025-08-28
2025-08-28 00:00:00,106.900000,106.963000,106.754000,106.896000,4,2025-08-28
2025-08-28 04:00:00,106.896000,107.003998,106.773000,106.847000,4,2025-08-28
2025-08-28 08:00:00,106.852000,107.028999,106.778000,106.938000,4,2025-08-28
2025-08-28 12:00:00,106.937000,106.970000,106.666000,106.792000,4,2025-08-28
2025-08-28 16:00:00,106.720000,106.937000,106.676000,106.854000,4,2025-08-28
2025-08-28 20:00:00,106.858000,106.953000,106.647000,106.872000,4,2025-08-29
2025-08-29 00:00:00,106.874000,106.922000,106.678000,106.810000,4,2025-08-29
2025-08-29 04:00:00,106.807000,106.929000,106.738000,106.817000,4,2025-08-29
2025-08-29 08:00:00,106.823000,106.954000,106.740000,106.903000,4,2025-08-29
2025-08-29 12:00:00,106.896000,106.904000,106.761000,106.884000,4,2025-08-29
2025-08-29 16:00:00,106.887000,107.025002,106.851000,106.930000,4,2025-08-29
2025-08-29 20:00:00,106.929000,107.071999,106.914000,107.049004,1,2025-08-29
2025-09-01 08:00:00,107.061996,107.238000,107.035004,107.192000,3,2025-09-01
2025-09-01 12:00:00,107.194000,107.214000,106.911000,106.946000,4,2025-09-01
2025-09-01 16:00:00,106.939000,107.082001,106.794000,107.071999,4,2025-09-01
2025-09-01 20:00:00,107.070999,107.124000,107.010002,107.104000,4,2025-09-02
2025-09-02 00:00:00,107.103000,107.144000,106.982000,107.028000,4,2025-09-02
2025-09-02 04:00:00,107.026001,107.095001,106.963000,107.012001,4,2025-09-02
2025-09-02 08:00:00,107.014000,107.338000,106.928000,107.306000,4,2025-09-02
2025-09-02 12:00:00,107.303000,107.536000,107.277000,107.529000,4,2025-09-02
2025-09-02 16:00:00,107.529000,107.956000,107.505000,107.849000,4,2025-09-02
2025-09-02 20:00:00,107.845000,107.939000,107.555000,107.627000,4,2025-09-03
2025-09-03 00:00:00,107.625000,107.721000,107.280000,107.685000,4,2025-09-03
2025-09-03 04:00:00,107.682000,107.723000,107.570000,107.627000,4,2025-09-03
2025-09-03 08:00:00,107.640000,107.990000,107.578000,107.972000,4,2025-09-03
2025-09-03 12:00:00,107.972000,107.978000,107.634000,107.693000,4,2025-09-03
2025-09-03 16:00:00,107.701000,108.032997,107.565000,107.667000,4,2025-09-03
2025-09-03 20:00:00,107.669000,107.827000,107.605000,107.676000,4,2025-09-04
2025-09-04 00:00:00,107.648000,107.675000,107.218000,107.300000,4,2025-09-04
2025-09-04 04:00:00,107.295000,107.424000,107.199000,107.335000,4,2025-09-04
2025-09-04 08:00:00,107.332000,107.396000,107.140000,107.265000,4,2025-09-04
2025-09-04 12:00:00,107.263000,107.423000,107.239000,107.349000,4,2025-09-04
2025-09-04 16:00:00,107.354000,107.461000,107.233000,107.332000,4,2025-09-04
2025-09-04 20:00:00,107.328000,107.534000,107.162000,107.448000,4,2025-09-05
2025-09-05 00:00:00,107.374000,107.554000,107.281000,107.475000,4,2025-09-05
2025-09-05 04:00:00,107.474000,107.517000,107.335000,107.376000,4,2025-09-05
2025-09-05 08:00:00,107.379000,107.465000,107.241000,107.292000,4,2025-09-05
2025-09-05 12:00:00,107.290000,107.381000,107.238000,107.355000,4,2025-09-05
2025-09-05 16:00:00,107.353000,107.464000,107.313000,107.405000,4,2025-09-05
2025-09-05 20:00:00,107.407000,107.432000,107.355000,107.399000,1,2025-09-05
2025-09-08 08:00:00,107.221000,107.341000,107.063004,107.098000,3,2025-09-08
2025-09-08 12:00:00,107.086998,107.154000,106.969000,107.123000,4,2025-09-08
2025-09-08 16:00:00,107.118000,107.144000,106.738000,106.930000,4,2025-09-08
2025-09-08 20:00:00,106.931000,107.121000,106.858000,106.905000,4,2025-09-09
2025-09-09 00:00:00,106.900000,106.984000,106.703000,106.829000,4,2025-09-09
2025-09-09 04:00:00,106.824000,106.901000,106.677000,106.849000,4,2025-09-09
2025-09-09 08:00:00,106.849000,106.893000,106.610000,106.667000,4,2025-09-09
2025-09-09 12:00:00,106.667000,106.753000,106.426000,106.449000,4,2025-09-09
2025-09-09 16:00:00,106.443000,106.707000,105.987000,106.028999,4,2025-09-09
2025-09-09 20:00:00,106.032997,106.337000,106.017998,106.302000,4,2025-09-10
2025-09-10 00:00:00,106.279000,106.530000,106.109000,106.441000,4,2025-09-10
2025-09-10 04:00:00,106.439000,106.515000,106.328000,106.453000,4,2025-09-10
2025-09-10 08:00:00,106.453000,106.487000,106.324000,106.378000,4,2025-09-10
2025-09-10 12:00:00,106.373000,106.523000,106.277000,106.501000,4,2025-09-10
2025-09-10 16:00:00,106.499000,106.536000,106.373000,106.453000,4,2025-09-10
2025-09-10 20:00:00,106.455000,106.549000,106.188000,106.474000,4,2025-09-11
2025-09-11 00:00:00,106.468000,106.514000,106.222000,106.265000,4,2025-09-11
2025-09-11 04:00:00,106.267000,106.378000,106.234000,106.300000,4,2025-09-11
2025-09-11 08:00:00,106.278000,106.376000,106.237000,106.300000,4,2025-09-11
2025-09-11 12:00:00,106.301000,106.372000,106.245000,106.355000,4,2025-09-11
2025-09-11 16:00:00,106.354000,106.607000,106.319000,106.589000,4,2025-09-11
2025-09-11 20:00:00,106.588000,106.695000,106.288000,106.413000,4,2025-09-12
2025-09-12 00:00:00,106.415000,106.475000,106.180000,106.444000,4,2025-09-12
2025-09-12 04:00:00,106.437000,106.493000,106.283000,106.376000,4,2025-09-12
2025-09-12 08:00:00,106.370000,106.484000,106.321000,106.462000,4,2025-09-12
2025-09-12 12:00:00,106.462000,106.608000,106.435000,106.475000,4,2025-09-12
2025-09-12 16:00:00,106.480000,106.921000,106.423000,106.892000,4,2025-09-12
2025-09-12 20:00:00,106.886000,106.896000,106.743000,106.793000,1,2025-09-12
2025-09-15 08:00:00,106.753000,106.762000,106.552000,106.602000,3,2025-09-15
2025-09-15 12:00:00,106.603000,106.626000,106.484000,106.601000,4,2025-09-15
2025-09-15 16:00:00,106.605000,106.679000,106.490000,106.537000,4,2025-09-15
2025-09-15 20:00:00,106.533000,106.685000,106.441000,106.502000,4,2025-09-16
2025-09-16 00:00:00,106.502000,106.890000,106.458000,106.846000,4,2025-09-16
2025-09-16 04:00:00,106.844000,107.060997,106.824000,106.907000,4,2025-09-16
2025-09-16 08:00:00,106.907000,107.106000,106.884000,106.987000,4,2025-09-16
2025-09-16 12:00:00,106.989000,106.989000,106.691000,106.753000,4,2025-09-16
2025-09-16 16:00:00,106.748000,106.779000,106.559000,106.756000,4,2025-09-16
2025-09-16 20:00:00,106.758000,107.021004,106.726000,106.767000,4,2025-09-17
2025-09-17 00:00:00,106.765000,106.784000,106.455000,106.506000,4,2025-09-17
2025-09-17 04:00:00,106.503000,106.651000,106.413000,106.579000,4,2025-09-17
2025-09-17 08:00:00,106.573000,106.646000,106.423000,106.561000,4,2025-09-17
2025-09-17 12:00:00,106.559000,106.613000,106.447000,106.548000,4,2025-09-17
2025-09-17 16:00:00,106.543000,106.601000,106.348000,106.389000,4,2025-09-17
2025-09-17 20:00:00,106.385000,106.496000,106.249000,106.355000,4,2025-09-18
2025-09-18 00:00:00,106.353000,106.407000,106.219000,106.258000,4,2025-09-18
2025-09-18 04:00:00,106.262000,106.747000,105.966000,106.650000,4,2025-09-18
2025-09-18 08:00:00,106.663000,106.804000,106.559000,106.686000,4,2025-09-18
2025-09-18 12:00:00,106.688000,106.884000,106.627000,106.857000,4,2025-09-18
2025-09-18 16:00:00,106.853000,107.056000,106.705000,106.917000,4,2025-09-18
2025-09-18 20:00:00,106.917000,107.409000,106.890000,107.317000,4,2025-09-19
2025-09-19 00:00:00,107.318000,107.362000,107.087997,107.193000,4,2025-09-19
2025-09-19 04:00:00,107.191000,107.319000,107.124000,107.202000,4,2025-09-19
2025-09-19 08:00:00,107.217000,107.354000,107.187000,107.266000,4,2025-09-19
2025-09-19 12:00:00,107.267000,107.299000,106.727000,106.850000,4,2025-09-19
2025-09-19 16:00:00,106.850000,107.158000,106.791000,107.120000,4,2025-09-19
2025-09-19 20:00:00,107.122000,107.179000,107.066002,107.148000,1,2025-09-19
2025-09-22 08:00:00,107.384000,107.506000,107.347000,107.426000,3,2025-09-22
2025-09-22 12:00:00,107.423000,107.568000,107.392000,107.453000,4,2025-09-22
2025-09-22 16:00:00,107.454000,107.459000,107.017998,107.089996,4,2025-09-22
2025-09-22 20:00:00,107.087997,107.217000,106.994000,107.059998,4,2025-09-23
2025-09-23 00:00:00,107.060997,107.121000,106.803000,106.851000,4,2025-09-23
2025-09-23 04:00:00,106.850000,106.984000,106.811000,106.837000,4,2025-09-23
2025-09-23 08:00:00,106.845000,106.893000,106.742000,106.776000,4,2025-09-23
2025-09-23 12:00:00,106.780000,106.906000,106.761000,106.896000,4,2025-09-23
2025-09-23 16:00:00,106.898000,106.906000,106.643000,106.730000,4,2025-09-23
2025-09-23 20:00:00,106.734000,106.996000,106.716000,106.822000,4,2025-09-24
2025-09-24 00:00:00,106.823000,106.943000,106.558000,106.628000,4,2025-09-24
2025-09-24 04:00:00,106.626000,106.736000,106.519000,106.645000,4,2025-09-24
2025-09-24 08:00:00,106.640000,106.775000,106.548000,106.734000,4,2025-09-24
2025-09-24 12:00:00,106.733000,106.876000,106.707000,106.799000,4,2025-09-24
2025-09-24 16:00:00,106.800000,106.981000,106.788000,106.895000,4,2025-09-24
2025-09-24 20:00:00,106.896000,107.195000,106.888000,107.158000,4,2025-09-25
2025-09-25 00:00:00,107.168000,107.204000,106.936000,106.998000,4,2025-09-25
2025-09-25 04:00:00,106.997000,107.167000,106.973000,107.022003,4,2025-09-25
2025-09-25 08:00:00,107.049004,107.143000,106.918000,107.091003,4,2025-09-25
2025-09-25 12:00:00,107.093002,107.131000,106.975000,107.105000,4,2025-09-25
2025-09-25 16:00:00,107.105000,107.137000,106.940000,107.106000,4,2025-09-25
2025-09-25 20:00:00,107.106000,107.394000,107.022003,107.368000,4,2025-09-26
2025-09-26 00:00:00,107.354000,107.623000,107.307000,107.460000,4,2025-09-26
2025-09-26 04:00:00,107.459000,107.608000,107.362000,107.413000,4,2025-09-26
2025-09-26 08:00:00,107.408000,107.529000,107.344000,107.442000,4,2025-09-26
2025-09-26 12:00:00,107.442000,107.456000,107.313000,107.383000,4,2025-09-26
2025-09-26 16:00:00,107.381000,107.457000,107.302000,107.359000,4,2025-09-26
2025-09-26 20:00:00,107.360000,107.426000,107.302000,107.383000,1,2025-09-26
2025-09-29 08:00:00,107.202000,107.208000,106.986000,107.049004,3,2025-09-29
2025-09-29 12:00:00,107.047997,107.058998,106.836000,106.862000,4,2025-09-29
2025-09-29 16:00:00,106.858000,106.897000,106.652000,106.734000,4,2025-09-29
2025-09-29 20:00:00,106.735000,106.806000,106.576000,106.639000,4,2025-09-30
2025-09-30 00:00:00,106.639000,106.855000,106.585000,106.764000,4,2025-09-30
2025-09-30 04:00:00,106.759000,106.842000,106.704000,106.733000,4,2025-09-30
2025-09-30 08:00:00,106.740000,106.904000,106.707000,106.849000,4,2025-09-30
2025-09-30 12:00:00,106.852000,106.897000,106.504000,106.542000,4,2025-09-30
2025-09-30 16:00:00,106.545000,106.613000,106.247000,106.336000,4,2025-09-30
2025-09-30 20:00:00,106.334000,106.368000,106.253000,106.272000,4,2025-10-01
2025-10-01 00:00:00,106.272000,106.419000,106.056000,106.180000,4,2025-10-01
2025-10-01 04:00:00,106.178000,106.289000,106.150000,106.192000,4,2025-10-01
2025-10-01 08:00:00,106.199000,106.429000,106.172000,106.261000,4,2025-10-01
2025-10-01 12:00:00,106.259000,106.271000,105.968000,106.026001,4,2025-10-01
2025-10-01 16:00:00,106.025002,106.025002,105.560000,105.696000,4,2025-10-01
2025-10-01 20:00:00,105.697000,105.720000,105.242000,105.325000,4,2025-10-02
2025-10-02 00:00:00,105.299000,105.547000,105.261000,105.528000,4,2025-10-02
2025-10-02 04:00:00,105.524000,105.566000,105.456000,105.488000,4,2025-10-02
2025-10-02 08:00:00,105.501000,105.665000,105.435000,105.476000,4,2025-10-02
2025-10-02 12:00:00,105.475000,105.609000,105.419000,105.558000,4,2025-10-02
2025-10-02 16:00:00,105.550000,105.732000,105.165000,105.214000,4,2025-10-02
2025-10-02 20:00:00,105.215000,105.553000,105.168000,105.504000,4,2025-10-03
2025-10-03 00:00:00,105.505000,105.547000,105.337000,105.377000,4,2025-10-03
2025-10-03 04:00:00,105.374000,105.490000,105.344000,105.400000,4,2025-10-03
2025-10-03 08:00:00,105.391000,105.748000,105.326000,105.640000,4,2025-10-03
2025-10-03 12:00:00,105.640000,105.833000,105.632000,105.808000,4,2025-10-03
2025-10-03 16:00:00,105.801000,105.828000,105.473000,105.530000,4,2025-10-03
2025-10-03 20:00:00,105.532000,105.535000,105.438000,105.472000,1,2025-10-03
2025-10-06 08:00:00,106.926000,107.334000,106.871000,107.267000,2,2025-10-06
2025-10-06 12:00:00,107.264000,107.765000,107.153000,107.731000,4,2025-10-06
2025-10-06 16:00:00,107.730000,107.807000,107.486000,107.785000,4,2025-10-06
2025-10-06 20:00:00,107.783000,107.810000,107.270000,107.281000,4,2025-10-07
2025-10-07 00:00:00,107.276000,107.653000,107.232000,107.649000,4,2025-10-07
2025-10-07 04:00:00,107.644000,107.866000,107.559000,107.807000,4,2025-10-07
2025-10-07 08:00:00,107.806000,107.990000,107.707000,107.883000,4,2025-10-07
2025-10-07 12:00:00,107.881000,107.951000,107.742000,107.835000,4,2025-10-07
2025-10-07 16:00:00,107.836000,108.075996,107.813000,108.044998,4,2025-10-07
2025-10-07 20:00:00,108.044998,108.174000,107.986000,108.095001,4,2025-10-08
2025-10-08 00:00:00,108.094002,108.494000,108.004997,108.461000,4,2025-10-08
2025-10-08 04:00:00,108.458000,108.950000,108.395000,108.854000,4,2025-10-08
2025-10-08 08:00:00,108.856000,109.182000,108.763000,109.130000,4,2025-10-08
2025-10-08 12:00:00,109.134000,109.298000,109.061996,109.109000,4,2025-10-08
2025-10-08 16:00:00,109.109000,109.488000,109.000000,109.459000,4,2025-10-08
2025-10-08 20:00:00,109.460000,109.657000,109.350000,109.415000,4,2025-10-09
2025-10-09 00:00:00,109.417000,109.479000,109.279000,109.433000,4,2025-10-09
2025-10-09 04:00:00,109.432000,109.554000,109.362000,109.419000,4,2025-10-09
2025-10-09 08:00:00,109.402000,109.490000,109.261000,109.489000,4,2025-10-09
2025-10-09 12:00:00,109.486000,109.537000,109.302000,109.422000,4,2025-10-09
2025-10-09 16:00:00,109.420000,109.748000,109.400000,109.520000,4,2025-10-09
2025-10-09 20:00:00,109.517000,109.608000,109.311000,109.549000,4,2025-10-10
2025-10-10 00:00:00,109.544000,109.630000,109.087997,109.125000,4,2025-10-10
2025-10-10 04:00:00,109.124000,109.230000,109.052002,109.157000,4,2025-10-10
2025-10-10 08:00:00,109.089996,109.290000,109.086998,109.124000,4,2025-10-10
2025-10-10 12:00:00,109.123000,109.193000,108.871000,108.988000,4,2025-10-10
2025-10-10 16:00:00,108.985000,109.085999,108.644000,108.899000,4,2025-10-10
2025-10-10 20:00:00,108.900000,109.056999,108.867000,108.993000,1,2025-10-10
2025-10-13 08:00:00,108.538000,108.643000,108.386000,108.513000,2,2025-10-13
2025-10-13 12:00:00,108.503000,108.657000,108.488000,108.558000,4,2025-10-13
2025-10-13 16:00:00,108.560000,108.840000,108.414000,108.803000,4,2025-10-13
2025-10-13 20:00:00,108.805000,108.826000,108.521000,108.621000,4,2025-10-14
2025-10-14 00:00:00,108.618000,108.714000,108.476000,108.529000,4,2025-10-14
2025-10-14 04:00:00,108.534000,108.560000,108.439000,108.456000,4,2025-10-14
2025-10-14 08:00:00,108.429000,108.718000,108.410000,108.615000,4,2025-10-14
2025-10-14 12:00:00,108.606000,108.663000,108.053001,108.139000,4,2025-10-14
2025-10-14 16:00:00,108.140000,108.219000,107.908000,108.101000,4,2025-10-14
2025-10-14 20:00:00,108.098999,108.185000,107.900000,108.053001,4,2025-10-15
2025-10-15 00:00:00,108.055000,108.365000,107.951000,108.053001,4,2025-10-15
2025-10-15 04:00:00,108.051003,108.156000,107.955000,108.070000,4,2025-10-15
2025-10-15 08:00:00,108.096001,108.183000,107.858000,107.916000,4,2025-10-15
2025-10-15 12:00:00,107.912000,107.947000,107.557000,107.749000,4,2025-10-15
2025-10-15 16:00:00,107.751000,107.804000,107.547000,107.680000,4,2025-10-15
2025-10-15 20:00:00,107.680000,108.011002,107.673000,107.922000,4,2025-10-16
2025-10-16 00:00:00,107.921000,108.003998,107.635000,107.725000,4,2025-10-16
2025-10-16 04:00:00,107.732000,107.741000,107.482000,107.537000,4,2025-10-16
2025-10-16 08:00:00,107.532000,107.656000,107.183000,107.358000,4,2025-10-16
2025-10-16 12:00:00,107.353000,107.677000,107.295000,107.635000,4,2025-10-16
2025-10-16 16:00:00,107.630000,107.857000,107.535000,107.745000,4,2025-10-16
2025-10-16 20:00:00,107.743000,107.834000,107.458000,107.541000,4,2025-10-17
2025-10-17 00:00:00,107.538000,107.676000,106.923000,107.095001,4,2025-10-17
2025-10-17 04:00:00,107.095001,107.184000,106.865000,107.019997,4,2025-10-17
2025-10-17 08:00:00,107.021004,107.064003,106.796000,106.999000,4,2025-10-17
2025-10-17 12:00:00,107.000999,107.065002,106.714000,106.810000,4,2025-10-17
2025-10-17 16:00:00,106.810000,106.836000,106.226000,106.601000,4,2025-10-17
2025-10-17 20:00:00,106.600000,106.748000,106.543000,106.614000,1,2025-10-17
2025-10-20 08:00:00,107.636000,107.738000,107.552000,107.693000,2,2025-10-20
2025-10-20 12:00:00,107.692000,107.926000,107.402000,107.481000,4,2025-10-20
2025-10-20 16:00:00,107.480000,107.562000,107.285000,107.310000,4,2025-10-20
2025-10-20 20:00:00,107.312000,107.478000,107.079002,107.272000,4,2025-10-21
2025-10-21 00:00:00,107.279000,107.441000,107.120000,107.399000,4,2025-10-21
2025-10-21 04:00:00,107.400000,107.454000,107.308000,107.374000,4,2025-10-21
2025-10-21 08:00:00,107.351000,107.486000,107.242000,107.369000,4,2025-10-21
2025-10-21 12:00:00,107.363000,107.626000,107.244000,107.532000,4,2025-10-21
2025-10-21 16:00:00,107.533000,107.862000,107.374000,107.822000,4,2025-10-21
2025-10-21 20:00:00,107.823000,108.557000,107.816000,108.375000,4,2025-10-22
2025-10-22 00:00:00,108.375000,108.449000,107.862000,108.339000,4,2025-10-22
2025-10-22 04:00:00,108.331000,108.424000,108.261000,108.312000,4,2025-10-22
2025-10-22 08:00:00,108.326000,108.387000,108.171000,108.196000,4,2025-10-22
2025-10-22 12:00:00,108.197000,108.463000,108.125000,108.387000,4,2025-10-22
2025-10-22 16:00:00,108.387000,108.563000,108.239000,108.287000,4,2025-10-22
2025-10-22 20:00:00,108.285000,108.364000,108.131000,108.340000,4,2025-10-23
2025-10-23 00:00:00,108.340000,108.647000,108.276000,108.564000,4,2025-10-23
2025-10-23 04:00:00,108.566000,108.704000,108.332000,108.572000,4,2025-10-23
2025-10-23 08:00:00,108.555000,108.829000,108.480000,108.770000,4,2025-10-23
2025-10-23 12:00:00,108.769000,108.973000,108.742000,108.889000,4,2025-10-23
2025-10-23 16:00:00,108.885000,109.110000,108.795000,109.054001,4,2025-10-23
2025-10-23 20:00:00,109.056000,109.167000,108.957000,109.011002,4,2025-10-24
2025-10-24 00:00:00,109.007004,109.219000,108.965000,109.108000,4,2025-10-24
2025-10-24 04:00:00,109.105000,109.167000,108.989000,109.014999,4,2025-10-24
2025-10-24 08:00:00,109.018997,109.165000,108.988000,109.127000,4,2025-10-24
2025-10-24 12:00:00,109.127000,109.286000,108.930000,109.116000,4,2025-10-24
2025-10-24 16:00:00,109.113000,109.195000,108.992000,109.092003,4,2025-10-24
2025-10-24 20:00:00,109.089996,109.129000,109.015999,109.098999,1,2025-10-24
2025-10-27 08:00:00,109.380000,109.471000,109.260000,109.316000,1,2025-10-27
2025-10-27 12:00:00,109.318000,109.474000,109.192000,109.461000,4,2025-10-27
2025-10-27 16:00:00,109.463000,109.553000,109.296000,109.326000,4,2025-10-27
2025-10-27 20:00:00,109.330000,109.358000,109.144000,109.312000,4,2025-10-28
2025-10-28 00:00:00,109.310000,109.464000,109.246000,109.306000,4,2025-10-28
2025-10-28 04:00:00,109.312000,109.368000,109.165000,109.264000,4,2025-10-28
2025-10-28 08:00:00,109.263000,109.267000,108.973000,109.041000,4,2025-10-28
2025-10-28 12:00:00,109.038002,109.046997,108.596000,108.610000,4,2025-10-28
2025-10-28 16:00:00,108.614000,108.803000,108.433000,108.508000,4,2025-10-28
2025-10-28 20:00:00,108.507000,108.745000,108.464000,108.663000,4,2025-10-29
2025-10-29 00:00:00,108.660000,109.277000,108.654000,109.106000,4,2025-10-29
2025-10-29 04:00:00,109.104000,109.172000,108.990000,109.042999,4,2025-10-29
2025-10-29 08:00:00,109.043999,109.131000,108.712000,108.787000,4,2025-10-29
2025-10-29 12:00:00,108.782000,109.129000,108.720000,109.070000,4,2025-10-29
2025-10-29 16:00:00,109.070000,109.417000,109.045998,109.230000,4,2025-10-29
2025-10-29 20:00:00,109.229000,109.324000,109.111000,109.282000,4,2025-10-30
2025-10-30 00:00:00,109.280000,109.528000,109.014000,109.478000,4,2025-10-30
2025-10-30 04:00:00,109.473000,109.782000,109.417000,109.521000,4,2025-10-30
2025-10-30 08:00:00,109.505000,109.701000,109.404000,109.537000,4,2025-10-30
2025-10-30 12:00:00,109.534000,109.858000,109.195000,109.695000,4,2025-10-30
2025-10-30 16:00:00,109.695000,110.347000,109.587000,110.265000,4,2025-10-30
2025-10-30 20:00:00,110.264000,110.347000,110.123000,110.216000,4,2025-10-31
2025-10-31 00:00:00,110.214000,110.387000,110.082001,110.224000,4,2025-10-31
2025-10-31 04:00:00,110.220000,110.278000,110.097000,110.179000,4,2025-10-31
2025-10-31 08:00:00,110.197000,110.237000,110.021004,110.075996,4,2025-10-31
2025-10-31 12:00:00,110.075996,110.141000,109.879000,110.066002,4,2025-10-31
2025-10-31 16:00:00,110.063004,110.308000,109.946000,110.164000,4,2025-10-31
2025-10-31 20:00:00,110.162000,110.188000,110.014000,110.063004,1,2025-10-31
2025-11-03 08:00:00,110.018997,110.029999,109.941000,109.948000,1,2025-11-03
2025-11-03 12:00:00,109.946000,109.977000,109.873000,109.964000,4,2025-11-03
2025-11-03 16:00:00,109.970000,110.108000,109.796000,109.853000,4,2025-11-03
2025-11-03 20:00:00,109.850000,109.890000,109.711000,109.838000,4,2025-11-04
2025-11-04 00:00:00,109.836000,109.850000,109.408000,109.695000,4,2025-11-04
2025-11-04 04:00:00,109.696000,109.763000,109.628000,109.725000,4,2025-11-04
2025-11-04 08:00:00,109.727000,109.787000,109.639000,109.745000,4,2025-11-04
2025-11-04 12:00:00,109.742000,109.801000,109.375000,109.528000,4,2025-11-04
2025-11-04 16:00:00,109.523000,109.541000,109.031998,109.232000,4,2025-11-04
2025-11-04 20:00:00,109.236000,109.287000,108.938000,109.054001,4,2025-11-05
2025-11-05 00:00:00,109.047997,109.064003,108.861000,109.035004,4,2025-11-05
2025-11-05 04:00:00,109.035004,109.058998,108.888000,108.991000,4,2025-11-05
2025-11-05 08:00:00,108.994000,109.025002,108.639000,108.647000,4,2025-11-05
2025-11-05 12:00:00,108.644000,108.839000,108.363000,108.769000,4,2025-11-05
2025-11-05 16:00:00,108.768000,108.935000,108.670000,108.719000,4,2025-11-05
2025-11-05 20:00:00,108.715000,108.892000,108.605000,108.769000,4,2025-11-06
2025-11-06 00:00:00,108.765000,109.295000,108.749000,109.234000,4,2025-11-06
2025-11-06 04:00:00,109.232000,109.265000,109.093002,109.239000,4,2025-11-06
2025-11-06 08:00:00,109.241000,109.278000,109.055000,109.149000,4,2025-11-06
2025-11-06 12:00:00,109.149000,109.227000,109.022003,109.175000,4,2025-11-06
2025-11-06 16:00:00,109.171000,109.222000,108.904000,108.971000,4,2025-11-06
2025-11-06 20:00:00,108.968000,109.089996,108.940000,108.979000,4,2025-11-07
2025-11-07 00:00:00,108.974000,109.028999,108.240000,108.290000,4,2025-11-07
2025-11-07 04:00:00,108.292000,108.571000,108.173000,108.408000,4,2025-11-07
2025-11-07 08:00:00,108.409000,108.541000,108.295000,108.492000,4,2025-11-07
2025-11-07 12:00:00,108.489000,108.565000,108.305000,108.407000,4,2025-11-07
2025-11-07 16:00:00,108.404000,108.767000,108.385000,108.758000,4,2025-11-07
2025-11-07 20:00:00,108.761000,108.773000,108.595000,108.667000,2,2025-11-07
2025-11-10 08:00:00,109.519000,109.602000,109.221000,109.562000,1,2025-11-10
2025-11-10 12:00:00,109.561000,109.755000,109.554000,109.688000,4,2025-11-10
2025-11-10 16:00:00,109.686000,110.028000,109.674000,110.021004,4,2025-11-10
2025-11-10 20:00:00,110.017998,110.074997,109.908000,109.974000,4,2025-11-11
2025-11-11 00:00:00,109.978000,110.042999,109.678000,109.754000,4,2025-11-11
2025-11-11 04:00:00,109.756000,109.930000,109.705000,109.892000,4,2025-11-11
2025-11-11 08:00:00,109.893000,110.014000,109.843000,110.008003,4,2025-11-11
2025-11-11 12:00:00,110.009003,110.096001,109.873000,109.926000,4,2025-11-11
2025-11-11 16:00:00,109.927000,110.027000,109.790000,110.005997,4,2025-11-11
2025-11-11 20:00:00,110.007004,110.057999,109.886000,109.909000,4,2025-11-12
2025-11-12 00:00:00,109.910000,110.053001,109.672000,109.930000,4,2025-11-12
2025-11-12 04:00:00,109.927000,110.066002,109.906000,110.017998,4,2025-11-12
2025-11-12 08:00:00,110.014999,110.085999,109.843000,110.060997,4,2025-11-12
2025-11-12 12:00:00,110.056999,110.393000,110.035004,110.385000,4,2025-11-12
2025-11-12 16:00:00,110.386000,110.487000,110.280000,110.454000,4,2025-11-12
2025-11-12 20:00:00,110.452000,110.554000,110.395000,110.511000,4,2025-11-13
2025-11-13 00:00:00,110.508000,110.592000,110.408000,110.449000,4,2025-11-13
2025-11-13 04:00:00,110.449000,110.560000,110.354000,110.519000,4,2025-11-13
2025-11-13 08:00:00,110.518000,110.617000,110.394000,110.593000,4,2025-11-13
2025-11-13 12:00:00,110.586000,110.626000,110.392000,110.536000,4,2025-11-13
2025-11-13 16:00:00,110.535000,110.638000,110.454000,110.463000,4,2025-11-13
2025-11-13 20:00:00,110.458000,110.596000,110.337000,110.454000,4,2025-11-14
2025-11-14 00:00:00,110.453000,110.511000,109.989000,110.209000,4,2025-11-14
2025-11-14 04:00:00,110.210000,110.267000,109.942000,110.171000,4,2025-11-14
2025-11-14 08:00:00,110.168000,110.230000,110.029999,110.164000,4,2025-11-14
2025-11-14 12:00:00,110.157000,110.250000,110.063004,110.077003,4,2025-11-14
2025-11-14 16:00:00,110.077003,110.219000,110.018997,110.137000,4,2025-11-14
2025-11-14 20:00:00,110.139000,110.251000,110.133000,110.207000,2,2025-11-14
2025-11-17 08:00:00,110.270000,110.296000,110.074997,110.238000,1,2025-11-17
2025-11-17 12:00:00,110.237000,110.296000,110.114000,110.205000,4,2025-11-17
2025-11-17 16:00:00,110.203000,110.415000,110.160000,110.319000,4,2025-11-17
2025-11-17 20:00:00,110.320000,110.408000,110.268000,110.370000,4,2025-11-18
2025-11-18 00:00:00,110.370000,110.731000,110.274000,110.627000,4,2025-11-18
2025-11-18 04:00:00,110.630000,110.664000,110.374000,110.472000,4,2025-11-18
2025-11-18 08:00:00,110.479000,110.538000,110.371000,110.487000,4,2025-11-18
2025-11-18 12:00:00,110.487000,110.560000,110.128000,110.342000,4,2025-11-18
2025-11-18 16:00:00,110.348000,110.563000,110.205000,110.469000,4,2025-11-18
2025-11-18 20:00:00,110.477000,110.796000,110.429000,110.633000,4,2025-11-19
2025-11-19 00:00:00,110.633000,111.111000,110.604000,111.049004,4,2025-11-19
2025-11-19 04:00:00,111.054001,111.452000,111.040001,111.251000,4,2025-11-19
2025-11-19 08:00:00,111.252000,111.258000,111.068001,111.150000,4,2025-11-19
2025-11-19 12:00:00,111.149000,111.181000,110.888000,110.956000,4,2025-11-19
2025-11-19 16:00:00,110.959000,111.200000,110.912000,111.135000,4,2025-11-19
2025-11-19 20:00:00,111.132000,111.606000,111.086998,111.545000,4,2025-11-20
2025-11-20 00:00:00,111.539000,111.818000,111.366000,111.484000,4,2025-11-20
2025-11-20 04:00:00,111.481000,111.732000,111.442000,111.649000,4,2025-11-20
2025-11-20 08:00:00,111.643000,111.916000,111.641000,111.820000,4,2025-11-20
2025-11-20 12:00:00,111.816000,112.045998,111.760000,112.002998,4,2025-11-20
2025-11-20 16:00:00,112.007004,112.244000,111.735000,111.786000,4,2025-11-20
2025-11-20 20:00:00,111.786000,112.156000,111.749000,112.132000,4,2025-11-21
2025-11-21 00:00:00,112.132000,112.289000,111.682000,111.724000,4,2025-11-21
2025-11-21 04:00:00,111.728000,111.900000,111.535000,111.759000,4,2025-11-21
2025-11-21 08:00:00,111.760000,111.823000,111.538000,111.683000,4,2025-11-21
2025-11-21 12:00:00,111.683000,111.803000,111.487000,111.621000,4,2025-11-21
2025-11-21 16:00:00,111.618000,111.672000,111.037003,111.405000,4,2025-11-21
2025-11-21 20:00:00,111.410000,111.419000,111.011002,111.245000,2,2025-11-21
2025-11-24 08:00:00,111.157000,111.210000,111.099998,111.169000,1,2025-11-24
2025-11-24 12:00:00,111.165000,111.197000,111.031998,111.065002,4,2025-11-24
2025-11-24 16:00:00,111.066002,111.280000,111.028999,111.257000,4,2025-11-24
2025-11-24 20:00:00,111.253000,111.273000,111.007004,111.222000,4,2025-11-25
2025-11-25 00:00:00,111.220000,111.441000,111.057999,111.184070,4,2025-11-25
2025-11-25 04:00:00,111.187870,111.216580,111.096780,111.145370,4,2025-11-25
2025-11-25 08:00:00,111.145590,111.251780,111.048130,111.056130,4,2025-11-25
2025-11-25 12:00:00,111.052850,111.106000,110.966070,111.055040,4,2025-11-25
2025-11-25 16:00:00,111.052060,111.084420,110.802530,110.811630,4,2025-11-25
2025-11-25 20:00:00,110.809830,110.879210,110.642060,110.730580,4,2025-11-26
2025-11-26 00:00:00,110.731370,110.756350,110.448800,110.706350,4,2025-11-26
2025-11-26 04:00:00,110.708590,110.745400,110.487680,110.716990,4,2025-11-26
2025-11-26 08:00:00,110.716170,110.876290,110.623440,110.831510,4,2025-11-26
2025-11-26 12:00:00,110.828040,111.002640,110.582650,110.864980,4,2025-11-26
2025-11-26 16:00:00,110.863280,111.180380,110.852370,111.125420,4,2025-11-26
2025-11-26 20:00:00,111.124340,111.156380,111.019690,111.030430,4,2025-11-27
2025-11-27 00:00:00,111.032870,111.341990,111.024660,111.299670,4,2025-11-27
2025-11-27 04:00:00,111.300820,111.490530,111.267820,111.423080,4,2025-11-27
2025-11-27 08:00:00,111.423070,111.462140,111.025980,111.122340,4,2025-11-27
2025-11-27 12:00:00,111.120320,111.326730,110.965910,111.184610,4,2025-11-27
2025-11-27 16:00:00,111.181120,111.398750,111.057480,111.389100,4,2025-11-27
2025-11-27 20:00:00,111.388020,111.392540,111.252000,111.358510,4,2025-11-28
2025-11-28 00:00:00,111.358670,111.416280,111.259610,111.375040,4,2025-11-28
2025-11-28 04:00:00,111.376540,111.463820,111.374200,111.418800,4,2025-11-28
2025-11-28 08:00:00,111.418820,111.605790,111.342520,111.496810,4,2025-11-28
2025-11-28 12:00:00,111.495330,111.498260,111.288650,111.302440,4,2025-11-28
2025-11-28 16:00:00,111.299280,111.441020,111.299280,111.374250,4,2025-11-28
2025-11-28 20:00:00,111.371460,111.406620,111.251190,111.253900,2,2025-11-28
2025-12-01 08:00:00,111.678680,111.771390,111.398860,111.514740,3,2025-12-01
2025-12-01 12:00:00,111.513130,111.564160,111.148920,111.263390,4,2025-12-01
2025-12-01 16:00:00,111.262330,111.322500,111.063200,111.179410,4,2025-12-01
2025-12-01 20:00:00,111.178420,111.180390,110.883040,110.895870,4,2025-12-02
2025-12-02 00:00:00,110.894180,111.139040,110.829630,111.055540,4,2025-12-02
2025-12-02 04:00:00,111.057560,111.153040,111.035160,111.039320,4,2025-12-02
2025-12-02 08:00:00,111.038430,111.177700,111.018320,111.159040,4,2025-12-02
2025-12-02 12:00:00,111.157990,111.239170,111.122350,111.177840,4,2025-12-02
2025-12-02 16:00:00,111.175160,111.444710,111.175160,111.434370,4,2025-12-02
2025-12-02 20:00:00,111.432910,111.452260,111.261040,111.412210,4,2025-12-03
2025-12-03 00:00:00,111.413490,111.700670,111.310540,111.473690,4,2025-12-03
2025-12-03 04:00:00,111.473540,111.601690,111.460710,111.490960,4,2025-12-03
2025-12-03 08:00:00,111.490530,111.596760,111.412490,111.501480,4,2025-12-03
2025-12-03 12:00:00,111.499280,111.542900,111.421710,111.447630,4,2025-12-03
2025-12-03 16:00:00,111.446260,111.544280,111.328510,111.511640,4,2025-12-03
2025-12-03 20:00:00,111.510580,111.585340,111.424270,111.437170,4,2025-12-04
2025-12-04 00:00:00,111.437100,111.499120,111.160090,111.201190,4,2025-12-04
2025-12-04 04:00:00,111.202580,111.296680,111.179760,111.268200,4,2025-12-04
2025-12-04 08:00:00,111.267300,111.330170,111.096430,111.181950,4,2025-12-04
2025-12-04 12:00:00,111.182720,111.374320,111.145330,111.362910,4,2025-12-04
2025-12-04 16:00:00,111.359200,111.384340,110.867170,110.974930,4,2025-12-04
2025-12-04 20:00:00,110.975180,111.015690,110.600990,110.689520,4,2025-12-05
2025-12-05 00:00:00,110.691820,111.149000,110.688710,111.133000,4,2025-12-05
2025-12-05 04:00:00,111.132000,111.146000,111.029450,111.119810,4,2025-12-05
2025-12-05 08:00:00,111.117550,111.212810,111.055640,111.055640,4,2025-12-05
2025-12-05 12:00:00,111.053820,111.180090,111.001130,111.030720,4,2025-12-05
2025-12-05 16:00:00,111.030920,111.080010,110.724200,111.046070,4,2025-12-05
2025-12-05 20:00:00,111.046920,111.270660,111.043980,111.252500,2,2025-12-05
2025-12-08 08:00:00,112.242690,112.311990,112.154570,112.171060,3,2025-12-08
2025-12-08 12:00:00,112.168880,112.222120,112.051780,112.173680,4,2025-12-08
2025-12-08 16:00:00,112.170530,112.481670,112.170530,112.432090,4,2025-12-08
2025-12-08 20:00:00,112.427850,112.744730,112.427850,112.656610,4,2025-12-09
2025-12-09 00:00:00,112.656860,112.800220,112.539870,112.580440,4,2025-12-09
2025-12-09 04:00:00,112.582890,112.599200,112.376640,112.539070,4,2025-12-09
2025-12-09 08:00:00,112.538880,112.641940,112.491660,112.618440,4,2025-12-09
2025-12-09 12:00:00,112.616130,112.651150,112.462750,112.631420,4,2025-12-09
2025-12-09 16:00:00,112.628940,112.897330,112.575270,112.832920,4,2025-12-09
2025-12-09 20:00:00,112.830990,112.933260,112.687330,112.915820,4,2025-12-10
2025-12-10 00:00:00,112.915980,113.452790,112.886240,113.382650,4,2025-12-10
2025-12-10 04:00:00,113.383220,113.398500,113.190790,113.267210,4,2025-12-10
2025-12-10 08:00:00,113.272120,113.335560,113.181920,113.185220,4,2025-12-10
2025-12-10 12:00:00,113.183440,113.185510,112.999250,113.050020,4,2025-12-10
2025-12-10 16:00:00,113.047060,113.184160,113.023690,113.131180,4,2025-12-10
2025-12-10 20:00:00,113.126700,113.239220,113.113460,113.225250,4,2025-12-11
2025-12-11 00:00:00,113.225680,113.226650,112.830480,113.002820,4,2025-12-11
2025-12-11 04:00:00,113.003330,113.228670,112.959370,113.016630,4,2025-12-11
2025-12-11 08:00:00,113.021230,113.168840,112.838130,112.923420,4,2025-12-11
2025-12-11 12:00:00,112.921610,112.926230,112.672680,112.805200,4,2025-12-11
2025-12-11 16:00:00,112.800990,113.006040,112.800990,112.893770,4,2025-12-11
2025-12-11 20:00:00,112.893390,112.966280,112.688310,112.776600,4,2025-12-12
2025-12-12 00:00:00,112.777140,112.810770,112.488400,112.684810,4,2025-12-12
2025-12-12 04:00:00,112.686620,113.007810,112.646980,112.982180,4,2025-12-12
2025-12-12 08:00:00,112.985970,113.076130,112.852410,113.057200,4,2025-12-12
2025-12-12 12:00:00,113.055330,113.106890,112.961620,113.055760,4,2025-12-12
2025-12-12 16:00:00,113.053250,113.265260,112.981290,113.243430,4,2025-12-12
2025-12-12 20:00:00,113.239150,113.333380,113.196780,113.323280,2,2025-12-12
2025-12-15 08:00:00,113.181760,113.285350,113.102430,113.251970,3,2025-12-15
2025-12-15 12:00:00,113.250130,113.252820,112.731410,112.786810,4,2025-12-15
2025-12-15 16:00:00,112.786730,112.850020,112.578500,112.760260,4,2025-12-15
2025-12-15 20:00:00,112.758830,112.777150,112.493610,112.763850,4,2025-12-16
2025-12-16 00:00:00,112.765040,112.802750,112.491240,112.802750,4,2025-12-16
2025-12-16 04:00:00,112.803910,112.837350,112.690210,112.736460,4,2025-12-16
2025-12-16 08:00:00,112.736260,112.752900,112.392710,112.561370,4,2025-12-16
2025-12-16 12:00:00,112.562960,112.622640,112.358580,112.456920,4,2025-12-16
2025-12-16 16:00:00,112.455870,112.574330,112.364190,112.432060,4,2025-12-16
2025-12-16 20:00:00,112.432290,112.466390,112.349550,112.363240,4,2025-12-17
2025-12-17 00:00:00,112.364850,112.734250,112.310700,112.605270,4,2025-12-17
2025-12-17 04:00:00,112.605970,112.646450,112.470140,112.527910,4,2025-12-17
2025-12-17 08:00:00,112.526700,112.561370,112.310420,112.335500,4,2025-12-17
2025-12-17 12:00:00,112.333990,112.626370,112.280510,112.617480,4,2025-12-17
2025-12-17 16:00:00,112.616670,112.883360,112.571890,112.879480,4,2025-12-17
2025-12-17 20:00:00,112.878020,112.932370,112.753650,112.786300,4,2025-12-18
2025-12-18 00:00:00,112.788480,112.963980,112.750570,112.783900,4,2025-12-18
2025-12-18 04:00:00,112.787580,113.051740,112.782770,112.961460,4,2025-12-18
2025-12-18 08:00:00,112.961060,113.000450,112.770090,112.807310,4,2025-12-18
2025-12-18 12:00:00,112.804170,113.033800,112.804170,113.028480,4,2025-12-18
2025-12-18 16:00:00,113.026460,113.263080,113.008670,113.135160,4,2025-12-18
2025-12-18 20:00:00,113.132880,113.200370,112.939430,112.967310,4,2025-12-19
2025-12-19 00:00:00,112.969010,113.018930,112.743190,113.006510,4,2025-12-19
2025-12-19 04:00:00,113.008120,113.076150,112.843390,112.928190,4,2025-12-19
2025-12-19 08:00:00,112.926920,113.090320,112.851250,113.083180,4,2025-12-19
2025-12-19 12:00:00,113.079400,113.274170,112.912340,113.208380,4,2025-12-19
2025-12-19 16:00:00,113.207740,113.827740,113.033600,113.807310,4,2025-12-19
2025-12-19 20:00:00,113.804940,114.089580,113.771760,114.055820,2,2025-12-19
2025-12-22 08:00:00,114.278070,114.341690,114.103220,114.226940,3,2025-12-22
2025-12-22 12:00:00,114.225270,114.234850,113.966350,114.048210,4,2025-12-22
2025-12-22 16:00:00,114.045370,114.351170,114.015960,114.341690,4,2025-12-22
2025-12-22 20:00:00,114.337270,114.357420,114.267260,114.322290,4,2025-12-23
2025-12-23 00:00:00,114.322510,114.323900,114.078980,114.168920,4,2025-12-23
2025-12-23 04:00:00,114.169820,114.307800,114.076910,114.153420,4,2025-12-23
2025-12-23 08:00:00,114.154110,114.264240,113.958970,113.963910,4,2025-12-23
2025-12-23 12:00:00,113.962040,113.964680,113.562820,113.565240,4,2025-12-23
2025-12-23 16:00:00,113.563910,113.729580,113.501750,113.678870,4,2025-12-23
2025-12-23 20:00:00,113.680850,113.885380,113.534420,113.873070,4,2025-12-24
2025-12-24 00:00:00,113.873430,114.204160,113.873430,114.001110,4,2025-12-24
2025-12-24 04:00:00,114.002790,114.146490,113.964100,114.139820,4,2025-12-24
2025-12-24 08:00:00,114.141620,114.187750,113.949250,114.003440,4,2025-12-24
2025-12-24 12:00:00,114.001620,114.069490,113.755600,113.875670,4,2025-12-24
2025-12-24 16:00:00,113.872070,113.948980,113.803470,113.860900,4,2025-12-24
2025-12-24 20:00:00,113.859670,114.095600,113.849400,114.058580,4,2025-12-25
2025-12-26 00:00:00,114.063340,114.149710,113.897400,114.063790,4,2025-12-26
2025-12-26 04:00:00,114.060780,114.287430,113.810320,113.864140,4,2025-12-26
2025-12-26 08:00:00,113.863110,114.457490,113.750650,114.409910,4,2025-12-26
2025-12-26 12:00:00,114.408510,114.415640,114.053310,114.157400,4,2025-12-26
2025-12-26 16:00:00,114.153590,114.395040,114.112520,114.353540,4,2025-12-26
2025-12-26 20:00:00,114.355220,114.386430,114.279570,114.300330,2,2025-12-26
2025-12-29 08:00:00,114.610990,114.622430,114.153590,114.358400,3,2025-12-29
2025-12-29 12:00:00,114.356530,114.534110,114.320230,114.427030,4,2025-12-29
2025-12-29 16:00:00,114.424370,114.429350,114.027930,114.202380,4,2025-12-29
2025-12-29 20:00:00,114.199560,114.264310,114.106470,114.153190,4,2025-12-30
2025-12-30 00:00:00,114.153140,114.255850,114.002640,114.094320,4,2025-12-30
2025-12-30 04:00:00,114.096440,114.162860,113.946540,113.949090,4,2025-12-30
2025-12-30 08:00:00,113.949060,114.145860,113.938590,114.130510,4,2025-12-30
2025-12-30 12:00:00,114.127620,114.219040,114.044350,114.059060,4,2025-12-30
2025-12-30 16:00:00,114.059960,114.086880,113.851730,113.966590,4,2025-12-30
2025-12-30 20:00:00,113.965640,114.011980,113.788690,113.804270,4,2025-12-31
2025-12-31 00:00:00,113.805960,114.302760,113.804030,114.221910,4,2025-12-31
2025-12-31 04:00:00,114.222290,114.331890,114.198830,114.236410,4,2025-12-31
2025-12-31 08:00:00,114.235000,114.245370,114.114420,114.186900,4,2025-12-31
2025-12-31 12:00:00,114.184510,114.362170,114.182840,114.356710,4,2025-12-31
2025-12-31 16:00:00,114.357010,114.359200,114.172550,114.243860,4,2025-12-31
2025-12-31 20:00:00,114.242970,114.376640,114.225380,114.359870,4,2026-01-01
2026-01-02 00:00:00,114.194940,114.225540,114.139050,114.178770,4,2026-01-02
2026-01-02 04:00:00,114.176690,114.410110,113.786420,114.307330,4,2026-01-02
2026-01-02 08:00:00,114.303700,114.379910,114.148190,114.184060,4,2026-01-02
2026-01-02 12:00:00,114.181190,114.366180,114.177380,114.345420,4,2026-01-02
2026-01-02 16:00:00,114.343550,114.553170,114.334320,114.389090,4,2026-01-02
2026-01-02 20:00:00,114.389020,114.391040,114.270440,114.307020,2,2026-01-02
2026-01-05 08:00:00,114.109110,114.385050,114.051610,114.317940,3,2026-01-05
2026-01-05 12:00:00,114.313970,114.340440,114.131490,114.210770,4,2026-01-05
2026-01-05 16:00:00,114.207640,114.218130,113.768690,113.795890,4,2026-01-05
2026-01-05 20:00:00,113.795950,113.924730,113.648470,113.657040,4,2026-01-06
2026-01-06 00:00:00,113.657420,113.948330,113.588910,113.640230,4,2026-01-06
2026-01-06 04:00:00,113.638470,113.645500,113.446870,113.595920,4,2026-01-06
2026-01-06 08:00:00,113.592910,113.834000,113.517190,113.664500,4,2026-01-06
2026-01-06 12:00:00,113.658560,113.770250,113.509550,113.618730,4,2026-01-06
2026-01-06 16:00:00,113.617830,113.704450,113.534770,113.592500,4,2026-01-06
2026-01-06 20:00:00,113.592540,113.686810,113.494250,113.561930,4,2026-01-07
2026-01-07 00:00:00,113.562130,113.688930,113.493920,113.633740,4,2026-01-07
2026-01-07 04:00:00,113.632350,113.662170,113.414570,113.436490,4,2026-01-07
2026-01-07 08:00:00,113.432460,113.475990,113.263570,113.360930,4,2026-01-07
2026-01-07 12:00:00,113.362150,113.464890,113.267850,113.331680,4,2026-01-07
2026-01-07 16:00:00,113.331520,113.333020,113.119540,113.281530,4,2026-01-07
2026-01-07 20:00:00,113.281480,113.419830,113.227260,113.351260,4,2026-01-08
2026-01-08 00:00:00,113.352400,113.471300,113.298100,113.335780,4,2026-01-08
2026-01-08 04:00:00,113.333990,113.336200,113.153640,113.178340,4,2026-01-08
2026-01-08 08:00:00,113.177920,113.180590,113.029510,113.122400,4,2026-01-08
2026-01-08 12:00:00,113.120820,113.215750,113.003200,113.014600,4,2026-01-08
2026-01-08 16:00:00,113.014940,113.022250,112.740920,112.851290,4,2026-01-08
2026-01-08 20:00:00,112.852280,113.078630,112.829630,113.062760,4,2026-01-09
2026-01-09 00:00:00,113.064430,113.357510,113.040350,113.166700,4,2026-01-09
2026-01-09 04:00:00,113.164880,113.250950,113.010290,113.239020,4,2026-01-09
2026-01-09 08:00:00,113.237090,113.248320,113.093530,113.214370,4,2026-01-09
2026-01-09 12:00:00,113.213340,113.422700,113.204840,113.355140,4,2026-01-09
2026-01-09 16:00:00,113.354630,113.640990,113.354630,113.640990,4,2026-01-09
2026-01-09 20:00:00,113.642740,113.700430,113.629340,113.660490,2,2026-01-09
2026-01-11 20:00:00,113.455720,113.512540,112.858270,113.238900,2,2026-01-12
2026-01-12 00:00:00,113.238520,113.524400,112.851620,113.226240,4,2026-01-12
2026-01-12 04:00:00,113.224180,113.749360,113.175270,113.566570,4,2026-01-12
2026-01-12 08:00:00,113.571090,113.750600,113.416180,113.455540,4,2026-01-12
2026-01-12 12:00:00,113.451800,113.832230,113.438620,113.789130,4,2026-01-12
2026-01-12 16:00:00,113.789610,113.816000,113.693250,113.725380,4,2026-01-12
2026-01-12 20:00:00,113.726540,113.833920,113.678460,113.756350,4,2026-01-13
2026-01-13 00:00:00,113.756270,114.013070,113.701760,113.966030,4,2026-01-13
2026-01-13 04:00:00,113.965170,114.026870,113.903770,113.985430,4,2026-01-13
2026-01-13 08:00:00,113.983090,114.025720,113.827390,113.958580,4,2026-01-13
2026-01-13 12:00:00,113.955680,114.558400,113.955680,114.448250,4,2026-01-13
2026-01-13 16:00:00,114.447840,114.575970,114.403920,114.521300,4,2026-01-13
2026-01-13 20:00:00,114.521380,114.563820,114.388000,114.472430,4,2026-01-14
2026-01-14 00:00:00,114.471650,114.612230,114.411150,114.556160,4,2026-01-14
2026-01-14 04:00:00,114.555090,114.633120,114.390830,114.618070,4,2026-01-14
2026-01-14 08:00:00,114.616200,114.672440,114.524070,114.588180,4,2026-01-14
2026-01-14 12:00:00,114.581770,114.749270,114.577860,114.648330,4,2026-01-14
2026-01-14 16:00:00,114.646550,114.749300,114.368530,114.409550,4,2026-01-14
2026-01-14 20:00:00,114.410070,114.417060,113.959860,114.277620,4,2026-01-15
2026-01-15 00:00:00,114.282590,114.370860,113.921420,113.994800,4,2026-01-15
2026-01-15 04:00:00,113.993840,114.272950,113.987480,114.214490,4,2026-01-15
2026-01-15 08:00:00,114.211050,114.237490,113.961660,114.067010,4,2026-01-15
2026-01-15 12:00:00,114.066530,114.168290,113.935060,114.090040,4,2026-01-15
2026-01-15 16:00:00,114.089300,114.172810,113.962410,114.109130,4,2026-01-15
2026-01-15 20:00:00,114.110860,114.123980,113.849590,114.069820,4,2026-01-16
2026-01-16 00:00:00,114.072220,114.197880,113.980000,114.052100,4,2026-01-16
2026-01-16 04:00:00,114.050710,114.153960,114.015550,114.150150,4,2026-01-16
2026-01-16 08:00:00,114.147590,114.251670,114.104650,114.179720,4,2026-01-16
2026-01-16 12:00:00,114.180160,114.182280,113.769200,113.967540,4,2026-01-16
2026-01-16 16:00:00,113.967230,114.041730,113.720250,113.859810,4,2026-01-16
2026-01-16 20:00:00,113.858950,113.885560,113.783460,113.814280,2,2026-01-16
2026-01-18 20:00:00,113.658590,113.719870,113.649320,113.718080,2,2026-01-19
2026-01-19 00:00:00,113.717550,113.777380,113.597870,113.753450,4,2026-01-19
2026-01-19 04:00:00,113.751330,113.960410,113.362900,113.449680,4,2026-01-19
2026-01-19 08:00:00,113.457470,113.531020,113.298490,113.335790,4,2026-01-19
2026-01-19 12:00:00,113.334770,113.631110,113.322730,113.602720,4,2026-01-19
2026-01-19 16:00:00,113.603090,113.845250,113.568310,113.769760,4,2026-01-19
2026-01-19 20:00:00,113.769450,113.846790,113.664360,113.792840,4,2026-01-20
2026-01-20 00:00:00,113.791620,114.083960,113.695640,114.057530,4,2026-01-20
2026-01-20 04:00:00,114.055680,114.058380,113.959790,114.024680,4,2026-01-20
2026-01-20 08:00:00,114.022910,114.080520,113.835410,113.835410,4,2026-01-20
2026-01-20 12:00:00,113.836080,114.121030,113.794210,114.090590,4,2026-01-20
2026-01-20 16:00:00,114.090710,114.471110,114.050170,114.099980,4,2026-01-20
2026-01-20 20:00:00,114.098580,114.221130,113.940420,114.171730,4,2026-01-21
2026-01-21 00:00:00,114.173010,114.324650,114.023480,114.237410,4,2026-01-21
2026-01-21 04:00:00,114.235730,114.426460,114.168820,114.372140,4,2026-01-21
2026-01-21 08:00:00,114.368590,114.409420,114.243310,114.316990,4,2026-01-21
2026-01-21 12:00:00,114.321710,114.324510,114.157100,114.216870,4,2026-01-21
2026-01-21 16:00:00,114.216970,114.375680,114.069620,114.089780,4,2026-01-21
2026-01-21 20:00:00,114.092020,114.385070,114.089080,114.371300,4,2026-01-22
2026-01-22 00:00:00,114.371210,114.670870,114.352930,114.477970,4,2026-01-22
2026-01-22 04:00:00,114.477140,114.627860,114.356320,114.504290,4,2026-01-22
2026-01-22 08:00:00,114.500810,114.535600,114.355840,114.428920,4,2026-01-22
2026-01-22 12:00:00,114.427220,114.836250,114.421880,114.785510,4,2026-01-22
2026-01-22 16:00:00,114.783900,114.956730,114.753810,114.870210,4,2026-01-22
2026-01-22 20:00:00,114.870640,114.948740,114.680620,114.948740,4,2026-01-23
2026-01-23 00:00:00,114.951860,114.991500,114.654050,114.753930,4,2026-01-23
2026-01-23 04:00:00,114.751770,114.916640,114.665470,114.904920,4,2026-01-23
2026-01-23 08:00:00,114.901390,115.021390,114.858390,114.969710,4,2026-01-23
2026-01-23 12:00:00,114.966030,115.098880,114.936580,114.981570,4,2026-01-23
2026-01-23 16:00:00,114.980910,115.432140,114.247160,114.697310,4,2026-01-23
2026-01-23 20:00:00,114.697750,114.787750,114.530790,114.776610,2,2026-01-23
2026-01-25 20:00:00,113.515210,113.534910,113.513270,113.531730,2,2026-01-26
2026-01-26 00:00:00,113.529960,113.720240,113.528420,113.616670,4,2026-01-26
2026-01-26 04:00:00,113.578090,114.058910,112.505960,112.751660,4,2026-01-26
2026-01-26 08:00:00,112.751830,113.379070,112.588380,113.080460,4,2026-01-26
2026-01-26 12:00:00,113.081480,113.205740,112.474460,112.582560,4,2026-01-26
2026-01-26 16:00:00,112.583900,112.838280,112.147850,112.474900,4,2026-01-26
2026-01-26 20:00:00,112.472980,112.594260,112.081020,112.545080,4,2026-01-27
2026-01-27 00:00:00,112.545690,112.556460,112.184850,112.379330,4,2026-01-27
2026-01-27 04:00:00,112.379190,112.532690,112.202440,112.357210,4,2026-01-27
2026-01-27 08:00:00,112.358200,112.600630,112.352230,112.487740,4,2026-01-27
2026-01-27 12:00:00,112.488130,112.592520,112.395080,112.584260,4,2026-01-27
2026-01-27 16:00:00,112.582910,112.743920,112.409840,112.713400,4,2026-01-27
2026-01-27 20:00:00,112.711670,112.724810,111.969670,112.062370,4,2026-01-28
2026-01-28 00:00:00,112.062960,112.644480,112.022640,112.531140,4,2026-01-28
2026-01-28 04:00:00,112.528100,112.565950,111.974620,112.177650,4,2026-01-28
2026-01-28 08:00:00,112.180650,112.334760,112.007070,112.210110,4,2026-01-28
2026-01-28 12:00:00,112.209210,112.426450,112.196580,112.217390,4,2026-01-28
2026-01-28 16:00:00,112.217500,112.569720,112.217240,112.424930,4,2026-01-28
2026-01-28 20:00:00,112.422960,112.603770,112.385120,112.523100,4,2026-01-29
2026-01-29 00:00:00,112.519670,113.265920,112.485180,113.149670,4,2026-01-29
2026-01-29 04:00:00,113.153930,113.254830,113.065860,113.119260,4,2026-01-29
2026-01-29 08:00:00,113.117960,113.248050,112.907920,113.070160,4,2026-01-29
2026-01-29 12:00:00,113.070200,113.268930,113.001030,113.144780,4,2026-01-29
2026-01-29 16:00:00,113.143190,113.427810,113.110160,113.329510,4,2026-01-29
2026-01-29 20:00:00,113.328950,113.373950,113.134450,113.315890,4,2026-01-30
2026-01-30 00:00:00,113.313250,113.526710,112.636670,113.076820,4,2026-01-30
2026-01-30 04:00:00,113.071110,113.502620,113.054900,113.495820,4,2026-01-30
2026-01-30 08:00:00,113.492550,113.742060,113.321290,113.593450,4,2026-01-30
2026-01-30 12:00:00,113.594260,113.934220,113.540970,113.854220,4,2026-01-30
2026-01-30 16:00:00,113.856730,113.954360,113.660120,113.867920,4,2026-01-30
2026-01-30 20:00:00,113.871100,113.945440,113.771660,113.876400,2,2026-01-30
2026-02-01 20:00:00,113.607990,113.665550,113.604860,113.649780,2,2026-02-02
2026-02-02 00:00:00,113.647480,113.667860,113.480450,113.658810,4,2026-02-02
2026-02-02 04:00:00,113.644510,113.962820,113.363390,113.860260,4,2026-02-02
2026-02-02 08:00:00,113.857310,114.153410,113.679440,113.995710,4,2026-02-02
2026-02-02 12:00:00,113.995920,113.996410,113.417930,113.502010,4,2026-02-02
2026-02-02 16:00:00,113.501090,113.724720,113.118610,113.607810,4,2026-02-02
2026-02-02 20:00:00,113.605670,113.654880,113.432130,113.619880,4,2026-02-03
2026-02-03 00:00:00,113.617720,113.974150,113.570030,113.703830,4,2026-02-03
2026-02-03 04:00:00,113.703300,113.790960,113.613210,113.768030,4,2026-02-03
2026-02-03 08:00:00,113.763830,113.853850,113.647910,113.791940,4,2026-02-03
2026-02-03 12:00:00,113.793120,113.869480,113.639470,113.751950,4,2026-02-03
2026-02-03 16:00:00,113.753740,113.896470,113.700650,113.770140,4,2026-02-03
2026-02-03 20:00:00,113.768770,114.137630,113.738990,114.136020,4,2026-02-04
2026-02-04 00:00:00,114.134110,114.184700,113.995910,114.114520,4,2026-02-04
2026-02-04 04:00:00,114.114190,114.237560,113.965400,114.201020,4,2026-02-04
2026-02-04 08:00:00,114.200230,114.371120,114.147550,114.350850,4,2026-02-04
2026-02-04 12:00:00,114.350790,114.613490,114.350790,114.594030,4,2026-02-04
2026-02-04 16:00:00,114.593830,114.791780,114.581210,114.753880,4,2026-02-04
2026-02-04 20:00:00,114.751510,114.804060,114.672320,114.722490,4,2026-02-05
2026-02-05 00:00:00,114.720660,114.838770,114.432410,114.579840,4,2026-02-05
2026-02-05 04:00:00,114.576590,114.840090,114.460480,114.828270,4,2026-02-05
2026-02-05 08:00:00,114.827170,114.892230,114.708010,114.759220,4,2026-02-05
2026-02-05 12:00:00,114.758290,114.853080,114.507960,114.617960,4,2026-02-05
2026-02-05 16:00:00,114.617560,114.861970,114.595170,114.729520,4,2026-02-05
2026-02-05 20:00:00,114.729200,114.897920,114.622440,114.706730,4,2026-02-06
2026-02-06 00:00:00,114.704500,114.893250,114.482420,114.783170,4,2026-02-06
2026-02-06 04:00:00,114.780620,114.786420,114.603010,114.675090,4,2026-02-06
2026-02-06 08:00:00,114.672810,114.712520,114.131350,114.307560,4,2026-02-06
2026-02-06 12:00:00,114.307430,114.484750,114.188000,114.380900,4,2026-02-06
2026-02-06 16:00:00,114.380230,114.749820,114.337570,114.749820,4,2026-02-06
2026-02-06 20:00:00,114.750610,114.806740,114.639410,114.675150,2,2026-02-06
2026-02-09 08:00:00,115.129000,115.179000,114.724000,114.880000,1,2026-02-09
2026-02-09 12:00:00,114.874000,114.899000,114.407000,114.729000,4,2026-02-09
2026-02-09 16:00:00,114.729000,114.911000,114.523000,114.804000,4,2026-02-09
2026-02-09 20:00:00,114.803000,115.007004,114.693000,114.914000,4,2026-02-10
2026-02-10 00:00:00,114.914000,115.032997,114.472000,115.021004,4,2026-02-10
2026-02-10 04:00:00,115.016998,115.051003,114.804230,114.970530,4,2026-02-10
2026-02-10 08:00:00,114.968800,115.210940,114.810130,115.053220,4,2026-02-10
2026-02-10 12:00:00,115.055860,115.055860,114.485330,114.518650,4,2026-02-10
2026-02-10 16:00:00,114.522120,114.738470,114.420710,114.678060,4,2026-02-10
2026-02-10 20:00:00,114.676330,114.677520,114.310270,114.359490,4,2026-02-11
2026-02-11 00:00:00,114.357560,114.361050,113.891470,114.026230,4,2026-02-11
2026-02-11 04:00:00,114.026320,114.058240,113.821430,113.855320,4,2026-02-11
2026-02-11 08:00:00,113.855170,114.025600,113.705090,113.742880,4,2026-02-11
2026-02-11 12:00:00,113.736690,113.761430,113.318310,113.351780,4,2026-02-11
2026-02-11 16:00:00,113.351330,113.400370,113.055900,113.335130,4,2026-02-11
2026-02-11 20:00:00,113.334420,113.563150,113.278470,113.319600,4,2026-02-12
2026-02-12 00:00:00,113.314420,113.676000,112.338480,112.706150,4,2026-02-12
2026-02-12 04:00:00,112.705870,112.912810,112.531160,112.891990,4,2026-02-12
2026-02-12 08:00:00,112.891350,112.985510,112.771970,112.788760,4,2026-02-12
2026-02-12 12:00:00,112.783750,112.849030,112.249180,112.521300,4,2026-02-12
2026-02-12 16:00:00,112.518480,112.990340,112.518480,112.675770,4,2026-02-12
2026-02-12 20:00:00,112.673970,113.245870,112.616790,113.219550,4,2026-02-13
2026-02-13 00:00:00,113.218590,113.223410,111.793580,112.056800,4,2026-02-13
2026-02-13 04:00:00,112.054230,112.389370,111.990420,112.165030,4,2026-02-13
2026-02-13 08:00:00,112.166660,112.366760,112.154260,112.250000,4,2026-02-13
2026-02-13 12:00:00,112.250510,112.625420,112.250140,112.522980,4,2026-02-13
2026-02-13 16:00:00,112.519680,112.907730,112.405250,112.891980,4,2026-02-13
2026-02-13 20:00:00,112.887550,112.967970,112.701890,112.701890,2,2026-02-13
2026-02-15 20:00:00,112.124560,112.365730,112.123040,112.246890,2,2026-02-16
2026-02-16 00:00:00,112.246730,112.386240,112.153730,112.224290,4,2026-02-16
2026-02-16 04:00:00,112.219440,112.223810,111.850670,112.113180,4,2026-02-16
2026-02-16 08:00:00,112.117090,112.458220,112.049240,112.442240,4,2026-02-16
2026-02-16 12:00:00,112.441950,112.543100,112.354280,112.537390,4,2026-02-16
2026-02-16 16:00:00,112.534990,112.734080,112.472780,112.679230,4,2026-02-16
2026-02-16 20:00:00,112.677530,112.870050,112.537110,112.541910,4,2026-02-17
2026-02-17 00:00:00,112.541730,112.641310,112.451390,112.571630,4,2026-02-17
2026-02-17 04:00:00,112.572300,112.635980,112.523610,112.567380,4,2026-02-17
2026-02-17 08:00:00,112.571030,112.732490,112.296840,112.308280,4,2026-02-17
2026-02-17 12:00:00,112.307670,112.458390,112.155590,112.247630,4,2026-02-17
2026-02-17 16:00:00,112.243570,112.268130,111.940040,111.942370,4,2026-02-17
2026-02-17 20:00:00,111.945040,112.265250,111.892860,112.129860,4,2026-02-18
2026-02-18 00:00:00,112.130070,112.562650,112.027270,112.477920,4,2026-02-18
2026-02-18 04:00:00,112.477840,112.477840,112.338390,112.359550,4,2026-02-18
2026-02-18 08:00:00,112.363940,112.457090,112.232600,112.335530,4,2026-02-18
2026-02-18 12:00:00,112.333690,112.603300,112.322740,112.512690,4,2026-02-18
2026-02-18 16:00:00,112.510330,112.537740,112.362400,112.491730,4,2026-02-18
2026-02-18 20:00:00,112.491930,112.735050,112.467600,112.625240,4,2026-02-19
2026-02-19 00:00:00,112.625930,112.989330,112.567670,112.938610,4,2026-02-19
2026-02-19 04:00:00,112.938910,113.053180,112.895100,113.030900,4,2026-02-19
2026-02-19 08:00:00,113.028830,113.078920,112.883820,112.963240,4,2026-02-19
2026-02-19 12:00:00,112.963400,113.343950,112.962130,113.206870,4,2026-02-19
2026-02-19 16:00:00,113.204570,113.402960,113.113700,113.213020,4,2026-02-19
2026-02-19 20:00:00,113.209330,113.328970,112.867210,113.042830,4,2026-02-20
2026-02-20 00:00:00,113.041180,113.321510,113.002590,113.104290,4,2026-02-20
2026-02-20 04:00:00,113.105040,113.268140,113.076480,113.251050,4,2026-02-20
2026-02-20 08:00:00,113.251260,113.403000,113.163850,113.308060,4,2026-02-20
2026-02-20 12:00:00,113.309110,113.412740,113.191170,113.350090,4,2026-02-20
2026-02-20 16:00:00,113.348530,113.638370,113.204190,113.625190,4,2026-02-20
2026-02-20 20:00:00,113.623360,113.680150,113.339910,113.362550,2,2026-02-20
2026-02-22 20:00:00,113.290570,113.295510,113.289040,113.291530,2,2026-02-23
2026-02-23 00:00:00,113.290570,113.321000,113.273680,113.315510,4,2026-02-23
2026-02-23 04:00:00,113.316060,113.406570,113.080910,113.341630,4,2026-02-23
2026-02-23 08:00:00,113.342860,113.417530,112.815540,112.815800,4,2026-02-23
2026-02-23 12:00:00,112.813750,112.967720,112.744440,112.943950,4,2026-02-23
2026-02-23 16:00:00,112.940710,113.246060,112.884270,113.238630,4,2026-02-23
2026-02-23 20:00:00,113.234930,113.282760,113.098880,113.135720,4,2026-02-24
2026-02-24 00:00:00,113.134700,113.201980,112.744370,112.751800,4,2026-02-24
2026-02-24 04:00:00,112.751120,112.950460,112.691470,112.919800,4,2026-02-24
2026-02-24 08:00:00,112.919270,113.044070,112.841880,113.036770,4,2026-02-24
2026-02-24 12:00:00,113.035320,113.293230,113.004410,113.261620,4,2026-02-24
2026-02-24 16:00:00,113.259390,114.030590,113.113110,113.808010,4,2026-02-24
2026-02-24 20:00:00,113.805860,113.822640,113.584560,113.665580,4,2026-02-25
2026-02-25 00:00:00,113.662260,113.847540,113.514600,113.590140,4,2026-02-25
2026-02-25 04:00:00,113.590390,113.759300,113.576220,113.748190,4,2026-02-25
2026-02-25 08:00:00,113.749330,113.840230,113.672620,113.674120,4,2026-02-25
2026-02-25 12:00:00,113.672190,113.972260,113.556230,113.803690,4,2026-02-25
2026-02-25 16:00:00,113.801660,114.165570,113.698520,114.150620,4,2026-02-25
2026-02-25 20:00:00,114.144190,114.483640,114.132390,114.453610,4,2026-02-26
2026-02-26 00:00:00,114.449910,114.496330,114.196810,114.225720,4,2026-02-26
2026-02-26 04:00:00,114.225920,114.428940,114.193780,114.351660,4,2026-02-26
2026-02-26 08:00:00,114.354160,114.402580,114.093670,114.106720,4,2026-02-26
2026-02-26 12:00:00,114.104920,114.167920,113.999930,114.053040,4,2026-02-26
2026-02-26 16:00:00,114.051160,114.250680,113.964600,114.054680,4,2026-02-26
2026-02-26 20:00:00,114.050330,114.145510,114.000320,114.107580,4,2026-02-27
2026-02-27 00:00:00,114.106550,114.193780,113.745990,114.099700,4,2026-02-27
2026-02-27 04:00:00,114.099680,114.261750,114.082790,114.110400,4,2026-02-27
2026-02-27 08:00:00,114.113920,114.167080,113.826840,113.934710,4,2026-02-27
2026-02-27 12:00:00,113.936720,114.048010,113.817800,113.858520,4,2026-02-27
2026-02-27 16:00:00,113.856340,114.220380,113.848400,114.217780,4,2026-02-27
2026-02-27 20:00:00,114.218000,114.243050,114.044020,114.092890,2,2026-02-27
2026-03-01 20:00:00,114.368710,114.373690,114.124440,114.127410,2,2026-03-02
2026-03-02 00:00:00,114.125990,114.314310,113.907750,114.272990,4,2026-03-02
2026-03-02 04:00:00,114.273110,114.794150,113.918290,114.359120,4,2026-03-02
2026-03-02 08:00:00,114.355790,114.685580,114.134240,114.567290,4,2026-03-02
2026-03-02 12:00:00,114.568170,114.710940,114.446400,114.684890,4,2026-03-02
2026-03-02 16:00:00,114.684260,115.031630,114.683710,114.851850,4,2026-03-02
2026-03-02 20:00:00,114.849560,115.184160,114.830350,115.173640,4,2026-03-03
2026-03-03 00:00:00,115.172420,115.265390,114.822890,114.885480,4,2026-03-03
2026-03-03 04:00:00,114.884100,115.095930,114.781280,115.061910,4,2026-03-03
2026-03-03 08:00:00,115.063310,115.201050,114.964220,115.196100,4,2026-03-03
2026-03-03 12:00:00,115.202070,115.289290,115.030260,115.129530,4,2026-03-03
2026-03-03 16:00:00,115.130310,115.176690,114.941510,115.022090,4,2026-03-03
2026-03-03 20:00:00,115.020460,115.219360,115.007120,115.180870,4,2026-03-04
2026-03-04 00:00:00,115.177680,115.440490,114.735120,115.421400,4,2026-03-04
2026-03-04 04:00:00,115.422010,115.495540,115.279140,115.336960,4,2026-03-04
2026-03-04 08:00:00,115.337500,115.394170,115.136400,115.163230,4,2026-03-04
2026-03-04 12:00:00,115.164470,115.235910,114.860760,114.953310,4,2026-03-04
2026-03-04 16:00:00,114.952560,115.327420,114.902250,115.090090,4,2026-03-04
2026-03-04 20:00:00,115.088720,115.108190,114.887640,115.064280,4,2026-03-05
2026-03-05 00:00:00,115.064100,115.139240,114.802990,114.851650,4,2026-03-05
2026-03-05 04:00:00,114.849670,115.186570,114.793650,115.119710,4,2026-03-05
2026-03-05 08:00:00,115.121910,115.239990,114.830220,114.844970,4,2026-03-05
2026-03-05 12:00:00,114.844560,115.106220,114.757650,115.104790,4,2026-03-05
2026-03-05 16:00:00,115.105290,115.241730,114.946170,115.163570,4,2026-03-05
2026-03-05 20:00:00,115.162770,115.579700,115.040060,115.574030,4,2026-03-06
2026-03-06 00:00:00,115.569090,115.697330,115.019530,115.078370,4,2026-03-06
2026-03-06 04:00:00,115.077930,115.295060,115.012230,115.277060,4,2026-03-06
2026-03-06 08:00:00,115.276950,115.321170,115.114100,115.227140,4,2026-03-06
2026-03-06 12:00:00,115.228250,115.430700,115.226290,115.416150,4,2026-03-06
2026-03-06 16:00:00,115.416320,115.568470,115.387010,115.475330,4,2026-03-06
2026-03-06 20:00:00,115.472920,115.575880,115.432700,115.572230,2,2026-03-06
2026-03-08 20:00:00,116.250390,116.286970,116.248840,116.284410,3,2026-03-09
2026-03-09 00:00:00,116.281900,116.351650,116.261830,116.299220,4,2026-03-09
2026-03-09 04:00:00,116.297330,116.403580,116.034380,116.241870,4,2026-03-09
2026-03-09 08:00:00,116.245300,116.828740,116.156180,116.663410,4,2026-03-09
2026-03-09 12:00:00,116.663850,117.199820,116.635520,117.114520,4,2026-03-09
2026-03-09 16:00:00,117.117070,117.147070,116.804150,116.863570,4,2026-03-09
2026-03-09 20:00:00,116.863510,117.143820,116.717140,116.873980,4,2026-03-10
2026-03-10 00:00:00,116.872000,116.875020,116.384510,116.531590,4,2026-03-10
2026-03-10 04:00:00,116.527400,116.660700,116.003580,116.041540,4,2026-03-10
2026-03-10 08:00:00,116.041250,116.285700,115.926270,115.937600,4,2026-03-10
2026-03-10 12:00:00,115.941130,116.136860,115.890300,116.098140,4,2026-03-10
2026-03-10 16:00:00,116.098530,116.104950,115.851640,116.088600,4,2026-03-10
2026-03-10 20:00:00,116.087000,116.606890,116.069400,116.468890,4,2026-03-11
2026-03-11 00:00:00,116.466230,116.470710,116.090060,116.110780,4,2026-03-11
2026-03-11 04:00:00,116.107510,116.442980,115.957600,116.393860,4,2026-03-11
2026-03-11 08:00:00,116.393850,116.519230,116.304460,116.509200,4,2026-03-11
2026-03-11 12:00:00,116.508670,116.757440,116.497330,116.602700,4,2026-03-11
2026-03-11 16:00:00,116.603290,116.778040,116.384790,116.763670,4,2026-03-11
2026-03-11 20:00:00,116.765450,116.860490,116.606220,116.686560,4,2026-03-12
2026-03-12 00:00:00,116.683440,116.939830,116.589720,116.939830,4,2026-03-12
2026-03-12 04:00:00,116.940160,117.065630,116.892590,116.952810,4,2026-03-12
2026-03-12 08:00:00,116.954780,117.071730,116.874640,116.995690,4,2026-03-12
2026-03-12 12:00:00,116.995940,117.102590,116.928790,117.080410,4,2026-03-12
2026-03-12 16:00:00,117.079890,117.094960,116.851400,116.935800,4,2026-03-12
2026-03-12 20:00:00,116.936760,116.974640,116.672420,116.824260,4,2026-03-13
2026-03-13 00:00:00,116.821300,116.990110,116.774500,116.828310,4,2026-03-13
2026-03-13 04:00:00,116.825330,117.034540,116.811990,116.846960,4,2026-03-13
2026-03-13 08:00:00,116.848570,116.882450,116.713380,116.765040,4,2026-03-13
2026-03-13 12:00:00,116.765300,117.005980,116.741550,116.885950,4,2026-03-13
2026-03-13 16:00:00,116.886660,116.895700,116.606660,116.633560,4,2026-03-13
2026-03-13 20:00:00,116.630220,116.693170,116.572910,116.673310,1,2026-03-13
2026-03-15 20:00:00,116.406630,116.417410,116.372580,116.399320,3,2026-03-16
2026-03-16 00:00:00,116.396710,116.603350,116.231340,116.396330,4,2026-03-16
2026-03-16 04:00:00,116.394650,116.701670,115.877600,116.367340,4,2026-03-16
2026-03-16 08:00:00,116.365960,116.442590,116.172570,116.221240,4,2026-03-16
2026-03-16 12:00:00,116.221020,116.428290,116.208950,116.335890,4,2026-03-16
2026-03-16 16:00:00,116.333840,116.353530,116.053600,116.330400,4,2026-03-16
2026-03-16 20:00:00,116.328240,116.387640,116.116130,116.223710,4,2026-03-17
2026-03-17 00:00:00,116.221990,116.496100,116.211160,116.430760,4,2026-03-17
2026-03-17 04:00:00,116.429360,116.452760,116.209660,116.219070,4,2026-03-17
2026-03-17 08:00:00,116.219680,116.396810,116.187040,116.389520,4,2026-03-17
2026-03-17 12:00:00,116.392800,116.508330,116.365820,116.368160,4,2026-03-17
2026-03-17 16:00:00,116.366640,116.427590,116.192030,116.220760,4,2026-03-17
2026-03-17 20:00:00,116.218040,116.244060,115.979230,116.068210,4,2026-03-18
2026-03-18 00:00:00,116.069120,116.161420,115.886330,116.011120,4,2026-03-18
2026-03-18 04:00:00,116.009900,116.165360,116.007250,116.140540,4,2026-03-18
2026-03-18 08:00:00,116.141600,116.207960,116.007480,116.182640,4,2026-03-18
2026-03-18 12:00:00,116.182780,116.197620,115.892950,115.921530,4,2026-03-18
2026-03-18 16:00:00,115.920110,116.059940,115.712970,116.055870,4,2026-03-18
2026-03-18 20:00:00,116.052610,116.314640,116.044710,116.307620,4,2026-03-19
2026-03-19 00:00:00,116.302480,116.481370,116.222760,116.426090,4,2026-03-19
2026-03-19 04:00:00,116.426020,116.483460,116.276200,116.430770,4,2026-03-19
2026-03-19 08:00:00,116.431260,116.468430,116.318320,116.457340,4,2026-03-19
2026-03-19 12:00:00,116.460860,116.493540,116.259580,116.309010,4,2026-03-19
2026-03-19 16:00:00,116.307280,116.423070,115.769930,115.834560,4,2026-03-19
2026-03-19 20:00:00,115.833150,115.956160,115.714510,115.737080,4,2026-03-20
2026-03-20 00:00:00,115.730190,115.782550,115.229040,115.249640,4,2026-03-20
2026-03-20 04:00:00,115.250550,115.285470,114.711280,114.788520,4,2026-03-20
2026-03-20 08:00:00,114.793480,115.025350,114.738780,114.903320,4,2026-03-20
2026-03-20 12:00:00,114.901910,115.369420,114.874970,115.349930,4,2026-03-20
2026-03-20 16:00:00,115.348090,115.559140,115.276850,115.543670,4,2026-03-20
2026-03-20 20:00:00,115.541600,115.808200,115.528440,115.795590,1,2026-03-20
2026-03-22 20:00:00,116.026960,116.032020,115.869420,115.954000,3,2026-03-23
2026-03-23 00:00:00,115.952370,116.090470,115.948050,116.045840,4,2026-03-23
2026-03-23 04:00:00,116.045820,116.391650,115.884830,116.076290,4,2026-03-23
2026-03-23 08:00:00,116.076760,116.236660,115.947970,116.225880,4,2026-03-23
2026-03-23 12:00:00,116.229680,116.398040,116.174500,116.218000,4,2026-03-23
2026-03-23 16:00:00,116.216600,116.282260,116.053490,116.100100,4,2026-03-23
2026-03-23 20:00:00,116.099700,116.335190,115.539030,115.743440,4,2026-03-24
2026-03-24 00:00:00,115.747930,115.798530,115.477670,115.627270,4,2026-03-24
2026-03-24 04:00:00,115.627800,115.639770,115.197770,115.412820,4,2026-03-24
2026-03-24 08:00:00,115.415660,115.500740,115.301230,115.396770,4,2026-03-24
2026-03-24 12:00:00,115.395610,115.422880,115.296400,115.412980,4,2026-03-24
2026-03-24 16:00:00,115.411450,115.430570,115.265910,115.412240,4,2026-03-24
2026-03-24 20:00:00,115.410550,115.614080,115.376960,115.547010,4,2026-03-25
2026-03-25 00:00:00,115.545570,115.637330,115.334780,115.396740,4,2026-03-25
2026-03-25 04:00:00,115.397740,115.584970,115.241320,115.296520,4,2026-03-25
2026-03-25 08:00:00,115.298540,115.450260,115.227730,115.343170,4,2026-03-25
2026-03-25 12:00:00,115.341460,115.404440,115.258350,115.364550,4,2026-03-25
2026-03-25 16:00:00,115.361050,115.472120,115.145790,115.160680,4,2026-03-25
2026-03-25 20:00:00,115.158130,115.341160,115.118250,115.341160,4,2026-03-26
2026-03-26 00:00:00,115.340240,115.485570,115.240080,115.332900,4,2026-03-26
2026-03-26 04:00:00,115.332490,115.510310,115.311260,115.461230,4,2026-03-26
2026-03-26 08:00:00,115.462720,115.532730,115.309900,115.358690,4,2026-03-26
2026-03-26 12:00:00,115.357380,115.420520,115.317450,115.374430,4,2026-03-26
2026-03-26 16:00:00,115.373220,115.397080,115.245240,115.283170,4,2026-03-26
2026-03-26 20:00:00,115.279820,115.432800,115.239440,115.412100,4,2026-03-27
2026-03-27 00:00:00,115.412710,115.435520,115.175120,115.339940,4,2026-03-27
2026-03-27 04:00:00,115.340500,115.440590,115.064380,115.277970,4,2026-03-27
2026-03-27 08:00:00,115.278760,115.311880,115.064430,115.136190,4,2026-03-27
2026-03-27 12:00:00,115.134080,115.244790,115.093220,115.241050,4,2026-03-27
2026-03-27 16:00:00,115.237750,115.502870,115.192770,115.404080,4,2026-03-27
2026-03-27 20:00:00,115.402300,115.461890,115.359880,115.405110,1,2026-03-27
2026-03-29 20:00:00,115.394030,115.440740,115.211260,115.256950,3,2026-03-30
2026-03-30 00:00:00,115.257340,115.337390,114.932400,115.151730,4,2026-03-30
2026-03-30 04:00:00,115.152450,115.652630,114.965820,115.385860,4,2026-03-30
2026-03-30 08:00:00,115.387980,115.616270,115.112280,115.143940,4,2026-03-30
2026-03-30 12:00:00,115.141720,115.200570,114.956420,115.016660,4,2026-03-30
2026-03-30 16:00:00,115.013690,115.061130,114.704180,114.732330,4,2026-03-30
2026-03-30 20:00:00,114.731830,114.785060,114.424990,114.447130,4,2026-03-31
2026-03-31 00:00:00,114.447440,114.660800,114.400440,114.510130,4,2026-03-31
2026-03-31 04:00:00,114.510370,114.718310,114.504280,114.718310,4,2026-03-31
2026-03-31 08:00:00,114.716690,114.838530,114.666060,114.833100,4,2026-03-31
2026-03-31 12:00:00,114.829500,114.872880,114.578170,114.585230,4,2026-03-31
2026-03-31 16:00:00,114.583200,114.663890,114.473480,114.485730,4,2026-03-31
2026-03-31 20:00:00,114.485780,114.574010,114.316340,114.327100,4,2026-04-01
2026-04-01 00:00:00,114.327230,114.378230,113.841900,114.053650,4,2026-04-01
2026-04-01 04:00:00,114.053720,114.128330,113.950830,114.070640,4,2026-04-01
2026-04-01 08:00:00,114.067730,114.266950,114.000640,114.246250,4,2026-04-01
2026-04-01 12:00:00,114.242150,114.334260,114.065930,114.176160,4,2026-04-01
2026-04-01 16:00:00,114.177300,114.255670,113.875050,114.165690,4,2026-04-01
2026-04-01 20:00:00,114.165360,114.308760,113.961580,114.083820,4,2026-04-02
2026-04-02 00:00:00,114.084820,114.341930,114.064730,114.271180,4,2026-04-02
2026-04-02 04:00:00,114.270480,114.497240,114.201800,114.451010,4,2026-04-02
2026-04-02 08:00:00,114.448510,114.522630,114.273010,114.363710,4,2026-04-02
2026-04-02 12:00:00,114.357660,114.729110,114.326650,114.535300,4,2026-04-02
2026-04-02 16:00:00,114.532790,114.818190,114.492150,114.708280,4,2026-04-02
2026-04-02 20:00:00,114.708400,114.792110,114.605280,114.684730,4,2026-04-03
2026-04-03 00:00:00,114.686720,114.710600,114.391280,114.635810,4,2026-04-03
2026-04-03 04:00:00,114.636120,114.737050,114.625430,114.648170,4,2026-04-03
2026-04-03 08:00:00,114.646320,114.677420,114.545110,114.638620,4,2026-04-03
2026-04-03 12:00:00,114.635130,114.697460,114.572230,114.635980,4,2026-04-03
2026-04-03 16:00:00,114.635450,114.697140,114.615100,114.645950,4,2026-04-03
2026-04-03 20:00:00,114.646580,114.672880,114.632930,114.648710,1,2026-04-03
2026-04-05 20:00:00,114.475320,114.482670,114.419890,114.437420,3,2026-04-06
2026-04-06 00:00:00,114.437640,114.591290,114.375240,114.477260,4,2026-04-06
2026-04-06 04:00:00,114.475760,114.668050,114.115500,114.571470,4,2026-04-06
2026-04-06 08:00:00,114.576590,114.613350,114.447960,114.503960,4,2026-04-06
2026-04-06 12:00:00,114.502870,114.525950,114.435410,114.477500,4,2026-04-06
2026-04-06 16:00:00,114.477690,114.641160,114.441050,114.536910,4,2026-04-06
2026-04-06 20:00:00,114.536890,114.694540,114.493290,114.679880,4,2026-04-07
2026-04-07 00:00:00,114.678340,114.826620,114.593210,114.791000,4,2026-04-07
2026-04-07 04:00:00,114.790340,114.827550,114.701810,114.809930,4,2026-04-07
2026-04-07 08:00:00,114.809550,114.850380,114.736440,114.808050,4,2026-04-07
2026-04-07 12:00:00,114.805120,114.840090,114.758920,114.783940,4,2026-04-07
2026-04-07 16:00:00,114.783040,114.849620,114.587780,114.693750,4,2026-04-07
2026-04-07 20:00:00,114.693480,114.928500,114.674540,114.893670,4,2026-04-08
2026-04-08 00:00:00,114.893940,115.076110,114.873940,114.947270,4,2026-04-08
2026-04-08 04:00:00,114.945390,114.976300,114.833830,114.871180,4,2026-04-08
2026-04-08 08:00:00,114.867470,114.893180,114.428730,114.450770,4,2026-04-08
2026-04-08 12:00:00,114.450410,114.569660,114.389150,114.422880,4,2026-04-08
2026-04-08 16:00:00,114.423020,114.441770,114.163330,114.259180,4,2026-04-08
2026-04-08 20:00:00,114.258940,114.282780,114.027920,114.223740,4,2026-04-09
2026-04-09 00:00:00,114.224010,114.490480,114.165340,114.486690,4,2026-04-09
2026-04-09 04:00:00,114.484850,114.603860,114.402150,114.518170,4,2026-04-09
2026-04-09 08:00:00,114.516550,114.708960,114.490700,114.651240,4,2026-04-09
2026-04-09 12:00:00,114.648210,114.688550,114.577320,114.678350,4,2026-04-09
2026-04-09 16:00:00,114.678050,114.831470,114.603360,114.742430,4,2026-04-09
2026-04-09 20:00:00,114.742830,115.068340,114.727980,115.049920,4,2026-04-10
2026-04-10 00:00:00,115.049870,115.221730,114.854320,114.940450,4,2026-04-10
2026-04-10 04:00:00,114.939160,115.185580,114.934320,115.090920,4,2026-04-10
2026-04-10 08:00:00,115.088130,115.183550,115.075180,115.091850,4,2026-04-10
2026-04-10 12:00:00,115.092210,115.195020,115.061810,115.183390,4,2026-04-10
2026-04-10 16:00:00,115.182790,115.232550,115.061970,115.107990,4,2026-04-10
2026-04-10 20:00:00,115.107830,115.116130,115.043820,115.045620,1,2026-04-10
2026-04-12 20:00:00,115.055340,115.072630,115.002230,115.054710,3,2026-04-13
2026-04-13 00:00:00,115.055020,115.265370,114.979840,115.079050,4,2026-04-13
2026-04-13 04:00:00,115.075560,115.337370,114.722190,115.145410,4,2026-04-13
2026-04-13 08:00:00,115.146760,115.274700,115.078350,115.192220,4,2026-04-13
2026-04-13 12:00:00,115.190330,115.272990,115.178210,115.199370,4,2026-04-13
2026-04-13 16:00:00,115.198660,115.393070,115.162650,115.377550,4,2026-04-13
2026-04-13 20:00:00,115.378350,115.508160,115.342850,115.361830,4,2026-04-14
2026-04-14 00:00:00,115.360780,115.680180,115.347960,115.541060,4,2026-04-14
2026-04-14 04:00:00,115.539840,115.646880,115.477090,115.559740,4,2026-04-14
2026-04-14 08:00:00,115.557500,115.621900,115.391440,115.467730,4,2026-04-14
2026-04-14 12:00:00,115.465380,115.511760,115.325820,115.441660,4,2026-04-14
2026-04-14 16:00:00,115.440180,115.601760,115.405230,115.518960,4,2026-04-14
2026-04-14 20:00:00,115.519130,115.608210,115.412540,115.576790,4,2026-04-15
2026-04-15 00:00:00,115.577240,115.586820,115.317930,115.329420,4,2026-04-15
2026-04-15 04:00:00,115.328010,115.404680,115.251070,115.374510,4,2026-04-15
2026-04-15 08:00:00,115.373120,115.459220,115.324850,115.399160,4,2026-04-15
2026-04-15 12:00:00,115.395320,115.440060,115.374110,115.420640,4,2026-04-15
2026-04-15 16:00:00,115.420320,115.478460,115.282320,115.370850,4,2026-04-15
2026-04-15 20:00:00,115.371280,115.559470,115.306550,115.549620,4,2026-04-16
2026-04-16 00:00:00,115.550930,115.860120,115.517850,115.857880,4,2026-04-16
2026-04-16 04:00:00,115.856470,115.876090,115.643290,115.711540,4,2026-04-16
2026-04-16 08:00:00,115.710210,115.713040,115.597960,115.648960,4,2026-04-16
2026-04-16 12:00:00,115.649410,115.763190,115.410950,115.757410,4,2026-04-16
2026-04-16 16:00:00,115.758310,115.874700,115.706230,115.836210,4,2026-04-16
2026-04-16 20:00:00,115.837010,116.144670,115.716890,116.094790,4,2026-04-17
2026-04-17 00:00:00,116.091670,116.223600,116.042080,116.198450,4,2026-04-17
2026-04-17 04:00:00,116.197570,116.226600,116.103410,116.147970,4,2026-04-17
2026-04-17 08:00:00,116.146110,116.353810,116.081760,116.313290,4,2026-04-17
2026-04-17 12:00:00,116.310380,116.578780,116.309020,116.563540,4,2026-04-17
2026-04-17 16:00:00,116.562960,116.592430,116.247710,116.280530,4,2026-04-17
2026-04-17 20:00:00,116.280530,116.332870,116.260120,116.322230,1,2026-04-17
2026-04-19 20:00:00,115.191170,115.742370,115.156640,115.550920,3,2026-04-20
2026-04-20 00:00:00,115.551110,115.830800,114.886030,115.248130,4,2026-04-20
2026-04-20 04:00:00,115.246760,116.068830,114.323570,116.017610,4,2026-04-20
2026-04-20 08:00:00,116.015580,116.165110,115.952060,115.958670,4,2026-04-20
2026-04-20 12:00:00,115.955170,116.078530,115.925990,116.023050,4,2026-04-20
2026-04-20 16:00:00,116.022910,116.167740,115.935320,116.093760,4,2026-04-20
2026-04-20 20:00:00,116.094440,116.137740,115.910250,115.976530,4,2026-04-21
2026-04-21 00:00:00,115.978290,116.378940,115.969840,116.372570,4,2026-04-21
2026-04-21 04:00:00,116.371570,116.471080,116.292720,116.312430,4,2026-04-21
2026-04-21 08:00:00,116.309580,116.528060,116.309580,116.511850,4,2026-04-21
2026-04-21 12:00:00,116.509310,116.527460,116.418690,116.435310,4,2026-04-21
2026-04-21 16:00:00,116.436560,116.595780,116.363720,116.543180,4,2026-04-21
2026-04-21 20:00:00,116.543280,116.656720,116.449190,116.647840,4,2026-04-22
2026-04-22 00:00:00,116.648910,116.851830,116.603990,116.639160,4,2026-04-22
2026-04-22 04:00:00,116.637540,116.841380,116.576160,116.672250,4,2026-04-22
2026-04-22 08:00:00,116.670320,116.731940,116.571970,116.598470,4,2026-04-22
2026-04-22 12:00:00,116.596290,116.706020,116.583770,116.647150,4,2026-04-22
2026-04-22 16:00:00,116.646090,116.786640,116.526650,116.702420,4,2026-04-22
2026-04-22 20:00:00,116.702440,116.715970,116.492670,116.617430,4,2026-04-23
2026-04-23 00:00:00,116.615480,116.803070,116.571230,116.708700,4,2026-04-23
2026-04-23 04:00:00,116.706850,116.733960,116.607200,116.641700,4,2026-04-23
2026-04-23 08:00:00,116.639800,116.745150,116.578010,116.624140,4,2026-04-23
2026-04-23 12:00:00,116.622440,116.739560,116.611370,116.723710,4,2026-04-23
2026-04-23 16:00:00,116.723480,116.892190,116.705940,116.874590,4,2026-04-23
2026-04-23 20:00:00,116.874530,116.877650,116.561410,116.630150,4,2026-04-24
2026-04-24 00:00:00,116.630490,116.732860,116.439780,116.513940,4,2026-04-24
2026-04-24 04:00:00,116.512340,116.641070,116.421370,116.588670,4,2026-04-24
2026-04-24 08:00:00,116.586540,116.660970,116.551700,116.629450,4,2026-04-24
2026-04-24 12:00:00,116.626960,116.642590,116.501520,116.582530,4,2026-04-24
2026-04-24 16:00:00,116.581290,116.707650,116.423250,116.695970,4,2026-04-24
2026-04-24 20:00:00,116.696230,116.722790,116.683450,116.689450,1,2026-04-24
2026-04-26 20:00:00,116.551120,116.572950,116.178930,116.325630,3,2026-04-27
2026-04-27 00:00:00,116.326080,116.640730,116.131720,116.295400,4,2026-04-27
2026-04-27 04:00:00,116.294130,116.846160,116.263020,116.649210,4,2026-04-27
2026-04-27 08:00:00,116.647220,116.691950,116.563380,116.612510,4,2026-04-27
2026-04-27 12:00:00,116.608790,116.662990,116.477820,116.662990,4,2026-04-27
2026-04-27 16:00:00,116.661250,117.002330,116.606100,116.998800,4,2026-04-27
2026-04-27 20:00:00,116.998950,117.065610,116.897290,117.024440,4,2026-04-28
2026-04-28 00:00:00,117.025810,117.076960,116.885270,117.013250,4,2026-04-28
2026-04-28 04:00:00,117.014430,117.083500,116.908370,116.994560,4,2026-04-28
2026-04-28 08:00:00,116.992560,117.069810,116.970430,117.001140,4,2026-04-28
2026-04-28 12:00:00,116.996720,117.022370,116.615320,116.741320,4,2026-04-28
2026-04-28 16:00:00,116.739630,117.070180,116.623750,116.863390,4,2026-04-28
2026-04-28 20:00:00,116.863740,116.891860,116.591330,116.719920,4,2026-04-29
2026-04-29 00:00:00,116.721970,116.815370,116.597370,116.655380,4,2026-04-29
2026-04-29 04:00:00,116.654230,116.721800,116.611730,116.668410,4,2026-04-29
2026-04-29 08:00:00,116.666730,116.672270,116.603360,116.643950,4,2026-04-29
2026-04-29 12:00:00,116.640260,116.669260,116.612120,116.664800,4,2026-04-29
2026-04-29 16:00:00,116.663500,116.784400,116.612200,116.739380,4,2026-04-29
2026-04-29 20:00:00,116.739500,117.005950,116.711790,116.932390,4,2026-04-30
2026-04-30 00:00:00,116.931650,117.250600,116.887610,117.187270,4,2026-04-30
2026-04-30 04:00:00,117.185960,117.295930,117.095100,117.247110,4,2026-04-30
2026-04-30 08:00:00,117.245190,117.262920,117.117620,117.169970,4,2026-04-30
2026-04-30 12:00:00,117.167970,117.377790,117.155530,117.369000,4,2026-04-30
2026-04-30 16:00:00,117.363950,117.491550,116.538820,116.639250,4,2026-04-30
2026-04-30 20:00:00,116.638410,116.663220,113.935490,114.861380,4,2026-05-01
2026-05-01 00:00:00,114.858130,115.226440,114.737300,114.976640,4,2026-05-01
2026-05-01 04:00:00,114.949190,115.349450,114.927860,115.261690,4,2026-05-01
2026-05-01 08:00:00,115.280580,115.857250,115.239760,115.760060,4,2026-05-01
2026-05-01 12:00:00,115.773740,115.894530,115.669530,115.757630,4,2026-05-01
2026-05-01 16:00:00,115.775620,115.792170,114.621690,115.324830,4,2026-05-01
2026-05-01 20:00:00,115.316280,115.388940,115.302600,115.386810,1,2026-05-01
2026-05-03 20:00:00,115.549860,115.555060,115.351450,115.356520,3,2026-05-04
2026-05-04 00:00:00,115.354570,115.636830,115.226010,115.544260,4,2026-05-04
2026-05-04 04:00:00,115.565330,115.749680,115.254790,115.353240,4,2026-05-04
2026-05-04 08:00:00,115.369370,115.568170,115.301560,115.568150,4,2026-05-04
2026-05-04 12:00:00,115.557140,115.754940,114.749530,115.350740,4,2026-05-04
2026-05-04 16:00:00,115.362180,115.453470,115.291550,115.393270,4,2026-05-04
2026-05-04 20:00:00,115.392590,115.521480,115.297980,115.377040,4,2026-05-05
2026-05-05 00:00:00,115.390240,115.544160,115.358940,115.521780,4,2026-05-05
2026-05-05 04:00:00,115.517340,115.582430,115.321280,115.381550,4,2026-05-05
2026-05-05 08:00:00,115.388400,115.444530,115.367550,115.414700,4,2026-05-05
2026-05-05 12:00:00,115.413200,115.455820,115.379960,115.446290,4,2026-05-05
2026-05-05 16:00:00,115.433980,115.825090,115.389820,115.732210,4,2026-05-05
2026-05-05 20:00:00,115.719860,115.922780,115.695960,115.906940,4,2026-05-06
2026-05-06 00:00:00,115.906320,115.937490,115.765950,115.898260,4,2026-05-06
2026-05-06 04:00:00,115.895390,115.969980,115.869370,115.939800,4,2026-05-06
2026-05-06 08:00:00,115.934630,115.968850,115.808440,115.965620,4,2026-05-06
2026-05-06 12:00:00,115.957520,116.152480,114.167150,115.046410,4,2026-05-06
2026-05-06 16:00:00,115.043220,115.174990,114.561500,114.746590,4,2026-05-06
2026-05-06 20:00:00,114.745960,114.889770,114.555600,114.648130,4,2026-05-07
2026-05-07 00:00:00,114.653700,114.850740,114.593910,114.746240,4,2026-05-07
2026-05-07 04:00:00,114.741040,114.766300,114.623010,114.626250,4,2026-05-07
2026-05-07 08:00:00,114.631410,114.779200,114.493660,114.596310,4,2026-05-07
2026-05-07 12:00:00,114.587100,114.717460,114.543190,114.655520,4,2026-05-07
2026-05-07 16:00:00,114.659980,114.802290,114.489400,114.781680,4,2026-05-07
2026-05-07 20:00:00,114.780820,114.813750,114.603590,114.647670,4,2026-05-08
2026-05-08 00:00:00,114.658200,115.013570,114.590200,114.907450,4,2026-05-08
2026-05-08 04:00:00,114.913700,114.999690,114.764060,114.834170,4,2026-05-08
2026-05-08 08:00:00,114.814170,114.931570,114.803480,114.887160,4,2026-05-08
2026-05-08 12:00:00,114.887340,114.914650,114.798910,114.861040,4,2026-05-08
2026-05-08 16:00:00,114.862550,114.878460,114.729800,114.825680,4,2026-05-08
2026-05-08 20:00:00,114.821730,114.863370,114.801700,114.837730,1,2026-05-08
2026-05-10 20:00:00,114.560520,114.656520,114.515670,114.640520,3,2026-05-11
2026-05-11 00:00:00,114.637990,114.736530,114.536290,114.585240,4,2026-05-11
2026-05-11 04:00:00,114.590440,114.735380,114.370310,114.536750,4,2026-05-11
2026-05-11 08:00:00,114.536100,114.778020,114.528930,114.767080,4,2026-05-11
2026-05-11 12:00:00,114.769150,114.840180,114.716590,114.764410,4,2026-05-11
2026-05-11 16:00:00,114.764390,114.958230,114.748170,114.955830,4,2026-05-11
2026-05-11 20:00:00,114.950390,115.019940,114.827210,114.959600,4,2026-05-12
2026-05-12 00:00:00,114.957200,115.070680,114.869110,114.975500,4,2026-05-12
2026-05-12 04:00:00,114.973130,115.012220,114.874520,114.905170,4,2026-05-12
2026-05-12 08:00:00,114.902930,115.100580,114.902930,115.086620,4,2026-05-12
2026-05-12 12:00:00,115.084440,115.210900,114.824240,114.947650,4,2026-05-12
2026-05-12 16:00:00,114.929950,115.049000,114.806170,114.934490,4,2026-05-12
2026-05-12 20:00:00,114.933530,115.027370,114.866960,114.975110,4,2026-05-13
2026-05-13 00:00:00,114.968080,115.040420,114.916680,115.007040,4,2026-05-13
2026-05-13 04:00:00,115.005290,115.111010,114.964000,115.044470,4,2026-05-13
2026-05-13 08:00:00,115.042210,115.198490,115.042210,115.174250,4,2026-05-13
2026-05-13 12:00:00,115.176510,115.238880,115.129860,115.135660,4,2026-05-13
2026-05-13 16:00:00,115.136040,115.227790,115.038780,115.208520,4,2026-05-13
2026-05-13 20:00:00,115.215140,115.277200,115.075280,115.091930,4,2026-05-14
2026-05-14 00:00:00,115.089270,115.262920,115.077910,115.203760,4,2026-05-14
2026-05-14 04:00:00,115.201550,115.217210,115.050580,115.166250,4,2026-05-14
2026-05-14 08:00:00,115.161430,115.212050,115.137210,115.198740,4,2026-05-14
2026-05-14 12:00:00,115.200310,115.261180,115.126580,115.220150,4,2026-05-14
2026-05-14 16:00:00,115.221270,115.235600,115.124220,115.197270,4,2026-05-14
2026-05-14 20:00:00,115.196040,115.243460,114.881570,115.025340,4,2026-05-15
2026-05-15 00:00:00,115.019620,115.294400,115.007050,115.275670,4,2026-05-15
2026-05-15 04:00:00,115.282810,115.485080,115.215630,115.398770,4,2026-05-15
2026-05-15 08:00:00,115.398460,115.483650,115.314320,115.357610,4,2026-05-15
2026-05-15 12:00:00,115.352760,115.396830,115.262880,115.314630,4,2026-05-15
2026-05-15 16:00:00,115.315150,115.451390,115.184620,115.238960,4,2026-05-15
2026-05-15 20:00:00,115.232210,115.342630,115.232210,115.247640,1,2026-05-15
2026-05-17 20:00:00,115.435910,115.471000,115.355560,115.363800,3,2026-05-18
2026-05-18 00:00:00,115.361330,115.531660,115.360870,115.468220,4,2026-05-18
2026-05-18 04:00:00,115.466150,115.571090,115.292890,115.385790,4,2026-05-18
2026-05-18 08:00:00,115.385640,115.545810,115.384340,115.530500,4,2026-05-18
2026-05-18 12:00:00,115.535840,115.669070,115.493970,115.581310,4,2026-05-18
2026-05-18 16:00:00,115.583030,115.660890,115.536310,115.642380,4,2026-05-18
2026-05-18 20:00:00,115.646590,115.657580,115.436050,115.486290,4,2026-05-19
2026-05-19 00:00:00,115.475710,115.677590,115.475710,115.669390,4,2026-05-19
2026-05-19 04:00:00,115.666930,115.716480,115.518070,115.533980,4,2026-05-19
2026-05-19 08:00:00,115.531600,115.677290,115.529060,115.641750,4,2026-05-19
2026-05-19 12:00:00,115.634750,115.686860,115.594230,115.685960,4,2026-05-19
2026-05-19 16:00:00,115.684220,115.770080,115.569960,115.573200,4,2026-05-19
2026-05-19 20:00:00,115.578130,115.769110,115.349060,115.548970,4,2026-05-20
2026-05-20 00:00:00,115.552730,115.699720,115.459950,115.524030,4,2026-05-20
2026-05-20 04:00:00,115.520960,115.773420,115.520960,115.728000,4,2026-05-20
2026-05-20 08:00:00,115.733140,115.765480,115.560370,115.623930,4,2026-05-20
2026-05-20 12:00:00,115.620260,115.628950,115.483350,115.553600,4,2026-05-20
2026-05-20 16:00:00,115.549230,115.569040,115.439510,115.460130,4,2026-05-20
2026-05-20 20:00:00,115.458650,115.634320,115.446730,115.510950,4,2026-05-21
2026-05-21 00:00:00,115.512790,115.635100,115.416630,115.554260,4,2026-05-21
2026-05-21 04:00:00,115.551400,115.678870,115.521840,115.586260,4,2026-05-21
2026-05-21 08:00:00,115.584110,115.599000,115.479950,115.496990,4,2026-05-21
2026-05-21 12:00:00,115.499140,115.552720,115.459700,115.533780,4,2026-05-21
2026-05-21 16:00:00,115.531240,115.587120,115.409370,115.480250,4,2026-05-21
2026-05-21 20:00:00,115.478770,115.618870,115.460900,115.491420,4,2026-05-22
2026-05-22 00:00:00,115.485960,115.491410,115.286540,115.299650,4,2026-05-22
2026-05-22 04:00:00,115.300600,115.438560,115.293300,115.378490,4,2026-05-22
2026-05-22 08:00:00,115.381530,115.443200,115.359910,115.384570,4,2026-05-22
2026-05-22 12:00:00,115.385860,115.408680,115.298670,115.373860,4,2026-05-22
2026-05-22 16:00:00,115.375940,115.417790,115.318460,115.365750,4,2026-05-22
2026-05-22 20:00:00,115.361370,115.369770,115.311300,115.329840,1,2026-05-22
2026-05-24 20:00:00,115.169100,115.210900,115.167370,115.202730,3,2026-05-25
2026-05-25 00:00:00,115.200240,115.227030,115.170940,115.203370,4,2026-05-25
2026-05-25 04:00:00,115.201560,115.394550,114.810120,115.009130,4,2026-05-25
2026-05-25 08:00:00,115.014670,115.160580,115.006100,115.134520,4,2026-05-25
2026-05-25 12:00:00,115.135620,115.151050,115.050080,115.079540,4,2026-05-25
2026-05-25 16:00:00,115.075910,115.106650,115.025870,115.057390,4,2026-05-25
2026-05-25 20:00:00,115.055110,115.141540,115.030620,115.073480,4,2026-05-26
2026-05-26 00:00:00,115.071870,115.187220,115.071870,115.116120,4,2026-05-26
2026-05-26 04:00:00,115.110090,115.169920,115.078970,115.093690,4,2026-05-26
2026-05-26 08:00:00,115.090910,115.182550,115.086530,115.130370,4,2026-05-26
2026-05-26 12:00:00,115.128470,115.134160,115.089430,115.119730,4,2026-05-26
2026-05-26 16:00:00,115.117910,115.388380,115.117910,115.333990,4,2026-05-26
2026-05-26 20:00:00,115.334040,115.355690,115.189700,115.349390,4,2026-05-27
2026-05-27 00:00:00,115.340660,115.453480,115.322790,115.332630,4,2026-05-27
2026-05-27 04:00:00,115.330150,115.371830,115.303450,115.346320,4,2026-05-27
2026-05-27 08:00:00,115.348830,115.391930,115.289250,115.324620,4,2026-05-27
2026-05-27 12:00:00,115.321660,115.357730,115.261950,115.347290,4,2026-05-27
2026-05-27 16:00:00,115.348190,115.370380,115.221840,115.274650,4,2026-05-27
2026-05-27 20:00:00,115.270510,115.308860,115.163290,115.270290,4,2026-05-28
2026-05-28 00:00:00,115.261270,115.387080,115.154770,115.349280,4,2026-05-28
2026-05-28 04:00:00,115.344780,115.356080,115.208140,115.224520,4,2026-05-28
2026-05-28 08:00:00,115.219060,115.281130,115.200120,115.202630,4,2026-05-28
2026-05-28 12:00:00,115.205960,115.216340,115.046590,115.143230,4,2026-05-28
2026-05-28 16:00:00,115.140220,115.189330,114.953110,114.954840,4,2026-05-28
2026-05-28 20:00:00,114.955100,115.207610,114.936360,115.152810,4,2026-05-29
2026-05-29 00:00:00,115.146180,115.505870,115.076900,115.482000,4,2026-05-29
2026-05-29 04:00:00,115.483780,115.588640,115.481470,115.507010,4,2026-05-29
2026-05-29 08:00:00,115.497390,115.601020,115.497390,115.574780,4,2026-05-29
2026-05-29 12:00:00,115.576190,115.597550,115.525540,115.560100,4,2026-05-29
2026-05-29 16:00:00,115.561250,115.569600,115.319800,115.378680,4,2026-05-29
2026-05-29 20:00:00,115.374220,115.377890,115.328790,115.353310,1,2026-05-29
2026-05-31 20:00:00,115.456330,115.494570,115.355340,115.459970,3,2026-06-01
2026-06-01 00:00:00,115.457730,115.503860,115.345960,115.461810,4,2026-06-01
2026-06-01 04:00:00,115.460240,115.591020,115.410800,115.468140,4,2026-06-01
2026-06-01 08:00:00,115.470420,115.545670,115.469890,115.500020,4,2026-06-01
2026-06-01 12:00:00,115.501590,115.523640,115.449530,115.484640,4,2026-06-01
2026-06-01 16:00:00,115.483570,115.553860,115.365590,115.384040,4,2026-06-01
2026-06-01 20:00:00,115.378970,115.447410,115.237180,115.406370,4,2026-06-02
2026-06-02 00:00:00,115.400290,115.466370,115.320960,115.407970,4,2026-06-02
2026-06-02 04:00:00,115.410770,115.421620,115.294490,115.370030,4,2026-06-02
2026-06-02 08:00:00,115.363920,115.378380,115.317280,115.341020,4,2026-06-02
2026-06-02 12:00:00,115.343180,115.391900,115.329520,115.373260,4,2026-06-02
2026-06-02 16:00:00,115.373290,115.443480,115.284030,115.330000,4,2026-06-02
2026-06-02 20:00:00,115.326640,115.657450,115.292390,115.528980,4,2026-06-03
2026-06-03 00:00:00,115.530320,115.667010,115.479580,115.595900,4,2026-06-03
2026-06-03 04:00:00,115.592890,115.629640,115.524130,115.561280,4,2026-06-03
2026-06-03 08:00:00,115.559350,115.603010,115.497300,115.509300,4,2026-06-03
2026-06-03 12:00:00,115.510280,115.519260,115.415770,115.463170,4,2026-06-03
2026-06-03 16:00:00,115.465360,115.502360,115.052470,115.318790,4,2026-06-03
2026-06-03 20:00:00,115.325510,115.418610,115.275410,115.299480,4,2026-06-04
2026-06-04 00:00:00,115.297180,115.359190,115.130740,115.162460,4,2026-06-04
2026-06-04 04:00:00,115.167420,115.229400,115.137010,115.183300,4,2026-06-04
2026-06-04 08:00:00,115.171510,115.204370,115.042840,115.049310,4,2026-06-04
2026-06-04 12:00:00,115.049750,115.090180,114.934780,114.999990,4,2026-06-04
2026-06-04 16:00:00,114.995820,115.005620,114.819430,115.002970,4,2026-06-04
2026-06-04 20:00:00,114.993530,115.174430,114.977520,115.156820,4,2026-06-05
2026-06-05 00:00:00,115.154590,115.175370,115.070670,115.096520,4,2026-06-05
2026-06-05 04:00:00,115.092950,115.160070,114.998550,115.056650,4,2026-06-05
2026-06-05 08:00:00,115.054410,115.074570,114.961990,115.050300,4,2026-06-05
2026-06-05 12:00:00,115.048580,115.091190,115.020750,115.037320,4,2026-06-05
2026-06-05 16:00:00,115.035240,115.289140,115.005280,115.283120,4,2026-06-05
2026-06-05 20:00:00,115.279810,115.316140,115.234690,115.241070,1,2026-06-05
2026-06-07 20:00:00,115.062200,115.306850,114.436920,114.734450,3,2026-06-08
2026-06-08 00:00:00,114.731840,115.145230,114.548120,115.017060,4,2026-06-08
2026-06-08 04:00:00,115.014690,115.209540,114.519790,114.966680,4,2026-06-08
2026-06-08 08:00:00,114.956060,115.028450,114.900260,114.958750,4,2026-06-08
2026-06-08 12:00:00,114.956680,115.028050,114.895880,114.899870,4,2026-06-08
2026-06-08 16:00:00,114.906140,114.978440,114.648320,114.735490,4,2026-06-08
2026-06-08 20:00:00,114.737530,114.860680,114.715920,114.796350,4,2026-06-09
2026-06-09 00:00:00,114.788390,114.869220,114.738590,114.797090,4,2026-06-09
2026-06-09 04:00:00,114.794380,114.855890,114.769310,114.820840,4,2026-06-09
2026-06-09 08:00:00,114.822930,114.870730,114.721140,114.864650,4,2026-06-09
2026-06-09 12:00:00,114.862690,114.918190,114.842260,114.915890,4,2026-06-09
2026-06-09 16:00:00,114.913030,114.964050,114.877050,114.944110,4,2026-06-09
2026-06-09 20:00:00,114.940390,115.075180,114.929500,114.940900,4,2026-06-10
2026-06-10 00:00:00,114.944200,114.957320,114.744290,114.932970,4,2026-06-10
2026-06-10 04:00:00,114.927110,115.022610,114.918620,114.969670,4,2026-06-10
2026-06-10 08:00:00,114.967550,114.988590,114.872330,114.960090,4,2026-06-10
2026-06-10 12:00:00,114.961170,115.017500,114.947690,115.000970,4,2026-06-10
2026-06-10 16:00:00,114.997350,115.228360,114.994860,115.207770,4,2026-06-10
2026-06-10 20:00:00,115.211430,115.352040,115.107990,115.257570,4,2026-06-11
2026-06-11 00:00:00,115.259920,115.291580,115.157440,115.222300,4,2026-06-11
2026-06-11 04:00:00,115.224290,115.242500,115.085470,115.113280,4,2026-06-11
2026-06-11 08:00:00,115.113750,115.192510,115.075020,115.189130,4,2026-06-11
2026-06-11 12:00:00,115.187250,115.196160,115.145750,115.164110,4,2026-06-11
2026-06-11 16:00:00,115.161220,115.161220,114.836770,114.851200,4,2026-06-11
2026-06-11 20:00:00,114.852010,114.878630,114.623850,114.637700,4,2026-06-12
2026-06-12 00:00:00,114.635240,114.647910,114.460790,114.520250,4,2026-06-12
2026-06-12 04:00:00,114.516780,114.600220,114.356350,114.533630,4,2026-06-12
2026-06-12 08:00:00,114.532280,114.646290,114.527010,114.640090,4,2026-06-12
2026-06-12 12:00:00,114.634550,114.699530,114.634550,114.662670,4,2026-06-12
2026-06-12 16:00:00,114.660380,114.729420,114.419640,114.487790,4,2026-06-12
2026-06-12 20:00:00,114.484030,114.527570,114.466830,114.475400,1,2026-06-12
2026-06-14 20:00:00,114.496660,114.501800,114.061730,114.197980,3,2026-06-15
2026-06-15 00:00:00,114.198830,114.804910,114.134960,114.533110,4,2026-06-15
2026-06-15 04:00:00,114.533610,114.813490,114.108920,114.417990,4,2026-06-15
2026-06-15 08:00:00,114.412560,114.663880,114.375150,114.662290,4,2026-06-15
2026-06-15 12:00:00,114.658130,114.701480,114.592880,114.667830,4,2026-06-15
2026-06-15 16:00:00,114.665190,114.668230,114.515570,114.600060,4,2026-06-15
2026-06-15 20:00:00,114.601860,114.634490,114.487120,114.511640,4,2026-06-16
2026-06-16 00:00:00,114.505670,114.630840,114.409980,114.626580,4,2026-06-16
2026-06-16 04:00:00,114.623650,114.660160,114.586830,114.629140,4,2026-06-16
2026-06-16 08:00:00,114.627620,114.627620,114.426040,114.443850,4,2026-06-16
2026-06-16 12:00:00,114.446170,114.475010,114.348350,114.377800,4,2026-06-16
2026-06-16 16:00:00,114.378100,114.512210,114.294170,114.493160,4,2026-06-16
2026-06-16 20:00:00,114.494560,114.570520,114.399480,114.543530,4,2026-06-17
2026-06-17 00:00:00,114.539850,114.713770,114.538080,114.637330,4,2026-06-17
2026-06-17 04:00:00,114.638710,114.677400,114.583420,114.637700,4,2026-06-17
2026-06-17 08:00:00,114.639580,114.671180,114.533360,114.563530,4,2026-06-17
2026-06-17 12:00:00,114.560300,114.571180,114.489400,114.534860,4,2026-06-17
2026-06-17 16:00:00,114.531260,114.536300,114.372330,114.423410,4,2026-06-17
2026-06-17 20:00:00,114.420820,114.458790,114.268680,114.278770,4,2026-06-18
2026-06-18 00:00:00,114.280780,114.406970,114.144500,114.177970,4,2026-06-18
2026-06-18 04:00:00,114.181410,114.235900,113.830560,113.849980,4,2026-06-18
2026-06-18 08:00:00,113.846430,114.024210,113.846430,113.901690,4,2026-06-18
2026-06-18 12:00:00,113.899540,113.915890,113.817850,113.837250,4,2026-06-18
2026-06-18 16:00:00,113.834860,113.929390,113.700590,113.848450,4,2026-06-18
2026-06-18 20:00:00,113.843130,114.008260,113.802550,113.958920,4,2026-06-19
2026-06-19 00:00:00,113.956980,114.222060,113.810710,114.152260,4,2026-06-19
2026-06-19 04:00:00,114.153840,114.415230,114.111660,114.160700,4,2026-06-19
2026-06-19 08:00:00,114.162430,114.206220,113.870250,113.940500,4,2026-06-19
2026-06-19 12:00:00,113.935220,114.051280,113.919510,114.026260,4,2026-06-19
2026-06-19 16:00:00,114.027040,114.153980,113.992170,114.037580,4,2026-06-19
2026-06-19 20:00:00,114.032400,114.060740,114.010830,114.018630,1,2026-06-19
2026-06-21 20:00:00,113.949040,113.992510,113.835820,113.877940,3,2026-06-22
2026-06-22 00:00:00,113.878280,114.011390,113.830010,113.938370,4,2026-06-22
2026-06-22 04:00:00,113.937130,114.106000,113.725070,113.875310,4,2026-06-22
2026-06-22 08:00:00,113.872900,113.988100,113.821870,113.928080,4,2026-06-22
2026-06-22 12:00:00,113.930540,114.009000,113.879410,113.966730,4,2026-06-22
2026-06-22 16:00:00,113.970530,114.157370,113.917700,114.139360,4,2026-06-22
2026-06-22 20:00:00,114.140180,114.334690,114.063960,114.289910,4,2026-06-23
2026-06-23 00:00:00,114.286720,114.313900,113.797080,114.053400,4,2026-06-23
2026-06-23 04:00:00,114.051660,114.155270,114.018160,114.084980,4,2026-06-23
2026-06-23 08:00:00,114.082140,114.172280,114.047790,114.097680,4,2026-06-23
2026-06-23 12:00:00,114.094810,114.122830,114.006860,114.057950,4,2026-06-23
2026-06-23 16:00:00,114.052630,114.072730,113.765600,113.796050,4,2026-06-23
2026-06-23 20:00:00,113.799620,113.973940,113.763540,113.888500,4,2026-06-24
2026-06-24 00:00:00,113.893000,113.926570,113.686180,113.702390,4,2026-06-24
2026-06-24 04:00:00,113.692760,113.741510,113.640710,113.694010,4,2026-06-24
2026-06-24 08:00:00,113.700450,113.756740,113.662860,113.725830,4,2026-06-24
2026-06-24 12:00:00,113.725660,113.739640,113.586970,113.682580,4,2026-06-24
2026-06-24 16:00:00,113.681010,113.719700,113.585140,113.643030,4,2026-06-24
2026-06-24 20:00:00,113.644810,113.693590,113.518330,113.672320,4,2026-06-25
2026-06-25 00:00:00,113.669330,113.775620,113.538810,113.665500,4,2026-06-25
2026-06-25 04:00:00,113.669270,113.723130,113.610560,113.672770,4,2026-06-25
2026-06-25 08:00:00,113.669150,113.681460,113.557950,113.608000,4,2026-06-25
2026-06-25 12:00:00,113.610810,113.689590,113.582810,113.645680,4,2026-06-25
2026-06-25 16:00:00,113.639210,113.752590,113.626390,113.706900,4,2026-06-25
2026-06-25 20:00:00,113.704910,113.866830,113.605260,113.782370,4,2026-06-26
2026-06-26 00:00:00,113.790440,114.043470,113.768830,113.958720,4,2026-06-26
2026-06-26 04:00:00,113.961770,113.999640,113.893290,113.981260,4,2026-06-26
2026-06-26 08:00:00,113.975960,114.025630,113.912440,113.957430,4,2026-06-26
2026-06-26 12:00:00,113.959960,113.965090,113.840510,113.875820,4,2026-06-26
2026-06-26 16:00:00,113.877140,113.969550,113.821800,113.913780,4,2026-06-26
2026-06-26 20:00:00,113.919330,113.975250,113.919330,113.973640,1,2026-06-26
2026-06-28 20:00:00,113.972390,114.009990,113.949360,113.963740,3,2026-06-29
2026-06-29 00:00:00,113.962550,114.011750,113.732700,113.962850,4,2026-06-29
2026-06-29 04:00:00,113.960800,114.352130,113.845600,114.022860,4,2026-06-29
2026-06-29 08:00:00,114.019840,114.049740,113.917540,114.001630,4,2026-06-29
2026-06-29 12:00:00,114.003440,114.075330,113.980770,114.060090,4,2026-06-29
2026-06-29 16:00:00,114.065000,114.135670,113.977510,114.080910,4,2026-06-29
2026-06-29 20:00:00,114.083860,114.098660,113.908540,113.976040,4,2026-06-30
2026-06-30 00:00:00,113.977230,114.063570,113.872570,114.055280,4,2026-06-30
2026-06-30 04:00:00,114.050080,114.061740,113.924880,113.969520,4,2026-06-30
2026-06-30 08:00:00,113.967330,114.134460,113.907980,113.995310,4,2026-06-30
2026-06-30 12:00:00,113.985380,114.032490,113.895940,114.002310,4,2026-06-30
2026-06-30 16:00:00,113.998010,114.101450,113.959940,114.009120,4,2026-06-30
2026-06-30 20:00:00,114.006870,114.230530,113.986290,114.226660,4,2026-07-01
2026-07-01 00:00:00,114.219970,114.564490,114.205740,114.478170,4,2026-07-01
2026-07-01 04:00:00,114.476420,114.668460,114.445550,114.521430,4,2026-07-01
2026-07-01 08:00:00,114.515610,114.575780,114.358380,114.410180,4,2026-07-01
2026-07-01 12:00:00,114.405370,114.527510,114.396680,114.493210,4,2026-07-01
2026-07-01 16:00:00,114.488370,114.520350,114.341050,114.408200,4,2026-07-01
2026-07-01 20:00:00,114.402050,114.469460,114.305070,114.317030,4,2026-07-02
2026-07-02 00:00:00,114.320150,114.381530,114.268880,114.361810,4,2026-07-02
2026-07-02 04:00:00,114.357090,114.421250,114.316820,114.375170,4,2026-07-02
2026-07-02 08:00:00,114.371510,114.371510,114.247140,114.341880,4,2026-07-02
2026-07-02 12:00:00,114.344200,114.390010,114.195120,114.195670,4,2026-07-02
2026-07-02 16:00:00,114.196590,114.229660,113.478040,113.556690,4,2026-07-02
2026-07-02 20:00:00,113.546000,113.774390,113.385460,113.542080,4,2026-07-03
2026-07-03 00:00:00,113.552110,113.621330,113.379130,113.590210,4,2026-07-03
2026-07-03 04:00:00,113.585530,113.634390,113.532760,113.632460,4,2026-07-03
2026-07-03 08:00:00,113.627730,113.784070,113.522890,113.727500,4,2026-07-03
2026-07-03 12:00:00,113.729310,113.811280,113.674730,113.789480,4,2026-07-03
2026-07-03 16:00:00,113.792150,113.806420,113.383670,113.593630,4,2026-07-03
2026-07-03 20:00:00,113.591100,113.636290,113.552570,113.560080,1,2026-07-03
2026-07-05 20:00:00,113.639430,113.644540,113.194580,113.310040,3,2026-07-06
2026-07-06 00:00:00,113.307820,113.711810,113.187230,113.626190,4,2026-07-06
2026-07-06 04:00:00,113.623660,113.729290,113.314000,113.621430,4,2026-07-06
2026-07-06 08:00:00,113.615450,113.862740,113.607910,113.860430,4,2026-07-06
2026-07-06 12:00:00,113.856150,114.056950,113.843510,114.049900,4,2026-07-06
2026-07-06 16:00:00,114.040330,114.173960,114.020640,114.084830,4,2026-07-06
2026-07-06 20:00:00,114.083190,114.221640,114.043540,114.111810,4,2026-07-07
2026-07-07 00:00:00,114.110350,114.201570,114.037940,114.091180,4,2026-07-07
2026-07-07 04:00:00,114.088400,114.145020,114.030000,114.101910,4,2026-07-07
2026-07-07 08:00:00,114.093780,114.134420,113.798220,113.899440,4,2026-07-07
2026-07-07 12:00:00,113.895430,113.924920,113.734470,113.844180,4,2026-07-07
2026-07-07 16:00:00,113.848480,114.020390,113.798740,113.929960,4,2026-07-07
2026-07-07 20:00:00,113.928130,113.991380,113.783380,113.966090,4,2026-07-08
2026-07-08 00:00:00,113.968920,114.127790,113.956830,114.114890,4,2026-07-08
2026-07-08 04:00:00,114.111790,114.251900,114.051570,114.203100,4,2026-07-08
2026-07-08 08:00:00,114.194540,114.377900,114.124230,114.319400,4,2026-07-08
2026-07-08 12:00:00,114.323020,114.440650,114.315080,114.433350,4,2026-07-08
2026-07-08 16:00:00,114.430030,114.749390,114.315870,114.726390,4,2026-07-08
2026-07-08 20:00:00,114.728700,114.739600,114.520070,114.646920,4,2026-07-09
2026-07-09 00:00:00,114.648590,114.773190,114.608260,114.662770,4,2026-07-09
2026-07-09 04:00:00,114.668760,114.773610,114.657540,114.693910,4,2026-07-09
2026-07-09 08:00:00,114.691650,114.769110,114.637740,114.701430,4,2026-07-09
2026-07-09 12:00:00,114.700300,114.722090,114.636590,114.637860,4,2026-07-09
2026-07-09 16:00:00,114.640720,114.666980,114.424100,114.556900,4,2026-07-09
2026-07-09 20:00:00,114.551550,114.660640,114.475080,114.477170,4,2026-07-10
2026-07-10 00:00:00,114.477640,114.638280,114.477640,114.570970,4,2026-07-10
2026-07-10 04:00:00,114.568130,114.648840,114.563060,114.599290,4,2026-07-10
2026-07-10 08:00:00,114.597470,114.637750,114.240080,114.289050,4,2026-07-10
2026-07-10 12:00:00,114.285190,114.303390,114.058240,114.107480,4,2026-07-10
2026-07-10 16:00:00,114.105250,114.238110,113.975650,114.210930,4,2026-07-10
2026-07-10 20:00:00,114.211920,114.220450,114.160820,114.189070,1,2026-07-10
2026-07-12 20:00:00,114.241920,114.628090,114.174800,114.583340,3,2026-07-13
2026-07-13 00:00:00,114.582110,114.943480,114.089630,114.243880,4,2026-07-13
2026-07-13 04:00:00,114.257120,114.535820,114.032300,114.236950,4,2026-07-13
2026-07-13 08:00:00,114.233110,114.427070,114.228940,114.365600,4,2026-07-13
2026-07-13 12:00:00,114.369960,114.620920,114.368380,114.544940,4,2026-07-13
2026-07-13 16:00:00,114.561540,114.699650,114.350150,114.564380,4,2026-07-13
2026-07-13 20:00:00,114.565790,114.752520,114.557470,114.712510,4,2026-07-14
2026-07-14 00:00:00,114.715380,114.855770,114.686810,114.826850,4,2026-07-14
2026-07-14 04:00:00,114.821480,114.839540,114.703100,114.754080,4,2026-07-14
2026-07-14 08:00:00,114.757840,114.867160,114.734300,114.832450,4,2026-07-14
2026-07-14 12:00:00,114.830760,114.883430,114.811690,114.846130,4,2026-07-14
2026-07-14 16:00:00,114.844030,115.193130,114.831030,115.162480,4,2026-07-14
2026-07-14 20:00:00,115.160680,115.200450,114.839110,115.098640,4,2026-07-15
2026-07-15 00:00:00,115.102220,115.326440,115.077670,115.280510,4,2026-07-15
2026-07-15 04:00:00,115.276680,115.491810,115.246550,115.338570,4,2026-07-15
2026-07-15 08:00:00,115.335420,115.435260,115.306330,115.403070,4,2026-07-15
2026-07-15 12:00:00,115.404510,115.486100,115.382380,115.432810,4,2026-07-15
2026-07-15 16:00:00,115.434580,115.541740,115.335910,115.475600,4,2026-07-15
2026-07-15 20:00:00,115.483190,115.498900,115.309350,115.311590,4,2026-07-16
2026-07-16 00:00:00,115.315640,115.483290,115.306490,115.448870,4,2026-07-16
2026-07-16 04:00:00,115.446390,115.564750,115.384160,115.476360,4,2026-07-16
2026-07-16 08:00:00,115.477930,115.504720,115.363870,115.396860,4,2026-07-16
2026-07-16 12:00:00,115.393440,115.433580,115.360670,115.431140,4,2026-07-16
2026-07-16 16:00:00,115.427230,115.502690,115.364020,115.499520,4,2026-07-16
2026-07-16 20:00:00,115.495140,115.823440,115.495140,115.770910,4,2026-07-17
2026-07-17 00:00:00,115.769570,115.830300,115.566630,115.575710,4,2026-07-17
2026-07-17 04:00:00,115.573110,115.656170,115.542130,115.632250,4,2026-07-17
2026-07-17 08:00:00,115.629480,115.785260,115.609710,115.722370,4,2026-07-17
2026-07-17 12:00:00,115.718760,115.747110,115.627260,115.701800,4,2026-07-17
2026-07-17 16:00:00,115.702430,115.779440,115.570300,115.728160,4,2026-07-17
2026-07-17 20:00:00,115.729290,115.779300,115.657180,115.658340,1,2026-07-17
2026-07-19 20:00:00,115.820340,115.867080,115.807410,115.858620,3,2026-07-20
2026-07-20 00:00:00,115.857080,115.996820,115.800210,115.831890,4,2026-07-20
2026-07-20 04:00:00,115.829970,116.072990,115.756550,115.888510,4,2026-07-20
2026-07-20 08:00:00,115.887250,115.968950,115.835690,115.900910,4,2026-07-20
2026-07-20 12:00:00,115.901980,115.943410,115.866450,115.892550,4,2026-07-20
2026-07-20 16:00:00,115.894500,115.983440,115.719610,115.754940,4,2026-07-20
2026-07-20 20:00:00,115.749860,115.854180,115.574020,115.692500,4,2026-07-21
2026-07-21 00:00:00,115.683460,115.783310,115.554170,115.584420,4,2026-07-21
2026-07-21 04:00:00,115.582180,115.607450,115.382690,115.391070,4,2026-07-21
2026-07-21 08:00:00,115.392170,115.490620,115.370860,115.475680,4,2026-07-21
2026-07-21 12:00:00,115.474820,115.523600,115.394140,115.509180,4,2026-07-21
2026-07-21 16:00:00,115.512610,115.739460,115.442480,115.737630,4,2026-07-21
2026-07-21 20:00:00,115.734990,115.749800,115.538470,115.617390,4,2026-07-22
2026-07-22 00:00:00,115.626270,115.732500,115.559620,115.605270,4,2026-07-22
2026-07-22 04:00:00,115.602620,115.729240,115.562730,115.643500,4,2026-07-22
2026-07-22 08:00:00,115.640580,115.708340,115.602760,115.687690,4,2026-07-22
2026-07-22 12:00:00,115.685960,115.692990,115.616090,115.632050,4,2026-07-22
2026-07-22 16:00:00,115.637360,115.816380,115.611050,115.664440,4,2026-07-22
2026-07-22 20:00:00,115.665720,115.816040,115.582070,115.737520,4,2026-07-23
2026-07-23 00:00:00,115.734720,115.835670,115.716530,115.775710,4,2026-07-23
2026-07-23 04:00:00,115.773000,115.868000,115.765550,115.811320,4,2026-07-23
2026-07-23 08:00:00,115.808800,115.862430,115.763000,115.858140,4,2026-07-23
2026-07-23 12:00:00,115.852040,115.979900,115.852040,115.976060,4,2026-07-23
2026-07-23 16:00:00,115.970050,116.150690,115.934540,116.032360,4,2026-07-23
2026-07-23 20:00:00,116.030090,116.470440,115.965700,116.460940,4,2026-07-24
2026-07-24 00:00:00,116.461310,116.466350,116.232670,116.367010,4,2026-07-24
2026-07-24 04:00:00,116.365020,116.374870,116.277060,116.335280,4,2026-07-24
2026-07-24 08:00:00,116.333100,116.461620,116.309420,116.374550,4,2026-07-24
2026-07-24 12:00:00,116.374790,116.394940,116.319980,116.335230,4,2026-07-24
2026-07-24 16:00:00,116.337130,116.382310,116.235570,116.254450,4,2026-07-24
2026-07-24 20:00:00,116.248450,116.355020,116.243710,116.342870,1,2026-07-24
2026-07-26 20:00:00,116.245840,116.251070,116.021140,116.078520,3,2026-07-27
2026-07-27 00:00:00,116.077850,116.304840,115.937390,116.255740,4,2026-07-27
2026-07-27 04:00:00,116.253740,116.411760,115.947420,116.159920,4,2026-07-27
2026-07-27 08:00:00,116.155660,116.222020,116.128330,116.172910,4,2026-07-27
2026-07-27 12:00:00,116.180380,116.203730,116.122750,116.147340,4,2026-07-27
2026-07-27 16:00:00,116.149090,116.149760,115.883040,115.936250,4,2026-07-27
2026-07-27 20:00:00,115.933450,116.123990,115.927600,116.122620,4,2026-07-28
2026-07-28 00:00:00,116.119410,116.125040,115.934610,115.956890,4,2026-07-28
2026-07-28 04:00:00,115.954840,115.960260,115.881380,115.927120,4,2026-07-28
2026-07-28 08:00:00,115.929820,116.031510,115.919400,115.974810,4,2026-07-28
2026-07-28 12:00:00,115.976100,116.024670,115.916160,115.987200,4,2026-07-28
2026-07-28 16:00:00,115.980640,116.128400,115.906290,116.095860,4,2026-07-28
2026-07-28 20:00:00,116.092760,116.231540,116.085520,116.180890,4,2026-07-29
2026-07-29 00:00:00,116.182830,116.236550,116.113100,116.133360,4,2026-07-29
2026-07-29 04:00:00,116.130730,116.202270,116.079500,116.142700,4,2026-07-29
2026-07-29 08:00:00,116.142690,116.194840,116.069180,116.123290,4,2026-07-29
2026-07-29 12:00:00,116.115670,116.162320,115.887210,116.024160,4,2026-07-29
2026-07-29 16:00:00,116.018540,116.144930,115.973120,116.021430,4,2026-07-29
2026-07-29 20:00:00,116.022620,116.305150,115.981890,116.293550,4,2026-07-30
2026-07-30 00:00:00,116.295710,116.329140,116.181340,116.214750,4,2026-07-30
2026-07-30 04:00:00,116.209310,116.462670,116.119500,116.372630,4,2026-07-30
2026-07-30 08:00:00,116.370280,116.442480,116.306200,116.377180,4,2026-07-30
2026-07-30 12:00:00,116.374860,116.411520,116.309740,116.378920,4,2026-07-30
2026-07-30 16:00:00,116.374890,116.449730,116.228110,116.230040,4,2026-07-30
2026-07-30 20:00:00,116.235450,116.256240,114.133980,114.263920,4,2026-07-31
2026-07-31 00:00:00,114.234500,114.373480,112.744700,113.634030,4,2026-07-31
2026-07-31 04:00:00,113.636200,113.930350,113.523020,113.901000,4,2026-07-31
2026-07-31 08:00:00,113.907110,114.687460,113.853780,114.667010,4,2026-07-31
2026-07-31 12:00:00,114.660580,114.757570,114.471880,114.539540,4,2026-07-31
2026-07-31 16:00:00,114.543970,114.597030,113.119520,114.202230,4,2026-07-31
2026-07-31 20:00:00,114.184220,114.236720,114.047730,114.112250,1,2026-07-31
2026-08-02 20:00:00,112.339650,112.663980,112.319540,112.601440,3,2026-08-03
2026-08-03 00:00:00,112.601770,112.797740,112.285490,112.441430,4,2026-08-03
2026-08-03 04:00:00,112.442130,112.707150,112.054170,112.431040,4,2026-08-03
2026-08-03 08:00:00,112.420230,113.030770,110.767620,111.431210,4,2026-08-03
2026-08-03 12:00:00,111.426540,111.618850,111.371260,111.486850,4,2026-08-03
2026-08-03 16:00:00,111.485710,111.928690,111.458830,111.876270,4,2026-08-03
2026-08-03 20:00:00,111.864610,111.874010,111.313890,111.441190,4,2026-08-04
2026-08-04 00:00:00,111.433230,111.833630,111.392000,111.760010,4,2026-08-04
2026-08-04 04:00:00,111.757450,111.928790,111.581640,111.910240,4,2026-08-04
2026-08-04 08:00:00,111.911560,112.232580,111.911560,112.202370,4,2026-08-04
2026-08-04 12:00:00,112.196210,112.303710,112.129630,112.236850,4,2026-08-04
2026-08-04 16:00:00,112.232620,112.524500,112.078260,112.496370,4,2026-08-04
2026-08-04 20:00:00,112.493900,112.516540,111.795980,111.921220,4,2026-08-05
2026-08-05 00:00:00,111.928060,112.150380,111.815920,111.996480,4,2026-08-05
2026-08-05 04:00:00,111.994900,112.215420,111.978590,112.139650,4,2026-08-05
2026-08-05 08:00:00,112.138270,112.192580,111.938070,112.020680,4,2026-08-05
2026-08-05 12:00:00,112.017380,112.060880,111.802370,112.022760,4,2026-08-05
2026-08-05 16:00:00,112.018720,112.239420,111.940690,112.167020,4,2026-08-05
2026-08-05 20:00:00,112.160740,112.210930,112.035770,112.171980,4,2026-08-06
2026-08-06 00:00:00,112.177300,112.542980,112.114200,112.532210,4,2026-08-06
2026-08-06 04:00:00,112.534710,112.642800,112.523980,112.546370,4,2026-08-06
2026-08-06 08:00:00,112.541470,112.632260,112.467520,112.572400,4,2026-08-06
2026-08-06 12:00:00,112.569480,112.595190,112.537280,112.585540,4,2026-08-06
2026-08-06 16:00:00,112.583290,112.713750,112.563910,112.684870,4,2026-08-06
2026-08-06 20:00:00,112.685920,112.845210,112.607300,112.641560,4,2026-08-07
2026-08-07 00:00:00,112.631560,113.076430,112.606020,113.026410,4,2026-08-07
2026-08-07 04:00:00,113.023280,113.119900,112.970810,113.087360,4,2026-08-07
2026-08-07 08:00:00,113.084230,113.132540,112.908750,112.968400,4,2026-08-07
2026-08-07 12:00:00,112.965900,113.021720,112.900550,112.904850,4,2026-08-07
2026-08-07 16:00:00,112.912060,113.010060,112.860460,112.994860,4,2026-08-07
2026-08-07 20:00:00,112.990080,113.000740,112.865740,112.912840,1,2026-08-07
2026-08-09 20:00:00,113.169250,113.212580,113.116100,113.180960,3,2026-08-10
2026-08-10 00:00:00,113.181280,113.236340,113.148860,113.180620,4,2026-08-10
2026-08-10 04:00:00,113.181420,113.235780,112.902070,113.059510,4,2026-08-10
2026-08-10 08:00:00,113.060780,113.466180,113.049150,113.461080,4,2026-08-10
2026-08-10 12:00:00,113.456390,113.456390,113.283320,113.446810,4,2026-08-10
2026-08-10 16:00:00,113.444320,113.945700,113.436290,113.937230,4,2026-08-10
2026-08-10 20:00:00,113.934790,113.992690,113.712300,113.976130,4,2026-08-11
2026-08-11 00:00:00,113.962700,114.176240,113.912570,114.106390,4,2026-08-11
2026-08-11 04:00:00,114.108290,114.343450,114.097520,114.255080,4,2026-08-11
2026-08-11 08:00:00,114.253690,114.295830,114.108260,114.248870,4,2026-08-11
2026-08-11 12:00:00,114.240850,114.324870,114.239640,114.303960,4,2026-08-11
2026-08-11 16:00:00,114.301120,114.388430,114.250890,114.330000,4,2026-08-11
2026-08-11 20:00:00,114.327520,114.365400,114.160920,114.254490,4,2026-08-12
2026-08-12 00:00:00,114.255130,114.467630,114.252030,114.419090,4,2026-08-12
2026-08-12 04:00:00,114.422700,114.472880,114.367480,114.377820,4,2026-08-12
2026-08-12 08:00:00,114.381980,114.470960,114.366970,114.389710,4,2026-08-12
2026-08-12 12:00:00,114.390420,114.494140,114.388670,114.440080,4,2026-08-12
2026-08-12 16:00:00,114.437430,114.448110,113.978930,114.201120,4,2026-08-12
2026-08-12 20:00:00,114.198460,114.319950,114.092020,114.263680,4,2026-08-13
2026-08-13 00:00:00,114.252010,114.423940,114.252010,114.380790,4,2026-08-13
2026-08-13 04:00:00,114.378820,114.421710,114.341410,114.366150,4,2026-08-13
2026-08-13 08:00:00,114.364790,114.384170,114.243170,114.278350,4,2026-08-13
2026-08-13 12:00:00,114.275900,114.341510,114.152490,114.228720,4,2026-08-13
2026-08-13 16:00:00,114.225580,114.312140,114.190120,114.311420,4,2026-08-13
2026-08-13 20:00:00,114.306760,114.339960,114.168440,114.179560,4,2026-08-14
2026-08-14 00:00:00,114.178640,114.513530,114.030700,114.469160,4,2026-08-14
2026-08-14 04:00:00,114.471260,114.547770,114.408990,114.485050,4,2026-08-14
2026-08-14 08:00:00,114.485950,114.548720,114.444260,114.476440,4,2026-08-14
2026-08-14 12:00:00,114.473810,114.510840,114.444190,114.489770,4,2026-08-14
2026-08-14 16:00:00,114.486580,114.650930,114.414960,114.590060,4,2026-08-14
2026-08-14 20:00:00,114.586370,114.618600,114.557400,114.617690,1,2026-08-14
2026-08-16 20:00:00,114.817810,114.852920,114.775900,114.816130,3,2026-08-17
2026-08-17 00:00:00,114.814520,114.887020,114.764400,114.843150,4,2026-08-17
2026-08-17 04:00:00,114.839840,114.925950,114.684390,114.820370,4,2026-08-17
2026-08-17 08:00:00,114.818170,114.891100,114.660900,114.711070,4,2026-08-17
2026-08-17 12:00:00,114.713040,114.777720,114.637430,114.758770,4,2026-08-17
2026-08-17 16:00:00,114.756570,114.884600,114.636720,114.880420,4,2026-08-17
2026-08-17 20:00:00,114.876440,115.028720,114.813570,114.963840,4,2026-08-18
2026-08-18 00:00:00,114.966400,115.012460,114.855360,114.996360,4,2026-08-18
2026-08-18 04:00:00,114.992930,115.035000,114.878560,114.889530,4,2026-08-18
2026-08-18 08:00:00,114.885130,115.002690,114.856270,114.989110,4,2026-08-18
2026-08-18 12:00:00,114.986420,115.126470,114.966990,115.065210,4,2026-08-18
2026-08-18 16:00:00,115.060490,115.206310,115.060490,115.098240,4,2026-08-18
2026-08-18 20:00:00,115.092420,115.149710,114.976770,115.003900,4,2026-08-19
2026-08-19 00:00:00,114.996560,115.024060,114.793900,114.794330,4,2026-08-19
2026-08-19 04:00:00,114.795650,114.918920,114.747930,114.877640,4,2026-08-19
2026-08-19 08:00:00,114.879090,114.888840,114.677610,114.728700,4,2026-08-19
2026-08-19 12:00:00,114.726260,114.880340,114.625460,114.755270,4,2026-08-19
2026-08-19 16:00:00,114.757570,114.795760,114.586710,114.696580,4,2026-08-19
2026-08-19 20:00:00,114.694140,114.746200,114.151670,114.628440,4,2026-08-20
2026-08-20 00:00:00,114.621640,114.741650,114.472850,114.709170,4,2026-08-20
2026-08-20 04:00:00,114.718950,114.737670,114.467720,114.527910,4,2026-08-20
2026-08-20 08:00:00,114.529780,114.862890,114.466180,114.857350,4,2026-08-20
2026-08-20 12:00:00,114.846550,115.018500,114.730410,114.977680,4,2026-08-20
2026-08-20 16:00:00,114.972810,115.110240,114.815950,115.053110,4,2026-08-20
2026-08-20 20:00:00,115.049120,115.320420,115.006960,115.220190,4,2026-08-21
2026-08-21 00:00:00,115.208080,115.380250,115.111140,115.366750,4,2026-08-21
2026-08-21 04:00:00,115.368510,115.430120,115.300700,115.382060,4,2026-08-21
2026-08-21 08:00:00,115.381990,115.494660,115.258260,115.417360,4,2026-08-21
2026-08-21 12:00:00,115.420640,115.572580,115.403880,115.428780,4,2026-08-21
2026-08-21 16:00:00,115.433490,115.502740,115.220960,115.359530,4,2026-08-21
2026-08-21 20:00:00,115.351880,115.517860,115.348720,115.514280,1,2026-08-21
2026-08-23 20:00:00,115.438650,115.477820,115.434800,115.469230,3,2026-08-24
2026-08-24 00:00:00,115.467700,115.527720,115.294110,115.480660,4,2026-08-24
2026-08-24 04:00:00,115.480850,115.581720,114.777720,115.072760,4,2026-08-24
2026-08-24 08:00:00,115.088330,115.272270,115.088330,115.151920,4,2026-08-24
2026-08-24 12:00:00,115.154300,115.262020,115.127350,115.172160,4,2026-08-24
2026-08-24 16:00:00,115.177190,115.177190,114.988850,115.096540,4,2026-08-24
2026-08-24 20:00:00,115.099420,115.120550,114.825470,115.049640,4,2026-08-25
2026-08-25 00:00:00,115.053880,115.106530,114.817200,114.847950,4,2026-08-25
2026-08-25 04:00:00,114.852100,114.977760,114.850540,114.915210,4,2026-08-25
2026-08-25 08:00:00,114.919760,114.996740,114.866820,114.978270,4,2026-08-25
2026-08-25 12:00:00,114.983300,115.071460,114.880790,114.934860,4,2026-08-25
2026-08-25 16:00:00,114.933450,115.071370,114.907310,114.972910,4,2026-08-25
2026-08-25 20:00:00,114.966980,115.087780,114.868040,115.081260,4,2026-08-26
2026-08-26 00:00:00,115.069050,115.164050,115.031870,115.088240,4,2026-08-26
2026-08-26 04:00:00,115.090690,115.152810,114.988510,115.064340,4,2026-08-26
2026-08-26 08:00:00,115.063330,115.103110,114.847040,114.886880,4,2026-08-26
2026-08-26 12:00:00,114.884900,114.887760,114.657900,114.717710,4,2026-08-26
2026-08-26 16:00:00,114.714120,114.795270,114.624950,114.656450,4,2026-08-26
2026-08-26 20:00:00,114.657810,114.933980,114.651880,114.928340,4,2026-08-27
2026-08-27 00:00:00,114.918600,114.934740,114.730270,114.879010,4,2026-08-27
2026-08-27 04:00:00,114.882190,114.909260,114.775010,114.817570,4,2026-08-27
2026-08-27 08:00:00,114.810250,114.830580,114.654100,114.742220,4,2026-08-27
2026-08-27 12:00:00,114.737090,114.833520,114.737090,114.785250,4,2026-08-27
2026-08-27 16:00:00,114.782930,114.875150,114.690000,114.873940,4,2026-08-27
2026-08-27 20:00:00,114.870010,115.051540,114.834010,114.974580,4,2026-08-28
2026-08-28 00:00:00,114.965630,115.042830,114.888360,115.040820,4,2026-08-28
2026-08-28 04:00:00,115.037880,115.091680,114.996880,115.050610,4,2026-08-28
2026-08-28 08:00:00,115.047670,115.084500,115.009060,115.076330,4,2026-08-28
2026-08-28 12:00:00,115.072960,115.186210,115.071780,115.166220,4,2026-08-28
2026-08-28 16:00:00,115.163340,115.237150,115.079090,115.236160,4,2026-08-28
2026-08-28 20:00:00,115.231560,115.324510,115.210250,115.307060,1,2026-08-28
2026-08-30 20:00:00,115.121720,115.195760,115.089410,115.147220,3,2026-08-31
2026-08-31 00:00:00,115.144460,115.202490,115.093500,115.155500,4,2026-08-31
2026-08-31 04:00:00,115.156340,115.233010,114.830430,115.124340,4,2026-08-31
2026-08-31 08:00:00,115.122250,115.238780,114.982320,115.060120,4,2026-08-31
2026-08-31 12:00:00,115.057070,115.069250,114.988070,115.043480,4,2026-08-31
2026-08-31 16:00:00,115.041320,115.082070,114.785770,114.987740,4,2026-08-31
2026-08-31 20:00:00,114.982670,115.216460,114.925580,115.165540,4,2026-09-01
2026-09-01 00:00:00,115.167970,115.265590,115.140410,115.256850,4,2026-09-01
2026-09-01 04:00:00,115.253940,115.335890,115.222530,115.300860,4,2026-09-01
2026-09-01 08:00:00,115.299330,115.409960,115.230610,115.233160,4,2026-09-01
2026-09-01 12:00:00,115.235990,115.333980,115.233110,115.302910,4,2026-09-01
2026-09-01 16:00:00,115.297640,115.398720,115.280800,115.397610,4,2026-09-01
2026-09-01 20:00:00,115.394210,115.419980,115.193570,115.239560,4,2026-09-02
2026-09-02 00:00:00,115.244320,115.276820,115.073620,115.240000,4,2026-09-02
2026-09-02 04:00:00,115.241830,115.338890,115.202930,115.207220,4,2026-09-02
2026-09-02 08:00:00,115.204720,115.384240,115.201960,115.358740,4,2026-09-02
2026-09-02 12:00:00,115.363140,115.363140,114.857180,114.860810,4,2026-09-02
2026-09-02 16:00:00,114.864340,114.879710,114.566920,114.699080,4,2026-09-02
2026-09-02 20:00:00,114.695410,114.821520,113.843410,114.328480,4,2026-09-03
2026-09-03 00:00:00,114.307820,114.816640,114.300320,114.773380,4,2026-09-03
2026-09-03 04:00:00,114.774860,114.881360,114.605700,114.650930,4,2026-09-03
2026-09-03 08:00:00,114.647930,114.861730,114.375200,114.550920,4,2026-09-03
2026-09-03 12:00:00,114.543200,114.577930,113.790330,113.821460,4,2026-09-03
2026-09-03 16:00:00,113.817530,113.831160,113.078000,113.253830,4,2026-09-03
2026-09-03 20:00:00,113.264880,113.305810,112.633100,112.685330,4,2026-09-04
2026-09-04 00:00:00,112.676550,112.956000,112.592560,112.777840,4,2026-09-04
2026-09-04 04:00:00,112.774810,113.091050,112.725320,112.983630,4,2026-09-04
2026-09-04 08:00:00,112.979790,113.222450,112.634970,113.066700,4,2026-09-04
2026-09-04 12:00:00,113.082930,113.426990,112.999610,113.364650,4,2026-09-04
2026-09-04 16:00:00,113.364970,113.457870,113.177880,113.361180,4,2026-09-04
2026-09-04 20:00:00,113.356330,113.363210,113.208390,113.209890,1,2026-09-04
2026-09-06 20:00:00,112.912580,113.092800,112.824800,113.048070,3,2026-09-07
2026-09-07 00:00:00,113.047180,113.140080,112.894120,112.921170,4,2026-09-07
2026-09-07 04:00:00,112.918670,113.046080,112.665530,112.876710,4,2026-09-07
2026-09-07 08:00:00,112.874780,112.956150,112.628690,112.773410,4,2026-09-07
2026-09-07 12:00:00,112.769620,112.898910,112.659480,112.662700,4,2026-09-07
2026-09-07 16:00:00,112.666540,112.703660,111.445000,111.797090,4,2026-09-07
2026-09-07 20:00:00,111.793980,112.007000,111.668340,111.937550,4,2026-09-08
2026-09-08 00:00:00,111.929510,112.003560,111.697400,111.754480,4,2026-09-08
2026-09-08 04:00:00,111.756850,111.831340,111.688610,111.744140,4,2026-09-08
2026-09-08 08:00:00,111.742790,111.775120,111.127090,111.143210,4,2026-09-08
2026-09-08 12:00:00,111.149870,111.309410,110.769480,111.222160,4,2026-09-08
2026-09-08 16:00:00,111.251460,111.777990,111.173390,111.546540,4,2026-09-08
2026-09-08 20:00:00,111.538990,111.833330,111.482400,111.623320,4,2026-09-09
2026-09-09 00:00:00,111.624870,112.010310,111.553990,111.903430,4,2026-09-09
2026-09-09 04:00:00,111.910070,112.012260,111.474500,111.603910,4,2026-09-09
2026-09-09 08:00:00,111.607360,111.671490,111.256220,111.455340,4,2026-09-09
2026-09-09 12:00:00,111.457360,111.533330,111.273130,111.279450,4,2026-09-09
2026-09-09 16:00:00,111.290200,111.533660,111.069050,111.486580,4,2026-09-09
2026-09-09 20:00:00,111.479890,111.508480,111.134050,111.172420,4,2026-09-10
2026-09-10 00:00:00,111.179870,111.359350,111.034080,111.195000,4,2026-09-10
2026-09-10 04:00:00,111.196530,111.333570,111.159600,111.258340,4,2026-09-10
2026-09-10 08:00:00,111.253360,111.336220,111.087290,111.204430,4,2026-09-10
2026-09-10 12:00:00,111.199200,111.298260,111.039610,111.272550,4,2026-09-10
2026-09-10 16:00:00,111.270520,111.359820,111.039810,111.306980,4,2026-09-10
2026-09-10 20:00:00,111.303310,111.894150,111.279710,111.490860,4,2026-09-11
2026-09-11 00:00:00,111.512680,111.777250,111.274060,111.610540,4,2026-09-11
2026-09-11 04:00:00,111.606980,111.682360,111.556280,111.650690,4,2026-09-11
2026-09-11 08:00:00,111.648010,111.744430,111.467700,111.548460,4,2026-09-11
2026-09-11 12:00:00,111.552520,111.643540,111.301070,111.318460,4,2026-09-11
2026-09-11 16:00:00,111.320520,111.531340,111.236720,111.279850,4,2026-09-11
2026-09-11 20:00:00,111.274540,111.300010,111.088990,111.091930,1,2026-09-11
2026-09-13 20:00:00,110.734150,111.014620,110.043260,110.267860,3,2026-09-14
2026-09-14 00:00:00,110.265520,111.110650,110.061090,110.725490,4,2026-09-14
2026-09-14 04:00:00,110.702330,110.952920,110.378020,110.664620,4,2026-09-14
2026-09-14 08:00:00,110.664470,110.957350,110.610780,110.847990,4,2026-09-14
2026-09-14 12:00:00,110.848310,111.105330,110.845730,111.014180,4,2026-09-14
2026-09-14 16:00:00,111.016120,111.296220,111.010760,111.250720,4,2026-09-14
2026-09-14 20:00:00,111.247600,111.356370,111.113960,111.266840,4,2026-09-15
2026-09-15 00:00:00,111.286190,111.286190,110.915790,111.067040,4,2026-09-15
2026-09-15 04:00:00,111.059770,111.087130,110.797640,111.035640,4,2026-09-15
2026-09-15 08:00:00,111.033140,111.282560,110.963090,111.278910,4,2026-09-15
2026-09-15 12:00:00,111.277440,111.351160,111.137450,111.292620,4,2026-09-15
2026-09-15 16:00:00,111.286810,111.652810,111.242410,111.422280,4,2026-09-15
2026-09-15 20:00:00,111.414760,111.479250,111.168280,111.419950,4,2026-09-16
2026-09-16 00:00:00,111.408420,111.545850,111.316740,111.537320,4,2026-09-16
2026-09-16 04:00:00,111.537740,111.551520,111.388220,111.455000,4,2026-09-16
2026-09-16 08:00:00,111.452290,111.606170,111.375100,111.530290,4,2026-09-16
2026-09-16 12:00:00,111.533290,111.559380,111.430620,111.467510,4,2026-09-16
2026-09-16 16:00:00,111.463250,111.468530,111.159630,111.355170,4,2026-09-16
2026-09-16 20:00:00,111.356540,111.433350,111.186910,111.421550,4,2026-09-17
2026-09-17 00:00:00,111.424020,111.441930,111.210610,111.232350,4,2026-09-17
2026-09-17 04:00:00,111.229570,111.807620,111.196760,111.679330,4,2026-09-17
2026-09-17 08:00:00,111.683600,111.749910,111.449080,111.618330,4,2026-09-17
2026-09-17 12:00:00,111.614690,111.673680,111.279310,111.312080,4,2026-09-17
2026-09-17 16:00:00,111.298320,111.432550,111.167160,111.306240,4,2026-09-17
2026-09-17 20:00:00,111.299680,111.386510,111.082830,111.357590,4,2026-09-18
2026-09-18 00:00:00,111.353760,111.610930,111.310510,111.539430,4,2026-09-18
2026-09-18 04:00:00,111.539870,111.572790,111.448200,111.469870,4,2026-09-18
2026-09-18 08:00:00,111.471540,111.743270,111.439760,111.713430,4,2026-09-18
2026-09-18 12:00:00,111.715720,112.482020,111.488370,112.340030,4,2026-09-18
2026-09-18 16:00:00,112.346780,112.880760,111.882140,112.853140,4,2026-09-18
2026-09-18 20:00:00,112.857720,112.871180,112.644370,112.657780,1,2026-09-18
