datetime,open,high,low,close,n_h1,trading_day
2020-01-29 12:00:00,120.280000,120.285000,120.235000,120.260000,1,2020-01-29
2020-01-29 16:00:00,120.255000,120.270000,119.985000,120.010002,4,2020-01-29
2020-01-29 20:00:00,120.019997,120.074997,119.935000,120.010002,4,2020-01-30
2020-01-30 00:00:00,120.004997,120.130000,119.890000,120.115000,4,2020-01-30
2020-01-30 04:00:00,120.115000,120.240000,120.010002,120.040001,4,2020-01-30
2020-01-30 08:00:00,120.040001,120.130000,119.950000,120.010002,4,2020-01-30
2020-01-30 12:00:00,120.019997,120.059998,119.890000,119.980000,4,2020-01-30
2020-01-30 16:00:00,119.980000,120.000000,119.800000,119.960000,4,2020-01-30
2020-01-30 20:00:00,119.960000,120.080002,119.895000,119.915000,4,2020-01-31
2020-01-31 00:00:00,119.915000,120.120000,119.885000,119.960000,4,2020-01-31
2020-01-31 04:00:00,119.965000,120.170000,119.785000,120.160000,4,2020-01-31
2020-01-31 08:00:00,120.145000,120.320000,120.059998,120.315000,4,2020-01-31
2020-01-31 12:00:00,120.300000,120.405000,120.195000,120.255000,4,2020-01-31
2020-01-31 16:00:00,120.260000,120.300000,120.125000,120.150000,4,2020-01-31
2020-01-31 20:00:00,120.150000,120.260000,120.089996,120.180000,2,2020-01-31
2020-02-03 04:00:00,120.265000,120.320000,120.185000,120.185000,1,2020-02-03
2020-02-03 08:00:00,120.190000,120.380000,120.040001,120.240000,4,2020-02-03
2020-02-03 12:00:00,120.230000,120.345000,120.155000,120.210000,4,2020-02-03
2020-02-03 16:00:00,120.225000,120.380000,120.130000,120.205000,4,2020-02-03
2020-02-03 20:00:00,120.195000,120.195000,119.965000,120.080002,4,2020-02-04
2020-02-04 00:00:00,120.089996,120.255000,119.920000,120.125000,4,2020-02-04
2020-02-04 04:00:00,120.135000,120.270000,120.095001,120.185000,4,2020-02-04
2020-02-04 08:00:00,120.195000,120.240000,120.080002,120.115000,4,2020-02-04
2020-02-04 12:00:00,120.110000,120.315000,120.065002,120.265000,4,2020-02-04
2020-02-04 16:00:00,120.270000,120.600000,120.250000,120.560000,4,2020-02-04
2020-02-04 20:00:00,120.570000,120.680000,120.455000,120.515000,4,2020-02-05
2020-02-05 00:00:00,120.530000,120.830000,120.500000,120.820000,4,2020-02-05
2020-02-05 04:00:00,120.825000,120.980000,120.795000,120.900000,4,2020-02-05
2020-02-05 08:00:00,120.910000,120.990000,120.795000,120.830000,4,2020-02-05
2020-02-05 12:00:00,120.835000,120.890000,120.720000,120.805000,4,2020-02-05
2020-02-05 16:00:00,120.795000,121.155000,120.660000,120.970000,4,2020-02-05
2020-02-05 20:00:00,120.965000,121.050003,120.740000,120.890000,4,2020-02-06
2020-02-06 00:00:00,120.895000,120.995000,120.665000,120.790000,4,2020-02-06
2020-02-06 04:00:00,120.790000,120.820000,120.690000,120.775000,4,2020-02-06
2020-02-06 08:00:00,120.780000,120.890000,120.700000,120.790000,4,2020-02-06
2020-02-06 12:00:00,120.785000,120.940000,120.750000,120.905000,4,2020-02-06
2020-02-06 16:00:00,120.915000,121.029999,120.830000,120.895000,4,2020-02-06
2020-02-06 20:00:00,120.895000,120.930000,120.775000,120.870000,4,2020-02-07
2020-02-07 00:00:00,120.875000,120.950000,120.565000,120.640000,4,2020-02-07
2020-02-07 04:00:00,120.640000,120.785000,120.630000,120.760000,4,2020-02-07
2020-02-07 08:00:00,120.765000,120.810000,120.580000,120.665000,4,2020-02-07
2020-02-07 12:00:00,120.655000,120.765000,120.625000,120.700000,4,2020-02-07
2020-02-07 16:00:00,120.700000,120.760000,120.465000,120.480000,4,2020-02-07
2020-02-07 20:00:00,120.490000,120.560000,120.120000,120.250000,2,2020-02-07
2020-02-10 04:00:00,120.050003,120.059998,120.010002,120.044998,2,2020-02-10
2020-02-10 08:00:00,120.044998,120.155000,119.970000,120.099998,4,2020-02-10
2020-02-10 12:00:00,120.110000,120.335000,120.070000,120.230000,4,2020-02-10
2020-02-10 16:00:00,120.230000,120.335000,120.145000,120.220000,4,2020-02-10
2020-02-10 20:00:00,120.225000,120.270000,120.115000,120.165000,4,2020-02-11
2020-02-11 00:00:00,120.170000,120.230000,119.765000,119.810000,4,2020-02-11
2020-02-11 04:00:00,119.820000,119.840000,119.660000,119.755000,4,2020-02-11
2020-02-11 08:00:00,119.760000,119.840000,119.710000,119.800000,4,2020-02-11
2020-02-11 12:00:00,119.810000,119.970000,119.790000,119.875000,4,2020-02-11
2020-02-11 16:00:00,119.880000,120.014999,119.820000,119.885000,4,2020-02-11
2020-02-11 20:00:00,119.885000,119.995000,119.820000,119.840000,4,2020-02-12
2020-02-12 00:00:00,119.830000,120.029999,119.600000,119.845000,4,2020-02-12
2020-02-12 04:00:00,119.865000,119.955000,119.825000,119.870000,4,2020-02-12
2020-02-12 08:00:00,119.880000,119.955000,119.820000,119.880000,4,2020-02-12
2020-02-12 12:00:00,119.895000,120.000000,119.835000,119.845000,4,2020-02-12
2020-02-12 16:00:00,119.845000,120.305000,119.765000,120.255000,4,2020-02-12
2020-02-12 20:00:00,120.265000,120.265000,119.940000,119.990000,4,2020-02-13
2020-02-13 00:00:00,119.990000,120.055000,119.770000,119.830000,4,2020-02-13
2020-02-13 04:00:00,119.825000,119.835000,119.610000,119.715000,4,2020-02-13
2020-02-13 08:00:00,119.705000,119.740000,119.405000,119.480000,4,2020-02-13
2020-02-13 12:00:00,119.470000,119.605000,119.385000,119.405000,4,2020-02-13
2020-02-13 16:00:00,119.400000,119.535000,119.345000,119.490000,4,2020-02-13
2020-02-13 20:00:00,119.495000,119.560000,119.050003,119.205000,4,2020-02-14
2020-02-14 00:00:00,119.205000,119.280000,118.880000,119.140000,4,2020-02-14
2020-02-14 04:00:00,119.135000,119.140000,118.985000,119.025002,4,2020-02-14
2020-02-14 08:00:00,119.019997,119.089996,118.885000,119.065002,4,2020-02-14
2020-02-14 12:00:00,119.080002,119.105000,118.925000,118.935000,4,2020-02-14
2020-02-14 16:00:00,118.935000,119.070000,118.900000,119.050003,4,2020-02-14
2020-02-14 20:00:00,119.044998,119.145000,119.014999,119.035004,2,2020-02-14
2020-02-17 04:00:00,119.070000,119.135000,119.040001,119.115000,1,2020-02-17
2020-02-17 08:00:00,119.115000,119.150000,118.910000,118.950000,4,2020-02-17
2020-02-17 12:00:00,118.940000,119.080002,118.915000,119.035004,4,2020-02-17
2020-02-17 16:00:00,119.044998,119.145000,119.004997,119.130000,4,2020-02-17
2020-02-17 20:00:00,119.125000,119.210000,119.055000,119.084999,4,2020-02-18
2020-02-18 00:00:00,119.080002,119.165000,119.010002,119.130000,4,2020-02-18
2020-02-18 04:00:00,119.125000,119.160000,119.059998,119.089996,4,2020-02-18
2020-02-18 08:00:00,119.095001,119.115000,118.815000,118.820000,4,2020-02-18
2020-02-18 12:00:00,118.820000,118.890000,118.735000,118.865000,4,2020-02-18
2020-02-18 16:00:00,118.855000,118.965000,118.770000,118.830000,4,2020-02-18
2020-02-18 20:00:00,118.825000,118.910000,118.665000,118.710000,4,2020-02-19
2020-02-19 00:00:00,118.715000,118.880000,118.470000,118.735000,4,2020-02-19
2020-02-19 04:00:00,118.750000,118.780000,118.555000,118.595000,4,2020-02-19
2020-02-19 08:00:00,118.600000,118.715000,118.550000,118.690000,4,2020-02-19
2020-02-19 12:00:00,118.685000,118.950000,118.630000,118.805000,4,2020-02-19
2020-02-19 16:00:00,118.795000,119.074997,118.730000,119.050003,4,2020-02-19
2020-02-19 20:00:00,119.044998,119.375000,119.014999,119.330000,4,2020-02-20
2020-02-20 00:00:00,119.335000,120.120000,119.275000,120.010002,4,2020-02-20
2020-02-20 04:00:00,119.995000,120.505000,119.920000,120.260000,4,2020-02-20
2020-02-20 08:00:00,120.260000,120.380000,120.105000,120.225000,4,2020-02-20
2020-02-20 12:00:00,120.235000,120.410000,120.095001,120.250000,4,2020-02-20
2020-02-20 16:00:00,120.265000,120.650000,120.215000,120.640000,4,2020-02-20
2020-02-20 20:00:00,120.650000,121.089996,120.645000,120.795000,4,2020-02-21
2020-02-21 00:00:00,120.800000,121.390000,120.505000,120.775000,4,2020-02-21
2020-02-21 04:00:00,120.775000,120.975000,120.760000,120.935000,4,2020-02-21
2020-02-21 08:00:00,120.920000,121.040001,120.770000,120.980000,4,2020-02-21
2020-02-21 12:00:00,120.960000,121.000000,120.760000,120.870000,4,2020-02-21
2020-02-21 16:00:00,120.865000,120.905000,120.360000,120.790000,4,2020-02-21
2020-02-21 20:00:00,120.815000,120.905000,120.665000,120.730000,2,2020-02-21
2020-02-24 04:00:00,120.620000,120.650000,120.540000,120.575000,1,2020-02-24
2020-02-24 08:00:00,120.575000,121.074997,120.245000,120.865000,4,2020-02-24
2020-02-24 12:00:00,120.860000,120.895000,120.610000,120.740000,4,2020-02-24
2020-02-24 16:00:00,120.725000,120.785000,120.475000,120.610000,4,2020-02-24
2020-02-24 20:00:00,120.610000,120.725000,120.310000,120.450000,4,2020-02-25
2020-02-25 00:00:00,120.440000,120.525000,119.940000,120.029999,4,2020-02-25
2020-02-25 04:00:00,120.040001,120.220000,119.895000,120.165000,4,2020-02-25
2020-02-25 08:00:00,120.155000,120.440000,120.059998,120.340000,4,2020-02-25
2020-02-25 12:00:00,120.355000,120.540000,120.320000,120.345000,4,2020-02-25
2020-02-25 16:00:00,120.355000,120.380000,120.059998,120.080002,4,2020-02-25
2020-02-25 20:00:00,120.059998,120.120000,119.595000,119.930000,4,2020-02-26
2020-02-26 00:00:00,119.930000,119.950000,119.425000,119.805000,4,2020-02-26
2020-02-26 04:00:00,119.790000,119.855000,119.590000,119.830000,4,2020-02-26
2020-02-26 08:00:00,119.830000,120.055000,119.800000,119.800000,4,2020-02-26
2020-02-26 12:00:00,119.805000,120.185000,119.755000,120.070000,4,2020-02-26
2020-02-26 16:00:00,120.065002,120.235000,119.935000,120.080002,4,2020-02-26
2020-02-26 20:00:00,120.080002,120.595000,119.965000,120.080002,4,2020-02-27
2020-02-27 00:00:00,120.074997,120.375000,119.930000,120.150000,4,2020-02-27
2020-02-27 04:00:00,120.155000,120.230000,119.970000,120.210000,4,2020-02-27
2020-02-27 08:00:00,120.220000,120.380000,120.070000,120.250000,4,2020-02-27
2020-02-27 12:00:00,120.230000,120.365000,120.029999,120.029999,4,2020-02-27
2020-02-27 16:00:00,120.040001,120.510000,119.955000,120.480000,4,2020-02-27
2020-02-27 20:00:00,120.490000,120.555000,120.250000,120.465000,4,2020-02-28
2020-02-28 00:00:00,120.450000,121.004997,120.345000,120.920000,4,2020-02-28
2020-02-28 04:00:00,120.905000,121.044998,120.740000,120.765000,4,2020-02-28
2020-02-28 08:00:00,120.730000,120.760000,120.305000,120.385000,4,2020-02-28
2020-02-28 12:00:00,120.405000,120.445000,119.710000,119.790000,4,2020-02-28
2020-02-28 16:00:00,119.785000,120.105000,119.630000,119.925000,4,2020-02-28
2020-02-28 20:00:00,119.910000,120.070000,119.835000,119.870000,2,2020-02-28
2020-03-02 04:00:00,118.480000,118.595000,118.430000,118.540000,1,2020-03-02
2020-03-02 08:00:00,118.525000,119.200000,118.525000,119.040001,4,2020-03-02
2020-03-02 12:00:00,119.019997,119.835000,118.960000,119.515000,4,2020-03-02
2020-03-02 16:00:00,119.510000,120.245000,119.390000,119.730000,4,2020-03-02
2020-03-02 20:00:00,119.750000,119.815000,119.260000,119.780000,4,2020-03-03
2020-03-03 00:00:00,119.795000,120.645000,119.580000,120.595000,4,2020-03-03
2020-03-03 04:00:00,120.595000,120.750000,120.330000,120.750000,4,2020-03-03
2020-03-03 08:00:00,120.740000,120.950000,120.485000,120.590000,4,2020-03-03
2020-03-03 12:00:00,120.590000,120.590000,120.014999,120.155000,4,2020-03-03
2020-03-03 16:00:00,120.150000,120.310000,119.985000,120.074997,4,2020-03-03
2020-03-03 20:00:00,120.070000,120.195000,119.735000,119.765000,4,2020-03-04
2020-03-04 00:00:00,119.770000,120.490000,119.535000,119.890000,4,2020-03-04
2020-03-04 04:00:00,119.890000,119.985000,119.615000,119.865000,4,2020-03-04
2020-03-04 08:00:00,119.855000,119.970000,119.470000,119.915000,4,2020-03-04
2020-03-04 12:00:00,119.915000,120.095001,119.700000,119.825000,4,2020-03-04
2020-03-04 16:00:00,119.830000,120.135000,119.760000,119.935000,4,2020-03-04
2020-03-04 20:00:00,119.930000,120.089996,119.480000,119.505000,4,2020-03-05
2020-03-05 00:00:00,119.525000,119.725000,119.080002,119.485000,4,2020-03-05
2020-03-05 04:00:00,119.465000,119.750000,119.420000,119.730000,4,2020-03-05
2020-03-05 08:00:00,119.720000,119.995000,119.645000,119.755000,4,2020-03-05
2020-03-05 12:00:00,119.755000,119.755000,119.480000,119.550000,4,2020-03-05
2020-03-05 16:00:00,119.550000,119.645000,119.290000,119.440000,4,2020-03-05
2020-03-05 20:00:00,119.445000,119.760000,119.170000,119.620000,4,2020-03-06
2020-03-06 00:00:00,119.630000,119.680000,119.295000,119.390000,4,2020-03-06
2020-03-06 04:00:00,119.375000,119.405000,119.035004,119.035004,4,2020-03-06
2020-03-06 08:00:00,119.035004,119.360000,119.014999,119.240000,4,2020-03-06
2020-03-06 12:00:00,119.235000,119.235000,118.820000,118.870000,4,2020-03-06
2020-03-06 16:00:00,118.875000,119.275000,118.800000,119.230000,4,2020-03-06
2020-03-06 20:00:00,119.215000,119.310000,118.715000,119.300000,2,2020-03-06
2020-03-09 04:00:00,118.170000,118.495000,118.170000,118.295000,3,2020-03-09
2020-03-09 08:00:00,118.325000,118.705000,117.940000,118.290000,4,2020-03-09
2020-03-09 12:00:00,118.305000,118.355000,116.225000,117.215000,4,2020-03-09
2020-03-09 16:00:00,117.230000,117.285000,116.625000,116.850000,4,2020-03-09
2020-03-09 20:00:00,116.840000,117.025002,116.605000,116.985000,4,2020-03-10
2020-03-10 00:00:00,117.000000,117.270000,115.950000,117.110000,4,2020-03-10
2020-03-10 04:00:00,117.084999,117.345000,116.860000,117.165000,4,2020-03-10
2020-03-10 08:00:00,117.250000,117.875000,116.805000,117.730000,4,2020-03-10
2020-03-10 12:00:00,117.715000,118.685000,117.590000,118.565000,4,2020-03-10
2020-03-10 16:00:00,118.565000,119.245000,118.095001,118.660000,4,2020-03-10
2020-03-10 20:00:00,118.660000,119.370000,118.270000,118.620000,4,2020-03-11
2020-03-11 00:00:00,118.620000,118.955000,117.490000,117.930000,4,2020-03-11
2020-03-11 04:00:00,117.905000,119.480000,117.880000,119.165000,4,2020-03-11
2020-03-11 08:00:00,119.160000,119.200000,118.635000,118.765000,4,2020-03-11
2020-03-11 12:00:00,118.755000,118.870000,118.365000,118.410000,4,2020-03-11
2020-03-11 16:00:00,118.400000,119.150000,118.120000,119.099998,4,2020-03-11
2020-03-11 20:00:00,119.070000,119.215000,118.385000,118.430000,4,2020-03-12
2020-03-12 00:00:00,118.440000,118.940000,117.995000,118.300000,4,2020-03-12
2020-03-12 04:00:00,118.300000,118.305000,117.550000,117.810000,4,2020-03-12
2020-03-12 08:00:00,117.845000,117.970000,117.425000,117.905000,4,2020-03-12
2020-03-12 12:00:00,117.905000,118.014999,116.820000,117.505000,4,2020-03-12
2020-03-12 16:00:00,117.495000,117.570000,116.515000,116.930000,4,2020-03-12
2020-03-12 20:00:00,116.910000,117.295000,116.295000,116.665000,4,2020-03-13
2020-03-13 00:00:00,116.675000,117.825000,116.510000,116.810000,4,2020-03-13
2020-03-16 04:00:00,118.695000,118.830000,118.330000,118.560000,2,2020-03-16
2020-03-16 08:00:00,118.535000,119.930000,118.099998,118.835000,4,2020-03-16
2020-03-16 12:00:00,118.835000,119.440000,118.560000,118.895000,4,2020-03-16
2020-03-16 16:00:00,118.895000,119.330000,118.250000,119.040001,4,2020-03-16
2020-03-16 20:00:00,119.044998,119.150000,117.375000,117.560000,4,2020-03-17
2020-03-17 00:00:00,117.600000,118.485000,117.160000,117.960000,4,2020-03-17
2020-03-17 04:00:00,117.990000,118.760000,117.900000,118.390000,4,2020-03-17
2020-03-17 08:00:00,118.385000,119.160000,118.180000,119.070000,4,2020-03-17
2020-03-17 12:00:00,119.074997,119.650000,118.730000,119.165000,4,2020-03-17
2020-03-17 16:00:00,119.165000,119.225000,118.570000,118.710000,4,2020-03-17
2020-03-17 20:00:00,118.715000,118.715000,117.360000,117.655000,4,2020-03-18
2020-03-18 00:00:00,117.635000,118.200000,117.300000,117.955000,4,2020-03-18
2020-03-18 04:00:00,117.960000,118.660000,117.745000,118.420000,4,2020-03-18
2020-03-18 08:00:00,118.430000,118.550000,118.014999,118.050003,4,2020-03-18
2020-03-18 12:00:00,118.044998,118.290000,117.835000,118.275000,3,2020-03-18
2020-03-18 16:00:00,118.280000,118.335000,117.610000,117.975000,4,2020-03-18
2020-03-18 20:00:00,118.019997,118.375000,117.645000,117.655000,4,2020-03-19
2020-03-19 00:00:00,117.665000,117.890000,116.990000,117.125000,4,2020-03-19
2020-03-19 04:00:00,117.165000,118.029999,116.865000,117.985000,4,2020-03-19
2020-03-19 08:00:00,117.935000,118.895000,117.710000,118.630000,4,2020-03-19
2020-03-19 12:00:00,118.620000,119.325000,118.445000,118.860000,4,2020-03-19
2020-03-19 16:00:00,118.870000,119.099998,118.029999,118.029999,4,2020-03-19
2020-03-19 20:00:00,118.050003,118.725000,117.875000,118.535000,4,2020-03-20
2020-03-20 00:00:00,118.535000,119.035004,117.490000,117.490000,4,2020-03-20
2020-03-20 04:00:00,117.545000,118.530000,117.395000,118.390000,4,2020-03-20
2020-03-20 08:00:00,118.370000,118.735000,118.010002,118.590000,4,2020-03-20
2020-03-20 12:00:00,118.550000,118.690000,118.065002,118.410000,4,2020-03-20
2020-03-20 16:00:00,118.320000,118.580000,118.070000,118.540000,4,2020-03-20
2020-03-20 20:00:00,118.550000,118.550000,118.120000,118.150000,1,2020-03-20
2020-03-23 04:00:00,118.615000,118.750000,118.500000,118.680000,2,2020-03-23
2020-03-23 08:00:00,118.680000,118.720000,117.905000,118.150000,4,2020-03-23
2020-03-23 12:00:00,118.044998,118.275000,117.965000,118.205000,4,2020-03-23
2020-03-23 16:00:00,118.190000,118.390000,117.755000,117.955000,4,2020-03-23
2020-03-23 20:00:00,117.960000,118.965000,117.960000,118.855000,4,2020-03-24
2020-03-24 00:00:00,118.805000,119.940000,118.790000,119.670000,4,2020-03-24
2020-03-24 04:00:00,119.570000,119.910000,119.245000,119.340000,4,2020-03-24
2020-03-24 08:00:00,119.320000,119.580000,119.150000,119.260000,4,2020-03-24
2020-03-24 12:00:00,119.240000,119.445000,118.970000,119.000000,4,2020-03-24
2020-03-24 16:00:00,119.000000,120.029999,118.820000,119.790000,4,2020-03-24
2020-03-24 20:00:00,119.850000,120.510000,119.760000,119.845000,4,2020-03-25
2020-03-25 00:00:00,119.915000,120.525000,119.810000,120.325000,4,2020-03-25
2020-03-25 04:00:00,120.300000,120.325000,119.755000,119.990000,4,2020-03-25
2020-03-25 08:00:00,120.000000,120.335000,119.560000,119.785000,4,2020-03-25
2020-03-25 12:00:00,119.755000,120.325000,119.610000,120.325000,4,2020-03-25
2020-03-25 16:00:00,120.365000,120.805000,120.210000,120.565000,4,2020-03-25
2020-03-25 20:00:00,120.590000,120.870000,120.135000,120.520000,4,2020-03-26
2020-03-26 00:00:00,120.485000,120.985000,120.350000,120.930000,4,2020-03-26
2020-03-26 04:00:00,120.885000,121.155000,120.680000,121.025002,4,2020-03-26
2020-03-26 08:00:00,121.014999,121.084999,120.615000,120.980000,4,2020-03-26
2020-03-26 12:00:00,120.920000,120.965000,120.520000,120.755000,4,2020-03-26
2020-03-26 16:00:00,120.780000,120.865000,120.420000,120.440000,4,2020-03-26
2020-03-26 20:00:00,120.420000,120.530000,119.975000,120.325000,4,2020-03-27
2020-03-27 00:00:00,120.290000,120.980000,120.150000,120.880000,4,2020-03-27
2020-03-27 04:00:00,120.890000,121.010002,120.530000,120.930000,4,2020-03-27
2020-03-27 08:00:00,120.880000,121.000000,120.245000,120.340000,4,2020-03-27
2020-03-27 12:00:00,120.375000,120.375000,119.630000,119.810000,4,2020-03-27
2020-03-27 16:00:00,119.810000,120.099998,119.785000,119.925000,4,2020-03-27
2020-03-27 20:00:00,119.930000,120.074997,119.735000,119.760000,1,2020-03-27
2020-03-30 04:00:00,119.930000,120.004997,119.635000,119.725000,2,2020-03-30
2020-03-30 08:00:00,119.720000,120.025002,119.385000,119.395000,4,2020-03-30
2020-03-30 12:00:00,119.400000,119.470000,118.870000,119.230000,4,2020-03-30
2020-03-30 16:00:00,119.240000,119.835000,119.215000,119.400000,4,2020-03-30
2020-03-30 20:00:00,119.395000,119.545000,119.125000,119.245000,4,2020-03-31
2020-03-31 00:00:00,119.290000,119.315000,118.795000,118.880000,4,2020-03-31
2020-03-31 04:00:00,118.920000,119.270000,118.855000,119.080002,4,2020-03-31
2020-03-31 08:00:00,119.125000,119.595000,118.935000,119.455000,4,2020-03-31
2020-03-31 12:00:00,119.520000,119.705000,119.230000,119.280000,4,2020-03-31
2020-03-31 16:00:00,119.285000,119.410000,119.040001,119.175000,4,2020-03-31
2020-03-31 20:00:00,119.135000,119.150000,118.695000,118.950000,4,2020-04-01
2020-04-01 00:00:00,118.940000,119.010002,118.230000,118.230000,4,2020-04-01
2020-04-01 04:00:00,118.250000,118.715000,118.205000,118.715000,4,2020-04-01
2020-04-01 08:00:00,118.655000,118.770000,118.310000,118.580000,4,2020-04-01
2020-04-01 12:00:00,118.600000,118.890000,118.510000,118.730000,4,2020-04-01
2020-04-01 16:00:00,118.680000,118.680000,118.120000,118.170000,2,2020-04-01
2020-04-01 20:00:00,117.690000,117.760000,117.290000,117.360000,3,2020-04-02
2020-04-02 00:00:00,117.385000,117.420000,116.965000,116.990000,4,2020-04-02
2020-04-02 04:00:00,116.995000,117.560000,116.955000,117.515000,4,2020-04-02
2020-04-02 08:00:00,117.500000,117.580000,117.230000,117.555000,4,2020-04-02
2020-04-02 12:00:00,117.545000,117.695000,117.465000,117.595000,4,2020-04-02
2020-04-02 16:00:00,117.635000,117.635000,117.145000,117.145000,4,2020-04-02
2020-04-02 20:00:00,117.170000,117.445000,116.620000,116.630000,4,2020-04-03
2020-04-03 00:00:00,116.605000,117.430000,116.335000,117.070000,4,2020-04-03
2020-04-03 04:00:00,117.055000,117.220000,116.755000,117.140000,4,2020-04-03
2020-04-03 08:00:00,117.175000,117.375000,117.004997,117.150000,4,2020-04-03
2020-04-03 12:00:00,117.175000,117.250000,116.980000,117.055000,4,2020-04-03
2020-04-03 16:00:00,117.089996,117.089996,116.760000,116.930000,4,2020-04-03
2020-04-03 20:00:00,116.910000,117.305000,116.910000,117.255000,1,2020-04-03
2020-04-06 04:00:00,117.230000,117.480000,117.175000,117.265000,4,2020-04-06
2020-04-06 08:00:00,117.210000,117.955000,117.210000,117.715000,4,2020-04-06
2020-04-06 12:00:00,117.775000,118.145000,117.705000,118.050003,4,2020-04-06
2020-04-06 16:00:00,118.035004,118.310000,117.760000,118.059998,4,2020-04-06
2020-04-06 20:00:00,118.074997,118.160000,117.480000,117.775000,4,2020-04-07
2020-04-07 00:00:00,117.780000,117.970000,117.635000,117.760000,4,2020-04-07
2020-04-07 04:00:00,117.740000,117.945000,117.640000,117.910000,4,2020-04-07
2020-04-07 08:00:00,117.910000,117.920000,117.580000,117.665000,4,2020-04-07
2020-04-07 12:00:00,117.670000,117.905000,117.535000,117.850000,4,2020-04-07
2020-04-07 16:00:00,117.860000,118.600000,117.785000,118.595000,4,2020-04-07
2020-04-07 20:00:00,118.600000,119.010002,118.435000,119.010002,4,2020-04-08
2020-04-08 00:00:00,118.990000,119.035004,118.530000,118.785000,4,2020-04-08
2020-04-08 04:00:00,118.780000,118.780000,118.400000,118.475000,4,2020-04-08
2020-04-08 08:00:00,118.460000,118.560000,118.019997,118.185000,4,2020-04-08
2020-04-08 12:00:00,118.185000,118.520000,118.150000,118.520000,4,2020-04-08
2020-04-08 16:00:00,118.470000,118.470000,117.930000,118.240000,4,2020-04-08
2020-04-08 20:00:00,118.250000,118.685000,118.220000,118.315000,4,2020-04-09
2020-04-09 00:00:00,118.345000,118.440000,117.950000,118.110000,4,2020-04-09
2020-04-09 04:00:00,118.145000,118.290000,118.110000,118.185000,4,2020-04-09
2020-04-09 08:00:00,118.160000,118.595000,118.160000,118.370000,4,2020-04-09
2020-04-09 12:00:00,118.375000,118.450000,118.240000,118.240000,4,2020-04-09
2020-04-09 16:00:00,118.225000,118.530000,118.084999,118.470000,4,2020-04-09
2020-04-09 20:00:00,118.450000,119.010002,118.135000,118.760000,4,2020-04-10
2020-04-10 00:00:00,118.770000,118.790000,118.385000,118.570000,4,2020-04-10
2020-04-10 04:00:00,118.540000,118.630000,118.420000,118.525000,4,2020-04-10
2020-04-10 08:00:00,118.540000,118.710000,118.415000,118.575000,4,2020-04-10
2020-04-10 12:00:00,118.565000,118.665000,118.475000,118.610000,4,2020-04-10
2020-04-10 16:00:00,118.610000,118.700000,118.545000,118.690000,4,2020-04-10
2020-04-10 20:00:00,118.690000,118.705000,118.610000,118.625000,1,2020-04-10
2020-04-13 16:00:00,118.019997,118.120000,118.004997,118.070000,2,2020-04-13
2020-04-13 20:00:00,118.080002,118.080002,117.610000,117.610000,4,2020-04-14
2020-04-14 00:00:00,117.645000,117.670000,117.305000,117.460000,4,2020-04-14
2020-04-14 04:00:00,117.460000,117.630000,117.385000,117.515000,4,2020-04-14
2020-04-14 08:00:00,117.530000,117.745000,117.465000,117.740000,4,2020-04-14
2020-04-14 12:00:00,117.750000,117.935000,117.730000,117.850000,4,2020-04-14
2020-04-14 16:00:00,117.830000,117.895000,117.370000,117.630000,4,2020-04-14
2020-04-14 20:00:00,117.625000,117.820000,117.515000,117.605000,4,2020-04-15
2020-04-15 00:00:00,117.590000,117.755000,117.315000,117.525000,4,2020-04-15
2020-04-15 04:00:00,117.510000,117.800000,117.470000,117.680000,4,2020-04-15
2020-04-15 08:00:00,117.655000,117.750000,117.430000,117.620000,4,2020-04-15
2020-04-15 12:00:00,117.645000,117.665000,117.375000,117.375000,4,2020-04-15
2020-04-15 16:00:00,117.370000,117.480000,117.215000,117.405000,4,2020-04-15
2020-04-15 20:00:00,117.405000,117.405000,116.795000,117.195000,4,2020-04-16
2020-04-16 00:00:00,117.225000,117.400000,117.059998,117.260000,4,2020-04-16
2020-04-16 04:00:00,117.260000,117.420000,117.120000,117.150000,4,2020-04-16
2020-04-16 08:00:00,117.165000,117.480000,117.120000,117.345000,4,2020-04-16
2020-04-16 12:00:00,117.335000,117.485000,117.330000,117.405000,4,2020-04-16
2020-04-16 16:00:00,117.405000,117.510000,117.050003,117.095001,4,2020-04-16
2020-04-16 20:00:00,117.120000,117.205000,116.875000,116.875000,4,2020-04-17
2020-04-17 00:00:00,116.880000,116.900000,116.560000,116.720000,4,2020-04-17
2020-04-17 04:00:00,116.725000,117.355000,116.690000,117.345000,4,2020-04-17
2020-04-17 08:00:00,117.310000,117.415000,117.055000,117.084999,4,2020-04-17
2020-04-17 12:00:00,117.065002,117.175000,117.004997,117.070000,4,2020-04-17
2020-04-17 16:00:00,117.070000,117.070000,116.655000,116.670000,4,2020-04-17
2020-04-17 20:00:00,116.705000,116.805000,116.650000,116.805000,1,2020-04-17
2020-04-20 04:00:00,116.960000,116.995000,116.830000,116.970000,3,2020-04-20
2020-04-20 08:00:00,117.014999,117.215000,116.840000,117.099998,4,2020-04-20
2020-04-20 12:00:00,117.099998,117.245000,117.055000,117.105000,4,2020-04-20
2020-04-20 16:00:00,117.080002,117.280000,116.980000,117.155000,4,2020-04-20
2020-04-20 20:00:00,117.160000,117.160000,116.990000,117.125000,4,2020-04-21
2020-04-21 00:00:00,117.110000,117.260000,116.985000,117.029999,4,2020-04-21
2020-04-21 04:00:00,117.035004,117.055000,116.890000,116.995000,4,2020-04-21
2020-04-21 08:00:00,116.945000,117.070000,116.820000,116.820000,4,2020-04-21
2020-04-21 12:00:00,116.830000,116.850000,116.340000,116.480000,4,2020-04-21
2020-04-21 16:00:00,116.495000,116.565000,116.225000,116.365000,4,2020-04-21
2020-04-21 20:00:00,116.365000,117.120000,116.275000,117.059998,4,2020-04-22
2020-04-22 00:00:00,117.065002,117.145000,116.765000,116.905000,4,2020-04-22
2020-04-22 04:00:00,116.905000,117.115000,116.870000,117.014999,4,2020-04-22
2020-04-22 08:00:00,117.035004,117.074997,116.880000,116.965000,4,2020-04-22
2020-04-22 12:00:00,116.950000,117.029999,116.670000,116.800000,4,2020-04-22
2020-04-22 16:00:00,116.795000,117.004997,116.710000,116.955000,4,2020-04-22
2020-04-22 20:00:00,116.970000,117.215000,116.940000,117.035004,4,2020-04-23
2020-04-23 00:00:00,117.050003,117.080002,116.445000,116.515000,4,2020-04-23
2020-04-23 04:00:00,116.525000,116.685000,116.480000,116.610000,4,2020-04-23
2020-04-23 08:00:00,116.635000,116.695000,116.515000,116.515000,2,2020-04-23
2020-04-23 20:00:00,115.915000,116.650000,115.735000,116.365000,3,2020-04-24
2020-04-24 00:00:00,116.410000,116.820000,115.655000,115.690000,4,2020-04-24
2020-04-24 04:00:00,115.685000,116.110000,115.660000,115.960000,4,2020-04-24
2020-04-24 08:00:00,115.960000,116.084999,115.810000,115.870000,4,2020-04-24
2020-04-24 12:00:00,115.860000,116.025002,115.845000,115.875000,4,2020-04-24
2020-04-24 16:00:00,115.885000,115.925000,115.555000,115.905000,4,2020-04-24
2020-04-24 20:00:00,115.895000,116.130000,115.855000,116.029999,1,2020-04-24
2020-04-27 04:00:00,116.385000,116.490000,116.240000,116.395000,4,2020-04-27
2020-04-27 08:00:00,116.385000,116.500000,116.190000,116.415000,4,2020-04-27
2020-04-27 12:00:00,116.420000,116.455000,116.170000,116.355000,4,2020-04-27
2020-04-27 16:00:00,116.365000,116.380000,116.120000,116.270000,4,2020-04-27
2020-04-27 20:00:00,116.250000,116.310000,116.074997,116.200000,4,2020-04-28
2020-04-28 00:00:00,116.200000,116.355000,116.050003,116.120000,4,2020-04-28
2020-04-28 04:00:00,116.120000,116.205000,116.074997,116.185000,4,2020-04-28
2020-04-28 08:00:00,116.135000,116.265000,116.084999,116.150000,4,2020-04-28
2020-04-28 12:00:00,116.165000,116.195000,116.035004,116.044998,4,2020-04-28
2020-04-28 16:00:00,116.044998,116.210000,115.885000,116.095001,4,2020-04-28
2020-04-28 20:00:00,116.080002,116.165000,115.745000,115.760000,4,2020-04-29
2020-04-29 00:00:00,115.755000,115.990000,115.710000,115.770000,4,2020-04-29
2020-04-29 04:00:00,115.780000,115.835000,115.605000,115.650000,4,2020-04-29
2020-04-29 08:00:00,115.655000,115.700000,115.545000,115.585000,4,2020-04-29
2020-04-29 12:00:00,115.590000,115.660000,115.515000,115.635000,4,2020-04-29
2020-04-29 16:00:00,115.645000,115.795000,115.520000,115.625000,4,2020-04-29
2020-04-29 20:00:00,115.625000,115.935000,115.455000,115.725000,4,2020-04-30
2020-04-30 00:00:00,115.745000,115.965000,115.635000,115.945000,4,2020-04-30
2020-04-30 04:00:00,115.945000,116.074997,115.860000,115.920000,4,2020-04-30
2020-04-30 08:00:00,115.930000,116.025002,115.885000,115.950000,4,2020-04-30
2020-04-30 12:00:00,115.955000,115.990000,115.665000,115.675000,4,2020-04-30
2020-04-30 16:00:00,115.675000,116.140000,115.555000,115.890000,4,2020-04-30
2020-04-30 20:00:00,115.880000,116.019997,115.585000,115.750000,4,2020-05-01
2020-05-01 00:00:00,115.730000,117.295000,115.665000,117.095001,4,2020-05-01
2020-05-01 04:00:00,117.130000,117.770000,117.105000,117.360000,4,2020-05-01
2020-05-01 08:00:00,117.310000,117.510000,117.140000,117.240000,4,2020-05-01
2020-05-01 12:00:00,117.215000,117.310000,117.170000,117.225000,4,2020-05-01
2020-05-01 16:00:00,117.245000,117.460000,117.155000,117.265000,4,2020-05-01
2020-05-01 20:00:00,117.270000,117.345000,117.185000,117.265000,1,2020-05-01
2020-05-04 04:00:00,117.445000,117.455000,117.200000,117.230000,4,2020-05-04
2020-05-04 08:00:00,117.220000,117.275000,116.805000,116.905000,4,2020-05-04
2020-05-04 12:00:00,116.890000,116.890000,116.670000,116.695000,4,2020-05-04
2020-05-04 16:00:00,116.710000,116.920000,116.620000,116.785000,4,2020-05-04
2020-05-04 20:00:00,116.785000,116.910000,116.690000,116.805000,4,2020-05-05
2020-05-05 00:00:00,116.805000,116.880000,116.385000,116.405000,4,2020-05-05
2020-05-05 04:00:00,116.415000,116.450000,116.260000,116.375000,4,2020-05-05
2020-05-05 08:00:00,116.390000,116.390000,116.200000,116.250000,4,2020-05-05
2020-05-05 12:00:00,116.270000,116.355000,116.225000,116.290000,4,2020-05-05
2020-05-05 16:00:00,116.285000,116.555000,115.615000,115.940000,4,2020-05-05
2020-05-05 20:00:00,115.935000,115.995000,115.555000,115.930000,4,2020-05-06
2020-05-06 00:00:00,115.945000,115.975000,115.410000,115.520000,4,2020-05-06
2020-05-06 04:00:00,115.525000,115.645000,115.415000,115.525000,4,2020-05-06
2020-05-06 08:00:00,115.460000,115.525000,115.115000,115.220000,4,2020-05-06
2020-05-06 12:00:00,115.215000,115.315000,115.180000,115.245000,4,2020-05-06
2020-05-06 16:00:00,115.265000,115.295000,114.620000,114.665000,4,2020-05-06
2020-05-06 20:00:00,114.660000,114.875000,114.645000,114.690000,4,2020-05-07
2020-05-07 00:00:00,114.675000,114.715000,114.445000,114.670000,4,2020-05-07
2020-05-07 04:00:00,114.675000,114.680000,114.445000,114.530000,4,2020-05-07
2020-05-07 08:00:00,114.530000,114.780000,114.470000,114.750000,4,2020-05-07
2020-05-07 12:00:00,114.765000,114.765000,114.640000,114.735000,4,2020-05-07
2020-05-07 16:00:00,114.705000,114.975000,114.610000,114.960000,4,2020-05-07
2020-05-07 20:00:00,114.980000,115.059998,114.850000,114.920000,4,2020-05-08
2020-05-08 00:00:00,114.920000,115.099998,114.780000,115.050003,4,2020-05-08
2020-05-08 04:00:00,115.065002,115.245000,115.044998,115.135000,4,2020-05-08
2020-05-08 08:00:00,115.145000,115.420000,115.145000,115.345000,4,2020-05-08
2020-05-08 12:00:00,115.350000,115.455000,115.285000,115.380000,4,2020-05-08
2020-05-08 16:00:00,115.390000,115.400000,115.050003,115.310000,4,2020-05-08
2020-05-08 20:00:00,115.315000,115.360000,115.255000,115.340000,1,2020-05-08
2020-05-11 04:00:00,115.640000,115.640000,115.355000,115.540000,4,2020-05-11
2020-05-11 08:00:00,115.565000,116.035004,115.565000,115.935000,4,2020-05-11
2020-05-11 12:00:00,115.960000,116.059998,115.830000,115.900000,4,2020-05-11
2020-05-11 16:00:00,115.905000,116.195000,115.845000,116.065002,4,2020-05-11
2020-05-11 20:00:00,116.059998,116.515000,116.014999,116.405000,4,2020-05-12
2020-05-12 00:00:00,116.425000,116.515000,116.285000,116.450000,4,2020-05-12
2020-05-12 04:00:00,116.445000,116.495000,116.300000,116.320000,4,2020-05-12
2020-05-12 08:00:00,116.375000,116.415000,115.955000,116.065002,4,2020-05-12
2020-05-12 12:00:00,116.050003,116.200000,115.965000,116.130000,4,2020-05-12
2020-05-12 16:00:00,116.125000,116.490000,116.084999,116.330000,4,2020-05-12
2020-05-12 20:00:00,116.330000,116.825000,116.265000,116.775000,4,2020-05-13
2020-05-13 00:00:00,116.770000,116.770000,116.370000,116.415000,4,2020-05-13
2020-05-13 04:00:00,116.435000,116.485000,116.200000,116.295000,4,2020-05-13
2020-05-13 08:00:00,116.280000,116.410000,116.180000,116.370000,4,2020-05-13
2020-05-13 12:00:00,116.360000,116.390000,116.220000,116.230000,4,2020-05-13
2020-05-13 16:00:00,116.235000,116.305000,115.950000,116.110000,4,2020-05-13
2020-05-13 20:00:00,116.110000,116.340000,116.089996,116.250000,4,2020-05-14
2020-05-14 00:00:00,116.260000,116.315000,115.715000,115.750000,4,2020-05-14
2020-05-14 04:00:00,115.770000,115.860000,115.690000,115.820000,4,2020-05-14
2020-05-14 08:00:00,115.815000,115.845000,115.515000,115.520000,4,2020-05-14
2020-05-14 12:00:00,115.520000,115.640000,115.450000,115.450000,4,2020-05-14
2020-05-14 16:00:00,115.450000,115.600000,115.365000,115.515000,4,2020-05-14
2020-05-14 20:00:00,115.510000,115.565000,115.350000,115.370000,4,2020-05-15
2020-05-15 00:00:00,115.345000,115.830000,115.330000,115.620000,4,2020-05-15
2020-05-15 04:00:00,115.650000,115.940000,115.620000,115.895000,4,2020-05-15
2020-05-15 08:00:00,115.890000,116.084999,115.850000,115.890000,4,2020-05-15
2020-05-15 12:00:00,115.890000,115.960000,115.830000,115.880000,4,2020-05-15
2020-05-15 16:00:00,115.880000,115.900000,115.695000,115.770000,4,2020-05-15
2020-05-15 20:00:00,115.770000,115.805000,115.660000,115.660000,1,2020-05-15
2020-05-18 04:00:00,115.770000,115.890000,115.690000,115.890000,4,2020-05-18
2020-05-18 08:00:00,115.890000,116.110000,115.865000,115.920000,4,2020-05-18
2020-05-18 12:00:00,115.910000,115.980000,115.885000,115.925000,4,2020-05-18
2020-05-18 16:00:00,115.930000,116.089996,115.840000,115.980000,4,2020-05-18
2020-05-18 20:00:00,115.965000,116.740000,115.880000,116.695000,4,2020-05-19
2020-05-19 00:00:00,116.695000,117.215000,116.590000,117.180000,4,2020-05-19
2020-05-19 04:00:00,117.200000,117.255000,117.120000,117.145000,4,2020-05-19
2020-05-19 08:00:00,117.140000,117.345000,117.095001,117.210000,4,2020-05-19
2020-05-19 12:00:00,117.210000,117.285000,117.035004,117.210000,4,2020-05-19
2020-05-19 16:00:00,117.220000,117.825000,117.220000,117.740000,4,2020-05-19
2020-05-19 20:00:00,117.735000,118.190000,117.720000,117.970000,4,2020-05-20
2020-05-20 00:00:00,117.940000,118.200000,117.815000,117.915000,4,2020-05-20
2020-05-20 04:00:00,117.930000,118.070000,117.580000,117.670000,4,2020-05-20
2020-05-20 08:00:00,117.655000,118.080002,117.610000,117.975000,4,2020-05-20
2020-05-20 12:00:00,117.965000,118.010002,117.810000,117.915000,4,2020-05-20
2020-05-20 16:00:00,117.915000,118.065002,117.750000,117.920000,4,2020-05-20
2020-05-20 20:00:00,117.915000,118.110000,117.745000,118.105000,4,2020-05-21
2020-05-21 00:00:00,118.099998,118.205000,117.960000,118.070000,4,2020-05-21
2020-05-21 04:00:00,118.074997,118.180000,118.010002,118.095001,4,2020-05-21
2020-05-21 08:00:00,118.074997,118.285000,117.995000,118.029999,4,2020-05-21
2020-05-21 12:00:00,118.025002,118.050003,117.940000,117.945000,4,2020-05-21
2020-05-21 16:00:00,117.960000,118.365000,117.940000,118.175000,4,2020-05-21
2020-05-21 20:00:00,118.130000,118.520000,118.115000,118.385000,4,2020-05-22
2020-05-22 00:00:00,118.360000,118.390000,117.860000,117.985000,4,2020-05-22
2020-05-22 04:00:00,117.980000,118.019997,117.730000,117.865000,4,2020-05-22
2020-05-22 08:00:00,117.850000,118.029999,117.750000,117.785000,4,2020-05-22
2020-05-22 12:00:00,117.775000,117.775000,117.330000,117.425000,4,2020-05-22
2020-05-22 16:00:00,117.440000,117.470000,117.040001,117.089996,4,2020-05-22
2020-05-22 20:00:00,117.070000,117.210000,117.070000,117.180000,1,2020-05-22
2020-05-25 04:00:00,117.305000,117.305000,117.170000,117.235000,3,2020-05-25
2020-05-25 08:00:00,117.275000,117.555000,117.245000,117.260000,4,2020-05-25
2020-05-25 12:00:00,117.270000,117.325000,117.240000,117.290000,4,2020-05-25
2020-05-25 16:00:00,117.275000,117.465000,117.084999,117.425000,4,2020-05-25
2020-05-25 20:00:00,117.440000,117.540000,117.305000,117.335000,4,2020-05-26
2020-05-26 00:00:00,117.355000,117.390000,117.290000,117.385000,4,2020-05-26
2020-05-26 04:00:00,117.380000,117.435000,117.340000,117.360000,4,2020-05-26
2020-05-26 08:00:00,117.380000,117.750000,117.335000,117.715000,4,2020-05-26
2020-05-26 12:00:00,117.720000,117.790000,117.635000,117.790000,4,2020-05-26
2020-05-26 16:00:00,117.780000,118.240000,117.730000,118.044998,4,2020-05-26
2020-05-26 20:00:00,118.040001,118.175000,117.795000,118.110000,4,2020-05-27
2020-05-27 00:00:00,118.160000,118.340000,117.980000,118.135000,4,2020-05-27
2020-05-27 04:00:00,118.135000,118.245000,117.980000,118.044998,4,2020-05-27
2020-05-27 08:00:00,118.029999,118.175000,117.810000,117.910000,4,2020-05-27
2020-05-27 12:00:00,117.895000,117.945000,117.705000,117.820000,4,2020-05-27
2020-05-27 16:00:00,117.830000,118.765000,117.735000,118.735000,4,2020-05-27
2020-05-27 20:00:00,118.705000,118.905000,118.330000,118.390000,4,2020-05-28
2020-05-28 00:00:00,118.400000,118.725000,118.145000,118.355000,4,2020-05-28
2020-05-28 04:00:00,118.360000,118.665000,118.290000,118.555000,4,2020-05-28
2020-05-28 08:00:00,118.550000,118.950000,118.550000,118.860000,4,2020-05-28
2020-05-28 12:00:00,118.875000,118.925000,118.625000,118.760000,4,2020-05-28
2020-05-28 16:00:00,118.775000,118.965000,118.490000,118.585000,4,2020-05-28
2020-05-28 20:00:00,118.605000,118.950000,118.510000,118.940000,4,2020-05-29
2020-05-29 00:00:00,118.935000,119.390000,118.855000,119.290000,4,2020-05-29
2020-05-29 04:00:00,119.305000,119.400000,119.099998,119.235000,4,2020-05-29
2020-05-29 08:00:00,119.245000,119.320000,118.980000,119.105000,4,2020-05-29
2020-05-29 12:00:00,119.084999,119.130000,118.880000,118.920000,4,2020-05-29
2020-05-29 16:00:00,118.910000,119.400000,118.890000,119.360000,4,2020-05-29
2020-05-29 20:00:00,119.340000,119.405000,119.240000,119.330000,1,2020-05-29
2020-06-01 04:00:00,119.685000,119.810000,119.540000,119.685000,4,2020-06-01
2020-06-01 08:00:00,119.680000,119.980000,119.600000,119.940000,4,2020-06-01
2020-06-01 12:00:00,119.895000,119.955000,119.700000,119.840000,4,2020-06-01
2020-06-01 16:00:00,119.805000,119.950000,119.435000,119.570000,4,2020-06-01
2020-06-01 20:00:00,119.585000,119.805000,119.550000,119.800000,4,2020-06-02
2020-06-02 00:00:00,119.780000,119.900000,119.600000,119.745000,4,2020-06-02
2020-06-02 04:00:00,119.775000,119.860000,119.710000,119.850000,4,2020-06-02
2020-06-02 08:00:00,119.865000,119.865000,119.620000,119.785000,4,2020-06-02
2020-06-02 12:00:00,119.790000,119.985000,119.695000,119.925000,4,2020-06-02
2020-06-02 16:00:00,119.905000,120.545000,119.800000,120.460000,4,2020-06-02
2020-06-02 20:00:00,120.435000,121.215000,120.310000,121.215000,4,2020-06-03
2020-06-03 00:00:00,121.215000,121.630000,121.170000,121.470000,4,2020-06-03
2020-06-03 04:00:00,121.485000,121.500000,121.320000,121.370000,4,2020-06-03
2020-06-03 08:00:00,121.365000,121.785000,121.300000,121.330000,4,2020-06-03
2020-06-03 12:00:00,121.350000,121.730000,121.285000,121.655000,4,2020-06-03
2020-06-03 16:00:00,121.660000,122.089996,121.645000,122.010002,4,2020-06-03
2020-06-03 20:00:00,122.000000,122.025002,121.380000,121.890000,4,2020-06-04
2020-06-04 00:00:00,121.880000,122.520000,121.880000,122.385000,4,2020-06-04
2020-06-04 04:00:00,122.400000,122.585000,122.300000,122.355000,4,2020-06-04
2020-06-04 08:00:00,122.365000,122.510000,122.065002,122.210000,4,2020-06-04
2020-06-04 12:00:00,122.210000,122.410000,122.044998,122.295000,4,2020-06-04
2020-06-04 16:00:00,122.290000,122.410000,121.975000,122.035004,4,2020-06-04
2020-06-04 20:00:00,122.025002,122.770000,121.850000,122.500000,4,2020-06-05
2020-06-05 00:00:00,122.480000,123.910000,122.480000,123.700000,4,2020-06-05
2020-06-05 04:00:00,123.730000,123.970000,123.645000,123.690000,4,2020-06-05
2020-06-05 08:00:00,123.720000,123.920000,123.570000,123.615000,4,2020-06-05
2020-06-05 12:00:00,123.605000,124.320000,123.540000,124.240000,4,2020-06-05
2020-06-05 16:00:00,124.235000,124.435000,123.635000,123.850000,4,2020-06-05
2020-06-05 20:00:00,123.850000,123.850000,123.640000,123.780000,1,2020-06-05
2020-06-08 04:00:00,123.715000,123.940000,123.715000,123.825000,4,2020-06-08
2020-06-08 08:00:00,123.820000,124.125000,123.505000,123.610000,4,2020-06-08
2020-06-08 12:00:00,123.625000,123.705000,123.475000,123.675000,4,2020-06-08
2020-06-08 16:00:00,123.675000,123.940000,123.520000,123.620000,4,2020-06-08
2020-06-08 20:00:00,123.615000,123.635000,123.160000,123.190000,4,2020-06-09
2020-06-09 00:00:00,123.195000,123.200000,122.225000,122.440000,4,2020-06-09
2020-06-09 04:00:00,122.440000,122.510000,122.320000,122.440000,4,2020-06-09
2020-06-09 08:00:00,122.415000,122.610000,121.825000,122.130000,4,2020-06-09
2020-06-09 12:00:00,122.150000,122.150000,121.815000,122.004997,4,2020-06-09
2020-06-09 16:00:00,122.004997,122.065002,121.335000,121.550000,4,2020-06-09
2020-06-09 20:00:00,121.555000,122.515000,121.485000,122.230000,4,2020-06-10
2020-06-10 00:00:00,122.245000,122.440000,122.110000,122.200000,4,2020-06-10
2020-06-10 04:00:00,122.190000,122.250000,122.105000,122.130000,4,2020-06-10
2020-06-10 08:00:00,122.145000,122.385000,122.135000,122.205000,4,2020-06-10
2020-06-10 12:00:00,122.195000,122.230000,121.980000,122.125000,4,2020-06-10
2020-06-10 16:00:00,122.125000,122.170000,121.790000,121.960000,4,2020-06-10
2020-06-10 20:00:00,121.965000,122.290000,121.825000,121.925000,4,2020-06-11
2020-06-11 00:00:00,121.940000,122.010002,121.595000,121.940000,4,2020-06-11
2020-06-11 04:00:00,121.910000,122.285000,121.670000,121.850000,4,2020-06-11
2020-06-11 08:00:00,121.850000,121.925000,121.565000,121.815000,4,2020-06-11
2020-06-11 12:00:00,121.790000,121.905000,121.285000,121.550000,4,2020-06-11
2020-06-11 16:00:00,121.560000,121.830000,121.335000,121.745000,4,2020-06-11
2020-06-11 20:00:00,121.735000,121.790000,121.250000,121.545000,4,2020-06-12
2020-06-12 00:00:00,121.555000,121.595000,120.795000,120.940000,4,2020-06-12
2020-06-12 04:00:00,120.930000,121.019997,120.615000,120.630000,4,2020-06-12
2020-06-12 08:00:00,120.645000,120.700000,120.260000,120.595000,4,2020-06-12
2020-06-12 12:00:00,120.595000,121.410000,120.540000,121.315000,4,2020-06-12
2020-06-12 16:00:00,121.305000,121.765000,120.985000,121.720000,4,2020-06-12
2020-06-12 20:00:00,121.730000,121.810000,121.270000,121.430000,1,2020-06-12
2020-06-15 04:00:00,120.765000,120.825000,120.470000,120.750000,4,2020-06-15
2020-06-15 08:00:00,120.735000,120.920000,120.510000,120.740000,4,2020-06-15
2020-06-15 12:00:00,120.750000,120.790000,120.370000,120.440000,4,2020-06-15
2020-06-15 16:00:00,120.430000,120.920000,120.340000,120.735000,4,2020-06-15
2020-06-15 20:00:00,120.730000,121.205000,120.600000,121.110000,4,2020-06-16
2020-06-16 00:00:00,121.115000,121.255000,120.890000,121.215000,4,2020-06-16
2020-06-16 04:00:00,121.235000,121.655000,121.235000,121.600000,4,2020-06-16
2020-06-16 08:00:00,121.560000,121.875000,121.500000,121.590000,4,2020-06-16
2020-06-16 12:00:00,121.600000,122.140000,121.600000,121.850000,4,2020-06-16
2020-06-16 16:00:00,121.855000,121.970000,121.440000,121.685000,4,2020-06-16
2020-06-16 20:00:00,121.690000,121.705000,121.029999,121.080002,4,2020-06-17
2020-06-17 00:00:00,121.070000,121.180000,120.490000,120.845000,4,2020-06-17
2020-06-17 04:00:00,120.840000,120.980000,120.750000,120.855000,4,2020-06-17
2020-06-17 08:00:00,120.880000,121.040001,120.655000,120.830000,4,2020-06-17
2020-06-17 12:00:00,120.810000,120.940000,120.665000,120.900000,4,2020-06-17
2020-06-17 16:00:00,120.900000,121.235000,120.495000,120.545000,4,2020-06-17
2020-06-17 20:00:00,120.570000,120.845000,120.325000,120.375000,4,2020-06-18
2020-06-18 00:00:00,120.375000,120.545000,120.160000,120.455000,4,2020-06-18
2020-06-18 04:00:00,120.460000,120.470000,120.170000,120.300000,4,2020-06-18
2020-06-18 08:00:00,120.290000,120.420000,119.825000,120.000000,4,2020-06-18
2020-06-18 12:00:00,120.000000,120.355000,119.885000,120.270000,4,2020-06-18
2020-06-18 16:00:00,120.265000,120.555000,120.175000,120.415000,4,2020-06-18
2020-06-18 20:00:00,120.415000,120.520000,119.700000,119.710000,4,2020-06-19
2020-06-19 00:00:00,119.715000,119.940000,119.595000,119.740000,4,2020-06-19
2020-06-19 04:00:00,119.765000,119.970000,119.690000,119.830000,4,2020-06-19
2020-06-19 08:00:00,119.855000,120.029999,119.700000,119.800000,4,2020-06-19
2020-06-19 12:00:00,119.805000,119.935000,119.755000,119.825000,4,2020-06-19
2020-06-19 16:00:00,119.820000,120.050003,119.800000,119.940000,4,2020-06-19
2020-06-19 20:00:00,119.925000,119.955000,119.670000,119.805000,1,2020-06-19
2020-06-22 04:00:00,119.650000,119.780000,119.425000,119.460000,4,2020-06-22
2020-06-22 08:00:00,119.440000,119.660000,119.310000,119.545000,4,2020-06-22
2020-06-22 12:00:00,119.540000,119.810000,119.540000,119.645000,4,2020-06-22
2020-06-22 16:00:00,119.630000,120.065002,119.570000,119.890000,4,2020-06-22
2020-06-22 20:00:00,119.905000,120.155000,119.750000,120.130000,4,2020-06-23
2020-06-23 00:00:00,120.160000,120.420000,120.089996,120.395000,4,2020-06-23
2020-06-23 04:00:00,120.400000,120.450000,120.335000,120.430000,4,2020-06-23
2020-06-23 08:00:00,120.375000,120.610000,119.910000,120.355000,4,2020-06-23
2020-06-23 12:00:00,120.430000,120.900000,120.380000,120.595000,4,2020-06-23
2020-06-23 16:00:00,120.605000,121.115000,120.545000,120.895000,4,2020-06-23
2020-06-23 20:00:00,120.885000,121.095001,120.355000,120.395000,4,2020-06-24
2020-06-24 00:00:00,120.415000,120.615000,120.255000,120.505000,4,2020-06-24
2020-06-24 04:00:00,120.515000,120.555000,120.390000,120.420000,4,2020-06-24
2020-06-24 08:00:00,120.460000,120.685000,120.340000,120.510000,4,2020-06-24
2020-06-24 12:00:00,120.520000,120.710000,120.390000,120.590000,4,2020-06-24
2020-06-24 16:00:00,120.560000,120.755000,120.055000,120.405000,4,2020-06-24
2020-06-24 20:00:00,120.385000,120.495000,120.200000,120.395000,4,2020-06-25
2020-06-25 00:00:00,120.395000,120.580000,120.325000,120.420000,4,2020-06-25
2020-06-25 04:00:00,120.420000,120.520000,120.340000,120.470000,4,2020-06-25
2020-06-25 08:00:00,120.470000,120.575000,120.360000,120.470000,4,2020-06-25
2020-06-25 12:00:00,120.480000,120.645000,120.420000,120.540000,4,2020-06-25
2020-06-25 16:00:00,120.540000,120.620000,120.175000,120.330000,4,2020-06-25
2020-06-25 20:00:00,120.340000,120.390000,120.145000,120.230000,4,2020-06-26
2020-06-26 00:00:00,120.215000,120.405000,120.150000,120.330000,4,2020-06-26
2020-06-26 04:00:00,120.355000,120.365000,120.180000,120.210000,4,2020-06-26
2020-06-26 08:00:00,120.235000,120.325000,120.059998,120.280000,4,2020-06-26
2020-06-26 12:00:00,120.255000,120.310000,120.110000,120.140000,4,2020-06-26
2020-06-26 16:00:00,120.115000,120.170000,119.925000,119.960000,4,2020-06-26
2020-06-26 20:00:00,119.955000,120.089996,119.940000,120.004997,1,2020-06-26
2020-06-29 04:00:00,120.320000,120.325000,120.165000,120.245000,4,2020-06-29
2020-06-29 08:00:00,120.245000,120.635000,120.210000,120.510000,4,2020-06-29
2020-06-29 12:00:00,120.530000,120.585000,120.330000,120.520000,4,2020-06-29
2020-06-29 16:00:00,120.525000,120.830000,120.485000,120.825000,4,2020-06-29
2020-06-29 20:00:00,120.840000,121.200000,120.810000,121.059998,4,2020-06-30
2020-06-30 00:00:00,121.065002,121.365000,120.940000,121.004997,4,2020-06-30
2020-06-30 04:00:00,120.980000,121.025002,120.840000,120.925000,4,2020-06-30
2020-06-30 08:00:00,120.920000,121.145000,120.915000,121.125000,4,2020-06-30
2020-06-30 12:00:00,121.130000,121.185000,120.925000,120.985000,4,2020-06-30
2020-06-30 16:00:00,120.990000,121.019997,120.635000,120.790000,4,2020-06-30
2020-06-30 20:00:00,120.765000,120.860000,120.590000,120.690000,4,2020-07-01
2020-07-01 00:00:00,120.690000,121.435000,120.675000,121.240000,4,2020-07-01
2020-07-01 04:00:00,121.245000,121.345000,121.160000,121.265000,4,2020-07-01
2020-07-01 08:00:00,121.240000,121.490000,121.135000,121.190000,4,2020-07-01
2020-07-01 12:00:00,121.195000,121.195000,120.725000,120.765000,4,2020-07-01
2020-07-01 16:00:00,120.775000,120.990000,120.515000,120.515000,4,2020-07-01
2020-07-01 20:00:00,120.500000,120.880000,120.275000,120.870000,4,2020-07-02
2020-07-02 00:00:00,120.885000,121.145000,120.870000,120.960000,4,2020-07-02
2020-07-02 04:00:00,120.970000,121.000000,120.855000,120.885000,4,2020-07-02
2020-07-02 08:00:00,120.905000,120.995000,120.765000,120.955000,4,2020-07-02
2020-07-02 12:00:00,120.940000,121.120000,120.915000,121.044998,4,2020-07-02
2020-07-02 16:00:00,121.044998,121.350000,121.014999,121.260000,4,2020-07-02
2020-07-02 20:00:00,121.270000,121.440000,121.150000,121.235000,4,2020-07-03
2020-07-03 00:00:00,121.260000,121.260000,120.760000,120.835000,4,2020-07-03
2020-07-03 04:00:00,120.850000,120.895000,120.770000,120.860000,4,2020-07-03
2020-07-03 08:00:00,120.825000,120.960000,120.740000,120.900000,4,2020-07-03
2020-07-03 12:00:00,120.920000,120.955000,120.710000,120.800000,4,2020-07-03
2020-07-03 16:00:00,120.790000,120.890000,120.635000,120.700000,4,2020-07-03
2020-07-03 20:00:00,120.695000,120.800000,120.610000,120.770000,1,2020-07-03
2020-07-06 04:00:00,120.920000,120.980000,120.845000,120.925000,4,2020-07-06
2020-07-06 08:00:00,120.915000,121.440000,120.905000,121.385000,4,2020-07-06
2020-07-06 12:00:00,121.395000,121.620000,121.395000,121.610000,4,2020-07-06
2020-07-06 16:00:00,121.605000,121.645000,121.335000,121.470000,4,2020-07-06
2020-07-06 20:00:00,121.460000,121.985000,121.435000,121.815000,4,2020-07-07
2020-07-07 00:00:00,121.855000,121.870000,121.460000,121.545000,4,2020-07-07
2020-07-07 04:00:00,121.540000,121.545000,121.340000,121.425000,4,2020-07-07
2020-07-07 08:00:00,121.465000,121.590000,121.400000,121.445000,4,2020-07-07
2020-07-07 12:00:00,121.450000,121.605000,121.400000,121.600000,4,2020-07-07
2020-07-07 16:00:00,121.590000,121.605000,121.260000,121.460000,4,2020-07-07
2020-07-07 20:00:00,121.460000,121.730000,121.385000,121.480000,4,2020-07-08
2020-07-08 00:00:00,121.500000,121.535000,121.250000,121.475000,4,2020-07-08
2020-07-08 04:00:00,121.470000,121.505000,121.180000,121.265000,4,2020-07-08
2020-07-08 08:00:00,121.290000,121.450000,121.220000,121.355000,4,2020-07-08
2020-07-08 12:00:00,121.360000,121.445000,121.230000,121.295000,4,2020-07-08
2020-07-08 16:00:00,121.285000,121.410000,121.140000,121.305000,4,2020-07-08
2020-07-08 20:00:00,121.305000,121.845000,121.180000,121.785000,4,2020-07-09
2020-07-09 00:00:00,121.790000,121.890000,121.530000,121.570000,4,2020-07-09
2020-07-09 04:00:00,121.560000,121.665000,121.480000,121.545000,4,2020-07-09
2020-07-09 08:00:00,121.575000,121.710000,121.525000,121.675000,4,2020-07-09
2020-07-09 12:00:00,121.670000,121.980000,121.655000,121.915000,4,2020-07-09
2020-07-09 16:00:00,121.920000,121.920000,121.490000,121.575000,4,2020-07-09
2020-07-09 20:00:00,121.575000,121.745000,121.295000,121.330000,4,2020-07-10
2020-07-10 00:00:00,121.350000,121.460000,121.070000,121.095001,4,2020-07-10
2020-07-10 04:00:00,121.099998,121.160000,120.900000,120.985000,4,2020-07-10
2020-07-10 08:00:00,121.004997,121.074997,120.675000,120.700000,4,2020-07-10
2020-07-10 12:00:00,120.705000,120.730000,120.450000,120.465000,4,2020-07-10
2020-07-10 16:00:00,120.480000,120.615000,120.275000,120.590000,4,2020-07-10
2020-07-10 20:00:00,120.585000,120.675000,120.530000,120.610000,1,2020-07-10
2020-07-13 04:00:00,120.870000,120.920000,120.810000,120.875000,3,2020-07-13
2020-07-13 08:00:00,120.895000,121.000000,120.825000,120.930000,4,2020-07-13
2020-07-13 12:00:00,120.925000,121.180000,120.895000,121.110000,4,2020-07-13
2020-07-13 16:00:00,121.130000,121.230000,121.004997,121.215000,4,2020-07-13
2020-07-13 20:00:00,121.225000,121.810000,121.225000,121.790000,4,2020-07-14
2020-07-14 00:00:00,121.780000,121.970000,121.760000,121.930000,4,2020-07-14
2020-07-14 04:00:00,121.935000,121.950000,121.635000,121.700000,4,2020-07-14
2020-07-14 08:00:00,121.775000,121.840000,121.535000,121.605000,4,2020-07-14
2020-07-14 12:00:00,121.585000,121.710000,121.465000,121.600000,4,2020-07-14
2020-07-14 16:00:00,121.585000,121.980000,121.490000,121.930000,4,2020-07-14
2020-07-14 20:00:00,121.940000,122.245000,121.900000,122.205000,4,2020-07-15
2020-07-15 00:00:00,122.215000,122.320000,122.140000,122.195000,4,2020-07-15
2020-07-15 04:00:00,122.190000,122.305000,122.099998,122.290000,4,2020-07-15
2020-07-15 08:00:00,122.340000,122.510000,122.285000,122.385000,4,2020-07-15
2020-07-15 12:00:00,122.380000,122.390000,122.190000,122.275000,4,2020-07-15
2020-07-15 16:00:00,122.285000,122.465000,122.105000,122.195000,4,2020-07-15
2020-07-15 20:00:00,122.195000,122.410000,121.975000,122.004997,4,2020-07-16
2020-07-16 00:00:00,121.995000,122.110000,121.825000,122.004997,4,2020-07-16
2020-07-16 04:00:00,121.990000,122.065002,121.930000,122.059998,4,2020-07-16
2020-07-16 08:00:00,122.050003,122.160000,121.935000,122.089996,4,2020-07-16
2020-07-16 12:00:00,122.099998,122.155000,121.840000,121.950000,4,2020-07-16
2020-07-16 16:00:00,121.950000,122.110000,121.815000,121.950000,4,2020-07-16
2020-07-16 20:00:00,121.940000,122.480000,121.915000,122.440000,4,2020-07-17
2020-07-17 00:00:00,122.455000,122.515000,122.070000,122.145000,4,2020-07-17
2020-07-17 04:00:00,122.145000,122.245000,122.065002,122.105000,4,2020-07-17
2020-07-17 08:00:00,122.080002,122.315000,122.014999,122.105000,4,2020-07-17
2020-07-17 12:00:00,122.115000,122.180000,121.985000,122.010002,4,2020-07-17
2020-07-17 16:00:00,122.004997,122.425000,121.935000,122.310000,4,2020-07-17
2020-07-17 20:00:00,122.295000,122.450000,122.255000,122.440000,1,2020-07-17
2020-07-20 04:00:00,122.255000,122.420000,122.250000,122.285000,3,2020-07-20
2020-07-20 08:00:00,122.295000,122.780000,122.255000,122.545000,4,2020-07-20
2020-07-20 12:00:00,122.540000,122.895000,122.520000,122.880000,4,2020-07-20
2020-07-20 16:00:00,122.880000,122.980000,122.665000,122.850000,4,2020-07-20
2020-07-20 20:00:00,122.845000,122.870000,122.255000,122.365000,4,2020-07-21
2020-07-21 00:00:00,122.365000,122.790000,122.285000,122.725000,4,2020-07-21
2020-07-21 04:00:00,122.720000,122.870000,122.685000,122.740000,4,2020-07-21
2020-07-21 08:00:00,122.770000,122.890000,122.745000,122.840000,4,2020-07-21
2020-07-21 12:00:00,122.840000,122.900000,122.605000,122.825000,4,2020-07-21
2020-07-21 16:00:00,122.825000,123.019997,122.630000,122.730000,4,2020-07-21
2020-07-21 20:00:00,122.725000,122.880000,122.470000,122.610000,4,2020-07-22
2020-07-22 00:00:00,122.625000,123.125000,122.565000,123.110000,4,2020-07-22
2020-07-22 04:00:00,123.089996,123.185000,123.029999,123.145000,4,2020-07-22
2020-07-22 08:00:00,123.165000,123.300000,123.140000,123.195000,4,2020-07-22
2020-07-22 12:00:00,123.200000,123.340000,123.135000,123.265000,4,2020-07-22
2020-07-22 16:00:00,123.270000,123.540000,123.050003,123.520000,4,2020-07-22
2020-07-22 20:00:00,123.525000,124.280000,123.490000,124.215000,4,2020-07-23
2020-07-23 00:00:00,124.205000,124.290000,123.970000,124.025002,4,2020-07-23
2020-07-23 04:00:00,124.025002,124.110000,123.940000,123.990000,4,2020-07-23
2020-07-23 08:00:00,124.035004,124.070000,123.925000,123.990000,4,2020-07-23
2020-07-23 12:00:00,123.995000,124.175000,123.930000,124.120000,4,2020-07-23
2020-07-23 16:00:00,124.145000,124.250000,123.935000,124.210000,4,2020-07-23
2020-07-23 20:00:00,124.210000,124.240000,123.715000,124.080002,4,2020-07-24
2020-07-24 00:00:00,124.080002,124.230000,123.945000,124.000000,4,2020-07-24
2020-07-24 04:00:00,123.990000,124.004997,123.795000,123.885000,4,2020-07-24
2020-07-24 08:00:00,123.875000,123.975000,123.590000,123.695000,4,2020-07-24
2020-07-24 12:00:00,123.705000,123.765000,123.365000,123.480000,4,2020-07-24
2020-07-24 16:00:00,123.470000,123.600000,123.180000,123.335000,4,2020-07-24
2020-07-24 20:00:00,123.350000,123.385000,123.210000,123.265000,1,2020-07-24
2020-07-27 04:00:00,123.640000,123.770000,123.390000,123.490000,4,2020-07-27
2020-07-27 08:00:00,123.480000,123.865000,123.365000,123.600000,4,2020-07-27
2020-07-27 12:00:00,123.595000,123.730000,123.475000,123.595000,4,2020-07-27
2020-07-27 16:00:00,123.615000,123.710000,123.225000,123.315000,4,2020-07-27
2020-07-27 20:00:00,123.325000,123.890000,123.275000,123.690000,4,2020-07-28
2020-07-28 00:00:00,123.690000,123.880000,123.635000,123.795000,4,2020-07-28
2020-07-28 04:00:00,123.785000,123.915000,123.775000,123.855000,4,2020-07-28
2020-07-28 08:00:00,123.845000,123.985000,123.770000,123.900000,4,2020-07-28
2020-07-28 12:00:00,123.890000,123.950000,123.715000,123.875000,4,2020-07-28
2020-07-28 16:00:00,123.880000,123.890000,123.390000,123.455000,4,2020-07-28
2020-07-28 20:00:00,123.450000,123.515000,123.230000,123.245000,4,2020-07-29
2020-07-29 00:00:00,123.275000,123.335000,123.010002,123.300000,4,2020-07-29
2020-07-29 04:00:00,123.310000,123.330000,123.074997,123.170000,4,2020-07-29
2020-07-29 08:00:00,123.135000,123.320000,123.019997,123.220000,4,2020-07-29
2020-07-29 12:00:00,123.205000,123.305000,123.140000,123.305000,4,2020-07-29
2020-07-29 16:00:00,123.305000,123.385000,123.210000,123.275000,4,2020-07-29
2020-07-29 20:00:00,123.270000,123.540000,123.110000,123.445000,4,2020-07-30
2020-07-30 00:00:00,123.440000,123.770000,123.410000,123.700000,4,2020-07-30
2020-07-30 04:00:00,123.715000,123.810000,123.530000,123.760000,4,2020-07-30
2020-07-30 08:00:00,123.750000,123.815000,123.655000,123.670000,4,2020-07-30
2020-07-30 12:00:00,123.685000,123.865000,123.640000,123.810000,4,2020-07-30
2020-07-30 16:00:00,123.810000,123.835000,123.335000,123.480000,4,2020-07-30
2020-07-30 20:00:00,123.475000,123.990000,123.385000,123.875000,4,2020-07-31
2020-07-31 00:00:00,123.860000,124.084999,123.745000,124.074997,4,2020-07-31
2020-07-31 04:00:00,124.070000,124.205000,123.985000,124.089996,4,2020-07-31
2020-07-31 08:00:00,124.089996,124.310000,123.845000,123.875000,4,2020-07-31
2020-07-31 12:00:00,123.895000,124.115000,123.855000,124.070000,4,2020-07-31
2020-07-31 16:00:00,124.080002,124.270000,123.950000,124.074997,4,2020-07-31
2020-07-31 20:00:00,124.080002,124.120000,123.965000,124.050003,1,2020-07-31
2020-08-03 04:00:00,124.775000,124.820000,124.470000,124.640000,4,2020-08-03
2020-08-03 08:00:00,124.630000,125.050003,124.510000,124.670000,4,2020-08-03
2020-08-03 12:00:00,124.680000,124.685000,124.520000,124.640000,4,2020-08-03
2020-08-03 16:00:00,124.620000,124.630000,124.190000,124.210000,4,2020-08-03
2020-08-03 20:00:00,124.190000,124.720000,124.019997,124.705000,4,2020-08-04
2020-08-04 00:00:00,124.700000,124.805000,124.490000,124.665000,4,2020-08-04
2020-08-04 04:00:00,124.670000,124.715000,124.615000,124.635000,4,2020-08-04
2020-08-04 08:00:00,124.640000,124.865000,124.630000,124.825000,4,2020-08-04
2020-08-04 12:00:00,124.830000,124.930000,124.810000,124.825000,4,2020-08-04
2020-08-04 16:00:00,124.825000,125.014999,124.750000,124.990000,4,2020-08-04
2020-08-04 20:00:00,125.000000,125.004997,124.295000,124.325000,4,2020-08-05
2020-08-05 00:00:00,124.305000,124.665000,124.260000,124.650000,4,2020-08-05
2020-08-05 04:00:00,124.680000,124.810000,124.520000,124.730000,4,2020-08-05
2020-08-05 08:00:00,124.755000,124.840000,124.635000,124.675000,4,2020-08-05
2020-08-05 12:00:00,124.675000,124.820000,124.650000,124.735000,4,2020-08-05
2020-08-05 16:00:00,124.725000,125.420000,124.710000,125.335000,4,2020-08-05
2020-08-05 20:00:00,125.355000,125.490000,125.165000,125.290000,4,2020-08-06
2020-08-06 00:00:00,125.295000,125.530000,125.250000,125.300000,4,2020-08-06
2020-08-06 04:00:00,125.300000,125.345000,125.220000,125.305000,4,2020-08-06
2020-08-06 08:00:00,125.310000,125.450000,125.270000,125.325000,4,2020-08-06
2020-08-06 12:00:00,125.355000,125.415000,125.185000,125.310000,4,2020-08-06
2020-08-06 16:00:00,125.305000,125.595000,125.035004,125.225000,4,2020-08-06
2020-08-06 20:00:00,125.235000,125.255000,124.840000,124.960000,4,2020-08-07
2020-08-07 00:00:00,124.955000,125.385000,124.710000,125.295000,4,2020-08-07
2020-08-07 04:00:00,125.295000,125.445000,125.255000,125.325000,4,2020-08-07
2020-08-07 08:00:00,125.360000,125.410000,125.210000,125.300000,4,2020-08-07
2020-08-07 12:00:00,125.280000,125.295000,124.825000,125.000000,4,2020-08-07
2020-08-07 16:00:00,124.985000,125.095001,124.790000,124.840000,4,2020-08-07
2020-08-07 20:00:00,124.840000,124.980000,124.810000,124.920000,1,2020-08-07
2020-08-10 04:00:00,124.865000,124.940000,124.785000,124.860000,3,2020-08-10
2020-08-10 08:00:00,124.855000,124.905000,124.670000,124.755000,4,2020-08-10
2020-08-10 12:00:00,124.760000,124.820000,124.705000,124.745000,4,2020-08-10
2020-08-10 16:00:00,124.745000,124.840000,124.605000,124.650000,4,2020-08-10
2020-08-10 20:00:00,124.650000,124.805000,124.605000,124.690000,4,2020-08-11
2020-08-11 00:00:00,124.690000,124.710000,124.365000,124.460000,4,2020-08-11
2020-08-11 04:00:00,124.485000,124.495000,124.340000,124.385000,4,2020-08-11
2020-08-11 08:00:00,124.375000,124.550000,124.345000,124.480000,4,2020-08-11
2020-08-11 12:00:00,124.485000,124.745000,124.475000,124.655000,4,2020-08-11
2020-08-11 16:00:00,124.680000,125.074997,124.500000,125.019997,4,2020-08-11
2020-08-11 20:00:00,125.035004,125.370000,124.875000,125.330000,4,2020-08-12
2020-08-12 00:00:00,125.315000,125.500000,125.180000,125.375000,4,2020-08-12
2020-08-12 04:00:00,125.370000,125.410000,124.880000,125.070000,4,2020-08-12
2020-08-12 08:00:00,125.070000,125.155000,124.950000,125.084999,4,2020-08-12
2020-08-12 12:00:00,125.074997,125.155000,124.975000,125.120000,4,2020-08-12
2020-08-12 16:00:00,125.110000,125.720000,125.099998,125.665000,4,2020-08-12
2020-08-12 20:00:00,125.665000,126.059998,125.650000,125.850000,4,2020-08-13
2020-08-13 00:00:00,125.850000,126.230000,125.765000,125.965000,4,2020-08-13
2020-08-13 04:00:00,125.960000,126.040001,125.895000,125.935000,4,2020-08-13
2020-08-13 08:00:00,125.950000,126.080002,125.920000,126.025002,4,2020-08-13
2020-08-13 12:00:00,126.025002,126.089996,125.970000,126.019997,4,2020-08-13
2020-08-13 16:00:00,126.010002,126.480000,126.010002,126.460000,4,2020-08-13
2020-08-13 20:00:00,126.480000,126.760000,126.435000,126.675000,4,2020-08-14
2020-08-14 00:00:00,126.680000,126.700000,126.265000,126.425000,4,2020-08-14
2020-08-14 04:00:00,126.425000,126.445000,126.150000,126.340000,4,2020-08-14
2020-08-14 08:00:00,126.350000,126.475000,126.260000,126.345000,4,2020-08-14
2020-08-14 12:00:00,126.330000,126.350000,126.225000,126.290000,4,2020-08-14
2020-08-14 16:00:00,126.275000,126.310000,125.745000,125.870000,4,2020-08-14
2020-08-14 20:00:00,125.860000,126.029999,125.860000,126.000000,1,2020-08-14
2020-08-17 04:00:00,126.250000,126.320000,126.180000,126.265000,4,2020-08-17
2020-08-17 08:00:00,126.250000,126.340000,126.115000,126.165000,4,2020-08-17
2020-08-17 12:00:00,126.150000,126.420000,126.150000,126.415000,4,2020-08-17
2020-08-17 16:00:00,126.420000,126.455000,125.940000,126.099998,4,2020-08-17
2020-08-17 20:00:00,126.089996,126.120000,125.885000,126.035004,4,2020-08-18
2020-08-18 00:00:00,126.040001,126.084999,125.680000,125.795000,4,2020-08-18
2020-08-18 04:00:00,125.800000,125.965000,125.760000,125.910000,4,2020-08-18
2020-08-18 08:00:00,125.855000,125.935000,125.640000,125.715000,4,2020-08-18
2020-08-18 12:00:00,125.715000,125.735000,125.520000,125.605000,4,2020-08-18
2020-08-18 16:00:00,125.615000,125.780000,125.345000,125.700000,4,2020-08-18
2020-08-18 20:00:00,125.700000,126.089996,125.500000,125.965000,4,2020-08-19
2020-08-19 00:00:00,125.960000,126.029999,125.665000,125.770000,4,2020-08-19
2020-08-19 04:00:00,125.780000,125.895000,125.730000,125.780000,4,2020-08-19
2020-08-19 08:00:00,125.775000,125.900000,125.595000,125.865000,4,2020-08-19
2020-08-19 12:00:00,125.860000,126.070000,125.785000,126.035004,4,2020-08-19
2020-08-19 16:00:00,126.010002,126.070000,125.740000,125.760000,4,2020-08-19
2020-08-19 20:00:00,125.780000,125.975000,125.525000,125.900000,4,2020-08-20
2020-08-20 00:00:00,125.915000,125.975000,125.500000,125.610000,4,2020-08-20
2020-08-20 04:00:00,125.580000,125.705000,125.380000,125.605000,4,2020-08-20
2020-08-20 08:00:00,125.610000,125.735000,125.560000,125.620000,4,2020-08-20
2020-08-20 12:00:00,125.635000,125.720000,125.530000,125.640000,4,2020-08-20
2020-08-20 16:00:00,125.605000,125.795000,125.260000,125.385000,4,2020-08-20
2020-08-20 20:00:00,125.370000,125.510000,125.099998,125.360000,4,2020-08-21
2020-08-21 00:00:00,125.375000,125.560000,125.310000,125.500000,4,2020-08-21
2020-08-21 04:00:00,125.480000,125.530000,125.340000,125.485000,4,2020-08-21
2020-08-21 08:00:00,125.500000,125.565000,125.395000,125.435000,4,2020-08-21
2020-08-21 12:00:00,125.435000,125.530000,125.355000,125.475000,4,2020-08-21
2020-08-21 16:00:00,125.470000,125.470000,124.555000,124.770000,4,2020-08-21
2020-08-21 20:00:00,124.765000,124.800000,124.550000,124.725000,1,2020-08-21
2020-08-24 04:00:00,124.795000,124.870000,124.740000,124.740000,4,2020-08-24
2020-08-24 08:00:00,124.790000,124.985000,124.700000,124.820000,4,2020-08-24
2020-08-24 12:00:00,124.825000,124.935000,124.715000,124.915000,4,2020-08-24
2020-08-24 16:00:00,124.905000,125.225000,124.835000,125.099998,4,2020-08-24
2020-08-24 20:00:00,125.099998,125.355000,125.059998,125.110000,4,2020-08-25
2020-08-25 00:00:00,125.135000,125.175000,124.920000,124.990000,4,2020-08-25
2020-08-25 04:00:00,124.985000,125.044998,124.905000,124.970000,4,2020-08-25
2020-08-25 08:00:00,124.955000,125.120000,124.935000,125.070000,4,2020-08-25
2020-08-25 12:00:00,125.059998,125.225000,124.945000,125.200000,4,2020-08-25
2020-08-25 16:00:00,125.195000,125.875000,125.155000,125.810000,4,2020-08-25
2020-08-25 20:00:00,125.810000,126.035004,125.575000,125.950000,4,2020-08-26
2020-08-26 00:00:00,125.995000,126.014999,125.640000,125.820000,4,2020-08-26
2020-08-26 04:00:00,125.810000,125.945000,125.765000,125.925000,4,2020-08-26
2020-08-26 08:00:00,125.930000,126.155000,125.845000,126.035004,4,2020-08-26
2020-08-26 12:00:00,126.035004,126.040001,125.585000,125.680000,4,2020-08-26
2020-08-26 16:00:00,125.685000,125.760000,125.420000,125.565000,4,2020-08-26
2020-08-26 20:00:00,125.595000,125.610000,125.260000,125.550000,4,2020-08-27
2020-08-27 00:00:00,125.565000,125.610000,125.300000,125.325000,4,2020-08-27
2020-08-27 04:00:00,125.330000,125.455000,125.260000,125.445000,4,2020-08-27
2020-08-27 08:00:00,125.425000,125.585000,125.265000,125.420000,4,2020-08-27
2020-08-27 12:00:00,125.425000,125.500000,125.340000,125.460000,4,2020-08-27
2020-08-27 16:00:00,125.455000,125.585000,125.285000,125.340000,4,2020-08-27
2020-08-27 20:00:00,125.350000,125.760000,125.165000,125.390000,4,2020-08-28
2020-08-28 00:00:00,125.350000,126.070000,125.140000,126.010002,4,2020-08-28
2020-08-28 04:00:00,126.010002,126.099998,125.895000,125.945000,4,2020-08-28
2020-08-28 08:00:00,125.965000,126.305000,125.945000,126.285000,4,2020-08-28
2020-08-28 12:00:00,126.305000,126.760000,126.044998,126.185000,4,2020-08-28
2020-08-28 16:00:00,126.190000,126.265000,125.700000,125.740000,4,2020-08-28
2020-08-28 20:00:00,125.615000,125.625000,125.370000,125.410000,1,2020-08-28
2020-08-31 04:00:00,125.380000,125.610000,125.360000,125.555000,4,2020-08-31
2020-08-31 08:00:00,125.505000,125.940000,125.405000,125.645000,4,2020-08-31
2020-08-31 12:00:00,125.650000,125.810000,125.545000,125.700000,4,2020-08-31
2020-08-31 16:00:00,125.680000,126.250000,125.665000,126.215000,4,2020-08-31
2020-08-31 20:00:00,126.215000,126.630000,126.135000,126.490000,4,2020-09-01
2020-09-01 00:00:00,126.495000,126.860000,126.375000,126.420000,4,2020-09-01
2020-09-01 04:00:00,126.430000,126.495000,126.300000,126.420000,4,2020-09-01
2020-09-01 08:00:00,126.430000,126.670000,126.305000,126.570000,4,2020-09-01
2020-09-01 12:00:00,126.545000,126.840000,126.440000,126.705000,4,2020-09-01
2020-09-01 16:00:00,126.695000,126.750000,126.485000,126.680000,4,2020-09-01
2020-09-01 20:00:00,126.685000,127.080002,126.610000,126.815000,4,2020-09-02
2020-09-02 00:00:00,126.860000,126.890000,126.180000,126.250000,4,2020-09-02
2020-09-02 04:00:00,126.260000,126.310000,126.135000,126.250000,4,2020-09-02
2020-09-02 08:00:00,126.270000,126.325000,126.084999,126.240000,4,2020-09-02
2020-09-02 12:00:00,126.235000,126.320000,126.170000,126.275000,4,2020-09-02
2020-09-02 16:00:00,126.280000,126.310000,125.830000,125.980000,4,2020-09-02
2020-09-02 20:00:00,125.980000,126.059998,125.665000,125.690000,4,2020-09-03
2020-09-03 00:00:00,125.685000,125.820000,125.555000,125.710000,4,2020-09-03
2020-09-03 04:00:00,125.700000,125.915000,125.640000,125.875000,4,2020-09-03
2020-09-03 08:00:00,125.880000,125.930000,125.590000,125.680000,4,2020-09-03
2020-09-03 12:00:00,125.695000,125.750000,125.415000,125.450000,4,2020-09-03
2020-09-03 16:00:00,125.445000,125.895000,125.290000,125.785000,4,2020-09-03
2020-09-03 20:00:00,125.795000,126.029999,125.660000,125.990000,4,2020-09-04
2020-09-04 00:00:00,125.960000,125.990000,125.310000,125.630000,4,2020-09-04
2020-09-04 04:00:00,125.625000,125.910000,125.615000,125.825000,4,2020-09-04
2020-09-04 08:00:00,125.810000,125.905000,125.595000,125.850000,4,2020-09-04
2020-09-04 12:00:00,125.845000,125.885000,125.750000,125.835000,4,2020-09-04
2020-09-04 16:00:00,125.820000,125.925000,125.585000,125.880000,4,2020-09-04
2020-09-04 20:00:00,125.885000,125.925000,125.720000,125.805000,1,2020-09-04
2020-09-07 04:00:00,125.725000,125.915000,125.705000,125.830000,3,2020-09-07
2020-09-07 08:00:00,125.835000,125.945000,125.725000,125.775000,4,2020-09-07
2020-09-07 12:00:00,125.790000,125.815000,125.695000,125.740000,4,2020-09-07
2020-09-07 16:00:00,125.750000,125.795000,125.590000,125.640000,4,2020-09-07
2020-09-07 20:00:00,125.630000,125.660000,125.515000,125.545000,4,2020-09-08
2020-09-08 00:00:00,125.565000,125.720000,125.530000,125.585000,4,2020-09-08
2020-09-08 04:00:00,125.585000,125.625000,125.525000,125.585000,4,2020-09-08
2020-09-08 08:00:00,125.575000,125.665000,125.390000,125.420000,4,2020-09-08
2020-09-08 12:00:00,125.410000,125.550000,125.390000,125.515000,4,2020-09-08
2020-09-08 16:00:00,125.505000,125.645000,125.400000,125.430000,4,2020-09-08
2020-09-08 20:00:00,125.425000,125.470000,124.695000,124.835000,4,2020-09-09
2020-09-09 00:00:00,124.870000,125.050003,124.740000,124.995000,4,2020-09-09
2020-09-09 04:00:00,124.995000,125.004997,124.715000,124.745000,4,2020-09-09
2020-09-09 08:00:00,124.735000,124.810000,124.440000,124.760000,4,2020-09-09
2020-09-09 12:00:00,124.760000,124.840000,124.695000,124.805000,4,2020-09-09
2020-09-09 16:00:00,124.780000,124.915000,124.455000,124.800000,4,2020-09-09
2020-09-09 20:00:00,124.795000,125.545000,124.725000,125.460000,4,2020-09-10
2020-09-10 00:00:00,125.455000,125.640000,125.320000,125.360000,4,2020-09-10
2020-09-10 04:00:00,125.375000,125.435000,125.290000,125.350000,4,2020-09-10
2020-09-10 08:00:00,125.340000,125.515000,125.320000,125.490000,4,2020-09-10
2020-09-10 12:00:00,125.495000,125.575000,125.375000,125.530000,4,2020-09-10
2020-09-10 16:00:00,125.525000,125.635000,125.320000,125.630000,4,2020-09-10
2020-09-10 20:00:00,125.620000,126.455000,125.540000,126.270000,4,2020-09-11
2020-09-11 00:00:00,126.335000,126.435000,125.820000,125.885000,4,2020-09-11
2020-09-11 04:00:00,125.865000,125.915000,125.315000,125.485000,4,2020-09-11
2020-09-11 08:00:00,125.485000,125.740000,125.465000,125.645000,4,2020-09-11
2020-09-11 12:00:00,125.645000,125.720000,125.585000,125.710000,4,2020-09-11
2020-09-11 16:00:00,125.700000,126.120000,125.600000,126.105000,4,2020-09-11
2020-09-11 20:00:00,126.105000,126.130000,125.900000,125.955000,1,2020-09-11
2020-09-14 04:00:00,125.860000,125.860000,125.540000,125.615000,4,2020-09-14
2020-09-14 08:00:00,125.640000,125.745000,125.590000,125.675000,4,2020-09-14
2020-09-14 12:00:00,125.685000,125.775000,125.575000,125.730000,4,2020-09-14
2020-09-14 16:00:00,125.725000,125.770000,125.565000,125.700000,4,2020-09-14
2020-09-14 20:00:00,125.695000,125.905000,125.530000,125.540000,4,2020-09-15
2020-09-15 00:00:00,125.545000,125.600000,125.280000,125.375000,4,2020-09-15
2020-09-15 04:00:00,125.370000,125.490000,125.345000,125.450000,4,2020-09-15
2020-09-15 08:00:00,125.435000,125.505000,125.320000,125.465000,4,2020-09-15
2020-09-15 12:00:00,125.455000,125.770000,125.440000,125.705000,4,2020-09-15
2020-09-15 16:00:00,125.710000,125.775000,125.565000,125.605000,4,2020-09-15
2020-09-15 20:00:00,125.600000,125.705000,124.930000,124.990000,4,2020-09-16
2020-09-16 00:00:00,124.995000,125.080002,124.750000,125.019997,4,2020-09-16
2020-09-16 04:00:00,125.025002,125.040001,124.845000,124.920000,4,2020-09-16
2020-09-16 08:00:00,124.915000,124.945000,124.525000,124.690000,4,2020-09-16
2020-09-16 12:00:00,124.705000,124.840000,124.680000,124.800000,4,2020-09-16
2020-09-16 16:00:00,124.805000,125.025002,124.735000,124.960000,4,2020-09-16
2020-09-16 20:00:00,124.970000,124.980000,124.175000,124.195000,4,2020-09-17
2020-09-17 00:00:00,124.175000,124.255000,123.885000,124.165000,4,2020-09-17
2020-09-17 04:00:00,124.190000,124.295000,123.835000,123.985000,4,2020-09-17
2020-09-17 08:00:00,124.010002,124.095001,123.530000,123.670000,4,2020-09-17
2020-09-17 12:00:00,123.670000,123.685000,123.305000,123.560000,4,2020-09-17
2020-09-17 16:00:00,123.555000,123.755000,123.340000,123.605000,4,2020-09-17
2020-09-17 20:00:00,123.605000,123.685000,123.330000,123.645000,4,2020-09-18
2020-09-18 00:00:00,123.650000,123.990000,123.500000,123.945000,4,2020-09-18
2020-09-18 04:00:00,123.970000,124.155000,123.905000,124.089996,4,2020-09-18
2020-09-18 08:00:00,124.084999,124.310000,124.035004,124.200000,4,2020-09-18
2020-09-18 12:00:00,124.185000,124.260000,124.125000,124.235000,4,2020-09-18
2020-09-18 16:00:00,124.235000,124.275000,123.640000,123.640000,4,2020-09-18
2020-09-18 20:00:00,123.640000,123.660000,123.470000,123.525000,1,2020-09-18
2020-09-21 04:00:00,123.895000,123.915000,123.705000,123.830000,4,2020-09-21
2020-09-21 08:00:00,123.830000,123.940000,123.675000,123.740000,4,2020-09-21
2020-09-21 12:00:00,123.745000,123.840000,123.680000,123.775000,4,2020-09-21
2020-09-21 16:00:00,123.770000,123.815000,122.610000,122.740000,4,2020-09-21
2020-09-21 20:00:00,122.740000,123.330000,122.510000,122.940000,4,2020-09-22
2020-09-22 00:00:00,122.910000,123.210000,122.600000,123.165000,4,2020-09-22
2020-09-22 04:00:00,123.165000,123.350000,123.130000,123.205000,4,2020-09-22
2020-09-22 08:00:00,123.200000,123.275000,122.855000,122.950000,4,2020-09-22
2020-09-22 12:00:00,122.950000,123.105000,122.865000,122.875000,4,2020-09-22
2020-09-22 16:00:00,122.895000,122.930000,122.655000,122.730000,4,2020-09-22
2020-09-22 20:00:00,122.735000,123.145000,122.685000,122.890000,4,2020-09-23
2020-09-23 00:00:00,122.880000,123.099998,122.710000,122.950000,4,2020-09-23
2020-09-23 04:00:00,122.945000,122.995000,122.800000,122.840000,4,2020-09-23
2020-09-23 08:00:00,122.820000,123.035004,122.755000,122.950000,4,2020-09-23
2020-09-23 12:00:00,122.945000,122.970000,122.660000,122.870000,4,2020-09-23
2020-09-23 16:00:00,122.850000,123.055000,122.590000,123.010002,4,2020-09-23
2020-09-23 20:00:00,123.000000,123.035004,122.810000,122.890000,4,2020-09-24
2020-09-24 00:00:00,122.905000,123.195000,122.760000,123.070000,4,2020-09-24
2020-09-24 04:00:00,123.080002,123.084999,122.795000,122.820000,4,2020-09-24
2020-09-24 08:00:00,122.870000,123.135000,122.725000,123.000000,4,2020-09-24
2020-09-24 12:00:00,123.000000,123.029999,122.770000,122.770000,4,2020-09-24
2020-09-24 16:00:00,122.775000,122.900000,122.585000,122.685000,4,2020-09-24
2020-09-24 20:00:00,122.690000,122.920000,122.580000,122.735000,4,2020-09-25
2020-09-25 00:00:00,122.760000,123.170000,122.670000,123.115000,4,2020-09-25
2020-09-25 04:00:00,123.110000,123.135000,122.955000,123.044998,4,2020-09-25
2020-09-25 08:00:00,123.029999,123.150000,123.010002,123.099998,4,2020-09-25
2020-09-25 12:00:00,123.099998,123.160000,122.915000,122.915000,4,2020-09-25
2020-09-25 16:00:00,122.925000,123.099998,122.710000,122.785000,4,2020-09-25
2020-09-25 20:00:00,122.790000,122.905000,122.755000,122.790000,1,2020-09-25
2020-09-28 04:00:00,122.700000,122.860000,122.595000,122.860000,3,2020-09-28
2020-09-28 08:00:00,122.845000,122.895000,122.400000,122.640000,4,2020-09-28
2020-09-28 12:00:00,122.630000,122.675000,122.405000,122.455000,4,2020-09-28
2020-09-28 16:00:00,122.450000,122.725000,122.375000,122.685000,4,2020-09-28
2020-09-28 20:00:00,122.685000,123.210000,122.675000,123.135000,4,2020-09-29
2020-09-29 00:00:00,123.145000,123.170000,122.965000,123.099998,4,2020-09-29
2020-09-29 04:00:00,123.099998,123.140000,123.025002,123.074997,4,2020-09-29
2020-09-29 08:00:00,123.095001,123.190000,123.025002,123.074997,4,2020-09-29
2020-09-29 12:00:00,123.065002,123.330000,123.029999,123.205000,4,2020-09-29
2020-09-29 16:00:00,123.210000,123.525000,123.195000,123.510000,4,2020-09-29
2020-09-29 20:00:00,123.470000,123.840000,123.410000,123.800000,4,2020-09-30
2020-09-30 00:00:00,123.790000,124.095001,123.760000,124.095001,4,2020-09-30
2020-09-30 04:00:00,124.070000,124.135000,124.010002,124.055000,4,2020-09-30
2020-09-30 08:00:00,124.065002,124.210000,124.029999,124.135000,4,2020-09-30
2020-09-30 12:00:00,124.135000,124.260000,123.725000,123.780000,4,2020-09-30
2020-09-30 16:00:00,123.780000,124.040001,123.600000,123.760000,4,2020-09-30
2020-09-30 20:00:00,123.750000,123.855000,123.545000,123.645000,4,2020-10-01
2020-10-01 00:00:00,123.635000,123.940000,123.605000,123.710000,4,2020-10-01
2020-10-01 04:00:00,123.685000,123.715000,123.525000,123.620000,4,2020-10-01
2020-10-01 08:00:00,123.620000,123.890000,123.590000,123.820000,4,2020-10-01
2020-10-01 12:00:00,123.820000,124.019997,123.785000,123.950000,4,2020-10-01
2020-10-01 16:00:00,123.960000,124.035004,123.725000,124.029999,4,2020-10-01
2020-10-01 20:00:00,123.995000,124.220000,123.925000,124.165000,4,2020-10-02
2020-10-02 00:00:00,124.140000,124.140000,123.860000,123.965000,4,2020-10-02
2020-10-02 04:00:00,123.965000,124.035004,123.890000,123.975000,4,2020-10-02
2020-10-02 08:00:00,123.980000,124.019997,123.820000,123.885000,4,2020-10-02
2020-10-02 12:00:00,123.880000,123.910000,123.025002,123.190000,4,2020-10-02
2020-10-02 16:00:00,123.190000,123.515000,123.040001,123.202500,4,2020-10-02
2020-10-02 20:00:00,123.206000,123.289000,123.099998,123.200000,1,2020-10-02
2020-10-05 04:00:00,123.295000,123.360000,123.295000,123.330000,2,2020-10-05
2020-10-05 08:00:00,123.330000,123.810000,123.330000,123.765000,4,2020-10-05
2020-10-05 12:00:00,123.760000,123.865000,123.720000,123.845000,4,2020-10-05
2020-10-05 16:00:00,123.845000,124.135000,123.760000,124.115000,4,2020-10-05
2020-10-05 20:00:00,124.120000,124.295000,124.074997,124.210000,4,2020-10-06
2020-10-06 00:00:00,124.220000,124.715000,124.195000,124.650000,4,2020-10-06
2020-10-06 04:00:00,124.650000,124.660000,124.445000,124.600000,4,2020-10-06
2020-10-06 08:00:00,124.590000,124.700000,124.490000,124.610000,4,2020-10-06
2020-10-06 12:00:00,124.605000,124.650000,124.510000,124.510000,4,2020-10-06
2020-10-06 16:00:00,124.510000,124.700000,124.200000,124.295000,4,2020-10-06
2020-10-06 20:00:00,124.300000,124.725000,124.265000,124.600000,4,2020-10-07
2020-10-07 00:00:00,124.610000,124.745000,124.385000,124.440000,4,2020-10-07
2020-10-07 04:00:00,124.430000,124.555000,123.860000,123.950000,4,2020-10-07
2020-10-07 08:00:00,123.950000,124.074997,123.890000,124.010002,4,2020-10-07
2020-10-07 12:00:00,123.990000,124.084999,123.855000,124.065002,4,2020-10-07
2020-10-07 16:00:00,124.050003,124.660000,124.010002,124.625000,4,2020-10-07
2020-10-07 20:00:00,124.620000,124.880000,124.600000,124.720000,4,2020-10-08
2020-10-08 00:00:00,124.730000,124.765000,124.610000,124.745000,4,2020-10-08
2020-10-08 04:00:00,124.745000,124.810000,124.645000,124.650000,4,2020-10-08
2020-10-08 08:00:00,124.655000,124.840000,124.620000,124.760000,4,2020-10-08
2020-10-08 12:00:00,124.760000,124.820000,124.665000,124.735000,4,2020-10-08
2020-10-08 16:00:00,124.715000,124.880000,124.540000,124.645000,4,2020-10-08
2020-10-08 20:00:00,124.650000,124.745000,124.555000,124.580000,4,2020-10-09
2020-10-09 00:00:00,124.585000,124.630000,124.365000,124.620000,4,2020-10-09
2020-10-09 04:00:00,124.610000,124.710000,124.580000,124.680000,4,2020-10-09
2020-10-09 08:00:00,124.695000,124.765000,124.510000,124.600000,4,2020-10-09
2020-10-09 12:00:00,124.595000,124.710000,124.530000,124.655000,4,2020-10-09
2020-10-09 16:00:00,124.655000,124.985000,124.645000,124.930000,4,2020-10-09
2020-10-09 20:00:00,124.955000,124.980000,124.860000,124.920000,1,2020-10-09
2020-10-12 04:00:00,124.945000,125.055000,124.885000,124.935000,2,2020-10-12
2020-10-12 08:00:00,124.945000,125.074997,124.725000,124.790000,4,2020-10-12
2020-10-12 12:00:00,124.760000,124.865000,124.605000,124.690000,4,2020-10-12
2020-10-12 16:00:00,124.665000,124.775000,124.575000,124.730000,4,2020-10-12
2020-10-12 20:00:00,124.725000,124.745000,124.320000,124.440000,4,2020-10-13
2020-10-13 00:00:00,124.440000,124.520000,124.285000,124.405000,4,2020-10-13
2020-10-13 04:00:00,124.395000,124.460000,124.350000,124.415000,4,2020-10-13
2020-10-13 08:00:00,124.440000,124.485000,124.255000,124.325000,4,2020-10-13
2020-10-13 12:00:00,124.320000,124.390000,124.185000,124.390000,4,2020-10-13
2020-10-13 16:00:00,124.385000,124.450000,124.165000,124.360000,4,2020-10-13
2020-10-13 20:00:00,124.335000,124.465000,124.260000,124.440000,4,2020-10-14
2020-10-14 00:00:00,124.425000,124.455000,123.820000,123.855000,4,2020-10-14
2020-10-14 04:00:00,123.850000,123.965000,123.810000,123.890000,4,2020-10-14
2020-10-14 08:00:00,123.885000,123.970000,123.815000,123.840000,4,2020-10-14
2020-10-14 12:00:00,123.840000,123.865000,123.640000,123.815000,4,2020-10-14
2020-10-14 16:00:00,123.820000,123.935000,123.670000,123.705000,4,2020-10-14
2020-10-14 20:00:00,123.705000,123.825000,123.575000,123.760000,4,2020-10-15
2020-10-15 00:00:00,123.765000,123.780000,123.460000,123.560000,4,2020-10-15
2020-10-15 04:00:00,123.575000,123.605000,123.470000,123.550000,4,2020-10-15
2020-10-15 08:00:00,123.530000,123.685000,123.450000,123.630000,4,2020-10-15
2020-10-15 12:00:00,123.630000,123.780000,123.595000,123.725000,4,2020-10-15
2020-10-15 16:00:00,123.725000,123.760000,123.230000,123.270000,4,2020-10-15
2020-10-15 20:00:00,123.290000,123.415000,123.074997,123.115000,4,2020-10-16
2020-10-16 00:00:00,123.110000,123.365000,123.019997,123.280000,4,2020-10-16
2020-10-16 04:00:00,123.270000,123.485000,123.255000,123.445000,4,2020-10-16
2020-10-16 08:00:00,123.470000,123.495000,123.265000,123.355000,4,2020-10-16
2020-10-16 12:00:00,123.350000,123.410000,123.115000,123.175000,4,2020-10-16
2020-10-16 16:00:00,123.140000,123.400000,123.125000,123.180000,4,2020-10-16
2020-10-16 20:00:00,123.170000,123.265000,123.160000,123.235000,1,2020-10-16
2020-10-19 04:00:00,123.490000,123.580000,123.475000,123.510000,2,2020-10-19
2020-10-19 08:00:00,123.525000,123.645000,123.395000,123.530000,4,2020-10-19
2020-10-19 12:00:00,123.550000,123.565000,123.395000,123.420000,4,2020-10-19
2020-10-19 16:00:00,123.415000,123.720000,123.355000,123.650000,4,2020-10-19
2020-10-19 20:00:00,123.665000,124.160000,123.645000,124.065002,4,2020-10-20
2020-10-20 00:00:00,124.070000,124.310000,124.050003,124.200000,4,2020-10-20
2020-10-20 04:00:00,124.200000,124.240000,124.044998,124.089996,4,2020-10-20
2020-10-20 08:00:00,124.040001,124.350000,124.019997,124.300000,4,2020-10-20
2020-10-20 12:00:00,124.300000,124.325000,124.165000,124.285000,4,2020-10-20
2020-10-20 16:00:00,124.280000,124.420000,124.115000,124.330000,4,2020-10-20
2020-10-20 20:00:00,124.345000,124.920000,124.340000,124.830000,4,2020-10-21
2020-10-21 00:00:00,124.830000,125.014999,124.775000,124.840000,4,2020-10-21
2020-10-21 04:00:00,124.850000,124.915000,124.670000,124.735000,4,2020-10-21
2020-10-21 08:00:00,124.720000,124.845000,124.680000,124.695000,4,2020-10-21
2020-10-21 12:00:00,124.690000,124.845000,124.665000,124.760000,4,2020-10-21
2020-10-21 16:00:00,124.750000,124.850000,124.360000,124.365000,4,2020-10-21
2020-10-21 20:00:00,124.370000,124.395000,124.065002,124.070000,4,2020-10-22
2020-10-22 00:00:00,124.070000,124.190000,123.910000,124.080002,4,2020-10-22
2020-10-22 04:00:00,124.084999,124.089996,123.945000,124.050003,4,2020-10-22
2020-10-22 08:00:00,124.065002,124.105000,123.900000,123.955000,4,2020-10-22
2020-10-22 12:00:00,123.955000,124.059998,123.935000,124.025002,4,2020-10-22
2020-10-22 16:00:00,124.029999,124.089996,123.800000,123.970000,4,2020-10-22
2020-10-22 20:00:00,123.995000,124.040001,123.660000,123.720000,4,2020-10-23
2020-10-23 00:00:00,123.720000,124.084999,123.685000,123.915000,4,2020-10-23
2020-10-23 04:00:00,123.915000,124.029999,123.880000,123.925000,4,2020-10-23
2020-10-23 08:00:00,123.895000,124.035004,123.415000,123.590000,4,2020-10-23
2020-10-23 12:00:00,123.595000,123.670000,123.505000,123.570000,4,2020-10-23
2020-10-23 16:00:00,123.575000,123.915000,123.475000,123.860000,4,2020-10-23
2020-10-23 20:00:00,123.850000,123.995000,123.805000,123.925000,1,2020-10-23
2020-10-26 04:00:00,124.095001,124.195000,124.070000,124.110000,2,2020-10-26
2020-10-26 08:00:00,124.115000,124.175000,123.970000,123.975000,4,2020-10-26
2020-10-26 12:00:00,123.980000,124.210000,123.975000,124.130000,4,2020-10-26
2020-10-26 16:00:00,124.120000,124.210000,123.940000,123.980000,4,2020-10-26
2020-10-26 20:00:00,123.985000,124.070000,123.775000,124.035004,4,2020-10-27
2020-10-27 00:00:00,124.065002,124.175000,123.860000,123.970000,4,2020-10-27
2020-10-27 04:00:00,123.975000,123.980000,123.785000,123.805000,4,2020-10-27
2020-10-27 08:00:00,123.810000,123.900000,123.695000,123.890000,4,2020-10-27
2020-10-27 12:00:00,123.890000,123.905000,123.725000,123.865000,4,2020-10-27
2020-10-27 16:00:00,123.870000,124.004997,123.585000,123.680000,4,2020-10-27
2020-10-27 20:00:00,123.680000,123.815000,123.495000,123.795000,4,2020-10-28
2020-10-28 00:00:00,123.785000,123.865000,123.490000,123.510000,4,2020-10-28
2020-10-28 04:00:00,123.510000,123.555000,123.145000,123.180000,4,2020-10-28
2020-10-28 08:00:00,123.180000,123.230000,122.955000,123.044998,4,2020-10-28
2020-10-28 12:00:00,123.050003,123.155000,122.745000,122.800000,4,2020-10-28
2020-10-28 16:00:00,122.790000,122.890000,122.485000,122.710000,4,2020-10-28
2020-10-28 20:00:00,122.700000,122.720000,122.190000,122.405000,4,2020-10-29
2020-10-29 00:00:00,122.410000,122.700000,122.210000,122.575000,4,2020-10-29
2020-10-29 04:00:00,122.575000,122.665000,122.490000,122.535000,4,2020-10-29
2020-10-29 08:00:00,122.535000,122.730000,122.495000,122.700000,4,2020-10-29
2020-10-29 12:00:00,122.700000,122.880000,122.585000,122.740000,4,2020-10-29
2020-10-29 16:00:00,122.745000,122.770000,122.230000,122.240000,4,2020-10-29
2020-10-29 20:00:00,122.245000,122.335000,121.930000,122.155000,4,2020-10-30
2020-10-30 00:00:00,122.150000,122.205000,121.900000,122.035004,4,2020-10-30
2020-10-30 04:00:00,122.040001,122.220000,121.955000,122.099998,4,2020-10-30
2020-10-30 08:00:00,122.150000,122.160000,121.955000,122.070000,4,2020-10-30
2020-10-30 12:00:00,122.055000,122.120000,121.890000,121.915000,4,2020-10-30
2020-10-30 16:00:00,121.915000,121.975000,121.615000,121.805000,4,2020-10-30
2020-10-30 20:00:00,121.810000,121.985000,121.760000,121.890000,1,2020-10-30
2020-11-02 04:00:00,121.845000,121.850000,121.815000,121.835000,1,2020-11-02
2020-11-02 08:00:00,121.835000,121.970000,121.700000,121.945000,4,2020-11-02
2020-11-02 12:00:00,121.940000,121.955000,121.790000,121.795000,4,2020-11-02
2020-11-02 16:00:00,121.810000,122.080002,121.800000,122.065002,4,2020-11-02
2020-11-02 20:00:00,122.059998,122.170000,121.865000,121.900000,4,2020-11-03
2020-11-03 00:00:00,121.910000,122.014999,121.725000,121.935000,4,2020-11-03
2020-11-03 04:00:00,121.940000,121.990000,121.845000,121.975000,4,2020-11-03
2020-11-03 08:00:00,121.975000,122.019997,121.860000,121.990000,4,2020-11-03
2020-11-03 12:00:00,121.990000,122.055000,121.950000,122.010002,4,2020-11-03
2020-11-03 16:00:00,122.014999,122.255000,121.820000,122.200000,4,2020-11-03
2020-11-03 20:00:00,122.215000,122.765000,122.210000,122.455000,4,2020-11-04
2020-11-04 00:00:00,122.455000,122.710000,122.455000,122.500000,4,2020-11-04
2020-11-04 04:00:00,122.520000,122.585000,122.335000,122.370000,4,2020-11-04
2020-11-04 08:00:00,122.375000,123.084999,122.270000,122.330000,4,2020-11-04
2020-11-04 12:00:00,122.330000,122.705000,122.035004,122.180000,4,2020-11-04
2020-11-04 16:00:00,122.160000,122.735000,121.965000,122.445000,4,2020-11-04
2020-11-04 20:00:00,122.450000,122.600000,122.230000,122.315000,4,2020-11-05
2020-11-05 00:00:00,122.310000,122.475000,122.065002,122.455000,4,2020-11-05
2020-11-05 04:00:00,122.455000,122.615000,122.355000,122.450000,4,2020-11-05
2020-11-05 08:00:00,122.450000,122.630000,122.265000,122.310000,4,2020-11-05
2020-11-05 12:00:00,122.300000,122.470000,122.210000,122.420000,4,2020-11-05
2020-11-05 16:00:00,122.430000,122.760000,122.380000,122.680000,4,2020-11-05
2020-11-05 20:00:00,122.690000,123.165000,122.610000,122.970000,4,2020-11-06
2020-11-06 00:00:00,122.940000,122.970000,122.360000,122.450000,4,2020-11-06
2020-11-06 04:00:00,122.425000,122.580000,122.335000,122.460000,4,2020-11-06
2020-11-06 08:00:00,122.460000,122.680000,122.350000,122.405000,4,2020-11-06
2020-11-06 12:00:00,122.410000,122.510000,122.220000,122.245000,4,2020-11-06
2020-11-06 16:00:00,122.245000,122.640000,122.245000,122.575000,4,2020-11-06
2020-11-06 20:00:00,122.570000,122.640000,122.400000,122.495000,2,2020-11-06
2020-11-09 04:00:00,122.845000,122.895000,122.805000,122.840000,1,2020-11-09
2020-11-09 08:00:00,122.840000,122.895000,122.680000,122.830000,4,2020-11-09
2020-11-09 12:00:00,122.840000,123.029999,122.790000,122.980000,4,2020-11-09
2020-11-09 16:00:00,122.990000,123.160000,122.890000,122.955000,4,2020-11-09
2020-11-09 20:00:00,122.955000,124.850000,122.915000,124.845000,4,2020-11-10
2020-11-10 00:00:00,124.865000,125.135000,124.510000,124.680000,4,2020-11-10
2020-11-10 04:00:00,124.720000,124.765000,124.450000,124.450000,4,2020-11-10
2020-11-10 08:00:00,124.470000,124.560000,124.130000,124.220000,4,2020-11-10
2020-11-10 12:00:00,124.230000,124.305000,123.990000,124.260000,4,2020-11-10
2020-11-10 16:00:00,124.255000,124.430000,124.099998,124.370000,4,2020-11-10
2020-11-10 20:00:00,124.359000,124.465000,124.095001,124.340000,4,2020-11-11
2020-11-11 00:00:00,124.330000,124.600000,124.235000,124.450000,4,2020-11-11
2020-11-11 04:00:00,124.425000,124.560000,124.285000,124.340000,4,2020-11-11
2020-11-11 08:00:00,124.345000,124.485000,124.245000,124.255000,4,2020-11-11
2020-11-11 12:00:00,124.275000,124.380000,124.160000,124.355000,4,2020-11-11
2020-11-11 16:00:00,124.320000,124.670000,124.290000,124.395000,4,2020-11-11
2020-11-11 20:00:00,124.390000,124.450000,124.025002,124.205000,4,2020-11-12
2020-11-12 00:00:00,124.200000,124.245000,123.920000,124.195000,4,2020-11-12
2020-11-12 04:00:00,124.190000,124.300000,124.074997,124.175000,4,2020-11-12
2020-11-12 08:00:00,124.205000,124.255000,124.095001,124.150000,4,2020-11-12
2020-11-12 12:00:00,124.150000,124.160000,123.860000,123.880000,4,2020-11-12
2020-11-12 16:00:00,123.870000,124.245000,123.685000,124.225000,4,2020-11-12
2020-11-12 20:00:00,124.205000,124.510000,124.125000,124.300000,4,2020-11-13
2020-11-13 00:00:00,124.270000,124.360000,123.930000,124.240000,4,2020-11-13
2020-11-13 04:00:00,124.240000,124.265000,124.010002,124.135000,4,2020-11-13
2020-11-13 08:00:00,124.125000,124.185000,123.895000,123.910000,4,2020-11-13
2020-11-13 12:00:00,123.910000,123.985000,123.790000,123.860000,4,2020-11-13
2020-11-13 16:00:00,123.835000,124.270000,123.800000,124.180000,4,2020-11-13
2020-11-13 20:00:00,124.175000,124.315000,124.105000,124.225000,2,2020-11-13
2020-11-16 04:00:00,123.990000,124.000000,123.935000,123.965000,1,2020-11-16
2020-11-16 08:00:00,123.965000,124.065002,123.815000,123.940000,4,2020-11-16
2020-11-16 12:00:00,123.940000,123.960000,123.800000,123.865000,3,2020-11-16
2020-11-16 16:00:00,123.930000,123.965000,123.765000,123.795000,4,2020-11-16
2020-11-16 20:00:00,123.800000,124.455000,123.660000,124.130000,4,2020-11-17
2020-11-17 00:00:00,124.150000,124.185000,123.635000,123.820000,4,2020-11-17
2020-11-17 04:00:00,123.825000,123.940000,123.725000,123.935000,4,2020-11-17
2020-11-17 08:00:00,123.930000,124.010002,123.860000,123.985000,4,2020-11-17
2020-11-17 12:00:00,123.975000,124.025002,123.885000,123.925000,4,2020-11-17
2020-11-17 16:00:00,123.920000,123.973500,123.730000,123.825000,4,2020-11-17
2020-11-17 20:00:00,123.805000,123.925000,123.690000,123.835000,4,2020-11-18
2020-11-18 00:00:00,123.830000,123.840000,123.525000,123.610000,4,2020-11-18
2020-11-18 04:00:00,123.600000,123.700000,123.590000,123.620000,4,2020-11-18
2020-11-18 08:00:00,123.635000,123.690000,123.370000,123.440000,4,2020-11-18
2020-11-18 12:00:00,123.425000,123.580000,123.360000,123.520000,4,2020-11-18
2020-11-18 16:00:00,123.510000,123.605000,123.380000,123.485000,4,2020-11-18
2020-11-18 20:00:00,123.490000,123.565000,123.270000,123.315000,4,2020-11-19
2020-11-19 00:00:00,123.330000,123.335000,123.014999,123.105000,4,2020-11-19
2020-11-19 04:00:00,123.105000,123.290000,123.089996,123.099998,4,2020-11-19
2020-11-19 08:00:00,123.099998,123.155000,122.905000,122.940000,4,2020-11-19
2020-11-19 12:00:00,122.940000,123.029999,122.835000,122.950000,4,2020-11-19
2020-11-19 16:00:00,122.935000,123.190000,122.860000,122.915000,4,2020-11-19
2020-11-19 20:00:00,122.920000,123.215000,122.885000,123.135000,4,2020-11-20
2020-11-20 00:00:00,123.105000,123.155000,122.935000,123.004997,4,2020-11-20
2020-11-20 04:00:00,122.990000,123.325000,122.970000,123.260000,4,2020-11-20
2020-11-20 08:00:00,123.275000,123.365000,123.145000,123.300000,4,2020-11-20
2020-11-20 12:00:00,123.310000,123.405000,123.265000,123.385000,4,2020-11-20
2020-11-20 16:00:00,123.385000,123.485000,123.210000,123.255000,4,2020-11-20
2020-11-20 20:00:00,123.225000,123.240000,123.055000,123.089996,2,2020-11-20
2020-11-23 04:00:00,123.065002,123.065002,122.970000,123.044998,1,2020-11-23
2020-11-23 08:00:00,123.044998,123.265000,122.995000,123.230000,4,2020-11-23
2020-11-23 12:00:00,123.225000,123.235000,123.160000,123.170000,4,2020-11-23
2020-11-23 16:00:00,123.180000,123.340000,123.110000,123.240000,4,2020-11-23
2020-11-23 20:00:00,123.260000,123.500000,123.185000,123.445000,4,2020-11-24
2020-11-24 00:00:00,123.465000,123.590000,123.220000,123.480000,4,2020-11-24
2020-11-24 04:00:00,123.500000,123.800000,123.415000,123.780000,4,2020-11-24
2020-11-24 08:00:00,123.785000,123.905000,123.655000,123.850000,4,2020-11-24
2020-11-24 12:00:00,123.850000,123.915000,123.770000,123.895000,4,2020-11-24
2020-11-24 16:00:00,123.885000,123.915000,123.660000,123.835000,4,2020-11-24
2020-11-24 20:00:00,123.845000,124.110000,123.760000,124.070000,4,2020-11-25
2020-11-25 00:00:00,124.059998,124.355000,123.975000,124.235000,4,2020-11-25
2020-11-25 04:00:00,124.220000,124.270000,124.150000,124.205000,4,2020-11-25
2020-11-25 08:00:00,124.205000,124.375000,124.160000,124.325000,4,2020-11-25
2020-11-25 12:00:00,124.315000,124.480000,124.300000,124.360000,4,2020-11-25
2020-11-25 16:00:00,124.360000,124.520000,124.265000,124.345000,4,2020-11-25
2020-11-25 20:00:00,124.350000,124.360000,124.145000,124.200000,4,2020-11-26
2020-11-26 00:00:00,124.195000,124.380000,124.150000,124.310000,4,2020-11-26
2020-11-26 04:00:00,124.300000,124.515000,124.245000,124.490000,4,2020-11-26
2020-11-26 08:00:00,124.505000,124.520000,124.380000,124.400000,4,2020-11-26
2020-11-26 12:00:00,124.395000,124.480000,124.345000,124.385000,4,2020-11-26
2020-11-26 16:00:00,124.370000,124.580000,124.205000,124.220000,4,2020-11-26
2020-11-26 20:00:00,124.220000,124.330000,123.910000,124.025002,4,2020-11-27
2020-11-27 00:00:00,124.035004,124.190000,124.000000,124.155000,4,2020-11-27
2020-11-27 04:00:00,124.145000,124.280000,124.105000,124.175000,4,2020-11-27
2020-11-27 08:00:00,124.185000,124.245000,124.004997,124.029999,4,2020-11-27
2020-11-27 12:00:00,124.055000,124.070000,123.885000,123.955000,4,2020-11-27
2020-11-27 16:00:00,123.960000,124.150000,123.915000,124.105000,4,2020-11-27
2020-11-27 20:00:00,124.110000,124.140000,123.900000,124.140000,2,2020-11-27
2020-11-30 04:00:00,124.465000,124.475000,124.435000,124.440000,1,2020-11-30
2020-11-30 08:00:00,124.435000,124.675000,124.320000,124.350000,4,2020-11-30
2020-11-30 12:00:00,124.360000,124.410000,124.310000,124.335000,4,2020-11-30
2020-11-30 16:00:00,124.340000,124.870000,124.305000,124.830000,4,2020-11-30
2020-11-30 20:00:00,124.840000,124.970000,124.565000,124.710000,4,2020-12-01
2020-12-01 00:00:00,124.700000,125.120000,124.630000,124.710000,4,2020-12-01
2020-12-01 04:00:00,124.720000,124.720000,124.500000,124.520000,4,2020-12-01
2020-12-01 08:00:00,124.530000,124.615000,124.380000,124.550000,4,2020-12-01
2020-12-01 12:00:00,124.550000,124.930000,124.550000,124.800000,4,2020-12-01
2020-12-01 16:00:00,124.810000,124.955000,124.755000,124.855000,4,2020-12-01
2020-12-01 20:00:00,124.875000,124.975000,124.790000,124.920000,4,2020-12-02
2020-12-02 00:00:00,124.940000,125.810000,124.870000,125.690000,4,2020-12-02
2020-12-02 04:00:00,125.685000,125.940000,125.640000,125.935000,4,2020-12-02
2020-12-02 08:00:00,125.925000,125.965000,125.770000,125.910000,4,2020-12-02
2020-12-02 12:00:00,125.900000,126.140000,125.880000,126.050003,4,2020-12-02
2020-12-02 16:00:00,126.050003,126.315000,125.990000,126.080002,4,2020-12-02
2020-12-02 20:00:00,126.080002,126.260000,126.050003,126.205000,4,2020-12-03
2020-12-03 00:00:00,126.210000,126.480000,126.080002,126.405000,4,2020-12-03
2020-12-03 04:00:00,126.390000,126.570000,126.325000,126.460000,4,2020-12-03
2020-12-03 08:00:00,126.475000,126.570000,126.455000,126.510000,4,2020-12-03
2020-12-03 12:00:00,126.515000,126.665000,126.445000,126.590000,4,2020-12-03
2020-12-03 16:00:00,126.585000,126.635000,126.345000,126.410000,4,2020-12-03
2020-12-03 20:00:00,126.390000,126.560000,126.195000,126.530000,4,2020-12-04
2020-12-04 00:00:00,126.520000,126.535000,126.070000,126.095001,4,2020-12-04
2020-12-04 04:00:00,126.099998,126.285000,126.025002,126.175000,4,2020-12-04
2020-12-04 08:00:00,126.190000,126.225000,126.044998,126.140000,4,2020-12-04
2020-12-04 12:00:00,126.125000,126.230000,126.040001,126.165000,4,2020-12-04
2020-12-04 16:00:00,126.165000,126.520000,126.165000,126.505000,4,2020-12-04
2020-12-04 20:00:00,126.490000,126.685000,126.460000,126.605000,2,2020-12-04
2020-12-07 04:00:00,126.089996,126.280000,126.089996,126.185000,1,2020-12-07
2020-12-07 08:00:00,126.165000,126.440000,126.145000,126.240000,4,2020-12-07
2020-12-07 12:00:00,126.240000,126.280000,126.125000,126.205000,4,2020-12-07
2020-12-07 16:00:00,126.200000,126.310000,126.055000,126.074997,4,2020-12-07
2020-12-07 20:00:00,126.089996,126.315000,125.975000,126.230000,4,2020-12-08
2020-12-08 00:00:00,126.230000,126.490000,126.140000,126.250000,4,2020-12-08
2020-12-08 04:00:00,126.250000,126.270000,125.995000,126.014999,4,2020-12-08
2020-12-08 08:00:00,126.010002,126.055000,125.850000,125.980000,4,2020-12-08
2020-12-08 12:00:00,125.995000,126.084999,125.950000,126.055000,4,2020-12-08
2020-12-08 16:00:00,126.044998,126.280000,125.910000,126.175000,4,2020-12-08
2020-12-08 20:00:00,126.185000,126.265000,126.035004,126.165000,4,2020-12-09
2020-12-09 00:00:00,126.165000,126.275000,126.055000,126.125000,4,2020-12-09
2020-12-09 04:00:00,126.120000,126.215000,126.040001,126.099998,4,2020-12-09
2020-12-09 08:00:00,126.120000,126.180000,126.044998,126.130000,4,2020-12-09
2020-12-09 12:00:00,126.135000,126.325000,126.099998,126.310000,4,2020-12-09
2020-12-09 16:00:00,126.305000,126.525000,126.255000,126.435000,4,2020-12-09
2020-12-09 20:00:00,126.425000,126.455000,126.029999,126.080002,4,2020-12-10
2020-12-10 00:00:00,126.070000,126.285000,125.830000,125.960000,4,2020-12-10
2020-12-10 04:00:00,125.980000,126.029999,125.780000,125.885000,4,2020-12-10
2020-12-10 08:00:00,125.880000,126.040001,125.850000,125.975000,4,2020-12-10
2020-12-10 12:00:00,125.970000,126.365000,125.940000,126.345000,4,2020-12-10
2020-12-10 16:00:00,126.345000,126.485000,126.250000,126.390000,4,2020-12-10
2020-12-10 20:00:00,126.385000,126.645000,126.240000,126.505000,4,2020-12-11
2020-12-11 00:00:00,126.510000,126.745000,126.315000,126.395000,4,2020-12-11
2020-12-11 04:00:00,126.370000,126.565000,126.340000,126.550000,4,2020-12-11
2020-12-11 08:00:00,126.530000,126.625000,126.275000,126.300000,4,2020-12-11
2020-12-11 12:00:00,126.310000,126.535000,126.300000,126.455000,4,2020-12-11
2020-12-11 16:00:00,126.455000,126.540000,126.125000,126.250000,4,2020-12-11
2020-12-11 20:00:00,126.260000,126.335000,125.995000,126.200000,2,2020-12-11
2020-12-14 04:00:00,126.310000,126.350000,126.250000,126.250000,1,2020-12-14
2020-12-14 08:00:00,126.255000,126.300000,125.980000,126.105000,4,2020-12-14
2020-12-14 12:00:00,126.099998,126.250000,126.059998,126.240000,4,2020-12-14
2020-12-14 16:00:00,126.255000,126.395000,126.110000,126.135000,4,2020-12-14
2020-12-14 20:00:00,126.145000,126.240000,126.000000,126.080002,4,2020-12-15
2020-12-15 00:00:00,126.074997,126.420000,125.915000,126.390000,4,2020-12-15
2020-12-15 04:00:00,126.390000,126.535000,126.320000,126.370000,4,2020-12-15
2020-12-15 08:00:00,126.380000,126.575000,126.295000,126.570000,4,2020-12-15
2020-12-15 12:00:00,126.575000,126.605000,126.455000,126.480000,4,2020-12-15
2020-12-15 16:00:00,126.485000,126.520000,126.240000,126.405000,4,2020-12-15
2020-12-15 20:00:00,126.405000,126.600000,125.980000,126.014999,4,2020-12-16
2020-12-16 00:00:00,126.010002,126.230000,125.960000,126.074997,4,2020-12-16
2020-12-16 04:00:00,126.074997,126.205000,125.985000,126.019997,4,2020-12-16
2020-12-16 08:00:00,126.035004,126.035004,125.860000,126.000000,4,2020-12-16
2020-12-16 12:00:00,125.990000,126.059998,125.795000,125.830000,4,2020-12-16
2020-12-16 16:00:00,125.825000,126.200000,125.715000,126.145000,4,2020-12-16
2020-12-16 20:00:00,126.155000,126.170000,125.925000,125.960000,4,2020-12-17
2020-12-17 00:00:00,125.975000,126.365000,125.920000,126.120000,4,2020-12-17
2020-12-17 04:00:00,126.125000,126.220000,125.980000,126.105000,4,2020-12-17
2020-12-17 08:00:00,126.095001,126.300000,126.050003,126.099998,4,2020-12-17
2020-12-17 12:00:00,126.105000,126.375000,126.044998,126.320000,4,2020-12-17
2020-12-17 16:00:00,126.320000,126.405000,126.165000,126.240000,4,2020-12-17
2020-12-17 20:00:00,126.225000,126.285000,126.014999,126.195000,4,2020-12-18
2020-12-18 00:00:00,126.190000,126.430000,126.055000,126.430000,4,2020-12-18
2020-12-18 04:00:00,126.420000,126.535000,126.370000,126.495000,4,2020-12-18
2020-12-18 08:00:00,126.500000,126.560000,126.425000,126.550000,4,2020-12-18
2020-12-18 12:00:00,126.540000,126.710000,126.510000,126.635000,4,2020-12-18
2020-12-18 16:00:00,126.635000,127.019997,126.595000,126.845000,4,2020-12-18
2020-12-18 20:00:00,126.825000,126.915000,126.745000,126.770000,2,2020-12-18
2020-12-21 04:00:00,126.440000,126.525000,126.415000,126.425000,1,2020-12-21
2020-12-21 08:00:00,126.425000,126.595000,126.210000,126.290000,4,2020-12-21
2020-12-21 12:00:00,126.285000,126.345000,125.905000,126.059998,4,2020-12-21
2020-12-21 16:00:00,126.044998,126.570000,125.975000,126.500000,4,2020-12-21
2020-12-21 20:00:00,126.560000,126.560000,125.965000,125.990000,4,2020-12-22
2020-12-22 00:00:00,126.019997,126.560000,125.970000,126.525000,4,2020-12-22
2020-12-22 04:00:00,126.505000,126.625000,126.375000,126.410000,4,2020-12-22
2020-12-22 08:00:00,126.400000,126.570000,126.330000,126.390000,4,2020-12-22
2020-12-22 12:00:00,126.395000,126.580000,126.360000,126.455000,4,2020-12-22
2020-12-22 16:00:00,126.455000,126.480000,126.190000,126.360000,4,2020-12-22
2020-12-22 20:00:00,126.360000,126.660000,126.195000,126.520000,4,2020-12-23
2020-12-23 00:00:00,126.535000,126.650000,126.115000,126.145000,4,2020-12-23
2020-12-23 04:00:00,126.135000,126.210000,126.019997,126.029999,4,2020-12-23
2020-12-23 08:00:00,126.040001,126.170000,125.990000,126.014999,4,2020-12-23
2020-12-23 12:00:00,126.004997,126.170000,125.955000,126.105000,4,2020-12-23
2020-12-23 16:00:00,126.089996,126.145000,125.970000,126.055000,4,2020-12-23
2020-12-23 20:00:00,126.065002,126.170000,125.965000,126.059998,4,2020-12-24
2020-12-24 00:00:00,126.050003,126.405000,125.940000,126.245000,4,2020-12-24
2020-12-24 04:00:00,126.240000,126.365000,126.135000,126.225000,4,2020-12-24
2020-12-24 08:00:00,126.230000,126.435000,126.125000,126.410000,4,2020-12-24
2020-12-24 12:00:00,126.400000,126.490000,126.345000,126.400000,4,2020-12-24
2020-12-24 16:00:00,126.415000,126.510000,126.335000,126.420000,4,2020-12-24
2020-12-24 20:00:00,126.405000,126.495000,126.320000,126.345000,4,2020-12-25
2020-12-25 00:00:00,126.345000,126.465000,126.220000,126.280000,4,2020-12-25
2020-12-25 04:00:00,126.285000,126.370000,126.235000,126.330000,4,2020-12-25
2020-12-25 08:00:00,126.310000,126.340000,125.995000,126.155000,4,2020-12-25
2020-12-25 12:00:00,126.160000,126.380000,126.099998,126.315000,4,2020-12-25
2020-12-25 16:00:00,126.315000,126.410000,126.150000,126.260000,4,2020-12-25
2020-12-25 20:00:00,126.255000,126.280000,125.935000,126.089996,2,2020-12-25
2020-12-28 04:00:00,126.260000,126.275000,126.255000,126.255000,1,2020-12-28
2020-12-28 08:00:00,126.260000,126.430000,126.055000,126.295000,4,2020-12-28
2020-12-28 12:00:00,126.310000,126.540000,126.245000,126.430000,4,2020-12-28
2020-12-28 16:00:00,126.425000,126.615000,126.405000,126.600000,4,2020-12-28
2020-12-28 20:00:00,126.605000,126.745000,126.375000,126.460000,4,2020-12-29
2020-12-29 00:00:00,126.475000,126.970000,126.445000,126.835000,4,2020-12-29
2020-12-29 04:00:00,126.845000,126.895000,126.695000,126.820000,4,2020-12-29
2020-12-29 08:00:00,126.820000,126.925000,126.660000,126.910000,4,2020-12-29
2020-12-29 12:00:00,126.910000,126.960000,126.810000,126.900000,4,2020-12-29
2020-12-29 16:00:00,126.895000,127.029999,126.845000,126.915000,4,2020-12-29
2020-12-29 20:00:00,126.910000,127.105000,126.835000,127.065002,4,2020-12-30
2020-12-30 00:00:00,127.070000,127.190000,126.740000,126.820000,4,2020-12-30
2020-12-30 04:00:00,126.815000,126.905000,126.690000,126.840000,4,2020-12-30
2020-12-30 08:00:00,126.830000,127.014999,126.785000,126.970000,4,2020-12-30
2020-12-30 12:00:00,126.970000,127.135000,126.880000,126.890000,4,2020-12-30
2020-12-30 16:00:00,126.895000,126.995000,126.600000,126.615000,4,2020-12-30
2020-12-30 20:00:00,126.625000,126.710000,126.490000,126.685000,4,2020-12-31
2020-12-31 00:00:00,126.655000,127.019997,126.460000,126.850000,4,2020-12-31
2020-12-31 04:00:00,126.845000,126.940000,126.815000,126.935000,4,2020-12-31
2020-12-31 08:00:00,126.955000,127.025002,126.820000,126.930000,4,2020-12-31
2020-12-31 12:00:00,126.930000,126.975000,126.730000,126.740000,4,2020-12-31
2020-12-31 16:00:00,126.740000,126.885000,126.710000,126.860000,4,2020-12-31
2020-12-31 20:00:00,126.860000,126.880000,126.375000,126.470000,4,2021-01-01
2021-01-01 00:00:00,126.475000,126.660000,126.155000,126.210000,4,2021-01-01
2021-01-01 04:00:00,126.205000,126.350000,126.080002,126.160000,4,2021-01-01
2021-01-01 08:00:00,126.145000,126.265000,126.055000,126.055000,3,2021-01-01
2021-01-01 16:00:00,125.670000,125.680000,125.275410,125.360000,3,2021-01-01
2021-01-01 20:00:00,125.360000,125.660000,125.250000,125.290000,2,2021-01-01
2021-01-04 04:00:00,126.250000,126.315000,126.240000,126.310000,1,2021-01-04
2021-01-04 08:00:00,126.310000,126.535000,126.105000,126.145000,4,2021-01-04
2021-01-04 12:00:00,126.160000,126.330000,126.120000,126.160000,4,2021-01-04
2021-01-04 16:00:00,126.165000,126.325000,126.115000,126.260000,4,2021-01-04
2021-01-04 20:00:00,126.250000,126.655000,126.220000,126.630000,4,2021-01-05
2021-01-05 00:00:00,126.630000,126.800000,126.430000,126.450000,4,2021-01-05
2021-01-05 04:00:00,126.440000,126.475000,126.270000,126.355000,4,2021-01-05
2021-01-05 08:00:00,126.340000,126.415000,126.250000,126.380000,4,2021-01-05
2021-01-05 12:00:00,126.390000,126.565000,126.335000,126.370000,4,2021-01-05
2021-01-05 16:00:00,126.365000,126.390000,126.150000,126.310000,4,2021-01-05
2021-01-05 20:00:00,126.310000,126.355000,126.170000,126.275000,4,2021-01-06
2021-01-06 00:00:00,126.290000,126.305000,126.050003,126.275000,4,2021-01-06
2021-01-06 04:00:00,126.275000,126.325000,126.180000,126.260000,4,2021-01-06
2021-01-06 08:00:00,126.265000,126.460000,126.135000,126.385000,4,2021-01-06
2021-01-06 12:00:00,126.390000,126.430000,126.255000,126.390000,4,2021-01-06
2021-01-06 16:00:00,126.380000,126.825000,126.370000,126.730000,4,2021-01-06
2021-01-06 20:00:00,126.730000,127.040001,126.685000,127.025002,4,2021-01-07
2021-01-07 00:00:00,127.025002,127.230000,126.830000,126.905000,4,2021-01-07
2021-01-07 04:00:00,126.910000,127.065002,126.845000,126.980000,4,2021-01-07
2021-01-07 08:00:00,126.990000,127.205000,126.935000,127.099998,4,2021-01-07
2021-01-07 12:00:00,127.065002,127.245000,127.035004,127.095001,4,2021-01-07
2021-01-07 16:00:00,127.115000,127.305000,127.035004,127.115000,4,2021-01-07
2021-01-07 20:00:00,127.125000,127.225000,126.915000,127.110000,4,2021-01-08
2021-01-08 00:00:00,127.110000,127.460000,127.050003,127.350000,4,2021-01-08
2021-01-08 04:00:00,127.350000,127.500000,127.320000,127.380000,4,2021-01-08
2021-01-08 08:00:00,127.375000,127.475000,127.240000,127.305000,4,2021-01-08
2021-01-08 12:00:00,127.300000,127.375000,127.220000,127.365000,4,2021-01-08
2021-01-08 16:00:00,127.370000,127.465000,127.040001,127.099998,4,2021-01-08
2021-01-08 20:00:00,127.095001,127.165000,126.955000,127.165000,2,2021-01-08
2021-01-11 04:00:00,126.920000,126.985000,126.910000,126.950000,1,2021-01-11
2021-01-11 08:00:00,126.960000,127.099998,126.780000,126.845000,4,2021-01-11
2021-01-11 12:00:00,126.825000,126.900000,126.760000,126.835000,4,2021-01-11
2021-01-11 16:00:00,126.845000,127.010002,126.815000,126.865000,4,2021-01-11
2021-01-11 20:00:00,126.855000,126.895000,126.560000,126.740000,4,2021-01-12
2021-01-12 00:00:00,126.760000,126.795000,126.565000,126.760000,4,2021-01-12
2021-01-12 04:00:00,126.755000,126.795000,126.555000,126.600000,4,2021-01-12
2021-01-12 08:00:00,126.625000,126.760000,126.565000,126.730000,4,2021-01-12
2021-01-12 12:00:00,126.735000,126.790000,126.560000,126.670000,4,2021-01-12
2021-01-12 16:00:00,126.660000,126.785000,126.610000,126.635000,4,2021-01-12
2021-01-12 20:00:00,126.655000,126.860000,126.540000,126.700000,4,2021-01-13
2021-01-13 00:00:00,126.695000,126.785000,126.570000,126.660000,4,2021-01-13
2021-01-13 04:00:00,126.665000,126.735000,126.585000,126.630000,4,2021-01-13
2021-01-13 08:00:00,126.640000,126.725000,126.520000,126.540000,4,2021-01-13
2021-01-13 12:00:00,126.545000,126.580000,126.435000,126.540000,4,2021-01-13
2021-01-13 16:00:00,126.540000,126.700000,126.475000,126.535000,4,2021-01-13
2021-01-13 20:00:00,126.535000,126.605000,126.395000,126.455000,4,2021-01-14
2021-01-14 00:00:00,126.440000,126.480000,126.270000,126.320000,4,2021-01-14
2021-01-14 04:00:00,126.325000,126.410000,126.210000,126.275000,4,2021-01-14
2021-01-14 08:00:00,126.260000,126.445000,126.235000,126.425000,4,2021-01-14
2021-01-14 12:00:00,126.425000,126.500000,126.310000,126.405000,4,2021-01-14
2021-01-14 16:00:00,126.400000,126.465000,126.280000,126.410000,4,2021-01-14
2021-01-14 20:00:00,126.415000,126.530000,126.200000,126.265000,4,2021-01-15
2021-01-15 00:00:00,126.260000,126.270000,125.930000,126.010002,4,2021-01-15
2021-01-15 04:00:00,126.010002,126.215000,125.960000,126.165000,4,2021-01-15
2021-01-15 08:00:00,126.155000,126.220000,126.080002,126.140000,4,2021-01-15
2021-01-15 12:00:00,126.155000,126.190000,126.004997,126.040001,4,2021-01-15
2021-01-15 16:00:00,126.040001,126.059998,125.660000,125.860000,4,2021-01-15
2021-01-15 20:00:00,125.870000,125.945000,125.720000,125.770000,2,2021-01-15
2021-01-18 04:00:00,125.390000,125.455000,125.360000,125.400000,1,2021-01-18
2021-01-18 08:00:00,125.400000,125.510000,125.335000,125.360000,4,2021-01-18
2021-01-18 12:00:00,125.360000,125.380000,125.190000,125.230000,4,2021-01-18
2021-01-18 16:00:00,125.220000,125.365000,125.160000,125.260000,4,2021-01-18
2021-01-18 20:00:00,125.245000,125.340000,125.095001,125.095001,4,2021-01-19
2021-01-19 00:00:00,125.110000,125.265000,125.089996,125.190000,4,2021-01-19
2021-01-19 04:00:00,125.195000,125.275000,125.150000,125.200000,4,2021-01-19
2021-01-19 08:00:00,125.210000,125.380000,125.185000,125.365000,4,2021-01-19
2021-01-19 12:00:00,125.360000,125.880000,125.345000,125.795000,4,2021-01-19
2021-01-19 16:00:00,125.800000,126.040001,125.755000,125.955000,4,2021-01-19
2021-01-19 20:00:00,125.960000,126.205000,125.900000,126.105000,4,2021-01-20
2021-01-20 00:00:00,126.099998,126.175000,125.850000,125.925000,4,2021-01-20
2021-01-20 04:00:00,125.940000,126.010002,125.885000,125.975000,4,2021-01-20
2021-01-20 08:00:00,125.980000,126.190000,125.935000,126.155000,4,2021-01-20
2021-01-20 12:00:00,126.135000,126.145000,125.955000,125.985000,4,2021-01-20
2021-01-20 16:00:00,125.985000,126.180000,125.900000,125.925000,4,2021-01-20
2021-01-20 20:00:00,125.925000,125.965000,125.580000,125.610000,4,2021-01-21
2021-01-21 00:00:00,125.605000,125.725000,125.260000,125.425000,4,2021-01-21
2021-01-21 04:00:00,125.430000,125.500000,125.270000,125.330000,4,2021-01-21
2021-01-21 08:00:00,125.325000,125.565000,125.295000,125.545000,4,2021-01-21
2021-01-21 12:00:00,125.545000,125.645000,125.415000,125.420000,4,2021-01-21
2021-01-21 16:00:00,125.425000,125.620000,125.375000,125.535000,4,2021-01-21
2021-01-21 20:00:00,125.550000,125.680000,125.485000,125.620000,4,2021-01-22
2021-01-22 00:00:00,125.625000,125.970000,125.600000,125.760000,4,2021-01-22
2021-01-22 04:00:00,125.765000,125.955000,125.740000,125.930000,4,2021-01-22
2021-01-22 08:00:00,125.960000,126.065002,125.870000,125.995000,4,2021-01-22
2021-01-22 12:00:00,126.000000,126.125000,125.985000,126.084999,4,2021-01-22
2021-01-22 16:00:00,126.089996,126.265000,125.930000,126.240000,4,2021-01-22
2021-01-22 20:00:00,126.230000,126.340000,126.080002,126.175000,2,2021-01-22
2021-01-25 04:00:00,126.320000,126.340000,126.320000,126.340000,1,2021-01-25
2021-01-25 08:00:00,126.350000,126.375000,126.255000,126.320000,4,2021-01-25
2021-01-25 12:00:00,126.310000,126.385000,126.255000,126.345000,4,2021-01-25
2021-01-25 16:00:00,126.355000,126.355000,126.240000,126.300000,4,2021-01-25
2021-01-25 20:00:00,126.285000,126.290000,126.019997,126.105000,4,2021-01-26
2021-01-26 00:00:00,126.110000,126.120000,125.810000,125.970000,4,2021-01-26
2021-01-26 04:00:00,125.965000,126.065002,125.945000,125.980000,4,2021-01-26
2021-01-26 08:00:00,125.980000,126.035004,125.880000,125.890000,4,2021-01-26
2021-01-26 12:00:00,125.895000,125.970000,125.815000,125.855000,4,2021-01-26
2021-01-26 16:00:00,125.855000,125.990000,125.690000,125.980000,4,2021-01-26
2021-01-26 20:00:00,125.980000,126.040001,125.810000,125.990000,4,2021-01-27
2021-01-27 00:00:00,125.980000,126.165000,125.900000,125.945000,4,2021-01-27
2021-01-27 04:00:00,125.955000,126.145000,125.955000,126.055000,4,2021-01-27
2021-01-27 08:00:00,126.059998,126.105000,125.980000,126.084999,4,2021-01-27
2021-01-27 12:00:00,126.080002,126.160000,126.044998,126.089996,4,2021-01-27
2021-01-27 16:00:00,126.084999,126.130000,125.950000,126.040001,4,2021-01-27
2021-01-27 20:00:00,126.019997,126.055000,125.720000,125.725000,4,2021-01-28
2021-01-28 00:00:00,125.750000,126.010002,125.595000,125.965000,4,2021-01-28
2021-01-28 04:00:00,125.960000,126.190000,125.930000,126.120000,4,2021-01-28
2021-01-28 08:00:00,126.125000,126.180000,125.975000,126.044998,4,2021-01-28
2021-01-28 12:00:00,126.059998,126.250000,126.019997,126.135000,4,2021-01-28
2021-01-28 16:00:00,126.120000,126.325000,126.055000,126.145000,4,2021-01-28
2021-01-28 20:00:00,126.150000,126.345000,126.130000,126.255000,4,2021-01-29
2021-01-29 00:00:00,126.275000,126.665000,126.190000,126.450000,4,2021-01-29
2021-01-29 04:00:00,126.435000,126.520000,126.385000,126.395000,4,2021-01-29
2021-01-29 08:00:00,126.380000,126.570000,126.305000,126.460000,4,2021-01-29
2021-01-29 12:00:00,126.470000,126.630000,126.350000,126.450000,4,2021-01-29
2021-01-29 16:00:00,126.440000,126.815000,126.360000,126.795000,4,2021-01-29
2021-01-29 20:00:00,126.780000,127.155000,126.745000,127.084999,2,2021-01-29
2021-02-01 04:00:00,127.175000,127.230000,127.095001,127.095001,1,2021-02-01
2021-02-01 08:00:00,127.095001,127.160000,126.895000,126.985000,4,2021-02-01
2021-02-01 12:00:00,126.980000,127.014999,126.905000,127.000000,4,2021-02-01
2021-02-01 16:00:00,126.985000,127.050003,126.765000,126.765000,4,2021-02-01
2021-02-01 20:00:00,126.780000,126.915000,126.660000,126.710000,4,2021-02-02
2021-02-02 00:00:00,126.715000,126.970000,126.675000,126.710000,4,2021-02-02
2021-02-02 04:00:00,126.685000,126.745000,126.530000,126.530000,4,2021-02-02
2021-02-02 08:00:00,126.530000,126.620000,126.495000,126.580000,4,2021-02-02
2021-02-02 12:00:00,126.570000,126.840000,126.540000,126.770000,4,2021-02-02
2021-02-02 16:00:00,126.770000,126.830000,126.630000,126.750000,4,2021-02-02
2021-02-02 20:00:00,126.730000,126.745000,126.305000,126.460000,4,2021-02-03
2021-02-03 00:00:00,126.470000,126.530000,126.295000,126.295000,4,2021-02-03
2021-02-03 04:00:00,126.295000,126.450000,126.250000,126.430000,4,2021-02-03
2021-02-03 08:00:00,126.395000,126.530000,126.380000,126.420000,4,2021-02-03
2021-02-03 12:00:00,126.400000,126.500000,126.370000,126.440000,4,2021-02-03
2021-02-03 16:00:00,126.465000,126.520000,126.380000,126.400000,4,2021-02-03
2021-02-03 20:00:00,126.390000,126.405000,126.140000,126.165000,4,2021-02-04
2021-02-04 00:00:00,126.185000,126.340000,126.130000,126.320000,4,2021-02-04
2021-02-04 04:00:00,126.300000,126.410000,126.245000,126.375000,4,2021-02-04
2021-02-04 08:00:00,126.370000,126.470000,126.325000,126.430000,4,2021-02-04
2021-02-04 12:00:00,126.445000,126.470000,126.285000,126.375000,4,2021-02-04
2021-02-04 16:00:00,126.385000,126.405000,126.180000,126.205000,4,2021-02-04
2021-02-04 20:00:00,126.210000,126.325000,126.095001,126.230000,4,2021-02-05
2021-02-05 00:00:00,126.240000,126.310000,126.180000,126.255000,4,2021-02-05
2021-02-05 04:00:00,126.240000,126.330000,126.110000,126.295000,4,2021-02-05
2021-02-05 08:00:00,126.290000,126.400000,126.210000,126.260000,4,2021-02-05
2021-02-05 12:00:00,126.250000,126.290000,126.160000,126.200000,4,2021-02-05
2021-02-05 16:00:00,126.200000,126.365000,126.175000,126.245000,4,2021-02-05
2021-02-05 20:00:00,126.250000,126.480000,126.225000,126.445000,2,2021-02-05
2021-02-08 04:00:00,126.825000,126.875000,126.805000,126.825000,1,2021-02-08
2021-02-08 08:00:00,126.825000,127.084999,126.805000,126.985000,4,2021-02-08
2021-02-08 12:00:00,126.985000,127.025002,126.910000,126.990000,4,2021-02-08
2021-02-08 16:00:00,126.995000,127.110000,126.950000,127.070000,4,2021-02-08
2021-02-08 20:00:00,127.070000,127.140000,126.930000,126.945000,4,2021-02-09
2021-02-09 00:00:00,126.960000,127.084999,126.635000,126.700000,4,2021-02-09
2021-02-09 04:00:00,126.690000,126.855000,126.680000,126.770000,4,2021-02-09
2021-02-09 08:00:00,126.780000,126.870000,126.735000,126.795000,4,2021-02-09
2021-02-09 12:00:00,126.800000,126.855000,126.615000,126.640000,4,2021-02-09
2021-02-09 16:00:00,126.640000,126.750000,126.540000,126.750000,4,2021-02-09
2021-02-09 20:00:00,126.760000,126.790000,126.575000,126.590000,4,2021-02-10
2021-02-10 00:00:00,126.585000,126.670000,126.430000,126.650000,4,2021-02-10
2021-02-10 04:00:00,126.645000,126.750000,126.560000,126.705000,4,2021-02-10
2021-02-10 08:00:00,126.700000,126.810000,126.635000,126.740000,4,2021-02-10
2021-02-10 12:00:00,126.735000,126.895000,126.725000,126.830000,4,2021-02-10
2021-02-10 16:00:00,126.830000,126.870000,126.755000,126.755000,4,2021-02-10
2021-02-10 20:00:00,126.760000,127.074997,126.640000,126.980000,4,2021-02-11
2021-02-11 00:00:00,126.960000,127.050003,126.865000,126.970000,4,2021-02-11
2021-02-11 04:00:00,126.970000,127.029999,126.805000,126.820000,4,2021-02-11
2021-02-11 08:00:00,126.815000,126.840000,126.715000,126.730000,4,2021-02-11
2021-02-11 12:00:00,126.720000,126.820000,126.695000,126.785000,4,2021-02-11
2021-02-11 16:00:00,126.800000,127.004997,126.775000,126.995000,4,2021-02-11
2021-02-11 20:00:00,126.975000,127.070000,126.895000,127.050003,4,2021-02-12
2021-02-12 00:00:00,127.065002,127.170000,126.995000,127.025002,4,2021-02-12
2021-02-12 04:00:00,127.029999,127.115000,127.000000,127.074997,4,2021-02-12
2021-02-12 08:00:00,127.084999,127.145000,127.025002,127.040001,4,2021-02-12
2021-02-12 12:00:00,127.050003,127.140000,127.004997,127.059998,4,2021-02-12
2021-02-12 16:00:00,127.055000,127.235000,127.035004,127.110000,4,2021-02-12
2021-02-12 20:00:00,127.120000,127.315000,127.065002,127.105000,2,2021-02-12
2021-02-15 04:00:00,127.240000,127.240000,127.230000,127.230000,1,2021-02-15
2021-02-15 08:00:00,127.220000,127.470000,127.190000,127.360000,4,2021-02-15
2021-02-15 12:00:00,127.370000,127.530000,127.290000,127.440000,4,2021-02-15
2021-02-15 16:00:00,127.440000,127.800000,127.440000,127.800000,4,2021-02-15
2021-02-15 20:00:00,127.790000,127.975000,127.655000,127.760000,4,2021-02-16
2021-02-16 00:00:00,127.750000,127.875000,127.695000,127.870000,4,2021-02-16
2021-02-16 04:00:00,127.860000,127.875000,127.725000,127.780000,4,2021-02-16
2021-02-16 08:00:00,127.780000,128.044998,127.730000,128.029999,4,2021-02-16
2021-02-16 12:00:00,128.029999,128.274990,127.985000,128.140000,4,2021-02-16
2021-02-16 16:00:00,128.140000,128.200000,127.920000,128.160000,4,2021-02-16
2021-02-16 20:00:00,128.164990,128.340000,127.890000,128.240010,4,2021-02-17
2021-02-17 00:00:00,128.235000,128.265000,127.955000,128.185000,4,2021-02-17
2021-02-17 04:00:00,128.185000,128.350010,128.175000,128.280000,4,2021-02-17
2021-02-17 08:00:00,128.300000,128.450000,128.215000,128.340000,4,2021-02-17
2021-02-17 12:00:00,128.345000,128.345000,128.005005,128.014999,4,2021-02-17
2021-02-17 16:00:00,128.024994,128.100010,127.770000,127.895000,4,2021-02-17
2021-02-17 20:00:00,127.905000,127.975000,127.810000,127.920000,4,2021-02-18
2021-02-18 00:00:00,127.900000,127.995000,127.315000,127.430000,4,2021-02-18
2021-02-18 04:00:00,127.440000,127.545000,127.360000,127.490000,4,2021-02-18
2021-02-18 08:00:00,127.495000,127.575000,127.325000,127.390000,4,2021-02-18
2021-02-18 12:00:00,127.390000,127.500000,127.370000,127.430000,4,2021-02-18
2021-02-18 16:00:00,127.430000,127.610000,127.430000,127.595000,4,2021-02-18
2021-02-18 20:00:00,127.595000,127.695000,127.490000,127.670000,4,2021-02-19
2021-02-19 00:00:00,127.670000,127.810000,127.625000,127.650000,4,2021-02-19
2021-02-19 04:00:00,127.660000,127.770000,127.635000,127.760000,4,2021-02-19
2021-02-19 08:00:00,127.750000,127.865000,127.740000,127.825000,4,2021-02-19
2021-02-19 12:00:00,127.830000,127.865000,127.665000,127.700000,4,2021-02-19
2021-02-19 16:00:00,127.690000,127.935000,127.650000,127.805000,4,2021-02-19
2021-02-19 20:00:00,127.800000,127.940000,127.780000,127.895000,2,2021-02-19
2021-02-22 04:00:00,127.720000,127.810000,127.710000,127.770000,1,2021-02-22
2021-02-22 08:00:00,127.780000,128.000000,127.660000,127.845000,4,2021-02-22
2021-02-22 12:00:00,127.855000,128.134990,127.840000,128.095001,4,2021-02-22
2021-02-22 16:00:00,128.100010,128.245000,127.940000,127.975000,4,2021-02-22
2021-02-22 20:00:00,128.000000,128.179990,127.860000,128.110000,4,2021-02-23
2021-02-23 00:00:00,128.100010,128.149990,127.475000,127.715000,4,2021-02-23
2021-02-23 04:00:00,127.710000,127.825000,127.675000,127.700000,4,2021-02-23
2021-02-23 08:00:00,127.700000,127.795000,127.655000,127.720000,4,2021-02-23
2021-02-23 12:00:00,127.730000,127.840000,127.700000,127.825000,4,2021-02-23
2021-02-23 16:00:00,127.810000,128.029999,127.800000,127.920000,4,2021-02-23
2021-02-23 20:00:00,127.905000,128.014999,127.820000,127.885000,4,2021-02-24
2021-02-24 00:00:00,127.865000,128.059998,127.685000,127.750000,4,2021-02-24
2021-02-24 04:00:00,127.740000,127.975000,127.730000,127.890000,4,2021-02-24
2021-02-24 08:00:00,127.890000,128.140000,127.770000,128.134990,4,2021-02-24
2021-02-24 12:00:00,128.145000,128.280000,128.059998,128.185000,4,2021-02-24
2021-02-24 16:00:00,128.179990,128.630000,128.095001,128.560000,4,2021-02-24
2021-02-24 20:00:00,128.575000,128.800000,128.500000,128.695010,4,2021-02-25
2021-02-25 00:00:00,128.710010,128.755000,128.380000,128.615010,4,2021-02-25
2021-02-25 04:00:00,128.600010,128.830000,128.530000,128.810000,4,2021-02-25
2021-02-25 08:00:00,128.810000,128.995000,128.759990,128.950000,4,2021-02-25
2021-02-25 12:00:00,128.960010,129.080002,128.875000,128.935000,4,2021-02-25
2021-02-25 16:00:00,128.945010,129.565000,128.914990,129.565000,4,2021-02-25
2021-02-25 20:00:00,129.565000,129.895000,129.495000,129.795000,4,2021-02-26
2021-02-26 00:00:00,129.800000,129.940000,129.590000,129.905000,4,2021-02-26
2021-02-26 04:00:00,129.895000,129.980000,128.965000,129.255000,4,2021-02-26
2021-02-26 08:00:00,129.245000,129.545000,128.985000,129.170000,4,2021-02-26
2021-02-26 12:00:00,129.175000,129.250000,128.870000,128.990010,4,2021-02-26
2021-02-26 16:00:00,129.020004,129.160000,128.645000,128.935000,4,2021-02-26
2021-02-26 20:00:00,128.950000,129.170000,128.820010,128.955000,2,2021-02-26
2021-03-01 04:00:00,128.634990,128.670000,128.634990,128.634990,1,2021-03-01
2021-03-01 08:00:00,128.634990,128.815000,128.524990,128.765000,4,2021-03-01
2021-03-01 12:00:00,128.789990,128.945010,128.605000,128.645000,4,2021-03-01
2021-03-01 16:00:00,128.655000,128.880000,128.480000,128.595000,4,2021-03-01
2021-03-01 20:00:00,128.600010,128.660000,128.360000,128.585010,4,2021-03-02
2021-03-02 00:00:00,128.585010,128.660000,128.220000,128.600010,4,2021-03-02
2021-03-02 04:00:00,128.600010,128.745000,128.539990,128.600010,4,2021-03-02
2021-03-02 08:00:00,128.615010,128.774990,128.515000,128.675000,4,2021-03-02
2021-03-02 12:00:00,128.670000,128.705000,128.274990,128.390000,4,2021-03-02
2021-03-02 16:00:00,128.390000,128.500000,128.205000,128.250000,4,2021-03-02
2021-03-02 20:00:00,128.270000,128.695010,128.185000,128.610000,4,2021-03-03
2021-03-03 00:00:00,128.605000,128.950000,128.470000,128.920000,4,2021-03-03
2021-03-03 04:00:00,128.925000,129.089996,128.860000,129.054993,4,2021-03-03
2021-03-03 08:00:00,129.039993,129.125000,128.929990,129.054993,4,2021-03-03
2021-03-03 12:00:00,129.050003,129.205000,129.000000,129.190000,4,2021-03-03
2021-03-03 16:00:00,129.179990,129.300000,129.070007,129.095001,4,2021-03-03
2021-03-03 20:00:00,129.100010,129.470000,128.950000,128.960010,4,2021-03-04
2021-03-04 00:00:00,128.965000,129.255000,128.740010,129.110000,4,2021-03-04
2021-03-04 04:00:00,129.105000,129.179990,129.029999,129.044998,4,2021-03-04
2021-03-04 08:00:00,129.054993,129.134990,128.980000,129.035004,4,2021-03-04
2021-03-04 12:00:00,129.029999,129.105000,128.910000,129.050003,4,2021-03-04
2021-03-04 16:00:00,129.050003,129.295000,129.000000,129.210010,4,2021-03-04
2021-03-04 20:00:00,129.210010,129.315000,129.039993,129.195010,4,2021-03-05
2021-03-05 00:00:00,129.205000,129.649990,129.185000,129.585010,4,2021-03-05
2021-03-05 04:00:00,129.575000,129.660000,129.044998,129.140000,4,2021-03-05
2021-03-05 08:00:00,129.140000,129.330000,129.014999,129.095001,4,2021-03-05
2021-03-05 12:00:00,129.100010,129.270000,128.890000,129.195010,4,2021-03-05
2021-03-05 16:00:00,129.205000,129.535000,129.179990,129.289990,4,2021-03-05
2021-03-05 20:00:00,129.320010,129.580000,129.304990,129.480000,2,2021-03-05
2021-03-08 04:00:00,129.125000,129.259990,129.105000,129.210010,1,2021-03-08
2021-03-08 08:00:00,129.240010,129.395000,129.095001,129.245000,4,2021-03-08
2021-03-08 12:00:00,129.255000,129.325000,128.975010,129.024994,4,2021-03-08
2021-03-08 16:00:00,129.035004,129.149990,128.855000,128.860000,4,2021-03-08
2021-03-08 20:00:00,128.880000,128.970000,128.780000,128.920000,4,2021-03-09
2021-03-09 00:00:00,128.925000,129.304990,128.840000,129.050003,4,2021-03-09
2021-03-09 04:00:00,129.065002,129.140000,129.000000,129.005005,4,2021-03-09
2021-03-09 08:00:00,129.005005,129.265000,128.975010,129.179990,4,2021-03-09
2021-03-09 12:00:00,129.195010,129.509990,129.155000,129.465000,4,2021-03-09
2021-03-09 16:00:00,129.470000,129.515000,129.149990,129.190000,4,2021-03-09
2021-03-09 20:00:00,129.175000,129.554990,129.155000,129.410000,4,2021-03-10
2021-03-10 00:00:00,129.429990,129.530000,129.074997,129.134990,4,2021-03-10
2021-03-10 04:00:00,129.140000,129.155000,128.929990,129.130000,4,2021-03-10
2021-03-10 08:00:00,129.130000,129.320010,129.020004,129.140000,4,2021-03-10
2021-03-10 12:00:00,129.120000,129.340000,129.120000,129.295000,4,2021-03-10
2021-03-10 16:00:00,129.289990,129.330000,129.185000,129.295000,4,2021-03-10
2021-03-10 20:00:00,129.310000,129.435000,129.265000,129.270000,4,2021-03-11
2021-03-11 00:00:00,129.280000,129.315000,129.050003,129.190000,4,2021-03-11
2021-03-11 04:00:00,129.195010,129.330000,129.170000,129.270000,4,2021-03-11
2021-03-11 08:00:00,129.255000,129.365010,129.235000,129.320010,4,2021-03-11
2021-03-11 12:00:00,129.320010,129.554990,129.274990,129.554990,4,2021-03-11
2021-03-11 16:00:00,129.554990,129.845000,129.539990,129.740010,4,2021-03-11
2021-03-11 20:00:00,129.735000,129.899990,129.645000,129.705000,4,2021-03-12
2021-03-12 00:00:00,129.730000,129.899990,129.560000,129.884990,4,2021-03-12
2021-03-12 04:00:00,129.880000,130.029999,129.835010,130.020004,4,2021-03-12
2021-03-12 08:00:00,130.014999,130.170000,129.980000,130.170000,4,2021-03-12
2021-03-12 12:00:00,130.145000,130.295000,130.014999,130.089996,4,2021-03-12
2021-03-12 16:00:00,130.089996,130.365010,130.024994,130.170000,4,2021-03-12
2021-03-12 20:00:00,130.170000,130.240010,129.920000,129.955000,2,2021-03-12
2021-03-15 04:00:00,130.355000,130.365010,130.200000,130.200000,2,2021-03-15
2021-03-15 08:00:00,130.179990,130.445010,130.170000,130.345000,4,2021-03-15
2021-03-15 12:00:00,130.330000,130.490010,130.330000,130.395000,4,2021-03-15
2021-03-15 16:00:00,130.390000,130.450000,130.115010,130.170000,4,2021-03-15
2021-03-15 20:00:00,130.195010,130.259990,130.029999,130.185000,4,2021-03-16
2021-03-16 00:00:00,130.175000,130.274990,129.990010,130.155000,4,2021-03-16
2021-03-16 04:00:00,130.145000,130.230000,130.130000,130.185000,4,2021-03-16
2021-03-16 08:00:00,130.179990,130.295000,130.134990,130.235000,4,2021-03-16
2021-03-16 12:00:00,130.250000,130.350010,130.170000,130.340000,4,2021-03-16
2021-03-16 16:00:00,130.335010,130.350010,130.115010,130.265000,4,2021-03-16
2021-03-16 20:00:00,130.265000,130.399990,129.925000,129.975010,4,2021-03-17
2021-03-17 00:00:00,129.975010,129.985000,129.485000,129.690000,4,2021-03-17
2021-03-17 04:00:00,129.660000,129.789990,129.649990,129.730000,4,2021-03-17
2021-03-17 08:00:00,129.745000,129.905000,129.695010,129.890000,4,2021-03-17
2021-03-17 12:00:00,129.870000,129.905000,129.795000,129.884990,4,2021-03-17
2021-03-17 16:00:00,129.890000,129.950000,129.750000,129.860000,4,2021-03-17
2021-03-17 20:00:00,129.870000,130.085007,129.840000,130.050003,4,2021-03-18
2021-03-18 00:00:00,130.039993,130.100010,129.940000,130.009995,4,2021-03-18
2021-03-18 04:00:00,130.024994,130.455000,130.009995,130.410000,4,2021-03-18
2021-03-18 08:00:00,130.384990,130.605000,130.289990,130.580000,4,2021-03-18
2021-03-18 12:00:00,130.610000,130.675000,130.054993,130.300000,4,2021-03-18
2021-03-18 16:00:00,130.270000,130.595000,130.230000,130.350010,4,2021-03-18
2021-03-18 20:00:00,130.365010,130.365010,130.089996,130.140000,4,2021-03-19
2021-03-19 00:00:00,130.134990,130.185000,129.914990,129.995000,4,2021-03-19
2021-03-19 04:00:00,129.990010,130.074997,129.595000,129.745000,4,2021-03-19
2021-03-19 08:00:00,129.735000,129.935000,129.730000,129.895000,4,2021-03-19
2021-03-19 12:00:00,129.860000,129.990010,129.685000,129.755000,4,2021-03-19
2021-03-19 16:00:00,129.755000,129.840000,129.520000,129.545000,4,2021-03-19
2021-03-19 20:00:00,129.545000,129.570010,129.445010,129.460010,1,2021-03-19
2021-03-22 04:00:00,129.020004,129.185000,128.945010,128.970000,2,2021-03-22
2021-03-22 08:00:00,129.009995,129.480000,128.970000,129.429990,4,2021-03-22
2021-03-22 12:00:00,129.450000,129.470000,129.270000,129.405000,4,2021-03-22
2021-03-22 16:00:00,129.399990,129.450000,129.130000,129.350010,4,2021-03-22
2021-03-22 20:00:00,129.355000,129.835010,129.259990,129.759990,4,2021-03-23
2021-03-23 00:00:00,129.759990,129.815000,129.600010,129.804990,4,2021-03-23
2021-03-23 04:00:00,129.820010,129.950000,129.770000,129.890000,4,2021-03-23
2021-03-23 08:00:00,129.860000,129.920000,129.789990,129.870000,4,2021-03-23
2021-03-23 12:00:00,129.890000,129.929990,129.634990,129.645000,4,2021-03-23
2021-03-23 16:00:00,129.649990,129.750000,129.285000,129.414990,4,2021-03-23
2021-03-23 20:00:00,129.395000,129.425000,128.860000,129.065002,4,2021-03-24
2021-03-24 00:00:00,129.080002,129.120000,128.870000,128.950000,4,2021-03-24
2021-03-24 04:00:00,128.940000,129.009995,128.605000,128.660000,4,2021-03-24
2021-03-24 08:00:00,128.690000,128.780000,128.435000,128.625000,4,2021-03-24
2021-03-24 12:00:00,128.620000,128.649990,128.470000,128.535000,4,2021-03-24
2021-03-24 16:00:00,128.550000,128.625000,128.289990,128.455000,4,2021-03-24
2021-03-24 20:00:00,128.465000,128.730000,128.445010,128.634990,4,2021-03-25
2021-03-25 00:00:00,128.634990,128.860000,128.575000,128.655000,4,2021-03-25
2021-03-25 04:00:00,128.660000,128.690000,128.350010,128.455000,4,2021-03-25
2021-03-25 08:00:00,128.450000,128.679990,128.410000,128.679990,4,2021-03-25
2021-03-25 12:00:00,128.664990,128.845000,128.620000,128.759990,4,2021-03-25
2021-03-25 16:00:00,128.750000,128.950000,128.690000,128.815000,4,2021-03-25
2021-03-25 20:00:00,128.825000,128.935000,128.700000,128.725010,4,2021-03-26
2021-03-26 00:00:00,128.720000,128.905000,128.414990,128.429990,4,2021-03-26
2021-03-26 04:00:00,128.429990,128.605000,128.384990,128.465000,4,2021-03-26
2021-03-26 08:00:00,128.450000,128.780000,128.429990,128.750000,4,2021-03-26
2021-03-26 12:00:00,128.750000,128.765000,128.625000,128.685000,4,2021-03-26
2021-03-26 16:00:00,128.700000,129.065002,128.640000,129.054993,4,2021-03-26
2021-03-26 20:00:00,129.029999,129.145000,128.985000,129.100010,1,2021-03-26
2021-03-29 04:00:00,129.350010,129.440000,129.274990,129.410000,2,2021-03-29
2021-03-29 08:00:00,129.425000,129.440000,129.149990,129.205000,4,2021-03-29
2021-03-29 12:00:00,129.200000,129.270000,128.990010,129.029999,4,2021-03-29
2021-03-29 16:00:00,129.029999,129.285000,128.830000,129.000000,4,2021-03-29
2021-03-29 20:00:00,129.020004,129.300000,128.940000,129.270000,4,2021-03-30
2021-03-30 00:00:00,129.280000,129.340000,129.085007,129.200000,4,2021-03-30
2021-03-30 04:00:00,129.210010,129.285000,129.170000,129.220000,4,2021-03-30
2021-03-30 08:00:00,129.160000,129.310000,129.130000,129.289990,4,2021-03-30
2021-03-30 12:00:00,129.300000,129.470000,129.245000,129.345000,4,2021-03-30
2021-03-30 16:00:00,129.345000,129.535000,129.300000,129.509990,4,2021-03-30
2021-03-30 20:00:00,129.490010,129.570010,129.410000,129.460010,4,2021-03-31
2021-03-31 00:00:00,129.445010,129.485000,129.179990,129.240010,4,2021-03-31
2021-03-31 04:00:00,129.240010,129.355000,129.175000,129.304990,4,2021-03-31
2021-03-31 08:00:00,129.300000,129.774990,129.259990,129.770000,4,2021-03-31
2021-03-31 12:00:00,129.755000,129.880000,129.530000,129.810000,4,2021-03-31
2021-03-31 16:00:00,129.800000,129.990010,129.690000,129.825000,4,2021-03-31
2021-03-31 20:00:00,129.830000,129.965000,129.679990,129.820010,4,2021-04-01
2021-04-01 00:00:00,129.820010,130.050003,129.705000,129.970000,4,2021-04-01
2021-04-01 04:00:00,129.960010,130.009995,129.795000,129.899990,4,2021-04-01
2021-04-01 08:00:00,129.875000,130.020004,129.789990,129.960010,4,2021-04-01
2021-04-01 12:00:00,129.960010,129.985000,129.645000,129.695010,4,2021-04-01
2021-04-01 16:00:00,129.690000,130.020004,129.679990,129.899990,4,2021-04-01
2021-04-01 20:00:00,129.920000,130.179990,129.865010,130.009995,4,2021-04-02
2021-04-02 00:00:00,130.020004,130.245000,129.945010,130.190000,4,2021-04-02
2021-04-02 04:00:00,130.190000,130.280000,130.160000,130.255000,4,2021-04-02
2021-04-02 08:00:00,130.270000,130.320010,130.164990,130.215000,4,2021-04-02
2021-04-02 12:00:00,130.230000,130.330000,130.205000,130.265000,4,2021-04-02
2021-04-02 16:00:00,130.274990,130.289990,130.050003,130.070007,4,2021-04-02
2021-04-02 20:00:00,130.050003,130.164990,130.050003,130.130000,1,2021-04-02
2021-04-05 04:00:00,130.210010,130.210010,130.085007,130.130000,4,2021-04-05
2021-04-05 08:00:00,130.100010,130.270000,130.089996,130.170000,4,2021-04-05
2021-04-05 12:00:00,130.160000,130.170000,130.014999,130.044998,4,2021-04-05
2021-04-05 16:00:00,130.039993,130.074997,129.855000,129.860000,4,2021-04-05
2021-04-05 20:00:00,129.865010,130.160000,129.840000,130.089996,4,2021-04-06
2021-04-06 00:00:00,130.100010,130.140000,129.870000,130.085007,4,2021-04-06
2021-04-06 04:00:00,130.100010,130.210010,130.080002,130.120000,4,2021-04-06
2021-04-06 08:00:00,130.155000,130.345000,130.134990,130.210010,4,2021-04-06
2021-04-06 12:00:00,130.210010,130.330000,130.059998,130.130000,4,2021-04-06
2021-04-06 16:00:00,130.120000,130.545000,130.105000,130.530000,4,2021-04-06
2021-04-06 20:00:00,130.520000,130.570010,129.820010,130.070007,4,2021-04-07
2021-04-07 00:00:00,130.054993,130.325000,129.899990,130.295000,4,2021-04-07
2021-04-07 04:00:00,130.295000,130.440000,130.274990,130.325000,4,2021-04-07
2021-04-07 08:00:00,130.335010,130.450000,130.145000,130.200000,4,2021-04-07
2021-04-07 12:00:00,130.200000,130.399990,130.195010,130.345000,4,2021-04-07
2021-04-07 16:00:00,130.340000,130.615010,130.259990,130.509990,4,2021-04-07
2021-04-07 20:00:00,130.505000,130.695010,130.440000,130.610000,4,2021-04-08
2021-04-08 00:00:00,130.615010,130.670000,130.330000,130.425000,4,2021-04-08
2021-04-08 04:00:00,130.414990,130.470000,130.280000,130.360000,4,2021-04-08
2021-04-08 08:00:00,130.380000,130.480000,130.179990,130.259990,4,2021-04-08
2021-04-08 12:00:00,130.250000,130.310000,130.160000,130.230000,4,2021-04-08
2021-04-08 16:00:00,130.220000,130.360000,129.980000,130.000000,4,2021-04-08
2021-04-08 20:00:00,129.995000,130.014999,129.580000,129.815000,4,2021-04-09
2021-04-09 00:00:00,129.804990,130.265000,129.785000,130.205000,4,2021-04-09
2021-04-09 04:00:00,130.195010,130.245000,130.110000,130.205000,4,2021-04-09
2021-04-09 08:00:00,130.215000,130.330000,130.070007,130.120000,4,2021-04-09
2021-04-09 12:00:00,130.110000,130.210010,130.054993,130.089996,4,2021-04-09
2021-04-09 16:00:00,130.089996,130.435000,130.054993,130.405000,4,2021-04-09
2021-04-09 20:00:00,130.395000,130.509990,130.345000,130.355000,1,2021-04-09
2021-04-12 04:00:00,130.580000,130.580000,130.310000,130.530000,4,2021-04-12
2021-04-12 08:00:00,130.524990,130.620000,130.235000,130.285000,4,2021-04-12
2021-04-12 12:00:00,130.285000,130.310000,130.145000,130.230000,4,2021-04-12
2021-04-12 16:00:00,130.250000,130.340000,129.884990,130.130000,4,2021-04-12
2021-04-12 20:00:00,130.130000,130.335010,130.105000,130.295000,4,2021-04-13
2021-04-13 00:00:00,130.285000,130.410000,130.235000,130.330000,4,2021-04-13
2021-04-13 04:00:00,130.340000,130.360000,130.225010,130.320010,4,2021-04-13
2021-04-13 08:00:00,130.304990,130.445010,130.265000,130.390000,4,2021-04-13
2021-04-13 12:00:00,130.390000,130.505000,130.370000,130.465000,4,2021-04-13
2021-04-13 16:00:00,130.450000,130.460010,129.995000,130.039993,4,2021-04-13
2021-04-13 20:00:00,130.054993,130.435000,129.795000,130.355000,4,2021-04-14
2021-04-14 00:00:00,130.360000,130.455000,130.220000,130.310000,4,2021-04-14
2021-04-14 04:00:00,130.295000,130.375000,130.274990,130.315000,4,2021-04-14
2021-04-14 08:00:00,130.340000,130.375000,130.035004,130.164990,4,2021-04-14
2021-04-14 12:00:00,130.170000,130.370000,130.134990,130.310000,4,2021-04-14
2021-04-14 16:00:00,130.304990,130.485000,130.225010,130.355000,4,2021-04-14
2021-04-14 20:00:00,130.340000,130.520000,130.155000,130.420000,4,2021-04-15
2021-04-15 00:00:00,130.399990,130.590000,130.310000,130.539990,4,2021-04-15
2021-04-15 04:00:00,130.539990,130.590000,130.390000,130.500000,4,2021-04-15
2021-04-15 08:00:00,130.524990,130.560000,130.429990,130.470000,3,2021-04-15
2021-04-15 12:00:00,130.345000,130.460010,130.325000,130.399990,1,2021-04-15
2021-04-15 16:00:00,130.414990,130.520000,130.240010,130.289990,4,2021-04-15
2021-04-15 20:00:00,130.289990,130.315000,130.054993,130.205000,4,2021-04-16
2021-04-16 00:00:00,130.225010,130.230000,130.020004,130.059998,4,2021-04-16
2021-04-16 04:00:00,130.050003,130.200000,130.035004,130.130000,4,2021-04-16
2021-04-16 08:00:00,130.160000,130.240010,129.980000,130.160000,4,2021-04-16
2021-04-16 12:00:00,130.164990,130.280000,130.074997,130.259990,4,2021-04-16
2021-04-16 16:00:00,130.250000,130.545000,130.195010,130.355000,4,2021-04-16
2021-04-16 20:00:00,130.355000,130.460010,130.285000,130.425000,1,2021-04-16
2021-04-19 04:00:00,130.325000,130.370000,130.220000,130.265000,4,2021-04-19
2021-04-19 08:00:00,130.289990,130.335010,129.715000,129.759990,4,2021-04-19
2021-04-19 12:00:00,129.759990,130.014999,129.705000,129.860000,4,2021-04-19
2021-04-19 16:00:00,129.840000,130.105000,129.810000,130.070007,4,2021-04-19
2021-04-19 20:00:00,130.065002,130.310000,130.035004,130.170000,4,2021-04-20
2021-04-20 00:00:00,130.195010,130.195010,129.815000,130.125000,4,2021-04-20
2021-04-20 04:00:00,130.125000,130.230000,130.074997,130.190000,4,2021-04-20
2021-04-20 08:00:00,130.179990,130.500000,130.065002,130.395000,4,2021-04-20
2021-04-20 12:00:00,130.395000,130.580000,130.345000,130.535000,4,2021-04-20
2021-04-20 16:00:00,130.535000,130.990010,130.429990,130.789990,4,2021-04-20
2021-04-20 20:00:00,130.789990,130.795000,130.370000,130.410000,4,2021-04-21
2021-04-21 00:00:00,130.420000,130.450000,129.985000,130.054993,4,2021-04-21
2021-04-21 04:00:00,130.059998,130.149990,130.020004,130.065002,4,2021-04-21
2021-04-21 08:00:00,130.085007,130.120000,129.880000,129.914990,4,2021-04-21
2021-04-21 12:00:00,129.935000,130.020004,129.825000,129.940000,4,2021-04-21
2021-04-21 16:00:00,129.935000,130.065002,129.755000,129.765000,4,2021-04-21
2021-04-21 20:00:00,129.780000,129.895000,129.634990,129.795000,4,2021-04-22
2021-04-22 00:00:00,129.804990,130.149990,129.789990,130.044998,4,2021-04-22
2021-04-22 04:00:00,130.044998,130.105000,130.009995,130.080002,4,2021-04-22
2021-04-22 08:00:00,130.050003,130.130000,129.970000,130.059998,4,2021-04-22
2021-04-22 12:00:00,130.065002,130.105000,129.860000,130.009995,4,2021-04-22
2021-04-22 16:00:00,130.000000,130.140000,129.820010,130.130000,4,2021-04-22
2021-04-22 20:00:00,130.145000,130.470000,129.890000,129.955000,4,2021-04-23
2021-04-23 00:00:00,130.000000,130.000000,129.695010,129.770000,4,2021-04-23
2021-04-23 04:00:00,129.765000,129.850010,129.670000,129.740010,4,2021-04-23
2021-04-23 08:00:00,129.730000,129.820010,129.590000,129.785000,4,2021-04-23
2021-04-23 12:00:00,129.774990,129.810000,129.710010,129.789990,4,2021-04-23
2021-04-23 16:00:00,129.774990,130.175000,129.725010,130.089996,4,2021-04-23
2021-04-23 20:00:00,130.105000,130.110000,129.980000,130.054993,1,2021-04-23
2021-04-26 04:00:00,130.660000,130.660000,130.465000,130.570010,3,2021-04-26
2021-04-26 08:00:00,130.550000,130.605000,130.370000,130.520000,4,2021-04-26
2021-04-26 12:00:00,130.524990,130.545000,130.390000,130.509990,4,2021-04-26
2021-04-26 16:00:00,130.509990,130.600010,130.210010,130.325000,4,2021-04-26
2021-04-26 20:00:00,130.320010,130.660000,130.270000,130.330000,4,2021-04-27
2021-04-27 00:00:00,130.340000,130.735000,130.245000,130.679990,4,2021-04-27
2021-04-27 04:00:00,130.690000,130.765000,130.620000,130.649990,4,2021-04-27
2021-04-27 08:00:00,130.664990,130.785000,130.570010,130.759990,4,2021-04-27
2021-04-27 12:00:00,130.770000,130.850010,130.625000,130.690000,4,2021-04-27
2021-04-27 16:00:00,130.675000,130.800000,130.580000,130.645000,4,2021-04-27
2021-04-27 20:00:00,130.649990,131.095001,130.625000,131.020004,4,2021-04-28
2021-04-28 00:00:00,131.009995,131.330000,130.965000,131.304990,4,2021-04-28
2021-04-28 04:00:00,131.304990,131.505000,131.304990,131.410000,4,2021-04-28
2021-04-28 08:00:00,131.450000,131.580000,131.410000,131.530000,4,2021-04-28
2021-04-28 12:00:00,131.530000,131.550000,131.375000,131.414990,4,2021-04-28
2021-04-28 16:00:00,131.429990,131.675000,131.390000,131.414990,4,2021-04-28
2021-04-28 20:00:00,131.410000,131.565000,131.390000,131.455000,4,2021-04-29
2021-04-29 00:00:00,131.460010,131.675000,131.410000,131.600010,4,2021-04-29
2021-04-29 04:00:00,131.580000,131.810000,131.515000,131.685000,4,2021-04-29
2021-04-29 08:00:00,131.675000,131.795000,131.590000,131.765000,4,2021-04-29
2021-04-29 12:00:00,131.785000,131.890000,131.705000,131.835010,4,2021-04-29
2021-04-29 16:00:00,131.835010,132.175000,131.789990,132.130000,4,2021-04-29
2021-04-29 20:00:00,132.120000,132.370000,131.990010,132.195010,4,2021-04-30
2021-04-30 00:00:00,132.195010,132.259990,131.795000,131.970000,4,2021-04-30
2021-04-30 04:00:00,131.980000,132.100010,131.929990,132.065002,4,2021-04-30
2021-04-30 08:00:00,132.050003,132.185000,131.860000,131.884990,4,2021-04-30
2021-04-30 12:00:00,131.880000,131.955000,131.770000,131.880000,4,2021-04-30
2021-04-30 16:00:00,131.890000,131.910000,131.679990,131.730000,4,2021-04-30
2021-04-30 20:00:00,131.745000,131.745000,131.515000,131.524990,1,2021-04-30
2021-05-03 04:00:00,131.310000,131.535000,131.310000,131.470000,4,2021-05-03
2021-05-03 08:00:00,131.500000,131.660000,131.440000,131.620000,4,2021-05-03
2021-05-03 12:00:00,131.625000,131.810000,131.565000,131.795000,4,2021-05-03
2021-05-03 16:00:00,131.789990,132.179990,131.675000,131.975010,4,2021-05-03
2021-05-03 20:00:00,131.970000,132.050003,131.530000,131.640000,4,2021-05-04
2021-05-04 00:00:00,131.640000,131.640000,131.429990,131.580000,4,2021-05-04
2021-05-04 04:00:00,131.575000,131.660000,131.554990,131.570010,4,2021-05-04
2021-05-04 08:00:00,131.565000,131.610000,131.495000,131.575000,4,2021-05-04
2021-05-04 12:00:00,131.590000,131.640000,131.505000,131.570010,4,2021-05-04
2021-05-04 16:00:00,131.565000,131.649990,131.289990,131.390000,4,2021-05-04
2021-05-04 20:00:00,131.390000,131.515000,131.149990,131.220000,4,2021-05-05
2021-05-05 00:00:00,131.215000,131.450000,131.170000,131.345000,3,2021-05-05
2021-05-05 04:00:00,131.360000,131.370000,131.270000,131.340000,3,2021-05-05
2021-05-05 08:00:00,131.355000,131.440000,131.315000,131.420000,3,2021-05-05
2021-05-05 12:00:00,131.304990,131.455000,131.300000,131.380000,4,2021-05-05
2021-05-05 16:00:00,131.380000,131.445010,130.985000,131.259990,4,2021-05-05
2021-05-05 20:00:00,131.274990,131.395000,131.050003,131.110000,4,2021-05-06
2021-05-06 00:00:00,131.095001,131.200000,131.020004,131.095001,4,2021-05-06
2021-05-06 04:00:00,131.100010,131.179990,131.039993,131.110000,4,2021-05-06
2021-05-06 08:00:00,131.100010,131.310000,131.065002,131.295000,4,2021-05-06
2021-05-06 12:00:00,131.310000,131.340000,131.179990,131.285000,4,2021-05-06
2021-05-06 16:00:00,131.300000,131.625000,131.220000,131.460010,4,2021-05-06
2021-05-06 20:00:00,131.475010,131.855000,131.365010,131.710010,4,2021-05-07
2021-05-07 00:00:00,131.730000,131.730000,131.429990,131.539990,4,2021-05-07
2021-05-07 04:00:00,131.550000,131.655000,131.420000,131.610000,4,2021-05-07
2021-05-07 08:00:00,131.585010,131.690000,131.485000,131.640000,4,2021-05-07
2021-05-07 12:00:00,131.649990,131.725010,131.560000,131.605000,4,2021-05-07
2021-05-07 16:00:00,131.620000,131.950000,131.570010,131.815000,4,2021-05-07
2021-05-07 20:00:00,131.804990,131.884990,131.755000,131.770000,1,2021-05-07
2021-05-10 04:00:00,132.009995,132.225010,132.009995,132.175000,4,2021-05-10
2021-05-10 08:00:00,132.155000,132.370000,132.005005,132.340000,4,2021-05-10
2021-05-10 12:00:00,132.335010,132.399990,132.235000,132.240010,4,2021-05-10
2021-05-10 16:00:00,132.240010,132.545000,132.205000,132.289990,4,2021-05-10
2021-05-10 20:00:00,132.295000,132.395000,132.220000,132.285000,4,2021-05-11
2021-05-11 00:00:00,132.270000,132.365010,132.170000,132.315000,4,2021-05-11
2021-05-11 04:00:00,132.325000,132.325000,131.960010,132.039993,4,2021-05-11
2021-05-11 08:00:00,132.035004,132.210010,132.020004,132.170000,4,2021-05-11
2021-05-11 12:00:00,132.160000,132.289990,132.115010,132.179990,4,2021-05-11
2021-05-11 16:00:00,132.175000,132.485000,132.039993,132.420000,4,2021-05-11
2021-05-11 20:00:00,132.414990,132.414990,131.795000,132.125000,4,2021-05-12
2021-05-12 00:00:00,132.140000,132.250000,131.895000,132.044998,4,2021-05-12
2021-05-12 04:00:00,132.050003,132.080002,131.914990,131.960010,4,2021-05-12
2021-05-12 08:00:00,131.970000,132.115010,131.920000,132.089996,4,2021-05-12
2021-05-12 12:00:00,132.085007,132.120000,131.870000,131.970000,4,2021-05-12
2021-05-12 16:00:00,131.955000,132.110000,131.865010,131.970000,4,2021-05-12
2021-05-12 20:00:00,131.970000,132.435000,131.675000,132.190000,4,2021-05-13
2021-05-13 00:00:00,132.190000,132.340000,132.000000,132.325000,4,2021-05-13
2021-05-13 04:00:00,132.315000,132.450000,132.300000,132.399990,4,2021-05-13
2021-05-13 08:00:00,132.399990,132.545000,132.320010,132.365010,4,2021-05-13
2021-05-13 12:00:00,132.355000,132.530000,132.340000,132.460010,4,2021-05-13
2021-05-13 16:00:00,132.460010,132.735000,132.044998,132.259990,4,2021-05-13
2021-05-13 20:00:00,132.245000,132.520000,132.210010,132.509990,4,2021-05-14
2021-05-14 00:00:00,132.509990,132.554990,132.074997,132.115010,4,2021-05-14
2021-05-14 04:00:00,132.120000,132.280000,132.120000,132.274990,4,2021-05-14
2021-05-14 08:00:00,132.250000,132.460010,132.205000,132.445010,4,2021-05-14
2021-05-14 12:00:00,132.450000,132.485000,132.350010,132.470000,4,2021-05-14
2021-05-14 16:00:00,132.475010,132.585010,132.365010,132.425000,4,2021-05-14
2021-05-14 20:00:00,132.435000,132.505000,132.395000,132.480000,1,2021-05-14
2021-05-17 04:00:00,132.710010,132.789990,132.670000,132.685000,4,2021-05-17
2021-05-17 08:00:00,132.759990,132.960010,132.640000,132.670000,4,2021-05-17
2021-05-17 12:00:00,132.660000,132.725010,132.575000,132.580000,4,2021-05-17
2021-05-17 16:00:00,132.590000,132.770000,132.515000,132.735000,4,2021-05-17
2021-05-17 20:00:00,132.745000,132.810000,132.539990,132.610000,4,2021-05-18
2021-05-18 00:00:00,132.605000,132.710010,132.560000,132.660000,4,2021-05-18
2021-05-18 04:00:00,132.679990,132.830000,132.660000,132.730000,4,2021-05-18
2021-05-18 08:00:00,132.730000,132.860000,132.690000,132.820010,4,2021-05-18
2021-05-18 12:00:00,132.810000,132.895000,132.755000,132.800000,4,2021-05-18
2021-05-18 16:00:00,132.800000,133.140000,132.759990,133.070007,4,2021-05-18
2021-05-18 20:00:00,133.059998,133.175000,133.000000,133.070007,4,2021-05-19
2021-05-19 00:00:00,133.050003,133.125000,132.920000,133.100010,4,2021-05-19
2021-05-19 04:00:00,133.120000,133.190000,133.059998,133.140000,4,2021-05-19
2021-05-19 08:00:00,133.115010,133.325000,133.044998,133.285000,4,2021-05-19
2021-05-19 12:00:00,133.285000,133.355000,133.160000,133.350010,4,2021-05-19
2021-05-19 16:00:00,133.350010,133.440000,133.140000,133.300000,4,2021-05-19
2021-05-19 20:00:00,133.289990,133.399990,132.810000,133.020004,4,2021-05-20
2021-05-20 00:00:00,133.009995,133.044998,132.634990,132.985000,4,2021-05-20
2021-05-20 04:00:00,132.990010,133.170000,132.860000,132.970000,4,2021-05-20
2021-05-20 08:00:00,132.980000,133.100010,132.850010,132.914990,4,2021-05-20
2021-05-20 12:00:00,132.899990,133.029999,132.884990,132.935000,4,2021-05-20
2021-05-20 16:00:00,132.929990,133.065002,132.710010,132.789990,4,2021-05-20
2021-05-20 20:00:00,132.804990,133.035004,132.750000,132.905000,4,2021-05-21
2021-05-21 00:00:00,132.895000,133.014999,132.810000,132.914990,4,2021-05-21
2021-05-21 04:00:00,132.925000,133.044998,132.910000,133.035004,4,2021-05-21
2021-05-21 08:00:00,133.029999,133.215000,133.009995,133.149990,4,2021-05-21
2021-05-21 12:00:00,133.145000,133.170000,132.995000,133.039993,4,2021-05-21
2021-05-21 16:00:00,133.039993,133.120000,132.700000,132.899990,4,2021-05-21
2021-05-21 20:00:00,132.895000,132.990010,132.800000,132.804990,1,2021-05-21
2021-05-24 04:00:00,132.649990,132.685000,132.575000,132.645000,4,2021-05-24
2021-05-24 08:00:00,132.640000,132.774990,132.630000,132.715000,4,2021-05-24
2021-05-24 12:00:00,132.720000,132.730000,132.524990,132.605000,4,2021-05-24
2021-05-24 16:00:00,132.615010,132.980000,132.520000,132.975010,4,2021-05-24
2021-05-24 20:00:00,132.970000,133.054993,132.880000,132.955000,4,2021-05-25
2021-05-25 00:00:00,132.975010,133.000000,132.795000,132.870000,4,2021-05-25
2021-05-25 04:00:00,132.880000,132.905000,132.810000,132.870000,4,2021-05-25
2021-05-25 08:00:00,132.860000,133.000000,132.840000,132.950000,4,2021-05-25
2021-05-25 12:00:00,132.955000,133.014999,132.884990,132.929990,4,2021-05-25
2021-05-25 16:00:00,132.940000,133.399990,132.905000,133.350010,4,2021-05-25
2021-05-25 20:00:00,133.335010,133.620000,133.330000,133.410000,4,2021-05-26
2021-05-26 00:00:00,133.380000,133.455000,133.200000,133.230000,4,2021-05-26
2021-05-26 04:00:00,133.220000,133.350010,133.164990,133.245000,4,2021-05-26
2021-05-26 08:00:00,133.270000,133.330000,133.130000,133.160000,3,2021-05-26
2021-05-26 12:00:00,133.170000,133.420000,133.134990,133.335010,4,2021-05-26
2021-05-26 16:00:00,133.340000,133.390000,133.179990,133.330000,4,2021-05-26
2021-05-26 20:00:00,133.340000,133.340000,133.065002,133.230000,4,2021-05-27
2021-05-27 00:00:00,133.220000,133.310000,132.995000,133.029999,4,2021-05-27
2021-05-27 04:00:00,133.035004,133.140000,133.000000,133.085007,4,2021-05-27
2021-05-27 08:00:00,133.080002,133.134990,132.940000,132.980000,4,2021-05-27
2021-05-27 12:00:00,132.980000,133.059998,132.929990,133.024994,4,2021-05-27
2021-05-27 16:00:00,133.029999,133.250000,132.985000,133.160000,4,2021-05-27
2021-05-27 20:00:00,133.160000,133.575000,133.134990,133.539990,4,2021-05-28
2021-05-28 00:00:00,133.545000,134.065002,133.505000,134.029999,4,2021-05-28
2021-05-28 04:00:00,134.020004,134.065002,133.865010,133.929990,4,2021-05-28
2021-05-28 08:00:00,133.945010,133.995000,133.870000,133.890000,4,2021-05-28
2021-05-28 12:00:00,133.890000,133.980000,133.815000,133.830000,4,2021-05-28
2021-05-28 16:00:00,133.830000,134.014999,133.740010,133.920000,4,2021-05-28
2021-05-28 20:00:00,133.925000,133.940000,133.804990,133.870000,1,2021-05-28
2021-05-31 04:00:00,133.845000,134.029999,133.845000,133.990010,3,2021-05-31
2021-05-31 08:00:00,133.990010,134.029999,133.750000,133.850010,4,2021-05-31
2021-05-31 12:00:00,133.860000,133.865010,133.740010,133.830000,4,2021-05-31
2021-05-31 16:00:00,133.815000,133.865010,133.664990,133.710010,4,2021-05-31
2021-05-31 20:00:00,133.705000,133.830000,133.655000,133.830000,4,2021-06-01
2021-06-01 00:00:00,133.810000,133.920000,133.685000,133.875000,4,2021-06-01
2021-06-01 04:00:00,133.880000,134.024994,133.850010,133.980000,4,2021-06-01
2021-06-01 08:00:00,133.950000,134.009995,133.750000,133.820010,4,2021-06-01
2021-06-01 12:00:00,133.820010,133.899990,133.755000,133.825000,4,2021-06-01
2021-06-01 16:00:00,133.830000,134.100010,133.765000,134.074997,4,2021-06-01
2021-06-01 20:00:00,134.070007,134.130000,133.884990,134.054993,4,2021-06-02
2021-06-02 00:00:00,134.065002,134.100010,133.789990,133.804990,4,2021-06-02
2021-06-02 04:00:00,133.810000,133.825000,133.664990,133.700000,4,2021-06-02
2021-06-02 08:00:00,133.720000,134.024994,133.695010,133.960010,4,2021-06-02
2021-06-02 12:00:00,133.950000,134.070007,133.905000,134.020004,4,2021-06-02
2021-06-02 16:00:00,134.024994,134.105000,133.700000,133.705000,4,2021-06-02
2021-06-02 20:00:00,133.705000,133.850010,133.649990,133.840000,4,2021-06-03
2021-06-03 00:00:00,133.835010,133.899990,133.759990,133.770000,4,2021-06-03
2021-06-03 04:00:00,133.770000,133.845000,133.740010,133.800000,4,2021-06-03
2021-06-03 08:00:00,133.789990,133.920000,133.789990,133.845000,4,2021-06-03
2021-06-03 12:00:00,133.835010,133.929990,133.815000,133.870000,4,2021-06-03
2021-06-03 16:00:00,133.865010,133.890000,133.745000,133.820010,4,2021-06-03
2021-06-03 20:00:00,133.825000,133.880000,133.660000,133.730000,4,2021-06-04
2021-06-04 00:00:00,133.750000,133.750000,133.630000,133.679990,4,2021-06-04
2021-06-04 04:00:00,133.695010,133.825000,133.675000,133.755000,4,2021-06-04
2021-06-04 08:00:00,133.785000,133.820010,133.570010,133.610000,4,2021-06-04
2021-06-04 12:00:00,133.600010,133.620000,133.450000,133.520000,4,2021-06-04
2021-06-04 16:00:00,133.520000,133.545000,133.375000,133.425000,4,2021-06-04
2021-06-04 20:00:00,133.414990,133.450000,133.310000,133.350010,1,2021-06-04
2021-06-07 04:00:00,133.240010,133.310000,133.140000,133.175000,3,2021-06-07
2021-06-07 08:00:00,133.235000,133.380000,133.200000,133.255000,4,2021-06-07
2021-06-07 12:00:00,133.255000,133.340000,133.115010,133.149990,4,2021-06-07
2021-06-07 16:00:00,133.164990,133.195010,132.995000,133.074997,4,2021-06-07
2021-06-07 20:00:00,133.080002,133.120000,132.880000,133.020004,4,2021-06-08
2021-06-08 00:00:00,133.009995,133.315000,132.990010,133.255000,4,2021-06-08
2021-06-08 04:00:00,133.265000,133.280000,133.164990,133.210010,4,2021-06-08
2021-06-08 08:00:00,133.190000,133.380000,133.134990,133.325000,4,2021-06-08
2021-06-08 12:00:00,133.330000,133.350010,133.210010,133.320010,4,2021-06-08
2021-06-08 16:00:00,133.310000,133.375000,133.200000,133.355000,4,2021-06-08
2021-06-08 20:00:00,133.355000,133.384990,133.134990,133.345000,4,2021-06-09
2021-06-09 00:00:00,133.325000,133.435000,133.289990,133.335010,4,2021-06-09
2021-06-09 04:00:00,133.330000,133.384990,133.250000,133.289990,4,2021-06-09
2021-06-09 08:00:00,133.295000,133.325000,133.200000,133.300000,4,2021-06-09
2021-06-09 12:00:00,133.289990,133.380000,133.265000,133.320010,4,2021-06-09
2021-06-09 16:00:00,133.310000,133.480000,133.215000,133.435000,4,2021-06-09
2021-06-09 20:00:00,133.435000,133.509990,133.345000,133.490010,4,2021-06-10
2021-06-10 00:00:00,133.500000,133.630000,133.470000,133.485000,4,2021-06-10
2021-06-10 04:00:00,133.490010,133.554990,133.435000,133.515000,4,2021-06-10
2021-06-10 08:00:00,133.530000,133.560000,133.280000,133.289990,4,2021-06-10
2021-06-10 12:00:00,133.295000,133.345000,133.255000,133.280000,4,2021-06-10
2021-06-10 16:00:00,133.274990,133.289990,133.115010,133.225010,4,2021-06-10
2021-06-10 20:00:00,133.230000,133.759990,133.164990,133.570010,4,2021-06-11
2021-06-11 00:00:00,133.565000,133.580000,133.149990,133.230000,4,2021-06-11
2021-06-11 04:00:00,133.235000,133.274990,133.039993,133.130000,4,2021-06-11
2021-06-11 08:00:00,133.125000,133.325000,133.105000,133.310000,4,2021-06-11
2021-06-11 12:00:00,133.315000,133.395000,133.270000,133.355000,4,2021-06-11
2021-06-11 16:00:00,133.365010,133.440000,133.115010,133.134990,4,2021-06-11
2021-06-11 20:00:00,133.130000,133.160000,132.995000,133.024994,1,2021-06-11
2021-06-14 04:00:00,132.820010,132.820010,132.679990,132.795000,3,2021-06-14
2021-06-14 08:00:00,132.755000,132.914990,132.755000,132.840000,4,2021-06-14
2021-06-14 12:00:00,132.830000,132.880000,132.765000,132.850010,4,2021-06-14
2021-06-14 16:00:00,132.850010,132.985000,132.645000,132.850010,4,2021-06-14
2021-06-14 20:00:00,132.840000,133.285000,132.830000,133.240010,4,2021-06-15
2021-06-15 00:00:00,133.230000,133.399990,133.200000,133.390000,4,2021-06-15
2021-06-15 04:00:00,133.384990,133.440000,133.384990,133.410000,4,2021-06-15
2021-06-15 08:00:00,133.410000,133.465000,133.345000,133.455000,4,2021-06-15
2021-06-15 12:00:00,133.450000,133.524990,133.429990,133.450000,4,2021-06-15
2021-06-15 16:00:00,133.440000,133.700000,133.429990,133.545000,4,2021-06-15
2021-06-15 20:00:00,133.539990,133.570010,133.270000,133.539990,4,2021-06-16
2021-06-16 00:00:00,133.520000,133.575000,133.450000,133.475010,4,2021-06-16
2021-06-16 04:00:00,133.485000,133.530000,133.435000,133.485000,4,2021-06-16
2021-06-16 08:00:00,133.495000,133.545000,133.440000,133.455000,4,2021-06-16
2021-06-16 12:00:00,133.470000,133.530000,133.405000,133.515000,4,2021-06-16
2021-06-16 16:00:00,133.520000,133.600010,133.274990,133.325000,4,2021-06-16
2021-06-16 20:00:00,133.320010,133.320010,133.065002,133.185000,4,2021-06-17
2021-06-17 00:00:00,133.179990,133.370000,133.105000,133.110000,4,2021-06-17
2021-06-17 04:00:00,133.140000,133.140000,132.649990,132.710010,4,2021-06-17
2021-06-17 08:00:00,132.730000,132.884990,132.710010,132.755000,4,2021-06-17
2021-06-17 12:00:00,132.765000,132.845000,132.720000,132.810000,4,2021-06-17
2021-06-17 16:00:00,132.770000,132.800000,132.110000,132.274990,4,2021-06-17
2021-06-17 20:00:00,132.289990,132.304990,131.750000,131.759990,4,2021-06-18
2021-06-18 00:00:00,131.759990,131.835010,131.024994,131.330000,4,2021-06-18
2021-06-18 04:00:00,131.330000,131.399990,131.215000,131.259990,4,2021-06-18
2021-06-18 08:00:00,131.274990,131.435000,131.240010,131.289990,4,2021-06-18
2021-06-18 12:00:00,131.295000,131.414990,130.940000,131.000000,4,2021-06-18
2021-06-18 16:00:00,131.009995,131.390000,130.804990,131.270000,4,2021-06-18
2021-06-18 20:00:00,131.270000,131.310000,131.160000,131.190000,1,2021-06-18
2021-06-21 04:00:00,130.800000,130.880000,130.610000,130.830000,4,2021-06-21
2021-06-21 08:00:00,130.789990,130.899990,130.620000,130.620000,4,2021-06-21
2021-06-21 12:00:00,130.610000,130.625000,130.050003,130.405000,4,2021-06-21
2021-06-21 16:00:00,130.395000,131.044998,130.345000,131.009995,4,2021-06-21
2021-06-21 20:00:00,131.020004,131.340000,130.865010,131.280000,4,2021-06-22
2021-06-22 00:00:00,131.280000,131.414990,131.200000,131.390000,4,2021-06-22
2021-06-22 04:00:00,131.395000,131.505000,131.320010,131.465000,4,2021-06-22
2021-06-22 08:00:00,131.475010,131.554990,131.225010,131.350010,4,2021-06-22
2021-06-22 12:00:00,131.350010,131.560000,131.320010,131.390000,4,2021-06-22
2021-06-22 16:00:00,131.405000,131.585010,131.225010,131.265000,4,2021-06-22
2021-06-22 20:00:00,131.250000,131.825000,131.245000,131.745000,4,2021-06-23
2021-06-23 00:00:00,131.720000,132.170000,131.679990,132.140000,4,2021-06-23
2021-06-23 04:00:00,132.134990,132.205000,132.029999,132.130000,4,2021-06-23
2021-06-23 08:00:00,132.160000,132.230000,132.074997,132.155000,4,2021-06-23
2021-06-23 12:00:00,132.155000,132.195010,132.029999,132.120000,4,2021-06-23
2021-06-23 16:00:00,132.120000,132.500000,132.100010,132.500000,4,2021-06-23
2021-06-23 20:00:00,132.505000,132.700000,132.259990,132.509990,4,2021-06-24
2021-06-24 00:00:00,132.500000,132.515000,132.320010,132.425000,4,2021-06-24
2021-06-24 04:00:00,132.440000,132.470000,132.280000,132.365010,4,2021-06-24
2021-06-24 08:00:00,132.370000,132.585010,132.330000,132.355000,4,2021-06-24
2021-06-24 12:00:00,132.360000,132.414990,132.115010,132.170000,4,2021-06-24
2021-06-24 16:00:00,132.185000,132.450000,132.120000,132.399990,4,2021-06-24
2021-06-24 20:00:00,132.410000,132.445010,132.155000,132.310000,4,2021-06-25
2021-06-25 00:00:00,132.315000,132.320010,132.125000,132.255000,4,2021-06-25
2021-06-25 04:00:00,132.250000,132.335010,132.230000,132.280000,4,2021-06-25
2021-06-25 08:00:00,132.295000,132.470000,132.259990,132.450000,4,2021-06-25
2021-06-25 12:00:00,132.440000,132.460010,132.295000,132.360000,4,2021-06-25
2021-06-25 16:00:00,132.350010,132.410000,132.170000,132.289990,4,2021-06-25
2021-06-25 20:00:00,132.295000,132.330000,132.220000,132.320010,1,2021-06-25
2021-06-28 04:00:00,132.185000,132.285000,132.160000,132.240010,3,2021-06-28
2021-06-28 08:00:00,132.274990,132.350010,131.950000,132.020004,4,2021-06-28
2021-06-28 12:00:00,132.005005,132.029999,131.895000,131.975010,4,2021-06-28
2021-06-28 16:00:00,131.985000,132.240010,131.975010,132.179990,4,2021-06-28
2021-06-28 20:00:00,132.170000,132.220000,132.005005,132.089996,4,2021-06-29
2021-06-29 00:00:00,132.070007,132.190000,131.785000,131.789990,4,2021-06-29
2021-06-29 04:00:00,131.789990,132.014999,131.780000,131.935000,4,2021-06-29
2021-06-29 08:00:00,131.895000,131.940000,131.670000,131.685000,4,2021-06-29
2021-06-29 12:00:00,131.679990,131.810000,131.580000,131.789990,4,2021-06-29
2021-06-29 16:00:00,131.789990,131.895000,131.634990,131.670000,4,2021-06-29
2021-06-29 20:00:00,131.660000,131.700000,131.450000,131.509990,4,2021-06-30
2021-06-30 00:00:00,131.490010,131.640000,131.270000,131.495000,4,2021-06-30
2021-06-30 04:00:00,131.485000,131.610000,131.470000,131.570010,4,2021-06-30
2021-06-30 08:00:00,131.560000,131.660000,131.465000,131.524990,4,2021-06-30
2021-06-30 12:00:00,131.530000,131.580000,131.429990,131.455000,4,2021-06-30
2021-06-30 16:00:00,131.460010,131.600010,131.270000,131.450000,4,2021-06-30
2021-06-30 20:00:00,131.460010,131.505000,131.289990,131.429990,4,2021-07-01
2021-07-01 00:00:00,131.429990,131.690000,131.390000,131.690000,4,2021-07-01
2021-07-01 04:00:00,131.690000,131.789990,131.600010,131.745000,4,2021-07-01
2021-07-01 08:00:00,131.750000,131.780000,131.560000,131.630000,4,2021-07-01
2021-07-01 12:00:00,131.620000,131.670000,131.560000,131.615010,4,2021-07-01
2021-07-01 16:00:00,131.610000,132.190000,131.585010,132.190000,4,2021-07-01
2021-07-01 20:00:00,132.160000,132.445010,132.160000,132.320010,4,2021-07-02
2021-07-02 00:00:00,132.315000,132.410000,132.179990,132.230000,4,2021-07-02
2021-07-02 04:00:00,132.230000,132.259990,132.130000,132.164990,4,2021-07-02
2021-07-02 08:00:00,132.185000,132.240010,132.089996,132.170000,4,2021-07-02
2021-07-02 12:00:00,132.149990,132.210010,132.100010,132.149990,4,2021-07-02
2021-07-02 16:00:00,132.155000,132.179990,131.795000,131.830000,4,2021-07-02
2021-07-02 20:00:00,131.810000,131.899990,131.789990,131.830000,1,2021-07-02
2021-07-05 04:00:00,131.710010,131.830000,131.640000,131.770000,4,2021-07-05
2021-07-05 08:00:00,131.750000,131.875000,131.710010,131.710010,4,2021-07-05
2021-07-05 12:00:00,131.720000,131.789990,131.670000,131.725010,4,2021-07-05
2021-07-05 16:00:00,131.730000,131.785000,131.580000,131.640000,4,2021-07-05
2021-07-05 20:00:00,131.630000,131.664990,131.539990,131.660000,4,2021-07-06
2021-07-06 00:00:00,131.655000,131.655000,131.565000,131.630000,4,2021-07-06
2021-07-06 04:00:00,131.630000,131.695010,131.600010,131.625000,4,2021-07-06
2021-07-06 08:00:00,131.640000,131.664990,131.429990,131.490010,4,2021-07-06
2021-07-06 12:00:00,131.495000,131.685000,131.480000,131.685000,4,2021-07-06
2021-07-06 16:00:00,131.679990,131.865010,131.115010,131.179990,4,2021-07-06
2021-07-06 20:00:00,131.190000,131.259990,130.929990,131.039993,4,2021-07-07
2021-07-07 00:00:00,131.039993,131.044998,130.620000,130.830000,4,2021-07-07
2021-07-07 04:00:00,130.835010,130.860000,130.735000,130.789990,4,2021-07-07
2021-07-07 08:00:00,130.780000,130.820010,130.490010,130.565000,4,2021-07-07
2021-07-07 12:00:00,130.570010,130.880000,130.539990,130.845000,4,2021-07-07
2021-07-07 16:00:00,130.845000,131.020004,130.660000,131.009995,4,2021-07-07
2021-07-07 20:00:00,131.000000,131.044998,130.625000,130.679990,4,2021-07-08
2021-07-08 00:00:00,130.690000,130.690000,130.470000,130.600010,4,2021-07-08
2021-07-08 04:00:00,130.610000,130.705000,130.420000,130.485000,4,2021-07-08
2021-07-08 08:00:00,130.490010,130.539990,130.190000,130.230000,4,2021-07-08
2021-07-08 12:00:00,130.220000,130.435000,130.100010,130.185000,4,2021-07-08
2021-07-08 16:00:00,130.190000,130.245000,129.625000,130.050003,4,2021-07-08
2021-07-08 20:00:00,130.065002,130.164990,129.740010,130.039993,4,2021-07-09
2021-07-09 00:00:00,130.044998,130.110000,129.830000,130.059998,4,2021-07-09
2021-07-09 04:00:00,130.050003,130.105000,129.950000,130.014999,4,2021-07-09
2021-07-09 08:00:00,130.039993,130.200000,129.945010,130.000000,4,2021-07-09
2021-07-09 12:00:00,130.009995,130.285000,129.965000,130.185000,4,2021-07-09
2021-07-09 16:00:00,130.179990,130.435000,130.130000,130.429990,4,2021-07-09
2021-07-09 20:00:00,130.429990,130.475010,130.310000,130.435000,1,2021-07-09
2021-07-12 04:00:00,130.740010,130.840000,130.740010,130.810000,4,2021-07-12
2021-07-12 08:00:00,130.800000,130.914990,130.670000,130.730000,4,2021-07-12
2021-07-12 12:00:00,130.730000,130.830000,130.660000,130.735000,4,2021-07-12
2021-07-12 16:00:00,130.750000,130.870000,130.465000,130.520000,4,2021-07-12
2021-07-12 20:00:00,130.520000,130.975010,130.450000,130.910000,4,2021-07-13
2021-07-13 00:00:00,130.914990,130.990010,130.804990,130.855000,4,2021-07-13
2021-07-13 04:00:00,130.840000,130.965000,130.789990,130.890000,4,2021-07-13
2021-07-13 08:00:00,130.890000,131.009995,130.860000,130.985000,4,2021-07-13
2021-07-13 12:00:00,130.970000,131.095001,130.855000,130.870000,4,2021-07-13
2021-07-13 16:00:00,130.870000,130.985000,130.505000,130.570010,4,2021-07-13
2021-07-13 20:00:00,130.554990,130.679990,130.289990,130.520000,4,2021-07-14
2021-07-14 00:00:00,130.520000,130.595000,130.304990,130.390000,4,2021-07-14
2021-07-14 04:00:00,130.390000,130.395000,130.215000,130.285000,4,2021-07-14
2021-07-14 08:00:00,130.304990,130.360000,130.125000,130.200000,4,2021-07-14
2021-07-14 12:00:00,130.195010,130.300000,130.140000,130.274990,4,2021-07-14
2021-07-14 16:00:00,130.270000,130.384990,130.120000,130.325000,4,2021-07-14
2021-07-14 20:00:00,130.325000,130.435000,130.080002,130.155000,4,2021-07-15
2021-07-15 00:00:00,130.140000,130.190000,130.020004,130.100010,4,2021-07-15
2021-07-15 04:00:00,130.105000,130.245000,130.100010,130.140000,4,2021-07-15
2021-07-15 08:00:00,130.160000,130.205000,129.925000,130.000000,4,2021-07-15
2021-07-15 12:00:00,129.995000,130.100010,129.890000,130.080002,4,2021-07-15
2021-07-15 16:00:00,130.074997,130.089996,129.830000,130.059998,4,2021-07-15
2021-07-15 20:00:00,130.035004,130.175000,129.795000,129.860000,4,2021-07-16
2021-07-16 00:00:00,129.860000,130.059998,129.685000,129.695010,4,2021-07-16
2021-07-16 04:00:00,129.700000,129.810000,129.620000,129.750000,4,2021-07-16
2021-07-16 08:00:00,129.745000,129.884990,129.640000,129.820010,4,2021-07-16
2021-07-16 12:00:00,129.815000,129.960010,129.815000,129.899990,4,2021-07-16
2021-07-16 16:00:00,129.890000,130.195010,129.789990,130.140000,4,2021-07-16
2021-07-16 20:00:00,130.149990,130.160000,130.035004,130.095001,1,2021-07-16
2021-07-19 04:00:00,129.990010,130.020004,129.765000,129.929990,4,2021-07-19
2021-07-19 08:00:00,129.925000,129.970000,129.640000,129.730000,4,2021-07-19
2021-07-19 12:00:00,129.730000,129.820010,129.700000,129.770000,4,2021-07-19
2021-07-19 16:00:00,129.765000,129.840000,129.095001,129.320010,4,2021-07-19
2021-07-19 20:00:00,129.330000,129.380000,128.899990,129.089996,4,2021-07-20
2021-07-20 00:00:00,129.095001,129.320010,128.970000,129.085007,4,2021-07-20
2021-07-20 04:00:00,129.080002,129.230000,129.070007,129.160000,4,2021-07-20
2021-07-20 08:00:00,129.155000,129.220000,129.095001,129.190000,4,2021-07-20
2021-07-20 12:00:00,129.185000,129.295000,128.950000,129.035004,4,2021-07-20
2021-07-20 16:00:00,129.029999,129.429990,128.965000,129.120000,4,2021-07-20
2021-07-20 20:00:00,129.140000,129.220000,128.595000,128.945010,4,2021-07-21
2021-07-21 00:00:00,128.950000,129.470000,128.929990,129.390000,4,2021-07-21
2021-07-21 04:00:00,129.380000,129.480000,129.375000,129.420000,4,2021-07-21
2021-07-21 08:00:00,129.405000,129.550000,129.399990,129.450000,4,2021-07-21
2021-07-21 12:00:00,129.460010,129.460010,129.304990,129.315000,4,2021-07-21
2021-07-21 16:00:00,129.325000,129.730000,129.149990,129.575000,4,2021-07-21
2021-07-21 20:00:00,129.585010,130.009995,129.535000,129.929990,4,2021-07-22
2021-07-22 00:00:00,129.920000,130.149990,129.905000,130.100010,4,2021-07-22
2021-07-22 04:00:00,130.115010,130.185000,130.044998,130.105000,4,2021-07-22
2021-07-22 08:00:00,130.110000,130.115010,129.765000,129.910000,4,2021-07-22
2021-07-22 12:00:00,129.920000,129.985000,129.865010,129.920000,4,2021-07-22
2021-07-22 16:00:00,129.920000,130.130000,129.865010,130.039993,4,2021-07-22
2021-07-22 20:00:00,130.029999,130.304990,129.715000,130.179990,4,2021-07-23
2021-07-23 00:00:00,130.179990,130.179990,129.485000,129.634990,4,2021-07-23
2021-07-23 04:00:00,129.630000,129.740010,129.560000,129.640000,4,2021-07-23
2021-07-23 08:00:00,129.660000,129.789990,129.625000,129.725010,4,2021-07-23
2021-07-23 12:00:00,129.725010,129.855000,129.725010,129.740010,4,2021-07-23
2021-07-23 16:00:00,129.725010,130.195010,129.710010,130.014999,4,2021-07-23
2021-07-23 20:00:00,129.990010,130.020004,129.895000,129.965000,1,2021-07-23
2021-07-26 04:00:00,130.170000,130.220000,129.995000,130.125000,4,2021-07-26
2021-07-26 08:00:00,130.134990,130.175000,129.870000,129.960010,4,2021-07-26
2021-07-26 12:00:00,129.970000,130.009995,129.875000,129.985000,4,2021-07-26
2021-07-26 16:00:00,129.990010,130.160000,129.679990,130.130000,4,2021-07-26
2021-07-26 20:00:00,130.125000,130.325000,129.940000,130.250000,4,2021-07-27
2021-07-27 00:00:00,130.230000,130.350010,130.120000,130.320010,4,2021-07-27
2021-07-27 04:00:00,130.315000,130.340000,130.250000,130.270000,4,2021-07-27
2021-07-27 08:00:00,130.270000,130.285000,130.120000,130.160000,4,2021-07-27
2021-07-27 12:00:00,130.145000,130.160000,130.020004,130.059998,4,2021-07-27
2021-07-27 16:00:00,130.039993,130.039993,129.550000,129.755000,4,2021-07-27
2021-07-27 20:00:00,129.750000,130.009995,129.705000,129.830000,4,2021-07-28
2021-07-28 00:00:00,129.830000,129.950000,129.634990,129.770000,4,2021-07-28
2021-07-28 04:00:00,129.770000,129.825000,129.679990,129.730000,4,2021-07-28
2021-07-28 08:00:00,129.735000,129.910000,129.679990,129.865010,4,2021-07-28
2021-07-28 12:00:00,129.860000,129.890000,129.700000,129.800000,4,2021-07-28
2021-07-28 16:00:00,129.795000,130.070007,129.615010,129.929990,4,2021-07-28
2021-07-28 20:00:00,129.940000,130.039993,129.755000,129.895000,4,2021-07-29
2021-07-29 00:00:00,129.895000,130.070007,129.855000,130.059998,4,2021-07-29
2021-07-29 04:00:00,130.044998,130.245000,129.850010,130.230000,4,2021-07-29
2021-07-29 08:00:00,130.185000,130.220000,129.910000,130.039993,4,2021-07-29
2021-07-29 12:00:00,130.039993,130.220000,129.990010,130.100010,4,2021-07-29
2021-07-29 16:00:00,130.110000,130.455000,130.074997,130.429990,4,2021-07-29
2021-07-29 20:00:00,130.429990,130.545000,130.245000,130.445010,4,2021-07-30
2021-07-30 00:00:00,130.450000,130.485000,130.125000,130.164990,4,2021-07-30
2021-07-30 04:00:00,130.175000,130.210010,130.080002,130.160000,4,2021-07-30
2021-07-30 08:00:00,130.134990,130.225010,130.020004,130.085007,4,2021-07-30
2021-07-30 12:00:00,130.080002,130.175000,130.039993,130.130000,4,2021-07-30
2021-07-30 16:00:00,130.145000,130.455000,130.120000,130.345000,4,2021-07-30
2021-07-30 20:00:00,130.355000,130.440000,130.225010,130.429990,1,2021-07-30
2021-08-02 04:00:00,130.190000,130.240010,130.100010,130.149990,4,2021-08-02
2021-08-02 08:00:00,130.130000,130.250000,130.085007,130.164990,4,2021-08-02
2021-08-02 12:00:00,130.170000,130.259990,130.100010,130.190000,4,2021-08-02
2021-08-02 16:00:00,130.215000,130.440000,130.130000,130.340000,4,2021-08-02
2021-08-02 20:00:00,130.310000,130.335010,130.020004,130.065002,4,2021-08-03
2021-08-03 00:00:00,130.000000,130.089996,129.600010,129.690000,4,2021-08-03
2021-08-03 04:00:00,129.690000,129.865010,129.675000,129.774990,4,2021-08-03
2021-08-03 08:00:00,129.770000,129.840000,129.700000,129.730000,4,2021-08-03
2021-08-03 12:00:00,129.735000,129.765000,129.630000,129.640000,4,2021-08-03
2021-08-03 16:00:00,129.660000,129.789990,129.539990,129.770000,4,2021-08-03
2021-08-03 20:00:00,129.759990,129.875000,129.175000,129.265000,4,2021-08-04
2021-08-04 00:00:00,129.259990,129.480000,129.179990,129.470000,4,2021-08-04
2021-08-04 04:00:00,129.480000,129.509990,129.335010,129.380000,4,2021-08-04
2021-08-04 08:00:00,129.380000,129.425000,129.230000,129.420000,4,2021-08-04
2021-08-04 12:00:00,129.420000,129.509990,129.390000,129.470000,4,2021-08-04
2021-08-04 16:00:00,129.470000,129.620000,129.340000,129.460010,4,2021-08-04
2021-08-04 20:00:00,129.465000,129.509990,129.140000,129.429990,4,2021-08-05
2021-08-05 00:00:00,129.455000,129.845000,129.455000,129.634990,4,2021-08-05
2021-08-05 04:00:00,129.645000,129.649990,129.550000,129.585010,4,2021-08-05
2021-08-05 08:00:00,129.570010,129.830000,129.570010,129.820010,4,2021-08-05
2021-08-05 12:00:00,129.815000,129.850010,129.759990,129.810000,4,2021-08-05
2021-08-05 16:00:00,129.810000,129.925000,129.649990,129.664990,4,2021-08-05
2021-08-05 20:00:00,129.675000,129.920000,129.625000,129.860000,4,2021-08-06
2021-08-06 00:00:00,129.865010,130.014999,129.804990,129.914990,4,2021-08-06
2021-08-06 04:00:00,129.920000,129.950000,129.850010,129.910000,4,2021-08-06
2021-08-06 08:00:00,129.914990,129.965000,129.855000,129.950000,4,2021-08-06
2021-08-06 12:00:00,129.945010,129.945010,129.830000,129.850010,4,2021-08-06
2021-08-06 16:00:00,129.860000,129.920000,129.590000,129.705000,4,2021-08-06
2021-08-06 20:00:00,129.685000,129.745000,129.645000,129.649990,1,2021-08-06
2021-08-09 04:00:00,129.690000,129.810000,129.615010,129.655000,3,2021-08-09
2021-08-09 08:00:00,129.640000,129.660000,129.505000,129.570010,4,2021-08-09
2021-08-09 12:00:00,129.570010,129.649990,129.550000,129.565000,4,2021-08-09
2021-08-09 16:00:00,129.570010,129.655000,129.450000,129.535000,4,2021-08-09
2021-08-09 20:00:00,129.530000,129.580000,129.414990,129.505000,4,2021-08-10
2021-08-10 00:00:00,129.509990,129.580000,129.390000,129.495000,4,2021-08-10
2021-08-10 04:00:00,129.509990,129.530000,129.440000,129.500000,4,2021-08-10
2021-08-10 08:00:00,129.509990,129.570010,129.425000,129.455000,4,2021-08-10
2021-08-10 12:00:00,129.450000,129.580000,129.420000,129.535000,4,2021-08-10
2021-08-10 16:00:00,129.535000,129.690000,129.505000,129.554990,4,2021-08-10
2021-08-10 20:00:00,129.550000,129.575000,129.410000,129.535000,4,2021-08-11
2021-08-11 00:00:00,129.545000,129.630000,129.480000,129.580000,4,2021-08-11
2021-08-11 04:00:00,129.585010,129.630000,129.520000,129.595000,4,2021-08-11
2021-08-11 08:00:00,129.595000,129.710010,129.565000,129.679990,4,2021-08-11
2021-08-11 12:00:00,129.690000,129.740010,129.649990,129.695010,4,2021-08-11
2021-08-11 16:00:00,129.695010,129.810000,129.649990,129.730000,4,2021-08-11
2021-08-11 20:00:00,129.735000,129.800000,129.600010,129.664990,4,2021-08-12
2021-08-12 00:00:00,129.679990,129.735000,129.590000,129.700000,4,2021-08-12
2021-08-12 04:00:00,129.700000,129.705000,129.595000,129.640000,4,2021-08-12
2021-08-12 08:00:00,129.655000,129.690000,129.500000,129.554990,4,2021-08-12
2021-08-12 12:00:00,129.560000,129.670000,129.539990,129.615010,4,2021-08-12
2021-08-12 16:00:00,129.610000,129.710010,129.560000,129.655000,4,2021-08-12
2021-08-12 20:00:00,129.660000,129.710010,129.524990,129.600010,4,2021-08-13
2021-08-13 00:00:00,129.600010,129.649990,129.395000,129.600010,4,2021-08-13
2021-08-13 04:00:00,129.590000,129.620000,129.470000,129.554990,4,2021-08-13
2021-08-13 08:00:00,129.560000,129.645000,129.535000,129.625000,4,2021-08-13
2021-08-13 12:00:00,129.625000,129.645000,129.570010,129.585010,4,2021-08-13
2021-08-13 16:00:00,129.585010,129.605000,129.360000,129.600010,4,2021-08-13
2021-08-13 20:00:00,129.610000,129.610000,129.520000,129.560000,1,2021-08-13
2021-08-16 04:00:00,129.280000,129.410000,129.240010,129.315000,4,2021-08-16
2021-08-16 08:00:00,129.300000,129.429990,129.080002,129.125000,4,2021-08-16
2021-08-16 12:00:00,129.130000,129.130000,128.940000,128.960010,4,2021-08-16
2021-08-16 16:00:00,128.990010,129.009995,128.815000,128.820010,4,2021-08-16
2021-08-16 20:00:00,128.825000,128.845000,128.500000,128.565000,4,2021-08-17
2021-08-17 00:00:00,128.539990,128.720000,128.530000,128.630000,4,2021-08-17
2021-08-17 04:00:00,128.625000,128.740010,128.600010,128.690000,4,2021-08-17
2021-08-17 08:00:00,128.700000,128.785000,128.554990,128.610000,4,2021-08-17
2021-08-17 12:00:00,128.610000,128.705000,128.580000,128.670000,4,2021-08-17
2021-08-17 16:00:00,128.700000,128.875000,128.370000,128.675000,4,2021-08-17
2021-08-17 20:00:00,128.670000,128.710010,128.410000,128.455000,4,2021-08-18
2021-08-18 00:00:00,128.465000,128.500000,128.259990,128.340000,4,2021-08-18
2021-08-18 04:00:00,128.340000,128.380000,128.280000,128.335010,4,2021-08-18
2021-08-18 08:00:00,128.325000,128.355000,128.230000,128.310000,4,2021-08-18
2021-08-18 12:00:00,128.320010,128.509990,128.230000,128.420000,4,2021-08-18
2021-08-18 16:00:00,128.425000,128.575000,128.390000,128.485000,4,2021-08-18
2021-08-18 20:00:00,128.490010,128.770000,128.414990,128.675000,4,2021-08-19
2021-08-19 00:00:00,128.664990,128.770000,128.570010,128.750000,4,2021-08-19
2021-08-19 04:00:00,128.740010,128.980000,128.509990,128.590000,4,2021-08-19
2021-08-19 08:00:00,128.600010,128.710010,128.475010,128.670000,4,2021-08-19
2021-08-19 12:00:00,128.655000,128.720000,128.535000,128.550000,4,2021-08-19
2021-08-19 16:00:00,128.554990,128.570010,127.925000,128.270000,4,2021-08-19
2021-08-19 20:00:00,128.280000,128.455000,128.134990,128.395000,4,2021-08-20
2021-08-20 00:00:00,128.395000,128.425000,128.140000,128.205000,4,2021-08-20
2021-08-20 04:00:00,128.200000,128.250000,128.089996,128.170000,4,2021-08-20
2021-08-20 08:00:00,128.170000,128.380000,128.035004,128.140000,4,2021-08-20
2021-08-20 12:00:00,128.110000,128.280000,128.095001,128.195010,4,2021-08-20
2021-08-20 16:00:00,128.205000,128.235000,127.965000,128.020004,4,2021-08-20
2021-08-20 20:00:00,128.009995,128.125000,127.945000,128.065002,1,2021-08-20
2021-08-23 04:00:00,128.410000,128.440000,128.315000,128.375000,4,2021-08-23
2021-08-23 08:00:00,128.399990,128.710010,128.399990,128.664990,4,2021-08-23
2021-08-23 12:00:00,128.679990,128.840000,128.630000,128.815000,4,2021-08-23
2021-08-23 16:00:00,128.840000,129.105000,128.705000,129.029999,4,2021-08-23
2021-08-23 20:00:00,129.014999,129.145000,128.789990,128.850010,4,2021-08-24
2021-08-24 00:00:00,128.850010,128.910000,128.780000,128.870000,4,2021-08-24
2021-08-24 04:00:00,128.860000,128.890000,128.789990,128.830000,4,2021-08-24
2021-08-24 08:00:00,128.835010,128.880000,128.774990,128.785000,4,2021-08-24
2021-08-24 12:00:00,128.785000,129.014999,128.755000,128.945010,4,2021-08-24
2021-08-24 16:00:00,128.960010,129.050003,128.660000,128.679990,4,2021-08-24
2021-08-24 20:00:00,128.679990,128.850010,128.590000,128.789990,4,2021-08-25
2021-08-25 00:00:00,128.795000,129.009995,128.695010,128.830000,4,2021-08-25
2021-08-25 04:00:00,128.835010,128.985000,128.810000,128.905000,4,2021-08-25
2021-08-25 08:00:00,128.910000,129.050003,128.875000,128.914990,4,2021-08-25
2021-08-25 12:00:00,128.914990,128.940000,128.800000,128.835010,4,2021-08-25
2021-08-25 16:00:00,128.840000,129.120000,128.765000,129.009995,4,2021-08-25
2021-08-25 20:00:00,129.014999,129.215000,128.945010,129.200000,4,2021-08-26
2021-08-26 00:00:00,129.185000,129.490010,129.175000,129.450000,4,2021-08-26
2021-08-26 04:00:00,129.440000,129.530000,129.420000,129.475010,4,2021-08-26
2021-08-26 08:00:00,129.485000,129.560000,129.405000,129.470000,4,2021-08-26
2021-08-26 12:00:00,129.455000,129.460010,129.304990,129.410000,4,2021-08-26
2021-08-26 16:00:00,129.414990,129.780000,129.360000,129.645000,4,2021-08-26
2021-08-26 20:00:00,129.655000,129.710010,129.414990,129.490010,4,2021-08-27
2021-08-27 00:00:00,129.500000,129.645000,129.240010,129.375000,4,2021-08-27
2021-08-27 04:00:00,129.370000,129.450000,129.280000,129.390000,4,2021-08-27
2021-08-27 08:00:00,129.370000,129.405000,129.155000,129.259990,4,2021-08-27
2021-08-27 12:00:00,129.240010,129.405000,129.240010,129.350010,4,2021-08-27
2021-08-27 16:00:00,129.370000,129.530000,129.335010,129.465000,4,2021-08-27
2021-08-27 20:00:00,129.460010,129.600010,129.435000,129.515000,1,2021-08-27
2021-08-30 04:00:00,129.539990,129.630000,129.509990,129.560000,4,2021-08-30
2021-08-30 08:00:00,129.600010,129.640000,129.490010,129.605000,4,2021-08-30
2021-08-30 12:00:00,129.590000,129.655000,129.500000,129.505000,4,2021-08-30
2021-08-30 16:00:00,129.509990,129.685000,129.485000,129.615010,4,2021-08-30
2021-08-30 20:00:00,129.605000,129.695010,129.535000,129.610000,4,2021-08-31
2021-08-31 00:00:00,129.610000,129.690000,129.550000,129.655000,4,2021-08-31
2021-08-31 04:00:00,129.660000,129.720000,129.620000,129.664990,4,2021-08-31
2021-08-31 08:00:00,129.690000,129.759990,129.640000,129.679990,4,2021-08-31
2021-08-31 12:00:00,129.679990,129.935000,129.664990,129.895000,4,2021-08-31
2021-08-31 16:00:00,129.880000,130.054993,129.815000,129.955000,4,2021-08-31
2021-08-31 20:00:00,129.945010,130.190000,129.664990,129.685000,4,2021-09-01
2021-09-01 00:00:00,129.679990,129.925000,129.595000,129.895000,4,2021-09-01
2021-09-01 04:00:00,129.875000,129.950000,129.840000,129.899990,4,2021-09-01
2021-09-01 08:00:00,129.905000,130.110000,129.875000,130.089996,4,2021-09-01
2021-09-01 12:00:00,130.085007,130.120000,130.029999,130.044998,4,2021-09-01
2021-09-01 16:00:00,130.074997,130.420000,129.985000,130.335010,4,2021-09-01
2021-09-01 20:00:00,130.340000,130.460010,130.125000,130.200000,4,2021-09-02
2021-09-02 00:00:00,130.220000,130.460010,130.220000,130.289990,4,2021-09-02
2021-09-02 04:00:00,130.300000,130.315000,130.220000,130.270000,4,2021-09-02
2021-09-02 08:00:00,130.270000,130.405000,130.164990,130.195010,4,2021-09-02
2021-09-02 12:00:00,130.190000,130.274990,130.164990,130.250000,4,2021-09-02
2021-09-02 16:00:00,130.255000,130.440000,130.195010,130.335010,4,2021-09-02
2021-09-02 20:00:00,130.335010,130.460010,130.250000,130.445010,4,2021-09-03
2021-09-03 00:00:00,130.450000,130.590000,130.420000,130.585010,4,2021-09-03
2021-09-03 04:00:00,130.585010,130.610000,130.520000,130.550000,4,2021-09-03
2021-09-03 08:00:00,130.530000,130.649990,130.500000,130.580000,4,2021-09-03
2021-09-03 12:00:00,130.575000,130.750000,130.470000,130.685000,4,2021-09-03
2021-09-03 16:00:00,130.675000,130.725010,130.450000,130.475010,4,2021-09-03
2021-09-03 20:00:00,130.480000,130.560000,130.465000,130.475010,1,2021-09-03
2021-09-06 04:00:00,130.410000,130.460010,130.355000,130.399990,2,2021-09-06
2021-09-06 08:00:00,130.414990,130.505000,130.345000,130.435000,4,2021-09-06
2021-09-06 12:00:00,130.425000,130.445010,130.270000,130.335010,4,2021-09-06
2021-09-06 16:00:00,130.325000,130.495000,130.304990,130.350010,4,2021-09-06
2021-09-06 20:00:00,130.360000,130.414990,130.285000,130.375000,4,2021-09-07
2021-09-07 00:00:00,130.370000,130.425000,130.245000,130.390000,4,2021-09-07
2021-09-07 04:00:00,130.384990,130.435000,130.350010,130.399990,4,2021-09-07
2021-09-07 08:00:00,130.399990,130.480000,130.365010,130.465000,4,2021-09-07
2021-09-07 12:00:00,130.460010,130.495000,130.300000,130.380000,4,2021-09-07
2021-09-07 16:00:00,130.395000,130.610000,130.390000,130.475010,4,2021-09-07
2021-09-07 20:00:00,130.480000,130.600010,130.420000,130.580000,4,2021-09-08
2021-09-08 00:00:00,130.560000,130.630000,130.475010,130.595000,4,2021-09-08
2021-09-08 04:00:00,130.600010,130.664990,130.520000,130.630000,4,2021-09-08
2021-09-08 08:00:00,130.605000,130.705000,130.590000,130.670000,4,2021-09-08
2021-09-08 12:00:00,130.670000,130.715000,130.590000,130.705000,4,2021-09-08
2021-09-08 16:00:00,130.675000,130.705000,130.179990,130.259990,4,2021-09-08
2021-09-08 20:00:00,130.240010,130.435000,130.210010,130.370000,4,2021-09-09
2021-09-09 00:00:00,130.360000,130.425000,130.220000,130.350010,4,2021-09-09
2021-09-09 04:00:00,130.355000,130.375000,130.259990,130.335010,4,2021-09-09
2021-09-09 08:00:00,130.325000,130.335010,130.160000,130.215000,4,2021-09-09
2021-09-09 12:00:00,130.210010,130.265000,130.089996,130.089996,4,2021-09-09
2021-09-09 16:00:00,130.095001,130.190000,129.965000,130.059998,4,2021-09-09
2021-09-09 20:00:00,130.065002,130.155000,129.725010,129.820010,4,2021-09-10
2021-09-10 00:00:00,129.820010,129.860000,129.664990,129.745000,4,2021-09-10
2021-09-10 04:00:00,129.740010,129.810000,129.705000,129.765000,4,2021-09-10
2021-09-10 08:00:00,129.789990,129.840000,129.690000,129.750000,4,2021-09-10
2021-09-10 12:00:00,129.750000,130.029999,129.745000,129.990010,4,2021-09-10
2021-09-10 16:00:00,129.990010,130.285000,129.960010,130.155000,4,2021-09-10
2021-09-10 20:00:00,130.170000,130.175000,130.050003,130.085007,1,2021-09-10
2021-09-13 04:00:00,129.870000,129.880000,129.785000,129.830000,2,2021-09-13
2021-09-13 08:00:00,129.840000,129.875000,129.755000,129.774990,4,2021-09-13
2021-09-13 12:00:00,129.770000,129.820010,129.660000,129.755000,4,2021-09-13
2021-09-13 16:00:00,129.774990,129.890000,129.690000,129.815000,4,2021-09-13
2021-09-13 20:00:00,129.810000,129.865010,129.590000,129.759990,4,2021-09-14
2021-09-14 00:00:00,129.770000,129.950000,129.679990,129.850010,4,2021-09-14
2021-09-14 04:00:00,129.850010,129.960010,129.800000,129.929990,4,2021-09-14
2021-09-14 08:00:00,129.940000,130.029999,129.850010,129.990010,4,2021-09-14
2021-09-14 12:00:00,129.995000,130.095001,129.985000,130.024994,4,2021-09-14
2021-09-14 16:00:00,130.020004,130.145000,129.955000,130.020004,4,2021-09-14
2021-09-14 20:00:00,130.035004,130.205000,129.870000,129.890000,4,2021-09-15
2021-09-15 00:00:00,129.880000,129.880000,129.509990,129.590000,4,2021-09-15
2021-09-15 04:00:00,129.595000,129.615010,129.365010,129.520000,4,2021-09-15
2021-09-15 08:00:00,129.524990,129.545000,129.330000,129.384990,4,2021-09-15
2021-09-15 12:00:00,129.384990,129.495000,129.325000,129.390000,4,2021-09-15
2021-09-15 16:00:00,129.384990,129.429990,129.200000,129.300000,4,2021-09-15
2021-09-15 20:00:00,129.300000,129.325000,129.054993,129.200000,4,2021-09-16
2021-09-16 00:00:00,129.190000,129.285000,129.059998,129.210010,4,2021-09-16
2021-09-16 04:00:00,129.200000,129.259990,129.164990,129.235000,4,2021-09-16
2021-09-16 08:00:00,129.240010,129.390000,129.105000,129.130000,4,2021-09-16
2021-09-16 12:00:00,129.140000,129.200000,128.920000,128.935000,4,2021-09-16
2021-09-16 16:00:00,128.929990,129.074997,128.725010,128.795000,4,2021-09-16
2021-09-16 20:00:00,128.785000,129.089996,128.605000,128.950000,4,2021-09-17
2021-09-17 00:00:00,128.950000,129.074997,128.865010,128.965000,4,2021-09-17
2021-09-17 04:00:00,128.975010,129.179990,128.940000,129.140000,4,2021-09-17
2021-09-17 08:00:00,129.145000,129.270000,129.014999,129.240010,4,2021-09-17
2021-09-17 12:00:00,129.250000,129.375000,129.225010,129.335010,4,2021-09-17
2021-09-17 16:00:00,129.340000,129.590000,129.310000,129.590000,4,2021-09-17
2021-09-17 20:00:00,129.575000,129.615010,129.535000,129.605000,1,2021-09-17
2021-09-20 04:00:00,128.970000,129.020004,128.895000,128.955000,3,2021-09-20
2021-09-20 08:00:00,128.960010,129.035004,128.815000,128.820010,4,2021-09-20
2021-09-20 12:00:00,128.820010,128.820010,128.690000,128.774990,4,2021-09-20
2021-09-20 16:00:00,128.780000,128.810000,128.270000,128.384990,4,2021-09-20
2021-09-20 20:00:00,128.380000,128.495000,128.140000,128.460010,4,2021-09-21
2021-09-21 00:00:00,128.450000,128.515000,128.210010,128.289990,4,2021-09-21
2021-09-21 04:00:00,128.300000,128.375000,128.190000,128.330000,4,2021-09-21
2021-09-21 08:00:00,128.310000,128.570010,128.225010,128.570010,4,2021-09-21
2021-09-21 12:00:00,128.560000,128.645000,128.485000,128.509990,4,2021-09-21
2021-09-21 16:00:00,128.490010,128.710010,128.470000,128.600010,4,2021-09-21
2021-09-21 20:00:00,128.595000,128.630000,128.140000,128.230000,4,2021-09-22
2021-09-22 00:00:00,128.240010,128.240010,127.990000,128.110000,4,2021-09-22
2021-09-22 04:00:00,128.125000,128.149990,128.014999,128.080002,4,2021-09-22
2021-09-22 08:00:00,128.080002,128.410000,127.925000,128.274990,4,2021-09-22
2021-09-22 12:00:00,128.274990,128.460010,128.230000,128.375000,4,2021-09-22
2021-09-22 16:00:00,128.384990,128.580000,128.315000,128.450000,4,2021-09-22
2021-09-22 20:00:00,128.455000,128.595000,128.420000,128.509990,4,2021-09-23
2021-09-23 00:00:00,128.515000,128.690000,128.500000,128.539990,4,2021-09-23
2021-09-23 04:00:00,128.560000,128.785000,128.280000,128.390000,4,2021-09-23
2021-09-23 08:00:00,128.380000,128.530000,128.335010,128.520000,4,2021-09-23
2021-09-23 12:00:00,128.509990,128.655000,128.470000,128.630000,4,2021-09-23
2021-09-23 16:00:00,128.610000,129.059998,128.585010,128.895000,4,2021-09-23
2021-09-23 20:00:00,128.899990,129.190000,128.590000,129.190000,4,2021-09-24
2021-09-24 00:00:00,129.280000,129.455000,129.250000,129.450000,4,2021-09-24
2021-09-24 04:00:00,129.445010,129.560000,129.405000,129.515000,4,2021-09-24
2021-09-24 08:00:00,129.520000,129.690000,129.460010,129.505000,4,2021-09-24
2021-09-24 12:00:00,129.505000,129.710010,129.505000,129.679990,4,2021-09-24
2021-09-24 16:00:00,129.675000,129.770000,129.429990,129.539990,4,2021-09-24
2021-09-24 20:00:00,129.545000,129.630000,129.485000,129.600010,1,2021-09-24
2021-09-27 04:00:00,129.825000,129.850010,129.700000,129.735000,3,2021-09-27
2021-09-27 08:00:00,129.750000,129.870000,129.705000,129.750000,4,2021-09-27
2021-09-27 12:00:00,129.730000,129.750000,129.585010,129.670000,4,2021-09-27
2021-09-27 16:00:00,129.660000,129.820010,129.530000,129.785000,3,2021-09-27
2021-09-27 20:00:00,129.785000,129.940000,129.664990,129.700000,4,2021-09-28
2021-09-28 00:00:00,129.690000,129.920000,129.649990,129.899990,4,2021-09-28
2021-09-28 04:00:00,129.910000,129.940000,129.804990,129.825000,4,2021-09-28
2021-09-28 08:00:00,129.840000,129.870000,129.664990,129.850010,4,2021-09-28
2021-09-28 12:00:00,129.845000,130.140000,129.825000,130.105000,4,2021-09-28
2021-09-28 16:00:00,130.110000,130.155000,129.890000,130.000000,4,2021-09-28
2021-09-28 20:00:00,130.000000,130.365010,129.980000,130.280000,4,2021-09-29
2021-09-29 00:00:00,130.280000,130.375000,129.960010,130.255000,4,2021-09-29
2021-09-29 04:00:00,130.265000,130.360000,130.215000,130.265000,4,2021-09-29
2021-09-29 08:00:00,130.289990,130.475010,130.259990,130.335010,4,2021-09-29
2021-09-29 12:00:00,130.345000,130.405000,130.110000,130.255000,4,2021-09-29
2021-09-29 16:00:00,130.250000,130.315000,129.730000,129.804990,4,2021-09-29
2021-09-29 20:00:00,129.820010,130.009995,129.685000,129.870000,4,2021-09-30
2021-09-30 00:00:00,129.870000,130.039993,129.804990,129.890000,4,2021-09-30
2021-09-30 04:00:00,129.880000,129.965000,129.770000,129.845000,4,2021-09-30
2021-09-30 08:00:00,129.860000,129.899990,129.750000,129.785000,4,2021-09-30
2021-09-30 12:00:00,129.785000,129.950000,129.670000,129.705000,4,2021-09-30
2021-09-30 16:00:00,129.710010,129.965000,129.710010,129.795000,4,2021-09-30
2021-09-30 20:00:00,129.804990,129.804990,129.495000,129.509990,4,2021-10-01
2021-10-01 00:00:00,129.505000,129.679990,128.789990,128.880000,4,2021-10-01
2021-10-01 04:00:00,128.880000,129.070007,128.789990,128.899990,4,2021-10-01
2021-10-01 08:00:00,128.899990,129.054993,128.664990,128.840000,4,2021-10-01
2021-10-01 12:00:00,128.840000,128.865010,128.655000,128.730000,4,2021-10-01
2021-10-01 16:00:00,128.730000,128.929990,128.595000,128.685000,4,2021-10-01
2021-10-01 20:00:00,128.679990,128.830000,128.620000,128.785000,1,2021-10-01
2021-10-04 04:00:00,128.705000,128.705000,128.520000,128.550000,2,2021-10-04
2021-10-04 08:00:00,128.550000,128.884990,128.550000,128.730000,4,2021-10-04
2021-10-04 12:00:00,128.730000,128.855000,128.685000,128.765000,4,2021-10-04
2021-10-04 16:00:00,128.770000,129.175000,128.690000,129.140000,4,2021-10-04
2021-10-04 20:00:00,129.140000,129.380000,129.059998,129.210010,4,2021-10-05
2021-10-05 00:00:00,129.195010,129.370000,128.810000,128.820010,4,2021-10-05
2021-10-05 04:00:00,128.820010,128.980000,128.810000,128.920000,4,2021-10-05
2021-10-05 08:00:00,128.880000,128.970000,128.755000,128.815000,4,2021-10-05
2021-10-05 12:00:00,128.810000,128.980000,128.800000,128.914990,4,2021-10-05
2021-10-05 16:00:00,128.920000,129.044998,128.810000,128.950000,4,2021-10-05
2021-10-05 20:00:00,128.950000,129.110000,128.880000,129.074997,4,2021-10-06
2021-10-06 00:00:00,129.070007,129.395000,128.990010,129.350010,4,2021-10-06
2021-10-06 04:00:00,129.350010,129.350010,129.250000,129.255000,4,2021-10-06
2021-10-06 08:00:00,129.340000,129.435000,129.210010,129.435000,4,2021-10-06
2021-10-06 12:00:00,129.429990,129.495000,129.270000,129.460010,4,2021-10-06
2021-10-06 16:00:00,129.480000,129.509990,128.810000,128.905000,4,2021-10-06
2021-10-06 20:00:00,128.895000,128.895000,128.445010,128.550000,4,2021-10-07
2021-10-07 00:00:00,128.554990,128.640000,128.330000,128.575000,4,2021-10-07
2021-10-07 04:00:00,128.590000,128.810000,128.554990,128.765000,4,2021-10-07
2021-10-07 08:00:00,128.774990,128.795000,128.640000,128.745000,4,2021-10-07
2021-10-07 12:00:00,128.745000,128.870000,128.700000,128.750000,4,2021-10-07
2021-10-07 16:00:00,128.735000,128.914990,128.625000,128.820010,4,2021-10-07
2021-10-07 20:00:00,128.804990,128.935000,128.710010,128.789990,4,2021-10-08
2021-10-08 00:00:00,128.789990,129.000000,128.750000,128.990010,4,2021-10-08
2021-10-08 04:00:00,128.990010,129.039993,128.914990,128.960010,4,2021-10-08
2021-10-08 08:00:00,128.950000,129.170000,128.914990,129.130000,4,2021-10-08
2021-10-08 12:00:00,129.120000,129.300000,129.120000,129.280000,4,2021-10-08
2021-10-08 16:00:00,129.250000,129.384990,129.160000,129.350010,4,2021-10-08
2021-10-08 20:00:00,129.355000,129.435000,129.255000,129.390000,1,2021-10-08
2021-10-11 04:00:00,129.950000,130.000000,129.935000,129.935000,2,2021-10-11
2021-10-11 08:00:00,129.929990,129.990010,129.770000,129.980000,4,2021-10-11
2021-10-11 12:00:00,129.980000,130.429990,129.980000,130.395000,4,2021-10-11
2021-10-11 16:00:00,130.395000,130.725010,130.370000,130.640000,4,2021-10-11
2021-10-11 20:00:00,130.634990,130.995000,130.490010,130.850010,4,2021-10-12
2021-10-12 00:00:00,130.860000,131.230000,130.755000,131.134990,4,2021-10-12
2021-10-12 04:00:00,131.134990,131.134990,130.890000,130.890000,4,2021-10-12
2021-10-12 08:00:00,130.920000,131.110000,130.870000,131.035004,4,2021-10-12
2021-10-12 12:00:00,131.039993,131.080002,130.845000,130.975010,4,2021-10-12
2021-10-12 16:00:00,130.980000,131.164990,130.750000,131.100010,4,2021-10-12
2021-10-12 20:00:00,131.100010,131.259990,130.884990,131.190000,4,2021-10-13
2021-10-13 00:00:00,131.179990,131.280000,130.910000,131.009995,4,2021-10-13
2021-10-13 04:00:00,131.020004,131.074997,130.960010,130.995000,4,2021-10-13
2021-10-13 08:00:00,130.950000,131.039993,130.880000,130.935000,4,2021-10-13
2021-10-13 12:00:00,130.929990,131.120000,130.890000,131.080002,4,2021-10-13
2021-10-13 16:00:00,131.089996,131.285000,131.009995,131.245000,4,2021-10-13
2021-10-13 20:00:00,131.225010,131.375000,131.130000,131.200000,4,2021-10-14
2021-10-14 00:00:00,131.205000,131.360000,131.005005,131.360000,4,2021-10-14
2021-10-14 04:00:00,131.355000,131.470000,131.280000,131.280000,4,2021-10-14
2021-10-14 08:00:00,131.320010,131.509990,131.259990,131.505000,4,2021-10-14
2021-10-14 12:00:00,131.505000,131.685000,131.490010,131.600010,4,2021-10-14
2021-10-14 16:00:00,131.605000,131.800000,131.545000,131.750000,4,2021-10-14
2021-10-14 20:00:00,131.750000,131.789990,131.500000,131.730000,4,2021-10-15
2021-10-15 00:00:00,131.759990,131.789990,131.585010,131.700000,4,2021-10-15
2021-10-15 04:00:00,131.695010,131.870000,131.690000,131.840000,4,2021-10-15
2021-10-15 08:00:00,131.820010,132.070007,131.800000,132.050003,4,2021-10-15
2021-10-15 12:00:00,132.039993,132.325000,131.975010,132.289990,4,2021-10-15
2021-10-15 16:00:00,132.285000,132.645000,132.274990,132.615010,4,2021-10-15
2021-10-15 20:00:00,132.640000,132.785000,132.580000,132.725010,1,2021-10-15
2021-10-18 04:00:00,132.515000,132.515000,132.470000,132.470000,2,2021-10-18
2021-10-18 08:00:00,132.480000,132.690000,132.340000,132.360000,4,2021-10-18
2021-10-18 12:00:00,132.360000,132.570010,132.155000,132.390000,4,2021-10-18
2021-10-18 16:00:00,132.399990,132.565000,132.220000,132.450000,4,2021-10-18
2021-10-18 20:00:00,132.445010,132.695010,132.405000,132.580000,4,2021-10-19
2021-10-19 00:00:00,132.565000,132.795000,132.455000,132.759990,4,2021-10-19
2021-10-19 04:00:00,132.745000,132.759990,132.605000,132.745000,4,2021-10-19
2021-10-19 08:00:00,132.740010,132.875000,132.620000,132.675000,4,2021-10-19
2021-10-19 12:00:00,132.675000,133.035004,132.660000,132.980000,4,2021-10-19
2021-10-19 16:00:00,132.985000,133.039993,132.700000,132.860000,4,2021-10-19
2021-10-19 20:00:00,132.860000,133.200000,132.795000,133.080002,4,2021-10-20
2021-10-20 00:00:00,133.085007,133.190000,132.880000,132.980000,4,2021-10-20
2021-10-20 04:00:00,132.990010,133.100010,132.965000,133.070007,4,2021-10-20
2021-10-20 08:00:00,133.065002,133.405000,133.014999,133.365010,4,2021-10-20
2021-10-20 12:00:00,133.365010,133.480000,133.220000,133.455000,4,2021-10-20
2021-10-20 16:00:00,133.429990,133.490010,132.875000,133.044998,4,2021-10-20
2021-10-20 20:00:00,133.035004,133.160000,132.740010,132.914990,4,2021-10-21
2021-10-21 00:00:00,132.935000,133.190000,132.835010,132.990010,4,2021-10-21
2021-10-21 04:00:00,132.995000,133.225010,132.990010,133.164990,4,2021-10-21
2021-10-21 08:00:00,133.130000,133.335010,133.095001,133.215000,4,2021-10-21
2021-10-21 12:00:00,133.210010,133.370000,132.810000,132.940000,4,2021-10-21
2021-10-21 16:00:00,132.929990,133.005005,132.640000,132.735000,4,2021-10-21
2021-10-21 20:00:00,132.740010,132.870000,132.585010,132.675000,4,2021-10-22
2021-10-22 00:00:00,132.685000,132.705000,132.280000,132.295000,4,2021-10-22
2021-10-22 04:00:00,132.285000,132.550000,132.259990,132.500000,4,2021-10-22
2021-10-22 08:00:00,132.475010,132.664990,132.310000,132.664990,4,2021-10-22
2021-10-22 12:00:00,132.664990,132.804990,132.539990,132.585010,4,2021-10-22
2021-10-22 16:00:00,132.580000,132.795000,132.460010,132.655000,4,2021-10-22
2021-10-22 20:00:00,132.645000,132.685000,132.505000,132.545000,1,2021-10-22
2021-10-25 04:00:00,132.330000,132.370000,132.200000,132.200000,2,2021-10-25
2021-10-25 08:00:00,132.225010,132.470000,132.110000,132.405000,4,2021-10-25
2021-10-25 12:00:00,132.405000,132.605000,132.280000,132.520000,4,2021-10-25
2021-10-25 16:00:00,132.524990,132.605000,132.274990,132.330000,4,2021-10-25
2021-10-25 20:00:00,132.315000,132.345000,131.855000,132.059998,4,2021-10-26
2021-10-26 00:00:00,132.039993,132.110000,131.870000,131.995000,4,2021-10-26
2021-10-26 04:00:00,131.990010,132.065002,131.975010,132.000000,4,2021-10-26
2021-10-26 08:00:00,131.990010,132.125000,131.970000,132.105000,4,2021-10-26
2021-10-26 12:00:00,132.110000,132.235000,132.070007,132.230000,4,2021-10-26
2021-10-26 16:00:00,132.220000,132.375000,132.134990,132.315000,4,2021-10-26
2021-10-26 20:00:00,132.330000,132.679990,132.295000,132.580000,4,2021-10-27
2021-10-27 00:00:00,132.595000,132.649990,132.250000,132.295000,4,2021-10-27
2021-10-27 04:00:00,132.300000,132.425000,132.250000,132.380000,4,2021-10-27
2021-10-27 08:00:00,132.380000,132.485000,132.289990,132.460010,4,2021-10-27
2021-10-27 12:00:00,132.460010,132.524990,132.179990,132.270000,4,2021-10-27
2021-10-27 16:00:00,132.285000,132.410000,131.780000,131.830000,4,2021-10-27
2021-10-27 20:00:00,131.825000,132.195010,131.580000,132.100010,4,2021-10-28
2021-10-28 00:00:00,132.115010,132.205000,131.730000,132.029999,4,2021-10-28
2021-10-28 04:00:00,132.024994,132.195010,131.970000,132.110000,4,2021-10-28
2021-10-28 08:00:00,132.100010,132.125000,131.914990,131.920000,4,2021-10-28
2021-10-28 12:00:00,131.929990,131.965000,131.740010,131.804990,4,2021-10-28
2021-10-28 16:00:00,131.810000,131.985000,131.605000,131.730000,4,2021-10-28
2021-10-28 20:00:00,131.735000,132.270000,131.570010,132.245000,4,2021-10-29
2021-10-29 00:00:00,132.240010,132.535000,131.840000,132.480000,4,2021-10-29
2021-10-29 04:00:00,132.490010,132.715000,132.490010,132.664990,4,2021-10-29
2021-10-29 08:00:00,132.670000,132.920000,132.620000,132.670000,4,2021-10-29
2021-10-29 12:00:00,132.670000,132.750000,132.470000,132.545000,4,2021-10-29
2021-10-29 16:00:00,132.545000,132.679990,132.390000,132.485000,4,2021-10-29
2021-10-29 20:00:00,132.520000,132.554990,132.435000,132.505000,1,2021-10-29
2021-11-01 04:00:00,131.945010,131.945010,131.835010,131.845000,2,2021-11-01
2021-11-01 08:00:00,131.860000,132.059998,131.800000,131.815000,4,2021-11-01
2021-11-01 12:00:00,131.800000,131.995000,131.800000,131.990010,4,2021-11-01
2021-11-01 16:00:00,131.990010,132.405000,131.975010,132.190000,4,2021-11-01
2021-11-01 20:00:00,132.179990,132.270000,132.085007,132.210010,4,2021-11-02
2021-11-02 00:00:00,132.185000,132.450000,132.005005,132.355000,4,2021-11-02
2021-11-02 04:00:00,132.350010,132.365010,132.190000,132.300000,4,2021-11-02
2021-11-02 08:00:00,132.289990,132.399990,132.230000,132.330000,4,2021-11-02
2021-11-02 12:00:00,132.325000,132.355000,131.865010,131.865010,4,2021-11-02
2021-11-02 16:00:00,131.899990,132.020004,131.524990,131.539990,4,2021-11-02
2021-11-02 20:00:00,131.539990,132.110000,131.475010,132.074997,4,2021-11-03
2021-11-03 00:00:00,132.065002,132.120000,131.745000,131.860000,4,2021-11-03
2021-11-03 04:00:00,131.855000,132.039993,131.840000,131.960010,4,2021-11-03
2021-11-03 08:00:00,131.940000,132.014999,131.845000,131.850010,4,2021-11-03
2021-11-03 12:00:00,131.855000,131.960010,131.745000,131.880000,4,2021-11-03
2021-11-03 16:00:00,131.865010,132.009995,131.804990,131.950000,4,2021-11-03
2021-11-03 20:00:00,131.950000,132.020004,131.755000,131.910000,4,2021-11-04
2021-11-04 00:00:00,131.910000,132.164990,131.820010,132.130000,4,2021-11-04
2021-11-04 04:00:00,132.130000,132.425000,131.950000,132.380000,4,2021-11-04
2021-11-04 08:00:00,132.370000,132.560000,132.304990,132.545000,4,2021-11-04
2021-11-04 12:00:00,132.545000,132.580000,132.340000,132.350010,4,2021-11-04
2021-11-04 16:00:00,132.350010,132.370000,131.600010,131.700000,4,2021-11-04
2021-11-04 20:00:00,131.705000,131.804990,131.405000,131.705000,4,2021-11-05
2021-11-05 00:00:00,131.710010,131.810000,131.020004,131.320010,4,2021-11-05
2021-11-05 04:00:00,131.300000,131.490010,131.245000,131.450000,4,2021-11-05
2021-11-05 08:00:00,131.440000,131.560000,131.340000,131.375000,4,2021-11-05
2021-11-05 12:00:00,131.390000,131.390000,131.134990,131.390000,4,2021-11-05
2021-11-05 16:00:00,131.390000,131.600010,131.270000,131.399990,4,2021-11-05
2021-11-05 20:00:00,131.425000,131.425000,131.255000,131.370000,1,2021-11-05
2021-11-08 04:00:00,131.134990,131.145000,131.125000,131.125000,1,2021-11-08
2021-11-08 08:00:00,130.980000,131.380000,130.975010,131.340000,4,2021-11-08
2021-11-08 12:00:00,131.345000,131.380000,131.225010,131.310000,2,2021-11-08
2021-11-08 16:00:00,131.295000,131.440000,131.130000,131.310000,4,2021-11-08
2021-11-08 20:00:00,131.310000,131.380000,131.074997,131.320010,4,2021-11-09
2021-11-09 00:00:00,131.304990,131.350010,130.905000,131.164990,4,2021-11-09
2021-11-09 04:00:00,131.160000,131.259990,131.134990,131.215000,4,2021-11-09
2021-11-09 08:00:00,131.220000,131.270000,131.050003,131.110000,4,2021-11-09
2021-11-09 12:00:00,131.110000,131.145000,130.675000,130.840000,4,2021-11-09
2021-11-09 16:00:00,130.840000,130.980000,130.759990,130.880000,4,2021-11-09
2021-11-09 20:00:00,130.850010,130.929990,130.735000,130.845000,4,2021-11-10
2021-11-10 00:00:00,130.845000,130.985000,130.705000,130.804990,4,2021-11-10
2021-11-10 04:00:00,130.800000,130.899990,130.759990,130.884990,4,2021-11-10
2021-11-10 08:00:00,130.884990,130.955000,130.770000,130.825000,4,2021-11-10
2021-11-10 12:00:00,130.830000,130.910000,130.649990,130.730000,4,2021-11-10
2021-11-10 16:00:00,130.730000,130.914990,130.664990,130.830000,4,2021-11-10
2021-11-10 20:00:00,130.840000,131.134990,130.730000,130.910000,4,2021-11-11
2021-11-11 00:00:00,130.910000,131.429990,130.810000,131.200000,4,2021-11-11
2021-11-11 04:00:00,131.195010,131.235000,130.649990,130.730000,4,2021-11-11
2021-11-11 08:00:00,130.730000,130.935000,130.710010,130.840000,4,2021-11-11
2021-11-11 12:00:00,130.820010,131.000000,130.705000,130.830000,4,2021-11-11
2021-11-11 16:00:00,130.830000,130.895000,130.645000,130.815000,4,2021-11-11
2021-11-11 20:00:00,130.780000,130.855000,130.530000,130.634990,4,2021-11-12
2021-11-12 00:00:00,130.630000,130.800000,130.440000,130.700000,4,2021-11-12
2021-11-12 04:00:00,130.705000,130.725010,130.535000,130.580000,4,2021-11-12
2021-11-12 08:00:00,130.590000,130.740010,130.530000,130.710010,4,2021-11-12
2021-11-12 12:00:00,130.725010,130.740010,130.649990,130.740010,4,2021-11-12
2021-11-12 16:00:00,130.715000,130.785000,130.480000,130.590000,4,2021-11-12
2021-11-12 20:00:00,130.575000,130.634990,130.414990,130.554990,2,2021-11-12
2021-11-15 04:00:00,130.399990,130.399990,130.399990,130.399990,1,2021-11-15
2021-11-15 08:00:00,130.410000,130.495000,130.355000,130.485000,4,2021-11-15
2021-11-15 12:00:00,130.475010,130.505000,130.345000,130.435000,4,2021-11-15
2021-11-15 16:00:00,130.435000,130.610000,130.365010,130.475010,4,2021-11-15
2021-11-15 20:00:00,130.475010,130.480000,130.270000,130.300000,4,2021-11-16
2021-11-16 00:00:00,130.300000,130.440000,130.095001,130.160000,4,2021-11-16
2021-11-16 04:00:00,130.160000,130.160000,129.679990,129.690000,4,2021-11-16
2021-11-16 08:00:00,129.700000,129.929990,129.679990,129.875000,4,2021-11-16
2021-11-16 12:00:00,129.875000,130.080002,129.840000,129.950000,4,2021-11-16
2021-11-16 16:00:00,129.960010,130.039993,129.820010,129.884990,4,2021-11-16
2021-11-16 20:00:00,129.875000,129.965000,129.660000,129.899990,4,2021-11-17
2021-11-17 00:00:00,129.899990,130.115010,129.730000,129.920000,4,2021-11-17
2021-11-17 04:00:00,129.910000,129.929990,129.765000,129.899990,4,2021-11-17
2021-11-17 08:00:00,129.910000,130.080002,129.860000,130.000000,4,2021-11-17
2021-11-17 12:00:00,130.000000,130.035004,129.420000,129.759990,4,2021-11-17
2021-11-17 16:00:00,129.780000,130.029999,129.720000,129.950000,4,2021-11-17
2021-11-17 20:00:00,129.955000,130.000000,129.789990,129.810000,4,2021-11-18
2021-11-18 00:00:00,129.800000,129.815000,129.390000,129.410000,4,2021-11-18
2021-11-18 04:00:00,129.500000,129.509990,129.039993,129.205000,4,2021-11-18
2021-11-18 08:00:00,129.190000,129.340000,129.110000,129.330000,4,2021-11-18
2021-11-18 12:00:00,129.304990,129.304990,129.080002,129.179990,4,2021-11-18
2021-11-18 16:00:00,129.179990,129.440000,129.140000,129.414990,4,2021-11-18
2021-11-18 20:00:00,129.410000,129.585010,129.285000,129.475010,4,2021-11-19
2021-11-19 00:00:00,129.475010,129.830000,129.460010,129.735000,4,2021-11-19
2021-11-19 04:00:00,129.730000,129.955000,129.730000,129.910000,4,2021-11-19
2021-11-19 08:00:00,129.910000,129.990010,129.895000,129.925000,4,2021-11-19
2021-11-19 12:00:00,129.929990,129.929990,129.795000,129.830000,4,2021-11-19
2021-11-19 16:00:00,129.835010,129.875000,129.580000,129.610000,4,2021-11-19
2021-11-19 20:00:00,129.600010,129.630000,128.490010,128.789990,2,2021-11-19
2021-11-22 04:00:00,128.620000,128.645000,128.590000,128.590000,2,2021-11-22
2021-11-22 08:00:00,128.600010,128.759990,128.565000,128.670000,4,2021-11-22
2021-11-22 12:00:00,128.679990,128.884990,128.590000,128.740010,4,2021-11-22
2021-11-22 16:00:00,128.730000,128.804990,128.575000,128.605000,4,2021-11-22
2021-11-22 20:00:00,128.595000,128.895000,128.565000,128.695010,4,2021-11-23
2021-11-23 00:00:00,128.670000,129.325000,128.625000,129.149990,4,2021-11-23
2021-11-23 04:00:00,129.145000,129.220000,129.035004,129.050003,4,2021-11-23
2021-11-23 08:00:00,129.044998,129.164990,128.985000,129.009995,4,2021-11-23
2021-11-23 12:00:00,129.024994,129.390000,128.990010,129.330000,4,2021-11-23
2021-11-23 16:00:00,129.335010,129.380000,128.950000,129.149990,4,2021-11-23
2021-11-23 20:00:00,129.160000,129.370000,129.125000,129.289990,4,2021-11-24
2021-11-24 00:00:00,129.295000,129.605000,129.250000,129.535000,4,2021-11-24
2021-11-24 04:00:00,129.535000,129.565000,129.295000,129.560000,4,2021-11-24
2021-11-24 08:00:00,129.554990,129.585010,129.410000,129.509990,4,2021-11-24
2021-11-24 12:00:00,129.515000,129.565000,129.160000,129.240010,4,2021-11-24
2021-11-24 16:00:00,129.240010,129.315000,129.095001,129.130000,4,2021-11-24
2021-11-24 20:00:00,129.134990,129.289990,128.705000,129.035004,4,2021-11-25
2021-11-25 00:00:00,129.029999,129.325000,128.960010,129.134990,4,2021-11-25
2021-11-25 04:00:00,129.134990,129.330000,129.080002,129.274990,4,2021-11-25
2021-11-25 08:00:00,129.289990,129.399990,129.240010,129.280000,4,2021-11-25
2021-11-25 12:00:00,129.280000,129.429990,129.250000,129.370000,4,2021-11-25
2021-11-25 16:00:00,129.384990,129.500000,129.330000,129.470000,4,2021-11-25
2021-11-25 20:00:00,129.485000,129.545000,129.335010,129.350010,4,2021-11-26
2021-11-26 00:00:00,129.365010,129.465000,129.295000,129.330000,4,2021-11-26
2021-11-26 04:00:00,129.335010,129.384990,129.259990,129.300000,4,2021-11-26
2021-11-26 08:00:00,129.295000,129.355000,128.625000,128.945010,4,2021-11-26
2021-11-26 12:00:00,128.940000,129.059998,128.585010,128.740010,4,2021-11-26
2021-11-26 16:00:00,128.740010,128.780000,128.054993,128.630000,4,2021-11-26
2021-11-26 20:00:00,128.620000,128.780000,128.274990,128.655000,2,2021-11-26
2021-11-29 04:00:00,128.490010,128.750000,128.490010,128.700000,1,2021-11-29
2021-11-29 08:00:00,128.700000,128.705000,128.170000,128.360000,4,2021-11-29
2021-11-29 12:00:00,128.355000,128.414990,128.014999,128.070007,4,2021-11-29
2021-11-29 16:00:00,128.080002,128.095001,127.510000,127.780000,4,2021-11-29
2021-11-29 20:00:00,127.745000,128.315000,127.735000,128.164990,4,2021-11-30
2021-11-30 00:00:00,128.160000,128.365010,127.940000,128.115010,4,2021-11-30
2021-11-30 04:00:00,128.105000,128.270000,128.074997,128.215000,4,2021-11-30
2021-11-30 08:00:00,128.190000,128.605000,128.130000,128.450000,4,2021-11-30
2021-11-30 12:00:00,128.460010,128.570010,128.289990,128.300000,4,2021-11-30
2021-11-30 16:00:00,128.295000,128.320010,127.840000,128.105000,4,2021-11-30
2021-11-30 20:00:00,128.120000,128.360000,128.044998,128.250000,4,2021-12-01
2021-12-01 00:00:00,128.250000,128.390000,127.650000,127.760000,4,2021-12-01
2021-12-01 04:00:00,127.765000,128.205000,127.660000,128.175000,4,2021-12-01
2021-12-01 08:00:00,128.190000,128.490010,128.145000,128.340000,4,2021-12-01
2021-12-01 12:00:00,128.320010,128.620000,128.280000,128.615010,4,2021-12-01
2021-12-01 16:00:00,128.625000,128.789990,128.295000,128.355000,4,2021-12-01
2021-12-01 20:00:00,128.365010,128.605000,128.265000,128.289990,4,2021-12-02
2021-12-02 00:00:00,128.315000,128.350010,127.720000,127.765000,4,2021-12-02
2021-12-02 04:00:00,127.775000,127.845000,127.575000,127.605000,4,2021-12-02
2021-12-02 08:00:00,127.620000,127.900000,127.545000,127.850000,4,2021-12-02
2021-12-02 12:00:00,127.840000,128.210010,127.770000,128.024994,4,2021-12-02
2021-12-02 16:00:00,128.005005,128.235000,127.960000,128.215000,4,2021-12-02
2021-12-02 20:00:00,128.205000,128.235000,127.860000,127.965000,4,2021-12-03
2021-12-03 00:00:00,127.980000,128.130000,127.750000,127.890000,4,2021-12-03
2021-12-03 04:00:00,127.880000,127.990000,127.815000,127.890000,4,2021-12-03
2021-12-03 08:00:00,127.875000,127.965000,127.705000,127.855000,4,2021-12-03
2021-12-03 12:00:00,127.860000,127.920000,127.670000,127.905000,4,2021-12-03
2021-12-03 16:00:00,127.905000,128.220000,127.840000,128.000000,4,2021-12-03
2021-12-03 20:00:00,128.005005,128.145000,127.920000,128.074997,2,2021-12-03
2021-12-06 04:00:00,127.740000,127.760000,127.700000,127.740000,1,2021-12-06
2021-12-06 08:00:00,127.730000,127.825000,127.560000,127.650000,4,2021-12-06
2021-12-06 12:00:00,127.655000,127.690000,127.530000,127.560000,4,2021-12-06
2021-12-06 16:00:00,127.565000,127.825000,127.515000,127.800000,4,2021-12-06
2021-12-06 20:00:00,127.780000,128.014999,127.705000,127.740000,4,2021-12-07
2021-12-07 00:00:00,127.750000,127.990000,127.655000,127.830000,4,2021-12-07
2021-12-07 04:00:00,127.840000,128.095001,127.840000,128.035004,4,2021-12-07
2021-12-07 08:00:00,128.044998,128.115010,127.950000,128.009995,4,2021-12-07
2021-12-07 12:00:00,128.009995,128.340000,127.995000,128.274990,4,2021-12-07
2021-12-07 16:00:00,128.285000,128.480000,128.170000,128.210010,4,2021-12-07
2021-12-07 20:00:00,128.179990,128.210010,127.675000,127.740000,4,2021-12-08
2021-12-08 00:00:00,127.745000,127.905000,127.605000,127.790000,4,2021-12-08
2021-12-08 04:00:00,127.800000,127.995000,127.715000,127.870000,4,2021-12-08
2021-12-08 08:00:00,127.885000,128.050003,127.815000,128.014999,4,2021-12-08
2021-12-08 12:00:00,128.020004,128.220000,127.900000,128.185000,4,2021-12-08
2021-12-08 16:00:00,128.185000,128.240010,127.925000,128.134990,4,2021-12-08
2021-12-08 20:00:00,128.140000,128.509990,127.945000,128.450000,4,2021-12-09
2021-12-09 00:00:00,128.450000,129.175000,128.414990,128.970000,4,2021-12-09
2021-12-09 04:00:00,128.955000,129.100010,128.899990,128.990010,4,2021-12-09
2021-12-09 08:00:00,129.005005,129.080002,128.920000,129.020004,4,2021-12-09
2021-12-09 12:00:00,129.009995,129.039993,128.755000,128.780000,4,2021-12-09
2021-12-09 16:00:00,128.785000,128.830000,128.345000,128.450000,4,2021-12-09
2021-12-09 20:00:00,128.465000,128.590000,128.250000,128.295000,4,2021-12-10
2021-12-10 00:00:00,128.259990,128.399990,127.940000,128.130000,4,2021-12-10
2021-12-10 04:00:00,128.130000,128.295000,128.029999,128.130000,4,2021-12-10
2021-12-10 08:00:00,128.134990,128.190000,128.024994,128.029999,4,2021-12-10
2021-12-10 12:00:00,128.039993,128.355000,127.935000,128.259990,4,2021-12-10
2021-12-10 16:00:00,128.265000,128.345000,128.155000,128.310000,4,2021-12-10
2021-12-10 20:00:00,128.295000,128.295000,128.100010,128.170000,2,2021-12-10
2021-12-13 04:00:00,128.320010,128.320010,128.310000,128.310000,1,2021-12-13
2021-12-13 08:00:00,128.185000,128.465000,128.175000,128.384990,4,2021-12-13
2021-12-13 12:00:00,128.390000,128.450000,128.179990,128.210010,4,2021-12-13
2021-12-13 16:00:00,128.210010,128.304990,128.089996,128.140000,4,2021-12-13
2021-12-13 20:00:00,128.125000,128.230000,128.024994,128.115010,4,2021-12-14
2021-12-14 00:00:00,128.110000,128.320010,128.009995,128.044998,3,2021-12-14
2021-12-14 04:00:00,128.179990,128.230000,128.125000,128.190000,4,2021-12-14
2021-12-14 08:00:00,128.179990,128.255000,128.024994,128.145000,4,2021-12-14
2021-12-14 12:00:00,128.175000,128.255000,127.985000,128.130000,4,2021-12-14
2021-12-14 16:00:00,128.130000,128.320010,128.059998,128.240010,4,2021-12-14
2021-12-14 20:00:00,128.225010,128.605000,128.205000,128.410000,4,2021-12-15
2021-12-15 00:00:00,128.414990,128.530000,128.020004,128.039993,4,2021-12-15
2021-12-15 04:00:00,128.024994,128.190000,128.000000,128.005005,4,2021-12-15
2021-12-15 08:00:00,128.009995,128.210010,127.975000,128.145000,4,2021-12-15
2021-12-15 12:00:00,128.120000,128.179990,128.029999,128.155000,4,2021-12-15
2021-12-15 16:00:00,128.160000,128.230000,128.085007,128.164990,4,2021-12-15
2021-12-15 20:00:00,128.170000,128.350010,128.155000,128.270000,4,2021-12-16
2021-12-16 00:00:00,128.274990,128.370000,128.020004,128.185000,4,2021-12-16
2021-12-16 04:00:00,128.175000,128.800000,128.149990,128.725010,4,2021-12-16
2021-12-16 08:00:00,128.735000,128.955000,128.664990,128.830000,4,2021-12-16
2021-12-16 12:00:00,128.820010,128.870000,128.720000,128.750000,4,2021-12-16
2021-12-16 16:00:00,128.770000,129.155000,128.740010,129.115010,4,2021-12-16
2021-12-16 20:00:00,129.120000,129.475010,128.899990,129.330000,4,2021-12-17
2021-12-17 00:00:00,129.320010,129.634990,128.450000,128.570010,4,2021-12-17
2021-12-17 04:00:00,128.560000,128.845000,128.460010,128.800000,4,2021-12-17
2021-12-17 08:00:00,128.800000,128.990010,128.774990,128.940000,4,2021-12-17
2021-12-17 12:00:00,128.940000,128.965000,128.530000,128.770000,4,2021-12-17
2021-12-17 16:00:00,128.770000,128.920000,128.600010,128.740010,4,2021-12-17
2021-12-17 20:00:00,128.735000,128.770000,128.515000,128.539990,2,2021-12-17
2021-12-20 08:00:00,127.725000,127.820000,127.620000,127.775000,4,2021-12-20
2021-12-20 12:00:00,127.790000,127.815000,127.530000,127.700000,4,2021-12-20
2021-12-20 16:00:00,127.695000,127.880000,127.515000,127.800000,4,2021-12-20
2021-12-20 20:00:00,127.795000,128.175000,127.675000,127.915000,4,2021-12-21
2021-12-21 00:00:00,127.925000,128.310000,127.925000,128.170000,4,2021-12-21
2021-12-21 04:00:00,128.164990,128.289990,128.050003,128.200000,4,2021-12-21
2021-12-21 08:00:00,128.200000,128.220000,128.100010,128.134990,4,2021-12-21
2021-12-21 12:00:00,128.140000,128.320010,128.050003,128.240010,4,2021-12-21
2021-12-21 16:00:00,128.240010,128.440000,128.210010,128.360000,4,2021-12-21
2021-12-21 20:00:00,128.375000,128.465000,128.195010,128.435000,4,2021-12-22
2021-12-22 00:00:00,128.435000,128.649990,128.270000,128.640000,4,2021-12-22
2021-12-22 04:00:00,128.630000,128.770000,128.590000,128.720000,4,2021-12-22
2021-12-22 08:00:00,128.730000,128.855000,128.600010,128.785000,4,2021-12-22
2021-12-22 12:00:00,128.774990,128.875000,128.585010,128.670000,4,2021-12-22
2021-12-22 16:00:00,128.675000,128.884990,128.560000,128.850010,4,2021-12-22
2021-12-22 20:00:00,128.855000,129.185000,128.789990,129.120000,4,2021-12-23
2021-12-23 00:00:00,129.130000,129.509990,129.050003,129.350010,4,2021-12-23
2021-12-23 04:00:00,129.340000,129.445010,129.295000,129.355000,4,2021-12-23
2021-12-23 08:00:00,129.345000,129.490010,129.170000,129.455000,4,2021-12-23
2021-12-23 12:00:00,129.445010,129.460010,129.380000,129.429990,4,2021-12-23
2021-12-23 16:00:00,129.435000,129.545000,129.320010,129.345000,4,2021-12-23
2021-12-23 20:00:00,129.360000,129.524990,129.280000,129.320010,4,2021-12-24
2021-12-24 00:00:00,129.310000,129.590000,129.054993,129.515000,4,2021-12-24
2021-12-24 04:00:00,129.520000,129.745000,129.495000,129.645000,4,2021-12-24
2021-12-24 08:00:00,129.640000,129.700000,129.470000,129.530000,4,2021-12-24
2021-12-24 12:00:00,129.535000,129.580000,129.480000,129.570010,4,2021-12-24
2021-12-24 16:00:00,129.565000,129.725010,129.550000,129.670000,4,2021-12-24
2021-12-24 20:00:00,129.685000,129.774990,129.630000,129.710010,2,2021-12-24
2021-12-27 04:00:00,129.460010,129.460010,129.460010,129.460010,1,2021-12-27
2021-12-27 08:00:00,129.460010,129.530000,129.355000,129.509990,3,2021-12-27
2021-12-27 12:00:00,129.495000,129.600010,129.425000,129.550000,4,2021-12-27
2021-12-27 16:00:00,129.550000,129.820010,129.445010,129.675000,4,2021-12-27
2021-12-27 20:00:00,129.695010,129.835010,129.554990,129.800000,4,2021-12-28
2021-12-28 00:00:00,129.804990,130.140000,129.730000,130.100010,4,2021-12-28
2021-12-28 04:00:00,130.115010,130.160000,130.089996,130.130000,4,2021-12-28
2021-12-28 08:00:00,130.140000,130.240010,130.020004,130.190000,4,2021-12-28
2021-12-28 12:00:00,130.190000,130.190000,130.020004,130.089996,4,2021-12-28
2021-12-28 16:00:00,130.100010,130.160000,129.920000,130.020004,4,2021-12-28
2021-12-28 20:00:00,130.005005,130.215000,129.965000,130.130000,4,2021-12-29
2021-12-29 00:00:00,130.130000,130.195010,129.615010,129.820010,4,2021-12-29
2021-12-29 04:00:00,129.830000,129.890000,129.700000,129.875000,4,2021-12-29
2021-12-29 08:00:00,129.880000,129.914990,129.810000,129.890000,4,2021-12-29
2021-12-29 12:00:00,129.880000,129.895000,129.655000,129.825000,4,2021-12-29
2021-12-29 16:00:00,129.830000,129.914990,129.695010,129.789990,4,2021-12-29
2021-12-29 20:00:00,129.789990,129.970000,129.620000,129.850010,4,2021-12-30
2021-12-30 00:00:00,129.850010,130.539990,129.850010,130.355000,4,2021-12-30
2021-12-30 04:00:00,130.355000,130.500000,130.285000,130.490010,4,2021-12-30
2021-12-30 08:00:00,130.490010,130.590000,130.390000,130.539990,4,2021-12-30
2021-12-30 12:00:00,130.535000,130.560000,130.350010,130.370000,4,2021-12-30
2021-12-30 16:00:00,130.375000,130.399990,130.140000,130.160000,4,2021-12-30
2021-12-30 20:00:00,130.149990,130.520000,130.125000,130.485000,4,2021-12-31
2021-12-31 00:00:00,130.495000,130.550000,130.120000,130.355000,4,2021-12-31
2021-12-31 04:00:00,130.355000,130.390000,130.164990,130.259990,4,2021-12-31
2021-12-31 08:00:00,130.250000,130.350010,130.240010,130.320010,4,2021-12-31
2021-12-31 12:00:00,130.340000,130.340000,130.220000,130.259990,4,2021-12-31
2021-12-31 16:00:00,130.265000,130.360000,130.160000,130.274990,4,2021-12-31
2021-12-31 20:00:00,130.274990,130.480000,130.240010,130.360000,2,2021-12-31
2022-01-03 04:00:00,130.870000,130.870000,130.850010,130.870000,1,2022-01-03
2022-01-03 08:00:00,130.870000,131.009995,130.815000,130.980000,4,2022-01-03
2022-01-03 12:00:00,130.980000,131.009995,130.710010,130.730000,4,2022-01-03
2022-01-03 16:00:00,130.730000,130.865010,130.660000,130.795000,4,2022-01-03
2022-01-03 20:00:00,130.780000,130.815000,130.570010,130.700000,4,2022-01-04
2022-01-04 00:00:00,130.700000,130.740010,130.039993,130.120000,4,2022-01-04
2022-01-04 04:00:00,130.120000,130.320010,130.029999,130.289990,4,2022-01-04
2022-01-04 08:00:00,130.310000,130.500000,130.240010,130.455000,4,2022-01-04
2022-01-04 12:00:00,130.470000,130.880000,130.410000,130.845000,4,2022-01-04
2022-01-04 16:00:00,130.850010,130.910000,130.539990,130.780000,4,2022-01-04
2022-01-04 20:00:00,130.789990,131.190000,130.745000,131.115010,4,2022-01-05
2022-01-05 00:00:00,131.115010,131.470000,131.009995,131.190000,4,2022-01-05
2022-01-05 04:00:00,131.190000,131.255000,130.975010,131.000000,4,2022-01-05
2022-01-05 08:00:00,131.009995,131.179990,131.000000,131.050003,4,2022-01-05
2022-01-05 12:00:00,131.059998,131.110000,130.845000,131.020004,4,2022-01-05
2022-01-05 16:00:00,131.014999,131.160000,130.950000,131.020004,4,2022-01-05
2022-01-05 20:00:00,131.029999,131.095001,130.880000,130.950000,4,2022-01-06
2022-01-06 00:00:00,130.950000,131.410000,130.890000,131.384990,4,2022-01-06
2022-01-06 04:00:00,131.384990,131.610000,131.274990,131.350010,4,2022-01-06
2022-01-06 08:00:00,131.350010,131.435000,131.210010,131.289990,4,2022-01-06
2022-01-06 12:00:00,131.280000,131.285000,131.039993,131.100010,4,2022-01-06
2022-01-06 16:00:00,131.100010,131.160000,130.679990,130.759990,4,2022-01-06
2022-01-06 20:00:00,130.770000,131.255000,130.690000,131.029999,4,2022-01-07
2022-01-07 00:00:00,131.029999,131.220000,130.630000,130.914990,4,2022-01-07
2022-01-07 04:00:00,130.920000,130.945010,130.720000,130.870000,4,2022-01-07
2022-01-07 08:00:00,130.870000,131.059998,130.789990,130.970000,4,2022-01-07
2022-01-07 12:00:00,130.975010,131.029999,130.880000,130.995000,4,2022-01-07
2022-01-07 16:00:00,130.995000,131.059998,130.925000,130.960010,4,2022-01-07
2022-01-07 20:00:00,130.990010,131.125000,130.925000,130.960010,2,2022-01-07
2022-01-10 08:00:00,131.200000,131.380000,131.200000,131.265000,4,2022-01-10
2022-01-10 12:00:00,131.265000,131.350010,131.205000,131.265000,4,2022-01-10
2022-01-10 16:00:00,131.270000,131.289990,131.005005,131.095001,4,2022-01-10
2022-01-10 20:00:00,131.100010,131.190000,130.380000,130.399990,4,2022-01-11
2022-01-11 00:00:00,130.410000,130.554990,130.160000,130.420000,4,2022-01-11
2022-01-11 04:00:00,130.429990,130.570010,130.370000,130.530000,4,2022-01-11
2022-01-11 08:00:00,130.539990,130.730000,130.435000,130.700000,4,2022-01-11
2022-01-11 12:00:00,130.679990,130.880000,130.649990,130.695010,4,2022-01-11
2022-01-11 16:00:00,130.705000,130.895000,130.554990,130.870000,4,2022-01-11
2022-01-11 20:00:00,130.875000,131.000000,130.705000,130.870000,4,2022-01-12
2022-01-12 00:00:00,130.880000,131.190000,130.815000,131.110000,4,2022-01-12
2022-01-12 04:00:00,131.120000,131.210010,131.020004,131.029999,4,2022-01-12
2022-01-12 08:00:00,131.029999,131.175000,131.029999,131.054993,4,2022-01-12
2022-01-12 12:00:00,131.070007,131.259990,130.980000,131.230000,4,2022-01-12
2022-01-12 16:00:00,131.230000,131.240010,131.020004,131.130000,4,2022-01-12
2022-01-12 20:00:00,131.149990,131.179990,131.059998,131.160000,4,2022-01-13
2022-01-13 00:00:00,131.175000,131.480000,131.054993,131.155000,4,2022-01-13
2022-01-13 04:00:00,131.149990,131.164990,130.960010,131.140000,4,2022-01-13
2022-01-13 08:00:00,131.149990,131.250000,131.085007,131.179990,4,2022-01-13
2022-01-13 12:00:00,131.164990,131.210010,131.009995,131.089996,4,2022-01-13
2022-01-13 16:00:00,131.089996,131.355000,131.044998,131.285000,4,2022-01-13
2022-01-13 20:00:00,131.274990,131.445010,131.005005,131.035004,4,2022-01-14
2022-01-14 00:00:00,131.039993,131.179990,130.655000,130.780000,4,2022-01-14
2022-01-14 04:00:00,130.770000,130.870000,130.620000,130.715000,4,2022-01-14
2022-01-14 08:00:00,130.725010,130.870000,130.500000,130.505000,4,2022-01-14
2022-01-14 12:00:00,130.560000,130.690000,130.399990,130.509990,4,2022-01-14
2022-01-14 16:00:00,130.505000,130.600010,130.375000,130.550000,4,2022-01-14
2022-01-14 20:00:00,130.560000,130.615010,130.455000,130.475010,2,2022-01-14
2022-01-17 04:00:00,130.289990,130.289990,130.289990,130.289990,1,2022-01-17
2022-01-17 08:00:00,130.310000,130.495000,130.274990,130.429990,4,2022-01-17
2022-01-17 12:00:00,130.420000,130.700000,130.380000,130.649990,4,2022-01-17
2022-01-17 16:00:00,130.655000,130.810000,130.610000,130.740010,4,2022-01-17
2022-01-17 20:00:00,130.740010,130.820010,130.570010,130.580000,4,2022-01-18
2022-01-18 00:00:00,130.590000,130.750000,130.505000,130.720000,4,2022-01-18
2022-01-18 04:00:00,130.705000,130.830000,130.679990,130.740010,4,2022-01-18
2022-01-18 08:00:00,130.750000,130.804990,130.640000,130.780000,4,2022-01-18
2022-01-18 12:00:00,130.789990,131.185000,130.700000,130.955000,4,2022-01-18
2022-01-18 16:00:00,130.950000,131.050003,130.600010,130.700000,4,2022-01-18
2022-01-18 20:00:00,130.720000,130.725010,130.455000,130.480000,4,2022-01-19
2022-01-19 00:00:00,130.470000,130.500000,129.815000,129.890000,4,2022-01-19
2022-01-19 04:00:00,129.899990,129.914990,129.705000,129.730000,4,2022-01-19
2022-01-19 08:00:00,129.730000,129.945010,129.730000,129.940000,4,2022-01-19
2022-01-19 12:00:00,129.960010,129.980000,129.590000,129.595000,4,2022-01-19
2022-01-19 16:00:00,129.600010,129.770000,129.395000,129.735000,4,2022-01-19
2022-01-19 20:00:00,129.710010,129.990010,129.710010,129.850010,4,2022-01-20
2022-01-20 00:00:00,129.840000,129.935000,129.595000,129.670000,4,2022-01-20
2022-01-20 04:00:00,129.655000,129.750000,129.625000,129.670000,4,2022-01-20
2022-01-20 08:00:00,129.670000,129.825000,129.625000,129.710010,4,2022-01-20
2022-01-20 12:00:00,129.695010,129.920000,129.524990,129.875000,4,2022-01-20
2022-01-20 16:00:00,129.884990,130.089996,129.735000,129.780000,4,2022-01-20
2022-01-20 20:00:00,129.774990,129.789990,129.520000,129.545000,4,2022-01-21
2022-01-21 00:00:00,129.545000,129.634990,129.250000,129.330000,4,2022-01-21
2022-01-21 04:00:00,129.325000,129.380000,129.050003,129.100010,4,2022-01-21
2022-01-21 08:00:00,129.105000,129.140000,128.620000,128.645000,4,2022-01-21
2022-01-21 12:00:00,128.640000,128.905000,128.554990,128.840000,4,2022-01-21
2022-01-21 16:00:00,128.840000,129.274990,128.840000,129.235000,4,2022-01-21
2022-01-21 20:00:00,129.240010,129.310000,129.080002,129.149990,2,2022-01-21
2022-01-24 04:00:00,128.920000,128.920000,128.914990,128.914990,1,2022-01-24
2022-01-24 08:00:00,128.929990,129.100010,128.914990,129.080002,4,2022-01-24
2022-01-24 12:00:00,129.080002,129.164990,128.960010,129.065002,4,2022-01-24
2022-01-24 16:00:00,129.065002,129.100010,128.575000,128.590000,4,2022-01-24
2022-01-24 20:00:00,128.595000,128.795000,128.530000,128.585010,4,2022-01-25
2022-01-25 00:00:00,128.585010,129.080002,128.399990,128.750000,4,2022-01-25
2022-01-25 04:00:00,128.755000,129.070007,128.660000,129.050003,4,2022-01-25
2022-01-25 08:00:00,129.039993,129.210010,128.975010,129.039993,4,2022-01-25
2022-01-25 12:00:00,129.039993,129.054993,128.570010,128.645000,4,2022-01-25
2022-01-25 16:00:00,128.645000,128.830000,128.595000,128.679990,4,2022-01-25
2022-01-25 20:00:00,128.679990,128.840000,128.420000,128.500000,4,2022-01-26
2022-01-26 00:00:00,128.520000,128.610000,128.245000,128.490010,4,2022-01-26
2022-01-26 04:00:00,128.490010,128.780000,128.460010,128.770000,4,2022-01-26
2022-01-26 08:00:00,128.770000,128.795000,128.625000,128.649990,4,2022-01-26
2022-01-26 12:00:00,128.660000,128.804990,128.590000,128.759990,4,2022-01-26
2022-01-26 16:00:00,128.755000,128.920000,128.625000,128.860000,4,2022-01-26
2022-01-26 20:00:00,128.845000,128.905000,128.730000,128.765000,4,2022-01-27
2022-01-27 00:00:00,128.774990,129.125000,128.774990,128.960010,4,2022-01-27
2022-01-27 04:00:00,128.970000,129.235000,128.634990,128.820010,4,2022-01-27
2022-01-27 08:00:00,128.804990,129.020004,128.789990,128.820010,4,2022-01-27
2022-01-27 12:00:00,128.815000,128.850010,128.550000,128.679990,4,2022-01-27
2022-01-27 16:00:00,128.679990,128.789990,128.445010,128.730000,4,2022-01-27
2022-01-27 20:00:00,128.735000,128.965000,128.500000,128.655000,4,2022-01-28
2022-01-28 00:00:00,128.675000,128.825000,128.435000,128.679990,4,2022-01-28
2022-01-28 04:00:00,128.685000,128.685000,128.330000,128.545000,4,2022-01-28
2022-01-28 08:00:00,128.550000,128.720000,128.460010,128.685000,4,2022-01-28
2022-01-28 12:00:00,128.679990,128.765000,128.630000,128.710010,4,2022-01-28
2022-01-28 16:00:00,128.710010,128.835010,128.485000,128.664990,4,2022-01-28
2022-01-28 20:00:00,128.660000,128.800000,128.539990,128.720000,2,2022-01-28
2022-01-31 04:00:00,128.425000,128.460010,128.380000,128.380000,1,2022-01-31
2022-01-31 08:00:00,128.414990,128.715000,128.414990,128.670000,4,2022-01-31
2022-01-31 12:00:00,128.679990,129.000000,128.655000,128.905000,4,2022-01-31
2022-01-31 16:00:00,128.905000,129.080002,128.815000,128.970000,4,2022-01-31
2022-01-31 20:00:00,128.985000,129.105000,128.640000,128.795000,4,2022-02-01
2022-02-01 00:00:00,128.800000,129.395000,128.695010,129.220000,4,2022-02-01
2022-02-01 04:00:00,129.220000,129.380000,129.089996,129.304990,4,2022-02-01
2022-02-01 08:00:00,129.300000,129.390000,129.210010,129.250000,4,2022-02-01
2022-02-01 12:00:00,129.250000,129.289990,129.120000,129.210010,4,2022-02-01
2022-02-01 16:00:00,129.210010,129.539990,129.195010,129.360000,4,2022-02-01
2022-02-01 20:00:00,129.350010,129.355000,129.085007,129.145000,4,2022-02-02
2022-02-02 00:00:00,129.149990,129.384990,128.950000,129.000000,4,2022-02-02
2022-02-02 04:00:00,129.000000,129.310000,128.870000,129.230000,4,2022-02-02
2022-02-02 08:00:00,129.240010,129.370000,129.220000,129.259990,4,2022-02-02
2022-02-02 12:00:00,129.259990,129.410000,129.225010,129.390000,4,2022-02-02
2022-02-02 16:00:00,129.390000,129.410000,129.190000,129.310000,4,2022-02-02
2022-02-02 20:00:00,129.310000,129.460010,129.050003,129.375000,4,2022-02-03
2022-02-03 00:00:00,129.370000,129.480000,129.089996,129.190000,4,2022-02-03
2022-02-03 04:00:00,129.259990,129.440000,129.240010,129.405000,4,2022-02-03
2022-02-03 08:00:00,129.395000,129.420000,129.190000,129.289990,4,2022-02-03
2022-02-03 12:00:00,129.300000,129.429990,129.190000,129.345000,4,2022-02-03
2022-02-03 16:00:00,129.355000,129.590000,129.310000,129.524990,4,2022-02-03
2022-02-03 20:00:00,129.530000,129.810000,129.395000,129.679990,4,2022-02-04
2022-02-04 00:00:00,129.670000,131.500000,129.570010,131.265000,4,2022-02-04
2022-02-04 04:00:00,131.259990,131.539990,131.215000,131.380000,4,2022-02-04
2022-02-04 08:00:00,131.390000,131.595000,131.360000,131.590000,4,2022-02-04
2022-02-04 12:00:00,131.585010,131.835010,131.455000,131.730000,4,2022-02-04
2022-02-04 16:00:00,131.730000,132.024994,131.640000,131.895000,4,2022-02-04
2022-02-04 20:00:00,131.899990,131.929990,131.600010,131.780000,2,2022-02-04
2022-02-07 04:00:00,131.920000,132.185000,131.910000,132.149990,1,2022-02-07
2022-02-07 08:00:00,132.149990,132.200000,131.855000,131.990010,4,2022-02-07
2022-02-07 12:00:00,131.990010,132.000000,131.705000,131.860000,4,2022-02-07
2022-02-07 16:00:00,131.860000,131.950000,131.550000,131.615010,4,2022-02-07
2022-02-07 20:00:00,131.600010,131.730000,131.259990,131.660000,4,2022-02-08
2022-02-08 00:00:00,131.664990,131.759990,131.414990,131.605000,4,2022-02-08
2022-02-08 04:00:00,131.590000,131.690000,131.440000,131.679990,4,2022-02-08
2022-02-08 08:00:00,131.660000,131.940000,131.585010,131.925000,4,2022-02-08
2022-02-08 12:00:00,131.929990,132.000000,131.800000,131.830000,4,2022-02-08
2022-02-08 16:00:00,131.830000,131.935000,131.480000,131.580000,4,2022-02-08
2022-02-08 20:00:00,131.590000,131.825000,131.480000,131.730000,4,2022-02-09
2022-02-09 00:00:00,131.735000,132.039993,131.630000,131.990010,4,2022-02-09
2022-02-09 04:00:00,131.990010,132.044998,131.800000,131.935000,4,2022-02-09
2022-02-09 08:00:00,131.940000,132.029999,131.810000,131.875000,4,2022-02-09
2022-02-09 12:00:00,131.855000,131.955000,131.759990,131.940000,4,2022-02-09
2022-02-09 16:00:00,131.940000,131.970000,131.620000,131.830000,4,2022-02-09
2022-02-09 20:00:00,131.820010,132.120000,131.765000,132.050003,4,2022-02-10
2022-02-10 00:00:00,132.029999,132.149990,131.895000,132.009995,4,2022-02-10
2022-02-10 04:00:00,132.009995,132.089996,131.899990,131.980000,4,2022-02-10
2022-02-10 08:00:00,131.990010,132.050003,131.940000,131.970000,4,2022-02-10
2022-02-10 12:00:00,131.960010,132.149990,131.860000,132.110000,4,2022-02-10
2022-02-10 16:00:00,132.120000,132.179990,132.029999,132.130000,4,2022-02-10
2022-02-10 20:00:00,132.134990,132.605000,132.115010,132.399990,4,2022-02-11
2022-02-11 00:00:00,132.405000,133.140000,132.200000,133.070007,4,2022-02-11
2022-02-11 04:00:00,133.080002,133.149990,132.634990,132.660000,4,2022-02-11
2022-02-11 08:00:00,132.649990,132.685000,132.200000,132.320010,4,2022-02-11
2022-02-11 12:00:00,132.310000,132.350010,132.095001,132.179990,4,2022-02-11
2022-02-11 16:00:00,132.170000,132.259990,131.890000,132.215000,4,2022-02-11
2022-02-11 20:00:00,132.230000,132.270000,132.100010,132.250000,2,2022-02-11
2022-02-14 04:00:00,130.940000,130.940000,130.675000,130.700000,1,2022-02-14
2022-02-14 08:00:00,130.695010,131.395000,130.550000,131.115010,4,2022-02-14
2022-02-14 12:00:00,131.130000,131.304990,130.880000,131.039993,4,2022-02-14
2022-02-14 16:00:00,131.039993,131.074997,130.100010,130.200000,4,2022-02-14
2022-02-14 20:00:00,130.185000,130.929990,130.054993,130.789990,4,2022-02-15
2022-02-15 00:00:00,130.780000,130.870000,130.550000,130.840000,4,2022-02-15
2022-02-15 04:00:00,130.845000,130.845000,130.215000,130.585010,4,2022-02-15
2022-02-15 08:00:00,130.580000,130.720000,130.485000,130.485000,4,2022-02-15
2022-02-15 12:00:00,130.505000,130.670000,130.429990,130.630000,4,2022-02-15
2022-02-15 16:00:00,130.620000,131.179990,130.445010,131.138000,4,2022-02-15
2022-02-15 20:00:00,131.141010,131.317000,130.950000,131.151990,4,2022-02-16
2022-02-16 00:00:00,131.151000,131.537990,131.070007,131.390000,4,2022-02-16
2022-02-16 04:00:00,131.395000,131.420000,131.230000,131.340000,4,2022-02-16
2022-02-16 08:00:00,131.330000,131.429990,131.199010,131.383000,4,2022-02-16
2022-02-16 12:00:00,131.384000,131.406010,131.210010,131.272000,4,2022-02-16
2022-02-16 16:00:00,131.270000,131.907000,131.230000,131.800990,4,2022-02-16
2022-02-16 20:00:00,131.802000,131.817990,131.465000,131.495000,4,2022-02-17
2022-02-17 00:00:00,131.515000,131.585010,131.115010,131.355000,4,2022-02-17
2022-02-17 04:00:00,131.360000,131.539990,131.274990,131.380000,4,2022-02-17
2022-02-17 08:00:00,131.380000,131.420000,131.140000,131.384990,4,2022-02-17
2022-02-17 12:00:00,131.390000,131.500000,130.425000,130.745000,4,2022-02-17
2022-02-17 16:00:00,130.735000,131.300000,130.610000,130.740010,4,2022-02-17
2022-02-17 20:00:00,130.725010,130.910000,130.399990,130.845000,4,2022-02-18
2022-02-18 00:00:00,130.845000,130.960010,130.429990,130.730000,4,2022-02-18
2022-02-18 04:00:00,130.725010,130.780000,130.520000,130.545000,4,2022-02-18
2022-02-18 08:00:00,130.539990,130.634990,130.399990,130.545000,4,2022-02-18
2022-02-18 12:00:00,130.550000,131.000000,130.550000,130.899990,4,2022-02-18
2022-02-18 16:00:00,130.890000,131.125000,130.820010,131.050003,4,2022-02-18
2022-02-18 20:00:00,131.029999,131.059998,130.860000,130.860000,2,2022-02-18
2022-02-21 04:00:00,130.044998,130.044998,129.985000,130.005005,1,2022-02-21
2022-02-21 08:00:00,130.005005,130.450000,129.965000,130.414990,4,2022-02-21
2022-02-21 12:00:00,130.414990,130.679990,130.285000,130.649990,4,2022-02-21
2022-02-21 16:00:00,130.655000,130.890000,130.445010,130.535000,4,2022-02-21
2022-02-21 20:00:00,130.530000,130.615010,130.170000,130.195010,4,2022-02-22
2022-02-22 00:00:00,130.210010,130.345000,130.014999,130.250000,4,2022-02-22
2022-02-22 04:00:00,130.265000,130.320010,129.755000,129.890000,4,2022-02-22
2022-02-22 08:00:00,129.899990,129.980000,129.355000,129.820010,4,2022-02-22
2022-02-22 12:00:00,129.810000,129.820010,129.375000,129.605000,4,2022-02-22
2022-02-22 16:00:00,129.595000,130.134990,129.450000,130.120000,4,2022-02-22
2022-02-22 20:00:00,130.110000,130.740010,129.895000,130.625000,4,2022-02-23
2022-02-23 00:00:00,130.630000,130.770000,130.310000,130.390000,4,2022-02-23
2022-02-23 04:00:00,130.370000,130.539990,130.160000,130.270000,4,2022-02-23
2022-02-23 08:00:00,130.265000,130.455000,130.265000,130.365010,4,2022-02-23
2022-02-23 12:00:00,130.360000,130.460010,130.225010,130.289990,4,2022-02-23
2022-02-23 16:00:00,130.300000,130.664990,130.145000,130.660000,4,2022-02-23
2022-02-23 20:00:00,130.660000,130.700000,130.480000,130.495000,4,2022-02-24
2022-02-24 00:00:00,130.480000,130.679990,130.100010,130.274990,4,2022-02-24
2022-02-24 04:00:00,130.250000,130.274990,129.945010,130.020004,4,2022-02-24
2022-02-24 08:00:00,130.024994,130.095001,129.539990,129.539990,4,2022-02-24
2022-02-24 12:00:00,129.590000,130.005005,128.370000,128.965000,4,2022-02-24
2022-02-24 16:00:00,128.945010,129.179990,128.505000,128.884990,4,2022-02-24
2022-02-24 20:00:00,128.890000,129.089996,127.920000,128.230000,4,2022-02-25
2022-02-25 00:00:00,128.240010,128.815000,128.140000,128.740010,4,2022-02-25
2022-02-25 04:00:00,128.755000,129.710010,128.520000,129.460010,4,2022-02-25
2022-02-25 08:00:00,129.470000,129.580000,129.250000,129.365010,4,2022-02-25
2022-02-25 12:00:00,129.380000,129.420000,129.130000,129.270000,4,2022-02-25
2022-02-25 16:00:00,129.259990,129.399990,128.725010,128.890000,4,2022-02-25
2022-02-25 20:00:00,128.895000,129.024994,128.810000,129.009995,2,2022-02-25
2022-02-28 04:00:00,128.664990,128.705000,128.195010,128.270000,1,2022-02-28
2022-02-28 08:00:00,128.280000,129.410000,128.059998,129.210010,4,2022-02-28
2022-02-28 12:00:00,129.270000,129.280000,128.700000,128.815000,4,2022-02-28
2022-02-28 16:00:00,128.820010,129.380000,128.750000,129.190000,4,2022-02-28
2022-02-28 20:00:00,129.195010,129.780000,129.050003,129.330000,4,2022-03-01
2022-03-01 00:00:00,129.300000,129.649990,129.110000,129.240010,4,2022-03-01
2022-03-01 04:00:00,129.215000,129.215000,128.759990,128.860000,4,2022-03-01
2022-03-01 08:00:00,128.880000,129.250000,128.835010,129.160000,4,2022-03-01
2022-03-01 12:00:00,129.170000,129.190000,128.870000,128.920000,4,2022-03-01
2022-03-01 16:00:00,128.920000,129.200000,128.770000,129.029999,4,2022-03-01
2022-03-01 20:00:00,129.029999,129.059998,128.120000,128.149990,4,2022-03-02
2022-03-02 00:00:00,128.155000,128.370000,127.520000,127.580000,4,2022-03-02
2022-03-02 04:00:00,127.560000,127.910000,127.370000,127.810000,4,2022-03-02
2022-03-02 08:00:00,127.800000,127.980000,127.690000,127.955000,4,2022-03-02
2022-03-02 12:00:00,127.955000,128.100010,127.805000,127.965000,4,2022-03-02
2022-03-02 16:00:00,127.960000,127.990000,127.615000,127.690000,4,2022-03-02
2022-03-02 20:00:00,127.705000,128.200000,127.330000,128.175000,4,2022-03-03
2022-03-03 00:00:00,128.160000,128.774990,127.730000,128.340000,4,2022-03-03
2022-03-03 04:00:00,128.350010,128.679990,128.110000,128.539990,4,2022-03-03
2022-03-03 08:00:00,128.539990,128.590000,128.245000,128.350010,4,2022-03-03
2022-03-03 12:00:00,128.350010,128.470000,128.220000,128.375000,4,2022-03-03
2022-03-03 16:00:00,128.370000,128.509990,128.230000,128.350010,4,2022-03-03
2022-03-03 20:00:00,128.330000,128.410000,128.149990,128.164990,4,2022-03-04
2022-03-04 00:00:00,128.155000,128.304990,127.590000,127.855000,4,2022-03-04
2022-03-04 04:00:00,127.855000,127.995000,127.600000,127.710000,4,2022-03-04
2022-03-04 08:00:00,127.710000,127.825000,126.940000,127.095001,4,2022-03-04
2022-03-04 12:00:00,127.110000,127.630000,127.059998,127.390000,4,2022-03-04
2022-03-04 16:00:00,127.400000,127.470000,127.019997,127.089996,4,2022-03-04
2022-03-04 20:00:00,127.070000,127.250000,126.890000,126.900000,2,2022-03-04
2022-03-07 04:00:00,125.640000,125.680000,125.450000,125.520000,2,2022-03-07
2022-03-07 08:00:00,125.520000,125.635000,124.810000,124.970000,4,2022-03-07
2022-03-07 12:00:00,124.950000,125.089996,124.410000,125.004997,4,2022-03-07
2022-03-07 16:00:00,124.990000,125.365000,124.780000,124.885000,4,2022-03-07
2022-03-07 20:00:00,124.885000,125.850000,124.400000,125.490000,4,2022-03-08
2022-03-08 00:00:00,125.500000,125.930000,125.230000,125.340000,4,2022-03-08
2022-03-08 04:00:00,125.340000,125.730000,125.050003,125.290000,4,2022-03-08
2022-03-08 08:00:00,125.305000,125.400000,125.099998,125.340000,4,2022-03-08
2022-03-08 12:00:00,125.350000,125.645000,125.300000,125.500000,4,2022-03-08
2022-03-08 16:00:00,125.500000,126.210000,125.220000,125.920000,4,2022-03-08
2022-03-08 20:00:00,125.920000,126.310000,125.630000,126.215000,4,2022-03-09
2022-03-09 00:00:00,126.200000,126.340000,125.570000,125.820000,4,2022-03-09
2022-03-09 04:00:00,125.845000,126.735000,125.810000,126.160000,4,2022-03-09
2022-03-09 08:00:00,126.130000,126.430000,126.000000,126.430000,4,2022-03-09
2022-03-09 12:00:00,126.420000,126.560000,126.330000,126.445000,4,2022-03-09
2022-03-09 16:00:00,126.450000,126.840000,126.310000,126.815000,4,2022-03-09
2022-03-09 20:00:00,126.830000,127.360000,126.740000,127.255000,4,2022-03-10
2022-03-10 00:00:00,127.260000,128.435000,127.230000,128.285000,4,2022-03-10
2022-03-10 04:00:00,128.259990,128.460010,128.130000,128.185000,4,2022-03-10
2022-03-10 08:00:00,128.195010,128.390000,128.110000,128.190000,4,2022-03-10
2022-03-10 12:00:00,128.200000,128.490010,128.115010,128.390000,4,2022-03-10
2022-03-10 16:00:00,128.390000,128.435000,127.790000,127.855000,4,2022-03-10
2022-03-10 20:00:00,127.850000,128.870000,127.850000,128.640000,4,2022-03-11
2022-03-11 00:00:00,128.655000,128.725010,127.430000,127.750000,4,2022-03-11
2022-03-11 04:00:00,127.740000,127.785000,127.460000,127.460000,4,2022-03-11
2022-03-11 08:00:00,127.470000,128.035004,127.470000,127.940000,4,2022-03-11
2022-03-11 12:00:00,127.930000,128.335010,127.700000,128.220000,4,2022-03-11
2022-03-11 16:00:00,128.230000,128.570010,128.130000,128.435000,4,2022-03-11
2022-03-11 20:00:00,128.414990,128.500000,128.225010,128.330000,2,2022-03-11
2022-03-14 04:00:00,128.000000,128.425000,128.000000,128.185000,2,2022-03-14
2022-03-14 08:00:00,128.175000,128.620000,128.050003,128.450000,4,2022-03-14
2022-03-14 12:00:00,128.480000,128.610000,128.370000,128.435000,4,2022-03-14
2022-03-14 16:00:00,128.440000,129.039993,128.440000,129.000000,4,2022-03-14
2022-03-14 20:00:00,128.985000,129.580000,128.980000,129.195010,4,2022-03-15
2022-03-15 00:00:00,129.190000,129.710010,129.039993,129.455000,4,2022-03-15
2022-03-15 04:00:00,129.470000,129.535000,129.270000,129.320010,4,2022-03-15
2022-03-15 08:00:00,129.280000,129.509990,129.240010,129.450000,4,2022-03-15
2022-03-15 12:00:00,129.435000,130.024994,129.435000,130.009995,4,2022-03-15
2022-03-15 16:00:00,130.000000,130.029999,129.345000,129.620000,4,2022-03-15
2022-03-15 20:00:00,129.630000,129.875000,129.445010,129.670000,4,2022-03-16
2022-03-16 00:00:00,129.679990,129.840000,129.410000,129.570010,4,2022-03-16
2022-03-16 04:00:00,129.590000,129.630000,129.315000,129.605000,4,2022-03-16
2022-03-16 08:00:00,129.570010,129.860000,129.535000,129.740010,4,2022-03-16
2022-03-16 12:00:00,129.759990,129.810000,129.610000,129.690000,4,2022-03-16
2022-03-16 16:00:00,129.670000,130.210010,129.630000,130.039993,4,2022-03-16
2022-03-16 20:00:00,130.044998,130.315000,129.875000,130.020004,4,2022-03-17
2022-03-17 00:00:00,130.029999,130.575000,129.955000,130.455000,4,2022-03-17
2022-03-17 04:00:00,130.445010,131.115010,130.220000,131.024994,4,2022-03-17
2022-03-17 08:00:00,131.035004,131.524990,130.890000,131.384990,4,2022-03-17
2022-03-17 12:00:00,131.384990,131.429990,130.875000,131.029999,4,2022-03-17
2022-03-17 16:00:00,131.035004,131.399990,130.855000,131.179990,4,2022-03-17
2022-03-17 20:00:00,131.170000,131.300000,130.720000,131.220000,4,2022-03-18
2022-03-18 00:00:00,131.210010,131.830000,131.205000,131.800000,4,2022-03-18
2022-03-18 04:00:00,131.810000,131.920000,131.509990,131.530000,4,2022-03-18
2022-03-18 08:00:00,131.530000,131.905000,131.429990,131.740010,4,2022-03-18
2022-03-18 12:00:00,131.759990,131.800000,131.545000,131.545000,4,2022-03-18
2022-03-18 16:00:00,131.570010,131.890000,131.370000,131.560000,4,2022-03-18
2022-03-18 20:00:00,131.565000,131.634990,131.440000,131.495000,1,2022-03-18
2022-03-21 08:00:00,131.774990,131.810000,131.570010,131.640000,4,2022-03-21
2022-03-21 12:00:00,131.640000,131.745000,131.595000,131.660000,4,2022-03-21
2022-03-21 16:00:00,131.660000,131.914990,131.610000,131.789990,4,2022-03-21
2022-03-21 20:00:00,131.820010,131.985000,131.380000,131.550000,4,2022-03-22
2022-03-22 00:00:00,131.550000,131.740010,131.429990,131.690000,4,2022-03-22
2022-03-22 04:00:00,131.690000,131.759990,131.535000,131.610000,4,2022-03-22
2022-03-22 08:00:00,131.610000,131.940000,131.590000,131.770000,4,2022-03-22
2022-03-22 12:00:00,131.780000,132.340000,131.710010,132.230000,4,2022-03-22
2022-03-22 16:00:00,132.240010,132.610000,132.044998,132.600010,4,2022-03-22
2022-03-22 20:00:00,132.610000,133.335010,132.550000,132.800000,4,2022-03-23
2022-03-23 00:00:00,132.800000,133.310000,132.750000,132.950000,4,2022-03-23
2022-03-23 04:00:00,132.955000,133.310000,132.925000,133.259990,4,2022-03-23
2022-03-23 08:00:00,133.230000,133.875000,133.190000,133.539990,4,2022-03-23
2022-03-23 12:00:00,133.550000,133.655000,133.240010,133.515000,4,2022-03-23
2022-03-23 16:00:00,133.520000,133.700000,133.149990,133.170000,4,2022-03-23
2022-03-23 20:00:00,133.200000,133.325000,132.509990,132.630000,4,2022-03-24
2022-03-24 00:00:00,132.634990,133.235000,132.325000,133.200000,4,2022-03-24
2022-03-24 04:00:00,133.220000,133.405000,133.115010,133.320010,4,2022-03-24
2022-03-24 08:00:00,133.330000,133.470000,133.100010,133.110000,4,2022-03-24
2022-03-24 12:00:00,133.120000,133.285000,132.950000,133.170000,4,2022-03-24
2022-03-24 16:00:00,133.164990,133.690000,133.110000,133.520000,4,2022-03-24
2022-03-24 20:00:00,133.515000,133.780000,133.399990,133.630000,4,2022-03-25
2022-03-25 00:00:00,133.615010,134.515000,133.600010,134.460010,4,2022-03-25
2022-03-25 04:00:00,134.450000,134.620000,134.330000,134.539990,4,2022-03-25
2022-03-25 08:00:00,134.520000,134.750000,134.270000,134.370000,4,2022-03-25
2022-03-25 12:00:00,134.370000,134.590000,133.730000,133.995000,4,2022-03-25
2022-03-25 16:00:00,134.009995,134.460010,133.759990,133.870000,4,2022-03-25
2022-03-25 20:00:00,133.850010,133.980000,133.750000,133.860000,1,2022-03-25
2022-03-28 04:00:00,134.039993,134.120000,133.975010,134.110000,2,2022-03-28
2022-03-28 08:00:00,134.105000,134.365010,134.009995,134.100010,4,2022-03-28
2022-03-28 12:00:00,134.089996,134.880000,134.059998,134.789990,4,2022-03-28
2022-03-28 16:00:00,134.789990,137.539990,134.759990,137.039993,4,2022-03-28
2022-03-28 20:00:00,137.050003,137.050003,135.205000,135.480000,4,2022-03-29
2022-03-29 00:00:00,135.500000,135.875000,135.220000,135.670000,4,2022-03-29
2022-03-29 04:00:00,135.670000,136.160000,135.550000,136.140000,4,2022-03-29
2022-03-29 08:00:00,136.065002,136.524990,135.550000,136.210010,4,2022-03-29
2022-03-29 12:00:00,136.235000,136.270000,135.300000,135.520000,4,2022-03-29
2022-03-29 16:00:00,135.550000,136.340000,135.485000,135.899990,4,2022-03-29
2022-03-29 20:00:00,135.910000,137.300000,135.815000,136.429990,4,2022-03-30
2022-03-30 00:00:00,136.445010,136.750000,135.710010,135.899990,4,2022-03-30
2022-03-30 04:00:00,135.910000,136.370000,135.884990,136.220000,4,2022-03-30
2022-03-30 08:00:00,136.210010,136.679990,135.830000,135.940000,4,2022-03-30
2022-03-30 12:00:00,135.935000,135.980000,134.890000,135.440000,4,2022-03-30
2022-03-30 16:00:00,135.440000,135.759990,135.240010,135.670000,4,2022-03-30
2022-03-30 20:00:00,135.679990,136.070007,135.380000,135.560000,4,2022-03-31
2022-03-31 00:00:00,135.560000,136.295000,135.505000,136.000000,4,2022-03-31
2022-03-31 04:00:00,136.000000,136.014999,135.840000,135.929990,4,2022-03-31
2022-03-31 08:00:00,135.899990,136.774990,135.899990,136.675000,4,2022-03-31
2022-03-31 12:00:00,136.649990,136.840000,136.295000,136.425000,4,2022-03-31
2022-03-31 16:00:00,136.429990,136.470000,135.414990,135.980000,4,2022-03-31
2022-03-31 20:00:00,135.980000,135.980000,134.910000,135.029999,4,2022-04-01
2022-04-01 00:00:00,135.029999,135.145000,134.679990,134.710010,4,2022-04-01
2022-04-01 04:00:00,134.710010,134.860000,134.515000,134.690000,4,2022-04-01
2022-04-01 08:00:00,134.660000,135.210010,134.620000,135.130000,4,2022-04-01
2022-04-01 12:00:00,135.160000,135.810000,135.100010,135.649990,4,2022-04-01
2022-04-01 16:00:00,135.649990,135.830000,135.175000,135.580000,4,2022-04-01
2022-04-01 20:00:00,135.545000,135.545000,135.120000,135.390000,1,2022-04-01
2022-04-04 04:00:00,135.235000,135.425000,135.235000,135.289990,3,2022-04-04
2022-04-04 08:00:00,135.300000,135.524990,135.134990,135.435000,4,2022-04-04
2022-04-04 12:00:00,135.429990,135.640000,135.399990,135.570010,4,2022-04-04
2022-04-04 16:00:00,135.554990,135.690000,134.940000,134.945010,4,2022-04-04
2022-04-04 20:00:00,134.955000,135.170000,134.750000,134.940000,4,2022-04-05
2022-04-05 00:00:00,134.945010,135.080002,134.610000,134.630000,4,2022-04-05
2022-04-05 04:00:00,134.610000,134.804990,134.570010,134.755000,4,2022-04-05
2022-04-05 08:00:00,134.740010,134.825000,134.340000,134.429990,4,2022-04-05
2022-04-05 12:00:00,134.429990,134.485000,134.300000,134.365010,4,2022-04-05
2022-04-05 16:00:00,134.365010,135.120000,134.330000,134.840000,4,2022-04-05
2022-04-05 20:00:00,134.850010,134.929990,134.580000,134.750000,4,2022-04-06
2022-04-06 00:00:00,134.730000,135.014999,134.660000,134.929990,4,2022-04-06
2022-04-06 04:00:00,134.940000,134.940000,134.720000,134.804990,4,2022-04-06
2022-04-06 08:00:00,134.804990,135.070007,134.759990,134.985000,4,2022-04-06
2022-04-06 12:00:00,134.990010,135.160000,134.789990,134.910000,4,2022-04-06
2022-04-06 16:00:00,134.925000,135.304990,134.804990,135.149990,4,2022-04-06
2022-04-06 20:00:00,135.149990,135.480000,135.095001,135.170000,4,2022-04-07
2022-04-07 00:00:00,135.195010,135.274990,134.899990,134.945010,4,2022-04-07
2022-04-07 04:00:00,134.960010,135.070007,134.770000,134.910000,4,2022-04-07
2022-04-07 08:00:00,134.905000,135.054993,134.660000,134.870000,4,2022-04-07
2022-04-07 12:00:00,134.875000,135.059998,134.840000,135.009995,4,2022-04-07
2022-04-07 16:00:00,135.020004,135.200000,134.435000,134.759990,4,2022-04-07
2022-04-07 20:00:00,134.759990,135.505000,134.755000,135.270000,4,2022-04-08
2022-04-08 00:00:00,135.274990,135.370000,134.759990,134.910000,4,2022-04-08
2022-04-08 04:00:00,134.920000,134.995000,134.735000,134.860000,4,2022-04-08
2022-04-08 08:00:00,134.890000,135.100010,134.350010,134.524990,4,2022-04-08
2022-04-08 12:00:00,134.524990,134.725010,134.500000,134.725010,4,2022-04-08
2022-04-08 16:00:00,134.715000,134.990010,134.615010,134.880000,4,2022-04-08
2022-04-08 20:00:00,134.875000,135.164990,134.795000,135.089996,1,2022-04-08
2022-04-11 04:00:00,135.965000,136.035004,135.330000,135.539990,3,2022-04-11
2022-04-11 08:00:00,135.509990,136.035004,135.280000,135.850010,4,2022-04-11
2022-04-11 12:00:00,135.860000,136.190000,135.800000,136.170000,4,2022-04-11
2022-04-11 16:00:00,136.155000,137.000000,136.095001,136.929990,4,2022-04-11
2022-04-11 20:00:00,136.950000,137.130000,136.485000,136.630000,4,2022-04-12
2022-04-12 00:00:00,136.605000,136.825000,136.509990,136.660000,4,2022-04-12
2022-04-12 04:00:00,136.660000,136.725010,136.380000,136.524990,4,2022-04-12
2022-04-12 08:00:00,136.530000,136.649990,136.210010,136.340000,4,2022-04-12
2022-04-12 12:00:00,136.330000,136.539990,136.220000,136.440000,4,2022-04-12
2022-04-12 16:00:00,136.410000,136.634990,136.295000,136.590000,4,2022-04-12
2022-04-12 20:00:00,136.590000,136.590000,135.929990,136.190000,4,2022-04-13
2022-04-13 00:00:00,136.190000,136.330000,135.580000,135.605000,4,2022-04-13
2022-04-13 04:00:00,135.620000,135.810000,135.539990,135.780000,4,2022-04-13
2022-04-13 08:00:00,135.740010,136.029999,135.720000,136.029999,4,2022-04-13
2022-04-13 12:00:00,136.020004,136.205000,135.980000,136.205000,4,2022-04-13
2022-04-13 16:00:00,136.205000,136.759990,136.160000,136.575000,4,2022-04-13
2022-04-13 20:00:00,136.580000,136.600010,135.940000,136.105000,4,2022-04-14
2022-04-14 00:00:00,136.100010,136.710010,136.100010,136.595000,4,2022-04-14
2022-04-14 04:00:00,136.595000,136.920000,136.570010,136.870000,4,2022-04-14
2022-04-14 08:00:00,136.850010,136.895000,136.455000,136.625000,4,2022-04-14
2022-04-14 12:00:00,136.640000,136.865010,136.465000,136.830000,4,2022-04-14
2022-04-14 16:00:00,136.850010,136.950000,136.429990,136.830000,4,2022-04-14
2022-04-14 20:00:00,136.840000,136.905000,135.535000,135.675000,4,2022-04-15
2022-04-15 00:00:00,135.670000,136.380000,135.610000,136.350010,4,2022-04-15
2022-04-15 04:00:00,136.340000,136.505000,136.280000,136.355000,4,2022-04-15
2022-04-15 08:00:00,136.350010,136.789990,136.289990,136.715000,4,2022-04-15
2022-04-15 12:00:00,136.705000,136.750000,136.500000,136.615010,4,2022-04-15
2022-04-15 16:00:00,136.625000,136.920000,136.580000,136.780000,4,2022-04-15
2022-04-15 20:00:00,136.815000,136.815000,136.615010,136.675000,1,2022-04-15
2022-04-18 04:00:00,136.535000,136.700000,136.480000,136.634990,3,2022-04-18
2022-04-18 08:00:00,136.640000,137.020004,136.470000,136.660000,4,2022-04-18
2022-04-18 12:00:00,136.679990,136.800000,136.585010,136.715000,4,2022-04-18
2022-04-18 16:00:00,136.710010,136.780000,136.560000,136.679990,4,2022-04-18
2022-04-18 20:00:00,136.655000,136.880000,136.630000,136.735000,4,2022-04-19
2022-04-19 00:00:00,136.735000,136.895000,136.649990,136.890000,4,2022-04-19
2022-04-19 04:00:00,136.884990,137.005005,136.820010,136.995000,4,2022-04-19
2022-04-19 08:00:00,136.985000,137.470000,136.945010,137.410000,4,2022-04-19
2022-04-19 12:00:00,137.429990,138.149990,137.370000,138.070007,4,2022-04-19
2022-04-19 16:00:00,138.050003,138.845000,137.855000,138.590000,4,2022-04-19
2022-04-19 20:00:00,138.590000,139.059998,138.300000,139.050003,4,2022-04-20
2022-04-20 00:00:00,139.050003,139.100010,138.679990,138.980000,4,2022-04-20
2022-04-20 04:00:00,138.970000,139.149990,138.850010,139.130000,4,2022-04-20
2022-04-20 08:00:00,139.110000,139.690000,139.100010,139.300000,4,2022-04-20
2022-04-20 12:00:00,139.300000,139.445010,138.560000,139.210010,4,2022-04-20
2022-04-20 16:00:00,139.195010,139.295000,138.679990,139.009995,4,2022-04-20
2022-04-20 20:00:00,139.000000,139.009995,138.399990,138.670000,4,2022-04-21
2022-04-21 00:00:00,138.675000,138.770000,138.445010,138.620000,4,2022-04-21
2022-04-21 04:00:00,138.620000,138.914990,138.530000,138.860000,4,2022-04-21
2022-04-21 08:00:00,138.865010,139.270000,138.740010,139.130000,4,2022-04-21
2022-04-21 12:00:00,139.140000,139.265000,138.910000,139.070007,4,2022-04-21
2022-04-21 16:00:00,139.065002,140.024994,139.029999,139.789990,4,2022-04-21
2022-04-21 20:00:00,139.785000,139.795000,139.350010,139.640000,4,2022-04-22
2022-04-22 00:00:00,139.634990,139.645000,138.990010,139.024994,4,2022-04-22
2022-04-22 04:00:00,139.039993,139.210010,138.920000,139.149990,4,2022-04-22
2022-04-22 08:00:00,139.134990,139.490010,138.995000,139.460010,4,2022-04-22
2022-04-22 12:00:00,139.465000,139.480000,138.710010,138.755000,4,2022-04-22
2022-04-22 16:00:00,138.735000,138.850010,138.250000,138.785000,4,2022-04-22
2022-04-22 20:00:00,138.780000,138.940000,138.649990,138.940000,1,2022-04-22
2022-04-25 04:00:00,139.395000,139.405000,138.840000,138.860000,3,2022-04-25
2022-04-25 08:00:00,138.895000,139.195010,138.590000,138.695010,4,2022-04-25
2022-04-25 12:00:00,138.705000,138.730000,138.235000,138.450000,4,2022-04-25
2022-04-25 16:00:00,138.455000,138.480000,137.179990,137.575000,4,2022-04-25
2022-04-25 20:00:00,137.595000,138.005005,136.855000,136.895000,4,2022-04-26
2022-04-26 00:00:00,136.914990,137.179990,136.480000,136.970000,4,2022-04-26
2022-04-26 04:00:00,136.960010,137.350010,136.920000,137.300000,4,2022-04-26
2022-04-26 08:00:00,137.340000,137.350010,136.560000,136.780000,4,2022-04-26
2022-04-26 12:00:00,136.795000,137.539990,136.695010,137.325000,4,2022-04-26
2022-04-26 16:00:00,137.330000,137.365010,136.460010,136.605000,4,2022-04-26
2022-04-26 20:00:00,136.600010,136.670000,135.605000,135.770000,4,2022-04-27
2022-04-27 00:00:00,135.750000,136.005005,135.390000,135.840000,4,2022-04-27
2022-04-27 04:00:00,135.840000,135.899990,135.310000,135.345000,4,2022-04-27
2022-04-27 08:00:00,135.330000,135.820010,135.085007,135.720000,4,2022-04-27
2022-04-27 12:00:00,135.720000,136.120000,135.640000,136.029999,4,2022-04-27
2022-04-27 16:00:00,136.065002,136.145000,135.310000,135.759990,4,2022-04-27
2022-04-27 20:00:00,135.770000,135.920000,134.980000,135.164990,4,2022-04-28
2022-04-28 00:00:00,135.175000,135.664990,134.780000,135.554990,4,2022-04-28
2022-04-28 04:00:00,135.565000,135.664990,135.429990,135.620000,4,2022-04-28
2022-04-28 08:00:00,135.625000,135.985000,135.420000,135.745000,4,2022-04-28
2022-04-28 12:00:00,135.745000,136.780000,135.515000,136.705000,4,2022-04-28
2022-04-28 16:00:00,136.649990,138.000000,136.590000,137.384990,4,2022-04-28
2022-04-28 20:00:00,137.384990,137.520000,136.820010,137.520000,4,2022-04-29
2022-04-29 00:00:00,137.570010,137.940000,137.399990,137.660000,4,2022-04-29
2022-04-29 04:00:00,137.660000,137.670000,137.304990,137.405000,4,2022-04-29
2022-04-29 08:00:00,137.390000,137.495000,137.259990,137.450000,4,2022-04-29
2022-04-29 12:00:00,137.460010,137.560000,137.230000,137.390000,4,2022-04-29
2022-04-29 16:00:00,137.375000,137.980000,137.029999,137.830000,4,2022-04-29
2022-04-29 20:00:00,137.840000,137.840000,137.410000,137.429990,1,2022-04-29
2022-05-02 04:00:00,136.810000,137.005005,136.800000,136.995000,2,2022-05-02
2022-05-02 08:00:00,136.995000,137.360000,136.715000,137.024994,4,2022-05-02
2022-05-02 12:00:00,137.020004,137.185000,136.845000,137.105000,4,2022-05-02
2022-05-02 16:00:00,137.105000,137.620000,136.580000,136.710010,4,2022-05-02
2022-05-02 20:00:00,136.705000,137.005005,136.535000,136.965000,4,2022-05-03
2022-05-03 00:00:00,137.009995,137.179990,136.560000,136.605000,4,2022-05-03
2022-05-03 04:00:00,136.605000,136.840000,136.500000,136.815000,4,2022-05-03
2022-05-03 08:00:00,136.825000,136.880000,136.630000,136.730000,4,2022-05-03
2022-05-03 12:00:00,136.730000,136.870000,136.600010,136.759990,4,2022-05-03
2022-05-03 16:00:00,136.740010,137.100010,136.539990,136.820010,4,2022-05-03
2022-05-03 20:00:00,136.825000,137.370000,136.585010,137.089996,4,2022-05-04
2022-05-04 00:00:00,137.089996,137.240010,136.840000,136.995000,4,2022-05-04
2022-05-04 04:00:00,136.995000,137.054993,136.870000,136.960010,4,2022-05-04
2022-05-04 08:00:00,136.935000,137.059998,136.870000,137.000000,4,2022-05-04
2022-05-04 12:00:00,136.995000,137.009995,136.789990,136.820010,4,2022-05-04
2022-05-04 16:00:00,136.825000,136.990010,136.730000,136.830000,4,2022-05-04
2022-05-04 20:00:00,136.835010,137.134990,136.690000,136.990010,4,2022-05-05
2022-05-05 00:00:00,136.990010,137.265000,136.910000,137.095001,4,2022-05-05
2022-05-05 04:00:00,137.134990,137.410000,136.595000,137.240010,4,2022-05-05
2022-05-05 08:00:00,137.220000,137.524990,136.840000,136.970000,4,2022-05-05
2022-05-05 12:00:00,136.970000,137.370000,136.950000,137.285000,4,2022-05-05
2022-05-05 16:00:00,137.265000,137.570010,137.160000,137.450000,4,2022-05-05
2022-05-05 20:00:00,137.429990,137.550000,136.910000,137.500000,4,2022-05-06
2022-05-06 00:00:00,137.509990,137.509990,136.899990,137.080002,4,2022-05-06
2022-05-06 04:00:00,137.080002,137.310000,136.980000,137.250000,4,2022-05-06
2022-05-06 08:00:00,137.259990,137.645000,137.200000,137.645000,4,2022-05-06
2022-05-06 12:00:00,137.640000,137.655000,137.425000,137.515000,4,2022-05-06
2022-05-06 16:00:00,137.515000,138.020004,136.830000,137.955000,4,2022-05-06
2022-05-06 20:00:00,137.929990,138.130000,137.870000,137.965000,1,2022-05-06
2022-05-09 04:00:00,137.745000,137.765000,137.590000,137.660000,1,2022-05-09
2022-05-09 08:00:00,137.664990,137.899990,137.509990,137.630000,4,2022-05-09
2022-05-09 12:00:00,137.640000,137.785000,137.485000,137.670000,4,2022-05-09
2022-05-09 16:00:00,137.679990,138.145000,137.664990,138.110000,4,2022-05-09
2022-05-09 20:00:00,138.100010,138.330000,137.795000,137.810000,4,2022-05-10
2022-05-10 00:00:00,137.785000,137.975010,137.059998,137.685000,4,2022-05-10
2022-05-10 04:00:00,137.670000,137.789990,137.470000,137.640000,4,2022-05-10
2022-05-10 08:00:00,137.660000,137.835010,137.105000,137.595000,4,2022-05-10
2022-05-10 12:00:00,137.610000,138.080002,137.610000,137.890000,4,2022-05-10
2022-05-10 16:00:00,137.910000,137.920000,137.160000,137.210010,4,2022-05-10
2022-05-10 20:00:00,137.240010,137.524990,137.054993,137.134990,4,2022-05-11
2022-05-11 00:00:00,137.149990,137.420000,137.035004,137.340000,4,2022-05-11
2022-05-11 04:00:00,137.350010,137.414990,137.270000,137.360000,4,2022-05-11
2022-05-11 08:00:00,137.375000,137.390000,137.195010,137.350010,4,2022-05-11
2022-05-11 12:00:00,137.335010,137.495000,137.235000,137.480000,4,2022-05-11
2022-05-11 16:00:00,137.470000,137.495000,136.920000,137.065002,4,2022-05-11
2022-05-11 20:00:00,137.050003,137.700000,136.745000,137.550000,4,2022-05-12
2022-05-12 00:00:00,137.550000,137.630000,136.185000,136.265000,4,2022-05-12
2022-05-12 04:00:00,136.255000,136.830000,136.255000,136.664990,4,2022-05-12
2022-05-12 08:00:00,136.670000,136.745000,136.100010,136.670000,4,2022-05-12
2022-05-12 12:00:00,136.649990,136.725010,136.074997,136.120000,4,2022-05-12
2022-05-12 16:00:00,136.145000,136.255000,134.005005,134.230000,4,2022-05-12
2022-05-12 20:00:00,134.240010,134.485000,132.664990,133.070007,4,2022-05-13
2022-05-13 00:00:00,133.065002,133.705000,132.700000,133.029999,4,2022-05-13
2022-05-13 04:00:00,133.029999,133.340000,132.800000,133.340000,4,2022-05-13
2022-05-13 08:00:00,133.315000,134.295000,133.210010,133.955000,4,2022-05-13
2022-05-13 12:00:00,133.960010,134.250000,133.825000,133.995000,4,2022-05-13
2022-05-13 16:00:00,134.000000,134.259990,133.550000,133.649990,4,2022-05-13
2022-05-13 20:00:00,133.664990,133.970000,133.660000,133.970000,1,2022-05-13
2022-05-16 04:00:00,134.384990,134.649990,134.384990,134.530000,1,2022-05-16
2022-05-16 08:00:00,134.560000,134.910000,134.225010,134.340000,4,2022-05-16
2022-05-16 12:00:00,134.330000,134.330000,133.759990,134.179990,4,2022-05-16
2022-05-16 16:00:00,134.179990,135.044998,134.020004,134.705000,4,2022-05-16
2022-05-16 20:00:00,134.715000,135.059998,134.195010,134.310000,4,2022-05-17
2022-05-17 00:00:00,134.310000,134.770000,134.140000,134.770000,4,2022-05-17
2022-05-17 04:00:00,134.770000,134.950000,134.605000,134.705000,4,2022-05-17
2022-05-17 08:00:00,134.710010,135.130000,134.500000,135.105000,4,2022-05-17
2022-05-17 12:00:00,135.105000,135.230000,134.830000,135.130000,4,2022-05-17
2022-05-17 16:00:00,135.140000,135.770000,135.044998,135.414990,4,2022-05-17
2022-05-17 20:00:00,135.429990,136.700000,135.420000,136.590000,4,2022-05-18
2022-05-18 00:00:00,136.595000,136.630000,135.985000,136.370000,4,2022-05-18
2022-05-18 04:00:00,136.365010,136.539990,136.070007,136.490010,4,2022-05-18
2022-05-18 08:00:00,136.495000,136.675000,136.020004,136.190000,4,2022-05-18
2022-05-18 12:00:00,136.210010,136.220000,135.765000,136.105000,4,2022-05-18
2022-05-18 16:00:00,136.089996,136.089996,135.565000,135.929990,4,2022-05-18
2022-05-18 20:00:00,135.910000,135.965000,135.235000,135.235000,4,2022-05-19
2022-05-19 00:00:00,135.235000,135.370000,134.130000,134.200000,4,2022-05-19
2022-05-19 04:00:00,134.200000,134.399990,134.074997,134.255000,4,2022-05-19
2022-05-19 08:00:00,134.255000,134.910000,133.950000,134.715000,4,2022-05-19
2022-05-19 12:00:00,134.710010,135.460010,134.690000,134.880000,4,2022-05-19
2022-05-19 16:00:00,134.870000,134.980000,133.929990,133.990010,4,2022-05-19
2022-05-19 20:00:00,133.990010,134.660000,133.950000,134.300000,4,2022-05-20
2022-05-20 00:00:00,134.304990,135.390000,134.300000,135.340000,4,2022-05-20
2022-05-20 04:00:00,135.360000,135.435000,135.160000,135.225010,4,2022-05-20
2022-05-20 08:00:00,135.240010,135.600010,135.020004,135.460010,4,2022-05-20
2022-05-20 12:00:00,135.470000,135.480000,134.750000,135.295000,4,2022-05-20
2022-05-20 16:00:00,135.304990,135.765000,135.014999,135.720000,4,2022-05-20
2022-05-20 20:00:00,135.700000,135.789990,135.485000,135.560000,1,2022-05-20
2022-05-23 04:00:00,135.160000,135.160000,135.000000,135.000000,1,2022-05-23
2022-05-23 08:00:00,135.029999,135.500000,134.789990,134.865010,4,2022-05-23
2022-05-23 12:00:00,134.870000,135.630000,134.660000,135.460010,4,2022-05-23
2022-05-23 16:00:00,135.460010,136.300000,135.164990,136.164990,4,2022-05-23
2022-05-23 20:00:00,136.170000,136.220000,135.795000,136.070007,4,2022-05-24
2022-05-24 00:00:00,136.059998,136.600010,135.855000,136.580000,4,2022-05-24
2022-05-24 04:00:00,136.580000,136.810000,136.509990,136.720000,4,2022-05-24
2022-05-24 08:00:00,136.750000,136.750000,136.230000,136.509990,4,2022-05-24
2022-05-24 12:00:00,136.509990,136.520000,136.020004,136.145000,4,2022-05-24
2022-05-24 16:00:00,136.149990,136.785000,136.070007,136.420000,4,2022-05-24
2022-05-24 20:00:00,136.410000,136.720000,135.720000,135.995000,4,2022-05-25
2022-05-25 00:00:00,136.005005,136.110000,135.550000,136.044998,4,2022-05-25
2022-05-25 04:00:00,136.029999,136.240010,135.895000,136.149990,4,2022-05-25
2022-05-25 08:00:00,136.164990,136.240010,135.840000,135.929990,4,2022-05-25
2022-05-25 12:00:00,135.940000,136.210010,135.860000,136.009995,4,2022-05-25
2022-05-25 16:00:00,136.020004,136.059998,135.420000,135.720000,4,2022-05-25
2022-05-25 20:00:00,135.710010,135.759990,135.009995,135.670000,4,2022-05-26
2022-05-26 00:00:00,135.690000,136.080002,135.590000,135.985000,4,2022-05-26
2022-05-26 04:00:00,136.000000,136.160000,135.804990,135.920000,4,2022-05-26
2022-05-26 08:00:00,135.920000,136.545000,135.865010,136.050003,4,2022-05-26
2022-05-26 12:00:00,136.059998,136.410000,135.810000,135.840000,4,2022-05-26
2022-05-26 16:00:00,135.880000,135.945010,135.240010,135.770000,4,2022-05-26
2022-05-26 20:00:00,135.774990,136.300000,135.610000,136.190000,4,2022-05-27
2022-05-27 00:00:00,136.210010,136.634990,136.140000,136.350010,4,2022-05-27
2022-05-27 04:00:00,136.350010,136.429990,136.179990,136.425000,4,2022-05-27
2022-05-27 08:00:00,136.390000,136.590000,136.210010,136.460010,4,2022-05-27
2022-05-27 12:00:00,136.460010,136.505000,136.250000,136.370000,4,2022-05-27
2022-05-27 16:00:00,136.370000,136.725010,136.160000,136.164990,4,2022-05-27
2022-05-27 20:00:00,136.160000,136.190000,135.965000,135.965000,1,2022-05-27
2022-05-30 04:00:00,136.440000,136.475010,136.330000,136.450000,1,2022-05-30
2022-05-30 08:00:00,136.460010,136.640000,136.270000,136.460010,4,2022-05-30
2022-05-30 12:00:00,136.465000,136.655000,136.365010,136.610000,4,2022-05-30
2022-05-30 16:00:00,136.610000,137.170000,136.595000,137.044998,4,2022-05-30
2022-05-30 20:00:00,137.044998,137.590000,136.910000,137.580000,4,2022-05-31
2022-05-31 00:00:00,137.570010,137.670000,137.380000,137.545000,4,2022-05-31
2022-05-31 04:00:00,137.545000,137.585010,137.440000,137.565000,4,2022-05-31
2022-05-31 08:00:00,137.570010,137.975010,137.429990,137.789990,4,2022-05-31
2022-05-31 12:00:00,137.785000,137.850010,137.380000,137.440000,4,2022-05-31
2022-05-31 16:00:00,137.435000,137.550000,137.029999,137.179990,4,2022-05-31
2022-05-31 20:00:00,137.210010,137.965000,136.804990,137.890000,4,2022-06-01
2022-06-01 00:00:00,137.870000,138.140000,137.679990,138.130000,4,2022-06-01
2022-06-01 04:00:00,138.120000,138.240010,138.009995,138.134990,4,2022-06-01
2022-06-01 08:00:00,138.149990,138.460010,138.095001,138.355000,4,2022-06-01
2022-06-01 12:00:00,138.370000,138.515000,138.235000,138.410000,4,2022-06-01
2022-06-01 16:00:00,138.390000,138.990010,138.335010,138.750000,4,2022-06-01
2022-06-01 20:00:00,138.750000,138.914990,138.395000,138.539990,4,2022-06-02
2022-06-02 00:00:00,138.460010,138.700000,138.215000,138.640000,4,2022-06-02
2022-06-02 04:00:00,138.640000,138.765000,138.545000,138.649990,4,2022-06-02
2022-06-02 08:00:00,138.640000,138.740010,138.410000,138.495000,4,2022-06-02
2022-06-02 12:00:00,138.509990,138.705000,138.390000,138.580000,4,2022-06-02
2022-06-02 16:00:00,138.600010,138.960010,138.520000,138.705000,4,2022-06-02
2022-06-02 20:00:00,138.690000,139.044998,138.509990,139.039993,4,2022-06-03
2022-06-03 00:00:00,139.029999,139.570010,138.990010,139.520000,4,2022-06-03
2022-06-03 04:00:00,139.515000,139.620000,139.450000,139.590000,4,2022-06-03
2022-06-03 08:00:00,139.620000,139.780000,139.475010,139.615010,4,2022-06-03
2022-06-03 12:00:00,139.620000,139.750000,139.520000,139.615010,4,2022-06-03
2022-06-03 16:00:00,139.634990,139.860000,139.539990,139.810000,4,2022-06-03
2022-06-03 20:00:00,139.785000,139.840000,139.690000,139.774990,1,2022-06-03
2022-06-06 04:00:00,140.350010,140.370000,140.230000,140.355000,1,2022-06-06
2022-06-06 08:00:00,140.365010,140.405000,139.850010,139.940000,4,2022-06-06
2022-06-06 12:00:00,139.929990,140.310000,139.865010,140.120000,4,2022-06-06
2022-06-06 16:00:00,140.140000,140.630000,139.914990,140.460010,4,2022-06-06
2022-06-06 20:00:00,140.440000,140.485000,140.089996,140.295000,4,2022-06-07
2022-06-07 00:00:00,140.295000,141.050003,140.280000,141.044998,4,2022-06-07
2022-06-07 04:00:00,141.050003,141.155000,140.950000,141.080002,4,2022-06-07
2022-06-07 08:00:00,141.059998,141.730000,141.039993,141.634990,4,2022-06-07
2022-06-07 12:00:00,141.640000,142.070007,141.470000,141.855000,4,2022-06-07
2022-06-07 16:00:00,141.875000,142.005005,141.634990,141.670000,4,2022-06-07
2022-06-07 20:00:00,141.679990,141.825000,141.395000,141.675000,4,2022-06-08
2022-06-08 00:00:00,141.675000,141.960010,141.539990,141.745000,4,2022-06-08
2022-06-08 04:00:00,141.750000,142.065002,141.750000,142.000000,4,2022-06-08
2022-06-08 08:00:00,141.970000,142.365010,141.970000,142.259990,4,2022-06-08
2022-06-08 12:00:00,142.270000,142.384990,141.995000,142.370000,4,2022-06-08
2022-06-08 16:00:00,142.370000,143.240010,142.155000,143.190000,4,2022-06-08
2022-06-08 20:00:00,143.205000,144.245000,143.190000,144.029999,4,2022-06-09
2022-06-09 00:00:00,144.054993,144.130000,143.509990,143.750000,4,2022-06-09
2022-06-09 04:00:00,143.745000,143.920000,143.660000,143.880000,4,2022-06-09
2022-06-09 08:00:00,143.870000,144.179990,143.690000,143.920000,4,2022-06-09
2022-06-09 12:00:00,143.905000,144.070007,143.310000,143.445010,4,2022-06-09
2022-06-09 16:00:00,143.465000,143.520000,142.720000,143.029999,4,2022-06-09
2022-06-09 20:00:00,143.039993,144.080002,142.685000,142.890000,4,2022-06-10
2022-06-10 00:00:00,142.890000,143.160000,142.350010,142.710010,4,2022-06-10
2022-06-10 04:00:00,142.685000,142.855000,142.545000,142.710010,4,2022-06-10
2022-06-10 08:00:00,142.730000,142.800000,142.285000,142.545000,4,2022-06-10
2022-06-10 12:00:00,142.545000,142.705000,142.179990,142.205000,4,2022-06-10
2022-06-10 16:00:00,142.195010,142.455000,141.774990,141.825000,4,2022-06-10
2022-06-10 20:00:00,141.825000,141.935000,141.600010,141.710010,1,2022-06-10
2022-06-13 04:00:00,141.304990,141.384990,141.274990,141.355000,1,2022-06-13
2022-06-13 08:00:00,141.360000,141.700000,141.235000,141.390000,4,2022-06-13
2022-06-13 12:00:00,141.384990,141.750000,141.315000,141.475010,4,2022-06-13
2022-06-13 16:00:00,141.485000,141.485000,140.554990,140.759990,4,2022-06-13
2022-06-13 20:00:00,140.745000,140.905000,139.480000,139.530000,4,2022-06-14
2022-06-14 00:00:00,139.500000,140.230000,139.395000,140.085007,4,2022-06-14
2022-06-14 04:00:00,140.074997,140.300000,139.825000,139.899990,4,2022-06-14
2022-06-14 08:00:00,139.910000,140.014999,139.495000,139.705000,4,2022-06-14
2022-06-14 12:00:00,139.690000,140.590000,139.664990,140.580000,4,2022-06-14
2022-06-14 16:00:00,140.530000,140.780000,140.039993,140.039993,4,2022-06-14
2022-06-14 20:00:00,140.054993,140.759990,139.880000,140.335010,4,2022-06-15
2022-06-15 00:00:00,140.345000,140.745000,140.020004,140.590000,4,2022-06-15
2022-06-15 04:00:00,140.580000,141.230000,140.550000,141.210010,4,2022-06-15
2022-06-15 08:00:00,141.210010,141.270000,140.720000,141.185000,4,2022-06-15
2022-06-15 12:00:00,141.179990,141.390000,140.615010,141.089996,4,2022-06-15
2022-06-15 16:00:00,141.100010,141.495000,140.820010,141.059998,4,2022-06-15
2022-06-15 20:00:00,141.070007,141.070007,140.089996,140.310000,4,2022-06-16
2022-06-16 00:00:00,140.310000,140.310000,139.585010,139.765000,4,2022-06-16
2022-06-16 04:00:00,139.750000,140.120000,139.535000,139.815000,4,2022-06-16
2022-06-16 08:00:00,139.804990,140.605000,139.804990,140.470000,4,2022-06-16
2022-06-16 12:00:00,140.465000,140.575000,140.014999,140.050003,4,2022-06-16
2022-06-16 16:00:00,140.029999,140.155000,137.865010,138.289990,4,2022-06-16
2022-06-16 20:00:00,138.335010,138.940000,137.925000,138.675000,4,2022-06-17
2022-06-17 00:00:00,138.664990,139.965000,138.405000,139.740010,4,2022-06-17
2022-06-17 04:00:00,139.740010,139.804990,139.295000,139.660000,4,2022-06-17
2022-06-17 08:00:00,139.620000,140.554990,139.465000,140.485000,4,2022-06-17
2022-06-17 12:00:00,140.485000,141.690000,140.310000,141.054993,4,2022-06-17
2022-06-17 16:00:00,141.029999,141.970000,140.679990,141.750000,4,2022-06-17
2022-06-17 20:00:00,141.755000,141.929990,141.620000,141.679990,1,2022-06-17
2022-06-20 04:00:00,141.335010,141.710010,141.335010,141.605000,1,2022-06-20
2022-06-20 08:00:00,141.600010,142.054993,141.515000,141.570010,4,2022-06-20
2022-06-20 12:00:00,141.560000,142.185000,141.460010,142.185000,4,2022-06-20
2022-06-20 16:00:00,142.175000,142.220000,141.515000,141.995000,4,2022-06-20
2022-06-20 20:00:00,141.990010,142.164990,141.825000,142.080002,4,2022-06-21
2022-06-21 00:00:00,142.085007,142.360000,141.929990,141.960010,4,2022-06-21
2022-06-21 04:00:00,141.975010,142.044998,141.855000,142.000000,4,2022-06-21
2022-06-21 08:00:00,141.990010,142.405000,141.980000,142.350010,4,2022-06-21
2022-06-21 12:00:00,142.360000,142.445010,141.960010,142.065002,4,2022-06-21
2022-06-21 16:00:00,142.035004,143.200000,141.995000,143.115010,4,2022-06-21
2022-06-21 20:00:00,143.125000,143.884990,142.884990,143.780000,4,2022-06-22
2022-06-22 00:00:00,143.785000,143.884990,143.475010,143.765000,4,2022-06-22
2022-06-22 04:00:00,143.774990,144.005005,143.655000,143.980000,4,2022-06-22
2022-06-22 08:00:00,143.990010,144.024994,142.935000,143.105000,4,2022-06-22
2022-06-22 12:00:00,143.105000,143.250000,142.884990,142.990010,4,2022-06-22
2022-06-22 16:00:00,142.985000,143.435000,142.690000,143.050003,4,2022-06-22
2022-06-22 20:00:00,143.050003,143.595000,142.855000,143.450000,4,2022-06-23
2022-06-23 00:00:00,143.455000,144.170000,143.330000,144.035004,4,2022-06-23
2022-06-23 04:00:00,144.035004,144.255000,143.825000,143.870000,4,2022-06-23
2022-06-23 08:00:00,143.895000,143.990010,143.380000,143.405000,4,2022-06-23
2022-06-23 12:00:00,143.405000,143.530000,142.880000,143.250000,4,2022-06-23
2022-06-23 16:00:00,143.289990,143.679990,141.914990,142.365010,4,2022-06-23
2022-06-23 20:00:00,142.365010,142.610000,141.420000,141.610000,4,2022-06-24
2022-06-24 00:00:00,141.630000,141.884990,141.445010,141.830000,4,2022-06-24
2022-06-24 04:00:00,141.830000,142.179990,141.810000,142.000000,4,2022-06-24
2022-06-24 08:00:00,142.039993,142.230000,141.700000,141.925000,4,2022-06-24
2022-06-24 12:00:00,141.940000,142.134990,141.745000,141.955000,4,2022-06-24
2022-06-24 16:00:00,141.955000,142.509990,141.414990,142.490010,4,2022-06-24
2022-06-24 20:00:00,142.480000,142.600010,142.315000,142.365010,1,2022-06-24
2022-06-27 04:00:00,142.685000,142.705000,142.585010,142.649990,1,2022-06-27
2022-06-27 08:00:00,142.675000,142.965000,142.050003,142.170000,4,2022-06-27
2022-06-27 12:00:00,142.230000,142.505000,142.170000,142.445010,4,2022-06-27
2022-06-27 16:00:00,142.420000,143.044998,142.420000,142.914990,4,2022-06-27
2022-06-27 20:00:00,142.910000,143.325000,142.815000,142.980000,4,2022-06-28
2022-06-28 00:00:00,143.009995,143.485000,142.890000,143.395000,4,2022-06-28
2022-06-28 04:00:00,143.395000,143.475010,143.265000,143.375000,4,2022-06-28
2022-06-28 08:00:00,143.375000,143.450000,142.870000,142.935000,4,2022-06-28
2022-06-28 12:00:00,142.945010,143.245000,142.925000,143.134990,4,2022-06-28
2022-06-28 16:00:00,143.149990,143.985000,143.125000,143.929990,4,2022-06-28
2022-06-28 20:00:00,143.935000,144.265000,143.300000,143.520000,4,2022-06-29
2022-06-29 00:00:00,143.435000,143.554990,143.095001,143.399990,4,2022-06-29
2022-06-29 04:00:00,143.395000,143.509990,143.145000,143.240010,4,2022-06-29
2022-06-29 08:00:00,143.230000,143.414990,143.005005,143.265000,4,2022-06-29
2022-06-29 12:00:00,143.285000,143.485000,142.780000,142.884990,4,2022-06-29
2022-06-29 16:00:00,142.875000,143.545000,142.490010,143.470000,4,2022-06-29
2022-06-29 20:00:00,143.495000,143.860000,143.340000,143.580000,4,2022-06-30
2022-06-30 00:00:00,143.595000,143.595000,142.600010,142.664990,4,2022-06-30
2022-06-30 04:00:00,142.670000,142.740010,142.485000,142.575000,4,2022-06-30
2022-06-30 08:00:00,142.580000,142.840000,142.550000,142.605000,4,2022-06-30
2022-06-30 12:00:00,142.605000,142.860000,142.455000,142.585010,4,2022-06-30
2022-06-30 16:00:00,142.585010,142.730000,141.835010,142.110000,4,2022-06-30
2022-06-30 20:00:00,142.120000,142.120000,141.380000,141.550000,4,2022-07-01
2022-07-01 00:00:00,141.570010,142.274990,141.539990,142.185000,4,2022-07-01
2022-07-01 04:00:00,142.185000,142.355000,141.965000,142.274990,4,2022-07-01
2022-07-01 08:00:00,142.265000,142.435000,142.050003,142.095001,4,2022-07-01
2022-07-01 12:00:00,142.070007,142.105000,140.950000,141.235000,4,2022-07-01
2022-07-01 16:00:00,141.235000,141.929990,140.835010,141.830000,4,2022-07-01
2022-07-01 20:00:00,141.840000,141.865010,141.395000,141.435000,1,2022-07-01
2022-07-04 04:00:00,141.115010,141.115010,140.929990,140.975010,1,2022-07-04
2022-07-04 08:00:00,141.029999,141.195010,140.610000,140.860000,4,2022-07-04
2022-07-04 12:00:00,140.884990,141.210010,140.705000,141.170000,4,2022-07-04
2022-07-04 16:00:00,141.160000,141.664990,141.014999,141.440000,4,2022-07-04
2022-07-04 20:00:00,141.435000,141.660000,141.395000,141.570010,4,2022-07-05
2022-07-05 00:00:00,141.575000,141.615010,141.345000,141.429990,4,2022-07-05
2022-07-05 04:00:00,141.429990,141.500000,141.310000,141.465000,4,2022-07-05
2022-07-05 08:00:00,141.495000,141.840000,141.470000,141.804990,2,2022-07-05
2022-07-05 12:00:00,142.100010,142.390000,141.990010,142.289990,3,2022-07-05
2022-07-05 16:00:00,142.270000,142.280000,139.550000,139.855000,4,2022-07-05
2022-07-05 20:00:00,139.830000,140.220000,139.270000,139.300000,4,2022-07-06
2022-07-06 00:00:00,139.295000,139.535000,138.950000,139.149990,4,2022-07-06
2022-07-06 04:00:00,139.134990,139.580000,139.110000,139.445010,4,2022-07-06
2022-07-06 08:00:00,139.485000,139.505000,138.660000,138.840000,4,2022-07-06
2022-07-06 12:00:00,138.840000,138.995000,138.500000,138.580000,4,2022-07-06
2022-07-06 16:00:00,138.530000,139.360000,138.225010,138.355000,4,2022-07-06
2022-07-06 20:00:00,138.355000,138.465000,137.274990,137.735000,4,2022-07-07
2022-07-07 00:00:00,137.700000,138.399990,137.700000,138.200000,4,2022-07-07
2022-07-07 04:00:00,138.205000,138.495000,138.179990,138.410000,4,2022-07-07
2022-07-07 08:00:00,138.450000,138.605000,138.074997,138.295000,4,2022-07-07
2022-07-07 12:00:00,138.300000,138.929990,138.160000,138.905000,4,2022-07-07
2022-07-07 16:00:00,138.860000,139.054993,138.240010,138.860000,4,2022-07-07
2022-07-07 20:00:00,138.870000,138.929990,138.085007,138.265000,4,2022-07-08
2022-07-08 00:00:00,138.250000,138.360000,137.990010,138.200000,4,2022-07-08
2022-07-08 04:00:00,138.195010,138.340000,138.130000,138.230000,4,2022-07-08
2022-07-08 08:00:00,138.245000,138.625000,138.149990,138.440000,4,2022-07-08
2022-07-08 12:00:00,138.455000,138.500000,137.495000,137.850010,4,2022-07-08
2022-07-08 16:00:00,137.789990,138.065002,136.899990,137.470000,4,2022-07-08
2022-07-08 20:00:00,137.470000,137.945010,137.429990,137.800000,1,2022-07-08
2022-07-11 04:00:00,138.429990,138.630000,138.429990,138.610000,1,2022-07-11
2022-07-11 08:00:00,138.554990,139.175000,138.440000,139.024994,4,2022-07-11
2022-07-11 12:00:00,139.020004,139.145000,138.870000,138.970000,4,2022-07-11
2022-07-11 16:00:00,138.920000,139.000000,138.250000,138.410000,4,2022-07-11
2022-07-11 20:00:00,138.429990,138.840000,138.185000,138.399990,4,2022-07-12
2022-07-12 00:00:00,138.420000,138.664990,138.230000,138.274990,4,2022-07-12
2022-07-12 04:00:00,138.289990,138.310000,137.890000,137.960010,4,2022-07-12
2022-07-12 08:00:00,137.965000,138.074997,137.270000,137.470000,4,2022-07-12
2022-07-12 12:00:00,137.470000,137.730000,137.350010,137.595000,4,2022-07-12
2022-07-12 16:00:00,137.610000,138.005005,137.024994,137.080002,4,2022-07-12
2022-07-12 20:00:00,137.065002,137.590000,137.035004,137.225010,4,2022-07-13
2022-07-13 00:00:00,137.225010,137.690000,137.175000,137.550000,4,2022-07-13
2022-07-13 04:00:00,137.560000,137.600010,137.245000,137.340000,4,2022-07-13
2022-07-13 08:00:00,137.345000,137.750000,137.120000,137.530000,4,2022-07-13
2022-07-13 12:00:00,137.530000,137.720000,137.414990,137.524990,4,2022-07-13
2022-07-13 16:00:00,137.509990,137.950000,137.230000,137.600010,4,2022-07-13
2022-07-13 20:00:00,137.590000,138.179990,137.545000,137.925000,4,2022-07-14
2022-07-14 00:00:00,137.920000,138.835010,137.870000,138.325000,4,2022-07-14
2022-07-14 04:00:00,138.325000,138.355000,138.089996,138.170000,4,2022-07-14
2022-07-14 08:00:00,138.190000,138.325000,137.990010,138.170000,4,2022-07-14
2022-07-14 12:00:00,138.155000,138.740010,138.140000,138.690000,4,2022-07-14
2022-07-14 16:00:00,138.715000,139.765000,138.649990,139.480000,4,2022-07-14
2022-07-14 20:00:00,139.490010,139.490010,138.560000,138.870000,4,2022-07-15
2022-07-15 00:00:00,138.845000,139.530000,138.664990,139.155000,4,2022-07-15
2022-07-15 04:00:00,139.155000,139.375000,139.070007,139.240010,4,2022-07-15
2022-07-15 08:00:00,139.265000,139.425000,139.009995,139.315000,4,2022-07-15
2022-07-15 12:00:00,139.320010,139.524990,139.235000,139.245000,4,2022-07-15
2022-07-15 16:00:00,139.255000,139.470000,138.745000,139.405000,4,2022-07-15
2022-07-15 20:00:00,139.395000,139.524990,139.190000,139.524990,1,2022-07-15
2022-07-18 04:00:00,139.725010,139.750000,139.640000,139.735000,1,2022-07-18
2022-07-18 08:00:00,139.710010,139.759990,139.435000,139.595000,4,2022-07-18
2022-07-18 12:00:00,139.595000,139.855000,139.500000,139.509990,4,2022-07-18
2022-07-18 16:00:00,139.520000,140.384990,139.380000,140.365010,4,2022-07-18
2022-07-18 20:00:00,140.365010,140.660000,140.014999,140.380000,4,2022-07-19
2022-07-19 00:00:00,140.390000,140.815000,140.190000,140.225010,4,2022-07-19
2022-07-19 04:00:00,140.210010,140.265000,140.009995,140.149990,4,2022-07-19
2022-07-19 08:00:00,140.175000,140.365010,139.835010,139.835010,4,2022-07-19
2022-07-19 12:00:00,139.875000,140.105000,139.695010,140.024994,4,2022-07-19
2022-07-19 16:00:00,140.039993,141.190000,139.914990,141.014999,4,2022-07-19
2022-07-19 20:00:00,141.029999,141.235000,140.730000,141.000000,4,2022-07-20
2022-07-20 00:00:00,140.985000,141.455000,140.804990,141.425000,4,2022-07-20
2022-07-20 04:00:00,141.410000,141.450000,141.285000,141.335010,4,2022-07-20
2022-07-20 08:00:00,141.335010,141.770000,141.170000,141.285000,4,2022-07-20
2022-07-20 12:00:00,141.285000,141.524990,141.225010,141.350010,4,2022-07-20
2022-07-20 16:00:00,141.350010,141.929990,141.155000,141.649990,4,2022-07-20
2022-07-20 20:00:00,141.630000,141.630000,140.634990,141.080002,4,2022-07-21
2022-07-21 00:00:00,141.059998,141.295000,140.425000,140.429990,4,2022-07-21
2022-07-21 04:00:00,140.445010,140.810000,140.445010,140.730000,4,2022-07-21
2022-07-21 08:00:00,140.730000,141.220000,140.705000,141.009995,4,2022-07-21
2022-07-21 12:00:00,141.005005,141.380000,140.929990,141.304990,4,2022-07-21
2022-07-21 16:00:00,141.310000,141.595000,140.945010,141.265000,4,2022-07-21
2022-07-21 20:00:00,141.250000,142.320010,140.649990,141.235000,4,2022-07-22
2022-07-22 00:00:00,141.250000,141.274990,140.255000,140.380000,4,2022-07-22
2022-07-22 04:00:00,140.384990,140.605000,140.155000,140.524990,4,2022-07-22
2022-07-22 08:00:00,140.515000,140.640000,139.985000,140.220000,4,2022-07-22
2022-07-22 12:00:00,140.205000,140.580000,140.149990,140.460010,4,2022-07-22
2022-07-22 16:00:00,140.460010,140.690000,139.399990,139.575000,4,2022-07-22
2022-07-22 20:00:00,139.575000,139.725010,139.475010,139.649990,1,2022-07-22
2022-07-25 04:00:00,139.085007,139.134990,138.975010,139.095001,1,2022-07-25
2022-07-25 08:00:00,139.095001,139.270000,138.785000,138.815000,4,2022-07-25
2022-07-25 12:00:00,138.815000,139.170000,138.720000,139.020004,4,2022-07-25
2022-07-25 16:00:00,139.059998,139.789990,138.865010,139.610000,4,2022-07-25
2022-07-25 20:00:00,139.610000,140.070007,139.325000,139.950000,4,2022-07-26
2022-07-26 00:00:00,139.935000,139.995000,139.435000,139.720000,4,2022-07-26
2022-07-26 04:00:00,139.720000,139.789990,139.630000,139.685000,4,2022-07-26
2022-07-26 08:00:00,139.695010,139.740010,139.340000,139.620000,4,2022-07-26
2022-07-26 12:00:00,139.620000,139.780000,139.530000,139.625000,4,2022-07-26
2022-07-26 16:00:00,139.615010,139.840000,138.960010,138.990010,4,2022-07-26
2022-07-26 20:00:00,138.995000,139.035004,138.160000,138.410000,4,2022-07-27
2022-07-27 00:00:00,138.384990,138.575000,138.130000,138.285000,4,2022-07-27
2022-07-27 04:00:00,138.285000,138.620000,138.285000,138.530000,4,2022-07-27
2022-07-27 08:00:00,138.530000,139.070007,138.530000,138.980000,4,2022-07-27
2022-07-27 12:00:00,138.990010,139.089996,138.860000,138.914990,4,2022-07-27
2022-07-27 16:00:00,138.940000,139.065002,138.590000,138.610000,4,2022-07-27
2022-07-27 20:00:00,138.595000,139.024994,138.440000,138.780000,4,2022-07-28
2022-07-28 00:00:00,138.815000,139.134990,138.610000,139.009995,4,2022-07-28
2022-07-28 04:00:00,139.035004,139.509990,138.860000,139.340000,4,2022-07-28
2022-07-28 08:00:00,139.330000,139.345000,137.914990,138.220000,4,2022-07-28
2022-07-28 12:00:00,138.190000,138.384990,138.005005,138.355000,4,2022-07-28
2022-07-28 16:00:00,138.345000,138.530000,137.460010,137.505000,4,2022-07-28
2022-07-28 20:00:00,137.509990,137.755000,136.375000,136.554990,4,2022-07-29
2022-07-29 00:00:00,136.554990,136.955000,136.475010,136.595000,4,2022-07-29
2022-07-29 04:00:00,136.595000,136.990010,136.595000,136.965000,4,2022-07-29
2022-07-29 08:00:00,136.970000,137.330000,136.855000,137.149990,4,2022-07-29
2022-07-29 12:00:00,137.160000,137.160000,135.655000,135.789990,4,2022-07-29
2022-07-29 16:00:00,135.865010,136.185000,135.550000,136.080002,4,2022-07-29
2022-07-29 20:00:00,136.089996,136.545000,135.995000,136.445010,1,2022-07-29
2022-08-01 04:00:00,136.130000,136.255000,136.130000,136.145000,1,2022-08-01
2022-08-01 08:00:00,136.160000,136.345000,135.160000,135.520000,4,2022-08-01
2022-08-01 12:00:00,135.509990,135.780000,135.370000,135.440000,4,2022-08-01
2022-08-01 16:00:00,135.425000,135.880000,135.170000,135.500000,4,2022-08-01
2022-08-01 20:00:00,135.520000,135.664990,135.014999,135.330000,4,2022-08-02
2022-08-02 00:00:00,135.130000,135.660000,135.130000,135.340000,4,2022-08-02
2022-08-02 04:00:00,135.355000,135.390000,134.980000,135.070007,4,2022-08-02
2022-08-02 08:00:00,135.074997,135.175000,134.080002,134.200000,4,2022-08-02
2022-08-02 12:00:00,134.185000,134.524990,134.020004,134.149990,4,2022-08-02
2022-08-02 16:00:00,134.160000,134.399990,133.660000,133.905000,4,2022-08-02
2022-08-02 20:00:00,133.940000,134.230000,133.420000,134.149990,4,2022-08-03
2022-08-03 00:00:00,134.070007,135.240010,133.929990,135.235000,4,2022-08-03
2022-08-03 04:00:00,135.230000,135.405000,135.085007,135.390000,4,2022-08-03
2022-08-03 08:00:00,135.384990,136.009995,135.130000,135.910000,4,2022-08-03
2022-08-03 12:00:00,135.910000,135.980000,134.850010,135.570010,4,2022-08-03
2022-08-03 16:00:00,135.535000,135.789990,135.110000,135.649990,4,2022-08-03
2022-08-03 20:00:00,135.630000,136.220000,135.630000,135.845000,4,2022-08-04
2022-08-04 00:00:00,135.735000,136.420000,135.735000,136.140000,4,2022-08-04
2022-08-04 04:00:00,136.155000,136.310000,136.029999,136.115010,4,2022-08-04
2022-08-04 08:00:00,136.130000,136.270000,135.655000,136.140000,4,2022-08-04
2022-08-04 12:00:00,136.140000,136.310000,135.870000,136.245000,4,2022-08-04
2022-08-04 16:00:00,136.270000,136.925000,136.230000,136.645000,4,2022-08-04
2022-08-04 20:00:00,136.649990,136.880000,135.679990,135.995000,4,2022-08-05
2022-08-05 00:00:00,136.000000,136.355000,135.690000,136.310000,4,2022-08-05
2022-08-05 04:00:00,136.304990,136.390000,136.054993,136.280000,4,2022-08-05
2022-08-05 08:00:00,136.310000,136.485000,135.800000,136.370000,4,2022-08-05
2022-08-05 12:00:00,136.365010,136.565000,136.149990,136.365010,4,2022-08-05
2022-08-05 16:00:00,136.365010,136.475010,135.910000,136.100010,4,2022-08-05
2022-08-05 20:00:00,136.100010,136.289990,135.970000,136.265000,1,2022-08-05
2022-08-08 04:00:00,137.450000,137.524990,137.370000,137.515000,1,2022-08-08
2022-08-08 08:00:00,137.500000,137.715000,137.340000,137.575000,4,2022-08-08
2022-08-08 12:00:00,137.554990,137.865010,137.530000,137.745000,4,2022-08-08
2022-08-08 16:00:00,137.735000,137.920000,137.440000,137.539990,4,2022-08-08
2022-08-08 20:00:00,137.560000,137.634990,137.085007,137.160000,4,2022-08-09
2022-08-09 00:00:00,137.175000,137.679990,137.140000,137.465000,4,2022-08-09
2022-08-09 04:00:00,137.475010,137.700000,137.345000,137.610000,4,2022-08-09
2022-08-09 08:00:00,137.585010,137.730000,137.245000,137.330000,4,2022-08-09
2022-08-09 12:00:00,137.335010,137.755000,137.274990,137.710010,4,2022-08-09
2022-08-09 16:00:00,137.725010,138.285000,137.505000,138.089996,4,2022-08-09
2022-08-09 20:00:00,138.035004,138.300000,137.910000,138.259990,4,2022-08-10
2022-08-10 00:00:00,138.259990,138.259990,137.905000,137.970000,4,2022-08-10
2022-08-10 04:00:00,137.980000,138.059998,137.895000,137.980000,4,2022-08-10
2022-08-10 08:00:00,137.970000,138.070007,137.890000,137.920000,4,2022-08-10
2022-08-10 12:00:00,137.929990,138.014999,137.765000,137.860000,4,2022-08-10
2022-08-10 16:00:00,137.855000,138.039993,137.700000,138.029999,4,2022-08-10
2022-08-10 20:00:00,138.009995,138.935000,136.850010,136.865010,4,2022-08-11
2022-08-11 00:00:00,136.830000,137.115010,136.600010,136.810000,4,2022-08-11
2022-08-11 04:00:00,136.815000,137.130000,136.789990,136.855000,4,2022-08-11
2022-08-11 08:00:00,136.884990,137.044998,136.595000,136.960010,4,2022-08-11
2022-08-11 12:00:00,136.945010,137.095001,136.825000,136.910000,4,2022-08-11
2022-08-11 16:00:00,136.920000,137.140000,136.679990,137.054993,4,2022-08-11
2022-08-11 20:00:00,137.039993,137.145000,136.304990,136.845000,4,2022-08-12
2022-08-12 00:00:00,136.825000,137.300000,136.825000,137.300000,4,2022-08-12
2022-08-12 04:00:00,137.289990,137.410000,137.125000,137.315000,4,2022-08-12
2022-08-12 08:00:00,137.300000,137.585010,137.190000,137.395000,4,2022-08-12
2022-08-12 12:00:00,137.410000,137.620000,137.340000,137.370000,4,2022-08-12
2022-08-12 16:00:00,137.370000,137.585010,137.105000,137.470000,4,2022-08-12
2022-08-12 20:00:00,137.470000,137.570010,137.265000,137.520000,1,2022-08-12
2022-08-15 04:00:00,136.914990,136.995000,136.890000,136.945010,1,2022-08-15
2022-08-15 08:00:00,136.955000,137.080002,136.460010,136.735000,4,2022-08-15
2022-08-15 12:00:00,136.720000,136.720000,136.340000,136.390000,4,2022-08-15
2022-08-15 16:00:00,136.390000,136.745000,135.850010,136.080002,4,2022-08-15
2022-08-15 20:00:00,136.080002,136.245000,135.280000,135.384990,4,2022-08-16
2022-08-16 00:00:00,135.395000,135.715000,135.340000,135.490010,4,2022-08-16
2022-08-16 04:00:00,135.490010,135.530000,135.310000,135.425000,4,2022-08-16
2022-08-16 08:00:00,135.429990,135.595000,134.945010,135.480000,4,2022-08-16
2022-08-16 12:00:00,135.470000,135.649990,135.399990,135.490010,4,2022-08-16
2022-08-16 16:00:00,135.470000,135.990010,135.410000,135.965000,4,2022-08-16
2022-08-16 20:00:00,135.960010,136.899990,135.780000,136.870000,4,2022-08-17
2022-08-17 00:00:00,136.855000,136.920000,136.595000,136.700000,4,2022-08-17
2022-08-17 04:00:00,136.700000,136.715000,136.384990,136.490010,4,2022-08-17
2022-08-17 08:00:00,136.524990,136.720000,136.295000,136.325000,4,2022-08-17
2022-08-17 12:00:00,136.340000,136.620000,136.270000,136.600010,4,2022-08-17
2022-08-17 16:00:00,136.605000,137.280000,136.580000,137.240010,4,2022-08-17
2022-08-17 20:00:00,137.250000,137.600010,137.105000,137.580000,4,2022-08-18
2022-08-18 00:00:00,137.554990,137.890000,137.554990,137.715000,4,2022-08-18
2022-08-18 04:00:00,137.700000,137.730000,137.405000,137.490010,4,2022-08-18
2022-08-18 08:00:00,137.520000,137.580000,137.259990,137.360000,4,2022-08-18
2022-08-18 12:00:00,137.365010,137.470000,137.225010,137.450000,4,2022-08-18
2022-08-18 16:00:00,137.429990,137.649990,137.160000,137.495000,4,2022-08-18
2022-08-18 20:00:00,137.505000,137.600010,136.649990,136.679990,4,2022-08-19
2022-08-19 00:00:00,136.670000,137.080002,136.570010,136.995000,4,2022-08-19
2022-08-19 04:00:00,137.009995,137.215000,136.970000,137.080002,4,2022-08-19
2022-08-19 08:00:00,137.080002,137.440000,136.945010,137.265000,4,2022-08-19
2022-08-19 12:00:00,137.280000,137.420000,137.145000,137.345000,4,2022-08-19
2022-08-19 16:00:00,137.365010,137.960010,137.304990,137.580000,4,2022-08-19
2022-08-19 20:00:00,137.575000,137.755000,137.399990,137.660000,1,2022-08-19
2022-08-22 04:00:00,137.445010,137.450000,137.380000,137.384990,1,2022-08-22
2022-08-22 08:00:00,137.380000,137.730000,137.304990,137.710010,4,2022-08-22
2022-08-22 12:00:00,137.715000,137.955000,137.660000,137.715000,4,2022-08-22
2022-08-22 16:00:00,137.740010,137.750000,136.640000,136.955000,4,2022-08-22
2022-08-22 20:00:00,136.965000,137.310000,136.860000,136.955000,4,2022-08-23
2022-08-23 00:00:00,136.945010,137.000000,136.399990,136.440000,4,2022-08-23
2022-08-23 04:00:00,136.455000,136.755000,136.440000,136.745000,4,2022-08-23
2022-08-23 08:00:00,136.725010,136.875000,136.310000,136.310000,4,2022-08-23
2022-08-23 12:00:00,136.330000,136.595000,136.100010,136.200000,4,2022-08-23
2022-08-23 16:00:00,136.185000,136.539990,135.750000,136.405000,4,2022-08-23
2022-08-23 20:00:00,136.414990,137.145000,136.259990,136.770000,4,2022-08-24
2022-08-24 00:00:00,136.780000,136.780000,135.899990,136.280000,4,2022-08-24
2022-08-24 04:00:00,136.280000,136.390000,136.225010,136.330000,4,2022-08-24
2022-08-24 08:00:00,136.320010,136.380000,136.085007,136.155000,4,2022-08-24
2022-08-24 12:00:00,136.160000,136.270000,135.770000,135.870000,4,2022-08-24
2022-08-24 16:00:00,135.865010,136.200000,135.520000,135.770000,4,2022-08-24
2022-08-24 20:00:00,135.770000,136.115010,135.585010,135.980000,4,2022-08-25
2022-08-25 00:00:00,135.965000,136.780000,135.940000,136.550000,4,2022-08-25
2022-08-25 04:00:00,136.570010,136.770000,136.520000,136.675000,4,2022-08-25
2022-08-25 08:00:00,136.679990,136.785000,136.460010,136.515000,4,2022-08-25
2022-08-25 12:00:00,136.509990,136.705000,136.509990,136.615010,4,2022-08-25
2022-08-25 16:00:00,136.585010,136.990010,136.325000,136.414990,4,2022-08-25
2022-08-25 20:00:00,136.425000,136.465000,136.009995,136.390000,4,2022-08-26
2022-08-26 00:00:00,136.425000,136.670000,136.035004,136.070007,4,2022-08-26
2022-08-26 04:00:00,136.070007,136.245000,136.014999,136.190000,4,2022-08-26
2022-08-26 08:00:00,136.155000,136.330000,136.085007,136.320010,4,2022-08-26
2022-08-26 12:00:00,136.304990,136.370000,136.240010,136.330000,4,2022-08-26
2022-08-26 16:00:00,136.320010,136.955000,136.320010,136.925000,4,2022-08-26
2022-08-26 20:00:00,136.935000,137.215000,136.910000,137.134990,1,2022-08-26
2022-08-29 04:00:00,137.095001,137.215000,137.009995,137.050003,1,2022-08-29
2022-08-29 08:00:00,137.110000,137.580000,137.110000,137.535000,4,2022-08-29
2022-08-29 12:00:00,137.560000,137.815000,137.414990,137.725010,4,2022-08-29
2022-08-29 16:00:00,137.765000,138.155000,137.660000,138.080002,4,2022-08-29
2022-08-29 20:00:00,138.070007,138.835010,138.029999,138.660000,4,2022-08-30
2022-08-30 00:00:00,138.670000,138.975010,138.350010,138.870000,4,2022-08-30
2022-08-30 04:00:00,138.860000,138.905000,138.610000,138.710010,4,2022-08-30
2022-08-30 08:00:00,138.679990,138.820010,138.465000,138.480000,4,2022-08-30
2022-08-30 12:00:00,138.495000,138.615010,138.320010,138.505000,4,2022-08-30
2022-08-30 16:00:00,138.500000,138.975010,138.259990,138.804990,4,2022-08-30
2022-08-30 20:00:00,138.795000,138.960010,138.440000,138.755000,4,2022-08-31
2022-08-31 00:00:00,138.759990,139.220000,138.585010,138.980000,4,2022-08-31
2022-08-31 04:00:00,138.995000,139.125000,138.884990,139.009995,4,2022-08-31
2022-08-31 08:00:00,138.995000,139.130000,138.810000,138.830000,4,2022-08-31
2022-08-31 12:00:00,138.845000,139.110000,138.795000,138.980000,4,2022-08-31
2022-08-31 16:00:00,138.980000,139.014999,138.265000,138.535000,4,2022-08-31
2022-08-31 20:00:00,138.570010,138.975010,138.375000,138.870000,4,2022-09-01
2022-09-01 00:00:00,138.870000,139.679990,138.810000,139.445010,4,2022-09-01
2022-09-01 04:00:00,139.440000,139.810000,139.315000,139.810000,4,2022-09-01
2022-09-01 08:00:00,139.804990,140.000000,139.690000,139.845000,4,2022-09-01
2022-09-01 12:00:00,139.860000,139.935000,139.550000,139.585010,4,2022-09-01
2022-09-01 16:00:00,139.575000,139.880000,139.475010,139.550000,4,2022-09-01
2022-09-01 20:00:00,139.560000,139.649990,139.089996,139.175000,4,2022-09-02
2022-09-02 00:00:00,139.250000,139.420000,138.940000,139.365010,4,2022-09-02
2022-09-02 04:00:00,139.360000,139.520000,139.325000,139.470000,4,2022-09-02
2022-09-02 08:00:00,139.480000,139.554990,139.265000,139.535000,4,2022-09-02
2022-09-02 12:00:00,139.539990,139.995000,139.455000,139.935000,4,2022-09-02
2022-09-02 16:00:00,139.925000,140.480000,139.835010,140.460010,4,2022-09-02
2022-09-02 20:00:00,140.445010,140.539990,140.250000,140.289990,1,2022-09-02
2022-09-05 04:00:00,139.140000,139.274990,139.000000,139.070007,1,2022-09-05
2022-09-05 08:00:00,139.080002,139.435000,138.965000,139.044998,4,2022-09-05
2022-09-05 12:00:00,139.039993,139.145000,138.690000,138.740010,4,2022-09-05
2022-09-05 16:00:00,138.750000,139.550000,138.715000,139.345000,4,2022-09-05
2022-09-05 20:00:00,139.345000,139.645000,139.295000,139.550000,4,2022-09-06
2022-09-06 00:00:00,139.570010,139.610000,139.370000,139.575000,4,2022-09-06
2022-09-06 04:00:00,139.580000,139.645000,139.524990,139.605000,4,2022-09-06
2022-09-06 08:00:00,139.600010,139.960010,139.600010,139.925000,4,2022-09-06
2022-09-06 12:00:00,139.920000,140.490010,139.785000,140.485000,4,2022-09-06
2022-09-06 16:00:00,140.490010,141.425000,140.399990,140.995000,4,2022-09-06
2022-09-06 20:00:00,140.985000,141.145000,140.655000,140.899990,4,2022-09-07
2022-09-07 00:00:00,140.830000,141.765000,140.830000,141.490010,4,2022-09-07
2022-09-07 04:00:00,141.500000,141.610000,141.350010,141.425000,4,2022-09-07
2022-09-07 08:00:00,141.429990,142.110000,141.414990,141.590000,4,2022-09-07
2022-09-07 12:00:00,141.580000,142.670000,141.580000,142.605000,4,2022-09-07
2022-09-07 16:00:00,142.605000,142.950000,142.414990,142.789990,4,2022-09-07
2022-09-07 20:00:00,142.789990,143.565000,142.755000,143.435000,4,2022-09-08
2022-09-08 00:00:00,143.429990,144.020004,143.384990,143.875000,4,2022-09-08
2022-09-08 04:00:00,143.905000,144.009995,143.740010,143.865010,4,2022-09-08
2022-09-08 08:00:00,143.870000,144.295000,143.774990,143.940000,4,2022-09-08
2022-09-08 12:00:00,143.914990,144.074997,143.560000,143.700000,4,2022-09-08
2022-09-08 16:00:00,143.755000,144.105000,143.320010,143.835010,4,2022-09-08
2022-09-08 20:00:00,143.845000,144.295000,143.335010,143.440000,4,2022-09-09
2022-09-09 00:00:00,143.429990,143.995000,143.185000,143.995000,4,2022-09-09
2022-09-09 04:00:00,143.975010,144.105000,143.845000,144.089996,4,2022-09-09
2022-09-09 08:00:00,144.105000,144.500000,143.895000,144.405000,4,2022-09-09
2022-09-09 12:00:00,144.414990,144.725010,143.634990,143.914990,4,2022-09-09
2022-09-09 16:00:00,143.925000,144.014999,143.235000,143.240010,4,2022-09-09
2022-09-09 20:00:00,143.240010,143.240010,142.640000,142.765000,1,2022-09-09
2022-09-12 04:00:00,143.905000,143.914990,143.375000,143.695010,1,2022-09-12
2022-09-12 08:00:00,143.685000,143.880000,143.390000,143.785000,4,2022-09-12
2022-09-12 12:00:00,143.800000,144.570010,143.789990,144.554990,4,2022-09-12
2022-09-12 16:00:00,144.545000,145.655000,144.509990,144.825000,4,2022-09-12
2022-09-12 20:00:00,144.835010,144.845000,144.250000,144.360000,4,2022-09-13
2022-09-13 00:00:00,144.345000,144.545000,144.145000,144.320010,4,2022-09-13
2022-09-13 04:00:00,144.310000,144.640000,144.285000,144.530000,4,2022-09-13
2022-09-13 08:00:00,144.500000,144.765000,144.274990,144.274990,4,2022-09-13
2022-09-13 12:00:00,144.285000,144.490010,144.230000,144.360000,4,2022-09-13
2022-09-13 16:00:00,144.384990,144.620000,144.140000,144.585010,4,2022-09-13
2022-09-13 20:00:00,144.600010,145.035004,143.375000,144.580000,4,2022-09-14
2022-09-14 00:00:00,144.575000,144.605000,144.134990,144.245000,4,2022-09-14
2022-09-14 04:00:00,144.255000,144.295000,144.035004,144.205000,4,2022-09-14
2022-09-14 08:00:00,144.205000,144.480000,143.789990,144.225010,4,2022-09-14
2022-09-14 12:00:00,144.259990,144.340000,143.490010,143.580000,4,2022-09-14
2022-09-14 16:00:00,143.565000,143.585010,142.920000,143.250000,4,2022-09-14
2022-09-14 20:00:00,143.310000,143.440000,142.585010,142.780000,4,2022-09-15
2022-09-15 00:00:00,142.780000,143.074997,142.300000,142.975010,4,2022-09-15
2022-09-15 04:00:00,142.965000,142.985000,142.750000,142.855000,4,2022-09-15
2022-09-15 08:00:00,142.870000,142.910000,142.554990,142.710010,4,2022-09-15
2022-09-15 12:00:00,142.715000,143.134990,142.705000,143.059998,4,2022-09-15
2022-09-15 16:00:00,143.044998,143.450000,143.009995,143.225010,4,2022-09-15
2022-09-15 20:00:00,143.220000,143.590000,143.009995,143.270000,4,2022-09-16
2022-09-16 00:00:00,143.250000,143.679990,143.125000,143.370000,4,2022-09-16
2022-09-16 04:00:00,143.365010,143.570010,143.285000,143.455000,4,2022-09-16
2022-09-16 08:00:00,143.445010,143.475010,142.935000,143.195010,4,2022-09-16
2022-09-16 12:00:00,143.205000,143.485000,143.145000,143.289990,4,2022-09-16
2022-09-16 16:00:00,143.274990,143.535000,142.640000,142.845000,4,2022-09-16
2022-09-16 20:00:00,142.830000,143.029999,142.825000,142.990010,1,2022-09-16
2022-09-19 04:00:00,143.115010,143.215000,143.095001,143.175000,1,2022-09-19
2022-09-19 08:00:00,143.215000,143.310000,143.005005,143.259990,4,2022-09-19
2022-09-19 12:00:00,143.259990,143.259990,142.935000,142.990010,4,2022-09-19
2022-09-19 16:00:00,142.975010,143.240010,142.810000,143.080002,4,2022-09-19
2022-09-19 20:00:00,143.080002,143.550000,143.065002,143.325000,4,2022-09-20
2022-09-20 00:00:00,143.325000,143.524990,143.265000,143.455000,4,2022-09-20
2022-09-20 04:00:00,143.455000,143.630000,143.414990,143.630000,4,2022-09-20
2022-09-20 08:00:00,143.625000,143.789990,143.435000,143.580000,4,2022-09-20
2022-09-20 12:00:00,143.560000,143.730000,143.475010,143.520000,4,2022-09-20
2022-09-20 16:00:00,143.535000,144.039993,143.535000,143.780000,4,2022-09-20
2022-09-20 20:00:00,143.795000,143.810000,143.014999,143.485000,4,2022-09-21
2022-09-21 00:00:00,143.470000,143.705000,143.050003,143.130000,4,2022-09-21
2022-09-21 04:00:00,143.145000,143.414990,143.100010,143.320010,4,2022-09-21
2022-09-21 08:00:00,143.325000,143.330000,143.000000,143.179990,4,2022-09-21
2022-09-21 12:00:00,143.200000,143.570010,143.164990,143.245000,4,2022-09-21
2022-09-21 16:00:00,143.240010,143.259990,141.905000,142.884990,4,2022-09-21
2022-09-21 20:00:00,142.884990,142.975010,142.545000,142.625000,4,2022-09-22
2022-09-22 00:00:00,142.645000,142.740010,142.205000,142.399990,4,2022-09-22
2022-09-22 04:00:00,142.450000,142.765000,141.605000,141.755000,4,2022-09-22
2022-09-22 08:00:00,141.780000,142.120000,141.495000,141.830000,4,2022-09-22
2022-09-22 12:00:00,141.850010,142.605000,141.735000,142.405000,4,2022-09-22
2022-09-22 16:00:00,142.395000,143.695010,139.320010,141.134990,4,2022-09-22
2022-09-22 20:00:00,141.134990,141.179990,138.705000,139.595000,4,2022-09-23
2022-09-23 00:00:00,139.605000,140.235000,139.195010,140.080002,4,2022-09-23
2022-09-23 04:00:00,140.059998,140.145000,139.895000,140.044998,4,2022-09-23
2022-09-23 08:00:00,140.080002,140.265000,139.630000,139.800000,4,2022-09-23
2022-09-23 12:00:00,139.795000,139.845000,139.515000,139.710010,4,2022-09-23
2022-09-23 16:00:00,139.740010,139.875000,138.905000,139.175000,4,2022-09-23
2022-09-23 20:00:00,139.185000,139.720000,139.185000,139.615010,1,2022-09-23
2022-09-26 04:00:00,138.860000,139.185000,138.815000,138.830000,1,2022-09-26
2022-09-26 08:00:00,138.759990,139.220000,137.610000,138.785000,4,2022-09-26
2022-09-26 12:00:00,138.815000,139.089996,138.380000,138.500000,4,2022-09-26
2022-09-26 16:00:00,138.505000,139.445010,138.455000,138.940000,4,2022-09-26
2022-09-26 20:00:00,138.990010,139.490010,138.795000,139.475010,4,2022-09-27
2022-09-27 00:00:00,139.475010,139.524990,138.845000,138.950000,4,2022-09-27
2022-09-27 04:00:00,138.950000,139.164990,138.870000,139.054993,4,2022-09-27
2022-09-27 08:00:00,139.054993,139.255000,138.705000,139.200000,4,2022-09-27
2022-09-27 12:00:00,139.205000,139.455000,139.120000,139.355000,4,2022-09-27
2022-09-27 16:00:00,139.370000,139.550000,138.780000,138.785000,4,2022-09-27
2022-09-27 20:00:00,138.770000,139.405000,138.725010,139.215000,4,2022-09-28
2022-09-28 00:00:00,139.200000,139.350010,138.630000,138.865010,4,2022-09-28
2022-09-28 04:00:00,138.865010,139.029999,138.774990,138.940000,4,2022-09-28
2022-09-28 08:00:00,138.940000,138.995000,138.140000,138.310000,4,2022-09-28
2022-09-28 12:00:00,138.325000,138.420000,138.059998,138.220000,4,2022-09-28
2022-09-28 16:00:00,138.200000,138.664990,138.054993,138.170000,4,2022-09-28
2022-09-28 20:00:00,138.185000,139.065002,138.175000,138.804990,4,2022-09-29
2022-09-29 00:00:00,138.785000,140.304990,138.634990,140.240010,4,2022-09-29
2022-09-29 04:00:00,140.235000,140.410000,140.140000,140.250000,4,2022-09-29
2022-09-29 08:00:00,140.330000,140.345000,139.705000,139.710010,4,2022-09-29
2022-09-29 12:00:00,139.720000,140.024994,139.585010,139.840000,4,2022-09-29
2022-09-29 16:00:00,139.795000,140.410000,139.395000,140.265000,4,2022-09-29
2022-09-29 20:00:00,140.270000,140.975010,140.145000,140.860000,4,2022-09-30
2022-09-30 00:00:00,140.850010,141.495000,140.610000,141.455000,4,2022-09-30
2022-09-30 04:00:00,141.445010,141.955000,141.330000,141.835010,4,2022-09-30
2022-09-30 08:00:00,141.855000,142.225010,141.750000,141.945010,4,2022-09-30
2022-09-30 12:00:00,141.935000,142.054993,141.634990,141.955000,4,2022-09-30
2022-09-30 16:00:00,141.975010,142.205000,141.455000,141.505000,4,2022-09-30
2022-09-30 20:00:00,141.505000,141.575000,140.965000,141.024994,1,2022-09-30
2022-10-03 04:00:00,141.655000,141.715000,141.649990,141.664990,1,2022-10-03
2022-10-03 08:00:00,141.655000,141.975010,141.535000,141.925000,4,2022-10-03
2022-10-03 12:00:00,141.910000,142.285000,141.745000,141.835010,4,2022-10-03
2022-10-03 16:00:00,141.815000,142.450000,141.800000,142.335010,4,2022-10-03
2022-10-03 20:00:00,142.304990,142.330000,141.370000,141.545000,4,2022-10-04
2022-10-04 00:00:00,141.524990,142.054993,141.420000,141.740010,4,2022-10-04
2022-10-04 04:00:00,141.740010,142.225010,141.575000,142.029999,4,2022-10-04
2022-10-04 08:00:00,142.029999,142.205000,141.914990,142.195010,4,2022-10-04
2022-10-04 12:00:00,142.185000,142.509990,142.074997,142.395000,4,2022-10-04
2022-10-04 16:00:00,142.384990,143.130000,142.315000,142.970000,4,2022-10-04
2022-10-04 20:00:00,142.945010,143.725010,142.664990,143.634990,4,2022-10-05
2022-10-05 00:00:00,143.620000,144.085007,143.445010,143.795000,4,2022-10-05
2022-10-05 04:00:00,143.785000,143.985000,143.625000,143.890000,4,2022-10-05
2022-10-05 08:00:00,143.940000,144.020004,143.384990,143.509990,4,2022-10-05
2022-10-05 12:00:00,143.509990,143.890000,143.495000,143.649990,4,2022-10-05
2022-10-05 16:00:00,143.645000,144.089996,143.405000,143.605000,4,2022-10-05
2022-10-05 20:00:00,143.664990,143.679990,142.960010,143.200000,4,2022-10-06
2022-10-06 00:00:00,143.205000,143.220000,142.450000,142.765000,4,2022-10-06
2022-10-06 04:00:00,142.765000,143.044998,142.720000,143.020004,4,2022-10-06
2022-10-06 08:00:00,142.960010,143.420000,142.830000,143.395000,4,2022-10-06
2022-10-06 12:00:00,143.395000,143.460010,143.265000,143.375000,4,2022-10-06
2022-10-06 16:00:00,143.384990,143.440000,142.920000,143.050003,4,2022-10-06
2022-10-06 20:00:00,143.039993,143.295000,142.615010,142.845000,4,2022-10-07
2022-10-07 00:00:00,142.830000,142.855000,141.970000,142.074997,4,2022-10-07
2022-10-07 04:00:00,142.065002,142.335010,142.024994,142.130000,4,2022-10-07
2022-10-07 08:00:00,142.120000,142.220000,141.890000,141.945010,4,2022-10-07
2022-10-07 12:00:00,141.945010,142.230000,141.920000,142.000000,4,2022-10-07
2022-10-07 16:00:00,142.020004,142.164990,141.679990,141.960010,4,2022-10-07
2022-10-07 20:00:00,141.985000,142.125000,141.890000,142.039993,1,2022-10-07
2022-10-10 04:00:00,141.539990,141.539990,141.505000,141.505000,1,2022-10-10
2022-10-10 08:00:00,141.505000,141.745000,141.460010,141.685000,4,2022-10-10
2022-10-10 12:00:00,141.705000,141.795000,141.585010,141.675000,4,2022-10-10
2022-10-10 16:00:00,141.664990,141.685000,140.905000,140.970000,4,2022-10-10
2022-10-10 20:00:00,141.005005,141.470000,140.975010,141.365010,4,2022-10-11
2022-10-11 00:00:00,141.355000,141.815000,141.155000,141.270000,4,2022-10-11
2022-10-11 04:00:00,141.285000,141.600010,141.235000,141.414990,4,2022-10-11
2022-10-11 08:00:00,141.380000,141.685000,141.315000,141.610000,4,2022-10-11
2022-10-11 12:00:00,141.605000,141.645000,141.014999,141.080002,4,2022-10-11
2022-10-11 16:00:00,141.074997,141.580000,141.039993,141.440000,4,2022-10-11
2022-10-11 20:00:00,141.445010,141.765000,141.265000,141.575000,4,2022-10-12
2022-10-12 00:00:00,141.560000,142.195010,141.270000,142.155000,4,2022-10-12
2022-10-12 04:00:00,142.140000,142.210010,141.429990,141.600010,4,2022-10-12
2022-10-12 08:00:00,141.600010,141.835010,141.440000,141.789990,4,2022-10-12
2022-10-12 12:00:00,141.795000,142.145000,141.664990,142.029999,4,2022-10-12
2022-10-12 16:00:00,142.020004,142.245000,141.774990,141.965000,4,2022-10-12
2022-10-12 20:00:00,141.960010,142.500000,141.950000,142.405000,4,2022-10-13
2022-10-13 00:00:00,142.414990,142.640000,142.000000,142.325000,4,2022-10-13
2022-10-13 04:00:00,142.295000,142.615010,142.255000,142.539990,4,2022-10-13
2022-10-13 08:00:00,142.595000,142.664990,142.355000,142.595000,4,2022-10-13
2022-10-13 12:00:00,142.605000,142.625000,142.360000,142.485000,4,2022-10-13
2022-10-13 16:00:00,142.485000,142.615010,142.195010,142.615010,4,2022-10-13
2022-10-13 20:00:00,142.615010,143.310000,141.895000,142.410000,4,2022-10-14
2022-10-14 00:00:00,142.410000,144.035004,141.745000,143.899990,4,2022-10-14
2022-10-14 04:00:00,143.905000,144.100010,143.825000,143.945010,4,2022-10-14
2022-10-14 08:00:00,143.914990,144.054993,143.804990,143.925000,4,2022-10-14
2022-10-14 12:00:00,143.945010,144.340000,143.860000,144.225010,4,2022-10-14
2022-10-14 16:00:00,144.215000,144.435000,143.840000,144.000000,4,2022-10-14
2022-10-14 20:00:00,144.035004,144.054993,143.585010,143.715000,1,2022-10-14
2022-10-17 04:00:00,144.355000,144.375000,144.335010,144.335010,1,2022-10-17
2022-10-17 08:00:00,144.420000,144.835010,144.355000,144.774990,4,2022-10-17
2022-10-17 12:00:00,144.765000,144.914990,144.695010,144.890000,4,2022-10-17
2022-10-17 16:00:00,144.875000,145.074997,144.625000,144.810000,4,2022-10-17
2022-10-17 20:00:00,144.845000,145.435000,144.815000,145.365010,4,2022-10-18
2022-10-18 00:00:00,145.335010,146.554990,145.330000,146.435000,4,2022-10-18
2022-10-18 04:00:00,146.445010,146.725010,146.395000,146.679990,4,2022-10-18
2022-10-18 08:00:00,146.655000,146.735000,146.384990,146.390000,4,2022-10-18
2022-10-18 12:00:00,146.390000,146.795000,146.240010,146.675000,4,2022-10-18
2022-10-18 16:00:00,146.675000,147.000000,146.524990,146.725010,4,2022-10-18
2022-10-18 20:00:00,146.715000,146.855000,146.310000,146.820010,4,2022-10-19
2022-10-19 00:00:00,146.835010,147.130000,146.500000,147.020004,4,2022-10-19
2022-10-19 04:00:00,147.059998,147.210010,146.910000,147.115010,4,2022-10-19
2022-10-19 08:00:00,147.095001,147.265000,147.005005,147.110000,4,2022-10-19
2022-10-19 12:00:00,147.120000,147.140000,146.835010,146.905000,4,2022-10-19
2022-10-19 16:00:00,146.895000,146.990010,146.615010,146.690000,4,2022-10-19
2022-10-19 20:00:00,146.695010,146.815000,146.105000,146.455000,4,2022-10-20
2022-10-20 00:00:00,146.445010,146.710010,146.265000,146.345000,4,2022-10-20
2022-10-20 04:00:00,146.325000,146.554990,146.230000,146.485000,4,2022-10-20
2022-10-20 08:00:00,146.500000,146.520000,146.245000,146.420000,4,2022-10-20
2022-10-20 12:00:00,146.395000,146.649990,146.255000,146.585010,4,2022-10-20
2022-10-20 16:00:00,146.585010,146.855000,146.520000,146.675000,4,2022-10-20
2022-10-20 20:00:00,146.695010,147.255000,146.414990,146.975010,4,2022-10-21
2022-10-21 00:00:00,146.935000,147.304990,146.585010,146.955000,4,2022-10-21
2022-10-21 04:00:00,146.975010,147.035004,146.695010,146.960010,4,2022-10-21
2022-10-21 08:00:00,146.920000,146.970000,146.705000,146.715000,4,2022-10-21
2022-10-21 12:00:00,146.715000,147.000000,146.675000,146.955000,4,2022-10-21
2022-10-21 16:00:00,146.945010,147.465000,146.825000,147.255000,4,2022-10-21
2022-10-21 20:00:00,147.255000,147.335010,146.950000,147.035004,1,2022-10-21
2022-10-24 04:00:00,145.585010,145.735000,145.570010,145.670000,1,2022-10-24
2022-10-24 08:00:00,145.664990,147.405000,143.815000,146.455000,4,2022-10-24
2022-10-24 12:00:00,146.480000,146.655000,146.200000,146.645000,4,2022-10-24
2022-10-24 16:00:00,146.645000,147.009995,146.524990,146.865010,4,2022-10-24
2022-10-24 20:00:00,146.865010,146.955000,146.065002,146.725010,4,2022-10-25
2022-10-25 00:00:00,146.745000,147.185000,146.615010,147.035004,4,2022-10-25
2022-10-25 04:00:00,147.054993,147.235000,146.960010,147.085007,4,2022-10-25
2022-10-25 08:00:00,147.095001,147.425000,146.960010,147.414990,4,2022-10-25
2022-10-25 12:00:00,147.395000,147.435000,147.029999,147.100010,4,2022-10-25
2022-10-25 16:00:00,147.085007,147.115010,146.695010,146.755000,4,2022-10-25
2022-10-25 20:00:00,146.735000,147.080002,146.634990,146.925000,4,2022-10-26
2022-10-26 00:00:00,146.920000,147.455000,146.899990,147.355000,4,2022-10-26
2022-10-26 04:00:00,147.350010,147.505000,147.315000,147.445010,4,2022-10-26
2022-10-26 08:00:00,147.435000,147.715000,147.340000,147.355000,4,2022-10-26
2022-10-26 12:00:00,147.360000,147.679990,147.345000,147.605000,4,2022-10-26
2022-10-26 16:00:00,147.575000,147.715000,147.195010,147.565000,4,2022-10-26
2022-10-26 20:00:00,147.550000,147.630000,147.110000,147.355000,4,2022-10-27
2022-10-27 00:00:00,147.345000,147.645000,146.965000,147.560000,4,2022-10-27
2022-10-27 04:00:00,147.550000,147.655000,147.375000,147.575000,4,2022-10-27
2022-10-27 08:00:00,147.520000,147.700000,147.195010,147.225010,4,2022-10-27
2022-10-27 12:00:00,147.210010,147.355000,146.830000,146.860000,4,2022-10-27
2022-10-27 16:00:00,146.860000,146.940000,146.270000,146.835010,4,2022-10-27
2022-10-27 20:00:00,146.830000,147.485000,146.610000,146.625000,4,2022-10-28
2022-10-28 00:00:00,146.605000,146.735000,145.565000,145.825000,4,2022-10-28
2022-10-28 04:00:00,145.815000,145.940000,145.585010,145.755000,4,2022-10-28
2022-10-28 08:00:00,145.759990,146.160000,145.640000,146.115010,4,2022-10-28
2022-10-28 12:00:00,146.120000,146.580000,145.895000,146.054993,4,2022-10-28
2022-10-28 16:00:00,146.059998,146.795000,145.890000,146.590000,4,2022-10-28
2022-10-28 20:00:00,146.634990,147.210010,146.580000,146.995000,1,2022-10-28
2022-10-31 04:00:00,146.710010,146.715000,146.660000,146.660000,1,2022-10-31
2022-10-31 08:00:00,146.960010,147.685000,146.815000,147.615010,4,2022-10-31
2022-10-31 12:00:00,147.625000,147.675000,147.255000,147.395000,4,2022-10-31
2022-10-31 16:00:00,147.390000,147.399990,146.914990,147.120000,4,2022-10-31
2022-10-31 20:00:00,147.134990,147.759990,147.080002,147.405000,4,2022-11-01
2022-11-01 00:00:00,147.395000,147.414990,146.750000,146.774990,4,2022-11-01
2022-11-01 04:00:00,146.765000,147.044998,146.715000,146.990010,4,2022-11-01
2022-11-01 08:00:00,147.014999,147.125000,146.870000,147.020004,4,2022-11-01
2022-11-01 12:00:00,147.014999,147.044998,146.675000,147.000000,4,2022-11-01
2022-11-01 16:00:00,146.995000,147.115010,146.405000,146.405000,4,2022-11-01
2022-11-01 20:00:00,146.425000,146.675000,146.044998,146.164990,4,2022-11-02
2022-11-02 00:00:00,146.195010,146.720000,145.975010,146.115010,4,2022-11-02
2022-11-02 04:00:00,146.125000,146.545000,146.110000,146.384990,4,2022-11-02
2022-11-02 08:00:00,146.435000,146.539990,145.530000,145.530000,4,2022-11-02
2022-11-02 12:00:00,145.570010,146.005005,145.515000,145.914990,4,2022-11-02
2022-11-02 16:00:00,145.905000,145.945010,145.390000,145.700000,4,2022-11-02
2022-11-02 20:00:00,145.690000,145.785000,145.360000,145.700000,4,2022-11-03
2022-11-03 00:00:00,145.715000,145.800000,145.005005,145.125000,4,2022-11-03
2022-11-03 04:00:00,145.120000,145.715000,144.895000,145.215000,4,2022-11-03
2022-11-03 08:00:00,145.315000,145.365010,144.705000,144.720000,4,2022-11-03
2022-11-03 12:00:00,144.725010,144.929990,144.679990,144.835010,4,2022-11-03
2022-11-03 16:00:00,144.835010,144.935000,144.580000,144.685000,4,2022-11-03
2022-11-03 20:00:00,144.675000,144.705000,144.325000,144.590000,4,2022-11-04
2022-11-04 00:00:00,144.605000,144.774990,144.044998,144.515000,4,2022-11-04
2022-11-04 04:00:00,144.500000,144.695010,144.465000,144.570010,4,2022-11-04
2022-11-04 08:00:00,144.615010,144.725010,144.325000,144.545000,4,2022-11-04
2022-11-04 12:00:00,144.550000,144.765000,144.340000,144.705000,4,2022-11-04
2022-11-04 16:00:00,144.705000,144.884990,144.230000,144.384990,4,2022-11-04
2022-11-04 20:00:00,144.405000,144.655000,144.315000,144.485000,1,2022-11-04
2022-11-07 04:00:00,145.295000,145.895000,145.295000,145.880000,1,2022-11-07
2022-11-07 08:00:00,145.735000,146.105000,145.640000,146.020004,4,2022-11-07
2022-11-07 12:00:00,146.014999,146.350010,145.880000,146.295000,4,2022-11-07
2022-11-07 16:00:00,146.295000,146.715000,146.274990,146.670000,4,2022-11-07
2022-11-07 20:00:00,146.690000,146.804990,146.200000,146.350010,4,2022-11-08
2022-11-08 00:00:00,146.365010,146.634990,146.039993,146.600010,4,2022-11-08
2022-11-08 04:00:00,146.600010,147.024994,146.550000,146.895000,4,2022-11-08
2022-11-08 08:00:00,146.905000,147.000000,146.750000,146.910000,4,2022-11-08
2022-11-08 12:00:00,146.914990,146.995000,146.685000,146.785000,4,2022-11-08
2022-11-08 16:00:00,146.785000,146.899990,146.340000,146.360000,4,2022-11-08
2022-11-08 20:00:00,146.350010,146.440000,146.140000,146.355000,4,2022-11-09
2022-11-09 00:00:00,146.365010,146.765000,145.995000,146.675000,4,2022-11-09
2022-11-09 04:00:00,146.664990,146.884990,146.485000,146.685000,4,2022-11-09
2022-11-09 08:00:00,146.655000,146.835010,146.365010,146.645000,4,2022-11-09
2022-11-09 12:00:00,146.630000,146.735000,146.450000,146.580000,4,2022-11-09
2022-11-09 16:00:00,146.575000,146.820010,146.350010,146.410000,4,2022-11-09
2022-11-09 20:00:00,146.384990,146.679990,146.320010,146.505000,4,2022-11-10
2022-11-10 00:00:00,146.500000,147.105000,146.500000,146.679990,4,2022-11-10
2022-11-10 04:00:00,146.695010,146.795000,146.490010,146.715000,4,2022-11-10
2022-11-10 08:00:00,146.670000,146.685000,146.455000,146.570010,4,2022-11-10
2022-11-10 12:00:00,146.570010,146.675000,146.395000,146.615010,4,2022-11-10
2022-11-10 16:00:00,146.605000,146.755000,146.089996,146.134990,4,2022-11-10
2022-11-10 20:00:00,146.140000,146.200000,145.475010,145.524990,4,2022-11-11
2022-11-11 00:00:00,145.524990,146.100010,144.000000,144.274990,4,2022-11-11
2022-11-11 04:00:00,144.270000,144.470000,143.895000,144.005005,4,2022-11-11
2022-11-11 08:00:00,144.005005,144.735000,143.215000,144.410000,4,2022-11-11
2022-11-11 12:00:00,144.470000,145.035004,144.355000,144.490010,4,2022-11-11
2022-11-11 16:00:00,144.485000,144.895000,144.310000,144.429990,4,2022-11-11
2022-11-11 20:00:00,144.414990,144.429990,142.675000,143.289990,2,2022-11-11
2022-11-14 04:00:00,143.395000,143.670000,143.395000,143.660000,1,2022-11-14
2022-11-14 08:00:00,143.630000,144.435000,143.630000,143.905000,4,2022-11-14
2022-11-14 12:00:00,143.860000,144.014999,143.475010,143.710010,4,2022-11-14
2022-11-14 16:00:00,143.720000,144.640000,143.575000,144.640000,4,2022-11-14
2022-11-14 20:00:00,144.605000,144.875000,144.304990,144.840000,4,2022-11-15
2022-11-15 00:00:00,144.820010,145.259990,144.634990,145.140000,4,2022-11-15
2022-11-15 04:00:00,145.155000,145.220000,144.255000,144.259990,4,2022-11-15
2022-11-15 08:00:00,144.280000,145.024994,144.280000,144.855000,4,2022-11-15
2022-11-15 12:00:00,144.865010,145.089996,144.685000,144.914990,4,2022-11-15
2022-11-15 16:00:00,144.910000,145.370000,144.620000,145.205000,4,2022-11-15
2022-11-15 20:00:00,145.175000,145.350010,144.745000,144.965000,4,2022-11-16
2022-11-16 00:00:00,144.910000,145.020004,144.205000,144.560000,4,2022-11-16
2022-11-16 04:00:00,144.550000,144.774990,143.365010,144.100010,4,2022-11-16
2022-11-16 08:00:00,144.089996,144.330000,143.570010,144.175000,4,2022-11-16
2022-11-16 12:00:00,144.195010,145.270000,144.125000,144.895000,4,2022-11-16
2022-11-16 16:00:00,144.929990,145.320010,144.835010,145.315000,4,2022-11-16
2022-11-16 20:00:00,145.325000,145.465000,145.065002,145.230000,4,2022-11-17
2022-11-17 00:00:00,145.230000,145.530000,144.675000,145.115010,4,2022-11-17
2022-11-17 04:00:00,145.120000,145.134990,144.590000,144.945010,4,2022-11-17
2022-11-17 08:00:00,144.940000,145.070007,144.810000,144.875000,3,2022-11-17
2022-11-17 12:00:00,144.855000,144.895000,144.670000,144.725010,4,2022-11-17
2022-11-17 16:00:00,144.710010,144.960010,144.460010,144.789990,4,2022-11-17
2022-11-17 20:00:00,144.785000,144.970000,144.545000,144.965000,4,2022-11-18
2022-11-18 00:00:00,144.985000,145.360000,144.750000,145.225010,4,2022-11-18
2022-11-18 04:00:00,145.230000,145.485000,145.115010,145.365010,4,2022-11-18
2022-11-18 08:00:00,145.355000,145.410000,145.259990,145.390000,2,2022-11-18
2022-11-18 12:00:00,145.050003,145.175000,144.955000,144.990010,2,2022-11-18
2022-11-18 16:00:00,144.990010,145.250000,144.914990,145.210010,4,2022-11-18
2022-11-18 20:00:00,145.179990,145.485000,144.884990,144.935000,2,2022-11-18
2022-11-21 08:00:00,144.940000,145.005005,144.710010,144.730000,3,2022-11-21
2022-11-21 12:00:00,144.730000,144.774990,144.360000,144.410000,4,2022-11-21
2022-11-21 16:00:00,144.380000,144.860000,144.310000,144.740010,4,2022-11-21
2022-11-21 20:00:00,144.740010,145.455000,144.675000,145.350010,4,2022-11-22
2022-11-22 00:00:00,145.335010,145.465000,144.840000,145.330000,4,2022-11-22
2022-11-22 04:00:00,145.335010,145.649990,145.274990,145.524990,4,2022-11-22
2022-11-22 08:00:00,145.524990,145.700000,145.445010,145.575000,4,2022-11-22
2022-11-22 12:00:00,145.575000,145.649990,145.330000,145.380000,4,2022-11-22
2022-11-22 16:00:00,145.380000,145.649990,145.340000,145.560000,4,2022-11-22
2022-11-22 20:00:00,145.545000,145.554990,144.884990,145.145000,4,2022-11-23
2022-11-23 00:00:00,145.149990,145.445010,144.895000,145.190000,4,2022-11-23
2022-11-23 04:00:00,145.190000,145.545000,145.160000,145.465000,4,2022-11-23
2022-11-23 08:00:00,145.475010,145.560000,145.395000,145.465000,4,2022-11-23
2022-11-23 12:00:00,145.455000,145.920000,145.455000,145.905000,4,2022-11-23
2022-11-23 16:00:00,145.920000,146.145000,145.705000,145.765000,4,2022-11-23
2022-11-23 20:00:00,145.750000,146.110000,145.630000,145.845000,4,2022-11-24
2022-11-24 00:00:00,145.850010,145.884990,144.620000,144.845000,4,2022-11-24
2022-11-24 04:00:00,144.845000,145.170000,144.785000,145.105000,4,2022-11-24
2022-11-24 08:00:00,145.110000,145.210010,144.880000,144.975010,4,2022-11-24
2022-11-24 12:00:00,144.960010,144.985000,144.600010,144.925000,4,2022-11-24
2022-11-24 16:00:00,144.925000,145.024994,144.535000,144.554990,4,2022-11-24
2022-11-24 20:00:00,144.560000,144.620000,143.649990,143.929990,4,2022-11-25
2022-11-25 00:00:00,143.940000,144.205000,143.835010,144.070007,4,2022-11-25
2022-11-25 04:00:00,144.080002,144.255000,143.980000,144.245000,4,2022-11-25
2022-11-25 08:00:00,144.245000,144.630000,144.115010,144.600010,4,2022-11-25
2022-11-25 12:00:00,144.620000,144.675000,144.245000,144.295000,4,2022-11-25
2022-11-25 16:00:00,144.310000,144.770000,144.235000,144.690000,3,2022-11-25
2022-11-25 20:00:00,144.690000,145.164990,144.690000,145.089996,2,2022-11-25
2022-11-28 04:00:00,144.750000,144.750000,144.750000,144.750000,1,2022-11-28
2022-11-28 08:00:00,144.615010,144.715000,144.170000,144.300000,4,2022-11-28
2022-11-28 12:00:00,144.270000,144.325000,143.259990,143.520000,4,2022-11-28
2022-11-28 16:00:00,143.535000,143.774990,143.054993,143.774990,4,2022-11-28
2022-11-28 20:00:00,143.740010,144.870000,143.670000,144.770000,4,2022-11-29
2022-11-29 00:00:00,144.774990,145.009995,143.980000,143.995000,4,2022-11-29
2022-11-29 04:00:00,144.005005,144.160000,143.490010,143.615010,4,2022-11-29
2022-11-29 08:00:00,143.615010,143.725010,143.380000,143.495000,4,2022-11-29
2022-11-29 12:00:00,143.520000,144.024994,143.485000,143.914990,4,2022-11-29
2022-11-29 16:00:00,143.914990,144.024994,143.115010,143.395000,4,2022-11-29
2022-11-29 20:00:00,143.390000,143.550000,143.020004,143.289990,4,2022-11-30
2022-11-30 00:00:00,143.295000,143.520000,143.009995,143.190000,4,2022-11-30
2022-11-30 04:00:00,143.200000,143.345000,143.065002,143.320010,4,2022-11-30
2022-11-30 08:00:00,143.320010,143.595000,143.164990,143.399990,4,2022-11-30
2022-11-30 12:00:00,143.414990,143.675000,143.295000,143.509990,4,2022-11-30
2022-11-30 16:00:00,143.509990,143.770000,143.190000,143.730000,4,2022-11-30
2022-11-30 20:00:00,143.740010,144.100010,143.524990,143.945010,4,2022-12-01
2022-12-01 00:00:00,143.950000,144.875000,143.575000,143.780000,4,2022-12-01
2022-12-01 04:00:00,143.810000,144.120000,143.355000,143.720000,4,2022-12-01
2022-12-01 08:00:00,143.685000,143.780000,142.740010,142.804990,4,2022-12-01
2022-12-01 12:00:00,142.810000,142.815000,142.429990,142.695010,4,2022-12-01
2022-12-01 16:00:00,142.705000,142.750000,141.929990,142.345000,4,2022-12-01
2022-12-01 20:00:00,142.335010,142.565000,142.110000,142.355000,4,2022-12-02
2022-12-02 00:00:00,142.370000,143.170000,142.179990,142.289990,4,2022-12-02
2022-12-02 04:00:00,142.300000,142.425000,142.085007,142.420000,4,2022-12-02
2022-12-02 08:00:00,142.405000,142.500000,142.225010,142.420000,4,2022-12-02
2022-12-02 12:00:00,142.414990,142.445010,141.929990,142.179990,4,2022-12-02
2022-12-02 16:00:00,142.179990,142.350010,140.865010,140.950000,4,2022-12-02
2022-12-02 20:00:00,140.920000,141.270000,140.765000,141.160000,2,2022-12-02
2022-12-05 04:00:00,141.509990,141.590000,141.495000,141.515000,1,2022-12-05
2022-12-05 08:00:00,141.524990,142.080002,141.460010,141.955000,4,2022-12-05
2022-12-05 12:00:00,141.955000,142.245000,141.750000,142.120000,4,2022-12-05
2022-12-05 16:00:00,142.110000,142.825000,142.105000,142.804990,4,2022-12-05
2022-12-05 20:00:00,142.785000,143.095001,142.465000,143.035004,4,2022-12-06
2022-12-06 00:00:00,143.009995,143.615010,142.945010,143.300000,4,2022-12-06
2022-12-06 04:00:00,143.295000,143.539990,143.270000,143.475010,4,2022-12-06
2022-12-06 08:00:00,143.470000,143.605000,143.240010,143.460010,4,2022-12-06
2022-12-06 12:00:00,143.470000,143.950000,143.330000,143.595000,4,2022-12-06
2022-12-06 16:00:00,143.590000,144.050003,143.295000,143.365010,4,2022-12-06
2022-12-06 20:00:00,143.375000,143.630000,143.105000,143.230000,4,2022-12-07
2022-12-07 00:00:00,143.245000,143.630000,143.149990,143.480000,4,2022-12-07
2022-12-07 04:00:00,143.455000,143.509990,143.235000,143.414990,4,2022-12-07
2022-12-07 08:00:00,143.384990,143.575000,143.160000,143.475010,4,2022-12-07
2022-12-07 12:00:00,143.465000,143.845000,143.315000,143.774990,4,2022-12-07
2022-12-07 16:00:00,143.780000,144.080002,143.630000,144.029999,4,2022-12-07
2022-12-07 20:00:00,144.035004,144.605000,143.960010,144.550000,4,2022-12-08
2022-12-08 00:00:00,144.530000,144.575000,143.320010,143.470000,4,2022-12-08
2022-12-08 04:00:00,143.460010,143.505000,143.259990,143.395000,4,2022-12-08
2022-12-08 08:00:00,143.405000,143.660000,143.245000,143.485000,4,2022-12-08
2022-12-08 12:00:00,143.495000,144.059998,143.450000,143.804990,4,2022-12-08
2022-12-08 16:00:00,143.804990,144.070007,143.690000,144.024994,4,2022-12-08
2022-12-08 20:00:00,143.980000,144.039993,143.590000,143.745000,4,2022-12-09
2022-12-09 00:00:00,143.759990,144.149990,143.500000,143.990010,4,2022-12-09
2022-12-09 04:00:00,143.980000,144.395000,143.845000,144.274990,4,2022-12-09
2022-12-09 08:00:00,144.280000,144.475010,144.145000,144.285000,4,2022-12-09
2022-12-09 12:00:00,144.304990,144.330000,143.655000,143.855000,4,2022-12-09
2022-12-09 16:00:00,143.855000,144.274990,143.785000,143.899990,4,2022-12-09
2022-12-09 20:00:00,143.899990,143.975010,143.550000,143.690000,2,2022-12-09
2022-12-12 04:00:00,143.950000,144.014999,143.884990,143.980000,1,2022-12-12
2022-12-12 08:00:00,143.860000,144.029999,143.720000,143.835010,4,2022-12-12
2022-12-12 12:00:00,143.830000,144.050003,143.759990,144.000000,4,2022-12-12
2022-12-12 16:00:00,144.009995,144.410000,143.835010,144.330000,4,2022-12-12
2022-12-12 20:00:00,144.335010,144.720000,144.255000,144.679990,4,2022-12-13
2022-12-13 00:00:00,144.685000,145.100010,144.505000,144.955000,4,2022-12-13
2022-12-13 04:00:00,144.955000,145.115010,144.780000,145.100010,4,2022-12-13
2022-12-13 08:00:00,145.095001,145.310000,144.895000,145.289990,4,2022-12-13
2022-12-13 12:00:00,145.274990,145.325000,144.995000,145.125000,4,2022-12-13
2022-12-13 16:00:00,145.155000,145.355000,144.875000,145.175000,4,2022-12-13
2022-12-13 20:00:00,145.190000,145.210010,144.750000,144.850010,4,2022-12-14
2022-12-14 00:00:00,144.850010,145.765000,143.575000,143.660000,4,2022-12-14
2022-12-14 04:00:00,143.655000,144.175000,143.530000,144.125000,4,2022-12-14
2022-12-14 08:00:00,144.149990,144.210010,143.940000,144.005005,4,2022-12-14
2022-12-14 12:00:00,143.995000,144.265000,143.905000,144.014999,4,2022-12-14
2022-12-14 16:00:00,144.014999,144.155000,143.865010,143.985000,4,2022-12-14
2022-12-14 20:00:00,143.980000,144.205000,143.545000,143.725010,4,2022-12-15
2022-12-15 00:00:00,143.740010,143.804990,143.539990,143.804990,4,2022-12-15
2022-12-15 04:00:00,143.789990,144.860000,143.715000,144.475010,4,2022-12-15
2022-12-15 08:00:00,144.440000,144.755000,144.414990,144.545000,4,2022-12-15
2022-12-15 12:00:00,144.524990,144.575000,144.310000,144.460010,4,2022-12-15
2022-12-15 16:00:00,144.505000,145.009995,144.445010,144.940000,4,2022-12-15
2022-12-15 20:00:00,144.950000,145.304990,144.895000,145.029999,4,2022-12-16
2022-12-16 00:00:00,145.020004,146.730000,144.970000,146.725010,4,2022-12-16
2022-12-16 04:00:00,146.740010,146.740010,146.164990,146.274990,4,2022-12-16
2022-12-16 08:00:00,146.315000,146.595000,146.245000,146.384990,4,2022-12-16
2022-12-16 12:00:00,146.384990,146.390000,145.970000,146.014999,4,2022-12-16
2022-12-16 16:00:00,146.020004,146.414990,145.630000,145.840000,4,2022-12-16
2022-12-16 20:00:00,145.865010,145.899990,145.495000,145.679990,2,2022-12-16
2022-12-19 04:00:00,143.804990,143.810000,143.745000,143.745000,1,2022-12-19
2022-12-19 08:00:00,143.815000,144.595000,143.810000,144.250000,4,2022-12-19
2022-12-19 12:00:00,144.245000,144.610000,144.000000,144.395000,4,2022-12-19
2022-12-19 16:00:00,144.405000,144.735000,144.265000,144.615010,4,2022-12-19
2022-12-19 20:00:00,144.600010,144.895000,144.450000,144.670000,4,2022-12-20
2022-12-20 00:00:00,144.645000,145.515000,144.620000,145.440000,4,2022-12-20
2022-12-20 04:00:00,145.425000,145.505000,145.175000,145.280000,4,2022-12-20
2022-12-20 08:00:00,145.289990,145.595000,145.014999,145.575000,4,2022-12-20
2022-12-20 12:00:00,145.539990,145.810000,141.230000,141.395000,4,2022-12-20
2022-12-20 16:00:00,141.445010,141.634990,140.140000,140.625000,4,2022-12-20
2022-12-20 20:00:00,140.640000,141.320010,140.300000,140.840000,4,2022-12-21
2022-12-21 00:00:00,140.840000,140.980000,139.274990,139.420000,4,2022-12-21
2022-12-21 04:00:00,139.399990,140.009995,138.815000,139.860000,4,2022-12-21
2022-12-21 08:00:00,139.855000,140.285000,139.690000,139.755000,4,2022-12-21
2022-12-21 12:00:00,139.715000,140.520000,139.679990,140.240010,4,2022-12-21
2022-12-21 16:00:00,140.259990,140.440000,139.870000,139.920000,4,2022-12-21
2022-12-21 20:00:00,139.929990,140.240010,139.695010,140.175000,4,2022-12-22
2022-12-22 00:00:00,140.185000,140.774990,139.990010,140.270000,4,2022-12-22
2022-12-22 04:00:00,140.285000,140.500000,140.145000,140.429990,4,2022-12-22
2022-12-22 08:00:00,140.445010,140.515000,140.179990,140.220000,4,2022-12-22
2022-12-22 12:00:00,140.195010,140.360000,139.955000,140.259990,4,2022-12-22
2022-12-22 16:00:00,140.259990,140.580000,140.210010,140.435000,4,2022-12-22
2022-12-22 20:00:00,140.410000,140.675000,140.179990,140.509990,4,2022-12-23
2022-12-23 00:00:00,140.500000,140.560000,140.054993,140.110000,4,2022-12-23
2022-12-23 04:00:00,140.110000,140.445010,140.029999,140.280000,4,2022-12-23
2022-12-23 08:00:00,140.289990,140.575000,140.089996,140.370000,4,2022-12-23
2022-12-23 12:00:00,140.380000,140.845000,140.350010,140.740010,4,2022-12-23
2022-12-23 16:00:00,140.759990,140.895000,140.550000,140.630000,4,2022-12-23
2022-12-23 20:00:00,140.630000,140.925000,140.580000,140.840000,2,2022-12-23
2022-12-26 08:00:00,140.899990,141.215000,140.335010,140.575000,3,2022-12-26
2022-12-26 12:00:00,140.585010,140.920000,140.545000,140.890000,4,2022-12-26
2022-12-26 16:00:00,140.855000,141.149990,140.830000,141.115010,4,2022-12-26
2022-12-26 20:00:00,141.115010,141.520000,141.085007,141.370000,4,2022-12-27
2022-12-27 00:00:00,141.380000,141.509990,141.220000,141.295000,4,2022-12-27
2022-12-27 04:00:00,141.300000,141.340000,141.250000,141.320010,4,2022-12-27
2022-12-27 08:00:00,141.320010,141.715000,141.140000,141.575000,4,2022-12-27
2022-12-27 12:00:00,141.570010,141.715000,141.304990,141.475010,4,2022-12-27
2022-12-27 16:00:00,141.480000,141.899990,141.395000,141.770000,4,2022-12-27
2022-12-27 20:00:00,141.785000,142.280000,141.695010,141.740010,4,2022-12-28
2022-12-28 00:00:00,141.725010,142.215000,141.565000,142.149990,4,2022-12-28
2022-12-28 04:00:00,142.149990,142.170000,141.895000,142.105000,4,2022-12-28
2022-12-28 08:00:00,142.105000,142.330000,141.890000,142.110000,4,2022-12-28
2022-12-28 12:00:00,142.120000,142.945010,142.095001,142.575000,4,2022-12-28
2022-12-28 16:00:00,142.580000,142.780000,142.460010,142.600010,4,2022-12-28
2022-12-28 20:00:00,142.640000,142.730000,142.140000,142.179990,4,2022-12-29
2022-12-29 00:00:00,142.170000,142.865010,142.160000,142.625000,4,2022-12-29
2022-12-29 04:00:00,142.620000,142.770000,142.480000,142.660000,4,2022-12-29
2022-12-29 08:00:00,142.660000,142.730000,142.315000,142.470000,4,2022-12-29
2022-12-29 12:00:00,142.490010,142.535000,141.895000,141.975010,4,2022-12-29
2022-12-29 16:00:00,141.985000,142.300000,141.845000,142.044998,4,2022-12-29
2022-12-29 20:00:00,142.074997,142.414990,142.050003,142.360000,4,2022-12-30
2022-12-30 00:00:00,142.370000,142.384990,141.570010,142.035004,4,2022-12-30
2022-12-30 04:00:00,142.044998,142.210010,141.815000,141.899990,4,2022-12-30
2022-12-30 08:00:00,141.925000,141.925000,141.259990,141.289990,4,2022-12-30
2022-12-30 12:00:00,141.289990,141.490010,141.164990,141.355000,4,2022-12-30
2022-12-30 16:00:00,141.355000,141.390000,140.440000,140.580000,4,2022-12-30
2022-12-30 20:00:00,140.560000,140.870000,140.340000,140.690000,2,2022-12-30
2023-01-02 04:00:00,140.215000,140.215000,140.185000,140.210010,1,2023-01-02
2023-01-02 08:00:00,140.210010,140.289990,139.810000,140.270000,4,2023-01-02
2023-01-02 12:00:00,140.285000,140.295000,140.059998,140.115010,4,2023-01-02
2023-01-02 16:00:00,140.115010,140.115010,139.649990,139.830000,4,2023-01-02
2023-01-02 20:00:00,139.850010,140.100010,139.615010,139.660000,4,2023-01-03
2023-01-03 00:00:00,139.649990,139.705000,139.270000,139.330000,4,2023-01-03
2023-01-03 04:00:00,139.325000,139.505000,139.289990,139.429990,4,2023-01-03
2023-01-03 08:00:00,139.414990,140.020004,139.335010,139.370000,4,2023-01-03
2023-01-03 12:00:00,139.350010,139.410000,138.240010,138.250000,4,2023-01-03
2023-01-03 16:00:00,138.255000,138.554990,137.950000,137.980000,4,2023-01-03
2023-01-03 20:00:00,137.990010,138.140000,137.399990,137.990010,4,2023-01-04
2023-01-04 00:00:00,138.000000,138.350010,137.625000,138.145000,4,2023-01-04
2023-01-04 04:00:00,138.134990,138.280000,137.810000,138.185000,4,2023-01-04
2023-01-04 08:00:00,138.195010,138.565000,138.089996,138.320010,4,2023-01-04
2023-01-04 12:00:00,138.315000,138.524990,138.009995,138.325000,4,2023-01-04
2023-01-04 16:00:00,138.325000,138.575000,137.880000,138.560000,4,2023-01-04
2023-01-04 20:00:00,138.565000,138.884990,138.350010,138.774990,4,2023-01-05
2023-01-05 00:00:00,138.750000,140.274990,138.610000,140.160000,4,2023-01-05
2023-01-05 04:00:00,140.179990,140.759990,140.125000,140.700000,4,2023-01-05
2023-01-05 08:00:00,140.685000,140.774990,139.985000,140.170000,4,2023-01-05
2023-01-05 12:00:00,140.190000,140.460010,139.975010,140.304990,4,2023-01-05
2023-01-05 16:00:00,140.310000,141.089996,140.300000,140.820010,4,2023-01-05
2023-01-05 20:00:00,140.810000,140.884990,140.505000,140.720000,4,2023-01-06
2023-01-06 00:00:00,140.720000,141.350010,140.429990,140.545000,4,2023-01-06
2023-01-06 04:00:00,140.550000,140.550000,140.155000,140.300000,4,2023-01-06
2023-01-06 08:00:00,140.325000,140.685000,140.230000,140.605000,4,2023-01-06
2023-01-06 12:00:00,140.625000,141.070007,140.595000,140.929990,4,2023-01-06
2023-01-06 16:00:00,140.945010,141.445010,140.675000,141.355000,4,2023-01-06
2023-01-06 20:00:00,141.315000,141.390000,141.080002,141.179990,2,2023-01-06
2023-01-09 04:00:00,140.440000,140.440000,140.390000,140.405000,1,2023-01-09
2023-01-09 08:00:00,140.455000,140.804990,140.325000,140.554990,4,2023-01-09
2023-01-09 12:00:00,140.530000,140.655000,140.175000,140.610000,4,2023-01-09
2023-01-09 16:00:00,140.615010,141.350010,140.610000,141.274990,4,2023-01-09
2023-01-09 20:00:00,141.285000,141.620000,141.185000,141.410000,4,2023-01-10
2023-01-10 00:00:00,141.399990,141.905000,141.240010,141.560000,4,2023-01-10
2023-01-10 04:00:00,141.565000,141.740010,141.395000,141.429990,4,2023-01-10
2023-01-10 08:00:00,141.440000,141.774990,141.245000,141.274990,4,2023-01-10
2023-01-10 12:00:00,141.285000,141.660000,141.110000,141.630000,4,2023-01-10
2023-01-10 16:00:00,141.640000,141.935000,141.429990,141.575000,4,2023-01-10
2023-01-10 20:00:00,141.590000,141.970000,141.480000,141.970000,4,2023-01-11
2023-01-11 00:00:00,141.925000,142.039993,141.655000,141.990010,4,2023-01-11
2023-01-11 04:00:00,142.000000,142.059998,141.845000,141.970000,4,2023-01-11
2023-01-11 08:00:00,141.980000,142.195010,141.825000,142.120000,4,2023-01-11
2023-01-11 12:00:00,142.125000,142.285000,142.000000,142.059998,4,2023-01-11
2023-01-11 16:00:00,142.050003,142.520000,142.039993,142.380000,4,2023-01-11
2023-01-11 20:00:00,142.370000,142.695010,142.200000,142.610000,4,2023-01-12
2023-01-12 00:00:00,142.600010,142.860000,142.355000,142.380000,4,2023-01-12
2023-01-12 04:00:00,142.395000,142.625000,142.240010,142.515000,4,2023-01-12
2023-01-12 08:00:00,142.524990,142.560000,141.715000,141.929990,4,2023-01-12
2023-01-12 12:00:00,141.970000,142.089996,141.570010,141.590000,4,2023-01-12
2023-01-12 16:00:00,141.595000,141.890000,141.445010,141.545000,4,2023-01-12
2023-01-12 20:00:00,141.530000,141.625000,140.565000,140.649990,4,2023-01-13
2023-01-13 00:00:00,140.649990,140.940000,140.089996,140.425000,4,2023-01-13
2023-01-13 04:00:00,140.435000,140.485000,140.035004,140.210010,4,2023-01-13
2023-01-13 08:00:00,140.215000,140.410000,139.840000,140.235000,4,2023-01-13
2023-01-13 12:00:00,140.235000,140.340000,139.830000,140.074997,4,2023-01-13
2023-01-13 16:00:00,140.074997,140.130000,139.029999,139.310000,4,2023-01-13
2023-01-13 20:00:00,139.295000,139.565000,139.145000,139.230000,2,2023-01-13
2023-01-16 08:00:00,138.445010,138.940000,138.375000,138.630000,4,2023-01-16
2023-01-16 12:00:00,138.649990,138.830000,138.230000,138.575000,4,2023-01-16
2023-01-16 16:00:00,138.565000,139.265000,138.509990,139.074997,4,2023-01-16
2023-01-16 20:00:00,139.039993,139.149990,138.800000,138.910000,4,2023-01-17
2023-01-17 00:00:00,138.910000,139.274990,138.780000,139.170000,4,2023-01-17
2023-01-17 04:00:00,139.215000,139.320010,138.980000,139.110000,4,2023-01-17
2023-01-17 08:00:00,139.085007,139.230000,138.830000,139.059998,4,2023-01-17
2023-01-17 12:00:00,139.054993,139.560000,138.980000,139.320010,4,2023-01-17
2023-01-17 16:00:00,139.304990,139.554990,139.050003,139.089996,4,2023-01-17
2023-01-17 20:00:00,139.089996,139.610000,139.085007,139.535000,4,2023-01-18
2023-01-18 00:00:00,139.524990,139.634990,138.195010,138.350010,4,2023-01-18
2023-01-18 04:00:00,138.355000,138.690000,138.200000,138.395000,4,2023-01-18
2023-01-18 08:00:00,138.410000,139.000000,138.205000,138.945010,4,2023-01-18
2023-01-18 12:00:00,138.980000,141.695010,138.580000,141.524990,4,2023-01-18
2023-01-18 16:00:00,141.509990,141.679990,140.535000,140.600010,4,2023-01-18
2023-01-18 20:00:00,140.600010,140.860000,139.480000,139.725010,4,2023-01-19
2023-01-19 00:00:00,139.735000,139.850010,138.870000,139.089996,4,2023-01-19
2023-01-19 04:00:00,139.095001,139.210010,138.830000,139.044998,4,2023-01-19
2023-01-19 08:00:00,139.044998,139.179990,138.490010,138.554990,4,2023-01-19
2023-01-19 12:00:00,138.554990,138.795000,138.120000,138.215000,4,2023-01-19
2023-01-19 16:00:00,138.235000,138.845000,137.929990,138.670000,4,2023-01-19
2023-01-19 20:00:00,138.670000,139.435000,138.670000,139.029999,4,2023-01-20
2023-01-20 00:00:00,139.039993,139.190000,138.520000,138.890000,4,2023-01-20
2023-01-20 04:00:00,138.880000,139.200000,138.870000,139.074997,4,2023-01-20
2023-01-20 08:00:00,139.095001,139.399990,139.029999,139.340000,4,2023-01-20
2023-01-20 12:00:00,139.340000,139.795000,139.274990,139.759990,4,2023-01-20
2023-01-20 16:00:00,139.759990,140.130000,139.615010,140.095001,4,2023-01-20
2023-01-20 20:00:00,140.089996,140.530000,140.089996,140.490010,2,2023-01-20
2023-01-23 04:00:00,140.725010,140.745000,140.664990,140.735000,1,2023-01-23
2023-01-23 08:00:00,140.735000,140.925000,140.480000,140.730000,4,2023-01-23
2023-01-23 12:00:00,140.715000,141.304990,140.565000,141.185000,4,2023-01-23
2023-01-23 16:00:00,141.195010,142.070007,141.160000,141.405000,4,2023-01-23
2023-01-23 20:00:00,141.399990,141.860000,141.350010,141.590000,4,2023-01-24
2023-01-24 00:00:00,141.600010,142.014999,141.580000,141.990010,4,2023-01-24
2023-01-24 04:00:00,141.985000,142.039993,141.795000,142.039993,4,2023-01-24
2023-01-24 08:00:00,142.044998,142.089996,141.649990,141.780000,4,2023-01-24
2023-01-24 12:00:00,141.780000,141.895000,141.575000,141.710010,4,2023-01-24
2023-01-24 16:00:00,141.750000,141.765000,141.255000,141.410000,4,2023-01-24
2023-01-24 20:00:00,141.414990,141.675000,141.259990,141.475010,4,2023-01-25
2023-01-25 00:00:00,141.475010,142.200000,141.304990,141.410000,4,2023-01-25
2023-01-25 04:00:00,141.425000,141.640000,141.370000,141.630000,4,2023-01-25
2023-01-25 08:00:00,141.634990,142.050003,141.575000,141.910000,4,2023-01-25
2023-01-25 12:00:00,141.895000,142.300000,141.765000,142.170000,4,2023-01-25
2023-01-25 16:00:00,142.175000,142.304990,141.605000,141.679990,4,2023-01-25
2023-01-25 20:00:00,141.670000,141.700000,140.770000,141.070007,4,2023-01-26
2023-01-26 00:00:00,141.020004,141.475010,141.000000,141.315000,4,2023-01-26
2023-01-26 04:00:00,141.295000,141.485000,141.235000,141.440000,4,2023-01-26
2023-01-26 08:00:00,141.460010,141.505000,140.975010,141.050003,4,2023-01-26
2023-01-26 12:00:00,141.050003,141.375000,140.860000,141.070007,4,2023-01-26
2023-01-26 16:00:00,141.080002,141.720000,141.044998,141.605000,4,2023-01-26
2023-01-26 20:00:00,141.620000,141.740010,141.280000,141.340000,4,2023-01-27
2023-01-27 00:00:00,141.340000,141.920000,141.145000,141.690000,4,2023-01-27
2023-01-27 04:00:00,141.690000,141.884990,141.490010,141.875000,4,2023-01-27
2023-01-27 08:00:00,141.865010,141.910000,141.095001,141.280000,4,2023-01-27
2023-01-27 12:00:00,141.265000,141.485000,141.095001,141.285000,4,2023-01-27
2023-01-27 16:00:00,141.285000,141.595000,141.089996,141.445010,4,2023-01-27
2023-01-27 20:00:00,141.465000,141.490010,141.175000,141.365010,2,2023-01-27
2023-01-30 04:00:00,141.140000,141.190000,141.125000,141.125000,1,2023-01-30
2023-01-30 08:00:00,141.125000,141.485000,140.840000,141.480000,4,2023-01-30
2023-01-30 12:00:00,141.455000,141.640000,140.565000,140.830000,4,2023-01-30
2023-01-30 16:00:00,140.830000,141.705000,140.550000,141.600010,4,2023-01-30
2023-01-30 20:00:00,141.600010,141.910000,141.509990,141.830000,4,2023-01-31
2023-01-31 00:00:00,141.820010,141.995000,141.595000,141.630000,4,2023-01-31
2023-01-31 04:00:00,141.645000,141.695010,141.445010,141.524990,4,2023-01-31
2023-01-31 08:00:00,141.509990,141.630000,141.405000,141.435000,4,2023-01-31
2023-01-31 12:00:00,141.399990,141.420000,141.160000,141.345000,4,2023-01-31
2023-01-31 16:00:00,141.345000,141.395000,140.750000,140.875000,4,2023-01-31
2023-01-31 20:00:00,140.855000,141.410000,140.855000,141.210010,4,2023-02-01
2023-02-01 00:00:00,141.220000,141.440000,140.804990,141.325000,4,2023-02-01
2023-02-01 04:00:00,141.340000,141.560000,141.310000,141.500000,4,2023-02-01
2023-02-01 08:00:00,141.509990,141.524990,141.070007,141.125000,4,2023-02-01
2023-02-01 12:00:00,141.125000,141.565000,141.080002,141.530000,4,2023-02-01
2023-02-01 16:00:00,141.535000,141.855000,141.429990,141.470000,4,2023-02-01
2023-02-01 20:00:00,141.485000,141.500000,141.250000,141.440000,4,2023-02-02
2023-02-02 00:00:00,141.425000,141.509990,140.914990,141.130000,4,2023-02-02
2023-02-02 04:00:00,141.120000,141.720000,140.940000,141.554990,4,2023-02-02
2023-02-02 08:00:00,141.560000,141.815000,141.245000,141.545000,4,2023-02-02
2023-02-02 12:00:00,141.550000,141.759990,141.520000,141.554990,4,2023-02-02
2023-02-02 16:00:00,141.560000,142.000000,141.410000,141.865010,4,2023-02-02
2023-02-02 20:00:00,141.850010,141.925000,141.014999,141.039993,4,2023-02-03
2023-02-03 00:00:00,141.074997,141.270000,140.080002,140.240010,4,2023-02-03
2023-02-03 04:00:00,140.250000,140.520000,140.120000,140.500000,4,2023-02-03
2023-02-03 08:00:00,140.524990,140.524990,140.089996,140.175000,4,2023-02-03
2023-02-03 12:00:00,140.175000,140.289990,139.945010,140.014999,4,2023-02-03
2023-02-03 16:00:00,140.014999,140.380000,140.000000,140.360000,4,2023-02-03
2023-02-03 20:00:00,140.340000,140.575000,140.200000,140.495000,2,2023-02-03
2023-02-06 04:00:00,142.914990,142.950000,142.810000,142.820010,1,2023-02-06
2023-02-06 08:00:00,142.815000,142.980000,141.985000,142.735000,4,2023-02-06
2023-02-06 12:00:00,142.715000,142.804990,142.155000,142.170000,4,2023-02-06
2023-02-06 16:00:00,142.179990,142.384990,142.020004,142.149990,4,2023-02-06
2023-02-06 20:00:00,142.160000,142.435000,142.000000,142.304990,4,2023-02-07
2023-02-07 00:00:00,142.320010,142.685000,142.250000,142.345000,4,2023-02-07
2023-02-07 04:00:00,142.325000,142.455000,142.110000,142.310000,4,2023-02-07
2023-02-07 08:00:00,142.304990,142.375000,142.100010,142.289990,4,2023-02-07
2023-02-07 12:00:00,142.315000,142.340000,141.935000,141.960010,4,2023-02-07
2023-02-07 16:00:00,141.960010,142.115010,141.205000,141.355000,4,2023-02-07
2023-02-07 20:00:00,141.399990,141.535000,141.164990,141.335010,4,2023-02-08
2023-02-08 00:00:00,141.335010,141.399990,140.285000,140.634990,4,2023-02-08
2023-02-08 04:00:00,140.640000,140.730000,140.384990,140.590000,4,2023-02-08
2023-02-08 08:00:00,140.595000,140.679990,140.300000,140.445010,4,2023-02-08
2023-02-08 12:00:00,140.440000,140.950000,140.405000,140.774990,4,2023-02-08
2023-02-08 16:00:00,140.780000,140.945010,140.630000,140.664990,4,2023-02-08
2023-02-08 20:00:00,140.690000,140.745000,140.370000,140.695010,4,2023-02-09
2023-02-09 00:00:00,140.685000,141.059998,140.675000,140.905000,4,2023-02-09
2023-02-09 04:00:00,140.905000,140.929990,140.755000,140.830000,4,2023-02-09
2023-02-09 08:00:00,140.810000,140.990010,140.655000,140.929990,4,2023-02-09
2023-02-09 12:00:00,140.920000,141.240010,140.910000,141.044998,4,2023-02-09
2023-02-09 16:00:00,141.044998,141.345000,140.640000,140.820010,4,2023-02-09
2023-02-09 20:00:00,140.810000,141.120000,140.755000,140.855000,4,2023-02-10
2023-02-10 00:00:00,140.850010,141.020004,140.620000,140.950000,4,2023-02-10
2023-02-10 04:00:00,140.925000,141.325000,140.850010,141.274990,4,2023-02-10
2023-02-10 08:00:00,141.285000,141.399990,141.100010,141.235000,4,2023-02-10
2023-02-10 12:00:00,141.245000,141.475010,141.085007,141.179990,4,2023-02-10
2023-02-10 16:00:00,141.179990,141.295000,139.554990,140.014999,4,2023-02-10
2023-02-10 20:00:00,140.014999,140.880000,139.845000,140.175000,2,2023-02-10
2023-02-13 04:00:00,140.270000,140.270000,140.270000,140.270000,1,2023-02-13
2023-02-13 08:00:00,140.270000,140.605000,140.259990,140.570010,4,2023-02-13
2023-02-13 12:00:00,140.560000,140.970000,140.450000,140.950000,4,2023-02-13
2023-02-13 16:00:00,140.960010,141.490010,140.899990,141.370000,4,2023-02-13
2023-02-13 20:00:00,141.370000,141.780000,141.310000,141.590000,4,2023-02-14
2023-02-14 00:00:00,141.585010,142.395000,141.565000,142.230000,4,2023-02-14
2023-02-14 04:00:00,142.220000,142.265000,141.835010,141.835010,4,2023-02-14
2023-02-14 08:00:00,141.860000,142.070007,141.789990,141.850010,4,2023-02-14
2023-02-14 12:00:00,141.835010,141.860000,141.615010,141.715000,4,2023-02-14
2023-02-14 16:00:00,141.705000,141.914990,141.520000,141.899990,4,2023-02-14
2023-02-14 20:00:00,141.899990,142.365010,141.810000,142.029999,4,2023-02-15
2023-02-15 00:00:00,142.035004,142.755000,141.660000,142.649990,4,2023-02-15
2023-02-15 04:00:00,142.660000,142.965000,142.660000,142.850010,4,2023-02-15
2023-02-15 08:00:00,142.875000,142.985000,142.470000,142.509990,4,2023-02-15
2023-02-15 12:00:00,142.515000,142.715000,142.350010,142.670000,4,2023-02-15
2023-02-15 16:00:00,142.645000,143.149990,142.524990,143.095001,4,2023-02-15
2023-02-15 20:00:00,143.095001,143.185000,142.870000,143.005005,4,2023-02-16
2023-02-16 00:00:00,143.000000,143.440000,142.875000,143.370000,4,2023-02-16
2023-02-16 04:00:00,143.375000,143.405000,143.149990,143.350010,4,2023-02-16
2023-02-16 08:00:00,143.380000,143.485000,143.054993,143.355000,4,2023-02-16
2023-02-16 12:00:00,143.345000,143.405000,143.095001,143.295000,4,2023-02-16
2023-02-16 16:00:00,143.320010,143.405000,143.140000,143.274990,4,2023-02-16
2023-02-16 20:00:00,143.285000,143.429990,143.149990,143.190000,4,2023-02-17
2023-02-17 00:00:00,143.220000,143.655000,143.050003,143.125000,4,2023-02-17
2023-02-17 04:00:00,143.115010,143.240010,142.875000,142.910000,4,2023-02-17
2023-02-17 08:00:00,142.870000,143.175000,142.860000,143.105000,4,2023-02-17
2023-02-17 12:00:00,143.100010,143.490010,143.070007,143.250000,4,2023-02-17
2023-02-17 16:00:00,143.259990,143.630000,143.240010,143.560000,4,2023-02-17
2023-02-17 20:00:00,143.595000,143.685000,143.399990,143.570010,2,2023-02-17
2023-02-20 04:00:00,143.505000,143.580000,143.505000,143.535000,1,2023-02-20
2023-02-20 08:00:00,143.565000,143.605000,143.405000,143.539990,4,2023-02-20
2023-02-20 12:00:00,143.530000,143.655000,143.185000,143.270000,4,2023-02-20
2023-02-20 16:00:00,143.280000,143.620000,143.230000,143.530000,4,2023-02-20
2023-02-20 20:00:00,143.509990,143.570010,143.089996,143.110000,4,2023-02-21
2023-02-21 00:00:00,143.120000,143.345000,143.039993,143.320010,4,2023-02-21
2023-02-21 04:00:00,143.330000,143.565000,143.304990,143.465000,4,2023-02-21
2023-02-21 08:00:00,143.465000,143.575000,143.270000,143.330000,4,2023-02-21
2023-02-21 12:00:00,143.330000,143.480000,143.160000,143.325000,4,2023-02-21
2023-02-21 16:00:00,143.304990,144.009995,143.300000,143.610000,4,2023-02-21
2023-02-21 20:00:00,143.620000,143.705000,143.360000,143.580000,4,2023-02-22
2023-02-22 00:00:00,143.595000,144.160000,143.595000,143.725010,4,2023-02-22
2023-02-22 04:00:00,143.735000,143.770000,143.535000,143.649990,4,2023-02-22
2023-02-22 08:00:00,143.660000,143.860000,143.470000,143.690000,4,2023-02-22
2023-02-22 12:00:00,143.700000,143.830000,143.475010,143.785000,4,2023-02-22
2023-02-22 16:00:00,143.795000,143.825000,143.370000,143.630000,4,2023-02-22
2023-02-22 20:00:00,143.664990,143.705000,143.044998,143.195010,4,2023-02-23
2023-02-23 00:00:00,143.179990,143.410000,143.020004,143.170000,4,2023-02-23
2023-02-23 04:00:00,143.185000,143.280000,143.014999,143.070007,4,2023-02-23
2023-02-23 08:00:00,143.095001,143.179990,142.990010,143.110000,4,2023-02-23
2023-02-23 12:00:00,143.095001,143.205000,143.065002,143.179990,4,2023-02-23
2023-02-23 16:00:00,143.175000,143.259990,143.005005,143.070007,4,2023-02-23
2023-02-23 20:00:00,143.070007,143.340000,142.759990,143.270000,4,2023-02-24
2023-02-24 00:00:00,143.265000,143.515000,142.605000,142.649990,4,2023-02-24
2023-02-24 04:00:00,142.660000,142.774990,142.570010,142.765000,4,2023-02-24
2023-02-24 08:00:00,142.765000,142.875000,142.175000,142.480000,4,2023-02-24
2023-02-24 12:00:00,142.490010,142.940000,142.455000,142.745000,4,2023-02-24
2023-02-24 16:00:00,142.745000,143.044998,142.570010,143.024994,4,2023-02-24
2023-02-24 20:00:00,143.020004,143.225010,142.980000,143.105000,2,2023-02-24
2023-02-27 04:00:00,143.840000,143.840000,143.820010,143.820010,1,2023-02-27
2023-02-27 08:00:00,143.815000,144.080002,143.700000,143.830000,4,2023-02-27
2023-02-27 12:00:00,143.840000,143.860000,143.565000,143.795000,4,2023-02-27
2023-02-27 16:00:00,143.815000,143.860000,143.565000,143.804990,4,2023-02-27
2023-02-27 20:00:00,143.810000,144.095001,143.765000,143.950000,4,2023-02-28
2023-02-28 00:00:00,143.920000,144.505000,143.750000,144.300000,4,2023-02-28
2023-02-28 04:00:00,144.274990,144.565000,144.250000,144.539990,4,2023-02-28
2023-02-28 08:00:00,144.545000,144.725010,144.399990,144.490010,4,2023-02-28
2023-02-28 12:00:00,144.490010,144.509990,144.175000,144.289990,4,2023-02-28
2023-02-28 16:00:00,144.285000,145.205000,144.225010,145.145000,4,2023-02-28
2023-02-28 20:00:00,145.125000,145.220000,144.950000,145.134990,4,2023-03-01
2023-03-01 00:00:00,145.140000,145.490010,144.250000,144.274990,4,2023-03-01
2023-03-01 04:00:00,144.285000,144.360000,143.880000,144.009995,4,2023-03-01
2023-03-01 08:00:00,144.000000,144.240010,143.955000,144.125000,4,2023-03-01
2023-03-01 12:00:00,144.115010,144.485000,144.080002,144.425000,4,2023-03-01
2023-03-01 16:00:00,144.414990,144.795000,144.410000,144.705000,4,2023-03-01
2023-03-01 20:00:00,144.710010,144.759990,144.310000,144.710010,4,2023-03-02
2023-03-02 00:00:00,144.705000,145.285000,144.705000,144.965000,4,2023-03-02
2023-03-02 04:00:00,144.970000,145.295000,144.870000,145.255000,4,2023-03-02
2023-03-02 08:00:00,145.245000,145.370000,145.110000,145.265000,4,2023-03-02
2023-03-02 12:00:00,145.245000,145.390000,145.085007,145.285000,4,2023-03-02
2023-03-02 16:00:00,145.285000,145.590000,144.940000,144.995000,4,2023-03-02
2023-03-02 20:00:00,145.020004,145.325000,144.929990,145.125000,4,2023-03-03
2023-03-03 00:00:00,145.095001,145.175000,144.804990,144.975010,4,2023-03-03
2023-03-03 04:00:00,144.965000,145.070007,144.780000,144.875000,4,2023-03-03
2023-03-03 08:00:00,144.940000,144.975010,144.705000,144.975010,4,2023-03-03
2023-03-03 12:00:00,144.975010,145.039993,144.795000,145.029999,4,2023-03-03
2023-03-03 16:00:00,145.024994,145.065002,144.645000,144.910000,4,2023-03-03
2023-03-03 20:00:00,144.905000,144.905000,144.410000,144.685000,2,2023-03-03
2023-03-06 04:00:00,144.575000,144.634990,144.575000,144.625000,1,2023-03-06
2023-03-06 08:00:00,144.425000,144.615010,144.350010,144.365010,4,2023-03-06
2023-03-06 12:00:00,144.365010,144.550000,144.120000,144.365010,4,2023-03-06
2023-03-06 16:00:00,144.380000,144.785000,144.350010,144.630000,4,2023-03-06
2023-03-06 20:00:00,144.625000,144.980000,144.465000,144.715000,4,2023-03-07
2023-03-07 00:00:00,144.715000,145.380000,144.585010,145.370000,4,2023-03-07
2023-03-07 04:00:00,145.375000,145.390000,145.110000,145.205000,4,2023-03-07
2023-03-07 08:00:00,145.205000,145.360000,145.089996,145.335010,4,2023-03-07
2023-03-07 12:00:00,145.345000,145.450000,145.220000,145.410000,4,2023-03-07
2023-03-07 16:00:00,145.425000,145.435000,144.725010,144.815000,4,2023-03-07
2023-03-07 20:00:00,144.804990,145.289990,144.605000,145.289990,4,2023-03-08
2023-03-08 00:00:00,145.274990,145.295000,144.675000,144.745000,4,2023-03-08
2023-03-08 04:00:00,144.725010,144.789990,144.565000,144.695010,4,2023-03-08
2023-03-08 08:00:00,144.700000,145.000000,144.585010,144.845000,4,2023-03-08
2023-03-08 12:00:00,144.855000,145.240010,144.745000,145.215000,4,2023-03-08
2023-03-08 16:00:00,145.215000,145.240010,144.884990,144.980000,4,2023-03-08
2023-03-08 20:00:00,144.975010,145.130000,144.585010,144.804990,4,2023-03-09
2023-03-09 00:00:00,144.804990,144.830000,144.235000,144.705000,4,2023-03-09
2023-03-09 04:00:00,144.705000,144.830000,144.560000,144.759990,4,2023-03-09
2023-03-09 08:00:00,144.765000,144.910000,144.300000,144.465000,4,2023-03-09
2023-03-09 12:00:00,144.460010,144.600010,144.315000,144.345000,4,2023-03-09
2023-03-09 16:00:00,144.340000,144.480000,143.845000,143.980000,4,2023-03-09
2023-03-09 20:00:00,143.980000,144.130000,143.745000,143.905000,4,2023-03-10
2023-03-10 00:00:00,143.905000,144.285000,143.634990,144.274990,4,2023-03-10
2023-03-10 04:00:00,144.274990,144.280000,143.945010,144.024994,4,2023-03-10
2023-03-10 08:00:00,144.005005,144.425000,143.914990,144.080002,4,2023-03-10
2023-03-10 12:00:00,144.089996,144.970000,143.850010,144.710010,4,2023-03-10
2023-03-10 16:00:00,144.705000,144.870000,144.044998,144.710010,4,2023-03-10
2023-03-10 20:00:00,144.705000,145.110000,144.655000,145.039993,2,2023-03-10
2023-03-13 04:00:00,143.465000,143.625000,143.380000,143.615010,1,2023-03-13
2023-03-13 08:00:00,143.365010,144.220000,142.865010,143.560000,4,2023-03-13
2023-03-13 12:00:00,143.545000,143.875000,143.350010,143.789990,4,2023-03-13
2023-03-13 16:00:00,143.789990,144.399990,143.270000,143.270000,4,2023-03-13
2023-03-13 20:00:00,143.259990,143.370000,141.380000,141.770000,4,2023-03-14
2023-03-14 00:00:00,141.780000,143.164990,141.759990,142.899990,4,2023-03-14
2023-03-14 04:00:00,142.899990,143.320010,142.825000,142.975010,4,2023-03-14
2023-03-14 08:00:00,142.950000,143.020004,142.630000,142.810000,4,2023-03-14
2023-03-14 12:00:00,142.825000,143.420000,142.800000,143.274990,4,2023-03-14
2023-03-14 16:00:00,143.280000,143.649990,142.545000,143.550000,4,2023-03-14
2023-03-14 20:00:00,143.560000,144.134990,143.420000,143.929990,4,2023-03-15
2023-03-15 00:00:00,143.914990,144.420000,143.875000,144.029999,4,2023-03-15
2023-03-15 04:00:00,144.035004,144.300000,143.880000,144.074997,4,2023-03-15
2023-03-15 08:00:00,144.065002,144.470000,144.020004,144.300000,4,2023-03-15
2023-03-15 12:00:00,144.295000,144.565000,144.115010,144.550000,4,2023-03-15
2023-03-15 16:00:00,144.539990,144.980000,144.425000,144.524990,4,2023-03-15
2023-03-15 20:00:00,144.520000,144.585010,139.899990,140.039993,4,2023-03-16
2023-03-16 00:00:00,140.044998,140.649990,139.485000,139.920000,4,2023-03-16
2023-03-16 04:00:00,139.920000,141.580000,139.880000,141.110000,4,2023-03-16
2023-03-16 08:00:00,141.120000,141.259990,140.205000,141.215000,4,2023-03-16
2023-03-16 12:00:00,141.190000,141.420000,140.530000,140.770000,4,2023-03-16
2023-03-16 16:00:00,140.780000,141.590000,140.700000,141.054993,4,2023-03-16
2023-03-16 20:00:00,141.044998,141.160000,139.940000,140.115010,4,2023-03-17
2023-03-17 00:00:00,140.120000,141.759990,139.190000,141.715000,4,2023-03-17
2023-03-17 04:00:00,141.679990,142.044998,141.524990,141.929990,4,2023-03-17
2023-03-17 08:00:00,141.855000,141.935000,141.530000,141.640000,4,2023-03-17
2023-03-17 12:00:00,141.634990,141.929990,141.550000,141.700000,4,2023-03-17
2023-03-17 16:00:00,141.690000,142.185000,141.470000,141.935000,4,2023-03-17
2023-03-17 20:00:00,141.980000,142.005005,141.509990,141.725010,1,2023-03-17
2023-03-20 04:00:00,140.935000,140.965000,140.820010,140.884990,1,2023-03-20
2023-03-20 08:00:00,140.865010,141.664990,140.705000,141.645000,4,2023-03-20
2023-03-20 12:00:00,141.655000,141.750000,140.580000,140.649990,4,2023-03-20
2023-03-20 16:00:00,140.640000,140.910000,138.840000,139.560000,4,2023-03-20
2023-03-20 20:00:00,139.580000,140.950000,139.380000,140.835010,4,2023-03-21
2023-03-21 00:00:00,140.750000,141.414990,140.590000,141.170000,4,2023-03-21
2023-03-21 04:00:00,141.170000,141.285000,140.789990,140.810000,4,2023-03-21
2023-03-21 08:00:00,140.810000,141.105000,140.535000,140.575000,4,2023-03-21
2023-03-21 12:00:00,140.585010,140.780000,140.420000,140.600010,4,2023-03-21
2023-03-21 16:00:00,140.610000,141.950000,140.509990,141.835010,4,2023-03-21
2023-03-21 20:00:00,141.835010,142.789990,141.720000,142.570010,4,2023-03-22
2023-03-22 00:00:00,142.575000,142.685000,141.914990,142.580000,4,2023-03-22
2023-03-22 04:00:00,142.565000,142.765000,142.520000,142.705000,4,2023-03-22
2023-03-22 08:00:00,142.615010,142.875000,142.440000,142.710010,4,2023-03-22
2023-03-22 12:00:00,142.730000,143.044998,142.435000,142.675000,4,2023-03-22
2023-03-22 16:00:00,142.675000,142.940000,142.399990,142.860000,4,2023-03-22
2023-03-22 20:00:00,142.845000,143.600010,142.725010,143.190000,4,2023-03-23
2023-03-23 00:00:00,143.170000,143.235000,142.870000,143.185000,4,2023-03-23
2023-03-23 04:00:00,143.179990,143.195010,142.304990,142.730000,4,2023-03-23
2023-03-23 08:00:00,142.705000,142.800000,142.345000,142.435000,4,2023-03-23
2023-03-23 12:00:00,142.470000,142.539990,142.185000,142.509990,4,2023-03-23
2023-03-23 16:00:00,142.490010,143.095001,142.480000,143.014999,4,2023-03-23
2023-03-23 20:00:00,142.985000,143.195010,142.630000,142.950000,4,2023-03-24
2023-03-24 00:00:00,142.955000,143.120000,142.360000,142.480000,4,2023-03-24
2023-03-24 04:00:00,142.465000,142.570010,141.175000,141.710010,4,2023-03-24
2023-03-24 08:00:00,141.730000,141.850010,141.399990,141.399990,4,2023-03-24
2023-03-24 12:00:00,141.399990,141.495000,140.910000,140.970000,4,2023-03-24
2023-03-24 16:00:00,140.950000,141.289990,139.940000,140.220000,4,2023-03-24
2023-03-24 20:00:00,140.215000,140.425000,139.130000,139.170000,1,2023-03-24
2023-03-27 04:00:00,140.649990,140.660000,140.634990,140.655000,1,2023-03-27
2023-03-27 08:00:00,140.655000,141.080002,140.580000,140.750000,4,2023-03-27
2023-03-27 12:00:00,140.740010,141.009995,140.580000,140.745000,4,2023-03-27
2023-03-27 16:00:00,140.740010,141.550000,140.645000,141.140000,4,2023-03-27
2023-03-27 20:00:00,141.120000,141.929990,141.085007,141.890000,4,2023-03-28
2023-03-28 00:00:00,141.899990,142.100010,141.560000,142.005005,4,2023-03-28
2023-03-28 04:00:00,142.014999,142.235000,141.910000,142.059998,4,2023-03-28
2023-03-28 08:00:00,142.054993,142.105000,141.300000,141.470000,4,2023-03-28
2023-03-28 12:00:00,141.470000,141.590000,141.145000,141.230000,4,2023-03-28
2023-03-28 16:00:00,141.230000,142.149990,141.044998,141.720000,4,2023-03-28
2023-03-28 20:00:00,141.705000,142.009995,141.450000,141.640000,4,2023-03-29
2023-03-29 00:00:00,141.615010,142.120000,141.590000,141.970000,4,2023-03-29
2023-03-29 04:00:00,141.985000,142.039993,141.539990,141.940000,4,2023-03-29
2023-03-29 08:00:00,141.935000,142.485000,141.789990,142.425000,4,2023-03-29
2023-03-29 12:00:00,142.435000,142.804990,142.405000,142.740010,4,2023-03-29
2023-03-29 16:00:00,142.745000,143.110000,142.675000,142.990010,4,2023-03-29
2023-03-29 20:00:00,142.985000,143.920000,142.730000,143.830000,4,2023-03-30
2023-03-30 00:00:00,143.835010,143.875000,143.235000,143.649990,4,2023-03-30
2023-03-30 04:00:00,143.630000,144.115010,143.625000,144.080002,4,2023-03-30
2023-03-30 08:00:00,144.070007,144.070007,143.585010,143.759990,4,2023-03-30
2023-03-30 12:00:00,143.765000,143.870000,143.565000,143.700000,4,2023-03-30
2023-03-30 16:00:00,143.700000,144.185000,143.149990,144.105000,4,2023-03-30
2023-03-30 20:00:00,144.185000,144.895000,144.000000,144.840000,4,2023-03-31
2023-03-31 00:00:00,144.860000,145.110000,144.310000,144.365010,4,2023-03-31
2023-03-31 04:00:00,144.365010,144.755000,144.179990,144.715000,4,2023-03-31
2023-03-31 08:00:00,144.634990,145.664990,144.570010,145.440000,4,2023-03-31
2023-03-31 12:00:00,145.435000,145.480000,144.725010,144.730000,4,2023-03-31
2023-03-31 16:00:00,144.740010,145.375000,144.585010,145.360000,4,2023-03-31
2023-03-31 20:00:00,145.330000,145.330000,144.899990,145.164990,1,2023-03-31
2023-04-03 04:00:00,144.705000,144.705000,144.490010,144.509990,1,2023-04-03
2023-04-03 08:00:00,144.545000,144.545000,143.640000,143.855000,4,2023-04-03
2023-04-03 12:00:00,143.845000,144.160000,143.715000,144.089996,4,2023-04-03
2023-04-03 16:00:00,144.105000,144.890000,144.059998,144.705000,4,2023-04-03
2023-04-03 20:00:00,144.700000,144.945010,144.390000,144.625000,4,2023-04-04
2023-04-04 00:00:00,144.625000,144.625000,143.914990,144.215000,4,2023-04-04
2023-04-04 04:00:00,144.215000,144.480000,144.085007,144.375000,4,2023-04-04
2023-04-04 08:00:00,144.390000,144.670000,144.170000,144.640000,4,2023-04-04
2023-04-04 12:00:00,144.634990,144.770000,144.520000,144.660000,4,2023-04-04
2023-04-04 16:00:00,144.700000,145.440000,144.545000,145.195010,4,2023-04-04
2023-04-04 20:00:00,145.190000,145.355000,144.520000,144.700000,4,2023-04-05
2023-04-05 00:00:00,144.700000,144.700000,143.960010,144.235000,4,2023-04-05
2023-04-05 04:00:00,144.235000,144.380000,144.134990,144.325000,4,2023-04-05
2023-04-05 08:00:00,144.320010,144.325000,143.910000,144.179990,4,2023-04-05
2023-04-05 12:00:00,144.190000,144.530000,144.095001,144.140000,4,2023-04-05
2023-04-05 16:00:00,144.134990,144.345000,143.675000,144.179990,4,2023-04-05
2023-04-05 20:00:00,144.185000,144.250000,143.345000,143.435000,4,2023-04-06
2023-04-06 00:00:00,143.440000,143.765000,142.770000,142.905000,4,2023-04-06
2023-04-06 04:00:00,142.895000,143.300000,142.895000,143.145000,4,2023-04-06
2023-04-06 08:00:00,143.160000,143.200000,142.590000,142.855000,4,2023-04-06
2023-04-06 12:00:00,142.855000,143.080002,142.705000,142.990010,4,2023-04-06
2023-04-06 16:00:00,143.005005,143.495000,142.910000,143.270000,4,2023-04-06
2023-04-06 20:00:00,143.255000,143.620000,143.095001,143.615010,4,2023-04-07
2023-04-07 00:00:00,143.630000,144.020004,143.560000,144.005005,4,2023-04-07
2023-04-07 04:00:00,144.005005,144.074997,143.789990,143.800000,4,2023-04-07
2023-04-07 08:00:00,143.800000,144.024994,143.645000,143.695010,4,2023-04-07
2023-04-07 12:00:00,143.700000,143.955000,143.670000,143.870000,4,2023-04-07
2023-04-07 16:00:00,143.875000,144.050003,143.705000,143.730000,4,2023-04-07
2023-04-07 20:00:00,143.730000,143.740010,143.610000,143.649990,1,2023-04-07
2023-04-10 04:00:00,144.029999,144.179990,144.029999,144.100010,1,2023-04-10
2023-04-10 08:00:00,144.125000,144.685000,143.804990,144.590000,4,2023-04-10
2023-04-10 12:00:00,144.595000,144.705000,144.465000,144.539990,4,2023-04-10
2023-04-10 16:00:00,144.539990,144.590000,144.065002,144.140000,4,2023-04-10
2023-04-10 20:00:00,144.149990,144.804990,144.130000,144.725010,4,2023-04-11
2023-04-11 00:00:00,144.725010,145.100010,144.700000,145.085007,4,2023-04-11
2023-04-11 04:00:00,145.085007,145.160000,145.024994,145.074997,4,2023-04-11
2023-04-11 08:00:00,145.085007,145.355000,144.880000,145.235000,4,2023-04-11
2023-04-11 12:00:00,145.240010,145.320010,145.054993,145.179990,4,2023-04-11
2023-04-11 16:00:00,145.205000,145.410000,145.000000,145.245000,4,2023-04-11
2023-04-11 20:00:00,145.245000,145.615010,145.160000,145.550000,4,2023-04-12
2023-04-12 00:00:00,145.554990,145.875000,145.554990,145.815000,4,2023-04-12
2023-04-12 04:00:00,145.830000,145.975010,145.795000,145.855000,4,2023-04-12
2023-04-12 08:00:00,145.905000,146.140000,145.789990,145.985000,4,2023-04-12
2023-04-12 12:00:00,145.995000,146.365010,145.960010,146.330000,4,2023-04-12
2023-04-12 16:00:00,146.340000,146.375000,145.965000,146.164990,4,2023-04-12
2023-04-12 20:00:00,146.164990,146.810000,145.780000,146.134990,4,2023-04-13
2023-04-13 00:00:00,146.145000,146.675000,146.120000,146.640000,4,2023-04-13
2023-04-13 04:00:00,146.640000,146.670000,146.220000,146.345000,4,2023-04-13
2023-04-13 08:00:00,146.335010,146.605000,146.185000,146.450000,4,2023-04-13
2023-04-13 12:00:00,146.460010,146.535000,146.355000,146.420000,4,2023-04-13
2023-04-13 16:00:00,146.410000,146.845000,146.134990,146.820010,4,2023-04-13
2023-04-13 20:00:00,146.800000,147.050003,146.089996,146.195010,4,2023-04-14
2023-04-14 00:00:00,146.225010,146.580000,146.164990,146.535000,4,2023-04-14
2023-04-14 04:00:00,146.545000,146.705000,146.384990,146.460010,4,2023-04-14
2023-04-14 08:00:00,146.455000,146.655000,146.384990,146.539990,4,2023-04-14
2023-04-14 12:00:00,146.524990,146.725010,146.440000,146.685000,4,2023-04-14
2023-04-14 16:00:00,146.710010,146.720000,146.225010,146.605000,4,2023-04-14
2023-04-14 20:00:00,146.565000,146.630000,146.445010,146.530000,1,2023-04-14
2023-04-17 04:00:00,147.100010,147.155000,147.080002,147.115010,1,2023-04-17
2023-04-17 08:00:00,147.145000,147.175000,146.925000,146.985000,4,2023-04-17
2023-04-17 12:00:00,147.000000,147.355000,146.880000,147.250000,4,2023-04-17
2023-04-17 16:00:00,147.280000,147.340000,147.115010,147.140000,2,2023-04-17
2023-04-17 20:00:00,146.865010,147.080002,146.820010,146.850010,1,2023-04-18
2023-04-18 00:00:00,146.835010,146.914990,146.660000,146.910000,4,2023-04-18
2023-04-18 04:00:00,146.920000,146.990010,146.795000,146.925000,4,2023-04-18
2023-04-18 08:00:00,146.905000,147.205000,146.725010,147.065002,4,2023-04-18
2023-04-18 12:00:00,147.065002,147.145000,146.980000,147.029999,4,2023-04-18
2023-04-18 16:00:00,146.990010,147.390000,146.929990,147.145000,4,2023-04-18
2023-04-18 20:00:00,147.170000,147.230000,146.825000,147.024994,4,2023-04-19
2023-04-19 00:00:00,147.000000,147.115010,146.795000,147.085007,4,2023-04-19
2023-04-19 04:00:00,147.085007,147.185000,147.035004,147.115010,4,2023-04-19
2023-04-19 08:00:00,147.120000,147.395000,147.050003,147.280000,4,2023-04-19
2023-04-19 12:00:00,147.300000,147.435000,147.265000,147.365010,4,2023-04-19
2023-04-19 16:00:00,147.390000,147.865010,147.285000,147.320010,4,2023-04-19
2023-04-19 20:00:00,147.330000,147.520000,147.070007,147.375000,4,2023-04-20
2023-04-20 00:00:00,147.375000,147.755000,147.365010,147.660000,4,2023-04-20
2023-04-20 04:00:00,147.670000,147.679990,147.450000,147.509990,4,2023-04-20
2023-04-20 08:00:00,147.595000,147.830000,147.470000,147.770000,4,2023-04-20
2023-04-20 12:00:00,147.774990,147.785000,147.585010,147.655000,4,2023-04-20
2023-04-20 16:00:00,147.664990,147.830000,147.295000,147.664990,4,2023-04-20
2023-04-20 20:00:00,147.664990,147.735000,147.190000,147.330000,4,2023-04-21
2023-04-21 00:00:00,147.295000,147.365010,147.009995,147.300000,4,2023-04-21
2023-04-21 04:00:00,147.300000,147.365010,147.140000,147.205000,4,2023-04-21
2023-04-21 08:00:00,147.205000,147.310000,146.825000,146.855000,4,2023-04-21
2023-04-21 12:00:00,146.840000,146.945010,146.634990,146.645000,4,2023-04-21
2023-04-21 16:00:00,146.655000,147.039993,146.399990,146.535000,4,2023-04-21
2023-04-21 20:00:00,146.554990,146.745000,146.460010,146.705000,1,2023-04-21
2023-04-24 04:00:00,147.475010,147.475010,147.250000,147.265000,1,2023-04-24
2023-04-24 08:00:00,147.274990,147.490010,147.120000,147.410000,4,2023-04-24
2023-04-24 12:00:00,147.410000,147.664990,147.405000,147.515000,4,2023-04-24
2023-04-24 16:00:00,147.500000,148.085007,147.175000,147.870000,4,2023-04-24
2023-04-24 20:00:00,147.865010,148.425000,147.845000,148.390000,4,2023-04-25
2023-04-25 00:00:00,148.390000,148.485000,148.089996,148.384990,4,2023-04-25
2023-04-25 04:00:00,148.384990,148.455000,148.120000,148.255000,4,2023-04-25
2023-04-25 08:00:00,148.240010,148.620000,148.054993,148.445010,4,2023-04-25
2023-04-25 12:00:00,148.435000,148.590000,148.235000,148.274990,4,2023-04-25
2023-04-25 16:00:00,148.280000,148.615010,147.620000,147.649990,4,2023-04-25
2023-04-25 20:00:00,147.634990,147.985000,147.215000,147.274990,4,2023-04-26
2023-04-26 00:00:00,147.240010,147.390000,146.485000,146.520000,4,2023-04-26
2023-04-26 04:00:00,146.520000,146.850010,146.300000,146.750000,4,2023-04-26
2023-04-26 08:00:00,146.880000,146.910000,146.465000,146.535000,4,2023-04-26
2023-04-26 12:00:00,146.545000,146.925000,146.475010,146.835010,4,2023-04-26
2023-04-26 16:00:00,146.840000,147.595000,146.830000,147.325000,4,2023-04-26
2023-04-26 20:00:00,147.330000,147.899990,147.105000,147.615010,4,2023-04-27
2023-04-27 00:00:00,147.625000,147.855000,147.179990,147.615010,4,2023-04-27
2023-04-27 04:00:00,147.630000,147.664990,147.325000,147.575000,4,2023-04-27
2023-04-27 08:00:00,147.600010,147.670000,147.350010,147.524990,4,2023-04-27
2023-04-27 12:00:00,147.535000,147.965000,147.445010,147.820010,4,2023-04-27
2023-04-27 16:00:00,147.845000,148.029999,147.580000,147.695010,4,2023-04-27
2023-04-27 20:00:00,147.685000,147.740010,147.164990,147.640000,4,2023-04-28
2023-04-28 00:00:00,147.630000,147.780000,147.420000,147.655000,4,2023-04-28
2023-04-28 04:00:00,147.670000,147.825000,147.590000,147.675000,4,2023-04-28
2023-04-28 08:00:00,147.700000,148.059998,147.435000,147.990010,4,2023-04-28
2023-04-28 12:00:00,147.990010,148.759990,147.014999,148.645000,4,2023-04-28
2023-04-28 16:00:00,148.655000,149.634990,148.620000,149.605000,4,2023-04-28
2023-04-28 20:00:00,149.615010,149.640000,149.335010,149.465000,1,2023-04-28
2023-05-01 04:00:00,150.285000,150.285000,150.110000,150.185000,1,2023-05-01
2023-05-01 08:00:00,150.134990,150.565000,149.985000,150.395000,4,2023-05-01
2023-05-01 12:00:00,150.384990,150.804990,150.345000,150.685000,4,2023-05-01
2023-05-01 16:00:00,150.685000,150.715000,150.335010,150.429990,4,2023-05-01
2023-05-01 20:00:00,150.440000,150.895000,150.265000,150.765000,4,2023-05-02
2023-05-02 00:00:00,150.755000,150.910000,150.575000,150.750000,4,2023-05-02
2023-05-02 04:00:00,150.735000,150.945010,150.730000,150.920000,4,2023-05-02
2023-05-02 08:00:00,150.905000,151.044998,150.705000,150.980000,4,2023-05-02
2023-05-02 12:00:00,150.990010,151.380000,150.895000,151.164990,4,2023-05-02
2023-05-02 16:00:00,151.164990,151.560000,150.435000,150.500000,4,2023-05-02
2023-05-02 20:00:00,150.500000,150.899990,150.315000,150.365010,4,2023-05-03
2023-05-03 00:00:00,150.370000,150.370000,149.785000,150.300000,4,2023-05-03
2023-05-03 04:00:00,150.315000,150.380000,150.164990,150.235000,4,2023-05-03
2023-05-03 08:00:00,150.205000,150.375000,149.914990,149.929990,4,2023-05-03
2023-05-03 12:00:00,149.929990,150.100010,149.800000,149.825000,4,2023-05-03
2023-05-03 16:00:00,149.815000,150.100010,149.595000,149.735000,4,2023-05-03
2023-05-03 20:00:00,149.720000,149.884990,149.274990,149.425000,4,2023-05-04
2023-05-04 00:00:00,149.375000,149.695010,149.325000,149.545000,4,2023-05-04
2023-05-04 04:00:00,149.524990,149.950000,148.880000,148.910000,4,2023-05-04
2023-05-04 08:00:00,148.995000,149.179990,148.815000,149.080002,4,2023-05-04
2023-05-04 12:00:00,149.095001,149.160000,148.985000,149.014999,4,2023-05-04
2023-05-04 16:00:00,149.035004,149.200000,148.560000,148.820010,4,2023-05-04
2023-05-04 20:00:00,148.810000,148.995000,147.910000,148.035004,4,2023-05-05
2023-05-05 00:00:00,147.990010,147.990010,147.140000,147.735000,4,2023-05-05
2023-05-05 04:00:00,147.740010,147.980000,147.615010,147.840000,4,2023-05-05
2023-05-05 08:00:00,147.860000,148.020004,147.815000,147.920000,4,2023-05-05
2023-05-05 12:00:00,147.920000,148.065002,147.830000,147.914990,4,2023-05-05
2023-05-05 16:00:00,147.945010,148.140000,147.690000,147.980000,4,2023-05-05
2023-05-05 20:00:00,147.965000,148.070007,147.899990,147.975010,1,2023-05-05
2023-05-08 04:00:00,148.705000,148.765000,148.615010,148.685000,1,2023-05-08
2023-05-08 08:00:00,148.640000,149.095001,148.630000,148.789990,4,2023-05-08
2023-05-08 12:00:00,148.804990,148.890000,148.645000,148.745000,4,2023-05-08
2023-05-08 16:00:00,148.735000,149.259990,148.655000,149.020004,4,2023-05-08
2023-05-08 20:00:00,149.005005,149.230000,148.880000,149.009995,4,2023-05-09
2023-05-09 00:00:00,149.020004,149.050003,148.450000,148.600010,4,2023-05-09
2023-05-09 04:00:00,148.605000,148.780000,148.505000,148.649990,4,2023-05-09
2023-05-09 08:00:00,148.670000,148.690000,148.280000,148.390000,4,2023-05-09
2023-05-09 12:00:00,148.395000,148.490010,148.240010,148.300000,4,2023-05-09
2023-05-09 16:00:00,148.289990,148.465000,147.960010,148.155000,4,2023-05-09
2023-05-09 20:00:00,148.160000,148.215000,147.895000,148.054993,4,2023-05-10
2023-05-10 00:00:00,148.059998,148.225010,147.910000,148.175000,4,2023-05-10
2023-05-10 04:00:00,148.175000,148.325000,148.164990,148.270000,4,2023-05-10
2023-05-10 08:00:00,148.200000,148.435000,148.145000,148.295000,4,2023-05-10
2023-05-10 12:00:00,148.304990,148.495000,148.259990,148.425000,4,2023-05-10
2023-05-10 16:00:00,148.435000,148.675000,148.024994,148.130000,4,2023-05-10
2023-05-10 20:00:00,148.140000,148.220000,147.440000,147.679990,4,2023-05-11
2023-05-11 00:00:00,147.675000,148.020004,147.039993,147.240010,4,2023-05-11
2023-05-11 04:00:00,147.240010,147.615010,147.230000,147.505000,4,2023-05-11
2023-05-11 08:00:00,147.530000,147.600010,147.110000,147.270000,4,2023-05-11
2023-05-11 12:00:00,147.265000,147.450000,147.200000,147.420000,4,2023-05-11
2023-05-11 16:00:00,147.390000,147.420000,146.810000,147.205000,4,2023-05-11
2023-05-11 20:00:00,147.195010,147.200000,146.134990,146.395000,4,2023-05-12
2023-05-12 00:00:00,146.395000,146.925000,146.315000,146.730000,4,2023-05-12
2023-05-12 04:00:00,146.730000,146.935000,146.670000,146.865010,4,2023-05-12
2023-05-12 08:00:00,146.855000,146.990010,146.735000,146.935000,4,2023-05-12
2023-05-12 12:00:00,146.935000,147.195010,146.910000,147.149990,4,2023-05-12
2023-05-12 16:00:00,147.140000,147.485000,146.815000,146.975010,4,2023-05-12
2023-05-12 20:00:00,146.960010,147.059998,146.860000,146.875000,1,2023-05-12
2023-05-15 04:00:00,147.365010,147.375000,147.235000,147.315000,1,2023-05-15
2023-05-15 08:00:00,147.274990,147.595000,147.270000,147.565000,4,2023-05-15
2023-05-15 12:00:00,147.570010,148.029999,147.515000,148.005005,4,2023-05-15
2023-05-15 16:00:00,147.995000,148.125500,147.610000,148.010498,4,2023-05-15
2023-05-15 20:00:00,148.018997,148.167010,147.624500,148.002502,4,2023-05-16
2023-05-16 00:00:00,148.012497,148.090500,147.828510,148.003998,4,2023-05-16
2023-05-16 04:00:00,148.001495,148.035889,147.924500,147.993000,4,2023-05-16
2023-05-16 08:00:00,147.992000,148.012497,147.845990,148.007507,4,2023-05-16
2023-05-16 12:00:00,147.997500,148.032501,147.730000,147.730000,4,2023-05-16
2023-05-16 16:00:00,147.730000,148.100010,147.609500,147.899990,4,2023-05-16
2023-05-16 20:00:00,147.910000,148.380000,147.710010,148.210010,4,2023-05-17
2023-05-17 00:00:00,148.190000,148.500000,148.059998,148.220000,4,2023-05-17
2023-05-17 04:00:00,148.220000,148.250000,148.009995,148.141010,4,2023-05-17
2023-05-17 08:00:00,148.130000,148.330000,148.059998,148.270000,4,2023-05-17
2023-05-17 12:00:00,148.270000,148.560000,148.240010,148.460010,4,2023-05-17
2023-05-17 16:00:00,148.470000,148.660000,148.259990,148.340000,4,2023-05-17
2023-05-17 20:00:00,148.350010,148.600010,148.170000,148.550000,4,2023-05-18
2023-05-18 00:00:00,148.550000,149.179990,148.539990,149.140000,4,2023-05-18
2023-05-18 04:00:00,149.140000,149.259990,149.091507,149.130000,4,2023-05-18
2023-05-18 08:00:00,149.140000,149.259990,148.870000,148.950000,4,2023-05-18
2023-05-18 12:00:00,148.960010,149.210010,148.880000,148.940000,4,2023-05-18
2023-05-18 16:00:00,148.929990,149.210010,148.770000,149.050003,4,2023-05-18
2023-05-18 20:00:00,149.059998,149.300000,148.840000,149.160000,4,2023-05-19
2023-05-19 00:00:00,149.149990,149.320010,149.059998,149.190000,4,2023-05-19
2023-05-19 04:00:00,149.179990,149.450000,149.179990,149.368000,4,2023-05-19
2023-05-19 08:00:00,149.370000,149.440000,149.029999,149.100010,4,2023-05-19
2023-05-19 12:00:00,149.110000,149.170000,148.919010,148.920000,4,2023-05-19
2023-05-19 16:00:00,148.910000,149.190000,148.750000,149.140000,4,2023-05-19
2023-05-19 20:00:00,149.149990,149.324490,149.080002,149.250000,1,2023-05-19
2023-05-22 04:00:00,149.130770,149.167510,149.129500,149.138000,1,2023-05-22
2023-05-22 08:00:00,149.139010,149.139010,148.859500,148.891490,4,2023-05-22
2023-05-22 12:00:00,148.890500,149.176500,148.850010,149.168500,4,2023-05-22
2023-05-22 16:00:00,149.175510,149.280000,148.880000,149.200000,4,2023-05-22
2023-05-22 20:00:00,149.190000,149.920000,149.179990,149.850010,4,2023-05-23
2023-05-23 00:00:00,149.850010,149.864500,149.350010,149.789990,4,2023-05-23
2023-05-23 04:00:00,149.789990,149.960010,149.600490,149.850010,4,2023-05-23
2023-05-23 08:00:00,149.840000,150.020004,149.720000,149.980000,4,2023-05-23
2023-05-23 12:00:00,149.970000,150.059998,149.550000,149.759990,4,2023-05-23
2023-05-23 16:00:00,149.770000,149.860000,149.200000,149.250000,4,2023-05-23
2023-05-23 20:00:00,149.250000,149.560000,149.110000,149.340000,4,2023-05-24
2023-05-24 00:00:00,149.330000,149.500500,149.179990,149.310000,4,2023-05-24
2023-05-24 04:00:00,149.310000,149.460010,149.170000,149.259990,4,2023-05-24
2023-05-24 08:00:00,149.259990,149.310500,149.089493,149.149990,4,2023-05-24
2023-05-24 12:00:00,149.149990,149.259990,149.070007,149.130000,4,2023-05-24
2023-05-24 16:00:00,149.140000,149.580000,149.130000,149.250000,4,2023-05-24
2023-05-24 20:00:00,149.250000,149.740010,148.840000,149.520000,4,2023-05-25
2023-05-25 00:00:00,149.530000,149.934490,149.490010,149.800000,4,2023-05-25
2023-05-25 04:00:00,149.800000,149.940000,149.580000,149.840000,4,2023-05-25
2023-05-25 08:00:00,149.840000,150.039993,149.310000,149.990010,4,2023-05-25
2023-05-25 12:00:00,149.990010,150.039993,149.780000,149.880000,4,2023-05-25
2023-05-25 16:00:00,149.880000,149.890000,149.360000,149.750000,4,2023-05-25
2023-05-25 20:00:00,149.759990,149.850010,149.365010,149.620000,4,2023-05-26
2023-05-26 00:00:00,149.630000,150.089996,149.610000,150.080002,4,2023-05-26
2023-05-26 04:00:00,150.089996,150.320010,150.029999,150.259990,4,2023-05-26
2023-05-26 08:00:00,150.250000,150.300000,149.920000,150.089996,4,2023-05-26
2023-05-26 12:00:00,150.100010,150.170000,150.000000,150.000000,4,2023-05-26
2023-05-26 16:00:00,150.000000,150.149990,149.800000,149.929990,4,2023-05-26
2023-05-26 20:00:00,149.920000,150.149990,149.850010,150.110000,1,2023-05-26
2023-05-29 04:00:00,150.745960,150.840000,150.679990,150.820010,1,2023-05-29
2023-05-29 08:00:00,150.820010,151.070007,150.750000,150.840000,4,2023-05-29
2023-05-29 12:00:00,150.840000,150.920000,150.670000,150.670000,4,2023-05-29
2023-05-29 16:00:00,150.670000,150.810000,150.240010,150.300000,4,2023-05-29
2023-05-29 20:00:00,150.289990,150.360000,150.089996,150.190000,4,2023-05-30
2023-05-30 00:00:00,150.190000,150.380000,150.149990,150.366000,4,2023-05-30
2023-05-30 04:00:00,150.370000,150.564500,150.264500,150.350010,4,2023-05-30
2023-05-30 08:00:00,150.360000,150.570010,150.080002,150.179990,4,2023-05-30
2023-05-30 12:00:00,150.190000,150.350010,150.070007,150.340000,4,2023-05-30
2023-05-30 16:00:00,150.340000,150.630000,149.750000,150.300000,4,2023-05-30
2023-05-30 20:00:00,150.300000,150.539990,149.880000,150.120000,4,2023-05-31
2023-05-31 00:00:00,150.149990,150.270000,149.750000,149.770000,4,2023-05-31
2023-05-31 04:00:00,149.770000,150.161500,149.730000,150.029999,4,2023-05-31
2023-05-31 08:00:00,150.029999,150.110000,149.770000,149.800000,4,2023-05-31
2023-05-31 12:00:00,149.803500,149.830000,148.980000,149.140000,4,2023-05-31
2023-05-31 16:00:00,149.130000,149.360000,148.870000,149.350010,4,2023-05-31
2023-05-31 20:00:00,149.350010,149.570010,149.080002,149.310000,4,2023-06-01
2023-06-01 00:00:00,149.300000,149.770000,148.590000,148.649990,4,2023-06-01
2023-06-01 04:00:00,148.660000,148.990010,148.610000,148.904010,4,2023-06-01
2023-06-01 08:00:00,148.929990,149.089996,148.620000,149.020004,4,2023-06-01
2023-06-01 12:00:00,149.009995,149.190000,148.920000,149.179990,4,2023-06-01
2023-06-01 16:00:00,149.170000,149.679990,149.080002,149.670000,4,2023-06-01
2023-06-01 20:00:00,149.660000,149.679990,148.830000,149.020004,4,2023-06-02
2023-06-02 00:00:00,149.009995,149.429990,148.690000,149.429000,4,2023-06-02
2023-06-02 04:00:00,149.420000,149.470990,149.231990,149.380000,4,2023-06-02
2023-06-02 08:00:00,149.380000,149.630000,149.250000,149.444000,4,2023-06-02
2023-06-02 12:00:00,149.460010,149.660000,149.259990,149.590000,4,2023-06-02
2023-06-02 16:00:00,149.600010,149.710010,149.390000,149.410000,4,2023-06-02
2023-06-02 20:00:00,149.420000,149.600010,149.410000,149.550000,1,2023-06-02
2023-06-05 04:00:00,150.006424,150.006424,149.880000,149.891010,1,2023-06-05
2023-06-05 08:00:00,149.880000,150.024597,149.740010,149.960010,4,2023-06-05
2023-06-05 12:00:00,149.960010,150.050003,149.780000,149.899990,4,2023-06-05
2023-06-05 16:00:00,149.899990,150.200000,149.860000,149.980000,4,2023-06-05
2023-06-05 20:00:00,149.980000,150.059998,149.480000,149.550000,4,2023-06-06
2023-06-06 00:00:00,149.550000,149.740010,149.240010,149.720500,4,2023-06-06
2023-06-06 04:00:00,149.720000,149.740010,149.420000,149.490010,4,2023-06-06
2023-06-06 08:00:00,149.500000,149.640000,149.210010,149.580000,4,2023-06-06
2023-06-06 12:00:00,149.570010,149.690000,149.460010,149.617490,4,2023-06-06
2023-06-06 16:00:00,149.610000,149.649990,148.830000,148.980000,4,2023-06-06
2023-06-06 20:00:00,148.970000,149.350010,148.860000,149.330000,4,2023-06-07
2023-06-07 00:00:00,149.330000,149.480000,149.200000,149.296010,4,2023-06-07
2023-06-07 04:00:00,149.300000,149.392500,149.230000,149.344670,4,2023-06-07
2023-06-07 08:00:00,149.340000,149.348500,148.920000,149.039993,4,2023-06-07
2023-06-07 12:00:00,149.029999,149.039993,148.690000,148.710010,4,2023-06-07
2023-06-07 16:00:00,148.720000,149.080002,148.630000,148.980000,4,2023-06-07
2023-06-07 20:00:00,148.980000,149.610000,148.980000,149.310000,4,2023-06-08
2023-06-08 00:00:00,149.320010,149.950000,149.304990,149.890000,4,2023-06-08
2023-06-08 04:00:00,149.880000,150.020004,149.780000,149.929990,4,2023-06-08
2023-06-08 08:00:00,149.910000,150.039993,149.740010,149.840000,4,2023-06-08
2023-06-08 12:00:00,149.840000,149.890000,149.600010,149.770000,4,2023-06-08
2023-06-08 16:00:00,149.780000,150.000000,149.590000,150.000000,4,2023-06-08
2023-06-08 20:00:00,150.000000,150.050003,149.620000,149.630000,4,2023-06-09
2023-06-09 00:00:00,149.649990,149.910000,149.600010,149.750000,4,2023-06-09
2023-06-09 04:00:00,149.750000,149.860000,149.649990,149.770000,4,2023-06-09
2023-06-09 08:00:00,149.759990,150.120000,149.649990,150.100010,4,2023-06-09
2023-06-09 12:00:00,150.100010,150.301500,150.047501,150.149990,4,2023-06-09
2023-06-09 16:00:00,150.160000,150.440000,150.100010,150.230000,4,2023-06-09
2023-06-09 20:00:00,150.240010,150.259990,150.100010,150.146500,1,2023-06-09
2023-06-12 04:00:00,149.880000,149.920000,149.738490,149.860000,1,2023-06-12
2023-06-12 08:00:00,149.880000,149.946500,149.669490,149.830000,4,2023-06-12
2023-06-12 12:00:00,149.840000,149.990010,149.690000,149.980000,4,2023-06-12
2023-06-12 16:00:00,149.980000,150.350010,149.899990,150.179990,4,2023-06-12
2023-06-12 20:00:00,150.179990,150.259990,149.770000,150.170000,4,2023-06-13
2023-06-13 00:00:00,150.170000,150.250000,149.999500,150.149990,4,2023-06-13
2023-06-13 04:00:00,150.170000,150.250000,150.110000,150.160000,4,2023-06-13
2023-06-13 08:00:00,150.179990,150.320010,150.029999,150.259990,4,2023-06-13
2023-06-13 12:00:00,150.259000,150.590000,150.170000,150.399990,4,2023-06-13
2023-06-13 16:00:00,150.410000,150.860000,150.370000,150.780000,4,2023-06-13
2023-06-13 20:00:00,150.780000,151.000000,150.250000,150.860000,4,2023-06-14
2023-06-14 00:00:00,150.780000,151.250000,150.759990,151.240010,4,2023-06-14
2023-06-14 04:00:00,151.240010,151.380000,151.220000,151.291080,4,2023-06-14
2023-06-14 08:00:00,151.300000,151.380000,151.029999,151.179990,4,2023-06-14
2023-06-14 12:00:00,151.179990,151.250000,150.979510,150.979510,4,2023-06-14
2023-06-14 16:00:00,151.000000,151.250000,150.920000,151.149990,4,2023-06-14
2023-06-14 20:00:00,151.140000,151.380000,151.120000,151.310000,4,2023-06-15
2023-06-15 00:00:00,151.310000,151.410000,151.149990,151.410000,4,2023-06-15
2023-06-15 04:00:00,151.380000,151.820010,151.240010,151.730000,4,2023-06-15
2023-06-15 08:00:00,151.720000,152.470000,151.649990,152.450000,4,2023-06-15
2023-06-15 12:00:00,152.440000,152.880000,152.259990,152.770000,4,2023-06-15
2023-06-15 16:00:00,152.780000,153.110000,152.720000,152.960010,4,2023-06-15
2023-06-15 20:00:00,152.970000,153.390000,152.720000,153.059998,4,2023-06-16
2023-06-16 00:00:00,153.050003,153.640000,153.000000,153.580000,4,2023-06-16
2023-06-16 04:00:00,153.580000,153.690000,153.479510,153.500000,4,2023-06-16
2023-06-16 08:00:00,153.530000,153.560000,153.089996,153.179990,4,2023-06-16
2023-06-16 12:00:00,153.171490,154.059998,153.130000,153.940000,4,2023-06-16
2023-06-16 16:00:00,153.929990,154.720000,153.910000,154.340000,4,2023-06-16
2023-06-16 20:00:00,154.330000,154.390000,154.089996,154.250000,1,2023-06-16
2023-06-19 04:00:00,155.080002,155.200000,155.009995,155.149990,1,2023-06-19
2023-06-19 08:00:00,155.140000,155.623840,155.072006,155.179990,4,2023-06-19
2023-06-19 12:00:00,155.170000,155.259990,154.649990,154.970000,4,2023-06-19
2023-06-19 16:00:00,154.980000,155.179990,154.759990,154.910000,4,2023-06-19
2023-06-19 20:00:00,154.920000,155.070007,154.759990,154.759990,4,2023-06-20
2023-06-20 00:00:00,154.759990,155.080002,154.679990,154.970000,4,2023-06-20
2023-06-20 04:00:00,154.964000,155.100010,154.906490,155.050003,4,2023-06-20
2023-06-20 08:00:00,155.029999,155.310000,154.960010,155.080002,4,2023-06-20
2023-06-20 12:00:00,155.080002,155.210010,154.590000,155.200000,4,2023-06-20
2023-06-20 16:00:00,155.210010,155.380000,154.660000,154.750000,4,2023-06-20
2023-06-20 20:00:00,154.750000,154.810000,154.330000,154.550000,4,2023-06-21
2023-06-21 00:00:00,154.560000,154.600010,154.050003,154.240010,4,2023-06-21
2023-06-21 04:00:00,154.250000,154.498500,154.250000,154.380000,4,2023-06-21
2023-06-21 08:00:00,154.380000,154.679990,154.300000,154.550000,4,2023-06-21
2023-06-21 12:00:00,154.550000,154.840000,154.460010,154.649990,4,2023-06-21
2023-06-21 16:00:00,154.649990,155.350010,154.640000,154.940000,4,2023-06-21
2023-06-21 20:00:00,154.940000,155.460010,154.750000,155.429990,4,2023-06-22
2023-06-22 00:00:00,155.440000,155.750000,155.380000,155.710010,4,2023-06-22
2023-06-22 04:00:00,155.720000,155.967880,155.679990,155.840000,4,2023-06-22
2023-06-22 08:00:00,155.830000,155.940000,155.700000,155.820010,4,2023-06-22
2023-06-22 12:00:00,155.809490,155.850010,155.610000,155.780000,4,2023-06-22
2023-06-22 16:00:00,155.780000,156.190000,155.720000,156.168000,4,2023-06-22
2023-06-22 20:00:00,156.160000,156.509990,155.890000,156.270000,4,2023-06-23
2023-06-23 00:00:00,156.270000,156.720000,156.259990,156.660000,4,2023-06-23
2023-06-23 04:00:00,156.670000,156.929990,156.590000,156.759990,4,2023-06-23
2023-06-23 08:00:00,156.750000,156.830000,156.340000,156.460010,4,2023-06-23
2023-06-23 12:00:00,156.450000,156.810000,156.340000,156.770000,4,2023-06-23
2023-06-23 16:00:00,156.789990,156.810000,155.059998,155.550000,4,2023-06-23
2023-06-23 20:00:00,155.550000,155.789990,155.509990,155.710010,1,2023-06-23
2023-06-26 04:00:00,156.554000,156.610000,156.410000,156.570010,1,2023-06-26
2023-06-26 08:00:00,156.580000,156.730000,156.190000,156.480000,4,2023-06-26
2023-06-26 12:00:00,156.470000,156.623500,156.250000,156.370000,4,2023-06-26
2023-06-26 16:00:00,156.370000,156.530000,155.750000,156.070007,4,2023-06-26
2023-06-26 20:00:00,156.070007,156.690000,155.940000,156.550000,4,2023-06-27
2023-06-27 00:00:00,156.560000,156.710010,156.420000,156.539990,4,2023-06-27
2023-06-27 04:00:00,156.530000,156.670000,156.470000,156.490010,4,2023-06-27
2023-06-27 08:00:00,156.500000,156.720000,156.390000,156.630000,4,2023-06-27
2023-06-27 12:00:00,156.630000,156.880000,156.560000,156.789990,4,2023-06-27
2023-06-27 16:00:00,156.789990,157.440000,156.720000,157.360000,4,2023-06-27
2023-06-27 20:00:00,157.370000,157.490010,157.009995,157.350010,4,2023-06-28
2023-06-28 00:00:00,157.350010,157.880000,157.320010,157.830000,4,2023-06-28
2023-06-28 04:00:00,157.820010,157.940000,157.807500,157.880000,4,2023-06-28
2023-06-28 08:00:00,157.870000,157.920000,157.429990,157.520000,4,2023-06-28
2023-06-28 12:00:00,157.530000,157.730000,157.509990,157.690000,4,2023-06-28
2023-06-28 16:00:00,157.690000,157.990010,157.479000,157.690000,4,2023-06-28
2023-06-28 20:00:00,157.679990,158.000000,157.630000,157.920000,4,2023-06-29
2023-06-29 00:00:00,157.899990,157.970000,157.230000,157.509990,4,2023-06-29
2023-06-29 04:00:00,157.513000,157.720000,157.500000,157.590000,4,2023-06-29
2023-06-29 08:00:00,157.600010,157.660000,157.300000,157.410000,4,2023-06-29
2023-06-29 12:00:00,157.399990,157.509990,157.250000,157.440000,4,2023-06-29
2023-06-29 16:00:00,157.450000,157.920000,157.360000,157.610000,4,2023-06-29
2023-06-29 20:00:00,157.620000,157.850010,157.280000,157.480000,4,2023-06-30
2023-06-30 00:00:00,157.480000,157.570010,157.350010,157.470000,4,2023-06-30
2023-06-30 04:00:00,157.460010,157.500000,157.250000,157.250000,4,2023-06-30
2023-06-30 08:00:00,157.259990,157.590000,157.210010,157.270000,4,2023-06-30
2023-06-30 12:00:00,157.280000,157.474500,157.210010,157.259990,4,2023-06-30
2023-06-30 16:00:00,157.250000,157.350010,156.690000,156.970000,4,2023-06-30
2023-06-30 20:00:00,156.970000,157.000000,156.840000,156.970000,1,2023-06-30
2023-07-03 04:00:00,157.464840,157.570010,157.390000,157.410000,1,2023-07-03
2023-07-03 08:00:00,157.420000,157.690000,157.310000,157.640000,4,2023-07-03
2023-07-03 12:00:00,157.640000,157.830000,157.580000,157.640000,4,2023-07-03
2023-07-03 16:00:00,157.630000,157.710010,157.250000,157.470000,4,2023-07-03
2023-07-03 20:00:00,157.470000,157.929990,157.377000,157.590000,4,2023-07-04
2023-07-04 00:00:00,157.460010,157.960010,157.340000,157.820010,4,2023-07-04
2023-07-04 04:00:00,157.830000,157.950000,157.820010,157.830000,4,2023-07-04
2023-07-04 08:00:00,157.860000,157.920000,157.590000,157.730000,4,2023-07-04
2023-07-04 12:00:00,157.730000,157.789990,157.570010,157.610000,4,2023-07-04
2023-07-04 16:00:00,157.610000,157.690000,157.270000,157.399990,4,2023-07-04
2023-07-04 20:00:00,157.410000,157.470000,157.179990,157.300000,4,2023-07-05
2023-07-05 00:00:00,157.289990,157.500000,157.200000,157.450000,4,2023-07-05
2023-07-05 04:00:00,157.450000,157.480000,157.140000,157.170000,4,2023-07-05
2023-07-05 08:00:00,157.170000,157.429990,157.120000,157.289990,4,2023-07-05
2023-07-05 12:00:00,157.289990,157.440000,157.110000,157.399990,4,2023-07-05
2023-07-05 16:00:00,157.390000,157.720000,156.789990,157.190000,4,2023-07-05
2023-07-05 20:00:00,157.190000,157.460010,156.899990,157.029999,4,2023-07-06
2023-07-06 00:00:00,157.009995,157.200000,156.870000,157.029999,4,2023-07-06
2023-07-06 04:00:00,157.009995,157.089996,156.879500,156.950000,4,2023-07-06
2023-07-06 08:00:00,156.960010,157.000000,156.440000,156.679990,4,2023-07-06
2023-07-06 12:00:00,156.690000,156.720000,155.840000,156.020004,4,2023-07-06
2023-07-06 16:00:00,155.990010,156.600010,155.980000,156.539990,4,2023-07-06
2023-07-06 20:00:00,156.534500,157.020004,156.470000,156.970000,4,2023-07-07
2023-07-07 00:00:00,156.990010,157.179990,156.470000,156.899990,4,2023-07-07
2023-07-07 04:00:00,156.910000,156.960010,156.810000,156.840000,4,2023-07-07
2023-07-07 08:00:00,156.870000,156.940000,156.560000,156.789990,4,2023-07-07
2023-07-07 12:00:00,156.789990,156.820010,156.270000,156.320010,4,2023-07-07
2023-07-07 16:00:00,156.310000,156.480000,155.420000,155.720000,4,2023-07-07
2023-07-07 20:00:00,155.720000,156.020004,155.690000,156.009995,1,2023-07-07
2023-07-10 04:00:00,155.920000,155.949010,155.800000,155.879590,1,2023-07-10
2023-07-10 08:00:00,155.890000,156.410000,155.870000,156.190000,4,2023-07-10
2023-07-10 12:00:00,156.200000,156.679990,156.179990,156.250000,4,2023-07-10
2023-07-10 16:00:00,156.240010,156.320010,155.759990,156.200000,4,2023-07-10
2023-07-10 20:00:00,156.190000,156.300000,155.330000,155.390000,4,2023-07-11
2023-07-11 00:00:00,155.380000,155.610000,155.370000,155.429990,4,2023-07-11
2023-07-11 04:00:00,155.440000,155.560000,155.379000,155.470000,4,2023-07-11
2023-07-11 08:00:00,155.470000,155.670000,155.310000,155.318500,4,2023-07-11
2023-07-11 12:00:00,155.310000,155.390000,154.929990,155.039993,4,2023-07-11
2023-07-11 16:00:00,155.089996,155.270000,154.460010,154.539990,4,2023-07-11
2023-07-11 20:00:00,154.550000,154.810000,154.179990,154.740010,4,2023-07-12
2023-07-12 00:00:00,154.720000,154.770000,154.360000,154.460010,4,2023-07-12
2023-07-12 04:00:00,154.470000,154.573780,154.410000,154.490010,4,2023-07-12
2023-07-12 08:00:00,154.490010,154.509990,153.720000,153.789990,4,2023-07-12
2023-07-12 12:00:00,153.789990,154.128490,153.770000,153.810000,4,2023-07-12
2023-07-12 16:00:00,153.820010,154.100010,153.649990,153.960010,4,2023-07-12
2023-07-12 20:00:00,153.950000,154.282000,153.440000,154.080002,4,2023-07-13
2023-07-13 00:00:00,154.059998,154.170000,153.700000,153.960010,4,2023-07-13
2023-07-13 04:00:00,153.960010,155.040497,153.940000,154.070007,4,2023-07-13
2023-07-13 08:00:00,154.080002,154.490010,153.880000,154.370000,4,2023-07-13
2023-07-13 12:00:00,154.370000,154.560000,154.259990,154.520000,4,2023-07-13
2023-07-13 16:00:00,154.509990,154.820010,154.080002,154.770000,4,2023-07-13
2023-07-13 20:00:00,154.759990,155.120000,154.560000,154.660000,4,2023-07-14
2023-07-14 00:00:00,154.670000,154.929990,154.490010,154.870000,4,2023-07-14
2023-07-14 04:00:00,154.880000,155.026947,154.740010,154.990010,4,2023-07-14
2023-07-14 08:00:00,154.970000,155.020004,154.179990,154.429990,4,2023-07-14
2023-07-14 12:00:00,154.440000,154.840000,154.370000,154.660000,4,2023-07-14
2023-07-14 16:00:00,154.670000,155.583500,154.630000,155.530000,4,2023-07-14
2023-07-14 20:00:00,155.530000,155.780000,155.502000,155.539990,1,2023-07-14
2023-07-17 04:00:00,155.925990,155.960010,155.759990,155.800000,1,2023-07-17
2023-07-17 08:00:00,155.789990,155.899990,155.330000,155.429990,4,2023-07-17
2023-07-17 12:00:00,155.410000,155.700000,155.380000,155.679990,4,2023-07-17
2023-07-17 16:00:00,155.670000,155.990010,155.179990,155.320010,4,2023-07-17
2023-07-17 20:00:00,155.320010,156.289990,155.100010,156.140000,4,2023-07-18
2023-07-18 00:00:00,156.130000,156.340000,155.860000,156.059998,4,2023-07-18
2023-07-18 04:00:00,156.059998,156.072998,155.840000,155.870000,4,2023-07-18
2023-07-18 08:00:00,155.880000,156.140000,155.770000,155.899990,4,2023-07-18
2023-07-18 12:00:00,155.910000,156.020004,155.720000,155.759990,4,2023-07-18
2023-07-18 16:00:00,155.770000,155.950000,155.280000,155.460010,4,2023-07-18
2023-07-18 20:00:00,155.460010,155.820010,154.880000,155.700000,4,2023-07-19
2023-07-19 00:00:00,155.720000,156.110000,155.660000,155.810000,4,2023-07-19
2023-07-19 04:00:00,155.830000,156.070007,155.800000,155.890000,4,2023-07-19
2023-07-19 08:00:00,155.890000,156.259990,155.840000,156.140000,4,2023-07-19
2023-07-19 12:00:00,156.140000,156.590000,156.130000,156.570010,4,2023-07-19
2023-07-19 16:00:00,156.560000,157.210010,156.280000,157.009995,4,2023-07-19
2023-07-19 20:00:00,157.000000,157.020004,156.380000,156.679990,4,2023-07-20
2023-07-20 00:00:00,156.670000,156.720000,156.160000,156.320010,4,2023-07-20
2023-07-20 04:00:00,156.320010,156.550000,156.179990,156.370000,4,2023-07-20
2023-07-20 08:00:00,156.390000,156.620000,156.210010,156.250000,4,2023-07-20
2023-07-20 12:00:00,156.250000,156.420000,156.187000,156.300000,4,2023-07-20
2023-07-20 16:00:00,156.280000,156.539990,156.140000,156.440000,4,2023-07-20
2023-07-20 20:00:00,156.429990,156.509990,156.200000,156.420000,4,2023-07-21
2023-07-21 00:00:00,156.380000,156.550000,155.920000,156.050003,4,2023-07-21
2023-07-21 04:00:00,156.029999,156.059998,155.868500,155.960010,4,2023-07-21
2023-07-21 08:00:00,155.970000,156.120000,155.590000,156.050003,4,2023-07-21
2023-07-21 12:00:00,156.039993,156.289990,155.960010,156.250000,4,2023-07-21
2023-07-21 16:00:00,156.240010,158.050003,156.080002,157.620000,4,2023-07-21
2023-07-21 20:00:00,157.610000,157.810000,157.610000,157.740010,1,2023-07-21
2023-07-24 04:00:00,157.665500,157.773860,157.570010,157.761340,1,2023-07-24
2023-07-24 08:00:00,157.730000,157.789990,157.280000,157.350010,4,2023-07-24
2023-07-24 12:00:00,157.340000,157.590000,157.210010,157.590000,4,2023-07-24
2023-07-24 16:00:00,157.580000,157.690000,156.410000,156.570010,4,2023-07-24
2023-07-24 20:00:00,156.560000,156.740010,156.240010,156.480000,4,2023-07-25
2023-07-25 00:00:00,156.470000,156.700000,156.330000,156.667500,4,2023-07-25
2023-07-25 04:00:00,156.670000,156.711500,156.440000,156.500000,4,2023-07-25
2023-07-25 08:00:00,156.500000,156.700000,156.470000,156.470000,4,2023-07-25
2023-07-25 12:00:00,156.470000,156.710010,156.380000,156.630000,4,2023-07-25
2023-07-25 16:00:00,156.620000,156.890000,156.100010,156.120000,4,2023-07-25
2023-07-25 20:00:00,156.112000,156.480000,155.880000,156.029999,4,2023-07-26
2023-07-26 00:00:00,156.029999,156.120000,155.620000,155.810000,4,2023-07-26
2023-07-26 04:00:00,155.807500,155.980000,155.690000,155.840000,4,2023-07-26
2023-07-26 08:00:00,155.820010,155.880000,155.670000,155.810000,4,2023-07-26
2023-07-26 12:00:00,155.820010,155.990010,155.720000,155.910000,4,2023-07-26
2023-07-26 16:00:00,155.920000,155.940000,155.259990,155.399990,4,2023-07-26
2023-07-26 20:00:00,155.410000,155.640000,155.140000,155.420000,4,2023-07-27
2023-07-27 00:00:00,155.410000,155.710010,155.200000,155.450000,4,2023-07-27
2023-07-27 04:00:00,155.420000,155.670000,155.289990,155.460010,4,2023-07-27
2023-07-27 08:00:00,155.440000,155.759990,155.050003,155.140000,4,2023-07-27
2023-07-27 12:00:00,155.130000,155.600010,154.880000,155.450000,4,2023-07-27
2023-07-27 16:00:00,155.457990,156.020996,155.310000,156.020004,4,2023-07-27
2023-07-27 20:00:00,156.009995,156.240010,154.800000,154.950000,4,2023-07-28
2023-07-28 00:00:00,154.940000,155.300000,153.080002,153.399990,4,2023-07-28
2023-07-28 04:00:00,153.399990,153.440000,152.190000,153.089996,4,2023-07-28
2023-07-28 08:00:00,153.080002,153.200000,152.320010,153.009995,4,2023-07-28
2023-07-28 12:00:00,153.020004,154.920000,151.410000,152.870000,4,2023-07-28
2023-07-28 16:00:00,152.860000,153.500000,152.420000,152.840000,4,2023-07-28
2023-07-28 20:00:00,152.850010,153.210010,152.830000,153.080002,1,2023-07-28
2023-07-31 04:00:00,155.366380,155.530000,155.330000,155.480000,1,2023-07-31
2023-07-31 08:00:00,155.460010,156.110000,155.110000,155.910000,4,2023-07-31
2023-07-31 12:00:00,155.910000,156.280000,155.780000,156.160000,4,2023-07-31
2023-07-31 16:00:00,156.160000,157.200000,155.910000,156.990010,4,2023-07-31
2023-07-31 20:00:00,156.990010,157.280000,156.679500,157.100010,4,2023-08-01
2023-08-01 00:00:00,157.080002,157.210010,156.360000,156.420000,4,2023-08-01
2023-08-01 04:00:00,156.410000,156.550000,156.369510,156.480000,4,2023-08-01
2023-08-01 08:00:00,156.490010,156.860000,156.440000,156.830000,4,2023-08-01
2023-08-01 12:00:00,156.860000,157.050003,156.560000,157.039993,4,2023-08-01
2023-08-01 16:00:00,157.029999,157.029999,156.480000,156.550000,4,2023-08-01
2023-08-01 20:00:00,156.549500,157.300000,156.544010,157.220000,4,2023-08-02
2023-08-02 00:00:00,157.220000,157.420000,156.990010,157.340000,4,2023-08-02
2023-08-02 04:00:00,157.330000,157.495500,157.200000,157.320010,4,2023-08-02
2023-08-02 08:00:00,157.289990,157.500000,157.220000,157.360000,4,2023-08-02
2023-08-02 12:00:00,157.350010,157.480000,156.860000,157.089996,4,2023-08-02
2023-08-02 16:00:00,157.100010,157.110000,156.257000,156.630000,4,2023-08-02
2023-08-02 20:00:00,156.630000,157.100010,156.550000,156.929990,4,2023-08-03
2023-08-03 00:00:00,156.940000,157.041000,156.530000,156.740010,4,2023-08-03
2023-08-03 04:00:00,156.750000,156.929990,156.729510,156.750000,4,2023-08-03
2023-08-03 08:00:00,156.770000,156.950000,156.679990,156.810000,4,2023-08-03
2023-08-03 12:00:00,156.800000,157.240010,156.610000,157.020004,4,2023-08-03
2023-08-03 16:00:00,157.000000,157.089996,155.980000,156.230000,4,2023-08-03
2023-08-03 20:00:00,156.240010,156.450000,155.789990,155.940000,4,2023-08-04
2023-08-04 00:00:00,155.960010,156.250000,155.530000,156.149990,4,2023-08-04
2023-08-04 04:00:00,156.160000,156.220000,156.009995,156.070007,4,2023-08-04
2023-08-04 08:00:00,156.070007,156.470000,156.000000,156.280000,4,2023-08-04
2023-08-04 12:00:00,156.280000,156.350010,155.950000,156.029999,4,2023-08-04
2023-08-04 16:00:00,156.029999,156.270000,155.899990,156.220000,4,2023-08-04
2023-08-04 20:00:00,156.224500,156.360000,156.130000,156.259990,1,2023-08-04
2023-08-07 04:00:00,156.126910,156.270000,156.029999,156.097900,1,2023-08-07
2023-08-07 08:00:00,156.080002,156.190000,155.810000,155.950000,4,2023-08-07
2023-08-07 12:00:00,155.950000,156.440000,155.950000,156.151990,4,2023-08-07
2023-08-07 16:00:00,156.160000,156.350010,156.050003,156.089996,4,2023-08-07
2023-08-07 20:00:00,156.089996,156.330000,156.039993,156.230000,4,2023-08-08
2023-08-08 00:00:00,156.230000,156.810000,156.190000,156.800000,4,2023-08-08
2023-08-08 04:00:00,156.789990,156.860000,156.710010,156.800000,4,2023-08-08
2023-08-08 08:00:00,156.770000,157.370000,156.690000,157.340000,4,2023-08-08
2023-08-08 12:00:00,157.340000,157.570010,157.300000,157.560000,4,2023-08-08
2023-08-08 16:00:00,157.630000,157.750000,156.880000,156.910000,4,2023-08-08
2023-08-08 20:00:00,156.920000,157.029999,156.390000,156.470000,4,2023-08-09
2023-08-09 00:00:00,156.520000,157.050003,156.490010,157.029999,4,2023-08-09
2023-08-09 04:00:00,157.020004,157.241000,156.970000,157.059998,4,2023-08-09
2023-08-09 08:00:00,157.050003,157.270000,156.903000,157.196000,4,2023-08-09
2023-08-09 12:00:00,157.190000,157.220000,157.020004,157.059998,4,2023-08-09
2023-08-09 16:00:00,157.059998,157.530000,156.967500,157.340000,4,2023-08-09
2023-08-09 20:00:00,157.320010,157.560000,157.250000,157.470000,4,2023-08-10
2023-08-10 00:00:00,157.480000,157.899990,157.451000,157.693500,4,2023-08-10
2023-08-10 04:00:00,157.720000,157.830000,157.641010,157.730000,4,2023-08-10
2023-08-10 08:00:00,157.730000,157.870000,157.654500,157.770000,4,2023-08-10
2023-08-10 12:00:00,157.759990,158.240010,157.750000,158.179990,4,2023-08-10
2023-08-10 16:00:00,158.170000,158.580000,158.170000,158.560000,4,2023-08-10
2023-08-10 20:00:00,158.560000,159.160000,158.200000,159.130000,4,2023-08-11
2023-08-11 00:00:00,159.140000,159.210010,158.770000,158.840000,4,2023-08-11
2023-08-11 04:00:00,158.830000,159.080002,158.820010,158.890000,4,2023-08-11
2023-08-11 08:00:00,158.940000,159.149990,158.929990,159.110000,4,2023-08-11
2023-08-11 12:00:00,159.100010,159.140000,158.920000,159.109500,4,2023-08-11
2023-08-11 16:00:00,159.120000,159.220000,158.720000,158.750000,4,2023-08-11
2023-08-11 20:00:00,158.740010,158.970000,158.730000,158.899990,1,2023-08-11
2023-08-14 04:00:00,158.650010,158.860000,158.650010,158.730000,1,2023-08-14
2023-08-14 08:00:00,158.720000,158.830000,158.259990,158.539990,4,2023-08-14
2023-08-14 12:00:00,158.530000,158.550000,158.380000,158.410000,4,2023-08-14
2023-08-14 16:00:00,158.399990,158.810000,158.190000,158.720000,4,2023-08-14
2023-08-14 20:00:00,158.720000,158.780000,158.250000,158.360000,4,2023-08-15
2023-08-15 00:00:00,158.370000,158.800000,158.259990,158.701510,4,2023-08-15
2023-08-15 04:00:00,158.699010,158.830000,158.590000,158.740010,4,2023-08-15
2023-08-15 08:00:00,158.720000,158.780000,158.530000,158.649990,4,2023-08-15
2023-08-15 12:00:00,158.660000,158.850010,158.570010,158.750000,4,2023-08-15
2023-08-15 16:00:00,158.730000,159.289990,158.720000,159.240010,4,2023-08-15
2023-08-15 20:00:00,159.230000,159.340000,158.860000,159.000000,4,2023-08-16
2023-08-16 00:00:00,159.000000,159.000000,158.740010,158.860000,4,2023-08-16
2023-08-16 04:00:00,158.870000,158.890000,158.690000,158.740010,4,2023-08-16
2023-08-16 08:00:00,158.740010,158.890000,158.640000,158.750000,4,2023-08-16
2023-08-16 12:00:00,158.750000,158.789990,158.630000,158.740010,4,2023-08-16
2023-08-16 16:00:00,158.750000,159.120000,158.690000,159.029999,4,2023-08-16
2023-08-16 20:00:00,159.059998,159.140000,158.950000,159.059998,4,2023-08-17
2023-08-17 00:00:00,159.070007,159.210010,158.830000,159.070007,4,2023-08-17
2023-08-17 04:00:00,159.089996,159.381360,158.990010,159.179990,4,2023-08-17
2023-08-17 08:00:00,159.179990,159.289990,159.070007,159.080002,4,2023-08-17
2023-08-17 12:00:00,159.080002,159.140000,158.990010,159.089996,4,2023-08-17
2023-08-17 16:00:00,159.089996,159.300000,158.870000,158.980000,4,2023-08-17
2023-08-17 20:00:00,158.970000,159.120000,158.780000,159.020004,4,2023-08-18
2023-08-18 00:00:00,159.000000,159.140000,158.800000,158.870000,4,2023-08-18
2023-08-18 04:00:00,158.873000,158.890000,158.259990,158.509990,4,2023-08-18
2023-08-18 08:00:00,158.560000,158.590000,158.250000,158.429990,4,2023-08-18
2023-08-18 12:00:00,158.429990,158.539990,158.089996,158.190000,4,2023-08-18
2023-08-18 16:00:00,158.190000,158.280000,157.759990,158.200000,4,2023-08-18
2023-08-18 20:00:00,158.206500,158.220000,158.009995,158.029999,1,2023-08-18
2023-08-21 04:00:00,158.000000,158.220000,157.985500,158.190000,1,2023-08-21
2023-08-21 08:00:00,158.100010,158.270000,157.800000,158.240010,4,2023-08-21
2023-08-21 12:00:00,158.250000,158.390000,158.110000,158.220000,4,2023-08-21
2023-08-21 16:00:00,158.210010,158.940000,158.080002,158.920000,4,2023-08-21
2023-08-21 20:00:00,158.910000,159.259990,158.899990,159.100010,4,2023-08-22
2023-08-22 00:00:00,159.120000,159.385500,159.000000,159.320010,4,2023-08-22
2023-08-22 04:00:00,159.310000,159.399990,159.199010,159.319000,4,2023-08-22
2023-08-22 08:00:00,159.320010,159.490010,159.240010,159.360000,4,2023-08-22
2023-08-22 12:00:00,159.370000,159.399990,159.179990,159.310000,4,2023-08-22
2023-08-22 16:00:00,159.310000,159.410000,158.720000,158.770000,4,2023-08-22
2023-08-22 20:00:00,158.759990,158.834000,158.390000,158.390000,4,2023-08-23
2023-08-23 00:00:00,158.390000,158.410000,158.080002,158.210010,4,2023-08-23
2023-08-23 04:00:00,158.220000,158.330000,158.155000,158.200000,4,2023-08-23
2023-08-23 08:00:00,158.210010,158.220000,157.899990,158.059998,4,2023-08-23
2023-08-23 12:00:00,158.050003,158.270000,158.050003,158.230000,4,2023-08-23
2023-08-23 16:00:00,158.220000,158.380000,157.120000,157.200000,4,2023-08-23
2023-08-23 20:00:00,157.220000,157.340000,156.870000,156.880000,4,2023-08-24
2023-08-24 00:00:00,156.890000,157.300000,156.877000,157.289990,4,2023-08-24
2023-08-24 04:00:00,157.270000,157.429990,157.190000,157.310000,4,2023-08-24
2023-08-24 08:00:00,157.310000,157.520000,157.110000,157.494510,4,2023-08-24
2023-08-24 12:00:00,157.480000,157.891010,157.440000,157.830000,4,2023-08-24
2023-08-24 16:00:00,157.820010,157.890000,157.410000,157.770000,4,2023-08-24
2023-08-24 20:00:00,157.759990,158.050003,157.740010,157.980000,4,2023-08-25
2023-08-25 00:00:00,158.000000,158.009995,157.700000,157.780000,4,2023-08-25
2023-08-25 04:00:00,157.780000,157.800000,157.580000,157.700000,4,2023-08-25
2023-08-25 08:00:00,157.690000,157.789990,157.570010,157.690000,4,2023-08-25
2023-08-25 12:00:00,157.694500,157.702000,157.360000,157.640000,4,2023-08-25
2023-08-25 16:00:00,157.600010,157.780000,157.230000,157.590000,4,2023-08-25
2023-08-25 20:00:00,157.590000,157.770000,157.580000,157.649990,1,2023-08-25
2023-08-28 04:00:00,158.120000,158.130000,158.039993,158.100010,1,2023-08-28
2023-08-28 08:00:00,158.120000,158.350010,158.070007,158.280000,4,2023-08-28
2023-08-28 12:00:00,158.280000,158.370500,158.170000,158.250000,4,2023-08-28
2023-08-28 16:00:00,158.259990,158.490010,158.230000,158.390000,4,2023-08-28
2023-08-28 20:00:00,158.380000,158.570010,158.250000,158.370000,4,2023-08-29
2023-08-29 00:00:00,158.380000,158.530000,158.190000,158.320010,4,2023-08-29
2023-08-29 04:00:00,158.310000,158.598010,158.259990,158.570010,4,2023-08-29
2023-08-29 08:00:00,158.560000,158.600010,158.440000,158.570010,4,2023-08-29
2023-08-29 12:00:00,158.570010,158.660000,158.410000,158.429990,4,2023-08-29
2023-08-29 16:00:00,158.440000,158.541500,158.240010,158.460010,4,2023-08-29
2023-08-29 20:00:00,158.460010,159.029999,158.399990,158.960010,4,2023-08-30
2023-08-30 00:00:00,158.950000,159.059998,158.310000,158.530000,4,2023-08-30
2023-08-30 04:00:00,158.539990,158.759990,158.500000,158.740010,4,2023-08-30
2023-08-30 08:00:00,158.740010,158.880000,158.550000,158.851500,4,2023-08-30
2023-08-30 12:00:00,158.840000,158.970000,158.670000,158.920000,4,2023-08-30
2023-08-30 16:00:00,158.929990,159.370000,158.890000,159.340000,4,2023-08-30
2023-08-30 20:00:00,159.340000,159.440000,159.106510,159.380000,4,2023-08-31
2023-08-31 00:00:00,159.380000,159.690000,159.310000,159.649990,4,2023-08-31
2023-08-31 04:00:00,159.649990,159.770000,159.500000,159.730000,4,2023-08-31
2023-08-31 08:00:00,159.720000,159.740010,159.390000,159.399990,4,2023-08-31
2023-08-31 12:00:00,159.420000,159.470000,159.190000,159.310000,4,2023-08-31
2023-08-31 16:00:00,159.320010,159.509990,158.520000,158.660000,4,2023-08-31
2023-08-31 20:00:00,158.649990,158.730000,158.420000,158.550000,4,2023-09-01
2023-09-01 00:00:00,158.560000,158.580000,157.620000,157.789990,4,2023-09-01
2023-09-01 04:00:00,157.789990,157.970000,157.670000,157.810000,4,2023-09-01
2023-09-01 08:00:00,157.800000,157.910000,157.560000,157.746000,4,2023-09-01
2023-09-01 12:00:00,157.750000,157.910000,157.630000,157.839490,4,2023-09-01
2023-09-01 16:00:00,157.810000,157.970000,157.660000,157.750000,4,2023-09-01
2023-09-01 20:00:00,157.750000,157.810000,157.710010,157.740010,1,2023-09-01
2023-09-04 04:00:00,157.488270,157.679990,157.429990,157.539990,1,2023-09-04
2023-09-04 08:00:00,157.509990,157.630000,157.330000,157.580000,4,2023-09-04
2023-09-04 12:00:00,157.580000,157.730000,157.550000,157.690000,4,2023-09-04
2023-09-04 16:00:00,157.690000,158.179990,157.620000,158.029999,4,2023-09-04
2023-09-04 20:00:00,158.029999,158.250000,158.009995,158.080002,4,2023-09-05
2023-09-05 00:00:00,158.070007,158.179990,157.899990,158.135500,4,2023-09-05
2023-09-05 04:00:00,158.139010,158.190000,158.029999,158.130000,4,2023-09-05
2023-09-05 08:00:00,158.110000,158.259990,158.089996,158.179990,4,2023-09-05
2023-09-05 12:00:00,158.179990,158.399990,158.140000,158.390000,4,2023-09-05
2023-09-05 16:00:00,158.399990,158.410000,157.800000,158.200000,4,2023-09-05
2023-09-05 20:00:00,158.190000,158.360000,157.910000,158.280000,4,2023-09-06
2023-09-06 00:00:00,158.289990,158.503370,158.110000,158.475010,4,2023-09-06
2023-09-06 04:00:00,158.460010,158.470000,158.230000,158.370000,4,2023-09-06
2023-09-06 08:00:00,158.370000,158.429990,158.080002,158.210010,4,2023-09-06
2023-09-06 12:00:00,158.220000,158.440000,157.840000,157.890000,4,2023-09-06
2023-09-06 16:00:00,157.899990,158.390000,157.770000,158.210010,4,2023-09-06
2023-09-06 20:00:00,158.220000,158.450000,157.960010,158.009995,4,2023-09-07
2023-09-07 00:00:00,158.029999,158.370000,157.970000,158.360000,4,2023-09-07
2023-09-07 04:00:00,158.350010,158.470000,158.110000,158.340000,4,2023-09-07
2023-09-07 08:00:00,158.330000,158.522000,158.270000,158.410000,4,2023-09-07
2023-09-07 12:00:00,158.420000,158.429990,158.110000,158.200000,4,2023-09-07
2023-09-07 16:00:00,158.190000,158.200000,157.840000,157.970000,4,2023-09-07
2023-09-07 20:00:00,157.990010,158.000000,157.360000,157.590000,4,2023-09-08
2023-09-08 00:00:00,157.600010,157.661000,157.399990,157.550000,4,2023-09-08
2023-09-08 04:00:00,157.550000,157.610000,157.390000,157.560000,4,2023-09-08
2023-09-08 08:00:00,157.539990,157.710010,157.009995,157.660000,4,2023-09-08
2023-09-08 12:00:00,157.660000,157.899990,157.590000,157.800000,4,2023-09-08
2023-09-08 16:00:00,157.810000,158.000000,157.600010,157.630000,4,2023-09-08
2023-09-08 20:00:00,157.620000,157.759990,157.580000,157.720000,1,2023-09-08
2023-09-11 04:00:00,157.528410,157.590000,157.179990,157.320010,1,2023-09-11
2023-09-11 08:00:00,157.310000,157.740010,157.310000,157.490010,4,2023-09-11
2023-09-11 12:00:00,157.480000,157.490010,156.789990,156.870000,4,2023-09-11
2023-09-11 16:00:00,156.880000,157.429990,156.580000,157.420000,4,2023-09-11
2023-09-11 20:00:00,157.420000,157.700000,156.899990,157.220000,4,2023-09-12
2023-09-12 00:00:00,157.220000,157.530000,157.140000,157.380000,4,2023-09-12
2023-09-12 04:00:00,157.371990,157.620000,157.371990,157.580000,4,2023-09-12
2023-09-12 08:00:00,157.580000,157.780000,157.380000,157.429990,4,2023-09-12
2023-09-12 12:00:00,157.429990,157.720000,157.390000,157.630000,4,2023-09-12
2023-09-12 16:00:00,157.630000,157.759990,157.179990,157.390000,4,2023-09-12
2023-09-12 20:00:00,157.390000,157.780000,157.360000,157.770000,4,2023-09-13
2023-09-13 00:00:00,157.780000,157.990010,157.590000,157.890000,4,2023-09-13
2023-09-13 04:00:00,157.890000,158.350010,157.830000,158.289990,4,2023-09-13
2023-09-13 08:00:00,158.289990,158.660000,158.120000,158.490010,4,2023-09-13
2023-09-13 12:00:00,158.479000,158.509990,158.250000,158.270000,4,2023-09-13
2023-09-13 16:00:00,158.289990,158.410000,158.009995,158.140000,4,2023-09-13
2023-09-13 20:00:00,158.134990,158.610000,158.089996,158.320010,4,2023-09-14
2023-09-14 00:00:00,158.310000,158.460010,158.130000,158.307010,4,2023-09-14
2023-09-14 04:00:00,158.310000,158.310000,158.120000,158.140000,4,2023-09-14
2023-09-14 08:00:00,158.140000,158.190000,157.920000,157.960010,4,2023-09-14
2023-09-14 12:00:00,157.970000,158.200000,157.949490,158.130000,4,2023-09-14
2023-09-14 16:00:00,158.130000,158.270000,157.990010,158.120000,4,2023-09-14
2023-09-14 20:00:00,158.120000,158.390000,156.929990,157.089996,4,2023-09-15
2023-09-15 00:00:00,157.089996,157.200000,156.640000,156.820010,4,2023-09-15
2023-09-15 04:00:00,156.830000,157.000000,156.780000,156.910000,4,2023-09-15
2023-09-15 08:00:00,156.920000,156.970250,156.720000,156.800000,4,2023-09-15
2023-09-15 12:00:00,156.810000,157.300000,156.802000,157.080002,4,2023-09-15
2023-09-15 16:00:00,157.070007,157.649990,157.039505,157.630000,4,2023-09-15
2023-09-15 20:00:00,157.630000,157.750000,157.630000,157.670000,1,2023-09-15
2023-09-18 04:00:00,157.509990,157.610000,157.489550,157.610000,1,2023-09-18
2023-09-18 08:00:00,157.620000,157.780000,157.539990,157.560000,4,2023-09-18
2023-09-18 12:00:00,157.539990,157.620000,157.520000,157.520000,4,2023-09-18
2023-09-18 16:00:00,157.539990,157.621510,157.350010,157.530000,4,2023-09-18
2023-09-18 20:00:00,157.550000,157.649990,157.380000,157.539990,4,2023-09-19
2023-09-19 00:00:00,157.539990,157.940000,157.460010,157.832000,4,2023-09-19
2023-09-19 04:00:00,157.820010,157.860000,157.640000,157.840000,4,2023-09-19
2023-09-19 08:00:00,157.820010,157.929990,157.750000,157.800000,4,2023-09-19
2023-09-19 12:00:00,157.810000,157.910000,157.770000,157.840000,4,2023-09-19
2023-09-19 16:00:00,157.840000,157.970000,157.770000,157.860000,4,2023-09-19
2023-09-19 20:00:00,157.870000,158.281490,157.850010,157.929990,4,2023-09-20
2023-09-20 00:00:00,157.940000,158.044495,157.810000,157.970000,4,2023-09-20
2023-09-20 04:00:00,157.987500,157.987500,157.780000,157.840000,4,2023-09-20
2023-09-20 08:00:00,157.830000,157.990010,157.770000,157.920000,4,2023-09-20
2023-09-20 12:00:00,157.910000,158.000000,157.820010,157.970000,4,2023-09-20
2023-09-20 16:00:00,157.970000,158.429990,157.810000,158.310000,4,2023-09-20
2023-09-20 20:00:00,158.310000,158.370000,158.130000,158.300000,4,2023-09-21
2023-09-21 00:00:00,158.310000,158.450000,158.210010,158.350010,4,2023-09-21
2023-09-21 04:00:00,158.310000,158.380000,157.910000,158.029999,4,2023-09-21
2023-09-21 08:00:00,158.059998,158.080002,157.720000,157.789990,4,2023-09-21
2023-09-21 12:00:00,157.780000,157.860000,157.370000,157.759990,4,2023-09-21
2023-09-21 16:00:00,157.750000,158.070007,157.730000,157.820010,4,2023-09-21
2023-09-21 20:00:00,157.810000,157.820010,157.220000,157.350010,4,2023-09-22
2023-09-22 00:00:00,157.370000,157.410000,157.029999,157.360000,4,2023-09-22
2023-09-22 04:00:00,157.360000,157.370000,157.228000,157.300000,4,2023-09-22
2023-09-22 08:00:00,157.310000,157.452500,157.120000,157.270000,4,2023-09-22
2023-09-22 12:00:00,157.280000,157.970000,157.200000,157.690000,4,2023-09-22
2023-09-22 16:00:00,157.690000,158.280000,157.420000,157.780000,4,2023-09-22
2023-09-22 20:00:00,157.780000,157.820010,157.599000,157.679990,1,2023-09-22
2023-09-25 04:00:00,158.028214,158.029999,157.870000,157.883530,1,2023-09-25
2023-09-25 08:00:00,157.910000,158.160000,157.880000,158.020004,4,2023-09-25
2023-09-25 12:00:00,158.009995,158.050003,157.880000,157.929990,4,2023-09-25
2023-09-25 16:00:00,157.920000,158.110000,157.759990,158.036499,4,2023-09-25
2023-09-25 20:00:00,158.029999,158.179990,157.660000,157.759990,4,2023-09-26
2023-09-26 00:00:00,157.750000,157.820010,157.490010,157.670000,4,2023-09-26
2023-09-26 04:00:00,157.679990,157.759990,157.519500,157.670000,4,2023-09-26
2023-09-26 08:00:00,157.660000,157.720000,157.380000,157.660000,4,2023-09-26
2023-09-26 12:00:00,157.661000,157.720000,157.520000,157.720000,4,2023-09-26
2023-09-26 16:00:00,157.720000,157.929990,157.500000,157.750000,4,2023-09-26
2023-09-26 20:00:00,157.750000,157.880490,157.649990,157.770000,4,2023-09-27
2023-09-27 00:00:00,157.759990,157.789990,157.350010,157.399990,4,2023-09-27
2023-09-27 04:00:00,157.380000,157.623050,157.320010,157.530000,4,2023-09-27
2023-09-27 08:00:00,157.539990,157.610000,157.310000,157.380000,4,2023-09-27
2023-09-27 12:00:00,157.380000,157.470000,157.310000,157.440000,4,2023-09-27
2023-09-27 16:00:00,157.440000,157.620000,157.380000,157.530000,4,2023-09-27
2023-09-27 20:00:00,157.530000,157.580000,157.029999,157.149990,4,2023-09-28
2023-09-28 00:00:00,157.160000,157.259990,156.960010,157.100010,4,2023-09-28
2023-09-28 04:00:00,157.100010,157.259990,156.929990,157.070007,4,2023-09-28
2023-09-28 08:00:00,157.059998,157.230000,156.949010,157.050003,4,2023-09-28
2023-09-28 12:00:00,157.059998,157.070007,156.770000,156.950000,4,2023-09-28
2023-09-28 16:00:00,156.940000,157.340000,156.710010,157.320010,4,2023-09-28
2023-09-28 20:00:00,157.320010,157.531010,157.190000,157.500000,4,2023-09-29
2023-09-29 00:00:00,157.539990,157.870000,157.420000,157.600010,4,2023-09-29
2023-09-29 04:00:00,157.620000,157.830000,157.490010,157.720000,4,2023-09-29
2023-09-29 08:00:00,157.720000,157.920000,157.649990,157.910000,4,2023-09-29
2023-09-29 12:00:00,157.899990,158.110000,157.750000,157.780000,4,2023-09-29
2023-09-29 16:00:00,157.770000,158.340000,157.399990,158.230000,4,2023-09-29
2023-09-29 20:00:00,158.240010,158.250000,158.120000,158.179990,1,2023-09-29
2023-10-02 08:00:00,158.158490,158.179990,157.860000,158.110000,4,2023-10-02
2023-10-02 12:00:00,158.130000,158.350010,158.089996,158.250000,4,2023-10-02
2023-10-02 16:00:00,158.250000,158.480000,158.020004,158.149990,4,2023-10-02
2023-10-02 20:00:00,158.140000,158.149990,157.640000,157.730000,4,2023-10-03
2023-10-03 00:00:00,157.730000,157.770000,157.140000,157.149990,4,2023-10-03
2023-10-03 04:00:00,157.160000,157.350010,157.000000,157.009995,4,2023-10-03
2023-10-03 08:00:00,157.029999,157.240010,156.789990,156.960010,4,2023-10-03
2023-10-03 12:00:00,156.950000,156.990010,156.750000,156.820010,4,2023-10-03
2023-10-03 16:00:00,156.820010,157.190000,156.730000,157.080002,4,2023-10-03
2023-10-03 20:00:00,157.089996,157.220000,156.880000,156.920000,4,2023-10-04
2023-10-04 00:00:00,156.899990,157.160000,154.399990,155.990010,4,2023-10-04
2023-10-04 04:00:00,155.990490,156.059998,155.759510,155.970000,4,2023-10-04
2023-10-04 08:00:00,155.980000,156.270000,155.910000,156.240010,4,2023-10-04
2023-10-04 12:00:00,156.230000,156.270000,156.050003,156.179990,4,2023-10-04
2023-10-04 16:00:00,156.190000,156.320010,155.830000,156.230000,4,2023-10-04
2023-10-04 20:00:00,156.220000,156.770000,156.220000,156.700000,4,2023-10-05
2023-10-05 00:00:00,156.690000,156.730000,156.280000,156.509990,4,2023-10-05
2023-10-05 04:00:00,156.513000,156.750000,156.480000,156.649990,4,2023-10-05
2023-10-05 08:00:00,156.625000,156.655000,156.250000,156.280000,4,2023-10-05
2023-10-05 12:00:00,156.280000,156.390000,156.089996,156.289990,4,2023-10-05
2023-10-05 16:00:00,156.289990,156.789990,156.250000,156.530000,4,2023-10-05
2023-10-05 20:00:00,156.530000,156.750000,156.410000,156.610000,4,2023-10-06
2023-10-06 00:00:00,156.610000,156.670000,156.220000,156.360000,4,2023-10-06
2023-10-06 04:00:00,156.370000,156.701510,156.230000,156.679990,4,2023-10-06
2023-10-06 08:00:00,156.710010,156.730000,156.490010,156.690000,4,2023-10-06
2023-10-06 12:00:00,156.700000,156.840000,156.530000,156.797500,4,2023-10-06
2023-10-06 16:00:00,156.810000,157.120000,156.780000,157.080002,4,2023-10-06
2023-10-06 20:00:00,157.070007,157.320010,157.039993,157.289990,1,2023-10-06
2023-10-09 08:00:00,157.289990,157.700500,157.200000,157.660000,4,2023-10-09
2023-10-09 12:00:00,157.640000,157.660000,157.358000,157.410000,4,2023-10-09
2023-10-09 16:00:00,157.410000,157.500000,156.929990,157.210010,4,2023-10-09
2023-10-09 20:00:00,157.220000,157.259990,156.899990,157.009995,4,2023-10-10
2023-10-10 00:00:00,157.009995,157.200000,156.520000,156.700000,4,2023-10-10
2023-10-10 04:00:00,156.690000,157.000000,156.690000,156.940000,4,2023-10-10
2023-10-10 08:00:00,156.920000,157.179990,156.770000,157.009995,4,2023-10-10
2023-10-10 12:00:00,157.029999,157.149990,156.903500,157.089996,4,2023-10-10
2023-10-10 16:00:00,157.089996,157.850010,156.860000,157.820010,4,2023-10-10
2023-10-10 20:00:00,157.840000,157.980000,157.610000,157.770000,4,2023-10-11
2023-10-11 00:00:00,157.759990,157.970000,157.649990,157.730000,4,2023-10-11
2023-10-11 04:00:00,157.730000,157.750000,157.539990,157.720000,4,2023-10-11
2023-10-11 08:00:00,157.702500,157.830510,157.520000,157.660000,4,2023-10-11
2023-10-11 12:00:00,157.640000,157.910000,157.600010,157.860000,4,2023-10-11
2023-10-11 16:00:00,157.840000,158.046005,157.580000,157.710010,4,2023-10-11
2023-10-11 20:00:00,157.720000,158.029999,157.590000,158.029999,4,2023-10-12
2023-10-12 00:00:00,158.029999,158.470000,157.920000,158.210010,4,2023-10-12
2023-10-12 04:00:00,158.220000,158.460010,158.009995,158.420000,4,2023-10-12
2023-10-12 08:00:00,158.380000,158.490010,158.229510,158.420000,4,2023-10-12
2023-10-12 12:00:00,158.422500,158.570010,158.320010,158.539990,4,2023-10-12
2023-10-12 16:00:00,158.530000,158.610000,158.350010,158.429990,4,2023-10-12
2023-10-12 20:00:00,158.420000,158.470000,158.020004,158.140000,4,2023-10-13
2023-10-13 00:00:00,158.142000,158.179990,157.710010,157.950000,4,2023-10-13
2023-10-13 04:00:00,157.947490,157.947490,157.649990,157.730000,4,2023-10-13
2023-10-13 08:00:00,157.720000,157.890000,157.690000,157.830000,4,2023-10-13
2023-10-13 12:00:00,157.827000,157.990010,157.789990,157.870000,4,2023-10-13
2023-10-13 16:00:00,157.880000,158.050003,157.640000,157.990010,4,2023-10-13
2023-10-13 20:00:00,158.000000,158.029999,157.549500,157.560000,1,2023-10-13
2023-10-16 08:00:00,156.998090,157.420000,156.998090,157.250000,4,2023-10-16
2023-10-16 12:00:00,157.250000,157.360000,157.228000,157.300000,4,2023-10-16
2023-10-16 16:00:00,157.300000,157.620000,157.250000,157.590000,4,2023-10-16
2023-10-16 20:00:00,157.580000,157.620000,157.380000,157.550000,4,2023-10-17
2023-10-17 00:00:00,157.560000,157.990010,157.490010,157.770000,4,2023-10-17
2023-10-17 04:00:00,157.770490,157.940000,157.690000,157.899990,4,2023-10-17
2023-10-17 08:00:00,157.840000,158.029999,157.770000,157.820010,4,2023-10-17
2023-10-17 12:00:00,157.810000,157.850010,157.700000,157.740010,4,2023-10-17
2023-10-17 16:00:00,157.730000,157.890000,157.600010,157.690000,4,2023-10-17
2023-10-17 20:00:00,157.690000,158.120000,157.140000,157.970000,4,2023-10-18
2023-10-18 00:00:00,157.970000,158.620000,157.880000,158.429990,4,2023-10-18
2023-10-18 04:00:00,158.438510,158.490010,158.270000,158.470000,4,2023-10-18
2023-10-18 08:00:00,158.460010,158.490010,158.149000,158.230000,4,2023-10-18
2023-10-18 12:00:00,158.220000,158.380000,158.140000,158.289990,4,2023-10-18
2023-10-18 16:00:00,158.280000,158.530000,158.220000,158.509990,4,2023-10-18
2023-10-18 20:00:00,158.500000,158.550000,157.950000,158.080002,4,2023-10-19
2023-10-19 00:00:00,158.077499,158.179990,157.690000,157.870000,4,2023-10-19
2023-10-19 04:00:00,157.870000,158.059998,157.820010,157.978500,4,2023-10-19
2023-10-19 08:00:00,157.910000,157.989040,157.730000,157.820010,4,2023-10-19
2023-10-19 12:00:00,157.840000,157.891010,157.740010,157.810000,4,2023-10-19
2023-10-19 16:00:00,157.800000,157.980000,157.679990,157.860000,4,2023-10-19
2023-10-19 20:00:00,157.860000,158.490010,157.860000,158.470000,4,2023-10-20
2023-10-20 00:00:00,158.460010,158.929990,158.280000,158.670000,4,2023-10-20
2023-10-20 04:00:00,158.660000,158.789990,158.490010,158.520000,4,2023-10-20
2023-10-20 08:00:00,158.530000,158.604510,158.330000,158.480000,4,2023-10-20
2023-10-20 12:00:00,158.470000,158.539990,158.429990,158.480000,4,2023-10-20
2023-10-20 16:00:00,158.490010,158.870000,158.340000,158.759990,4,2023-10-20
2023-10-20 20:00:00,158.750000,158.840000,158.620000,158.780000,1,2023-10-20
2023-10-23 08:00:00,158.800000,158.832990,158.560000,158.660000,4,2023-10-23
2023-10-23 12:00:00,158.660000,158.660000,158.520000,158.580000,4,2023-10-23
2023-10-23 16:00:00,158.570010,159.029999,158.500000,158.970000,4,2023-10-23
2023-10-23 20:00:00,158.990010,159.170000,158.780000,159.089996,4,2023-10-24
2023-10-24 00:00:00,159.080002,159.670000,158.810000,159.610000,4,2023-10-24
2023-10-24 04:00:00,159.620000,159.780000,159.470000,159.730000,4,2023-10-24
2023-10-24 08:00:00,159.731000,159.840000,159.619510,159.750000,4,2023-10-24
2023-10-24 12:00:00,159.750000,159.899990,159.610000,159.820010,4,2023-10-24
2023-10-24 16:00:00,159.817500,159.920000,159.009995,159.240010,4,2023-10-24
2023-10-24 20:00:00,159.220000,159.350010,159.000000,159.029999,4,2023-10-25
2023-10-25 00:00:00,159.029999,159.170000,158.530000,158.590000,4,2023-10-25
2023-10-25 04:00:00,158.589000,158.810000,158.580000,158.750000,4,2023-10-25
2023-10-25 08:00:00,158.750000,158.929990,158.679990,158.770000,4,2023-10-25
2023-10-25 12:00:00,158.780000,158.929990,158.710010,158.920000,4,2023-10-25
2023-10-25 16:00:00,158.929990,158.940000,158.580000,158.690000,4,2023-10-25
2023-10-25 20:00:00,158.690000,158.690000,158.410000,158.530000,4,2023-10-26
2023-10-26 00:00:00,158.550000,158.840000,158.440000,158.580000,4,2023-10-26
2023-10-26 04:00:00,158.590000,158.830000,158.429990,158.750000,4,2023-10-26
2023-10-26 08:00:00,158.720000,158.832550,158.519500,158.600010,4,2023-10-26
2023-10-26 12:00:00,158.620000,158.690000,158.550000,158.649990,4,2023-10-26
2023-10-26 16:00:00,158.640000,158.841000,158.100010,158.610000,4,2023-10-26
2023-10-26 20:00:00,158.610000,158.610000,158.280000,158.590000,4,2023-10-27
2023-10-27 00:00:00,158.600010,158.620000,158.282500,158.370000,4,2023-10-27
2023-10-27 04:00:00,158.360000,158.910000,158.360000,158.850010,4,2023-10-27
2023-10-27 08:00:00,158.860000,158.890000,158.670000,158.770000,4,2023-10-27
2023-10-27 12:00:00,158.759990,158.780000,158.606000,158.690000,4,2023-10-27
2023-10-27 16:00:00,158.670000,158.750000,158.440000,158.509990,4,2023-10-27
2023-10-27 20:00:00,158.520000,158.530000,158.420000,158.480000,1,2023-10-27
2023-10-30 08:00:00,158.332810,158.332810,158.000000,158.230000,4,2023-10-30
2023-10-30 12:00:00,158.240010,158.240010,157.910000,157.950000,4,2023-10-30
2023-10-30 16:00:00,157.950000,158.059998,157.700000,157.960010,4,2023-10-30
2023-10-30 20:00:00,157.960010,158.870000,157.950000,158.850010,4,2023-10-31
2023-10-31 00:00:00,158.850010,158.929990,158.059998,158.070007,4,2023-10-31
2023-10-31 04:00:00,158.080002,158.310000,158.009995,158.240010,4,2023-10-31
2023-10-31 08:00:00,158.190000,158.590000,158.070007,158.550000,4,2023-10-31
2023-10-31 12:00:00,158.560000,159.080002,158.250000,159.075500,4,2023-10-31
2023-10-31 16:00:00,159.070007,160.120000,159.000000,160.110000,4,2023-10-31
2023-10-31 20:00:00,160.110000,160.850010,159.759990,160.350010,4,2023-11-01
2023-11-01 00:00:00,160.360000,160.410000,159.970000,160.310000,4,2023-11-01
2023-11-01 04:00:00,160.300000,160.450000,159.800000,160.410000,4,2023-11-01
2023-11-01 08:00:00,160.420000,160.440000,159.970000,160.070007,4,2023-11-01
2023-11-01 12:00:00,160.059998,160.110000,159.785000,159.940000,4,2023-11-01
2023-11-01 16:00:00,159.929990,160.020004,159.660000,159.679990,4,2023-11-01
2023-11-01 20:00:00,159.690000,159.766010,159.320010,159.340000,4,2023-11-02
2023-11-02 00:00:00,159.340000,159.570010,159.078506,159.149990,4,2023-11-02
2023-11-02 04:00:00,159.160000,159.620000,159.070007,159.590000,4,2023-11-02
2023-11-02 08:00:00,159.429990,159.610000,159.289990,159.399990,4,2023-11-02
2023-11-02 12:00:00,159.399990,159.442990,159.070007,159.414990,4,2023-11-02
2023-11-02 16:00:00,159.414510,159.660000,159.230000,159.440000,4,2023-11-02
2023-11-02 20:00:00,159.440000,160.059998,159.350010,159.960010,4,2023-11-03
2023-11-03 00:00:00,159.960010,160.089996,159.670000,159.800000,4,2023-11-03
2023-11-03 04:00:00,159.800000,159.920000,159.743500,159.830000,4,2023-11-03
2023-11-03 08:00:00,159.820010,159.880000,159.600010,159.690000,4,2023-11-03
2023-11-03 12:00:00,159.690000,159.821000,159.690000,159.710010,4,2023-11-03
2023-11-03 16:00:00,159.690000,159.870000,159.689000,159.830000,4,2023-11-03
2023-11-03 20:00:00,159.830000,160.050003,159.750000,160.050003,1,2023-11-03
2023-11-06 08:00:00,160.164000,160.509990,160.149990,160.370000,3,2023-11-06
2023-11-06 12:00:00,160.370000,160.679990,160.363490,160.550000,4,2023-11-06
2023-11-06 16:00:00,160.539990,160.750000,160.480000,160.700000,4,2023-11-06
2023-11-06 20:00:00,160.690000,160.990010,160.610000,160.920000,4,2023-11-07
2023-11-07 00:00:00,160.910000,160.970000,160.679990,160.950000,4,2023-11-07
2023-11-07 04:00:00,160.950000,160.970000,160.750000,160.789990,4,2023-11-07
2023-11-07 08:00:00,160.800000,160.929990,160.679990,160.740010,4,2023-11-07
2023-11-07 12:00:00,160.740010,160.910000,160.690000,160.886510,4,2023-11-07
2023-11-07 16:00:00,160.899990,161.029999,160.840000,160.910000,4,2023-11-07
2023-11-07 20:00:00,160.910000,160.920000,160.429990,160.770000,4,2023-11-08
2023-11-08 00:00:00,160.769000,160.960010,160.640000,160.800000,4,2023-11-08
2023-11-08 04:00:00,160.789990,160.950000,160.730000,160.880000,4,2023-11-08
2023-11-08 08:00:00,160.910000,161.070007,160.800000,160.950000,4,2023-11-08
2023-11-08 12:00:00,160.960010,161.000000,160.830000,160.929990,4,2023-11-08
2023-11-08 16:00:00,160.940000,161.050003,160.789990,160.840000,4,2023-11-08
2023-11-08 20:00:00,160.840000,161.059998,160.700000,160.970000,4,2023-11-09
2023-11-09 00:00:00,160.970000,161.620000,160.910000,161.539990,4,2023-11-09
2023-11-09 04:00:00,161.539990,161.730000,161.440000,161.710010,4,2023-11-09
2023-11-09 08:00:00,161.720000,161.730000,161.470000,161.550000,4,2023-11-09
2023-11-09 12:00:00,161.560000,161.690000,161.550000,161.630000,4,2023-11-09
2023-11-09 16:00:00,161.630000,161.740010,161.468510,161.610000,4,2023-11-09
2023-11-09 20:00:00,161.620000,161.679990,161.440000,161.539990,4,2023-11-10
2023-11-10 00:00:00,161.550000,161.800000,161.500000,161.770000,4,2023-11-10
2023-11-10 04:00:00,161.759990,161.780000,161.370000,161.420000,4,2023-11-10
2023-11-10 08:00:00,161.422000,161.530000,161.350010,161.450000,4,2023-11-10
2023-11-10 12:00:00,161.440000,161.520000,161.380000,161.509990,4,2023-11-10
2023-11-10 16:00:00,161.520000,161.630000,161.380000,161.560000,4,2023-11-10
2023-11-10 20:00:00,161.570010,161.820010,161.509990,161.810000,2,2023-11-10
2023-11-13 08:00:00,161.919010,162.000000,161.780000,161.970000,3,2023-11-13
2023-11-13 12:00:00,161.984500,162.179990,161.940000,162.160000,4,2023-11-13
2023-11-13 16:00:00,162.140000,162.370000,162.120000,162.310000,4,2023-11-13
2023-11-13 20:00:00,162.310000,162.350010,161.950000,162.009995,4,2023-11-14
2023-11-14 00:00:00,162.000000,162.200000,161.539990,162.171010,4,2023-11-14
2023-11-14 04:00:00,162.160000,162.310000,162.140000,162.240010,4,2023-11-14
2023-11-14 08:00:00,162.250000,162.390000,162.210010,162.330000,4,2023-11-14
2023-11-14 12:00:00,162.340000,162.360000,162.230000,162.244000,4,2023-11-14
2023-11-14 16:00:00,162.240010,162.460010,162.220000,162.310000,4,2023-11-14
2023-11-14 20:00:00,162.300000,162.759990,162.280000,162.630000,4,2023-11-15
2023-11-15 00:00:00,162.640000,163.820010,162.590000,163.720000,4,2023-11-15
2023-11-15 04:00:00,163.730000,163.800000,163.480000,163.500000,4,2023-11-15
2023-11-15 08:00:00,163.509990,163.850010,163.470000,163.720000,4,2023-11-15
2023-11-15 12:00:00,163.730000,163.910000,163.620000,163.780000,4,2023-11-15
2023-11-15 16:00:00,163.780000,163.940000,163.560000,163.590000,4,2023-11-15
2023-11-15 20:00:00,163.590000,163.590000,163.070007,163.390000,4,2023-11-16
2023-11-16 00:00:00,163.380000,164.000000,163.310000,163.950000,4,2023-11-16
2023-11-16 04:00:00,163.950000,164.200000,163.910000,164.170000,4,2023-11-16
2023-11-16 08:00:00,164.179990,164.230000,163.920000,164.170000,4,2023-11-16
2023-11-16 12:00:00,164.179990,164.190000,163.840000,163.920000,4,2023-11-16
2023-11-16 16:00:00,163.920000,164.300000,163.910000,164.248500,4,2023-11-16
2023-11-16 20:00:00,164.259990,164.285000,163.970000,164.000000,4,2023-11-17
2023-11-17 00:00:00,164.009995,164.070007,163.259990,163.399990,4,2023-11-17
2023-11-17 04:00:00,163.390000,163.530000,163.350010,163.490010,4,2023-11-17
2023-11-17 08:00:00,163.490010,163.620000,163.300000,163.429990,4,2023-11-17
2023-11-17 12:00:00,163.410000,163.510500,163.250000,163.390000,4,2023-11-17
2023-11-17 16:00:00,163.390000,163.530000,162.425000,162.490010,4,2023-11-17
2023-11-17 20:00:00,162.500000,162.550000,162.190000,162.259990,2,2023-11-17
2023-11-20 08:00:00,163.252500,163.560000,163.110000,163.320010,3,2023-11-20
2023-11-20 12:00:00,163.310000,163.310000,162.520000,162.690000,4,2023-11-20
2023-11-20 16:00:00,162.690000,162.880000,162.350010,162.360000,4,2023-11-20
2023-11-20 20:00:00,162.340000,162.399990,161.780000,162.100010,4,2023-11-21
2023-11-21 00:00:00,162.110000,162.440000,162.070007,162.259990,4,2023-11-21
2023-11-21 04:00:00,162.259990,162.429990,162.210010,162.310000,4,2023-11-21
2023-11-21 08:00:00,162.310000,162.429990,162.070007,162.070007,4,2023-11-21
2023-11-21 12:00:00,162.070007,162.240010,161.450000,161.570010,4,2023-11-21
2023-11-21 16:00:00,161.570010,161.940000,161.250000,161.410000,4,2023-11-21
2023-11-21 20:00:00,161.390000,161.759990,161.370000,161.580000,4,2023-11-22
2023-11-22 00:00:00,161.578990,161.759990,161.440000,161.539990,4,2023-11-22
2023-11-22 04:00:00,161.539990,162.000000,161.520000,161.929990,4,2023-11-22
2023-11-22 08:00:00,161.920000,162.009995,161.586500,161.880000,4,2023-11-22
2023-11-22 12:00:00,161.890000,161.960010,161.694500,161.960010,4,2023-11-22
2023-11-22 16:00:00,161.960010,162.730000,161.950000,162.560000,4,2023-11-22
2023-11-22 20:00:00,162.560000,162.660000,162.100010,162.240010,4,2023-11-23
2023-11-23 00:00:00,162.250000,162.740010,162.179990,162.730000,4,2023-11-23
2023-11-23 04:00:00,162.730000,162.940000,162.692000,162.877270,4,2023-11-23
2023-11-23 08:00:00,162.893010,162.940000,162.539990,162.580000,4,2023-11-23
2023-11-23 12:00:00,162.570010,162.730000,162.440000,162.636000,4,2023-11-23
2023-11-23 16:00:00,162.630000,163.022507,162.470000,162.810000,4,2023-11-23
2023-11-23 20:00:00,162.810000,163.050003,162.761990,162.940000,4,2023-11-24
2023-11-24 00:00:00,162.950000,163.200000,162.850010,163.140000,4,2023-11-24
2023-11-24 04:00:00,163.149990,163.179990,163.070007,163.120000,4,2023-11-24
2023-11-24 08:00:00,163.120000,163.240010,162.929990,163.039993,4,2023-11-24
2023-11-24 12:00:00,163.050003,163.170000,162.810000,162.840000,4,2023-11-24
2023-11-24 16:00:00,162.840000,163.289990,162.720000,163.280000,4,2023-11-24
2023-11-24 20:00:00,163.270000,163.280000,163.100010,163.160000,2,2023-11-24
2023-11-27 08:00:00,163.544540,163.720000,163.370000,163.390000,3,2023-11-27
2023-11-27 12:00:00,163.399990,163.410000,162.940000,163.130000,4,2023-11-27
2023-11-27 16:00:00,163.120000,163.330000,162.980000,163.148500,4,2023-11-27
2023-11-27 20:00:00,163.151500,163.490010,162.929990,162.980000,4,2023-11-28
2023-11-28 00:00:00,162.970000,162.980000,162.539990,162.830000,4,2023-11-28
2023-11-28 04:00:00,162.840000,162.890000,162.717500,162.850010,4,2023-11-28
2023-11-28 08:00:00,162.840000,162.970000,162.250000,162.350010,4,2023-11-28
2023-11-28 12:00:00,162.340000,162.530000,162.210010,162.310000,4,2023-11-28
2023-11-28 16:00:00,162.302990,162.929990,162.230000,162.780000,4,2023-11-28
2023-11-28 20:00:00,162.780000,162.840000,162.550000,162.630000,4,2023-11-29
2023-11-29 00:00:00,162.640000,162.870000,162.120000,162.250000,4,2023-11-29
2023-11-29 04:00:00,162.240010,162.289990,161.929500,162.050003,4,2023-11-29
2023-11-29 08:00:00,162.050003,162.220000,161.560000,161.590000,4,2023-11-29
2023-11-29 12:00:00,161.580000,162.070007,161.550000,161.840000,4,2023-11-29
2023-11-29 16:00:00,161.850010,162.120000,161.620000,161.860000,4,2023-11-29
2023-11-29 20:00:00,161.850010,162.250500,161.740010,162.149990,4,2023-11-30
2023-11-30 00:00:00,162.160000,162.200000,161.520000,161.660000,4,2023-11-30
2023-11-30 04:00:00,161.660000,161.759990,161.560000,161.649990,4,2023-11-30
2023-11-30 08:00:00,161.630000,161.780000,161.120000,161.420000,4,2023-11-30
2023-11-30 12:00:00,161.429990,161.530000,161.280000,161.297500,4,2023-11-30
2023-11-30 16:00:00,161.300000,161.470000,160.590000,160.770000,4,2023-11-30
2023-11-30 20:00:00,160.759990,161.300000,160.630000,161.230000,4,2023-12-01
2023-12-01 00:00:00,161.240010,161.950000,161.170000,161.280000,4,2023-12-01
2023-12-01 04:00:00,161.270000,161.440000,161.199490,161.360000,4,2023-12-01
2023-12-01 08:00:00,161.360000,161.530000,161.070007,161.070007,4,2023-12-01
2023-12-01 12:00:00,161.080002,161.520000,160.990010,161.509990,4,2023-12-01
2023-12-01 16:00:00,161.500000,161.780000,161.020004,161.070007,4,2023-12-01
2023-12-01 20:00:00,161.070007,161.289990,160.950000,161.149990,2,2023-12-01
2023-12-04 08:00:00,159.585750,159.840000,159.110000,159.280000,3,2023-12-04
2023-12-04 12:00:00,159.280000,159.710490,159.259990,159.600010,4,2023-12-04
2023-12-04 16:00:00,159.591510,159.840000,159.310000,159.480000,4,2023-12-04
2023-12-04 20:00:00,159.460010,159.580000,159.160000,159.360000,4,2023-12-05
2023-12-05 00:00:00,159.350010,159.480000,158.710010,159.270000,4,2023-12-05
2023-12-05 04:00:00,159.270000,159.600010,159.210010,159.560000,4,2023-12-05
2023-12-05 08:00:00,159.560000,159.720000,159.310000,159.429990,4,2023-12-05
2023-12-05 12:00:00,159.440000,159.620000,159.390000,159.580000,4,2023-12-05
2023-12-05 16:00:00,159.570010,159.580000,158.580000,159.280000,4,2023-12-05
2023-12-05 20:00:00,159.280000,159.539990,159.000000,159.059998,4,2023-12-06
2023-12-06 00:00:00,159.059998,159.289990,158.820010,158.850010,4,2023-12-06
2023-12-06 04:00:00,158.840000,158.940000,158.738010,158.910000,4,2023-12-06
2023-12-06 08:00:00,158.909500,158.950000,158.759990,158.940000,4,2023-12-06
2023-12-06 12:00:00,158.940000,159.089996,158.800000,158.970000,4,2023-12-06
2023-12-06 16:00:00,158.970000,159.000000,158.380000,158.800000,4,2023-12-06
2023-12-06 20:00:00,158.789990,159.120000,158.700000,158.740010,4,2023-12-07
2023-12-07 00:00:00,158.740010,159.029999,158.570010,158.780000,4,2023-12-07
2023-12-07 04:00:00,158.770000,158.789990,158.570010,158.602490,4,2023-12-07
2023-12-07 08:00:00,158.600010,158.679990,158.300000,158.410000,4,2023-12-07
2023-12-07 12:00:00,158.410000,158.420000,157.850010,157.899990,4,2023-12-07
2023-12-07 16:00:00,157.880000,157.970000,156.340000,156.750000,4,2023-12-07
2023-12-07 20:00:00,156.750000,156.770000,155.750000,156.200000,4,2023-12-08
2023-12-08 00:00:00,156.190000,156.440000,155.170000,155.539990,4,2023-12-08
2023-12-08 04:00:00,155.550000,155.720000,153.190000,155.160000,4,2023-12-08
2023-12-08 08:00:00,155.149990,155.752500,154.390000,154.620000,4,2023-12-08
2023-12-08 12:00:00,154.620000,155.560000,153.870000,154.970000,4,2023-12-08
2023-12-08 16:00:00,154.990010,155.630000,154.870000,155.360000,4,2023-12-08
2023-12-08 20:00:00,155.350010,155.830000,155.310000,155.759990,2,2023-12-08
2023-12-11 08:00:00,155.978560,156.610000,155.910000,156.570010,3,2023-12-11
2023-12-11 12:00:00,156.560000,156.789990,156.440000,156.720000,4,2023-12-11
2023-12-11 16:00:00,156.720000,157.550000,156.429990,157.420000,4,2023-12-11
2023-12-11 20:00:00,157.429990,157.690000,157.210010,157.509990,4,2023-12-12
2023-12-12 00:00:00,157.509990,157.630000,156.990010,157.340000,4,2023-12-12
2023-12-12 04:00:00,157.330000,157.460010,157.249500,157.391490,4,2023-12-12
2023-12-12 08:00:00,157.380000,157.392000,156.880000,156.950000,4,2023-12-12
2023-12-12 12:00:00,156.950000,157.009995,156.660000,156.679990,4,2023-12-12
2023-12-12 16:00:00,156.679990,157.133500,156.500000,157.000000,4,2023-12-12
2023-12-12 20:00:00,157.000000,157.070007,156.640000,156.780000,4,2023-12-13
2023-12-13 00:00:00,156.780000,157.160000,156.670000,156.940000,4,2023-12-13
2023-12-13 04:00:00,156.940000,157.220000,156.940000,157.100010,4,2023-12-13
2023-12-13 08:00:00,157.089996,157.164510,156.780000,157.082993,4,2023-12-13
2023-12-13 12:00:00,157.070007,157.190000,156.820010,157.140000,4,2023-12-13
2023-12-13 16:00:00,157.149990,157.480000,156.980000,157.360000,4,2023-12-13
2023-12-13 20:00:00,157.370000,157.370000,156.929990,157.059998,4,2023-12-14
2023-12-14 00:00:00,157.070007,157.190000,156.550000,156.670000,4,2023-12-14
2023-12-14 04:00:00,156.679990,156.690000,155.390000,155.560000,4,2023-12-14
2023-12-14 08:00:00,155.580000,155.710010,154.601040,154.910000,4,2023-12-14
2023-12-14 12:00:00,154.920000,155.170000,153.860000,154.450000,4,2023-12-14
2023-12-14 16:00:00,154.460010,154.759990,154.029999,154.660000,4,2023-12-14
2023-12-14 20:00:00,154.640000,155.020004,154.170000,154.730000,4,2023-12-15
2023-12-15 00:00:00,154.720000,156.009995,154.690000,155.640000,4,2023-12-15
2023-12-15 04:00:00,155.649990,156.059998,155.630000,155.890000,4,2023-12-15
2023-12-15 08:00:00,155.880000,156.500000,155.840000,156.240010,4,2023-12-15
2023-12-15 12:00:00,156.240010,156.450000,155.800000,155.870000,4,2023-12-15
2023-12-15 16:00:00,155.870000,156.179990,155.110000,155.259990,4,2023-12-15
2023-12-15 20:00:00,155.270000,155.420000,155.080002,155.370000,2,2023-12-15
2023-12-18 08:00:00,154.908490,155.270000,154.840000,154.899990,3,2023-12-18
2023-12-18 12:00:00,154.899990,155.240010,154.899990,155.140000,4,2023-12-18
2023-12-18 16:00:00,155.140000,155.640000,155.110000,155.450000,4,2023-12-18
2023-12-18 20:00:00,155.460010,155.940000,155.370000,155.840000,4,2023-12-19
2023-12-19 00:00:00,155.840000,156.310000,155.840000,156.200000,4,2023-12-19
2023-12-19 04:00:00,156.190000,156.240010,155.980000,156.059998,4,2023-12-19
2023-12-19 08:00:00,156.059998,156.120000,155.390000,155.649990,4,2023-12-19
2023-12-19 12:00:00,155.670000,157.020004,155.450000,156.660000,4,2023-12-19
2023-12-19 16:00:00,156.670000,158.320010,155.789990,158.220000,4,2023-12-19
2023-12-19 20:00:00,158.220000,158.570010,158.000000,158.300000,4,2023-12-20
2023-12-20 00:00:00,158.289990,158.350010,157.600010,157.660000,4,2023-12-20
2023-12-20 04:00:00,157.660000,158.000000,157.640000,157.960010,4,2023-12-20
2023-12-20 08:00:00,157.970000,158.130000,157.800000,157.840000,4,2023-12-20
2023-12-20 12:00:00,157.840000,157.970000,157.240010,157.370000,4,2023-12-20
2023-12-20 16:00:00,157.370000,157.580000,157.059998,157.360000,4,2023-12-20
2023-12-20 20:00:00,157.350010,157.360000,156.789990,157.029999,4,2023-12-21
2023-12-21 00:00:00,157.020004,157.730000,157.009995,157.530000,4,2023-12-21
2023-12-21 04:00:00,157.530000,157.720000,157.080002,157.140000,4,2023-12-21
2023-12-21 08:00:00,157.130000,157.179990,156.840000,156.960010,4,2023-12-21
2023-12-21 12:00:00,156.970000,157.039993,156.370000,156.420000,4,2023-12-21
2023-12-21 16:00:00,156.410000,156.910000,156.370000,156.750000,4,2023-12-21
2023-12-21 20:00:00,156.759990,156.860000,156.429990,156.759990,4,2023-12-22
2023-12-22 00:00:00,156.759990,156.929990,156.130000,156.220000,4,2023-12-22
2023-12-22 04:00:00,156.210010,156.522510,156.140000,156.480000,4,2023-12-22
2023-12-22 08:00:00,156.470000,156.660000,156.135500,156.440000,4,2023-12-22
2023-12-22 12:00:00,156.440000,156.783490,156.429990,156.570010,4,2023-12-22
2023-12-22 16:00:00,156.570010,156.720000,156.350010,156.500000,4,2023-12-22
2023-12-22 20:00:00,156.500000,156.629000,156.320010,156.560000,2,2023-12-22
2023-12-26 00:00:00,157.077454,159.046967,154.202160,156.745000,4,2023-12-26
2023-12-26 04:00:00,156.745000,159.379840,148.546490,158.001007,4,2023-12-26
2023-12-26 08:00:00,157.742000,160.104000,154.895650,156.800000,4,2023-12-26
2023-12-26 12:00:00,156.782000,156.880000,156.740010,156.810000,4,2023-12-26
2023-12-26 16:00:00,156.800000,156.980000,156.759990,156.830000,4,2023-12-26
2023-12-26 20:00:00,156.820010,157.000000,156.750000,156.800000,4,2023-12-27
2023-12-27 00:00:00,156.800000,157.320010,156.780000,157.220000,4,2023-12-27
2023-12-27 04:00:00,157.220000,157.370000,157.160000,157.280000,4,2023-12-27
2023-12-27 08:00:00,157.289990,157.670000,156.990010,157.509990,4,2023-12-27
2023-12-27 12:00:00,157.509990,157.524990,157.149990,157.442990,4,2023-12-27
2023-12-27 16:00:00,157.450000,157.789990,157.300000,157.570010,4,2023-12-27
2023-12-27 20:00:00,157.560000,157.844500,157.420000,157.840000,4,2023-12-28
2023-12-28 00:00:00,157.820010,158.390000,157.690000,157.870000,4,2023-12-28
2023-12-28 04:00:00,157.870000,157.990010,157.300000,157.500000,4,2023-12-28
2023-12-28 08:00:00,157.500000,157.732030,156.860000,157.370000,4,2023-12-28
2023-12-28 12:00:00,157.390000,157.390000,156.860000,156.899990,4,2023-12-28
2023-12-28 16:00:00,156.899990,157.059998,156.440000,156.679990,4,2023-12-28
2023-12-28 20:00:00,156.690000,156.820010,156.390000,156.610000,4,2023-12-29
2023-12-29 00:00:00,156.600010,156.840000,155.837010,156.240010,4,2023-12-29
2023-12-29 04:00:00,156.240010,156.610000,156.230000,156.450000,4,2023-12-29
2023-12-29 08:00:00,156.440000,156.950000,156.270000,156.890000,4,2023-12-29
2023-12-29 12:00:00,156.880000,156.929990,156.480000,156.560000,4,2023-12-29
2023-12-29 16:00:00,156.560000,156.720000,156.280000,156.530000,4,2023-12-29
2023-12-29 20:00:00,156.539990,156.840000,156.470000,156.820010,2,2023-12-29
2024-01-02 00:00:00,155.890000,155.910000,155.830000,155.870000,4,2024-01-02
2024-01-02 04:00:00,155.870000,157.435010,153.393490,156.370500,4,2024-01-02
2024-01-02 08:00:00,155.584400,157.827000,155.330000,155.810000,4,2024-01-02
2024-01-02 12:00:00,155.810000,156.190000,155.810000,156.000000,4,2024-01-02
2024-01-02 16:00:00,156.000000,156.190000,155.840000,156.140000,4,2024-01-02
2024-01-02 20:00:00,156.140000,156.340000,155.539990,155.679990,4,2024-01-03
2024-01-03 00:00:00,155.690000,155.740010,155.070007,155.466000,4,2024-01-03
2024-01-03 04:00:00,155.470000,155.500000,155.250000,155.370000,4,2024-01-03
2024-01-03 08:00:00,155.370000,155.570010,155.250000,155.440000,4,2024-01-03
2024-01-03 12:00:00,155.429990,155.612500,155.420000,155.560000,4,2024-01-03
2024-01-03 16:00:00,155.570010,156.240010,155.560000,156.160000,4,2024-01-03
2024-01-03 20:00:00,156.170000,156.259990,155.789990,156.039993,4,2024-01-04
2024-01-04 00:00:00,156.050003,156.720000,156.039993,156.590000,4,2024-01-04
2024-01-04 04:00:00,156.600010,156.789990,156.320010,156.420000,4,2024-01-04
2024-01-04 08:00:00,156.440000,156.530000,156.070007,156.500000,4,2024-01-04
2024-01-04 12:00:00,156.490010,156.910000,156.310000,156.870000,4,2024-01-04
2024-01-04 16:00:00,156.880000,157.300000,156.640000,157.289990,4,2024-01-04
2024-01-04 20:00:00,157.289990,158.091507,157.289990,157.960010,4,2024-01-05
2024-01-05 00:00:00,157.960010,158.590000,157.840000,158.420000,4,2024-01-05
2024-01-05 04:00:00,158.420000,158.470000,158.190000,158.320010,4,2024-01-05
2024-01-05 08:00:00,158.320010,158.679990,158.179990,158.580000,4,2024-01-05
2024-01-05 12:00:00,158.577000,158.630000,158.409500,158.424000,4,2024-01-05
2024-01-05 16:00:00,158.440000,158.840000,158.190000,158.259990,4,2024-01-05
2024-01-05 20:00:00,158.250000,158.570010,158.240010,158.480000,2,2024-01-05
2024-01-08 08:00:00,158.267380,158.490010,158.120000,158.310000,3,2024-01-08
2024-01-08 12:00:00,158.310000,158.370000,157.860000,157.970000,4,2024-01-08
2024-01-08 16:00:00,157.970000,158.149990,157.730000,158.020004,4,2024-01-08
2024-01-08 20:00:00,158.009995,158.370000,157.720000,158.130000,4,2024-01-09
2024-01-09 00:00:00,158.130000,158.300000,157.690000,157.932010,4,2024-01-09
2024-01-09 04:00:00,157.940000,158.000000,157.770000,157.929990,4,2024-01-09
2024-01-09 08:00:00,157.929990,158.054993,157.600010,157.679990,4,2024-01-09
2024-01-09 12:00:00,157.679990,157.730000,157.227490,157.316500,4,2024-01-09
2024-01-09 16:00:00,157.310000,157.990010,157.300000,157.710010,4,2024-01-09
2024-01-09 20:00:00,157.710010,157.730000,157.325000,157.550000,4,2024-01-10
2024-01-10 00:00:00,157.539990,157.892500,157.210010,157.840000,4,2024-01-10
2024-01-10 04:00:00,157.840000,158.000000,157.740010,157.929990,4,2024-01-10
2024-01-10 08:00:00,157.940000,158.170000,157.759990,157.990010,4,2024-01-10
2024-01-10 12:00:00,158.000000,158.460010,157.970000,158.296490,4,2024-01-10
2024-01-10 16:00:00,158.310000,158.679990,158.160000,158.660000,4,2024-01-10
2024-01-10 20:00:00,158.670000,159.009995,158.539990,158.990010,4,2024-01-11
2024-01-11 00:00:00,159.000000,159.789990,158.884400,159.670000,4,2024-01-11
2024-01-11 04:00:00,159.670000,159.890000,159.630000,159.880000,4,2024-01-11
2024-01-11 08:00:00,159.880000,160.009995,159.660000,159.710010,4,2024-01-11
2024-01-11 12:00:00,159.700000,159.830000,159.509990,159.630000,4,2024-01-11
2024-01-11 16:00:00,159.610000,159.850010,159.538500,159.670000,4,2024-01-11
2024-01-11 20:00:00,159.660000,159.740010,159.420000,159.690000,4,2024-01-12
2024-01-12 00:00:00,159.690000,160.190000,159.490010,159.789990,4,2024-01-12
2024-01-12 04:00:00,159.780000,159.960010,159.390000,159.530000,4,2024-01-12
2024-01-12 08:00:00,159.530000,159.610000,159.080002,159.429990,4,2024-01-12
2024-01-12 12:00:00,159.429990,159.550000,159.020004,159.149990,4,2024-01-12
2024-01-12 16:00:00,159.149990,159.450000,158.980000,159.149990,4,2024-01-12
2024-01-12 20:00:00,159.146500,159.230000,159.000000,159.080002,2,2024-01-12
2024-01-15 08:00:00,158.690000,158.940000,158.591920,158.899990,3,2024-01-15
2024-01-15 12:00:00,158.899990,159.170000,158.860000,159.149990,4,2024-01-15
2024-01-15 16:00:00,158.893490,159.509990,158.893490,159.380000,4,2024-01-15
2024-01-15 20:00:00,159.380000,159.830000,158.893490,159.759990,4,2024-01-16
2024-01-16 00:00:00,159.780000,159.780000,159.450000,159.569500,4,2024-01-16
2024-01-16 04:00:00,159.570010,159.700000,159.530000,159.670000,4,2024-01-16
2024-01-16 08:00:00,159.679990,159.690000,159.259990,159.259990,4,2024-01-16
2024-01-16 12:00:00,159.259990,159.720000,159.240010,159.520000,4,2024-01-16
2024-01-16 16:00:00,159.520000,159.700000,159.410000,159.679990,4,2024-01-16
2024-01-16 20:00:00,159.679990,159.850010,159.480000,159.690000,4,2024-01-17
2024-01-17 00:00:00,159.690000,160.020004,159.320010,159.960010,4,2024-01-17
2024-01-17 04:00:00,159.970000,160.130000,159.910000,160.100010,4,2024-01-17
2024-01-17 08:00:00,160.100010,160.380000,159.970000,160.270000,4,2024-01-17
2024-01-17 12:00:00,160.259990,160.320010,160.020004,160.190000,4,2024-01-17
2024-01-17 16:00:00,160.190000,160.850010,160.149990,160.700000,4,2024-01-17
2024-01-17 20:00:00,160.700000,160.800000,160.450000,160.649990,4,2024-01-18
2024-01-18 00:00:00,160.649990,161.250000,160.560000,161.120000,4,2024-01-18
2024-01-18 04:00:00,161.120000,161.300000,161.020004,161.250000,4,2024-01-18
2024-01-18 08:00:00,161.250000,161.390000,161.089996,161.250000,4,2024-01-18
2024-01-18 12:00:00,161.240010,161.390000,161.120000,161.165500,4,2024-01-18
2024-01-18 16:00:00,161.160000,161.300000,160.800000,160.910000,4,2024-01-18
2024-01-18 20:00:00,160.910000,161.130000,160.820010,160.870000,4,2024-01-19
2024-01-19 00:00:00,160.870000,161.029999,160.649990,160.929990,4,2024-01-19
2024-01-19 04:00:00,160.930500,161.100010,160.810000,161.061996,4,2024-01-19
2024-01-19 08:00:00,161.059998,161.240010,160.972500,161.059998,4,2024-01-19
2024-01-19 12:00:00,161.050003,161.620000,161.029999,161.520000,4,2024-01-19
2024-01-19 16:00:00,161.509990,161.870000,161.050003,161.070007,4,2024-01-19
2024-01-19 20:00:00,161.059998,161.220000,160.810000,160.980000,2,2024-01-19
2024-01-22 08:00:00,161.517850,161.560000,161.278000,161.440000,3,2024-01-22
2024-01-22 12:00:00,161.440000,161.450500,161.100010,161.197490,4,2024-01-22
2024-01-22 16:00:00,161.190000,161.520000,161.190000,161.470000,4,2024-01-22
2024-01-22 20:00:00,161.460010,161.490010,160.940000,160.980000,4,2024-01-23
2024-01-23 00:00:00,160.990010,161.200000,160.757000,161.179990,4,2024-01-23
2024-01-23 04:00:00,161.190000,161.350010,161.110000,161.149990,4,2024-01-23
2024-01-23 08:00:00,161.130000,161.240010,160.990010,161.190000,4,2024-01-23
2024-01-23 12:00:00,161.200000,161.710010,161.070007,161.250000,4,2024-01-23
2024-01-23 16:00:00,161.240010,161.550000,160.420000,160.539990,4,2024-01-23
2024-01-23 20:00:00,160.550000,161.000000,160.520000,160.770000,4,2024-01-24
2024-01-24 00:00:00,160.759990,161.080002,160.651500,160.860000,4,2024-01-24
2024-01-24 04:00:00,160.850010,161.039993,160.810000,160.970000,4,2024-01-24
2024-01-24 08:00:00,160.970000,161.149990,160.750000,160.800000,4,2024-01-24
2024-01-24 12:00:00,160.800000,160.940000,160.490010,160.670000,4,2024-01-24
2024-01-24 16:00:00,160.679990,160.761000,160.240010,160.399990,4,2024-01-24
2024-01-24 20:00:00,160.410000,160.899990,160.410000,160.470000,4,2024-01-25
2024-01-25 00:00:00,160.490010,160.690000,159.980000,160.580000,4,2024-01-25
2024-01-25 04:00:00,160.590000,160.720000,160.420000,160.610000,4,2024-01-25
2024-01-25 08:00:00,160.600010,160.700000,160.470000,160.640000,4,2024-01-25
2024-01-25 12:00:00,160.649990,160.740010,160.550000,160.720000,4,2024-01-25
2024-01-25 16:00:00,160.709500,160.970000,160.600010,160.929990,4,2024-01-25
2024-01-25 20:00:00,160.940000,160.940000,160.590000,160.870000,4,2024-01-26
2024-01-26 00:00:00,160.870000,160.910000,159.700000,160.050003,4,2024-01-26
2024-01-26 04:00:00,160.059998,160.280000,160.020004,160.140000,4,2024-01-26
2024-01-26 08:00:00,160.120000,160.310000,159.959000,159.980000,4,2024-01-26
2024-01-26 12:00:00,159.970000,160.226000,159.940000,160.198500,4,2024-01-26
2024-01-26 16:00:00,160.200000,160.259990,159.830000,160.230000,4,2024-01-26
2024-01-26 20:00:00,160.240010,160.530000,160.220000,160.421010,2,2024-01-26
2024-01-29 08:00:00,160.640000,160.840000,160.543500,160.740010,3,2024-01-29
2024-01-29 12:00:00,160.730000,160.730000,160.539990,160.570010,4,2024-01-29
2024-01-29 16:00:00,160.577000,160.611740,160.070007,160.230000,4,2024-01-29
2024-01-29 20:00:00,160.220000,160.250000,159.820010,160.130000,4,2024-01-30
2024-01-30 00:00:00,160.130000,160.160000,159.420000,159.550000,4,2024-01-30
2024-01-30 04:00:00,159.560000,159.759990,159.539990,159.710010,4,2024-01-30
2024-01-30 08:00:00,159.720000,159.835010,159.539990,159.679990,4,2024-01-30
2024-01-30 12:00:00,159.690000,159.782500,159.520000,159.520000,4,2024-01-30
2024-01-30 16:00:00,159.530000,159.679990,159.220000,159.550000,4,2024-01-30
2024-01-30 20:00:00,159.560000,159.960010,159.410000,159.950000,4,2024-01-31
2024-01-31 00:00:00,159.940000,160.340000,159.630000,160.190000,4,2024-01-31
2024-01-31 04:00:00,160.179990,160.230000,160.049500,160.080002,4,2024-01-31
2024-01-31 08:00:00,160.070007,160.110000,159.640000,159.940000,4,2024-01-31
2024-01-31 12:00:00,159.940000,159.960010,159.690000,159.730000,4,2024-01-31
2024-01-31 16:00:00,159.720000,159.980000,159.480000,159.530000,4,2024-01-31
2024-01-31 20:00:00,159.560000,160.270000,159.509990,160.170000,4,2024-02-01
2024-02-01 00:00:00,160.170000,160.259990,158.640000,158.759990,4,2024-02-01
2024-02-01 04:00:00,158.759990,159.240010,158.560000,159.070007,4,2024-02-01
2024-02-01 08:00:00,159.050003,159.110000,158.550000,158.620000,4,2024-02-01
2024-02-01 12:00:00,158.600010,158.840000,158.460010,158.649990,4,2024-02-01
2024-02-01 16:00:00,158.640000,158.710010,158.080002,158.220000,4,2024-02-01
2024-02-01 20:00:00,158.220000,159.149990,158.179990,158.960010,4,2024-02-02
2024-02-02 00:00:00,158.940000,158.980000,158.320010,158.830000,4,2024-02-02
2024-02-02 04:00:00,158.820010,159.200000,158.800000,159.080002,4,2024-02-02
2024-02-02 08:00:00,159.070007,159.312000,159.039993,159.149990,4,2024-02-02
2024-02-02 12:00:00,159.160000,159.266010,159.050003,159.210010,4,2024-02-02
2024-02-02 16:00:00,159.200000,159.660000,159.179990,159.640000,4,2024-02-02
2024-02-02 20:00:00,159.649990,159.929990,159.580000,159.580000,2,2024-02-02
2024-02-05 08:00:00,160.049179,160.280000,159.990010,160.179990,3,2024-02-05
2024-02-05 12:00:00,160.190000,160.200000,159.860000,159.990010,4,2024-02-05
2024-02-05 16:00:00,160.000000,160.190000,159.789990,159.890000,4,2024-02-05
2024-02-05 20:00:00,159.890000,159.920000,159.480000,159.770000,4,2024-02-06
2024-02-06 00:00:00,159.780000,159.800000,159.390000,159.740010,4,2024-02-06
2024-02-06 04:00:00,159.750000,159.770000,159.557500,159.679990,4,2024-02-06
2024-02-06 08:00:00,159.690000,159.789990,159.590000,159.649990,4,2024-02-06
2024-02-06 12:00:00,159.660000,159.770000,159.530000,159.600010,4,2024-02-06
2024-02-06 16:00:00,159.590000,159.870000,159.500000,159.740010,4,2024-02-06
2024-02-06 20:00:00,159.750000,159.800000,159.470000,159.530000,4,2024-02-07
2024-02-07 00:00:00,159.550000,159.580000,159.009995,159.140000,4,2024-02-07
2024-02-07 04:00:00,159.130000,159.200000,158.970000,159.029999,4,2024-02-07
2024-02-07 08:00:00,159.039993,159.170000,158.920000,159.070007,4,2024-02-07
2024-02-07 12:00:00,159.070007,159.300000,159.000000,159.210010,4,2024-02-07
2024-02-07 16:00:00,159.210010,159.399990,159.140000,159.370000,4,2024-02-07
2024-02-07 20:00:00,159.360000,159.700000,159.240010,159.679990,4,2024-02-08
2024-02-08 00:00:00,159.670000,159.740010,159.070007,159.410000,4,2024-02-08
2024-02-08 04:00:00,159.410000,159.649990,159.360000,159.640000,4,2024-02-08
2024-02-08 08:00:00,159.620000,159.660000,159.360000,159.580000,4,2024-02-08
2024-02-08 12:00:00,159.590000,160.120000,159.470000,160.080002,4,2024-02-08
2024-02-08 16:00:00,160.070007,160.480000,160.050003,160.330000,4,2024-02-08
2024-02-08 20:00:00,160.320010,160.679990,160.160000,160.560000,4,2024-02-09
2024-02-09 00:00:00,160.560000,160.870000,160.399990,160.800000,4,2024-02-09
2024-02-09 04:00:00,160.800000,161.000000,160.800000,160.929990,4,2024-02-09
2024-02-09 08:00:00,160.929990,160.990010,160.830000,160.940000,4,2024-02-09
2024-02-09 12:00:00,160.940000,161.020004,160.828990,160.950000,4,2024-02-09
2024-02-09 16:00:00,160.953000,161.270000,160.830000,160.970000,4,2024-02-09
2024-02-09 20:00:00,160.960010,161.009995,160.770000,160.830000,2,2024-02-09
2024-02-12 08:00:00,160.968990,161.100010,160.840000,161.059998,3,2024-02-12
2024-02-12 12:00:00,161.050003,161.089996,160.990010,161.020004,4,2024-02-12
2024-02-12 16:00:00,161.022003,161.089996,160.620000,160.710010,4,2024-02-12
2024-02-12 20:00:00,160.720000,160.780000,160.380000,160.450000,4,2024-02-13
2024-02-13 00:00:00,160.449010,161.000000,160.429990,160.920000,4,2024-02-13
2024-02-13 04:00:00,160.920000,161.059998,160.850010,160.899990,4,2024-02-13
2024-02-13 08:00:00,160.910000,161.029999,160.800000,160.850010,4,2024-02-13
2024-02-13 12:00:00,160.860000,160.990010,160.780000,160.980000,4,2024-02-13
2024-02-13 16:00:00,160.990010,161.250000,160.920000,161.089996,4,2024-02-13
2024-02-13 20:00:00,161.100010,161.160000,160.960010,161.080002,4,2024-02-14
2024-02-14 00:00:00,161.089996,161.580000,160.800000,161.570010,4,2024-02-14
2024-02-14 04:00:00,161.560000,161.630000,161.397510,161.440000,4,2024-02-14
2024-02-14 08:00:00,161.450000,161.570010,161.250000,161.320010,4,2024-02-14
2024-02-14 12:00:00,161.310000,161.330510,161.140000,161.190000,4,2024-02-14
2024-02-14 16:00:00,161.190000,161.340000,160.960010,161.120000,4,2024-02-14
2024-02-14 20:00:00,161.110000,161.330000,161.080002,161.240010,4,2024-02-15
2024-02-15 00:00:00,161.240010,161.560000,161.230000,161.550000,4,2024-02-15
2024-02-15 04:00:00,161.539990,161.590000,161.370000,161.550000,4,2024-02-15
2024-02-15 08:00:00,161.550000,161.590000,161.300000,161.310000,4,2024-02-15
2024-02-15 12:00:00,161.310000,161.310000,161.029999,161.050003,4,2024-02-15
2024-02-15 16:00:00,161.050003,161.259990,160.960010,160.990010,4,2024-02-15
2024-02-15 20:00:00,160.990010,161.259990,160.920000,161.240010,4,2024-02-16
2024-02-16 00:00:00,161.230000,161.649990,161.029999,161.610000,4,2024-02-16
2024-02-16 04:00:00,161.600010,161.620000,161.390000,161.520000,4,2024-02-16
2024-02-16 08:00:00,161.525500,161.660000,161.440000,161.640000,4,2024-02-16
2024-02-16 12:00:00,161.640000,161.789990,161.530000,161.670000,4,2024-02-16
2024-02-16 16:00:00,161.670000,161.830000,161.590000,161.800000,4,2024-02-16
2024-02-16 20:00:00,161.810000,161.850010,161.730000,161.789990,2,2024-02-16
2024-02-19 08:00:00,161.750000,161.929990,161.710010,161.740010,3,2024-02-19
2024-02-19 12:00:00,161.750000,161.750000,161.560000,161.700000,4,2024-02-19
2024-02-19 16:00:00,161.700000,161.810000,161.600010,161.630000,4,2024-02-19
2024-02-19 20:00:00,161.620000,161.690000,161.500000,161.580000,4,2024-02-20
2024-02-20 00:00:00,161.590000,161.750000,161.470000,161.730000,4,2024-02-20
2024-02-20 04:00:00,161.740010,161.929990,161.730000,161.850010,4,2024-02-20
2024-02-20 08:00:00,161.840000,161.940000,161.770000,161.840000,4,2024-02-20
2024-02-20 12:00:00,161.830000,161.910000,161.727490,161.890000,4,2024-02-20
2024-02-20 16:00:00,161.890000,162.050003,161.860000,161.990010,4,2024-02-20
2024-02-20 20:00:00,161.970000,162.300000,161.940000,162.141010,4,2024-02-21
2024-02-21 00:00:00,162.130000,162.370000,161.970000,162.070007,4,2024-02-21
2024-02-21 04:00:00,162.070007,162.200000,162.029999,162.120000,4,2024-02-21
2024-02-21 08:00:00,162.130000,162.230000,162.033005,162.200000,4,2024-02-21
2024-02-21 12:00:00,162.190000,162.280000,162.104890,162.230000,4,2024-02-21
2024-02-21 16:00:00,162.250000,162.380000,162.149990,162.170000,4,2024-02-21
2024-02-21 20:00:00,162.190000,162.190000,161.950000,162.089996,4,2024-02-22
2024-02-22 00:00:00,162.089996,162.600010,162.089996,162.590000,4,2024-02-22
2024-02-22 04:00:00,162.590000,162.600010,162.402500,162.500000,4,2024-02-22
2024-02-22 08:00:00,162.490010,162.929990,162.462010,162.899990,4,2024-02-22
2024-02-22 12:00:00,162.880000,162.940000,162.679990,162.759990,4,2024-02-22
2024-02-22 16:00:00,162.780000,163.470000,162.730000,163.250000,4,2024-02-22
2024-02-22 20:00:00,163.270000,163.300000,162.899990,163.110000,4,2024-02-23
2024-02-23 00:00:00,163.120000,163.170000,162.649990,162.899990,4,2024-02-23
2024-02-23 04:00:00,162.895490,163.000000,162.850010,162.871510,4,2024-02-23
2024-02-23 08:00:00,162.879500,162.972500,162.789990,162.820010,4,2024-02-23
2024-02-23 12:00:00,162.800000,162.990010,162.800000,162.970000,4,2024-02-23
2024-02-23 16:00:00,162.950000,163.140000,162.950000,163.059998,4,2024-02-23
2024-02-23 20:00:00,163.070007,163.200000,163.020004,163.149990,2,2024-02-23
2024-02-26 08:00:00,162.980000,163.045532,162.590000,162.640000,3,2024-02-26
2024-02-26 12:00:00,162.649990,162.899990,162.560000,162.861500,4,2024-02-26
2024-02-26 16:00:00,162.860000,163.140000,162.720000,163.110000,4,2024-02-26
2024-02-26 20:00:00,163.120000,163.539990,163.100010,163.420000,4,2024-02-27
2024-02-27 00:00:00,163.410000,163.700000,163.370000,163.670000,4,2024-02-27
2024-02-27 04:00:00,163.673000,163.730000,163.460010,163.500000,4,2024-02-27
2024-02-27 08:00:00,163.500000,163.560000,163.300000,163.330000,4,2024-02-27
2024-02-27 12:00:00,163.330000,163.340000,163.240010,163.300000,4,2024-02-27
2024-02-27 16:00:00,163.291000,163.380000,163.050003,163.050003,4,2024-02-27
2024-02-27 20:00:00,163.050003,163.230000,162.890000,163.100010,4,2024-02-28
2024-02-28 00:00:00,163.089996,163.360000,162.920000,163.350010,4,2024-02-28
2024-02-28 04:00:00,163.360000,163.380000,163.160000,163.210010,4,2024-02-28
2024-02-28 08:00:00,163.200000,163.280000,163.067001,163.179990,4,2024-02-28
2024-02-28 12:00:00,163.190000,163.192500,162.980000,163.160000,4,2024-02-28
2024-02-28 16:00:00,163.160000,163.201510,162.970000,162.980000,4,2024-02-28
2024-02-28 20:00:00,162.985000,163.039993,162.759990,162.929990,4,2024-02-29
2024-02-29 00:00:00,162.940000,163.410000,162.840000,163.380000,4,2024-02-29
2024-02-29 04:00:00,163.380000,163.399990,163.240010,163.320010,4,2024-02-29
2024-02-29 08:00:00,163.320010,163.367430,163.130000,163.171490,4,2024-02-29
2024-02-29 12:00:00,163.160000,163.160000,162.220000,162.360000,4,2024-02-29
2024-02-29 16:00:00,162.350010,162.609500,162.050003,162.210010,4,2024-02-29
2024-02-29 20:00:00,162.220000,162.750000,162.191500,162.509990,4,2024-03-01
2024-03-01 00:00:00,162.509990,162.560000,161.690000,161.990010,4,2024-03-01
2024-03-01 04:00:00,162.000000,162.070007,161.920000,162.039993,4,2024-03-01
2024-03-01 08:00:00,162.039993,162.450000,161.940000,162.399990,4,2024-03-01
2024-03-01 12:00:00,162.403500,162.750000,162.403500,162.620000,4,2024-03-01
2024-03-01 16:00:00,162.620000,162.934490,162.494510,162.880000,4,2024-03-01
2024-03-01 20:00:00,162.870000,163.009995,162.340000,162.550000,2,2024-03-01
2024-03-04 08:00:00,162.610000,162.820010,162.530000,162.670000,3,2024-03-04
2024-03-04 12:00:00,162.660000,162.960010,162.660000,162.929990,4,2024-03-04
2024-03-04 16:00:00,162.929990,163.250000,162.780000,163.080002,4,2024-03-04
2024-03-04 20:00:00,163.089996,163.350010,162.960010,163.132510,4,2024-03-05
2024-03-05 00:00:00,163.130000,163.520000,163.120000,163.420000,4,2024-03-05
2024-03-05 04:00:00,163.410000,163.470000,163.380000,163.410000,4,2024-03-05
2024-03-05 08:00:00,163.399990,163.470000,163.179990,163.226000,4,2024-03-05
2024-03-05 12:00:00,163.220000,163.370000,163.179990,163.330000,4,2024-03-05
2024-03-05 16:00:00,163.340000,163.370000,163.029999,163.190000,4,2024-03-05
2024-03-05 20:00:00,163.190000,163.280000,163.100010,163.130000,4,2024-03-06
2024-03-06 00:00:00,163.130000,163.170000,162.690000,163.080002,4,2024-03-06
2024-03-06 04:00:00,163.070007,163.080002,162.610000,162.789990,4,2024-03-06
2024-03-06 08:00:00,162.780000,162.990010,162.649990,162.750000,4,2024-03-06
2024-03-06 12:00:00,162.750000,162.780000,162.640000,162.720000,4,2024-03-06
2024-03-06 16:00:00,162.720000,162.830000,162.210010,162.830000,4,2024-03-06
2024-03-06 20:00:00,162.820010,162.929990,162.539990,162.630000,4,2024-03-07
2024-03-07 00:00:00,162.640000,162.970000,162.520000,162.759990,4,2024-03-07
2024-03-07 04:00:00,162.780000,162.899990,162.660000,162.780000,4,2024-03-07
2024-03-07 08:00:00,162.800000,162.901990,162.330000,162.350010,4,2024-03-07
2024-03-07 12:00:00,162.340000,162.399990,161.830000,161.970000,4,2024-03-07
2024-03-07 16:00:00,161.990010,162.070007,161.000000,161.210010,4,2024-03-07
2024-03-07 20:00:00,161.220000,161.450000,160.940000,161.041504,4,2024-03-08
2024-03-08 00:00:00,161.059998,162.020004,160.550000,162.009995,4,2024-03-08
2024-03-08 04:00:00,162.009995,162.140000,161.929990,162.110000,4,2024-03-08
2024-03-08 08:00:00,162.089996,162.110000,161.620000,161.800000,4,2024-03-08
2024-03-08 12:00:00,161.800000,162.179990,161.720000,161.840000,4,2024-03-08
2024-03-08 16:00:00,161.840000,162.029999,161.590000,161.649990,4,2024-03-08
2024-03-08 20:00:00,161.640000,161.660000,160.620000,160.830000,2,2024-03-08
2024-03-11 08:00:00,160.929990,160.940000,160.539990,160.590000,3,2024-03-11
2024-03-11 12:00:00,160.590000,160.910000,160.380000,160.700000,4,2024-03-11
2024-03-11 16:00:00,160.700000,160.910000,160.470000,160.580000,4,2024-03-11
2024-03-11 20:00:00,160.580000,160.649990,160.220000,160.480000,4,2024-03-12
2024-03-12 00:00:00,160.470000,160.679990,160.320010,160.490010,4,2024-03-12
2024-03-12 04:00:00,160.480000,160.620000,160.355000,160.539990,4,2024-03-12
2024-03-12 08:00:00,160.550000,160.630000,160.248500,160.509990,4,2024-03-12
2024-03-12 12:00:00,160.520000,161.250000,160.509990,161.200000,4,2024-03-12
2024-03-12 16:00:00,161.190000,161.440000,160.880000,160.940000,4,2024-03-12
2024-03-12 20:00:00,160.940000,161.610000,160.929990,161.240010,4,2024-03-13
2024-03-13 00:00:00,161.240010,161.500000,161.179990,161.259990,4,2024-03-13
2024-03-13 04:00:00,161.259990,161.390000,161.220000,161.350010,4,2024-03-13
2024-03-13 08:00:00,161.370000,161.399990,161.029999,161.039993,4,2024-03-13
2024-03-13 12:00:00,161.029999,161.210010,160.899990,161.200000,4,2024-03-13
2024-03-13 16:00:00,161.200000,161.610000,161.200000,161.599500,4,2024-03-13
2024-03-13 20:00:00,161.590000,161.950000,161.370000,161.789990,4,2024-03-14
2024-03-14 00:00:00,161.789990,161.840000,161.620000,161.730000,4,2024-03-14
2024-03-14 04:00:00,161.740010,161.880000,161.560000,161.759990,4,2024-03-14
2024-03-14 08:00:00,161.757510,161.843000,161.570010,161.590000,4,2024-03-14
2024-03-14 12:00:00,161.590000,161.880000,161.560000,161.860000,4,2024-03-14
2024-03-14 16:00:00,161.850010,161.911500,161.640000,161.730000,4,2024-03-14
2024-03-14 20:00:00,161.720000,161.810000,161.500000,161.600010,4,2024-03-15
2024-03-15 00:00:00,161.600010,161.720000,161.120000,161.330000,4,2024-03-15
2024-03-15 04:00:00,161.340000,161.520000,161.259990,161.410000,4,2024-03-15
2024-03-15 08:00:00,161.399990,161.580000,161.289990,161.480000,4,2024-03-15
2024-03-15 12:00:00,161.480000,161.670000,161.240010,161.315990,4,2024-03-15
2024-03-15 16:00:00,161.310000,162.029999,161.070007,161.840000,4,2024-03-15
2024-03-15 20:00:00,161.840000,162.120000,161.810000,162.080002,1,2024-03-15
2024-03-18 08:00:00,162.320010,162.509990,162.080002,162.490010,3,2024-03-18
2024-03-18 12:00:00,162.509990,162.560000,162.190000,162.350010,4,2024-03-18
2024-03-18 16:00:00,162.360000,162.651990,162.320010,162.460010,4,2024-03-18
2024-03-18 20:00:00,162.460010,162.690000,162.460010,162.490010,4,2024-03-19
2024-03-19 00:00:00,162.500000,162.560000,162.089996,162.179990,4,2024-03-19
2024-03-19 04:00:00,162.160000,162.190000,161.950000,162.179990,4,2024-03-19
2024-03-19 08:00:00,162.190000,162.280000,162.029999,162.200000,4,2024-03-19
2024-03-19 12:00:00,162.194000,163.110000,162.070007,163.039993,4,2024-03-19
2024-03-19 16:00:00,163.039993,163.500000,162.960010,163.080002,4,2024-03-19
2024-03-19 20:00:00,163.089996,163.399990,163.080002,163.310000,4,2024-03-20
2024-03-20 00:00:00,163.310000,163.990010,163.275560,163.980000,4,2024-03-20
2024-03-20 04:00:00,163.970000,164.000000,163.880000,163.929990,4,2024-03-20
2024-03-20 08:00:00,163.810000,164.350010,163.789990,164.230000,4,2024-03-20
2024-03-20 12:00:00,164.230000,164.679990,164.210010,164.630000,4,2024-03-20
2024-03-20 16:00:00,164.610000,164.750000,164.320010,164.360000,4,2024-03-20
2024-03-20 20:00:00,164.380000,164.560000,164.259990,164.550000,4,2024-03-21
2024-03-21 00:00:00,164.539990,164.679990,164.440000,164.660000,4,2024-03-21
2024-03-21 04:00:00,164.660000,165.360000,164.310000,165.200000,4,2024-03-21
2024-03-21 08:00:00,165.220000,165.250000,164.640000,164.690000,4,2024-03-21
2024-03-21 12:00:00,164.679990,164.880000,164.350010,164.830000,4,2024-03-21
2024-03-21 16:00:00,164.840000,165.340000,164.610000,164.649990,4,2024-03-21
2024-03-21 20:00:00,164.670000,165.029999,164.610000,164.950000,4,2024-03-22
2024-03-22 00:00:00,164.940000,165.020004,164.560000,164.766490,4,2024-03-22
2024-03-22 04:00:00,164.750000,164.840000,164.630000,164.660000,4,2024-03-22
2024-03-22 08:00:00,164.655500,164.770000,164.560000,164.646500,4,2024-03-22
2024-03-22 12:00:00,164.643050,164.820010,164.139010,164.220000,4,2024-03-22
2024-03-22 16:00:00,164.220000,164.259990,163.670000,163.770000,4,2024-03-22
2024-03-22 20:00:00,163.780000,164.009995,163.780000,164.000000,1,2024-03-22
2024-03-25 08:00:00,163.649990,163.679990,163.310000,163.470000,3,2024-03-25
2024-03-25 12:00:00,163.460010,163.690000,163.320010,163.670000,4,2024-03-25
2024-03-25 16:00:00,163.670000,163.780000,163.550000,163.670000,4,2024-03-25
2024-03-25 20:00:00,163.679990,163.880000,163.649990,163.789990,4,2024-03-26
2024-03-26 00:00:00,163.780000,164.210010,163.720000,164.149990,4,2024-03-26
2024-03-26 04:00:00,164.160000,164.210010,164.080002,164.089996,4,2024-03-26
2024-03-26 08:00:00,164.089996,164.140000,163.990010,164.039993,4,2024-03-26
2024-03-26 12:00:00,164.029999,164.130000,163.980000,164.080002,4,2024-03-26
2024-03-26 16:00:00,164.089996,164.250000,163.960010,164.108510,4,2024-03-26
2024-03-26 20:00:00,164.100010,164.410000,164.029999,164.370000,4,2024-03-27
2024-03-27 00:00:00,164.360000,164.410000,164.009995,164.070007,4,2024-03-27
2024-03-27 04:00:00,164.080002,164.193500,164.039993,164.160000,4,2024-03-27
2024-03-27 08:00:00,164.166000,164.190000,163.910000,163.970000,4,2024-03-27
2024-03-27 12:00:00,163.978500,164.420000,163.970000,164.170000,4,2024-03-27
2024-03-27 16:00:00,164.160000,164.371510,164.029999,164.250000,4,2024-03-27
2024-03-27 20:00:00,164.250000,164.281490,163.440000,163.530000,4,2024-03-28
2024-03-28 00:00:00,163.539990,163.830000,163.450000,163.670000,4,2024-03-28
2024-03-28 04:00:00,163.679990,163.876500,163.640000,163.750000,4,2024-03-28
2024-03-28 08:00:00,163.759990,163.860000,163.500000,163.750000,4,2024-03-28
2024-03-28 12:00:00,163.750000,163.899990,163.660000,163.770000,4,2024-03-28
2024-03-28 16:00:00,163.780000,163.800000,163.270000,163.370000,4,2024-03-28
2024-03-28 20:00:00,163.380000,163.411580,163.130000,163.380000,4,2024-03-29
2024-03-29 00:00:00,163.380000,163.580000,163.240010,163.390000,4,2024-03-29
2024-03-29 04:00:00,163.380000,163.455510,163.230000,163.250000,4,2024-03-29
2024-03-29 08:00:00,163.300000,163.552000,163.070007,163.170000,4,2024-03-29
2024-03-29 12:00:00,163.170000,163.240010,162.940000,163.020004,4,2024-03-29
2024-03-29 16:00:00,163.009995,163.170000,162.950000,163.120000,4,2024-03-29
2024-03-29 20:00:00,163.120000,163.249500,162.938000,163.140000,1,2024-03-29
2024-04-01 08:00:00,163.330000,163.429990,163.179990,163.360000,3,2024-04-01
2024-04-01 12:00:00,163.370000,163.390000,163.149990,163.287000,4,2024-04-01
2024-04-01 16:00:00,163.289990,163.380000,163.200000,163.289990,4,2024-04-01
2024-04-01 20:00:00,163.300000,163.350010,163.171010,163.300000,4,2024-04-02
2024-04-02 00:00:00,163.289990,163.380000,162.820010,162.870000,4,2024-04-02
2024-04-02 04:00:00,162.880000,162.929990,162.789990,162.920000,4,2024-04-02
2024-04-02 08:00:00,162.920000,163.009995,162.620000,162.860000,4,2024-04-02
2024-04-02 12:00:00,162.870500,162.950000,162.750000,162.890000,4,2024-04-02
2024-04-02 16:00:00,162.899990,162.960010,162.620000,162.730000,4,2024-04-02
2024-04-02 20:00:00,162.740010,163.110000,162.740010,163.054001,4,2024-04-03
2024-04-03 00:00:00,163.059998,163.340000,163.029999,163.240010,4,2024-04-03
2024-04-03 04:00:00,163.230000,163.250000,163.130000,163.220000,4,2024-04-03
2024-04-03 08:00:00,163.259990,163.310000,163.070007,163.210010,4,2024-04-03
2024-04-03 12:00:00,163.200000,163.380000,163.179990,163.347500,4,2024-04-03
2024-04-03 16:00:00,163.340000,163.500000,163.259990,163.440000,4,2024-04-03
2024-04-03 20:00:00,163.440000,163.750000,163.356000,163.670000,4,2024-04-04
2024-04-04 00:00:00,163.660000,164.330000,163.660000,164.240010,4,2024-04-04
2024-04-04 04:00:00,164.250000,164.390000,164.210010,164.380000,4,2024-04-04
2024-04-04 08:00:00,164.320010,164.410000,164.250000,164.350010,4,2024-04-04
2024-04-04 12:00:00,164.340000,164.509990,164.320010,164.480000,4,2024-04-04
2024-04-04 16:00:00,164.480000,164.817000,164.380000,164.800000,4,2024-04-04
2024-04-04 20:00:00,164.789990,164.860000,164.630000,164.800000,4,2024-04-05
2024-04-05 00:00:00,164.800000,164.920000,164.649990,164.649990,4,2024-04-05
2024-04-05 04:00:00,164.679990,164.750000,163.800000,164.009995,4,2024-04-05
2024-04-05 08:00:00,164.033997,164.190000,163.500000,163.620000,4,2024-04-05
2024-04-05 12:00:00,163.620000,163.800000,163.490010,163.720000,4,2024-04-05
2024-04-05 16:00:00,163.710010,164.220000,163.600010,164.089996,4,2024-04-05
2024-04-05 20:00:00,164.089996,164.200000,164.029999,164.120000,1,2024-04-05
2024-04-08 08:00:00,164.259990,164.470000,164.190000,164.457000,3,2024-04-08
2024-04-08 12:00:00,164.470000,164.550000,164.390000,164.449490,4,2024-04-08
2024-04-08 16:00:00,164.450000,164.570010,164.369510,164.450000,4,2024-04-08
2024-04-08 20:00:00,164.440000,164.700000,164.397990,164.660000,4,2024-04-09
2024-04-09 00:00:00,164.670000,164.850010,164.620000,164.789990,4,2024-04-09
2024-04-09 04:00:00,164.789990,164.929990,164.750000,164.880000,4,2024-04-09
2024-04-09 08:00:00,164.880000,164.980000,164.840000,164.960010,4,2024-04-09
2024-04-09 12:00:00,164.940000,164.955510,164.830000,164.929500,4,2024-04-09
2024-04-09 16:00:00,164.929990,164.990010,164.800000,164.980000,4,2024-04-09
2024-04-09 20:00:00,164.990010,165.179990,164.870000,165.089996,4,2024-04-10
2024-04-10 00:00:00,165.100010,165.120000,164.539990,164.620000,4,2024-04-10
2024-04-10 04:00:00,164.600010,164.899990,164.600010,164.780000,4,2024-04-10
2024-04-10 08:00:00,164.780000,164.830000,164.670000,164.690000,4,2024-04-10
2024-04-10 12:00:00,164.690000,164.789990,164.649990,164.750000,4,2024-04-10
2024-04-10 16:00:00,164.750000,164.990010,164.660000,164.950000,4,2024-04-10
2024-04-10 20:00:00,164.940000,164.990010,164.000000,164.149990,4,2024-04-11
2024-04-11 00:00:00,164.190000,164.350010,164.029999,164.240010,4,2024-04-11
2024-04-11 04:00:00,164.250000,164.610000,164.190000,164.370000,4,2024-04-11
2024-04-11 08:00:00,164.380000,164.399990,164.140000,164.210010,4,2024-04-11
2024-04-11 12:00:00,164.210010,164.370000,164.170000,164.340000,4,2024-04-11
2024-04-11 16:00:00,164.330000,164.700000,164.289990,164.370000,4,2024-04-11
2024-04-11 20:00:00,164.360000,164.530000,163.940000,164.380000,4,2024-04-12
2024-04-12 00:00:00,164.390000,164.399990,163.990010,164.320010,4,2024-04-12
2024-04-12 04:00:00,164.320010,164.470000,164.310000,164.370000,4,2024-04-12
2024-04-12 08:00:00,164.360000,164.401500,164.070007,164.190000,4,2024-04-12
2024-04-12 12:00:00,164.190000,164.320010,164.038498,164.110000,4,2024-04-12
2024-04-12 16:00:00,164.110000,164.149990,163.340000,163.429990,4,2024-04-12
2024-04-12 20:00:00,163.440000,163.440000,163.170000,163.190000,1,2024-04-12
2024-04-15 08:00:00,163.240010,163.600010,163.140000,163.550000,3,2024-04-15
2024-04-15 12:00:00,163.550000,163.980000,163.539990,163.950000,4,2024-04-15
2024-04-15 16:00:00,163.940000,164.130000,163.810000,163.950000,4,2024-04-15
2024-04-15 20:00:00,163.960010,164.440000,163.899990,164.194500,4,2024-04-16
2024-04-16 00:00:00,164.190000,164.252500,163.670000,163.880000,4,2024-04-16
2024-04-16 04:00:00,163.870000,164.020004,163.750000,163.880000,4,2024-04-16
2024-04-16 08:00:00,163.880000,163.929990,163.720000,163.880000,4,2024-04-16
2024-04-16 12:00:00,163.870000,163.901500,163.679990,163.899990,4,2024-04-16
2024-04-16 16:00:00,163.880000,164.310000,163.700000,164.289990,4,2024-04-16
2024-04-16 20:00:00,164.280000,164.679990,163.800000,164.320010,4,2024-04-17
2024-04-17 00:00:00,164.310000,164.590000,164.080002,164.310000,4,2024-04-17
2024-04-17 04:00:00,164.300000,164.429990,164.190000,164.210010,4,2024-04-17
2024-04-17 08:00:00,164.220000,164.420000,164.190000,164.410000,4,2024-04-17
2024-04-17 12:00:00,164.410000,164.492490,164.050003,164.080002,4,2024-04-17
2024-04-17 16:00:00,164.070007,164.570010,163.929990,164.509990,4,2024-04-17
2024-04-17 20:00:00,164.500000,164.750000,164.420000,164.620000,4,2024-04-18
2024-04-18 00:00:00,164.610000,164.670000,164.240010,164.620000,4,2024-04-18
2024-04-18 04:00:00,164.630000,164.867000,164.570010,164.710010,4,2024-04-18
2024-04-18 08:00:00,164.710010,164.768490,164.490010,164.570010,4,2024-04-18
2024-04-18 12:00:00,164.560000,164.860000,164.360000,164.789990,4,2024-04-18
2024-04-18 16:00:00,164.800000,164.899990,164.690000,164.770000,4,2024-04-18
2024-04-18 20:00:00,164.759990,164.952000,164.560000,164.580000,4,2024-04-19
2024-04-19 00:00:00,164.590000,164.860000,164.539990,164.670000,4,2024-04-19
2024-04-19 04:00:00,164.660000,164.679990,164.520000,164.570010,4,2024-04-19
2024-04-19 08:00:00,164.560000,164.634510,163.440000,163.770000,4,2024-04-19
2024-04-19 12:00:00,163.759990,164.360000,163.020004,164.070007,4,2024-04-19
2024-04-19 16:00:00,164.080002,164.740010,163.890000,164.670000,4,2024-04-19
2024-04-19 20:00:00,164.660000,164.720000,164.520000,164.520000,1,2024-04-19
2024-04-22 08:00:00,164.820010,164.980000,164.744660,164.940000,3,2024-04-22
2024-04-22 12:00:00,164.950000,165.070007,164.899990,164.980000,4,2024-04-22
2024-04-22 16:00:00,165.000000,165.100010,164.700000,164.850010,4,2024-04-22
2024-04-22 20:00:00,164.853500,164.899990,164.399990,164.539990,4,2024-04-23
2024-04-23 00:00:00,164.550000,164.990010,164.539990,164.990010,4,2024-04-23
2024-04-23 04:00:00,164.980000,165.029999,164.710010,164.920000,4,2024-04-23
2024-04-23 08:00:00,164.929990,165.009995,164.830000,164.850010,4,2024-04-23
2024-04-23 12:00:00,164.840000,164.970000,164.830000,164.850010,4,2024-04-23
2024-04-23 16:00:00,164.840000,165.610000,164.630000,165.050003,4,2024-04-23
2024-04-23 20:00:00,165.059998,165.640000,164.910000,165.539990,4,2024-04-24
2024-04-24 00:00:00,165.490010,165.740010,165.360000,165.660000,4,2024-04-24
2024-04-24 04:00:00,165.659500,165.750000,165.529010,165.649990,4,2024-04-24
2024-04-24 08:00:00,165.679990,165.850010,165.560000,165.789990,4,2024-04-24
2024-04-24 12:00:00,165.780000,165.840000,165.720000,165.740010,4,2024-04-24
2024-04-24 16:00:00,165.740010,165.810000,165.439000,165.539990,4,2024-04-24
2024-04-24 20:00:00,165.530000,165.759990,165.410000,165.730000,4,2024-04-25
2024-04-25 00:00:00,165.735990,166.160000,165.630000,166.089996,4,2024-04-25
2024-04-25 04:00:00,166.089996,166.330000,165.960010,166.080002,4,2024-04-25
2024-04-25 08:00:00,166.080002,166.460010,166.000000,166.390000,4,2024-04-25
2024-04-25 12:00:00,166.380000,166.800000,166.360000,166.750000,4,2024-04-25
2024-04-25 16:00:00,166.759990,167.020004,166.690000,166.940000,4,2024-04-25
2024-04-25 20:00:00,166.960010,166.990010,165.950000,166.570010,4,2024-04-26
2024-04-26 00:00:00,166.560000,167.089996,166.420000,166.929990,4,2024-04-26
2024-04-26 04:00:00,166.929990,167.029999,166.810000,166.929990,4,2024-04-26
2024-04-26 08:00:00,166.940000,166.990010,166.830000,166.910000,4,2024-04-26
2024-04-26 12:00:00,166.910000,167.530000,166.690000,167.440000,4,2024-04-26
2024-04-26 16:00:00,167.429990,168.350010,166.470000,168.220000,4,2024-04-26
2024-04-26 20:00:00,168.220000,168.330000,168.119510,168.230000,1,2024-04-26
2024-04-29 08:00:00,169.310000,171.590000,169.210010,170.520000,3,2024-04-29
2024-04-29 12:00:00,170.530000,171.000000,166.360000,168.149990,4,2024-04-29
2024-04-29 16:00:00,168.149990,168.560000,165.660000,166.850010,4,2024-04-29
2024-04-29 20:00:00,166.840000,167.702500,166.500000,167.670000,4,2024-04-30
2024-04-30 00:00:00,167.640000,167.982500,166.380000,167.340000,4,2024-04-30
2024-04-30 04:00:00,167.330000,167.670000,166.830000,167.490010,4,2024-04-30
2024-04-30 08:00:00,167.470000,168.020004,167.220000,167.840000,4,2024-04-30
2024-04-30 12:00:00,167.840000,167.880000,167.550000,167.690000,4,2024-04-30
2024-04-30 16:00:00,167.679990,168.370000,167.420000,168.230000,4,2024-04-30
2024-04-30 20:00:00,168.230000,168.600010,167.970000,168.440000,4,2024-05-01
2024-05-01 00:00:00,168.440000,168.558520,168.029999,168.190000,4,2024-05-01
2024-05-01 04:00:00,168.190000,168.401000,168.160000,168.270000,4,2024-05-01
2024-05-01 08:00:00,168.280000,168.370000,168.140000,168.273500,4,2024-05-01
2024-05-01 12:00:00,168.250000,168.340000,168.187230,168.300000,4,2024-05-01
2024-05-01 16:00:00,168.294010,168.580000,168.200000,168.520000,4,2024-05-01
2024-05-01 20:00:00,168.522990,168.640000,168.230000,168.380000,4,2024-05-02
2024-05-02 00:00:00,168.390000,168.530000,168.200000,168.320010,4,2024-05-02
2024-05-02 04:00:00,168.340000,168.660000,164.070007,165.259990,4,2024-05-02
2024-05-02 08:00:00,165.330000,167.390000,165.250000,167.259990,4,2024-05-02
2024-05-02 12:00:00,167.270000,167.360000,166.800000,166.860000,4,2024-05-02
2024-05-02 16:00:00,166.870000,166.880000,165.960010,166.200000,4,2024-05-02
2024-05-02 20:00:00,166.200000,166.250000,164.970000,165.029999,4,2024-05-03
2024-05-03 00:00:00,165.020004,165.160000,164.310000,164.429990,4,2024-05-03
2024-05-03 04:00:00,164.429990,164.990010,164.230000,164.870000,4,2024-05-03
2024-05-03 08:00:00,164.880000,164.890000,164.050003,164.120000,4,2024-05-03
2024-05-03 12:00:00,164.120000,164.356510,164.019501,164.250000,4,2024-05-03
2024-05-03 16:00:00,164.259990,164.740010,164.130000,164.429990,4,2024-05-03
2024-05-03 20:00:00,164.433000,164.539990,164.370000,164.480000,1,2024-05-03
2024-05-06 08:00:00,164.929990,165.410000,164.820010,165.390000,3,2024-05-06
2024-05-06 12:00:00,165.399990,165.750000,165.380000,165.640000,4,2024-05-06
2024-05-06 16:00:00,165.630000,165.710010,165.380000,165.620000,4,2024-05-06
2024-05-06 20:00:00,165.610000,165.910000,165.500000,165.899990,4,2024-05-07
2024-05-07 00:00:00,165.880000,165.990490,165.710010,165.820010,4,2024-05-07
2024-05-07 04:00:00,165.832000,165.880000,165.660000,165.730000,4,2024-05-07
2024-05-07 08:00:00,165.720000,166.270000,165.710010,166.179990,4,2024-05-07
2024-05-07 12:00:00,166.190000,166.480000,166.170000,166.259990,4,2024-05-07
2024-05-07 16:00:00,166.259990,166.350010,165.640000,166.310000,4,2024-05-07
2024-05-07 20:00:00,166.310000,166.570010,166.220000,166.450000,4,2024-05-08
2024-05-08 00:00:00,166.460010,166.539990,166.230000,166.360000,4,2024-05-08
2024-05-08 04:00:00,166.350010,166.503010,166.240010,166.300000,4,2024-05-08
2024-05-08 08:00:00,166.300000,166.720000,166.259990,166.620000,4,2024-05-08
2024-05-08 12:00:00,166.630000,166.750000,166.570010,166.670000,4,2024-05-08
2024-05-08 16:00:00,166.670000,167.140000,166.640000,167.059998,4,2024-05-08
2024-05-08 20:00:00,167.080002,167.340000,166.990010,167.320010,4,2024-05-09
2024-05-09 00:00:00,167.330000,167.350010,167.070007,167.110000,4,2024-05-09
2024-05-09 04:00:00,167.105000,167.259990,167.070007,167.200000,4,2024-05-09
2024-05-09 08:00:00,167.190000,167.281010,166.750000,167.210010,4,2024-05-09
2024-05-09 12:00:00,167.200000,167.271500,167.140000,167.200000,4,2024-05-09
2024-05-09 16:00:00,167.210010,167.360000,167.149990,167.300000,4,2024-05-09
2024-05-09 20:00:00,167.289990,167.660000,167.160000,167.530000,4,2024-05-10
2024-05-10 00:00:00,167.520000,167.750000,167.490010,167.660000,4,2024-05-10
2024-05-10 04:00:00,167.640000,167.700000,167.500000,167.640000,4,2024-05-10
2024-05-10 08:00:00,167.630000,167.789990,167.420000,167.770000,4,2024-05-10
2024-05-10 12:00:00,167.780000,167.840000,167.649990,167.700000,4,2024-05-10
2024-05-10 16:00:00,167.740010,167.970000,167.630000,167.850010,4,2024-05-10
2024-05-10 20:00:00,167.850010,167.905000,167.800000,167.865490,1,2024-05-10
2024-05-13 08:00:00,167.830000,167.960010,167.520000,167.820010,3,2024-05-13
2024-05-13 12:00:00,167.830000,167.910000,167.720000,167.899990,4,2024-05-13
2024-05-13 16:00:00,167.890000,168.160000,167.780000,168.089996,4,2024-05-13
2024-05-13 20:00:00,168.089996,168.410000,167.980000,168.370000,4,2024-05-14
2024-05-14 00:00:00,168.374500,168.660000,168.280000,168.590000,4,2024-05-14
2024-05-14 04:00:00,168.590000,168.600010,168.470000,168.560000,4,2024-05-14
2024-05-14 08:00:00,168.560000,168.770000,168.500000,168.740010,4,2024-05-14
2024-05-14 12:00:00,168.750000,168.780000,168.670000,168.710010,4,2024-05-14
2024-05-14 16:00:00,168.730000,168.870000,168.550000,168.730000,4,2024-05-14
2024-05-14 20:00:00,168.750000,169.300000,168.750000,169.160000,4,2024-05-15
2024-05-15 00:00:00,169.170000,169.360000,169.110000,169.330000,4,2024-05-15
2024-05-15 04:00:00,169.330000,169.359240,169.140000,169.230000,4,2024-05-15
2024-05-15 08:00:00,169.220000,169.340000,169.080002,169.250000,4,2024-05-15
2024-05-15 12:00:00,169.259990,169.399990,169.050003,169.170000,4,2024-05-15
2024-05-15 16:00:00,169.170000,169.310000,168.490010,168.740010,4,2024-05-15
2024-05-15 20:00:00,168.730000,168.800000,168.059998,168.750000,4,2024-05-16
2024-05-16 00:00:00,168.759990,168.840000,168.250000,168.370000,4,2024-05-16
2024-05-16 04:00:00,168.368000,168.660000,168.350010,168.490010,4,2024-05-16
2024-05-16 08:00:00,168.480000,168.530000,167.330000,167.759990,4,2024-05-16
2024-05-16 12:00:00,167.759990,167.940000,167.429990,167.750000,4,2024-05-16
2024-05-16 16:00:00,167.730000,168.289990,167.620000,168.130000,4,2024-05-16
2024-05-16 20:00:00,168.120000,168.850010,168.080002,168.770000,4,2024-05-17
2024-05-17 00:00:00,168.780000,168.910000,168.669010,168.770000,4,2024-05-17
2024-05-17 04:00:00,168.772000,168.912990,168.730000,168.830000,4,2024-05-17
2024-05-17 08:00:00,168.820010,169.280000,168.780000,169.220000,4,2024-05-17
2024-05-17 12:00:00,169.220000,169.289990,169.089996,169.220000,4,2024-05-17
2024-05-17 16:00:00,169.220000,169.280000,168.929990,169.000000,4,2024-05-17
2024-05-17 20:00:00,168.990010,169.059998,168.870000,168.910000,1,2024-05-17
2024-05-20 08:00:00,169.259990,169.580000,169.250000,169.509990,3,2024-05-20
2024-05-20 12:00:00,169.520000,169.520000,169.330000,169.420000,4,2024-05-20
2024-05-20 16:00:00,169.410000,169.510500,169.067993,169.240010,4,2024-05-20
2024-05-20 20:00:00,169.250000,169.649990,169.130000,169.580000,4,2024-05-21
2024-05-21 00:00:00,169.590000,169.700000,169.490010,169.679990,4,2024-05-21
2024-05-21 04:00:00,169.670000,169.780000,169.550000,169.670000,4,2024-05-21
2024-05-21 08:00:00,169.670000,169.940000,169.610000,169.870000,4,2024-05-21
2024-05-21 12:00:00,169.880000,169.940000,169.740010,169.800000,4,2024-05-21
2024-05-21 16:00:00,169.800000,169.830000,169.500000,169.730000,4,2024-05-21
2024-05-21 20:00:00,169.750000,169.894500,169.230000,169.310000,4,2024-05-22
2024-05-22 00:00:00,169.310000,169.560000,169.220000,169.549500,4,2024-05-22
2024-05-22 04:00:00,169.549000,169.710010,169.470000,169.539990,4,2024-05-22
2024-05-22 08:00:00,169.530000,169.759990,169.500000,169.684010,4,2024-05-22
2024-05-22 12:00:00,169.690000,169.741500,169.630000,169.679990,4,2024-05-22
2024-05-22 16:00:00,169.690000,169.929990,169.620000,169.640000,4,2024-05-22
2024-05-22 20:00:00,169.640000,169.660000,169.440000,169.509990,4,2024-05-23
2024-05-23 00:00:00,169.520000,169.720000,169.460010,169.550000,4,2024-05-23
2024-05-23 04:00:00,169.560000,169.740010,169.380000,169.620000,4,2024-05-23
2024-05-23 08:00:00,169.620000,169.880000,169.580000,169.720000,4,2024-05-23
2024-05-23 12:00:00,169.718510,169.802990,169.600010,169.630000,4,2024-05-23
2024-05-23 16:00:00,169.630000,170.000000,169.289990,169.929990,4,2024-05-23
2024-05-23 20:00:00,169.917500,170.240010,169.850010,170.200000,4,2024-05-24
2024-05-24 00:00:00,170.200000,170.320010,169.649990,169.690000,4,2024-05-24
2024-05-24 04:00:00,169.679990,169.810000,169.470000,169.780000,4,2024-05-24
2024-05-24 08:00:00,169.780000,169.880000,169.624500,169.830000,4,2024-05-24
2024-05-24 12:00:00,169.840000,169.880000,169.679990,169.820010,4,2024-05-24
2024-05-24 16:00:00,169.810000,170.050003,169.759990,170.029999,4,2024-05-24
2024-05-24 20:00:00,170.020004,170.220990,170.020004,170.170000,1,2024-05-24
2024-05-27 08:00:00,170.200000,170.240010,169.990010,170.130000,3,2024-05-27
2024-05-27 12:00:00,170.130000,170.140000,169.970000,170.070007,4,2024-05-27
2024-05-27 16:00:00,170.080002,170.500000,170.039993,170.500000,4,2024-05-27
2024-05-27 20:00:00,170.490010,170.490010,170.029999,170.230000,4,2024-05-28
2024-05-28 00:00:00,170.220000,170.432500,170.140000,170.325500,4,2024-05-28
2024-05-28 04:00:00,170.320010,170.420000,170.240010,170.370000,4,2024-05-28
2024-05-28 08:00:00,170.360000,170.500000,170.300000,170.450000,4,2024-05-28
2024-05-28 12:00:00,170.470000,170.600010,170.360000,170.560000,4,2024-05-28
2024-05-28 16:00:00,170.570010,170.730000,170.500000,170.700000,4,2024-05-28
2024-05-28 20:00:00,170.710010,170.750000,170.310000,170.380000,4,2024-05-29
2024-05-29 00:00:00,170.399990,170.800000,170.360000,170.690000,4,2024-05-29
2024-05-29 04:00:00,170.690000,170.720000,170.530000,170.679990,4,2024-05-29
2024-05-29 08:00:00,170.670000,170.800000,170.608990,170.630000,4,2024-05-29
2024-05-29 12:00:00,170.630000,170.670000,170.489500,170.500000,4,2024-05-29
2024-05-29 16:00:00,170.500000,170.630000,170.170000,170.550000,4,2024-05-29
2024-05-29 20:00:00,170.545500,170.759990,170.340000,170.539990,4,2024-05-30
2024-05-30 00:00:00,170.530000,170.590000,170.210010,170.470000,4,2024-05-30
2024-05-30 04:00:00,170.470000,170.504000,170.207380,170.280000,4,2024-05-30
2024-05-30 08:00:00,170.280000,170.330000,169.840000,170.020004,4,2024-05-30
2024-05-30 12:00:00,170.020004,170.046997,169.306500,169.370000,4,2024-05-30
2024-05-30 16:00:00,169.380000,169.850010,169.070007,169.675990,4,2024-05-30
2024-05-30 20:00:00,169.679990,169.870000,169.380000,169.730000,4,2024-05-31
2024-05-31 00:00:00,169.740010,169.950000,169.670000,169.899990,4,2024-05-31
2024-05-31 04:00:00,169.910000,169.980000,169.780000,169.870000,4,2024-05-31
2024-05-31 08:00:00,169.840000,170.080002,169.520000,169.530000,4,2024-05-31
2024-05-31 12:00:00,169.530000,169.710010,169.450000,169.660000,4,2024-05-31
2024-05-31 16:00:00,169.660000,170.670000,169.660000,170.649990,4,2024-05-31
2024-05-31 20:00:00,170.670000,170.700000,170.548490,170.600010,1,2024-05-31
2024-06-03 08:00:00,170.679990,170.730000,170.429990,170.520000,3,2024-06-03
2024-06-03 12:00:00,170.530000,170.890000,170.500000,170.830000,4,2024-06-03
2024-06-03 16:00:00,170.820010,170.830000,170.110000,170.190000,4,2024-06-03
2024-06-03 20:00:00,170.190000,170.200000,169.810000,170.000000,4,2024-06-04
2024-06-04 00:00:00,170.009995,170.179990,169.720000,170.039993,4,2024-06-04
2024-06-04 04:00:00,170.059998,170.316500,170.050003,170.220000,4,2024-06-04
2024-06-04 08:00:00,170.200000,170.720000,170.149990,170.670000,4,2024-06-04
2024-06-04 12:00:00,170.660000,170.670000,170.220000,170.300000,4,2024-06-04
2024-06-04 16:00:00,170.310000,170.310000,168.600010,168.670000,4,2024-06-04
2024-06-04 20:00:00,168.679990,168.720000,168.110000,168.300000,4,2024-06-05
2024-06-05 00:00:00,168.280000,168.690000,168.020004,168.259990,4,2024-06-05
2024-06-05 04:00:00,168.250000,168.610000,168.250000,168.450000,4,2024-06-05
2024-06-05 08:00:00,168.420000,169.120000,168.399990,169.100010,4,2024-06-05
2024-06-05 12:00:00,169.120000,169.380000,169.000000,169.330000,4,2024-06-05
2024-06-05 16:00:00,169.310000,170.000000,169.289990,169.670000,4,2024-06-05
2024-06-05 20:00:00,169.679990,169.970000,169.509990,169.630000,4,2024-06-06
2024-06-06 00:00:00,169.620000,170.020004,169.550000,169.640000,4,2024-06-06
2024-06-06 04:00:00,169.630000,169.810000,169.560000,169.649990,4,2024-06-06
2024-06-06 08:00:00,169.640000,169.710010,169.230000,169.560000,4,2024-06-06
2024-06-06 12:00:00,169.560000,169.789990,169.330000,169.700000,4,2024-06-06
2024-06-06 16:00:00,169.690000,170.070007,169.560000,169.700000,4,2024-06-06
2024-06-06 20:00:00,169.690000,170.294490,169.620000,169.940000,4,2024-06-07
2024-06-07 00:00:00,169.960010,170.100010,169.520000,169.649990,4,2024-06-07
2024-06-07 04:00:00,169.660000,169.679990,169.310000,169.450000,4,2024-06-07
2024-06-07 08:00:00,169.470000,169.789990,169.440000,169.630000,4,2024-06-07
2024-06-07 12:00:00,169.630000,169.845760,169.289990,169.370000,4,2024-06-07
2024-06-07 16:00:00,169.360000,169.429990,168.940000,169.340000,4,2024-06-07
2024-06-07 20:00:00,169.340000,169.470000,169.310000,169.399990,1,2024-06-07
2024-06-10 08:00:00,169.110000,169.179990,168.940000,169.064499,3,2024-06-10
2024-06-10 12:00:00,169.059998,169.220000,168.799000,168.910000,4,2024-06-10
2024-06-10 16:00:00,168.899990,169.080002,168.500000,168.560000,4,2024-06-10
2024-06-10 20:00:00,168.560000,168.830000,168.300000,168.509990,4,2024-06-11
2024-06-11 00:00:00,168.520000,168.929990,168.399990,168.929990,4,2024-06-11
2024-06-11 04:00:00,168.929990,169.089996,168.870000,169.059998,4,2024-06-11
2024-06-11 08:00:00,169.050003,169.280000,168.980000,169.280000,4,2024-06-11
2024-06-11 12:00:00,169.280000,169.410000,169.240010,169.320010,4,2024-06-11
2024-06-11 16:00:00,169.320010,169.429990,168.840000,169.050003,4,2024-06-11
2024-06-11 20:00:00,169.050003,169.089996,168.300000,168.509990,4,2024-06-12
2024-06-12 00:00:00,168.509990,169.000000,168.480000,168.789990,4,2024-06-12
2024-06-12 04:00:00,168.780000,168.929990,168.670000,168.780000,4,2024-06-12
2024-06-12 08:00:00,168.780000,168.820010,168.660000,168.759990,4,2024-06-12
2024-06-12 12:00:00,168.770000,169.000000,168.748500,168.980000,4,2024-06-12
2024-06-12 16:00:00,168.980000,169.160000,168.880000,169.149990,4,2024-06-12
2024-06-12 20:00:00,169.154500,169.410000,168.789990,168.820010,4,2024-06-13
2024-06-13 00:00:00,168.820010,169.120000,168.750000,169.000000,4,2024-06-13
2024-06-13 04:00:00,169.070007,169.730000,168.950000,169.330000,4,2024-06-13
2024-06-13 08:00:00,169.340000,169.660000,169.300000,169.450000,4,2024-06-13
2024-06-13 12:00:00,169.450000,169.840000,169.450000,169.720000,4,2024-06-13
2024-06-13 16:00:00,169.710010,170.140000,169.700000,169.789990,4,2024-06-13
2024-06-13 20:00:00,169.780000,169.890000,169.310000,169.560000,4,2024-06-14
2024-06-14 00:00:00,169.560000,169.590000,168.280000,168.600010,4,2024-06-14
2024-06-14 04:00:00,168.590000,168.740010,168.440000,168.610000,4,2024-06-14
2024-06-14 08:00:00,168.610000,168.970000,168.537000,168.920000,4,2024-06-14
2024-06-14 12:00:00,168.929990,169.755490,168.480000,169.700000,4,2024-06-14
2024-06-14 16:00:00,169.700000,169.800000,167.509990,167.890000,4,2024-06-14
2024-06-14 20:00:00,167.890000,167.970000,167.649990,167.910000,1,2024-06-14
2024-06-17 08:00:00,168.640000,168.740010,168.330000,168.535510,3,2024-06-17
2024-06-17 12:00:00,168.530000,168.600010,168.399990,168.490010,4,2024-06-17
2024-06-17 16:00:00,168.450000,168.940000,167.980000,168.860000,4,2024-06-17
2024-06-17 20:00:00,168.870000,169.250000,168.653000,169.200000,4,2024-06-18
2024-06-18 00:00:00,169.190000,169.289990,169.110000,169.200000,4,2024-06-18
2024-06-18 04:00:00,169.203000,169.340000,169.170000,169.270000,4,2024-06-18
2024-06-18 08:00:00,169.280000,169.390500,168.980000,169.059998,4,2024-06-18
2024-06-18 12:00:00,169.059998,169.259990,168.970000,169.259990,4,2024-06-18
2024-06-18 16:00:00,169.259990,169.710010,169.259990,169.480000,4,2024-06-18
2024-06-18 20:00:00,169.470000,169.610000,169.190000,169.610000,4,2024-06-19
2024-06-19 00:00:00,169.610000,169.910000,169.340000,169.470000,4,2024-06-19
2024-06-19 04:00:00,169.460010,169.576000,169.390000,169.520000,4,2024-06-19
2024-06-19 08:00:00,169.520000,169.580000,169.390000,169.470000,4,2024-06-19
2024-06-19 12:00:00,169.440000,169.524510,169.399990,169.429990,4,2024-06-19
2024-06-19 16:00:00,169.440000,169.580000,169.130000,169.490010,4,2024-06-19
2024-06-19 20:00:00,169.480000,169.840000,169.470000,169.640000,4,2024-06-20
2024-06-20 00:00:00,169.620000,169.770000,169.610000,169.700000,4,2024-06-20
2024-06-20 04:00:00,169.710010,169.890000,169.590000,169.780000,4,2024-06-20
2024-06-20 08:00:00,169.780000,169.891490,169.729000,169.832500,4,2024-06-20
2024-06-20 12:00:00,169.840000,169.920000,169.740010,169.759990,4,2024-06-20
2024-06-20 16:00:00,169.759990,169.990010,169.620000,169.940000,4,2024-06-20
2024-06-20 20:00:00,169.950000,170.240010,169.740010,170.210010,4,2024-06-21
2024-06-21 00:00:00,170.220000,170.320010,169.970000,170.120000,4,2024-06-21
2024-06-21 04:00:00,170.120000,170.190000,170.009995,170.110000,4,2024-06-21
2024-06-21 08:00:00,170.110000,170.370000,170.039993,170.259990,4,2024-06-21
2024-06-21 12:00:00,170.250000,170.380000,170.210010,170.360000,4,2024-06-21
2024-06-21 16:00:00,170.350010,170.450000,169.330000,170.000000,4,2024-06-21
2024-06-21 20:00:00,169.990010,170.009995,169.740010,169.830000,1,2024-06-21
2024-06-24 08:00:00,170.800000,170.950000,170.600010,170.720000,3,2024-06-24
2024-06-24 12:00:00,170.720000,170.970000,170.645490,170.870000,4,2024-06-24
2024-06-24 16:00:00,170.870000,171.300000,170.840000,171.179990,4,2024-06-24
2024-06-24 20:00:00,171.190000,171.289990,170.289990,171.289990,4,2024-06-25
2024-06-25 00:00:00,171.280000,171.399990,171.220000,171.289990,4,2024-06-25
2024-06-25 04:00:00,171.280000,171.450000,171.190000,171.320010,4,2024-06-25
2024-06-25 08:00:00,171.320010,171.399990,170.880000,171.110000,4,2024-06-25
2024-06-25 12:00:00,171.111500,171.289990,171.050003,171.280000,4,2024-06-25
2024-06-25 16:00:00,171.289990,171.289990,170.936490,171.000000,4,2024-06-25
2024-06-25 20:00:00,170.995500,171.050003,170.770000,170.850010,4,2024-06-26
2024-06-26 00:00:00,170.850010,171.133000,170.710010,171.120000,4,2024-06-26
2024-06-26 04:00:00,171.120000,171.140000,171.009995,171.059998,4,2024-06-26
2024-06-26 08:00:00,171.050003,171.280000,170.950000,171.220000,4,2024-06-26
2024-06-26 12:00:00,171.220990,171.350010,171.009995,171.071503,4,2024-06-26
2024-06-26 16:00:00,171.059998,171.161000,170.850010,171.000000,4,2024-06-26
2024-06-26 20:00:00,171.020004,171.490010,170.920000,171.350010,4,2024-06-27
2024-06-27 00:00:00,171.350010,171.800000,171.310000,171.649990,4,2024-06-27
2024-06-27 04:00:00,171.660000,171.810000,171.590000,171.700000,4,2024-06-27
2024-06-27 08:00:00,171.700000,171.700000,171.390000,171.550000,4,2024-06-27
2024-06-27 12:00:00,171.570010,171.595500,171.399990,171.570010,4,2024-06-27
2024-06-27 16:00:00,171.560000,171.750000,171.460010,171.670000,4,2024-06-27
2024-06-27 20:00:00,171.690000,172.170000,171.470000,172.089996,4,2024-06-28
2024-06-28 00:00:00,172.070007,172.140000,171.910000,172.059998,4,2024-06-28
2024-06-28 04:00:00,172.059998,172.170000,172.000000,172.110000,4,2024-06-28
2024-06-28 08:00:00,172.120000,172.380000,172.000000,172.200000,4,2024-06-28
2024-06-28 12:00:00,172.190000,172.230000,172.000000,172.059998,4,2024-06-28
2024-06-28 16:00:00,172.070007,172.310000,171.860000,172.080002,4,2024-06-28
2024-06-28 20:00:00,172.089996,172.141010,171.840000,171.850010,1,2024-06-28
2024-07-01 08:00:00,172.679990,173.220000,172.640000,172.960010,3,2024-07-01
2024-07-01 12:00:00,172.970000,173.321140,172.890000,173.210010,4,2024-07-01
2024-07-01 16:00:00,173.200000,173.475490,173.089996,173.259990,4,2024-07-01
2024-07-01 20:00:00,173.250000,173.679990,173.080002,173.560000,4,2024-07-02
2024-07-02 00:00:00,173.490010,173.580000,173.230000,173.270000,4,2024-07-02
2024-07-02 04:00:00,173.280000,173.509990,173.220000,173.410000,4,2024-07-02
2024-07-02 08:00:00,173.420000,173.550000,173.300000,173.509990,4,2024-07-02
2024-07-02 12:00:00,173.511510,173.580000,173.380000,173.550000,4,2024-07-02
2024-07-02 16:00:00,173.539990,173.600010,173.120000,173.151990,4,2024-07-02
2024-07-02 20:00:00,173.149990,173.440000,173.089996,173.340000,4,2024-07-03
2024-07-03 00:00:00,173.360000,173.490010,173.207000,173.450000,4,2024-07-03
2024-07-03 04:00:00,173.450500,173.560500,173.399990,173.490010,4,2024-07-03
2024-07-03 08:00:00,173.500000,173.690000,173.480000,173.620000,4,2024-07-03
2024-07-03 12:00:00,173.640000,173.841510,173.590000,173.820010,4,2024-07-03
2024-07-03 16:00:00,173.830000,174.200000,173.679990,174.080002,4,2024-07-03
2024-07-03 20:00:00,174.080002,174.520000,174.039993,174.460010,4,2024-07-04
2024-07-04 00:00:00,174.340000,174.474000,173.860000,174.149990,4,2024-07-04
2024-07-04 04:00:00,174.149990,174.470000,174.120000,174.300000,4,2024-07-04
2024-07-04 08:00:00,174.310000,174.440510,173.950000,174.140000,4,2024-07-04
2024-07-04 12:00:00,174.130000,174.280000,174.070007,174.240010,4,2024-07-04
2024-07-04 16:00:00,174.240010,174.250000,174.029999,174.119510,4,2024-07-04
2024-07-04 20:00:00,174.130000,174.149990,173.800000,174.080002,4,2024-07-05
2024-07-05 00:00:00,174.070496,174.270000,173.950000,174.240010,4,2024-07-05
2024-07-05 04:00:00,174.240010,174.440000,174.230000,174.340000,4,2024-07-05
2024-07-05 08:00:00,174.370000,174.471500,173.980000,174.149990,4,2024-07-05
2024-07-05 12:00:00,174.170000,174.200000,173.720000,173.880000,4,2024-07-05
2024-07-05 16:00:00,173.880000,174.160000,173.770000,173.980000,4,2024-07-05
2024-07-05 20:00:00,173.990010,174.089996,173.910000,174.070007,1,2024-07-05
2024-07-08 08:00:00,174.020004,174.070007,173.690000,173.720000,3,2024-07-08
2024-07-08 12:00:00,173.720000,173.929990,173.520000,173.910000,4,2024-07-08
2024-07-08 16:00:00,173.920000,174.640000,173.679990,174.539990,4,2024-07-08
2024-07-08 20:00:00,174.530000,174.539990,174.110000,174.179990,4,2024-07-09
2024-07-09 00:00:00,174.179990,174.210010,173.920000,174.089996,4,2024-07-09
2024-07-09 04:00:00,174.089996,174.151000,173.986450,174.080002,4,2024-07-09
2024-07-09 08:00:00,174.110000,174.310000,174.046494,174.230000,4,2024-07-09
2024-07-09 12:00:00,174.240010,174.450000,174.220000,174.240010,4,2024-07-09
2024-07-09 16:00:00,174.250000,174.320010,174.009995,174.297500,4,2024-07-09
2024-07-09 20:00:00,174.289990,174.390000,174.170000,174.250000,4,2024-07-10
2024-07-10 00:00:00,174.259990,174.590000,174.220000,174.370000,4,2024-07-10
2024-07-10 04:00:00,174.370000,174.549500,174.340000,174.440000,4,2024-07-10
2024-07-10 08:00:00,174.420000,174.720000,174.399990,174.690000,4,2024-07-10
2024-07-10 12:00:00,174.700000,174.770000,174.620000,174.705510,4,2024-07-10
2024-07-10 16:00:00,174.700000,174.899990,174.600010,174.820010,4,2024-07-10
2024-07-10 20:00:00,174.810000,174.899990,174.730000,174.899990,4,2024-07-11
2024-07-11 00:00:00,174.890000,175.140000,174.850010,175.039993,4,2024-07-11
2024-07-11 04:00:00,175.050003,175.170000,174.850010,175.000000,4,2024-07-11
2024-07-11 08:00:00,175.009995,175.190000,174.978000,175.149990,4,2024-07-11
2024-07-11 12:00:00,175.160000,175.259990,175.110000,175.179990,4,2024-07-11
2024-07-11 16:00:00,175.190000,175.320010,175.110000,175.240010,4,2024-07-11
2024-07-11 20:00:00,175.230000,175.429990,171.570010,172.670000,4,2024-07-12
2024-07-12 00:00:00,172.679990,172.730000,172.259990,172.490010,4,2024-07-12
2024-07-12 04:00:00,172.480000,172.740010,172.429990,172.730000,4,2024-07-12
2024-07-12 08:00:00,172.740010,173.284500,171.509990,173.149990,4,2024-07-12
2024-07-12 12:00:00,173.140000,173.190000,172.530000,172.870000,4,2024-07-12
2024-07-12 16:00:00,172.860000,173.300000,172.800000,173.280000,4,2024-07-12
2024-07-12 20:00:00,173.280000,173.429990,173.259990,173.280000,1,2024-07-12
2024-07-15 08:00:00,172.380000,172.442500,172.000000,172.120000,3,2024-07-15
2024-07-15 12:00:00,172.120000,172.190000,171.970000,172.070007,4,2024-07-15
2024-07-15 16:00:00,172.089996,172.410000,171.880000,172.380000,4,2024-07-15
2024-07-15 20:00:00,172.380000,172.560000,172.289990,172.399990,4,2024-07-16
2024-07-16 00:00:00,172.399990,172.440000,171.560000,172.050003,4,2024-07-16
2024-07-16 04:00:00,172.050003,172.360000,172.000000,172.240010,4,2024-07-16
2024-07-16 08:00:00,172.240010,172.770000,172.230000,172.679990,4,2024-07-16
2024-07-16 12:00:00,172.690000,172.920000,172.670000,172.850010,4,2024-07-16
2024-07-16 16:00:00,172.840000,172.890000,172.509990,172.640000,4,2024-07-16
2024-07-16 20:00:00,172.630000,172.800000,172.450000,172.649990,4,2024-07-17
2024-07-17 00:00:00,172.660000,172.700000,172.480000,172.600010,4,2024-07-17
2024-07-17 04:00:00,172.620000,172.690000,172.490010,172.560000,4,2024-07-17
2024-07-17 08:00:00,172.570010,172.830000,172.520000,172.770000,4,2024-07-17
2024-07-17 12:00:00,172.780000,172.780000,172.160000,172.179990,4,2024-07-17
2024-07-17 16:00:00,172.170000,172.330000,170.740010,171.190000,4,2024-07-17
2024-07-17 20:00:00,171.179990,171.420000,170.890000,170.940000,4,2024-07-18
2024-07-18 00:00:00,170.929990,171.250000,170.710010,171.041000,4,2024-07-18
2024-07-18 04:00:00,171.029999,171.059998,170.710010,170.830000,4,2024-07-18
2024-07-18 08:00:00,170.830000,170.940000,170.000000,170.850010,4,2024-07-18
2024-07-18 12:00:00,170.870000,171.190000,170.450000,170.649990,4,2024-07-18
2024-07-18 16:00:00,170.630000,171.160000,170.500000,171.059998,4,2024-07-18
2024-07-18 20:00:00,171.050003,171.100010,170.679990,170.850010,4,2024-07-19
2024-07-19 00:00:00,170.860000,171.573000,170.740010,171.450000,4,2024-07-19
2024-07-19 04:00:00,171.450000,171.552380,171.340000,171.470000,4,2024-07-19
2024-07-19 08:00:00,171.480000,171.509990,171.179990,171.431000,4,2024-07-19
2024-07-19 12:00:00,171.440000,171.880000,171.310000,171.800000,4,2024-07-19
2024-07-19 16:00:00,171.780000,171.840000,170.920000,171.220000,4,2024-07-19
2024-07-19 20:00:00,171.220000,171.509990,171.200000,171.380000,1,2024-07-19
2024-07-22 08:00:00,171.429990,171.580000,171.312940,171.520000,3,2024-07-22
2024-07-22 12:00:00,171.520000,171.660000,170.910000,170.929990,4,2024-07-22
2024-07-22 16:00:00,170.940000,170.950000,170.059998,170.670000,4,2024-07-22
2024-07-22 20:00:00,170.660000,170.970000,170.440000,170.679990,4,2024-07-23
2024-07-23 00:00:00,170.679990,171.149990,170.500000,171.130000,4,2024-07-23
2024-07-23 04:00:00,171.120000,171.149990,170.820010,170.940000,4,2024-07-23
2024-07-23 08:00:00,170.950000,171.094498,170.539990,170.634000,4,2024-07-23
2024-07-23 12:00:00,170.630000,170.730000,170.160000,170.230000,4,2024-07-23
2024-07-23 16:00:00,170.230000,170.500000,169.390000,169.470000,4,2024-07-23
2024-07-23 20:00:00,169.470000,169.730000,169.280000,169.340000,4,2024-07-24
2024-07-24 00:00:00,169.350010,169.480000,168.840000,168.980000,4,2024-07-24
2024-07-24 04:00:00,168.970000,169.039993,168.804500,168.890000,4,2024-07-24
2024-07-24 08:00:00,168.880000,169.210010,168.340000,168.420000,4,2024-07-24
2024-07-24 12:00:00,168.410000,168.630000,167.470000,167.820010,4,2024-07-24
2024-07-24 16:00:00,167.810000,168.050003,167.230000,167.789990,4,2024-07-24
2024-07-24 20:00:00,167.787990,167.890000,166.500000,166.550000,4,2024-07-25
2024-07-25 00:00:00,166.560000,166.890000,166.140000,166.850010,4,2024-07-25
2024-07-25 04:00:00,166.850010,166.990010,166.460010,166.740010,4,2024-07-25
2024-07-25 08:00:00,166.720000,166.870000,165.500000,165.670000,4,2024-07-25
2024-07-25 12:00:00,165.660000,165.810000,165.039993,165.649990,4,2024-07-25
2024-07-25 16:00:00,165.630000,165.700000,164.830000,165.270000,4,2024-07-25
2024-07-25 20:00:00,165.270000,167.230000,165.039993,166.539990,4,2024-07-26
2024-07-26 00:00:00,166.560000,167.590000,166.140000,167.190000,4,2024-07-26
2024-07-26 04:00:00,167.190000,167.220000,166.810000,166.950000,4,2024-07-26
2024-07-26 08:00:00,166.950000,167.280000,166.450000,166.770000,4,2024-07-26
2024-07-26 12:00:00,166.759990,167.140000,166.679990,166.820010,4,2024-07-26
2024-07-26 16:00:00,166.820010,167.500000,166.649990,167.390000,4,2024-07-26
2024-07-26 20:00:00,167.377500,167.870000,167.360000,167.800000,1,2024-07-26
2024-07-29 08:00:00,167.210010,167.520000,166.530000,166.730000,3,2024-07-29
2024-07-29 12:00:00,166.740010,166.964490,166.340000,166.570010,4,2024-07-29
2024-07-29 16:00:00,166.560000,166.820010,166.280000,166.570010,4,2024-07-29
2024-07-29 20:00:00,166.560000,166.810000,166.240010,166.690000,4,2024-07-30
2024-07-30 00:00:00,166.679990,166.740010,166.410000,166.720000,4,2024-07-30
2024-07-30 04:00:00,166.700000,166.763500,166.560000,166.700000,4,2024-07-30
2024-07-30 08:00:00,166.700000,166.830000,166.190000,166.570010,4,2024-07-30
2024-07-30 12:00:00,166.590000,167.450000,166.509990,167.370000,4,2024-07-30
2024-07-30 16:00:00,167.340000,167.950000,167.250000,167.690000,4,2024-07-30
2024-07-30 20:00:00,167.700000,167.820010,166.800000,166.880000,4,2024-07-31
2024-07-31 00:00:00,166.880000,167.089996,165.450000,165.690000,4,2024-07-31
2024-07-31 04:00:00,165.679990,165.910000,165.100010,165.140000,4,2024-07-31
2024-07-31 08:00:00,165.130000,165.580000,164.590000,164.950000,4,2024-07-31
2024-07-31 12:00:00,164.940000,166.560000,164.170000,165.470000,4,2024-07-31
2024-07-31 16:00:00,165.490010,165.620000,162.210010,162.830000,4,2024-07-31
2024-07-31 20:00:00,162.820010,163.140000,162.450000,162.470000,4,2024-08-01
2024-08-01 00:00:00,162.460010,163.257000,162.289990,163.140000,4,2024-08-01
2024-08-01 04:00:00,163.080002,163.429990,162.020004,162.289990,4,2024-08-01
2024-08-01 08:00:00,162.280000,162.700000,160.890000,161.500000,4,2024-08-01
2024-08-01 12:00:00,161.520000,162.450000,161.365490,162.149990,4,2024-08-01
2024-08-01 16:00:00,162.149990,162.539990,161.179990,161.610000,4,2024-08-01
2024-08-01 20:00:00,161.620000,162.890000,161.620000,162.660000,4,2024-08-02
2024-08-02 00:00:00,162.539990,162.649990,161.460010,161.600010,4,2024-08-02
2024-08-02 04:00:00,161.590000,161.710010,161.089996,161.140000,4,2024-08-02
2024-08-02 08:00:00,161.160000,161.600010,160.649990,161.320010,4,2024-08-02
2024-08-02 12:00:00,161.330000,161.528500,160.850010,160.929990,4,2024-08-02
2024-08-02 16:00:00,160.880000,161.360000,160.380000,161.100010,4,2024-08-02
2024-08-02 20:00:00,161.096497,161.220000,160.880000,161.059998,1,2024-08-02
2024-08-05 08:00:00,159.590000,159.620000,158.070007,158.440000,3,2024-08-05
2024-08-05 12:00:00,158.450000,158.940000,155.480000,155.670000,4,2024-08-05
2024-08-05 16:00:00,155.690000,157.698500,154.410000,155.830000,4,2024-08-05
2024-08-05 20:00:00,155.810000,157.200000,155.170000,156.750000,4,2024-08-06
2024-08-06 00:00:00,156.740010,158.759990,156.280000,157.750000,4,2024-08-06
2024-08-06 04:00:00,157.750000,158.000000,157.050003,157.850010,4,2024-08-06
2024-08-06 08:00:00,157.820010,160.230000,157.440000,158.630000,4,2024-08-06
2024-08-06 12:00:00,158.640000,159.990010,158.080002,159.690000,4,2024-08-06
2024-08-06 16:00:00,159.649990,160.100010,157.720000,157.950000,4,2024-08-06
2024-08-06 20:00:00,157.950000,158.679990,157.300000,157.670000,4,2024-08-07
2024-08-07 00:00:00,157.649990,158.920000,157.500000,158.800000,4,2024-08-07
2024-08-07 04:00:00,158.800000,158.830000,157.560000,158.000000,4,2024-08-07
2024-08-07 08:00:00,158.000000,160.940000,157.739000,160.200000,4,2024-08-07
2024-08-07 12:00:00,160.200000,161.440000,159.750000,160.399990,4,2024-08-07
2024-08-07 16:00:00,160.350010,161.110000,159.560000,161.059998,4,2024-08-07
2024-08-07 20:00:00,161.070007,161.100010,160.370000,160.750000,4,2024-08-08
2024-08-08 00:00:00,160.750000,161.440000,160.210010,160.600010,4,2024-08-08
2024-08-08 04:00:00,160.590000,160.789990,160.160000,160.310000,4,2024-08-08
2024-08-08 08:00:00,160.310000,160.350010,158.960010,159.960010,4,2024-08-08
2024-08-08 12:00:00,159.950000,160.520000,159.539990,159.640000,4,2024-08-08
2024-08-08 16:00:00,159.660000,160.170000,159.250000,159.690000,4,2024-08-08
2024-08-08 20:00:00,159.690000,160.640000,159.480000,160.280000,4,2024-08-09
2024-08-09 00:00:00,160.270000,160.883000,160.089996,160.820010,4,2024-08-09
2024-08-09 04:00:00,160.830000,160.880000,160.560000,160.740010,4,2024-08-09
2024-08-09 08:00:00,160.750000,161.380000,160.590000,160.590000,4,2024-08-09
2024-08-09 12:00:00,160.590000,161.149990,160.228500,160.539990,4,2024-08-09
2024-08-09 16:00:00,160.530000,160.910000,160.399990,160.780000,4,2024-08-09
2024-08-09 20:00:00,160.770000,160.800000,160.565510,160.660000,1,2024-08-09
2024-08-12 08:00:00,160.399990,160.570010,160.200000,160.490010,3,2024-08-12
2024-08-12 12:00:00,160.500000,160.750000,160.360000,160.730000,4,2024-08-12
2024-08-12 16:00:00,160.730000,161.050003,160.660000,160.970000,4,2024-08-12
2024-08-12 20:00:00,160.970000,161.960010,160.960010,161.440000,4,2024-08-13
2024-08-13 00:00:00,161.460010,161.682010,160.770000,160.920000,4,2024-08-13
2024-08-13 04:00:00,160.910000,161.029999,160.740010,160.929990,4,2024-08-13
2024-08-13 08:00:00,160.929990,161.240010,160.640000,161.110000,4,2024-08-13
2024-08-13 12:00:00,161.089996,161.700000,161.009995,161.530000,4,2024-08-13
2024-08-13 16:00:00,161.539990,161.800000,161.270000,161.490010,4,2024-08-13
2024-08-13 20:00:00,161.500000,161.520000,160.679990,161.179990,4,2024-08-14
2024-08-14 00:00:00,161.190000,161.270000,160.860000,161.259990,4,2024-08-14
2024-08-14 04:00:00,161.250000,161.530000,161.179990,161.450000,4,2024-08-14
2024-08-14 08:00:00,161.450000,161.789990,161.320010,161.429990,4,2024-08-14
2024-08-14 12:00:00,161.429990,161.670000,160.590000,161.660000,4,2024-08-14
2024-08-14 16:00:00,161.660000,162.330000,161.450000,162.179990,4,2024-08-14
2024-08-14 20:00:00,162.179990,162.590000,161.679990,162.200000,4,2024-08-15
2024-08-15 00:00:00,162.220000,162.220000,161.679990,162.149990,4,2024-08-15
2024-08-15 04:00:00,162.140000,162.380000,162.080002,162.190000,4,2024-08-15
2024-08-15 08:00:00,162.190000,162.450000,162.050003,162.370000,4,2024-08-15
2024-08-15 12:00:00,162.380000,162.460010,161.950000,161.990010,4,2024-08-15
2024-08-15 16:00:00,162.000000,162.360000,161.980000,162.280000,4,2024-08-15
2024-08-15 20:00:00,162.300000,163.600010,162.059998,163.520000,4,2024-08-16
2024-08-16 00:00:00,163.520000,163.730000,163.240010,163.630000,4,2024-08-16
2024-08-16 04:00:00,163.620000,163.895000,163.490010,163.820010,4,2024-08-16
2024-08-16 08:00:00,163.830000,163.840000,163.440000,163.530000,4,2024-08-16
2024-08-16 12:00:00,163.530000,163.720000,163.350010,163.600010,4,2024-08-16
2024-08-16 16:00:00,163.590000,163.750000,163.179990,163.399990,4,2024-08-16
2024-08-16 20:00:00,163.399990,163.399990,163.059998,163.100010,1,2024-08-16
2024-08-19 08:00:00,163.020004,163.210010,162.530000,162.610000,3,2024-08-19
2024-08-19 12:00:00,162.620000,162.840000,160.660000,160.670000,4,2024-08-19
2024-08-19 16:00:00,160.660000,161.490010,160.420000,161.410000,4,2024-08-19
2024-08-19 20:00:00,161.410000,161.759990,161.160000,161.690000,4,2024-08-20
2024-08-20 00:00:00,161.700000,162.340000,161.500000,162.320010,4,2024-08-20
2024-08-20 04:00:00,162.310000,162.601180,162.299000,162.500000,4,2024-08-20
2024-08-20 08:00:00,162.509990,162.780000,161.700000,162.230000,4,2024-08-20
2024-08-20 12:00:00,162.220000,163.149990,162.190000,163.140000,4,2024-08-20
2024-08-20 16:00:00,163.130000,163.190000,162.100010,162.230000,4,2024-08-20
2024-08-20 20:00:00,162.230000,162.410000,162.070007,162.210010,4,2024-08-21
2024-08-21 00:00:00,162.220000,162.270000,161.539990,161.720000,4,2024-08-21
2024-08-21 04:00:00,161.730000,161.800000,161.470000,161.550000,4,2024-08-21
2024-08-21 08:00:00,161.530000,161.980000,161.360000,161.720000,4,2024-08-21
2024-08-21 12:00:00,161.720000,162.100010,161.580000,161.950000,4,2024-08-21
2024-08-21 16:00:00,161.950000,162.520000,161.860000,162.440000,4,2024-08-21
2024-08-21 20:00:00,162.429990,162.660000,161.810000,161.990010,4,2024-08-22
2024-08-22 00:00:00,162.000000,163.000000,161.660000,161.810000,4,2024-08-22
2024-08-22 04:00:00,161.820010,162.070007,161.410000,161.870000,4,2024-08-22
2024-08-22 08:00:00,161.840000,162.289990,161.610000,162.259990,4,2024-08-22
2024-08-22 12:00:00,162.280000,162.280000,161.590000,161.870000,4,2024-08-22
2024-08-22 16:00:00,161.880000,162.390000,161.470000,162.200000,4,2024-08-22
2024-08-22 20:00:00,162.190000,162.910000,162.140000,162.649990,4,2024-08-23
2024-08-23 00:00:00,162.660000,162.800000,162.080002,162.450000,4,2024-08-23
2024-08-23 04:00:00,162.450000,162.624010,162.388500,162.500000,4,2024-08-23
2024-08-23 08:00:00,162.520000,162.630490,161.870000,161.890000,4,2024-08-23
2024-08-23 12:00:00,161.890000,162.350010,161.690000,162.080002,4,2024-08-23
2024-08-23 16:00:00,162.080002,162.481990,161.710010,162.470000,4,2024-08-23
2024-08-23 20:00:00,162.460010,162.500000,162.340000,162.370000,1,2024-08-23
2024-08-26 08:00:00,161.050003,161.179990,160.640000,160.840000,3,2024-08-26
2024-08-26 12:00:00,160.830000,161.250000,160.679500,161.050003,4,2024-08-26
2024-08-26 16:00:00,161.050003,161.100010,160.570010,160.870000,4,2024-08-26
2024-08-26 20:00:00,160.880000,161.160000,160.500000,161.160000,4,2024-08-27
2024-08-27 00:00:00,161.149990,161.480000,161.036499,161.429990,4,2024-08-27
2024-08-27 04:00:00,161.429990,161.480000,161.220000,161.280000,4,2024-08-27
2024-08-27 08:00:00,161.280000,161.789990,161.059998,161.610000,4,2024-08-27
2024-08-27 12:00:00,161.620000,161.880000,161.520000,161.679990,4,2024-08-27
2024-08-27 16:00:00,161.679990,162.179990,161.500000,161.759990,4,2024-08-27
2024-08-27 20:00:00,161.740010,161.764500,160.910000,161.190000,4,2024-08-28
2024-08-28 00:00:00,161.190000,161.370000,160.880000,161.190000,4,2024-08-28
2024-08-28 04:00:00,161.170000,161.200000,160.945010,161.003998,4,2024-08-28
2024-08-28 08:00:00,160.990010,161.320010,160.700000,161.310000,4,2024-08-28
2024-08-28 12:00:00,161.310000,161.380000,160.890000,160.920000,4,2024-08-28
2024-08-28 16:00:00,160.929990,161.320010,160.530000,160.670000,4,2024-08-28
2024-08-28 20:00:00,160.679990,161.220000,160.450000,160.950000,4,2024-08-29
2024-08-29 00:00:00,160.940000,160.980000,160.560000,160.640000,4,2024-08-29
2024-08-29 04:00:00,160.620000,160.910000,160.520000,160.660000,4,2024-08-29
2024-08-29 08:00:00,160.630000,161.000000,160.429990,160.960010,4,2024-08-29
2024-08-29 12:00:00,160.950000,161.270000,160.800000,161.050003,4,2024-08-29
2024-08-29 16:00:00,161.039993,161.170000,160.020004,160.330000,4,2024-08-29
2024-08-29 20:00:00,160.330000,161.250000,160.200000,161.110000,4,2024-08-30
2024-08-30 00:00:00,161.089996,161.120000,160.450000,160.560000,4,2024-08-30
2024-08-30 04:00:00,160.560000,160.710010,160.320010,160.640000,4,2024-08-30
2024-08-30 08:00:00,160.649990,160.730000,160.259990,160.270000,4,2024-08-30
2024-08-30 12:00:00,160.280000,160.550000,160.190000,160.460010,4,2024-08-30
2024-08-30 16:00:00,160.470000,160.892500,160.470000,160.850010,4,2024-08-30
2024-08-30 20:00:00,160.860000,160.980000,160.789990,160.970000,1,2024-08-30
2024-09-02 08:00:00,161.765500,161.929990,161.468510,161.590000,3,2024-09-02
2024-09-02 12:00:00,161.580000,161.630000,161.029999,161.530000,4,2024-09-02
2024-09-02 16:00:00,161.539990,162.630000,161.480000,162.350010,4,2024-09-02
2024-09-02 20:00:00,162.370000,162.890000,162.300000,162.649990,4,2024-09-03
2024-09-03 00:00:00,162.660000,162.750000,162.460010,162.580000,4,2024-09-03
2024-09-03 04:00:00,162.590000,162.700000,162.500000,162.620000,4,2024-09-03
2024-09-03 08:00:00,162.630000,162.800000,162.250000,162.259990,4,2024-09-03
2024-09-03 12:00:00,162.250000,162.420000,161.580000,161.810000,4,2024-09-03
2024-09-03 16:00:00,161.830000,161.850010,160.910000,161.120000,4,2024-09-03
2024-09-03 20:00:00,161.120000,161.480000,160.630000,160.870000,4,2024-09-04
2024-09-04 00:00:00,160.730000,161.100010,160.500000,160.899990,4,2024-09-04
2024-09-04 04:00:00,160.880000,161.000000,160.600010,160.660000,4,2024-09-04
2024-09-04 08:00:00,160.660000,160.890000,160.110000,160.720000,4,2024-09-04
2024-09-04 12:00:00,160.720000,160.890000,160.380000,160.530000,4,2024-09-04
2024-09-04 16:00:00,160.530000,160.620000,159.960010,160.399990,4,2024-09-04
2024-09-04 20:00:00,160.390000,160.460010,160.009995,160.140000,4,2024-09-05
2024-09-05 00:00:00,160.130000,160.240010,159.399990,159.429990,4,2024-09-05
2024-09-05 04:00:00,159.440000,159.554000,159.158490,159.210010,4,2024-09-05
2024-09-05 08:00:00,159.210010,159.380000,158.700000,159.220000,4,2024-09-05
2024-09-05 12:00:00,159.210010,159.460010,158.789990,158.899990,4,2024-09-05
2024-09-05 16:00:00,158.890000,159.470000,158.558500,159.340000,4,2024-09-05
2024-09-05 20:00:00,159.330000,159.450000,158.620000,158.990010,4,2024-09-06
2024-09-06 00:00:00,159.000000,159.789990,158.980000,159.220000,4,2024-09-06
2024-09-06 04:00:00,159.220000,159.450000,159.110000,159.340000,4,2024-09-06
2024-09-06 08:00:00,159.350010,159.410000,159.009995,159.190000,4,2024-09-06
2024-09-06 12:00:00,159.190000,159.230000,158.300000,158.550000,4,2024-09-06
2024-09-06 16:00:00,158.539990,158.759990,157.920000,158.700000,4,2024-09-06
2024-09-06 20:00:00,158.710010,158.850010,158.649990,158.670000,1,2024-09-06
2024-09-09 08:00:00,157.590000,158.460010,157.550000,158.429990,3,2024-09-09
2024-09-09 12:00:00,158.440000,158.480000,158.070007,158.200000,4,2024-09-09
2024-09-09 16:00:00,158.179990,158.700000,158.029999,158.646000,4,2024-09-09
2024-09-09 20:00:00,158.640000,158.730000,157.670000,157.750000,4,2024-09-10
2024-09-10 00:00:00,157.740010,157.940000,157.480000,157.710010,4,2024-09-10
2024-09-10 04:00:00,157.720000,158.149990,157.660000,158.009995,4,2024-09-10
2024-09-10 08:00:00,158.000000,158.370000,157.707500,158.259990,4,2024-09-10
2024-09-10 12:00:00,158.259990,158.280000,157.920000,158.039993,4,2024-09-10
2024-09-10 16:00:00,158.050003,158.640000,157.910000,158.020004,4,2024-09-10
2024-09-10 20:00:00,158.029999,158.100010,157.480000,157.590000,4,2024-09-11
2024-09-11 00:00:00,157.580000,157.620000,156.800000,156.960010,4,2024-09-11
2024-09-11 04:00:00,156.970000,157.050003,156.800000,156.960010,4,2024-09-11
2024-09-11 08:00:00,156.950000,157.012497,156.220000,156.539990,4,2024-09-11
2024-09-11 12:00:00,156.530000,156.610000,155.500000,156.039993,4,2024-09-11
2024-09-11 16:00:00,156.020004,156.500000,155.899990,156.330000,4,2024-09-11
2024-09-11 20:00:00,156.340000,156.980000,156.158490,156.190000,4,2024-09-12
2024-09-12 00:00:00,156.179990,156.792500,155.460010,156.690000,4,2024-09-12
2024-09-12 04:00:00,156.679990,156.950000,156.590000,156.700000,4,2024-09-12
2024-09-12 08:00:00,156.710010,157.370000,156.620000,156.970000,4,2024-09-12
2024-09-12 12:00:00,156.970000,157.470000,156.770000,157.450000,4,2024-09-12
2024-09-12 16:00:00,157.399990,157.520000,156.940000,157.170000,4,2024-09-12
2024-09-12 20:00:00,157.160000,157.340000,156.539990,156.750000,4,2024-09-13
2024-09-13 00:00:00,156.759990,157.500000,156.710010,157.300000,4,2024-09-13
2024-09-13 04:00:00,157.300000,157.360000,156.910000,157.078506,4,2024-09-13
2024-09-13 08:00:00,157.070007,157.110000,156.375500,156.500000,4,2024-09-13
2024-09-13 12:00:00,156.509990,156.562000,155.960010,156.110000,4,2024-09-13
2024-09-13 16:00:00,156.120000,156.620000,155.759990,155.940000,4,2024-09-13
2024-09-13 20:00:00,155.929990,156.059998,155.759990,156.050003,1,2024-09-13
2024-09-16 08:00:00,155.990010,156.200000,155.750000,155.832000,3,2024-09-16
2024-09-16 12:00:00,155.840000,155.899990,155.410000,155.590000,4,2024-09-16
2024-09-16 16:00:00,155.590000,155.980000,155.149990,155.910000,4,2024-09-16
2024-09-16 20:00:00,155.920000,156.390000,155.509990,156.320010,4,2024-09-17
2024-09-17 00:00:00,156.320010,156.670000,156.140000,156.490010,4,2024-09-17
2024-09-17 04:00:00,156.490010,156.710010,156.390000,156.535510,4,2024-09-17
2024-09-17 08:00:00,156.539990,157.110000,156.179990,156.280000,4,2024-09-17
2024-09-17 12:00:00,156.280000,156.620000,156.149990,156.560000,4,2024-09-17
2024-09-17 16:00:00,156.560000,156.740010,156.050003,156.649990,4,2024-09-17
2024-09-17 20:00:00,156.660000,157.460010,156.500000,157.350010,4,2024-09-18
2024-09-18 00:00:00,157.370000,157.880000,157.340000,157.750000,4,2024-09-18
2024-09-18 04:00:00,157.740010,158.330000,157.710010,158.230000,4,2024-09-18
2024-09-18 08:00:00,158.220000,158.250000,157.450000,157.480000,4,2024-09-18
2024-09-18 12:00:00,157.490010,157.570010,157.050003,157.390000,4,2024-09-18
2024-09-18 16:00:00,157.420000,158.033005,157.310000,157.770000,4,2024-09-18
2024-09-18 20:00:00,157.780000,158.039993,157.530000,157.860000,4,2024-09-19
2024-09-19 00:00:00,157.850010,158.043808,157.610000,157.970000,4,2024-09-19
2024-09-19 04:00:00,157.990010,158.380000,157.125000,158.029999,4,2024-09-19
2024-09-19 08:00:00,158.020004,159.420000,157.789990,159.310000,4,2024-09-19
2024-09-19 12:00:00,159.320010,159.380000,158.679990,158.720000,4,2024-09-19
2024-09-19 16:00:00,158.710010,159.750000,158.340000,159.580000,4,2024-09-19
2024-09-19 20:00:00,159.560000,159.970000,159.200000,159.429990,4,2024-09-20
2024-09-20 00:00:00,159.429990,159.679990,158.830000,159.520000,4,2024-09-20
2024-09-20 04:00:00,159.509990,159.550000,159.098495,159.230000,4,2024-09-20
2024-09-20 08:00:00,159.210010,159.500000,158.679990,158.910000,4,2024-09-20
2024-09-20 12:00:00,158.910000,159.320010,158.530000,158.850010,4,2024-09-20
2024-09-20 16:00:00,158.850010,160.690000,158.420000,160.660000,4,2024-09-20
2024-09-20 20:00:00,160.670000,161.000000,160.420000,160.980000,1,2024-09-20
2024-09-23 08:00:00,160.660000,161.190000,160.539990,161.100010,3,2024-09-23
2024-09-23 12:00:00,161.120000,161.190000,160.870000,160.890000,4,2024-09-23
2024-09-23 16:00:00,160.880000,160.910000,159.050003,159.509990,4,2024-09-23
2024-09-23 20:00:00,159.520000,160.380000,159.190000,160.330000,4,2024-09-24
2024-09-24 00:00:00,160.340000,160.530000,159.360000,159.480000,4,2024-09-24
2024-09-24 04:00:00,159.470000,159.620000,159.300000,159.560000,4,2024-09-24
2024-09-24 08:00:00,159.560000,159.810000,159.380000,159.539990,4,2024-09-24
2024-09-24 12:00:00,159.530000,160.300000,159.238490,160.179990,4,2024-09-24
2024-09-24 16:00:00,160.170000,161.110000,160.110000,160.649990,4,2024-09-24
2024-09-24 20:00:00,160.660000,160.810000,160.009995,160.520000,4,2024-09-25
2024-09-25 00:00:00,160.500000,160.500000,160.029999,160.160000,4,2024-09-25
2024-09-25 04:00:00,160.160000,160.179990,159.969500,160.089996,4,2024-09-25
2024-09-25 08:00:00,160.080002,160.503010,159.890000,160.500000,4,2024-09-25
2024-09-25 12:00:00,160.500000,160.620000,160.259990,160.390000,4,2024-09-25
2024-09-25 16:00:00,160.399990,161.289990,160.340000,161.259990,4,2024-09-25
2024-09-25 20:00:00,161.250000,161.670000,161.130000,161.270000,4,2024-09-26
2024-09-26 00:00:00,161.280000,161.410000,160.840000,160.990010,4,2024-09-26
2024-09-26 04:00:00,160.988490,161.240010,160.929990,161.059998,4,2024-09-26
2024-09-26 08:00:00,161.070007,161.420000,160.860000,161.320010,4,2024-09-26
2024-09-26 12:00:00,161.320010,161.550000,161.130000,161.370000,4,2024-09-26
2024-09-26 16:00:00,161.360000,161.860000,161.120000,161.259990,4,2024-09-26
2024-09-26 20:00:00,161.259990,161.330000,160.750000,161.080002,4,2024-09-27
2024-09-27 00:00:00,161.059998,161.910000,161.029999,161.789990,4,2024-09-27
2024-09-27 04:00:00,161.800000,161.927990,161.590000,161.840000,4,2024-09-27
2024-09-27 08:00:00,161.820010,162.560000,161.800000,162.220000,4,2024-09-27
2024-09-27 12:00:00,162.230000,163.500000,161.920000,163.280000,4,2024-09-27
2024-09-27 16:00:00,163.280000,163.350010,159.020004,159.720000,4,2024-09-27
2024-09-27 20:00:00,159.730000,159.920000,159.670000,159.890000,1,2024-09-27
2024-09-30 08:00:00,159.380000,159.660000,158.970000,159.000000,3,2024-09-30
2024-09-30 12:00:00,158.980000,159.089996,158.179990,158.250000,4,2024-09-30
2024-09-30 16:00:00,158.240010,159.759990,158.110000,159.490010,4,2024-09-30
2024-09-30 20:00:00,159.490010,159.980000,159.410000,159.850010,4,2024-10-01
2024-10-01 00:00:00,159.850010,159.920000,159.230000,159.590000,4,2024-10-01
2024-10-01 04:00:00,159.600010,160.130000,159.590000,159.940000,4,2024-10-01
2024-10-01 08:00:00,159.910000,160.460010,159.750000,160.149990,4,2024-10-01
2024-10-01 12:00:00,160.130000,160.881500,160.050003,160.679990,4,2024-10-01
2024-10-01 16:00:00,160.679990,160.910000,159.390000,159.470000,4,2024-10-01
2024-10-01 20:00:00,159.470000,159.640000,158.470000,158.929990,4,2024-10-02
2024-10-02 00:00:00,158.940000,159.240010,158.370000,159.100010,4,2024-10-02
2024-10-02 04:00:00,159.110000,159.230000,158.810000,159.000000,4,2024-10-02
2024-10-02 08:00:00,159.000000,159.340000,158.750000,159.340000,4,2024-10-02
2024-10-02 12:00:00,159.340000,159.620000,158.710010,158.990010,4,2024-10-02
2024-10-02 16:00:00,158.960010,159.860000,158.929990,159.720000,4,2024-10-02
2024-10-02 20:00:00,159.710010,161.110000,159.507510,161.070007,4,2024-10-03
2024-10-03 00:00:00,161.059998,161.500000,160.840000,161.470000,4,2024-10-03
2024-10-03 04:00:00,161.470000,163.343990,161.369670,161.720000,4,2024-10-03
2024-10-03 08:00:00,161.720000,162.490010,161.630000,162.059998,4,2024-10-03
2024-10-03 12:00:00,162.059998,162.171010,161.590000,161.640000,4,2024-10-03
2024-10-03 16:00:00,161.620000,162.360000,161.370000,162.140000,4,2024-10-03
2024-10-03 20:00:00,162.140000,162.280000,161.679990,161.890000,4,2024-10-04
2024-10-04 00:00:00,161.960010,162.259990,161.500000,161.800000,4,2024-10-04
2024-10-04 04:00:00,161.810000,162.100010,161.800000,162.029999,4,2024-10-04
2024-10-04 08:00:00,162.020004,162.140000,161.620000,161.649990,4,2024-10-04
2024-10-04 12:00:00,161.640000,161.700000,161.009995,161.179990,4,2024-10-04
2024-10-04 16:00:00,161.170000,161.520000,161.009995,161.520000,4,2024-10-04
2024-10-04 20:00:00,161.530000,161.700000,161.440000,161.550000,1,2024-10-04
2024-10-07 08:00:00,163.220000,163.570010,162.789990,162.830000,3,2024-10-07
2024-10-07 12:00:00,162.820010,163.089996,162.700000,162.929990,4,2024-10-07
2024-10-07 16:00:00,162.940000,162.990010,162.450000,162.710010,4,2024-10-07
2024-10-07 20:00:00,162.690000,163.050003,162.399990,162.649990,4,2024-10-08
2024-10-08 00:00:00,162.660000,162.740010,162.289990,162.570010,4,2024-10-08
2024-10-08 04:00:00,162.572010,162.640000,162.370000,162.630000,4,2024-10-08
2024-10-08 08:00:00,162.670000,162.880000,162.029999,162.340000,4,2024-10-08
2024-10-08 12:00:00,162.340000,162.690000,161.910000,162.679990,4,2024-10-08
2024-10-08 16:00:00,162.679990,162.759990,162.000000,162.530000,4,2024-10-08
2024-10-08 20:00:00,162.539990,162.700000,162.330000,162.490010,4,2024-10-09
2024-10-09 00:00:00,162.500000,162.820010,162.457500,162.610000,4,2024-10-09
2024-10-09 04:00:00,162.600010,162.820010,162.560000,162.720000,4,2024-10-09
2024-10-09 08:00:00,162.750000,162.850010,162.450000,162.690000,4,2024-10-09
2024-10-09 12:00:00,162.690000,162.880000,162.450000,162.635500,4,2024-10-09
2024-10-09 16:00:00,162.640000,163.070007,162.390000,162.960010,4,2024-10-09
2024-10-09 20:00:00,162.970000,163.160000,162.820010,163.160000,4,2024-10-10
2024-10-10 00:00:00,163.160000,163.470000,163.000000,163.300000,4,2024-10-10
2024-10-10 04:00:00,163.289000,163.380000,163.170000,163.280000,4,2024-10-10
2024-10-10 08:00:00,163.350010,163.350010,163.009995,163.250000,4,2024-10-10
2024-10-10 12:00:00,163.250000,163.610000,163.140000,163.460010,4,2024-10-10
2024-10-10 16:00:00,163.459500,163.550000,162.920000,162.980000,4,2024-10-10
2024-10-10 20:00:00,162.970000,163.130000,162.450000,162.649990,4,2024-10-11
2024-10-11 00:00:00,162.640000,162.770000,162.179990,162.410000,4,2024-10-11
2024-10-11 04:00:00,162.420000,162.560000,162.320010,162.530000,4,2024-10-11
2024-10-11 08:00:00,162.490010,162.773500,162.080002,162.390000,4,2024-10-11
2024-10-11 12:00:00,162.377000,162.720000,162.310000,162.630000,4,2024-10-11
2024-10-11 16:00:00,162.631500,162.890000,162.500000,162.870000,4,2024-10-11
2024-10-11 20:00:00,162.865010,163.000000,162.840000,162.929990,1,2024-10-11
2024-10-14 08:00:00,163.070007,163.240010,162.899990,162.980000,3,2024-10-14
2024-10-14 12:00:00,162.960010,163.202000,162.929990,163.080002,4,2024-10-14
2024-10-14 16:00:00,163.080002,163.350010,162.970000,163.289990,4,2024-10-14
2024-10-14 20:00:00,163.280000,163.520000,163.250000,163.370000,4,2024-10-15
2024-10-15 00:00:00,163.360000,163.600490,163.350010,163.446500,4,2024-10-15
2024-10-15 04:00:00,163.446000,163.450000,163.216000,163.350010,4,2024-10-15
2024-10-15 08:00:00,163.370000,163.450000,163.080002,163.140000,4,2024-10-15
2024-10-15 12:00:00,163.160000,163.265000,163.009995,163.050003,4,2024-10-15
2024-10-15 16:00:00,163.050003,163.059998,162.429990,162.720000,4,2024-10-15
2024-10-15 20:00:00,162.730000,162.950000,162.370000,162.640000,4,2024-10-16
2024-10-16 00:00:00,162.660000,162.880000,162.340000,162.740010,4,2024-10-16
2024-10-16 04:00:00,162.750000,162.810000,162.399990,162.500000,4,2024-10-16
2024-10-16 08:00:00,162.409000,162.740010,162.200000,162.490010,4,2024-10-16
2024-10-16 12:00:00,162.490010,162.550000,162.130000,162.539990,4,2024-10-16
2024-10-16 16:00:00,162.539990,162.700000,162.259990,162.660000,4,2024-10-16
2024-10-16 20:00:00,162.671010,162.789990,162.460010,162.730000,4,2024-10-17
2024-10-17 00:00:00,162.740010,162.880000,162.530000,162.758000,4,2024-10-17
2024-10-17 04:00:00,162.750000,162.750000,162.490010,162.530000,4,2024-10-17
2024-10-17 08:00:00,162.550000,162.630000,162.289990,162.460010,4,2024-10-17
2024-10-17 12:00:00,162.480000,162.480000,162.080002,162.310000,4,2024-10-17
2024-10-17 16:00:00,162.300000,162.631000,162.190000,162.590000,4,2024-10-17
2024-10-17 20:00:00,162.600010,162.720000,162.390000,162.460010,4,2024-10-18
2024-10-18 00:00:00,162.450000,162.759990,161.850010,162.600010,4,2024-10-18
2024-10-18 04:00:00,162.610000,162.740010,162.530000,162.679990,4,2024-10-18
2024-10-18 08:00:00,162.690000,162.817120,162.370000,162.490010,4,2024-10-18
2024-10-18 12:00:00,162.480000,162.640000,162.340000,162.490010,4,2024-10-18
2024-10-18 16:00:00,162.500000,162.810000,162.350010,162.490010,4,2024-10-18
2024-10-18 20:00:00,162.490010,162.590000,162.360000,162.580000,1,2024-10-18
2024-10-21 08:00:00,162.520000,162.640000,162.179990,162.310000,3,2024-10-21
2024-10-21 12:00:00,162.320010,162.340000,162.009995,162.149990,4,2024-10-21
2024-10-21 16:00:00,162.140000,162.789990,162.057007,162.770000,4,2024-10-21
2024-10-21 20:00:00,162.780000,162.860000,162.600010,162.780000,4,2024-10-22
2024-10-22 00:00:00,162.780000,162.910000,162.640000,162.840000,4,2024-10-22
2024-10-22 04:00:00,162.840000,163.160000,162.830000,163.120000,4,2024-10-22
2024-10-22 08:00:00,163.120000,163.192000,162.870000,162.929990,4,2024-10-22
2024-10-22 12:00:00,162.927990,163.480000,162.830000,163.250000,4,2024-10-22
2024-10-22 16:00:00,163.250000,163.670000,163.101500,163.490490,4,2024-10-22
2024-10-22 20:00:00,163.470000,163.500000,163.070007,163.160000,4,2024-10-23
2024-10-23 00:00:00,163.160000,163.450000,162.780000,163.267000,4,2024-10-23
2024-10-23 04:00:00,163.270000,163.270000,163.000000,163.059998,4,2024-10-23
2024-10-23 08:00:00,163.125000,163.539990,163.022995,163.520000,4,2024-10-23
2024-10-23 12:00:00,163.509990,164.320010,163.490010,164.259990,4,2024-10-23
2024-10-23 16:00:00,164.270000,164.570010,164.250000,164.440000,4,2024-10-23
2024-10-23 20:00:00,164.429990,164.980000,164.420000,164.920000,4,2024-10-24
2024-10-24 00:00:00,164.924500,165.020004,164.670000,164.679990,4,2024-10-24
2024-10-24 04:00:00,164.660000,164.740010,164.300000,164.690000,4,2024-10-24
2024-10-24 08:00:00,164.710010,164.770000,164.490010,164.690000,4,2024-10-24
2024-10-24 12:00:00,164.690000,164.750000,164.170000,164.289990,4,2024-10-24
2024-10-24 16:00:00,164.300000,164.460010,163.800000,164.220000,4,2024-10-24
2024-10-24 20:00:00,164.220000,164.360000,163.929990,164.160000,4,2024-10-25
2024-10-25 00:00:00,164.170000,164.490010,163.880000,163.990010,4,2024-10-25
2024-10-25 04:00:00,164.000000,164.470000,163.990010,164.399990,4,2024-10-25
2024-10-25 08:00:00,164.410000,164.590000,164.080002,164.500000,4,2024-10-25
2024-10-25 12:00:00,164.480000,164.550000,164.059998,164.190000,4,2024-10-25
2024-10-25 16:00:00,164.170000,164.759990,163.940000,164.480000,4,2024-10-25
2024-10-25 20:00:00,164.470000,164.660000,164.429990,164.520000,1,2024-10-25
2024-10-28 08:00:00,165.059998,165.679990,164.720000,165.660000,3,2024-10-28
2024-10-28 12:00:00,165.649990,166.070007,165.420000,165.759990,4,2024-10-28
2024-10-28 16:00:00,165.750000,165.860000,165.380000,165.720000,4,2024-10-28
2024-10-28 20:00:00,165.730000,165.740010,164.899990,165.070007,4,2024-10-29
2024-10-29 00:00:00,165.080002,165.830000,165.029999,165.759990,4,2024-10-29
2024-10-29 04:00:00,165.770000,165.840000,165.660000,165.770000,4,2024-10-29
2024-10-29 08:00:00,165.720000,165.840000,165.360000,165.509990,4,2024-10-29
2024-10-29 12:00:00,165.500000,165.580000,165.220000,165.300000,4,2024-10-29
2024-10-29 16:00:00,165.320010,165.990010,165.160000,165.950000,4,2024-10-29
2024-10-29 20:00:00,165.960010,166.080002,165.640000,165.720000,4,2024-10-30
2024-10-30 00:00:00,165.730000,165.891490,165.380000,165.820010,4,2024-10-30
2024-10-30 04:00:00,165.810000,166.009995,165.720000,165.890000,4,2024-10-30
2024-10-30 08:00:00,165.910000,165.940000,165.700000,165.850010,4,2024-10-30
2024-10-30 12:00:00,165.850010,166.000000,165.710010,165.880000,4,2024-10-30
2024-10-30 16:00:00,165.899990,166.080002,165.590000,165.620000,4,2024-10-30
2024-10-30 20:00:00,165.720000,166.210010,165.500000,165.830000,4,2024-10-31
2024-10-31 00:00:00,165.840000,166.600010,165.747500,166.270000,4,2024-10-31
2024-10-31 04:00:00,166.259990,166.590000,166.259990,166.550000,4,2024-10-31
2024-10-31 08:00:00,166.539990,166.690000,166.289990,166.640000,4,2024-10-31
2024-10-31 12:00:00,166.630000,166.690000,165.759990,165.890000,4,2024-10-31
2024-10-31 16:00:00,165.899990,166.089996,164.940000,165.460010,4,2024-10-31
2024-10-31 20:00:00,165.457500,166.270000,165.398500,166.130000,4,2024-11-01
2024-11-01 00:00:00,166.140000,166.360000,165.020004,165.530000,4,2024-11-01
2024-11-01 04:00:00,165.530000,165.602010,165.080002,165.479000,4,2024-11-01
2024-11-01 08:00:00,165.460010,165.620000,165.230500,165.509990,4,2024-11-01
2024-11-01 12:00:00,165.530000,165.940000,165.410000,165.880000,4,2024-11-01
2024-11-01 16:00:00,165.870000,165.970000,165.530000,165.820010,4,2024-11-01
2024-11-01 20:00:00,165.810000,165.990010,165.780000,165.899990,1,2024-11-01
2024-11-04 08:00:00,165.679990,165.970000,165.310000,165.421490,3,2024-11-04
2024-11-04 12:00:00,165.410000,165.509990,165.216000,165.440000,4,2024-11-04
2024-11-04 16:00:00,165.450000,165.860000,165.429990,165.670000,4,2024-11-04
2024-11-04 20:00:00,165.679990,165.773500,165.340000,165.539990,4,2024-11-05
2024-11-05 00:00:00,165.550000,165.770000,165.399990,165.470000,4,2024-11-05
2024-11-05 04:00:00,165.470000,165.630000,165.399990,165.470000,4,2024-11-05
2024-11-05 08:00:00,165.470000,165.740010,165.410000,165.620000,4,2024-11-05
2024-11-05 12:00:00,165.620000,165.880000,165.539990,165.810000,4,2024-11-05
2024-11-05 16:00:00,165.800000,165.940000,165.630000,165.759990,4,2024-11-05
2024-11-05 20:00:00,165.759990,165.980000,165.660000,165.940000,4,2024-11-06
2024-11-06 00:00:00,165.940000,166.039993,165.530000,165.950000,4,2024-11-06
2024-11-06 04:00:00,165.940000,165.940000,165.440000,165.550000,4,2024-11-06
2024-11-06 08:00:00,165.560000,166.070007,165.259990,165.710010,4,2024-11-06
2024-11-06 12:00:00,165.720000,165.990010,165.230000,165.500000,4,2024-11-06
2024-11-06 16:00:00,165.509990,165.910000,165.029999,165.800000,4,2024-11-06
2024-11-06 20:00:00,165.810000,165.820010,164.929990,165.050003,4,2024-11-07
2024-11-07 00:00:00,165.050003,165.940000,164.950000,165.890000,4,2024-11-07
2024-11-07 04:00:00,165.880000,166.104510,165.679990,165.920000,4,2024-11-07
2024-11-07 08:00:00,165.929990,166.000000,165.550000,165.720000,4,2024-11-07
2024-11-07 12:00:00,165.730000,165.910000,165.410000,165.550000,4,2024-11-07
2024-11-07 16:00:00,165.560000,165.899990,165.390000,165.890000,4,2024-11-07
2024-11-07 20:00:00,165.880000,165.899990,165.420000,165.679990,4,2024-11-08
2024-11-08 00:00:00,165.679990,165.880000,165.170000,165.259990,4,2024-11-08
2024-11-08 04:00:00,165.250000,165.340000,165.009995,165.120000,4,2024-11-08
2024-11-08 08:00:00,165.120000,165.429990,165.039993,165.240010,4,2024-11-08
2024-11-08 12:00:00,165.240010,165.350010,164.500000,164.707990,4,2024-11-08
2024-11-08 16:00:00,164.710010,164.899990,164.170000,164.210010,4,2024-11-08
2024-11-08 20:00:00,164.220000,164.420000,163.890000,164.020004,2,2024-11-08
2024-11-11 08:00:00,163.608000,164.130000,163.480000,164.130000,3,2024-11-11
2024-11-11 12:00:00,164.130000,164.590000,164.070007,164.550000,4,2024-11-11
2024-11-11 16:00:00,164.537000,164.660000,164.149990,164.325500,4,2024-11-11
2024-11-11 20:00:00,164.340000,164.429990,163.800000,163.830000,4,2024-11-12
2024-11-12 00:00:00,163.830000,163.899990,163.580000,163.850010,4,2024-11-12
2024-11-12 04:00:00,163.840000,163.940000,163.700000,163.720000,4,2024-11-12
2024-11-12 08:00:00,163.720000,163.940000,163.620000,163.890000,4,2024-11-12
2024-11-12 12:00:00,163.880000,164.029999,163.340000,163.399990,4,2024-11-12
2024-11-12 16:00:00,163.390000,163.679990,163.250000,163.670000,4,2024-11-12
2024-11-12 20:00:00,163.660000,163.780000,163.440000,163.630000,4,2024-11-13
2024-11-13 00:00:00,163.620000,164.130000,163.600010,163.990010,4,2024-11-13
2024-11-13 04:00:00,163.980000,164.310000,163.970000,164.190000,4,2024-11-13
2024-11-13 08:00:00,164.200000,164.450000,164.070007,164.429990,4,2024-11-13
2024-11-13 12:00:00,164.429990,164.509990,164.220000,164.420000,4,2024-11-13
2024-11-13 16:00:00,164.410000,164.640000,164.270000,164.500000,4,2024-11-13
2024-11-13 20:00:00,164.500000,164.789990,164.390000,164.710010,4,2024-11-14
2024-11-14 00:00:00,164.705000,164.800000,163.630000,164.080002,4,2024-11-14
2024-11-14 04:00:00,164.070007,164.420000,164.059998,164.330000,4,2024-11-14
2024-11-14 08:00:00,164.330000,164.590000,164.039993,164.520490,4,2024-11-14
2024-11-14 12:00:00,164.509990,164.679990,164.420000,164.620000,4,2024-11-14
2024-11-14 16:00:00,164.620000,164.620000,164.230000,164.310000,4,2024-11-14
2024-11-14 20:00:00,164.300000,164.440000,163.810000,164.360000,4,2024-11-15
2024-11-15 00:00:00,164.350010,164.980000,164.140000,164.730000,4,2024-11-15
2024-11-15 04:00:00,164.740010,164.780000,164.350010,164.440000,4,2024-11-15
2024-11-15 08:00:00,164.450000,165.042007,164.410000,164.950000,4,2024-11-15
2024-11-15 12:00:00,164.950000,165.000000,164.660000,164.830990,4,2024-11-15
2024-11-15 16:00:00,164.840000,164.970000,164.259990,164.380000,4,2024-11-15
2024-11-15 20:00:00,164.380000,164.620000,164.029999,164.230000,2,2024-11-15
2024-11-18 08:00:00,162.524990,163.029999,162.270000,162.743500,3,2024-11-18
2024-11-18 12:00:00,162.730000,163.500000,162.590000,163.009995,4,2024-11-18
2024-11-18 16:00:00,163.020004,163.450000,162.720000,163.429990,4,2024-11-18
2024-11-18 20:00:00,163.440000,163.780000,163.200000,163.759990,4,2024-11-19
2024-11-19 00:00:00,163.770000,163.940000,163.420000,163.870000,4,2024-11-19
2024-11-19 04:00:00,163.850010,163.983000,163.740010,163.750000,4,2024-11-19
2024-11-19 08:00:00,163.740010,164.013351,163.429990,163.480000,4,2024-11-19
2024-11-19 12:00:00,163.480000,163.570010,163.120000,163.490010,4,2024-11-19
2024-11-19 16:00:00,163.490010,163.710010,162.000000,162.530000,4,2024-11-19
2024-11-19 20:00:00,162.530000,163.000000,161.500000,162.789990,4,2024-11-20
2024-11-20 00:00:00,162.800000,163.410000,162.259990,163.270000,4,2024-11-20
2024-11-20 04:00:00,163.270000,163.929990,163.270000,163.870000,4,2024-11-20
2024-11-20 08:00:00,163.860000,164.300000,163.759990,164.210010,4,2024-11-20
2024-11-20 12:00:00,164.220000,164.270000,163.970000,164.240010,4,2024-11-20
2024-11-20 16:00:00,164.250000,164.759990,164.160000,164.420000,4,2024-11-20
2024-11-20 20:00:00,164.410000,164.649990,164.270000,164.390000,4,2024-11-21
2024-11-21 00:00:00,164.399990,164.480000,163.160000,163.470000,4,2024-11-21
2024-11-21 04:00:00,163.460010,163.899990,163.360000,163.860000,4,2024-11-21
2024-11-21 08:00:00,163.860000,163.940000,163.360000,163.550000,4,2024-11-21
2024-11-21 12:00:00,163.530000,163.630000,163.350010,163.600010,4,2024-11-21
2024-11-21 16:00:00,163.600010,163.770000,162.560000,162.800000,4,2024-11-21
2024-11-21 20:00:00,162.800000,162.800000,162.070007,162.590000,4,2024-11-22
2024-11-22 00:00:00,162.590000,162.700000,161.880000,161.990010,4,2024-11-22
2024-11-22 04:00:00,162.000000,162.200000,161.750000,161.910000,4,2024-11-22
2024-11-22 08:00:00,161.910000,161.950000,161.200000,161.670000,4,2024-11-22
2024-11-22 12:00:00,161.670000,161.810000,161.520000,161.750000,4,2024-11-22
2024-11-22 16:00:00,161.750000,162.483000,161.350010,161.370000,4,2024-11-22
2024-11-22 20:00:00,161.370000,161.382510,159.910000,160.960010,2,2024-11-22
2024-11-25 08:00:00,161.610000,161.929990,161.250000,161.630000,3,2024-11-25
2024-11-25 12:00:00,161.630000,161.660000,160.990010,161.490010,4,2024-11-25
2024-11-25 16:00:00,161.490010,162.000000,161.320010,161.890000,4,2024-11-25
2024-11-25 20:00:00,161.899990,162.120000,161.649990,161.750000,4,2024-11-26
2024-11-26 00:00:00,161.730000,162.120000,161.370000,161.660000,4,2024-11-26
2024-11-26 04:00:00,161.660000,161.990010,161.600010,161.740010,4,2024-11-26
2024-11-26 08:00:00,161.740010,161.950000,160.690000,160.710010,4,2024-11-26
2024-11-26 12:00:00,160.720000,161.340000,160.590000,161.230000,4,2024-11-26
2024-11-26 16:00:00,161.220000,161.670000,160.870000,161.520000,4,2024-11-26
2024-11-26 20:00:00,161.539990,162.000000,161.220000,161.289990,4,2024-11-27
2024-11-27 00:00:00,161.270000,161.410000,160.780000,160.860000,4,2024-11-27
2024-11-27 04:00:00,160.850010,160.870000,160.300000,160.420000,4,2024-11-27
2024-11-27 08:00:00,160.429990,160.710010,160.280000,160.410000,4,2024-11-27
2024-11-27 12:00:00,160.399990,160.500000,159.550000,159.600010,4,2024-11-27
2024-11-27 16:00:00,159.610000,159.780000,159.240010,159.640000,4,2024-11-27
2024-11-27 20:00:00,159.630000,159.720000,159.100010,159.490010,4,2024-11-28
2024-11-28 00:00:00,159.490010,160.059998,159.250000,159.360000,4,2024-11-28
2024-11-28 04:00:00,159.350010,159.720000,159.300000,159.640000,4,2024-11-28
2024-11-28 08:00:00,159.640000,160.130000,159.504500,160.059998,4,2024-11-28
2024-11-28 12:00:00,160.050003,160.120000,159.810000,160.039993,4,2024-11-28
2024-11-28 16:00:00,160.050003,160.220000,159.590000,160.100010,4,2024-11-28
2024-11-28 20:00:00,160.089996,160.340000,159.940000,160.039993,4,2024-11-29
2024-11-29 00:00:00,160.039993,160.050003,159.569000,159.890000,4,2024-11-29
2024-11-29 04:00:00,159.880000,159.979930,159.830000,159.880000,4,2024-11-29
2024-11-29 08:00:00,159.860000,159.990010,159.000000,159.059998,4,2024-11-29
2024-11-29 12:00:00,159.020004,159.060501,158.240010,158.570010,4,2024-11-29
2024-11-29 16:00:00,158.570010,158.820010,158.360000,158.750000,4,2024-11-29
2024-11-29 20:00:00,158.740010,158.830000,158.330000,158.429990,2,2024-11-29
2024-12-02 08:00:00,158.105000,158.370000,157.970000,158.270000,3,2024-12-02
2024-12-02 12:00:00,158.250000,158.592500,158.210010,158.460010,4,2024-12-02
2024-12-02 16:00:00,158.450000,158.640000,157.590000,157.772000,4,2024-12-02
2024-12-02 20:00:00,157.759990,158.196000,157.509990,157.660000,4,2024-12-03
2024-12-03 00:00:00,157.660000,157.950000,156.380000,156.480000,4,2024-12-03
2024-12-03 04:00:00,156.490010,157.140000,156.480000,157.020004,4,2024-12-03
2024-12-03 08:00:00,157.009995,157.310500,156.940000,157.240010,4,2024-12-03
2024-12-03 12:00:00,157.230000,157.530000,157.029999,157.429990,4,2024-12-03
2024-12-03 16:00:00,157.440000,157.860000,157.259990,157.800000,4,2024-12-03
2024-12-03 20:00:00,157.780000,157.990010,157.270000,157.280000,4,2024-12-04
2024-12-04 00:00:00,157.280000,157.350010,156.174000,156.840000,4,2024-12-04
2024-12-04 04:00:00,156.850010,157.220000,156.759990,157.070007,4,2024-12-04
2024-12-04 08:00:00,157.059998,157.399990,157.050003,157.350010,4,2024-12-04
2024-12-04 12:00:00,157.360000,157.740010,156.990010,157.630000,4,2024-12-04
2024-12-04 16:00:00,157.640000,158.280000,157.539990,157.830000,4,2024-12-04
2024-12-04 20:00:00,157.820010,158.660000,157.759990,158.590000,4,2024-12-05
2024-12-05 00:00:00,158.600010,158.620000,158.009995,158.100010,4,2024-12-05
2024-12-05 04:00:00,158.089996,158.410000,157.990010,158.250000,4,2024-12-05
2024-12-05 08:00:00,158.250000,158.490010,157.920000,157.950000,4,2024-12-05
2024-12-05 12:00:00,157.950000,158.410000,157.910000,158.190000,4,2024-12-05
2024-12-05 16:00:00,158.190000,158.230000,157.560000,158.160000,4,2024-12-05
2024-12-05 20:00:00,158.160000,158.530000,157.998990,158.480000,4,2024-12-06
2024-12-06 00:00:00,158.470000,159.380000,158.460010,158.770000,4,2024-12-06
2024-12-06 04:00:00,158.780000,158.890000,158.490010,158.850010,4,2024-12-06
2024-12-06 08:00:00,158.860000,159.029999,158.560000,158.780000,4,2024-12-06
2024-12-06 12:00:00,158.770000,158.789990,158.380000,158.610000,4,2024-12-06
2024-12-06 16:00:00,158.620000,159.200000,158.380000,159.120000,4,2024-12-06
2024-12-06 20:00:00,159.120000,159.440000,159.070007,159.340000,2,2024-12-06
2024-12-09 08:00:00,158.239000,158.550510,158.020004,158.230000,3,2024-12-09
2024-12-09 12:00:00,158.240010,158.350010,157.870000,157.910000,4,2024-12-09
2024-12-09 16:00:00,157.920000,158.980500,157.899990,158.960010,4,2024-12-09
2024-12-09 20:00:00,158.950000,159.320010,158.860000,159.300000,4,2024-12-10
2024-12-10 00:00:00,159.310000,160.000000,159.270000,159.870000,4,2024-12-10
2024-12-10 04:00:00,159.860000,159.960010,159.450000,159.530000,4,2024-12-10
2024-12-10 08:00:00,159.539990,159.850010,159.470000,159.830000,4,2024-12-10
2024-12-10 12:00:00,159.810000,159.880000,159.390000,159.550000,4,2024-12-10
2024-12-10 16:00:00,159.560000,160.070007,159.380000,159.789990,4,2024-12-10
2024-12-10 20:00:00,159.810000,159.890000,159.440000,159.840000,4,2024-12-11
2024-12-11 00:00:00,159.850010,159.910000,159.460010,159.830000,4,2024-12-11
2024-12-11 04:00:00,159.840000,159.960010,159.780000,159.929990,4,2024-12-11
2024-12-11 08:00:00,159.940000,160.044235,159.735990,159.759990,4,2024-12-11
2024-12-11 12:00:00,159.759990,159.910000,159.450000,159.490010,4,2024-12-11
2024-12-11 16:00:00,159.500000,159.789990,158.910000,159.310000,4,2024-12-11
2024-12-11 20:00:00,159.289990,160.530000,158.660000,160.340000,4,2024-12-12
2024-12-12 00:00:00,160.340000,160.700000,159.570010,160.080002,4,2024-12-12
2024-12-12 04:00:00,160.075500,160.190000,159.880000,160.110000,4,2024-12-12
2024-12-12 08:00:00,160.110000,160.149990,159.810000,159.880000,4,2024-12-12
2024-12-12 12:00:00,159.880000,160.110000,159.649990,159.940000,4,2024-12-12
2024-12-12 16:00:00,159.950000,160.550000,159.920000,160.270000,4,2024-12-12
2024-12-12 20:00:00,160.300000,160.480000,159.710010,159.730000,4,2024-12-13
2024-12-13 00:00:00,159.730000,160.240010,159.120000,159.880000,4,2024-12-13
2024-12-13 04:00:00,159.890000,160.009995,159.720000,159.789990,4,2024-12-13
2024-12-13 08:00:00,159.798000,160.250000,159.647990,160.149990,4,2024-12-13
2024-12-13 12:00:00,160.140000,160.190000,159.720000,160.050003,4,2024-12-13
2024-12-13 16:00:00,160.039993,160.350010,159.750000,160.340000,4,2024-12-13
2024-12-13 20:00:00,160.330000,161.059998,160.289990,160.940000,2,2024-12-13
2024-12-16 08:00:00,161.149990,161.870000,161.130000,161.730000,3,2024-12-16
2024-12-16 12:00:00,161.730000,161.990010,161.620000,161.679990,4,2024-12-16
2024-12-16 16:00:00,161.690000,161.740010,161.170000,161.509990,4,2024-12-16
2024-12-16 20:00:00,161.580000,161.789990,161.210010,161.645000,4,2024-12-17
2024-12-17 00:00:00,161.645000,162.210010,161.595000,162.050003,4,2024-12-17
2024-12-17 04:00:00,162.065002,162.134990,161.910000,161.970000,4,2024-12-17
2024-12-17 08:00:00,161.990010,162.470000,161.970000,162.289990,4,2024-12-17
2024-12-17 12:00:00,162.310000,162.310000,161.810000,161.899990,4,2024-12-17
2024-12-17 16:00:00,161.895000,162.080002,161.320010,161.399990,4,2024-12-17
2024-12-17 20:00:00,161.390000,161.539990,161.110000,161.539990,4,2024-12-18
2024-12-18 00:00:00,161.530000,161.649990,161.120000,161.175000,4,2024-12-18
2024-12-18 04:00:00,161.175000,161.210010,160.780000,161.020004,4,2024-12-18
2024-12-18 08:00:00,161.009995,161.485000,160.960010,161.370000,4,2024-12-18
2024-12-18 12:00:00,161.360000,161.460010,161.100010,161.170000,4,2024-12-18
2024-12-18 16:00:00,161.160000,161.350010,161.029999,161.145000,4,2024-12-18
2024-12-18 20:00:00,161.130000,161.429990,161.110000,161.380000,4,2024-12-19
2024-12-19 00:00:00,161.370000,161.570010,161.210010,161.230000,4,2024-12-19
2024-12-19 04:00:00,161.245000,161.420000,159.810000,160.330000,4,2024-12-19
2024-12-19 08:00:00,160.330000,160.759990,159.860000,160.580000,4,2024-12-19
2024-12-19 12:00:00,160.610000,161.405000,160.280000,161.200000,4,2024-12-19
2024-12-19 16:00:00,161.190000,163.360000,160.950000,163.280000,4,2024-12-19
2024-12-19 20:00:00,163.310000,163.685000,162.970000,163.130000,4,2024-12-20
2024-12-20 00:00:00,163.110000,163.804990,162.870000,163.360000,4,2024-12-20
2024-12-20 04:00:00,163.350010,163.550000,163.029999,163.130000,4,2024-12-20
2024-12-20 08:00:00,163.130000,163.670000,163.029999,163.505000,4,2024-12-20
2024-12-20 12:00:00,163.500000,163.520000,162.539990,162.929990,4,2024-12-20
2024-12-20 16:00:00,162.940000,163.179990,162.350010,163.039993,4,2024-12-20
2024-12-20 20:00:00,163.070007,163.070007,162.520000,162.884990,2,2024-12-20
2024-12-23 08:00:00,163.175000,163.460010,163.089996,163.360000,3,2024-12-23
2024-12-23 12:00:00,163.360000,163.590000,163.149990,163.524990,4,2024-12-23
2024-12-23 16:00:00,163.500000,163.625000,162.910000,163.115010,4,2024-12-23
2024-12-23 20:00:00,163.100010,163.495000,162.850010,163.360000,4,2024-12-24
2024-12-24 00:00:00,163.365010,163.580000,163.190000,163.410000,4,2024-12-24
2024-12-24 04:00:00,163.410000,163.655000,163.370000,163.524990,4,2024-12-24
2024-12-24 08:00:00,163.509990,163.675000,163.350010,163.530000,4,2024-12-24
2024-12-24 12:00:00,163.539990,163.625000,163.029999,163.240010,4,2024-12-24
2024-12-24 16:00:00,163.160000,163.414990,163.039993,163.190000,4,2024-12-24
2024-12-24 20:00:00,163.190000,163.490010,163.089996,163.220000,4,2024-12-25
2024-12-26 00:00:00,163.715000,163.914990,163.715000,163.914990,1,2024-12-26
2024-12-26 04:00:00,163.935000,163.935000,163.880000,163.880000,2,2024-12-26
2024-12-26 08:00:00,163.810000,163.810000,163.320010,163.570010,4,2024-12-26
2024-12-26 12:00:00,163.560000,163.780000,163.490010,163.690000,4,2024-12-26
2024-12-26 16:00:00,163.700000,163.774990,163.539990,163.560000,4,2024-12-26
2024-12-26 20:00:00,163.560000,163.990010,163.490010,163.945010,4,2024-12-27
2024-12-27 00:00:00,163.960010,164.725010,163.925000,164.679990,4,2024-12-27
2024-12-27 04:00:00,164.679990,164.765000,164.470000,164.605000,4,2024-12-27
2024-12-27 08:00:00,164.610000,164.715000,164.265000,164.520000,4,2024-12-27
2024-12-27 12:00:00,164.590000,164.620000,163.975010,164.029999,4,2024-12-27
2024-12-27 16:00:00,164.080002,164.610000,163.990010,164.429990,4,2024-12-27
2024-12-27 20:00:00,164.429990,164.560000,164.255000,164.370000,2,2024-12-27
2024-12-30 08:00:00,164.509990,164.759990,164.440000,164.700000,3,2024-12-30
2024-12-30 12:00:00,164.695010,164.750000,164.414990,164.539990,4,2024-12-30
2024-12-30 16:00:00,164.550000,164.880000,164.380000,164.450000,4,2024-12-30
2024-12-30 20:00:00,164.450000,164.850010,164.399990,164.634990,4,2024-12-31
2024-12-31 00:00:00,164.679990,164.679990,162.774990,163.370000,4,2024-12-31
2024-12-31 04:00:00,163.335010,163.509990,163.059998,163.110000,4,2024-12-31
2024-12-31 08:00:00,163.130000,163.429990,163.020004,163.029999,4,2024-12-31
2024-12-31 12:00:00,163.039993,163.120000,162.500000,162.554990,4,2024-12-31
2024-12-31 16:00:00,162.554990,162.740010,162.429990,162.670000,4,2024-12-31
2024-12-31 20:00:00,162.710010,163.390000,162.610000,163.080002,4,2025-01-01
2025-01-02 04:00:00,162.370000,162.509990,162.370000,162.480000,4,2025-01-02
2025-01-02 08:00:00,162.470000,163.310000,162.420000,162.990010,4,2025-01-02
2025-01-02 12:00:00,162.980000,163.250000,162.800000,162.830000,4,2025-01-02
2025-01-02 16:00:00,162.830000,162.940000,161.970000,162.480000,4,2025-01-02
2025-01-02 20:00:00,162.460010,162.590000,162.029999,162.089996,4,2025-01-03
2025-01-03 00:00:00,162.080002,162.280000,160.910000,161.780000,4,2025-01-03
2025-01-03 04:00:00,161.780000,161.960010,161.500000,161.750000,4,2025-01-03
2025-01-03 08:00:00,161.759990,161.780000,161.470000,161.500000,4,2025-01-03
2025-01-03 12:00:00,161.500000,161.720000,161.450000,161.520000,4,2025-01-03
2025-01-03 16:00:00,161.530000,161.840000,161.390000,161.750000,4,2025-01-03
2025-01-03 20:00:00,161.740010,161.920000,161.620000,161.800000,2,2025-01-03
2025-01-06 08:00:00,161.980000,162.509990,161.980000,162.370000,3,2025-01-06
2025-01-06 12:00:00,162.370000,162.780000,162.310000,162.700000,4,2025-01-06
2025-01-06 16:00:00,162.690000,163.220000,162.500000,163.190000,4,2025-01-06
2025-01-06 20:00:00,163.190000,164.020004,162.990010,163.230000,4,2025-01-07
2025-01-07 00:00:00,163.230000,163.840000,162.620000,163.800000,4,2025-01-07
2025-01-07 04:00:00,163.800000,163.800000,163.500000,163.740010,4,2025-01-07
2025-01-07 08:00:00,163.740010,164.280000,163.580000,164.190000,4,2025-01-07
2025-01-07 12:00:00,164.179990,164.390000,164.100010,164.280000,4,2025-01-07
2025-01-07 16:00:00,164.280000,164.360000,163.800000,164.120000,4,2025-01-07
2025-01-07 20:00:00,164.120000,164.550000,163.850010,163.890000,4,2025-01-08
2025-01-08 00:00:00,163.890000,164.230000,163.550000,163.649990,4,2025-01-08
2025-01-08 04:00:00,163.649990,163.690000,163.210010,163.310000,4,2025-01-08
2025-01-08 08:00:00,163.310000,163.690000,163.310000,163.649990,4,2025-01-08
2025-01-08 12:00:00,163.649990,163.800000,163.460010,163.780000,4,2025-01-08
2025-01-08 16:00:00,163.789990,163.810000,163.270000,163.300000,4,2025-01-08
2025-01-08 20:00:00,163.289990,163.390000,162.880000,162.990010,4,2025-01-09
2025-01-09 00:00:00,162.990010,163.310000,162.850010,163.280000,4,2025-01-09
2025-01-09 04:00:00,163.270000,163.509990,163.140000,163.370000,4,2025-01-09
2025-01-09 08:00:00,163.380000,163.440000,163.039993,163.220000,4,2025-01-09
2025-01-09 12:00:00,163.230000,163.259990,162.630000,162.820010,4,2025-01-09
2025-01-09 16:00:00,162.820010,163.080002,162.679990,163.000000,4,2025-01-09
2025-01-09 20:00:00,163.009995,163.120000,162.380000,162.539990,4,2025-01-10
2025-01-10 00:00:00,162.530000,162.759990,162.450000,162.730000,4,2025-01-10
2025-01-10 04:00:00,162.720000,162.920000,162.720000,162.890000,4,2025-01-10
2025-01-10 08:00:00,162.890000,162.970000,162.640000,162.690000,4,2025-01-10
2025-01-10 12:00:00,162.690000,163.100010,162.620000,163.070007,4,2025-01-10
2025-01-10 16:00:00,163.070007,163.190000,162.550000,162.610000,4,2025-01-10
2025-01-10 20:00:00,162.610000,162.899990,162.370000,162.880000,2,2025-01-10
2025-01-13 08:00:00,161.649990,161.780000,161.560000,161.610000,3,2025-01-13
2025-01-13 12:00:00,161.620000,161.710010,160.750000,160.880000,4,2025-01-13
2025-01-13 16:00:00,160.890000,161.200000,160.649990,161.100010,4,2025-01-13
2025-01-13 20:00:00,161.100010,161.120000,160.039993,160.350010,4,2025-01-14
2025-01-14 00:00:00,160.300000,160.980000,160.210010,160.800000,4,2025-01-14
2025-01-14 04:00:00,160.800000,161.160000,160.720000,161.080002,4,2025-01-14
2025-01-14 08:00:00,161.080002,161.679990,161.070007,161.450000,4,2025-01-14
2025-01-14 12:00:00,161.440000,161.870000,161.179990,161.429990,4,2025-01-14
2025-01-14 16:00:00,161.429990,161.870000,161.280000,161.820010,4,2025-01-14
2025-01-14 20:00:00,161.820010,162.140000,161.780000,161.789990,4,2025-01-15
2025-01-15 00:00:00,161.780000,162.679990,161.580000,162.560000,4,2025-01-15
2025-01-15 04:00:00,162.550000,162.800000,162.480000,162.759990,4,2025-01-15
2025-01-15 08:00:00,162.750000,162.910000,162.670000,162.740010,4,2025-01-15
2025-01-15 12:00:00,162.730000,162.850010,162.340000,162.380000,4,2025-01-15
2025-01-15 16:00:00,162.370000,162.380000,161.610000,161.770000,4,2025-01-15
2025-01-15 20:00:00,161.770000,161.830000,161.539990,161.690000,4,2025-01-16
2025-01-16 00:00:00,161.690000,161.920000,160.800000,161.009995,4,2025-01-16
2025-01-16 04:00:00,161.009995,161.120000,160.980000,161.100010,4,2025-01-16
2025-01-16 08:00:00,161.080002,161.120000,160.810000,160.860000,4,2025-01-16
2025-01-16 12:00:00,160.860000,160.860000,159.750000,160.429990,4,2025-01-16
2025-01-16 16:00:00,160.429990,160.890000,160.420000,160.509990,4,2025-01-16
2025-01-16 20:00:00,160.509990,160.520000,160.039993,160.360000,4,2025-01-17
2025-01-17 00:00:00,160.350010,160.560000,159.850010,160.140000,4,2025-01-17
2025-01-17 04:00:00,160.140000,160.259990,159.810000,159.870000,4,2025-01-17
2025-01-17 08:00:00,159.850010,160.149990,159.730000,159.920000,4,2025-01-17
2025-01-17 12:00:00,159.920000,160.200000,159.880000,159.950000,4,2025-01-17
2025-01-17 16:00:00,159.950000,160.360000,159.890000,160.330000,4,2025-01-17
2025-01-17 20:00:00,160.330000,160.530000,160.130000,160.509990,2,2025-01-17
2025-01-20 08:00:00,160.720000,160.810000,160.460010,160.460010,3,2025-01-20
2025-01-20 12:00:00,160.450000,160.750000,160.320010,160.720000,4,2025-01-20
2025-01-20 16:00:00,160.720000,161.130000,160.630000,160.990010,4,2025-01-20
2025-01-20 20:00:00,161.000000,161.490010,160.980000,161.390000,4,2025-01-21
2025-01-21 00:00:00,161.390000,162.320010,161.289990,161.890000,4,2025-01-21
2025-01-21 04:00:00,161.890000,162.259990,161.539990,162.089996,4,2025-01-21
2025-01-21 08:00:00,162.100010,162.190000,161.440000,161.690000,4,2025-01-21
2025-01-21 12:00:00,161.679990,161.950000,160.960010,161.110000,4,2025-01-21
2025-01-21 16:00:00,161.120000,161.600010,161.080002,161.370000,4,2025-01-21
2025-01-21 20:00:00,161.360000,161.520000,161.240010,161.330000,4,2025-01-22
2025-01-22 00:00:00,161.340000,162.070007,161.240010,162.070007,4,2025-01-22
2025-01-22 04:00:00,162.070007,162.230000,162.009995,162.059998,4,2025-01-22
2025-01-22 08:00:00,162.059998,162.240010,161.870000,162.000000,4,2025-01-22
2025-01-22 12:00:00,162.000000,162.390000,161.929990,162.289990,4,2025-01-22
2025-01-22 16:00:00,162.289990,162.570010,162.059998,162.310000,4,2025-01-22
2025-01-22 20:00:00,162.310000,162.899990,162.280000,162.640000,4,2025-01-23
2025-01-23 00:00:00,162.640000,163.210010,162.429990,163.190000,4,2025-01-23
2025-01-23 04:00:00,163.200000,163.220000,162.980000,163.000000,4,2025-01-23
2025-01-23 08:00:00,163.009995,163.020004,162.730000,162.810000,4,2025-01-23
2025-01-23 12:00:00,162.810000,163.039993,162.740010,163.020004,4,2025-01-23
2025-01-23 16:00:00,163.029999,163.130000,162.630000,162.660000,4,2025-01-23
2025-01-23 20:00:00,162.649990,162.950000,162.649990,162.710010,4,2025-01-24
2025-01-24 00:00:00,162.720000,162.830000,162.200000,162.550000,4,2025-01-24
2025-01-24 04:00:00,162.550000,162.740010,162.370000,162.490010,4,2025-01-24
2025-01-24 08:00:00,162.490010,162.820010,162.390000,162.800000,4,2025-01-24
2025-01-24 12:00:00,162.800000,163.250000,161.920000,162.179990,4,2025-01-24
2025-01-24 16:00:00,162.179990,163.080002,162.100010,163.050003,4,2025-01-24
2025-01-24 20:00:00,163.070007,163.600010,162.880000,163.530000,2,2025-01-24
2025-01-27 08:00:00,163.230000,163.370000,162.770000,162.880000,3,2025-01-27
2025-01-27 12:00:00,162.890000,163.289990,162.610000,163.250000,4,2025-01-27
2025-01-27 16:00:00,163.250000,163.460010,162.539990,162.710010,4,2025-01-27
2025-01-27 20:00:00,162.700000,162.770000,161.539990,162.080002,4,2025-01-28
2025-01-28 00:00:00,162.070007,162.399990,161.740010,161.800000,4,2025-01-28
2025-01-28 04:00:00,161.800000,162.320010,161.770000,162.130000,4,2025-01-28
2025-01-28 08:00:00,162.130000,162.230000,161.580000,162.059998,4,2025-01-28
2025-01-28 12:00:00,162.059998,162.679990,162.059998,162.550000,4,2025-01-28
2025-01-28 16:00:00,162.539990,162.700000,162.240010,162.360000,4,2025-01-28
2025-01-28 20:00:00,162.340000,162.600010,161.789990,161.810000,4,2025-01-29
2025-01-29 00:00:00,161.800000,162.450000,161.759990,162.289990,4,2025-01-29
2025-01-29 04:00:00,162.289990,162.370000,162.190000,162.230000,4,2025-01-29
2025-01-29 08:00:00,162.220000,162.410000,162.120000,162.330000,4,2025-01-29
2025-01-29 12:00:00,162.330000,162.490010,162.050003,162.110000,4,2025-01-29
2025-01-29 16:00:00,162.110000,162.190000,161.640000,161.740010,4,2025-01-29
2025-01-29 20:00:00,161.730000,161.759990,161.550000,161.640000,4,2025-01-30
2025-01-30 00:00:00,161.640000,161.710010,161.310000,161.679990,4,2025-01-30
2025-01-30 04:00:00,161.679990,161.850010,161.539990,161.740010,4,2025-01-30
2025-01-30 08:00:00,161.740010,161.810000,161.289990,161.320010,4,2025-01-30
2025-01-30 12:00:00,161.310000,161.310000,160.840000,161.080002,4,2025-01-30
2025-01-30 16:00:00,161.089996,161.179990,160.740010,161.000000,4,2025-01-30
2025-01-30 20:00:00,160.990010,160.990010,160.340000,160.380000,4,2025-01-31
2025-01-31 00:00:00,160.370000,161.089996,160.230000,160.910000,4,2025-01-31
2025-01-31 04:00:00,160.899990,161.039993,160.360000,160.550000,4,2025-01-31
2025-01-31 08:00:00,160.539990,160.600010,160.170000,160.270000,4,2025-01-31
2025-01-31 12:00:00,160.270000,160.440000,159.929990,160.420000,4,2025-01-31
2025-01-31 16:00:00,160.429990,161.050003,160.420000,160.560000,4,2025-01-31
2025-01-31 20:00:00,160.390000,160.670000,160.179990,160.500000,2,2025-01-31
2025-02-03 08:00:00,158.429990,159.660000,158.410000,159.320010,3,2025-02-03
2025-02-03 12:00:00,159.310000,159.720000,158.940000,159.250000,4,2025-02-03
2025-02-03 16:00:00,159.250000,159.380000,158.950000,159.240010,4,2025-02-03
2025-02-03 20:00:00,159.250000,159.310000,158.370000,158.560000,4,2025-02-04
2025-02-04 00:00:00,158.550000,159.810000,157.970000,158.990010,4,2025-02-04
2025-02-04 04:00:00,158.960010,159.550000,158.770000,159.280000,4,2025-02-04
2025-02-04 08:00:00,159.289990,160.490010,159.220000,160.250000,4,2025-02-04
2025-02-04 12:00:00,160.240010,160.280000,160.009995,160.039993,4,2025-02-04
2025-02-04 16:00:00,160.039993,160.590000,159.190000,160.440000,4,2025-02-04
2025-02-04 20:00:00,160.429990,160.660000,160.179990,160.340000,4,2025-02-05
2025-02-05 00:00:00,160.330000,160.700000,160.200000,160.410000,4,2025-02-05
2025-02-05 04:00:00,160.410000,160.429990,160.009995,160.210010,4,2025-02-05
2025-02-05 08:00:00,160.210010,160.310000,159.679990,159.690000,4,2025-02-05
2025-02-05 12:00:00,159.690000,159.690000,158.940000,159.170000,4,2025-02-05
2025-02-05 16:00:00,159.170000,159.539990,159.039993,159.240010,4,2025-02-05
2025-02-05 20:00:00,159.250000,159.399990,158.860000,159.270000,4,2025-02-06
2025-02-06 00:00:00,159.270000,159.600010,158.500000,158.700000,4,2025-02-06
2025-02-06 04:00:00,158.710010,158.929990,158.630000,158.880000,4,2025-02-06
2025-02-06 08:00:00,158.880000,158.910000,158.380000,158.420000,4,2025-02-06
2025-02-06 12:00:00,158.410000,158.490010,157.929990,158.250000,4,2025-02-06
2025-02-06 16:00:00,158.259990,158.610000,158.089996,158.220000,4,2025-02-06
2025-02-06 20:00:00,158.220000,158.410000,157.710010,157.890000,4,2025-02-07
2025-02-07 00:00:00,157.899990,158.020004,157.240010,157.630000,4,2025-02-07
2025-02-07 04:00:00,157.620000,157.750000,157.039993,157.429990,4,2025-02-07
2025-02-07 08:00:00,157.420000,157.429990,156.759990,156.940000,4,2025-02-07
2025-02-07 12:00:00,156.940000,157.590000,156.929990,157.470000,4,2025-02-07
2025-02-07 16:00:00,157.470000,157.890000,157.259990,157.789990,4,2025-02-07
2025-02-07 20:00:00,157.789990,158.020004,157.679990,157.950000,2,2025-02-07
2025-02-10 08:00:00,155.620000,156.640000,155.560000,156.600010,3,2025-02-10
2025-02-10 12:00:00,156.600010,156.789990,156.570010,156.670000,4,2025-02-10
2025-02-10 16:00:00,156.670000,157.390000,156.560000,157.310000,4,2025-02-10
2025-02-10 20:00:00,157.300000,157.420000,156.820010,156.850010,4,2025-02-11
2025-02-11 00:00:00,156.860000,156.940000,156.289990,156.460010,4,2025-02-11
2025-02-11 04:00:00,156.460010,156.770000,156.460010,156.630000,4,2025-02-11
2025-02-11 08:00:00,156.630000,156.730000,156.259990,156.440000,4,2025-02-11
2025-02-11 12:00:00,156.429990,156.630000,156.380000,156.620000,4,2025-02-11
2025-02-11 16:00:00,156.620000,156.740010,156.330000,156.710010,4,2025-02-11
2025-02-11 20:00:00,156.700000,157.360000,156.670000,157.289990,4,2025-02-12
2025-02-12 00:00:00,157.280000,157.800000,157.170000,157.640000,4,2025-02-12
2025-02-12 04:00:00,157.640000,158.200000,157.580000,158.089996,4,2025-02-12
2025-02-12 08:00:00,158.089996,158.700000,157.880000,158.670000,4,2025-02-12
2025-02-12 12:00:00,158.660000,159.320010,158.509990,159.170000,4,2025-02-12
2025-02-12 16:00:00,159.170000,159.670000,158.970000,159.259990,4,2025-02-12
2025-02-12 20:00:00,159.270000,159.470000,159.059998,159.289990,4,2025-02-13
2025-02-13 00:00:00,159.289990,160.700000,158.980000,160.660000,4,2025-02-13
2025-02-13 04:00:00,160.679990,160.970000,160.330000,160.480000,4,2025-02-13
2025-02-13 08:00:00,160.490010,160.560000,160.200000,160.560000,4,2025-02-13
2025-02-13 12:00:00,160.570010,161.190000,160.380000,161.070007,4,2025-02-13
2025-02-13 16:00:00,161.070007,161.130000,160.380000,160.390000,4,2025-02-13
2025-02-13 20:00:00,160.390000,160.580000,159.720000,159.860000,4,2025-02-14
2025-02-14 00:00:00,159.860000,160.350010,159.320010,159.730000,4,2025-02-14
2025-02-14 04:00:00,159.730000,159.860000,159.020004,159.800000,4,2025-02-14
2025-02-14 08:00:00,159.789990,160.160000,159.600010,159.679990,4,2025-02-14
2025-02-14 12:00:00,159.660000,159.980000,159.480000,159.580000,4,2025-02-14
2025-02-14 16:00:00,159.580000,160.120000,159.440000,160.039993,4,2025-02-14
2025-02-14 20:00:00,160.029999,160.190000,159.620000,159.649990,2,2025-02-14
2025-02-17 08:00:00,159.649990,159.830000,159.259990,159.360000,3,2025-02-17
2025-02-17 12:00:00,159.360000,159.600010,159.070007,159.200000,4,2025-02-17
2025-02-17 16:00:00,159.200000,159.280000,158.920000,158.960010,4,2025-02-17
2025-02-17 20:00:00,158.960010,159.120000,158.539990,158.660000,4,2025-02-18
2025-02-18 00:00:00,158.679990,158.780000,158.530000,158.679990,4,2025-02-18
2025-02-18 04:00:00,158.690000,158.770000,158.649990,158.730000,4,2025-02-18
2025-02-18 08:00:00,158.730000,159.000000,158.550000,158.890000,4,2025-02-18
2025-02-18 12:00:00,158.899990,159.190000,158.750000,159.110000,4,2025-02-18
2025-02-18 16:00:00,159.100010,159.190000,158.840000,158.890000,4,2025-02-18
2025-02-18 20:00:00,158.890000,158.950000,158.610000,158.640000,4,2025-02-19
2025-02-19 00:00:00,158.640000,158.840000,158.370000,158.730000,4,2025-02-19
2025-02-19 04:00:00,158.720000,158.850010,158.539990,158.830000,4,2025-02-19
2025-02-19 08:00:00,158.820010,158.950000,158.600010,158.860000,4,2025-02-19
2025-02-19 12:00:00,158.860000,159.130000,158.500000,158.630000,4,2025-02-19
2025-02-19 16:00:00,158.630000,158.720000,158.399990,158.410000,4,2025-02-19
2025-02-19 20:00:00,158.410000,158.490010,158.089996,158.420000,4,2025-02-20
2025-02-20 00:00:00,158.420000,158.429990,157.710010,157.810000,4,2025-02-20
2025-02-20 04:00:00,157.810000,158.070007,157.750000,157.920000,4,2025-02-20
2025-02-20 08:00:00,157.910000,157.970000,157.340000,157.480000,4,2025-02-20
2025-02-20 12:00:00,157.480000,157.490010,156.670000,156.730000,4,2025-02-20
2025-02-20 16:00:00,156.720000,156.980000,156.330000,156.860000,4,2025-02-20
2025-02-20 20:00:00,156.870000,156.960010,156.550000,156.640000,4,2025-02-21
2025-02-21 00:00:00,156.640000,156.960010,156.320010,156.750000,4,2025-02-21
2025-02-21 04:00:00,156.750000,157.330000,156.720000,157.190000,4,2025-02-21
2025-02-21 08:00:00,157.179990,157.320010,156.850010,157.190000,4,2025-02-21
2025-02-21 12:00:00,157.190000,158.230000,157.160000,157.840000,4,2025-02-21
2025-02-21 16:00:00,157.840000,158.170000,157.470000,157.610000,4,2025-02-21
2025-02-21 20:00:00,157.660000,157.670000,157.380000,157.380000,2,2025-02-21
2025-02-24 08:00:00,156.330000,156.539990,156.130000,156.429990,3,2025-02-24
2025-02-24 12:00:00,156.450000,157.259990,156.450000,156.899990,4,2025-02-24
2025-02-24 16:00:00,156.899990,157.190000,156.360000,156.600010,4,2025-02-24
2025-02-24 20:00:00,156.590000,156.870000,156.530000,156.789990,4,2025-02-25
2025-02-25 00:00:00,156.789990,156.899990,156.089996,156.720000,4,2025-02-25
2025-02-25 04:00:00,156.720000,156.990010,156.580000,156.679990,4,2025-02-25
2025-02-25 08:00:00,156.690000,157.130000,156.640000,157.100010,4,2025-02-25
2025-02-25 12:00:00,157.110000,157.240010,156.550000,156.640000,4,2025-02-25
2025-02-25 16:00:00,156.640000,156.980000,156.089996,156.490010,4,2025-02-25
2025-02-25 20:00:00,156.490010,157.200000,156.470000,157.080002,4,2025-02-26
2025-02-26 00:00:00,157.080002,157.310000,156.170000,156.509990,4,2025-02-26
2025-02-26 04:00:00,156.509990,156.929990,156.280000,156.640000,4,2025-02-26
2025-02-26 08:00:00,156.630000,156.890000,156.420000,156.690000,4,2025-02-26
2025-02-26 12:00:00,156.690000,157.100010,156.480000,156.870000,4,2025-02-26
2025-02-26 16:00:00,156.870000,157.050003,156.670000,156.800000,4,2025-02-26
2025-02-26 20:00:00,156.800000,157.020004,156.620000,156.750000,4,2025-02-27
2025-02-27 00:00:00,156.759990,157.130000,156.640000,156.800000,4,2025-02-27
2025-02-27 04:00:00,156.800000,156.960010,156.029999,156.270000,4,2025-02-27
2025-02-27 08:00:00,156.280000,156.429990,156.000000,156.259990,4,2025-02-27
2025-02-27 12:00:00,156.259990,156.550000,155.950000,156.000000,4,2025-02-27
2025-02-27 16:00:00,156.009995,156.890000,156.000000,156.880000,4,2025-02-27
2025-02-27 20:00:00,156.880000,157.220000,156.690000,156.789990,4,2025-02-28
2025-02-28 00:00:00,156.789990,156.850010,155.759990,156.009995,4,2025-02-28
2025-02-28 04:00:00,156.020004,156.399990,155.660000,155.759990,4,2025-02-28
2025-02-28 08:00:00,155.770000,156.059998,155.350010,155.380000,4,2025-02-28
2025-02-28 12:00:00,155.399990,155.550000,154.800000,155.390000,4,2025-02-28
2025-02-28 16:00:00,155.390000,156.780000,155.380000,156.610000,4,2025-02-28
2025-02-28 20:00:00,156.610000,156.730000,156.130000,156.380000,2,2025-02-28
2025-03-03 08:00:00,156.820010,157.300000,156.679990,156.710010,3,2025-03-03
2025-03-03 12:00:00,156.720000,157.029999,156.450000,156.620000,4,2025-03-03
2025-03-03 16:00:00,156.630000,156.810000,155.920000,156.130000,4,2025-03-03
2025-03-03 20:00:00,156.140000,158.470000,156.120000,158.350010,4,2025-03-04
2025-03-04 00:00:00,158.360000,158.410000,157.450000,157.620000,4,2025-03-04
2025-03-04 04:00:00,157.600010,157.700000,156.089996,156.630000,4,2025-03-04
2025-03-04 08:00:00,156.610000,157.000000,156.140000,156.440000,4,2025-03-04
2025-03-04 12:00:00,156.440000,156.620000,155.940000,156.280000,4,2025-03-04
2025-03-04 16:00:00,156.300000,157.210010,156.140000,156.830000,4,2025-03-04
2025-03-04 20:00:00,156.800000,156.929990,156.089996,156.429990,4,2025-03-05
2025-03-05 00:00:00,156.410000,156.840000,155.590000,156.759990,4,2025-03-05
2025-03-05 04:00:00,156.750000,158.820010,156.640000,158.179990,4,2025-03-05
2025-03-05 08:00:00,158.190000,159.520000,158.149990,159.230000,4,2025-03-05
2025-03-05 12:00:00,159.210010,159.530000,158.750000,159.100010,4,2025-03-05
2025-03-05 16:00:00,159.100010,159.940000,158.950000,159.640000,4,2025-03-05
2025-03-05 20:00:00,159.640000,160.170000,159.470000,159.910000,4,2025-03-06
2025-03-06 00:00:00,159.950000,160.520000,159.520000,160.259990,4,2025-03-06
2025-03-06 04:00:00,160.250000,160.720000,160.110000,160.679990,4,2025-03-06
2025-03-06 08:00:00,160.670000,161.240010,160.480000,161.009995,4,2025-03-06
2025-03-06 12:00:00,161.000000,161.280000,160.899990,161.179990,4,2025-03-06
2025-03-06 16:00:00,161.190000,161.210010,159.910000,160.029999,4,2025-03-06
2025-03-06 20:00:00,159.990010,159.990010,159.300000,159.420000,4,2025-03-07
2025-03-07 00:00:00,159.420000,160.710010,159.179990,160.009995,4,2025-03-07
2025-03-07 04:00:00,160.009995,160.190000,159.120000,159.440000,4,2025-03-07
2025-03-07 08:00:00,159.440000,159.820010,159.330000,159.620000,4,2025-03-07
2025-03-07 12:00:00,159.620000,159.780000,159.280000,159.679990,4,2025-03-07
2025-03-07 16:00:00,159.670000,160.210010,159.370000,159.880000,4,2025-03-07
2025-03-07 20:00:00,159.880000,160.330000,159.810000,160.259990,2,2025-03-07
2025-03-10 08:00:00,160.070007,160.380000,159.910000,160.029999,3,2025-03-10
2025-03-10 12:00:00,160.000000,160.190000,159.780000,159.899990,4,2025-03-10
2025-03-10 16:00:00,159.899990,160.230000,159.039993,159.110000,4,2025-03-10
2025-03-10 20:00:00,159.110000,159.950000,158.899990,159.429990,4,2025-03-11
2025-03-11 00:00:00,159.429990,159.700000,158.940000,159.490010,4,2025-03-11
2025-03-11 04:00:00,159.490010,159.630000,159.149990,159.550000,4,2025-03-11
2025-03-11 08:00:00,159.550000,159.550000,158.980000,159.250000,4,2025-03-11
2025-03-11 12:00:00,159.250000,159.840000,159.020004,159.530000,4,2025-03-11
2025-03-11 16:00:00,159.530000,160.800000,159.440000,160.800000,4,2025-03-11
2025-03-11 20:00:00,160.789990,161.480000,160.509990,161.330000,4,2025-03-12
2025-03-12 00:00:00,161.360000,161.730000,160.630000,160.920000,4,2025-03-12
2025-03-12 04:00:00,160.910000,161.789990,160.660000,161.360000,4,2025-03-12
2025-03-12 08:00:00,161.390000,161.690000,161.120000,161.600010,4,2025-03-12
2025-03-12 12:00:00,161.610000,161.610000,161.210010,161.470000,4,2025-03-12
2025-03-12 16:00:00,161.470000,162.039993,161.330000,162.009995,4,2025-03-12
2025-03-12 20:00:00,162.009995,162.360000,161.910000,162.230000,4,2025-03-13
2025-03-13 00:00:00,162.220000,162.300000,161.630000,161.720000,4,2025-03-13
2025-03-13 04:00:00,161.720000,161.830000,161.340000,161.410000,4,2025-03-13
2025-03-13 08:00:00,161.410000,161.500000,161.240010,161.320010,4,2025-03-13
2025-03-13 12:00:00,161.310000,161.520000,160.950000,161.059998,4,2025-03-13
2025-03-13 16:00:00,161.059998,161.089996,160.429990,160.840000,4,2025-03-13
2025-03-13 20:00:00,160.830000,161.270000,160.360000,160.580000,4,2025-03-14
2025-03-14 00:00:00,160.580000,160.990010,160.300000,160.470000,4,2025-03-14
2025-03-14 04:00:00,160.470000,160.490010,160.059998,160.429990,4,2025-03-14
2025-03-14 08:00:00,160.420000,160.990010,160.289990,160.890000,4,2025-03-14
2025-03-14 12:00:00,160.890000,161.020004,160.600010,160.990010,4,2025-03-14
2025-03-14 16:00:00,160.990010,161.620000,160.990010,161.590000,4,2025-03-14
2025-03-14 20:00:00,161.600010,161.730000,161.520000,161.670000,1,2025-03-14
2025-03-17 08:00:00,161.870000,161.950000,161.560000,161.880000,3,2025-03-17
2025-03-17 12:00:00,161.890000,162.259990,161.640000,162.179990,4,2025-03-17
2025-03-17 16:00:00,162.190000,162.200000,161.720000,162.089996,4,2025-03-17
2025-03-17 20:00:00,162.089996,162.280000,161.759990,162.240010,4,2025-03-18
2025-03-18 00:00:00,162.250000,162.560000,162.120000,162.429990,4,2025-03-18
2025-03-18 04:00:00,162.429990,163.050003,162.380000,162.980000,4,2025-03-18
2025-03-18 08:00:00,163.000000,163.200000,162.860000,163.170000,4,2025-03-18
2025-03-18 12:00:00,163.170000,163.360000,163.070007,163.200000,4,2025-03-18
2025-03-18 16:00:00,163.200000,164.190000,163.149990,164.009995,4,2025-03-18
2025-03-18 20:00:00,164.020004,164.070007,163.330000,163.509990,4,2025-03-19
2025-03-19 00:00:00,163.509990,163.660000,163.020004,163.460010,4,2025-03-19
2025-03-19 04:00:00,163.450000,163.550000,163.179990,163.390000,4,2025-03-19
2025-03-19 08:00:00,163.390000,163.679990,163.280000,163.620000,4,2025-03-19
2025-03-19 12:00:00,163.620000,163.660000,163.270000,163.470000,4,2025-03-19
2025-03-19 16:00:00,163.480000,163.880000,162.200000,163.230000,4,2025-03-19
2025-03-19 20:00:00,163.230000,163.560000,163.029999,163.320010,4,2025-03-20
2025-03-20 00:00:00,163.330000,163.660000,163.059998,163.240010,4,2025-03-20
2025-03-20 04:00:00,163.240010,163.240010,162.080002,162.149990,4,2025-03-20
2025-03-20 08:00:00,162.140000,162.340000,161.789990,161.840000,4,2025-03-20
2025-03-20 12:00:00,161.840000,161.980000,161.670000,161.800000,4,2025-03-20
2025-03-20 16:00:00,161.800000,161.800000,161.340000,161.399990,4,2025-03-20
2025-03-20 20:00:00,161.399990,161.520000,160.850010,160.950000,4,2025-03-21
2025-03-21 00:00:00,160.940000,161.590000,160.740010,161.380000,4,2025-03-21
2025-03-21 04:00:00,161.380000,161.570010,161.300000,161.380000,4,2025-03-21
2025-03-21 08:00:00,161.420000,161.740010,161.300000,161.710010,4,2025-03-21
2025-03-21 12:00:00,161.700000,161.920000,161.550000,161.820010,4,2025-03-21
2025-03-21 16:00:00,161.810000,162.130000,161.610000,161.980000,4,2025-03-21
2025-03-21 20:00:00,161.980000,161.980000,161.670000,161.720000,1,2025-03-21
2025-03-24 08:00:00,161.600010,162.310000,161.600010,162.280000,3,2025-03-24
2025-03-24 12:00:00,162.280000,162.320010,162.000000,162.100010,4,2025-03-24
2025-03-24 16:00:00,162.089996,162.580000,162.029999,162.240010,4,2025-03-24
2025-03-24 20:00:00,162.230000,162.399990,161.940000,162.259990,4,2025-03-25
2025-03-25 00:00:00,162.250000,162.820010,162.009995,162.500000,4,2025-03-25
2025-03-25 04:00:00,162.500000,162.830000,162.370000,162.770000,4,2025-03-25
2025-03-25 08:00:00,162.730000,163.029999,162.690000,163.009995,4,2025-03-25
2025-03-25 12:00:00,163.009995,163.029999,162.630000,162.660000,4,2025-03-25
2025-03-25 16:00:00,162.660000,162.670000,162.320010,162.539990,4,2025-03-25
2025-03-25 20:00:00,162.530000,162.679990,162.240010,162.350010,4,2025-03-26
2025-03-26 00:00:00,162.340000,162.350010,161.620000,161.860000,4,2025-03-26
2025-03-26 04:00:00,161.860000,162.009995,161.750000,161.770000,4,2025-03-26
2025-03-26 08:00:00,161.750000,161.980000,161.679990,161.950000,4,2025-03-26
2025-03-26 12:00:00,161.960010,162.350010,161.820010,162.350010,4,2025-03-26
2025-03-26 16:00:00,162.350010,162.440000,161.970000,162.120000,4,2025-03-26
2025-03-26 20:00:00,162.120000,162.230000,161.980000,162.190000,4,2025-03-27
2025-03-27 00:00:00,162.190000,162.610000,162.000000,162.429990,4,2025-03-27
2025-03-27 04:00:00,162.429990,162.530000,161.640000,161.910000,4,2025-03-27
2025-03-27 08:00:00,161.929990,161.960010,161.380000,161.860000,4,2025-03-27
2025-03-27 12:00:00,161.860000,161.960010,161.550000,161.920000,4,2025-03-27
2025-03-27 16:00:00,161.920000,162.320010,161.670000,162.320010,4,2025-03-27
2025-03-27 20:00:00,162.320010,162.990010,162.259990,162.600010,4,2025-03-28
2025-03-28 00:00:00,162.600010,163.170000,162.410000,163.070007,4,2025-03-28
2025-03-28 04:00:00,163.080002,163.360000,163.009995,163.160000,4,2025-03-28
2025-03-28 08:00:00,163.149990,163.170000,162.850010,162.970000,4,2025-03-28
2025-03-28 12:00:00,162.960010,163.000000,162.670000,162.770000,4,2025-03-28
2025-03-28 16:00:00,162.789990,162.830000,162.070007,162.250000,4,2025-03-28
2025-03-28 20:00:00,162.259990,162.370000,162.160000,162.230000,1,2025-03-28
2025-03-31 08:00:00,161.870000,162.050003,161.490010,161.860000,3,2025-03-31
2025-03-31 12:00:00,161.870000,161.970000,161.179990,161.520000,4,2025-03-31
2025-03-31 16:00:00,161.520000,161.750000,161.050003,161.390000,4,2025-03-31
2025-03-31 20:00:00,161.370000,161.720000,161.259990,161.630000,4,2025-04-01
2025-04-01 00:00:00,161.620000,162.190000,161.420000,162.070007,4,2025-04-01
2025-04-01 04:00:00,162.059998,162.480000,162.050003,162.240010,4,2025-04-01
2025-04-01 08:00:00,162.280000,162.390000,162.029999,162.100010,4,2025-04-01
2025-04-01 12:00:00,162.089996,162.240010,161.899990,161.899990,4,2025-04-01
2025-04-01 16:00:00,161.899990,162.130000,161.530000,161.899990,4,2025-04-01
2025-04-01 20:00:00,161.910000,162.029999,160.780000,161.149990,4,2025-04-02
2025-04-02 00:00:00,161.160000,161.660000,161.009995,161.470000,4,2025-04-02
2025-04-02 04:00:00,161.480000,161.560000,161.070007,161.460010,4,2025-04-02
2025-04-02 08:00:00,161.420000,161.950000,161.390000,161.640000,4,2025-04-02
2025-04-02 12:00:00,161.640000,161.870000,161.630000,161.780000,4,2025-04-02
2025-04-02 16:00:00,161.789990,161.899990,161.370000,161.590000,4,2025-04-02
2025-04-02 20:00:00,161.590000,161.700000,161.110000,161.399990,4,2025-04-03
2025-04-03 00:00:00,161.390000,163.039993,161.340000,163.000000,4,2025-04-03
2025-04-03 04:00:00,162.990010,164.179990,161.399990,162.020004,4,2025-04-03
2025-04-03 08:00:00,162.029999,162.029999,160.130000,161.059998,4,2025-04-03
2025-04-03 12:00:00,161.059998,161.399990,160.640000,160.940000,4,2025-04-03
2025-04-03 16:00:00,160.950000,161.940000,160.840000,161.630000,4,2025-04-03
2025-04-03 20:00:00,161.630000,163.050003,161.450000,161.679990,4,2025-04-04
2025-04-04 00:00:00,161.670000,162.110000,161.149990,161.340000,4,2025-04-04
2025-04-04 04:00:00,161.330000,161.679990,160.990010,161.440000,4,2025-04-04
2025-04-04 08:00:00,161.440000,161.690000,160.960010,161.450000,4,2025-04-04
2025-04-04 12:00:00,161.450000,162.000000,161.160000,161.240010,4,2025-04-04
2025-04-04 16:00:00,161.240010,161.730000,160.660000,161.000000,4,2025-04-04
2025-04-04 20:00:00,161.029999,161.029999,160.560000,160.740010,1,2025-04-04
2025-04-07 08:00:00,159.429990,160.560000,159.179990,160.340000,3,2025-04-07
2025-04-07 12:00:00,160.330000,160.730000,160.039993,160.590000,4,2025-04-07
2025-04-07 16:00:00,160.530000,160.940000,159.759990,160.080002,4,2025-04-07
2025-04-07 20:00:00,160.089996,161.539990,159.970000,160.899990,4,2025-04-08
2025-04-08 00:00:00,160.890000,162.390000,160.730000,161.830000,4,2025-04-08
2025-04-08 04:00:00,161.830000,161.970000,161.149990,161.230000,4,2025-04-08
2025-04-08 08:00:00,161.230000,161.770000,161.200000,161.700000,4,2025-04-08
2025-04-08 12:00:00,161.710010,162.210010,161.539990,161.890000,4,2025-04-08
2025-04-08 16:00:00,161.890000,162.050003,160.730000,160.730000,4,2025-04-08
2025-04-08 20:00:00,160.730000,161.190000,160.450000,161.140000,4,2025-04-09
2025-04-09 00:00:00,161.160000,161.179990,160.039993,160.340000,4,2025-04-09
2025-04-09 04:00:00,160.340000,160.810000,160.020004,160.360000,4,2025-04-09
2025-04-09 08:00:00,160.380000,160.649990,159.640000,160.420000,4,2025-04-09
2025-04-09 12:00:00,160.429990,160.800000,159.890000,160.509990,4,2025-04-09
2025-04-09 16:00:00,160.520000,160.890000,160.009995,160.550000,4,2025-04-09
2025-04-09 20:00:00,160.560000,160.600010,159.480000,160.080002,4,2025-04-10
2025-04-10 00:00:00,160.080002,161.640000,159.509990,161.450000,4,2025-04-10
2025-04-10 04:00:00,161.470000,162.200000,161.350010,161.420000,4,2025-04-10
2025-04-10 08:00:00,161.450000,161.730000,161.070007,161.230000,4,2025-04-10
2025-04-10 12:00:00,161.230000,161.310000,160.870000,161.059998,4,2025-04-10
2025-04-10 16:00:00,161.070007,161.740010,161.029999,161.490010,4,2025-04-10
2025-04-10 20:00:00,161.500000,161.620000,160.960010,161.140000,4,2025-04-11
2025-04-11 00:00:00,161.130000,162.310000,161.130000,162.270000,4,2025-04-11
2025-04-11 04:00:00,162.280000,162.580000,161.620000,161.750000,4,2025-04-11
2025-04-11 08:00:00,161.830000,162.640000,161.310000,162.280000,4,2025-04-11
2025-04-11 12:00:00,162.289990,162.600010,161.710010,162.059998,4,2025-04-11
2025-04-11 16:00:00,162.050003,163.130000,161.929990,162.270000,4,2025-04-11
2025-04-11 20:00:00,162.270000,162.440000,161.910000,162.100010,1,2025-04-11
2025-04-14 08:00:00,162.804990,163.126010,162.093994,162.444000,3,2025-04-14
2025-04-14 12:00:00,162.449010,162.782000,162.424000,162.535000,4,2025-04-14
2025-04-14 16:00:00,162.537990,163.097000,162.392000,162.910000,4,2025-04-14
2025-04-14 20:00:00,162.909000,163.170000,162.558000,162.692990,4,2025-04-15
2025-04-15 00:00:00,162.697010,162.962010,162.078003,162.217000,4,2025-04-15
2025-04-15 04:00:00,162.215000,162.580990,162.161000,162.322010,4,2025-04-15
2025-04-15 08:00:00,162.320010,162.628010,162.285000,162.369000,4,2025-04-15
2025-04-15 12:00:00,162.360000,162.600010,162.203000,162.394000,4,2025-04-15
2025-04-15 16:00:00,162.391010,162.799000,161.785000,162.061996,4,2025-04-15
2025-04-15 20:00:00,162.059998,162.162000,161.552990,161.886990,4,2025-04-16
2025-04-16 00:00:00,161.892000,161.908000,161.299000,161.330000,4,2025-04-16
2025-04-16 04:00:00,161.332000,161.661000,161.289990,161.466000,4,2025-04-16
2025-04-16 08:00:00,161.467000,161.880000,161.279010,161.641010,4,2025-04-16
2025-04-16 12:00:00,161.641010,161.860990,161.381000,161.694000,4,2025-04-16
2025-04-16 16:00:00,161.690000,162.310000,161.565000,162.188000,4,2025-04-16
2025-04-16 20:00:00,162.190990,162.266010,161.616000,161.830990,4,2025-04-17
2025-04-17 00:00:00,161.832000,162.345000,161.779010,161.856000,4,2025-04-17
2025-04-17 04:00:00,161.855000,161.948000,161.412990,161.516010,4,2025-04-17
2025-04-17 08:00:00,161.522990,162.237000,161.483990,162.174000,4,2025-04-17
2025-04-17 12:00:00,162.172000,162.266010,161.899990,162.003998,4,2025-04-17
2025-04-17 16:00:00,162.000000,162.634000,161.957000,162.324010,4,2025-04-17
2025-04-17 20:00:00,162.328000,162.379000,161.440990,161.457990,4,2025-04-18
2025-04-18 00:00:00,161.452000,161.897000,161.240010,161.780000,4,2025-04-18
2025-04-18 04:00:00,161.782000,162.033005,161.662990,161.873000,4,2025-04-18
2025-04-18 08:00:00,161.884000,162.098007,161.656010,161.845990,4,2025-04-18
2025-04-18 12:00:00,161.838000,161.948000,161.679990,161.843000,4,2025-04-18
2025-04-18 16:00:00,161.843000,161.952000,161.649000,161.856990,4,2025-04-18
2025-04-18 20:00:00,161.841000,161.936000,161.770000,161.908000,1,2025-04-18
2025-04-21 08:00:00,162.037003,162.233000,161.791000,161.798000,3,2025-04-21
2025-04-21 12:00:00,161.800000,162.336000,161.638000,162.186000,4,2025-04-21
2025-04-21 16:00:00,162.182010,162.670000,161.942990,162.412990,4,2025-04-21
2025-04-21 20:00:00,162.411000,162.565990,162.072006,162.118000,4,2025-04-22
2025-04-22 00:00:00,162.117000,162.179000,161.776000,161.934010,4,2025-04-22
2025-04-22 04:00:00,161.935000,162.261990,161.894000,162.000000,4,2025-04-22
2025-04-22 08:00:00,162.052002,162.317000,161.778000,161.918000,4,2025-04-22
2025-04-22 12:00:00,161.916000,161.959000,161.498990,161.504000,4,2025-04-22
2025-04-22 16:00:00,161.504000,161.705990,161.252000,161.384990,4,2025-04-22
2025-04-22 20:00:00,161.386000,161.600010,160.981000,161.511000,4,2025-04-23
2025-04-23 00:00:00,161.514010,161.679990,161.352010,161.574010,4,2025-04-23
2025-04-23 04:00:00,161.574010,162.035004,161.498990,161.980000,4,2025-04-23
2025-04-23 08:00:00,161.966000,162.440000,161.660000,161.710010,4,2025-04-23
2025-04-23 12:00:00,161.711000,161.855000,161.533000,161.636000,4,2025-04-23
2025-04-23 16:00:00,161.636000,162.123000,161.147000,162.003998,4,2025-04-23
2025-04-23 20:00:00,162.003006,162.078003,161.575000,161.716000,4,2025-04-24
2025-04-24 00:00:00,161.707990,162.354000,161.659000,162.282000,4,2025-04-24
2025-04-24 04:00:00,162.282000,162.463000,161.800000,162.035004,4,2025-04-24
2025-04-24 08:00:00,162.031998,162.386000,161.929990,162.026993,4,2025-04-24
2025-04-24 12:00:00,162.026993,162.156010,161.838000,161.865010,4,2025-04-24
2025-04-24 16:00:00,161.866000,162.384000,161.863010,162.172000,4,2025-04-24
2025-04-24 20:00:00,162.175000,162.210010,161.860990,162.100010,4,2025-04-25
2025-04-25 00:00:00,162.098999,162.397990,161.924000,162.335010,4,2025-04-25
2025-04-25 04:00:00,162.336000,162.559010,162.229000,162.450000,4,2025-04-25
2025-04-25 08:00:00,162.446000,162.612000,162.177990,162.185000,4,2025-04-25
2025-04-25 12:00:00,162.182010,162.980000,162.123000,162.752000,4,2025-04-25
2025-04-25 16:00:00,162.753010,163.149000,162.656010,162.953000,4,2025-04-25
2025-04-25 20:00:00,162.953990,163.067993,162.673000,162.735990,1,2025-04-25
2025-04-28 08:00:00,163.182010,163.240010,162.884000,163.130000,3,2025-04-28
2025-04-28 12:00:00,163.134000,163.300000,162.940000,163.216000,4,2025-04-28
2025-04-28 16:00:00,163.217000,163.328990,162.746000,162.817990,4,2025-04-28
2025-04-28 20:00:00,162.819000,162.942000,162.550000,162.613010,4,2025-04-29
2025-04-29 00:00:00,162.610000,162.769000,162.259000,162.311000,4,2025-04-29
2025-04-29 04:00:00,162.310000,162.419010,162.054001,162.233990,4,2025-04-29
2025-04-29 08:00:00,162.235990,162.365010,162.020996,162.224000,4,2025-04-29
2025-04-29 12:00:00,162.223010,162.317990,162.078995,162.183000,4,2025-04-29
2025-04-29 16:00:00,162.185000,162.557010,162.103000,162.427000,4,2025-04-29
2025-04-29 20:00:00,162.427000,162.463000,162.003998,162.089996,4,2025-04-30
2025-04-30 00:00:00,162.070007,162.205990,161.884000,161.991000,4,2025-04-30
2025-04-30 04:00:00,161.987000,162.185000,161.707990,161.901990,4,2025-04-30
2025-04-30 08:00:00,161.908000,162.154010,161.712010,161.727010,4,2025-04-30
2025-04-30 12:00:00,161.727010,162.200000,161.718000,162.120000,4,2025-04-30
2025-04-30 16:00:00,162.132000,162.707000,162.098007,162.529010,4,2025-04-30
2025-04-30 20:00:00,162.530000,162.681000,162.078003,162.156010,4,2025-05-01
2025-05-01 00:00:00,162.156010,162.480000,161.703000,161.981000,4,2025-05-01
2025-05-01 04:00:00,161.981000,162.254000,161.798000,161.944000,4,2025-05-01
2025-05-01 08:00:00,161.886990,162.098007,161.795000,161.955000,4,2025-05-01
2025-05-01 12:00:00,161.949010,162.870000,161.792010,162.789990,4,2025-05-01
2025-05-01 16:00:00,162.791000,163.485000,162.780000,163.386000,4,2025-05-01
2025-05-01 20:00:00,163.386990,163.860990,163.348010,163.647990,4,2025-05-02
2025-05-02 00:00:00,163.633000,164.276000,163.603000,164.216000,4,2025-05-02
2025-05-02 04:00:00,164.218990,164.455990,163.968000,164.013000,4,2025-05-02
2025-05-02 08:00:00,164.013000,164.634000,163.994000,164.296010,4,2025-05-02
2025-05-02 12:00:00,164.295000,164.393010,164.202000,164.265000,4,2025-05-02
2025-05-02 16:00:00,164.265000,164.519000,163.987000,164.113010,4,2025-05-02
2025-05-02 20:00:00,164.117000,164.179990,163.934010,163.945010,1,2025-05-02
2025-05-05 08:00:00,163.670000,163.858000,163.404010,163.496990,3,2025-05-05
2025-05-05 12:00:00,163.492000,163.562000,163.362000,163.414000,4,2025-05-05
2025-05-05 16:00:00,163.412990,163.519000,163.067001,163.168000,4,2025-05-05
2025-05-05 20:00:00,163.162990,163.360000,163.035995,163.098007,4,2025-05-06
2025-05-06 00:00:00,163.072006,163.302000,162.772000,162.837010,4,2025-05-06
2025-05-06 04:00:00,162.835010,162.932010,162.518010,162.621990,4,2025-05-06
2025-05-06 08:00:00,162.618000,162.786000,162.378010,162.677990,4,2025-05-06
2025-05-06 12:00:00,162.677000,162.766010,162.521000,162.742000,4,2025-05-06
2025-05-06 16:00:00,162.746990,162.950000,162.007004,162.097000,4,2025-05-06
2025-05-06 20:00:00,162.095001,162.140000,161.592000,161.740010,4,2025-05-07
2025-05-07 00:00:00,161.739000,162.136990,161.679000,161.952000,4,2025-05-07
2025-05-07 04:00:00,161.952000,162.078995,161.792010,161.927990,4,2025-05-07
2025-05-07 08:00:00,161.932010,162.490010,161.912000,162.177000,4,2025-05-07
2025-05-07 12:00:00,162.174000,162.605000,162.174000,162.584000,4,2025-05-07
2025-05-07 16:00:00,162.584000,163.014999,162.448000,162.757000,4,2025-05-07
2025-05-07 20:00:00,162.759000,162.981000,162.616000,162.784000,4,2025-05-08
2025-05-08 00:00:00,162.782000,162.901000,162.529010,162.623000,4,2025-05-08
2025-05-08 04:00:00,162.623990,162.860000,162.379000,162.603000,4,2025-05-08
2025-05-08 08:00:00,162.629000,162.776000,162.463000,162.615010,4,2025-05-08
2025-05-08 12:00:00,162.613010,162.800000,162.574010,162.687000,4,2025-05-08
2025-05-08 16:00:00,162.686000,163.620000,162.578000,163.397000,4,2025-05-08
2025-05-08 20:00:00,163.397000,163.662990,163.246990,163.414990,4,2025-05-09
2025-05-09 00:00:00,163.416000,163.733990,163.408000,163.584000,4,2025-05-09
2025-05-09 04:00:00,163.587010,163.901990,163.556000,163.804000,4,2025-05-09
2025-05-09 08:00:00,163.800000,163.940000,163.394000,163.414000,4,2025-05-09
2025-05-09 12:00:00,163.416000,163.541000,163.302000,163.394000,4,2025-05-09
2025-05-09 16:00:00,163.395000,163.534000,163.228000,163.416000,4,2025-05-09
2025-05-09 20:00:00,163.417010,163.485990,163.350010,163.388000,1,2025-05-09
2025-05-12 08:00:00,163.703990,164.205000,163.660000,164.007004,3,2025-05-12
2025-05-12 12:00:00,164.007996,164.013000,163.684010,163.850010,4,2025-05-12
2025-05-12 16:00:00,163.852010,164.684010,163.784000,164.627000,4,2025-05-12
2025-05-12 20:00:00,164.629000,164.718990,164.276000,164.653000,4,2025-05-13
2025-05-13 00:00:00,164.654010,164.920000,164.427000,164.521000,4,2025-05-13
2025-05-13 04:00:00,164.519000,164.688000,164.355000,164.522000,4,2025-05-13
2025-05-13 08:00:00,164.522000,164.662000,164.127000,164.195010,4,2025-05-13
2025-05-13 12:00:00,164.195010,164.338000,164.133000,164.227010,4,2025-05-13
2025-05-13 16:00:00,164.229000,164.487000,164.179990,164.356000,4,2025-05-13
2025-05-13 20:00:00,164.358000,164.798000,164.296010,164.674000,4,2025-05-14
2025-05-14 00:00:00,164.674000,165.209000,164.642000,164.980000,4,2025-05-14
2025-05-14 04:00:00,164.981990,165.059006,164.873000,164.948000,4,2025-05-14
2025-05-14 08:00:00,164.940000,165.162000,164.595000,164.695010,4,2025-05-14
2025-05-14 12:00:00,164.692000,164.742000,164.300990,164.507000,4,2025-05-14
2025-05-14 16:00:00,164.506000,164.834000,163.968000,164.145000,4,2025-05-14
2025-05-14 20:00:00,164.144000,164.168000,163.733990,163.804990,4,2025-05-15
2025-05-15 00:00:00,163.804000,164.427000,163.727010,164.003006,4,2025-05-15
2025-05-15 04:00:00,164.003998,164.098007,163.718000,163.845990,4,2025-05-15
2025-05-15 08:00:00,163.856000,164.063995,163.554990,163.744000,4,2025-05-15
2025-05-15 12:00:00,163.744000,163.832000,163.328990,163.397990,4,2025-05-15
2025-05-15 16:00:00,163.397000,163.539990,163.257000,163.481000,4,2025-05-15
2025-05-15 20:00:00,163.481990,163.578990,163.196000,163.302000,4,2025-05-16
2025-05-16 00:00:00,163.302990,163.358000,162.741000,162.824010,4,2025-05-16
2025-05-16 04:00:00,162.823000,163.028000,162.751010,162.863010,4,2025-05-16
2025-05-16 08:00:00,162.899990,163.018997,162.452000,162.651990,4,2025-05-16
2025-05-16 12:00:00,162.649990,162.923000,162.600010,162.875000,4,2025-05-16
2025-05-16 16:00:00,162.878010,163.022995,162.526000,162.947010,4,2025-05-16
2025-05-16 20:00:00,162.947010,162.998000,162.804000,162.989000,1,2025-05-16
2025-05-19 08:00:00,162.435000,162.654010,162.140000,162.202000,3,2025-05-19
2025-05-19 12:00:00,162.199010,162.537990,162.187000,162.369000,4,2025-05-19
2025-05-19 16:00:00,162.370000,163.388000,162.334000,163.356000,4,2025-05-19
2025-05-19 20:00:00,163.358000,163.383000,163.112000,163.131000,4,2025-05-20
2025-05-20 00:00:00,163.128010,163.281010,162.832000,162.882000,4,2025-05-20
2025-05-20 04:00:00,162.880000,162.909000,162.697010,162.864000,4,2025-05-20
2025-05-20 08:00:00,162.839000,163.280000,162.731000,162.840000,4,2025-05-20
2025-05-20 12:00:00,162.835010,163.132000,162.412990,162.490010,4,2025-05-20
2025-05-20 16:00:00,162.489000,162.765000,162.422000,162.617000,4,2025-05-20
2025-05-20 20:00:00,162.618000,162.981000,162.455990,162.895000,4,2025-05-21
2025-05-21 00:00:00,162.897000,163.155000,162.786000,163.067001,4,2025-05-21
2025-05-21 04:00:00,163.063004,163.134000,162.875000,162.968000,4,2025-05-21
2025-05-21 08:00:00,162.975010,163.037003,162.679990,162.929990,4,2025-05-21
2025-05-21 12:00:00,162.935000,163.087006,162.658000,162.689000,4,2025-05-21
2025-05-21 16:00:00,162.690000,163.252000,162.684010,163.198000,4,2025-05-21
2025-05-21 20:00:00,163.199010,163.302000,162.694000,162.924000,4,2025-05-22
2025-05-22 00:00:00,162.925000,163.106000,162.716000,162.830000,4,2025-05-22
2025-05-22 04:00:00,162.830000,162.838000,162.560000,162.724000,4,2025-05-22
2025-05-22 08:00:00,162.726000,163.412000,162.366000,162.522990,4,2025-05-22
2025-05-22 12:00:00,162.524000,162.570010,162.294010,162.485990,4,2025-05-22
2025-05-22 16:00:00,162.487000,162.487000,161.799000,162.046005,4,2025-05-22
2025-05-22 20:00:00,162.046005,162.435000,161.949010,162.343990,4,2025-05-23
2025-05-23 00:00:00,162.343990,162.542010,162.057999,162.496990,4,2025-05-23
2025-05-23 04:00:00,162.496000,162.606000,162.350010,162.478000,4,2025-05-23
2025-05-23 08:00:00,162.448000,162.629000,162.218000,162.468990,4,2025-05-23
2025-05-23 12:00:00,162.475010,162.502000,162.199010,162.397000,4,2025-05-23
2025-05-23 16:00:00,162.393010,162.662000,162.231990,162.640000,4,2025-05-23
2025-05-23 20:00:00,162.641010,162.748000,162.630000,162.705000,1,2025-05-23
2025-05-26 08:00:00,162.401000,162.606990,162.388000,162.478000,3,2025-05-26
2025-05-26 12:00:00,162.476000,162.815990,162.370000,162.713000,4,2025-05-26
2025-05-26 16:00:00,162.710010,162.976000,162.536000,162.574010,4,2025-05-26
2025-05-26 20:00:00,162.573000,162.681000,162.531010,162.567000,4,2025-05-27
2025-05-27 00:00:00,162.565000,162.588000,162.429990,162.478000,4,2025-05-27
2025-05-27 04:00:00,162.478000,162.758000,162.446000,162.522000,4,2025-05-27
2025-05-27 08:00:00,162.524000,162.586000,162.085007,162.131000,4,2025-05-27
2025-05-27 12:00:00,162.136990,163.063004,162.089996,163.007996,4,2025-05-27
2025-05-27 16:00:00,163.014008,163.437000,162.856000,163.319000,4,2025-05-27
2025-05-27 20:00:00,163.317990,163.808000,163.294010,163.724000,4,2025-05-28
2025-05-28 00:00:00,163.724000,163.942000,163.496000,163.552990,4,2025-05-28
2025-05-28 04:00:00,163.550990,163.644000,163.407000,163.468990,4,2025-05-28
2025-05-28 08:00:00,163.468990,163.832000,163.187000,163.353000,4,2025-05-28
2025-05-28 12:00:00,163.354000,163.601000,163.174000,163.240010,4,2025-05-28
2025-05-28 16:00:00,163.243000,163.524990,163.069000,163.455000,4,2025-05-28
2025-05-28 20:00:00,163.455000,163.907000,163.314000,163.851000,4,2025-05-29
2025-05-29 00:00:00,163.854000,163.888000,163.591000,163.595990,4,2025-05-29
2025-05-29 04:00:00,163.595000,163.658000,163.418000,163.487000,4,2025-05-29
2025-05-29 08:00:00,163.548000,164.199010,163.509990,164.022003,4,2025-05-29
2025-05-29 12:00:00,164.026993,164.128010,163.845990,164.084000,4,2025-05-29
2025-05-29 16:00:00,164.080994,164.258000,163.610000,163.776990,4,2025-05-29
2025-05-29 20:00:00,163.776000,164.024994,163.342000,163.871000,4,2025-05-30
2025-05-30 00:00:00,163.875000,163.973010,163.753010,163.883000,4,2025-05-30
2025-05-30 04:00:00,163.882000,164.022995,163.774000,163.865010,4,2025-05-30
2025-05-30 08:00:00,163.838000,163.927990,163.294010,163.395000,4,2025-05-30
2025-05-30 12:00:00,163.396000,163.479000,163.105000,163.253010,4,2025-05-30
2025-05-30 16:00:00,163.258000,163.401000,163.103000,163.134990,4,2025-05-30
2025-05-30 20:00:00,163.134000,163.147990,162.968000,163.033005,1,2025-05-30
2025-06-02 08:00:00,163.327000,163.370000,163.089996,163.120000,3,2025-06-02
2025-06-02 12:00:00,163.120000,163.240010,163.052002,163.123990,4,2025-06-02
2025-06-02 16:00:00,163.121990,163.384000,163.070007,163.282000,4,2025-06-02
2025-06-02 20:00:00,163.281010,163.289000,162.834000,163.177990,4,2025-06-03
2025-06-03 00:00:00,163.168000,163.317000,163.016006,163.293000,4,2025-06-03
2025-06-03 04:00:00,163.291000,163.414990,163.085007,163.209000,4,2025-06-03
2025-06-03 08:00:00,163.212010,163.709000,163.067993,163.569000,4,2025-06-03
2025-06-03 12:00:00,163.569000,163.649990,163.175990,163.276000,4,2025-06-03
2025-06-03 16:00:00,163.276000,163.394000,162.793000,163.020996,4,2025-06-03
2025-06-03 20:00:00,163.020004,163.485990,162.952000,163.425990,4,2025-06-04
2025-06-04 00:00:00,163.432010,163.871000,163.358990,163.672000,4,2025-06-04
2025-06-04 04:00:00,163.672000,163.862000,163.475010,163.764010,4,2025-06-04
2025-06-04 08:00:00,163.761990,164.103000,163.636000,163.673000,4,2025-06-04
2025-06-04 12:00:00,163.671010,164.018005,163.636000,163.856990,4,2025-06-04
2025-06-04 16:00:00,163.856000,164.170000,163.674000,164.014008,4,2025-06-04
2025-06-04 20:00:00,164.016006,164.240010,163.707000,163.785000,4,2025-06-05
2025-06-05 00:00:00,163.778000,163.809010,163.037994,163.116000,4,2025-06-05
2025-06-05 04:00:00,163.115010,163.139010,162.843990,162.978000,4,2025-06-05
2025-06-05 08:00:00,162.976000,163.202000,162.895000,163.164990,4,2025-06-05
2025-06-05 12:00:00,163.164990,163.330000,162.992000,163.280000,4,2025-06-05
2025-06-05 16:00:00,163.285000,163.670000,163.240010,163.534000,4,2025-06-05
2025-06-05 20:00:00,163.535000,164.438000,163.376010,164.197010,4,2025-06-06
2025-06-06 00:00:00,164.196000,164.672000,164.164000,164.412990,4,2025-06-06
2025-06-06 04:00:00,164.412990,164.440990,164.059998,164.227010,4,2025-06-06
2025-06-06 08:00:00,164.231990,164.599000,164.196000,164.393010,4,2025-06-06
2025-06-06 12:00:00,164.394000,164.590000,164.380000,164.526990,4,2025-06-06
2025-06-06 16:00:00,164.528000,164.780000,164.337010,164.623990,4,2025-06-06
2025-06-06 20:00:00,164.621000,164.632000,164.494000,164.578000,1,2025-06-06
2025-06-09 08:00:00,165.044006,165.168000,164.914000,164.994000,3,2025-06-09
2025-06-09 12:00:00,164.993000,165.018997,164.817990,164.946000,4,2025-06-09
2025-06-09 16:00:00,164.948000,164.979000,164.552990,164.651990,4,2025-06-09
2025-06-09 20:00:00,164.653000,164.991000,164.548000,164.946000,4,2025-06-10
2025-06-10 00:00:00,164.947010,165.016006,164.864000,165.000000,4,2025-06-10
2025-06-10 04:00:00,165.001007,165.207990,164.951000,165.078003,4,2025-06-10
2025-06-10 08:00:00,165.080002,165.315990,165.050003,165.264010,4,2025-06-10
2025-06-10 12:00:00,165.266010,165.448000,164.806000,164.868000,4,2025-06-10
2025-06-10 16:00:00,164.867000,165.268010,164.621000,165.177000,4,2025-06-10
2025-06-10 20:00:00,165.177000,165.483000,165.103000,165.381000,4,2025-06-11
2025-06-11 00:00:00,165.381000,165.633000,165.317990,165.556000,4,2025-06-11
2025-06-11 04:00:00,165.558000,165.634990,165.371990,165.455990,4,2025-06-11
2025-06-11 08:00:00,165.455990,165.813000,165.399990,165.431000,4,2025-06-11
2025-06-11 12:00:00,165.429000,165.662000,165.380000,165.600010,4,2025-06-11
2025-06-11 16:00:00,165.599000,165.908000,165.543000,165.894000,4,2025-06-11
2025-06-11 20:00:00,165.897990,166.397000,165.703000,166.376010,4,2025-06-12
2025-06-12 00:00:00,166.376010,166.425990,165.942000,166.164000,4,2025-06-12
2025-06-12 04:00:00,166.164000,166.164000,165.835010,166.003998,4,2025-06-12
2025-06-12 08:00:00,166.039993,166.046997,165.669010,165.843990,4,2025-06-12
2025-06-12 12:00:00,165.843990,165.871990,165.642000,165.694000,4,2025-06-12
2025-06-12 16:00:00,165.689000,166.378010,165.492000,166.286000,4,2025-06-12
2025-06-12 20:00:00,166.283000,166.744000,166.116000,166.199010,4,2025-06-13
2025-06-13 00:00:00,166.199010,166.543000,166.116000,166.154010,4,2025-06-13
2025-06-13 04:00:00,166.156010,166.350010,165.934010,166.306000,4,2025-06-13
2025-06-13 08:00:00,166.296010,166.342000,164.921010,165.343000,4,2025-06-13
2025-06-13 12:00:00,165.342000,165.740010,165.050003,165.485990,4,2025-06-13
2025-06-13 16:00:00,165.490010,166.125000,165.455000,166.067001,4,2025-06-13
2025-06-13 20:00:00,166.063995,166.078995,165.868000,166.067001,1,2025-06-13
2025-06-16 08:00:00,166.722000,166.873000,166.338000,166.461000,3,2025-06-16
2025-06-16 12:00:00,166.461000,166.580990,166.420000,166.494000,4,2025-06-16
2025-06-16 16:00:00,166.495000,167.213000,166.358000,166.938000,4,2025-06-16
2025-06-16 20:00:00,166.939000,166.970990,166.669010,166.834000,4,2025-06-17
2025-06-17 00:00:00,166.836000,167.192990,166.746990,167.149990,4,2025-06-17
2025-06-17 04:00:00,167.147990,167.457990,167.136990,167.328000,4,2025-06-17
2025-06-17 08:00:00,167.327000,167.592000,167.087006,167.380000,4,2025-06-17
2025-06-17 12:00:00,167.379000,167.587010,167.009003,167.203000,4,2025-06-17
2025-06-17 16:00:00,167.203000,167.612000,166.970000,167.367000,4,2025-06-17
2025-06-17 20:00:00,167.364000,167.585010,167.106990,167.467000,4,2025-06-18
2025-06-18 00:00:00,167.468000,167.542010,166.740010,166.836000,4,2025-06-18
2025-06-18 04:00:00,166.837010,166.992000,166.683000,166.764010,4,2025-06-18
2025-06-18 08:00:00,166.714000,167.046997,166.703990,166.895000,4,2025-06-18
2025-06-18 12:00:00,166.897000,166.945010,166.707000,166.824010,4,2025-06-18
2025-06-18 16:00:00,166.826000,167.054993,166.643010,166.722000,4,2025-06-18
2025-06-18 20:00:00,166.720990,166.809010,166.319000,166.432010,4,2025-06-19
2025-06-19 00:00:00,166.429000,166.830000,166.355000,166.433000,4,2025-06-19
2025-06-19 04:00:00,166.436000,166.662990,166.360990,166.560000,4,2025-06-19
2025-06-19 08:00:00,166.559010,166.656010,166.029999,166.235000,4,2025-06-19
2025-06-19 12:00:00,166.235000,166.392000,166.147990,166.244000,4,2025-06-19
2025-06-19 16:00:00,166.246000,166.921010,166.241000,166.895000,4,2025-06-19
2025-06-19 20:00:00,166.894000,167.313000,166.814000,166.838000,4,2025-06-20
2025-06-20 00:00:00,166.840000,167.169010,166.828990,167.020004,4,2025-06-20
2025-06-20 04:00:00,167.020004,167.294010,167.001999,167.164000,4,2025-06-20
2025-06-20 08:00:00,167.155000,167.420000,167.123990,167.327000,4,2025-06-20
2025-06-20 12:00:00,167.326000,167.684010,167.259000,167.651000,4,2025-06-20
2025-06-20 16:00:00,167.649990,167.664990,167.315990,167.524990,4,2025-06-20
2025-06-20 20:00:00,167.524000,167.628010,167.503010,167.600010,1,2025-06-20
2025-06-23 08:00:00,168.156010,168.562000,168.031006,168.552990,3,2025-06-23
2025-06-23 12:00:00,168.554000,169.567000,168.388000,169.367000,4,2025-06-23
2025-06-23 16:00:00,169.364000,169.672000,169.054001,169.634000,4,2025-06-23
2025-06-23 20:00:00,169.634990,169.713000,168.914990,169.248000,4,2025-06-24
2025-06-24 00:00:00,169.255000,169.300990,168.731990,169.149990,4,2025-06-24
2025-06-24 04:00:00,169.155000,169.253010,168.989000,169.133000,4,2025-06-24
2025-06-24 08:00:00,169.141010,169.274990,168.782000,168.850010,4,2025-06-24
2025-06-24 12:00:00,168.848010,168.873000,168.616000,168.710010,4,2025-06-24
2025-06-24 16:00:00,168.709000,168.709000,168.056000,168.302000,4,2025-06-24
2025-06-24 20:00:00,168.295000,168.394000,168.029999,168.136000,4,2025-06-25
2025-06-25 00:00:00,168.134990,168.338000,167.906010,168.259990,4,2025-06-25
2025-06-25 04:00:00,168.258000,168.368000,168.065002,168.106000,4,2025-06-25
2025-06-25 08:00:00,168.110990,168.565000,168.089005,168.217000,4,2025-06-25
2025-06-25 12:00:00,168.218000,168.562000,168.156010,168.514010,4,2025-06-25
2025-06-25 16:00:00,168.517000,168.964000,168.442000,168.936000,4,2025-06-25
2025-06-25 20:00:00,168.936000,169.298000,168.876010,169.216000,4,2025-06-26
2025-06-26 00:00:00,169.218990,169.371990,169.063004,169.268010,4,2025-06-26
2025-06-26 04:00:00,169.270000,169.386990,169.103000,169.205990,4,2025-06-26
2025-06-26 08:00:00,169.205990,169.388000,168.980000,169.121990,4,2025-06-26
2025-06-26 12:00:00,169.110990,169.399000,168.914000,169.011993,4,2025-06-26
2025-06-26 16:00:00,169.014999,169.024002,168.554000,168.922000,4,2025-06-26
2025-06-26 20:00:00,168.923000,169.078003,168.748990,168.996000,4,2025-06-27
2025-06-27 00:00:00,168.998000,169.207000,168.912000,169.052002,4,2025-06-27
2025-06-27 04:00:00,169.052994,169.089996,168.718990,168.842000,4,2025-06-27
2025-06-27 08:00:00,168.848010,169.287000,168.824010,168.832000,4,2025-06-27
2025-06-27 12:00:00,168.830000,169.039001,168.623990,168.817990,4,2025-06-27
2025-06-27 16:00:00,168.817990,169.302990,168.759000,169.177000,4,2025-06-27
2025-06-27 20:00:00,169.182010,169.332990,169.177000,169.302000,1,2025-06-27
2025-06-30 08:00:00,169.466000,169.620000,169.151000,169.161000,3,2025-06-30
2025-06-30 12:00:00,169.160000,169.162990,168.707990,168.754000,4,2025-06-30
2025-06-30 16:00:00,168.748990,169.136000,168.702000,169.067993,4,2025-06-30
2025-06-30 20:00:00,169.070007,169.293000,168.952000,169.211000,4,2025-07-01
2025-07-01 00:00:00,169.212010,169.742000,169.102010,169.722000,4,2025-07-01
2025-07-01 04:00:00,169.720990,169.860000,169.511990,169.649990,4,2025-07-01
2025-07-01 08:00:00,169.649990,169.698000,169.280000,169.389010,4,2025-07-01
2025-07-01 12:00:00,169.392000,169.660000,169.202000,169.231000,4,2025-07-01
2025-07-01 16:00:00,169.222000,169.355000,168.455990,168.866000,4,2025-07-01
2025-07-01 20:00:00,168.865010,169.031006,168.592000,168.858000,4,2025-07-02
2025-07-02 00:00:00,168.842000,169.246990,168.822010,169.228000,4,2025-07-02
2025-07-02 04:00:00,169.231000,169.520000,169.166000,169.264010,4,2025-07-02
2025-07-02 08:00:00,169.259000,169.544010,169.192000,169.418000,4,2025-07-02
2025-07-02 12:00:00,169.417010,169.537000,169.289990,169.447010,4,2025-07-02
2025-07-02 16:00:00,169.446000,169.787990,169.324010,169.664000,4,2025-07-02
2025-07-02 20:00:00,169.661000,169.694000,169.033997,169.350010,4,2025-07-03
2025-07-03 00:00:00,169.339000,169.537000,169.230000,169.491000,4,2025-07-03
2025-07-03 04:00:00,169.488010,169.604000,169.282000,169.424000,4,2025-07-03
2025-07-03 08:00:00,169.412000,169.623990,169.306000,169.450000,4,2025-07-03
2025-07-03 12:00:00,169.451000,169.707990,169.436000,169.697010,4,2025-07-03
2025-07-03 16:00:00,169.695010,169.873990,169.572010,169.636000,4,2025-07-03
2025-07-03 20:00:00,169.636000,170.450000,169.424000,170.397990,4,2025-07-04
2025-07-04 00:00:00,170.321000,170.612000,170.298000,170.516010,4,2025-07-04
2025-07-04 04:00:00,170.516010,170.530000,170.280000,170.382000,4,2025-07-04
2025-07-04 08:00:00,170.380000,170.412000,170.087006,170.230000,4,2025-07-04
2025-07-04 12:00:00,170.228000,170.281010,169.995000,170.085999,4,2025-07-04
2025-07-04 16:00:00,170.089005,170.089996,169.849000,169.975010,4,2025-07-04
2025-07-04 20:00:00,169.976000,170.048996,169.948000,170.005997,1,2025-07-04
2025-07-07 08:00:00,170.203990,170.299000,169.880000,170.142000,3,2025-07-07
2025-07-07 12:00:00,170.142000,170.731990,170.113010,170.664000,4,2025-07-07
2025-07-07 16:00:00,170.662000,170.738010,170.307010,170.651000,4,2025-07-07
2025-07-07 20:00:00,170.653000,171.113010,170.478000,171.020004,4,2025-07-08
2025-07-08 00:00:00,171.018997,171.268010,170.750000,170.983990,4,2025-07-08
2025-07-08 04:00:00,170.987000,171.311000,170.880000,170.953990,4,2025-07-08
2025-07-08 08:00:00,170.953990,171.802000,170.923000,171.664990,4,2025-07-08
2025-07-08 12:00:00,171.667010,171.696000,171.324010,171.434010,4,2025-07-08
2025-07-08 16:00:00,171.440000,171.842000,171.432010,171.700000,4,2025-07-08
2025-07-08 20:00:00,171.703000,172.001999,171.554000,171.791000,4,2025-07-09
2025-07-09 00:00:00,171.791000,172.014999,171.640000,172.009003,4,2025-07-09
2025-07-09 04:00:00,172.007996,172.020004,171.618000,171.774990,4,2025-07-09
2025-07-09 08:00:00,171.774990,172.278000,171.720990,172.130000,4,2025-07-09
2025-07-09 12:00:00,172.131000,172.265000,172.102010,172.212010,4,2025-07-09
2025-07-09 16:00:00,172.211000,172.253010,171.621990,171.751010,4,2025-07-09
2025-07-09 20:00:00,171.748000,171.755000,171.399990,171.405000,4,2025-07-10
2025-07-10 00:00:00,171.404010,171.646000,171.250000,171.345990,4,2025-07-10
2025-07-10 04:00:00,171.336000,171.641010,171.317000,171.490010,4,2025-07-10
2025-07-10 08:00:00,171.490010,171.533000,171.172000,171.284000,4,2025-07-10
2025-07-10 12:00:00,171.283000,171.759000,171.261000,171.690000,4,2025-07-10
2025-07-10 16:00:00,171.689000,171.778000,171.412000,171.478000,4,2025-07-10
2025-07-10 20:00:00,171.480000,171.539990,171.214000,171.389010,4,2025-07-11
2025-07-11 00:00:00,171.388000,171.427990,171.037994,171.041000,4,2025-07-11
2025-07-11 04:00:00,171.039993,171.177990,170.935000,171.128010,4,2025-07-11
2025-07-11 08:00:00,171.128010,171.465000,170.804990,171.350010,4,2025-07-11
2025-07-11 12:00:00,171.353000,171.769000,171.334000,171.509990,4,2025-07-11
2025-07-11 16:00:00,171.508000,171.963000,171.414000,171.923000,4,2025-07-11
2025-07-11 20:00:00,171.922000,171.951000,171.595000,171.662000,1,2025-07-11
2025-07-14 08:00:00,172.039001,172.142000,171.761990,171.917010,3,2025-07-14
2025-07-14 12:00:00,171.916000,172.175990,171.882000,171.966000,4,2025-07-14
2025-07-14 16:00:00,171.967000,172.235990,171.722000,172.192990,4,2025-07-14
2025-07-14 20:00:00,172.187000,172.367000,172.065994,172.134990,4,2025-07-15
2025-07-15 00:00:00,172.133000,172.468990,172.082001,172.270000,4,2025-07-15
2025-07-15 04:00:00,172.272000,172.444000,172.192000,172.270000,4,2025-07-15
2025-07-15 08:00:00,172.283000,172.495000,172.197010,172.438000,4,2025-07-15
2025-07-15 12:00:00,172.437000,172.483990,172.259000,172.442990,4,2025-07-15
2025-07-15 16:00:00,172.442000,172.731000,172.425990,172.588000,4,2025-07-15
2025-07-15 20:00:00,172.593000,173.052994,172.416000,172.989000,4,2025-07-16
2025-07-16 00:00:00,172.990010,173.078995,172.623000,172.718000,4,2025-07-16
2025-07-16 04:00:00,172.718000,172.772000,172.593990,172.641010,4,2025-07-16
2025-07-16 08:00:00,172.634000,172.994000,172.606000,172.836000,4,2025-07-16
2025-07-16 12:00:00,172.837010,173.242000,172.817990,172.929990,4,2025-07-16
2025-07-16 16:00:00,172.929000,173.084000,172.672000,172.741000,4,2025-07-16
2025-07-16 20:00:00,172.742000,172.784000,172.192000,172.205990,4,2025-07-17
2025-07-17 00:00:00,172.202000,172.490010,171.820010,171.920000,4,2025-07-17
2025-07-17 04:00:00,171.918000,172.185000,171.837010,171.968000,4,2025-07-17
2025-07-17 08:00:00,171.966000,172.565000,171.955000,172.496000,4,2025-07-17
2025-07-17 12:00:00,172.496000,172.672000,172.427990,172.496000,4,2025-07-17
2025-07-17 16:00:00,172.500000,172.598010,172.127000,172.423000,4,2025-07-17
2025-07-17 20:00:00,172.422000,172.466000,172.070007,172.162990,4,2025-07-18
2025-07-18 00:00:00,172.161000,172.299000,171.937000,172.229000,4,2025-07-18
2025-07-18 04:00:00,172.228000,172.370000,172.146000,172.274000,4,2025-07-18
2025-07-18 08:00:00,172.248990,172.758000,172.224000,172.677990,4,2025-07-18
2025-07-18 12:00:00,172.682010,172.869000,172.580990,172.826000,4,2025-07-18
2025-07-18 16:00:00,172.824010,173.108990,172.727010,173.007996,4,2025-07-18
2025-07-18 20:00:00,173.009003,173.014008,172.823000,172.886990,1,2025-07-18
2025-07-21 08:00:00,172.750000,172.828990,172.358990,172.530000,3,2025-07-21
2025-07-21 12:00:00,172.532000,172.660000,172.460010,172.518010,4,2025-07-21
2025-07-21 16:00:00,172.516010,172.537990,172.001999,172.244000,4,2025-07-21
2025-07-21 20:00:00,172.243000,172.279010,171.916000,172.085007,4,2025-07-22
2025-07-22 00:00:00,172.084000,172.552000,172.052994,172.149990,4,2025-07-22
2025-07-22 04:00:00,172.149000,172.383000,172.074005,172.196000,4,2025-07-22
2025-07-22 08:00:00,172.235990,172.592000,172.202000,172.492000,4,2025-07-22
2025-07-22 12:00:00,172.494000,172.731000,172.327000,172.697010,4,2025-07-22
2025-07-22 16:00:00,172.698000,172.931000,172.506000,172.578000,4,2025-07-22
2025-07-22 20:00:00,172.577000,172.675000,171.448000,171.548000,4,2025-07-23
2025-07-23 00:00:00,171.548000,172.194000,171.358000,172.138000,4,2025-07-23
2025-07-23 04:00:00,172.139010,172.404010,172.089005,172.230000,4,2025-07-23
2025-07-23 08:00:00,172.226000,172.475010,171.671010,172.070999,4,2025-07-23
2025-07-23 12:00:00,172.072006,172.738010,171.904010,172.626010,4,2025-07-23
2025-07-23 16:00:00,172.626010,172.687000,171.897000,171.933000,4,2025-07-23
2025-07-23 20:00:00,171.929990,171.945010,171.367000,171.835010,4,2025-07-24
2025-07-24 00:00:00,171.834000,172.412000,171.618000,172.315990,4,2025-07-24
2025-07-24 04:00:00,172.313000,172.544010,172.254000,172.373990,4,2025-07-24
2025-07-24 08:00:00,172.348010,172.496000,171.746000,171.830990,4,2025-07-24
2025-07-24 12:00:00,171.832990,172.067001,171.830000,171.871000,4,2025-07-24
2025-07-24 16:00:00,171.868000,172.368000,171.853000,172.231990,4,2025-07-24
2025-07-24 20:00:00,172.233000,172.746000,172.085007,172.496990,4,2025-07-25
2025-07-25 00:00:00,172.495000,172.920000,172.438000,172.794010,4,2025-07-25
2025-07-25 04:00:00,172.797000,172.896000,172.472000,172.761990,4,2025-07-25
2025-07-25 08:00:00,172.787990,173.173000,172.718000,173.041000,4,2025-07-25
2025-07-25 12:00:00,173.042007,173.140000,172.475010,172.599000,4,2025-07-25
2025-07-25 16:00:00,172.598010,173.608990,172.556000,173.521000,4,2025-07-25
2025-07-25 20:00:00,173.522990,173.541000,173.299000,173.312000,1,2025-07-25
2025-07-28 08:00:00,173.748990,173.869000,173.590000,173.772000,3,2025-07-28
2025-07-28 12:00:00,173.772000,173.899990,173.466000,173.588000,4,2025-07-28
2025-07-28 16:00:00,173.588000,173.776000,173.020004,173.116000,4,2025-07-28
2025-07-28 20:00:00,173.118000,173.153000,172.283000,172.520000,4,2025-07-29
2025-07-29 00:00:00,172.519000,172.580000,172.065002,172.168000,4,2025-07-29
2025-07-29 04:00:00,172.170000,172.251010,172.024994,172.132000,4,2025-07-29
2025-07-29 08:00:00,172.167010,172.330990,172.056000,172.224000,4,2025-07-29
2025-07-29 12:00:00,172.228000,172.264010,171.578000,171.642000,4,2025-07-29
2025-07-29 16:00:00,171.642000,172.080994,171.267000,171.970000,4,2025-07-29
2025-07-29 20:00:00,171.970000,172.028000,171.300000,171.507000,4,2025-07-30
2025-07-30 00:00:00,171.503010,171.561000,171.046005,171.380000,4,2025-07-30
2025-07-30 04:00:00,171.382000,171.537990,171.330000,171.416000,4,2025-07-30
2025-07-30 08:00:00,171.414000,171.548000,171.187000,171.312000,4,2025-07-30
2025-07-30 12:00:00,171.308000,171.324010,170.892000,170.965000,4,2025-07-30
2025-07-30 16:00:00,170.968990,171.166000,170.862000,171.009003,4,2025-07-30
2025-07-30 20:00:00,171.007004,171.120000,170.698000,170.952000,4,2025-07-31
2025-07-31 00:00:00,170.953000,171.046005,170.768010,170.778000,4,2025-07-31
2025-07-31 04:00:00,170.781010,170.920000,170.399000,170.496990,4,2025-07-31
2025-07-31 08:00:00,170.494000,170.787990,170.267000,170.287990,4,2025-07-31
2025-07-31 12:00:00,170.289000,170.358990,169.718000,170.155000,4,2025-07-31
2025-07-31 16:00:00,170.153000,171.491000,170.125000,171.440990,4,2025-07-31
2025-07-31 20:00:00,171.440000,171.840000,171.289000,171.813000,4,2025-08-01
2025-08-01 00:00:00,171.811000,172.317000,171.739000,172.044998,4,2025-08-01
2025-08-01 04:00:00,172.050003,172.334000,171.945010,172.050003,4,2025-08-01
2025-08-01 08:00:00,172.052002,172.386000,172.016006,172.134000,4,2025-08-01
2025-08-01 12:00:00,172.134990,172.156010,171.901000,172.001007,4,2025-08-01
2025-08-01 16:00:00,172.005997,172.226000,171.485000,171.588000,4,2025-08-01
2025-08-01 20:00:00,171.587010,171.697010,171.545000,171.586000,1,2025-08-01
2025-08-04 08:00:00,170.567000,171.018997,170.490010,170.978000,3,2025-08-04
2025-08-04 12:00:00,170.981000,171.144000,170.847000,170.989000,4,2025-08-04
2025-08-04 16:00:00,170.987000,171.161000,170.741000,170.936000,4,2025-08-04
2025-08-04 20:00:00,170.932010,170.953990,170.226000,170.258000,4,2025-08-05
2025-08-05 00:00:00,170.259990,170.496990,170.039993,170.082993,4,2025-08-05
2025-08-05 04:00:00,170.080002,170.292010,169.901000,170.155000,4,2025-08-05
2025-08-05 08:00:00,170.149990,170.207000,169.891010,170.042999,4,2025-08-05
2025-08-05 12:00:00,170.048004,170.184010,169.920000,169.957000,4,2025-08-05
2025-08-05 16:00:00,169.959000,170.408000,169.815000,170.390000,4,2025-08-05
2025-08-05 20:00:00,170.392000,170.544010,170.233990,170.416000,4,2025-08-06
2025-08-06 00:00:00,170.414990,170.935000,170.250000,170.914990,4,2025-08-06
2025-08-06 04:00:00,170.914000,170.944000,170.674000,170.798000,4,2025-08-06
2025-08-06 08:00:00,170.774000,170.929000,170.705990,170.838000,4,2025-08-06
2025-08-06 12:00:00,170.834000,170.896000,170.610000,170.726000,4,2025-08-06
2025-08-06 16:00:00,170.727010,171.267000,170.672000,171.252000,4,2025-08-06
2025-08-06 20:00:00,171.251010,171.457990,171.168000,171.330990,4,2025-08-07
2025-08-07 00:00:00,171.324010,171.655000,171.256000,171.516010,4,2025-08-07
2025-08-07 04:00:00,171.519000,171.989000,171.452000,171.766010,4,2025-08-07
2025-08-07 08:00:00,171.772990,172.085007,171.626010,171.952000,4,2025-08-07
2025-08-07 12:00:00,171.953990,172.167010,171.871990,171.955000,4,2025-08-07
2025-08-07 16:00:00,171.955990,172.033005,171.396000,171.968000,4,2025-08-07
2025-08-07 20:00:00,171.975010,172.020996,171.417010,171.476000,4,2025-08-08
2025-08-08 00:00:00,171.477010,171.618000,171.322010,171.504000,4,2025-08-08
2025-08-08 04:00:00,171.505000,171.684010,171.271000,171.530000,4,2025-08-08
2025-08-08 08:00:00,171.530000,171.809010,171.364000,171.701000,4,2025-08-08
2025-08-08 12:00:00,171.705000,171.759000,171.450000,171.608000,4,2025-08-08
2025-08-08 16:00:00,171.615010,171.965000,171.487000,171.964000,4,2025-08-08
2025-08-08 20:00:00,171.964000,171.993000,171.890000,171.983000,1,2025-08-08
2025-08-11 08:00:00,172.057007,172.098999,171.880000,172.098007,3,2025-08-11
2025-08-11 12:00:00,172.098007,172.200000,172.087997,172.144000,4,2025-08-11
2025-08-11 16:00:00,172.145000,172.189000,171.598010,171.922000,4,2025-08-11
2025-08-11 20:00:00,171.921010,172.142000,171.733990,171.832990,4,2025-08-12
2025-08-12 00:00:00,171.832990,171.888000,171.548000,171.832000,4,2025-08-12
2025-08-12 04:00:00,171.830000,172.128010,171.817000,172.007996,4,2025-08-12
2025-08-12 08:00:00,172.007004,172.414000,172.005997,172.312000,4,2025-08-12
2025-08-12 12:00:00,172.313000,172.517000,172.164000,172.272990,4,2025-08-12
2025-08-12 16:00:00,172.276990,172.442000,172.078003,172.322010,4,2025-08-12
2025-08-12 20:00:00,172.323000,172.705990,172.095001,172.689000,4,2025-08-13
2025-08-13 00:00:00,172.684010,172.853000,172.434010,172.487000,4,2025-08-13
2025-08-13 04:00:00,172.488010,172.621990,172.315990,172.593990,4,2025-08-13
2025-08-13 08:00:00,172.580000,172.934010,172.453000,172.881000,4,2025-08-13
2025-08-13 12:00:00,172.880000,173.018005,172.718000,172.769000,4,2025-08-13
2025-08-13 16:00:00,172.774000,172.845000,172.435000,172.671010,4,2025-08-13
2025-08-13 20:00:00,172.667010,172.807010,172.271000,172.297000,4,2025-08-14
2025-08-14 00:00:00,172.296010,172.601000,172.230000,172.506000,4,2025-08-14
2025-08-14 04:00:00,172.506000,172.613010,172.308000,172.345990,4,2025-08-14
2025-08-14 08:00:00,172.396000,172.483990,171.464000,171.586000,4,2025-08-14
2025-08-14 12:00:00,171.587010,171.718990,171.276990,171.384000,4,2025-08-14
2025-08-14 16:00:00,171.386000,171.421010,170.959000,171.287990,4,2025-08-14
2025-08-14 20:00:00,171.287990,171.774000,171.108000,171.733990,4,2025-08-15
2025-08-15 00:00:00,171.735990,172.203000,171.661000,172.070007,4,2025-08-15
2025-08-15 04:00:00,172.070007,172.235990,171.925990,172.149000,4,2025-08-15
2025-08-15 08:00:00,172.136000,172.211000,171.601000,171.628010,4,2025-08-15
2025-08-15 12:00:00,171.628010,171.764010,171.500000,171.738010,4,2025-08-15
2025-08-15 16:00:00,171.735000,171.899000,171.511990,171.679990,4,2025-08-15
2025-08-15 20:00:00,171.677000,171.744000,171.584000,171.724000,1,2025-08-15
2025-08-18 08:00:00,172.389010,172.597000,172.343990,172.424000,3,2025-08-18
2025-08-18 12:00:00,172.427990,172.649990,172.405000,172.524000,4,2025-08-18
2025-08-18 16:00:00,172.524990,172.554000,172.046997,172.177000,4,2025-08-18
2025-08-18 20:00:00,172.175990,172.675990,172.138000,172.616000,4,2025-08-19
2025-08-19 00:00:00,172.616000,172.636990,172.175000,172.375000,4,2025-08-19
2025-08-19 04:00:00,172.373990,172.567990,172.169010,172.368000,4,2025-08-19
2025-08-19 08:00:00,172.345000,172.627000,171.990010,172.114000,4,2025-08-19
2025-08-19 12:00:00,172.114000,172.369000,172.067001,172.084000,4,2025-08-19
2025-08-19 16:00:00,172.076996,172.621990,172.018997,172.582990,4,2025-08-19
2025-08-19 20:00:00,172.582990,172.700000,172.355000,172.399990,4,2025-08-20
2025-08-20 00:00:00,172.399990,172.470990,171.868000,171.871990,4,2025-08-20
2025-08-20 04:00:00,171.870000,172.031998,171.692000,171.914000,4,2025-08-20
2025-08-20 08:00:00,171.914000,172.013000,171.481000,171.500000,4,2025-08-20
2025-08-20 12:00:00,171.500000,171.738010,171.459000,171.623990,4,2025-08-20
2025-08-20 16:00:00,171.633000,171.944000,171.108990,171.735000,4,2025-08-20
2025-08-20 20:00:00,171.735000,171.945010,171.498000,171.560000,4,2025-08-21
2025-08-21 00:00:00,171.563000,171.675000,171.337010,171.597000,4,2025-08-21
2025-08-21 04:00:00,171.608000,171.791000,171.519000,171.582000,4,2025-08-21
2025-08-21 08:00:00,171.582000,171.768010,171.548000,171.687000,4,2025-08-21
2025-08-21 12:00:00,171.692990,171.802000,171.517000,171.735990,4,2025-08-21
2025-08-21 16:00:00,171.735990,172.209000,171.522990,172.100010,4,2025-08-21
2025-08-21 20:00:00,172.101000,172.360990,171.735000,171.741000,4,2025-08-22
2025-08-22 00:00:00,171.746000,172.272000,171.740010,172.214000,4,2025-08-22
2025-08-22 04:00:00,172.210010,172.261990,172.028000,172.166000,4,2025-08-22
2025-08-22 08:00:00,172.187000,172.533000,172.147000,172.438000,4,2025-08-22
2025-08-22 12:00:00,172.435000,172.460010,172.182010,172.246000,4,2025-08-22
2025-08-22 16:00:00,172.255000,172.479000,172.050003,172.442990,4,2025-08-22
2025-08-22 20:00:00,172.439000,172.501010,172.328990,172.350010,1,2025-08-22
2025-08-25 08:00:00,172.248990,172.578990,172.239000,172.397000,3,2025-08-25
2025-08-25 12:00:00,172.393010,172.548000,172.317000,172.350010,4,2025-08-25
2025-08-25 16:00:00,172.347000,172.514010,172.246990,172.292010,4,2025-08-25
2025-08-25 20:00:00,172.294010,172.662000,172.227010,172.397990,4,2025-08-26
2025-08-26 00:00:00,172.397000,172.585010,171.776990,171.856990,4,2025-08-26
2025-08-26 04:00:00,171.858000,171.888000,171.526000,171.587010,4,2025-08-26
2025-08-26 08:00:00,171.587010,171.735000,171.317000,171.498000,4,2025-08-26
2025-08-26 12:00:00,171.500000,171.991000,171.475010,171.950000,4,2025-08-26
2025-08-26 16:00:00,171.952000,171.998990,171.320010,171.778000,4,2025-08-26
2025-08-26 20:00:00,171.778000,172.042999,171.722000,171.914990,4,2025-08-27
2025-08-27 00:00:00,171.912000,172.118000,171.509000,171.524000,4,2025-08-27
2025-08-27 04:00:00,171.520000,171.729000,171.509990,171.614000,4,2025-08-27
2025-08-27 08:00:00,171.623990,171.799000,171.563000,171.710010,4,2025-08-27
2025-08-27 12:00:00,171.710010,171.908000,171.675990,171.759990,4,2025-08-27
2025-08-27 16:00:00,171.759990,171.794010,171.248000,171.567000,4,2025-08-27
2025-08-27 20:00:00,171.567990,171.780000,171.468000,171.740010,4,2025-08-28
2025-08-28 00:00:00,171.741000,171.761990,171.349000,171.483990,4,2025-08-28
2025-08-28 04:00:00,171.485990,171.601000,171.349000,171.478000,4,2025-08-28
2025-08-28 08:00:00,171.401000,171.751010,171.371000,171.580000,4,2025-08-28
2025-08-28 12:00:00,171.578990,171.722000,171.147990,171.279010,4,2025-08-28
2025-08-28 16:00:00,171.146000,171.613010,171.112000,171.396000,4,2025-08-28
2025-08-28 20:00:00,171.394000,171.744000,171.261000,171.681000,4,2025-08-29
2025-08-29 00:00:00,171.684010,171.789990,171.453000,171.584000,4,2025-08-29
2025-08-29 04:00:00,171.584000,171.707990,171.447010,171.591000,4,2025-08-29
2025-08-29 08:00:00,171.591000,171.705990,171.368000,171.380000,4,2025-08-29
2025-08-29 12:00:00,171.380000,171.563000,171.233000,171.552990,4,2025-08-29
2025-08-29 16:00:00,171.560000,171.756000,171.438000,171.695010,4,2025-08-29
2025-08-29 20:00:00,171.695010,171.787000,171.656010,171.744000,1,2025-08-29
2025-09-01 08:00:00,171.964000,172.272990,171.927000,172.248000,3,2025-09-01
2025-09-01 12:00:00,172.245000,172.276990,171.955000,172.098007,4,2025-09-01
2025-09-01 16:00:00,172.095001,172.502000,172.067001,172.396000,4,2025-09-01
2025-09-01 20:00:00,172.394000,172.542010,172.322010,172.399990,4,2025-09-02
2025-09-02 00:00:00,172.396000,172.498990,172.246990,172.306000,4,2025-09-02
2025-09-02 04:00:00,172.302000,172.401000,172.215000,172.295000,4,2025-09-02
2025-09-02 08:00:00,172.297000,172.720990,172.259990,172.671010,4,2025-09-02
2025-09-02 12:00:00,172.671010,172.987000,172.605000,172.978000,4,2025-09-02
2025-09-02 16:00:00,172.976000,173.414000,172.651000,172.884990,4,2025-09-02
2025-09-02 20:00:00,172.883000,173.205000,172.768010,172.877000,4,2025-09-03
2025-09-03 00:00:00,172.880000,172.955990,172.634000,172.744000,4,2025-09-03
2025-09-03 04:00:00,172.744000,172.782000,172.542010,172.632000,4,2025-09-03
2025-09-03 08:00:00,172.632000,173.173000,172.600010,173.132000,4,2025-09-03
2025-09-03 12:00:00,173.127000,173.145000,172.748990,172.817990,4,2025-09-03
2025-09-03 16:00:00,172.815000,173.287990,172.759990,173.156010,4,2025-09-03
2025-09-03 20:00:00,173.157000,173.298000,173.018005,173.128010,4,2025-09-04
2025-09-04 00:00:00,173.133000,173.168000,172.599000,172.623990,4,2025-09-04
2025-09-04 04:00:00,172.619000,172.782000,172.534000,172.621990,4,2025-09-04
2025-09-04 08:00:00,172.628010,172.740010,172.448000,172.550000,4,2025-09-04
2025-09-04 12:00:00,172.548000,172.799000,172.547000,172.754000,4,2025-09-04
2025-09-04 16:00:00,172.754000,172.929990,172.623000,172.681000,4,2025-09-04
2025-09-04 20:00:00,172.681000,173.044998,172.500000,172.914000,4,2025-09-05
2025-09-05 00:00:00,172.914000,173.211000,172.820010,172.981000,4,2025-09-05
2025-09-05 04:00:00,172.981000,173.076004,172.767000,172.856000,4,2025-09-05
2025-09-05 08:00:00,172.815000,173.035004,172.712010,172.883000,4,2025-09-05
2025-09-05 12:00:00,172.883000,173.054001,172.855000,173.001999,4,2025-09-05
2025-09-05 16:00:00,173.003006,173.190000,172.908000,173.175000,4,2025-09-05
2025-09-05 20:00:00,173.179990,173.264010,173.140000,173.198000,1,2025-09-05
2025-09-08 08:00:00,173.743000,173.911000,173.466000,173.509000,3,2025-09-08
2025-09-08 12:00:00,173.509990,173.603000,173.353000,173.533000,4,2025-09-08
2025-09-08 16:00:00,173.529010,173.571000,173.063004,173.215000,4,2025-09-08
2025-09-08 20:00:00,173.220000,173.603000,173.202000,173.531010,4,2025-09-09
2025-09-09 00:00:00,173.557010,173.654010,173.330990,173.425000,4,2025-09-09
2025-09-09 04:00:00,173.425000,173.578000,173.296010,173.464000,4,2025-09-09
2025-09-09 08:00:00,173.466000,173.522990,173.224000,173.369000,4,2025-09-09
2025-09-09 12:00:00,173.369000,173.425990,172.950000,172.975010,4,2025-09-09
2025-09-09 16:00:00,172.980000,173.156010,172.203000,172.213000,4,2025-09-09
2025-09-09 20:00:00,172.213000,172.485990,172.127000,172.445010,4,2025-09-10
2025-09-10 00:00:00,172.440990,172.675990,172.306000,172.546010,4,2025-09-10
2025-09-10 04:00:00,172.545000,172.670000,172.322010,172.606000,4,2025-09-10
2025-09-10 08:00:00,172.490010,172.647000,172.375000,172.435000,4,2025-09-10
2025-09-10 12:00:00,172.435000,172.672000,172.414990,172.610990,4,2025-09-10
2025-09-10 16:00:00,172.610000,172.744000,172.383000,172.679990,4,2025-09-10
2025-09-10 20:00:00,172.677990,172.763000,172.416000,172.677990,4,2025-09-11
2025-09-11 00:00:00,172.684010,172.908000,172.380000,172.464000,4,2025-09-11
2025-09-11 04:00:00,172.461000,172.495000,172.187000,172.433000,4,2025-09-11
2025-09-11 08:00:00,172.408000,172.501010,172.351000,172.417010,4,2025-09-11
2025-09-11 12:00:00,172.412990,172.543000,172.395000,172.528000,4,2025-09-11
2025-09-11 16:00:00,172.526990,172.964000,172.526990,172.914000,4,2025-09-11
2025-09-11 20:00:00,172.910000,173.056000,172.508000,173.001007,4,2025-09-12
2025-09-12 00:00:00,172.998990,173.005997,172.504000,172.808000,4,2025-09-12
2025-09-12 04:00:00,172.807010,172.837010,172.582000,172.694000,4,2025-09-12
2025-09-12 08:00:00,172.692990,172.910000,172.608990,172.858990,4,2025-09-12
2025-09-12 12:00:00,172.858990,173.020004,172.834000,172.850010,4,2025-09-12
2025-09-12 16:00:00,172.850010,173.424000,172.778000,173.411000,4,2025-09-12
2025-09-12 20:00:00,173.412990,173.439000,173.360990,173.376010,1,2025-09-12
2025-09-15 08:00:00,173.231990,173.250000,172.974000,173.069000,3,2025-09-15
2025-09-15 12:00:00,173.065994,173.104000,172.891010,173.001999,4,2025-09-15
2025-09-15 16:00:00,173.001007,173.154010,172.899000,173.098007,4,2025-09-15
2025-09-15 20:00:00,173.098007,173.446000,173.080994,173.261990,4,2025-09-16
2025-09-16 00:00:00,173.259000,173.390000,173.215000,173.328000,4,2025-09-16
2025-09-16 04:00:00,173.327000,173.450000,173.207000,173.332000,4,2025-09-16
2025-09-16 08:00:00,173.332000,173.498990,173.259000,173.394000,4,2025-09-16
2025-09-16 12:00:00,173.394000,173.396000,173.037003,173.123990,4,2025-09-16
2025-09-16 16:00:00,173.127000,173.653000,173.016006,173.617000,4,2025-09-16
2025-09-16 20:00:00,173.615010,173.694000,173.474000,173.522990,4,2025-09-17
2025-09-17 00:00:00,173.522990,173.793000,173.459000,173.687000,4,2025-09-17
2025-09-17 04:00:00,173.689000,173.843000,173.537000,173.700000,4,2025-09-17
2025-09-17 08:00:00,173.700000,173.848010,173.572010,173.684010,4,2025-09-17
2025-09-17 12:00:00,173.686000,173.758000,173.567000,173.733000,4,2025-09-17
2025-09-17 16:00:00,173.733000,173.756000,173.287000,173.322010,4,2025-09-17
2025-09-17 20:00:00,173.323000,173.410000,173.085007,173.403000,4,2025-09-18
2025-09-18 00:00:00,173.403000,173.451000,173.270000,173.328990,4,2025-09-18
2025-09-18 04:00:00,173.328000,173.774000,173.153000,173.576000,4,2025-09-18
2025-09-18 08:00:00,173.576000,173.798000,173.508000,173.686000,4,2025-09-18
2025-09-18 12:00:00,173.686000,173.766010,173.599000,173.737000,4,2025-09-18
2025-09-18 16:00:00,173.737000,174.470000,173.711000,174.339000,4,2025-09-18
2025-09-18 20:00:00,174.342000,174.425000,174.130000,174.218000,4,2025-09-19
2025-09-19 00:00:00,174.215000,174.425000,174.168000,174.309010,4,2025-09-19
2025-09-19 04:00:00,174.304000,174.459000,174.192000,174.395000,4,2025-09-19
2025-09-19 08:00:00,174.276000,174.500000,174.259990,174.358990,4,2025-09-19
2025-09-19 12:00:00,174.360000,174.383000,173.475010,173.669010,4,2025-09-19
2025-09-19 16:00:00,173.677990,174.164000,173.574010,173.998000,4,2025-09-19
2025-09-19 20:00:00,173.998000,174.059998,173.918000,174.003006,1,2025-09-19
2025-09-22 08:00:00,173.758000,173.955000,173.731000,173.873990,3,2025-09-22
2025-09-22 12:00:00,173.873000,174.074997,173.869000,174.033005,4,2025-09-22
2025-09-22 16:00:00,174.029007,174.147000,173.830990,174.146000,4,2025-09-22
2025-09-22 20:00:00,174.142000,174.274000,174.044998,174.089996,4,2025-09-23
2025-09-23 00:00:00,174.091995,174.227010,173.977010,174.222000,4,2025-09-23
2025-09-23 04:00:00,174.222000,174.521000,174.065994,174.295000,4,2025-09-23
2025-09-23 08:00:00,174.287000,174.468990,174.235990,174.410000,4,2025-09-23
2025-09-23 12:00:00,174.405000,174.492000,174.340000,174.380000,4,2025-09-23
2025-09-23 16:00:00,174.380000,174.397990,174.046997,174.205000,4,2025-09-23
2025-09-23 20:00:00,174.205990,174.390000,174.147990,174.246000,4,2025-09-24
2025-09-24 00:00:00,174.240010,174.474000,174.214000,174.313000,4,2025-09-24
2025-09-24 04:00:00,174.314000,174.470990,174.182010,174.338000,4,2025-09-24
2025-09-24 08:00:00,174.324010,174.532000,174.214000,174.350010,4,2025-09-24
2025-09-24 12:00:00,174.349000,174.647000,174.296010,174.465000,4,2025-09-24
2025-09-24 16:00:00,174.465000,174.632000,174.334000,174.488010,4,2025-09-24
2025-09-24 20:00:00,174.485990,174.592000,174.358000,174.554990,4,2025-09-25
2025-09-25 00:00:00,174.556000,174.699010,174.448000,174.580990,4,2025-09-25
2025-09-25 04:00:00,174.580990,174.792010,174.500000,174.640000,4,2025-09-25
2025-09-25 08:00:00,174.588000,174.787000,174.492000,174.696000,4,2025-09-25
2025-09-25 12:00:00,174.698000,174.782000,174.589000,174.731000,4,2025-09-25
2025-09-25 16:00:00,174.731990,174.868000,174.501010,174.753010,4,2025-09-25
2025-09-25 20:00:00,174.750000,174.834000,174.472000,174.615010,4,2025-09-26
2025-09-26 00:00:00,174.621000,174.940990,174.574010,174.632000,4,2025-09-26
2025-09-26 04:00:00,174.631000,174.800000,174.528000,174.558000,4,2025-09-26
2025-09-26 08:00:00,174.590000,174.850010,174.546010,174.809010,4,2025-09-26
2025-09-26 12:00:00,174.809010,174.858990,174.743000,174.815990,4,2025-09-26
2025-09-26 16:00:00,174.814000,175.018005,174.800990,174.921010,4,2025-09-26
2025-09-26 20:00:00,174.920000,174.972000,174.795000,174.817990,1,2025-09-26
2025-09-29 08:00:00,174.940000,174.962010,174.647990,174.772000,3,2025-09-29
2025-09-29 12:00:00,174.774000,174.783000,174.455000,174.488010,4,2025-09-29
2025-09-29 16:00:00,174.489000,174.503010,173.979000,174.125000,4,2025-09-29
2025-09-29 20:00:00,174.125000,174.647990,174.087006,174.445010,4,2025-09-30
2025-09-30 00:00:00,174.440990,174.485000,174.151990,174.164000,4,2025-09-30
2025-09-30 04:00:00,174.164000,174.382000,174.115010,174.213000,4,2025-09-30
2025-09-30 08:00:00,174.246000,174.416000,174.151990,174.245000,4,2025-09-30
2025-09-30 12:00:00,174.245000,174.337010,173.914990,173.983990,4,2025-09-30
2025-09-30 16:00:00,173.985990,174.054993,173.668000,173.830000,4,2025-09-30
2025-09-30 20:00:00,173.836000,173.922000,173.437000,173.470990,4,2025-10-01
2025-10-01 00:00:00,173.470990,173.720000,173.386000,173.634000,4,2025-10-01
2025-10-01 04:00:00,173.631000,173.646000,173.395000,173.487000,4,2025-10-01
2025-10-01 08:00:00,173.496990,173.914990,173.449010,173.679990,4,2025-10-01
2025-10-01 12:00:00,173.679990,173.726000,173.368000,173.371990,4,2025-10-01
2025-10-01 16:00:00,173.377000,173.381000,172.664000,172.714000,4,2025-10-01
2025-10-01 20:00:00,172.716000,172.724000,172.292010,172.449010,4,2025-10-02
2025-10-02 00:00:00,172.447010,172.668000,172.399990,172.533000,4,2025-10-02
2025-10-02 04:00:00,172.536000,172.664990,172.360990,172.495000,4,2025-10-02
2025-10-02 08:00:00,172.490010,172.744000,172.433000,172.539990,4,2025-10-02
2025-10-02 12:00:00,172.537990,172.766010,172.504000,172.700000,4,2025-10-02
2025-10-02 16:00:00,172.698000,172.981990,172.309010,172.345000,4,2025-10-02
2025-10-02 20:00:00,172.345990,172.809010,172.269000,172.580990,4,2025-10-03
2025-10-03 00:00:00,172.575000,172.585010,172.259000,172.401990,4,2025-10-03
2025-10-03 04:00:00,172.399990,172.569000,172.392000,172.490010,4,2025-10-03
2025-10-03 08:00:00,172.453990,173.098007,172.411000,172.976000,4,2025-10-03
2025-10-03 12:00:00,172.976000,173.213000,172.925000,173.151990,4,2025-10-03
2025-10-03 16:00:00,173.151990,173.190000,172.893010,172.967000,4,2025-10-03
2025-10-03 20:00:00,172.970000,172.975010,172.876010,172.897990,1,2025-10-03
2025-10-06 08:00:00,174.951000,175.502000,174.770000,175.396000,2,2025-10-06
2025-10-06 12:00:00,175.394000,176.235990,175.292010,176.164000,4,2025-10-06
2025-10-06 16:00:00,176.164000,176.252000,174.894000,175.440000,4,2025-10-06
2025-10-06 20:00:00,175.442990,175.595000,174.963000,175.078995,4,2025-10-07
2025-10-07 00:00:00,175.078995,175.871000,175.050995,175.866000,4,2025-10-07
2025-10-07 04:00:00,175.865010,176.139010,175.774000,176.007004,4,2025-10-07
2025-10-07 08:00:00,176.035004,176.343990,175.832000,176.203000,4,2025-10-07
2025-10-07 12:00:00,176.201000,176.261000,175.868000,175.957990,4,2025-10-07
2025-10-07 16:00:00,175.955990,176.102010,175.779010,175.903000,4,2025-10-07
2025-10-07 20:00:00,175.903000,176.061996,175.787000,175.967000,4,2025-10-08
2025-10-08 00:00:00,175.965000,176.722000,175.889010,176.595000,4,2025-10-08
2025-10-08 04:00:00,176.595990,177.144000,176.589000,177.059998,4,2025-10-08
2025-10-08 08:00:00,177.052994,177.457000,176.871000,177.392000,4,2025-10-08
2025-10-08 12:00:00,177.388000,177.434010,176.953990,177.031998,4,2025-10-08
2025-10-08 16:00:00,177.029999,177.455000,176.891010,177.405000,4,2025-10-08
2025-10-08 20:00:00,177.403000,177.855000,177.354000,177.399000,4,2025-10-09
2025-10-09 00:00:00,177.399000,177.593990,177.177990,177.274000,4,2025-10-09
2025-10-09 04:00:00,177.274000,177.625000,177.263000,177.442000,4,2025-10-09
2025-10-09 08:00:00,177.445010,177.700000,177.330990,177.695010,4,2025-10-09
2025-10-09 12:00:00,177.701000,177.787990,177.408000,177.554000,4,2025-10-09
2025-10-09 16:00:00,177.554990,177.934010,177.384990,177.438000,4,2025-10-09
2025-10-09 20:00:00,177.437000,177.506000,177.225010,177.409000,4,2025-10-10
2025-10-10 00:00:00,177.412000,177.477010,176.705990,176.840000,4,2025-10-10
2025-10-10 04:00:00,176.834000,177.041000,176.789000,176.979000,4,2025-10-10
2025-10-10 08:00:00,176.707990,177.154010,176.707990,176.938000,4,2025-10-10
2025-10-10 12:00:00,176.937000,177.016006,176.641010,176.800990,4,2025-10-10
2025-10-10 16:00:00,176.797000,177.082993,176.328000,176.756000,4,2025-10-10
2025-10-10 20:00:00,176.750000,176.927000,176.705000,176.852010,1,2025-10-10
2025-10-13 08:00:00,176.283000,176.450000,176.116000,176.377000,2,2025-10-13
2025-10-13 12:00:00,176.371000,176.615010,176.371000,176.522000,4,2025-10-13
2025-10-13 16:00:00,176.520000,176.910000,176.330990,176.485000,4,2025-10-13
2025-10-13 20:00:00,176.483990,176.565000,175.899000,176.085007,4,2025-10-14
2025-10-14 00:00:00,176.085007,176.294010,175.991000,176.266010,4,2025-10-14
2025-10-14 04:00:00,176.267000,176.328000,176.140000,176.166000,4,2025-10-14
2025-10-14 08:00:00,176.162000,176.375000,176.009995,176.263000,4,2025-10-14
2025-10-14 12:00:00,176.266010,176.453000,175.832990,176.026001,4,2025-10-14
2025-10-14 16:00:00,176.026001,176.035995,175.345990,175.666000,4,2025-10-14
2025-10-14 20:00:00,175.666000,175.870000,175.500000,175.697010,4,2025-10-15
2025-10-15 00:00:00,175.700000,176.283000,175.684010,176.156010,4,2025-10-15
2025-10-15 04:00:00,176.156010,176.293000,175.968990,176.213000,4,2025-10-15
2025-10-15 08:00:00,176.212010,176.299000,175.875000,175.968000,4,2025-10-15
2025-10-15 12:00:00,175.972000,176.007996,175.505000,175.720000,4,2025-10-15
2025-10-15 16:00:00,175.720000,176.172000,175.429990,175.899000,4,2025-10-15
2025-10-15 20:00:00,175.899000,176.259000,175.890000,176.160000,4,2025-10-16
2025-10-16 00:00:00,176.162000,176.302990,175.839000,175.980000,4,2025-10-16
2025-10-16 04:00:00,175.983000,176.156010,175.811000,175.923000,4,2025-10-16
2025-10-16 08:00:00,175.919010,176.127000,175.496990,175.769000,4,2025-10-16
2025-10-16 12:00:00,175.766010,176.134000,175.666000,176.052994,4,2025-10-16
2025-10-16 16:00:00,176.046997,176.360000,175.867000,176.325000,4,2025-10-16
2025-10-16 20:00:00,176.328000,176.455990,176.042007,176.183000,4,2025-10-17
2025-10-17 00:00:00,176.187000,176.327000,175.445010,175.615010,4,2025-10-17
2025-10-17 04:00:00,175.614000,175.856000,175.534000,175.799000,4,2025-10-17
2025-10-17 08:00:00,175.799000,175.871990,175.526990,175.868000,4,2025-10-17
2025-10-17 12:00:00,175.866000,175.968000,175.550990,175.601000,4,2025-10-17
2025-10-17 16:00:00,175.603000,175.669010,174.810000,175.190990,4,2025-10-17
2025-10-17 20:00:00,175.195010,175.367000,175.050995,175.131000,1,2025-10-17
2025-10-20 08:00:00,175.794010,176.072006,175.780000,176.054001,2,2025-10-20
2025-10-20 12:00:00,176.056000,176.367000,175.631000,175.768010,4,2025-10-20
2025-10-20 16:00:00,175.767000,175.921010,175.593000,175.632000,4,2025-10-20
2025-10-20 20:00:00,175.629000,175.836000,175.238010,175.577000,4,2025-10-21
2025-10-21 00:00:00,175.584000,175.707000,175.425000,175.529010,4,2025-10-21
2025-10-21 04:00:00,175.528000,175.636990,175.406010,175.481990,4,2025-10-21
2025-10-21 08:00:00,175.472000,175.647990,175.343000,175.554000,4,2025-10-21
2025-10-21 12:00:00,175.556000,175.929990,175.384990,175.789990,4,2025-10-21
2025-10-21 16:00:00,175.783000,176.244000,175.561000,176.181000,4,2025-10-21
2025-10-21 20:00:00,176.185000,176.615010,176.158000,176.518010,4,2025-10-22
2025-10-22 00:00:00,176.516010,176.569000,175.837010,176.287990,4,2025-10-22
2025-10-22 04:00:00,176.287000,176.379000,176.161000,176.223010,4,2025-10-22
2025-10-22 08:00:00,176.229000,176.283000,175.947010,175.952000,4,2025-10-22
2025-10-22 12:00:00,175.955000,176.278000,175.845000,176.177990,4,2025-10-22
2025-10-22 16:00:00,176.174000,176.375000,175.864000,175.920000,4,2025-10-22
2025-10-22 20:00:00,175.914990,176.039001,175.763000,175.977010,4,2025-10-23
2025-10-23 00:00:00,175.970990,176.386990,175.968990,176.336000,4,2025-10-23
2025-10-23 04:00:00,176.340000,176.468990,176.085999,176.447010,4,2025-10-23
2025-10-23 08:00:00,176.399990,176.636000,176.272000,176.554990,4,2025-10-23
2025-10-23 12:00:00,176.554990,176.845000,176.529010,176.772990,4,2025-10-23
2025-10-23 16:00:00,176.774000,177.016006,176.668000,176.960010,4,2025-10-23
2025-10-23 20:00:00,176.962010,177.044998,176.864000,176.946000,4,2025-10-24
2025-10-24 00:00:00,176.950000,177.447010,176.884000,177.253010,4,2025-10-24
2025-10-24 04:00:00,177.255000,177.317990,177.168000,177.224000,4,2025-10-24
2025-10-24 08:00:00,177.216000,177.362000,177.133000,177.341000,4,2025-10-24
2025-10-24 12:00:00,177.342000,177.528000,177.302000,177.463000,4,2025-10-24
2025-10-24 16:00:00,177.461000,177.705990,177.296010,177.573000,4,2025-10-24
2025-10-24 20:00:00,177.567990,177.630000,177.463000,177.608000,1,2025-10-24
2025-10-27 08:00:00,178.028000,178.091995,177.843000,177.878010,1,2025-10-27
2025-10-27 12:00:00,177.881000,178.028000,177.789990,178.005005,4,2025-10-27
2025-10-27 16:00:00,178.005005,178.113010,177.632000,177.699010,4,2025-10-27
2025-10-27 20:00:00,177.703000,177.963000,177.621000,177.921010,4,2025-10-28
2025-10-28 00:00:00,177.921010,178.231990,177.882000,178.065994,4,2025-10-28
2025-10-28 04:00:00,178.061996,178.162000,177.978000,178.011002,4,2025-10-28
2025-10-28 08:00:00,178.007004,178.042999,177.657000,177.743000,4,2025-10-28
2025-10-28 12:00:00,177.738010,177.761990,177.153000,177.177000,4,2025-10-28
2025-10-28 16:00:00,177.171010,177.533000,177.022003,177.052994,4,2025-10-28
2025-10-28 20:00:00,177.054001,177.320010,176.985990,177.078995,4,2025-10-29
2025-10-29 00:00:00,177.078995,177.558000,177.035004,177.476000,4,2025-10-29
2025-10-29 04:00:00,177.475010,177.507000,177.151000,177.212010,4,2025-10-29
2025-10-29 08:00:00,177.211000,177.315990,176.651990,176.720000,4,2025-10-29
2025-10-29 12:00:00,176.712010,177.136000,176.628010,176.918000,4,2025-10-29
2025-10-29 16:00:00,176.918000,177.408000,176.837010,177.054993,4,2025-10-29
2025-10-29 20:00:00,177.057007,177.356000,177.011993,177.112000,4,2025-10-30
2025-10-30 00:00:00,177.110000,177.408000,176.766010,177.360990,4,2025-10-30
2025-10-30 04:00:00,177.358990,177.593990,177.044006,177.166000,4,2025-10-30
2025-10-30 08:00:00,177.167010,177.388000,176.996000,177.245000,4,2025-10-30
2025-10-30 12:00:00,177.246990,177.897000,176.812000,177.707000,4,2025-10-30
2025-10-30 16:00:00,177.702000,178.705000,177.589000,178.618000,4,2025-10-30
2025-10-30 20:00:00,178.599000,178.821000,178.220000,178.271000,4,2025-10-31
2025-10-31 00:00:00,178.289990,178.610990,178.183000,178.286000,4,2025-10-31
2025-10-31 04:00:00,178.286000,178.345990,178.136990,178.244000,4,2025-10-31
2025-10-31 08:00:00,178.240010,178.317000,178.031006,178.121000,4,2025-10-31
2025-10-31 12:00:00,178.121990,178.227010,177.832990,178.145000,4,2025-10-31
2025-10-31 16:00:00,178.139010,178.561000,177.964000,178.481000,4,2025-10-31
2025-10-31 20:00:00,178.479000,178.535000,178.302000,178.437000,1,2025-10-31
2025-11-03 08:00:00,177.745000,177.784000,177.674000,177.696000,1,2025-11-03
2025-11-03 12:00:00,177.696000,177.716000,177.595000,177.702000,4,2025-11-03
2025-11-03 16:00:00,177.705000,177.976000,177.369000,177.425990,4,2025-11-03
2025-11-03 20:00:00,177.427000,177.617000,177.394000,177.571000,4,2025-11-04
2025-11-04 00:00:00,177.571000,177.751010,177.162990,177.717000,4,2025-11-04
2025-11-04 04:00:00,177.720990,177.776990,177.584000,177.619000,4,2025-11-04
2025-11-04 08:00:00,177.618000,177.780000,177.481990,177.616000,4,2025-11-04
2025-11-04 12:00:00,177.616000,177.662000,177.132000,177.311000,4,2025-11-04
2025-11-04 16:00:00,177.311000,177.330990,176.778000,176.908000,4,2025-11-04
2025-11-04 20:00:00,176.906010,176.983990,176.261990,176.389010,4,2025-11-05
2025-11-05 00:00:00,176.388000,176.431000,176.087006,176.421010,4,2025-11-05
2025-11-05 04:00:00,176.420000,176.464000,176.294010,176.356990,4,2025-11-05
2025-11-05 08:00:00,176.362000,176.537000,175.959000,175.968990,4,2025-11-05
2025-11-05 12:00:00,175.970000,176.407000,175.695010,176.360990,4,2025-11-05
2025-11-05 16:00:00,176.360000,176.616000,176.306000,176.348010,4,2025-11-05
2025-11-05 20:00:00,176.345000,176.639010,176.307010,176.626010,4,2025-11-06
2025-11-06 00:00:00,176.623990,177.139010,176.552000,176.985000,4,2025-11-06
2025-11-06 04:00:00,176.988010,177.100010,176.828000,177.054993,4,2025-11-06
2025-11-06 08:00:00,177.054993,177.158000,176.889010,176.981000,4,2025-11-06
2025-11-06 12:00:00,176.981000,177.203990,176.931000,177.149000,4,2025-11-06
2025-11-06 16:00:00,177.149990,177.214000,176.864000,176.914000,4,2025-11-06
2025-11-06 20:00:00,176.917010,177.145000,176.884000,177.116000,4,2025-11-07
2025-11-07 00:00:00,177.118000,177.181000,176.494000,176.502000,4,2025-11-07
2025-11-07 04:00:00,176.502000,176.865010,176.278000,176.709000,4,2025-11-07
2025-11-07 08:00:00,176.710010,176.817990,176.504000,176.769000,4,2025-11-07
2025-11-07 12:00:00,176.761990,176.890000,176.519000,176.643010,4,2025-11-07
2025-11-07 16:00:00,176.636990,177.082993,176.636000,177.067001,4,2025-11-07
2025-11-07 20:00:00,177.065002,177.186000,177.007004,177.120000,2,2025-11-07
2025-11-10 08:00:00,177.565000,177.785000,177.320010,177.765000,1,2025-11-10
2025-11-10 12:00:00,177.766010,177.947010,177.689000,177.893010,4,2025-11-10
2025-11-10 16:00:00,177.893010,178.450000,177.882000,178.407000,4,2025-11-10
2025-11-10 20:00:00,178.406010,178.448000,178.181000,178.276000,4,2025-11-11
2025-11-11 00:00:00,178.280000,178.389010,177.740010,177.783000,4,2025-11-11
2025-11-11 04:00:00,177.783000,178.153000,177.731000,178.110990,4,2025-11-11
2025-11-11 08:00:00,178.110990,178.272000,177.906010,178.261000,4,2025-11-11
2025-11-11 12:00:00,178.257000,178.394000,178.220990,178.334000,4,2025-11-11
2025-11-11 16:00:00,178.334000,178.475010,178.106000,178.375000,4,2025-11-11
2025-11-11 20:00:00,178.378010,178.567990,178.360000,178.405000,4,2025-11-12
2025-11-12 00:00:00,178.404010,178.743000,178.253010,178.536000,4,2025-11-12
2025-11-12 04:00:00,178.537990,178.707000,178.509000,178.519000,4,2025-11-12
2025-11-12 08:00:00,178.518010,178.692990,178.410000,178.662990,4,2025-11-12
2025-11-12 12:00:00,178.661000,179.067993,178.601000,179.057999,4,2025-11-12
2025-11-12 16:00:00,179.061996,179.259990,178.935000,179.161000,4,2025-11-12
2025-11-12 20:00:00,179.166000,179.289000,179.093002,179.212010,4,2025-11-13
2025-11-13 00:00:00,179.215000,179.448000,179.170000,179.252000,4,2025-11-13
2025-11-13 04:00:00,179.246990,179.356990,179.138000,179.352010,4,2025-11-13
2025-11-13 08:00:00,179.349000,179.479000,179.240010,179.424000,4,2025-11-13
2025-11-13 12:00:00,179.422000,179.498990,179.217000,179.435000,4,2025-11-13
2025-11-13 16:00:00,179.434010,179.813000,179.404010,179.670000,4,2025-11-13
2025-11-13 20:00:00,179.674000,179.738010,179.343000,179.690990,4,2025-11-14
2025-11-14 00:00:00,179.690990,179.860990,179.397000,179.854000,4,2025-11-14
2025-11-14 04:00:00,179.851000,179.933000,179.657000,179.774000,4,2025-11-14
2025-11-14 08:00:00,179.774000,179.949010,179.643010,179.845000,4,2025-11-14
2025-11-14 12:00:00,179.845000,179.914000,179.670000,179.772000,4,2025-11-14
2025-11-14 16:00:00,179.774000,179.970990,179.632000,179.731000,4,2025-11-14
2025-11-14 20:00:00,179.731990,179.884000,179.659000,179.714000,2,2025-11-14
2025-11-17 08:00:00,179.552990,179.593990,179.254000,179.472000,1,2025-11-17
2025-11-17 12:00:00,179.473010,179.552990,179.349000,179.408000,4,2025-11-17
2025-11-17 16:00:00,179.406010,179.717000,179.342000,179.511990,4,2025-11-17
2025-11-17 20:00:00,179.509000,179.634990,179.427000,179.599000,4,2025-11-18
2025-11-18 00:00:00,179.597000,180.016998,179.453990,179.985000,4,2025-11-18
2025-11-18 04:00:00,179.987000,180.001999,179.741000,179.876010,4,2025-11-18
2025-11-18 08:00:00,179.880000,180.022003,179.774990,179.897990,4,2025-11-18
2025-11-18 12:00:00,179.899000,179.980000,179.598010,179.848010,4,2025-11-18
2025-11-18 16:00:00,179.849000,179.951000,179.625000,179.819000,4,2025-11-18
2025-11-18 20:00:00,179.820010,180.095993,179.765000,179.886990,4,2025-11-19
2025-11-19 00:00:00,179.886000,180.198000,179.781010,179.980000,4,2025-11-19
2025-11-19 04:00:00,179.983990,180.289990,179.968990,180.106990,4,2025-11-19
2025-11-19 08:00:00,180.105000,180.171010,179.916000,180.067001,4,2025-11-19
2025-11-19 12:00:00,180.067001,180.134000,179.770000,179.924000,4,2025-11-19
2025-11-19 16:00:00,179.924000,180.287000,179.907000,180.123990,4,2025-11-19
2025-11-19 20:00:00,180.125000,180.976000,180.029999,180.903000,4,2025-11-20
2025-11-20 00:00:00,180.903000,180.998000,180.599000,180.752000,4,2025-11-20
2025-11-20 04:00:00,180.748990,180.983000,180.692990,180.916000,4,2025-11-20
2025-11-20 08:00:00,180.918000,181.393010,180.908000,181.181000,4,2025-11-20
2025-11-20 12:00:00,181.181000,181.425990,181.076004,181.326000,4,2025-11-20
2025-11-20 16:00:00,181.322010,181.726000,181.011993,181.059998,4,2025-11-20
2025-11-20 20:00:00,181.056000,181.592000,181.056000,181.531010,4,2025-11-21
2025-11-21 00:00:00,181.530000,182.005997,181.338000,181.578000,4,2025-11-21
2025-11-21 04:00:00,181.573000,181.836000,181.418000,181.630000,4,2025-11-21
2025-11-21 08:00:00,181.628010,181.642000,181.285000,181.474000,4,2025-11-21
2025-11-21 12:00:00,181.470000,181.657000,181.261990,181.472000,4,2025-11-21
2025-11-21 16:00:00,181.472000,181.513000,180.669010,181.098007,4,2025-11-21
2025-11-21 20:00:00,181.098007,181.112000,180.294010,180.621000,2,2025-11-21
2025-11-24 08:00:00,180.300000,180.401000,180.267000,180.351000,1,2025-11-24
2025-11-24 12:00:00,180.350010,180.461000,180.276000,180.353000,4,2025-11-24
2025-11-24 16:00:00,180.353000,180.918000,180.343990,180.860000,4,2025-11-24
2025-11-24 20:00:00,180.869000,181.123000,180.595990,181.120000,4,2025-11-25
2025-11-25 00:00:00,181.120000,181.266010,180.660000,180.762900,4,2025-11-25
2025-11-25 04:00:00,180.764300,180.793950,180.672160,180.696980,4,2025-11-25
2025-11-25 08:00:00,180.699930,180.858660,180.546840,180.571160,4,2025-11-25
2025-11-25 12:00:00,180.568940,180.684770,180.503010,180.562980,4,2025-11-25
2025-11-25 16:00:00,180.558000,180.603880,180.397420,180.429060,4,2025-11-25
2025-11-25 20:00:00,180.425290,181.012670,180.122670,180.490740,4,2025-11-26
2025-11-26 00:00:00,180.489050,180.705220,180.338890,180.539160,4,2025-11-26
2025-11-26 04:00:00,180.544460,180.658190,180.400940,180.548200,4,2025-11-26
2025-11-26 08:00:00,180.548620,180.821960,180.456310,180.772600,4,2025-11-26
2025-11-26 12:00:00,180.771090,180.957330,180.362570,180.761020,4,2025-11-26
2025-11-26 16:00:00,180.756550,181.281350,180.756550,181.024280,4,2025-11-26
2025-11-26 20:00:00,181.018160,181.250460,180.959410,181.084600,4,2025-11-27
2025-11-27 00:00:00,181.082110,181.488840,180.937490,181.292670,4,2025-11-27
2025-11-27 04:00:00,181.291530,181.439310,181.192280,181.372960,4,2025-11-27
2025-11-27 08:00:00,181.376090,181.457080,180.846270,181.010960,4,2025-11-27
2025-11-27 12:00:00,181.009870,181.337430,180.779930,180.987930,4,2025-11-27
2025-11-27 16:00:00,180.983410,181.275750,180.803040,181.250740,4,2025-11-27
2025-11-27 20:00:00,181.249580,181.254750,180.969630,181.142000,4,2025-11-28
2025-11-28 00:00:00,181.140370,181.311020,181.109900,181.257990,4,2025-11-28
2025-11-28 04:00:00,181.259500,181.311090,181.217840,181.250700,4,2025-11-28
2025-11-28 08:00:00,181.252900,181.559000,181.193020,181.399810,4,2025-11-28
2025-11-28 12:00:00,181.399590,181.409550,180.901370,181.062110,4,2025-11-28
2025-11-28 16:00:00,181.058970,181.254670,180.841240,180.920130,4,2025-11-28
2025-11-28 20:00:00,180.913870,181.030210,180.617600,180.645390,2,2025-11-28
2025-12-01 08:00:00,180.991580,181.161070,180.677730,180.857360,3,2025-12-01
2025-12-01 12:00:00,180.856130,180.922050,180.202450,180.438990,4,2025-12-01
2025-12-01 16:00:00,180.436390,180.660990,180.295030,180.558830,4,2025-12-01
2025-12-01 20:00:00,180.555200,180.637440,180.271330,180.302330,4,2025-12-02
2025-12-02 00:00:00,180.303530,180.543650,180.164820,180.488740,4,2025-12-02
2025-12-02 04:00:00,180.489940,180.608300,180.452240,180.462610,4,2025-12-02
2025-12-02 08:00:00,180.461930,180.680110,180.446230,180.634390,4,2025-12-02
2025-12-02 12:00:00,180.632750,180.799200,180.612220,180.690990,4,2025-12-02
2025-12-02 16:00:00,180.686390,181.153840,180.686390,181.112350,4,2025-12-02
2025-12-02 20:00:00,181.107670,181.272840,180.991320,181.267590,4,2025-12-03
2025-12-03 00:00:00,181.266450,181.381320,180.751940,180.803190,4,2025-12-03
2025-12-03 04:00:00,180.804830,181.186010,180.801840,181.159050,4,2025-12-03
2025-12-03 08:00:00,181.160700,181.260960,181.045800,181.167340,4,2025-12-03
2025-12-03 12:00:00,181.165420,181.301050,181.060070,181.230210,4,2025-12-03
2025-12-03 16:00:00,181.227690,181.329710,181.131110,181.293200,4,2025-12-03
2025-12-03 20:00:00,181.291430,181.408920,181.122960,181.259800,4,2025-12-04
2025-12-04 00:00:00,181.258980,181.455620,180.817920,180.912670,4,2025-12-04
2025-12-04 04:00:00,180.915190,181.144350,180.876970,181.089160,4,2025-12-04
2025-12-04 08:00:00,181.089750,181.279190,180.847840,180.958610,4,2025-12-04
2025-12-04 12:00:00,180.958250,181.305150,180.919360,181.227960,4,2025-12-04
2025-12-04 16:00:00,181.221810,181.287800,180.747200,180.988860,4,2025-12-04
2025-12-04 20:00:00,180.988860,181.024950,180.414550,180.488090,4,2025-12-05
2025-12-05 00:00:00,180.490800,180.685740,180.415170,180.598010,4,2025-12-05
2025-12-05 04:00:00,180.598010,180.657310,180.526000,180.606090,4,2025-12-05
2025-12-05 08:00:00,180.603460,180.778030,180.524010,180.551120,4,2025-12-05
2025-12-05 12:00:00,180.546650,180.739620,180.481780,180.547670,4,2025-12-05
2025-12-05 16:00:00,180.546610,180.551400,180.124220,180.487580,4,2025-12-05
2025-12-05 20:00:00,180.487840,180.774430,180.460210,180.755940,2,2025-12-05
2025-12-08 08:00:00,180.701870,180.872850,180.633220,180.692590,3,2025-12-08
2025-12-08 12:00:00,180.688440,180.772050,180.493890,180.743640,4,2025-12-08
2025-12-08 16:00:00,180.740770,181.180720,180.740770,181.125080,4,2025-12-08
2025-12-08 20:00:00,181.121650,181.330240,181.096350,181.276570,4,2025-12-09
2025-12-09 00:00:00,181.276400,181.429640,181.095740,181.228490,4,2025-12-09
2025-12-09 04:00:00,181.230330,181.505710,181.116400,181.491790,4,2025-12-09
2025-12-09 08:00:00,181.490050,181.575230,181.339150,181.571160,4,2025-12-09
2025-12-09 12:00:00,181.566760,181.645060,181.424760,181.632960,4,2025-12-09
2025-12-09 16:00:00,181.629790,182.151170,181.583190,182.055870,4,2025-12-09
2025-12-09 20:00:00,182.054260,182.059770,181.665880,181.967830,4,2025-12-10
2025-12-10 00:00:00,181.967920,182.645210,181.887750,182.563720,4,2025-12-10
2025-12-10 04:00:00,182.563450,182.576180,182.300940,182.412250,4,2025-12-10
2025-12-10 08:00:00,182.419830,182.495500,182.213690,182.216190,4,2025-12-10
2025-12-10 12:00:00,182.213710,182.264180,182.019950,182.128940,4,2025-12-10
2025-12-10 16:00:00,182.124920,182.632010,182.084290,182.562690,4,2025-12-10
2025-12-10 20:00:00,182.553510,182.608410,182.294530,182.422380,4,2025-12-11
2025-12-11 00:00:00,182.422490,182.424840,182.069280,182.140070,4,2025-12-11
2025-12-11 04:00:00,182.142390,182.550320,182.108050,182.339440,4,2025-12-11
2025-12-11 08:00:00,182.345330,182.532270,182.080760,182.333850,4,2025-12-11
2025-12-11 12:00:00,182.332160,182.352780,181.948960,182.190970,4,2025-12-11
2025-12-11 16:00:00,182.183230,182.565420,182.183230,182.358200,4,2025-12-11
2025-12-11 20:00:00,182.357410,182.549390,182.209030,182.287040,4,2025-12-12
2025-12-12 00:00:00,182.285960,182.469090,181.911590,182.393320,4,2025-12-12
2025-12-12 04:00:00,182.396670,182.751930,182.377390,182.677730,4,2025-12-12
2025-12-12 08:00:00,182.681660,182.854040,182.547530,182.819730,4,2025-12-12
2025-12-12 12:00:00,182.814560,182.871430,182.605460,182.739180,4,2025-12-12
2025-12-12 16:00:00,182.735890,182.899390,182.598330,182.771110,4,2025-12-12
2025-12-12 20:00:00,182.766680,182.963110,182.714330,182.851980,2,2025-12-12
2025-12-15 08:00:00,182.943850,183.025210,182.837560,182.928620,3,2025-12-15
2025-12-15 12:00:00,182.925750,182.928560,182.108300,182.168140,4,2025-12-15
2025-12-15 16:00:00,182.166980,182.188370,181.854030,182.051560,4,2025-12-15
2025-12-15 20:00:00,182.049250,182.307290,181.943970,182.277750,4,2025-12-16
2025-12-16 00:00:00,182.278190,182.612930,182.114300,182.563110,4,2025-12-16
2025-12-16 04:00:00,182.564270,182.584150,182.393950,182.429740,4,2025-12-16
2025-12-16 08:00:00,182.431470,182.467890,181.955280,182.168650,4,2025-12-16
2025-12-16 12:00:00,182.167300,182.255710,181.892210,181.940730,4,2025-12-16
2025-12-16 16:00:00,181.937780,182.152500,181.801050,182.039740,4,2025-12-16
2025-12-16 20:00:00,182.039530,182.185030,181.976450,182.078750,4,2025-12-17
2025-12-17 00:00:00,182.080980,182.480090,181.976410,182.216790,4,2025-12-17
2025-12-17 04:00:00,182.217510,182.277180,181.737190,181.864560,4,2025-12-17
2025-12-17 08:00:00,181.863260,181.914560,181.650500,181.679210,4,2025-12-17
2025-12-17 12:00:00,181.677520,182.012130,181.576010,181.988880,4,2025-12-17
2025-12-17 16:00:00,181.988900,182.248140,181.859990,182.229720,4,2025-12-17
2025-12-17 20:00:00,182.225890,182.337550,182.132940,182.325510,4,2025-12-18
2025-12-18 00:00:00,182.327330,182.783480,182.264530,182.775280,4,2025-12-18
2025-12-18 04:00:00,182.777880,182.891250,182.715220,182.790640,4,2025-12-18
2025-12-18 08:00:00,182.792460,182.854920,182.532920,182.613340,4,2025-12-18
2025-12-18 12:00:00,182.610450,182.914650,182.566010,182.894870,4,2025-12-18
2025-12-18 16:00:00,182.890390,183.177300,182.779830,182.849560,4,2025-12-18
2025-12-18 20:00:00,182.842890,182.878640,182.463510,182.512190,4,2025-12-19
2025-12-19 00:00:00,182.513270,182.830990,182.326580,182.413510,4,2025-12-19
2025-12-19 04:00:00,182.417090,182.497650,182.321870,182.419480,4,2025-12-19
2025-12-19 08:00:00,182.417890,182.657380,182.251340,182.629320,4,2025-12-19
2025-12-19 12:00:00,182.626050,183.005710,182.513690,182.897350,4,2025-12-19
2025-12-19 16:00:00,182.894430,183.880300,182.692750,183.817860,4,2025-12-19
2025-12-19 20:00:00,183.815550,184.363250,183.754950,184.345240,2,2025-12-19
2025-12-22 08:00:00,184.732450,184.867770,184.451850,184.605900,3,2025-12-22
2025-12-22 12:00:00,184.607600,184.618210,184.267400,184.385770,4,2025-12-22
2025-12-22 16:00:00,184.383740,184.896490,184.304100,184.891770,4,2025-12-22
2025-12-22 20:00:00,184.887910,184.911900,184.620270,184.823120,4,2025-12-23
2025-12-23 00:00:00,184.820860,184.827180,184.361130,184.392110,4,2025-12-23
2025-12-23 04:00:00,184.389920,184.590750,184.344520,184.555220,4,2025-12-23
2025-12-23 08:00:00,184.556280,184.728860,184.322500,184.337710,4,2025-12-23
2025-12-23 12:00:00,184.334310,184.336430,183.688270,183.700020,4,2025-12-23
2025-12-23 16:00:00,183.696930,183.928680,183.641950,183.816380,4,2025-12-23
2025-12-23 20:00:00,183.825900,184.079930,183.483940,183.940100,4,2025-12-24
2025-12-24 00:00:00,183.935100,184.271570,183.881550,184.098990,4,2025-12-24
2025-12-24 04:00:00,184.099230,184.272520,183.936060,184.244220,4,2025-12-24
2025-12-24 08:00:00,184.249110,184.335960,184.052680,184.101360,4,2025-12-24
2025-12-24 12:00:00,184.094300,184.204100,183.656680,183.734320,4,2025-12-24
2025-12-24 16:00:00,183.729370,183.893160,183.641800,183.785460,4,2025-12-24
2025-12-24 20:00:00,183.783480,183.967580,183.729020,183.885770,4,2025-12-25
2025-12-26 00:00:00,183.810340,183.936180,183.545290,183.919120,4,2025-12-26
2025-12-26 04:00:00,183.915130,184.119130,183.368880,183.427030,4,2025-12-26
2025-12-26 08:00:00,183.428580,184.422910,183.327780,184.365960,4,2025-12-26
2025-12-26 12:00:00,184.364960,184.367980,183.851360,184.014590,4,2025-12-26
2025-12-26 16:00:00,184.010330,184.176760,183.941010,184.140940,4,2025-12-26
2025-12-26 20:00:00,184.142180,184.226750,184.080370,184.152330,2,2025-12-26
2025-12-29 08:00:00,184.295070,184.368910,183.789580,184.120650,3,2025-12-29
2025-12-29 12:00:00,184.119880,184.391080,183.938790,183.981580,4,2025-12-29
2025-12-29 16:00:00,183.978040,184.192860,183.687560,184.157950,4,2025-12-29
2025-12-29 20:00:00,184.147370,184.222460,183.843640,183.888280,4,2025-12-30
2025-12-30 00:00:00,183.888560,184.115330,183.444030,183.547630,4,2025-12-30
2025-12-30 04:00:00,183.547940,183.747880,183.467630,183.710560,4,2025-12-30
2025-12-30 08:00:00,183.714260,184.073880,183.614340,183.985970,4,2025-12-30
2025-12-30 12:00:00,183.984400,184.069290,183.807330,183.839520,4,2025-12-30
2025-12-30 16:00:00,183.838590,183.858590,183.454400,183.554480,4,2025-12-30
2025-12-30 20:00:00,183.550550,183.695780,183.405350,183.449250,4,2025-12-31
2025-12-31 00:00:00,183.449500,183.962490,183.402840,183.851010,4,2025-12-31
2025-12-31 04:00:00,183.852130,183.948710,183.771600,183.781550,4,2025-12-31
2025-12-31 08:00:00,183.780270,183.790420,183.564320,183.715780,4,2025-12-31
2025-12-31 12:00:00,183.712930,183.814350,183.678720,183.802480,4,2025-12-31
2025-12-31 16:00:00,183.801030,183.851540,183.541130,183.590240,4,2025-12-31
2025-12-31 20:00:00,183.587890,184.151610,183.562370,184.120330,4,2026-01-01
2026-01-02 00:00:00,184.079200,184.120340,183.957220,184.063870,4,2026-01-02
2026-01-02 04:00:00,184.063750,184.181700,183.526830,184.032550,4,2026-01-02
2026-01-02 08:00:00,184.034470,184.290480,183.963590,184.060800,4,2026-01-02
2026-01-02 12:00:00,184.059200,184.418410,184.059200,184.368270,4,2026-01-02
2026-01-02 16:00:00,184.364810,184.428940,184.004480,184.023230,4,2026-01-02
2026-01-02 20:00:00,184.024170,184.070070,183.724830,183.850130,2,2026-01-02
2026-01-05 08:00:00,183.767630,184.082320,183.528130,183.938380,3,2026-01-05
2026-01-05 12:00:00,183.934900,183.946160,183.479340,183.741540,4,2026-01-05
2026-01-05 16:00:00,183.737030,183.745630,183.203310,183.252100,4,2026-01-05
2026-01-05 20:00:00,183.252050,183.348040,182.831260,182.831260,4,2026-01-06
2026-01-06 00:00:00,182.833330,183.319160,182.830010,183.161440,4,2026-01-06
2026-01-06 04:00:00,183.159260,183.310400,183.053960,183.310400,4,2026-01-06
2026-01-06 08:00:00,183.308260,183.638640,183.241180,183.425740,4,2026-01-06
2026-01-06 12:00:00,183.418130,183.567730,183.351230,183.500410,4,2026-01-06
2026-01-06 16:00:00,183.495440,183.637960,183.238860,183.354540,4,2026-01-06
2026-01-06 20:00:00,183.354810,183.356490,183.032230,183.130340,4,2026-01-07
2026-01-07 00:00:00,183.128550,183.201580,183.037880,183.177260,4,2026-01-07
2026-01-07 04:00:00,183.174470,183.381430,183.054240,183.072030,4,2026-01-07
2026-01-07 08:00:00,183.068520,183.238860,183.035260,183.150040,4,2026-01-07
2026-01-07 12:00:00,183.147760,183.382040,183.017930,183.022560,4,2026-01-07
2026-01-07 16:00:00,183.021670,183.026020,182.715540,182.914300,4,2026-01-07
2026-01-07 20:00:00,182.915240,183.044430,182.795900,182.927460,4,2026-01-08
2026-01-08 00:00:00,182.929590,183.240970,182.780690,183.221370,4,2026-01-08
2026-01-08 04:00:00,183.218260,183.220410,183.028490,183.129290,4,2026-01-08
2026-01-08 08:00:00,183.126640,183.131060,182.940050,183.072010,4,2026-01-08
2026-01-08 12:00:00,183.068750,183.250420,182.982250,183.027160,4,2026-01-08
2026-01-08 16:00:00,183.024250,183.087160,182.734350,182.909420,4,2026-01-08
2026-01-08 20:00:00,182.909190,183.109970,182.846680,182.942500,4,2026-01-09
2026-01-09 00:00:00,182.944270,183.229900,182.851050,182.887390,4,2026-01-09
2026-01-09 04:00:00,182.884620,182.936310,182.638080,182.882610,4,2026-01-09
2026-01-09 08:00:00,182.878680,183.043990,182.742640,182.989430,4,2026-01-09
2026-01-09 12:00:00,182.985960,183.329480,182.971640,183.234250,4,2026-01-09
2026-01-09 16:00:00,183.230780,183.636630,183.230780,183.636630,4,2026-01-09
2026-01-09 20:00:00,183.635880,183.671530,183.521000,183.628870,2,2026-01-09
2026-01-11 20:00:00,183.697880,183.760510,182.874610,183.317710,2,2026-01-12
2026-01-12 00:00:00,183.318940,183.871700,182.602910,183.134020,4,2026-01-12
2026-01-12 04:00:00,183.132640,184.111260,183.047930,183.850440,4,2026-01-12
2026-01-12 08:00:00,183.845510,184.027080,183.673070,183.823810,4,2026-01-12
2026-01-12 12:00:00,183.817640,184.375510,183.813620,184.314830,4,2026-01-12
2026-01-12 16:00:00,184.314270,184.488660,184.239890,184.400810,4,2026-01-12
2026-01-12 20:00:00,184.398410,184.543090,184.365270,184.413810,4,2026-01-13
2026-01-13 00:00:00,184.414180,184.656870,184.364440,184.596930,4,2026-01-13
2026-01-13 04:00:00,184.599280,184.611440,184.421070,184.527570,4,2026-01-13
2026-01-13 08:00:00,184.527780,184.562390,184.278780,184.483970,4,2026-01-13
2026-01-13 12:00:00,184.480060,185.293550,184.480060,185.176180,4,2026-01-13
2026-01-13 16:00:00,185.172240,185.537750,185.076470,185.484690,4,2026-01-13
2026-01-13 20:00:00,185.484530,185.529600,185.184280,185.196470,4,2026-01-14
2026-01-14 00:00:00,185.196220,185.451700,185.110540,185.269240,4,2026-01-14
2026-01-14 04:00:00,185.269560,185.390940,185.169100,185.309580,4,2026-01-14
2026-01-14 08:00:00,185.311430,185.419570,185.180610,185.359700,4,2026-01-14
2026-01-14 12:00:00,185.360040,185.572070,185.284490,185.389350,4,2026-01-14
2026-01-14 16:00:00,185.385410,185.572250,185.052120,185.126210,4,2026-01-14
2026-01-14 20:00:00,185.123850,185.132020,184.542850,184.861340,4,2026-01-15
2026-01-15 00:00:00,184.861500,184.873680,184.297280,184.323350,4,2026-01-15
2026-01-15 04:00:00,184.322570,184.655220,184.304520,184.641360,4,2026-01-15
2026-01-15 08:00:00,184.644290,184.686550,184.281040,184.347950,4,2026-01-15
2026-01-15 12:00:00,184.343610,184.620800,184.193990,184.533680,4,2026-01-15
2026-01-15 16:00:00,184.528390,184.652870,184.262600,184.571700,4,2026-01-15
2026-01-15 20:00:00,184.570640,184.606130,184.168970,184.319070,4,2026-01-16
2026-01-16 00:00:00,184.322410,184.362300,183.883010,183.955480,4,2026-01-16
2026-01-16 04:00:00,183.952690,184.154310,183.931770,184.098920,4,2026-01-16
2026-01-16 08:00:00,184.096420,184.201700,184.012350,184.129070,4,2026-01-16
2026-01-16 12:00:00,184.127450,184.132540,183.440540,183.777970,4,2026-01-16
2026-01-16 16:00:00,183.774520,183.932270,183.510330,183.699740,4,2026-01-16
2026-01-16 20:00:00,183.699050,183.700390,183.559360,183.645330,2,2026-01-16
2026-01-18 20:00:00,183.584440,183.640880,183.547210,183.547210,2,2026-01-19
2026-01-19 00:00:00,183.548000,183.556000,183.269010,183.373070,4,2026-01-19
2026-01-19 04:00:00,183.370800,183.688560,182.642530,182.801690,4,2026-01-19
2026-01-19 08:00:00,182.801240,183.372750,182.723760,183.188320,4,2026-01-19
2026-01-19 12:00:00,183.186230,183.653570,183.022700,183.612790,4,2026-01-19
2026-01-19 16:00:00,183.612100,183.840000,183.499760,183.705930,4,2026-01-19
2026-01-19 20:00:00,183.706320,183.813660,183.493950,183.716550,4,2026-01-20
2026-01-20 00:00:00,183.718190,184.151040,183.649430,184.052530,4,2026-01-20
2026-01-20 04:00:00,184.050030,184.153420,184.007460,184.150570,4,2026-01-20
2026-01-20 08:00:00,184.147520,184.186260,183.860970,183.860970,4,2026-01-20
2026-01-20 12:00:00,183.859190,184.363110,183.806950,184.348220,4,2026-01-20
2026-01-20 16:00:00,184.342090,185.254320,184.308340,184.944260,4,2026-01-20
2026-01-20 20:00:00,184.946090,185.252780,184.713650,185.131070,4,2026-01-21
2026-01-21 00:00:00,185.131940,185.520320,185.054730,185.352010,4,2026-01-21
2026-01-21 04:00:00,185.354210,185.449110,185.273330,185.406050,4,2026-01-21
2026-01-21 08:00:00,185.406800,185.534800,185.350720,185.419760,4,2026-01-21
2026-01-21 12:00:00,185.416820,185.427880,185.109770,185.218620,4,2026-01-21
2026-01-21 16:00:00,185.216940,185.443980,184.833290,184.896370,4,2026-01-21
2026-01-21 20:00:00,184.896750,185.196340,184.867090,185.170740,4,2026-01-22
2026-01-22 00:00:00,185.171400,185.435210,185.043900,185.116980,4,2026-01-22
2026-01-22 04:00:00,185.121120,185.206570,185.036010,185.103540,4,2026-01-22
2026-01-22 08:00:00,185.103010,185.116860,184.827220,184.958570,4,2026-01-22
2026-01-22 12:00:00,184.954800,185.579680,184.896710,185.491010,4,2026-01-22
2026-01-22 16:00:00,185.484810,185.772280,185.412920,185.611550,4,2026-01-22
2026-01-22 20:00:00,185.612370,185.898110,185.460590,185.896790,4,2026-01-23
2026-01-23 00:00:00,185.895720,186.010750,185.726220,185.893620,4,2026-01-23
2026-01-23 04:00:00,185.893460,186.146390,185.782360,186.136110,4,2026-01-23
2026-01-23 08:00:00,186.140870,186.334840,186.077490,186.249500,4,2026-01-23
2026-01-23 12:00:00,186.248390,186.442780,186.175010,186.307800,4,2026-01-23
2026-01-23 16:00:00,186.304130,186.880110,185.324180,185.668110,4,2026-01-23
2026-01-23 20:00:00,185.666240,185.672050,185.419810,185.639750,2,2026-01-23
2026-01-25 20:00:00,184.135880,184.252330,184.119970,184.243310,2,2026-01-26
2026-01-26 00:00:00,184.244300,184.311510,183.942830,184.097910,4,2026-01-26
2026-01-26 04:00:00,184.190080,185.170890,183.172810,183.372010,4,2026-01-26
2026-01-26 08:00:00,183.365160,184.120520,183.096920,183.629180,4,2026-01-26
2026-01-26 12:00:00,183.624350,183.706570,182.531710,182.669310,4,2026-01-26
2026-01-26 16:00:00,182.672330,183.008930,182.015390,182.453930,4,2026-01-26
2026-01-26 20:00:00,182.452070,182.587520,181.840460,182.567560,4,2026-01-27
2026-01-27 00:00:00,182.564870,183.092600,182.508390,182.907080,4,2026-01-27
2026-01-27 04:00:00,182.901560,183.203440,182.817660,183.072210,4,2026-01-27
2026-01-27 08:00:00,183.060050,183.387130,183.011130,183.249950,4,2026-01-27
2026-01-27 12:00:00,183.249020,183.596780,183.220830,183.567270,4,2026-01-27
2026-01-27 16:00:00,183.567600,183.686780,183.407100,183.504440,4,2026-01-27
2026-01-27 20:00:00,183.503160,183.555760,182.540790,182.887550,4,2026-01-28
2026-01-28 00:00:00,182.884870,183.431900,182.524250,183.329020,4,2026-01-28
2026-01-28 04:00:00,183.322160,183.638690,182.858220,183.347390,4,2026-01-28
2026-01-28 08:00:00,183.341410,183.473260,183.186450,183.410600,4,2026-01-28
2026-01-28 12:00:00,183.411870,183.576020,183.067750,183.083710,4,2026-01-28
2026-01-28 16:00:00,183.085190,183.233280,182.813400,182.866880,4,2026-01-28
2026-01-28 20:00:00,182.870510,183.081670,182.595880,182.759720,4,2026-01-29
2026-01-29 00:00:00,182.756370,183.554190,182.622960,183.446980,4,2026-01-29
2026-01-29 04:00:00,183.447630,183.534550,183.159840,183.218690,4,2026-01-29
2026-01-29 08:00:00,183.213230,183.478590,183.108280,183.320610,4,2026-01-29
2026-01-29 12:00:00,183.321400,183.485000,183.184860,183.430620,4,2026-01-29
2026-01-29 16:00:00,183.430970,183.725200,183.307180,183.518570,4,2026-01-29
2026-01-29 20:00:00,183.520590,183.554750,183.177460,183.304530,4,2026-01-30
2026-01-30 00:00:00,183.303280,183.454080,182.138670,182.603350,4,2026-01-30
2026-01-30 04:00:00,182.594920,183.195760,182.594920,183.192300,4,2026-01-30
2026-01-30 08:00:00,183.185550,183.376540,183.032500,183.152990,4,2026-01-30
2026-01-30 12:00:00,183.150960,183.698230,183.066470,183.538780,4,2026-01-30
2026-01-30 16:00:00,183.542270,183.740020,183.382980,183.700840,4,2026-01-30
2026-01-30 20:00:00,183.711450,183.859310,183.491130,183.776600,2,2026-01-30
2026-02-01 20:00:00,183.454460,183.488880,182.994420,183.284820,2,2026-02-02
2026-02-02 00:00:00,183.282140,183.430720,183.033780,183.155060,4,2026-02-02
2026-02-02 04:00:00,183.160890,183.846650,183.041290,183.617570,4,2026-02-02
2026-02-02 08:00:00,183.626430,184.258850,183.484070,184.216280,4,2026-02-02
2026-02-02 12:00:00,184.209750,184.276370,183.650740,183.719450,4,2026-02-02
2026-02-02 16:00:00,183.719960,183.900340,183.210510,183.648700,4,2026-02-02
2026-02-02 20:00:00,183.654290,183.796300,183.500960,183.618590,4,2026-02-03
2026-02-03 00:00:00,183.615550,183.751000,183.375900,183.603590,4,2026-02-03
2026-02-03 04:00:00,183.598840,183.658530,183.350510,183.432190,4,2026-02-03
2026-02-03 08:00:00,183.421100,183.670550,183.372210,183.569170,4,2026-02-03
2026-02-03 12:00:00,183.568340,183.751330,183.473940,183.536860,4,2026-02-03
2026-02-03 16:00:00,183.540050,183.801630,183.485540,183.766360,4,2026-02-03
2026-02-03 20:00:00,183.764730,183.955010,183.684070,183.892190,4,2026-02-04
2026-02-04 00:00:00,183.890050,184.081510,183.763340,184.027390,4,2026-02-04
2026-02-04 04:00:00,184.023590,184.119660,183.789270,184.090660,4,2026-02-04
2026-02-04 08:00:00,184.083010,184.354030,184.034460,184.342500,4,2026-02-04
2026-02-04 12:00:00,184.337390,184.968980,184.337390,184.966390,4,2026-02-04
2026-02-04 16:00:00,184.966030,185.155490,184.896060,185.098740,4,2026-02-04
2026-02-04 20:00:00,185.098080,185.245650,185.015250,185.168810,4,2026-02-05
2026-02-05 00:00:00,185.171060,185.239240,184.729070,184.859760,4,2026-02-05
2026-02-05 04:00:00,184.858030,185.266290,184.686300,185.230250,4,2026-02-05
2026-02-05 08:00:00,185.226560,185.297640,185.019670,185.093150,4,2026-02-05
2026-02-05 12:00:00,185.088350,185.285590,184.761810,184.882020,4,2026-02-05
2026-02-05 16:00:00,184.882700,185.506240,184.852780,185.316720,4,2026-02-05
2026-02-05 20:00:00,185.317880,185.459270,185.052670,185.203810,4,2026-02-06
2026-02-06 00:00:00,185.201310,185.267270,184.584150,185.184420,4,2026-02-06
2026-02-06 04:00:00,185.183000,185.201250,184.967810,185.019410,4,2026-02-06
2026-02-06 08:00:00,185.013900,185.066060,184.392990,184.602460,4,2026-02-06
2026-02-06 12:00:00,184.601100,184.892950,184.446780,184.772640,4,2026-02-06
2026-02-06 16:00:00,184.772620,185.153140,184.746400,185.131990,4,2026-02-06
2026-02-06 20:00:00,185.134340,185.292140,185.055760,185.097020,2,2026-02-06
2026-02-09 08:00:00,185.980000,186.009995,185.390000,185.608000,1,2026-02-09
2026-02-09 12:00:00,185.606000,185.639010,184.851000,185.312000,4,2026-02-09
2026-02-09 16:00:00,185.311000,185.918000,185.179000,185.793000,4,2026-02-09
2026-02-09 20:00:00,185.789000,185.940000,185.632000,185.804990,4,2026-02-10
2026-02-10 00:00:00,185.802000,185.839000,185.304990,185.712010,4,2026-02-10
2026-02-10 04:00:00,185.707000,185.852010,185.541710,185.739740,4,2026-02-10
2026-02-10 08:00:00,185.736290,186.014610,185.590430,185.729040,4,2026-02-10
2026-02-10 12:00:00,185.741790,185.741790,184.757500,184.853400,4,2026-02-10
2026-02-10 16:00:00,184.853950,185.329380,184.695860,185.274250,4,2026-02-10
2026-02-10 20:00:00,185.272600,185.273810,184.567750,184.589740,4,2026-02-11
2026-02-11 00:00:00,184.586590,184.589370,183.456560,183.599400,4,2026-02-11
2026-02-11 04:00:00,183.598090,183.794850,183.485630,183.587820,4,2026-02-11
2026-02-11 08:00:00,183.583890,183.708210,183.278430,183.327390,4,2026-02-11
2026-02-11 12:00:00,183.320970,183.327070,182.530610,182.574960,4,2026-02-11
2026-02-11 16:00:00,182.576000,182.673120,182.233180,182.550550,4,2026-02-11
2026-02-11 20:00:00,182.547670,182.874850,182.478130,182.787040,4,2026-02-12
2026-02-12 00:00:00,182.777370,183.189170,181.192010,181.757210,4,2026-02-12
2026-02-12 04:00:00,181.756210,181.936420,181.348920,181.900960,4,2026-02-12
2026-02-12 08:00:00,181.901000,182.126530,181.793870,181.851130,4,2026-02-12
2026-02-12 12:00:00,181.843830,181.884400,180.873630,181.304030,4,2026-02-12
2026-02-12 16:00:00,181.297540,182.011860,181.297540,181.664500,4,2026-02-12
2026-02-12 20:00:00,181.661170,182.514430,181.605450,182.475020,4,2026-02-13
2026-02-13 00:00:00,182.471920,182.539010,180.850380,181.215850,4,2026-02-13
2026-02-13 04:00:00,181.213270,181.540850,181.118100,181.255840,4,2026-02-13
2026-02-13 08:00:00,181.256970,181.537970,181.211490,181.395070,4,2026-02-13
2026-02-13 12:00:00,181.396470,181.944600,181.395180,181.786890,4,2026-02-13
2026-02-13 16:00:00,181.782270,182.224810,181.612270,182.180580,4,2026-02-13
2026-02-13 20:00:00,182.172530,182.286980,181.950270,181.965400,2,2026-02-13
2026-02-15 20:00:00,181.265110,181.650330,181.262650,181.467150,2,2026-02-16
2026-02-16 00:00:00,181.466610,181.684270,181.156780,181.358590,4,2026-02-16
2026-02-16 04:00:00,181.353860,181.448910,181.048740,181.244240,4,2026-02-16
2026-02-16 08:00:00,181.250280,181.613710,181.178220,181.592970,4,2026-02-16
2026-02-16 12:00:00,181.593440,181.786480,181.501400,181.786480,4,2026-02-16
2026-02-16 16:00:00,181.782350,182.068980,181.690630,181.942980,4,2026-02-16
2026-02-16 20:00:00,181.939360,182.293940,181.755610,181.782180,4,2026-02-17
2026-02-17 00:00:00,181.779180,181.996520,181.723820,181.909690,4,2026-02-17
2026-02-17 04:00:00,181.911420,182.024870,181.833650,181.936690,4,2026-02-17
2026-02-17 08:00:00,181.942110,182.165450,181.443500,181.456360,4,2026-02-17
2026-02-17 12:00:00,181.455690,181.685040,181.153650,181.279300,4,2026-02-17
2026-02-17 16:00:00,181.272920,181.311860,180.893810,180.893810,4,2026-02-17
2026-02-17 20:00:00,180.896840,181.310730,180.827560,181.066400,4,2026-02-18
2026-02-18 00:00:00,181.066730,181.790530,181.036160,181.699500,4,2026-02-18
2026-02-18 04:00:00,181.699280,181.750200,181.526970,181.633530,4,2026-02-18
2026-02-18 08:00:00,181.639680,181.774470,181.426390,181.557610,4,2026-02-18
2026-02-18 12:00:00,181.554940,182.014620,181.545350,181.898920,4,2026-02-18
2026-02-18 16:00:00,181.894470,181.944140,181.675930,181.894470,4,2026-02-18
2026-02-18 20:00:00,181.893510,182.074260,181.843410,181.975240,4,2026-02-19
2026-02-19 00:00:00,181.974110,182.534560,181.941270,182.405690,4,2026-02-19
2026-02-19 04:00:00,182.406040,182.526100,182.263850,182.442420,4,2026-02-19
2026-02-19 08:00:00,182.441660,182.514590,182.275790,182.435980,4,2026-02-19
2026-02-19 12:00:00,182.438620,183.038300,182.426700,182.889330,4,2026-02-19
2026-02-19 16:00:00,182.887600,183.143560,182.624200,182.727020,4,2026-02-19
2026-02-19 20:00:00,182.721230,182.910160,182.011360,182.198430,4,2026-02-20
2026-02-20 00:00:00,182.196490,182.581300,182.050240,182.256010,4,2026-02-20
2026-02-20 04:00:00,182.257220,182.534330,182.223980,182.503990,4,2026-02-20
2026-02-20 08:00:00,182.509720,182.681030,182.331940,182.543900,4,2026-02-20
2026-02-20 12:00:00,182.546000,182.650940,182.324250,182.436730,4,2026-02-20
2026-02-20 16:00:00,182.434220,182.992510,182.231330,182.970110,4,2026-02-20
2026-02-20 20:00:00,182.966320,183.034870,182.499000,182.547540,2,2026-02-20
2026-02-22 20:00:00,182.655640,182.663590,182.653160,182.657860,2,2026-02-23
2026-02-23 00:00:00,182.655640,182.691560,182.653160,182.683170,4,2026-02-23
2026-02-23 04:00:00,182.683600,182.923300,182.420670,182.766230,4,2026-02-23
2026-02-23 08:00:00,182.774160,182.928740,182.268890,182.278850,4,2026-02-23
2026-02-23 12:00:00,182.276050,182.545060,182.203160,182.517220,4,2026-02-23
2026-02-23 16:00:00,182.513440,182.793150,182.455140,182.754650,4,2026-02-23
2026-02-23 20:00:00,182.749520,182.810540,182.440330,182.507390,4,2026-02-24
2026-02-24 00:00:00,182.504230,182.616030,182.049210,182.148000,4,2026-02-24
2026-02-24 04:00:00,182.148640,182.435010,181.996340,182.403070,4,2026-02-24
2026-02-24 08:00:00,182.403460,182.565730,182.210880,182.549470,4,2026-02-24
2026-02-24 12:00:00,182.548240,182.786110,182.497340,182.728280,4,2026-02-24
2026-02-24 16:00:00,182.724880,184.206890,182.544550,183.794300,4,2026-02-24
2026-02-24 20:00:00,183.791350,183.807170,183.437360,183.638500,4,2026-02-25
2026-02-25 00:00:00,183.631460,183.801780,183.417760,183.489080,4,2026-02-25
2026-02-25 04:00:00,183.487010,183.582710,183.461560,183.544560,4,2026-02-25
2026-02-25 08:00:00,183.547180,183.669690,183.391750,183.394540,4,2026-02-25
2026-02-25 12:00:00,183.389520,183.941760,183.273190,183.698830,4,2026-02-25
2026-02-25 16:00:00,183.699460,184.268750,183.567680,184.268750,4,2026-02-25
2026-02-25 20:00:00,184.268370,184.759260,184.249920,184.670520,4,2026-02-26
2026-02-26 00:00:00,184.665250,184.715860,184.418000,184.529910,4,2026-02-26
2026-02-26 04:00:00,184.527680,184.775810,184.510390,184.692080,4,2026-02-26
2026-02-26 08:00:00,184.688060,184.738220,184.352490,184.375510,4,2026-02-26
2026-02-26 12:00:00,184.375920,184.448600,184.178390,184.254370,4,2026-02-26
2026-02-26 16:00:00,184.252710,184.492060,184.045600,184.112860,4,2026-02-26
2026-02-26 20:00:00,184.109820,184.374440,183.983430,184.320890,4,2026-02-27
2026-02-27 00:00:00,184.318310,184.429060,183.869120,184.130680,4,2026-02-27
2026-02-27 04:00:00,184.129290,184.316070,184.097700,184.245420,4,2026-02-27
2026-02-27 08:00:00,184.245070,184.280890,183.731890,183.863800,4,2026-02-27
2026-02-27 12:00:00,183.869360,183.951200,183.733850,183.773580,4,2026-02-27
2026-02-27 16:00:00,183.773620,184.469020,183.760750,184.418430,4,2026-02-27
2026-02-27 20:00:00,184.414630,184.451220,184.030210,184.069950,2,2026-02-27
2026-03-01 20:00:00,184.402820,184.410850,184.027900,184.034260,2,2026-03-02
2026-03-02 00:00:00,184.030400,184.293400,183.531820,184.083740,4,2026-03-02
2026-03-02 04:00:00,184.082050,184.484300,183.230230,183.793000,4,2026-03-02
2026-03-02 08:00:00,183.793910,184.413730,183.409930,184.197080,4,2026-03-02
2026-03-02 12:00:00,184.205180,184.518270,184.142120,184.494470,4,2026-03-02
2026-03-02 16:00:00,184.496720,184.683030,183.774920,184.032700,4,2026-03-02
2026-03-02 20:00:00,184.029530,184.273090,184.018740,184.219970,4,2026-03-03
2026-03-03 00:00:00,184.216440,184.618420,183.914530,184.088810,4,2026-03-03
2026-03-03 04:00:00,184.085300,184.239650,183.867930,183.932610,4,2026-03-03
2026-03-03 08:00:00,183.935990,184.177690,183.796310,184.165110,4,2026-03-03
2026-03-03 12:00:00,184.174920,184.328970,183.825440,183.867160,4,2026-03-03
2026-03-03 16:00:00,183.866250,183.961470,183.070350,183.131920,4,2026-03-03
2026-03-03 20:00:00,183.134110,183.267140,182.835350,183.075530,4,2026-03-04
2026-03-04 00:00:00,183.073500,183.105990,182.069270,182.997640,4,2026-03-04
2026-03-04 04:00:00,182.998280,183.216510,182.823850,183.166860,4,2026-03-04
2026-03-04 08:00:00,183.170500,183.229480,182.686770,182.701090,4,2026-03-04
2026-03-04 12:00:00,182.698840,182.843210,182.395430,182.469910,4,2026-03-04
2026-03-04 16:00:00,182.465520,182.971540,182.429010,182.609190,4,2026-03-04
2026-03-04 20:00:00,182.609950,183.124300,182.495380,182.955700,4,2026-03-05
2026-03-05 00:00:00,182.953260,183.088850,182.580520,182.620160,4,2026-03-05
2026-03-05 04:00:00,182.625490,182.885420,182.496940,182.841520,4,2026-03-05
2026-03-05 08:00:00,182.847290,182.898940,182.314720,182.354160,4,2026-03-05
2026-03-05 12:00:00,182.351300,182.509190,182.192520,182.397190,4,2026-03-05
2026-03-05 16:00:00,182.388770,182.508450,182.149650,182.462130,4,2026-03-05
2026-03-05 20:00:00,182.464770,182.981560,182.402820,182.961950,4,2026-03-06
2026-03-06 00:00:00,182.961230,183.099970,182.376120,182.538120,4,2026-03-06
2026-03-06 04:00:00,182.541140,182.873520,182.507460,182.845360,4,2026-03-06
2026-03-06 08:00:00,182.844170,182.971440,182.773060,182.820460,4,2026-03-06
2026-03-06 12:00:00,182.818360,183.144770,182.817260,183.116420,4,2026-03-06
2026-03-06 16:00:00,183.111400,183.268100,182.805510,182.938240,4,2026-03-06
2026-03-06 20:00:00,182.934570,182.942260,182.707700,182.813540,2,2026-03-06
2026-03-08 20:00:00,183.331370,183.339360,183.270230,183.280470,3,2026-03-09
2026-03-09 00:00:00,183.279630,183.319160,183.206410,183.252810,4,2026-03-09
2026-03-09 04:00:00,183.254070,183.323950,182.333350,182.575620,4,2026-03-09
2026-03-09 08:00:00,182.594770,182.839260,182.428410,182.755650,4,2026-03-09
2026-03-09 12:00:00,182.752640,183.110710,182.596380,182.960340,4,2026-03-09
2026-03-09 16:00:00,182.954960,183.298360,182.691970,182.976680,4,2026-03-09
2026-03-09 20:00:00,182.970040,183.277480,182.897220,183.201670,4,2026-03-10
2026-03-10 00:00:00,183.199520,183.390860,183.063840,183.246230,4,2026-03-10
2026-03-10 04:00:00,183.248890,183.482950,183.201250,183.462720,4,2026-03-10
2026-03-10 08:00:00,183.468440,183.636200,183.194830,183.217610,4,2026-03-10
2026-03-10 12:00:00,183.215780,183.372330,183.070590,183.221830,4,2026-03-10
2026-03-10 16:00:00,183.217280,183.690100,183.132310,183.643140,4,2026-03-10
2026-03-10 20:00:00,183.636120,183.766850,183.496520,183.605750,4,2026-03-11
2026-03-11 00:00:00,183.605680,183.725180,183.530860,183.608400,4,2026-03-11
2026-03-11 04:00:00,183.609850,183.676450,183.456820,183.492320,4,2026-03-11
2026-03-11 08:00:00,183.495090,183.859290,183.447910,183.830370,4,2026-03-11
2026-03-11 12:00:00,183.827110,184.088990,183.805510,183.940440,4,2026-03-11
2026-03-11 16:00:00,183.937090,184.048300,183.728070,183.938070,4,2026-03-11
2026-03-11 20:00:00,183.929830,183.955290,183.644070,183.675980,4,2026-03-12
2026-03-12 00:00:00,183.671250,183.899390,183.620630,183.801850,4,2026-03-12
2026-03-12 04:00:00,183.801740,183.977380,183.788670,183.870560,4,2026-03-12
2026-03-12 08:00:00,183.863750,183.955010,183.568630,183.571730,4,2026-03-12
2026-03-12 12:00:00,183.568870,183.577320,183.447970,183.539510,4,2026-03-12
2026-03-12 16:00:00,183.535660,183.693400,183.360260,183.484300,4,2026-03-12
2026-03-12 20:00:00,183.480030,183.587460,183.245520,183.348430,4,2026-03-13
2026-03-13 00:00:00,183.347580,183.518080,183.237530,183.453320,4,2026-03-13
2026-03-13 04:00:00,183.454910,183.620490,183.419790,183.433610,4,2026-03-13
2026-03-13 08:00:00,183.432400,183.561450,183.293440,183.362930,4,2026-03-13
2026-03-13 12:00:00,183.360140,183.599910,183.339890,183.469520,4,2026-03-13
2026-03-13 16:00:00,183.464420,183.472890,182.305620,182.392010,4,2026-03-13
2026-03-13 20:00:00,182.392050,182.702060,182.355870,182.676360,1,2026-03-13
2026-03-15 20:00:00,183.131920,183.158190,182.688270,182.710300,3,2026-03-16
2026-03-16 00:00:00,182.711590,182.778960,182.018110,182.135340,4,2026-03-16
2026-03-16 04:00:00,182.134440,182.651010,181.778870,182.355600,4,2026-03-16
2026-03-16 08:00:00,182.353120,182.557630,182.243100,182.493090,4,2026-03-16
2026-03-16 12:00:00,182.488950,182.749890,182.413600,182.583720,4,2026-03-16
2026-03-16 16:00:00,182.582690,182.601160,181.884580,182.371740,4,2026-03-16
2026-03-16 20:00:00,182.372210,182.786850,182.350320,182.569670,4,2026-03-17
2026-03-17 00:00:00,182.575130,183.082260,182.557940,183.058710,4,2026-03-17
2026-03-17 04:00:00,183.062620,183.198050,183.003930,183.006640,4,2026-03-17
2026-03-17 08:00:00,183.003860,183.100020,182.937030,183.094470,4,2026-03-17
2026-03-17 12:00:00,183.090390,183.244940,183.070280,183.084630,4,2026-03-17
2026-03-17 16:00:00,183.082280,183.225600,182.845990,183.116010,4,2026-03-17
2026-03-17 20:00:00,183.109620,183.332950,183.053860,183.279110,4,2026-03-18
2026-03-18 00:00:00,183.280100,183.397470,183.159760,183.249670,4,2026-03-18
2026-03-18 04:00:00,183.249180,183.553980,183.232290,183.506540,4,2026-03-18
2026-03-18 08:00:00,183.506060,183.535720,183.295550,183.471460,4,2026-03-18
2026-03-18 12:00:00,183.467970,183.518100,183.250290,183.299580,4,2026-03-18
2026-03-18 16:00:00,183.294960,183.343060,182.980340,183.328430,4,2026-03-18
2026-03-18 20:00:00,183.325970,183.628970,183.312070,183.485390,4,2026-03-19
2026-03-19 00:00:00,183.486910,183.788140,183.367740,183.576460,4,2026-03-19
2026-03-19 04:00:00,183.576610,183.629040,183.063030,183.100880,4,2026-03-19
2026-03-19 08:00:00,183.099320,183.341950,182.994780,183.338280,4,2026-03-19
2026-03-19 12:00:00,183.332730,183.420030,183.082520,183.118060,4,2026-03-19
2026-03-19 16:00:00,183.115050,183.253080,182.089970,182.317630,4,2026-03-19
2026-03-19 20:00:00,182.318240,182.790210,182.289190,182.524910,4,2026-03-20
2026-03-20 00:00:00,182.533520,182.613850,182.046790,182.266270,4,2026-03-20
2026-03-20 04:00:00,182.266020,182.982350,182.254860,182.776270,4,2026-03-20
2026-03-20 08:00:00,182.773630,182.967140,182.632690,182.705680,4,2026-03-20
2026-03-20 12:00:00,182.701900,183.103610,182.607960,183.041510,4,2026-03-20
2026-03-20 16:00:00,183.039120,183.413760,183.026700,183.372180,4,2026-03-20
2026-03-20 20:00:00,183.374820,183.509800,183.305320,183.453790,1,2026-03-20
2026-03-22 20:00:00,184.595070,184.604210,184.313740,184.508670,3,2026-03-23
2026-03-23 00:00:00,184.507580,184.519350,184.210970,184.261480,4,2026-03-23
2026-03-23 04:00:00,184.262830,184.340620,183.504050,183.936730,4,2026-03-23
2026-03-23 08:00:00,183.926610,184.238460,183.560280,184.112140,4,2026-03-23
2026-03-23 12:00:00,184.109920,184.341110,184.021480,184.121480,4,2026-03-23
2026-03-23 16:00:00,184.116630,184.157860,183.767850,183.864020,4,2026-03-23
2026-03-23 20:00:00,183.867280,184.436840,182.915250,184.069430,4,2026-03-24
2026-03-24 00:00:00,184.069660,184.271640,183.655170,183.944960,4,2026-03-24
2026-03-24 04:00:00,183.949820,184.035300,183.737990,183.964750,4,2026-03-24
2026-03-24 08:00:00,183.968840,184.064530,183.647100,183.794320,4,2026-03-24
2026-03-24 12:00:00,183.790950,183.879070,183.634230,183.855250,4,2026-03-24
2026-03-24 16:00:00,183.852080,184.074410,183.709770,183.861040,4,2026-03-24
2026-03-24 20:00:00,183.857450,184.144380,183.774700,184.003980,4,2026-03-25
2026-03-25 00:00:00,184.003940,184.178020,183.833950,184.094240,4,2026-03-25
2026-03-25 04:00:00,184.094570,184.319820,183.905540,184.223090,4,2026-03-25
2026-03-25 08:00:00,184.222790,184.569390,184.053310,184.438350,4,2026-03-25
2026-03-25 12:00:00,184.435220,184.455220,184.223360,184.284640,4,2026-03-25
2026-03-25 16:00:00,184.280890,184.607520,184.211910,184.224700,4,2026-03-25
2026-03-25 20:00:00,184.220720,184.461930,184.211280,184.332200,4,2026-03-26
2026-03-26 00:00:00,184.332190,184.396600,184.039770,184.239630,4,2026-03-26
2026-03-26 04:00:00,184.238490,184.457530,184.216860,184.343310,4,2026-03-26
2026-03-26 08:00:00,184.341760,184.392530,184.205450,184.317590,4,2026-03-26
2026-03-26 12:00:00,184.314870,184.490340,184.305450,184.467220,4,2026-03-26
2026-03-26 16:00:00,184.463860,184.470740,184.158330,184.337640,4,2026-03-26
2026-03-26 20:00:00,184.333900,184.448240,183.985420,184.152730,4,2026-03-27
2026-03-27 00:00:00,184.153290,184.310510,184.122550,184.190480,4,2026-03-27
2026-03-27 04:00:00,184.189600,184.502120,183.912550,184.208550,4,2026-03-27
2026-03-27 08:00:00,184.207300,184.306740,183.871210,183.992200,4,2026-03-27
2026-03-27 12:00:00,183.987580,184.265490,183.948020,184.258500,4,2026-03-27
2026-03-27 16:00:00,184.254320,184.351100,184.113770,184.169070,4,2026-03-27
2026-03-27 20:00:00,184.167920,184.228740,184.108590,184.148540,1,2026-03-27
2026-03-29 20:00:00,184.894430,184.910520,184.463120,184.548350,3,2026-03-30
2026-03-30 00:00:00,184.548600,184.635810,183.500430,183.572360,4,2026-03-30
2026-03-30 04:00:00,183.572230,184.656290,183.459770,184.310040,4,2026-03-30
2026-03-30 08:00:00,184.312940,184.625120,183.983010,184.004770,4,2026-03-30
2026-03-30 12:00:00,183.999720,184.088680,183.899810,183.991160,4,2026-03-30
2026-03-30 16:00:00,183.986960,184.020140,183.496210,183.591630,4,2026-03-30
2026-03-30 20:00:00,183.591830,183.621760,182.991400,183.013090,4,2026-03-31
2026-03-31 00:00:00,183.018280,183.073660,182.570880,182.729810,4,2026-03-31
2026-03-31 04:00:00,182.727350,183.106280,182.708980,183.100810,4,2026-03-31
2026-03-31 08:00:00,183.094970,183.483070,182.926520,183.462200,4,2026-03-31
2026-03-31 12:00:00,183.455760,183.581300,183.087830,183.087830,4,2026-03-31
2026-03-31 16:00:00,183.086710,183.303560,182.854020,183.026580,4,2026-03-31
2026-03-31 20:00:00,183.022450,183.439250,182.921840,183.335260,4,2026-04-01
2026-04-01 00:00:00,183.335770,183.658260,183.076260,183.433990,4,2026-04-01
2026-04-01 04:00:00,183.433980,183.564810,183.314380,183.379760,4,2026-04-01
2026-04-01 08:00:00,183.376190,183.833660,183.317750,183.786880,4,2026-04-01
2026-04-01 12:00:00,183.781960,183.874430,183.436070,183.654650,4,2026-04-01
2026-04-01 16:00:00,183.653860,184.068040,183.407980,183.910400,4,2026-04-01
2026-04-01 20:00:00,183.910820,184.086000,183.711470,183.966130,4,2026-04-02
2026-04-02 00:00:00,183.966800,184.296990,183.933290,184.203870,4,2026-04-02
2026-04-02 04:00:00,184.206980,184.230060,183.860290,184.051610,4,2026-04-02
2026-04-02 08:00:00,184.048930,184.099320,183.770490,183.987190,4,2026-04-02
2026-04-02 12:00:00,183.980260,184.164290,183.815050,183.829170,4,2026-04-02
2026-04-02 16:00:00,183.822130,184.186040,183.496250,184.039380,4,2026-04-02
2026-04-02 20:00:00,184.039390,184.086370,183.800150,183.965960,4,2026-04-03
2026-04-03 00:00:00,183.968470,184.152850,183.783640,184.088770,4,2026-04-03
2026-04-03 04:00:00,184.084830,184.238390,184.048590,184.160540,4,2026-04-03
2026-04-03 08:00:00,184.156920,184.188150,184.012490,184.155740,4,2026-04-03
2026-04-03 12:00:00,184.150160,184.214880,184.029770,184.122460,4,2026-04-03
2026-04-03 16:00:00,184.121730,184.268960,184.047290,184.233340,4,2026-04-03
2026-04-03 20:00:00,184.232320,184.270310,184.189130,184.223980,1,2026-04-03
2026-04-05 20:00:00,183.928670,183.937440,183.709950,183.744630,3,2026-04-06
2026-04-06 00:00:00,183.745370,184.164120,183.691720,183.917630,4,2026-04-06
2026-04-06 04:00:00,183.916210,184.124030,183.020360,184.005010,4,2026-04-06
2026-04-06 08:00:00,184.007380,184.014010,183.718570,183.766170,4,2026-04-06
2026-04-06 12:00:00,183.760510,183.965280,183.742430,183.920860,4,2026-04-06
2026-04-06 16:00:00,183.921120,184.432500,183.858780,184.164500,4,2026-04-06
2026-04-06 20:00:00,184.164940,184.378070,184.082550,184.378070,4,2026-04-07
2026-04-07 00:00:00,184.378150,184.465420,184.320660,184.408670,4,2026-04-07
2026-04-07 04:00:00,184.406780,184.469070,184.256100,184.342110,4,2026-04-07
2026-04-07 08:00:00,184.339760,184.438040,184.267820,184.356040,4,2026-04-07
2026-04-07 12:00:00,184.351370,184.384260,184.275300,184.312180,4,2026-04-07
2026-04-07 16:00:00,184.309140,184.702870,184.285540,184.593360,4,2026-04-07
2026-04-07 20:00:00,184.593370,184.905950,184.466520,184.891090,4,2026-04-08
2026-04-08 00:00:00,184.893840,185.173810,184.866380,185.003730,4,2026-04-08
2026-04-08 04:00:00,185.003310,185.190350,184.950810,185.055130,4,2026-04-08
2026-04-08 08:00:00,185.062140,185.572940,184.935270,184.964670,4,2026-04-08
2026-04-08 12:00:00,184.958700,185.194700,184.829910,185.068610,4,2026-04-08
2026-04-08 16:00:00,185.066320,185.162610,184.878110,185.121460,4,2026-04-08
2026-04-08 20:00:00,185.120810,185.334730,184.985410,185.088220,4,2026-04-09
2026-04-09 00:00:00,185.092190,185.235880,184.973290,185.006890,4,2026-04-09
2026-04-09 04:00:00,185.006050,185.074810,184.865200,184.972020,4,2026-04-09
2026-04-09 08:00:00,184.968730,185.238270,184.907290,185.233130,4,2026-04-09
2026-04-09 12:00:00,185.229300,185.263950,185.114280,185.238300,4,2026-04-09
2026-04-09 16:00:00,185.233650,185.686090,185.153920,185.611830,4,2026-04-09
2026-04-09 20:00:00,185.607470,185.892400,185.599890,185.844590,4,2026-04-10
2026-04-10 00:00:00,185.844390,186.243900,185.791250,185.985360,4,2026-04-10
2026-04-10 04:00:00,185.987010,186.232000,185.947700,186.059530,4,2026-04-10
2026-04-10 08:00:00,186.060500,186.119630,185.970880,185.972420,4,2026-04-10
2026-04-10 12:00:00,185.969610,186.192430,185.954450,186.185470,4,2026-04-10
2026-04-10 16:00:00,186.182910,186.514300,186.065310,186.491560,4,2026-04-10
2026-04-10 20:00:00,186.487010,186.554360,186.462940,186.485100,1,2026-04-10
2026-04-12 20:00:00,186.733350,186.759800,186.680500,186.715000,3,2026-04-13
2026-04-13 00:00:00,186.713230,186.782720,186.532390,186.636950,4,2026-04-13
2026-04-13 04:00:00,186.636280,187.089490,185.684360,186.348010,4,2026-04-13
2026-04-13 08:00:00,186.343750,186.773780,186.305100,186.633810,4,2026-04-13
2026-04-13 12:00:00,186.631900,186.732950,186.606760,186.644910,4,2026-04-13
2026-04-13 16:00:00,186.640360,186.793690,186.500610,186.690010,4,2026-04-13
2026-04-13 20:00:00,186.688620,186.955560,186.608230,186.781670,4,2026-04-14
2026-04-14 00:00:00,186.779510,187.115960,186.732880,187.050760,4,2026-04-14
2026-04-14 04:00:00,187.051170,187.518880,187.009040,187.375310,4,2026-04-14
2026-04-14 08:00:00,187.381000,187.498320,187.166080,187.246900,4,2026-04-14
2026-04-14 12:00:00,187.247240,187.287670,187.090480,187.230660,4,2026-04-14
2026-04-14 16:00:00,187.228520,187.540630,187.194100,187.403540,4,2026-04-14
2026-04-14 20:00:00,187.397690,187.500460,187.276110,187.441860,4,2026-04-15
2026-04-15 00:00:00,187.437040,187.485160,187.188410,187.241840,4,2026-04-15
2026-04-15 04:00:00,187.241840,187.385090,187.191030,187.300130,4,2026-04-15
2026-04-15 08:00:00,187.301990,187.467850,187.252130,187.378150,4,2026-04-15
2026-04-15 12:00:00,187.381270,187.497290,187.295840,187.455450,4,2026-04-15
2026-04-15 16:00:00,187.452870,187.476200,187.109390,187.218490,4,2026-04-15
2026-04-15 20:00:00,187.213850,187.605390,187.156120,187.475770,4,2026-04-16
2026-04-16 00:00:00,187.473170,187.673200,187.372370,187.673180,4,2026-04-16
2026-04-16 04:00:00,187.672880,187.718220,187.526120,187.559910,4,2026-04-16
2026-04-16 08:00:00,187.560280,187.577100,187.330900,187.377470,4,2026-04-16
2026-04-16 12:00:00,187.376150,187.552340,187.134040,187.527450,4,2026-04-16
2026-04-16 16:00:00,187.524790,187.541960,187.289350,187.357750,4,2026-04-16
2026-04-16 20:00:00,187.354440,187.492250,187.276750,187.454650,4,2026-04-17
2026-04-17 00:00:00,187.454870,187.544430,187.358190,187.498730,4,2026-04-17
2026-04-17 04:00:00,187.498230,187.590410,187.446330,187.498490,4,2026-04-17
2026-04-17 08:00:00,187.498860,187.739020,187.441480,187.669820,4,2026-04-17
2026-04-17 12:00:00,187.671160,187.957500,187.667570,187.900880,4,2026-04-17
2026-04-17 16:00:00,187.896900,187.917970,187.548060,187.581970,4,2026-04-17
2026-04-17 20:00:00,187.578200,187.738500,187.554340,187.738500,1,2026-04-17
2026-04-19 20:00:00,186.778300,186.789980,186.476070,186.543660,3,2026-04-20
2026-04-20 00:00:00,186.543860,186.633810,185.982500,186.181690,4,2026-04-20
2026-04-20 04:00:00,186.182800,187.001370,186.147150,186.427770,4,2026-04-20
2026-04-20 08:00:00,186.430630,187.058260,186.416380,186.785280,4,2026-04-20
2026-04-20 12:00:00,186.782940,186.937800,186.755860,186.826530,4,2026-04-20
2026-04-20 16:00:00,186.822830,187.092340,186.755630,186.998120,4,2026-04-20
2026-04-20 20:00:00,186.995280,187.102040,186.767990,186.804840,4,2026-04-21
2026-04-21 00:00:00,186.805120,187.078610,186.770600,187.058500,4,2026-04-21
2026-04-21 04:00:00,187.061740,187.295630,187.053420,187.110660,4,2026-04-21
2026-04-21 08:00:00,187.119330,187.339070,187.107520,187.260760,4,2026-04-21
2026-04-21 12:00:00,187.260750,187.305830,187.144360,187.194610,4,2026-04-21
2026-04-21 16:00:00,187.193790,187.324690,187.006880,187.229300,4,2026-04-21
2026-04-21 20:00:00,187.226210,187.309730,187.107430,187.198940,4,2026-04-22
2026-04-22 00:00:00,187.197260,187.373060,187.051340,187.111660,4,2026-04-22
2026-04-22 04:00:00,187.112270,187.429720,186.974810,187.147680,4,2026-04-22
2026-04-22 08:00:00,187.149350,187.252880,187.018080,187.052800,4,2026-04-22
2026-04-22 12:00:00,187.051100,187.203780,186.994820,187.119800,4,2026-04-22
2026-04-22 16:00:00,187.116080,187.327990,186.971430,187.198610,4,2026-04-22
2026-04-22 20:00:00,187.195420,187.228880,186.733030,186.891100,4,2026-04-23
2026-04-23 00:00:00,186.891070,186.919980,186.720950,186.730160,4,2026-04-23
2026-04-23 04:00:00,186.729110,186.778820,186.598650,186.706610,4,2026-04-23
2026-04-23 08:00:00,186.703400,186.801690,186.586470,186.633280,4,2026-04-23
2026-04-23 12:00:00,186.629650,186.783360,186.575970,186.776600,4,2026-04-23
2026-04-23 16:00:00,186.772950,186.972080,186.722940,186.793500,4,2026-04-23
2026-04-23 20:00:00,186.789930,186.831590,186.448170,186.588420,4,2026-04-24
2026-04-24 00:00:00,186.588110,186.760030,186.501240,186.582250,4,2026-04-24
2026-04-24 04:00:00,186.582230,186.666000,186.417490,186.585020,4,2026-04-24
2026-04-24 08:00:00,186.585440,186.748130,186.569150,186.742220,4,2026-04-24
2026-04-24 12:00:00,186.738810,186.756130,186.547540,186.653270,4,2026-04-24
2026-04-24 16:00:00,186.649050,186.778260,186.456900,186.691040,4,2026-04-24
2026-04-24 20:00:00,186.688560,186.878270,186.687480,186.851290,1,2026-04-24
2026-04-26 20:00:00,186.771550,186.779690,186.347710,186.392940,3,2026-04-27
2026-04-27 00:00:00,186.394250,186.941710,186.146120,186.352800,4,2026-04-27
2026-04-27 04:00:00,186.353230,186.888560,186.300950,186.821700,4,2026-04-27
2026-04-27 08:00:00,186.821700,186.919770,186.747370,186.802390,4,2026-04-27
2026-04-27 12:00:00,186.797940,186.890350,186.694940,186.876580,4,2026-04-27
2026-04-27 16:00:00,186.870540,187.019800,186.763480,186.980160,4,2026-04-27
2026-04-27 20:00:00,186.979130,187.099850,186.853580,186.956250,4,2026-04-28
2026-04-28 00:00:00,186.957030,186.993390,186.816790,186.855210,4,2026-04-28
2026-04-28 04:00:00,186.857920,186.913290,186.832930,186.866890,4,2026-04-28
2026-04-28 08:00:00,186.866710,186.919430,186.784240,186.875290,4,2026-04-28
2026-04-28 12:00:00,186.870840,186.897380,186.248500,186.374940,4,2026-04-28
2026-04-28 16:00:00,186.372580,186.861190,186.117880,186.593750,4,2026-04-28
2026-04-28 20:00:00,186.593600,186.806310,186.505190,186.594570,4,2026-04-29
2026-04-29 00:00:00,186.594870,186.958270,186.561120,186.888860,4,2026-04-29
2026-04-29 04:00:00,186.891100,186.987060,186.865180,186.915670,4,2026-04-29
2026-04-29 08:00:00,186.919250,187.004760,186.888060,186.934660,4,2026-04-29
2026-04-29 12:00:00,186.930080,186.981140,186.800390,186.869400,4,2026-04-29
2026-04-29 16:00:00,186.860720,187.023300,186.743890,186.964180,4,2026-04-29
2026-04-29 20:00:00,186.962400,187.226540,186.925040,187.219630,4,2026-04-30
2026-04-30 00:00:00,187.220440,187.514970,187.130340,187.301150,4,2026-04-30
2026-04-30 04:00:00,187.297200,187.332210,187.088790,187.264070,4,2026-04-30
2026-04-30 08:00:00,187.264150,187.288970,187.070140,187.075820,4,2026-04-30
2026-04-30 12:00:00,187.072120,187.318130,187.040080,187.301370,4,2026-04-30
2026-04-30 16:00:00,187.292350,187.556180,186.061530,186.380770,4,2026-04-30
2026-04-30 20:00:00,186.380850,186.421830,182.380830,183.501330,4,2026-05-01
2026-05-01 00:00:00,183.504070,183.904240,183.301460,183.509090,4,2026-05-01
2026-05-01 04:00:00,183.469870,183.793460,183.422990,183.749500,4,2026-05-01
2026-05-01 08:00:00,183.774820,184.482080,183.747720,184.369920,4,2026-05-01
2026-05-01 12:00:00,184.396100,184.604660,184.293360,184.371380,4,2026-05-01
2026-05-01 16:00:00,184.396390,184.396730,182.675640,183.732520,4,2026-05-01
2026-05-01 20:00:00,183.708120,183.915010,183.690610,183.910190,1,2026-05-01
2026-05-03 20:00:00,184.162740,184.171020,183.754320,183.781340,3,2026-05-04
2026-05-04 00:00:00,183.777260,184.150580,183.699920,184.061570,4,2026-05-04
2026-05-04 04:00:00,184.076390,184.551780,183.766800,184.044460,4,2026-05-04
2026-05-04 08:00:00,184.042640,184.163560,183.909750,184.158090,4,2026-05-04
2026-05-04 12:00:00,184.145480,184.456170,182.977410,183.902060,4,2026-05-04
2026-05-04 16:00:00,183.920790,184.092970,183.804150,183.950260,4,2026-05-04
2026-05-04 20:00:00,183.940850,184.027590,183.748030,183.952380,4,2026-05-05
2026-05-05 00:00:00,183.973100,184.017150,183.732760,183.864180,4,2026-05-05
2026-05-05 04:00:00,183.860290,183.901370,183.530680,183.710040,4,2026-05-05
2026-05-05 08:00:00,183.754270,183.866640,183.704440,183.730570,4,2026-05-05
2026-05-05 12:00:00,183.733440,183.812860,183.666080,183.751490,4,2026-05-05
2026-05-05 16:00:00,183.756210,184.309920,183.694190,184.173380,4,2026-05-05
2026-05-05 20:00:00,184.138940,184.611050,184.122700,184.580580,4,2026-05-06
2026-05-06 00:00:00,184.596430,184.712880,184.530780,184.675450,4,2026-05-06
2026-05-06 04:00:00,184.674370,184.759350,184.544470,184.644810,4,2026-05-06
2026-05-06 08:00:00,184.638790,184.860120,184.541320,184.838610,4,2026-05-06
2026-05-06 12:00:00,184.828480,185.089150,182.086220,183.441560,4,2026-05-06
2026-05-06 16:00:00,183.437320,183.686570,182.920620,183.654020,4,2026-05-06
2026-05-06 20:00:00,183.652140,183.830670,183.420020,183.474720,4,2026-05-07
2026-05-07 00:00:00,183.478400,183.914500,183.450760,183.861170,4,2026-05-07
2026-05-07 04:00:00,183.856810,183.869690,183.600150,183.609620,4,2026-05-07
2026-05-07 08:00:00,183.619170,183.885940,183.528150,183.697200,4,2026-05-07
2026-05-07 12:00:00,183.682960,183.816020,183.643310,183.763060,4,2026-05-07
2026-05-07 16:00:00,183.769130,184.140250,183.523000,184.081710,4,2026-05-07
2026-05-07 20:00:00,184.080100,184.178180,183.945260,184.028800,4,2026-05-08
2026-05-08 00:00:00,184.035720,184.241880,183.993850,184.086280,4,2026-05-08
2026-05-08 04:00:00,184.094820,184.228810,183.849450,183.958230,4,2026-05-08
2026-05-08 08:00:00,183.929140,184.120950,183.917360,184.093230,4,2026-05-08
2026-05-08 12:00:00,184.094540,184.127130,183.936850,184.103010,4,2026-05-08
2026-05-08 16:00:00,184.103180,184.433310,184.065140,184.416890,4,2026-05-08
2026-05-08 20:00:00,184.406930,184.499120,184.392950,184.413670,1,2026-05-08
2026-05-10 20:00:00,184.633900,184.764380,184.594970,184.758370,3,2026-05-11
2026-05-11 00:00:00,184.756060,184.831740,184.419130,184.651470,4,2026-05-11
2026-05-11 04:00:00,184.658390,185.086530,183.890480,184.374100,4,2026-05-11
2026-05-11 08:00:00,184.372080,184.820920,184.365550,184.771070,4,2026-05-11
2026-05-11 12:00:00,184.775330,184.858590,184.612880,184.635060,4,2026-05-11
2026-05-11 16:00:00,184.637480,185.023000,184.637480,184.924840,4,2026-05-11
2026-05-11 20:00:00,184.917700,185.117530,184.850310,185.070660,4,2026-05-12
2026-05-12 00:00:00,185.061880,185.117110,184.951550,185.057680,4,2026-05-12
2026-05-12 04:00:00,185.052760,185.376070,185.049110,185.201490,4,2026-05-12
2026-05-12 08:00:00,185.197830,185.340910,185.177660,185.312700,4,2026-05-12
2026-05-12 12:00:00,185.311210,185.944770,184.876150,185.087290,4,2026-05-12
2026-05-12 16:00:00,185.059760,185.269980,184.882530,185.108650,4,2026-05-12
2026-05-12 20:00:00,185.110680,185.162390,184.911550,184.935050,4,2026-05-13
2026-05-13 00:00:00,184.926960,185.118760,184.885540,185.030250,4,2026-05-13
2026-05-13 04:00:00,185.026320,185.085550,184.960680,184.984600,4,2026-05-13
2026-05-13 08:00:00,184.981140,185.171140,184.960680,185.074270,4,2026-05-13
2026-05-13 12:00:00,185.080280,185.134410,184.993040,185.049840,4,2026-05-13
2026-05-13 16:00:00,185.049590,185.058630,184.627990,184.757370,4,2026-05-13
2026-05-13 20:00:00,184.763210,184.884550,184.647690,184.784820,4,2026-05-14
2026-05-14 00:00:00,184.781720,184.903060,184.717000,184.854890,4,2026-05-14
2026-05-14 04:00:00,184.851090,184.979950,184.718990,184.913270,4,2026-05-14
2026-05-14 08:00:00,184.909810,185.015900,184.878760,184.976410,4,2026-05-14
2026-05-14 12:00:00,184.986660,185.056920,184.837170,184.924940,4,2026-05-14
2026-05-14 16:00:00,184.931350,185.027690,184.841500,184.893730,4,2026-05-14
2026-05-14 20:00:00,184.891990,184.946520,184.353880,184.579590,4,2026-05-15
2026-05-15 00:00:00,184.561770,184.770640,184.531070,184.747840,4,2026-05-15
2026-05-15 04:00:00,184.743710,184.855470,184.684890,184.789070,4,2026-05-15
2026-05-15 08:00:00,184.790350,184.855930,184.578290,184.635630,4,2026-05-15
2026-05-15 12:00:00,184.627580,184.756370,184.507520,184.508530,4,2026-05-15
2026-05-15 16:00:00,184.509810,184.705510,184.192790,184.313100,4,2026-05-15
2026-05-15 20:00:00,184.303680,184.600970,184.303680,184.517540,1,2026-05-15
2026-05-17 20:00:00,184.512670,184.579150,184.382850,184.389640,3,2026-05-18
2026-05-18 00:00:00,184.385610,184.667040,184.384070,184.567690,4,2026-05-18
2026-05-18 04:00:00,184.564000,184.623680,184.216130,184.435060,4,2026-05-18
2026-05-18 08:00:00,184.434110,184.650520,184.418460,184.633340,4,2026-05-18
2026-05-18 12:00:00,184.638140,184.906990,184.571530,184.741180,4,2026-05-18
2026-05-18 16:00:00,184.747860,184.961100,184.703720,184.923840,4,2026-05-18
2026-05-18 20:00:00,184.929650,185.057910,184.780650,184.984630,4,2026-05-19
2026-05-19 00:00:00,184.975820,185.222030,184.865740,185.134530,4,2026-05-19
2026-05-19 04:00:00,185.141040,185.225670,184.963920,185.122360,4,2026-05-19
2026-05-19 08:00:00,185.117700,185.224270,185.089340,185.173330,4,2026-05-19
2026-05-19 12:00:00,185.163560,185.181930,184.968630,185.143260,4,2026-05-19
2026-05-19 16:00:00,185.136160,185.201730,184.832720,184.847950,4,2026-05-19
2026-05-19 20:00:00,184.858250,184.952180,184.551680,184.724050,4,2026-05-20
2026-05-20 00:00:00,184.725100,184.813210,184.270550,184.460720,4,2026-05-20
2026-05-20 04:00:00,184.451910,184.679240,184.450920,184.651040,4,2026-05-20
2026-05-20 08:00:00,184.659010,184.698750,184.382650,184.441130,4,2026-05-20
2026-05-20 12:00:00,184.451080,184.477490,184.270120,184.351140,4,2026-05-20
2026-05-20 16:00:00,184.346630,184.426080,184.283340,184.351740,4,2026-05-20
2026-05-20 20:00:00,184.349010,184.532370,184.313530,184.407010,4,2026-05-21
2026-05-21 00:00:00,184.397870,185.112240,184.336780,184.662090,4,2026-05-21
2026-05-21 04:00:00,184.683380,184.795500,184.639130,184.690080,4,2026-05-21
2026-05-21 08:00:00,184.687690,184.821980,184.662460,184.735120,4,2026-05-21
2026-05-21 12:00:00,184.727400,184.832780,184.625990,184.805820,4,2026-05-21
2026-05-21 16:00:00,184.801590,184.936810,184.415970,184.841330,4,2026-05-21
2026-05-21 20:00:00,184.846680,184.918860,184.400090,184.582400,4,2026-05-22
2026-05-22 00:00:00,184.608170,184.813220,184.397010,184.675860,4,2026-05-22
2026-05-22 04:00:00,184.708880,184.790180,184.611240,184.713140,4,2026-05-22
2026-05-22 08:00:00,184.707560,184.810540,184.683490,184.723010,4,2026-05-22
2026-05-22 12:00:00,184.732070,184.814800,184.633010,184.726310,4,2026-05-22
2026-05-22 16:00:00,184.742270,184.795070,184.535770,184.649040,4,2026-05-22
2026-05-22 20:00:00,184.644240,184.666130,184.511650,184.536610,1,2026-05-22
2026-05-24 20:00:00,184.821540,184.848490,184.676080,184.692030,3,2026-05-25
2026-05-25 00:00:00,184.687870,184.816080,184.631910,184.719600,4,2026-05-25
2026-05-25 04:00:00,184.716730,185.274180,184.064630,184.843690,4,2026-05-25
2026-05-25 08:00:00,184.838250,185.081000,184.794670,184.914980,4,2026-05-25
2026-05-25 12:00:00,184.921960,185.003950,184.857160,184.986190,4,2026-05-25
2026-05-25 16:00:00,184.979470,185.103630,184.937590,185.015780,4,2026-05-25
2026-05-25 20:00:00,185.025610,185.155450,184.972380,184.976880,4,2026-05-26
2026-05-26 00:00:00,184.982310,185.112640,184.928220,185.013640,4,2026-05-26
2026-05-26 04:00:00,185.010550,185.061620,184.899320,184.960990,4,2026-05-26
2026-05-26 08:00:00,184.955530,185.051810,184.895720,184.931150,4,2026-05-26
2026-05-26 12:00:00,184.936580,184.955610,184.883460,184.916980,4,2026-05-26
2026-05-26 16:00:00,184.918010,185.369440,184.913920,185.305710,4,2026-05-26
2026-05-26 20:00:00,185.311300,185.327850,185.082450,185.152010,4,2026-05-27
2026-05-27 00:00:00,185.139130,185.260930,185.091740,185.255910,4,2026-05-27
2026-05-27 04:00:00,185.252540,185.333160,185.231300,185.286090,4,2026-05-27
2026-05-27 08:00:00,185.290140,185.420340,185.262860,185.336290,4,2026-05-27
2026-05-27 12:00:00,185.332490,185.511850,185.277700,185.466490,4,2026-05-27
2026-05-27 16:00:00,185.472320,185.715610,185.460970,185.581340,4,2026-05-27
2026-05-27 20:00:00,185.588320,185.797280,185.460560,185.543930,4,2026-05-28
2026-05-28 00:00:00,185.530280,185.784880,185.410780,185.492980,4,2026-05-28
2026-05-28 04:00:00,185.487820,185.561570,185.390260,185.443290,4,2026-05-28
2026-05-28 08:00:00,185.414660,185.506760,185.276550,185.279390,4,2026-05-28
2026-05-28 12:00:00,185.285970,185.322640,184.902230,185.086050,4,2026-05-28
2026-05-28 16:00:00,185.091800,185.273980,185.079800,185.139780,4,2026-05-28
2026-05-28 20:00:00,185.143450,185.531460,185.034550,185.467450,4,2026-05-29
2026-05-29 00:00:00,185.462780,185.698000,185.343020,185.528120,4,2026-05-29
2026-05-29 04:00:00,185.528220,185.574790,185.442230,185.554750,4,2026-05-29
2026-05-29 08:00:00,185.551960,185.658530,185.506850,185.510920,4,2026-05-29
2026-05-29 12:00:00,185.520880,185.571100,185.395030,185.492390,4,2026-05-29
2026-05-29 16:00:00,185.494050,185.587160,185.197030,185.447210,4,2026-05-29
2026-05-29 20:00:00,185.433330,185.492820,185.404280,185.460470,1,2026-05-29
2026-05-31 20:00:00,185.711940,185.753980,185.654960,185.708310,3,2026-06-01
2026-06-01 00:00:00,185.704440,185.771070,185.684850,185.733270,4,2026-06-01
2026-06-01 04:00:00,185.729490,185.936870,185.633870,185.817770,4,2026-06-01
2026-06-01 08:00:00,185.807960,185.822220,185.626730,185.722910,4,2026-06-01
2026-06-01 12:00:00,185.714470,185.848110,185.652610,185.800700,4,2026-06-01
2026-06-01 16:00:00,185.805040,185.983570,185.756780,185.789540,4,2026-06-01
2026-06-01 20:00:00,185.785290,185.795070,185.465020,185.521440,4,2026-06-02
2026-06-02 00:00:00,185.508810,185.762370,185.402530,185.738780,4,2026-06-02
2026-06-02 04:00:00,185.745800,185.825610,185.654460,185.745090,4,2026-06-02
2026-06-02 08:00:00,185.735140,185.795090,185.693130,185.773510,4,2026-06-02
2026-06-02 12:00:00,185.769920,185.912210,185.746400,185.907500,4,2026-06-02
2026-06-02 16:00:00,185.904460,186.103630,185.893260,185.981430,4,2026-06-02
2026-06-02 20:00:00,185.972860,186.221080,185.906620,186.085400,4,2026-06-03
2026-06-03 00:00:00,186.077300,186.191580,185.886660,185.909980,4,2026-06-03
2026-06-03 04:00:00,185.904630,186.077280,185.781330,186.010820,4,2026-06-03
2026-06-03 08:00:00,186.027610,186.027610,185.885930,185.907970,4,2026-06-03
2026-06-03 12:00:00,185.912220,185.955360,185.822610,185.829200,4,2026-06-03
2026-06-03 16:00:00,185.840780,185.862020,185.126760,185.601170,4,2026-06-03
2026-06-03 20:00:00,185.591950,185.752960,185.459470,185.626920,4,2026-06-04
2026-06-04 00:00:00,185.622610,185.762270,185.502010,185.633190,4,2026-06-04
2026-06-04 04:00:00,185.626580,185.731270,185.587820,185.610000,4,2026-06-04
2026-06-04 08:00:00,185.610890,185.713740,185.534330,185.609920,4,2026-06-04
2026-06-04 12:00:00,185.618880,185.736450,185.506320,185.622480,4,2026-06-04
2026-06-04 16:00:00,185.628530,185.888540,185.483280,185.847260,4,2026-06-04
2026-06-04 20:00:00,185.856960,186.113120,185.855640,186.108540,4,2026-06-05
2026-06-05 00:00:00,186.105260,186.113830,185.897360,185.934140,4,2026-06-05
2026-06-05 04:00:00,185.928960,185.947780,185.746010,185.817370,4,2026-06-05
2026-06-05 08:00:00,185.810340,185.826080,185.696310,185.785150,4,2026-06-05
2026-06-05 12:00:00,185.782810,185.838690,185.762380,185.809740,4,2026-06-05
2026-06-05 16:00:00,185.815780,186.220010,185.765630,186.164030,4,2026-06-05
2026-06-05 20:00:00,186.169370,186.209320,186.126670,186.132790,1,2026-06-05
2026-06-07 20:00:00,184.753900,185.380870,183.711180,184.196480,3,2026-06-08
2026-06-08 00:00:00,184.193030,184.888310,183.811000,184.722720,4,2026-06-08
2026-06-08 04:00:00,184.722920,184.925260,183.856790,184.507430,4,2026-06-08
2026-06-08 08:00:00,184.484150,184.936470,184.484150,184.803850,4,2026-06-08
2026-06-08 12:00:00,184.796190,185.001780,184.600270,184.603410,4,2026-06-08
2026-06-08 16:00:00,184.606340,184.787830,184.033570,184.234060,4,2026-06-08
2026-06-08 20:00:00,184.229830,184.829000,184.190800,184.725380,4,2026-06-09
2026-06-09 00:00:00,184.735200,184.874310,184.702300,184.820380,4,2026-06-09
2026-06-09 04:00:00,184.817940,184.855120,184.706340,184.747430,4,2026-06-09
2026-06-09 08:00:00,184.753950,184.864160,184.621860,184.859650,4,2026-06-09
2026-06-09 12:00:00,184.852370,184.998060,184.824670,184.904080,4,2026-06-09
2026-06-09 16:00:00,184.901010,185.221700,184.829130,185.217650,4,2026-06-09
2026-06-09 20:00:00,185.212850,185.474470,185.177370,185.315360,4,2026-06-10
2026-06-10 00:00:00,185.318650,185.401190,184.973360,185.187830,4,2026-06-10
2026-06-10 04:00:00,185.174960,185.258860,185.008500,185.024950,4,2026-06-10
2026-06-10 08:00:00,185.029640,185.161970,184.969110,185.055840,4,2026-06-10
2026-06-10 12:00:00,185.059850,185.297570,185.027070,185.260850,4,2026-06-10
2026-06-10 16:00:00,185.264340,185.472500,185.192710,185.440190,4,2026-06-10
2026-06-10 20:00:00,185.432550,185.590210,185.149190,185.474120,4,2026-06-11
2026-06-11 00:00:00,185.483380,185.516360,185.211330,185.420230,4,2026-06-11
2026-06-11 04:00:00,185.422770,185.482990,185.128580,185.177730,4,2026-06-11
2026-06-11 08:00:00,185.182080,185.442800,185.056420,185.425060,4,2026-06-11
2026-06-11 12:00:00,185.431750,185.439210,185.288930,185.399190,4,2026-06-11
2026-06-11 16:00:00,185.396710,185.485630,185.102840,185.155360,4,2026-06-11
2026-06-11 20:00:00,185.157170,185.291990,184.912040,185.046220,4,2026-06-12
2026-06-12 00:00:00,185.054940,185.221480,184.651610,184.974550,4,2026-06-12
2026-06-12 04:00:00,184.966910,185.258640,184.892220,185.191140,4,2026-06-12
2026-06-12 08:00:00,185.194740,185.397600,185.167310,185.321040,4,2026-06-12
2026-06-12 12:00:00,185.315050,185.487960,185.312030,185.330100,4,2026-06-12
2026-06-12 16:00:00,185.340780,185.552440,185.276230,185.430470,4,2026-06-12
2026-06-12 20:00:00,185.422940,185.444940,185.281900,185.324250,1,2026-06-12
2026-06-14 20:00:00,185.455600,185.989970,184.651760,184.851230,3,2026-06-15
2026-06-15 00:00:00,184.847980,185.562670,184.445510,185.323380,4,2026-06-15
2026-06-15 04:00:00,185.323400,185.553140,184.692500,185.484370,4,2026-06-15
2026-06-15 08:00:00,185.459820,185.852930,185.434020,185.800460,4,2026-06-15
2026-06-15 12:00:00,185.818350,185.979280,185.700960,185.927650,4,2026-06-15
2026-06-15 16:00:00,185.908150,185.952590,185.716720,185.869890,4,2026-06-15
2026-06-15 20:00:00,185.861490,186.062830,185.825900,185.958440,4,2026-06-16
2026-06-16 00:00:00,185.946050,185.968820,185.752230,185.913090,4,2026-06-16
2026-06-16 04:00:00,185.906700,186.012870,185.789330,185.867260,4,2026-06-16
2026-06-16 08:00:00,185.860410,185.874330,185.580770,185.589530,4,2026-06-16
2026-06-16 12:00:00,185.601900,185.683930,185.466260,185.555510,4,2026-06-16
2026-06-16 16:00:00,185.558280,186.124130,185.507720,186.035250,4,2026-06-16
2026-06-16 20:00:00,186.029150,186.166540,185.906370,185.929210,4,2026-06-17
2026-06-17 00:00:00,185.939120,186.327610,185.868280,186.293020,4,2026-06-17
2026-06-17 04:00:00,186.289700,186.319270,186.173020,186.250870,4,2026-06-17
2026-06-17 08:00:00,186.244730,186.322810,186.164330,186.211270,4,2026-06-17
2026-06-17 12:00:00,186.206290,186.224670,186.092530,186.179640,4,2026-06-17
2026-06-17 16:00:00,186.174130,186.207650,185.769630,185.882630,4,2026-06-17
2026-06-17 20:00:00,185.877390,185.960530,185.715330,185.812610,4,2026-06-18
2026-06-18 00:00:00,185.801230,185.838310,185.675900,185.783220,4,2026-06-18
2026-06-18 04:00:00,185.784350,185.911780,184.536500,184.700450,4,2026-06-18
2026-06-18 08:00:00,184.713990,185.129610,184.713990,184.999370,4,2026-06-18
2026-06-18 12:00:00,185.009950,185.102410,184.906140,184.912590,4,2026-06-18
2026-06-18 16:00:00,184.920970,185.211610,184.366140,184.560080,4,2026-06-18
2026-06-18 20:00:00,184.553570,184.694120,184.337680,184.577550,4,2026-06-19
2026-06-19 00:00:00,184.585950,185.187350,184.516350,185.064600,4,2026-06-19
2026-06-19 04:00:00,185.058980,185.385270,184.817060,184.905000,4,2026-06-19
2026-06-19 08:00:00,184.939260,185.029590,184.533960,184.618680,4,2026-06-19
2026-06-19 12:00:00,184.630010,184.707850,184.301510,184.418390,4,2026-06-19
2026-06-19 16:00:00,184.419710,184.934680,184.415060,184.808440,4,2026-06-19
2026-06-19 20:00:00,184.828350,184.890360,184.728520,184.881320,1,2026-06-19
2026-06-21 20:00:00,185.086340,185.125540,184.984700,185.022080,3,2026-06-22
2026-06-22 00:00:00,185.017920,185.084710,184.954780,185.047060,4,2026-06-22
2026-06-22 04:00:00,185.048390,185.330690,184.463430,184.935060,4,2026-06-22
2026-06-22 08:00:00,184.955630,185.278250,184.880790,185.204820,4,2026-06-22
2026-06-22 12:00:00,185.222090,185.303650,185.089380,185.232540,4,2026-06-22
2026-06-22 16:00:00,185.238810,185.388940,185.065120,185.326020,4,2026-06-22
2026-06-22 20:00:00,185.332050,185.397130,185.038550,185.047890,4,2026-06-23
2026-06-23 00:00:00,185.063490,185.171110,184.433350,184.604880,4,2026-06-23
2026-06-23 04:00:00,184.610230,184.707470,184.402470,184.646470,4,2026-06-23
2026-06-23 08:00:00,184.640940,184.710670,184.528620,184.666260,4,2026-06-23
2026-06-23 12:00:00,184.662280,184.694740,184.519610,184.673720,4,2026-06-23
2026-06-23 16:00:00,184.657410,184.850910,184.048810,184.157600,4,2026-06-23
2026-06-23 20:00:00,184.163170,184.205340,183.851970,183.964870,4,2026-06-24
2026-06-24 00:00:00,183.971860,184.002210,183.783100,183.853040,4,2026-06-24
2026-06-24 04:00:00,183.846200,183.953080,183.792240,183.894490,4,2026-06-24
2026-06-24 08:00:00,183.898290,183.937600,183.725890,183.824660,4,2026-06-24
2026-06-24 12:00:00,183.821090,183.828760,183.537020,183.731180,4,2026-06-24
2026-06-24 16:00:00,183.729330,183.874820,183.392140,183.537640,4,2026-06-24
2026-06-24 20:00:00,183.539750,183.544740,183.147190,183.495450,4,2026-06-25
2026-06-25 00:00:00,183.505720,183.816880,183.366590,183.663420,4,2026-06-25
2026-06-25 04:00:00,183.676020,183.826530,183.653550,183.767080,4,2026-06-25
2026-06-25 08:00:00,183.762030,183.806500,183.522470,183.691490,4,2026-06-25
2026-06-25 12:00:00,183.715110,183.913220,183.650710,183.858900,4,2026-06-25
2026-06-25 16:00:00,183.847640,184.041250,183.662450,183.873560,4,2026-06-25
2026-06-25 20:00:00,183.878360,183.931290,183.454510,183.804890,4,2026-06-26
2026-06-26 00:00:00,183.791890,184.103810,183.764230,184.009570,4,2026-06-26
2026-06-26 04:00:00,184.021080,184.108700,183.866740,184.030010,4,2026-06-26
2026-06-26 08:00:00,184.020520,184.021880,183.774960,183.785820,4,2026-06-26
2026-06-26 12:00:00,183.783100,183.910150,183.716690,183.854050,4,2026-06-26
2026-06-26 16:00:00,183.852480,184.382590,183.805870,184.333500,4,2026-06-26
2026-06-26 20:00:00,184.338080,184.354840,184.266830,184.326210,1,2026-06-26
2026-06-28 20:00:00,184.271140,184.279420,184.163380,184.181060,3,2026-06-29
2026-06-29 00:00:00,184.182390,184.205770,184.046800,184.180640,4,2026-06-29
2026-06-29 04:00:00,184.178600,184.711840,184.063740,184.219240,4,2026-06-29
2026-06-29 08:00:00,184.203270,184.278000,184.133510,184.192460,4,2026-06-29
2026-06-29 12:00:00,184.193190,184.363840,184.149200,184.358880,4,2026-06-29
2026-06-29 16:00:00,184.351460,184.683060,184.336120,184.584710,4,2026-06-29
2026-06-29 20:00:00,184.591920,184.801290,184.479790,184.732710,4,2026-06-30
2026-06-30 00:00:00,184.754580,185.095230,184.656910,185.026540,4,2026-06-30
2026-06-30 04:00:00,185.039930,185.105720,184.920840,185.004490,4,2026-06-30
2026-06-30 08:00:00,185.007550,185.245230,184.854110,184.962550,4,2026-06-30
2026-06-30 12:00:00,184.955320,184.982190,184.680140,184.762110,4,2026-06-30
2026-06-30 16:00:00,184.759260,185.034190,184.720570,184.980220,4,2026-06-30
2026-06-30 20:00:00,184.982920,185.203550,184.862380,185.194820,4,2026-07-01
2026-07-01 00:00:00,185.181920,185.846970,185.094660,185.700510,4,2026-07-01
2026-07-01 04:00:00,185.696970,185.811720,185.632190,185.702740,4,2026-07-01
2026-07-01 08:00:00,185.698590,185.752220,185.458480,185.534880,4,2026-07-01
2026-07-01 12:00:00,185.531510,185.710560,185.529630,185.580160,4,2026-07-01
2026-07-01 16:00:00,185.575580,185.667070,185.240280,185.338160,4,2026-07-01
2026-07-01 20:00:00,185.334220,185.465460,184.864640,185.063790,4,2026-07-02
2026-07-02 00:00:00,185.132430,185.235190,184.856500,184.993950,4,2026-07-02
2026-07-02 04:00:00,184.987810,185.031430,184.920120,185.003760,4,2026-07-02
2026-07-02 08:00:00,184.995810,185.043380,184.906020,184.991260,4,2026-07-02
2026-07-02 12:00:00,184.999970,185.096910,184.804470,184.836190,4,2026-07-02
2026-07-02 16:00:00,184.830200,184.850250,183.865340,183.962620,4,2026-07-02
2026-07-02 20:00:00,183.954850,184.921980,183.915970,184.249590,4,2026-07-03
2026-07-03 00:00:00,184.256740,184.374570,184.010490,184.130740,4,2026-07-03
2026-07-03 04:00:00,184.127300,184.266650,184.107850,184.226600,4,2026-07-03
2026-07-03 08:00:00,184.222790,184.471470,184.157780,184.423510,4,2026-07-03
2026-07-03 12:00:00,184.419700,184.587110,184.346720,184.505900,4,2026-07-03
2026-07-03 16:00:00,184.515620,184.551410,184.055340,184.357190,4,2026-07-03
2026-07-03 20:00:00,184.353210,184.480610,184.334220,184.410990,1,2026-07-03
2026-07-05 20:00:00,184.634530,184.642840,183.759460,183.963750,3,2026-07-06
2026-07-06 00:00:00,183.963940,185.063920,183.640570,184.580310,4,2026-07-06
2026-07-06 04:00:00,184.578720,184.917990,183.983620,184.527700,4,2026-07-06
2026-07-06 08:00:00,184.514790,184.945880,184.508220,184.940570,4,2026-07-06
2026-07-06 12:00:00,184.932000,185.199620,184.900540,185.122780,4,2026-07-06
2026-07-06 16:00:00,185.146530,185.417530,185.142970,185.267320,4,2026-07-06
2026-07-06 20:00:00,185.264110,185.440360,185.208800,185.267630,4,2026-07-07
2026-07-07 00:00:00,185.248580,185.543540,185.248580,185.476410,4,2026-07-07
2026-07-07 04:00:00,185.470600,185.556920,185.384520,185.523450,4,2026-07-07
2026-07-07 08:00:00,185.524390,185.539890,185.123240,185.242250,4,2026-07-07
2026-07-07 12:00:00,185.237120,185.274990,184.942920,185.056660,4,2026-07-07
2026-07-07 16:00:00,185.046500,185.232040,184.900780,185.019790,4,2026-07-07
2026-07-07 20:00:00,185.028410,185.222470,184.992800,185.126810,4,2026-07-08
2026-07-08 00:00:00,185.139230,185.208740,184.879670,185.026130,4,2026-07-08
2026-07-08 04:00:00,185.024740,185.054060,184.865700,185.008320,4,2026-07-08
2026-07-08 08:00:00,184.987170,185.268200,184.908870,185.169490,4,2026-07-08
2026-07-08 12:00:00,185.178390,185.391240,185.162820,185.383770,4,2026-07-08
2026-07-08 16:00:00,185.379220,185.465320,185.160620,185.292350,4,2026-07-08
2026-07-08 20:00:00,185.287680,185.511520,185.174910,185.423550,4,2026-07-09
2026-07-09 00:00:00,185.441120,185.675230,185.342460,185.615990,4,2026-07-09
2026-07-09 04:00:00,185.617950,185.729350,185.583000,185.625440,4,2026-07-09
2026-07-09 08:00:00,185.615100,185.717590,185.540170,185.615720,4,2026-07-09
2026-07-09 12:00:00,185.600670,185.690440,185.549990,185.619740,4,2026-07-09
2026-07-09 16:00:00,185.623540,185.801860,185.519530,185.662100,4,2026-07-09
2026-07-09 20:00:00,185.653260,185.733040,185.567500,185.705430,4,2026-07-10
2026-07-10 00:00:00,185.695880,185.809460,185.599080,185.607630,4,2026-07-10
2026-07-10 04:00:00,185.613390,185.689850,185.539480,185.628200,4,2026-07-10
2026-07-10 08:00:00,185.624980,185.680490,185.096790,185.175320,4,2026-07-10
2026-07-10 12:00:00,185.163790,185.183130,184.774940,184.865140,4,2026-07-10
2026-07-10 16:00:00,184.859200,185.071990,184.737910,184.931190,4,2026-07-10
2026-07-10 20:00:00,184.945930,185.029380,184.845800,184.937590,1,2026-07-10
2026-07-12 20:00:00,184.663090,185.287830,184.204550,185.191920,3,2026-07-13
2026-07-13 00:00:00,185.193180,185.211850,184.386100,184.752870,4,2026-07-13
2026-07-13 04:00:00,184.775090,185.184740,184.276990,184.502310,4,2026-07-13
2026-07-13 08:00:00,184.495570,184.750120,184.435840,184.590010,4,2026-07-13
2026-07-13 12:00:00,184.592890,185.057460,184.589010,184.943310,4,2026-07-13
2026-07-13 16:00:00,184.959940,185.480820,184.714910,185.180620,4,2026-07-13
2026-07-13 20:00:00,185.184500,185.359950,185.162620,185.171840,4,2026-07-14
2026-07-14 00:00:00,185.189980,185.236980,184.918540,184.988750,4,2026-07-14
2026-07-14 04:00:00,184.991710,185.020750,184.817640,184.942320,4,2026-07-14
2026-07-14 08:00:00,184.942110,184.991150,184.826740,184.988940,4,2026-07-14
2026-07-14 12:00:00,184.983130,185.005060,184.842790,184.892450,4,2026-07-14
2026-07-14 16:00:00,184.890490,185.087600,184.827770,184.912920,4,2026-07-14
2026-07-14 20:00:00,184.918590,185.903550,184.812080,185.443620,4,2026-07-15
2026-07-15 00:00:00,185.454680,185.568120,185.243210,185.270440,4,2026-07-15
2026-07-15 04:00:00,185.285840,185.343120,185.202710,185.260600,4,2026-07-15
2026-07-15 08:00:00,185.257150,185.392660,185.226280,185.382450,4,2026-07-15
2026-07-15 12:00:00,185.370950,185.610660,185.345180,185.599320,4,2026-07-15
2026-07-15 16:00:00,185.596710,185.604980,185.335660,185.389650,4,2026-07-15
2026-07-15 20:00:00,185.377980,185.467770,185.223540,185.440480,4,2026-07-16
2026-07-16 00:00:00,185.426230,185.889390,185.347460,185.886490,4,2026-07-16
2026-07-16 04:00:00,185.883260,186.025880,185.781970,185.869240,4,2026-07-16
2026-07-16 08:00:00,185.888810,186.007240,185.820040,185.878110,4,2026-07-16
2026-07-16 12:00:00,185.868500,185.945850,185.821510,185.919590,4,2026-07-16
2026-07-16 16:00:00,185.911590,185.985860,185.812950,185.960500,4,2026-07-16
2026-07-16 20:00:00,185.954390,186.027410,185.774180,185.895870,4,2026-07-17
2026-07-17 00:00:00,185.901520,185.969340,185.741710,185.750070,4,2026-07-17
2026-07-17 04:00:00,185.755100,185.909570,185.716190,185.826950,4,2026-07-17
2026-07-17 08:00:00,185.823760,185.951730,185.766410,185.846400,4,2026-07-17
2026-07-17 12:00:00,185.838110,185.867870,185.683200,185.796690,4,2026-07-17
2026-07-17 16:00:00,185.794310,185.961020,185.635310,185.759410,4,2026-07-17
2026-07-17 20:00:00,185.766040,185.766040,185.534280,185.537690,1,2026-07-17
2026-07-19 20:00:00,185.792090,185.837110,185.724650,185.801540,3,2026-07-20
2026-07-20 00:00:00,185.802840,185.851580,185.709050,185.788410,4,2026-07-20
2026-07-20 04:00:00,185.788490,186.204620,185.271460,185.659280,4,2026-07-20
2026-07-20 08:00:00,185.648620,185.812560,185.593910,185.680390,4,2026-07-20
2026-07-20 12:00:00,185.674870,185.832280,185.659520,185.769800,4,2026-07-20
2026-07-20 16:00:00,185.777210,185.891510,185.623590,185.647430,4,2026-07-20
2026-07-20 20:00:00,185.638900,185.737560,185.390620,185.500790,4,2026-07-21
2026-07-21 00:00:00,185.487420,185.595860,185.373230,185.450420,4,2026-07-21
2026-07-21 04:00:00,185.448120,185.547990,185.429380,185.441990,4,2026-07-21
2026-07-21 08:00:00,185.441480,185.538080,185.414280,185.519450,4,2026-07-21
2026-07-21 12:00:00,185.516260,185.589190,185.408510,185.571870,4,2026-07-21
2026-07-21 16:00:00,185.566800,185.899130,185.544410,185.841230,4,2026-07-21
2026-07-21 20:00:00,185.842480,185.927060,185.698410,185.850590,4,2026-07-22
2026-07-22 00:00:00,185.859600,186.033610,185.851570,185.971720,4,2026-07-22
2026-07-22 04:00:00,185.967190,186.128920,185.884680,186.056830,4,2026-07-22
2026-07-22 08:00:00,186.034760,186.111620,185.966240,186.061280,4,2026-07-22
2026-07-22 12:00:00,186.057430,186.175410,186.025890,186.060620,4,2026-07-22
2026-07-22 16:00:00,186.062400,186.244930,185.826470,185.952480,4,2026-07-22
2026-07-22 20:00:00,185.957780,186.214050,185.870400,186.119490,4,2026-07-23
2026-07-23 00:00:00,186.141630,186.200630,186.024690,186.168550,4,2026-07-23
2026-07-23 04:00:00,186.165540,186.219590,186.071830,186.103130,4,2026-07-23
2026-07-23 08:00:00,186.099640,186.211400,186.045950,186.158110,4,2026-07-23
2026-07-23 12:00:00,186.153070,186.485250,186.140450,186.447680,4,2026-07-23
2026-07-23 16:00:00,186.442450,186.726450,186.323630,186.471970,4,2026-07-23
2026-07-23 20:00:00,186.470130,186.518380,186.136770,186.485660,4,2026-07-24
2026-07-24 00:00:00,186.492690,186.492750,186.246250,186.327810,4,2026-07-24
2026-07-24 04:00:00,186.323740,186.472580,186.293420,186.362020,4,2026-07-24
2026-07-24 08:00:00,186.389660,186.548120,186.355660,186.450470,4,2026-07-24
2026-07-24 12:00:00,186.446040,186.498080,186.374970,186.425740,4,2026-07-24
2026-07-24 16:00:00,186.422680,186.610180,186.372040,186.404240,4,2026-07-24
2026-07-24 20:00:00,186.413260,186.536830,186.400340,186.462190,1,2026-07-24
2026-07-26 20:00:00,186.373720,186.382100,185.928810,186.047310,3,2026-07-27
2026-07-27 00:00:00,186.048240,186.567290,185.929900,186.353160,4,2026-07-27
2026-07-27 04:00:00,186.351360,186.741270,185.900200,186.385830,4,2026-07-27
2026-07-27 08:00:00,186.392590,186.638900,186.372720,186.582420,4,2026-07-27
2026-07-27 12:00:00,186.590360,186.625360,186.515430,186.590270,4,2026-07-27
2026-07-27 16:00:00,186.597680,186.753890,186.287520,186.379640,4,2026-07-27
2026-07-27 20:00:00,186.371720,186.489470,186.226390,186.231310,4,2026-07-28
2026-07-28 00:00:00,186.241910,186.292290,186.128760,186.200040,4,2026-07-28
2026-07-28 04:00:00,186.193230,186.234070,186.043580,186.201570,4,2026-07-28
2026-07-28 08:00:00,186.195930,186.312540,186.144300,186.266910,4,2026-07-28
2026-07-28 12:00:00,186.263380,186.325640,186.053950,186.114850,4,2026-07-28
2026-07-28 16:00:00,186.106540,186.325350,186.067950,186.130400,4,2026-07-28
2026-07-28 20:00:00,186.123340,186.366900,186.078010,186.294440,4,2026-07-29
2026-07-29 00:00:00,186.304810,186.690990,186.304810,186.568450,4,2026-07-29
2026-07-29 04:00:00,186.572600,186.661480,186.472070,186.609810,4,2026-07-29
2026-07-29 08:00:00,186.615960,186.625400,186.409040,186.501100,4,2026-07-29
2026-07-29 12:00:00,186.491840,186.598850,186.189770,186.350940,4,2026-07-29
2026-07-29 16:00:00,186.342000,186.586480,186.261660,186.382430,4,2026-07-29
2026-07-29 20:00:00,186.389080,186.558100,186.243920,186.529720,4,2026-07-30
2026-07-30 00:00:00,186.542270,186.723720,186.453050,186.664980,4,2026-07-30
2026-07-30 04:00:00,186.662640,187.479870,186.597790,187.310820,4,2026-07-30
2026-07-30 08:00:00,187.307610,187.452720,187.138910,187.272020,4,2026-07-30
2026-07-30 12:00:00,187.266010,187.317010,187.199270,187.250360,4,2026-07-30
2026-07-30 16:00:00,187.251720,187.433510,187.156300,187.232090,4,2026-07-30
2026-07-30 20:00:00,187.231110,187.232850,184.246570,184.296990,4,2026-07-31
2026-07-31 00:00:00,184.410630,184.845990,182.128150,183.349400,4,2026-07-31
2026-07-31 04:00:00,183.358910,184.003160,183.227300,183.964820,4,2026-07-31
2026-07-31 08:00:00,183.974720,185.094990,183.841100,185.022050,4,2026-07-31
2026-07-31 12:00:00,185.007060,185.199760,184.738450,184.795240,4,2026-07-31
2026-07-31 16:00:00,184.801840,185.005610,182.666240,184.140340,4,2026-07-31
2026-07-31 20:00:00,184.116530,184.214280,183.954790,184.031240,1,2026-07-31
2026-08-02 20:00:00,181.666090,182.090880,181.636860,181.987080,3,2026-08-03
2026-08-03 00:00:00,181.982710,182.326570,181.507620,181.756340,4,2026-08-03
2026-08-03 04:00:00,181.757640,182.209130,181.010650,181.896610,4,2026-08-03
2026-08-03 08:00:00,181.879980,182.587170,179.144810,180.316560,4,2026-08-03
2026-08-03 12:00:00,180.301860,180.618300,180.243460,180.432630,4,2026-08-03
2026-08-03 16:00:00,180.437160,181.142030,180.394540,181.029690,4,2026-08-03
2026-08-03 20:00:00,181.007010,181.008590,180.206220,180.392500,4,2026-08-04
2026-08-04 00:00:00,180.378410,180.696710,180.158970,180.620390,4,2026-08-04
2026-08-04 04:00:00,180.610820,180.961310,180.438200,180.926210,4,2026-08-04
2026-08-04 08:00:00,180.942610,181.432850,180.922770,181.430770,4,2026-08-04
2026-08-04 12:00:00,181.421710,181.571300,181.269260,181.475720,4,2026-08-04
2026-08-04 16:00:00,181.465250,181.782050,181.357850,181.728300,4,2026-08-04
2026-08-04 20:00:00,181.720230,181.801160,181.181170,181.431900,4,2026-08-05
2026-08-05 00:00:00,181.423420,181.658520,181.330480,181.628880,4,2026-08-05
2026-08-05 04:00:00,181.642630,181.989900,181.615890,181.883550,4,2026-08-05
2026-08-05 08:00:00,181.882300,181.975810,181.593480,181.725870,4,2026-08-05
2026-08-05 12:00:00,181.722280,181.904070,181.530540,181.870410,4,2026-08-05
2026-08-05 16:00:00,181.865520,182.177280,181.780680,182.040170,4,2026-08-05
2026-08-05 20:00:00,182.042080,182.111310,181.766160,181.871490,4,2026-08-06
2026-08-06 00:00:00,181.866770,182.233120,181.765420,182.229700,4,2026-08-06
2026-08-06 04:00:00,182.224810,182.302600,182.130170,182.200030,4,2026-08-06
2026-08-06 08:00:00,182.191440,182.341710,182.093210,182.185760,4,2026-08-06
2026-08-06 12:00:00,182.181810,182.222580,182.128060,182.201770,4,2026-08-06
2026-08-06 16:00:00,182.197890,182.291900,182.083620,182.165890,4,2026-08-06
2026-08-06 20:00:00,182.174420,182.333200,182.127680,182.226520,4,2026-08-07
2026-08-07 00:00:00,182.218220,182.650190,182.138490,182.536450,4,2026-08-07
2026-08-07 04:00:00,182.530260,182.649600,182.441840,182.603710,4,2026-08-07
2026-08-07 08:00:00,182.597640,182.729470,182.340820,182.433570,4,2026-08-07
2026-08-07 12:00:00,182.427170,182.573100,182.422160,182.449950,4,2026-08-07
2026-08-07 16:00:00,182.460830,182.605240,182.390000,182.590470,4,2026-08-07
2026-08-07 20:00:00,182.583340,182.620830,182.424990,182.494630,1,2026-08-07
2026-08-09 20:00:00,182.456030,182.628040,181.765180,182.098080,3,2026-08-10
2026-08-10 00:00:00,182.098940,182.695200,181.844910,182.033670,4,2026-08-10
2026-08-10 04:00:00,182.034680,182.967850,181.914000,182.357910,4,2026-08-10
2026-08-10 08:00:00,182.338800,182.904910,182.336200,182.900540,4,2026-08-10
2026-08-10 12:00:00,182.890400,182.983690,182.690810,182.972110,4,2026-08-10
2026-08-10 16:00:00,182.967120,183.644630,182.945850,183.598570,4,2026-08-10
2026-08-10 20:00:00,183.608360,183.656640,183.169630,183.572180,4,2026-08-11
2026-08-11 00:00:00,183.552960,183.749790,183.497820,183.682180,4,2026-08-11
2026-08-11 04:00:00,183.684550,183.943200,183.662320,183.855080,4,2026-08-11
2026-08-11 08:00:00,183.837150,183.905660,183.587740,183.799860,4,2026-08-11
2026-08-11 12:00:00,183.789770,183.870130,183.697360,183.740870,4,2026-08-11
2026-08-11 16:00:00,183.742730,183.876320,183.643120,183.776660,4,2026-08-11
2026-08-11 20:00:00,183.772210,183.863020,183.595560,183.817490,4,2026-08-12
2026-08-12 00:00:00,183.826860,183.865920,183.729250,183.811210,4,2026-08-12
2026-08-12 04:00:00,183.815300,183.927370,183.787100,183.826900,4,2026-08-12
2026-08-12 08:00:00,183.830740,183.926090,183.775620,183.850370,4,2026-08-12
2026-08-12 12:00:00,183.847800,183.972940,183.830630,183.876000,4,2026-08-12
2026-08-12 16:00:00,183.871330,183.926050,183.323820,183.609550,4,2026-08-12
2026-08-12 20:00:00,183.605690,183.726880,183.429320,183.693280,4,2026-08-13
2026-08-13 00:00:00,183.680170,183.839700,183.680170,183.778030,4,2026-08-13
2026-08-13 04:00:00,183.784020,183.828380,183.685810,183.715410,4,2026-08-13
2026-08-13 08:00:00,183.717030,183.785840,183.624330,183.666000,4,2026-08-13
2026-08-13 12:00:00,183.658500,183.761830,183.484860,183.589280,4,2026-08-13
2026-08-13 16:00:00,183.585880,183.817610,183.529390,183.785120,4,2026-08-13
2026-08-13 20:00:00,183.765420,183.857360,183.662110,183.734350,4,2026-08-14
2026-08-14 00:00:00,183.729190,183.928930,183.555570,183.908110,4,2026-08-14
2026-08-14 04:00:00,183.914560,183.957570,183.829900,183.915720,4,2026-08-14
2026-08-14 08:00:00,183.912260,183.981940,183.857520,183.912570,4,2026-08-14
2026-08-14 12:00:00,183.923000,183.936380,183.792930,183.828660,4,2026-08-14
2026-08-14 16:00:00,183.825190,183.966160,183.694890,183.893570,4,2026-08-14
2026-08-14 20:00:00,183.887370,183.946950,183.825910,183.944940,1,2026-08-14
2026-08-16 20:00:00,184.295170,184.368850,184.291500,184.349370,3,2026-08-17
2026-08-17 00:00:00,184.346150,184.563460,183.438210,184.343890,4,2026-08-17
2026-08-17 04:00:00,184.339730,184.512800,183.982020,184.328680,4,2026-08-17
2026-08-17 08:00:00,184.266110,184.379250,184.132130,184.250070,4,2026-08-17
2026-08-17 12:00:00,184.255560,184.360550,184.132450,184.343850,4,2026-08-17
2026-08-17 16:00:00,184.341300,184.647250,184.263660,184.610770,4,2026-08-17
2026-08-17 20:00:00,184.605070,184.778100,184.483060,184.666630,4,2026-08-18
2026-08-18 00:00:00,184.676700,184.737850,184.513970,184.663360,4,2026-08-18
2026-08-18 04:00:00,184.668250,184.742750,184.566300,184.593020,4,2026-08-18
2026-08-18 08:00:00,184.587300,184.741110,184.524970,184.694360,4,2026-08-18
2026-08-18 12:00:00,184.690170,184.859060,184.617150,184.777090,4,2026-08-18
2026-08-18 16:00:00,184.772240,184.917590,184.730560,184.817750,4,2026-08-18
2026-08-18 20:00:00,184.809820,184.920850,184.768340,184.807340,4,2026-08-19
2026-08-19 00:00:00,184.797750,184.867810,184.708390,184.766310,4,2026-08-19
2026-08-19 04:00:00,184.772680,184.847710,184.734920,184.748480,4,2026-08-19
2026-08-19 08:00:00,184.751670,184.793890,184.553120,184.601040,4,2026-08-19
2026-08-19 12:00:00,184.608050,184.678830,184.491170,184.609470,4,2026-08-19
2026-08-19 16:00:00,184.616040,184.741690,184.492110,184.660930,4,2026-08-19
2026-08-19 20:00:00,184.656530,184.771970,184.015250,184.708040,4,2026-08-20
2026-08-20 00:00:00,184.725790,184.953790,184.535530,184.910180,4,2026-08-20
2026-08-20 04:00:00,184.916110,184.994690,184.552170,184.644160,4,2026-08-20
2026-08-20 08:00:00,184.648160,185.136960,184.577210,185.103660,4,2026-08-20
2026-08-20 12:00:00,185.087980,185.268010,184.958130,185.214770,4,2026-08-20
2026-08-20 16:00:00,185.221750,185.470520,185.011410,185.397480,4,2026-08-20
2026-08-20 20:00:00,185.392970,185.497220,185.272960,185.430700,4,2026-08-21
2026-08-21 00:00:00,185.404890,185.713030,185.345670,185.694600,4,2026-08-21
2026-08-21 04:00:00,185.696100,185.841730,185.660130,185.755430,4,2026-08-21
2026-08-21 08:00:00,185.753940,185.943380,185.667370,185.828410,4,2026-08-21
2026-08-21 12:00:00,185.831450,186.028800,185.785710,185.818120,4,2026-08-21
2026-08-21 16:00:00,185.813880,185.921740,185.443490,185.592910,4,2026-08-21
2026-08-21 20:00:00,185.586380,185.765440,185.554330,185.724330,1,2026-08-21
2026-08-23 20:00:00,185.785330,185.823880,185.657090,185.678640,3,2026-08-24
2026-08-24 00:00:00,185.674470,185.719610,185.345990,185.635490,4,2026-08-24
2026-08-24 04:00:00,185.633060,185.943120,185.034530,185.431090,4,2026-08-24
2026-08-24 08:00:00,185.476420,185.670110,185.439660,185.552780,4,2026-08-24
2026-08-24 12:00:00,185.559520,185.668220,185.516450,185.612620,4,2026-08-24
2026-08-24 16:00:00,185.624180,185.811370,185.531060,185.713300,4,2026-08-24
2026-08-24 20:00:00,185.709820,185.764110,185.445900,185.636080,4,2026-08-25
2026-08-25 00:00:00,185.631260,185.751860,185.492240,185.559720,4,2026-08-25
2026-08-25 04:00:00,185.566930,185.685970,185.496720,185.552110,4,2026-08-25
2026-08-25 08:00:00,185.561210,185.796040,185.544310,185.767060,4,2026-08-25
2026-08-25 12:00:00,185.769700,185.866230,185.578050,185.669190,4,2026-08-25
2026-08-25 16:00:00,185.670760,185.963510,185.653060,185.846960,4,2026-08-25
2026-08-25 20:00:00,185.857160,185.884740,185.668140,185.882970,4,2026-08-26
2026-08-26 00:00:00,185.873420,185.934850,185.786110,185.890360,4,2026-08-26
2026-08-26 04:00:00,185.884570,185.936890,185.757060,185.853980,4,2026-08-26
2026-08-26 08:00:00,185.859750,185.931910,185.561440,185.620020,4,2026-08-26
2026-08-26 12:00:00,185.629210,185.657570,185.354970,185.485570,4,2026-08-26
2026-08-26 16:00:00,185.484050,185.641210,185.452080,185.502460,4,2026-08-26
2026-08-26 20:00:00,185.499100,185.762950,185.467690,185.745990,4,2026-08-27
2026-08-27 00:00:00,185.736190,185.767940,185.597170,185.758300,4,2026-08-27
2026-08-27 04:00:00,185.751660,185.760910,185.578430,185.660280,4,2026-08-27
2026-08-27 08:00:00,185.649580,185.685470,185.478930,185.639690,4,2026-08-27
2026-08-27 12:00:00,185.646850,185.778520,185.646850,185.724120,4,2026-08-27
2026-08-27 16:00:00,185.724620,185.755230,185.535140,185.651780,4,2026-08-27
2026-08-27 20:00:00,185.661630,185.819800,185.551010,185.732280,4,2026-08-28
2026-08-28 00:00:00,185.725500,185.752670,185.513740,185.688100,4,2026-08-28
2026-08-28 04:00:00,185.681970,185.788510,185.654800,185.730930,4,2026-08-28
2026-08-28 08:00:00,185.736520,185.782430,185.635470,185.727400,4,2026-08-28
2026-08-28 12:00:00,185.731700,185.803550,185.666900,185.764240,4,2026-08-28
2026-08-28 16:00:00,185.759810,185.893120,185.660420,185.881100,4,2026-08-28
2026-08-28 20:00:00,185.875710,185.989800,185.858060,185.982110,1,2026-08-28
2026-08-30 20:00:00,185.488610,185.641130,184.590880,184.715430,3,2026-08-31
2026-08-31 00:00:00,184.711940,185.902290,184.192130,185.306720,4,2026-08-31
2026-08-31 04:00:00,185.267720,185.772320,184.732240,185.456860,4,2026-08-31
2026-08-31 08:00:00,185.440940,185.601660,185.224640,185.268230,4,2026-08-31
2026-08-31 12:00:00,185.263780,185.283890,185.167430,185.264350,4,2026-08-31
2026-08-31 16:00:00,185.258140,185.322050,184.954480,185.289000,4,2026-08-31
2026-08-31 20:00:00,185.280600,185.427360,185.175000,185.400170,4,2026-09-01
2026-09-01 00:00:00,185.385440,185.633140,185.319070,185.494590,4,2026-09-01
2026-09-01 04:00:00,185.502060,185.644130,185.480480,185.609120,4,2026-09-01
2026-09-01 08:00:00,185.611280,185.713480,185.449300,185.452840,4,2026-09-01
2026-09-01 12:00:00,185.456220,185.611370,185.449580,185.605190,4,2026-09-01
2026-09-01 16:00:00,185.597150,185.657850,185.397610,185.551070,4,2026-09-01
2026-09-01 20:00:00,185.542580,185.714880,185.494450,185.657470,4,2026-09-02
2026-09-02 00:00:00,185.662600,185.733870,185.486480,185.675810,4,2026-09-02
2026-09-02 04:00:00,185.680340,185.732230,185.636840,185.645880,4,2026-09-02
2026-09-02 08:00:00,185.655230,185.764920,185.590890,185.683940,4,2026-09-02
2026-09-02 12:00:00,185.687600,185.712550,185.074720,185.084070,4,2026-09-02
2026-09-02 16:00:00,185.097710,185.103800,184.550500,184.980000,4,2026-09-02
2026-09-02 20:00:00,184.963200,185.203350,183.628710,184.036080,4,2026-09-03
2026-09-03 00:00:00,184.005680,184.191180,183.899020,184.096440,4,2026-09-03
2026-09-03 04:00:00,184.106600,184.203090,183.831240,183.921170,4,2026-09-03
2026-09-03 08:00:00,183.918240,184.177670,183.416290,183.648530,4,2026-09-03
2026-09-03 12:00:00,183.641980,183.671830,182.596420,182.630300,4,2026-09-03
2026-09-03 16:00:00,182.632640,182.660130,181.259960,181.498860,4,2026-09-03
2026-09-03 20:00:00,181.509340,181.542660,180.669340,180.774310,4,2026-09-04
2026-09-04 00:00:00,180.761310,181.027810,180.525040,180.860670,4,2026-09-04
2026-09-04 04:00:00,180.857620,181.347180,180.775440,181.236730,4,2026-09-04
2026-09-04 08:00:00,181.228800,181.514670,180.643280,181.301080,4,2026-09-04
2026-09-04 12:00:00,181.314010,181.864840,181.203540,181.792880,4,2026-09-04
2026-09-04 16:00:00,181.796400,181.961630,181.491400,181.777690,4,2026-09-04
2026-09-04 20:00:00,181.800600,181.810300,181.595880,181.653660,1,2026-09-04
2026-09-06 20:00:00,181.539750,181.547910,181.417740,181.443740,3,2026-09-07
2026-09-07 00:00:00,181.440530,181.542500,181.374570,181.450410,4,2026-09-07
2026-09-07 04:00:00,181.446400,181.727020,180.972460,181.264500,4,2026-09-07
2026-09-07 08:00:00,181.253250,181.480350,181.037680,181.223390,4,2026-09-07
2026-09-07 12:00:00,181.218490,181.391840,180.970910,180.976270,4,2026-09-07
2026-09-07 16:00:00,180.983720,181.079160,179.214790,179.603450,4,2026-09-07
2026-09-07 20:00:00,179.598790,179.915090,179.365620,179.755790,4,2026-09-08
2026-09-08 00:00:00,179.751900,179.808400,179.399660,179.456050,4,2026-09-08
2026-09-08 04:00:00,179.459490,179.586550,179.290250,179.448020,4,2026-09-08
2026-09-08 08:00:00,179.445280,179.502120,178.421520,178.434710,4,2026-09-08
2026-09-08 12:00:00,178.450980,178.545240,177.855770,178.414290,4,2026-09-08
2026-09-08 16:00:00,178.467880,179.090680,178.336200,178.770590,4,2026-09-08
2026-09-08 20:00:00,178.779330,179.301450,178.645560,178.835900,4,2026-09-09
2026-09-09 00:00:00,178.845900,179.427090,178.749310,179.328770,4,2026-09-09
2026-09-09 04:00:00,179.333720,179.480020,178.630850,178.895140,4,2026-09-09
2026-09-09 08:00:00,178.897490,178.974530,178.262400,178.608660,4,2026-09-09
2026-09-09 12:00:00,178.617630,178.738860,178.324210,178.334370,4,2026-09-09
2026-09-09 16:00:00,178.353800,178.811830,178.084880,178.596230,4,2026-09-09
2026-09-09 20:00:00,178.582160,178.746010,178.416070,178.551900,4,2026-09-10
2026-09-10 00:00:00,178.552760,178.783480,178.375880,178.618910,4,2026-09-10
2026-09-10 04:00:00,178.628050,178.799940,178.557200,178.672670,4,2026-09-10
2026-09-10 08:00:00,178.664850,178.857740,178.418680,178.719590,4,2026-09-10
2026-09-10 12:00:00,178.694510,178.834900,178.456580,178.784570,4,2026-09-10
2026-09-10 16:00:00,178.780050,178.915770,178.490960,178.832720,4,2026-09-10
2026-09-10 20:00:00,178.827380,179.514220,178.789510,178.923270,4,2026-09-11
2026-09-11 00:00:00,178.947660,179.429190,178.768190,179.254910,4,2026-09-11
2026-09-11 04:00:00,179.262390,179.381280,179.161600,179.264080,4,2026-09-11
2026-09-11 08:00:00,179.249310,179.558640,179.148740,179.235880,4,2026-09-11
2026-09-11 12:00:00,179.244080,179.351430,178.795150,178.843180,4,2026-09-11
2026-09-11 16:00:00,178.858410,179.154660,178.648590,178.694720,4,2026-09-11
2026-09-11 20:00:00,178.691080,178.743180,178.471630,178.481220,1,2026-09-11
2026-09-13 20:00:00,178.123850,178.366670,176.968980,177.221580,3,2026-09-14
2026-09-14 00:00:00,177.222070,178.628220,176.888920,178.082100,4,2026-09-14
2026-09-14 04:00:00,178.042990,178.613390,177.284440,177.953520,4,2026-09-14
2026-09-14 08:00:00,177.967600,178.261390,177.840400,178.123980,4,2026-09-14
2026-09-14 12:00:00,178.125930,178.475100,178.037560,178.194700,4,2026-09-14
2026-09-14 16:00:00,178.200500,178.426240,178.068250,178.388050,4,2026-09-14
2026-09-14 20:00:00,178.399620,178.683960,178.352590,178.576600,4,2026-09-15
2026-09-15 00:00:00,178.587280,178.626790,178.237690,178.434030,4,2026-09-15
2026-09-15 04:00:00,178.426480,178.448760,178.021510,178.263900,4,2026-09-15
2026-09-15 08:00:00,178.274780,178.585570,178.145560,178.575300,4,2026-09-15
2026-09-15 12:00:00,178.568990,178.701360,178.406910,178.592950,4,2026-09-15
2026-09-15 16:00:00,178.582460,179.078100,178.384580,178.747970,4,2026-09-15
2026-09-15 20:00:00,178.743250,179.105960,178.540490,178.991940,4,2026-09-16
2026-09-16 00:00:00,178.978770,179.117080,178.827270,179.038030,4,2026-09-16
2026-09-16 04:00:00,179.039120,179.102200,178.879730,179.018380,4,2026-09-16
2026-09-16 08:00:00,179.006230,179.313050,178.923760,179.233250,4,2026-09-16
2026-09-16 12:00:00,179.241090,179.360450,179.156870,179.255720,4,2026-09-16
2026-09-16 16:00:00,179.246940,179.251780,178.885560,178.994620,4,2026-09-16
2026-09-16 20:00:00,179.002890,179.166370,178.810260,179.095440,4,2026-09-17
2026-09-17 00:00:00,179.107930,179.125430,178.842710,178.898540,4,2026-09-17
2026-09-17 04:00:00,178.896140,179.313150,178.597340,179.124220,4,2026-09-17
2026-09-17 08:00:00,179.129960,179.213630,178.808370,178.979130,4,2026-09-17
2026-09-17 12:00:00,178.973110,179.061090,178.488870,178.547160,4,2026-09-17
2026-09-17 16:00:00,178.515670,178.792640,178.467410,178.706230,4,2026-09-17
2026-09-17 20:00:00,178.694530,178.973290,178.550100,178.865060,4,2026-09-18
2026-09-18 00:00:00,178.857390,179.143140,178.829490,179.052500,4,2026-09-18
2026-09-18 04:00:00,179.048490,179.097260,178.984460,179.017790,4,2026-09-18
2026-09-18 08:00:00,179.025540,179.445010,178.924770,179.405010,4,2026-09-18
2026-09-18 12:00:00,179.416960,180.655550,179.190020,180.435250,4,2026-09-18
2026-09-18 16:00:00,180.446900,181.498170,179.824760,181.406210,4,2026-09-18
2026-09-18 20:00:00,181.417060,181.448050,181.008990,181.020660,1,2026-09-18
