datetime,open,high,low,close,n_h1,trading_day
2020-01-30 04:00:00,0.653100,0.653750,0.652600,0.652650,2,2020-01-30
2020-01-30 08:00:00,0.652700,0.653100,0.652050,0.652050,4,2020-01-30
2020-01-30 12:00:00,0.652050,0.652450,0.650500,0.651050,4,2020-01-30
2020-01-30 16:00:00,0.651000,0.651250,0.650000,0.650550,4,2020-01-30
2020-01-30 20:00:00,0.650600,0.650900,0.649700,0.649800,4,2020-01-31
2020-01-31 00:00:00,0.649850,0.650500,0.648500,0.648900,4,2020-01-31
2020-01-31 04:00:00,0.648950,0.649600,0.648050,0.649300,4,2020-01-31
2020-01-31 08:00:00,0.649250,0.649450,0.648300,0.649050,4,2020-01-31
2020-01-31 12:00:00,0.648900,0.649550,0.647800,0.648600,4,2020-01-31
2020-01-31 16:00:00,0.648650,0.648800,0.646300,0.646400,4,2020-01-31
2020-01-31 20:00:00,0.646400,0.646550,0.645400,0.646050,2,2020-01-31
2020-02-03 04:00:00,0.647350,0.647500,0.646350,0.647300,1,2020-02-03
2020-02-03 08:00:00,0.647050,0.647800,0.645550,0.646550,4,2020-02-03
2020-02-03 12:00:00,0.646450,0.647050,0.645350,0.646950,4,2020-02-03
2020-02-03 16:00:00,0.646900,0.647550,0.645850,0.645950,4,2020-02-03
2020-02-03 20:00:00,0.645900,0.647450,0.645450,0.647200,4,2020-02-04
2020-02-04 00:00:00,0.647150,0.647650,0.645450,0.646200,4,2020-02-04
2020-02-04 04:00:00,0.646150,0.646750,0.645750,0.646250,4,2020-02-04
2020-02-04 08:00:00,0.646200,0.646500,0.645000,0.645200,4,2020-02-04
2020-02-04 12:00:00,0.645300,0.647100,0.645000,0.646700,4,2020-02-04
2020-02-04 16:00:00,0.646700,0.647650,0.646100,0.646600,4,2020-02-04
2020-02-04 20:00:00,0.646600,0.646750,0.645400,0.646400,4,2020-02-05
2020-02-05 00:00:00,0.646300,0.647950,0.645650,0.647950,4,2020-02-05
2020-02-05 04:00:00,0.647900,0.649000,0.647900,0.648700,4,2020-02-05
2020-02-05 08:00:00,0.648700,0.650100,0.648600,0.648800,4,2020-02-05
2020-02-05 12:00:00,0.648800,0.649100,0.647800,0.648400,4,2020-02-05
2020-02-05 16:00:00,0.648400,0.650050,0.647850,0.650000,4,2020-02-05
2020-02-05 20:00:00,0.650000,0.650350,0.648200,0.648950,4,2020-02-06
2020-02-06 00:00:00,0.648900,0.648950,0.647300,0.647750,4,2020-02-06
2020-02-06 04:00:00,0.647700,0.647800,0.646900,0.647400,4,2020-02-06
2020-02-06 08:00:00,0.647400,0.648450,0.647300,0.647600,4,2020-02-06
2020-02-06 12:00:00,0.647700,0.648250,0.646700,0.647500,4,2020-02-06
2020-02-06 16:00:00,0.647550,0.647600,0.645800,0.646000,4,2020-02-06
2020-02-06 20:00:00,0.646050,0.647500,0.645750,0.647400,4,2020-02-07
2020-02-07 00:00:00,0.647400,0.647600,0.645400,0.646100,4,2020-02-07
2020-02-07 04:00:00,0.646100,0.646400,0.645550,0.645800,4,2020-02-07
2020-02-07 08:00:00,0.645900,0.646400,0.644700,0.645200,4,2020-02-07
2020-02-07 12:00:00,0.645250,0.645950,0.644900,0.645100,4,2020-02-07
2020-02-07 16:00:00,0.645150,0.645450,0.642750,0.642950,4,2020-02-07
2020-02-07 20:00:00,0.642950,0.642950,0.641350,0.641700,2,2020-02-07
2020-02-10 04:00:00,0.640450,0.641050,0.640400,0.640900,1,2020-02-10
2020-02-10 08:00:00,0.640900,0.641000,0.639500,0.640850,4,2020-02-10
2020-02-10 12:00:00,0.640700,0.641800,0.639600,0.641000,4,2020-02-10
2020-02-10 16:00:00,0.640250,0.641300,0.640200,0.641200,4,2020-02-10
2020-02-10 20:00:00,0.641100,0.641600,0.639700,0.639900,4,2020-02-11
2020-02-11 00:00:00,0.639950,0.640650,0.638250,0.638300,4,2020-02-11
2020-02-11 04:00:00,0.638400,0.638950,0.638200,0.638550,4,2020-02-11
2020-02-11 08:00:00,0.638600,0.638800,0.637800,0.638200,4,2020-02-11
2020-02-11 12:00:00,0.638100,0.639300,0.637900,0.638950,4,2020-02-11
2020-02-11 16:00:00,0.638900,0.639850,0.638450,0.639500,4,2020-02-11
2020-02-11 20:00:00,0.639500,0.639800,0.638950,0.639150,4,2020-02-12
2020-02-12 00:00:00,0.639250,0.642200,0.638750,0.640000,4,2020-02-12
2020-02-12 04:00:00,0.640100,0.640550,0.639900,0.640000,4,2020-02-12
2020-02-12 08:00:00,0.640050,0.641400,0.639900,0.641400,4,2020-02-12
2020-02-12 12:00:00,0.641200,0.647750,0.641200,0.645700,4,2020-02-12
2020-02-12 16:00:00,0.645700,0.647950,0.645350,0.647200,4,2020-02-12
2020-02-12 20:00:00,0.647150,0.648650,0.646400,0.648450,4,2020-02-13
2020-02-13 00:00:00,0.648450,0.648750,0.646400,0.647100,4,2020-02-13
2020-02-13 04:00:00,0.647250,0.647300,0.646000,0.646350,4,2020-02-13
2020-02-13 08:00:00,0.646600,0.646800,0.642700,0.644300,4,2020-02-13
2020-02-13 12:00:00,0.644350,0.645500,0.644200,0.644650,4,2020-02-13
2020-02-13 16:00:00,0.644850,0.646550,0.644250,0.646450,4,2020-02-13
2020-02-13 20:00:00,0.646400,0.646750,0.644450,0.645100,4,2020-02-14
2020-02-14 00:00:00,0.645100,0.646600,0.644100,0.644300,4,2020-02-14
2020-02-14 04:00:00,0.644350,0.644500,0.643800,0.644200,4,2020-02-14
2020-02-14 08:00:00,0.644100,0.644200,0.643200,0.644050,4,2020-02-14
2020-02-14 12:00:00,0.643900,0.644350,0.643100,0.643200,4,2020-02-14
2020-02-14 16:00:00,0.643100,0.644100,0.643000,0.643500,4,2020-02-14
2020-02-14 20:00:00,0.643550,0.644050,0.643050,0.643250,2,2020-02-14
2020-02-17 04:00:00,0.643750,0.644300,0.643750,0.644050,1,2020-02-17
2020-02-17 08:00:00,0.644100,0.645000,0.643250,0.643400,4,2020-02-17
2020-02-17 12:00:00,0.643450,0.644150,0.642800,0.642950,4,2020-02-17
2020-02-17 16:00:00,0.642900,0.643700,0.642650,0.643200,4,2020-02-17
2020-02-17 20:00:00,0.643150,0.644150,0.642300,0.642350,4,2020-02-18
2020-02-18 00:00:00,0.642500,0.644050,0.642050,0.643900,4,2020-02-18
2020-02-18 04:00:00,0.643850,0.644300,0.643550,0.644100,4,2020-02-18
2020-02-18 08:00:00,0.644000,0.644200,0.642000,0.642100,4,2020-02-18
2020-02-18 12:00:00,0.642000,0.642300,0.640600,0.641700,4,2020-02-18
2020-02-18 16:00:00,0.641800,0.641950,0.640350,0.640500,4,2020-02-18
2020-02-18 20:00:00,0.640500,0.640500,0.639050,0.639100,4,2020-02-19
2020-02-19 00:00:00,0.639250,0.640100,0.638300,0.639250,4,2020-02-19
2020-02-19 04:00:00,0.639300,0.639400,0.638150,0.638700,4,2020-02-19
2020-02-19 08:00:00,0.638650,0.640050,0.638400,0.639800,4,2020-02-19
2020-02-19 12:00:00,0.639700,0.640050,0.639100,0.639350,4,2020-02-19
2020-02-19 16:00:00,0.639350,0.640150,0.638900,0.639950,4,2020-02-19
2020-02-19 20:00:00,0.640000,0.641100,0.639050,0.639650,4,2020-02-20
2020-02-20 00:00:00,0.639600,0.639750,0.637350,0.637800,4,2020-02-20
2020-02-20 04:00:00,0.637800,0.638250,0.637100,0.638100,4,2020-02-20
2020-02-20 08:00:00,0.638450,0.639450,0.637900,0.639000,4,2020-02-20
2020-02-20 12:00:00,0.639000,0.639500,0.635200,0.636000,4,2020-02-20
2020-02-20 16:00:00,0.636000,0.636400,0.633800,0.634150,4,2020-02-20
2020-02-20 20:00:00,0.634300,0.635100,0.632500,0.633100,4,2020-02-21
2020-02-21 00:00:00,0.633100,0.635150,0.632750,0.633950,4,2020-02-21
2020-02-21 04:00:00,0.633900,0.634400,0.633000,0.633600,4,2020-02-21
2020-02-21 08:00:00,0.633600,0.634400,0.633000,0.633800,4,2020-02-21
2020-02-21 12:00:00,0.633800,0.633900,0.630700,0.631050,4,2020-02-21
2020-02-21 16:00:00,0.631100,0.631850,0.630350,0.631850,4,2020-02-21
2020-02-21 20:00:00,0.631800,0.632100,0.630700,0.631150,2,2020-02-21
2020-02-24 04:00:00,0.632200,0.632450,0.631350,0.631900,1,2020-02-24
2020-02-24 08:00:00,0.631900,0.632950,0.631250,0.632000,4,2020-02-24
2020-02-24 12:00:00,0.632000,0.632800,0.631300,0.632350,4,2020-02-24
2020-02-24 16:00:00,0.632350,0.632450,0.630300,0.631800,4,2020-02-24
2020-02-24 20:00:00,0.631900,0.632800,0.631000,0.632750,4,2020-02-25
2020-02-25 00:00:00,0.632750,0.635200,0.631800,0.634750,4,2020-02-25
2020-02-25 04:00:00,0.634600,0.635650,0.633350,0.634000,4,2020-02-25
2020-02-25 08:00:00,0.633950,0.634600,0.633500,0.634200,4,2020-02-25
2020-02-25 12:00:00,0.634100,0.635900,0.633850,0.634250,4,2020-02-25
2020-02-25 16:00:00,0.634250,0.634800,0.633150,0.633800,4,2020-02-25
2020-02-25 20:00:00,0.633750,0.634100,0.631250,0.631500,4,2020-02-26
2020-02-26 00:00:00,0.631500,0.633500,0.631150,0.632600,4,2020-02-26
2020-02-26 04:00:00,0.632550,0.633250,0.632000,0.632300,4,2020-02-26
2020-02-26 08:00:00,0.632200,0.632850,0.631000,0.631150,4,2020-02-26
2020-02-26 12:00:00,0.631150,0.632000,0.630600,0.631700,4,2020-02-26
2020-02-26 16:00:00,0.631600,0.632100,0.630500,0.631450,4,2020-02-26
2020-02-26 20:00:00,0.631400,0.631600,0.629500,0.629950,4,2020-02-27
2020-02-27 00:00:00,0.629800,0.631000,0.629350,0.629800,4,2020-02-27
2020-02-27 04:00:00,0.629850,0.630550,0.629300,0.629500,4,2020-02-27
2020-02-27 08:00:00,0.629500,0.629800,0.628400,0.629400,4,2020-02-27
2020-02-27 12:00:00,0.629300,0.629800,0.628450,0.629400,4,2020-02-27
2020-02-27 16:00:00,0.629500,0.632600,0.628900,0.632500,4,2020-02-27
2020-02-27 20:00:00,0.632550,0.633100,0.631300,0.632600,4,2020-02-28
2020-02-28 00:00:00,0.632700,0.633500,0.631250,0.631800,4,2020-02-28
2020-02-28 04:00:00,0.631900,0.632400,0.630900,0.631150,4,2020-02-28
2020-02-28 08:00:00,0.631200,0.631900,0.630000,0.630600,4,2020-02-28
2020-02-28 12:00:00,0.630600,0.630600,0.624000,0.624000,4,2020-02-28
2020-02-28 16:00:00,0.624050,0.626300,0.623200,0.625600,4,2020-02-28
2020-02-28 20:00:00,0.625650,0.626150,0.623850,0.623850,2,2020-02-28
2020-03-02 04:00:00,0.618550,0.620800,0.618550,0.619900,1,2020-03-02
2020-03-02 08:00:00,0.619900,0.623250,0.619600,0.621700,4,2020-03-02
2020-03-02 12:00:00,0.621700,0.624850,0.621700,0.622400,4,2020-03-02
2020-03-02 16:00:00,0.622300,0.627600,0.622100,0.626050,4,2020-03-02
2020-03-02 20:00:00,0.626000,0.627900,0.625000,0.626950,4,2020-03-03
2020-03-03 00:00:00,0.626900,0.627800,0.624450,0.625250,4,2020-03-03
2020-03-03 04:00:00,0.625250,0.626150,0.623800,0.624150,4,2020-03-03
2020-03-03 08:00:00,0.624200,0.627150,0.624050,0.626150,4,2020-03-03
2020-03-03 12:00:00,0.626250,0.628200,0.624800,0.626400,4,2020-03-03
2020-03-03 16:00:00,0.626550,0.627500,0.625450,0.626150,4,2020-03-03
2020-03-03 20:00:00,0.626100,0.627600,0.625650,0.626900,4,2020-03-04
2020-03-04 00:00:00,0.626900,0.632600,0.626150,0.630600,4,2020-03-04
2020-03-04 04:00:00,0.630600,0.630600,0.627700,0.628800,4,2020-03-04
2020-03-04 08:00:00,0.628850,0.629100,0.626600,0.628900,4,2020-03-04
2020-03-04 12:00:00,0.629000,0.629800,0.627200,0.627600,4,2020-03-04
2020-03-04 16:00:00,0.627600,0.629200,0.627200,0.628850,4,2020-03-04
2020-03-04 20:00:00,0.628850,0.630450,0.628600,0.629450,4,2020-03-05
2020-03-05 00:00:00,0.629500,0.629900,0.627600,0.627700,4,2020-03-05
2020-03-05 04:00:00,0.627600,0.629600,0.627600,0.629400,4,2020-03-05
2020-03-05 08:00:00,0.629400,0.630150,0.628600,0.628900,4,2020-03-05
2020-03-05 12:00:00,0.628900,0.630300,0.628050,0.630000,4,2020-03-05
2020-03-05 16:00:00,0.630050,0.631100,0.629900,0.631000,4,2020-03-05
2020-03-05 20:00:00,0.631000,0.633450,0.630700,0.630750,4,2020-03-06
2020-03-06 00:00:00,0.630700,0.631000,0.628200,0.630400,4,2020-03-06
2020-03-06 04:00:00,0.630300,0.630500,0.629200,0.630300,4,2020-03-06
2020-03-06 08:00:00,0.630150,0.632100,0.629700,0.631650,4,2020-03-06
2020-03-06 12:00:00,0.631650,0.632000,0.629400,0.631450,4,2020-03-06
2020-03-06 16:00:00,0.631400,0.636750,0.631150,0.636000,4,2020-03-06
2020-03-06 20:00:00,0.636100,0.637300,0.634650,0.635700,2,2020-03-06
2020-03-09 04:00:00,0.633350,0.636100,0.631700,0.631700,2,2020-03-09
2020-03-09 08:00:00,0.631700,0.634300,0.630900,0.633200,4,2020-03-09
2020-03-09 12:00:00,0.633250,0.633250,0.602950,0.625800,4,2020-03-09
2020-03-09 16:00:00,0.625900,0.632750,0.625500,0.632750,4,2020-03-09
2020-03-09 20:00:00,0.632200,0.635900,0.630900,0.635900,4,2020-03-10
2020-03-10 00:00:00,0.635900,0.644850,0.634000,0.638000,4,2020-03-10
2020-03-10 04:00:00,0.637900,0.637900,0.633200,0.633700,4,2020-03-10
2020-03-10 08:00:00,0.633900,0.636000,0.630900,0.631100,4,2020-03-10
2020-03-10 12:00:00,0.631100,0.633850,0.630600,0.631250,4,2020-03-10
2020-03-10 16:00:00,0.631250,0.632300,0.628600,0.631800,4,2020-03-10
2020-03-10 20:00:00,0.631600,0.633200,0.630400,0.631950,4,2020-03-11
2020-03-11 00:00:00,0.631900,0.633050,0.624400,0.624800,4,2020-03-11
2020-03-11 04:00:00,0.624700,0.627900,0.624350,0.627200,4,2020-03-11
2020-03-11 08:00:00,0.627100,0.628200,0.625700,0.626100,4,2020-03-11
2020-03-11 12:00:00,0.626000,0.629350,0.626000,0.628800,4,2020-03-11
2020-03-11 16:00:00,0.628700,0.632300,0.628000,0.631450,4,2020-03-11
2020-03-11 20:00:00,0.631500,0.634200,0.631300,0.632250,4,2020-03-12
2020-03-12 00:00:00,0.632400,0.632750,0.629100,0.629550,4,2020-03-12
2020-03-12 04:00:00,0.629600,0.630600,0.626700,0.626850,4,2020-03-12
2020-03-12 08:00:00,0.626900,0.627950,0.625500,0.625850,4,2020-03-12
2020-03-12 12:00:00,0.625800,0.626900,0.624800,0.625700,4,2020-03-12
2020-03-12 16:00:00,0.625800,0.627650,0.624200,0.625600,4,2020-03-12
2020-03-12 20:00:00,0.625600,0.625650,0.617700,0.617900,4,2020-03-13
2020-03-13 00:00:00,0.617900,0.619450,0.609200,0.617450,4,2020-03-13
2020-03-13 04:00:00,0.617150,0.620100,0.608500,0.608800,4,2020-03-13
2020-03-13 08:00:00,0.609100,0.613600,0.608500,0.613200,4,2020-03-13
2020-03-13 12:00:00,0.612950,0.616100,0.612000,0.614050,4,2020-03-13
2020-03-13 16:00:00,0.614100,0.615250,0.610850,0.613700,4,2020-03-13
2020-03-13 20:00:00,0.613700,0.616100,0.613400,0.615200,1,2020-03-13
2020-03-16 04:00:00,0.598350,0.600300,0.594050,0.598750,2,2020-03-16
2020-03-16 08:00:00,0.598800,0.615300,0.598800,0.604800,4,2020-03-16
2020-03-16 12:00:00,0.604800,0.606500,0.601350,0.605450,4,2020-03-16
2020-03-16 16:00:00,0.605500,0.605800,0.601050,0.604600,4,2020-03-16
2020-03-16 20:00:00,0.604600,0.606900,0.601600,0.602100,4,2020-03-17
2020-03-17 00:00:00,0.602400,0.611300,0.598550,0.609500,4,2020-03-17
2020-03-17 04:00:00,0.609500,0.609750,0.603200,0.604700,4,2020-03-17
2020-03-17 08:00:00,0.604600,0.606000,0.603500,0.605350,4,2020-03-17
2020-03-17 12:00:00,0.605400,0.609600,0.604150,0.605150,4,2020-03-17
2020-03-17 16:00:00,0.605000,0.605750,0.601650,0.601700,4,2020-03-17
2020-03-17 20:00:00,0.601750,0.602550,0.593300,0.596500,4,2020-03-18
2020-03-18 00:00:00,0.596400,0.600400,0.591600,0.592200,4,2020-03-18
2020-03-18 04:00:00,0.592250,0.596600,0.591800,0.593450,4,2020-03-18
2020-03-18 08:00:00,0.594100,0.596500,0.593800,0.594600,4,2020-03-18
2020-03-18 12:00:00,0.594600,0.596150,0.593750,0.595700,3,2020-03-18
2020-03-18 16:00:00,0.595800,0.596600,0.585050,0.585850,4,2020-03-18
2020-03-18 20:00:00,0.586050,0.588700,0.584000,0.584300,4,2020-03-19
2020-03-19 00:00:00,0.584300,0.586500,0.574600,0.575000,4,2020-03-19
2020-03-19 04:00:00,0.574900,0.577000,0.569600,0.573800,4,2020-03-19
2020-03-19 08:00:00,0.573200,0.575000,0.563100,0.563100,4,2020-03-19
2020-03-19 12:00:00,0.563100,0.564600,0.547050,0.554750,4,2020-03-19
2020-03-19 16:00:00,0.554750,0.572150,0.554100,0.565000,4,2020-03-19
2020-03-19 20:00:00,0.565000,0.569600,0.562600,0.567800,4,2020-03-20
2020-03-20 00:00:00,0.568300,0.591600,0.568000,0.581800,4,2020-03-20
2020-03-20 04:00:00,0.581900,0.582000,0.566550,0.566950,4,2020-03-20
2020-03-20 08:00:00,0.567300,0.573850,0.561450,0.572950,4,2020-03-20
2020-03-20 12:00:00,0.572150,0.579950,0.571600,0.575250,4,2020-03-20
2020-03-20 16:00:00,0.575400,0.588200,0.575050,0.583500,4,2020-03-20
2020-03-20 20:00:00,0.584100,0.584100,0.580700,0.581000,1,2020-03-20
2020-03-23 04:00:00,0.568500,0.568550,0.565800,0.567400,2,2020-03-23
2020-03-23 08:00:00,0.566700,0.568050,0.559850,0.561150,4,2020-03-23
2020-03-23 12:00:00,0.560350,0.565150,0.559550,0.564550,4,2020-03-23
2020-03-23 16:00:00,0.564600,0.568750,0.562800,0.564150,4,2020-03-23
2020-03-23 20:00:00,0.564200,0.573400,0.561400,0.572300,4,2020-03-24
2020-03-24 00:00:00,0.572000,0.573450,0.565900,0.570600,4,2020-03-24
2020-03-24 04:00:00,0.570600,0.572500,0.567450,0.570900,4,2020-03-24
2020-03-24 08:00:00,0.571900,0.577700,0.569100,0.577300,4,2020-03-24
2020-03-24 12:00:00,0.577100,0.580750,0.576650,0.578200,4,2020-03-24
2020-03-24 16:00:00,0.578200,0.583500,0.575700,0.582200,4,2020-03-24
2020-03-24 20:00:00,0.582150,0.584000,0.574050,0.578500,4,2020-03-25
2020-03-25 00:00:00,0.578700,0.581000,0.577900,0.579950,4,2020-03-25
2020-03-25 04:00:00,0.579900,0.583100,0.576550,0.582800,4,2020-03-25
2020-03-25 08:00:00,0.582400,0.584800,0.579450,0.581100,4,2020-03-25
2020-03-25 12:00:00,0.581450,0.585400,0.580750,0.585400,4,2020-03-25
2020-03-25 16:00:00,0.586500,0.591050,0.585350,0.590100,4,2020-03-25
2020-03-25 20:00:00,0.589900,0.590300,0.582600,0.585700,4,2020-03-26
2020-03-26 00:00:00,0.585450,0.586800,0.579150,0.582600,4,2020-03-26
2020-03-26 04:00:00,0.582600,0.585200,0.582450,0.585000,4,2020-03-26
2020-03-26 08:00:00,0.584950,0.585350,0.578850,0.580000,4,2020-03-26
2020-03-26 12:00:00,0.579900,0.585100,0.577700,0.584500,4,2020-03-26
2020-03-26 16:00:00,0.584550,0.585800,0.580950,0.584900,4,2020-03-26
2020-03-26 20:00:00,0.584600,0.590650,0.584400,0.590500,4,2020-03-27
2020-03-27 00:00:00,0.590400,0.597350,0.589800,0.597250,4,2020-03-27
2020-03-27 04:00:00,0.597250,0.598750,0.594900,0.595900,4,2020-03-27
2020-03-27 08:00:00,0.596100,0.597750,0.593900,0.595300,4,2020-03-27
2020-03-27 12:00:00,0.595400,0.601200,0.594700,0.596850,4,2020-03-27
2020-03-27 16:00:00,0.596850,0.598700,0.592200,0.593850,4,2020-03-27
2020-03-27 20:00:00,0.594200,0.596100,0.593100,0.595000,1,2020-03-27
2020-03-30 04:00:00,0.603300,0.604800,0.601800,0.603500,2,2020-03-30
2020-03-30 08:00:00,0.603500,0.606200,0.599650,0.602400,4,2020-03-30
2020-03-30 12:00:00,0.602900,0.604200,0.601300,0.603100,4,2020-03-30
2020-03-30 16:00:00,0.603200,0.604150,0.599850,0.601800,4,2020-03-30
2020-03-30 20:00:00,0.601750,0.602300,0.598400,0.598750,4,2020-03-31
2020-03-31 00:00:00,0.598900,0.602250,0.598800,0.600700,4,2020-03-31
2020-03-31 04:00:00,0.600850,0.602000,0.599150,0.601500,4,2020-03-31
2020-03-31 08:00:00,0.600900,0.603500,0.594800,0.599050,4,2020-03-31
2020-03-31 12:00:00,0.599300,0.603600,0.599300,0.601900,4,2020-03-31
2020-03-31 16:00:00,0.602000,0.603750,0.597500,0.597600,4,2020-03-31
2020-03-31 20:00:00,0.597350,0.598200,0.592800,0.594600,4,2020-04-01
2020-04-01 00:00:00,0.594500,0.596650,0.592000,0.593000,4,2020-04-01
2020-04-01 04:00:00,0.592900,0.597300,0.590900,0.596600,4,2020-04-01
2020-04-01 08:00:00,0.596000,0.598550,0.593100,0.595900,4,2020-04-01
2020-04-01 12:00:00,0.596000,0.596000,0.593600,0.595250,4,2020-04-01
2020-04-01 16:00:00,0.595000,0.595350,0.591000,0.591350,2,2020-04-01
2020-04-01 20:00:00,0.589750,0.591800,0.589100,0.589600,3,2020-04-02
2020-04-02 00:00:00,0.589350,0.594800,0.589300,0.592550,4,2020-04-02
2020-04-02 04:00:00,0.592600,0.592600,0.590900,0.591500,4,2020-04-02
2020-04-02 08:00:00,0.590600,0.593600,0.590600,0.593100,4,2020-04-02
2020-04-02 12:00:00,0.593000,0.593900,0.591400,0.593200,4,2020-04-02
2020-04-02 16:00:00,0.593200,0.597250,0.592900,0.595600,4,2020-04-02
2020-04-02 20:00:00,0.595650,0.597350,0.590700,0.591050,4,2020-04-03
2020-04-03 00:00:00,0.591200,0.593550,0.588100,0.590300,4,2020-04-03
2020-04-03 04:00:00,0.590300,0.592700,0.589400,0.591600,4,2020-04-03
2020-04-03 08:00:00,0.591650,0.592350,0.589650,0.589800,4,2020-04-03
2020-04-03 12:00:00,0.589750,0.591500,0.589600,0.591250,4,2020-04-03
2020-04-03 16:00:00,0.591400,0.591800,0.587750,0.588000,4,2020-04-03
2020-04-03 20:00:00,0.587950,0.587950,0.584300,0.585000,1,2020-04-03
2020-04-06 04:00:00,0.586800,0.588400,0.585700,0.586200,3,2020-04-06
2020-04-06 08:00:00,0.586050,0.588800,0.585150,0.587600,4,2020-04-06
2020-04-06 12:00:00,0.587700,0.589700,0.586600,0.589300,4,2020-04-06
2020-04-06 16:00:00,0.589400,0.593750,0.588500,0.593000,4,2020-04-06
2020-04-06 20:00:00,0.592950,0.594800,0.592300,0.594400,4,2020-04-07
2020-04-07 00:00:00,0.594800,0.596300,0.593000,0.594050,4,2020-04-07
2020-04-07 04:00:00,0.594100,0.594200,0.592650,0.592900,4,2020-04-07
2020-04-07 08:00:00,0.592800,0.596100,0.592000,0.595900,4,2020-04-07
2020-04-07 12:00:00,0.595600,0.599000,0.594900,0.598400,4,2020-04-07
2020-04-07 16:00:00,0.598200,0.601550,0.597300,0.598050,4,2020-04-07
2020-04-07 20:00:00,0.598000,0.601300,0.598000,0.600450,4,2020-04-08
2020-04-08 00:00:00,0.600700,0.600750,0.597200,0.599300,4,2020-04-08
2020-04-08 04:00:00,0.599200,0.599400,0.597100,0.597450,4,2020-04-08
2020-04-08 08:00:00,0.597200,0.598400,0.594200,0.595000,4,2020-04-08
2020-04-08 12:00:00,0.595050,0.597200,0.594600,0.597200,4,2020-04-08
2020-04-08 16:00:00,0.597100,0.597100,0.594100,0.596250,4,2020-04-08
2020-04-08 20:00:00,0.596400,0.600500,0.595950,0.599200,4,2020-04-09
2020-04-09 00:00:00,0.598700,0.602800,0.598600,0.601700,4,2020-04-09
2020-04-09 04:00:00,0.601650,0.603000,0.600200,0.600800,4,2020-04-09
2020-04-09 08:00:00,0.600800,0.602500,0.600000,0.600500,4,2020-04-09
2020-04-09 12:00:00,0.600200,0.602200,0.599700,0.600200,4,2020-04-09
2020-04-09 16:00:00,0.600100,0.602750,0.598600,0.601300,4,2020-04-09
2020-04-09 20:00:00,0.601250,0.606800,0.599250,0.606150,4,2020-04-10
2020-04-10 00:00:00,0.605900,0.609400,0.605400,0.608100,4,2020-04-10
2020-04-10 04:00:00,0.608000,0.609550,0.605800,0.607500,4,2020-04-10
2020-04-10 08:00:00,0.607900,0.608600,0.605900,0.607300,4,2020-04-10
2020-04-10 12:00:00,0.607400,0.608700,0.607200,0.608350,4,2020-04-10
2020-04-10 16:00:00,0.608500,0.610300,0.607250,0.607900,4,2020-04-10
2020-04-10 20:00:00,0.607900,0.608150,0.607500,0.607600,1,2020-04-10
2020-04-13 04:00:00,0.607600,0.608950,0.607400,0.608950,3,2020-04-13
2020-04-13 08:00:00,0.608950,0.609350,0.606500,0.607350,4,2020-04-13
2020-04-13 12:00:00,0.607400,0.607850,0.606500,0.606650,4,2020-04-13
2020-04-13 16:00:00,0.606550,0.609350,0.606550,0.607550,4,2020-04-13
2020-04-13 20:00:00,0.607600,0.608500,0.606000,0.607900,4,2020-04-14
2020-04-14 00:00:00,0.608000,0.610900,0.607200,0.610600,4,2020-04-14
2020-04-14 04:00:00,0.610600,0.610800,0.608400,0.609150,4,2020-04-14
2020-04-14 08:00:00,0.609100,0.613100,0.608650,0.612700,4,2020-04-14
2020-04-14 12:00:00,0.612600,0.612900,0.611550,0.611700,4,2020-04-14
2020-04-14 16:00:00,0.611600,0.611750,0.608300,0.608450,4,2020-04-14
2020-04-14 20:00:00,0.608400,0.609900,0.607350,0.607900,4,2020-04-15
2020-04-15 00:00:00,0.608000,0.609800,0.606600,0.609800,4,2020-04-15
2020-04-15 04:00:00,0.609800,0.610800,0.608800,0.610750,4,2020-04-15
2020-04-15 08:00:00,0.610700,0.610850,0.607300,0.607800,4,2020-04-15
2020-04-15 12:00:00,0.607800,0.608050,0.604800,0.604850,4,2020-04-15
2020-04-15 16:00:00,0.604900,0.605200,0.601200,0.601800,4,2020-04-15
2020-04-15 20:00:00,0.602000,0.602550,0.595850,0.596300,4,2020-04-16
2020-04-16 00:00:00,0.596250,0.601050,0.595600,0.599700,4,2020-04-16
2020-04-16 04:00:00,0.599850,0.601250,0.598850,0.599700,4,2020-04-16
2020-04-16 08:00:00,0.599800,0.599800,0.594600,0.594800,4,2020-04-16
2020-04-16 12:00:00,0.594700,0.596500,0.594400,0.595950,4,2020-04-16
2020-04-16 16:00:00,0.595800,0.597600,0.595050,0.596850,4,2020-04-16
2020-04-16 20:00:00,0.596900,0.599700,0.596100,0.596100,4,2020-04-17
2020-04-17 00:00:00,0.596400,0.597650,0.592350,0.594400,4,2020-04-17
2020-04-17 04:00:00,0.594400,0.600250,0.594200,0.599900,4,2020-04-17
2020-04-17 08:00:00,0.599000,0.602300,0.598300,0.601450,4,2020-04-17
2020-04-17 12:00:00,0.601750,0.602600,0.600550,0.601100,4,2020-04-17
2020-04-17 16:00:00,0.601200,0.601300,0.596800,0.597800,4,2020-04-17
2020-04-17 20:00:00,0.597900,0.601000,0.597700,0.600800,1,2020-04-17
2020-04-20 04:00:00,0.603500,0.604200,0.602700,0.604000,3,2020-04-20
2020-04-20 08:00:00,0.604000,0.604050,0.600950,0.601950,4,2020-04-20
2020-04-20 12:00:00,0.602100,0.606050,0.601300,0.603900,4,2020-04-20
2020-04-20 16:00:00,0.603850,0.607800,0.602850,0.607050,4,2020-04-20
2020-04-20 20:00:00,0.607000,0.607000,0.604100,0.606150,4,2020-04-21
2020-04-21 00:00:00,0.606250,0.608950,0.605600,0.606600,4,2020-04-21
2020-04-21 04:00:00,0.606500,0.606850,0.603300,0.603400,4,2020-04-21
2020-04-21 08:00:00,0.603500,0.604500,0.599350,0.599600,4,2020-04-21
2020-04-21 12:00:00,0.599500,0.600300,0.597900,0.599700,4,2020-04-21
2020-04-21 16:00:00,0.599650,0.600600,0.595500,0.595550,4,2020-04-21
2020-04-21 20:00:00,0.595900,0.598000,0.593400,0.597150,4,2020-04-22
2020-04-22 00:00:00,0.597550,0.599000,0.594500,0.596400,4,2020-04-22
2020-04-22 04:00:00,0.596600,0.598200,0.595550,0.596200,4,2020-04-22
2020-04-22 08:00:00,0.596700,0.597200,0.594850,0.596200,4,2020-04-22
2020-04-22 12:00:00,0.596400,0.598900,0.595500,0.597800,4,2020-04-22
2020-04-22 16:00:00,0.598000,0.600350,0.597100,0.599350,4,2020-04-22
2020-04-22 20:00:00,0.599450,0.600400,0.595700,0.596200,4,2020-04-23
2020-04-23 00:00:00,0.596250,0.596750,0.594100,0.594600,4,2020-04-23
2020-04-23 04:00:00,0.594600,0.595800,0.594500,0.595350,4,2020-04-23
2020-04-23 08:00:00,0.595300,0.595300,0.592200,0.592400,2,2020-04-23
2020-04-23 20:00:00,0.599000,0.602700,0.598350,0.601100,3,2020-04-24
2020-04-24 00:00:00,0.601200,0.604100,0.600250,0.600800,4,2020-04-24
2020-04-24 04:00:00,0.600700,0.602300,0.600500,0.601100,4,2020-04-24
2020-04-24 08:00:00,0.601100,0.601300,0.598450,0.598800,4,2020-04-24
2020-04-24 12:00:00,0.598900,0.600000,0.597950,0.598450,4,2020-04-24
2020-04-24 16:00:00,0.598400,0.600450,0.597650,0.599950,4,2020-04-24
2020-04-24 20:00:00,0.599900,0.600900,0.599500,0.600900,1,2020-04-24
2020-04-27 04:00:00,0.600200,0.602000,0.600200,0.601250,4,2020-04-27
2020-04-27 08:00:00,0.601200,0.604750,0.601100,0.604700,4,2020-04-27
2020-04-27 12:00:00,0.604700,0.607300,0.603700,0.607150,4,2020-04-27
2020-04-27 16:00:00,0.606800,0.607550,0.605200,0.606650,4,2020-04-27
2020-04-27 20:00:00,0.606500,0.607200,0.605200,0.605400,4,2020-04-28
2020-04-28 00:00:00,0.605500,0.606000,0.604300,0.605250,4,2020-04-28
2020-04-28 04:00:00,0.605400,0.605900,0.603600,0.604200,4,2020-04-28
2020-04-28 08:00:00,0.604100,0.604200,0.599600,0.600000,4,2020-04-28
2020-04-28 12:00:00,0.599900,0.601200,0.599200,0.600800,4,2020-04-28
2020-04-28 16:00:00,0.600900,0.606150,0.600100,0.605300,4,2020-04-28
2020-04-28 20:00:00,0.605150,0.607350,0.604600,0.604750,4,2020-04-29
2020-04-29 00:00:00,0.605000,0.607000,0.604800,0.606600,4,2020-04-29
2020-04-29 04:00:00,0.606600,0.607050,0.605200,0.605600,4,2020-04-29
2020-04-29 08:00:00,0.605700,0.610900,0.605450,0.609750,4,2020-04-29
2020-04-29 12:00:00,0.609700,0.611050,0.608900,0.610500,4,2020-04-29
2020-04-29 16:00:00,0.610400,0.610650,0.608050,0.608050,4,2020-04-29
2020-04-29 20:00:00,0.608100,0.610600,0.607500,0.610400,4,2020-04-30
2020-04-30 00:00:00,0.610300,0.611750,0.609100,0.611000,4,2020-04-30
2020-04-30 04:00:00,0.611100,0.613900,0.611100,0.613700,4,2020-04-30
2020-04-30 08:00:00,0.613600,0.614400,0.611750,0.612450,4,2020-04-30
2020-04-30 12:00:00,0.612550,0.615150,0.612050,0.614950,4,2020-04-30
2020-04-30 16:00:00,0.614900,0.614900,0.611500,0.612150,4,2020-04-30
2020-04-30 20:00:00,0.612050,0.614400,0.610900,0.613400,4,2020-05-01
2020-05-01 00:00:00,0.613300,0.617500,0.612600,0.613850,4,2020-05-01
2020-05-01 04:00:00,0.614000,0.614700,0.612000,0.612000,4,2020-05-01
2020-05-01 08:00:00,0.612100,0.612300,0.608900,0.610200,4,2020-05-01
2020-05-01 12:00:00,0.610100,0.610300,0.608550,0.608850,4,2020-05-01
2020-05-01 16:00:00,0.608950,0.609850,0.607800,0.607900,4,2020-05-01
2020-05-01 20:00:00,0.607950,0.608600,0.607700,0.607900,1,2020-05-01
2020-05-04 04:00:00,0.606400,0.606400,0.604750,0.605200,3,2020-05-04
2020-05-04 08:00:00,0.604950,0.605100,0.600900,0.602950,4,2020-05-04
2020-05-04 12:00:00,0.603000,0.604200,0.601900,0.601900,4,2020-05-04
2020-05-04 16:00:00,0.602000,0.605450,0.601700,0.604400,4,2020-05-04
2020-05-04 20:00:00,0.604550,0.605300,0.601050,0.602400,4,2020-05-05
2020-05-05 00:00:00,0.602650,0.603550,0.601250,0.603200,4,2020-05-05
2020-05-05 04:00:00,0.603200,0.605400,0.603200,0.604900,4,2020-05-05
2020-05-05 08:00:00,0.604800,0.606650,0.604450,0.606100,4,2020-05-05
2020-05-05 12:00:00,0.606100,0.607600,0.605800,0.607350,4,2020-05-05
2020-05-05 16:00:00,0.607450,0.607450,0.603350,0.604900,4,2020-05-05
2020-05-05 20:00:00,0.605100,0.607700,0.604600,0.607050,4,2020-05-06
2020-05-06 00:00:00,0.606900,0.607300,0.605300,0.606400,4,2020-05-06
2020-05-06 04:00:00,0.606400,0.607400,0.603900,0.604600,4,2020-05-06
2020-05-06 08:00:00,0.604900,0.606950,0.603950,0.605400,4,2020-05-06
2020-05-06 12:00:00,0.605500,0.607250,0.605000,0.606950,4,2020-05-06
2020-05-06 16:00:00,0.607000,0.607150,0.603700,0.604000,4,2020-05-06
2020-05-06 20:00:00,0.604000,0.606350,0.603700,0.605400,4,2020-05-07
2020-05-07 00:00:00,0.605500,0.605750,0.601300,0.602300,4,2020-05-07
2020-05-07 04:00:00,0.602400,0.602500,0.600400,0.600900,4,2020-05-07
2020-05-07 08:00:00,0.601000,0.602350,0.599500,0.601300,4,2020-05-07
2020-05-07 12:00:00,0.601250,0.602500,0.600800,0.601900,4,2020-05-07
2020-05-07 16:00:00,0.601900,0.606250,0.601900,0.605500,4,2020-05-07
2020-05-07 20:00:00,0.605450,0.606200,0.603800,0.604200,4,2020-05-08
2020-05-08 00:00:00,0.603900,0.609100,0.603050,0.608800,4,2020-05-08
2020-05-08 04:00:00,0.608850,0.609200,0.607600,0.608700,4,2020-05-08
2020-05-08 08:00:00,0.608700,0.612700,0.608700,0.612200,4,2020-05-08
2020-05-08 12:00:00,0.612150,0.613400,0.611450,0.612250,4,2020-05-08
2020-05-08 16:00:00,0.612250,0.613150,0.611200,0.613150,4,2020-05-08
2020-05-08 20:00:00,0.613100,0.613450,0.612700,0.613100,1,2020-05-08
2020-05-11 04:00:00,0.612700,0.615700,0.612700,0.613750,3,2020-05-11
2020-05-11 08:00:00,0.613600,0.615150,0.612300,0.615050,4,2020-05-11
2020-05-11 12:00:00,0.615200,0.615600,0.613200,0.613250,4,2020-05-11
2020-05-11 16:00:00,0.613400,0.614300,0.609400,0.609850,4,2020-05-11
2020-05-11 20:00:00,0.609900,0.610000,0.606500,0.608950,4,2020-05-12
2020-05-12 00:00:00,0.609000,0.609700,0.605550,0.607350,4,2020-05-12
2020-05-12 04:00:00,0.607300,0.608300,0.606300,0.608300,4,2020-05-12
2020-05-12 08:00:00,0.608000,0.608000,0.604250,0.606000,4,2020-05-12
2020-05-12 12:00:00,0.606100,0.608600,0.605850,0.608000,4,2020-05-12
2020-05-12 16:00:00,0.607800,0.609350,0.606350,0.608250,4,2020-05-12
2020-05-12 20:00:00,0.608200,0.612300,0.608000,0.611050,4,2020-05-13
2020-05-13 00:00:00,0.610900,0.611450,0.608800,0.609600,4,2020-05-13
2020-05-13 04:00:00,0.609600,0.609900,0.607100,0.608350,4,2020-05-13
2020-05-13 08:00:00,0.608500,0.608800,0.606500,0.608450,4,2020-05-13
2020-05-13 12:00:00,0.608400,0.609600,0.600050,0.601800,4,2020-05-13
2020-05-13 16:00:00,0.601900,0.603050,0.600150,0.602500,4,2020-05-13
2020-05-13 20:00:00,0.602300,0.605550,0.601300,0.602300,4,2020-05-14
2020-05-14 00:00:00,0.602250,0.602600,0.598800,0.599300,4,2020-05-14
2020-05-14 04:00:00,0.599200,0.600000,0.598050,0.599500,4,2020-05-14
2020-05-14 08:00:00,0.599600,0.600450,0.596950,0.597300,4,2020-05-14
2020-05-14 12:00:00,0.597300,0.599500,0.597050,0.598200,4,2020-05-14
2020-05-14 16:00:00,0.598200,0.599700,0.597600,0.599450,4,2020-05-14
2020-05-14 20:00:00,0.599500,0.599500,0.595750,0.597300,4,2020-05-15
2020-05-15 00:00:00,0.597000,0.598250,0.596500,0.596650,4,2020-05-15
2020-05-15 04:00:00,0.596650,0.600800,0.596300,0.600500,4,2020-05-15
2020-05-15 08:00:00,0.600500,0.601450,0.599300,0.599900,4,2020-05-15
2020-05-15 12:00:00,0.599900,0.599900,0.598600,0.598800,4,2020-05-15
2020-05-15 16:00:00,0.598800,0.600250,0.598050,0.598800,4,2020-05-15
2020-05-15 20:00:00,0.598850,0.599150,0.596900,0.597150,1,2020-05-15
2020-05-18 04:00:00,0.593900,0.594350,0.592400,0.592700,4,2020-05-18
2020-05-18 08:00:00,0.592600,0.595200,0.592600,0.595000,4,2020-05-18
2020-05-18 12:00:00,0.595100,0.596100,0.594700,0.594900,4,2020-05-18
2020-05-18 16:00:00,0.594900,0.596450,0.594400,0.595300,4,2020-05-18
2020-05-18 20:00:00,0.595400,0.602900,0.595250,0.601600,4,2020-05-19
2020-05-19 00:00:00,0.601500,0.604150,0.600850,0.603250,4,2020-05-19
2020-05-19 04:00:00,0.603200,0.604750,0.602850,0.603500,4,2020-05-19
2020-05-19 08:00:00,0.603600,0.605800,0.603600,0.603900,4,2020-05-19
2020-05-19 12:00:00,0.603900,0.605500,0.603500,0.604650,4,2020-05-19
2020-05-19 16:00:00,0.604650,0.609250,0.604650,0.608050,4,2020-05-19
2020-05-19 20:00:00,0.607900,0.609550,0.607650,0.609050,4,2020-05-20
2020-05-20 00:00:00,0.609200,0.610300,0.608700,0.610300,4,2020-05-20
2020-05-20 04:00:00,0.610250,0.611950,0.606700,0.607100,4,2020-05-20
2020-05-20 08:00:00,0.607000,0.611600,0.606300,0.610800,4,2020-05-20
2020-05-20 12:00:00,0.610800,0.611600,0.609500,0.610600,4,2020-05-20
2020-05-20 16:00:00,0.610600,0.612400,0.608500,0.612250,4,2020-05-20
2020-05-20 20:00:00,0.612300,0.614600,0.611300,0.614600,4,2020-05-21
2020-05-21 00:00:00,0.614600,0.615800,0.613200,0.614250,4,2020-05-21
2020-05-21 04:00:00,0.614050,0.615200,0.613750,0.614700,4,2020-05-21
2020-05-21 08:00:00,0.614500,0.614950,0.612100,0.612500,4,2020-05-21
2020-05-21 12:00:00,0.612400,0.613100,0.611100,0.611250,4,2020-05-21
2020-05-21 16:00:00,0.611350,0.612700,0.610700,0.610900,4,2020-05-21
2020-05-21 20:00:00,0.610750,0.615050,0.610750,0.614350,4,2020-05-22
2020-05-22 00:00:00,0.614500,0.614600,0.610650,0.611800,4,2020-05-22
2020-05-22 04:00:00,0.611650,0.612900,0.611400,0.612000,4,2020-05-22
2020-05-22 08:00:00,0.611900,0.613050,0.611250,0.611800,4,2020-05-22
2020-05-22 12:00:00,0.611750,0.611750,0.609300,0.610800,4,2020-05-22
2020-05-22 16:00:00,0.610800,0.611950,0.609550,0.610450,4,2020-05-22
2020-05-22 20:00:00,0.610500,0.610800,0.610050,0.610400,1,2020-05-22
2020-05-25 04:00:00,0.610300,0.610300,0.609050,0.609600,4,2020-05-25
2020-05-25 08:00:00,0.609300,0.610800,0.608450,0.609800,4,2020-05-25
2020-05-25 12:00:00,0.609900,0.610150,0.609100,0.609200,4,2020-05-25
2020-05-25 16:00:00,0.609300,0.610450,0.608500,0.610150,4,2020-05-25
2020-05-25 20:00:00,0.610100,0.610200,0.609300,0.609650,4,2020-05-26
2020-05-26 00:00:00,0.609600,0.610350,0.609550,0.610300,4,2020-05-26
2020-05-26 04:00:00,0.610250,0.610600,0.609800,0.609950,4,2020-05-26
2020-05-26 08:00:00,0.609950,0.612700,0.609400,0.612400,4,2020-05-26
2020-05-26 12:00:00,0.612500,0.613650,0.611800,0.613600,4,2020-05-26
2020-05-26 16:00:00,0.613500,0.618200,0.613250,0.617800,4,2020-05-26
2020-05-26 20:00:00,0.617900,0.621400,0.617200,0.621200,4,2020-05-27
2020-05-27 00:00:00,0.621150,0.622000,0.620100,0.620550,4,2020-05-27
2020-05-27 04:00:00,0.620650,0.622800,0.619600,0.619700,4,2020-05-27
2020-05-27 08:00:00,0.619700,0.620300,0.618000,0.619300,4,2020-05-27
2020-05-27 12:00:00,0.619300,0.619700,0.618000,0.619100,4,2020-05-27
2020-05-27 16:00:00,0.619200,0.622550,0.618750,0.622300,4,2020-05-27
2020-05-27 20:00:00,0.622750,0.623200,0.615900,0.616700,4,2020-05-28
2020-05-28 00:00:00,0.616850,0.618200,0.615400,0.617350,4,2020-05-28
2020-05-28 04:00:00,0.617400,0.619050,0.616950,0.618300,4,2020-05-28
2020-05-28 08:00:00,0.618500,0.619300,0.618000,0.619000,4,2020-05-28
2020-05-28 12:00:00,0.618900,0.619200,0.617350,0.618950,4,2020-05-28
2020-05-28 16:00:00,0.619000,0.620550,0.617100,0.618800,4,2020-05-28
2020-05-28 20:00:00,0.618700,0.621650,0.618100,0.621100,4,2020-05-29
2020-05-29 00:00:00,0.621000,0.622650,0.620400,0.621800,4,2020-05-29
2020-05-29 04:00:00,0.621700,0.622800,0.619150,0.619550,4,2020-05-29
2020-05-29 08:00:00,0.620000,0.620500,0.619000,0.620100,4,2020-05-29
2020-05-29 12:00:00,0.620200,0.621900,0.619300,0.621500,4,2020-05-29
2020-05-29 16:00:00,0.621250,0.621850,0.619950,0.621750,4,2020-05-29
2020-05-29 20:00:00,0.621900,0.622800,0.621600,0.621800,1,2020-05-29
2020-06-01 04:00:00,0.620200,0.620800,0.618400,0.620050,3,2020-06-01
2020-06-01 08:00:00,0.619800,0.624650,0.618800,0.624200,4,2020-06-01
2020-06-01 12:00:00,0.624200,0.624850,0.623500,0.624700,4,2020-06-01
2020-06-01 16:00:00,0.624450,0.626100,0.622600,0.623050,4,2020-06-01
2020-06-01 20:00:00,0.623100,0.625000,0.622200,0.625000,4,2020-06-02
2020-06-02 00:00:00,0.624800,0.629000,0.624800,0.628800,4,2020-06-02
2020-06-02 04:00:00,0.628900,0.630300,0.628700,0.629900,4,2020-06-02
2020-06-02 08:00:00,0.629850,0.630700,0.627800,0.628000,4,2020-06-02
2020-06-02 12:00:00,0.628000,0.629300,0.627200,0.628700,4,2020-06-02
2020-06-02 16:00:00,0.628850,0.631700,0.626400,0.631500,4,2020-06-02
2020-06-02 20:00:00,0.631600,0.634200,0.630700,0.634200,4,2020-06-03
2020-06-03 00:00:00,0.634700,0.636500,0.634200,0.635350,4,2020-06-03
2020-06-03 04:00:00,0.635600,0.637100,0.635450,0.636750,4,2020-06-03
2020-06-03 08:00:00,0.637100,0.643150,0.636250,0.641500,4,2020-06-03
2020-06-03 12:00:00,0.641400,0.641650,0.639900,0.641050,4,2020-06-03
2020-06-03 16:00:00,0.641000,0.642050,0.637100,0.640700,4,2020-06-03
2020-06-03 20:00:00,0.640750,0.641100,0.636600,0.640800,4,2020-06-04
2020-06-04 00:00:00,0.640750,0.644400,0.640500,0.642800,4,2020-06-04
2020-06-04 04:00:00,0.642900,0.643950,0.641600,0.642200,4,2020-06-04
2020-06-04 08:00:00,0.642200,0.643300,0.640500,0.641800,4,2020-06-04
2020-06-04 12:00:00,0.641800,0.642950,0.641200,0.642200,4,2020-06-04
2020-06-04 16:00:00,0.642350,0.643100,0.640450,0.641450,4,2020-06-04
2020-06-04 20:00:00,0.641500,0.644500,0.640350,0.642400,4,2020-06-05
2020-06-05 00:00:00,0.642400,0.647850,0.641750,0.645600,4,2020-06-05
2020-06-05 04:00:00,0.645600,0.646800,0.645200,0.645700,4,2020-06-05
2020-06-05 08:00:00,0.645800,0.647500,0.645750,0.647000,4,2020-06-05
2020-06-05 12:00:00,0.647050,0.649950,0.646750,0.649850,4,2020-06-05
2020-06-05 16:00:00,0.649800,0.651700,0.648650,0.650200,4,2020-06-05
2020-06-05 20:00:00,0.650150,0.650200,0.648800,0.650150,1,2020-06-05
2020-06-08 04:00:00,0.650500,0.652100,0.649850,0.651700,4,2020-06-08
2020-06-08 08:00:00,0.651750,0.653700,0.651050,0.652050,4,2020-06-08
2020-06-08 12:00:00,0.652000,0.652700,0.651000,0.651700,4,2020-06-08
2020-06-08 16:00:00,0.651800,0.654050,0.650850,0.652750,4,2020-06-08
2020-06-08 20:00:00,0.652850,0.653900,0.651450,0.653300,4,2020-06-09
2020-06-09 00:00:00,0.653250,0.655550,0.651750,0.655350,4,2020-06-09
2020-06-09 04:00:00,0.655400,0.656700,0.654500,0.655300,4,2020-06-09
2020-06-09 08:00:00,0.655400,0.658050,0.654050,0.655700,4,2020-06-09
2020-06-09 12:00:00,0.655800,0.656150,0.653750,0.654800,4,2020-06-09
2020-06-09 16:00:00,0.654800,0.655200,0.647000,0.647900,4,2020-06-09
2020-06-09 20:00:00,0.648000,0.652200,0.647350,0.651750,4,2020-06-10
2020-06-10 00:00:00,0.651800,0.653250,0.651000,0.652350,4,2020-06-10
2020-06-10 04:00:00,0.652350,0.652600,0.650050,0.650800,4,2020-06-10
2020-06-10 08:00:00,0.650800,0.651800,0.649500,0.651200,4,2020-06-10
2020-06-10 12:00:00,0.651200,0.655450,0.651200,0.655200,4,2020-06-10
2020-06-10 16:00:00,0.655200,0.656050,0.653750,0.654500,4,2020-06-10
2020-06-10 20:00:00,0.654600,0.656150,0.653250,0.653650,4,2020-06-11
2020-06-11 00:00:00,0.653650,0.655800,0.651900,0.655600,4,2020-06-11
2020-06-11 04:00:00,0.655400,0.658300,0.652250,0.653250,4,2020-06-11
2020-06-11 08:00:00,0.653200,0.654200,0.650800,0.652850,4,2020-06-11
2020-06-11 12:00:00,0.652800,0.653500,0.648400,0.649350,4,2020-06-11
2020-06-11 16:00:00,0.649350,0.651650,0.647250,0.650100,4,2020-06-11
2020-06-11 20:00:00,0.650300,0.650300,0.646300,0.648900,4,2020-06-12
2020-06-12 00:00:00,0.649100,0.649950,0.643400,0.643900,4,2020-06-12
2020-06-12 04:00:00,0.643900,0.644050,0.641150,0.642300,4,2020-06-12
2020-06-12 08:00:00,0.642200,0.642350,0.639400,0.641200,4,2020-06-12
2020-06-12 12:00:00,0.641200,0.644600,0.640350,0.644600,4,2020-06-12
2020-06-12 16:00:00,0.644550,0.647750,0.642100,0.647050,4,2020-06-12
2020-06-12 20:00:00,0.647050,0.647200,0.644300,0.645200,1,2020-06-12
2020-06-15 04:00:00,0.644200,0.645650,0.641550,0.643450,3,2020-06-15
2020-06-15 08:00:00,0.643350,0.643850,0.640600,0.642550,4,2020-06-15
2020-06-15 12:00:00,0.642500,0.643200,0.639000,0.639400,4,2020-06-15
2020-06-15 16:00:00,0.639500,0.643800,0.638150,0.643350,4,2020-06-15
2020-06-15 20:00:00,0.643400,0.645650,0.641700,0.645250,4,2020-06-16
2020-06-16 00:00:00,0.645300,0.646200,0.642600,0.645800,4,2020-06-16
2020-06-16 04:00:00,0.645700,0.648400,0.645700,0.647500,4,2020-06-16
2020-06-16 08:00:00,0.647400,0.650300,0.647400,0.648100,4,2020-06-16
2020-06-16 12:00:00,0.648200,0.650650,0.647600,0.647600,4,2020-06-16
2020-06-16 16:00:00,0.647600,0.647950,0.643650,0.647300,4,2020-06-16
2020-06-16 20:00:00,0.647150,0.649200,0.645850,0.648050,4,2020-06-17
2020-06-17 00:00:00,0.648000,0.648300,0.641300,0.644700,4,2020-06-17
2020-06-17 04:00:00,0.644700,0.645550,0.643700,0.644500,4,2020-06-17
2020-06-17 08:00:00,0.644400,0.646100,0.643600,0.644300,4,2020-06-17
2020-06-17 12:00:00,0.644300,0.645250,0.643050,0.644800,4,2020-06-17
2020-06-17 16:00:00,0.644800,0.647400,0.643300,0.644150,4,2020-06-17
2020-06-17 20:00:00,0.644200,0.646900,0.644100,0.645050,4,2020-06-18
2020-06-18 00:00:00,0.645100,0.647650,0.644300,0.647300,4,2020-06-18
2020-06-18 04:00:00,0.647250,0.647350,0.644750,0.645500,4,2020-06-18
2020-06-18 08:00:00,0.645700,0.648000,0.642300,0.643450,4,2020-06-18
2020-06-18 12:00:00,0.643400,0.645250,0.642900,0.644250,4,2020-06-18
2020-06-18 16:00:00,0.644300,0.646650,0.643300,0.645550,4,2020-06-18
2020-06-18 20:00:00,0.645500,0.645800,0.642350,0.642500,4,2020-06-19
2020-06-19 00:00:00,0.642500,0.644300,0.642000,0.643100,4,2020-06-19
2020-06-19 04:00:00,0.643150,0.644000,0.641900,0.642300,4,2020-06-19
2020-06-19 08:00:00,0.642200,0.643900,0.640700,0.641300,4,2020-06-19
2020-06-19 12:00:00,0.641300,0.642500,0.640900,0.641950,4,2020-06-19
2020-06-19 16:00:00,0.641900,0.643500,0.640950,0.643150,4,2020-06-19
2020-06-19 20:00:00,0.643100,0.643450,0.642100,0.642500,1,2020-06-19
2020-06-22 04:00:00,0.641900,0.642400,0.637300,0.639350,3,2020-06-22
2020-06-22 08:00:00,0.639500,0.642200,0.638400,0.641500,4,2020-06-22
2020-06-22 12:00:00,0.641450,0.643700,0.641300,0.642700,4,2020-06-22
2020-06-22 16:00:00,0.642700,0.645700,0.642150,0.645100,4,2020-06-22
2020-06-22 20:00:00,0.645200,0.648450,0.644500,0.648200,4,2020-06-23
2020-06-23 00:00:00,0.648250,0.649450,0.647400,0.649150,4,2020-06-23
2020-06-23 04:00:00,0.649250,0.649250,0.647300,0.648200,4,2020-06-23
2020-06-23 08:00:00,0.648200,0.649750,0.643700,0.646300,4,2020-06-23
2020-06-23 12:00:00,0.646800,0.648500,0.646150,0.646450,4,2020-06-23
2020-06-23 16:00:00,0.646400,0.649650,0.646200,0.648350,4,2020-06-23
2020-06-23 20:00:00,0.648400,0.652550,0.648300,0.651900,4,2020-06-24
2020-06-24 00:00:00,0.652050,0.653350,0.650100,0.650100,4,2020-06-24
2020-06-24 04:00:00,0.650100,0.650200,0.648750,0.649200,4,2020-06-24
2020-06-24 08:00:00,0.649100,0.651400,0.649000,0.649700,4,2020-06-24
2020-06-24 12:00:00,0.649650,0.650400,0.645150,0.646250,4,2020-06-24
2020-06-24 16:00:00,0.646250,0.647000,0.642350,0.643650,4,2020-06-24
2020-06-24 20:00:00,0.643650,0.644200,0.641900,0.642250,4,2020-06-25
2020-06-25 00:00:00,0.642200,0.643750,0.640950,0.641100,4,2020-06-25
2020-06-25 04:00:00,0.641100,0.642250,0.640500,0.641200,4,2020-06-25
2020-06-25 08:00:00,0.641100,0.642450,0.639900,0.641500,4,2020-06-25
2020-06-25 12:00:00,0.641400,0.642950,0.640800,0.642300,4,2020-06-25
2020-06-25 16:00:00,0.642300,0.644250,0.641000,0.643700,4,2020-06-25
2020-06-25 20:00:00,0.643700,0.644050,0.640400,0.643200,4,2020-06-26
2020-06-26 00:00:00,0.643200,0.643550,0.641500,0.642650,4,2020-06-26
2020-06-26 04:00:00,0.642700,0.643600,0.642000,0.643000,4,2020-06-26
2020-06-26 08:00:00,0.642900,0.643850,0.641400,0.643150,4,2020-06-26
2020-06-26 12:00:00,0.643150,0.644950,0.642900,0.644450,4,2020-06-26
2020-06-26 16:00:00,0.644400,0.644950,0.643350,0.643900,4,2020-06-26
2020-06-26 20:00:00,0.644000,0.645050,0.643850,0.644900,1,2020-06-26
2020-06-29 04:00:00,0.641900,0.642100,0.640900,0.641050,4,2020-06-29
2020-06-29 08:00:00,0.641100,0.643100,0.640750,0.643100,4,2020-06-29
2020-06-29 12:00:00,0.643100,0.643750,0.642250,0.643350,4,2020-06-29
2020-06-29 16:00:00,0.643400,0.644350,0.642400,0.643800,4,2020-06-29
2020-06-29 20:00:00,0.643800,0.644050,0.640850,0.641850,4,2020-06-30
2020-06-30 00:00:00,0.641800,0.641950,0.640500,0.640900,4,2020-06-30
2020-06-30 04:00:00,0.641000,0.642750,0.640900,0.642300,4,2020-06-30
2020-06-30 08:00:00,0.642100,0.643100,0.641400,0.642350,4,2020-06-30
2020-06-30 12:00:00,0.642400,0.642850,0.641100,0.641200,4,2020-06-30
2020-06-30 16:00:00,0.641250,0.641650,0.638550,0.639200,4,2020-06-30
2020-06-30 20:00:00,0.639150,0.642500,0.639100,0.640800,4,2020-07-01
2020-07-01 00:00:00,0.640800,0.646050,0.640600,0.644300,4,2020-07-01
2020-07-01 04:00:00,0.644300,0.646150,0.644100,0.645400,4,2020-07-01
2020-07-01 08:00:00,0.645400,0.646400,0.644450,0.646200,4,2020-07-01
2020-07-01 12:00:00,0.646100,0.646550,0.644050,0.644700,4,2020-07-01
2020-07-01 16:00:00,0.644700,0.646950,0.644400,0.645250,4,2020-07-01
2020-07-01 20:00:00,0.645200,0.647700,0.644400,0.647300,4,2020-07-02
2020-07-02 00:00:00,0.647300,0.649000,0.646750,0.647400,4,2020-07-02
2020-07-02 04:00:00,0.647300,0.649300,0.646400,0.648350,4,2020-07-02
2020-07-02 08:00:00,0.648300,0.649150,0.647500,0.648200,4,2020-07-02
2020-07-02 12:00:00,0.648200,0.650000,0.648100,0.649850,4,2020-07-02
2020-07-02 16:00:00,0.649750,0.652000,0.649750,0.651800,4,2020-07-02
2020-07-02 20:00:00,0.651800,0.653700,0.650900,0.653100,4,2020-07-03
2020-07-03 00:00:00,0.653050,0.653500,0.650100,0.651100,4,2020-07-03
2020-07-03 04:00:00,0.651100,0.651750,0.650400,0.651100,4,2020-07-03
2020-07-03 08:00:00,0.651100,0.651800,0.650400,0.651150,4,2020-07-03
2020-07-03 12:00:00,0.651200,0.651900,0.651100,0.651800,4,2020-07-03
2020-07-03 16:00:00,0.651700,0.653150,0.651700,0.652300,4,2020-07-03
2020-07-03 20:00:00,0.652300,0.652650,0.651250,0.652650,1,2020-07-03
2020-07-06 04:00:00,0.653000,0.653300,0.651250,0.652600,4,2020-07-06
2020-07-06 08:00:00,0.652500,0.655350,0.652500,0.654850,4,2020-07-06
2020-07-06 12:00:00,0.654900,0.655800,0.654500,0.655800,4,2020-07-06
2020-07-06 16:00:00,0.655800,0.656600,0.653300,0.653850,4,2020-07-06
2020-07-06 20:00:00,0.653800,0.655750,0.653250,0.655100,4,2020-07-07
2020-07-07 00:00:00,0.655200,0.655800,0.654000,0.655700,4,2020-07-07
2020-07-07 04:00:00,0.655700,0.656500,0.654600,0.655300,4,2020-07-07
2020-07-07 08:00:00,0.655200,0.658050,0.655200,0.656000,4,2020-07-07
2020-07-07 12:00:00,0.656000,0.656200,0.654800,0.655000,4,2020-07-07
2020-07-07 16:00:00,0.655050,0.655050,0.651950,0.652600,4,2020-07-07
2020-07-07 20:00:00,0.652600,0.655900,0.652500,0.655450,4,2020-07-08
2020-07-08 00:00:00,0.655500,0.657400,0.655450,0.655900,4,2020-07-08
2020-07-08 04:00:00,0.655800,0.656000,0.653500,0.654700,4,2020-07-08
2020-07-08 08:00:00,0.654600,0.656200,0.654200,0.654400,4,2020-07-08
2020-07-08 12:00:00,0.654400,0.654950,0.653800,0.654700,4,2020-07-08
2020-07-08 16:00:00,0.654600,0.655400,0.653000,0.653600,4,2020-07-08
2020-07-08 20:00:00,0.653600,0.656800,0.653400,0.656650,4,2020-07-09
2020-07-09 00:00:00,0.656700,0.657650,0.655200,0.657400,4,2020-07-09
2020-07-09 04:00:00,0.657300,0.658000,0.656900,0.657550,4,2020-07-09
2020-07-09 08:00:00,0.657500,0.658400,0.656300,0.657200,4,2020-07-09
2020-07-09 12:00:00,0.657200,0.659050,0.656500,0.658300,4,2020-07-09
2020-07-09 16:00:00,0.658200,0.659350,0.657100,0.658000,4,2020-07-09
2020-07-09 20:00:00,0.658050,0.659950,0.657200,0.659700,4,2020-07-10
2020-07-10 00:00:00,0.659700,0.660100,0.655100,0.656600,4,2020-07-10
2020-07-10 04:00:00,0.656400,0.657350,0.656300,0.656850,4,2020-07-10
2020-07-10 08:00:00,0.656900,0.657200,0.654600,0.656500,4,2020-07-10
2020-07-10 12:00:00,0.656500,0.656500,0.654650,0.655400,4,2020-07-10
2020-07-10 16:00:00,0.655300,0.657500,0.654800,0.657200,4,2020-07-10
2020-07-10 20:00:00,0.657150,0.657650,0.657000,0.657300,1,2020-07-10
2020-07-13 04:00:00,0.657200,0.657900,0.657100,0.657700,3,2020-07-13
2020-07-13 08:00:00,0.657300,0.658300,0.656600,0.657300,4,2020-07-13
2020-07-13 12:00:00,0.657300,0.658100,0.657100,0.657400,4,2020-07-13
2020-07-13 16:00:00,0.657500,0.657850,0.655350,0.657000,4,2020-07-13
2020-07-13 20:00:00,0.656950,0.658500,0.656550,0.658100,4,2020-07-14
2020-07-14 00:00:00,0.658150,0.659350,0.657200,0.657200,4,2020-07-14
2020-07-14 04:00:00,0.657250,0.657250,0.653750,0.654150,4,2020-07-14
2020-07-14 08:00:00,0.654200,0.654450,0.652450,0.653300,4,2020-07-14
2020-07-14 12:00:00,0.653050,0.654100,0.652500,0.653200,4,2020-07-14
2020-07-14 16:00:00,0.653200,0.653900,0.650950,0.652700,4,2020-07-14
2020-07-14 20:00:00,0.652700,0.653800,0.650300,0.651900,4,2020-07-15
2020-07-15 00:00:00,0.651900,0.654250,0.651550,0.653150,4,2020-07-15
2020-07-15 04:00:00,0.653200,0.654200,0.652000,0.653450,4,2020-07-15
2020-07-15 08:00:00,0.654100,0.656400,0.653800,0.656300,4,2020-07-15
2020-07-15 12:00:00,0.656200,0.656200,0.654500,0.655100,4,2020-07-15
2020-07-15 16:00:00,0.655100,0.656350,0.654600,0.655300,4,2020-07-15
2020-07-15 20:00:00,0.655300,0.658400,0.655250,0.657000,4,2020-07-16
2020-07-16 00:00:00,0.657100,0.658150,0.656450,0.656500,4,2020-07-16
2020-07-16 04:00:00,0.656600,0.657900,0.656450,0.657350,4,2020-07-16
2020-07-16 08:00:00,0.657000,0.657850,0.655450,0.656150,4,2020-07-16
2020-07-16 12:00:00,0.656200,0.656550,0.655200,0.655950,4,2020-07-16
2020-07-16 16:00:00,0.655950,0.656250,0.654150,0.654150,4,2020-07-16
2020-07-16 20:00:00,0.654250,0.656450,0.653650,0.655900,4,2020-07-17
2020-07-17 00:00:00,0.656000,0.657000,0.652900,0.653200,4,2020-07-17
2020-07-17 04:00:00,0.653200,0.653900,0.652800,0.653600,4,2020-07-17
2020-07-17 08:00:00,0.653750,0.654850,0.653400,0.654200,4,2020-07-17
2020-07-17 12:00:00,0.654300,0.654800,0.653900,0.654250,4,2020-07-17
2020-07-17 16:00:00,0.654200,0.655350,0.654200,0.654600,4,2020-07-17
2020-07-17 20:00:00,0.654600,0.655050,0.654450,0.654850,1,2020-07-17
2020-07-20 04:00:00,0.654500,0.655900,0.654450,0.654750,3,2020-07-20
2020-07-20 08:00:00,0.655300,0.656400,0.653900,0.654100,4,2020-07-20
2020-07-20 12:00:00,0.654100,0.655850,0.653900,0.655500,4,2020-07-20
2020-07-20 16:00:00,0.655450,0.656750,0.654900,0.656100,4,2020-07-20
2020-07-20 20:00:00,0.656100,0.657050,0.655200,0.655850,4,2020-07-21
2020-07-21 00:00:00,0.655900,0.657300,0.655650,0.657000,4,2020-07-21
2020-07-21 04:00:00,0.657050,0.657950,0.656600,0.657500,4,2020-07-21
2020-07-21 08:00:00,0.657500,0.658950,0.657300,0.657600,4,2020-07-21
2020-07-21 12:00:00,0.657600,0.658100,0.655900,0.657300,4,2020-07-21
2020-07-21 16:00:00,0.657350,0.660000,0.657050,0.659700,4,2020-07-21
2020-07-21 20:00:00,0.659600,0.663050,0.659300,0.662350,4,2020-07-22
2020-07-22 00:00:00,0.662550,0.664500,0.661700,0.664400,4,2020-07-22
2020-07-22 04:00:00,0.664400,0.665000,0.663550,0.664200,4,2020-07-22
2020-07-22 08:00:00,0.664200,0.665000,0.663700,0.664500,4,2020-07-22
2020-07-22 12:00:00,0.664450,0.665900,0.664100,0.665800,4,2020-07-22
2020-07-22 16:00:00,0.665800,0.667500,0.663350,0.665700,4,2020-07-22
2020-07-22 20:00:00,0.665550,0.668950,0.665550,0.666800,4,2020-07-23
2020-07-23 00:00:00,0.666800,0.667250,0.665450,0.665950,4,2020-07-23
2020-07-23 04:00:00,0.666100,0.666800,0.665350,0.665900,4,2020-07-23
2020-07-23 08:00:00,0.666100,0.666900,0.665500,0.666550,4,2020-07-23
2020-07-23 12:00:00,0.666550,0.668300,0.666150,0.667900,4,2020-07-23
2020-07-23 16:00:00,0.668000,0.669050,0.666800,0.667300,4,2020-07-23
2020-07-23 20:00:00,0.667250,0.667400,0.663050,0.664900,4,2020-07-24
2020-07-24 00:00:00,0.664800,0.666050,0.663300,0.663400,4,2020-07-24
2020-07-24 04:00:00,0.663500,0.663950,0.662600,0.663200,4,2020-07-24
2020-07-24 08:00:00,0.663400,0.665400,0.662800,0.664350,4,2020-07-24
2020-07-24 12:00:00,0.664200,0.664600,0.661800,0.662800,4,2020-07-24
2020-07-24 16:00:00,0.662800,0.663800,0.662150,0.662600,4,2020-07-24
2020-07-24 20:00:00,0.662700,0.662900,0.661500,0.661600,1,2020-07-24
2020-07-27 04:00:00,0.663900,0.663900,0.662550,0.663350,3,2020-07-27
2020-07-27 08:00:00,0.664300,0.667050,0.663600,0.666750,4,2020-07-27
2020-07-27 12:00:00,0.666700,0.668100,0.666200,0.667000,4,2020-07-27
2020-07-27 16:00:00,0.667100,0.667850,0.665800,0.667100,4,2020-07-27
2020-07-27 20:00:00,0.667050,0.669350,0.666750,0.669250,4,2020-07-28
2020-07-28 00:00:00,0.669200,0.669300,0.667750,0.668400,4,2020-07-28
2020-07-28 04:00:00,0.668300,0.668850,0.667300,0.667700,4,2020-07-28
2020-07-28 08:00:00,0.667600,0.670300,0.667600,0.669200,4,2020-07-28
2020-07-28 12:00:00,0.669200,0.669750,0.665000,0.666000,4,2020-07-28
2020-07-28 16:00:00,0.666050,0.666300,0.663300,0.664800,4,2020-07-28
2020-07-28 20:00:00,0.664700,0.666900,0.663950,0.665650,4,2020-07-29
2020-07-29 00:00:00,0.665600,0.666700,0.664700,0.665900,4,2020-07-29
2020-07-29 04:00:00,0.666000,0.666300,0.665100,0.665600,4,2020-07-29
2020-07-29 08:00:00,0.665800,0.666800,0.664600,0.665700,4,2020-07-29
2020-07-29 12:00:00,0.665750,0.665850,0.664900,0.665800,4,2020-07-29
2020-07-29 16:00:00,0.665700,0.667950,0.665500,0.665900,4,2020-07-29
2020-07-29 20:00:00,0.665950,0.667200,0.664100,0.666600,4,2020-07-30
2020-07-30 00:00:00,0.666600,0.667300,0.664800,0.665950,4,2020-07-30
2020-07-30 04:00:00,0.665800,0.667850,0.665000,0.667100,4,2020-07-30
2020-07-30 08:00:00,0.667150,0.667200,0.665200,0.665400,4,2020-07-30
2020-07-30 12:00:00,0.665400,0.665850,0.663050,0.663500,4,2020-07-30
2020-07-30 16:00:00,0.663500,0.664050,0.662000,0.663600,4,2020-07-30
2020-07-30 20:00:00,0.663500,0.665400,0.662200,0.663800,4,2020-07-31
2020-07-31 00:00:00,0.663750,0.666750,0.662800,0.666400,4,2020-07-31
2020-07-31 04:00:00,0.666500,0.670200,0.666300,0.668900,4,2020-07-31
2020-07-31 08:00:00,0.669100,0.670600,0.668600,0.670250,4,2020-07-31
2020-07-31 12:00:00,0.670200,0.670900,0.668000,0.670250,4,2020-07-31
2020-07-31 16:00:00,0.670250,0.671550,0.667300,0.668500,4,2020-07-31
2020-07-31 20:00:00,0.668400,0.668750,0.667600,0.667950,1,2020-07-31
2020-08-03 04:00:00,0.664100,0.664100,0.662300,0.662800,4,2020-08-03
2020-08-03 08:00:00,0.662650,0.663950,0.661450,0.663400,4,2020-08-03
2020-08-03 12:00:00,0.663300,0.664300,0.662100,0.664000,4,2020-08-03
2020-08-03 16:00:00,0.664000,0.664000,0.661750,0.662800,4,2020-08-03
2020-08-03 20:00:00,0.662750,0.663250,0.657500,0.658100,4,2020-08-04
2020-08-04 00:00:00,0.658050,0.661200,0.657950,0.660900,4,2020-08-04
2020-08-04 04:00:00,0.661000,0.661650,0.660700,0.661200,4,2020-08-04
2020-08-04 08:00:00,0.661400,0.661950,0.660550,0.661200,4,2020-08-04
2020-08-04 12:00:00,0.661200,0.662500,0.660550,0.661450,4,2020-08-04
2020-08-04 16:00:00,0.661450,0.662500,0.659800,0.661000,4,2020-08-04
2020-08-04 20:00:00,0.661000,0.661600,0.658900,0.660000,4,2020-08-05
2020-08-05 00:00:00,0.659900,0.661850,0.659900,0.661200,4,2020-08-05
2020-08-05 04:00:00,0.661300,0.662800,0.660400,0.661800,4,2020-08-05
2020-08-05 08:00:00,0.661900,0.664700,0.661900,0.663500,4,2020-08-05
2020-08-05 12:00:00,0.663500,0.664900,0.663300,0.663550,4,2020-08-05
2020-08-05 16:00:00,0.663600,0.666800,0.663000,0.666550,4,2020-08-05
2020-08-05 20:00:00,0.666500,0.667300,0.664250,0.666850,4,2020-08-06
2020-08-06 00:00:00,0.666900,0.667450,0.664400,0.664450,4,2020-08-06
2020-08-06 04:00:00,0.664500,0.665500,0.663800,0.665200,4,2020-08-06
2020-08-06 08:00:00,0.665100,0.665900,0.663800,0.664000,4,2020-08-06
2020-08-06 12:00:00,0.664000,0.664750,0.662850,0.664550,4,2020-08-06
2020-08-06 16:00:00,0.664450,0.665500,0.663050,0.664600,4,2020-08-06
2020-08-06 20:00:00,0.664600,0.666950,0.663100,0.666600,4,2020-08-07
2020-08-07 00:00:00,0.666500,0.667950,0.664300,0.667350,4,2020-08-07
2020-08-07 04:00:00,0.667300,0.669000,0.666800,0.668800,4,2020-08-07
2020-08-07 08:00:00,0.668950,0.669050,0.667500,0.668300,4,2020-08-07
2020-08-07 12:00:00,0.668250,0.668450,0.666100,0.667000,4,2020-08-07
2020-08-07 16:00:00,0.666950,0.667800,0.664900,0.665100,4,2020-08-07
2020-08-07 20:00:00,0.665100,0.665150,0.664200,0.664400,1,2020-08-07
2020-08-10 04:00:00,0.660550,0.661200,0.659700,0.660650,4,2020-08-10
2020-08-10 08:00:00,0.660300,0.660800,0.659150,0.660000,4,2020-08-10
2020-08-10 12:00:00,0.660050,0.661050,0.659900,0.660950,4,2020-08-10
2020-08-10 16:00:00,0.660900,0.661250,0.658350,0.658650,4,2020-08-10
2020-08-10 20:00:00,0.658700,0.661150,0.657800,0.660650,4,2020-08-11
2020-08-11 00:00:00,0.660650,0.660800,0.658400,0.659100,4,2020-08-11
2020-08-11 04:00:00,0.659000,0.659800,0.658600,0.659200,4,2020-08-11
2020-08-11 08:00:00,0.659100,0.661300,0.658500,0.660950,4,2020-08-11
2020-08-11 12:00:00,0.660900,0.662750,0.660450,0.661650,4,2020-08-11
2020-08-11 16:00:00,0.661750,0.662750,0.659000,0.660100,4,2020-08-11
2020-08-11 20:00:00,0.660300,0.661450,0.659200,0.659200,4,2020-08-12
2020-08-12 00:00:00,0.659300,0.659700,0.657150,0.658900,4,2020-08-12
2020-08-12 04:00:00,0.658800,0.659050,0.657200,0.657500,4,2020-08-12
2020-08-12 08:00:00,0.657500,0.657800,0.656200,0.656600,4,2020-08-12
2020-08-12 12:00:00,0.656750,0.656750,0.652800,0.654700,4,2020-08-12
2020-08-12 16:00:00,0.654650,0.655850,0.653600,0.655450,4,2020-08-12
2020-08-12 20:00:00,0.655500,0.658100,0.653600,0.656950,4,2020-08-13
2020-08-13 00:00:00,0.657050,0.660000,0.656300,0.658900,4,2020-08-13
2020-08-13 04:00:00,0.658800,0.658900,0.657300,0.657550,4,2020-08-13
2020-08-13 08:00:00,0.657600,0.659800,0.657100,0.657600,4,2020-08-13
2020-08-13 12:00:00,0.657650,0.657750,0.656300,0.656900,4,2020-08-13
2020-08-13 16:00:00,0.656900,0.657450,0.655900,0.656500,4,2020-08-13
2020-08-13 20:00:00,0.656500,0.657550,0.655450,0.657200,4,2020-08-14
2020-08-14 00:00:00,0.657200,0.657650,0.655200,0.655500,4,2020-08-14
2020-08-14 04:00:00,0.655600,0.655600,0.653700,0.654700,4,2020-08-14
2020-08-14 08:00:00,0.654700,0.655100,0.653300,0.653800,4,2020-08-14
2020-08-14 12:00:00,0.653800,0.654150,0.652600,0.654000,4,2020-08-14
2020-08-14 16:00:00,0.654100,0.654750,0.652850,0.653400,4,2020-08-14
2020-08-14 20:00:00,0.653250,0.653800,0.653100,0.653300,1,2020-08-14
2020-08-17 04:00:00,0.655200,0.655700,0.653500,0.654850,4,2020-08-17
2020-08-17 08:00:00,0.654700,0.655050,0.652700,0.653700,4,2020-08-17
2020-08-17 12:00:00,0.653700,0.655000,0.652950,0.653600,4,2020-08-17
2020-08-17 16:00:00,0.653600,0.654300,0.652150,0.653700,4,2020-08-17
2020-08-17 20:00:00,0.653700,0.655100,0.651950,0.654600,4,2020-08-18
2020-08-18 00:00:00,0.654600,0.655450,0.653850,0.654100,4,2020-08-18
2020-08-18 04:00:00,0.654150,0.657400,0.653950,0.655600,4,2020-08-18
2020-08-18 08:00:00,0.655600,0.656900,0.654400,0.654700,4,2020-08-18
2020-08-18 12:00:00,0.654700,0.655100,0.653500,0.654600,4,2020-08-18
2020-08-18 16:00:00,0.654500,0.656400,0.654100,0.656100,4,2020-08-18
2020-08-18 20:00:00,0.656100,0.660400,0.655500,0.659450,4,2020-08-19
2020-08-19 00:00:00,0.659500,0.659900,0.656850,0.659600,4,2020-08-19
2020-08-19 04:00:00,0.659600,0.660950,0.659600,0.660200,4,2020-08-19
2020-08-19 08:00:00,0.660300,0.661650,0.660050,0.660300,4,2020-08-19
2020-08-19 12:00:00,0.660250,0.662500,0.660000,0.661700,4,2020-08-19
2020-08-19 16:00:00,0.661700,0.664950,0.661300,0.664200,4,2020-08-19
2020-08-19 20:00:00,0.664300,0.665150,0.663100,0.663400,4,2020-08-20
2020-08-20 00:00:00,0.663400,0.663650,0.659900,0.660600,4,2020-08-20
2020-08-20 04:00:00,0.660700,0.661250,0.655400,0.656100,4,2020-08-20
2020-08-20 08:00:00,0.656000,0.656900,0.654500,0.655900,4,2020-08-20
2020-08-20 12:00:00,0.655800,0.657150,0.655300,0.655800,4,2020-08-20
2020-08-20 16:00:00,0.655700,0.656400,0.652500,0.653200,4,2020-08-20
2020-08-20 20:00:00,0.653300,0.654100,0.648900,0.649500,4,2020-08-21
2020-08-21 00:00:00,0.649550,0.652150,0.649000,0.651700,4,2020-08-21
2020-08-21 04:00:00,0.651750,0.654150,0.651600,0.653400,4,2020-08-21
2020-08-21 08:00:00,0.653300,0.654700,0.652800,0.653700,4,2020-08-21
2020-08-21 12:00:00,0.653700,0.654950,0.653200,0.654150,4,2020-08-21
2020-08-21 16:00:00,0.654200,0.654700,0.652400,0.654450,4,2020-08-21
2020-08-21 20:00:00,0.654400,0.654650,0.653150,0.654300,1,2020-08-21
2020-08-24 04:00:00,0.653700,0.654600,0.652750,0.654250,3,2020-08-24
2020-08-24 08:00:00,0.654000,0.654850,0.653050,0.654200,4,2020-08-24
2020-08-24 12:00:00,0.654100,0.654200,0.652550,0.654000,4,2020-08-24
2020-08-24 16:00:00,0.654000,0.654650,0.652700,0.654350,4,2020-08-24
2020-08-24 20:00:00,0.654400,0.656450,0.654350,0.654450,4,2020-08-25
2020-08-25 00:00:00,0.654550,0.655150,0.652550,0.653600,4,2020-08-25
2020-08-25 04:00:00,0.653600,0.653800,0.652200,0.653400,4,2020-08-25
2020-08-25 08:00:00,0.653000,0.653900,0.651500,0.653700,4,2020-08-25
2020-08-25 12:00:00,0.653600,0.653800,0.652050,0.652200,4,2020-08-25
2020-08-25 16:00:00,0.652300,0.653900,0.652000,0.653250,4,2020-08-25
2020-08-25 20:00:00,0.653250,0.655850,0.652950,0.653250,4,2020-08-26
2020-08-26 00:00:00,0.653400,0.654350,0.652100,0.654300,4,2020-08-26
2020-08-26 04:00:00,0.654300,0.655400,0.654200,0.654800,4,2020-08-26
2020-08-26 08:00:00,0.654700,0.656350,0.654500,0.655950,4,2020-08-26
2020-08-26 12:00:00,0.656000,0.656200,0.654800,0.655200,4,2020-08-26
2020-08-26 16:00:00,0.655200,0.657400,0.654500,0.656050,4,2020-08-26
2020-08-26 20:00:00,0.656100,0.657650,0.654400,0.657600,4,2020-08-27
2020-08-27 00:00:00,0.657500,0.661900,0.657300,0.661000,4,2020-08-27
2020-08-27 04:00:00,0.660950,0.662350,0.660600,0.661600,4,2020-08-27
2020-08-27 08:00:00,0.661700,0.664800,0.661700,0.663100,4,2020-08-27
2020-08-27 12:00:00,0.663000,0.663300,0.662200,0.662550,4,2020-08-27
2020-08-27 16:00:00,0.662600,0.664700,0.662100,0.663550,4,2020-08-27
2020-08-27 20:00:00,0.663600,0.667550,0.661350,0.663000,4,2020-08-28
2020-08-28 00:00:00,0.662800,0.664450,0.660050,0.663950,4,2020-08-28
2020-08-28 04:00:00,0.664000,0.664750,0.662900,0.664400,4,2020-08-28
2020-08-28 08:00:00,0.664100,0.665000,0.663700,0.665000,4,2020-08-28
2020-08-28 12:00:00,0.664900,0.667000,0.664700,0.667000,4,2020-08-28
2020-08-28 16:00:00,0.666850,0.669450,0.666750,0.668950,4,2020-08-28
2020-08-28 20:00:00,0.668800,0.669750,0.668600,0.669650,1,2020-08-28
2020-08-31 04:00:00,0.672500,0.673800,0.672300,0.673550,4,2020-08-31
2020-08-31 08:00:00,0.673500,0.675100,0.673050,0.674100,4,2020-08-31
2020-08-31 12:00:00,0.674100,0.674400,0.672200,0.673300,4,2020-08-31
2020-08-31 16:00:00,0.673300,0.673650,0.671900,0.672750,4,2020-08-31
2020-08-31 20:00:00,0.672750,0.674050,0.672200,0.673200,4,2020-09-01
2020-09-01 00:00:00,0.673100,0.676400,0.673100,0.675100,4,2020-09-01
2020-09-01 04:00:00,0.675150,0.675150,0.672850,0.674000,4,2020-09-01
2020-09-01 08:00:00,0.673800,0.675900,0.673000,0.675800,4,2020-09-01
2020-09-01 12:00:00,0.675600,0.676650,0.674800,0.676550,4,2020-09-01
2020-09-01 16:00:00,0.676500,0.677700,0.675400,0.676400,4,2020-09-01
2020-09-01 20:00:00,0.676400,0.677950,0.675400,0.676800,4,2020-09-02
2020-09-02 00:00:00,0.676800,0.678000,0.674700,0.674900,4,2020-09-02
2020-09-02 04:00:00,0.674800,0.676200,0.673700,0.676000,4,2020-09-02
2020-09-02 08:00:00,0.675900,0.677550,0.674700,0.677000,4,2020-09-02
2020-09-02 12:00:00,0.677000,0.678600,0.676500,0.678500,4,2020-09-02
2020-09-02 16:00:00,0.678500,0.678900,0.675100,0.676450,4,2020-09-02
2020-09-02 20:00:00,0.676400,0.677200,0.674250,0.674700,4,2020-09-03
2020-09-03 00:00:00,0.674700,0.677050,0.674200,0.676150,4,2020-09-03
2020-09-03 04:00:00,0.676100,0.677850,0.674900,0.676600,4,2020-09-03
2020-09-03 08:00:00,0.676600,0.677250,0.675500,0.677000,4,2020-09-03
2020-09-03 12:00:00,0.677000,0.677300,0.674550,0.674600,4,2020-09-03
2020-09-03 16:00:00,0.674600,0.675600,0.672750,0.672850,4,2020-09-03
2020-09-03 20:00:00,0.672950,0.674050,0.671800,0.672600,4,2020-09-04
2020-09-04 00:00:00,0.672650,0.673600,0.669400,0.670150,4,2020-09-04
2020-09-04 04:00:00,0.670200,0.671500,0.669800,0.670800,4,2020-09-04
2020-09-04 08:00:00,0.670800,0.671400,0.668800,0.671200,4,2020-09-04
2020-09-04 12:00:00,0.671050,0.671200,0.669700,0.670200,4,2020-09-04
2020-09-04 16:00:00,0.670250,0.672650,0.669300,0.672350,4,2020-09-04
2020-09-04 20:00:00,0.672500,0.673250,0.671750,0.671750,1,2020-09-04
2020-09-07 04:00:00,0.671200,0.672400,0.670600,0.671800,4,2020-09-07
2020-09-07 08:00:00,0.671800,0.671900,0.670600,0.670900,4,2020-09-07
2020-09-07 12:00:00,0.670950,0.672250,0.669700,0.670050,4,2020-09-07
2020-09-07 16:00:00,0.670100,0.671000,0.669300,0.670500,4,2020-09-07
2020-09-07 20:00:00,0.670400,0.670500,0.669350,0.669650,4,2020-09-08
2020-09-08 00:00:00,0.669650,0.670150,0.669100,0.669200,4,2020-09-08
2020-09-08 04:00:00,0.669200,0.670050,0.669000,0.669350,4,2020-09-08
2020-09-08 08:00:00,0.669400,0.669650,0.668600,0.668900,4,2020-09-08
2020-09-08 12:00:00,0.669000,0.669300,0.668100,0.669300,4,2020-09-08
2020-09-08 16:00:00,0.669250,0.670750,0.666050,0.666300,4,2020-09-08
2020-09-08 20:00:00,0.666150,0.667100,0.663000,0.663900,4,2020-09-09
2020-09-09 00:00:00,0.663800,0.664350,0.662700,0.663450,4,2020-09-09
2020-09-09 04:00:00,0.663500,0.663500,0.661000,0.661200,4,2020-09-09
2020-09-09 08:00:00,0.661300,0.662600,0.660100,0.662500,4,2020-09-09
2020-09-09 12:00:00,0.662500,0.662950,0.661800,0.662800,4,2020-09-09
2020-09-09 16:00:00,0.662700,0.664200,0.661450,0.663400,4,2020-09-09
2020-09-09 20:00:00,0.663350,0.668300,0.663250,0.667700,4,2020-09-10
2020-09-10 00:00:00,0.667850,0.668600,0.666850,0.667600,4,2020-09-10
2020-09-10 04:00:00,0.667700,0.668800,0.666700,0.668100,4,2020-09-10
2020-09-10 08:00:00,0.668000,0.668700,0.667100,0.667800,4,2020-09-10
2020-09-10 12:00:00,0.667900,0.669000,0.667300,0.668900,4,2020-09-10
2020-09-10 16:00:00,0.668800,0.669000,0.666700,0.667500,4,2020-09-10
2020-09-10 20:00:00,0.667500,0.670850,0.666600,0.669450,4,2020-09-11
2020-09-11 00:00:00,0.669300,0.669950,0.665300,0.666500,4,2020-09-11
2020-09-11 04:00:00,0.666300,0.666500,0.663900,0.664600,4,2020-09-11
2020-09-11 08:00:00,0.664800,0.666200,0.664500,0.665500,4,2020-09-11
2020-09-11 12:00:00,0.665600,0.666650,0.665500,0.666500,4,2020-09-11
2020-09-11 16:00:00,0.666500,0.668950,0.666100,0.668750,4,2020-09-11
2020-09-11 20:00:00,0.668750,0.669550,0.668450,0.669000,1,2020-09-11
2020-09-14 04:00:00,0.666650,0.666900,0.665750,0.666400,4,2020-09-14
2020-09-14 08:00:00,0.666500,0.669600,0.666500,0.668800,4,2020-09-14
2020-09-14 12:00:00,0.669000,0.670150,0.668650,0.670050,4,2020-09-14
2020-09-14 16:00:00,0.670000,0.670150,0.668450,0.668650,4,2020-09-14
2020-09-14 20:00:00,0.668700,0.671500,0.668600,0.670800,4,2020-09-15
2020-09-15 00:00:00,0.670650,0.671800,0.670300,0.670850,4,2020-09-15
2020-09-15 04:00:00,0.670900,0.671150,0.669700,0.670100,4,2020-09-15
2020-09-15 08:00:00,0.670200,0.670500,0.668400,0.669700,4,2020-09-15
2020-09-15 12:00:00,0.669800,0.673000,0.669700,0.672500,4,2020-09-15
2020-09-15 16:00:00,0.672500,0.673450,0.671350,0.672950,4,2020-09-15
2020-09-15 20:00:00,0.672900,0.673700,0.671700,0.672300,4,2020-09-16
2020-09-16 00:00:00,0.672200,0.672400,0.670850,0.671500,4,2020-09-16
2020-09-16 04:00:00,0.671400,0.672550,0.670900,0.671100,4,2020-09-16
2020-09-16 08:00:00,0.671400,0.672200,0.670200,0.672150,4,2020-09-16
2020-09-16 12:00:00,0.672100,0.673100,0.671450,0.672700,4,2020-09-16
2020-09-16 16:00:00,0.672600,0.674900,0.672400,0.674900,4,2020-09-16
2020-09-16 20:00:00,0.674800,0.675400,0.673550,0.673950,4,2020-09-17
2020-09-17 00:00:00,0.673850,0.675900,0.673050,0.673600,4,2020-09-17
2020-09-17 04:00:00,0.673700,0.675900,0.671200,0.673000,4,2020-09-17
2020-09-17 08:00:00,0.673000,0.673900,0.668500,0.669150,4,2020-09-17
2020-09-17 12:00:00,0.669000,0.669600,0.668100,0.669400,4,2020-09-17
2020-09-17 16:00:00,0.669400,0.672900,0.667550,0.672400,4,2020-09-17
2020-09-17 20:00:00,0.672450,0.673350,0.671100,0.672900,4,2020-09-18
2020-09-18 00:00:00,0.672800,0.674550,0.672150,0.674500,4,2020-09-18
2020-09-18 04:00:00,0.674500,0.675900,0.674000,0.674900,4,2020-09-18
2020-09-18 08:00:00,0.674800,0.678050,0.674700,0.677400,4,2020-09-18
2020-09-18 12:00:00,0.677300,0.679400,0.676600,0.679300,4,2020-09-18
2020-09-18 16:00:00,0.679300,0.679850,0.677650,0.678250,4,2020-09-18
2020-09-18 20:00:00,0.678300,0.678850,0.678050,0.678250,1,2020-09-18
2020-09-21 04:00:00,0.676500,0.677400,0.675400,0.676400,4,2020-09-21
2020-09-21 08:00:00,0.676200,0.677750,0.675500,0.676850,4,2020-09-21
2020-09-21 12:00:00,0.676900,0.677600,0.676850,0.677150,4,2020-09-21
2020-09-21 16:00:00,0.677000,0.677200,0.671700,0.672050,4,2020-09-21
2020-09-21 20:00:00,0.671950,0.672400,0.667500,0.667900,4,2020-09-22
2020-09-22 00:00:00,0.667900,0.668100,0.665150,0.666450,4,2020-09-22
2020-09-22 04:00:00,0.666400,0.668100,0.665800,0.666600,4,2020-09-22
2020-09-22 08:00:00,0.666500,0.667300,0.665300,0.667050,4,2020-09-22
2020-09-22 12:00:00,0.667100,0.667800,0.666100,0.666150,4,2020-09-22
2020-09-22 16:00:00,0.666200,0.667600,0.663900,0.666700,4,2020-09-22
2020-09-22 20:00:00,0.666700,0.668750,0.665200,0.665750,4,2020-09-23
2020-09-23 00:00:00,0.665700,0.666400,0.662300,0.663350,4,2020-09-23
2020-09-23 04:00:00,0.663400,0.663900,0.662750,0.662900,4,2020-09-23
2020-09-23 08:00:00,0.663000,0.663300,0.659900,0.660350,4,2020-09-23
2020-09-23 12:00:00,0.660100,0.664600,0.659900,0.661450,4,2020-09-23
2020-09-23 16:00:00,0.661550,0.661600,0.659000,0.659950,4,2020-09-23
2020-09-23 20:00:00,0.660050,0.660350,0.658050,0.658500,4,2020-09-24
2020-09-24 00:00:00,0.658200,0.658250,0.655700,0.655900,4,2020-09-24
2020-09-24 04:00:00,0.655900,0.655900,0.653500,0.655500,4,2020-09-24
2020-09-24 08:00:00,0.655300,0.655650,0.653750,0.654000,4,2020-09-24
2020-09-24 12:00:00,0.653850,0.654400,0.652450,0.653300,4,2020-09-24
2020-09-24 16:00:00,0.653250,0.653750,0.651650,0.652150,4,2020-09-24
2020-09-24 20:00:00,0.652150,0.653150,0.651250,0.652400,4,2020-09-25
2020-09-25 00:00:00,0.652400,0.656200,0.651800,0.655550,4,2020-09-25
2020-09-25 04:00:00,0.655600,0.656100,0.653600,0.654500,4,2020-09-25
2020-09-25 08:00:00,0.654800,0.655500,0.654200,0.655150,4,2020-09-25
2020-09-25 12:00:00,0.655150,0.656500,0.654700,0.655600,4,2020-09-25
2020-09-25 16:00:00,0.655600,0.659200,0.655200,0.656100,4,2020-09-25
2020-09-25 20:00:00,0.656100,0.656150,0.654800,0.655000,1,2020-09-25
2020-09-28 04:00:00,0.655000,0.655700,0.653950,0.655050,3,2020-09-28
2020-09-28 08:00:00,0.654900,0.655750,0.654350,0.655500,4,2020-09-28
2020-09-28 12:00:00,0.655500,0.656200,0.655000,0.655200,4,2020-09-28
2020-09-28 16:00:00,0.655100,0.656150,0.654000,0.654500,4,2020-09-28
2020-09-28 20:00:00,0.654550,0.656800,0.654300,0.655200,4,2020-09-29
2020-09-29 00:00:00,0.655300,0.656600,0.654000,0.655800,4,2020-09-29
2020-09-29 04:00:00,0.655900,0.656250,0.654900,0.655200,4,2020-09-29
2020-09-29 08:00:00,0.655350,0.657000,0.655200,0.656000,4,2020-09-29
2020-09-29 12:00:00,0.656000,0.657000,0.655800,0.656450,4,2020-09-29
2020-09-29 16:00:00,0.656550,0.659400,0.655250,0.659200,4,2020-09-29
2020-09-29 20:00:00,0.659050,0.659650,0.658200,0.659000,4,2020-09-30
2020-09-30 00:00:00,0.659000,0.659600,0.657550,0.659350,4,2020-09-30
2020-09-30 04:00:00,0.659400,0.660300,0.658500,0.658800,4,2020-09-30
2020-09-30 08:00:00,0.658950,0.661300,0.658700,0.660600,4,2020-09-30
2020-09-30 12:00:00,0.660600,0.661050,0.658000,0.658250,4,2020-09-30
2020-09-30 16:00:00,0.658150,0.659250,0.657000,0.657800,4,2020-09-30
2020-09-30 20:00:00,0.657750,0.659250,0.657100,0.658850,4,2020-10-01
2020-10-01 00:00:00,0.658750,0.662600,0.658450,0.662300,4,2020-10-01
2020-10-01 04:00:00,0.661800,0.662500,0.660400,0.661500,4,2020-10-01
2020-10-01 08:00:00,0.662000,0.663250,0.661600,0.662700,4,2020-10-01
2020-10-01 12:00:00,0.662700,0.664100,0.662550,0.663900,4,2020-10-01
2020-10-01 16:00:00,0.664000,0.664750,0.662100,0.663800,4,2020-10-01
2020-10-01 20:00:00,0.663900,0.665750,0.663200,0.664300,4,2020-10-02
2020-10-02 00:00:00,0.664450,0.665550,0.662950,0.664850,4,2020-10-02
2020-10-02 04:00:00,0.665000,0.665500,0.663900,0.665200,4,2020-10-02
2020-10-02 08:00:00,0.665000,0.665550,0.663800,0.664450,4,2020-10-02
2020-10-02 12:00:00,0.664500,0.664700,0.661600,0.662800,4,2020-10-02
2020-10-02 16:00:00,0.662900,0.665050,0.662150,0.662680,4,2020-10-02
2020-10-02 20:00:00,0.662800,0.663250,0.662100,0.663000,1,2020-10-02
2020-10-05 04:00:00,0.664000,0.664700,0.663350,0.664150,2,2020-10-05
2020-10-05 08:00:00,0.664100,0.665500,0.663250,0.664700,4,2020-10-05
2020-10-05 12:00:00,0.664700,0.665200,0.663750,0.664700,4,2020-10-05
2020-10-05 16:00:00,0.664800,0.664900,0.663200,0.664400,4,2020-10-05
2020-10-05 20:00:00,0.664350,0.664950,0.664000,0.664300,4,2020-10-06
2020-10-06 00:00:00,0.664350,0.665300,0.663550,0.664200,4,2020-10-06
2020-10-06 04:00:00,0.664100,0.664700,0.663000,0.664700,4,2020-10-06
2020-10-06 08:00:00,0.664400,0.665700,0.663800,0.665300,4,2020-10-06
2020-10-06 12:00:00,0.665300,0.665800,0.664300,0.664800,4,2020-10-06
2020-10-06 16:00:00,0.664750,0.664850,0.662400,0.664200,4,2020-10-06
2020-10-06 20:00:00,0.664150,0.665600,0.663600,0.665350,4,2020-10-07
2020-10-07 00:00:00,0.665300,0.665600,0.662900,0.663450,4,2020-10-07
2020-10-07 04:00:00,0.663500,0.663600,0.658350,0.658700,4,2020-10-07
2020-10-07 08:00:00,0.658700,0.659800,0.657700,0.658200,4,2020-10-07
2020-10-07 12:00:00,0.658200,0.659600,0.657500,0.659400,4,2020-10-07
2020-10-07 16:00:00,0.659400,0.660100,0.658900,0.659700,4,2020-10-07
2020-10-07 20:00:00,0.659800,0.660000,0.658300,0.659950,4,2020-10-08
2020-10-08 00:00:00,0.659950,0.660100,0.658350,0.658800,4,2020-10-08
2020-10-08 04:00:00,0.658700,0.658900,0.657100,0.658550,4,2020-10-08
2020-10-08 08:00:00,0.658000,0.658350,0.655050,0.655150,4,2020-10-08
2020-10-08 12:00:00,0.655100,0.657950,0.654700,0.657800,4,2020-10-08
2020-10-08 16:00:00,0.657700,0.659550,0.657700,0.659150,4,2020-10-08
2020-10-08 20:00:00,0.659100,0.659700,0.658100,0.658100,4,2020-10-09
2020-10-09 00:00:00,0.658150,0.658250,0.656400,0.658000,4,2020-10-09
2020-10-09 04:00:00,0.658000,0.658600,0.657300,0.657300,4,2020-10-09
2020-10-09 08:00:00,0.658200,0.659650,0.657400,0.659550,4,2020-10-09
2020-10-09 12:00:00,0.659500,0.661300,0.659400,0.660500,4,2020-10-09
2020-10-09 16:00:00,0.660400,0.661850,0.659850,0.661700,4,2020-10-09
2020-10-09 20:00:00,0.661800,0.661900,0.660650,0.661050,1,2020-10-09
2020-10-12 04:00:00,0.665050,0.666050,0.665000,0.665600,2,2020-10-12
2020-10-12 08:00:00,0.665750,0.666800,0.665300,0.665750,4,2020-10-12
2020-10-12 12:00:00,0.665700,0.666750,0.665200,0.666500,4,2020-10-12
2020-10-12 16:00:00,0.666450,0.667050,0.665200,0.665200,4,2020-10-12
2020-10-12 20:00:00,0.665300,0.666250,0.664500,0.664900,4,2020-10-13
2020-10-13 00:00:00,0.664800,0.665450,0.664200,0.665250,4,2020-10-13
2020-10-13 04:00:00,0.665250,0.665300,0.664500,0.664750,4,2020-10-13
2020-10-13 08:00:00,0.664900,0.665400,0.663100,0.663400,4,2020-10-13
2020-10-13 12:00:00,0.663400,0.664950,0.662800,0.664900,4,2020-10-13
2020-10-13 16:00:00,0.664800,0.666650,0.664350,0.666550,4,2020-10-13
2020-10-13 20:00:00,0.666550,0.667100,0.664900,0.664900,4,2020-10-14
2020-10-14 00:00:00,0.664950,0.665350,0.663300,0.664400,4,2020-10-14
2020-10-14 04:00:00,0.664300,0.665200,0.663900,0.665100,4,2020-10-14
2020-10-14 08:00:00,0.665000,0.666450,0.664700,0.666000,4,2020-10-14
2020-10-14 12:00:00,0.666100,0.666600,0.664500,0.665900,4,2020-10-14
2020-10-14 16:00:00,0.666000,0.666850,0.664600,0.666450,4,2020-10-14
2020-10-14 20:00:00,0.666500,0.667350,0.665900,0.667050,4,2020-10-15
2020-10-15 00:00:00,0.667000,0.668250,0.665200,0.665700,4,2020-10-15
2020-10-15 04:00:00,0.665600,0.666250,0.665500,0.665800,4,2020-10-15
2020-10-15 08:00:00,0.665750,0.666400,0.664850,0.665400,4,2020-10-15
2020-10-15 12:00:00,0.665400,0.666250,0.664050,0.665250,4,2020-10-15
2020-10-15 16:00:00,0.665050,0.665350,0.659650,0.659650,4,2020-10-15
2020-10-15 20:00:00,0.659600,0.660950,0.658300,0.658450,4,2020-10-16
2020-10-16 00:00:00,0.658300,0.659600,0.657650,0.659300,4,2020-10-16
2020-10-16 04:00:00,0.659200,0.659850,0.659100,0.659700,4,2020-10-16
2020-10-16 08:00:00,0.659800,0.660500,0.659100,0.659600,4,2020-10-16
2020-10-16 12:00:00,0.659550,0.660100,0.658800,0.658850,4,2020-10-16
2020-10-16 16:00:00,0.658800,0.661250,0.658700,0.660250,4,2020-10-16
2020-10-16 20:00:00,0.660250,0.660500,0.659700,0.659900,1,2020-10-16
2020-10-19 04:00:00,0.662000,0.662200,0.660550,0.661300,2,2020-10-19
2020-10-19 08:00:00,0.661250,0.663000,0.660200,0.662700,4,2020-10-19
2020-10-19 12:00:00,0.662800,0.662900,0.660650,0.661300,4,2020-10-19
2020-10-19 16:00:00,0.661200,0.663350,0.661200,0.663350,4,2020-10-19
2020-10-19 20:00:00,0.663300,0.664700,0.663000,0.664050,4,2020-10-20
2020-10-20 00:00:00,0.664000,0.664650,0.662350,0.662800,4,2020-10-20
2020-10-20 04:00:00,0.662850,0.663050,0.660350,0.660650,4,2020-10-20
2020-10-20 08:00:00,0.660600,0.660750,0.658650,0.659300,4,2020-10-20
2020-10-20 12:00:00,0.659350,0.659400,0.657100,0.658500,4,2020-10-20
2020-10-20 16:00:00,0.658500,0.658500,0.656250,0.656550,4,2020-10-20
2020-10-20 20:00:00,0.656550,0.657500,0.655300,0.656100,4,2020-10-21
2020-10-21 00:00:00,0.656100,0.658850,0.655600,0.658500,4,2020-10-21
2020-10-21 04:00:00,0.658600,0.659600,0.657800,0.658050,4,2020-10-21
2020-10-21 08:00:00,0.658000,0.659450,0.657300,0.659150,4,2020-10-21
2020-10-21 12:00:00,0.659300,0.661250,0.659300,0.661050,4,2020-10-21
2020-10-21 16:00:00,0.661200,0.662500,0.660300,0.661050,4,2020-10-21
2020-10-21 20:00:00,0.661000,0.665000,0.661000,0.664400,4,2020-10-22
2020-10-22 00:00:00,0.664500,0.667800,0.663650,0.667300,4,2020-10-22
2020-10-22 04:00:00,0.667350,0.667550,0.665450,0.665500,4,2020-10-22
2020-10-22 08:00:00,0.665350,0.665800,0.663250,0.664450,4,2020-10-22
2020-10-22 12:00:00,0.664500,0.665250,0.663800,0.664900,4,2020-10-22
2020-10-22 16:00:00,0.664800,0.667400,0.664750,0.666300,4,2020-10-22
2020-10-22 20:00:00,0.666300,0.667050,0.665500,0.666700,4,2020-10-23
2020-10-23 00:00:00,0.666600,0.668300,0.665800,0.668150,4,2020-10-23
2020-10-23 04:00:00,0.668100,0.668950,0.667100,0.667650,4,2020-10-23
2020-10-23 08:00:00,0.667600,0.667950,0.665900,0.667200,4,2020-10-23
2020-10-23 12:00:00,0.667200,0.667650,0.665950,0.666700,4,2020-10-23
2020-10-23 16:00:00,0.666700,0.669450,0.665600,0.669350,4,2020-10-23
2020-10-23 20:00:00,0.669300,0.670500,0.669100,0.669800,1,2020-10-23
2020-10-26 04:00:00,0.668800,0.669300,0.668650,0.668750,1,2020-10-26
2020-10-26 08:00:00,0.668750,0.669350,0.667600,0.668700,4,2020-10-26
2020-10-26 12:00:00,0.668700,0.669500,0.667800,0.668400,4,2020-10-26
2020-10-26 16:00:00,0.668400,0.669000,0.667300,0.668200,4,2020-10-26
2020-10-26 20:00:00,0.668200,0.669800,0.667600,0.668300,4,2020-10-27
2020-10-27 00:00:00,0.668250,0.669650,0.667100,0.668000,4,2020-10-27
2020-10-27 04:00:00,0.668200,0.668700,0.667000,0.667750,4,2020-10-27
2020-10-27 08:00:00,0.667900,0.668700,0.667300,0.668250,4,2020-10-27
2020-10-27 12:00:00,0.668250,0.669350,0.668000,0.669100,4,2020-10-27
2020-10-27 16:00:00,0.669100,0.669750,0.668000,0.668700,4,2020-10-27
2020-10-27 20:00:00,0.668550,0.671350,0.668100,0.670550,4,2020-10-28
2020-10-28 00:00:00,0.670550,0.672400,0.670150,0.671800,4,2020-10-28
2020-10-28 04:00:00,0.671800,0.672450,0.670400,0.671300,4,2020-10-28
2020-10-28 08:00:00,0.670900,0.671750,0.669250,0.669700,4,2020-10-28
2020-10-28 12:00:00,0.669800,0.671150,0.669600,0.671000,4,2020-10-28
2020-10-28 16:00:00,0.671000,0.672050,0.668150,0.668800,4,2020-10-28
2020-10-28 20:00:00,0.668700,0.668800,0.663700,0.664800,4,2020-10-29
2020-10-29 00:00:00,0.664700,0.666100,0.662900,0.665550,4,2020-10-29
2020-10-29 04:00:00,0.665500,0.665900,0.663650,0.663950,4,2020-10-29
2020-10-29 08:00:00,0.663900,0.665600,0.663800,0.664800,4,2020-10-29
2020-10-29 12:00:00,0.664850,0.665500,0.663650,0.664700,4,2020-10-29
2020-10-29 16:00:00,0.664800,0.665950,0.664300,0.664850,4,2020-10-29
2020-10-29 20:00:00,0.664850,0.665650,0.662100,0.662600,4,2020-10-30
2020-10-30 00:00:00,0.662600,0.663700,0.659750,0.660800,4,2020-10-30
2020-10-30 04:00:00,0.660800,0.663600,0.660300,0.662750,4,2020-10-30
2020-10-30 08:00:00,0.663200,0.663450,0.662000,0.662600,4,2020-10-30
2020-10-30 12:00:00,0.662600,0.664250,0.662400,0.662800,4,2020-10-30
2020-10-30 16:00:00,0.662700,0.663100,0.660650,0.662500,4,2020-10-30
2020-10-30 20:00:00,0.662550,0.663800,0.662300,0.663600,1,2020-10-30
2020-11-02 04:00:00,0.661500,0.661700,0.661300,0.661350,1,2020-11-02
2020-11-02 08:00:00,0.661350,0.661500,0.659100,0.659500,4,2020-11-02
2020-11-02 12:00:00,0.659400,0.661100,0.659250,0.659600,4,2020-11-02
2020-11-02 16:00:00,0.659550,0.660950,0.658950,0.659900,4,2020-11-02
2020-11-02 20:00:00,0.659900,0.663250,0.659800,0.662800,4,2020-11-03
2020-11-03 00:00:00,0.662800,0.663500,0.661400,0.662550,4,2020-11-03
2020-11-03 04:00:00,0.662600,0.663500,0.661350,0.663400,4,2020-11-03
2020-11-03 08:00:00,0.663350,0.663550,0.661100,0.663200,4,2020-11-03
2020-11-03 12:00:00,0.663200,0.664700,0.662300,0.662550,4,2020-11-03
2020-11-03 16:00:00,0.662300,0.666650,0.662200,0.666600,4,2020-11-03
2020-11-03 20:00:00,0.666600,0.668350,0.666100,0.667200,4,2020-11-04
2020-11-04 00:00:00,0.667250,0.671850,0.666800,0.670400,4,2020-11-04
2020-11-04 04:00:00,0.670450,0.670650,0.667550,0.668400,4,2020-11-04
2020-11-04 08:00:00,0.668100,0.674300,0.667950,0.667950,4,2020-11-04
2020-11-04 12:00:00,0.667950,0.671150,0.661550,0.665250,4,2020-11-04
2020-11-04 16:00:00,0.665250,0.667550,0.661800,0.663200,4,2020-11-04
2020-11-04 20:00:00,0.663200,0.668950,0.662450,0.667900,4,2020-11-05
2020-11-05 00:00:00,0.667900,0.670650,0.664600,0.670100,4,2020-11-05
2020-11-05 04:00:00,0.670000,0.670700,0.668700,0.669800,4,2020-11-05
2020-11-05 08:00:00,0.669800,0.670950,0.668700,0.669600,4,2020-11-05
2020-11-05 12:00:00,0.669750,0.670900,0.667950,0.669600,4,2020-11-05
2020-11-05 16:00:00,0.669650,0.673150,0.669100,0.671500,4,2020-11-05
2020-11-05 20:00:00,0.671400,0.675500,0.671200,0.675400,4,2020-11-06
2020-11-06 00:00:00,0.675450,0.676850,0.674600,0.676000,4,2020-11-06
2020-11-06 04:00:00,0.676000,0.677800,0.674800,0.677300,4,2020-11-06
2020-11-06 08:00:00,0.677150,0.677750,0.675300,0.676400,4,2020-11-06
2020-11-06 12:00:00,0.676500,0.678700,0.676400,0.678100,4,2020-11-06
2020-11-06 16:00:00,0.678100,0.680250,0.677900,0.678350,4,2020-11-06
2020-11-06 20:00:00,0.678400,0.679750,0.677050,0.679200,2,2020-11-06
2020-11-09 04:00:00,0.678500,0.679800,0.678350,0.679000,1,2020-11-09
2020-11-09 08:00:00,0.679000,0.680150,0.678300,0.679300,4,2020-11-09
2020-11-09 12:00:00,0.679350,0.681650,0.679250,0.680950,4,2020-11-09
2020-11-09 16:00:00,0.680900,0.681700,0.679550,0.680300,4,2020-11-09
2020-11-09 20:00:00,0.680450,0.684800,0.679850,0.684400,4,2020-11-10
2020-11-10 00:00:00,0.684350,0.685450,0.680100,0.680400,4,2020-11-10
2020-11-10 04:00:00,0.680500,0.684050,0.680300,0.682400,4,2020-11-10
2020-11-10 08:00:00,0.682400,0.683150,0.680900,0.682550,4,2020-11-10
2020-11-10 12:00:00,0.682500,0.684050,0.682000,0.683300,4,2020-11-10
2020-11-10 16:00:00,0.683300,0.683800,0.681950,0.682800,4,2020-11-10
2020-11-10 20:00:00,0.683010,0.684000,0.681900,0.683000,4,2020-11-11
2020-11-11 00:00:00,0.682900,0.683400,0.680350,0.681850,4,2020-11-11
2020-11-11 04:00:00,0.681700,0.683450,0.681550,0.682350,4,2020-11-11
2020-11-11 08:00:00,0.682300,0.683600,0.682200,0.682400,4,2020-11-11
2020-11-11 12:00:00,0.682200,0.690400,0.681050,0.689000,4,2020-11-11
2020-11-11 16:00:00,0.688950,0.690000,0.687250,0.688450,4,2020-11-11
2020-11-11 20:00:00,0.688400,0.689700,0.686300,0.687450,4,2020-11-12
2020-11-12 00:00:00,0.687400,0.688050,0.686500,0.687250,4,2020-11-12
2020-11-12 04:00:00,0.687200,0.688650,0.687000,0.688550,4,2020-11-12
2020-11-12 08:00:00,0.688500,0.690200,0.688000,0.689600,4,2020-11-12
2020-11-12 12:00:00,0.689600,0.691450,0.687300,0.687300,4,2020-11-12
2020-11-12 16:00:00,0.687350,0.687850,0.685850,0.686850,4,2020-11-12
2020-11-12 20:00:00,0.686900,0.688550,0.685650,0.685800,4,2020-11-13
2020-11-13 00:00:00,0.685800,0.688000,0.685500,0.687400,4,2020-11-13
2020-11-13 04:00:00,0.687450,0.687450,0.683500,0.684150,4,2020-11-13
2020-11-13 08:00:00,0.684100,0.685400,0.682850,0.683200,4,2020-11-13
2020-11-13 12:00:00,0.683150,0.684000,0.681800,0.681800,4,2020-11-13
2020-11-13 16:00:00,0.681750,0.683400,0.681350,0.681700,4,2020-11-13
2020-11-13 20:00:00,0.681700,0.683850,0.681100,0.683700,2,2020-11-13
2020-11-16 04:00:00,0.685550,0.685600,0.684050,0.684200,1,2020-11-16
2020-11-16 08:00:00,0.684200,0.687800,0.684200,0.687400,4,2020-11-16
2020-11-16 12:00:00,0.687450,0.689000,0.687300,0.687850,3,2020-11-16
2020-11-16 16:00:00,0.687485,0.688900,0.686750,0.688850,4,2020-11-16
2020-11-16 20:00:00,0.688650,0.689050,0.686200,0.687550,4,2020-11-17
2020-11-17 00:00:00,0.687400,0.690050,0.686300,0.689900,4,2020-11-17
2020-11-17 04:00:00,0.689750,0.690400,0.688350,0.690400,4,2020-11-17
2020-11-17 08:00:00,0.690400,0.691950,0.689200,0.691050,4,2020-11-17
2020-11-17 12:00:00,0.691000,0.691300,0.689700,0.690300,4,2020-11-17
2020-11-17 16:00:00,0.690300,0.690400,0.688150,0.689450,4,2020-11-17
2020-11-17 20:00:00,0.689500,0.691050,0.688900,0.689150,4,2020-11-18
2020-11-18 00:00:00,0.689200,0.689750,0.687550,0.688800,4,2020-11-18
2020-11-18 04:00:00,0.688800,0.689950,0.688400,0.689300,4,2020-11-18
2020-11-18 08:00:00,0.689400,0.689700,0.687650,0.688500,4,2020-11-18
2020-11-18 12:00:00,0.688400,0.689500,0.687550,0.689500,4,2020-11-18
2020-11-18 16:00:00,0.689500,0.692850,0.689250,0.692200,4,2020-11-18
2020-11-18 20:00:00,0.692250,0.693150,0.691200,0.692300,4,2020-11-19
2020-11-19 00:00:00,0.692300,0.693850,0.691000,0.693700,4,2020-11-19
2020-11-19 04:00:00,0.693600,0.694550,0.691900,0.691900,4,2020-11-19
2020-11-19 08:00:00,0.692000,0.692600,0.690250,0.690450,4,2020-11-19
2020-11-19 12:00:00,0.690400,0.691300,0.690100,0.690600,4,2020-11-19
2020-11-19 16:00:00,0.690750,0.691200,0.688300,0.688550,4,2020-11-19
2020-11-19 20:00:00,0.688500,0.690150,0.687900,0.689550,4,2020-11-20
2020-11-20 00:00:00,0.689600,0.691350,0.688500,0.689700,4,2020-11-20
2020-11-20 04:00:00,0.689850,0.692900,0.689700,0.692800,4,2020-11-20
2020-11-20 08:00:00,0.692700,0.692900,0.690400,0.691200,4,2020-11-20
2020-11-20 12:00:00,0.691400,0.692850,0.691000,0.692800,4,2020-11-20
2020-11-20 16:00:00,0.692800,0.693450,0.691900,0.693150,4,2020-11-20
2020-11-20 20:00:00,0.693000,0.694100,0.692800,0.693800,2,2020-11-20
2020-11-23 04:00:00,0.692750,0.693000,0.691350,0.691850,1,2020-11-23
2020-11-23 08:00:00,0.691850,0.695600,0.691650,0.695500,4,2020-11-23
2020-11-23 12:00:00,0.695500,0.696400,0.694500,0.694700,4,2020-11-23
2020-11-23 16:00:00,0.694600,0.695700,0.693600,0.695500,4,2020-11-23
2020-11-23 20:00:00,0.695400,0.696850,0.694750,0.696700,4,2020-11-24
2020-11-24 00:00:00,0.696700,0.696750,0.689750,0.691050,4,2020-11-24
2020-11-24 04:00:00,0.691100,0.693000,0.690750,0.692200,4,2020-11-24
2020-11-24 08:00:00,0.692200,0.693900,0.691800,0.693000,4,2020-11-24
2020-11-24 12:00:00,0.693000,0.698950,0.693000,0.697000,4,2020-11-24
2020-11-24 16:00:00,0.697000,0.700050,0.696600,0.699900,4,2020-11-24
2020-11-24 20:00:00,0.700000,0.700550,0.697400,0.697850,4,2020-11-25
2020-11-25 00:00:00,0.697800,0.698050,0.694600,0.697200,4,2020-11-25
2020-11-25 04:00:00,0.697200,0.698000,0.696600,0.697900,4,2020-11-25
2020-11-25 08:00:00,0.697700,0.698250,0.697000,0.697400,4,2020-11-25
2020-11-25 12:00:00,0.697400,0.698950,0.697050,0.698300,4,2020-11-25
2020-11-25 16:00:00,0.698250,0.698350,0.696000,0.697200,4,2020-11-25
2020-11-25 20:00:00,0.697100,0.698300,0.696600,0.698100,4,2020-11-26
2020-11-26 00:00:00,0.698200,0.700700,0.697850,0.700700,4,2020-11-26
2020-11-26 04:00:00,0.700500,0.701500,0.700500,0.701100,4,2020-11-26
2020-11-26 08:00:00,0.701100,0.701500,0.700300,0.700700,4,2020-11-26
2020-11-26 12:00:00,0.700600,0.701450,0.699700,0.699850,4,2020-11-26
2020-11-26 16:00:00,0.699900,0.701450,0.699450,0.699500,4,2020-11-26
2020-11-26 20:00:00,0.699550,0.700850,0.699300,0.699900,4,2020-11-27
2020-11-27 00:00:00,0.699900,0.700550,0.699400,0.700450,4,2020-11-27
2020-11-27 04:00:00,0.700400,0.701150,0.699900,0.701150,4,2020-11-27
2020-11-27 08:00:00,0.700100,0.701150,0.699700,0.700900,4,2020-11-27
2020-11-27 12:00:00,0.701000,0.701950,0.700400,0.701800,4,2020-11-27
2020-11-27 16:00:00,0.701750,0.703000,0.701700,0.703000,4,2020-11-27
2020-11-27 20:00:00,0.702950,0.703100,0.701400,0.701450,2,2020-11-27
2020-11-30 04:00:00,0.702850,0.702850,0.702850,0.702850,1,2020-11-30
2020-11-30 08:00:00,0.702850,0.704350,0.702650,0.704100,4,2020-11-30
2020-11-30 12:00:00,0.704300,0.704700,0.702400,0.703200,4,2020-11-30
2020-11-30 16:00:00,0.702550,0.703600,0.701750,0.702900,4,2020-11-30
2020-11-30 20:00:00,0.702700,0.705150,0.702000,0.703400,4,2020-12-01
2020-12-01 00:00:00,0.703400,0.705150,0.701200,0.701600,4,2020-12-01
2020-12-01 04:00:00,0.701650,0.703000,0.701150,0.701150,4,2020-12-01
2020-12-01 08:00:00,0.701200,0.703000,0.700950,0.702800,4,2020-12-01
2020-12-01 12:00:00,0.702700,0.704250,0.701950,0.703500,4,2020-12-01
2020-12-01 16:00:00,0.703600,0.704900,0.702850,0.704300,4,2020-12-01
2020-12-01 20:00:00,0.704300,0.704500,0.702600,0.703650,4,2020-12-02
2020-12-02 00:00:00,0.703750,0.706750,0.703400,0.705700,4,2020-12-02
2020-12-02 04:00:00,0.705650,0.706650,0.705500,0.706500,4,2020-12-02
2020-12-02 08:00:00,0.706400,0.707300,0.706000,0.706400,4,2020-12-02
2020-12-02 12:00:00,0.706450,0.707350,0.705400,0.706900,4,2020-12-02
2020-12-02 16:00:00,0.706900,0.708450,0.705600,0.705600,4,2020-12-02
2020-12-02 20:00:00,0.705550,0.707650,0.703200,0.703650,4,2020-12-03
2020-12-03 00:00:00,0.703700,0.705950,0.703550,0.705700,4,2020-12-03
2020-12-03 04:00:00,0.705750,0.706450,0.704950,0.706100,4,2020-12-03
2020-12-03 08:00:00,0.706100,0.707450,0.705500,0.705600,4,2020-12-03
2020-12-03 12:00:00,0.705500,0.707100,0.705300,0.706400,4,2020-12-03
2020-12-03 16:00:00,0.706350,0.708100,0.706100,0.706750,4,2020-12-03
2020-12-03 20:00:00,0.706750,0.707950,0.705050,0.707750,4,2020-12-04
2020-12-04 00:00:00,0.707750,0.710450,0.707100,0.708100,4,2020-12-04
2020-12-04 04:00:00,0.708300,0.708300,0.706200,0.707400,4,2020-12-04
2020-12-04 08:00:00,0.707700,0.708150,0.706900,0.707400,4,2020-12-04
2020-12-04 12:00:00,0.707400,0.707500,0.705450,0.706100,4,2020-12-04
2020-12-04 16:00:00,0.706050,0.707050,0.704500,0.704700,4,2020-12-04
2020-12-04 20:00:00,0.704600,0.705450,0.704200,0.705200,2,2020-12-04
2020-12-07 04:00:00,0.704550,0.705600,0.703700,0.703950,1,2020-12-07
2020-12-07 08:00:00,0.703950,0.705000,0.703600,0.704350,4,2020-12-07
2020-12-07 12:00:00,0.704300,0.704600,0.703500,0.703850,4,2020-12-07
2020-12-07 16:00:00,0.703800,0.704600,0.701850,0.702100,4,2020-12-07
2020-12-07 20:00:00,0.702150,0.702800,0.700600,0.702750,4,2020-12-08
2020-12-08 00:00:00,0.702750,0.706450,0.702600,0.705900,4,2020-12-08
2020-12-08 04:00:00,0.705850,0.706450,0.703900,0.704300,4,2020-12-08
2020-12-08 08:00:00,0.704300,0.704650,0.703500,0.703800,4,2020-12-08
2020-12-08 12:00:00,0.703800,0.704350,0.702700,0.704100,4,2020-12-08
2020-12-08 16:00:00,0.704200,0.704900,0.702650,0.704700,4,2020-12-08
2020-12-08 20:00:00,0.704650,0.705400,0.702400,0.703100,4,2020-12-09
2020-12-09 00:00:00,0.703200,0.705200,0.703100,0.704500,4,2020-12-09
2020-12-09 04:00:00,0.704500,0.705000,0.703650,0.704500,4,2020-12-09
2020-12-09 08:00:00,0.704400,0.704850,0.703500,0.704500,4,2020-12-09
2020-12-09 12:00:00,0.704500,0.706550,0.703600,0.706550,4,2020-12-09
2020-12-09 16:00:00,0.706550,0.708350,0.706200,0.708100,4,2020-12-09
2020-12-09 20:00:00,0.708100,0.709500,0.707100,0.708100,4,2020-12-10
2020-12-10 00:00:00,0.708150,0.708150,0.703550,0.704100,4,2020-12-10
2020-12-10 04:00:00,0.704100,0.704300,0.701100,0.702400,4,2020-12-10
2020-12-10 08:00:00,0.702400,0.702700,0.701300,0.701800,4,2020-12-10
2020-12-10 12:00:00,0.701850,0.704250,0.701400,0.704050,4,2020-12-10
2020-12-10 16:00:00,0.704000,0.704650,0.702300,0.703850,4,2020-12-10
2020-12-10 20:00:00,0.703800,0.705350,0.703400,0.704700,4,2020-12-11
2020-12-11 00:00:00,0.704750,0.708600,0.703950,0.707700,4,2020-12-11
2020-12-11 04:00:00,0.707600,0.709700,0.707500,0.709500,4,2020-12-11
2020-12-11 08:00:00,0.709450,0.710000,0.709000,0.709350,4,2020-12-11
2020-12-11 12:00:00,0.709500,0.711300,0.709500,0.709900,4,2020-12-11
2020-12-11 16:00:00,0.710000,0.710650,0.707450,0.708300,4,2020-12-11
2020-12-11 20:00:00,0.708200,0.709750,0.707950,0.707950,2,2020-12-11
2020-12-14 04:00:00,0.709900,0.710150,0.709300,0.709300,1,2020-12-14
2020-12-14 08:00:00,0.709300,0.710800,0.707850,0.708300,4,2020-12-14
2020-12-14 12:00:00,0.708200,0.709550,0.708200,0.708550,4,2020-12-14
2020-12-14 16:00:00,0.708600,0.710900,0.708200,0.710700,4,2020-12-14
2020-12-14 20:00:00,0.710600,0.712000,0.710500,0.711250,4,2020-12-15
2020-12-15 00:00:00,0.711300,0.711850,0.707600,0.707850,4,2020-12-15
2020-12-15 04:00:00,0.707900,0.709200,0.707850,0.708100,4,2020-12-15
2020-12-15 08:00:00,0.708150,0.709250,0.707900,0.708200,4,2020-12-15
2020-12-15 12:00:00,0.708300,0.708900,0.707000,0.707200,4,2020-12-15
2020-12-15 16:00:00,0.707300,0.708550,0.706450,0.706650,4,2020-12-15
2020-12-15 20:00:00,0.706600,0.707800,0.705900,0.706400,4,2020-12-16
2020-12-16 00:00:00,0.706400,0.708800,0.706200,0.708650,4,2020-12-16
2020-12-16 04:00:00,0.708700,0.709850,0.708400,0.709000,4,2020-12-16
2020-12-16 08:00:00,0.709100,0.709650,0.708350,0.708600,4,2020-12-16
2020-12-16 12:00:00,0.708700,0.711150,0.708450,0.711100,4,2020-12-16
2020-12-16 16:00:00,0.711050,0.712100,0.709750,0.711950,4,2020-12-16
2020-12-16 20:00:00,0.711900,0.711900,0.709800,0.710450,4,2020-12-17
2020-12-17 00:00:00,0.710350,0.710350,0.706950,0.707800,4,2020-12-17
2020-12-17 04:00:00,0.707800,0.710750,0.705450,0.710000,4,2020-12-17
2020-12-17 08:00:00,0.710000,0.711700,0.709800,0.711100,4,2020-12-17
2020-12-17 12:00:00,0.711000,0.714150,0.710600,0.713100,4,2020-12-17
2020-12-17 16:00:00,0.713100,0.715750,0.713000,0.715400,4,2020-12-17
2020-12-17 20:00:00,0.715500,0.717150,0.715200,0.716600,4,2020-12-18
2020-12-18 00:00:00,0.716600,0.717000,0.714400,0.714900,4,2020-12-18
2020-12-18 04:00:00,0.714800,0.715900,0.714250,0.714550,4,2020-12-18
2020-12-18 08:00:00,0.714600,0.715650,0.714500,0.714700,4,2020-12-18
2020-12-18 12:00:00,0.714600,0.715300,0.712500,0.712900,4,2020-12-18
2020-12-18 16:00:00,0.712800,0.714050,0.712100,0.713200,4,2020-12-18
2020-12-18 20:00:00,0.713100,0.713200,0.711050,0.712650,2,2020-12-18
2020-12-21 04:00:00,0.712400,0.712400,0.711900,0.712100,1,2020-12-21
2020-12-21 08:00:00,0.712100,0.712500,0.709450,0.709900,4,2020-12-21
2020-12-21 12:00:00,0.709950,0.710700,0.708500,0.709650,4,2020-12-21
2020-12-21 16:00:00,0.709650,0.709650,0.704150,0.705150,4,2020-12-21
2020-12-21 20:00:00,0.705100,0.705100,0.700300,0.703500,4,2020-12-22
2020-12-22 00:00:00,0.703500,0.708900,0.703100,0.708700,4,2020-12-22
2020-12-22 04:00:00,0.708700,0.711400,0.708400,0.710050,4,2020-12-22
2020-12-22 08:00:00,0.709950,0.711000,0.708300,0.708300,4,2020-12-22
2020-12-22 12:00:00,0.708400,0.708650,0.705350,0.705600,4,2020-12-22
2020-12-22 16:00:00,0.705650,0.707700,0.705200,0.707350,4,2020-12-22
2020-12-22 20:00:00,0.707350,0.707700,0.704250,0.707050,4,2020-12-23
2020-12-23 00:00:00,0.707150,0.707700,0.703100,0.704000,4,2020-12-23
2020-12-23 04:00:00,0.704000,0.704600,0.703600,0.704300,4,2020-12-23
2020-12-23 08:00:00,0.704300,0.705600,0.703100,0.703350,4,2020-12-23
2020-12-23 12:00:00,0.703300,0.705700,0.703000,0.705400,4,2020-12-23
2020-12-23 16:00:00,0.705400,0.708450,0.705000,0.707500,4,2020-12-23
2020-12-23 20:00:00,0.707700,0.709400,0.707500,0.707800,4,2020-12-24
2020-12-24 00:00:00,0.707750,0.710400,0.706500,0.709900,4,2020-12-24
2020-12-24 04:00:00,0.709900,0.710300,0.708800,0.710100,4,2020-12-24
2020-12-24 08:00:00,0.710200,0.710550,0.709100,0.710150,4,2020-12-24
2020-12-24 12:00:00,0.710100,0.710700,0.709150,0.709300,4,2020-12-24
2020-12-24 16:00:00,0.710350,0.711400,0.709100,0.710850,4,2020-12-24
2020-12-24 20:00:00,0.710800,0.711800,0.709950,0.710350,4,2020-12-25
2020-12-25 00:00:00,0.710300,0.711800,0.709900,0.710900,4,2020-12-25
2020-12-25 04:00:00,0.710800,0.711800,0.710200,0.711450,4,2020-12-25
2020-12-25 08:00:00,0.711400,0.711400,0.708500,0.710100,4,2020-12-25
2020-12-25 12:00:00,0.709900,0.710800,0.709800,0.710300,4,2020-12-25
2020-12-25 16:00:00,0.710300,0.712350,0.710300,0.711700,4,2020-12-25
2020-12-25 20:00:00,0.712000,0.712350,0.711800,0.711900,2,2020-12-25
2020-12-28 04:00:00,0.710850,0.710850,0.710750,0.710850,1,2020-12-28
2020-12-28 08:00:00,0.710850,0.712000,0.710350,0.711050,4,2020-12-28
2020-12-28 12:00:00,0.711050,0.713000,0.710750,0.712250,4,2020-12-28
2020-12-28 16:00:00,0.712200,0.713900,0.712000,0.713450,4,2020-12-28
2020-12-28 20:00:00,0.713500,0.713600,0.709950,0.711450,4,2020-12-29
2020-12-29 00:00:00,0.711500,0.712300,0.708350,0.709250,4,2020-12-29
2020-12-29 04:00:00,0.709200,0.710450,0.708800,0.710100,4,2020-12-29
2020-12-29 08:00:00,0.710100,0.711650,0.709700,0.711150,4,2020-12-29
2020-12-29 12:00:00,0.711200,0.712350,0.711000,0.711950,4,2020-12-29
2020-12-29 16:00:00,0.712000,0.713700,0.711700,0.713050,4,2020-12-29
2020-12-29 20:00:00,0.713150,0.714050,0.712800,0.713900,4,2020-12-30
2020-12-30 00:00:00,0.713600,0.716500,0.713550,0.716050,4,2020-12-30
2020-12-30 04:00:00,0.716150,0.716350,0.714450,0.714650,4,2020-12-30
2020-12-30 08:00:00,0.714650,0.716600,0.714400,0.716200,4,2020-12-30
2020-12-30 12:00:00,0.716200,0.718900,0.716000,0.718600,4,2020-12-30
2020-12-30 16:00:00,0.718500,0.718950,0.717500,0.717850,4,2020-12-30
2020-12-30 20:00:00,0.717850,0.720000,0.717600,0.719600,4,2020-12-31
2020-12-31 00:00:00,0.719600,0.721050,0.718200,0.720600,4,2020-12-31
2020-12-31 04:00:00,0.720600,0.721200,0.719800,0.719800,4,2020-12-31
2020-12-31 08:00:00,0.719900,0.722800,0.719800,0.722700,4,2020-12-31
2020-12-31 12:00:00,0.722650,0.723450,0.720950,0.722200,4,2020-12-31
2020-12-31 16:00:00,0.722200,0.723050,0.721700,0.722200,4,2020-12-31
2020-12-31 20:00:00,0.722100,0.724150,0.721550,0.722600,4,2021-01-01
2021-01-01 00:00:00,0.722700,0.723550,0.719050,0.719300,4,2021-01-01
2021-01-01 04:00:00,0.719300,0.720000,0.718350,0.719650,4,2021-01-01
2021-01-01 08:00:00,0.719600,0.719600,0.718100,0.718100,4,2021-01-01
2021-01-01 12:00:00,0.718100,0.718800,0.718000,0.718800,4,2021-01-01
2021-01-01 16:00:00,0.718800,0.718800,0.718050,0.718800,4,2021-01-01
2021-01-01 20:00:00,0.718800,0.718800,0.718100,0.718800,2,2021-01-01
2021-01-04 04:00:00,0.719050,0.719350,0.719050,0.719350,1,2021-01-04
2021-01-04 08:00:00,0.719350,0.720050,0.718100,0.718200,4,2021-01-04
2021-01-04 12:00:00,0.718200,0.720800,0.718200,0.719300,4,2021-01-04
2021-01-04 16:00:00,0.719300,0.722600,0.718500,0.722600,4,2021-01-04
2021-01-04 20:00:00,0.722700,0.723050,0.720100,0.720500,4,2021-01-05
2021-01-05 00:00:00,0.720600,0.721750,0.716200,0.716300,4,2021-01-05
2021-01-05 04:00:00,0.716300,0.718350,0.715300,0.717800,4,2021-01-05
2021-01-05 08:00:00,0.717800,0.718150,0.716800,0.717400,4,2021-01-05
2021-01-05 12:00:00,0.717400,0.721400,0.717300,0.720900,4,2021-01-05
2021-01-05 16:00:00,0.720900,0.722250,0.720100,0.721650,4,2021-01-05
2021-01-05 20:00:00,0.721700,0.722850,0.719150,0.720550,4,2021-01-06
2021-01-06 00:00:00,0.720500,0.724300,0.719100,0.724000,4,2021-01-06
2021-01-06 04:00:00,0.724100,0.725900,0.724050,0.725500,4,2021-01-06
2021-01-06 08:00:00,0.725500,0.726300,0.724100,0.725550,4,2021-01-06
2021-01-06 12:00:00,0.725700,0.726600,0.723600,0.725950,4,2021-01-06
2021-01-06 16:00:00,0.726000,0.729850,0.725900,0.729000,4,2021-01-06
2021-01-06 20:00:00,0.729000,0.731600,0.728300,0.728800,4,2021-01-07
2021-01-07 00:00:00,0.728850,0.729950,0.725750,0.728000,4,2021-01-07
2021-01-07 04:00:00,0.728000,0.729600,0.727100,0.729100,4,2021-01-07
2021-01-07 08:00:00,0.729150,0.730550,0.728800,0.729350,4,2021-01-07
2021-01-07 12:00:00,0.729500,0.729750,0.728400,0.729100,4,2021-01-07
2021-01-07 16:00:00,0.729100,0.729200,0.726750,0.727700,4,2021-01-07
2021-01-07 20:00:00,0.727550,0.727650,0.724050,0.725600,4,2021-01-08
2021-01-08 00:00:00,0.725600,0.726200,0.722550,0.724800,4,2021-01-08
2021-01-08 04:00:00,0.724800,0.726200,0.723450,0.725950,4,2021-01-08
2021-01-08 08:00:00,0.726000,0.726800,0.725200,0.725550,4,2021-01-08
2021-01-08 12:00:00,0.725550,0.726300,0.723900,0.725900,4,2021-01-08
2021-01-08 16:00:00,0.726000,0.727450,0.724100,0.724850,4,2021-01-08
2021-01-08 20:00:00,0.724950,0.726650,0.724650,0.726000,2,2021-01-08
2021-01-11 04:00:00,0.723750,0.724200,0.722300,0.723350,1,2021-01-11
2021-01-11 08:00:00,0.722600,0.724400,0.719600,0.720100,4,2021-01-11
2021-01-11 12:00:00,0.720100,0.720100,0.718200,0.719000,4,2021-01-11
2021-01-11 16:00:00,0.718900,0.720200,0.718400,0.719500,4,2021-01-11
2021-01-11 20:00:00,0.719500,0.720250,0.718000,0.719550,4,2021-01-12
2021-01-12 00:00:00,0.719500,0.719500,0.714700,0.718500,4,2021-01-12
2021-01-12 04:00:00,0.718500,0.718850,0.716600,0.716700,4,2021-01-12
2021-01-12 08:00:00,0.716750,0.717700,0.715800,0.717250,4,2021-01-12
2021-01-12 12:00:00,0.717300,0.717700,0.715800,0.716350,4,2021-01-12
2021-01-12 16:00:00,0.716400,0.719650,0.716050,0.717700,4,2021-01-12
2021-01-12 20:00:00,0.717700,0.719650,0.717200,0.717950,4,2021-01-13
2021-01-13 00:00:00,0.718000,0.718750,0.715850,0.718750,4,2021-01-13
2021-01-13 04:00:00,0.718550,0.722950,0.717400,0.722700,4,2021-01-13
2021-01-13 08:00:00,0.722500,0.723350,0.721700,0.722300,4,2021-01-13
2021-01-13 12:00:00,0.722400,0.723950,0.722300,0.722450,4,2021-01-13
2021-01-13 16:00:00,0.722350,0.723700,0.719600,0.720650,4,2021-01-13
2021-01-13 20:00:00,0.720700,0.721200,0.717850,0.718100,4,2021-01-14
2021-01-14 00:00:00,0.718000,0.719400,0.716650,0.718800,4,2021-01-14
2021-01-14 04:00:00,0.718750,0.720100,0.717500,0.717850,4,2021-01-14
2021-01-14 08:00:00,0.717900,0.719500,0.717600,0.719050,4,2021-01-14
2021-01-14 12:00:00,0.719000,0.719950,0.717100,0.719700,4,2021-01-14
2021-01-14 16:00:00,0.719600,0.720700,0.718850,0.720150,4,2021-01-14
2021-01-14 20:00:00,0.720000,0.720850,0.718850,0.719550,4,2021-01-15
2021-01-15 00:00:00,0.719600,0.722500,0.717800,0.722450,4,2021-01-15
2021-01-15 04:00:00,0.722500,0.724000,0.721800,0.723200,4,2021-01-15
2021-01-15 08:00:00,0.723200,0.723400,0.721000,0.721800,4,2021-01-15
2021-01-15 12:00:00,0.721800,0.722000,0.719700,0.720300,4,2021-01-15
2021-01-15 16:00:00,0.720300,0.720300,0.717350,0.717850,4,2021-01-15
2021-01-15 20:00:00,0.718000,0.719400,0.717850,0.718700,2,2021-01-15
2021-01-18 04:00:00,0.713700,0.714400,0.713600,0.714250,1,2021-01-18
2021-01-18 08:00:00,0.714250,0.714250,0.711700,0.712600,4,2021-01-18
2021-01-18 12:00:00,0.712600,0.713600,0.711900,0.712200,4,2021-01-18
2021-01-18 16:00:00,0.712250,0.712800,0.709850,0.710150,4,2021-01-18
2021-01-18 20:00:00,0.710100,0.711350,0.709600,0.710250,4,2021-01-19
2021-01-19 00:00:00,0.710300,0.711800,0.710100,0.711150,4,2021-01-19
2021-01-19 04:00:00,0.711150,0.711750,0.710600,0.711400,4,2021-01-19
2021-01-19 08:00:00,0.711400,0.712900,0.710500,0.712700,4,2021-01-19
2021-01-19 12:00:00,0.712800,0.714100,0.712650,0.713600,4,2021-01-19
2021-01-19 16:00:00,0.713550,0.713900,0.712050,0.712100,4,2021-01-19
2021-01-19 20:00:00,0.712100,0.713000,0.711450,0.712600,4,2021-01-20
2021-01-20 00:00:00,0.712600,0.713450,0.710250,0.711500,4,2021-01-20
2021-01-20 04:00:00,0.711500,0.711950,0.710650,0.711450,4,2021-01-20
2021-01-20 08:00:00,0.711500,0.713200,0.711300,0.712200,4,2021-01-20
2021-01-20 12:00:00,0.712200,0.713450,0.711650,0.713000,4,2021-01-20
2021-01-20 16:00:00,0.713050,0.714950,0.713000,0.714000,4,2021-01-20
2021-01-20 20:00:00,0.713900,0.714200,0.712800,0.713250,4,2021-01-21
2021-01-21 00:00:00,0.713150,0.717500,0.712900,0.716200,4,2021-01-21
2021-01-21 04:00:00,0.716200,0.717300,0.715400,0.717200,4,2021-01-21
2021-01-21 08:00:00,0.717100,0.719550,0.716800,0.718450,4,2021-01-21
2021-01-21 12:00:00,0.718400,0.721000,0.718400,0.720500,4,2021-01-21
2021-01-21 16:00:00,0.720550,0.721200,0.719400,0.720800,4,2021-01-21
2021-01-21 20:00:00,0.720800,0.722350,0.720400,0.720900,4,2021-01-22
2021-01-22 00:00:00,0.720900,0.721850,0.718350,0.718850,4,2021-01-22
2021-01-22 04:00:00,0.718900,0.720400,0.717750,0.720200,4,2021-01-22
2021-01-22 08:00:00,0.720300,0.722500,0.719700,0.721850,4,2021-01-22
2021-01-22 12:00:00,0.721700,0.721800,0.719050,0.719300,4,2021-01-22
2021-01-22 16:00:00,0.719400,0.719850,0.717800,0.719150,4,2021-01-22
2021-01-22 20:00:00,0.719300,0.719600,0.717900,0.718400,2,2021-01-22
2021-01-25 04:00:00,0.719050,0.719050,0.719050,0.719050,2,2021-01-25
2021-01-25 08:00:00,0.719050,0.719750,0.717200,0.719200,4,2021-01-25
2021-01-25 12:00:00,0.719400,0.721100,0.718300,0.720500,4,2021-01-25
2021-01-25 16:00:00,0.720600,0.721750,0.720250,0.720900,4,2021-01-25
2021-01-25 20:00:00,0.720900,0.721600,0.719800,0.720700,4,2021-01-26
2021-01-26 00:00:00,0.720700,0.721650,0.717150,0.719000,4,2021-01-26
2021-01-26 04:00:00,0.719100,0.720250,0.718300,0.719600,4,2021-01-26
2021-01-26 08:00:00,0.719600,0.720200,0.718700,0.718900,4,2021-01-26
2021-01-26 12:00:00,0.718900,0.719900,0.717800,0.718150,4,2021-01-26
2021-01-26 16:00:00,0.718200,0.719550,0.716700,0.719350,4,2021-01-26
2021-01-26 20:00:00,0.719400,0.723250,0.719000,0.723000,4,2021-01-27
2021-01-27 00:00:00,0.722950,0.724800,0.722700,0.723000,4,2021-01-27
2021-01-27 04:00:00,0.723000,0.724550,0.723000,0.724250,4,2021-01-27
2021-01-27 08:00:00,0.724200,0.724500,0.723100,0.723900,4,2021-01-27
2021-01-27 12:00:00,0.723800,0.724050,0.722400,0.722750,4,2021-01-27
2021-01-27 16:00:00,0.722700,0.723600,0.721850,0.721850,4,2021-01-27
2021-01-27 20:00:00,0.721950,0.723800,0.719850,0.719900,4,2021-01-28
2021-01-28 00:00:00,0.719800,0.719800,0.714700,0.717700,4,2021-01-28
2021-01-28 04:00:00,0.717800,0.720100,0.715200,0.716100,4,2021-01-28
2021-01-28 08:00:00,0.716100,0.716500,0.713200,0.713300,4,2021-01-28
2021-01-28 12:00:00,0.713200,0.715400,0.713000,0.713600,4,2021-01-28
2021-01-28 16:00:00,0.713600,0.714150,0.711200,0.711200,4,2021-01-28
2021-01-28 20:00:00,0.711300,0.713700,0.710550,0.711500,4,2021-01-29
2021-01-29 00:00:00,0.711500,0.717400,0.710650,0.717200,4,2021-01-29
2021-01-29 04:00:00,0.717200,0.719600,0.717100,0.718450,4,2021-01-29
2021-01-29 08:00:00,0.718500,0.718650,0.716150,0.716700,4,2021-01-29
2021-01-29 12:00:00,0.716800,0.718000,0.715200,0.715600,4,2021-01-29
2021-01-29 16:00:00,0.715650,0.717150,0.715100,0.717150,4,2021-01-29
2021-01-29 20:00:00,0.717100,0.717850,0.715500,0.717550,2,2021-01-29
2021-02-01 04:00:00,0.715700,0.716200,0.715700,0.716200,1,2021-02-01
2021-02-01 08:00:00,0.716200,0.717700,0.715050,0.717700,4,2021-02-01
2021-02-01 12:00:00,0.717800,0.720300,0.717550,0.719550,4,2021-02-01
2021-02-01 16:00:00,0.719600,0.720100,0.717700,0.717750,4,2021-02-01
2021-02-01 20:00:00,0.717700,0.718950,0.716700,0.716900,4,2021-02-02
2021-02-02 00:00:00,0.716900,0.718100,0.715350,0.716200,4,2021-02-02
2021-02-02 04:00:00,0.716350,0.717300,0.715300,0.715600,4,2021-02-02
2021-02-02 08:00:00,0.715600,0.716650,0.714900,0.715650,4,2021-02-02
2021-02-02 12:00:00,0.715700,0.717900,0.715550,0.717150,4,2021-02-02
2021-02-02 16:00:00,0.717100,0.719300,0.716450,0.719100,4,2021-02-02
2021-02-02 20:00:00,0.719200,0.719350,0.715500,0.716250,4,2021-02-03
2021-02-03 00:00:00,0.716200,0.717300,0.713500,0.715300,4,2021-02-03
2021-02-03 04:00:00,0.715300,0.716250,0.714450,0.716100,4,2021-02-03
2021-02-03 08:00:00,0.716100,0.720900,0.715800,0.720550,4,2021-02-03
2021-02-03 12:00:00,0.720600,0.722550,0.720200,0.722000,4,2021-02-03
2021-02-03 16:00:00,0.722000,0.722450,0.720400,0.720400,4,2021-02-03
2021-02-03 20:00:00,0.720550,0.720750,0.719100,0.719800,4,2021-02-04
2021-02-04 00:00:00,0.719800,0.720900,0.718400,0.719850,4,2021-02-04
2021-02-04 04:00:00,0.719800,0.720800,0.718800,0.720300,4,2021-02-04
2021-02-04 08:00:00,0.720400,0.722500,0.719200,0.721200,4,2021-02-04
2021-02-04 12:00:00,0.721050,0.722000,0.719000,0.719600,4,2021-02-04
2021-02-04 16:00:00,0.719500,0.720350,0.719000,0.719650,4,2021-02-04
2021-02-04 20:00:00,0.719600,0.721050,0.717150,0.719050,4,2021-02-05
2021-02-05 00:00:00,0.719000,0.719900,0.715350,0.715900,4,2021-02-05
2021-02-05 04:00:00,0.715850,0.716050,0.714700,0.715850,4,2021-02-05
2021-02-05 08:00:00,0.715800,0.716600,0.715000,0.716100,4,2021-02-05
2021-02-05 12:00:00,0.716100,0.716100,0.713600,0.714400,4,2021-02-05
2021-02-05 16:00:00,0.714400,0.717700,0.714200,0.717400,4,2021-02-05
2021-02-05 20:00:00,0.717400,0.718000,0.714850,0.714900,2,2021-02-05
2021-02-08 04:00:00,0.719200,0.719450,0.718500,0.719250,1,2021-02-08
2021-02-08 08:00:00,0.719250,0.721350,0.718350,0.720200,4,2021-02-08
2021-02-08 12:00:00,0.720300,0.720700,0.719600,0.719650,4,2021-02-08
2021-02-08 16:00:00,0.719650,0.720900,0.718900,0.719500,4,2021-02-08
2021-02-08 20:00:00,0.719450,0.719950,0.717800,0.718250,4,2021-02-09
2021-02-09 00:00:00,0.718300,0.723200,0.718150,0.722250,4,2021-02-09
2021-02-09 04:00:00,0.722200,0.722700,0.721850,0.722550,4,2021-02-09
2021-02-09 08:00:00,0.722600,0.723500,0.721700,0.723250,4,2021-02-09
2021-02-09 12:00:00,0.723300,0.725450,0.722850,0.724950,4,2021-02-09
2021-02-09 16:00:00,0.725000,0.725450,0.722850,0.724900,4,2021-02-09
2021-02-09 20:00:00,0.725000,0.725300,0.721950,0.722700,4,2021-02-10
2021-02-10 00:00:00,0.722700,0.724100,0.721600,0.722950,4,2021-02-10
2021-02-10 04:00:00,0.723000,0.724350,0.722950,0.723850,4,2021-02-10
2021-02-10 08:00:00,0.723800,0.724550,0.723050,0.723150,4,2021-02-10
2021-02-10 12:00:00,0.723300,0.724000,0.722250,0.723600,4,2021-02-10
2021-02-10 16:00:00,0.723600,0.724550,0.722650,0.724500,4,2021-02-10
2021-02-10 20:00:00,0.724300,0.724300,0.720650,0.721300,4,2021-02-11
2021-02-11 00:00:00,0.721300,0.723550,0.720000,0.721900,4,2021-02-11
2021-02-11 04:00:00,0.722000,0.722700,0.720800,0.720950,4,2021-02-11
2021-02-11 08:00:00,0.721000,0.721900,0.720450,0.720450,4,2021-02-11
2021-02-11 12:00:00,0.720500,0.722550,0.720400,0.722200,4,2021-02-11
2021-02-11 16:00:00,0.722150,0.723400,0.721700,0.721850,4,2021-02-11
2021-02-11 20:00:00,0.721800,0.723400,0.721700,0.723350,4,2021-02-12
2021-02-12 00:00:00,0.723450,0.725150,0.722850,0.723150,4,2021-02-12
2021-02-12 04:00:00,0.723150,0.723400,0.722000,0.722800,4,2021-02-12
2021-02-12 08:00:00,0.722700,0.724150,0.722450,0.722700,4,2021-02-12
2021-02-12 12:00:00,0.722700,0.722850,0.720900,0.721800,4,2021-02-12
2021-02-12 16:00:00,0.721800,0.722300,0.718650,0.718700,4,2021-02-12
2021-02-12 20:00:00,0.718650,0.719850,0.718450,0.719850,2,2021-02-12
2021-02-15 04:00:00,0.721700,0.722650,0.720800,0.721200,1,2021-02-15
2021-02-15 08:00:00,0.721200,0.722500,0.720200,0.722200,4,2021-02-15
2021-02-15 12:00:00,0.722200,0.724200,0.721850,0.724200,4,2021-02-15
2021-02-15 16:00:00,0.724150,0.725000,0.723300,0.724450,4,2021-02-15
2021-02-15 20:00:00,0.724550,0.724600,0.721700,0.722800,4,2021-02-16
2021-02-16 00:00:00,0.722700,0.723700,0.721550,0.723700,4,2021-02-16
2021-02-16 04:00:00,0.723700,0.723900,0.722600,0.722800,4,2021-02-16
2021-02-16 08:00:00,0.722800,0.724250,0.722500,0.723700,4,2021-02-16
2021-02-16 12:00:00,0.723750,0.726600,0.723500,0.725800,4,2021-02-16
2021-02-16 16:00:00,0.725800,0.726900,0.723900,0.726700,4,2021-02-16
2021-02-16 20:00:00,0.726800,0.726900,0.724200,0.724350,4,2021-02-17
2021-02-17 00:00:00,0.724200,0.724200,0.720400,0.720950,4,2021-02-17
2021-02-17 04:00:00,0.720900,0.721600,0.719750,0.721000,4,2021-02-17
2021-02-17 08:00:00,0.720950,0.721550,0.718300,0.718550,4,2021-02-17
2021-02-17 12:00:00,0.718600,0.720350,0.718350,0.720050,4,2021-02-17
2021-02-17 16:00:00,0.720000,0.720900,0.717900,0.720750,4,2021-02-17
2021-02-17 20:00:00,0.720750,0.721400,0.718000,0.718950,4,2021-02-18
2021-02-18 00:00:00,0.719000,0.719200,0.715750,0.717700,4,2021-02-18
2021-02-18 04:00:00,0.717700,0.719100,0.717500,0.718850,4,2021-02-18
2021-02-18 08:00:00,0.718950,0.720200,0.718700,0.719600,4,2021-02-18
2021-02-18 12:00:00,0.719600,0.719800,0.718200,0.718600,4,2021-02-18
2021-02-18 16:00:00,0.718700,0.721250,0.717600,0.721200,4,2021-02-18
2021-02-18 20:00:00,0.721200,0.722250,0.720450,0.721600,4,2021-02-19
2021-02-19 00:00:00,0.721600,0.722250,0.718100,0.720200,4,2021-02-19
2021-02-19 04:00:00,0.720150,0.722050,0.719750,0.721800,4,2021-02-19
2021-02-19 08:00:00,0.722000,0.722650,0.721300,0.722050,4,2021-02-19
2021-02-19 12:00:00,0.722100,0.722200,0.720400,0.721900,4,2021-02-19
2021-02-19 16:00:00,0.721900,0.725850,0.721700,0.725600,4,2021-02-19
2021-02-19 20:00:00,0.725600,0.726900,0.725200,0.726750,2,2021-02-19
2021-02-22 04:00:00,0.729250,0.729800,0.729250,0.729750,1,2021-02-22
2021-02-22 08:00:00,0.729750,0.731650,0.729000,0.730650,4,2021-02-22
2021-02-22 12:00:00,0.730850,0.733800,0.730600,0.730800,4,2021-02-22
2021-02-22 16:00:00,0.730800,0.731850,0.728100,0.729250,4,2021-02-22
2021-02-22 20:00:00,0.729300,0.732450,0.729150,0.732100,4,2021-02-23
2021-02-23 00:00:00,0.731900,0.733700,0.731100,0.733200,4,2021-02-23
2021-02-23 04:00:00,0.733150,0.734350,0.731700,0.732500,4,2021-02-23
2021-02-23 08:00:00,0.732500,0.733200,0.732100,0.733000,4,2021-02-23
2021-02-23 12:00:00,0.732950,0.733400,0.731200,0.732400,4,2021-02-23
2021-02-23 16:00:00,0.732400,0.732450,0.730700,0.732100,4,2021-02-23
2021-02-23 20:00:00,0.732000,0.733450,0.731000,0.732750,4,2021-02-24
2021-02-24 00:00:00,0.732750,0.734150,0.730850,0.732850,4,2021-02-24
2021-02-24 04:00:00,0.732800,0.734700,0.732700,0.734150,4,2021-02-24
2021-02-24 08:00:00,0.734200,0.735000,0.733400,0.734750,4,2021-02-24
2021-02-24 12:00:00,0.734700,0.738400,0.731450,0.736500,4,2021-02-24
2021-02-24 16:00:00,0.736500,0.739250,0.736100,0.739250,4,2021-02-24
2021-02-24 20:00:00,0.739300,0.739500,0.737600,0.738700,4,2021-02-25
2021-02-25 00:00:00,0.738750,0.740400,0.736450,0.740300,4,2021-02-25
2021-02-25 04:00:00,0.740300,0.745600,0.740000,0.745000,4,2021-02-25
2021-02-25 08:00:00,0.745000,0.745050,0.743300,0.743700,4,2021-02-25
2021-02-25 12:00:00,0.743800,0.744000,0.742000,0.743100,4,2021-02-25
2021-02-25 16:00:00,0.743200,0.746350,0.742800,0.746150,4,2021-02-25
2021-02-25 20:00:00,0.746200,0.746500,0.744050,0.745400,4,2021-02-26
2021-02-26 00:00:00,0.745300,0.745750,0.742400,0.742800,4,2021-02-26
2021-02-26 04:00:00,0.742850,0.743400,0.736000,0.736900,4,2021-02-26
2021-02-26 08:00:00,0.736800,0.738300,0.732050,0.735000,4,2021-02-26
2021-02-26 12:00:00,0.734900,0.737500,0.733700,0.734500,4,2021-02-26
2021-02-26 16:00:00,0.734400,0.736300,0.732900,0.735500,4,2021-02-26
2021-02-26 20:00:00,0.735500,0.735800,0.728700,0.728700,2,2021-02-26
2021-03-01 04:00:00,0.723700,0.724000,0.723200,0.723750,1,2021-03-01
2021-03-01 08:00:00,0.723750,0.728200,0.723450,0.727200,4,2021-03-01
2021-03-01 12:00:00,0.727350,0.728750,0.726350,0.726500,4,2021-03-01
2021-03-01 16:00:00,0.726600,0.729300,0.725600,0.726250,4,2021-03-01
2021-03-01 20:00:00,0.726200,0.726300,0.722600,0.723800,4,2021-03-02
2021-03-02 00:00:00,0.723800,0.728300,0.723600,0.727150,4,2021-03-02
2021-03-02 04:00:00,0.727250,0.727750,0.725300,0.726700,4,2021-03-02
2021-03-02 08:00:00,0.726700,0.728400,0.726050,0.726800,4,2021-03-02
2021-03-02 12:00:00,0.726900,0.726900,0.724100,0.724400,4,2021-03-02
2021-03-02 16:00:00,0.724500,0.725600,0.721200,0.721700,4,2021-03-02
2021-03-02 20:00:00,0.721750,0.726800,0.721000,0.726500,4,2021-03-03
2021-03-03 00:00:00,0.726500,0.729100,0.724400,0.729000,4,2021-03-03
2021-03-03 04:00:00,0.729000,0.730700,0.728900,0.730000,4,2021-03-03
2021-03-03 08:00:00,0.730000,0.730300,0.727800,0.729750,4,2021-03-03
2021-03-03 12:00:00,0.729850,0.730200,0.728400,0.728400,4,2021-03-03
2021-03-03 16:00:00,0.728500,0.730050,0.727900,0.728900,4,2021-03-03
2021-03-03 20:00:00,0.728950,0.730500,0.727400,0.728200,4,2021-03-04
2021-03-04 00:00:00,0.728300,0.728300,0.723700,0.726100,4,2021-03-04
2021-03-04 04:00:00,0.726100,0.726700,0.724700,0.724800,4,2021-03-04
2021-03-04 08:00:00,0.724900,0.726100,0.722750,0.725500,4,2021-03-04
2021-03-04 12:00:00,0.725500,0.725900,0.723700,0.725150,4,2021-03-04
2021-03-04 16:00:00,0.725200,0.727300,0.725100,0.726300,4,2021-03-04
2021-03-04 20:00:00,0.726400,0.726500,0.723550,0.725250,4,2021-03-05
2021-03-05 00:00:00,0.725300,0.727200,0.723700,0.726550,4,2021-03-05
2021-03-05 04:00:00,0.726600,0.727000,0.717300,0.719300,4,2021-03-05
2021-03-05 08:00:00,0.719400,0.719700,0.717000,0.717300,4,2021-03-05
2021-03-05 12:00:00,0.717100,0.717800,0.715600,0.716900,4,2021-03-05
2021-03-05 16:00:00,0.716800,0.717800,0.713950,0.714800,4,2021-03-05
2021-03-05 20:00:00,0.714700,0.715300,0.712400,0.712400,2,2021-03-05
2021-03-08 04:00:00,0.716250,0.716750,0.715300,0.716550,1,2021-03-08
2021-03-08 08:00:00,0.716550,0.719200,0.715800,0.718200,4,2021-03-08
2021-03-08 12:00:00,0.718200,0.718700,0.715300,0.716200,4,2021-03-08
2021-03-08 16:00:00,0.716200,0.717000,0.712150,0.712850,4,2021-03-08
2021-03-08 20:00:00,0.713000,0.713100,0.710600,0.710900,4,2021-03-09
2021-03-09 00:00:00,0.710850,0.715050,0.710500,0.712400,4,2021-03-09
2021-03-09 04:00:00,0.712400,0.715250,0.712300,0.712300,4,2021-03-09
2021-03-09 08:00:00,0.712300,0.714100,0.711000,0.711700,4,2021-03-09
2021-03-09 12:00:00,0.711650,0.713300,0.710300,0.712300,4,2021-03-09
2021-03-09 16:00:00,0.712200,0.716500,0.711000,0.716150,4,2021-03-09
2021-03-09 20:00:00,0.716200,0.718000,0.715700,0.715700,4,2021-03-10
2021-03-10 00:00:00,0.715800,0.717200,0.714250,0.715400,4,2021-03-10
2021-03-10 04:00:00,0.715400,0.718200,0.715300,0.717200,4,2021-03-10
2021-03-10 08:00:00,0.717200,0.718300,0.716000,0.716700,4,2021-03-10
2021-03-10 12:00:00,0.716700,0.717100,0.714100,0.714100,4,2021-03-10
2021-03-10 16:00:00,0.714200,0.716050,0.713150,0.715800,4,2021-03-10
2021-03-10 20:00:00,0.715800,0.716900,0.715000,0.716450,4,2021-03-11
2021-03-11 00:00:00,0.716500,0.719950,0.716100,0.717650,4,2021-03-11
2021-03-11 04:00:00,0.717750,0.719700,0.716850,0.719350,4,2021-03-11
2021-03-11 08:00:00,0.719400,0.720000,0.718800,0.719300,4,2021-03-11
2021-03-11 12:00:00,0.719300,0.720900,0.718800,0.720500,4,2021-03-11
2021-03-11 16:00:00,0.720500,0.724050,0.719950,0.723650,4,2021-03-11
2021-03-11 20:00:00,0.723500,0.724100,0.722000,0.722950,4,2021-03-12
2021-03-12 00:00:00,0.723100,0.723700,0.718600,0.721450,4,2021-03-12
2021-03-12 04:00:00,0.721400,0.723350,0.721250,0.723000,4,2021-03-12
2021-03-12 08:00:00,0.723050,0.723300,0.722100,0.722600,4,2021-03-12
2021-03-12 12:00:00,0.722600,0.723300,0.721100,0.721800,4,2021-03-12
2021-03-12 16:00:00,0.721800,0.721800,0.717900,0.718100,4,2021-03-12
2021-03-12 20:00:00,0.718100,0.718750,0.716900,0.717200,2,2021-03-12
2021-03-15 04:00:00,0.717300,0.717300,0.716700,0.717300,2,2021-03-15
2021-03-15 08:00:00,0.717400,0.719800,0.716900,0.719600,4,2021-03-15
2021-03-15 12:00:00,0.719600,0.721600,0.719400,0.720100,4,2021-03-15
2021-03-15 16:00:00,0.720100,0.720800,0.718200,0.720600,4,2021-03-15
2021-03-15 20:00:00,0.720600,0.721100,0.718200,0.719000,4,2021-03-16
2021-03-16 00:00:00,0.719000,0.719850,0.716800,0.718700,4,2021-03-16
2021-03-16 04:00:00,0.718600,0.720350,0.718600,0.720200,4,2021-03-16
2021-03-16 08:00:00,0.720250,0.720650,0.718750,0.719800,4,2021-03-16
2021-03-16 12:00:00,0.719800,0.720500,0.719400,0.719900,4,2021-03-16
2021-03-16 16:00:00,0.719900,0.720350,0.717650,0.718000,4,2021-03-16
2021-03-16 20:00:00,0.718100,0.720500,0.716800,0.719450,4,2021-03-17
2021-03-17 00:00:00,0.719400,0.720400,0.718000,0.719000,4,2021-03-17
2021-03-17 04:00:00,0.718900,0.720050,0.718700,0.719000,4,2021-03-17
2021-03-17 08:00:00,0.718700,0.719500,0.718100,0.718550,4,2021-03-17
2021-03-17 12:00:00,0.718500,0.718850,0.717600,0.718350,4,2021-03-17
2021-03-17 16:00:00,0.718300,0.718750,0.717400,0.717700,4,2021-03-17
2021-03-17 20:00:00,0.717700,0.718800,0.715800,0.716900,4,2021-03-18
2021-03-18 00:00:00,0.716900,0.717850,0.715300,0.715750,4,2021-03-18
2021-03-18 04:00:00,0.715800,0.726250,0.715600,0.723900,4,2021-03-18
2021-03-18 08:00:00,0.724200,0.725900,0.722500,0.724900,4,2021-03-18
2021-03-18 12:00:00,0.724900,0.725300,0.723600,0.724500,4,2021-03-18
2021-03-18 16:00:00,0.724600,0.726900,0.722100,0.723200,4,2021-03-18
2021-03-18 20:00:00,0.723050,0.724000,0.720050,0.721200,4,2021-03-19
2021-03-19 00:00:00,0.721200,0.721200,0.717400,0.718350,4,2021-03-19
2021-03-19 04:00:00,0.718300,0.719400,0.715900,0.716700,4,2021-03-19
2021-03-19 08:00:00,0.716700,0.718100,0.715400,0.715800,4,2021-03-19
2021-03-19 12:00:00,0.715800,0.717550,0.715100,0.717400,4,2021-03-19
2021-03-19 16:00:00,0.717400,0.718800,0.716400,0.718400,4,2021-03-19
2021-03-19 20:00:00,0.718300,0.718400,0.716000,0.716150,1,2021-03-19
2021-03-22 04:00:00,0.715400,0.715700,0.714350,0.714350,3,2021-03-22
2021-03-22 08:00:00,0.714500,0.716200,0.714200,0.715000,4,2021-03-22
2021-03-22 12:00:00,0.715000,0.716150,0.713900,0.715600,4,2021-03-22
2021-03-22 16:00:00,0.715600,0.716200,0.714300,0.715850,4,2021-03-22
2021-03-22 20:00:00,0.715800,0.718300,0.715700,0.717300,4,2021-03-23
2021-03-23 00:00:00,0.717250,0.718200,0.716300,0.717600,4,2021-03-23
2021-03-23 04:00:00,0.717600,0.718100,0.715900,0.716200,4,2021-03-23
2021-03-23 08:00:00,0.716100,0.716900,0.710900,0.711200,4,2021-03-23
2021-03-23 12:00:00,0.711100,0.712100,0.708500,0.708600,4,2021-03-23
2021-03-23 16:00:00,0.708500,0.708850,0.705500,0.706850,4,2021-03-23
2021-03-23 20:00:00,0.706800,0.707000,0.702400,0.703200,4,2021-03-24
2021-03-24 00:00:00,0.703300,0.703900,0.701400,0.701700,4,2021-03-24
2021-03-24 04:00:00,0.701700,0.702600,0.699000,0.699800,4,2021-03-24
2021-03-24 08:00:00,0.700650,0.701500,0.698650,0.699500,4,2021-03-24
2021-03-24 12:00:00,0.699600,0.699800,0.697400,0.698000,4,2021-03-24
2021-03-24 16:00:00,0.697900,0.698900,0.696700,0.698600,4,2021-03-24
2021-03-24 20:00:00,0.698600,0.699800,0.697700,0.698400,4,2021-03-25
2021-03-25 00:00:00,0.698300,0.699200,0.695600,0.698050,4,2021-03-25
2021-03-25 04:00:00,0.698050,0.698650,0.696100,0.696300,4,2021-03-25
2021-03-25 08:00:00,0.696200,0.698050,0.695800,0.698000,4,2021-03-25
2021-03-25 12:00:00,0.698050,0.698600,0.696200,0.698000,4,2021-03-25
2021-03-25 16:00:00,0.698000,0.698300,0.695950,0.697600,4,2021-03-25
2021-03-25 20:00:00,0.697600,0.698650,0.695600,0.696300,4,2021-03-26
2021-03-26 00:00:00,0.696300,0.697700,0.694300,0.694900,4,2021-03-26
2021-03-26 04:00:00,0.694950,0.696000,0.694500,0.694900,4,2021-03-26
2021-03-26 08:00:00,0.695100,0.697100,0.694800,0.696600,4,2021-03-26
2021-03-26 12:00:00,0.696600,0.697750,0.696300,0.697500,4,2021-03-26
2021-03-26 16:00:00,0.697500,0.699000,0.697000,0.698450,4,2021-03-26
2021-03-26 20:00:00,0.698300,0.699300,0.697950,0.699300,1,2021-03-26
2021-03-29 04:00:00,0.699200,0.699800,0.698500,0.699600,2,2021-03-29
2021-03-29 08:00:00,0.699600,0.699800,0.697650,0.697800,4,2021-03-29
2021-03-29 12:00:00,0.697900,0.699550,0.697700,0.698400,4,2021-03-29
2021-03-29 16:00:00,0.698400,0.699100,0.697200,0.697550,4,2021-03-29
2021-03-29 20:00:00,0.697500,0.701450,0.697450,0.700400,4,2021-03-30
2021-03-30 00:00:00,0.700300,0.701800,0.698950,0.701300,4,2021-03-30
2021-03-30 04:00:00,0.701300,0.701600,0.699300,0.699900,4,2021-03-30
2021-03-30 08:00:00,0.699950,0.701250,0.699500,0.700800,4,2021-03-30
2021-03-30 12:00:00,0.700800,0.703350,0.700000,0.702500,4,2021-03-30
2021-03-30 16:00:00,0.702600,0.702800,0.700000,0.700900,4,2021-03-30
2021-03-30 20:00:00,0.700850,0.701200,0.697600,0.698000,4,2021-03-31
2021-03-31 00:00:00,0.698100,0.699400,0.697300,0.697800,4,2021-03-31
2021-03-31 04:00:00,0.697850,0.698900,0.697400,0.698400,4,2021-03-31
2021-03-31 08:00:00,0.698200,0.699600,0.698000,0.698800,4,2021-03-31
2021-03-31 12:00:00,0.698800,0.699250,0.697400,0.697900,4,2021-03-31
2021-03-31 16:00:00,0.697900,0.699700,0.696400,0.699500,4,2021-03-31
2021-03-31 20:00:00,0.699450,0.700450,0.699100,0.699800,4,2021-04-01
2021-04-01 00:00:00,0.699700,0.702550,0.698200,0.699600,4,2021-04-01
2021-04-01 04:00:00,0.699600,0.700050,0.698050,0.698500,4,2021-04-01
2021-04-01 08:00:00,0.698500,0.698950,0.697000,0.697900,4,2021-04-01
2021-04-01 12:00:00,0.697900,0.698300,0.695200,0.695300,4,2021-04-01
2021-04-01 16:00:00,0.695300,0.697850,0.694600,0.696300,4,2021-04-01
2021-04-01 20:00:00,0.696300,0.699550,0.696300,0.699500,4,2021-04-02
2021-04-02 00:00:00,0.699400,0.701900,0.699300,0.701300,4,2021-04-02
2021-04-02 04:00:00,0.701300,0.702700,0.701100,0.701800,4,2021-04-02
2021-04-02 08:00:00,0.701650,0.703800,0.701000,0.703400,4,2021-04-02
2021-04-02 12:00:00,0.703300,0.704200,0.703000,0.703900,4,2021-04-02
2021-04-02 16:00:00,0.703900,0.704100,0.702000,0.702650,4,2021-04-02
2021-04-02 20:00:00,0.702750,0.703000,0.702400,0.702450,1,2021-04-02
2021-04-05 00:00:00,0.703200,0.703200,0.703200,0.703200,1,2021-04-05
2021-04-05 04:00:00,0.703150,0.703500,0.702300,0.702600,3,2021-04-05
2021-04-05 08:00:00,0.702300,0.703600,0.701800,0.703200,4,2021-04-05
2021-04-05 12:00:00,0.703200,0.703500,0.701900,0.701900,4,2021-04-05
2021-04-05 16:00:00,0.702000,0.704300,0.701600,0.704150,4,2021-04-05
2021-04-05 20:00:00,0.704100,0.706400,0.703700,0.705700,4,2021-04-06
2021-04-06 00:00:00,0.705700,0.707000,0.705700,0.706400,4,2021-04-06
2021-04-06 04:00:00,0.706400,0.706400,0.705500,0.705900,4,2021-04-06
2021-04-06 08:00:00,0.706100,0.706950,0.705800,0.705800,4,2021-04-06
2021-04-06 12:00:00,0.705900,0.706100,0.704300,0.705500,4,2021-04-06
2021-04-06 16:00:00,0.705600,0.706400,0.701100,0.701400,4,2021-04-06
2021-04-06 20:00:00,0.701400,0.704000,0.700800,0.703700,4,2021-04-07
2021-04-07 00:00:00,0.703700,0.705100,0.703400,0.704200,4,2021-04-07
2021-04-07 04:00:00,0.704100,0.706100,0.704050,0.706000,4,2021-04-07
2021-04-07 08:00:00,0.705950,0.706900,0.705300,0.705800,4,2021-04-07
2021-04-07 12:00:00,0.705800,0.706100,0.704850,0.705700,4,2021-04-07
2021-04-07 16:00:00,0.705700,0.706300,0.702600,0.703300,4,2021-04-07
2021-04-07 20:00:00,0.703200,0.704200,0.701950,0.702400,4,2021-04-08
2021-04-08 00:00:00,0.702450,0.703950,0.701600,0.701850,4,2021-04-08
2021-04-08 04:00:00,0.701900,0.702350,0.699700,0.701100,4,2021-04-08
2021-04-08 08:00:00,0.701100,0.701900,0.700400,0.701200,4,2021-04-08
2021-04-08 12:00:00,0.701100,0.703450,0.700900,0.703200,4,2021-04-08
2021-04-08 16:00:00,0.703200,0.704300,0.702100,0.702650,4,2021-04-08
2021-04-08 20:00:00,0.702700,0.705850,0.702500,0.705300,4,2021-04-09
2021-04-09 00:00:00,0.705350,0.706100,0.704100,0.705100,4,2021-04-09
2021-04-09 04:00:00,0.705100,0.706200,0.705050,0.705750,4,2021-04-09
2021-04-09 08:00:00,0.705800,0.706550,0.704500,0.705200,4,2021-04-09
2021-04-09 12:00:00,0.705150,0.705350,0.702600,0.702600,4,2021-04-09
2021-04-09 16:00:00,0.702600,0.703900,0.701000,0.703550,4,2021-04-09
2021-04-09 20:00:00,0.703450,0.705150,0.703150,0.704500,1,2021-04-09
2021-04-12 04:00:00,0.703000,0.704400,0.702800,0.703200,4,2021-04-12
2021-04-12 08:00:00,0.703300,0.704300,0.701700,0.701900,4,2021-04-12
2021-04-12 12:00:00,0.701950,0.703450,0.701400,0.703000,4,2021-04-12
2021-04-12 16:00:00,0.702900,0.704500,0.702550,0.704250,4,2021-04-12
2021-04-12 20:00:00,0.704250,0.704950,0.702700,0.703050,4,2021-04-13
2021-04-13 00:00:00,0.703100,0.703700,0.702400,0.703100,4,2021-04-13
2021-04-13 04:00:00,0.703100,0.703450,0.701900,0.703000,4,2021-04-13
2021-04-13 08:00:00,0.703000,0.703600,0.700700,0.701200,4,2021-04-13
2021-04-13 12:00:00,0.701300,0.702000,0.700400,0.701350,4,2021-04-13
2021-04-13 16:00:00,0.701250,0.704200,0.700800,0.703400,4,2021-04-13
2021-04-13 20:00:00,0.703400,0.704400,0.700750,0.703800,4,2021-04-14
2021-04-14 00:00:00,0.703800,0.705250,0.702250,0.704650,4,2021-04-14
2021-04-14 04:00:00,0.704650,0.706150,0.704650,0.705400,4,2021-04-14
2021-04-14 08:00:00,0.705500,0.706900,0.705100,0.705800,4,2021-04-14
2021-04-14 12:00:00,0.705900,0.709400,0.704700,0.709300,4,2021-04-14
2021-04-14 16:00:00,0.709300,0.712100,0.709000,0.711000,4,2021-04-14
2021-04-14 20:00:00,0.710900,0.713000,0.710550,0.712000,4,2021-04-15
2021-04-15 00:00:00,0.712100,0.715050,0.711800,0.714200,4,2021-04-15
2021-04-15 04:00:00,0.714200,0.714550,0.713450,0.713800,4,2021-04-15
2021-04-15 08:00:00,0.713850,0.715000,0.713700,0.714650,3,2021-04-15
2021-04-15 12:00:00,0.714300,0.715000,0.714200,0.714600,1,2021-04-15
2021-04-15 16:00:00,0.714500,0.718050,0.714450,0.717200,4,2021-04-15
2021-04-15 20:00:00,0.717300,0.717650,0.715000,0.716450,4,2021-04-16
2021-04-16 00:00:00,0.716550,0.717750,0.715900,0.717000,4,2021-04-16
2021-04-16 04:00:00,0.717100,0.717800,0.716800,0.717200,4,2021-04-16
2021-04-16 08:00:00,0.717200,0.717950,0.715500,0.715950,4,2021-04-16
2021-04-16 12:00:00,0.715900,0.716800,0.715100,0.716650,4,2021-04-16
2021-04-16 16:00:00,0.716700,0.716750,0.715050,0.715900,4,2021-04-16
2021-04-16 20:00:00,0.715900,0.716900,0.715850,0.716700,1,2021-04-16
2021-04-19 00:00:00,0.714300,0.714300,0.714300,0.714300,1,2021-04-19
2021-04-19 04:00:00,0.715500,0.715500,0.712350,0.713200,3,2021-04-19
2021-04-19 08:00:00,0.713300,0.713850,0.712200,0.713250,4,2021-04-19
2021-04-19 12:00:00,0.713200,0.714900,0.713200,0.714850,4,2021-04-19
2021-04-19 16:00:00,0.714700,0.719750,0.714300,0.719550,4,2021-04-19
2021-04-19 20:00:00,0.719550,0.719850,0.717600,0.718950,4,2021-04-20
2021-04-20 00:00:00,0.718800,0.718900,0.717200,0.717600,4,2021-04-20
2021-04-20 04:00:00,0.717600,0.718800,0.717250,0.717550,4,2021-04-20
2021-04-20 08:00:00,0.718050,0.720350,0.717800,0.720200,4,2021-04-20
2021-04-20 12:00:00,0.720100,0.721950,0.719300,0.721600,4,2021-04-20
2021-04-20 16:00:00,0.721600,0.723000,0.720200,0.720700,4,2021-04-20
2021-04-20 20:00:00,0.720700,0.721050,0.718650,0.721000,4,2021-04-21
2021-04-21 00:00:00,0.720800,0.721450,0.717000,0.717750,4,2021-04-21
2021-04-21 04:00:00,0.717750,0.718100,0.716500,0.717100,4,2021-04-21
2021-04-21 08:00:00,0.717100,0.718700,0.716300,0.717500,4,2021-04-21
2021-04-21 12:00:00,0.717450,0.717850,0.716300,0.717500,4,2021-04-21
2021-04-21 16:00:00,0.717500,0.718600,0.716600,0.718100,4,2021-04-21
2021-04-21 20:00:00,0.718100,0.719000,0.716950,0.718400,4,2021-04-22
2021-04-22 00:00:00,0.718400,0.721850,0.718300,0.721000,4,2021-04-22
2021-04-22 04:00:00,0.721000,0.721500,0.720050,0.720700,4,2021-04-22
2021-04-22 08:00:00,0.720800,0.721400,0.719700,0.720700,4,2021-04-22
2021-04-22 12:00:00,0.720900,0.721050,0.718700,0.719100,4,2021-04-22
2021-04-22 16:00:00,0.719100,0.720200,0.717200,0.718300,4,2021-04-22
2021-04-22 20:00:00,0.718300,0.719500,0.716300,0.716900,4,2021-04-23
2021-04-23 00:00:00,0.717000,0.717600,0.715400,0.715800,4,2021-04-23
2021-04-23 04:00:00,0.715900,0.717700,0.714600,0.716200,4,2021-04-23
2021-04-23 08:00:00,0.716200,0.717200,0.715100,0.717100,4,2021-04-23
2021-04-23 12:00:00,0.717100,0.718300,0.716600,0.717900,4,2021-04-23
2021-04-23 16:00:00,0.717900,0.719050,0.717200,0.717800,4,2021-04-23
2021-04-23 20:00:00,0.717800,0.718200,0.717050,0.717500,1,2021-04-23
2021-04-26 04:00:00,0.718300,0.719750,0.718200,0.719300,4,2021-04-26
2021-04-26 08:00:00,0.719200,0.721750,0.719000,0.721300,4,2021-04-26
2021-04-26 12:00:00,0.721300,0.722200,0.721000,0.721000,4,2021-04-26
2021-04-26 16:00:00,0.721000,0.722500,0.720500,0.722500,4,2021-04-26
2021-04-26 20:00:00,0.722500,0.722750,0.721200,0.721500,4,2021-04-27
2021-04-27 00:00:00,0.721600,0.724200,0.721500,0.724000,4,2021-04-27
2021-04-27 04:00:00,0.724000,0.724300,0.723100,0.723600,4,2021-04-27
2021-04-27 08:00:00,0.723700,0.723750,0.721900,0.722350,4,2021-04-27
2021-04-27 12:00:00,0.722400,0.723100,0.721100,0.723000,4,2021-04-27
2021-04-27 16:00:00,0.723000,0.723100,0.720200,0.720500,4,2021-04-27
2021-04-27 20:00:00,0.720700,0.722950,0.720550,0.721600,4,2021-04-28
2021-04-28 00:00:00,0.721550,0.722000,0.720450,0.720900,4,2021-04-28
2021-04-28 04:00:00,0.720800,0.721250,0.720350,0.720700,4,2021-04-28
2021-04-28 08:00:00,0.720500,0.720800,0.718950,0.719700,4,2021-04-28
2021-04-28 12:00:00,0.719700,0.721200,0.718800,0.720700,4,2021-04-28
2021-04-28 16:00:00,0.720600,0.721600,0.719700,0.721300,4,2021-04-28
2021-04-28 20:00:00,0.721200,0.723150,0.720950,0.722600,4,2021-04-29
2021-04-29 00:00:00,0.722750,0.724450,0.722700,0.724250,4,2021-04-29
2021-04-29 04:00:00,0.724200,0.726900,0.723200,0.726000,4,2021-04-29
2021-04-29 08:00:00,0.726000,0.728650,0.726000,0.728100,4,2021-04-29
2021-04-29 12:00:00,0.728000,0.728150,0.724750,0.726350,4,2021-04-29
2021-04-29 16:00:00,0.726300,0.726550,0.724300,0.725000,4,2021-04-29
2021-04-29 20:00:00,0.724900,0.726650,0.723600,0.723700,4,2021-04-30
2021-04-30 00:00:00,0.723700,0.724100,0.722250,0.723400,4,2021-04-30
2021-04-30 04:00:00,0.723400,0.725550,0.723150,0.724400,4,2021-04-30
2021-04-30 08:00:00,0.724400,0.725100,0.724000,0.724800,4,2021-04-30
2021-04-30 12:00:00,0.724800,0.725500,0.724000,0.724500,4,2021-04-30
2021-04-30 16:00:00,0.724400,0.725000,0.723000,0.723500,4,2021-04-30
2021-04-30 20:00:00,0.723600,0.723850,0.722200,0.722300,1,2021-04-30
2021-05-03 04:00:00,0.717900,0.718300,0.715600,0.717100,4,2021-05-03
2021-05-03 08:00:00,0.716700,0.718350,0.716400,0.717200,4,2021-05-03
2021-05-03 12:00:00,0.717200,0.717950,0.716000,0.716350,4,2021-05-03
2021-05-03 16:00:00,0.716200,0.717650,0.715600,0.716400,4,2021-05-03
2021-05-03 20:00:00,0.716500,0.719250,0.716300,0.718700,4,2021-05-04
2021-05-04 00:00:00,0.718900,0.720650,0.718850,0.720200,4,2021-05-04
2021-05-04 04:00:00,0.720150,0.721250,0.719300,0.720200,4,2021-05-04
2021-05-04 08:00:00,0.720200,0.720450,0.718300,0.718400,4,2021-05-04
2021-05-04 12:00:00,0.718400,0.718700,0.716500,0.716950,4,2021-05-04
2021-05-04 16:00:00,0.716900,0.717400,0.713400,0.713600,4,2021-05-04
2021-05-04 20:00:00,0.713650,0.715150,0.711600,0.714500,4,2021-05-05
2021-05-05 00:00:00,0.714550,0.715600,0.712200,0.713700,3,2021-05-05
2021-05-05 04:00:00,0.714050,0.715000,0.713600,0.714600,3,2021-05-05
2021-05-05 08:00:00,0.716600,0.716800,0.715700,0.716800,3,2021-05-05
2021-05-05 12:00:00,0.717700,0.717700,0.716200,0.716450,4,2021-05-05
2021-05-05 16:00:00,0.716500,0.717500,0.714950,0.717300,4,2021-05-05
2021-05-05 20:00:00,0.717350,0.720650,0.717250,0.720100,4,2021-05-06
2021-05-06 00:00:00,0.720200,0.721850,0.719350,0.720900,4,2021-05-06
2021-05-06 04:00:00,0.720900,0.721700,0.720300,0.721300,4,2021-05-06
2021-05-06 08:00:00,0.721200,0.722900,0.721200,0.722850,4,2021-05-06
2021-05-06 12:00:00,0.722900,0.722900,0.718550,0.721650,4,2021-05-06
2021-05-06 16:00:00,0.721500,0.722150,0.719600,0.720850,4,2021-05-06
2021-05-06 20:00:00,0.720900,0.721900,0.719150,0.721000,4,2021-05-07
2021-05-07 00:00:00,0.720900,0.722800,0.719750,0.722600,4,2021-05-07
2021-05-07 04:00:00,0.722600,0.723900,0.721200,0.722900,4,2021-05-07
2021-05-07 08:00:00,0.723250,0.724400,0.722600,0.724000,4,2021-05-07
2021-05-07 12:00:00,0.724000,0.724200,0.722700,0.723750,4,2021-05-07
2021-05-07 16:00:00,0.723700,0.724100,0.721050,0.721850,4,2021-05-07
2021-05-07 20:00:00,0.721950,0.722100,0.721150,0.721600,1,2021-05-07
2021-05-10 04:00:00,0.727900,0.729000,0.727800,0.728000,4,2021-05-10
2021-05-10 08:00:00,0.728650,0.729800,0.727800,0.728100,4,2021-05-10
2021-05-10 12:00:00,0.728000,0.728400,0.727100,0.727900,4,2021-05-10
2021-05-10 16:00:00,0.727950,0.729700,0.727200,0.729100,4,2021-05-10
2021-05-10 20:00:00,0.729150,0.730050,0.728000,0.728400,4,2021-05-11
2021-05-11 00:00:00,0.728400,0.730550,0.728100,0.728900,4,2021-05-11
2021-05-11 04:00:00,0.728900,0.729000,0.726100,0.726350,4,2021-05-11
2021-05-11 08:00:00,0.726700,0.727250,0.725200,0.726200,4,2021-05-11
2021-05-11 12:00:00,0.726200,0.727750,0.725850,0.727450,4,2021-05-11
2021-05-11 16:00:00,0.727400,0.728650,0.725300,0.728350,4,2021-05-11
2021-05-11 20:00:00,0.728300,0.729000,0.725550,0.728400,4,2021-05-12
2021-05-12 00:00:00,0.728350,0.728350,0.725800,0.726900,4,2021-05-12
2021-05-12 04:00:00,0.727100,0.728350,0.726150,0.727500,4,2021-05-12
2021-05-12 08:00:00,0.727300,0.727300,0.724500,0.724800,4,2021-05-12
2021-05-12 12:00:00,0.724700,0.725100,0.722300,0.722500,4,2021-05-12
2021-05-12 16:00:00,0.722550,0.724650,0.722100,0.723200,4,2021-05-12
2021-05-12 20:00:00,0.723150,0.724400,0.719100,0.720950,4,2021-05-13
2021-05-13 00:00:00,0.721000,0.721100,0.715400,0.716150,4,2021-05-13
2021-05-13 04:00:00,0.716300,0.717200,0.715200,0.716000,4,2021-05-13
2021-05-13 08:00:00,0.715900,0.717900,0.715500,0.717650,4,2021-05-13
2021-05-13 12:00:00,0.717600,0.717800,0.715300,0.715400,4,2021-05-13
2021-05-13 16:00:00,0.715500,0.717700,0.714500,0.715200,4,2021-05-13
2021-05-13 20:00:00,0.715200,0.718800,0.713500,0.718800,4,2021-05-14
2021-05-14 00:00:00,0.718900,0.719450,0.716600,0.717100,4,2021-05-14
2021-05-14 04:00:00,0.717200,0.719200,0.717000,0.718500,4,2021-05-14
2021-05-14 08:00:00,0.718500,0.718900,0.716900,0.717800,4,2021-05-14
2021-05-14 12:00:00,0.717700,0.718350,0.717100,0.718350,4,2021-05-14
2021-05-14 16:00:00,0.718300,0.720950,0.717700,0.720200,4,2021-05-14
2021-05-14 20:00:00,0.720200,0.721150,0.720000,0.720900,1,2021-05-14
2021-05-17 00:00:00,0.725600,0.725600,0.725600,0.725600,1,2021-05-17
2021-05-17 04:00:00,0.722200,0.724900,0.722200,0.724600,3,2021-05-17
2021-05-17 08:00:00,0.724700,0.725100,0.722400,0.722400,4,2021-05-17
2021-05-17 12:00:00,0.722400,0.723300,0.721400,0.721600,4,2021-05-17
2021-05-17 16:00:00,0.721650,0.723100,0.720550,0.721200,4,2021-05-17
2021-05-17 20:00:00,0.721200,0.721550,0.718200,0.720200,4,2021-05-18
2021-05-18 00:00:00,0.720100,0.722200,0.719000,0.721500,4,2021-05-18
2021-05-18 04:00:00,0.721500,0.722050,0.720000,0.721450,4,2021-05-18
2021-05-18 08:00:00,0.721400,0.723750,0.721050,0.723600,4,2021-05-18
2021-05-18 12:00:00,0.723500,0.724250,0.723300,0.723300,4,2021-05-18
2021-05-18 16:00:00,0.723400,0.725750,0.723300,0.725300,4,2021-05-18
2021-05-18 20:00:00,0.725350,0.727150,0.724900,0.725000,4,2021-05-19
2021-05-19 00:00:00,0.725000,0.725200,0.723600,0.725100,4,2021-05-19
2021-05-19 04:00:00,0.725100,0.725450,0.723800,0.724400,4,2021-05-19
2021-05-19 08:00:00,0.724250,0.724800,0.723200,0.723600,4,2021-05-19
2021-05-19 12:00:00,0.723500,0.723900,0.722600,0.723500,4,2021-05-19
2021-05-19 16:00:00,0.723500,0.723700,0.718900,0.719050,4,2021-05-19
2021-05-19 20:00:00,0.719050,0.720050,0.717450,0.719650,4,2021-05-20
2021-05-20 00:00:00,0.719600,0.719650,0.717300,0.718900,4,2021-05-20
2021-05-20 04:00:00,0.718800,0.719100,0.715200,0.717200,4,2021-05-20
2021-05-20 08:00:00,0.717200,0.717700,0.715700,0.717000,4,2021-05-20
2021-05-20 12:00:00,0.717050,0.718500,0.716500,0.718100,4,2021-05-20
2021-05-20 16:00:00,0.718100,0.720000,0.716950,0.717500,4,2021-05-20
2021-05-20 20:00:00,0.717600,0.721250,0.717100,0.720900,4,2021-05-21
2021-05-21 00:00:00,0.720800,0.721700,0.719200,0.719400,4,2021-05-21
2021-05-21 04:00:00,0.719400,0.720650,0.719000,0.719800,4,2021-05-21
2021-05-21 08:00:00,0.719800,0.720500,0.718400,0.718700,4,2021-05-21
2021-05-21 12:00:00,0.718600,0.718900,0.717900,0.718500,4,2021-05-21
2021-05-21 16:00:00,0.718500,0.720850,0.717400,0.720600,4,2021-05-21
2021-05-21 20:00:00,0.720500,0.721550,0.720500,0.721100,1,2021-05-21
2021-05-24 00:00:00,0.717200,0.717200,0.717200,0.717200,1,2021-05-24
2021-05-24 04:00:00,0.716000,0.718200,0.716000,0.717100,3,2021-05-24
2021-05-24 08:00:00,0.717000,0.718000,0.716100,0.716950,4,2021-05-24
2021-05-24 12:00:00,0.716900,0.717650,0.716300,0.717400,4,2021-05-24
2021-05-24 16:00:00,0.717500,0.718850,0.715900,0.717500,4,2021-05-24
2021-05-24 20:00:00,0.717600,0.720950,0.717300,0.720850,4,2021-05-25
2021-05-25 00:00:00,0.721000,0.721900,0.720300,0.721800,4,2021-05-25
2021-05-25 04:00:00,0.721700,0.721900,0.720400,0.721450,4,2021-05-25
2021-05-25 08:00:00,0.721500,0.722750,0.720900,0.721450,4,2021-05-25
2021-05-25 12:00:00,0.721500,0.723000,0.721300,0.722200,4,2021-05-25
2021-05-25 16:00:00,0.722200,0.724100,0.721750,0.723300,4,2021-05-25
2021-05-25 20:00:00,0.723400,0.725050,0.722350,0.723650,4,2021-05-26
2021-05-26 00:00:00,0.723600,0.724600,0.721050,0.723400,4,2021-05-26
2021-05-26 04:00:00,0.723400,0.723750,0.722200,0.723000,4,2021-05-26
2021-05-26 08:00:00,0.723000,0.723600,0.722300,0.723500,3,2021-05-26
2021-05-26 12:00:00,0.724200,0.731650,0.724100,0.730800,4,2021-05-26
2021-05-26 16:00:00,0.730700,0.731350,0.729250,0.730900,4,2021-05-26
2021-05-26 20:00:00,0.730800,0.731450,0.728550,0.728900,4,2021-05-27
2021-05-27 00:00:00,0.728900,0.730000,0.727900,0.728200,4,2021-05-27
2021-05-27 04:00:00,0.728200,0.729600,0.727700,0.728400,4,2021-05-27
2021-05-27 08:00:00,0.728400,0.728400,0.726650,0.728100,4,2021-05-27
2021-05-27 12:00:00,0.728000,0.729700,0.728000,0.729600,4,2021-05-27
2021-05-27 16:00:00,0.729700,0.730550,0.728550,0.729250,4,2021-05-27
2021-05-27 20:00:00,0.729300,0.731150,0.728500,0.729200,4,2021-05-28
2021-05-28 00:00:00,0.729300,0.731150,0.727950,0.729700,4,2021-05-28
2021-05-28 04:00:00,0.729700,0.730150,0.729000,0.729500,4,2021-05-28
2021-05-28 08:00:00,0.729400,0.729500,0.727150,0.727600,4,2021-05-28
2021-05-28 12:00:00,0.727600,0.727900,0.725400,0.725600,4,2021-05-28
2021-05-28 16:00:00,0.725550,0.726300,0.724000,0.725300,4,2021-05-28
2021-05-28 20:00:00,0.725300,0.725700,0.724900,0.725100,1,2021-05-28
2021-05-31 00:00:00,0.724900,0.724900,0.724900,0.724900,1,2021-05-31
2021-05-31 04:00:00,0.725750,0.726150,0.725250,0.725700,3,2021-05-31
2021-05-31 08:00:00,0.725600,0.725700,0.723100,0.725300,4,2021-05-31
2021-05-31 12:00:00,0.725300,0.726050,0.724850,0.725350,4,2021-05-31
2021-05-31 16:00:00,0.725350,0.726300,0.724750,0.725700,4,2021-05-31
2021-05-31 20:00:00,0.725700,0.727000,0.725600,0.726900,4,2021-06-01
2021-06-01 00:00:00,0.726900,0.728350,0.726800,0.727850,4,2021-06-01
2021-06-01 04:00:00,0.727800,0.728250,0.726300,0.727450,4,2021-06-01
2021-06-01 08:00:00,0.727700,0.728700,0.726950,0.728400,4,2021-06-01
2021-06-01 12:00:00,0.728400,0.728850,0.727150,0.727500,4,2021-06-01
2021-06-01 16:00:00,0.727500,0.728800,0.725950,0.726300,4,2021-06-01
2021-06-01 20:00:00,0.726300,0.726750,0.724900,0.725100,4,2021-06-02
2021-06-02 00:00:00,0.725100,0.726250,0.724600,0.725700,4,2021-06-02
2021-06-02 04:00:00,0.725600,0.726150,0.725000,0.725550,4,2021-06-02
2021-06-02 08:00:00,0.725600,0.726750,0.724900,0.726400,4,2021-06-02
2021-06-02 12:00:00,0.726300,0.727200,0.723900,0.723900,4,2021-06-02
2021-06-02 16:00:00,0.723850,0.723850,0.721500,0.722200,4,2021-06-02
2021-06-02 20:00:00,0.722150,0.724450,0.720950,0.723950,4,2021-06-03
2021-06-03 00:00:00,0.724000,0.724950,0.722900,0.723300,4,2021-06-03
2021-06-03 04:00:00,0.723350,0.724100,0.723050,0.723700,4,2021-06-03
2021-06-03 08:00:00,0.723700,0.724200,0.722700,0.722750,4,2021-06-03
2021-06-03 12:00:00,0.722800,0.723000,0.721350,0.721450,4,2021-06-03
2021-06-03 16:00:00,0.721500,0.722300,0.720800,0.721950,4,2021-06-03
2021-06-03 20:00:00,0.722000,0.723050,0.715950,0.716650,4,2021-06-04
2021-06-04 00:00:00,0.716500,0.717150,0.712650,0.713050,4,2021-06-04
2021-06-04 04:00:00,0.713100,0.714700,0.712750,0.714650,4,2021-06-04
2021-06-04 08:00:00,0.714600,0.715150,0.713200,0.713850,4,2021-06-04
2021-06-04 12:00:00,0.714000,0.715350,0.713800,0.714400,4,2021-06-04
2021-06-04 16:00:00,0.714300,0.716000,0.714300,0.715600,4,2021-06-04
2021-06-04 20:00:00,0.715600,0.716050,0.715350,0.715400,1,2021-06-04
2021-06-07 00:00:00,0.721400,0.721400,0.721400,0.721400,1,2021-06-07
2021-06-07 04:00:00,0.719600,0.721200,0.719050,0.720600,3,2021-06-07
2021-06-07 08:00:00,0.720850,0.721400,0.720250,0.720300,4,2021-06-07
2021-06-07 12:00:00,0.720300,0.721600,0.719950,0.719950,4,2021-06-07
2021-06-07 16:00:00,0.720000,0.721900,0.719150,0.721500,4,2021-06-07
2021-06-07 20:00:00,0.721600,0.723950,0.720500,0.723050,4,2021-06-08
2021-06-08 00:00:00,0.723100,0.724300,0.722700,0.723950,4,2021-06-08
2021-06-08 04:00:00,0.723900,0.724150,0.722400,0.723250,4,2021-06-08
2021-06-08 08:00:00,0.722900,0.723300,0.722300,0.722450,4,2021-06-08
2021-06-08 12:00:00,0.722400,0.722750,0.721050,0.721100,4,2021-06-08
2021-06-08 16:00:00,0.721150,0.722400,0.720200,0.720250,4,2021-06-08
2021-06-08 20:00:00,0.720200,0.722400,0.718800,0.719600,4,2021-06-09
2021-06-09 00:00:00,0.719700,0.720700,0.718900,0.719500,4,2021-06-09
2021-06-09 04:00:00,0.719500,0.720200,0.719100,0.719550,4,2021-06-09
2021-06-09 08:00:00,0.719600,0.720350,0.718900,0.720200,4,2021-06-09
2021-06-09 12:00:00,0.720200,0.720400,0.719300,0.720000,4,2021-06-09
2021-06-09 16:00:00,0.720100,0.720900,0.719500,0.720350,4,2021-06-09
2021-06-09 20:00:00,0.720500,0.721450,0.719700,0.720300,4,2021-06-10
2021-06-10 00:00:00,0.720500,0.720500,0.716700,0.718000,4,2021-06-10
2021-06-10 04:00:00,0.718000,0.718250,0.716900,0.717950,4,2021-06-10
2021-06-10 08:00:00,0.717800,0.718100,0.716550,0.717900,4,2021-06-10
2021-06-10 12:00:00,0.717900,0.718800,0.717300,0.718600,4,2021-06-10
2021-06-10 16:00:00,0.718650,0.719000,0.717000,0.718350,4,2021-06-10
2021-06-10 20:00:00,0.718400,0.720700,0.716950,0.719800,4,2021-06-11
2021-06-11 00:00:00,0.719800,0.721300,0.718750,0.720000,4,2021-06-11
2021-06-11 04:00:00,0.720000,0.720500,0.719050,0.719600,4,2021-06-11
2021-06-11 08:00:00,0.719700,0.720000,0.718850,0.719350,4,2021-06-11
2021-06-11 12:00:00,0.719400,0.719700,0.718600,0.719300,4,2021-06-11
2021-06-11 16:00:00,0.719300,0.721050,0.718500,0.718500,4,2021-06-11
2021-06-11 20:00:00,0.718600,0.719000,0.717950,0.718050,1,2021-06-11
2021-06-14 00:00:00,0.712700,0.712700,0.712700,0.712700,1,2021-06-14
2021-06-14 04:00:00,0.712800,0.713750,0.712150,0.713300,3,2021-06-14
2021-06-14 08:00:00,0.713200,0.714200,0.713050,0.714150,4,2021-06-14
2021-06-14 12:00:00,0.714100,0.714900,0.713550,0.714450,4,2021-06-14
2021-06-14 16:00:00,0.714500,0.715150,0.712700,0.714900,4,2021-06-14
2021-06-14 20:00:00,0.714800,0.715200,0.713750,0.714600,4,2021-06-15
2021-06-15 00:00:00,0.714650,0.715350,0.713850,0.714100,4,2021-06-15
2021-06-15 04:00:00,0.714100,0.714950,0.713600,0.714400,4,2021-06-15
2021-06-15 08:00:00,0.714500,0.715100,0.713100,0.713400,4,2021-06-15
2021-06-15 12:00:00,0.713400,0.715900,0.713400,0.715850,4,2021-06-15
2021-06-15 16:00:00,0.715950,0.716050,0.712900,0.713200,4,2021-06-15
2021-06-15 20:00:00,0.713150,0.713600,0.712200,0.713000,4,2021-06-16
2021-06-16 00:00:00,0.713100,0.713200,0.710500,0.711900,4,2021-06-16
2021-06-16 04:00:00,0.711900,0.712800,0.711800,0.712500,4,2021-06-16
2021-06-16 08:00:00,0.712550,0.713450,0.711800,0.713350,4,2021-06-16
2021-06-16 12:00:00,0.713400,0.714350,0.713300,0.714000,4,2021-06-16
2021-06-16 16:00:00,0.713950,0.714950,0.713500,0.714500,4,2021-06-16
2021-06-16 20:00:00,0.714450,0.715550,0.714000,0.714300,4,2021-06-17
2021-06-17 00:00:00,0.714400,0.714750,0.713150,0.713650,4,2021-06-17
2021-06-17 04:00:00,0.713700,0.713700,0.704250,0.705500,4,2021-06-17
2021-06-17 08:00:00,0.705550,0.710250,0.705250,0.709400,4,2021-06-17
2021-06-17 12:00:00,0.709500,0.709900,0.708200,0.708700,4,2021-06-17
2021-06-17 16:00:00,0.708750,0.708750,0.704100,0.704250,4,2021-06-17
2021-06-17 20:00:00,0.704300,0.704550,0.700100,0.701200,4,2021-06-18
2021-06-18 00:00:00,0.701100,0.702050,0.699250,0.700750,4,2021-06-18
2021-06-18 04:00:00,0.700800,0.701100,0.699750,0.700200,4,2021-06-18
2021-06-18 08:00:00,0.700550,0.701800,0.700300,0.700550,4,2021-06-18
2021-06-18 12:00:00,0.700500,0.701150,0.696200,0.698300,4,2021-06-18
2021-06-18 16:00:00,0.698250,0.700100,0.697200,0.699200,4,2021-06-18
2021-06-18 20:00:00,0.699300,0.699650,0.698600,0.699150,1,2021-06-18
2021-06-21 04:00:00,0.693950,0.695050,0.693450,0.693850,4,2021-06-21
2021-06-21 08:00:00,0.694000,0.696400,0.693850,0.695100,4,2021-06-21
2021-06-21 12:00:00,0.695100,0.697400,0.694300,0.695800,4,2021-06-21
2021-06-21 16:00:00,0.695800,0.697700,0.694450,0.697450,4,2021-06-21
2021-06-21 20:00:00,0.697400,0.698200,0.696350,0.698100,4,2021-06-22
2021-06-22 00:00:00,0.698100,0.699850,0.697750,0.699600,4,2021-06-22
2021-06-22 04:00:00,0.699500,0.699950,0.698100,0.699050,4,2021-06-22
2021-06-22 08:00:00,0.699000,0.699500,0.697100,0.697700,4,2021-06-22
2021-06-22 12:00:00,0.697700,0.698250,0.696300,0.696500,4,2021-06-22
2021-06-22 16:00:00,0.696500,0.699000,0.696450,0.697350,4,2021-06-22
2021-06-22 20:00:00,0.697400,0.699350,0.697250,0.698350,4,2021-06-23
2021-06-23 00:00:00,0.698350,0.702150,0.698100,0.701900,4,2021-06-23
2021-06-23 04:00:00,0.701800,0.703600,0.701550,0.702600,4,2021-06-23
2021-06-23 08:00:00,0.702600,0.702950,0.699750,0.699800,4,2021-06-23
2021-06-23 12:00:00,0.699850,0.701250,0.699600,0.700800,4,2021-06-23
2021-06-23 16:00:00,0.700800,0.704500,0.700300,0.703550,4,2021-06-23
2021-06-23 20:00:00,0.703500,0.706800,0.703400,0.706800,4,2021-06-24
2021-06-24 00:00:00,0.706800,0.706950,0.704350,0.704700,4,2021-06-24
2021-06-24 04:00:00,0.704750,0.704900,0.703550,0.704500,4,2021-06-24
2021-06-24 08:00:00,0.704500,0.705250,0.704200,0.704900,4,2021-06-24
2021-06-24 12:00:00,0.704900,0.705500,0.704750,0.704900,4,2021-06-24
2021-06-24 16:00:00,0.704900,0.706400,0.704500,0.706050,4,2021-06-24
2021-06-24 20:00:00,0.705900,0.707400,0.705500,0.707100,4,2021-06-25
2021-06-25 00:00:00,0.707000,0.707200,0.704550,0.706200,4,2021-06-25
2021-06-25 04:00:00,0.706200,0.706950,0.705750,0.706050,4,2021-06-25
2021-06-25 08:00:00,0.706050,0.707400,0.705900,0.707100,4,2021-06-25
2021-06-25 12:00:00,0.707100,0.707650,0.706700,0.707600,4,2021-06-25
2021-06-25 16:00:00,0.707600,0.708300,0.706850,0.706850,4,2021-06-25
2021-06-25 20:00:00,0.706800,0.707350,0.706400,0.707200,1,2021-06-25
2021-06-28 00:00:00,0.707400,0.707400,0.707400,0.707400,1,2021-06-28
2021-06-28 04:00:00,0.708550,0.708550,0.705900,0.706950,3,2021-06-28
2021-06-28 08:00:00,0.707150,0.707850,0.706200,0.706900,4,2021-06-28
2021-06-28 12:00:00,0.706900,0.707650,0.706300,0.707150,4,2021-06-28
2021-06-28 16:00:00,0.707300,0.708750,0.705650,0.705700,4,2021-06-28
2021-06-28 20:00:00,0.705700,0.706250,0.703250,0.704400,4,2021-06-29
2021-06-29 00:00:00,0.704300,0.705650,0.704000,0.704400,4,2021-06-29
2021-06-29 04:00:00,0.704350,0.704750,0.702800,0.704150,4,2021-06-29
2021-06-29 08:00:00,0.704200,0.705150,0.703700,0.704200,4,2021-06-29
2021-06-29 12:00:00,0.704300,0.704350,0.702400,0.703450,4,2021-06-29
2021-06-29 16:00:00,0.703400,0.703700,0.699450,0.700150,4,2021-06-29
2021-06-29 20:00:00,0.700150,0.700550,0.697900,0.698500,4,2021-06-30
2021-06-30 00:00:00,0.698600,0.699750,0.698100,0.699050,4,2021-06-30
2021-06-30 04:00:00,0.699100,0.700300,0.698750,0.699700,4,2021-06-30
2021-06-30 08:00:00,0.699300,0.700150,0.698800,0.699700,4,2021-06-30
2021-06-30 12:00:00,0.699700,0.700450,0.699400,0.699700,4,2021-06-30
2021-06-30 16:00:00,0.699700,0.700700,0.697700,0.698350,4,2021-06-30
2021-06-30 20:00:00,0.698300,0.699250,0.696550,0.698100,4,2021-07-01
2021-07-01 00:00:00,0.698100,0.699500,0.697300,0.698350,4,2021-07-01
2021-07-01 04:00:00,0.698300,0.699400,0.697950,0.699050,4,2021-07-01
2021-07-01 08:00:00,0.699200,0.699750,0.698200,0.698900,4,2021-07-01
2021-07-01 12:00:00,0.698800,0.699300,0.698050,0.698200,4,2021-07-01
2021-07-01 16:00:00,0.698300,0.700350,0.697500,0.698500,4,2021-07-01
2021-07-01 20:00:00,0.698600,0.701000,0.697500,0.700450,4,2021-07-02
2021-07-02 00:00:00,0.700400,0.700800,0.696950,0.696950,4,2021-07-02
2021-07-02 04:00:00,0.697000,0.697850,0.696150,0.696750,4,2021-07-02
2021-07-02 08:00:00,0.696750,0.697000,0.695850,0.696200,4,2021-07-02
2021-07-02 12:00:00,0.696200,0.697300,0.696000,0.696900,4,2021-07-02
2021-07-02 16:00:00,0.696800,0.697000,0.695100,0.695400,4,2021-07-02
2021-07-02 20:00:00,0.695350,0.696550,0.695300,0.696250,1,2021-07-02
2021-07-05 04:00:00,0.706400,0.706400,0.702400,0.703250,4,2021-07-05
2021-07-05 08:00:00,0.703150,0.703500,0.701900,0.702400,4,2021-07-05
2021-07-05 12:00:00,0.702400,0.702450,0.701400,0.701550,4,2021-07-05
2021-07-05 16:00:00,0.701550,0.703200,0.701300,0.702400,4,2021-07-05
2021-07-05 20:00:00,0.702450,0.702900,0.701600,0.702150,4,2021-07-06
2021-07-06 00:00:00,0.702150,0.702800,0.701350,0.702350,4,2021-07-06
2021-07-06 04:00:00,0.702400,0.703450,0.701700,0.702350,4,2021-07-06
2021-07-06 08:00:00,0.702300,0.707050,0.702250,0.707000,4,2021-07-06
2021-07-06 12:00:00,0.706950,0.709400,0.706950,0.708750,4,2021-07-06
2021-07-06 16:00:00,0.708700,0.710550,0.707400,0.708100,4,2021-07-06
2021-07-06 20:00:00,0.708200,0.709450,0.706000,0.706400,4,2021-07-07
2021-07-07 00:00:00,0.706750,0.706750,0.698900,0.701850,4,2021-07-07
2021-07-07 04:00:00,0.701700,0.701850,0.700850,0.701500,4,2021-07-07
2021-07-07 08:00:00,0.701350,0.702400,0.700300,0.701700,4,2021-07-07
2021-07-07 12:00:00,0.701700,0.703100,0.700300,0.702900,4,2021-07-07
2021-07-07 16:00:00,0.702800,0.703950,0.701950,0.703200,4,2021-07-07
2021-07-07 20:00:00,0.703200,0.706150,0.702900,0.703200,4,2021-07-08
2021-07-08 00:00:00,0.703300,0.703300,0.699000,0.701700,4,2021-07-08
2021-07-08 04:00:00,0.701700,0.703900,0.700800,0.701600,4,2021-07-08
2021-07-08 08:00:00,0.701500,0.702050,0.698100,0.698250,4,2021-07-08
2021-07-08 12:00:00,0.698300,0.699800,0.697600,0.699000,4,2021-07-08
2021-07-08 16:00:00,0.698800,0.699150,0.695500,0.697050,4,2021-07-08
2021-07-08 20:00:00,0.697050,0.697850,0.693950,0.697000,4,2021-07-09
2021-07-09 00:00:00,0.697100,0.697700,0.693450,0.695200,4,2021-07-09
2021-07-09 04:00:00,0.695300,0.695950,0.693850,0.694500,4,2021-07-09
2021-07-09 08:00:00,0.694500,0.695350,0.692300,0.692600,4,2021-07-09
2021-07-09 12:00:00,0.692700,0.694700,0.692500,0.694450,4,2021-07-09
2021-07-09 16:00:00,0.694400,0.696550,0.693200,0.696500,4,2021-07-09
2021-07-09 20:00:00,0.696400,0.697100,0.696300,0.696650,1,2021-07-09
2021-07-12 00:00:00,0.699800,0.699800,0.699800,0.699800,1,2021-07-12
2021-07-12 04:00:00,0.699550,0.700750,0.698600,0.699700,3,2021-07-12
2021-07-12 08:00:00,0.700100,0.700900,0.698300,0.698800,4,2021-07-12
2021-07-12 12:00:00,0.698750,0.699000,0.697700,0.698250,4,2021-07-12
2021-07-12 16:00:00,0.698300,0.698500,0.696150,0.696400,4,2021-07-12
2021-07-12 20:00:00,0.696400,0.698150,0.694850,0.698000,4,2021-07-13
2021-07-13 00:00:00,0.698000,0.699300,0.697300,0.697300,4,2021-07-13
2021-07-13 04:00:00,0.697400,0.698900,0.697050,0.698800,4,2021-07-13
2021-07-13 08:00:00,0.698600,0.700400,0.698100,0.700400,4,2021-07-13
2021-07-13 12:00:00,0.700400,0.701000,0.698300,0.698300,4,2021-07-13
2021-07-13 16:00:00,0.698400,0.699200,0.697300,0.697900,4,2021-07-13
2021-07-13 20:00:00,0.697900,0.698500,0.691750,0.696000,4,2021-07-14
2021-07-14 00:00:00,0.695900,0.697450,0.694600,0.694800,4,2021-07-14
2021-07-14 04:00:00,0.694700,0.695300,0.694000,0.694900,4,2021-07-14
2021-07-14 08:00:00,0.694800,0.697300,0.693900,0.697200,4,2021-07-14
2021-07-14 12:00:00,0.697500,0.702350,0.697200,0.701550,4,2021-07-14
2021-07-14 16:00:00,0.701550,0.703000,0.698450,0.700450,4,2021-07-14
2021-07-14 20:00:00,0.700400,0.704400,0.700400,0.703550,4,2021-07-15
2021-07-15 00:00:00,0.703600,0.704250,0.702100,0.702750,4,2021-07-15
2021-07-15 04:00:00,0.702800,0.703950,0.702600,0.703850,4,2021-07-15
2021-07-15 08:00:00,0.703900,0.704500,0.701150,0.701200,4,2021-07-15
2021-07-15 12:00:00,0.701200,0.702500,0.699800,0.702400,4,2021-07-15
2021-07-15 16:00:00,0.702500,0.703250,0.700900,0.701800,4,2021-07-15
2021-07-15 20:00:00,0.701650,0.701900,0.698300,0.699600,4,2021-07-16
2021-07-16 00:00:00,0.699400,0.700400,0.696600,0.696700,4,2021-07-16
2021-07-16 04:00:00,0.696750,0.699300,0.696650,0.698500,4,2021-07-16
2021-07-16 08:00:00,0.698350,0.702200,0.698300,0.699100,4,2021-07-16
2021-07-16 12:00:00,0.699100,0.702400,0.699100,0.702100,4,2021-07-16
2021-07-16 16:00:00,0.702000,0.702900,0.700150,0.702550,4,2021-07-16
2021-07-16 20:00:00,0.702550,0.702550,0.700650,0.701150,1,2021-07-16
2021-07-19 04:00:00,0.700750,0.701150,0.699850,0.700200,4,2021-07-19
2021-07-19 08:00:00,0.700200,0.700450,0.697600,0.698400,4,2021-07-19
2021-07-19 12:00:00,0.698300,0.699800,0.697600,0.699250,4,2021-07-19
2021-07-19 16:00:00,0.699100,0.699750,0.696100,0.697150,4,2021-07-19
2021-07-19 20:00:00,0.697200,0.697450,0.692150,0.694850,4,2021-07-20
2021-07-20 00:00:00,0.694700,0.694950,0.692800,0.693200,4,2021-07-20
2021-07-20 04:00:00,0.693250,0.694800,0.691600,0.694500,4,2021-07-20
2021-07-20 08:00:00,0.694400,0.694600,0.691750,0.694050,4,2021-07-20
2021-07-20 12:00:00,0.693950,0.695450,0.690000,0.690400,4,2021-07-20
2021-07-20 16:00:00,0.690200,0.692000,0.688850,0.690750,4,2021-07-20
2021-07-20 20:00:00,0.690600,0.691750,0.688200,0.690750,4,2021-07-21
2021-07-21 00:00:00,0.690700,0.691850,0.689600,0.691400,4,2021-07-21
2021-07-21 04:00:00,0.691400,0.692500,0.691400,0.691950,4,2021-07-21
2021-07-21 08:00:00,0.691800,0.693400,0.691400,0.692050,4,2021-07-21
2021-07-21 12:00:00,0.691900,0.691900,0.690100,0.690200,4,2021-07-21
2021-07-21 16:00:00,0.690200,0.693000,0.689400,0.692400,4,2021-07-21
2021-07-21 20:00:00,0.692400,0.694900,0.691800,0.694500,4,2021-07-22
2021-07-22 00:00:00,0.694600,0.697500,0.694300,0.696950,4,2021-07-22
2021-07-22 04:00:00,0.696950,0.697750,0.696550,0.696700,4,2021-07-22
2021-07-22 08:00:00,0.696950,0.697000,0.695200,0.695850,4,2021-07-22
2021-07-22 12:00:00,0.695900,0.696850,0.694700,0.695350,4,2021-07-22
2021-07-22 16:00:00,0.695200,0.697050,0.695000,0.696600,4,2021-07-22
2021-07-22 20:00:00,0.696600,0.698600,0.695750,0.696100,4,2021-07-23
2021-07-23 00:00:00,0.696200,0.697200,0.694850,0.696900,4,2021-07-23
2021-07-23 04:00:00,0.696900,0.698400,0.696150,0.697850,4,2021-07-23
2021-07-23 08:00:00,0.697500,0.698950,0.697150,0.697700,4,2021-07-23
2021-07-23 12:00:00,0.697700,0.698500,0.696950,0.697100,4,2021-07-23
2021-07-23 16:00:00,0.697100,0.698250,0.696100,0.697750,4,2021-07-23
2021-07-23 20:00:00,0.697800,0.698600,0.697500,0.698100,1,2021-07-23
2021-07-26 04:00:00,0.697900,0.698150,0.697050,0.697050,3,2021-07-26
2021-07-26 08:00:00,0.697600,0.698600,0.696300,0.697000,4,2021-07-26
2021-07-26 12:00:00,0.697000,0.697250,0.696050,0.696800,4,2021-07-26
2021-07-26 16:00:00,0.696700,0.697850,0.694800,0.697550,4,2021-07-26
2021-07-26 20:00:00,0.697600,0.699550,0.696450,0.699500,4,2021-07-27
2021-07-27 00:00:00,0.699400,0.701050,0.699050,0.699900,4,2021-07-27
2021-07-27 04:00:00,0.699900,0.700700,0.699150,0.699750,4,2021-07-27
2021-07-27 08:00:00,0.699900,0.700600,0.699100,0.699500,4,2021-07-27
2021-07-27 12:00:00,0.699400,0.699800,0.698650,0.699100,4,2021-07-27
2021-07-27 16:00:00,0.699000,0.699000,0.694600,0.695800,4,2021-07-27
2021-07-27 20:00:00,0.695800,0.697550,0.694650,0.695300,4,2021-07-28
2021-07-28 00:00:00,0.695350,0.697300,0.694000,0.695800,4,2021-07-28
2021-07-28 04:00:00,0.695900,0.696350,0.695200,0.695800,4,2021-07-28
2021-07-28 08:00:00,0.696000,0.696950,0.694900,0.696300,4,2021-07-28
2021-07-28 12:00:00,0.696300,0.696650,0.695200,0.696400,4,2021-07-28
2021-07-28 16:00:00,0.696400,0.696700,0.693600,0.694500,4,2021-07-28
2021-07-28 20:00:00,0.694500,0.694900,0.691800,0.692350,4,2021-07-29
2021-07-29 00:00:00,0.692300,0.693800,0.691600,0.693450,4,2021-07-29
2021-07-29 04:00:00,0.693000,0.696400,0.690300,0.696000,4,2021-07-29
2021-07-29 08:00:00,0.696000,0.696200,0.694900,0.695300,4,2021-07-29
2021-07-29 12:00:00,0.695300,0.697650,0.694900,0.697350,4,2021-07-29
2021-07-29 16:00:00,0.697300,0.700400,0.697050,0.699550,4,2021-07-29
2021-07-29 20:00:00,0.699450,0.699900,0.698200,0.699600,4,2021-07-30
2021-07-30 00:00:00,0.699700,0.701950,0.698850,0.701450,4,2021-07-30
2021-07-30 04:00:00,0.701400,0.701900,0.700400,0.700650,4,2021-07-30
2021-07-30 08:00:00,0.701050,0.701850,0.699400,0.700000,4,2021-07-30
2021-07-30 12:00:00,0.700000,0.700850,0.699200,0.699200,4,2021-07-30
2021-07-30 16:00:00,0.699300,0.702150,0.698950,0.700700,4,2021-07-30
2021-07-30 20:00:00,0.700700,0.701550,0.699900,0.700500,1,2021-07-30
2021-08-02 04:00:00,0.698800,0.698800,0.696700,0.696950,4,2021-08-02
2021-08-02 08:00:00,0.697500,0.697800,0.696000,0.696450,4,2021-08-02
2021-08-02 12:00:00,0.696400,0.697200,0.695300,0.696700,4,2021-08-02
2021-08-02 16:00:00,0.696800,0.698700,0.696450,0.698450,4,2021-08-02
2021-08-02 20:00:00,0.698400,0.698900,0.697050,0.698800,4,2021-08-03
2021-08-03 00:00:00,0.698800,0.699300,0.696450,0.697350,4,2021-08-03
2021-08-03 04:00:00,0.697400,0.698500,0.696400,0.698200,4,2021-08-03
2021-08-03 08:00:00,0.697600,0.699800,0.697300,0.699500,4,2021-08-03
2021-08-03 12:00:00,0.699600,0.701800,0.698700,0.700750,4,2021-08-03
2021-08-03 16:00:00,0.700900,0.701900,0.699600,0.700550,4,2021-08-03
2021-08-03 20:00:00,0.700500,0.701900,0.698300,0.698500,4,2021-08-04
2021-08-04 00:00:00,0.698600,0.701250,0.698350,0.700550,4,2021-08-04
2021-08-04 04:00:00,0.700700,0.702050,0.700500,0.701950,4,2021-08-04
2021-08-04 08:00:00,0.701900,0.705750,0.701850,0.705750,4,2021-08-04
2021-08-04 12:00:00,0.705700,0.706600,0.704600,0.705200,4,2021-08-04
2021-08-04 16:00:00,0.705200,0.708350,0.705100,0.707600,4,2021-08-04
2021-08-04 20:00:00,0.707550,0.708900,0.706500,0.708500,4,2021-08-05
2021-08-05 00:00:00,0.708300,0.708400,0.703600,0.705200,4,2021-08-05
2021-08-05 04:00:00,0.705200,0.705550,0.704050,0.704550,4,2021-08-05
2021-08-05 08:00:00,0.704400,0.705050,0.703900,0.704700,4,2021-08-05
2021-08-05 12:00:00,0.704600,0.705500,0.704500,0.705050,4,2021-08-05
2021-08-05 16:00:00,0.705000,0.707400,0.703750,0.706500,4,2021-08-05
2021-08-05 20:00:00,0.706650,0.707450,0.705000,0.705900,4,2021-08-06
2021-08-06 00:00:00,0.705800,0.707300,0.705400,0.706000,4,2021-08-06
2021-08-06 04:00:00,0.706000,0.706200,0.705250,0.705750,4,2021-08-06
2021-08-06 08:00:00,0.705700,0.705800,0.704200,0.704300,4,2021-08-06
2021-08-06 12:00:00,0.704400,0.705200,0.704200,0.705000,4,2021-08-06
2021-08-06 16:00:00,0.704900,0.705600,0.704250,0.705200,4,2021-08-06
2021-08-06 20:00:00,0.705200,0.705600,0.704850,0.705100,1,2021-08-06
2021-08-09 00:00:00,0.701000,0.701000,0.701000,0.701000,1,2021-08-09
2021-08-09 04:00:00,0.701350,0.702700,0.700750,0.701000,3,2021-08-09
2021-08-09 08:00:00,0.701100,0.701500,0.698100,0.700900,4,2021-08-09
2021-08-09 12:00:00,0.700900,0.702550,0.700900,0.702000,4,2021-08-09
2021-08-09 16:00:00,0.701900,0.702350,0.700150,0.701400,4,2021-08-09
2021-08-09 20:00:00,0.701400,0.702600,0.700700,0.702400,4,2021-08-10
2021-08-10 00:00:00,0.702400,0.702500,0.699400,0.699850,4,2021-08-10
2021-08-10 04:00:00,0.699800,0.700400,0.698900,0.699100,4,2021-08-10
2021-08-10 08:00:00,0.699300,0.699500,0.697000,0.697250,4,2021-08-10
2021-08-10 12:00:00,0.697200,0.698050,0.696900,0.697800,4,2021-08-10
2021-08-10 16:00:00,0.697750,0.699050,0.697350,0.698600,4,2021-08-10
2021-08-10 20:00:00,0.698500,0.700000,0.698150,0.699150,4,2021-08-11
2021-08-11 00:00:00,0.699200,0.701100,0.698900,0.700500,4,2021-08-11
2021-08-11 04:00:00,0.700400,0.701350,0.700200,0.700850,4,2021-08-11
2021-08-11 08:00:00,0.700850,0.701350,0.699600,0.700600,4,2021-08-11
2021-08-11 12:00:00,0.700600,0.701200,0.700100,0.700400,4,2021-08-11
2021-08-11 16:00:00,0.700400,0.700600,0.699200,0.700250,4,2021-08-11
2021-08-11 20:00:00,0.700150,0.705600,0.699800,0.704450,4,2021-08-12
2021-08-12 00:00:00,0.704500,0.706250,0.703900,0.705100,4,2021-08-12
2021-08-12 04:00:00,0.705100,0.705100,0.703600,0.704350,4,2021-08-12
2021-08-12 08:00:00,0.704100,0.704750,0.703300,0.703350,4,2021-08-12
2021-08-12 12:00:00,0.703400,0.704500,0.703000,0.703350,4,2021-08-12
2021-08-12 16:00:00,0.703450,0.704100,0.702000,0.703400,4,2021-08-12
2021-08-12 20:00:00,0.703300,0.703400,0.700050,0.700550,4,2021-08-13
2021-08-13 00:00:00,0.700500,0.701000,0.699750,0.700600,4,2021-08-13
2021-08-13 04:00:00,0.700600,0.701250,0.699600,0.700300,4,2021-08-13
2021-08-13 08:00:00,0.700400,0.700750,0.699500,0.700700,4,2021-08-13
2021-08-13 12:00:00,0.700700,0.701100,0.700050,0.700150,4,2021-08-13
2021-08-13 16:00:00,0.700200,0.701100,0.699850,0.700600,4,2021-08-13
2021-08-13 20:00:00,0.700700,0.700850,0.700300,0.700550,1,2021-08-13
2021-08-16 04:00:00,0.704250,0.704500,0.704100,0.704350,3,2021-08-16
2021-08-16 08:00:00,0.704200,0.704450,0.703250,0.703750,4,2021-08-16
2021-08-16 12:00:00,0.703700,0.703800,0.702200,0.702450,4,2021-08-16
2021-08-16 16:00:00,0.702500,0.703800,0.701950,0.703100,4,2021-08-16
2021-08-16 20:00:00,0.703100,0.703750,0.701200,0.701700,4,2021-08-17
2021-08-17 00:00:00,0.701800,0.702950,0.701100,0.701700,4,2021-08-17
2021-08-17 04:00:00,0.701700,0.703100,0.701300,0.702300,4,2021-08-17
2021-08-17 08:00:00,0.702300,0.702950,0.700800,0.701450,4,2021-08-17
2021-08-17 12:00:00,0.701400,0.701850,0.694350,0.695000,4,2021-08-17
2021-08-17 16:00:00,0.694850,0.694950,0.690650,0.692700,4,2021-08-17
2021-08-17 20:00:00,0.692700,0.693300,0.690500,0.691800,4,2021-08-18
2021-08-18 00:00:00,0.691700,0.692500,0.690000,0.690950,4,2021-08-18
2021-08-18 04:00:00,0.691000,0.692200,0.690200,0.692100,4,2021-08-18
2021-08-18 08:00:00,0.692000,0.694500,0.691450,0.694500,4,2021-08-18
2021-08-18 12:00:00,0.694300,0.695100,0.687000,0.692250,4,2021-08-18
2021-08-18 16:00:00,0.692200,0.693450,0.689100,0.689300,4,2021-08-18
2021-08-18 20:00:00,0.689300,0.691150,0.687750,0.689600,4,2021-08-19
2021-08-19 00:00:00,0.689600,0.689600,0.687600,0.688700,4,2021-08-19
2021-08-19 04:00:00,0.688600,0.691400,0.687850,0.688100,4,2021-08-19
2021-08-19 08:00:00,0.687900,0.688900,0.684850,0.685200,4,2021-08-19
2021-08-19 12:00:00,0.685100,0.686100,0.683850,0.684100,4,2021-08-19
2021-08-19 16:00:00,0.684250,0.684900,0.680900,0.682900,4,2021-08-19
2021-08-19 20:00:00,0.683000,0.684750,0.682300,0.684700,4,2021-08-20
2021-08-20 00:00:00,0.684550,0.686000,0.682700,0.682700,4,2021-08-20
2021-08-20 04:00:00,0.682800,0.685150,0.682300,0.683200,4,2021-08-20
2021-08-20 08:00:00,0.682800,0.683700,0.680850,0.681450,4,2021-08-20
2021-08-20 12:00:00,0.681500,0.684050,0.681500,0.683300,4,2021-08-20
2021-08-20 16:00:00,0.683300,0.683450,0.680500,0.681650,4,2021-08-20
2021-08-20 20:00:00,0.681600,0.682050,0.680900,0.681850,1,2021-08-20
2021-08-23 00:00:00,0.682700,0.682700,0.682700,0.682700,1,2021-08-23
2021-08-23 04:00:00,0.683150,0.683750,0.681200,0.683550,3,2021-08-23
2021-08-23 08:00:00,0.683600,0.685100,0.682700,0.684500,4,2021-08-23
2021-08-23 12:00:00,0.684400,0.685600,0.683650,0.684250,4,2021-08-23
2021-08-23 16:00:00,0.684400,0.686250,0.683150,0.685850,4,2021-08-23
2021-08-23 20:00:00,0.685900,0.687900,0.685400,0.687400,4,2021-08-24
2021-08-24 00:00:00,0.687300,0.689900,0.686700,0.689650,4,2021-08-24
2021-08-24 04:00:00,0.689750,0.690500,0.688750,0.688800,4,2021-08-24
2021-08-24 08:00:00,0.688900,0.689850,0.687900,0.689000,4,2021-08-24
2021-08-24 12:00:00,0.689000,0.692150,0.688800,0.691650,4,2021-08-24
2021-08-24 16:00:00,0.691650,0.694400,0.691200,0.693500,4,2021-08-24
2021-08-24 20:00:00,0.693500,0.695300,0.693400,0.694400,4,2021-08-25
2021-08-25 00:00:00,0.694300,0.696600,0.694250,0.694500,4,2021-08-25
2021-08-25 04:00:00,0.694500,0.695700,0.694200,0.695200,4,2021-08-25
2021-08-25 08:00:00,0.695200,0.695850,0.693000,0.693550,4,2021-08-25
2021-08-25 12:00:00,0.693500,0.694800,0.693100,0.694300,4,2021-08-25
2021-08-25 16:00:00,0.694400,0.696250,0.693700,0.695800,4,2021-08-25
2021-08-25 20:00:00,0.695700,0.696700,0.694050,0.695100,4,2021-08-26
2021-08-26 00:00:00,0.695000,0.696600,0.694900,0.696400,4,2021-08-26
2021-08-26 04:00:00,0.696500,0.698250,0.696450,0.697450,4,2021-08-26
2021-08-26 08:00:00,0.697850,0.697850,0.696200,0.696550,4,2021-08-26
2021-08-26 12:00:00,0.696600,0.697000,0.695700,0.696850,4,2021-08-26
2021-08-26 16:00:00,0.696850,0.696850,0.694700,0.695550,4,2021-08-26
2021-08-26 20:00:00,0.695700,0.697700,0.695450,0.696350,4,2021-08-27
2021-08-27 00:00:00,0.696150,0.697100,0.694600,0.694800,4,2021-08-27
2021-08-27 04:00:00,0.694800,0.695250,0.694100,0.695250,4,2021-08-27
2021-08-27 08:00:00,0.695000,0.695350,0.693300,0.693950,4,2021-08-27
2021-08-27 12:00:00,0.694000,0.694900,0.693500,0.694650,4,2021-08-27
2021-08-27 16:00:00,0.694700,0.695700,0.694500,0.695700,4,2021-08-27
2021-08-27 20:00:00,0.695700,0.695900,0.694800,0.694850,1,2021-08-27
2021-08-30 04:00:00,0.700750,0.701350,0.699450,0.700950,4,2021-08-30
2021-08-30 08:00:00,0.700900,0.701500,0.700350,0.700400,4,2021-08-30
2021-08-30 12:00:00,0.700450,0.700900,0.699400,0.699500,4,2021-08-30
2021-08-30 16:00:00,0.699550,0.700750,0.698700,0.699500,4,2021-08-30
2021-08-30 20:00:00,0.699550,0.700900,0.699500,0.699650,4,2021-08-31
2021-08-31 00:00:00,0.699600,0.701000,0.699200,0.700250,4,2021-08-31
2021-08-31 04:00:00,0.700300,0.700800,0.699500,0.699650,4,2021-08-31
2021-08-31 08:00:00,0.699700,0.703850,0.699650,0.702600,4,2021-08-31
2021-08-31 12:00:00,0.702600,0.706000,0.701950,0.706000,4,2021-08-31
2021-08-31 16:00:00,0.705850,0.706700,0.705250,0.706000,4,2021-08-31
2021-08-31 20:00:00,0.705800,0.706850,0.704350,0.704400,4,2021-09-01
2021-09-01 00:00:00,0.704500,0.706050,0.703400,0.705100,4,2021-09-01
2021-09-01 04:00:00,0.705100,0.705700,0.704250,0.704600,4,2021-09-01
2021-09-01 08:00:00,0.704800,0.705550,0.703600,0.704300,4,2021-09-01
2021-09-01 12:00:00,0.704300,0.705000,0.703600,0.704900,4,2021-09-01
2021-09-01 16:00:00,0.704750,0.706700,0.704500,0.705050,4,2021-09-01
2021-09-01 20:00:00,0.705000,0.706800,0.704250,0.706400,4,2021-09-02
2021-09-02 00:00:00,0.706400,0.707800,0.706000,0.707050,4,2021-09-02
2021-09-02 04:00:00,0.707100,0.707300,0.706400,0.706700,4,2021-09-02
2021-09-02 08:00:00,0.706800,0.707250,0.706100,0.706300,4,2021-09-02
2021-09-02 12:00:00,0.706300,0.707600,0.705700,0.707600,4,2021-09-02
2021-09-02 16:00:00,0.707450,0.709200,0.707100,0.709050,4,2021-09-02
2021-09-02 20:00:00,0.709100,0.710950,0.708700,0.710700,4,2021-09-03
2021-09-03 00:00:00,0.710750,0.712000,0.709700,0.711300,4,2021-09-03
2021-09-03 04:00:00,0.711300,0.711800,0.710300,0.711000,4,2021-09-03
2021-09-03 08:00:00,0.711100,0.711900,0.710650,0.711350,4,2021-09-03
2021-09-03 12:00:00,0.711350,0.712950,0.711050,0.712700,4,2021-09-03
2021-09-03 16:00:00,0.712750,0.713150,0.711750,0.712350,4,2021-09-03
2021-09-03 20:00:00,0.712400,0.712400,0.711700,0.711850,1,2021-09-03
2021-09-06 00:00:00,0.716250,0.716250,0.716250,0.716250,1,2021-09-06
2021-09-06 04:00:00,0.715500,0.716900,0.715100,0.715600,3,2021-09-06
2021-09-06 08:00:00,0.715600,0.715900,0.713700,0.714100,4,2021-09-06
2021-09-06 12:00:00,0.714100,0.714650,0.713600,0.714200,4,2021-09-06
2021-09-06 16:00:00,0.714100,0.714700,0.712800,0.712900,4,2021-09-06
2021-09-06 20:00:00,0.712850,0.714900,0.712850,0.714100,4,2021-09-07
2021-09-07 00:00:00,0.714100,0.714100,0.712750,0.713400,4,2021-09-07
2021-09-07 04:00:00,0.713400,0.714350,0.713150,0.713550,4,2021-09-07
2021-09-07 08:00:00,0.713750,0.715300,0.713200,0.714450,4,2021-09-07
2021-09-07 12:00:00,0.714400,0.714900,0.711200,0.711850,4,2021-09-07
2021-09-07 16:00:00,0.711800,0.713600,0.711050,0.711500,4,2021-09-07
2021-09-07 20:00:00,0.711450,0.712950,0.710750,0.711150,4,2021-09-08
2021-09-08 00:00:00,0.711150,0.711400,0.708700,0.710050,4,2021-09-08
2021-09-08 04:00:00,0.710000,0.710250,0.709150,0.709850,4,2021-09-08
2021-09-08 08:00:00,0.709750,0.711400,0.709550,0.711000,4,2021-09-08
2021-09-08 12:00:00,0.711100,0.711200,0.710150,0.710400,4,2021-09-08
2021-09-08 16:00:00,0.710350,0.710450,0.708100,0.709400,4,2021-09-08
2021-09-08 20:00:00,0.709400,0.711550,0.709300,0.710100,4,2021-09-09
2021-09-09 00:00:00,0.710100,0.711000,0.707600,0.710700,4,2021-09-09
2021-09-09 04:00:00,0.710700,0.711400,0.709600,0.710500,4,2021-09-09
2021-09-09 08:00:00,0.710300,0.710550,0.708400,0.709000,4,2021-09-09
2021-09-09 12:00:00,0.709000,0.709750,0.708250,0.708900,4,2021-09-09
2021-09-09 16:00:00,0.708850,0.711800,0.708750,0.711400,4,2021-09-09
2021-09-09 20:00:00,0.711400,0.713350,0.711050,0.712400,4,2021-09-10
2021-09-10 00:00:00,0.712400,0.712800,0.711100,0.711300,4,2021-09-10
2021-09-10 04:00:00,0.711350,0.711600,0.709500,0.710850,4,2021-09-10
2021-09-10 08:00:00,0.710800,0.711700,0.709100,0.709900,4,2021-09-10
2021-09-10 12:00:00,0.709900,0.712700,0.709750,0.712350,4,2021-09-10
2021-09-10 16:00:00,0.712400,0.715750,0.711900,0.714200,4,2021-09-10
2021-09-10 20:00:00,0.714400,0.714850,0.714100,0.714600,1,2021-09-10
2021-09-13 00:00:00,0.711350,0.711350,0.711350,0.711350,1,2021-09-13
2021-09-13 04:00:00,0.711550,0.712300,0.711350,0.711500,3,2021-09-13
2021-09-13 08:00:00,0.711500,0.712100,0.710000,0.710400,4,2021-09-13
2021-09-13 12:00:00,0.710500,0.711700,0.709950,0.710600,4,2021-09-13
2021-09-13 16:00:00,0.710600,0.712000,0.709800,0.711200,4,2021-09-13
2021-09-13 20:00:00,0.711200,0.711850,0.709750,0.711400,4,2021-09-14
2021-09-14 00:00:00,0.711400,0.712300,0.710200,0.710400,4,2021-09-14
2021-09-14 04:00:00,0.710400,0.712950,0.709900,0.712000,4,2021-09-14
2021-09-14 08:00:00,0.711900,0.712400,0.711150,0.711200,4,2021-09-14
2021-09-14 12:00:00,0.711200,0.711750,0.710500,0.711000,4,2021-09-14
2021-09-14 16:00:00,0.710900,0.712550,0.710400,0.711150,4,2021-09-14
2021-09-14 20:00:00,0.711250,0.715150,0.710200,0.711900,4,2021-09-15
2021-09-15 00:00:00,0.711800,0.711950,0.709400,0.710300,4,2021-09-15
2021-09-15 04:00:00,0.710400,0.710400,0.708300,0.709850,4,2021-09-15
2021-09-15 08:00:00,0.710000,0.710000,0.708250,0.708400,4,2021-09-15
2021-09-15 12:00:00,0.708400,0.709900,0.707400,0.709250,4,2021-09-15
2021-09-15 16:00:00,0.709300,0.711000,0.708300,0.710900,4,2021-09-15
2021-09-15 20:00:00,0.710900,0.711550,0.709100,0.711500,4,2021-09-16
2021-09-16 00:00:00,0.711500,0.711800,0.709500,0.710300,4,2021-09-16
2021-09-16 04:00:00,0.710300,0.711550,0.709900,0.711100,4,2021-09-16
2021-09-16 08:00:00,0.711100,0.713900,0.710850,0.712550,4,2021-09-16
2021-09-16 12:00:00,0.712500,0.712600,0.710500,0.710500,4,2021-09-16
2021-09-16 16:00:00,0.710500,0.711850,0.710100,0.711200,4,2021-09-16
2021-09-16 20:00:00,0.711100,0.711500,0.707200,0.707750,4,2021-09-17
2021-09-17 00:00:00,0.707600,0.707600,0.706050,0.707450,4,2021-09-17
2021-09-17 04:00:00,0.707400,0.708550,0.706300,0.707150,4,2021-09-17
2021-09-17 08:00:00,0.707200,0.707750,0.706100,0.706200,4,2021-09-17
2021-09-17 12:00:00,0.706200,0.708000,0.705950,0.707850,4,2021-09-17
2021-09-17 16:00:00,0.707800,0.708700,0.706900,0.707300,4,2021-09-17
2021-09-17 20:00:00,0.707200,0.707300,0.706450,0.706800,1,2021-09-17
2021-09-20 00:00:00,0.704250,0.704250,0.704250,0.704250,1,2021-09-20
2021-09-20 04:00:00,0.704150,0.704500,0.703100,0.703450,3,2021-09-20
2021-09-20 08:00:00,0.703550,0.704300,0.702400,0.702850,4,2021-09-20
2021-09-20 12:00:00,0.702900,0.703050,0.701750,0.702900,4,2021-09-20
2021-09-20 16:00:00,0.702700,0.703000,0.701150,0.701750,4,2021-09-20
2021-09-20 20:00:00,0.701800,0.704100,0.700600,0.703200,4,2021-09-21
2021-09-21 00:00:00,0.703250,0.703800,0.701400,0.702800,4,2021-09-21
2021-09-21 04:00:00,0.702800,0.704200,0.701600,0.702500,4,2021-09-21
2021-09-21 08:00:00,0.702500,0.702800,0.700100,0.702000,4,2021-09-21
2021-09-21 12:00:00,0.702100,0.702900,0.701400,0.702450,4,2021-09-21
2021-09-21 16:00:00,0.702300,0.705700,0.701850,0.704800,4,2021-09-21
2021-09-21 20:00:00,0.704750,0.704800,0.701500,0.702000,4,2021-09-22
2021-09-22 00:00:00,0.702150,0.702150,0.699400,0.700600,4,2021-09-22
2021-09-22 04:00:00,0.700700,0.701700,0.700300,0.700550,4,2021-09-22
2021-09-22 08:00:00,0.700550,0.703200,0.699400,0.702300,4,2021-09-22
2021-09-22 12:00:00,0.702300,0.702300,0.700800,0.701700,4,2021-09-22
2021-09-22 16:00:00,0.701750,0.703050,0.701400,0.702200,4,2021-09-22
2021-09-22 20:00:00,0.702200,0.702800,0.700350,0.701400,4,2021-09-23
2021-09-23 00:00:00,0.701500,0.703250,0.701350,0.702450,4,2021-09-23
2021-09-23 04:00:00,0.702400,0.705550,0.699300,0.699950,4,2021-09-23
2021-09-23 08:00:00,0.699700,0.700950,0.698400,0.699850,4,2021-09-23
2021-09-23 12:00:00,0.699850,0.701200,0.698250,0.701000,4,2021-09-23
2021-09-23 16:00:00,0.701050,0.705700,0.700700,0.705200,4,2021-09-23
2021-09-23 20:00:00,0.705200,0.707900,0.703700,0.707850,4,2021-09-24
2021-09-24 00:00:00,0.708500,0.709350,0.707000,0.708700,4,2021-09-24
2021-09-24 04:00:00,0.708600,0.708600,0.706300,0.706800,4,2021-09-24
2021-09-24 08:00:00,0.707000,0.708050,0.706000,0.706000,4,2021-09-24
2021-09-24 12:00:00,0.706000,0.707400,0.706000,0.706600,4,2021-09-24
2021-09-24 16:00:00,0.706650,0.706900,0.703550,0.703600,4,2021-09-24
2021-09-24 20:00:00,0.703600,0.704600,0.703400,0.703950,1,2021-09-24
2021-09-27 04:00:00,0.702150,0.702150,0.699750,0.701150,3,2021-09-27
2021-09-27 08:00:00,0.701200,0.703350,0.700900,0.703000,4,2021-09-27
2021-09-27 12:00:00,0.703000,0.703250,0.701650,0.702050,4,2021-09-27
2021-09-27 16:00:00,0.702050,0.702450,0.700150,0.700500,3,2021-09-27
2021-09-27 20:00:00,0.700400,0.701750,0.699100,0.701700,4,2021-09-28
2021-09-28 00:00:00,0.701600,0.702050,0.700750,0.701700,4,2021-09-28
2021-09-28 04:00:00,0.701700,0.702150,0.700200,0.701550,4,2021-09-28
2021-09-28 08:00:00,0.701400,0.701450,0.699850,0.701050,4,2021-09-28
2021-09-28 12:00:00,0.701100,0.702500,0.700800,0.702500,4,2021-09-28
2021-09-28 16:00:00,0.702400,0.702750,0.695900,0.696300,4,2021-09-28
2021-09-28 20:00:00,0.696100,0.697350,0.695000,0.696100,4,2021-09-29
2021-09-29 00:00:00,0.696050,0.697100,0.694600,0.694900,4,2021-09-29
2021-09-29 04:00:00,0.694800,0.696200,0.694300,0.695800,4,2021-09-29
2021-09-29 08:00:00,0.695700,0.696400,0.693700,0.694400,4,2021-09-29
2021-09-29 12:00:00,0.694400,0.695400,0.694200,0.695150,4,2021-09-29
2021-09-29 16:00:00,0.695100,0.695950,0.693550,0.694050,4,2021-09-29
2021-09-29 20:00:00,0.694000,0.694300,0.689200,0.689600,4,2021-09-30
2021-09-30 00:00:00,0.689450,0.690150,0.686050,0.686300,4,2021-09-30
2021-09-30 04:00:00,0.686800,0.687800,0.686000,0.687100,4,2021-09-30
2021-09-30 08:00:00,0.687000,0.687850,0.686500,0.687600,4,2021-09-30
2021-09-30 12:00:00,0.687600,0.688700,0.687200,0.687200,4,2021-09-30
2021-09-30 16:00:00,0.687300,0.689000,0.686700,0.687150,4,2021-09-30
2021-09-30 20:00:00,0.687150,0.689750,0.685950,0.689350,4,2021-10-01
2021-10-01 00:00:00,0.689300,0.692200,0.688200,0.689300,4,2021-10-01
2021-10-01 04:00:00,0.689300,0.691500,0.688850,0.690100,4,2021-10-01
2021-10-01 08:00:00,0.690100,0.690450,0.688800,0.689900,4,2021-10-01
2021-10-01 12:00:00,0.689900,0.690000,0.688250,0.688650,4,2021-10-01
2021-10-01 16:00:00,0.688600,0.691050,0.687700,0.690400,4,2021-10-01
2021-10-01 20:00:00,0.690500,0.691250,0.689900,0.690800,1,2021-10-01
2021-10-04 04:00:00,0.694150,0.694550,0.694050,0.694150,2,2021-10-04
2021-10-04 08:00:00,0.694000,0.695300,0.693000,0.693400,4,2021-10-04
2021-10-04 12:00:00,0.693400,0.694550,0.692650,0.694400,4,2021-10-04
2021-10-04 16:00:00,0.694400,0.695350,0.693200,0.695150,4,2021-10-04
2021-10-04 20:00:00,0.695100,0.697800,0.695000,0.697650,4,2021-10-05
2021-10-05 00:00:00,0.697600,0.698200,0.695500,0.696400,4,2021-10-05
2021-10-05 04:00:00,0.696400,0.696850,0.696000,0.696200,4,2021-10-05
2021-10-05 08:00:00,0.697300,0.697350,0.695450,0.695600,4,2021-10-05
2021-10-05 12:00:00,0.695500,0.695800,0.693700,0.694200,4,2021-10-05
2021-10-05 16:00:00,0.694150,0.696200,0.692800,0.696050,4,2021-10-05
2021-10-05 20:00:00,0.696100,0.697400,0.696000,0.696600,4,2021-10-06
2021-10-06 00:00:00,0.696700,0.697650,0.695100,0.696700,4,2021-10-06
2021-10-06 04:00:00,0.696700,0.697500,0.695650,0.696400,4,2021-10-06
2021-10-06 08:00:00,0.695400,0.697050,0.694600,0.695400,4,2021-10-06
2021-10-06 12:00:00,0.695600,0.697950,0.691900,0.692600,4,2021-10-06
2021-10-06 16:00:00,0.692600,0.693100,0.688350,0.688350,4,2021-10-06
2021-10-06 20:00:00,0.688400,0.691550,0.687700,0.690800,4,2021-10-07
2021-10-07 00:00:00,0.690900,0.692000,0.689900,0.690250,4,2021-10-07
2021-10-07 04:00:00,0.690250,0.692050,0.690100,0.691450,4,2021-10-07
2021-10-07 08:00:00,0.691350,0.691950,0.690800,0.691800,4,2021-10-07
2021-10-07 12:00:00,0.691900,0.692500,0.691300,0.691800,4,2021-10-07
2021-10-07 16:00:00,0.691700,0.693500,0.690900,0.692450,4,2021-10-07
2021-10-07 20:00:00,0.692400,0.694300,0.691900,0.692550,4,2021-10-08
2021-10-08 00:00:00,0.692650,0.694400,0.691000,0.693300,4,2021-10-08
2021-10-08 04:00:00,0.693300,0.694000,0.692800,0.692800,4,2021-10-08
2021-10-08 08:00:00,0.692400,0.694200,0.692400,0.694200,4,2021-10-08
2021-10-08 12:00:00,0.694300,0.694900,0.693100,0.693150,4,2021-10-08
2021-10-08 16:00:00,0.693150,0.693300,0.690850,0.691800,4,2021-10-08
2021-10-08 20:00:00,0.691700,0.692600,0.691650,0.692500,1,2021-10-08
2021-10-11 04:00:00,0.691500,0.694150,0.690350,0.692150,2,2021-10-11
2021-10-11 08:00:00,0.692200,0.694100,0.691500,0.693800,4,2021-10-11
2021-10-11 12:00:00,0.693700,0.694700,0.692800,0.693150,4,2021-10-11
2021-10-11 16:00:00,0.693150,0.695300,0.692900,0.695250,4,2021-10-11
2021-10-11 20:00:00,0.695200,0.695650,0.693300,0.693300,4,2021-10-12
2021-10-12 00:00:00,0.693450,0.696450,0.693300,0.695050,4,2021-10-12
2021-10-12 04:00:00,0.695000,0.695000,0.693350,0.693800,4,2021-10-12
2021-10-12 08:00:00,0.694450,0.694450,0.692600,0.692650,4,2021-10-12
2021-10-12 12:00:00,0.692700,0.694250,0.692400,0.694250,4,2021-10-12
2021-10-12 16:00:00,0.694200,0.696050,0.693200,0.695800,4,2021-10-12
2021-10-12 20:00:00,0.695700,0.697000,0.693900,0.694300,4,2021-10-13
2021-10-13 00:00:00,0.694300,0.695150,0.692400,0.693800,4,2021-10-13
2021-10-13 04:00:00,0.693800,0.694200,0.693000,0.693050,4,2021-10-13
2021-10-13 08:00:00,0.693050,0.694600,0.692200,0.693300,4,2021-10-13
2021-10-13 12:00:00,0.693300,0.694850,0.692550,0.694150,4,2021-10-13
2021-10-13 16:00:00,0.694100,0.695750,0.693200,0.695550,4,2021-10-13
2021-10-13 20:00:00,0.695600,0.695800,0.691200,0.691700,4,2021-10-14
2021-10-14 00:00:00,0.691650,0.696250,0.691650,0.695800,4,2021-10-14
2021-10-14 04:00:00,0.695800,0.696900,0.695200,0.696250,4,2021-10-14
2021-10-14 08:00:00,0.695800,0.697900,0.695550,0.697500,4,2021-10-14
2021-10-14 12:00:00,0.697600,0.698250,0.696850,0.697850,4,2021-10-14
2021-10-14 16:00:00,0.697800,0.702650,0.697500,0.702000,4,2021-10-14
2021-10-14 20:00:00,0.702050,0.704150,0.701750,0.704000,4,2021-10-15
2021-10-15 00:00:00,0.703900,0.704000,0.702000,0.702700,4,2021-10-15
2021-10-15 04:00:00,0.702700,0.704250,0.702200,0.703650,4,2021-10-15
2021-10-15 08:00:00,0.703700,0.704100,0.702850,0.703650,4,2021-10-15
2021-10-15 12:00:00,0.703600,0.705650,0.703600,0.705600,4,2021-10-15
2021-10-15 16:00:00,0.705600,0.706750,0.704900,0.705250,4,2021-10-15
2021-10-15 20:00:00,0.705200,0.705600,0.704600,0.705350,1,2021-10-15
2021-10-18 04:00:00,0.706200,0.707350,0.705750,0.707300,2,2021-10-18
2021-10-18 08:00:00,0.706750,0.710500,0.706550,0.707850,4,2021-10-18
2021-10-18 12:00:00,0.707800,0.708700,0.706400,0.706400,4,2021-10-18
2021-10-18 16:00:00,0.706400,0.707250,0.705300,0.705600,4,2021-10-18
2021-10-18 20:00:00,0.705550,0.706500,0.704950,0.705650,4,2021-10-19
2021-10-19 00:00:00,0.705700,0.708500,0.705500,0.708400,4,2021-10-19
2021-10-19 04:00:00,0.708400,0.708900,0.708000,0.708600,4,2021-10-19
2021-10-19 08:00:00,0.708500,0.709650,0.707900,0.709650,4,2021-10-19
2021-10-19 12:00:00,0.709650,0.713050,0.709500,0.712600,4,2021-10-19
2021-10-19 16:00:00,0.712600,0.715150,0.712300,0.714900,4,2021-10-19
2021-10-19 20:00:00,0.714800,0.715500,0.714500,0.714700,4,2021-10-20
2021-10-20 00:00:00,0.714750,0.716700,0.714000,0.716500,4,2021-10-20
2021-10-20 04:00:00,0.716500,0.717250,0.715050,0.715350,4,2021-10-20
2021-10-20 08:00:00,0.715400,0.715800,0.714700,0.715700,4,2021-10-20
2021-10-20 12:00:00,0.715700,0.717900,0.715500,0.717800,4,2021-10-20
2021-10-20 16:00:00,0.717850,0.717950,0.716250,0.716400,4,2021-10-20
2021-10-20 20:00:00,0.716450,0.717950,0.715800,0.717600,4,2021-10-21
2021-10-21 00:00:00,0.717600,0.720650,0.717250,0.720650,4,2021-10-21
2021-10-21 04:00:00,0.720600,0.720850,0.719600,0.720150,4,2021-10-21
2021-10-21 08:00:00,0.720400,0.720700,0.718900,0.720600,4,2021-10-21
2021-10-21 12:00:00,0.720600,0.721900,0.718600,0.719100,4,2021-10-21
2021-10-21 16:00:00,0.719050,0.719650,0.717100,0.717800,4,2021-10-21
2021-10-21 20:00:00,0.717800,0.718350,0.717150,0.717500,4,2021-10-22
2021-10-22 00:00:00,0.717600,0.718550,0.715100,0.715200,4,2021-10-22
2021-10-22 04:00:00,0.715200,0.715800,0.714100,0.715700,4,2021-10-22
2021-10-22 08:00:00,0.715550,0.716350,0.714500,0.716350,4,2021-10-22
2021-10-22 12:00:00,0.716350,0.717200,0.716200,0.716800,4,2021-10-22
2021-10-22 16:00:00,0.716800,0.718950,0.716200,0.718400,4,2021-10-22
2021-10-22 20:00:00,0.718400,0.718550,0.717000,0.717450,1,2021-10-22
2021-10-25 04:00:00,0.715750,0.715750,0.714850,0.714850,2,2021-10-25
2021-10-25 08:00:00,0.714900,0.716100,0.714600,0.716000,4,2021-10-25
2021-10-25 12:00:00,0.716000,0.716700,0.714800,0.716600,4,2021-10-25
2021-10-25 16:00:00,0.716550,0.717800,0.715800,0.715800,4,2021-10-25
2021-10-25 20:00:00,0.715900,0.715900,0.713050,0.714600,4,2021-10-26
2021-10-26 00:00:00,0.714600,0.717300,0.714600,0.715800,4,2021-10-26
2021-10-26 04:00:00,0.715900,0.717000,0.715900,0.716300,4,2021-10-26
2021-10-26 08:00:00,0.716300,0.716900,0.715950,0.716800,4,2021-10-26
2021-10-26 12:00:00,0.716900,0.717650,0.715800,0.717150,4,2021-10-26
2021-10-26 16:00:00,0.717200,0.717700,0.715300,0.716850,4,2021-10-26
2021-10-26 20:00:00,0.716850,0.719350,0.716450,0.718750,4,2021-10-27
2021-10-27 00:00:00,0.718800,0.718900,0.715100,0.715600,4,2021-10-27
2021-10-27 04:00:00,0.715600,0.716600,0.715350,0.716100,4,2021-10-27
2021-10-27 08:00:00,0.717500,0.717650,0.715650,0.716100,4,2021-10-27
2021-10-27 12:00:00,0.716100,0.716800,0.715500,0.716800,4,2021-10-27
2021-10-27 16:00:00,0.716850,0.717650,0.713300,0.713400,4,2021-10-27
2021-10-27 20:00:00,0.713400,0.717150,0.713200,0.716350,4,2021-10-28
2021-10-28 00:00:00,0.716200,0.718750,0.715900,0.718300,4,2021-10-28
2021-10-28 04:00:00,0.718200,0.718900,0.716600,0.716700,4,2021-10-28
2021-10-28 08:00:00,0.716700,0.717600,0.715500,0.715900,4,2021-10-28
2021-10-28 12:00:00,0.715900,0.717850,0.715200,0.717800,4,2021-10-28
2021-10-28 16:00:00,0.717800,0.718500,0.717100,0.717450,4,2021-10-28
2021-10-28 20:00:00,0.717400,0.718450,0.716800,0.717300,4,2021-10-29
2021-10-29 00:00:00,0.717500,0.721750,0.717100,0.720150,4,2021-10-29
2021-10-29 04:00:00,0.720150,0.720550,0.718900,0.720100,4,2021-10-29
2021-10-29 08:00:00,0.719700,0.720550,0.717700,0.717800,4,2021-10-29
2021-10-29 12:00:00,0.717900,0.719050,0.717300,0.718000,4,2021-10-29
2021-10-29 16:00:00,0.718100,0.719350,0.717600,0.718050,4,2021-10-29
2021-10-29 20:00:00,0.718150,0.718150,0.717000,0.717800,1,2021-10-29
2021-11-01 04:00:00,0.715650,0.716600,0.715650,0.716450,2,2021-11-01
2021-11-01 08:00:00,0.716350,0.718000,0.715250,0.716550,4,2021-11-01
2021-11-01 12:00:00,0.716500,0.717650,0.716100,0.716600,4,2021-11-01
2021-11-01 16:00:00,0.716600,0.718350,0.716250,0.717450,4,2021-11-01
2021-11-01 20:00:00,0.717400,0.719300,0.716950,0.719100,4,2021-11-02
2021-11-02 00:00:00,0.719100,0.719850,0.717900,0.718900,4,2021-11-02
2021-11-02 04:00:00,0.718800,0.719200,0.718100,0.718200,4,2021-11-02
2021-11-02 08:00:00,0.718300,0.719050,0.717400,0.717850,4,2021-11-02
2021-11-02 12:00:00,0.717800,0.718550,0.716900,0.717800,4,2021-11-02
2021-11-02 16:00:00,0.717800,0.718350,0.716100,0.716100,4,2021-11-02
2021-11-02 20:00:00,0.716150,0.716550,0.712500,0.713800,4,2021-11-03
2021-11-03 00:00:00,0.713800,0.713850,0.709300,0.709700,4,2021-11-03
2021-11-03 04:00:00,0.709700,0.711300,0.709600,0.711100,4,2021-11-03
2021-11-03 08:00:00,0.711100,0.713150,0.710350,0.712050,4,2021-11-03
2021-11-03 12:00:00,0.712000,0.712750,0.711500,0.712100,4,2021-11-03
2021-11-03 16:00:00,0.712150,0.713950,0.712000,0.713550,4,2021-11-03
2021-11-03 20:00:00,0.713500,0.714750,0.713100,0.714400,4,2021-11-04
2021-11-04 00:00:00,0.714300,0.714300,0.712000,0.713550,4,2021-11-04
2021-11-04 04:00:00,0.713500,0.717400,0.711900,0.716000,4,2021-11-04
2021-11-04 08:00:00,0.715900,0.717900,0.715050,0.716700,4,2021-11-04
2021-11-04 12:00:00,0.716700,0.717100,0.714450,0.714450,4,2021-11-04
2021-11-04 16:00:00,0.714450,0.714800,0.713200,0.713650,4,2021-11-04
2021-11-04 20:00:00,0.713700,0.713750,0.712100,0.713050,4,2021-11-05
2021-11-05 00:00:00,0.713100,0.713100,0.709500,0.710250,4,2021-11-05
2021-11-05 04:00:00,0.710300,0.711600,0.709950,0.710300,4,2021-11-05
2021-11-05 08:00:00,0.710400,0.711000,0.709750,0.710550,4,2021-11-05
2021-11-05 12:00:00,0.710500,0.710600,0.708100,0.709600,4,2021-11-05
2021-11-05 16:00:00,0.709550,0.709600,0.707900,0.708550,4,2021-11-05
2021-11-05 20:00:00,0.708650,0.709200,0.708200,0.708200,1,2021-11-05
2021-11-08 04:00:00,0.710500,0.711050,0.710400,0.710900,1,2021-11-08
2021-11-08 08:00:00,0.710900,0.712700,0.710400,0.710600,4,2021-11-08
2021-11-08 12:00:00,0.710700,0.712050,0.710550,0.712000,2,2021-11-08
2021-11-08 16:00:00,0.713000,0.714950,0.712500,0.713750,4,2021-11-08
2021-11-08 20:00:00,0.713850,0.716850,0.713650,0.716300,4,2021-11-09
2021-11-09 00:00:00,0.716350,0.717750,0.716250,0.717250,4,2021-11-09
2021-11-09 04:00:00,0.717250,0.717450,0.715650,0.716800,4,2021-11-09
2021-11-09 08:00:00,0.716700,0.717100,0.714950,0.715250,4,2021-11-09
2021-11-09 12:00:00,0.715200,0.716550,0.714750,0.716000,4,2021-11-09
2021-11-09 16:00:00,0.716050,0.717450,0.715100,0.715500,4,2021-11-09
2021-11-09 20:00:00,0.715600,0.716500,0.714750,0.714900,4,2021-11-10
2021-11-10 00:00:00,0.714850,0.715600,0.711000,0.712300,4,2021-11-10
2021-11-10 04:00:00,0.712150,0.713750,0.711950,0.713150,4,2021-11-10
2021-11-10 08:00:00,0.713100,0.713450,0.712000,0.712300,4,2021-11-10
2021-11-10 12:00:00,0.712250,0.712650,0.710350,0.711200,4,2021-11-10
2021-11-10 16:00:00,0.711250,0.712050,0.709800,0.711150,4,2021-11-10
2021-11-10 20:00:00,0.711150,0.711350,0.708600,0.709550,4,2021-11-11
2021-11-11 00:00:00,0.709450,0.712400,0.707700,0.708800,4,2021-11-11
2021-11-11 04:00:00,0.708600,0.708700,0.705950,0.705950,4,2021-11-11
2021-11-11 08:00:00,0.705950,0.707100,0.705550,0.706500,4,2021-11-11
2021-11-11 12:00:00,0.706500,0.706600,0.703600,0.704250,4,2021-11-11
2021-11-11 16:00:00,0.704250,0.705100,0.702150,0.702950,4,2021-11-11
2021-11-11 20:00:00,0.702200,0.703350,0.701300,0.702550,4,2021-11-12
2021-11-12 00:00:00,0.702550,0.703800,0.701900,0.702600,4,2021-11-12
2021-11-12 04:00:00,0.702650,0.702700,0.701300,0.702200,4,2021-11-12
2021-11-12 08:00:00,0.702200,0.703450,0.701650,0.701950,4,2021-11-12
2021-11-12 12:00:00,0.702000,0.702000,0.699700,0.700500,4,2021-11-12
2021-11-12 16:00:00,0.700500,0.703450,0.700300,0.702700,4,2021-11-12
2021-11-12 20:00:00,0.702750,0.702750,0.701100,0.701450,2,2021-11-12
2021-11-15 04:00:00,0.704000,0.704450,0.703850,0.703900,1,2021-11-15
2021-11-15 08:00:00,0.703900,0.704700,0.703000,0.704100,4,2021-11-15
2021-11-15 12:00:00,0.704100,0.705100,0.703500,0.704800,4,2021-11-15
2021-11-15 16:00:00,0.704800,0.706800,0.704750,0.706750,4,2021-11-15
2021-11-15 20:00:00,0.706700,0.708150,0.706400,0.707400,4,2021-11-16
2021-11-16 00:00:00,0.707400,0.707800,0.705500,0.705850,4,2021-11-16
2021-11-16 04:00:00,0.705750,0.706350,0.703900,0.704150,4,2021-11-16
2021-11-16 08:00:00,0.704100,0.706100,0.703750,0.704550,4,2021-11-16
2021-11-16 12:00:00,0.704500,0.706450,0.704500,0.704800,4,2021-11-16
2021-11-16 16:00:00,0.704750,0.705300,0.702550,0.703200,4,2021-11-16
2021-11-16 20:00:00,0.703100,0.703450,0.701800,0.702100,4,2021-11-17
2021-11-17 00:00:00,0.702000,0.702750,0.699150,0.699300,4,2021-11-17
2021-11-17 04:00:00,0.699250,0.700150,0.698600,0.698900,4,2021-11-17
2021-11-17 08:00:00,0.698800,0.699500,0.698500,0.699000,4,2021-11-17
2021-11-17 12:00:00,0.699000,0.699900,0.698000,0.699900,4,2021-11-17
2021-11-17 16:00:00,0.699900,0.702100,0.699600,0.701750,4,2021-11-17
2021-11-17 20:00:00,0.701900,0.701900,0.699500,0.700500,4,2021-11-18
2021-11-18 00:00:00,0.700550,0.701100,0.698700,0.699300,4,2021-11-18
2021-11-18 04:00:00,0.700100,0.700600,0.699000,0.699900,4,2021-11-18
2021-11-18 08:00:00,0.699900,0.701100,0.699400,0.700550,4,2021-11-18
2021-11-18 12:00:00,0.700500,0.703050,0.699450,0.702350,4,2021-11-18
2021-11-18 16:00:00,0.702300,0.704650,0.701900,0.703900,4,2021-11-18
2021-11-18 20:00:00,0.703900,0.705300,0.703600,0.704300,4,2021-11-19
2021-11-19 00:00:00,0.704300,0.704750,0.700850,0.702900,4,2021-11-19
2021-11-19 04:00:00,0.702850,0.704400,0.702850,0.704300,4,2021-11-19
2021-11-19 08:00:00,0.704200,0.705000,0.703550,0.703600,4,2021-11-19
2021-11-19 12:00:00,0.703650,0.704600,0.702700,0.703400,4,2021-11-19
2021-11-19 16:00:00,0.703450,0.704450,0.701850,0.702100,4,2021-11-19
2021-11-19 20:00:00,0.701950,0.702050,0.699500,0.700700,2,2021-11-19
2021-11-22 04:00:00,0.701550,0.701550,0.700700,0.700700,1,2021-11-22
2021-11-22 08:00:00,0.700700,0.701200,0.698500,0.698950,4,2021-11-22
2021-11-22 12:00:00,0.699100,0.700700,0.698250,0.700450,4,2021-11-22
2021-11-22 16:00:00,0.700450,0.701400,0.699600,0.699650,4,2021-11-22
2021-11-22 20:00:00,0.699700,0.701100,0.699200,0.700450,4,2021-11-23
2021-11-23 00:00:00,0.700400,0.701450,0.696350,0.696500,4,2021-11-23
2021-11-23 04:00:00,0.696650,0.696650,0.695100,0.695300,4,2021-11-23
2021-11-23 08:00:00,0.695300,0.697700,0.694700,0.695150,4,2021-11-23
2021-11-23 12:00:00,0.695150,0.696000,0.692700,0.692800,4,2021-11-23
2021-11-23 16:00:00,0.692850,0.695000,0.692400,0.693400,4,2021-11-23
2021-11-23 20:00:00,0.693500,0.694250,0.691600,0.691800,4,2021-11-24
2021-11-24 00:00:00,0.691700,0.694850,0.691700,0.694400,4,2021-11-24
2021-11-24 04:00:00,0.694400,0.695650,0.693600,0.695450,4,2021-11-24
2021-11-24 08:00:00,0.695300,0.695700,0.693950,0.694000,4,2021-11-24
2021-11-24 12:00:00,0.693650,0.695150,0.689600,0.690400,4,2021-11-24
2021-11-24 16:00:00,0.690450,0.692350,0.690200,0.691300,4,2021-11-24
2021-11-24 20:00:00,0.691350,0.692250,0.689100,0.689250,4,2021-11-25
2021-11-25 00:00:00,0.689200,0.689500,0.686500,0.686800,4,2021-11-25
2021-11-25 04:00:00,0.686800,0.687400,0.685550,0.687400,4,2021-11-25
2021-11-25 08:00:00,0.687350,0.689100,0.686650,0.688750,4,2021-11-25
2021-11-25 12:00:00,0.688800,0.689350,0.687000,0.687250,4,2021-11-25
2021-11-25 16:00:00,0.687250,0.688150,0.686050,0.686200,4,2021-11-25
2021-11-25 20:00:00,0.686250,0.686600,0.684400,0.684450,4,2021-11-26
2021-11-26 00:00:00,0.684350,0.686150,0.684000,0.686000,4,2021-11-26
2021-11-26 04:00:00,0.685950,0.687250,0.684850,0.685700,4,2021-11-26
2021-11-26 08:00:00,0.685750,0.686050,0.683600,0.684250,4,2021-11-26
2021-11-26 12:00:00,0.684300,0.684700,0.681800,0.682600,4,2021-11-26
2021-11-26 16:00:00,0.682500,0.682650,0.680450,0.682500,4,2021-11-26
2021-11-26 20:00:00,0.682500,0.683550,0.681400,0.681950,2,2021-11-26
2021-11-29 04:00:00,0.684000,0.684000,0.683800,0.683950,1,2021-11-29
2021-11-29 08:00:00,0.684000,0.684000,0.681200,0.682500,4,2021-11-29
2021-11-29 12:00:00,0.682500,0.683650,0.682200,0.682850,4,2021-11-29
2021-11-29 16:00:00,0.682850,0.683600,0.682150,0.682850,4,2021-11-29
2021-11-29 20:00:00,0.682850,0.683950,0.681000,0.681550,4,2021-11-30
2021-11-30 00:00:00,0.681600,0.681950,0.678800,0.678950,4,2021-11-30
2021-11-30 04:00:00,0.678900,0.681150,0.678800,0.681000,4,2021-11-30
2021-11-30 08:00:00,0.680900,0.683550,0.680750,0.681600,4,2021-11-30
2021-11-30 12:00:00,0.681700,0.683550,0.681500,0.682700,4,2021-11-30
2021-11-30 16:00:00,0.682700,0.682950,0.678200,0.681200,4,2021-11-30
2021-11-30 20:00:00,0.681150,0.682950,0.680250,0.682400,4,2021-12-01
2021-12-01 00:00:00,0.682400,0.685600,0.677300,0.679500,4,2021-12-01
2021-12-01 04:00:00,0.679500,0.683050,0.678700,0.682400,4,2021-12-01
2021-12-01 08:00:00,0.682500,0.682950,0.681300,0.682450,4,2021-12-01
2021-12-01 12:00:00,0.682400,0.685950,0.682150,0.685700,4,2021-12-01
2021-12-01 16:00:00,0.685750,0.686250,0.683500,0.683700,4,2021-12-01
2021-12-01 20:00:00,0.683700,0.686000,0.683700,0.683900,4,2021-12-02
2021-12-02 00:00:00,0.684000,0.686850,0.683400,0.683950,4,2021-12-02
2021-12-02 04:00:00,0.684000,0.684050,0.680350,0.680500,4,2021-12-02
2021-12-02 08:00:00,0.680500,0.681750,0.680500,0.681000,4,2021-12-02
2021-12-02 12:00:00,0.681100,0.682600,0.680900,0.681500,4,2021-12-02
2021-12-02 16:00:00,0.681450,0.682350,0.680900,0.682000,4,2021-12-02
2021-12-02 20:00:00,0.682000,0.682450,0.680200,0.681050,4,2021-12-03
2021-12-03 00:00:00,0.681100,0.683150,0.679900,0.681600,4,2021-12-03
2021-12-03 04:00:00,0.681600,0.682250,0.680300,0.681600,4,2021-12-03
2021-12-03 08:00:00,0.681500,0.682450,0.679900,0.679900,4,2021-12-03
2021-12-03 12:00:00,0.679900,0.680000,0.678400,0.679450,4,2021-12-03
2021-12-03 16:00:00,0.679500,0.680250,0.677600,0.677650,4,2021-12-03
2021-12-03 20:00:00,0.677700,0.677950,0.677300,0.677850,2,2021-12-03
2021-12-06 04:00:00,0.676600,0.676900,0.676050,0.676500,1,2021-12-06
2021-12-06 08:00:00,0.676550,0.676650,0.674400,0.674800,4,2021-12-06
2021-12-06 12:00:00,0.674850,0.676050,0.674400,0.675850,4,2021-12-06
2021-12-06 16:00:00,0.675800,0.675850,0.674100,0.674650,4,2021-12-06
2021-12-06 20:00:00,0.674650,0.676450,0.674300,0.675500,4,2021-12-07
2021-12-07 00:00:00,0.675600,0.676400,0.674100,0.674800,4,2021-12-07
2021-12-07 04:00:00,0.674800,0.675700,0.674000,0.675450,4,2021-12-07
2021-12-07 08:00:00,0.675400,0.675750,0.673650,0.674600,4,2021-12-07
2021-12-07 12:00:00,0.674550,0.676200,0.674000,0.676000,4,2021-12-07
2021-12-07 16:00:00,0.676000,0.677950,0.675750,0.676850,4,2021-12-07
2021-12-07 20:00:00,0.676800,0.678050,0.675850,0.677150,4,2021-12-08
2021-12-08 00:00:00,0.677050,0.678700,0.675300,0.677650,4,2021-12-08
2021-12-08 04:00:00,0.677650,0.678750,0.676450,0.678650,4,2021-12-08
2021-12-08 08:00:00,0.678600,0.679300,0.676850,0.678350,4,2021-12-08
2021-12-08 12:00:00,0.678400,0.680050,0.677700,0.679500,4,2021-12-08
2021-12-08 16:00:00,0.679300,0.679450,0.677650,0.678200,4,2021-12-08
2021-12-08 20:00:00,0.678150,0.678450,0.676700,0.677900,4,2021-12-09
2021-12-09 00:00:00,0.677850,0.681150,0.677500,0.680700,4,2021-12-09
2021-12-09 04:00:00,0.680650,0.681900,0.680650,0.681500,4,2021-12-09
2021-12-09 08:00:00,0.681500,0.681600,0.680350,0.680550,4,2021-12-09
2021-12-09 12:00:00,0.680400,0.681500,0.680200,0.681350,4,2021-12-09
2021-12-09 16:00:00,0.681200,0.682300,0.680800,0.681100,4,2021-12-09
2021-12-09 20:00:00,0.681100,0.681200,0.678400,0.678650,4,2021-12-10
2021-12-10 00:00:00,0.678600,0.679550,0.678050,0.678250,4,2021-12-10
2021-12-10 04:00:00,0.678150,0.679550,0.678050,0.679500,4,2021-12-10
2021-12-10 08:00:00,0.679400,0.680050,0.679100,0.679450,4,2021-12-10
2021-12-10 12:00:00,0.679500,0.680700,0.678950,0.679500,4,2021-12-10
2021-12-10 16:00:00,0.679500,0.679600,0.677700,0.677850,4,2021-12-10
2021-12-10 20:00:00,0.677800,0.677950,0.676950,0.677100,2,2021-12-10
2021-12-13 04:00:00,0.680200,0.680200,0.679550,0.680200,1,2021-12-13
2021-12-13 08:00:00,0.680200,0.680650,0.679200,0.679500,4,2021-12-13
2021-12-13 12:00:00,0.679400,0.680150,0.678650,0.679650,4,2021-12-13
2021-12-13 16:00:00,0.679650,0.679700,0.677600,0.677800,4,2021-12-13
2021-12-13 20:00:00,0.677650,0.677950,0.676950,0.677350,4,2021-12-14
2021-12-14 00:00:00,0.677500,0.677850,0.675000,0.675000,3,2021-12-14
2021-12-14 04:00:00,0.675950,0.676850,0.675050,0.675050,4,2021-12-14
2021-12-14 08:00:00,0.675100,0.676450,0.674650,0.674800,4,2021-12-14
2021-12-14 12:00:00,0.674800,0.675250,0.673550,0.674300,4,2021-12-14
2021-12-14 16:00:00,0.674350,0.676300,0.673700,0.675700,4,2021-12-14
2021-12-14 20:00:00,0.675700,0.677150,0.675300,0.676050,4,2021-12-15
2021-12-15 00:00:00,0.676050,0.676400,0.674300,0.674500,4,2021-12-15
2021-12-15 04:00:00,0.674500,0.674950,0.674000,0.674200,4,2021-12-15
2021-12-15 08:00:00,0.674200,0.675050,0.673300,0.673750,4,2021-12-15
2021-12-15 12:00:00,0.673800,0.674000,0.672650,0.673600,4,2021-12-15
2021-12-15 16:00:00,0.673600,0.675750,0.673500,0.675500,4,2021-12-15
2021-12-15 20:00:00,0.675500,0.676150,0.673150,0.674850,4,2021-12-16
2021-12-16 00:00:00,0.674800,0.675350,0.672700,0.673300,4,2021-12-16
2021-12-16 04:00:00,0.673300,0.678350,0.670300,0.678200,4,2021-12-16
2021-12-16 08:00:00,0.678200,0.679050,0.676150,0.677450,4,2021-12-16
2021-12-16 12:00:00,0.677400,0.677800,0.675750,0.676650,4,2021-12-16
2021-12-16 16:00:00,0.676750,0.681400,0.675900,0.681050,4,2021-12-16
2021-12-16 20:00:00,0.681100,0.682750,0.680450,0.682300,4,2021-12-17
2021-12-17 00:00:00,0.682200,0.683400,0.680100,0.680850,4,2021-12-17
2021-12-17 04:00:00,0.681050,0.681150,0.678250,0.679500,4,2021-12-17
2021-12-17 08:00:00,0.679450,0.680600,0.679100,0.679800,4,2021-12-17
2021-12-17 12:00:00,0.679600,0.680000,0.677450,0.678050,4,2021-12-17
2021-12-17 16:00:00,0.678050,0.678500,0.676900,0.678050,4,2021-12-17
2021-12-17 20:00:00,0.678100,0.678100,0.675800,0.676000,2,2021-12-17
2021-12-20 04:00:00,0.674600,0.675500,0.674550,0.675400,1,2021-12-20
2021-12-20 08:00:00,0.675400,0.675400,0.672600,0.673400,4,2021-12-20
2021-12-20 12:00:00,0.673400,0.674050,0.672050,0.672200,4,2021-12-20
2021-12-20 16:00:00,0.672300,0.672500,0.670750,0.671400,4,2021-12-20
2021-12-20 20:00:00,0.671400,0.672350,0.670200,0.671700,4,2021-12-21
2021-12-21 00:00:00,0.671700,0.673250,0.671000,0.671850,4,2021-12-21
2021-12-21 04:00:00,0.671800,0.672250,0.671100,0.671400,4,2021-12-21
2021-12-21 08:00:00,0.671400,0.672550,0.670550,0.671250,4,2021-12-21
2021-12-21 12:00:00,0.671300,0.672950,0.670400,0.672400,4,2021-12-21
2021-12-21 16:00:00,0.672400,0.674800,0.672150,0.674300,4,2021-12-21
2021-12-21 20:00:00,0.674400,0.675950,0.674400,0.675500,4,2021-12-22
2021-12-22 00:00:00,0.675500,0.675950,0.674550,0.675350,4,2021-12-22
2021-12-22 04:00:00,0.675400,0.676900,0.675200,0.676800,4,2021-12-22
2021-12-22 08:00:00,0.676800,0.677400,0.675500,0.675700,4,2021-12-22
2021-12-22 12:00:00,0.675700,0.676500,0.674400,0.674700,4,2021-12-22
2021-12-22 16:00:00,0.674700,0.676450,0.674000,0.676350,4,2021-12-22
2021-12-22 20:00:00,0.676250,0.678300,0.676200,0.677900,4,2021-12-23
2021-12-23 00:00:00,0.677800,0.681850,0.677650,0.681700,4,2021-12-23
2021-12-23 04:00:00,0.681600,0.682250,0.681350,0.681800,4,2021-12-23
2021-12-23 08:00:00,0.681900,0.682100,0.680000,0.680750,4,2021-12-23
2021-12-23 12:00:00,0.680800,0.681200,0.679550,0.681050,4,2021-12-23
2021-12-23 16:00:00,0.681050,0.683750,0.681000,0.682750,4,2021-12-23
2021-12-23 20:00:00,0.682800,0.684150,0.680850,0.681000,4,2021-12-24
2021-12-24 00:00:00,0.681050,0.683000,0.680400,0.682600,4,2021-12-24
2021-12-24 04:00:00,0.682500,0.683850,0.682300,0.683050,4,2021-12-24
2021-12-24 08:00:00,0.683050,0.683300,0.681200,0.682450,4,2021-12-24
2021-12-24 12:00:00,0.682450,0.682450,0.680950,0.681350,4,2021-12-24
2021-12-24 16:00:00,0.681350,0.683350,0.681200,0.682400,4,2021-12-24
2021-12-24 20:00:00,0.682450,0.682750,0.681750,0.682500,2,2021-12-24
2021-12-27 08:00:00,0.682950,0.683150,0.680100,0.681300,4,2021-12-27
2021-12-27 12:00:00,0.681400,0.682600,0.681300,0.681800,4,2021-12-27
2021-12-27 16:00:00,0.681750,0.681850,0.680100,0.680150,4,2021-12-27
2021-12-27 20:00:00,0.680100,0.680250,0.679000,0.679400,4,2021-12-28
2021-12-28 00:00:00,0.679400,0.681800,0.678900,0.681050,4,2021-12-28
2021-12-28 04:00:00,0.681000,0.682150,0.680500,0.681600,4,2021-12-28
2021-12-28 08:00:00,0.681650,0.682350,0.680650,0.681600,4,2021-12-28
2021-12-28 12:00:00,0.681600,0.681700,0.680500,0.681250,4,2021-12-28
2021-12-28 16:00:00,0.681200,0.681850,0.680300,0.680750,4,2021-12-28
2021-12-28 20:00:00,0.680800,0.682500,0.680550,0.682200,4,2021-12-29
2021-12-29 00:00:00,0.682200,0.682950,0.679000,0.679900,4,2021-12-29
2021-12-29 04:00:00,0.679950,0.680600,0.678950,0.680350,4,2021-12-29
2021-12-29 08:00:00,0.680300,0.681300,0.679800,0.680650,4,2021-12-29
2021-12-29 12:00:00,0.680650,0.681050,0.679050,0.680300,4,2021-12-29
2021-12-29 16:00:00,0.680400,0.680500,0.678900,0.679750,4,2021-12-29
2021-12-29 20:00:00,0.679750,0.680400,0.678900,0.679900,4,2021-12-30
2021-12-30 00:00:00,0.679900,0.684300,0.679700,0.682500,4,2021-12-30
2021-12-30 04:00:00,0.682600,0.683350,0.681700,0.682800,4,2021-12-30
2021-12-30 08:00:00,0.682800,0.684350,0.682650,0.684050,4,2021-12-30
2021-12-30 12:00:00,0.683950,0.684900,0.683600,0.684150,4,2021-12-30
2021-12-30 16:00:00,0.684150,0.684150,0.681600,0.681800,4,2021-12-30
2021-12-30 20:00:00,0.681800,0.685550,0.681700,0.685300,4,2021-12-31
2021-12-31 00:00:00,0.685300,0.685750,0.682550,0.683800,4,2021-12-31
2021-12-31 04:00:00,0.683800,0.683900,0.682000,0.683300,4,2021-12-31
2021-12-31 08:00:00,0.683300,0.683700,0.682300,0.683250,4,2021-12-31
2021-12-31 12:00:00,0.683300,0.683700,0.682050,0.682600,4,2021-12-31
2021-12-31 16:00:00,0.682700,0.683900,0.682550,0.683500,4,2021-12-31
2021-12-31 20:00:00,0.683500,0.684800,0.683300,0.683700,2,2021-12-31
2022-01-03 04:00:00,0.683350,0.683350,0.683350,0.683350,1,2022-01-03
2022-01-03 08:00:00,0.683350,0.684900,0.683350,0.684750,4,2022-01-03
2022-01-03 12:00:00,0.684800,0.685700,0.682300,0.683100,4,2022-01-03
2022-01-03 16:00:00,0.683100,0.684650,0.682800,0.684150,4,2022-01-03
2022-01-03 20:00:00,0.684100,0.684250,0.682200,0.682550,4,2022-01-04
2022-01-04 00:00:00,0.682450,0.682600,0.677450,0.678500,4,2022-01-04
2022-01-04 04:00:00,0.678500,0.679700,0.678250,0.678500,4,2022-01-04
2022-01-04 08:00:00,0.678300,0.679600,0.677850,0.679550,4,2022-01-04
2022-01-04 12:00:00,0.679600,0.680450,0.678500,0.679200,4,2022-01-04
2022-01-04 16:00:00,0.679200,0.679900,0.678750,0.679050,4,2022-01-04
2022-01-04 20:00:00,0.679000,0.679950,0.676500,0.676550,4,2022-01-05
2022-01-05 00:00:00,0.676650,0.682400,0.676500,0.680700,4,2022-01-05
2022-01-05 04:00:00,0.680700,0.681300,0.679900,0.680800,4,2022-01-05
2022-01-05 08:00:00,0.680900,0.682050,0.680000,0.681200,4,2022-01-05
2022-01-05 12:00:00,0.681100,0.681900,0.679800,0.680250,4,2022-01-05
2022-01-05 16:00:00,0.680350,0.680950,0.679500,0.680600,4,2022-01-05
2022-01-05 20:00:00,0.680600,0.682350,0.680550,0.681600,4,2022-01-06
2022-01-06 00:00:00,0.681600,0.683750,0.681150,0.682600,4,2022-01-06
2022-01-06 04:00:00,0.682600,0.683350,0.679050,0.679450,4,2022-01-06
2022-01-06 08:00:00,0.679400,0.679950,0.678650,0.678900,4,2022-01-06
2022-01-06 12:00:00,0.679000,0.679350,0.676000,0.676100,4,2022-01-06
2022-01-06 16:00:00,0.676050,0.676050,0.673400,0.674250,4,2022-01-06
2022-01-06 20:00:00,0.674300,0.676850,0.673800,0.675550,4,2022-01-07
2022-01-07 00:00:00,0.675600,0.676650,0.673400,0.674750,4,2022-01-07
2022-01-07 04:00:00,0.674850,0.675500,0.674000,0.674400,4,2022-01-07
2022-01-07 08:00:00,0.674500,0.675050,0.673900,0.674500,4,2022-01-07
2022-01-07 12:00:00,0.674550,0.675650,0.674500,0.675250,4,2022-01-07
2022-01-07 16:00:00,0.675200,0.675650,0.674200,0.675100,4,2022-01-07
2022-01-07 20:00:00,0.675200,0.675700,0.674750,0.675200,2,2022-01-07
2022-01-10 04:00:00,0.677150,0.678150,0.677000,0.677600,1,2022-01-10
2022-01-10 08:00:00,0.677600,0.678200,0.676750,0.677550,4,2022-01-10
2022-01-10 12:00:00,0.677600,0.678150,0.676950,0.677050,4,2022-01-10
2022-01-10 16:00:00,0.677000,0.678350,0.675900,0.677050,4,2022-01-10
2022-01-10 20:00:00,0.677100,0.678000,0.675600,0.675600,4,2022-01-11
2022-01-11 00:00:00,0.675700,0.675950,0.673600,0.675350,4,2022-01-11
2022-01-11 04:00:00,0.675350,0.676500,0.674800,0.676400,4,2022-01-11
2022-01-11 08:00:00,0.676300,0.677400,0.675700,0.676900,4,2022-01-11
2022-01-11 12:00:00,0.676900,0.677450,0.675500,0.677000,4,2022-01-11
2022-01-11 16:00:00,0.676950,0.677950,0.675600,0.677300,4,2022-01-11
2022-01-11 20:00:00,0.677350,0.677950,0.675550,0.675600,4,2022-01-12
2022-01-12 00:00:00,0.675700,0.677650,0.674100,0.677200,4,2022-01-12
2022-01-12 04:00:00,0.677200,0.679150,0.676750,0.678400,4,2022-01-12
2022-01-12 08:00:00,0.678450,0.679200,0.678100,0.678800,4,2022-01-12
2022-01-12 12:00:00,0.678700,0.679300,0.678000,0.679050,4,2022-01-12
2022-01-12 16:00:00,0.679000,0.679750,0.677400,0.678100,4,2022-01-12
2022-01-12 20:00:00,0.678100,0.678550,0.677550,0.677650,4,2022-01-13
2022-01-13 00:00:00,0.677700,0.684850,0.677550,0.684700,4,2022-01-13
2022-01-13 04:00:00,0.684700,0.685700,0.684100,0.685600,4,2022-01-13
2022-01-13 08:00:00,0.685500,0.685800,0.683000,0.685300,4,2022-01-13
2022-01-13 12:00:00,0.685450,0.686250,0.684300,0.686000,4,2022-01-13
2022-01-13 16:00:00,0.686000,0.688150,0.685250,0.687500,4,2022-01-13
2022-01-13 20:00:00,0.687600,0.688450,0.687000,0.687050,4,2022-01-14
2022-01-14 00:00:00,0.687100,0.689100,0.687050,0.688000,4,2022-01-14
2022-01-14 04:00:00,0.688100,0.688100,0.685800,0.686000,4,2022-01-14
2022-01-14 08:00:00,0.686050,0.686600,0.685400,0.685800,4,2022-01-14
2022-01-14 12:00:00,0.685900,0.686400,0.684950,0.686050,4,2022-01-14
2022-01-14 16:00:00,0.686000,0.687450,0.685850,0.686000,4,2022-01-14
2022-01-14 20:00:00,0.686000,0.686450,0.685050,0.685100,2,2022-01-14
2022-01-17 04:00:00,0.681250,0.681750,0.681150,0.681350,1,2022-01-17
2022-01-17 08:00:00,0.681350,0.681700,0.679800,0.679800,4,2022-01-17
2022-01-17 12:00:00,0.679800,0.680700,0.678750,0.680100,4,2022-01-17
2022-01-17 16:00:00,0.680100,0.681850,0.679600,0.681400,4,2022-01-17
2022-01-17 20:00:00,0.681400,0.681600,0.680100,0.680150,4,2022-01-18
2022-01-18 00:00:00,0.680150,0.680700,0.679200,0.679750,4,2022-01-18
2022-01-18 04:00:00,0.679800,0.681100,0.679400,0.679500,4,2022-01-18
2022-01-18 08:00:00,0.679450,0.681250,0.679050,0.680200,4,2022-01-18
2022-01-18 12:00:00,0.680200,0.680850,0.676400,0.677900,4,2022-01-18
2022-01-18 16:00:00,0.677900,0.678550,0.676700,0.677400,4,2022-01-18
2022-01-18 20:00:00,0.677300,0.678300,0.676400,0.677600,4,2022-01-19
2022-01-19 00:00:00,0.677550,0.678200,0.675850,0.676850,4,2022-01-19
2022-01-19 04:00:00,0.677000,0.677500,0.675300,0.676550,4,2022-01-19
2022-01-19 08:00:00,0.676700,0.677550,0.676400,0.677300,4,2022-01-19
2022-01-19 12:00:00,0.677500,0.679050,0.676950,0.678300,4,2022-01-19
2022-01-19 16:00:00,0.678350,0.679150,0.677700,0.678500,4,2022-01-19
2022-01-19 20:00:00,0.678600,0.679900,0.678400,0.678900,4,2022-01-20
2022-01-20 00:00:00,0.679000,0.681100,0.678700,0.679100,4,2022-01-20
2022-01-20 04:00:00,0.679100,0.680000,0.678900,0.679000,4,2022-01-20
2022-01-20 08:00:00,0.678900,0.679050,0.677200,0.678250,4,2022-01-20
2022-01-20 12:00:00,0.678150,0.679000,0.676350,0.676700,4,2022-01-20
2022-01-20 16:00:00,0.676650,0.678150,0.675600,0.677300,4,2022-01-20
2022-01-20 20:00:00,0.677350,0.678050,0.676900,0.677450,4,2022-01-21
2022-01-21 00:00:00,0.677500,0.680550,0.677350,0.679300,4,2022-01-21
2022-01-21 04:00:00,0.679250,0.679600,0.675250,0.675500,4,2022-01-21
2022-01-21 08:00:00,0.675400,0.675950,0.673400,0.673600,4,2022-01-21
2022-01-21 12:00:00,0.673700,0.673950,0.672350,0.673000,4,2022-01-21
2022-01-21 16:00:00,0.673000,0.673550,0.671400,0.672000,4,2022-01-21
2022-01-21 20:00:00,0.672050,0.673150,0.670800,0.673150,2,2022-01-21
2022-01-24 04:00:00,0.671450,0.672300,0.671450,0.671750,1,2022-01-24
2022-01-24 08:00:00,0.671750,0.672250,0.670800,0.671150,4,2022-01-24
2022-01-24 12:00:00,0.671100,0.672700,0.670650,0.672000,4,2022-01-24
2022-01-24 16:00:00,0.671950,0.672100,0.669900,0.670150,4,2022-01-24
2022-01-24 20:00:00,0.670050,0.671050,0.668450,0.668650,4,2022-01-25
2022-01-25 00:00:00,0.668650,0.668850,0.666100,0.666950,4,2022-01-25
2022-01-25 04:00:00,0.667000,0.670250,0.666000,0.669750,4,2022-01-25
2022-01-25 08:00:00,0.669700,0.670700,0.668600,0.669400,4,2022-01-25
2022-01-25 12:00:00,0.669200,0.669650,0.666900,0.667250,4,2022-01-25
2022-01-25 16:00:00,0.667200,0.668150,0.667000,0.667400,4,2022-01-25
2022-01-25 20:00:00,0.667300,0.668750,0.666200,0.666300,4,2022-01-26
2022-01-26 00:00:00,0.666400,0.668050,0.666000,0.667050,4,2022-01-26
2022-01-26 04:00:00,0.667000,0.669950,0.666900,0.668700,4,2022-01-26
2022-01-26 08:00:00,0.668800,0.669550,0.668000,0.668200,4,2022-01-26
2022-01-26 12:00:00,0.668250,0.669150,0.667800,0.668500,4,2022-01-26
2022-01-26 16:00:00,0.668450,0.669650,0.668100,0.668600,4,2022-01-26
2022-01-26 20:00:00,0.668500,0.669850,0.668500,0.668800,4,2022-01-27
2022-01-27 00:00:00,0.668800,0.669150,0.667800,0.668900,4,2022-01-27
2022-01-27 04:00:00,0.668800,0.670200,0.663850,0.665300,4,2022-01-27
2022-01-27 08:00:00,0.665250,0.666100,0.663800,0.663800,4,2022-01-27
2022-01-27 12:00:00,0.663800,0.663950,0.660400,0.660600,4,2022-01-27
2022-01-27 16:00:00,0.660650,0.661950,0.659600,0.661800,4,2022-01-27
2022-01-27 20:00:00,0.661700,0.663200,0.661200,0.661300,4,2022-01-28
2022-01-28 00:00:00,0.661400,0.662750,0.658700,0.658850,4,2022-01-28
2022-01-28 04:00:00,0.658900,0.659050,0.657000,0.657700,4,2022-01-28
2022-01-28 08:00:00,0.657700,0.659150,0.657000,0.657550,4,2022-01-28
2022-01-28 12:00:00,0.657550,0.658400,0.657300,0.657700,4,2022-01-28
2022-01-28 16:00:00,0.657600,0.658950,0.655400,0.656000,4,2022-01-28
2022-01-28 20:00:00,0.656100,0.656250,0.654150,0.654700,2,2022-01-28
2022-01-31 04:00:00,0.655550,0.655550,0.655550,0.655550,1,2022-01-31
2022-01-31 08:00:00,0.655200,0.655600,0.654000,0.654400,4,2022-01-31
2022-01-31 12:00:00,0.654300,0.656500,0.654300,0.656300,4,2022-01-31
2022-01-31 16:00:00,0.656250,0.658300,0.656100,0.657900,4,2022-01-31
2022-01-31 20:00:00,0.657900,0.658400,0.656150,0.657300,4,2022-02-01
2022-02-01 00:00:00,0.657400,0.659750,0.656150,0.657850,4,2022-02-01
2022-02-01 04:00:00,0.657800,0.658900,0.657150,0.657900,4,2022-02-01
2022-02-01 08:00:00,0.657900,0.658100,0.656600,0.657000,4,2022-02-01
2022-02-01 12:00:00,0.657100,0.659150,0.656700,0.658950,4,2022-02-01
2022-02-01 16:00:00,0.658850,0.660550,0.658150,0.660300,4,2022-02-01
2022-02-01 20:00:00,0.660350,0.661900,0.659150,0.660700,4,2022-02-02
2022-02-02 00:00:00,0.660800,0.662600,0.659600,0.661950,4,2022-02-02
2022-02-02 04:00:00,0.662000,0.664600,0.661900,0.664500,4,2022-02-02
2022-02-02 08:00:00,0.664500,0.665000,0.663100,0.664700,4,2022-02-02
2022-02-02 12:00:00,0.664700,0.664900,0.662900,0.663100,4,2022-02-02
2022-02-02 16:00:00,0.663100,0.663900,0.662950,0.663300,4,2022-02-02
2022-02-02 20:00:00,0.663200,0.665400,0.662900,0.665400,4,2022-02-03
2022-02-03 00:00:00,0.665300,0.666250,0.663000,0.663200,4,2022-02-03
2022-02-03 04:00:00,0.663200,0.664250,0.663100,0.663500,4,2022-02-03
2022-02-03 08:00:00,0.663550,0.664400,0.661000,0.661800,4,2022-02-03
2022-02-03 12:00:00,0.661900,0.663850,0.661800,0.662000,4,2022-02-03
2022-02-03 16:00:00,0.662050,0.663700,0.661900,0.663700,4,2022-02-03
2022-02-03 20:00:00,0.663750,0.665050,0.662500,0.664900,4,2022-02-04
2022-02-04 00:00:00,0.664850,0.668200,0.663800,0.666200,4,2022-02-04
2022-02-04 04:00:00,0.666200,0.667000,0.665350,0.665800,4,2022-02-04
2022-02-04 08:00:00,0.665700,0.667450,0.665400,0.667250,4,2022-02-04
2022-02-04 12:00:00,0.667150,0.668300,0.666100,0.667900,4,2022-02-04
2022-02-04 16:00:00,0.667950,0.668050,0.664200,0.664450,4,2022-02-04
2022-02-04 20:00:00,0.664400,0.665150,0.662900,0.663050,2,2022-02-04
2022-02-07 04:00:00,0.661050,0.661050,0.660850,0.660950,1,2022-02-07
2022-02-07 08:00:00,0.660950,0.662400,0.659900,0.660950,4,2022-02-07
2022-02-07 12:00:00,0.660900,0.662300,0.660350,0.662300,4,2022-02-07
2022-02-07 16:00:00,0.662250,0.663900,0.661650,0.663250,4,2022-02-07
2022-02-07 20:00:00,0.663250,0.663250,0.660600,0.662250,4,2022-02-08
2022-02-08 00:00:00,0.662600,0.663300,0.661300,0.662000,4,2022-02-08
2022-02-08 04:00:00,0.662050,0.664200,0.661550,0.663100,4,2022-02-08
2022-02-08 08:00:00,0.663100,0.664550,0.663100,0.664100,4,2022-02-08
2022-02-08 12:00:00,0.664100,0.665450,0.663500,0.664100,4,2022-02-08
2022-02-08 16:00:00,0.664150,0.664950,0.662800,0.664100,4,2022-02-08
2022-02-08 20:00:00,0.664200,0.665000,0.662900,0.663000,4,2022-02-09
2022-02-09 00:00:00,0.663000,0.664400,0.662850,0.664000,4,2022-02-09
2022-02-09 04:00:00,0.664100,0.665100,0.663350,0.664700,4,2022-02-09
2022-02-09 08:00:00,0.664600,0.665400,0.664200,0.664400,4,2022-02-09
2022-02-09 12:00:00,0.664300,0.666400,0.664100,0.666150,4,2022-02-09
2022-02-09 16:00:00,0.666250,0.666400,0.664450,0.666100,4,2022-02-09
2022-02-09 20:00:00,0.666000,0.669350,0.665300,0.668550,4,2022-02-10
2022-02-10 00:00:00,0.668500,0.669800,0.668100,0.668650,4,2022-02-10
2022-02-10 04:00:00,0.668700,0.669800,0.668200,0.668500,4,2022-02-10
2022-02-10 08:00:00,0.668500,0.669000,0.667700,0.668150,4,2022-02-10
2022-02-10 12:00:00,0.668200,0.668400,0.667500,0.668000,4,2022-02-10
2022-02-10 16:00:00,0.668000,0.669750,0.667800,0.668700,4,2022-02-10
2022-02-10 20:00:00,0.668750,0.670500,0.668600,0.670150,4,2022-02-11
2022-02-11 00:00:00,0.670100,0.673300,0.665400,0.673050,4,2022-02-11
2022-02-11 04:00:00,0.672900,0.673000,0.666650,0.667100,4,2022-02-11
2022-02-11 08:00:00,0.667250,0.667700,0.664900,0.665700,4,2022-02-11
2022-02-11 12:00:00,0.665600,0.666650,0.663050,0.663400,4,2022-02-11
2022-02-11 16:00:00,0.663400,0.666050,0.662750,0.665300,4,2022-02-11
2022-02-11 20:00:00,0.665300,0.665750,0.664400,0.665200,2,2022-02-11
2022-02-14 04:00:00,0.664850,0.665150,0.663800,0.664350,2,2022-02-14
2022-02-14 08:00:00,0.664250,0.665450,0.663900,0.664250,4,2022-02-14
2022-02-14 12:00:00,0.664300,0.664450,0.661300,0.662000,4,2022-02-14
2022-02-14 16:00:00,0.662100,0.663300,0.659300,0.659600,4,2022-02-14
2022-02-14 20:00:00,0.659600,0.662850,0.659250,0.662000,4,2022-02-15
2022-02-15 00:00:00,0.662050,0.662300,0.660050,0.661350,4,2022-02-15
2022-02-15 04:00:00,0.661300,0.663050,0.660150,0.661100,4,2022-02-15
2022-02-15 08:00:00,0.661100,0.662150,0.660900,0.662100,4,2022-02-15
2022-02-15 12:00:00,0.662200,0.663100,0.660950,0.662500,4,2022-02-15
2022-02-15 16:00:00,0.662450,0.664894,0.660800,0.664496,4,2022-02-15
2022-02-15 20:00:00,0.664496,0.664496,0.661638,0.662032,4,2022-02-16
2022-02-16 00:00:00,0.662208,0.664250,0.660502,0.664100,4,2022-02-16
2022-02-16 04:00:00,0.664100,0.664150,0.662900,0.663700,4,2022-02-16
2022-02-16 08:00:00,0.663700,0.664673,0.663500,0.664099,4,2022-02-16
2022-02-16 12:00:00,0.664231,0.664584,0.663614,0.664231,4,2022-02-16
2022-02-16 16:00:00,0.664452,0.666045,0.664319,0.665912,4,2022-02-16
2022-02-16 20:00:00,0.665779,0.665956,0.664200,0.664650,4,2022-02-17
2022-02-17 00:00:00,0.664750,0.667050,0.663500,0.667000,4,2022-02-17
2022-02-17 04:00:00,0.667000,0.669200,0.666500,0.668550,4,2022-02-17
2022-02-17 08:00:00,0.668600,0.669750,0.667600,0.668900,4,2022-02-17
2022-02-17 12:00:00,0.669000,0.670550,0.666000,0.667300,4,2022-02-17
2022-02-17 16:00:00,0.667300,0.670900,0.667300,0.669800,4,2022-02-17
2022-02-17 20:00:00,0.669700,0.671650,0.668800,0.671300,4,2022-02-18
2022-02-18 00:00:00,0.671450,0.671750,0.669500,0.669800,4,2022-02-18
2022-02-18 04:00:00,0.669800,0.670550,0.668600,0.669300,4,2022-02-18
2022-02-18 08:00:00,0.669300,0.669500,0.668550,0.668850,4,2022-02-18
2022-02-18 12:00:00,0.668900,0.671200,0.668850,0.671000,4,2022-02-18
2022-02-18 16:00:00,0.671000,0.673050,0.670700,0.672600,4,2022-02-18
2022-02-18 20:00:00,0.672600,0.672750,0.671400,0.671500,2,2022-02-18
2022-02-21 04:00:00,0.669350,0.669350,0.668550,0.668900,1,2022-02-21
2022-02-21 08:00:00,0.668900,0.670050,0.668350,0.669700,4,2022-02-21
2022-02-21 12:00:00,0.669800,0.672050,0.669500,0.672050,4,2022-02-21
2022-02-21 16:00:00,0.672000,0.672800,0.671550,0.672450,4,2022-02-21
2022-02-21 20:00:00,0.672500,0.672700,0.671050,0.672200,4,2022-02-22
2022-02-22 00:00:00,0.672150,0.673400,0.671200,0.672550,4,2022-02-22
2022-02-22 04:00:00,0.672600,0.672700,0.669900,0.670200,4,2022-02-22
2022-02-22 08:00:00,0.670200,0.671200,0.668100,0.670700,4,2022-02-22
2022-02-22 12:00:00,0.670700,0.671100,0.669650,0.671000,4,2022-02-22
2022-02-22 16:00:00,0.671000,0.672000,0.670600,0.671750,4,2022-02-22
2022-02-22 20:00:00,0.671750,0.674700,0.671100,0.673700,4,2022-02-23
2022-02-23 00:00:00,0.673700,0.675500,0.673050,0.675000,4,2022-02-23
2022-02-23 04:00:00,0.675000,0.675150,0.672950,0.673500,4,2022-02-23
2022-02-23 08:00:00,0.673500,0.674450,0.672000,0.674150,4,2022-02-23
2022-02-23 12:00:00,0.674150,0.677750,0.673900,0.676550,4,2022-02-23
2022-02-23 16:00:00,0.676600,0.679250,0.676000,0.678900,4,2022-02-23
2022-02-23 20:00:00,0.679050,0.680050,0.678200,0.679500,4,2022-02-24
2022-02-24 00:00:00,0.679550,0.680950,0.677200,0.678100,4,2022-02-24
2022-02-24 04:00:00,0.678100,0.678950,0.676650,0.676850,4,2022-02-24
2022-02-24 08:00:00,0.676900,0.677650,0.674850,0.674850,4,2022-02-24
2022-02-24 12:00:00,0.674900,0.675600,0.670350,0.673350,4,2022-02-24
2022-02-24 16:00:00,0.673250,0.673550,0.670800,0.672500,4,2022-02-24
2022-02-24 20:00:00,0.672600,0.672900,0.669000,0.669500,4,2022-02-25
2022-02-25 00:00:00,0.669550,0.669800,0.663100,0.665100,4,2022-02-25
2022-02-25 04:00:00,0.665100,0.671150,0.664550,0.670750,4,2022-02-25
2022-02-25 08:00:00,0.670750,0.671000,0.668600,0.669450,4,2022-02-25
2022-02-25 12:00:00,0.669500,0.672050,0.668700,0.671700,4,2022-02-25
2022-02-25 16:00:00,0.671650,0.672300,0.669600,0.670100,4,2022-02-25
2022-02-25 20:00:00,0.670200,0.671650,0.669600,0.671650,2,2022-02-25
2022-02-28 04:00:00,0.669150,0.669150,0.665750,0.666600,1,2022-02-28
2022-02-28 08:00:00,0.666600,0.670000,0.666500,0.668800,4,2022-02-28
2022-02-28 12:00:00,0.668900,0.669600,0.667600,0.668250,4,2022-02-28
2022-02-28 16:00:00,0.668300,0.671500,0.668200,0.670800,4,2022-02-28
2022-02-28 20:00:00,0.670850,0.674050,0.670500,0.673300,4,2022-03-01
2022-03-01 00:00:00,0.673300,0.677650,0.672500,0.677150,4,2022-03-01
2022-03-01 04:00:00,0.677300,0.677700,0.675100,0.676500,4,2022-03-01
2022-03-01 08:00:00,0.676500,0.677600,0.675600,0.676100,4,2022-03-01
2022-03-01 12:00:00,0.676200,0.676900,0.674900,0.676050,4,2022-03-01
2022-03-01 16:00:00,0.676000,0.679000,0.676000,0.679000,4,2022-03-01
2022-03-01 20:00:00,0.679000,0.679150,0.676100,0.676800,4,2022-03-02
2022-03-02 00:00:00,0.676850,0.677850,0.675250,0.675500,4,2022-03-02
2022-03-02 04:00:00,0.675500,0.676900,0.674100,0.675500,4,2022-03-02
2022-03-02 08:00:00,0.675500,0.677050,0.674700,0.676500,4,2022-03-02
2022-03-02 12:00:00,0.676650,0.678300,0.676100,0.677100,4,2022-03-02
2022-03-02 16:00:00,0.677150,0.677550,0.675600,0.675900,4,2022-03-02
2022-03-02 20:00:00,0.675900,0.677600,0.675450,0.677500,4,2022-03-03
2022-03-03 00:00:00,0.677500,0.678400,0.674450,0.677800,4,2022-03-03
2022-03-03 04:00:00,0.677750,0.679950,0.677100,0.679350,4,2022-03-03
2022-03-03 08:00:00,0.679400,0.679450,0.677600,0.677700,4,2022-03-03
2022-03-03 12:00:00,0.677700,0.677950,0.676150,0.677650,4,2022-03-03
2022-03-03 16:00:00,0.677600,0.679250,0.677450,0.678550,4,2022-03-03
2022-03-03 20:00:00,0.678500,0.678850,0.676800,0.678150,4,2022-03-04
2022-03-04 00:00:00,0.678200,0.681000,0.677400,0.678600,4,2022-03-04
2022-03-04 04:00:00,0.678600,0.680350,0.677750,0.679700,4,2022-03-04
2022-03-04 08:00:00,0.679800,0.680950,0.676750,0.677200,4,2022-03-04
2022-03-04 12:00:00,0.677200,0.682200,0.676850,0.682150,4,2022-03-04
2022-03-04 16:00:00,0.682150,0.683950,0.681200,0.683900,4,2022-03-04
2022-03-04 20:00:00,0.683950,0.684400,0.682850,0.684000,2,2022-03-04
2022-03-07 04:00:00,0.684700,0.685100,0.684100,0.684400,1,2022-03-07
2022-03-07 08:00:00,0.684400,0.689500,0.684200,0.688500,4,2022-03-07
2022-03-07 12:00:00,0.688500,0.692550,0.688050,0.690300,4,2022-03-07
2022-03-07 16:00:00,0.690200,0.691500,0.688600,0.689300,4,2022-03-07
2022-03-07 20:00:00,0.689300,0.689500,0.686950,0.687800,4,2022-03-08
2022-03-08 00:00:00,0.687950,0.688050,0.682300,0.682400,4,2022-03-08
2022-03-08 04:00:00,0.682500,0.683650,0.682050,0.682300,4,2022-03-08
2022-03-08 08:00:00,0.682300,0.684400,0.681800,0.684000,4,2022-03-08
2022-03-08 12:00:00,0.684000,0.685100,0.681700,0.681700,4,2022-03-08
2022-03-08 16:00:00,0.681750,0.683400,0.680050,0.681700,4,2022-03-08
2022-03-08 20:00:00,0.681700,0.684800,0.681400,0.683000,4,2022-03-09
2022-03-09 00:00:00,0.682850,0.684350,0.680000,0.681250,4,2022-03-09
2022-03-09 04:00:00,0.681300,0.682850,0.680350,0.680600,4,2022-03-09
2022-03-09 08:00:00,0.680500,0.681550,0.679950,0.681400,4,2022-03-09
2022-03-09 12:00:00,0.681400,0.681900,0.679600,0.681400,4,2022-03-09
2022-03-09 16:00:00,0.681450,0.683950,0.680000,0.683100,4,2022-03-09
2022-03-09 20:00:00,0.683200,0.685350,0.683000,0.684500,4,2022-03-10
2022-03-10 00:00:00,0.684500,0.685250,0.683750,0.684750,4,2022-03-10
2022-03-10 04:00:00,0.684800,0.685200,0.683300,0.684350,4,2022-03-10
2022-03-10 08:00:00,0.684500,0.684500,0.682500,0.682500,4,2022-03-10
2022-03-10 12:00:00,0.682600,0.683600,0.681150,0.683300,4,2022-03-10
2022-03-10 16:00:00,0.683350,0.685100,0.682500,0.684450,4,2022-03-10
2022-03-10 20:00:00,0.684500,0.686250,0.684300,0.684900,4,2022-03-11
2022-03-11 00:00:00,0.684900,0.686950,0.684550,0.686550,4,2022-03-11
2022-03-11 04:00:00,0.686600,0.687450,0.685600,0.686600,4,2022-03-11
2022-03-11 08:00:00,0.686600,0.687500,0.685650,0.686000,4,2022-03-11
2022-03-11 12:00:00,0.686100,0.686300,0.684400,0.684400,4,2022-03-11
2022-03-11 16:00:00,0.684500,0.685950,0.683400,0.683950,4,2022-03-11
2022-03-11 20:00:00,0.683800,0.684600,0.683250,0.683850,2,2022-03-11
2022-03-14 04:00:00,0.680650,0.681600,0.680650,0.681150,2,2022-03-14
2022-03-14 08:00:00,0.681100,0.681500,0.679550,0.680400,4,2022-03-14
2022-03-14 12:00:00,0.680400,0.680550,0.677750,0.679200,4,2022-03-14
2022-03-14 16:00:00,0.679300,0.680000,0.677450,0.679300,4,2022-03-14
2022-03-14 20:00:00,0.679300,0.680600,0.678400,0.680250,4,2022-03-15
2022-03-15 00:00:00,0.680150,0.680400,0.677000,0.677250,4,2022-03-15
2022-03-15 04:00:00,0.677350,0.677550,0.674550,0.674700,4,2022-03-15
2022-03-15 08:00:00,0.674550,0.675700,0.673700,0.673900,4,2022-03-15
2022-03-15 12:00:00,0.673900,0.675000,0.672900,0.674250,4,2022-03-15
2022-03-15 16:00:00,0.674250,0.675900,0.672900,0.674900,4,2022-03-15
2022-03-15 20:00:00,0.674800,0.678250,0.674000,0.677500,4,2022-03-16
2022-03-16 00:00:00,0.677400,0.679200,0.675600,0.676100,4,2022-03-16
2022-03-16 04:00:00,0.676100,0.677250,0.675000,0.677000,4,2022-03-16
2022-03-16 08:00:00,0.678150,0.678300,0.674200,0.674200,4,2022-03-16
2022-03-16 12:00:00,0.674200,0.677150,0.674200,0.677000,4,2022-03-16
2022-03-16 16:00:00,0.677000,0.679250,0.676750,0.678750,4,2022-03-16
2022-03-16 20:00:00,0.678750,0.680600,0.678450,0.680400,4,2022-03-17
2022-03-17 00:00:00,0.680300,0.682800,0.679700,0.681250,4,2022-03-17
2022-03-17 04:00:00,0.681100,0.684500,0.676750,0.683800,4,2022-03-17
2022-03-17 08:00:00,0.683800,0.684550,0.682400,0.684300,4,2022-03-17
2022-03-17 12:00:00,0.684300,0.685000,0.682400,0.684500,4,2022-03-17
2022-03-17 16:00:00,0.684500,0.685100,0.683550,0.684500,4,2022-03-17
2022-03-17 20:00:00,0.684500,0.685850,0.683550,0.685200,4,2022-03-18
2022-03-18 00:00:00,0.685200,0.689700,0.684750,0.689700,4,2022-03-18
2022-03-18 04:00:00,0.689700,0.689950,0.688000,0.688200,4,2022-03-18
2022-03-18 08:00:00,0.688200,0.690100,0.687600,0.689100,4,2022-03-18
2022-03-18 12:00:00,0.689150,0.689600,0.687700,0.688450,4,2022-03-18
2022-03-18 16:00:00,0.688450,0.691050,0.687650,0.688400,4,2022-03-18
2022-03-18 20:00:00,0.688500,0.688800,0.687950,0.688400,1,2022-03-18
2022-03-21 04:00:00,0.689200,0.689850,0.689000,0.689850,2,2022-03-21
2022-03-21 08:00:00,0.689700,0.691700,0.688800,0.691700,4,2022-03-21
2022-03-21 12:00:00,0.691650,0.692350,0.690100,0.690300,4,2022-03-21
2022-03-21 16:00:00,0.690400,0.690700,0.689000,0.689900,4,2022-03-21
2022-03-21 20:00:00,0.689800,0.689950,0.687800,0.689500,4,2022-03-22
2022-03-22 00:00:00,0.689600,0.691000,0.688800,0.689050,4,2022-03-22
2022-03-22 04:00:00,0.689000,0.689450,0.687350,0.688600,4,2022-03-22
2022-03-22 08:00:00,0.688600,0.689650,0.686600,0.687150,4,2022-03-22
2022-03-22 12:00:00,0.687150,0.689200,0.686600,0.687800,4,2022-03-22
2022-03-22 16:00:00,0.687900,0.691400,0.686550,0.690800,4,2022-03-22
2022-03-22 20:00:00,0.690800,0.694900,0.690550,0.694350,4,2022-03-23
2022-03-23 00:00:00,0.694450,0.695650,0.693300,0.694900,4,2022-03-23
2022-03-23 04:00:00,0.694900,0.696600,0.694600,0.696200,4,2022-03-23
2022-03-23 08:00:00,0.696350,0.697350,0.695700,0.696200,4,2022-03-23
2022-03-23 12:00:00,0.696200,0.697450,0.695250,0.695400,4,2022-03-23
2022-03-23 16:00:00,0.695400,0.695950,0.694200,0.694700,4,2022-03-23
2022-03-23 20:00:00,0.694750,0.696400,0.694400,0.694800,4,2022-03-24
2022-03-24 00:00:00,0.694800,0.697450,0.693600,0.696650,4,2022-03-24
2022-03-24 04:00:00,0.696800,0.698900,0.696050,0.697400,4,2022-03-24
2022-03-24 08:00:00,0.697400,0.697800,0.696400,0.696900,4,2022-03-24
2022-03-24 12:00:00,0.696900,0.696900,0.694950,0.695400,4,2022-03-24
2022-03-24 16:00:00,0.695350,0.696050,0.694700,0.694700,4,2022-03-24
2022-03-24 20:00:00,0.694750,0.695800,0.694300,0.695300,4,2022-03-25
2022-03-25 00:00:00,0.695200,0.697350,0.694200,0.694450,4,2022-03-25
2022-03-25 04:00:00,0.694400,0.696600,0.694100,0.696450,4,2022-03-25
2022-03-25 08:00:00,0.696600,0.696600,0.695500,0.696000,4,2022-03-25
2022-03-25 12:00:00,0.696000,0.698200,0.696000,0.697900,4,2022-03-25
2022-03-25 16:00:00,0.697950,0.698800,0.695300,0.695750,4,2022-03-25
2022-03-25 20:00:00,0.695900,0.696850,0.695800,0.696500,1,2022-03-25
2022-03-28 04:00:00,0.694800,0.696300,0.694650,0.694950,2,2022-03-28
2022-03-28 08:00:00,0.694950,0.697000,0.694350,0.694900,4,2022-03-28
2022-03-28 12:00:00,0.694800,0.695800,0.694050,0.694300,4,2022-03-28
2022-03-28 16:00:00,0.694250,0.695350,0.692750,0.694650,4,2022-03-28
2022-03-28 20:00:00,0.694650,0.694750,0.691700,0.691700,4,2022-03-29
2022-03-29 00:00:00,0.691700,0.691700,0.688800,0.690100,4,2022-03-29
2022-03-29 04:00:00,0.690000,0.690300,0.688850,0.689500,4,2022-03-29
2022-03-29 08:00:00,0.689600,0.690950,0.688800,0.688800,4,2022-03-29
2022-03-29 12:00:00,0.688900,0.690550,0.688900,0.689550,4,2022-03-29
2022-03-29 16:00:00,0.689600,0.691350,0.687800,0.687900,4,2022-03-29
2022-03-29 20:00:00,0.687950,0.691500,0.687700,0.689800,4,2022-03-30
2022-03-30 00:00:00,0.689800,0.693050,0.689000,0.691900,4,2022-03-30
2022-03-30 04:00:00,0.691850,0.694600,0.691700,0.693600,4,2022-03-30
2022-03-30 08:00:00,0.693550,0.694900,0.692300,0.694850,4,2022-03-30
2022-03-30 12:00:00,0.694800,0.697000,0.694500,0.696200,4,2022-03-30
2022-03-30 16:00:00,0.696200,0.697550,0.695300,0.697400,4,2022-03-30
2022-03-30 20:00:00,0.697400,0.698500,0.696900,0.697850,4,2022-03-31
2022-03-31 00:00:00,0.697800,0.699800,0.697300,0.698150,4,2022-03-31
2022-03-31 04:00:00,0.698200,0.698450,0.696800,0.697700,4,2022-03-31
2022-03-31 08:00:00,0.697750,0.698050,0.696600,0.697400,4,2022-03-31
2022-03-31 12:00:00,0.697400,0.697700,0.695200,0.695300,4,2022-03-31
2022-03-31 16:00:00,0.695400,0.695750,0.693100,0.693400,4,2022-03-31
2022-03-31 20:00:00,0.693400,0.694300,0.692900,0.693700,4,2022-04-01
2022-04-01 00:00:00,0.693700,0.695850,0.692850,0.693300,4,2022-04-01
2022-04-01 04:00:00,0.693350,0.694400,0.692850,0.693650,4,2022-04-01
2022-04-01 08:00:00,0.694100,0.694300,0.692300,0.692350,4,2022-04-01
2022-04-01 12:00:00,0.692300,0.693600,0.691600,0.691650,4,2022-04-01
2022-04-01 16:00:00,0.691700,0.693850,0.691050,0.693600,4,2022-04-01
2022-04-01 20:00:00,0.693600,0.693650,0.692750,0.693600,1,2022-04-01
2022-04-04 00:00:00,0.693000,0.693000,0.693000,0.693000,1,2022-04-04
2022-04-04 04:00:00,0.692350,0.693400,0.691300,0.691850,3,2022-04-04
2022-04-04 08:00:00,0.691800,0.692400,0.690550,0.692400,4,2022-04-04
2022-04-04 12:00:00,0.692400,0.693900,0.692250,0.693800,4,2022-04-04
2022-04-04 16:00:00,0.693850,0.694200,0.692500,0.692650,4,2022-04-04
2022-04-04 20:00:00,0.692700,0.695500,0.692550,0.695300,4,2022-04-05
2022-04-05 00:00:00,0.695300,0.696850,0.694600,0.695800,4,2022-04-05
2022-04-05 04:00:00,0.695600,0.696450,0.694600,0.695000,4,2022-04-05
2022-04-05 08:00:00,0.694900,0.695100,0.694300,0.694500,4,2022-04-05
2022-04-05 12:00:00,0.694550,0.698750,0.694400,0.698250,4,2022-04-05
2022-04-05 16:00:00,0.698150,0.700950,0.698100,0.700700,4,2022-04-05
2022-04-05 20:00:00,0.700700,0.703100,0.699050,0.703100,4,2022-04-06
2022-04-06 00:00:00,0.703150,0.703450,0.695650,0.696200,4,2022-04-06
2022-04-06 04:00:00,0.696250,0.697200,0.693350,0.694350,4,2022-04-06
2022-04-06 08:00:00,0.694400,0.695350,0.693800,0.693800,4,2022-04-06
2022-04-06 12:00:00,0.693850,0.694700,0.693500,0.693850,4,2022-04-06
2022-04-06 16:00:00,0.693900,0.696700,0.693800,0.696650,4,2022-04-06
2022-04-06 20:00:00,0.696550,0.696750,0.693500,0.693500,4,2022-04-07
2022-04-07 00:00:00,0.693500,0.693850,0.692100,0.692450,4,2022-04-07
2022-04-07 04:00:00,0.692500,0.694700,0.689700,0.691900,4,2022-04-07
2022-04-07 08:00:00,0.692000,0.692200,0.690300,0.690500,4,2022-04-07
2022-04-07 12:00:00,0.690500,0.690750,0.689000,0.689700,4,2022-04-07
2022-04-07 16:00:00,0.689600,0.691000,0.689000,0.690200,4,2022-04-07
2022-04-07 20:00:00,0.690250,0.690700,0.688850,0.688950,4,2022-04-08
2022-04-08 00:00:00,0.689150,0.689850,0.688100,0.689400,4,2022-04-08
2022-04-08 04:00:00,0.689500,0.690400,0.688950,0.689950,4,2022-04-08
2022-04-08 08:00:00,0.689400,0.690000,0.687500,0.688200,4,2022-04-08
2022-04-08 12:00:00,0.688300,0.689200,0.687300,0.688750,4,2022-04-08
2022-04-08 16:00:00,0.688850,0.688850,0.685000,0.685100,4,2022-04-08
2022-04-08 20:00:00,0.685100,0.686500,0.685050,0.686250,1,2022-04-08
2022-04-11 04:00:00,0.684600,0.685300,0.684250,0.685150,4,2022-04-11
2022-04-11 08:00:00,0.685200,0.685650,0.682150,0.682250,4,2022-04-11
2022-04-11 12:00:00,0.682200,0.683850,0.681400,0.683700,4,2022-04-11
2022-04-11 16:00:00,0.683700,0.684750,0.682400,0.684500,4,2022-04-11
2022-04-11 20:00:00,0.684500,0.685300,0.682600,0.682600,4,2022-04-12
2022-04-12 00:00:00,0.682600,0.683650,0.682250,0.682600,4,2022-04-12
2022-04-12 04:00:00,0.682550,0.684100,0.682250,0.683100,4,2022-04-12
2022-04-12 08:00:00,0.682950,0.683400,0.680650,0.681950,4,2022-04-12
2022-04-12 12:00:00,0.681900,0.684100,0.681850,0.683450,4,2022-04-12
2022-04-12 16:00:00,0.683600,0.683800,0.682400,0.683150,4,2022-04-12
2022-04-12 20:00:00,0.683300,0.687950,0.683200,0.686500,4,2022-04-13
2022-04-13 00:00:00,0.686450,0.688950,0.686300,0.686550,4,2022-04-13
2022-04-13 04:00:00,0.686600,0.686700,0.684600,0.685350,4,2022-04-13
2022-04-13 08:00:00,0.685300,0.687050,0.684200,0.686200,4,2022-04-13
2022-04-13 12:00:00,0.689400,0.689850,0.681000,0.682400,4,2022-04-13
2022-04-13 16:00:00,0.682450,0.682600,0.677400,0.678050,4,2022-04-13
2022-04-13 20:00:00,0.678000,0.678950,0.675800,0.677000,4,2022-04-14
2022-04-14 00:00:00,0.677100,0.679550,0.676400,0.678300,4,2022-04-14
2022-04-14 04:00:00,0.678400,0.679900,0.678200,0.679900,4,2022-04-14
2022-04-14 08:00:00,0.679850,0.681950,0.679400,0.681700,4,2022-04-14
2022-04-14 12:00:00,0.681800,0.683350,0.681250,0.682650,4,2022-04-14
2022-04-14 16:00:00,0.682500,0.683200,0.680800,0.682000,4,2022-04-14
2022-04-14 20:00:00,0.682000,0.682400,0.678600,0.679000,4,2022-04-15
2022-04-15 00:00:00,0.678950,0.679800,0.676750,0.678750,4,2022-04-15
2022-04-15 04:00:00,0.678800,0.679350,0.678400,0.678500,4,2022-04-15
2022-04-15 08:00:00,0.678550,0.679900,0.677300,0.677650,4,2022-04-15
2022-04-15 12:00:00,0.677750,0.678700,0.676700,0.676850,4,2022-04-15
2022-04-15 16:00:00,0.676900,0.679050,0.676650,0.677700,4,2022-04-15
2022-04-15 20:00:00,0.677650,0.678950,0.677100,0.677400,1,2022-04-15
2022-04-18 00:00:00,0.676850,0.676850,0.676850,0.676850,1,2022-04-18
2022-04-18 04:00:00,0.678250,0.678250,0.676700,0.677100,2,2022-04-18
2022-04-18 08:00:00,0.677150,0.677700,0.674800,0.675000,4,2022-04-18
2022-04-18 12:00:00,0.675000,0.675300,0.672500,0.673000,4,2022-04-18
2022-04-18 16:00:00,0.673000,0.673800,0.672650,0.673500,4,2022-04-18
2022-04-18 20:00:00,0.673500,0.674350,0.672750,0.673000,4,2022-04-19
2022-04-19 00:00:00,0.673050,0.673400,0.671550,0.672700,4,2022-04-19
2022-04-19 04:00:00,0.672700,0.673600,0.672200,0.673000,4,2022-04-19
2022-04-19 08:00:00,0.672950,0.674050,0.672400,0.673150,4,2022-04-19
2022-04-19 12:00:00,0.673100,0.674150,0.672000,0.673450,4,2022-04-19
2022-04-19 16:00:00,0.673450,0.676450,0.673350,0.674600,4,2022-04-19
2022-04-19 20:00:00,0.674600,0.674650,0.672400,0.673950,4,2022-04-20
2022-04-20 00:00:00,0.673900,0.674550,0.672200,0.673000,4,2022-04-20
2022-04-20 04:00:00,0.672950,0.673900,0.672200,0.673350,4,2022-04-20
2022-04-20 08:00:00,0.673300,0.676300,0.673300,0.676250,4,2022-04-20
2022-04-20 12:00:00,0.676200,0.677400,0.675100,0.676800,4,2022-04-20
2022-04-20 16:00:00,0.676700,0.679000,0.675600,0.678450,4,2022-04-20
2022-04-20 20:00:00,0.678500,0.680050,0.677600,0.678800,4,2022-04-21
2022-04-21 00:00:00,0.678800,0.681350,0.678150,0.680450,4,2022-04-21
2022-04-21 04:00:00,0.680550,0.681100,0.679200,0.680650,4,2022-04-21
2022-04-21 08:00:00,0.680800,0.681050,0.676700,0.677950,4,2022-04-21
2022-04-21 12:00:00,0.678000,0.679650,0.677400,0.678800,4,2022-04-21
2022-04-21 16:00:00,0.678750,0.680450,0.677750,0.678750,4,2022-04-21
2022-04-21 20:00:00,0.678750,0.679550,0.677300,0.677350,4,2022-04-22
2022-04-22 00:00:00,0.677400,0.677750,0.672750,0.673700,4,2022-04-22
2022-04-22 04:00:00,0.673650,0.674350,0.672850,0.673550,4,2022-04-22
2022-04-22 08:00:00,0.673450,0.673650,0.671000,0.671600,4,2022-04-22
2022-04-22 12:00:00,0.671800,0.671850,0.668700,0.669450,4,2022-04-22
2022-04-22 16:00:00,0.669400,0.670200,0.666750,0.667000,4,2022-04-22
2022-04-22 20:00:00,0.666900,0.668050,0.666800,0.667900,1,2022-04-22
2022-04-25 00:00:00,0.664750,0.664750,0.664750,0.664750,1,2022-04-25
2022-04-25 04:00:00,0.664300,0.664300,0.662650,0.664000,3,2022-04-25
2022-04-25 08:00:00,0.664150,0.664150,0.659900,0.660700,4,2022-04-25
2022-04-25 12:00:00,0.660700,0.660950,0.658500,0.659000,4,2022-04-25
2022-04-25 16:00:00,0.658800,0.663400,0.658200,0.660450,4,2022-04-25
2022-04-25 20:00:00,0.660400,0.662250,0.659100,0.659600,4,2022-04-26
2022-04-26 00:00:00,0.659500,0.661500,0.658900,0.660900,4,2022-04-26
2022-04-26 04:00:00,0.661000,0.662250,0.660550,0.662200,4,2022-04-26
2022-04-26 08:00:00,0.662100,0.662900,0.661000,0.662200,4,2022-04-26
2022-04-26 12:00:00,0.662200,0.664600,0.661750,0.664200,4,2022-04-26
2022-04-26 16:00:00,0.664100,0.664250,0.661550,0.663450,4,2022-04-26
2022-04-26 20:00:00,0.663500,0.664250,0.660750,0.660950,4,2022-04-27
2022-04-27 00:00:00,0.660850,0.661000,0.657900,0.658050,4,2022-04-27
2022-04-27 04:00:00,0.658000,0.658700,0.656150,0.656250,4,2022-04-27
2022-04-27 08:00:00,0.656200,0.658500,0.656150,0.657200,4,2022-04-27
2022-04-27 12:00:00,0.657150,0.659150,0.656200,0.658100,4,2022-04-27
2022-04-27 16:00:00,0.658100,0.658200,0.655200,0.657600,4,2022-04-27
2022-04-27 20:00:00,0.657750,0.658750,0.654100,0.655900,4,2022-04-28
2022-04-28 00:00:00,0.655900,0.656450,0.652800,0.656050,4,2022-04-28
2022-04-28 04:00:00,0.656000,0.656000,0.653750,0.654300,4,2022-04-28
2022-04-28 08:00:00,0.654200,0.654500,0.652100,0.653000,4,2022-04-28
2022-04-28 12:00:00,0.653100,0.653250,0.647300,0.649500,4,2022-04-28
2022-04-28 16:00:00,0.649550,0.653950,0.649100,0.649700,4,2022-04-28
2022-04-28 20:00:00,0.649700,0.649950,0.645500,0.647600,4,2022-04-29
2022-04-29 00:00:00,0.647650,0.650700,0.645300,0.649400,4,2022-04-29
2022-04-29 04:00:00,0.649400,0.649750,0.648200,0.649150,4,2022-04-29
2022-04-29 08:00:00,0.649100,0.651450,0.648700,0.650350,4,2022-04-29
2022-04-29 12:00:00,0.650400,0.653050,0.648650,0.651500,4,2022-04-29
2022-04-29 16:00:00,0.651400,0.653500,0.651200,0.652550,4,2022-04-29
2022-04-29 20:00:00,0.652700,0.653800,0.652250,0.653750,1,2022-04-29
2022-05-02 04:00:00,0.647200,0.647400,0.646100,0.646450,4,2022-05-02
2022-05-02 08:00:00,0.646300,0.647400,0.643400,0.643650,4,2022-05-02
2022-05-02 12:00:00,0.643650,0.643750,0.642150,0.642800,4,2022-05-02
2022-05-02 16:00:00,0.642800,0.645250,0.642500,0.644950,4,2022-05-02
2022-05-02 20:00:00,0.644950,0.645350,0.642100,0.643600,4,2022-05-03
2022-05-03 00:00:00,0.643700,0.644650,0.641400,0.641750,4,2022-05-03
2022-05-03 04:00:00,0.641900,0.643900,0.641250,0.643250,4,2022-05-03
2022-05-03 08:00:00,0.643200,0.646750,0.643000,0.646100,4,2022-05-03
2022-05-03 12:00:00,0.646150,0.647600,0.642000,0.643300,4,2022-05-03
2022-05-03 16:00:00,0.643100,0.644350,0.641600,0.643200,4,2022-05-03
2022-05-03 20:00:00,0.643100,0.645650,0.641100,0.644250,4,2022-05-04
2022-05-04 00:00:00,0.644200,0.645850,0.642700,0.643950,4,2022-05-04
2022-05-04 04:00:00,0.643800,0.644450,0.642100,0.643550,4,2022-05-04
2022-05-04 08:00:00,0.643400,0.645400,0.642800,0.644700,4,2022-05-04
2022-05-04 12:00:00,0.644700,0.645350,0.642700,0.643000,4,2022-05-04
2022-05-04 16:00:00,0.643000,0.645450,0.642300,0.645000,4,2022-05-04
2022-05-04 20:00:00,0.645000,0.646150,0.643050,0.643050,4,2022-05-05
2022-05-05 00:00:00,0.643700,0.645400,0.642200,0.644150,4,2022-05-05
2022-05-05 04:00:00,0.645100,0.655600,0.642700,0.654750,4,2022-05-05
2022-05-05 08:00:00,0.654400,0.656100,0.653200,0.655900,4,2022-05-05
2022-05-05 12:00:00,0.655900,0.656850,0.652950,0.653500,4,2022-05-05
2022-05-05 16:00:00,0.653650,0.654350,0.650200,0.651400,4,2022-05-05
2022-05-05 20:00:00,0.651400,0.652000,0.645950,0.646500,4,2022-05-06
2022-05-06 00:00:00,0.646450,0.646450,0.639750,0.639900,4,2022-05-06
2022-05-06 04:00:00,0.640000,0.643250,0.639350,0.642500,4,2022-05-06
2022-05-06 08:00:00,0.642500,0.644200,0.640050,0.641450,4,2022-05-06
2022-05-06 12:00:00,0.641500,0.643100,0.641200,0.641450,4,2022-05-06
2022-05-06 16:00:00,0.641500,0.643500,0.639500,0.642200,4,2022-05-06
2022-05-06 20:00:00,0.642100,0.643500,0.641900,0.643200,1,2022-05-06
2022-05-09 04:00:00,0.640350,0.641400,0.639900,0.640650,1,2022-05-09
2022-05-09 08:00:00,0.640600,0.640600,0.636350,0.637500,4,2022-05-09
2022-05-09 12:00:00,0.637400,0.637400,0.633900,0.634500,4,2022-05-09
2022-05-09 16:00:00,0.634500,0.635550,0.633750,0.634900,4,2022-05-09
2022-05-09 20:00:00,0.634800,0.637650,0.634000,0.634900,4,2022-05-10
2022-05-10 00:00:00,0.634850,0.637150,0.632800,0.633350,4,2022-05-10
2022-05-10 04:00:00,0.633400,0.634000,0.632000,0.632250,4,2022-05-10
2022-05-10 08:00:00,0.632400,0.632700,0.628400,0.630100,4,2022-05-10
2022-05-10 12:00:00,0.630200,0.634850,0.630150,0.634000,4,2022-05-10
2022-05-10 16:00:00,0.634000,0.634500,0.630750,0.631800,4,2022-05-10
2022-05-10 20:00:00,0.631800,0.633000,0.630700,0.631400,4,2022-05-11
2022-05-11 00:00:00,0.631500,0.632550,0.627650,0.630400,4,2022-05-11
2022-05-11 04:00:00,0.630550,0.630550,0.628350,0.629150,4,2022-05-11
2022-05-11 08:00:00,0.629100,0.631000,0.628300,0.630500,4,2022-05-11
2022-05-11 12:00:00,0.630500,0.631200,0.629650,0.630400,4,2022-05-11
2022-05-11 16:00:00,0.630400,0.634900,0.630150,0.634850,4,2022-05-11
2022-05-11 20:00:00,0.634850,0.638000,0.628150,0.636850,4,2022-05-12
2022-05-12 00:00:00,0.637000,0.637300,0.629150,0.629500,4,2022-05-12
2022-05-12 04:00:00,0.629500,0.631400,0.628700,0.629550,4,2022-05-12
2022-05-12 08:00:00,0.629500,0.629800,0.627350,0.629300,4,2022-05-12
2022-05-12 12:00:00,0.629300,0.629500,0.623850,0.624100,4,2022-05-12
2022-05-12 16:00:00,0.624200,0.626100,0.623250,0.623900,4,2022-05-12
2022-05-12 20:00:00,0.624100,0.625650,0.622950,0.623300,4,2022-05-13
2022-05-13 00:00:00,0.623300,0.626650,0.622150,0.622700,4,2022-05-13
2022-05-13 04:00:00,0.622650,0.623850,0.621600,0.623050,4,2022-05-13
2022-05-13 08:00:00,0.623200,0.625400,0.622800,0.623900,4,2022-05-13
2022-05-13 12:00:00,0.623800,0.626050,0.623700,0.625650,4,2022-05-13
2022-05-13 16:00:00,0.625650,0.625800,0.622900,0.623000,4,2022-05-13
2022-05-13 20:00:00,0.623100,0.624650,0.622800,0.624350,1,2022-05-13
2022-05-16 04:00:00,0.627800,0.628150,0.627100,0.627950,1,2022-05-16
2022-05-16 08:00:00,0.627850,0.629200,0.626600,0.626750,4,2022-05-16
2022-05-16 12:00:00,0.626700,0.626700,0.622850,0.624150,4,2022-05-16
2022-05-16 16:00:00,0.624300,0.627450,0.623500,0.626100,4,2022-05-16
2022-05-16 20:00:00,0.626100,0.629600,0.626000,0.628250,4,2022-05-17
2022-05-17 00:00:00,0.628300,0.629750,0.626750,0.629550,4,2022-05-17
2022-05-17 04:00:00,0.629600,0.632050,0.629300,0.631200,4,2022-05-17
2022-05-17 08:00:00,0.631150,0.633300,0.630600,0.633100,4,2022-05-17
2022-05-17 12:00:00,0.633250,0.633950,0.631650,0.633400,4,2022-05-17
2022-05-17 16:00:00,0.633400,0.637050,0.633000,0.636400,4,2022-05-17
2022-05-17 20:00:00,0.636500,0.637600,0.634800,0.635600,4,2022-05-18
2022-05-18 00:00:00,0.635700,0.636450,0.633450,0.635800,4,2022-05-18
2022-05-18 04:00:00,0.635850,0.636700,0.633300,0.636300,4,2022-05-18
2022-05-18 08:00:00,0.636200,0.637100,0.635100,0.635900,4,2022-05-18
2022-05-18 12:00:00,0.635750,0.637050,0.633950,0.636800,4,2022-05-18
2022-05-18 16:00:00,0.636850,0.636950,0.634400,0.636000,4,2022-05-18
2022-05-18 20:00:00,0.636150,0.636300,0.633900,0.633900,4,2022-05-19
2022-05-19 00:00:00,0.634050,0.634850,0.631200,0.631300,4,2022-05-19
2022-05-19 04:00:00,0.631300,0.632200,0.629050,0.629750,4,2022-05-19
2022-05-19 08:00:00,0.629750,0.630700,0.629200,0.630000,4,2022-05-19
2022-05-19 12:00:00,0.630000,0.634650,0.629900,0.633650,4,2022-05-19
2022-05-19 16:00:00,0.633700,0.634550,0.631150,0.634350,4,2022-05-19
2022-05-19 20:00:00,0.634500,0.640500,0.634200,0.639700,4,2022-05-20
2022-05-20 00:00:00,0.639900,0.641700,0.638500,0.640650,4,2022-05-20
2022-05-20 04:00:00,0.640850,0.640900,0.637900,0.638400,4,2022-05-20
2022-05-20 08:00:00,0.638500,0.639000,0.637350,0.638050,4,2022-05-20
2022-05-20 12:00:00,0.638000,0.640300,0.636400,0.640000,4,2022-05-20
2022-05-20 16:00:00,0.640100,0.641300,0.639300,0.640900,4,2022-05-20
2022-05-20 20:00:00,0.640750,0.641150,0.640350,0.640400,1,2022-05-20
2022-05-23 04:00:00,0.639000,0.640900,0.639000,0.640900,1,2022-05-23
2022-05-23 08:00:00,0.640900,0.645650,0.640550,0.644750,4,2022-05-23
2022-05-23 12:00:00,0.644900,0.647650,0.644600,0.646700,4,2022-05-23
2022-05-23 16:00:00,0.646750,0.648350,0.645400,0.647450,4,2022-05-23
2022-05-23 20:00:00,0.647450,0.649200,0.646000,0.647000,4,2022-05-24
2022-05-24 00:00:00,0.646950,0.647800,0.645200,0.646200,4,2022-05-24
2022-05-24 04:00:00,0.646200,0.647650,0.645900,0.647050,4,2022-05-24
2022-05-24 08:00:00,0.647100,0.647100,0.643150,0.643200,4,2022-05-24
2022-05-24 12:00:00,0.643400,0.644700,0.642800,0.644200,4,2022-05-24
2022-05-24 16:00:00,0.644350,0.645650,0.642350,0.643150,4,2022-05-24
2022-05-24 20:00:00,0.643200,0.645450,0.643000,0.644950,4,2022-05-25
2022-05-25 00:00:00,0.644850,0.645900,0.642700,0.645200,4,2022-05-25
2022-05-25 04:00:00,0.645300,0.646800,0.644100,0.645900,4,2022-05-25
2022-05-25 08:00:00,0.645850,0.646500,0.642450,0.642450,4,2022-05-25
2022-05-25 12:00:00,0.642900,0.651400,0.642900,0.650200,4,2022-05-25
2022-05-25 16:00:00,0.650200,0.651450,0.645750,0.646800,4,2022-05-25
2022-05-25 20:00:00,0.646700,0.647100,0.643700,0.645300,4,2022-05-26
2022-05-26 00:00:00,0.645350,0.647200,0.644900,0.646300,4,2022-05-26
2022-05-26 04:00:00,0.646200,0.648600,0.645200,0.647550,4,2022-05-26
2022-05-26 08:00:00,0.647500,0.650100,0.646800,0.646900,4,2022-05-26
2022-05-26 12:00:00,0.646900,0.648500,0.644800,0.645100,4,2022-05-26
2022-05-26 16:00:00,0.645200,0.648450,0.645200,0.648100,4,2022-05-26
2022-05-26 20:00:00,0.648100,0.648300,0.645500,0.646900,4,2022-05-27
2022-05-27 00:00:00,0.647050,0.647550,0.645650,0.646900,4,2022-05-27
2022-05-27 04:00:00,0.646950,0.649000,0.646700,0.648100,4,2022-05-27
2022-05-27 08:00:00,0.648200,0.650800,0.647400,0.650400,4,2022-05-27
2022-05-27 12:00:00,0.650600,0.652300,0.649550,0.651300,4,2022-05-27
2022-05-27 16:00:00,0.651300,0.653000,0.650350,0.652150,4,2022-05-27
2022-05-27 20:00:00,0.652100,0.652250,0.651500,0.651900,1,2022-05-27
2022-05-30 04:00:00,0.653600,0.654500,0.652850,0.653450,1,2022-05-30
2022-05-30 08:00:00,0.653400,0.655200,0.652400,0.654850,4,2022-05-30
2022-05-30 12:00:00,0.654900,0.655800,0.653850,0.655000,4,2022-05-30
2022-05-30 16:00:00,0.655100,0.655700,0.653500,0.655000,4,2022-05-30
2022-05-30 20:00:00,0.655100,0.655450,0.653450,0.654050,4,2022-05-31
2022-05-31 00:00:00,0.654000,0.656100,0.653850,0.655900,4,2022-05-31
2022-05-31 04:00:00,0.655800,0.656050,0.654750,0.655850,4,2022-05-31
2022-05-31 08:00:00,0.655800,0.656400,0.651650,0.653200,4,2022-05-31
2022-05-31 12:00:00,0.653150,0.654550,0.652600,0.653600,4,2022-05-31
2022-05-31 16:00:00,0.653600,0.654500,0.651400,0.651450,4,2022-05-31
2022-05-31 20:00:00,0.651500,0.652150,0.648300,0.650800,4,2022-06-01
2022-06-01 00:00:00,0.650700,0.652450,0.649150,0.652200,4,2022-06-01
2022-06-01 04:00:00,0.652100,0.652300,0.650750,0.651200,4,2022-06-01
2022-06-01 08:00:00,0.651300,0.653150,0.651000,0.651850,4,2022-06-01
2022-06-01 12:00:00,0.651800,0.652000,0.647900,0.649000,4,2022-06-01
2022-06-01 16:00:00,0.649100,0.651450,0.648900,0.651300,4,2022-06-01
2022-06-01 20:00:00,0.651300,0.654000,0.650200,0.652150,4,2022-06-02
2022-06-02 00:00:00,0.652000,0.652000,0.646500,0.648900,4,2022-06-02
2022-06-02 04:00:00,0.648900,0.649800,0.648200,0.648550,4,2022-06-02
2022-06-02 08:00:00,0.648400,0.648900,0.647150,0.647200,4,2022-06-02
2022-06-02 12:00:00,0.647200,0.648250,0.646000,0.647300,4,2022-06-02
2022-06-02 16:00:00,0.647200,0.650750,0.647200,0.650250,4,2022-06-02
2022-06-02 20:00:00,0.650150,0.653300,0.650000,0.652150,4,2022-06-03
2022-06-03 00:00:00,0.652200,0.656200,0.652000,0.656100,4,2022-06-03
2022-06-03 04:00:00,0.656000,0.656500,0.655300,0.655750,4,2022-06-03
2022-06-03 08:00:00,0.655700,0.657600,0.655400,0.655500,4,2022-06-03
2022-06-03 12:00:00,0.655500,0.655950,0.655100,0.655700,4,2022-06-03
2022-06-03 16:00:00,0.655750,0.656100,0.654200,0.654400,4,2022-06-03
2022-06-03 20:00:00,0.654400,0.654600,0.653500,0.653700,1,2022-06-03
2022-06-06 04:00:00,0.651400,0.651700,0.650600,0.650850,1,2022-06-06
2022-06-06 08:00:00,0.650900,0.651600,0.649600,0.650500,4,2022-06-06
2022-06-06 12:00:00,0.650550,0.651200,0.649900,0.650400,4,2022-06-06
2022-06-06 16:00:00,0.650400,0.653750,0.649900,0.653000,4,2022-06-06
2022-06-06 20:00:00,0.652950,0.653150,0.651900,0.653050,4,2022-06-07
2022-06-07 00:00:00,0.653000,0.653400,0.648500,0.649700,4,2022-06-07
2022-06-07 04:00:00,0.649700,0.649800,0.648500,0.649100,4,2022-06-07
2022-06-07 08:00:00,0.649300,0.649400,0.646000,0.647000,4,2022-06-07
2022-06-07 12:00:00,0.647000,0.649500,0.644000,0.644300,4,2022-06-07
2022-06-07 16:00:00,0.644400,0.646400,0.644100,0.645500,4,2022-06-07
2022-06-07 20:00:00,0.645500,0.646350,0.642350,0.645750,4,2022-06-08
2022-06-08 00:00:00,0.645850,0.648050,0.645000,0.647200,4,2022-06-08
2022-06-08 04:00:00,0.647250,0.649950,0.647100,0.649050,4,2022-06-08
2022-06-08 08:00:00,0.649100,0.649400,0.647100,0.647250,4,2022-06-08
2022-06-08 12:00:00,0.647300,0.648650,0.645600,0.645800,4,2022-06-08
2022-06-08 16:00:00,0.645800,0.646450,0.643550,0.644500,4,2022-06-08
2022-06-08 20:00:00,0.644550,0.647350,0.643850,0.646850,4,2022-06-09
2022-06-09 00:00:00,0.646750,0.647500,0.644450,0.645050,4,2022-06-09
2022-06-09 04:00:00,0.644950,0.645300,0.644250,0.644750,4,2022-06-09
2022-06-09 08:00:00,0.644750,0.645150,0.643350,0.643400,4,2022-06-09
2022-06-09 12:00:00,0.643450,0.645650,0.643300,0.644500,4,2022-06-09
2022-06-09 16:00:00,0.644400,0.645900,0.643600,0.644800,4,2022-06-09
2022-06-09 20:00:00,0.644850,0.646150,0.641750,0.642750,4,2022-06-10
2022-06-10 00:00:00,0.642700,0.642700,0.639250,0.640300,4,2022-06-10
2022-06-10 04:00:00,0.640250,0.640300,0.638000,0.638550,4,2022-06-10
2022-06-10 08:00:00,0.638650,0.639750,0.638000,0.639750,4,2022-06-10
2022-06-10 12:00:00,0.639650,0.642250,0.639050,0.641750,4,2022-06-10
2022-06-10 16:00:00,0.641650,0.643500,0.641250,0.641900,4,2022-06-10
2022-06-10 20:00:00,0.641900,0.642250,0.641500,0.641800,1,2022-06-10
2022-06-13 04:00:00,0.634800,0.635000,0.634600,0.634750,1,2022-06-13
2022-06-13 08:00:00,0.634800,0.635000,0.632100,0.632200,4,2022-06-13
2022-06-13 12:00:00,0.632450,0.634700,0.632400,0.634600,4,2022-06-13
2022-06-13 16:00:00,0.634550,0.634900,0.629300,0.629300,4,2022-06-13
2022-06-13 20:00:00,0.629450,0.630600,0.627500,0.628650,4,2022-06-14
2022-06-14 00:00:00,0.628500,0.629000,0.625650,0.628250,4,2022-06-14
2022-06-14 04:00:00,0.628200,0.628200,0.624600,0.626250,4,2022-06-14
2022-06-14 08:00:00,0.626300,0.628100,0.625700,0.625900,4,2022-06-14
2022-06-14 12:00:00,0.625900,0.629100,0.625500,0.628900,4,2022-06-14
2022-06-14 16:00:00,0.628950,0.629350,0.625350,0.625350,4,2022-06-14
2022-06-14 20:00:00,0.625400,0.626100,0.622900,0.623650,4,2022-06-15
2022-06-15 00:00:00,0.623600,0.623600,0.620800,0.621150,4,2022-06-15
2022-06-15 04:00:00,0.621200,0.622200,0.619700,0.621700,4,2022-06-15
2022-06-15 08:00:00,0.621650,0.623900,0.621600,0.623650,4,2022-06-15
2022-06-15 12:00:00,0.623700,0.624200,0.621700,0.622350,4,2022-06-15
2022-06-15 16:00:00,0.622100,0.624800,0.621500,0.624800,4,2022-06-15
2022-06-15 20:00:00,0.624750,0.626100,0.624000,0.625750,4,2022-06-16
2022-06-16 00:00:00,0.625700,0.626450,0.623700,0.625150,4,2022-06-16
2022-06-16 04:00:00,0.625000,0.631350,0.621500,0.628550,4,2022-06-16
2022-06-16 08:00:00,0.628600,0.631150,0.626250,0.628400,4,2022-06-16
2022-06-16 12:00:00,0.628300,0.629800,0.627350,0.628100,4,2022-06-16
2022-06-16 16:00:00,0.628050,0.628800,0.623300,0.627100,4,2022-06-16
2022-06-16 20:00:00,0.626900,0.629700,0.624700,0.628950,4,2022-06-17
2022-06-17 00:00:00,0.628900,0.639550,0.627350,0.638650,4,2022-06-17
2022-06-17 04:00:00,0.638450,0.639100,0.635400,0.636350,4,2022-06-17
2022-06-17 08:00:00,0.635750,0.637050,0.634100,0.634200,4,2022-06-17
2022-06-17 12:00:00,0.634200,0.635100,0.632800,0.634000,4,2022-06-17
2022-06-17 16:00:00,0.634000,0.634300,0.631200,0.633500,4,2022-06-17
2022-06-17 20:00:00,0.633500,0.634200,0.633300,0.633800,1,2022-06-17
2022-06-20 04:00:00,0.630000,0.633600,0.629950,0.631350,1,2022-06-20
2022-06-20 08:00:00,0.631300,0.633000,0.630600,0.630600,4,2022-06-20
2022-06-20 12:00:00,0.630700,0.633600,0.630550,0.633100,4,2022-06-20
2022-06-20 16:00:00,0.633150,0.635900,0.632800,0.635750,4,2022-06-20
2022-06-20 20:00:00,0.635650,0.636450,0.633450,0.633600,4,2022-06-21
2022-06-21 00:00:00,0.633700,0.634750,0.632900,0.632950,4,2022-06-21
2022-06-21 04:00:00,0.632900,0.634250,0.632550,0.633100,4,2022-06-21
2022-06-21 08:00:00,0.633100,0.634750,0.632800,0.633700,4,2022-06-21
2022-06-21 12:00:00,0.633800,0.634950,0.632200,0.632700,4,2022-06-21
2022-06-21 16:00:00,0.632700,0.636400,0.632300,0.634900,4,2022-06-21
2022-06-21 20:00:00,0.635050,0.635050,0.631800,0.634500,4,2022-06-22
2022-06-22 00:00:00,0.634400,0.635400,0.633200,0.633800,4,2022-06-22
2022-06-22 04:00:00,0.633700,0.634450,0.632350,0.633300,4,2022-06-22
2022-06-22 08:00:00,0.633300,0.633400,0.629050,0.629300,4,2022-06-22
2022-06-22 12:00:00,0.629450,0.629700,0.626300,0.627000,4,2022-06-22
2022-06-22 16:00:00,0.627000,0.627550,0.624400,0.626200,4,2022-06-22
2022-06-22 20:00:00,0.626250,0.629350,0.624600,0.628750,4,2022-06-23
2022-06-23 00:00:00,0.628800,0.630500,0.627900,0.629600,4,2022-06-23
2022-06-23 04:00:00,0.629600,0.630100,0.627400,0.628650,4,2022-06-23
2022-06-23 08:00:00,0.628600,0.628800,0.625800,0.625950,4,2022-06-23
2022-06-23 12:00:00,0.625900,0.627050,0.625400,0.626900,4,2022-06-23
2022-06-23 16:00:00,0.626700,0.627250,0.624750,0.625800,4,2022-06-23
2022-06-23 20:00:00,0.625650,0.630900,0.625450,0.630900,4,2022-06-24
2022-06-24 00:00:00,0.630950,0.631100,0.626200,0.626650,4,2022-06-24
2022-06-24 04:00:00,0.626600,0.629000,0.626300,0.627750,4,2022-06-24
2022-06-24 08:00:00,0.627650,0.629800,0.627600,0.629050,4,2022-06-24
2022-06-24 12:00:00,0.629100,0.630950,0.628400,0.630000,4,2022-06-24
2022-06-24 16:00:00,0.629900,0.631400,0.628500,0.631200,4,2022-06-24
2022-06-24 20:00:00,0.631200,0.631350,0.630000,0.630100,1,2022-06-24
2022-06-27 04:00:00,0.631000,0.632000,0.630750,0.631550,1,2022-06-27
2022-06-27 08:00:00,0.631450,0.632700,0.629800,0.630800,4,2022-06-27
2022-06-27 12:00:00,0.630750,0.632250,0.629900,0.631700,4,2022-06-27
2022-06-27 16:00:00,0.631700,0.632550,0.630050,0.630900,4,2022-06-27
2022-06-27 20:00:00,0.630950,0.631750,0.628300,0.631000,4,2022-06-28
2022-06-28 00:00:00,0.631150,0.632450,0.629700,0.630150,4,2022-06-28
2022-06-28 04:00:00,0.630150,0.630650,0.629100,0.630550,4,2022-06-28
2022-06-28 08:00:00,0.630400,0.630800,0.629200,0.629700,4,2022-06-28
2022-06-28 12:00:00,0.629650,0.630450,0.628600,0.629100,4,2022-06-28
2022-06-28 16:00:00,0.629000,0.631350,0.628200,0.629100,4,2022-06-28
2022-06-28 20:00:00,0.629000,0.629200,0.626600,0.627250,4,2022-06-29
2022-06-29 00:00:00,0.627150,0.627500,0.624500,0.625400,4,2022-06-29
2022-06-29 04:00:00,0.625450,0.625800,0.623650,0.623850,4,2022-06-29
2022-06-29 08:00:00,0.623800,0.625550,0.623400,0.625200,4,2022-06-29
2022-06-29 12:00:00,0.625100,0.626050,0.624000,0.624800,4,2022-06-29
2022-06-29 16:00:00,0.624700,0.624800,0.620850,0.620900,4,2022-06-29
2022-06-29 20:00:00,0.620950,0.623900,0.620500,0.621100,4,2022-06-30
2022-06-30 00:00:00,0.621100,0.622850,0.621000,0.622500,4,2022-06-30
2022-06-30 04:00:00,0.622500,0.622900,0.621150,0.622150,4,2022-06-30
2022-06-30 08:00:00,0.622100,0.622750,0.619850,0.621300,4,2022-06-30
2022-06-30 12:00:00,0.621300,0.622850,0.620450,0.621300,4,2022-06-30
2022-06-30 16:00:00,0.621400,0.623600,0.621050,0.622900,4,2022-06-30
2022-06-30 20:00:00,0.622800,0.624850,0.620350,0.624100,4,2022-07-01
2022-07-01 00:00:00,0.624100,0.625500,0.620350,0.624850,4,2022-07-01
2022-07-01 04:00:00,0.624950,0.625000,0.623650,0.624250,4,2022-07-01
2022-07-01 08:00:00,0.624250,0.624700,0.622500,0.623050,4,2022-07-01
2022-07-01 12:00:00,0.623050,0.623300,0.617150,0.618600,4,2022-07-01
2022-07-01 16:00:00,0.618600,0.619450,0.616400,0.617550,4,2022-07-01
2022-07-01 20:00:00,0.617450,0.617750,0.616400,0.616500,1,2022-07-01
2022-07-04 04:00:00,0.619350,0.620600,0.619350,0.620500,1,2022-07-04
2022-07-04 08:00:00,0.619500,0.621750,0.619500,0.620800,4,2022-07-04
2022-07-04 12:00:00,0.620700,0.622400,0.619900,0.622250,4,2022-07-04
2022-07-04 16:00:00,0.622200,0.625150,0.622000,0.624500,4,2022-07-04
2022-07-04 20:00:00,0.624600,0.625250,0.622050,0.622050,4,2022-07-05
2022-07-05 00:00:00,0.622150,0.622200,0.620500,0.620800,4,2022-07-05
2022-07-05 04:00:00,0.620750,0.621650,0.619900,0.620850,4,2022-07-05
2022-07-05 08:00:00,0.621100,0.621850,0.620350,0.621500,2,2022-07-05
2022-07-05 12:00:00,0.621100,0.622550,0.619650,0.622400,3,2022-07-05
2022-07-05 16:00:00,0.622250,0.622300,0.615250,0.615800,4,2022-07-05
2022-07-05 20:00:00,0.615700,0.616200,0.612800,0.613000,4,2022-07-06
2022-07-06 00:00:00,0.612700,0.615000,0.612500,0.614600,4,2022-07-06
2022-07-06 04:00:00,0.614600,0.617500,0.614500,0.617050,4,2022-07-06
2022-07-06 08:00:00,0.617000,0.618000,0.616250,0.617400,4,2022-07-06
2022-07-06 12:00:00,0.617450,0.618000,0.615100,0.615350,4,2022-07-06
2022-07-06 16:00:00,0.615300,0.619150,0.614800,0.616600,4,2022-07-06
2022-07-06 20:00:00,0.616550,0.619200,0.616000,0.616800,4,2022-07-07
2022-07-07 00:00:00,0.616450,0.616550,0.613200,0.615050,4,2022-07-07
2022-07-07 04:00:00,0.615000,0.615900,0.613700,0.614900,4,2022-07-07
2022-07-07 08:00:00,0.614800,0.615900,0.614000,0.615850,4,2022-07-07
2022-07-07 12:00:00,0.615850,0.619500,0.615850,0.618500,4,2022-07-07
2022-07-07 16:00:00,0.618650,0.619350,0.616750,0.618450,4,2022-07-07
2022-07-07 20:00:00,0.618400,0.619000,0.616250,0.617800,4,2022-07-08
2022-07-08 00:00:00,0.617800,0.618550,0.616800,0.617650,4,2022-07-08
2022-07-08 04:00:00,0.617600,0.618350,0.616600,0.617500,4,2022-07-08
2022-07-08 08:00:00,0.617600,0.619300,0.617000,0.618400,4,2022-07-08
2022-07-08 12:00:00,0.618400,0.618600,0.616050,0.616800,4,2022-07-08
2022-07-08 16:00:00,0.616900,0.617350,0.614250,0.616000,4,2022-07-08
2022-07-08 20:00:00,0.616000,0.617350,0.615750,0.616550,1,2022-07-08
2022-07-11 04:00:00,0.618500,0.618800,0.617500,0.618750,1,2022-07-11
2022-07-11 08:00:00,0.618750,0.619300,0.616400,0.616800,4,2022-07-11
2022-07-11 12:00:00,0.616900,0.617850,0.616300,0.616700,4,2022-07-11
2022-07-11 16:00:00,0.616500,0.617400,0.614550,0.614550,4,2022-07-11
2022-07-11 20:00:00,0.614550,0.615450,0.609700,0.610900,4,2022-07-12
2022-07-12 00:00:00,0.611000,0.613650,0.610400,0.612800,4,2022-07-12
2022-07-12 04:00:00,0.612800,0.613100,0.610400,0.611100,4,2022-07-12
2022-07-12 08:00:00,0.611000,0.612800,0.610450,0.611800,4,2022-07-12
2022-07-12 12:00:00,0.611800,0.612000,0.610100,0.610300,4,2022-07-12
2022-07-12 16:00:00,0.610300,0.612050,0.610000,0.611300,4,2022-07-12
2022-07-12 20:00:00,0.611400,0.613800,0.610900,0.613300,4,2022-07-13
2022-07-13 00:00:00,0.613200,0.614550,0.612200,0.613800,4,2022-07-13
2022-07-13 04:00:00,0.613850,0.614350,0.612350,0.613650,4,2022-07-13
2022-07-13 08:00:00,0.612800,0.613450,0.611600,0.613300,4,2022-07-13
2022-07-13 12:00:00,0.613600,0.613900,0.610600,0.612600,4,2022-07-13
2022-07-13 16:00:00,0.612800,0.614200,0.612050,0.613650,4,2022-07-13
2022-07-13 20:00:00,0.613600,0.615850,0.608150,0.610700,4,2022-07-14
2022-07-14 00:00:00,0.610700,0.617150,0.609150,0.615250,4,2022-07-14
2022-07-14 04:00:00,0.615300,0.615300,0.611900,0.613100,4,2022-07-14
2022-07-14 08:00:00,0.613100,0.613350,0.610200,0.611300,4,2022-07-14
2022-07-14 12:00:00,0.611200,0.613350,0.610650,0.611800,4,2022-07-14
2022-07-14 16:00:00,0.611700,0.613200,0.609200,0.610750,4,2022-07-14
2022-07-14 20:00:00,0.610750,0.611050,0.606100,0.607800,4,2022-07-15
2022-07-15 00:00:00,0.607700,0.612850,0.606850,0.611400,4,2022-07-15
2022-07-15 04:00:00,0.611350,0.613500,0.610300,0.612350,4,2022-07-15
2022-07-15 08:00:00,0.612400,0.614050,0.612250,0.613800,4,2022-07-15
2022-07-15 12:00:00,0.613850,0.614400,0.612100,0.612350,4,2022-07-15
2022-07-15 16:00:00,0.612350,0.613900,0.611800,0.613300,4,2022-07-15
2022-07-15 20:00:00,0.613250,0.614450,0.612950,0.614300,1,2022-07-15
2022-07-18 04:00:00,0.615350,0.616350,0.615200,0.615400,1,2022-07-18
2022-07-18 08:00:00,0.615500,0.620100,0.614800,0.619750,4,2022-07-18
2022-07-18 12:00:00,0.619700,0.619900,0.615400,0.615450,4,2022-07-18
2022-07-18 16:00:00,0.615500,0.618200,0.614800,0.617900,4,2022-07-18
2022-07-18 20:00:00,0.618000,0.618600,0.615500,0.617700,4,2022-07-19
2022-07-19 00:00:00,0.617750,0.618600,0.615900,0.616000,4,2022-07-19
2022-07-19 04:00:00,0.615900,0.616300,0.615050,0.615400,4,2022-07-19
2022-07-19 08:00:00,0.615500,0.615850,0.614150,0.614950,4,2022-07-19
2022-07-19 12:00:00,0.615100,0.618200,0.614800,0.617300,4,2022-07-19
2022-07-19 16:00:00,0.617200,0.623650,0.617200,0.623300,4,2022-07-19
2022-07-19 20:00:00,0.623300,0.623950,0.622200,0.622900,4,2022-07-20
2022-07-20 00:00:00,0.623000,0.624000,0.622000,0.622550,4,2022-07-20
2022-07-20 04:00:00,0.622500,0.623300,0.621700,0.622400,4,2022-07-20
2022-07-20 08:00:00,0.622550,0.624450,0.622300,0.623900,4,2022-07-20
2022-07-20 12:00:00,0.623900,0.627250,0.623650,0.625300,4,2022-07-20
2022-07-20 16:00:00,0.625500,0.626200,0.623950,0.626050,4,2022-07-20
2022-07-20 20:00:00,0.626100,0.626650,0.623550,0.624250,4,2022-07-21
2022-07-21 00:00:00,0.624000,0.624950,0.622000,0.622100,4,2022-07-21
2022-07-21 04:00:00,0.622000,0.624000,0.621700,0.623000,4,2022-07-21
2022-07-21 08:00:00,0.623000,0.623450,0.621500,0.622300,4,2022-07-21
2022-07-21 12:00:00,0.622300,0.624200,0.622100,0.623600,4,2022-07-21
2022-07-21 16:00:00,0.623700,0.623750,0.618500,0.619500,4,2022-07-21
2022-07-21 20:00:00,0.619450,0.622800,0.618600,0.621200,4,2022-07-22
2022-07-22 00:00:00,0.621200,0.622950,0.620150,0.621500,4,2022-07-22
2022-07-22 04:00:00,0.621500,0.625400,0.621400,0.625350,4,2022-07-22
2022-07-22 08:00:00,0.625300,0.625400,0.623400,0.623850,4,2022-07-22
2022-07-22 12:00:00,0.623800,0.624000,0.621150,0.621800,4,2022-07-22
2022-07-22 16:00:00,0.621900,0.624300,0.621500,0.624100,4,2022-07-22
2022-07-22 20:00:00,0.624000,0.624650,0.623250,0.624500,1,2022-07-22
2022-07-25 04:00:00,0.625400,0.626250,0.625100,0.625650,1,2022-07-25
2022-07-25 08:00:00,0.625500,0.626050,0.621500,0.623150,4,2022-07-25
2022-07-25 12:00:00,0.623200,0.624050,0.622450,0.623100,4,2022-07-25
2022-07-25 16:00:00,0.623100,0.627300,0.622800,0.627200,4,2022-07-25
2022-07-25 20:00:00,0.627200,0.628000,0.626150,0.626850,4,2022-07-26
2022-07-26 00:00:00,0.626900,0.627300,0.625000,0.626800,4,2022-07-26
2022-07-26 04:00:00,0.626900,0.627150,0.625550,0.626200,4,2022-07-26
2022-07-26 08:00:00,0.626200,0.628050,0.625550,0.627150,4,2022-07-26
2022-07-26 12:00:00,0.627200,0.627550,0.625850,0.626000,4,2022-07-26
2022-07-26 16:00:00,0.626100,0.626650,0.623350,0.623750,4,2022-07-26
2022-07-26 20:00:00,0.623600,0.624450,0.622500,0.623600,4,2022-07-27
2022-07-27 00:00:00,0.623700,0.624750,0.622650,0.622950,4,2022-07-27
2022-07-27 04:00:00,0.623000,0.625300,0.622550,0.623300,4,2022-07-27
2022-07-27 08:00:00,0.623500,0.624750,0.623050,0.623700,4,2022-07-27
2022-07-27 12:00:00,0.623800,0.624050,0.622700,0.623700,4,2022-07-27
2022-07-27 16:00:00,0.623800,0.624450,0.622150,0.623950,4,2022-07-27
2022-07-27 20:00:00,0.623900,0.624150,0.620600,0.621000,4,2022-07-28
2022-07-28 00:00:00,0.621200,0.621650,0.619500,0.620350,4,2022-07-28
2022-07-28 04:00:00,0.620200,0.627650,0.619250,0.626300,4,2022-07-28
2022-07-28 08:00:00,0.626300,0.627450,0.625150,0.626800,4,2022-07-28
2022-07-28 12:00:00,0.626650,0.627900,0.625700,0.627650,4,2022-07-28
2022-07-28 16:00:00,0.627400,0.629300,0.626800,0.627400,4,2022-07-28
2022-07-28 20:00:00,0.627400,0.628950,0.625500,0.626700,4,2022-07-29
2022-07-29 00:00:00,0.626900,0.628050,0.625850,0.627400,4,2022-07-29
2022-07-29 04:00:00,0.627400,0.629800,0.626900,0.628850,4,2022-07-29
2022-07-29 08:00:00,0.629150,0.630100,0.628550,0.629550,4,2022-07-29
2022-07-29 12:00:00,0.629500,0.632050,0.629000,0.631500,4,2022-07-29
2022-07-29 16:00:00,0.631300,0.632900,0.628500,0.629000,4,2022-07-29
2022-07-29 20:00:00,0.629100,0.629800,0.628750,0.629300,1,2022-07-29
2022-08-01 04:00:00,0.628000,0.629000,0.627200,0.628750,1,2022-08-01
2022-08-01 08:00:00,0.628400,0.629950,0.627700,0.629100,4,2022-08-01
2022-08-01 12:00:00,0.629200,0.630300,0.629000,0.629500,4,2022-08-01
2022-08-01 16:00:00,0.629500,0.633500,0.629200,0.632850,4,2022-08-01
2022-08-01 20:00:00,0.632900,0.634250,0.632300,0.633400,4,2022-08-02
2022-08-02 00:00:00,0.632800,0.635300,0.632500,0.633100,4,2022-08-02
2022-08-02 04:00:00,0.633150,0.634250,0.632300,0.633400,4,2022-08-02
2022-08-02 08:00:00,0.633400,0.634400,0.632550,0.632700,4,2022-08-02
2022-08-02 12:00:00,0.632750,0.633350,0.630300,0.630650,4,2022-08-02
2022-08-02 16:00:00,0.630600,0.630750,0.627450,0.628600,4,2022-08-02
2022-08-02 20:00:00,0.628800,0.630200,0.627800,0.628800,4,2022-08-03
2022-08-03 00:00:00,0.628650,0.629400,0.626500,0.627050,4,2022-08-03
2022-08-03 04:00:00,0.627150,0.627200,0.625100,0.625250,4,2022-08-03
2022-08-03 08:00:00,0.625200,0.625850,0.621300,0.623400,4,2022-08-03
2022-08-03 12:00:00,0.623400,0.626750,0.623300,0.626350,4,2022-08-03
2022-08-03 16:00:00,0.626400,0.627050,0.625000,0.625450,4,2022-08-03
2022-08-03 20:00:00,0.625400,0.627300,0.624450,0.625300,4,2022-08-04
2022-08-04 00:00:00,0.624300,0.625950,0.622200,0.625950,4,2022-08-04
2022-08-04 04:00:00,0.625900,0.628150,0.625500,0.627250,4,2022-08-04
2022-08-04 08:00:00,0.627300,0.629300,0.626500,0.628200,4,2022-08-04
2022-08-04 12:00:00,0.628150,0.629950,0.628000,0.629100,4,2022-08-04
2022-08-04 16:00:00,0.629100,0.631350,0.628550,0.630850,4,2022-08-04
2022-08-04 20:00:00,0.630800,0.631550,0.627650,0.628600,4,2022-08-05
2022-08-05 00:00:00,0.628700,0.630600,0.628150,0.630250,4,2022-08-05
2022-08-05 04:00:00,0.630300,0.631300,0.629500,0.629750,4,2022-08-05
2022-08-05 08:00:00,0.629600,0.630300,0.628600,0.629400,4,2022-08-05
2022-08-05 12:00:00,0.629350,0.629950,0.628400,0.629800,4,2022-08-05
2022-08-05 16:00:00,0.629800,0.631000,0.628500,0.628850,4,2022-08-05
2022-08-05 20:00:00,0.628900,0.629300,0.628500,0.628900,1,2022-08-05
2022-08-08 04:00:00,0.624900,0.625300,0.623900,0.625050,1,2022-08-08
2022-08-08 08:00:00,0.624850,0.625000,0.623000,0.624900,4,2022-08-08
2022-08-08 12:00:00,0.624900,0.625950,0.623700,0.624200,4,2022-08-08
2022-08-08 16:00:00,0.624300,0.627150,0.623500,0.627050,4,2022-08-08
2022-08-08 20:00:00,0.627100,0.630100,0.626950,0.629600,4,2022-08-09
2022-08-09 00:00:00,0.629600,0.630400,0.628000,0.629000,4,2022-08-09
2022-08-09 04:00:00,0.628900,0.629300,0.627950,0.628650,4,2022-08-09
2022-08-09 08:00:00,0.628600,0.629350,0.627300,0.627600,4,2022-08-09
2022-08-09 12:00:00,0.627550,0.628850,0.627550,0.627800,4,2022-08-09
2022-08-09 16:00:00,0.627900,0.630300,0.627100,0.630000,4,2022-08-09
2022-08-09 20:00:00,0.630000,0.630150,0.627400,0.628300,4,2022-08-10
2022-08-10 00:00:00,0.628200,0.629150,0.627450,0.627600,4,2022-08-10
2022-08-10 04:00:00,0.627700,0.629350,0.627050,0.628650,4,2022-08-10
2022-08-10 08:00:00,0.628700,0.629150,0.627600,0.628800,4,2022-08-10
2022-08-10 12:00:00,0.628850,0.629550,0.628600,0.629000,4,2022-08-10
2022-08-10 16:00:00,0.629000,0.631850,0.627900,0.631300,4,2022-08-10
2022-08-10 20:00:00,0.631300,0.639900,0.630750,0.639050,4,2022-08-11
2022-08-11 00:00:00,0.638800,0.643450,0.638800,0.642550,4,2022-08-11
2022-08-11 04:00:00,0.642500,0.642600,0.639700,0.640000,4,2022-08-11
2022-08-11 08:00:00,0.640100,0.641300,0.639300,0.639550,4,2022-08-11
2022-08-11 12:00:00,0.639550,0.640150,0.638450,0.640000,4,2022-08-11
2022-08-11 16:00:00,0.640000,0.643000,0.639700,0.642400,4,2022-08-11
2022-08-11 20:00:00,0.642450,0.646300,0.641350,0.645600,4,2022-08-12
2022-08-12 00:00:00,0.645750,0.646000,0.642800,0.643100,4,2022-08-12
2022-08-12 04:00:00,0.643100,0.644100,0.642250,0.642900,4,2022-08-12
2022-08-12 08:00:00,0.642800,0.643800,0.642600,0.643000,4,2022-08-12
2022-08-12 12:00:00,0.643000,0.646850,0.642900,0.645800,4,2022-08-12
2022-08-12 16:00:00,0.645800,0.646450,0.643900,0.643900,4,2022-08-12
2022-08-12 20:00:00,0.643900,0.644000,0.642400,0.642900,1,2022-08-12
2022-08-15 04:00:00,0.644500,0.645450,0.644500,0.645100,1,2022-08-15
2022-08-15 08:00:00,0.644900,0.645650,0.644350,0.644650,4,2022-08-15
2022-08-15 12:00:00,0.644750,0.644750,0.641250,0.641500,4,2022-08-15
2022-08-15 16:00:00,0.641500,0.641900,0.635800,0.636950,4,2022-08-15
2022-08-15 20:00:00,0.636900,0.638450,0.635600,0.637200,4,2022-08-16
2022-08-16 00:00:00,0.637200,0.638300,0.636500,0.636750,4,2022-08-16
2022-08-16 04:00:00,0.636750,0.637200,0.636000,0.636550,4,2022-08-16
2022-08-16 08:00:00,0.636450,0.636850,0.634800,0.635850,4,2022-08-16
2022-08-16 12:00:00,0.635800,0.637050,0.635100,0.636250,4,2022-08-16
2022-08-16 16:00:00,0.636200,0.636300,0.631850,0.632150,4,2022-08-16
2022-08-16 20:00:00,0.632150,0.634050,0.631750,0.634050,4,2022-08-17
2022-08-17 00:00:00,0.634000,0.634450,0.633000,0.634050,4,2022-08-17
2022-08-17 04:00:00,0.634100,0.634950,0.633700,0.634300,4,2022-08-17
2022-08-17 08:00:00,0.634400,0.634850,0.632600,0.633650,4,2022-08-17
2022-08-17 12:00:00,0.633400,0.638300,0.633000,0.636100,4,2022-08-17
2022-08-17 16:00:00,0.636050,0.636450,0.630600,0.631800,4,2022-08-17
2022-08-17 20:00:00,0.631800,0.631900,0.627300,0.627600,4,2022-08-18
2022-08-18 00:00:00,0.627500,0.629100,0.625900,0.627150,4,2022-08-18
2022-08-18 04:00:00,0.627050,0.630700,0.627050,0.628150,4,2022-08-18
2022-08-18 08:00:00,0.627800,0.628700,0.627200,0.627400,4,2022-08-18
2022-08-18 12:00:00,0.627350,0.628450,0.626450,0.627300,4,2022-08-18
2022-08-18 16:00:00,0.627200,0.628900,0.624800,0.628850,4,2022-08-18
2022-08-18 20:00:00,0.628850,0.631250,0.628000,0.628550,4,2022-08-19
2022-08-19 00:00:00,0.628400,0.628800,0.624700,0.625300,4,2022-08-19
2022-08-19 04:00:00,0.625300,0.626950,0.625150,0.625650,4,2022-08-19
2022-08-19 08:00:00,0.625700,0.625800,0.622700,0.623200,4,2022-08-19
2022-08-19 12:00:00,0.623050,0.624850,0.622900,0.623900,4,2022-08-19
2022-08-19 16:00:00,0.623800,0.624550,0.621600,0.621700,4,2022-08-19
2022-08-19 20:00:00,0.621650,0.621800,0.621000,0.621300,1,2022-08-19
2022-08-22 04:00:00,0.618500,0.618750,0.617850,0.618200,1,2022-08-22
2022-08-22 08:00:00,0.617850,0.618700,0.616800,0.618400,4,2022-08-22
2022-08-22 12:00:00,0.618400,0.620650,0.618150,0.619600,4,2022-08-22
2022-08-22 16:00:00,0.619600,0.620800,0.618600,0.620600,4,2022-08-22
2022-08-22 20:00:00,0.620550,0.621500,0.617700,0.617800,4,2022-08-23
2022-08-23 00:00:00,0.617800,0.618050,0.615700,0.616000,4,2022-08-23
2022-08-23 04:00:00,0.616050,0.617500,0.615900,0.616800,4,2022-08-23
2022-08-23 08:00:00,0.617100,0.619350,0.616900,0.619050,4,2022-08-23
2022-08-23 12:00:00,0.619100,0.619400,0.617600,0.617600,4,2022-08-23
2022-08-23 16:00:00,0.617700,0.619550,0.616000,0.618300,4,2022-08-23
2022-08-23 20:00:00,0.618300,0.621600,0.616500,0.621400,4,2022-08-24
2022-08-24 00:00:00,0.621450,0.624400,0.621000,0.621050,4,2022-08-24
2022-08-24 04:00:00,0.621050,0.623400,0.620450,0.621650,4,2022-08-24
2022-08-24 08:00:00,0.621550,0.621900,0.618350,0.618850,4,2022-08-24
2022-08-24 12:00:00,0.618800,0.620000,0.617900,0.618700,4,2022-08-24
2022-08-24 16:00:00,0.618700,0.620850,0.618250,0.619750,4,2022-08-24
2022-08-24 20:00:00,0.619850,0.619950,0.616300,0.616800,4,2022-08-25
2022-08-25 00:00:00,0.616800,0.620100,0.616500,0.618500,4,2022-08-25
2022-08-25 04:00:00,0.618550,0.619200,0.618000,0.618950,4,2022-08-25
2022-08-25 08:00:00,0.619000,0.621000,0.617650,0.620550,4,2022-08-25
2022-08-25 12:00:00,0.620400,0.622700,0.619850,0.621700,4,2022-08-25
2022-08-25 16:00:00,0.621700,0.625200,0.621600,0.624050,4,2022-08-25
2022-08-25 20:00:00,0.624000,0.624550,0.621100,0.621750,4,2022-08-26
2022-08-26 00:00:00,0.621750,0.623300,0.620750,0.622600,4,2022-08-26
2022-08-26 04:00:00,0.622700,0.623400,0.621900,0.622600,4,2022-08-26
2022-08-26 08:00:00,0.622350,0.622900,0.619600,0.619950,4,2022-08-26
2022-08-26 12:00:00,0.620000,0.620900,0.619500,0.619800,4,2022-08-26
2022-08-26 16:00:00,0.619800,0.621250,0.618650,0.621250,4,2022-08-26
2022-08-26 20:00:00,0.621200,0.621650,0.620900,0.621200,1,2022-08-26
2022-08-29 04:00:00,0.612700,0.613500,0.612500,0.612800,1,2022-08-29
2022-08-29 08:00:00,0.612900,0.613000,0.610300,0.611400,4,2022-08-29
2022-08-29 12:00:00,0.611300,0.613050,0.610200,0.610700,4,2022-08-29
2022-08-29 16:00:00,0.610800,0.611650,0.610350,0.611300,4,2022-08-29
2022-08-29 20:00:00,0.611200,0.615700,0.610800,0.615150,4,2022-08-30
2022-08-30 00:00:00,0.615100,0.616800,0.614000,0.615900,4,2022-08-30
2022-08-30 04:00:00,0.615900,0.616050,0.614850,0.615400,4,2022-08-30
2022-08-30 08:00:00,0.615500,0.616750,0.614350,0.614400,4,2022-08-30
2022-08-30 12:00:00,0.614400,0.615450,0.613200,0.615150,4,2022-08-30
2022-08-30 16:00:00,0.615150,0.619450,0.614200,0.618400,4,2022-08-30
2022-08-30 20:00:00,0.618300,0.618850,0.614850,0.615350,4,2022-08-31
2022-08-31 00:00:00,0.614900,0.615100,0.612350,0.613500,4,2022-08-31
2022-08-31 04:00:00,0.613500,0.614950,0.612450,0.613050,4,2022-08-31
2022-08-31 08:00:00,0.613000,0.614450,0.612800,0.613100,4,2022-08-31
2022-08-31 12:00:00,0.613100,0.615250,0.612750,0.615250,4,2022-08-31
2022-08-31 16:00:00,0.615300,0.615500,0.611400,0.611400,4,2022-08-31
2022-08-31 20:00:00,0.611650,0.614300,0.611050,0.612600,4,2022-09-01
2022-09-01 00:00:00,0.612550,0.614450,0.611700,0.612600,4,2022-09-01
2022-09-01 04:00:00,0.612500,0.613500,0.611350,0.611600,4,2022-09-01
2022-09-01 08:00:00,0.611600,0.612250,0.609100,0.609700,4,2022-09-01
2022-09-01 12:00:00,0.609600,0.610450,0.607600,0.609750,4,2022-09-01
2022-09-01 16:00:00,0.609800,0.611600,0.608900,0.610600,4,2022-09-01
2022-09-01 20:00:00,0.610550,0.611200,0.608900,0.609050,4,2022-09-02
2022-09-02 00:00:00,0.608700,0.609400,0.606000,0.607300,4,2022-09-02
2022-09-02 04:00:00,0.607250,0.608550,0.606900,0.607850,4,2022-09-02
2022-09-02 08:00:00,0.607900,0.608900,0.606800,0.606800,4,2022-09-02
2022-09-02 12:00:00,0.606900,0.607000,0.605100,0.605900,4,2022-09-02
2022-09-02 16:00:00,0.605800,0.609350,0.605800,0.609200,4,2022-09-02
2022-09-02 20:00:00,0.609050,0.609650,0.608900,0.609600,1,2022-09-02
2022-09-05 04:00:00,0.608650,0.609350,0.608100,0.608700,1,2022-09-05
2022-09-05 08:00:00,0.608700,0.610000,0.608250,0.608700,4,2022-09-05
2022-09-05 12:00:00,0.608800,0.609350,0.607800,0.608500,4,2022-09-05
2022-09-05 16:00:00,0.608550,0.610150,0.608100,0.609750,4,2022-09-05
2022-09-05 20:00:00,0.609700,0.610550,0.608650,0.609150,4,2022-09-06
2022-09-06 00:00:00,0.609250,0.609850,0.608900,0.609450,4,2022-09-06
2022-09-06 04:00:00,0.609450,0.609950,0.608300,0.609250,4,2022-09-06
2022-09-06 08:00:00,0.609200,0.612900,0.609200,0.612500,4,2022-09-06
2022-09-06 12:00:00,0.612400,0.612500,0.609000,0.610200,4,2022-09-06
2022-09-06 16:00:00,0.609800,0.610100,0.606700,0.607800,4,2022-09-06
2022-09-06 20:00:00,0.607800,0.609300,0.605600,0.606000,4,2022-09-07
2022-09-07 00:00:00,0.605300,0.606300,0.603500,0.603900,4,2022-09-07
2022-09-07 04:00:00,0.603800,0.605550,0.603550,0.604050,4,2022-09-07
2022-09-07 08:00:00,0.604100,0.604250,0.600900,0.601450,4,2022-09-07
2022-09-07 12:00:00,0.601550,0.601800,0.599650,0.601100,4,2022-09-07
2022-09-07 16:00:00,0.601100,0.603850,0.600400,0.603750,4,2022-09-07
2022-09-07 20:00:00,0.603700,0.604050,0.600350,0.601800,4,2022-09-08
2022-09-08 00:00:00,0.601850,0.607000,0.601100,0.606500,4,2022-09-08
2022-09-08 04:00:00,0.606500,0.608650,0.605800,0.607500,4,2022-09-08
2022-09-08 08:00:00,0.607500,0.607850,0.604600,0.604700,4,2022-09-08
2022-09-08 12:00:00,0.604850,0.606050,0.603600,0.605800,4,2022-09-08
2022-09-08 16:00:00,0.605700,0.607000,0.603400,0.604200,4,2022-09-08
2022-09-08 20:00:00,0.604150,0.607850,0.603100,0.604150,4,2022-09-09
2022-09-09 00:00:00,0.604200,0.606600,0.603200,0.605600,4,2022-09-09
2022-09-09 04:00:00,0.605700,0.606100,0.604600,0.605400,4,2022-09-09
2022-09-09 08:00:00,0.605300,0.608950,0.605250,0.608400,4,2022-09-09
2022-09-09 12:00:00,0.608300,0.611150,0.608300,0.610200,4,2022-09-09
2022-09-09 16:00:00,0.610200,0.615350,0.609600,0.613350,4,2022-09-09
2022-09-09 20:00:00,0.613400,0.614300,0.612900,0.613000,1,2022-09-09
2022-09-12 04:00:00,0.608600,0.610750,0.608350,0.610750,1,2022-09-12
2022-09-12 08:00:00,0.610700,0.612150,0.610350,0.611650,4,2022-09-12
2022-09-12 12:00:00,0.611600,0.611750,0.609700,0.611200,4,2022-09-12
2022-09-12 16:00:00,0.611200,0.615550,0.610800,0.614300,4,2022-09-12
2022-09-12 20:00:00,0.614250,0.615650,0.613200,0.615200,4,2022-09-13
2022-09-13 00:00:00,0.615100,0.615800,0.614600,0.615500,4,2022-09-13
2022-09-13 04:00:00,0.615400,0.615400,0.613200,0.613600,4,2022-09-13
2022-09-13 08:00:00,0.613500,0.615150,0.613450,0.614150,4,2022-09-13
2022-09-13 12:00:00,0.614100,0.614100,0.612450,0.613050,4,2022-09-13
2022-09-13 16:00:00,0.613000,0.614950,0.612850,0.614850,4,2022-09-13
2022-09-13 20:00:00,0.614800,0.616200,0.602300,0.604750,4,2022-09-14
2022-09-14 00:00:00,0.604600,0.604950,0.600600,0.600600,4,2022-09-14
2022-09-14 04:00:00,0.600600,0.600800,0.598650,0.600000,4,2022-09-14
2022-09-14 08:00:00,0.599950,0.600950,0.599000,0.600250,4,2022-09-14
2022-09-14 12:00:00,0.600250,0.601150,0.599000,0.599700,4,2022-09-14
2022-09-14 16:00:00,0.599600,0.601050,0.597700,0.600200,4,2022-09-14
2022-09-14 20:00:00,0.600050,0.601050,0.598100,0.600650,4,2022-09-15
2022-09-15 00:00:00,0.600600,0.602400,0.599600,0.600700,4,2022-09-15
2022-09-15 04:00:00,0.600700,0.601000,0.599550,0.600550,4,2022-09-15
2022-09-15 08:00:00,0.600550,0.602600,0.600200,0.601700,4,2022-09-15
2022-09-15 12:00:00,0.601800,0.602050,0.599700,0.600200,4,2022-09-15
2022-09-15 16:00:00,0.600200,0.601200,0.599600,0.600550,4,2022-09-15
2022-09-15 20:00:00,0.600500,0.601300,0.598000,0.601200,4,2022-09-16
2022-09-16 00:00:00,0.601200,0.601450,0.596800,0.597600,4,2022-09-16
2022-09-16 04:00:00,0.597600,0.597700,0.596300,0.596600,4,2022-09-16
2022-09-16 08:00:00,0.596700,0.597400,0.595500,0.595700,4,2022-09-16
2022-09-16 12:00:00,0.595800,0.598550,0.595600,0.596850,4,2022-09-16
2022-09-16 16:00:00,0.596700,0.598050,0.594100,0.594800,4,2022-09-16
2022-09-16 20:00:00,0.594800,0.596700,0.594800,0.596400,1,2022-09-16
2022-09-19 04:00:00,0.599100,0.599200,0.598300,0.598600,1,2022-09-19
2022-09-19 08:00:00,0.598650,0.600200,0.597950,0.597950,4,2022-09-19
2022-09-19 12:00:00,0.597950,0.598100,0.596200,0.596300,4,2022-09-19
2022-09-19 16:00:00,0.596350,0.596450,0.594250,0.594550,4,2022-09-19
2022-09-19 20:00:00,0.594550,0.595900,0.593150,0.593500,4,2022-09-20
2022-09-20 00:00:00,0.593600,0.595250,0.592950,0.594850,4,2022-09-20
2022-09-20 04:00:00,0.594900,0.596500,0.594500,0.595950,4,2022-09-20
2022-09-20 08:00:00,0.595900,0.597600,0.593600,0.593600,4,2022-09-20
2022-09-20 12:00:00,0.593950,0.595100,0.593250,0.593300,4,2022-09-20
2022-09-20 16:00:00,0.593400,0.594900,0.590200,0.590450,4,2022-09-20
2022-09-20 20:00:00,0.590500,0.591450,0.588600,0.589850,4,2022-09-21
2022-09-21 00:00:00,0.589850,0.591050,0.588600,0.588800,4,2022-09-21
2022-09-21 04:00:00,0.588700,0.590900,0.588700,0.589200,4,2022-09-21
2022-09-21 08:00:00,0.589300,0.590650,0.588800,0.589400,4,2022-09-21
2022-09-21 12:00:00,0.589400,0.590500,0.588400,0.588500,4,2022-09-21
2022-09-21 16:00:00,0.588550,0.589700,0.587600,0.589650,4,2022-09-21
2022-09-21 20:00:00,0.589600,0.589700,0.587200,0.587950,4,2022-09-22
2022-09-22 00:00:00,0.587950,0.589050,0.587200,0.588300,4,2022-09-22
2022-09-22 04:00:00,0.588300,0.591200,0.584200,0.585350,4,2022-09-22
2022-09-22 08:00:00,0.585150,0.585400,0.581050,0.582700,4,2022-09-22
2022-09-22 12:00:00,0.582700,0.583450,0.581400,0.582600,4,2022-09-22
2022-09-22 16:00:00,0.582650,0.588700,0.580400,0.585000,4,2022-09-22
2022-09-22 20:00:00,0.585050,0.588550,0.583300,0.583850,4,2022-09-23
2022-09-23 00:00:00,0.583800,0.585500,0.583300,0.584850,4,2022-09-23
2022-09-23 04:00:00,0.584950,0.585300,0.583750,0.584450,4,2022-09-23
2022-09-23 08:00:00,0.584550,0.585600,0.583850,0.584600,4,2022-09-23
2022-09-23 12:00:00,0.584600,0.584600,0.582150,0.583300,4,2022-09-23
2022-09-23 16:00:00,0.583200,0.584000,0.578050,0.579500,4,2022-09-23
2022-09-23 20:00:00,0.579450,0.579650,0.577000,0.577100,1,2022-09-23
2022-09-26 04:00:00,0.575000,0.575600,0.574050,0.574250,1,2022-09-26
2022-09-26 08:00:00,0.574100,0.575100,0.569600,0.573100,4,2022-09-26
2022-09-26 12:00:00,0.573050,0.573600,0.570900,0.571500,4,2022-09-26
2022-09-26 16:00:00,0.571650,0.575550,0.571200,0.571350,4,2022-09-26
2022-09-26 20:00:00,0.571400,0.573750,0.570500,0.573100,4,2022-09-27
2022-09-27 00:00:00,0.573000,0.573200,0.562500,0.562650,4,2022-09-27
2022-09-27 04:00:00,0.562700,0.565000,0.562550,0.563550,4,2022-09-27
2022-09-27 08:00:00,0.563600,0.569250,0.563400,0.567350,4,2022-09-27
2022-09-27 12:00:00,0.567300,0.570650,0.566700,0.570400,4,2022-09-27
2022-09-27 16:00:00,0.570300,0.572250,0.568900,0.569100,4,2022-09-27
2022-09-27 20:00:00,0.569100,0.571200,0.566600,0.566650,4,2022-09-28
2022-09-28 00:00:00,0.566700,0.567100,0.562450,0.563000,4,2022-09-28
2022-09-28 04:00:00,0.562900,0.564050,0.562550,0.563650,4,2022-09-28
2022-09-28 08:00:00,0.563700,0.564100,0.559700,0.560150,4,2022-09-28
2022-09-28 12:00:00,0.560200,0.560350,0.556550,0.559200,4,2022-09-28
2022-09-28 16:00:00,0.559300,0.560650,0.557000,0.559300,4,2022-09-28
2022-09-28 20:00:00,0.559250,0.568000,0.559050,0.566200,4,2022-09-29
2022-09-29 00:00:00,0.566300,0.573100,0.565600,0.572300,4,2022-09-29
2022-09-29 04:00:00,0.571400,0.573600,0.571400,0.572350,4,2022-09-29
2022-09-29 08:00:00,0.572800,0.573250,0.569600,0.569700,4,2022-09-29
2022-09-29 12:00:00,0.569700,0.570050,0.566950,0.567050,4,2022-09-29
2022-09-29 16:00:00,0.567100,0.569500,0.564800,0.569200,4,2022-09-29
2022-09-29 20:00:00,0.569200,0.571900,0.566400,0.568450,4,2022-09-30
2022-09-30 00:00:00,0.568300,0.571750,0.565900,0.568850,4,2022-09-30
2022-09-30 04:00:00,0.568700,0.572900,0.568500,0.572850,4,2022-09-30
2022-09-30 08:00:00,0.572800,0.575100,0.571900,0.572150,4,2022-09-30
2022-09-30 12:00:00,0.572250,0.572700,0.570750,0.572300,4,2022-09-30
2022-09-30 16:00:00,0.572300,0.573650,0.570300,0.570300,4,2022-09-30
2022-09-30 20:00:00,0.570250,0.571200,0.567900,0.568350,1,2022-09-30
2022-10-03 04:00:00,0.560250,0.560500,0.559500,0.560000,1,2022-10-03
2022-10-03 08:00:00,0.560200,0.562500,0.560000,0.562450,4,2022-10-03
2022-10-03 12:00:00,0.562500,0.564900,0.562200,0.562950,4,2022-10-03
2022-10-03 16:00:00,0.563000,0.566400,0.562650,0.565550,4,2022-10-03
2022-10-03 20:00:00,0.565550,0.568450,0.564400,0.567700,4,2022-10-04
2022-10-04 00:00:00,0.567700,0.573150,0.567000,0.571100,4,2022-10-04
2022-10-04 04:00:00,0.571200,0.572500,0.570700,0.572350,4,2022-10-04
2022-10-04 08:00:00,0.572350,0.572750,0.571100,0.571400,4,2022-10-04
2022-10-04 12:00:00,0.571400,0.572000,0.568100,0.569700,4,2022-10-04
2022-10-04 16:00:00,0.569700,0.575800,0.569550,0.573600,4,2022-10-04
2022-10-04 20:00:00,0.573400,0.573600,0.568050,0.571000,4,2022-10-05
2022-10-05 00:00:00,0.571000,0.575200,0.568900,0.572100,4,2022-10-05
2022-10-05 04:00:00,0.572050,0.573800,0.571100,0.573000,4,2022-10-05
2022-10-05 08:00:00,0.573150,0.574200,0.570950,0.572900,4,2022-10-05
2022-10-05 12:00:00,0.573900,0.580550,0.572250,0.573400,4,2022-10-05
2022-10-05 16:00:00,0.573500,0.577500,0.571650,0.573600,4,2022-10-05
2022-10-05 20:00:00,0.573650,0.574100,0.568400,0.570000,4,2022-10-06
2022-10-06 00:00:00,0.570000,0.570800,0.566100,0.570600,4,2022-10-06
2022-10-06 04:00:00,0.570400,0.575450,0.570300,0.573800,4,2022-10-06
2022-10-06 08:00:00,0.573800,0.578500,0.573200,0.577400,4,2022-10-06
2022-10-06 12:00:00,0.577400,0.581400,0.576600,0.580150,4,2022-10-06
2022-10-06 16:00:00,0.580200,0.580200,0.572200,0.572500,4,2022-10-06
2022-10-06 20:00:00,0.572550,0.573400,0.569850,0.570800,4,2022-10-07
2022-10-07 00:00:00,0.570700,0.570750,0.564050,0.565600,4,2022-10-07
2022-10-07 04:00:00,0.565600,0.566800,0.564150,0.565800,4,2022-10-07
2022-10-07 08:00:00,0.565800,0.567000,0.565300,0.566200,4,2022-10-07
2022-10-07 12:00:00,0.566050,0.567400,0.564750,0.565000,4,2022-10-07
2022-10-07 16:00:00,0.565050,0.566300,0.562750,0.565450,4,2022-10-07
2022-10-07 20:00:00,0.565400,0.566200,0.565300,0.565800,1,2022-10-07
2022-10-10 04:00:00,0.560750,0.561300,0.560650,0.561250,1,2022-10-10
2022-10-10 08:00:00,0.561250,0.561700,0.559300,0.561500,4,2022-10-10
2022-10-10 12:00:00,0.561400,0.562950,0.559600,0.559850,4,2022-10-10
2022-10-10 16:00:00,0.559800,0.560700,0.557400,0.558850,4,2022-10-10
2022-10-10 20:00:00,0.558700,0.560500,0.557550,0.559850,4,2022-10-11
2022-10-11 00:00:00,0.560000,0.560100,0.554500,0.555150,4,2022-10-11
2022-10-11 04:00:00,0.555150,0.557100,0.554600,0.556700,4,2022-10-11
2022-10-11 08:00:00,0.557300,0.558350,0.555850,0.557850,4,2022-10-11
2022-10-11 12:00:00,0.557900,0.558500,0.553600,0.554450,4,2022-10-11
2022-10-11 16:00:00,0.554400,0.557950,0.554300,0.557100,4,2022-10-11
2022-10-11 20:00:00,0.557050,0.562650,0.556100,0.561000,4,2022-10-12
2022-10-12 00:00:00,0.561000,0.565750,0.557750,0.564400,4,2022-10-12
2022-10-12 04:00:00,0.564350,0.564500,0.557500,0.558400,4,2022-10-12
2022-10-12 08:00:00,0.559500,0.559600,0.557000,0.558200,4,2022-10-12
2022-10-12 12:00:00,0.558250,0.559900,0.556000,0.559350,4,2022-10-12
2022-10-12 16:00:00,0.559250,0.561700,0.558250,0.559400,4,2022-10-12
2022-10-12 20:00:00,0.559300,0.560400,0.557300,0.559100,4,2022-10-13
2022-10-13 00:00:00,0.559150,0.561400,0.557550,0.560050,4,2022-10-13
2022-10-13 04:00:00,0.560000,0.563100,0.559750,0.560900,4,2022-10-13
2022-10-13 08:00:00,0.560900,0.562050,0.559750,0.561850,4,2022-10-13
2022-10-13 12:00:00,0.561800,0.561900,0.560300,0.561450,4,2022-10-13
2022-10-13 16:00:00,0.561450,0.561900,0.559500,0.561900,4,2022-10-13
2022-10-13 20:00:00,0.561900,0.563950,0.551250,0.554150,4,2022-10-14
2022-10-14 00:00:00,0.554250,0.563400,0.551800,0.562650,4,2022-10-14
2022-10-14 04:00:00,0.562700,0.565500,0.562400,0.563600,4,2022-10-14
2022-10-14 08:00:00,0.563350,0.565800,0.563100,0.565300,4,2022-10-14
2022-10-14 12:00:00,0.565300,0.568000,0.564950,0.566150,4,2022-10-14
2022-10-14 16:00:00,0.566150,0.568200,0.563200,0.563450,4,2022-10-14
2022-10-14 20:00:00,0.563300,0.563400,0.561550,0.562500,1,2022-10-14
2022-10-17 04:00:00,0.557500,0.557650,0.556550,0.557300,1,2022-10-17
2022-10-17 08:00:00,0.557200,0.558200,0.555200,0.555800,4,2022-10-17
2022-10-17 12:00:00,0.555900,0.558900,0.555800,0.557950,4,2022-10-17
2022-10-17 16:00:00,0.558000,0.560350,0.557800,0.559350,4,2022-10-17
2022-10-17 20:00:00,0.559300,0.563700,0.559300,0.562800,4,2022-10-18
2022-10-18 00:00:00,0.562950,0.564950,0.562400,0.563350,4,2022-10-18
2022-10-18 04:00:00,0.563300,0.564100,0.562400,0.563500,4,2022-10-18
2022-10-18 08:00:00,0.563100,0.567700,0.562100,0.566550,4,2022-10-18
2022-10-18 12:00:00,0.566500,0.570450,0.564600,0.569800,4,2022-10-18
2022-10-18 16:00:00,0.569800,0.570400,0.566500,0.566500,4,2022-10-18
2022-10-18 20:00:00,0.566400,0.571950,0.565550,0.571350,4,2022-10-19
2022-10-19 00:00:00,0.571400,0.571550,0.564750,0.567600,4,2022-10-19
2022-10-19 04:00:00,0.567800,0.569000,0.566200,0.568400,4,2022-10-19
2022-10-19 08:00:00,0.568500,0.570400,0.568400,0.569700,4,2022-10-19
2022-10-19 12:00:00,0.569600,0.570750,0.569000,0.569300,4,2022-10-19
2022-10-19 16:00:00,0.569300,0.569700,0.566900,0.568500,4,2022-10-19
2022-10-19 20:00:00,0.568400,0.570300,0.565650,0.566600,4,2022-10-20
2022-10-20 00:00:00,0.566550,0.569650,0.565500,0.565700,4,2022-10-20
2022-10-20 04:00:00,0.565650,0.567400,0.565000,0.567100,4,2022-10-20
2022-10-20 08:00:00,0.566950,0.567950,0.565400,0.566100,4,2022-10-20
2022-10-20 12:00:00,0.566000,0.566050,0.562300,0.564600,4,2022-10-20
2022-10-20 16:00:00,0.564650,0.566600,0.564150,0.566100,4,2022-10-20
2022-10-20 20:00:00,0.566200,0.572400,0.566000,0.568450,4,2022-10-21
2022-10-21 00:00:00,0.568550,0.574250,0.568500,0.570100,4,2022-10-21
2022-10-21 04:00:00,0.570100,0.570150,0.566600,0.567700,4,2022-10-21
2022-10-21 08:00:00,0.567900,0.568300,0.565650,0.566250,4,2022-10-21
2022-10-21 12:00:00,0.566350,0.567100,0.565100,0.565600,4,2022-10-21
2022-10-21 16:00:00,0.565600,0.567200,0.563950,0.564450,4,2022-10-21
2022-10-21 20:00:00,0.564500,0.564750,0.563450,0.564600,1,2022-10-21
2022-10-24 04:00:00,0.576750,0.576750,0.576550,0.576550,1,2022-10-24
2022-10-24 08:00:00,0.576500,0.579200,0.574300,0.576000,4,2022-10-24
2022-10-24 12:00:00,0.575750,0.575900,0.572500,0.574550,4,2022-10-24
2022-10-24 16:00:00,0.574500,0.574550,0.568850,0.570100,4,2022-10-24
2022-10-24 20:00:00,0.570100,0.570850,0.566250,0.567050,4,2022-10-25
2022-10-25 00:00:00,0.567000,0.570350,0.565800,0.568200,4,2022-10-25
2022-10-25 04:00:00,0.568200,0.569600,0.567600,0.569600,4,2022-10-25
2022-10-25 08:00:00,0.569050,0.571550,0.567500,0.571100,4,2022-10-25
2022-10-25 12:00:00,0.571100,0.572300,0.569350,0.571150,4,2022-10-25
2022-10-25 16:00:00,0.571200,0.571950,0.569150,0.569350,4,2022-10-25
2022-10-25 20:00:00,0.569300,0.570300,0.567250,0.570100,4,2022-10-26
2022-10-26 00:00:00,0.570100,0.578000,0.570100,0.574850,4,2022-10-26
2022-10-26 04:00:00,0.574900,0.576400,0.574500,0.575350,4,2022-10-26
2022-10-26 08:00:00,0.574500,0.575600,0.572600,0.573200,4,2022-10-26
2022-10-26 12:00:00,0.573100,0.575300,0.572850,0.574750,4,2022-10-26
2022-10-26 16:00:00,0.574650,0.581600,0.574100,0.581350,4,2022-10-26
2022-10-26 20:00:00,0.581200,0.581850,0.578750,0.579350,4,2022-10-27
2022-10-27 00:00:00,0.579200,0.584550,0.578750,0.582600,4,2022-10-27
2022-10-27 04:00:00,0.582700,0.583900,0.581950,0.583600,4,2022-10-27
2022-10-27 08:00:00,0.583300,0.585150,0.581800,0.583400,4,2022-10-27
2022-10-27 12:00:00,0.583450,0.586550,0.582450,0.586100,4,2022-10-27
2022-10-27 16:00:00,0.586100,0.587050,0.582650,0.582700,4,2022-10-27
2022-10-27 20:00:00,0.582850,0.583500,0.578900,0.582300,4,2022-10-28
2022-10-28 00:00:00,0.582350,0.586750,0.581100,0.584100,4,2022-10-28
2022-10-28 04:00:00,0.584200,0.586250,0.582400,0.582900,4,2022-10-28
2022-10-28 08:00:00,0.583050,0.583350,0.581350,0.581800,4,2022-10-28
2022-10-28 12:00:00,0.581800,0.587300,0.581700,0.586300,4,2022-10-28
2022-10-28 16:00:00,0.586300,0.586400,0.579450,0.580400,4,2022-10-28
2022-10-28 20:00:00,0.580400,0.580550,0.578650,0.579800,1,2022-10-28
2022-10-31 04:00:00,0.580350,0.580350,0.579350,0.580100,1,2022-10-31
2022-10-31 08:00:00,0.580150,0.581950,0.579850,0.580800,4,2022-10-31
2022-10-31 12:00:00,0.580800,0.582700,0.579700,0.582200,4,2022-10-31
2022-10-31 16:00:00,0.582250,0.583550,0.579400,0.580100,4,2022-10-31
2022-10-31 20:00:00,0.580100,0.582050,0.578800,0.579350,4,2022-11-01
2022-11-01 00:00:00,0.579250,0.582050,0.577500,0.581150,4,2022-11-01
2022-11-01 04:00:00,0.581200,0.581950,0.580300,0.581200,4,2022-11-01
2022-11-01 08:00:00,0.581500,0.582950,0.580800,0.582450,4,2022-11-01
2022-11-01 12:00:00,0.582500,0.586050,0.581900,0.585400,4,2022-11-01
2022-11-01 16:00:00,0.585500,0.588450,0.584700,0.586900,4,2022-11-01
2022-11-01 20:00:00,0.586900,0.590350,0.585900,0.589200,4,2022-11-02
2022-11-02 00:00:00,0.589150,0.589700,0.582550,0.583700,4,2022-11-02
2022-11-02 04:00:00,0.583750,0.584850,0.583450,0.584200,4,2022-11-02
2022-11-02 08:00:00,0.584200,0.585200,0.583500,0.584550,4,2022-11-02
2022-11-02 12:00:00,0.584600,0.587400,0.584200,0.586000,4,2022-11-02
2022-11-02 16:00:00,0.586100,0.588450,0.585850,0.587600,4,2022-11-02
2022-11-02 20:00:00,0.587650,0.589150,0.586600,0.588050,4,2022-11-03
2022-11-03 00:00:00,0.588150,0.588750,0.585600,0.586300,4,2022-11-03
2022-11-03 04:00:00,0.586300,0.594300,0.581500,0.581900,4,2022-11-03
2022-11-03 08:00:00,0.582050,0.583000,0.579950,0.581800,4,2022-11-03
2022-11-03 12:00:00,0.581900,0.583850,0.581450,0.583400,4,2022-11-03
2022-11-03 16:00:00,0.583400,0.583600,0.577800,0.577850,4,2022-11-03
2022-11-03 20:00:00,0.577800,0.578500,0.574400,0.574400,4,2022-11-04
2022-11-04 00:00:00,0.574450,0.580000,0.574050,0.578000,4,2022-11-04
2022-11-04 04:00:00,0.578050,0.578750,0.577150,0.577300,4,2022-11-04
2022-11-04 08:00:00,0.577500,0.577950,0.575750,0.577000,4,2022-11-04
2022-11-04 12:00:00,0.577100,0.581800,0.577000,0.581800,4,2022-11-04
2022-11-04 16:00:00,0.581800,0.583200,0.580100,0.582200,4,2022-11-04
2022-11-04 20:00:00,0.582300,0.583950,0.582200,0.582250,1,2022-11-04
2022-11-07 04:00:00,0.588500,0.588500,0.586150,0.587200,1,2022-11-07
2022-11-07 08:00:00,0.587200,0.591000,0.585750,0.589100,4,2022-11-07
2022-11-07 12:00:00,0.589000,0.590300,0.587450,0.589400,4,2022-11-07
2022-11-07 16:00:00,0.589500,0.592400,0.587300,0.592100,4,2022-11-07
2022-11-07 20:00:00,0.592100,0.593100,0.590950,0.592450,4,2022-11-08
2022-11-08 00:00:00,0.592550,0.594600,0.591150,0.591900,4,2022-11-08
2022-11-08 04:00:00,0.592000,0.594450,0.591700,0.593950,4,2022-11-08
2022-11-08 08:00:00,0.594000,0.595200,0.593000,0.594300,4,2022-11-08
2022-11-08 12:00:00,0.594450,0.594500,0.592750,0.592900,4,2022-11-08
2022-11-08 16:00:00,0.592950,0.592950,0.589900,0.591900,4,2022-11-08
2022-11-08 20:00:00,0.591750,0.593950,0.591050,0.592650,4,2022-11-09
2022-11-09 00:00:00,0.592700,0.600000,0.592450,0.599500,4,2022-11-09
2022-11-09 04:00:00,0.599500,0.599600,0.594350,0.595950,4,2022-11-09
2022-11-09 08:00:00,0.596000,0.596900,0.594450,0.595100,4,2022-11-09
2022-11-09 12:00:00,0.595200,0.596000,0.593600,0.594500,4,2022-11-09
2022-11-09 16:00:00,0.594550,0.595550,0.592900,0.594500,4,2022-11-09
2022-11-09 20:00:00,0.594650,0.594650,0.589100,0.590600,4,2022-11-10
2022-11-10 00:00:00,0.590600,0.593600,0.588150,0.589800,4,2022-11-10
2022-11-10 04:00:00,0.589750,0.590250,0.587300,0.588100,4,2022-11-10
2022-11-10 08:00:00,0.588100,0.589300,0.587800,0.588900,4,2022-11-10
2022-11-10 12:00:00,0.588900,0.589450,0.586600,0.587200,4,2022-11-10
2022-11-10 16:00:00,0.587250,0.588350,0.584500,0.586100,4,2022-11-10
2022-11-10 20:00:00,0.586000,0.586800,0.584100,0.585100,4,2022-11-11
2022-11-11 00:00:00,0.585100,0.601800,0.585100,0.600900,4,2022-11-11
2022-11-11 04:00:00,0.600900,0.602850,0.597700,0.602650,4,2022-11-11
2022-11-11 08:00:00,0.602500,0.604000,0.599650,0.600300,4,2022-11-11
2022-11-11 12:00:00,0.600200,0.602200,0.598450,0.602000,4,2022-11-11
2022-11-11 16:00:00,0.602000,0.605300,0.601550,0.605000,4,2022-11-11
2022-11-11 20:00:00,0.605050,0.606100,0.603200,0.603600,2,2022-11-11
2022-11-14 04:00:00,0.611850,0.612450,0.610100,0.610100,1,2022-11-14
2022-11-14 08:00:00,0.611850,0.611900,0.606400,0.611200,4,2022-11-14
2022-11-14 12:00:00,0.611200,0.612050,0.608200,0.609200,4,2022-11-14
2022-11-14 16:00:00,0.609250,0.610900,0.607800,0.610350,4,2022-11-14
2022-11-14 20:00:00,0.610200,0.610200,0.606200,0.608700,4,2022-11-15
2022-11-15 00:00:00,0.608400,0.611350,0.607200,0.609500,4,2022-11-15
2022-11-15 04:00:00,0.609500,0.612200,0.609400,0.610100,4,2022-11-15
2022-11-15 08:00:00,0.610400,0.610450,0.608550,0.608900,4,2022-11-15
2022-11-15 12:00:00,0.608900,0.612000,0.608850,0.610400,4,2022-11-15
2022-11-15 16:00:00,0.610400,0.616150,0.610300,0.614400,4,2022-11-15
2022-11-15 20:00:00,0.614450,0.616450,0.613800,0.615700,4,2022-11-16
2022-11-16 00:00:00,0.615900,0.620350,0.612400,0.617500,4,2022-11-16
2022-11-16 04:00:00,0.617350,0.618000,0.613250,0.616100,4,2022-11-16
2022-11-16 08:00:00,0.616000,0.616850,0.613200,0.613950,4,2022-11-16
2022-11-16 12:00:00,0.613800,0.616700,0.613100,0.614000,4,2022-11-16
2022-11-16 16:00:00,0.613850,0.617850,0.613400,0.616500,4,2022-11-16
2022-11-16 20:00:00,0.616600,0.619400,0.615900,0.617300,4,2022-11-17
2022-11-17 00:00:00,0.617300,0.618150,0.613800,0.614400,4,2022-11-17
2022-11-17 04:00:00,0.614450,0.615700,0.613000,0.615300,4,2022-11-17
2022-11-17 08:00:00,0.615300,0.615300,0.613500,0.613850,3,2022-11-17
2022-11-17 12:00:00,0.613850,0.614450,0.611600,0.612650,4,2022-11-17
2022-11-17 16:00:00,0.612600,0.616850,0.612300,0.614600,4,2022-11-17
2022-11-17 20:00:00,0.614700,0.614800,0.607100,0.607700,4,2022-11-18
2022-11-18 00:00:00,0.607850,0.610400,0.606500,0.609850,4,2022-11-18
2022-11-18 04:00:00,0.609950,0.613100,0.609300,0.612800,4,2022-11-18
2022-11-18 08:00:00,0.612900,0.613250,0.611400,0.612250,2,2022-11-18
2022-11-18 12:00:00,0.616000,0.617400,0.615250,0.615550,2,2022-11-18
2022-11-18 16:00:00,0.615500,0.617700,0.615350,0.617100,4,2022-11-18
2022-11-18 20:00:00,0.617100,0.618950,0.616200,0.618600,2,2022-11-18
2022-11-21 04:00:00,0.615450,0.616750,0.615450,0.616500,1,2022-11-21
2022-11-21 08:00:00,0.616350,0.616950,0.614000,0.614550,4,2022-11-21
2022-11-21 12:00:00,0.614550,0.614950,0.612800,0.613300,4,2022-11-21
2022-11-21 16:00:00,0.613250,0.613350,0.611750,0.612250,4,2022-11-21
2022-11-21 20:00:00,0.612350,0.612650,0.610550,0.611750,4,2022-11-22
2022-11-22 00:00:00,0.611600,0.612250,0.608750,0.609300,4,2022-11-22
2022-11-22 04:00:00,0.609300,0.610500,0.608800,0.610150,4,2022-11-22
2022-11-22 08:00:00,0.610200,0.611500,0.609300,0.610800,4,2022-11-22
2022-11-22 12:00:00,0.611000,0.612700,0.610900,0.612600,4,2022-11-22
2022-11-22 16:00:00,0.612750,0.614450,0.611350,0.613600,4,2022-11-22
2022-11-22 20:00:00,0.613550,0.616250,0.612950,0.614800,4,2022-11-23
2022-11-23 00:00:00,0.614800,0.615400,0.613400,0.613800,4,2022-11-23
2022-11-23 04:00:00,0.613900,0.615550,0.613400,0.615300,4,2022-11-23
2022-11-23 08:00:00,0.615200,0.616450,0.613800,0.614300,4,2022-11-23
2022-11-23 12:00:00,0.614200,0.619200,0.614200,0.616150,4,2022-11-23
2022-11-23 16:00:00,0.616100,0.619850,0.615400,0.618200,4,2022-11-23
2022-11-23 20:00:00,0.618300,0.618350,0.616000,0.617200,4,2022-11-24
2022-11-24 00:00:00,0.617200,0.623650,0.616900,0.622100,4,2022-11-24
2022-11-24 04:00:00,0.622000,0.624950,0.621500,0.624700,4,2022-11-24
2022-11-24 08:00:00,0.624700,0.625450,0.623500,0.624900,4,2022-11-24
2022-11-24 12:00:00,0.624900,0.626950,0.624900,0.626000,4,2022-11-24
2022-11-24 16:00:00,0.626050,0.626500,0.623700,0.624900,4,2022-11-24
2022-11-24 20:00:00,0.625050,0.627150,0.624600,0.627100,4,2022-11-25
2022-11-25 00:00:00,0.627000,0.628950,0.626400,0.626650,4,2022-11-25
2022-11-25 04:00:00,0.626600,0.627550,0.626450,0.626850,4,2022-11-25
2022-11-25 08:00:00,0.626800,0.627050,0.624950,0.625200,4,2022-11-25
2022-11-25 12:00:00,0.625200,0.627800,0.624900,0.627400,4,2022-11-25
2022-11-25 16:00:00,0.627350,0.627350,0.624150,0.624600,3,2022-11-25
2022-11-25 20:00:00,0.624550,0.624950,0.622850,0.624150,2,2022-11-25
2022-11-28 04:00:00,0.622450,0.623400,0.621800,0.622100,1,2022-11-28
2022-11-28 08:00:00,0.622050,0.623800,0.621500,0.622800,4,2022-11-28
2022-11-28 12:00:00,0.622850,0.622850,0.619200,0.621500,4,2022-11-28
2022-11-28 16:00:00,0.621500,0.623550,0.619750,0.623350,4,2022-11-28
2022-11-28 20:00:00,0.623300,0.624550,0.621900,0.622350,4,2022-11-29
2022-11-29 00:00:00,0.622300,0.622450,0.619600,0.620300,4,2022-11-29
2022-11-29 04:00:00,0.620200,0.620500,0.615600,0.616100,4,2022-11-29
2022-11-29 08:00:00,0.616000,0.617250,0.615950,0.616800,4,2022-11-29
2022-11-29 12:00:00,0.616800,0.622050,0.616200,0.620950,4,2022-11-29
2022-11-29 16:00:00,0.620950,0.624450,0.619800,0.624350,4,2022-11-29
2022-11-29 20:00:00,0.624300,0.625350,0.622350,0.624100,4,2022-11-30
2022-11-30 00:00:00,0.623900,0.624300,0.618950,0.619950,4,2022-11-30
2022-11-30 04:00:00,0.619800,0.620700,0.619100,0.619800,4,2022-11-30
2022-11-30 08:00:00,0.619900,0.620900,0.619000,0.620850,4,2022-11-30
2022-11-30 12:00:00,0.620900,0.622700,0.620000,0.622150,4,2022-11-30
2022-11-30 16:00:00,0.622150,0.623750,0.621700,0.623250,4,2022-11-30
2022-11-30 20:00:00,0.623300,0.625000,0.623300,0.623800,4,2022-12-01
2022-12-01 00:00:00,0.623750,0.625000,0.619100,0.623400,4,2022-12-01
2022-12-01 04:00:00,0.623300,0.631350,0.622300,0.630200,4,2022-12-01
2022-12-01 08:00:00,0.630100,0.632200,0.628800,0.632000,4,2022-12-01
2022-12-01 12:00:00,0.631900,0.633500,0.631200,0.632650,4,2022-12-01
2022-12-01 16:00:00,0.632600,0.634600,0.631250,0.634400,4,2022-12-01
2022-12-01 20:00:00,0.634450,0.636250,0.632600,0.635500,4,2022-12-02
2022-12-02 00:00:00,0.635400,0.640000,0.634800,0.637100,4,2022-12-02
2022-12-02 04:00:00,0.637100,0.638200,0.635350,0.637300,4,2022-12-02
2022-12-02 08:00:00,0.637350,0.637900,0.635550,0.635900,4,2022-12-02
2022-12-02 12:00:00,0.635850,0.638100,0.635650,0.638000,4,2022-12-02
2022-12-02 16:00:00,0.638000,0.641250,0.637850,0.640200,4,2022-12-02
2022-12-02 20:00:00,0.640200,0.640950,0.638750,0.639900,2,2022-12-02
2022-12-05 04:00:00,0.636650,0.637150,0.636450,0.636850,1,2022-12-05
2022-12-05 08:00:00,0.636900,0.640950,0.636550,0.640600,4,2022-12-05
2022-12-05 12:00:00,0.640700,0.644300,0.640700,0.643150,4,2022-12-05
2022-12-05 16:00:00,0.643100,0.643900,0.639850,0.640500,4,2022-12-05
2022-12-05 20:00:00,0.640650,0.642550,0.639200,0.642000,4,2022-12-06
2022-12-06 00:00:00,0.642100,0.642250,0.630500,0.630750,4,2022-12-06
2022-12-06 04:00:00,0.630650,0.632550,0.630300,0.631300,4,2022-12-06
2022-12-06 08:00:00,0.631250,0.633950,0.631250,0.633400,4,2022-12-06
2022-12-06 12:00:00,0.633450,0.635500,0.632600,0.632800,4,2022-12-06
2022-12-06 16:00:00,0.632800,0.633050,0.630400,0.631950,4,2022-12-06
2022-12-06 20:00:00,0.632000,0.635150,0.630900,0.634800,4,2022-12-07
2022-12-07 00:00:00,0.634700,0.634950,0.630850,0.632600,4,2022-12-07
2022-12-07 04:00:00,0.632650,0.632950,0.630900,0.632000,4,2022-12-07
2022-12-07 08:00:00,0.632100,0.632900,0.631150,0.631800,4,2022-12-07
2022-12-07 12:00:00,0.631800,0.633650,0.631150,0.632000,4,2022-12-07
2022-12-07 16:00:00,0.632000,0.634200,0.631000,0.633700,4,2022-12-07
2022-12-07 20:00:00,0.633600,0.635700,0.631200,0.635400,4,2022-12-08
2022-12-08 00:00:00,0.635300,0.638400,0.634600,0.636500,4,2022-12-08
2022-12-08 04:00:00,0.636500,0.637950,0.634650,0.635750,4,2022-12-08
2022-12-08 08:00:00,0.635700,0.635900,0.633650,0.634050,4,2022-12-08
2022-12-08 12:00:00,0.634100,0.636050,0.632800,0.635400,4,2022-12-08
2022-12-08 16:00:00,0.635400,0.637250,0.634900,0.635550,4,2022-12-08
2022-12-08 20:00:00,0.635850,0.635950,0.633750,0.635500,4,2022-12-09
2022-12-09 00:00:00,0.635700,0.638950,0.635500,0.637500,4,2022-12-09
2022-12-09 04:00:00,0.637500,0.638300,0.636400,0.638100,4,2022-12-09
2022-12-09 08:00:00,0.638100,0.638350,0.636800,0.637650,4,2022-12-09
2022-12-09 12:00:00,0.637500,0.641100,0.637450,0.640550,4,2022-12-09
2022-12-09 16:00:00,0.640500,0.641150,0.637250,0.637550,4,2022-12-09
2022-12-09 20:00:00,0.637350,0.638850,0.637000,0.638850,2,2022-12-09
2022-12-12 04:00:00,0.640750,0.641450,0.639950,0.640750,1,2022-12-12
2022-12-12 08:00:00,0.640600,0.641500,0.638350,0.638650,4,2022-12-12
2022-12-12 12:00:00,0.638650,0.640050,0.638000,0.639550,4,2022-12-12
2022-12-12 16:00:00,0.639550,0.640300,0.638300,0.639600,4,2022-12-12
2022-12-12 20:00:00,0.639600,0.642200,0.639000,0.639100,4,2022-12-13
2022-12-13 00:00:00,0.639150,0.640100,0.636600,0.637600,4,2022-12-13
2022-12-13 04:00:00,0.637700,0.638950,0.636800,0.638500,4,2022-12-13
2022-12-13 08:00:00,0.638650,0.639600,0.637750,0.639350,4,2022-12-13
2022-12-13 12:00:00,0.639450,0.640450,0.637350,0.638350,4,2022-12-13
2022-12-13 16:00:00,0.638300,0.640850,0.638200,0.640000,4,2022-12-13
2022-12-13 20:00:00,0.640000,0.641000,0.637950,0.640900,4,2022-12-14
2022-12-14 00:00:00,0.640900,0.651400,0.640050,0.647800,4,2022-12-14
2022-12-14 04:00:00,0.647750,0.648600,0.645900,0.646200,4,2022-12-14
2022-12-14 08:00:00,0.646250,0.646650,0.643550,0.644500,4,2022-12-14
2022-12-14 12:00:00,0.644450,0.645000,0.643600,0.644250,4,2022-12-14
2022-12-14 16:00:00,0.644200,0.645300,0.643300,0.644450,4,2022-12-14
2022-12-14 20:00:00,0.644400,0.646250,0.643500,0.644400,4,2022-12-15
2022-12-15 00:00:00,0.644400,0.645800,0.643650,0.644950,4,2022-12-15
2022-12-15 04:00:00,0.644900,0.647000,0.640500,0.644700,4,2022-12-15
2022-12-15 08:00:00,0.644700,0.646650,0.643900,0.646150,4,2022-12-15
2022-12-15 12:00:00,0.646100,0.646150,0.643800,0.643900,4,2022-12-15
2022-12-15 16:00:00,0.643800,0.644200,0.639100,0.639200,4,2022-12-15
2022-12-15 20:00:00,0.639100,0.639100,0.636050,0.638300,4,2022-12-16
2022-12-16 00:00:00,0.638350,0.639850,0.633900,0.634000,4,2022-12-16
2022-12-16 04:00:00,0.634100,0.635050,0.632000,0.634500,4,2022-12-16
2022-12-16 08:00:00,0.634700,0.635650,0.633100,0.635300,4,2022-12-16
2022-12-16 12:00:00,0.635350,0.637750,0.634450,0.635950,4,2022-12-16
2022-12-16 16:00:00,0.635900,0.637300,0.634650,0.635700,4,2022-12-16
2022-12-16 20:00:00,0.635700,0.635900,0.634150,0.635200,2,2022-12-16
2022-12-19 04:00:00,0.638150,0.638150,0.637650,0.637700,1,2022-12-19
2022-12-19 08:00:00,0.637750,0.639200,0.636800,0.638600,4,2022-12-19
2022-12-19 12:00:00,0.638650,0.639600,0.638000,0.638800,4,2022-12-19
2022-12-19 16:00:00,0.638700,0.639650,0.637150,0.638950,4,2022-12-19
2022-12-19 20:00:00,0.639000,0.640950,0.636550,0.637500,4,2022-12-20
2022-12-20 00:00:00,0.637350,0.637800,0.634250,0.637100,4,2022-12-20
2022-12-20 04:00:00,0.637100,0.638650,0.636000,0.636250,4,2022-12-20
2022-12-20 08:00:00,0.636300,0.636950,0.634200,0.634900,4,2022-12-20
2022-12-20 12:00:00,0.635000,0.639550,0.631450,0.632650,4,2022-12-20
2022-12-20 16:00:00,0.632650,0.637100,0.630100,0.636800,4,2022-12-20
2022-12-20 20:00:00,0.636700,0.636700,0.632100,0.632150,4,2022-12-21
2022-12-21 00:00:00,0.632200,0.634900,0.630150,0.633000,4,2022-12-21
2022-12-21 04:00:00,0.633100,0.634950,0.631900,0.633900,4,2022-12-21
2022-12-21 08:00:00,0.633900,0.635100,0.633100,0.633800,4,2022-12-21
2022-12-21 12:00:00,0.633650,0.634600,0.630400,0.630450,4,2022-12-21
2022-12-21 16:00:00,0.630350,0.631350,0.628650,0.629250,4,2022-12-21
2022-12-21 20:00:00,0.629300,0.630800,0.628750,0.630800,4,2022-12-22
2022-12-22 00:00:00,0.630550,0.632000,0.627750,0.628400,4,2022-12-22
2022-12-22 04:00:00,0.628500,0.631000,0.627750,0.630350,4,2022-12-22
2022-12-22 08:00:00,0.630350,0.630400,0.628450,0.629800,4,2022-12-22
2022-12-22 12:00:00,0.629750,0.632900,0.629100,0.632200,4,2022-12-22
2022-12-22 16:00:00,0.632250,0.633050,0.630850,0.631750,4,2022-12-22
2022-12-22 20:00:00,0.631600,0.631950,0.627750,0.628850,4,2022-12-23
2022-12-23 00:00:00,0.628750,0.629050,0.624450,0.625150,4,2022-12-23
2022-12-23 04:00:00,0.625200,0.625700,0.623050,0.625450,4,2022-12-23
2022-12-23 08:00:00,0.625500,0.625600,0.623300,0.623900,4,2022-12-23
2022-12-23 12:00:00,0.624050,0.628100,0.623800,0.627550,4,2022-12-23
2022-12-23 16:00:00,0.627550,0.629650,0.627000,0.627800,4,2022-12-23
2022-12-23 20:00:00,0.627800,0.630350,0.627200,0.630000,2,2022-12-23
2022-12-26 08:00:00,0.628850,0.628900,0.626500,0.626900,4,2022-12-26
2022-12-26 12:00:00,0.625500,0.628650,0.625150,0.628400,4,2022-12-26
2022-12-26 16:00:00,0.628500,0.629550,0.627800,0.629550,4,2022-12-26
2022-12-26 20:00:00,0.628650,0.629200,0.628000,0.628100,3,2022-12-27
2022-12-27 00:00:00,0.628100,0.630000,0.624850,0.629850,4,2022-12-27
2022-12-27 04:00:00,0.629900,0.630050,0.628000,0.628800,4,2022-12-27
2022-12-27 08:00:00,0.628700,0.631500,0.625600,0.629800,4,2022-12-27
2022-12-27 12:00:00,0.629800,0.630600,0.628000,0.629250,4,2022-12-27
2022-12-27 16:00:00,0.629300,0.631800,0.629100,0.631250,4,2022-12-27
2022-12-27 20:00:00,0.631200,0.631750,0.627600,0.627700,4,2022-12-28
2022-12-28 00:00:00,0.627800,0.630150,0.627000,0.628250,4,2022-12-28
2022-12-28 04:00:00,0.628200,0.628800,0.626900,0.627550,4,2022-12-28
2022-12-28 08:00:00,0.627600,0.629950,0.625800,0.626500,4,2022-12-28
2022-12-28 12:00:00,0.626500,0.628400,0.626000,0.626150,4,2022-12-28
2022-12-28 16:00:00,0.626200,0.631650,0.626100,0.630550,4,2022-12-28
2022-12-28 20:00:00,0.630550,0.635550,0.629250,0.634750,4,2022-12-29
2022-12-29 00:00:00,0.634800,0.635200,0.630300,0.630750,4,2022-12-29
2022-12-29 04:00:00,0.630700,0.633550,0.630300,0.630400,4,2022-12-29
2022-12-29 08:00:00,0.630500,0.632800,0.629650,0.632800,4,2022-12-29
2022-12-29 12:00:00,0.632800,0.634050,0.632100,0.633800,4,2022-12-29
2022-12-29 16:00:00,0.633900,0.634800,0.631000,0.631300,4,2022-12-29
2022-12-29 20:00:00,0.631350,0.631500,0.629800,0.631200,4,2022-12-30
2022-12-30 00:00:00,0.631100,0.635300,0.630550,0.634900,4,2022-12-30
2022-12-30 04:00:00,0.635000,0.635850,0.634600,0.634800,4,2022-12-30
2022-12-30 08:00:00,0.634900,0.635200,0.632550,0.633400,4,2022-12-30
2022-12-30 12:00:00,0.633400,0.634000,0.631700,0.632600,4,2022-12-30
2022-12-30 16:00:00,0.632600,0.634200,0.631950,0.634000,4,2022-12-30
2022-12-30 20:00:00,0.634050,0.634150,0.632650,0.632800,2,2022-12-30
2023-01-02 08:00:00,0.635200,0.635500,0.634200,0.634400,2,2023-01-02
2023-01-02 12:00:00,0.634000,0.634800,0.633800,0.633800,2,2023-01-02
2023-01-02 16:00:00,0.633600,0.633650,0.632400,0.632700,4,2023-01-02
2023-01-02 20:00:00,0.632650,0.633150,0.632400,0.632950,4,2023-01-03
2023-01-03 00:00:00,0.632900,0.634100,0.631400,0.631850,4,2023-01-03
2023-01-03 04:00:00,0.631800,0.633750,0.631350,0.633200,4,2023-01-03
2023-01-03 08:00:00,0.633000,0.633400,0.631150,0.632100,4,2023-01-03
2023-01-03 12:00:00,0.631900,0.636200,0.629700,0.634600,4,2023-01-03
2023-01-03 16:00:00,0.634700,0.634900,0.622350,0.622500,4,2023-01-03
2023-01-03 20:00:00,0.622450,0.625650,0.620050,0.621850,4,2023-01-04
2023-01-04 00:00:00,0.622000,0.628450,0.621200,0.624500,4,2023-01-04
2023-01-04 04:00:00,0.624500,0.625900,0.623500,0.624750,4,2023-01-04
2023-01-04 08:00:00,0.624750,0.626300,0.623950,0.626150,4,2023-01-04
2023-01-04 12:00:00,0.626200,0.628000,0.625800,0.627500,4,2023-01-04
2023-01-04 16:00:00,0.627450,0.635300,0.626400,0.633600,4,2023-01-04
2023-01-04 20:00:00,0.633750,0.635150,0.631300,0.631850,4,2023-01-05
2023-01-05 00:00:00,0.631800,0.634550,0.628600,0.631200,4,2023-01-05
2023-01-05 04:00:00,0.631350,0.631650,0.627900,0.629450,4,2023-01-05
2023-01-05 08:00:00,0.629400,0.630650,0.628000,0.630000,4,2023-01-05
2023-01-05 12:00:00,0.629900,0.630500,0.626500,0.628000,4,2023-01-05
2023-01-05 16:00:00,0.628050,0.630150,0.627150,0.628400,4,2023-01-05
2023-01-05 20:00:00,0.628500,0.630900,0.627250,0.629800,4,2023-01-06
2023-01-06 00:00:00,0.629800,0.630250,0.621100,0.622300,4,2023-01-06
2023-01-06 04:00:00,0.622350,0.625250,0.621950,0.622850,4,2023-01-06
2023-01-06 08:00:00,0.622950,0.624200,0.622150,0.624100,4,2023-01-06
2023-01-06 12:00:00,0.624200,0.625450,0.622950,0.624600,4,2023-01-06
2023-01-06 16:00:00,0.624500,0.624650,0.620700,0.621900,4,2023-01-06
2023-01-06 20:00:00,0.621850,0.622150,0.620550,0.620900,2,2023-01-06
2023-01-09 04:00:00,0.634150,0.634800,0.633600,0.633650,1,2023-01-09
2023-01-09 08:00:00,0.633700,0.636900,0.632950,0.636200,4,2023-01-09
2023-01-09 12:00:00,0.636150,0.639900,0.634500,0.639900,4,2023-01-09
2023-01-09 16:00:00,0.639800,0.641000,0.637600,0.639400,4,2023-01-09
2023-01-09 20:00:00,0.639450,0.639800,0.637450,0.638450,4,2023-01-10
2023-01-10 00:00:00,0.638500,0.641100,0.637500,0.640000,4,2023-01-10
2023-01-10 04:00:00,0.639950,0.640050,0.637000,0.637200,4,2023-01-10
2023-01-10 08:00:00,0.637250,0.638450,0.636100,0.637200,4,2023-01-10
2023-01-10 12:00:00,0.637200,0.638650,0.636100,0.637300,4,2023-01-10
2023-01-10 16:00:00,0.637300,0.638700,0.636000,0.638050,4,2023-01-10
2023-01-10 20:00:00,0.637950,0.638950,0.634450,0.634900,4,2023-01-11
2023-01-11 00:00:00,0.634900,0.638900,0.634300,0.636150,4,2023-01-11
2023-01-11 04:00:00,0.636100,0.637250,0.635600,0.637100,4,2023-01-11
2023-01-11 08:00:00,0.637200,0.638200,0.634800,0.637400,4,2023-01-11
2023-01-11 12:00:00,0.637400,0.638000,0.636450,0.637950,4,2023-01-11
2023-01-11 16:00:00,0.638000,0.638900,0.635800,0.635800,4,2023-01-11
2023-01-11 20:00:00,0.635850,0.637750,0.633500,0.634750,4,2023-01-12
2023-01-12 00:00:00,0.634900,0.636300,0.634300,0.634600,4,2023-01-12
2023-01-12 04:00:00,0.634650,0.637500,0.634250,0.636650,4,2023-01-12
2023-01-12 08:00:00,0.636600,0.637550,0.634950,0.636800,4,2023-01-12
2023-01-12 12:00:00,0.636850,0.638000,0.636350,0.637800,4,2023-01-12
2023-01-12 16:00:00,0.637800,0.637900,0.634100,0.634350,4,2023-01-12
2023-01-12 20:00:00,0.634500,0.636550,0.634000,0.635000,4,2023-01-13
2023-01-13 00:00:00,0.635000,0.641800,0.632200,0.637550,4,2023-01-13
2023-01-13 04:00:00,0.637500,0.641400,0.637300,0.639600,4,2023-01-13
2023-01-13 08:00:00,0.639600,0.640150,0.637350,0.637800,4,2023-01-13
2023-01-13 12:00:00,0.637800,0.638900,0.636700,0.637250,4,2023-01-13
2023-01-13 16:00:00,0.637300,0.641150,0.635750,0.640400,4,2023-01-13
2023-01-13 20:00:00,0.640500,0.641600,0.638450,0.639300,2,2023-01-13
2023-01-16 08:00:00,0.638500,0.640100,0.637250,0.639950,4,2023-01-16
2023-01-16 12:00:00,0.639700,0.642700,0.639450,0.640500,4,2023-01-16
2023-01-16 16:00:00,0.640500,0.641000,0.636300,0.636700,4,2023-01-16
2023-01-16 20:00:00,0.636700,0.640100,0.636150,0.639250,4,2023-01-17
2023-01-17 00:00:00,0.639300,0.639450,0.637600,0.638800,4,2023-01-17
2023-01-17 04:00:00,0.638800,0.638950,0.637900,0.638050,4,2023-01-17
2023-01-17 08:00:00,0.638000,0.639900,0.637750,0.639500,4,2023-01-17
2023-01-17 12:00:00,0.639400,0.640750,0.637400,0.640250,4,2023-01-17
2023-01-17 16:00:00,0.640250,0.640950,0.638200,0.640850,4,2023-01-17
2023-01-17 20:00:00,0.640600,0.641600,0.636700,0.640600,4,2023-01-18
2023-01-18 00:00:00,0.640500,0.643800,0.639000,0.642400,4,2023-01-18
2023-01-18 04:00:00,0.642400,0.643700,0.641600,0.642850,4,2023-01-18
2023-01-18 08:00:00,0.642900,0.643500,0.637100,0.642700,4,2023-01-18
2023-01-18 12:00:00,0.642600,0.645950,0.642600,0.645300,4,2023-01-18
2023-01-18 16:00:00,0.645400,0.649000,0.644450,0.648000,4,2023-01-18
2023-01-18 20:00:00,0.648000,0.649150,0.646000,0.648800,4,2023-01-19
2023-01-19 00:00:00,0.648800,0.652950,0.644500,0.645850,4,2023-01-19
2023-01-19 04:00:00,0.645900,0.646000,0.642400,0.642900,4,2023-01-19
2023-01-19 08:00:00,0.642900,0.644900,0.642100,0.642500,4,2023-01-19
2023-01-19 12:00:00,0.642600,0.643700,0.641400,0.641950,4,2023-01-19
2023-01-19 16:00:00,0.641950,0.642150,0.638450,0.638700,4,2023-01-19
2023-01-19 20:00:00,0.638800,0.638950,0.636850,0.637000,4,2023-01-20
2023-01-20 00:00:00,0.637000,0.640300,0.636550,0.637400,4,2023-01-20
2023-01-20 04:00:00,0.637500,0.640400,0.637500,0.639850,4,2023-01-20
2023-01-20 08:00:00,0.639900,0.640500,0.639250,0.640000,4,2023-01-20
2023-01-20 12:00:00,0.640000,0.642450,0.639200,0.640700,4,2023-01-20
2023-01-20 16:00:00,0.640550,0.643650,0.640250,0.643000,4,2023-01-20
2023-01-20 20:00:00,0.643000,0.643400,0.640900,0.642250,2,2023-01-20
2023-01-23 04:00:00,0.646700,0.646700,0.646700,0.646700,1,2023-01-23
2023-01-23 08:00:00,0.646200,0.649250,0.645800,0.649000,4,2023-01-23
2023-01-23 12:00:00,0.648900,0.649950,0.647100,0.647650,4,2023-01-23
2023-01-23 16:00:00,0.647600,0.649150,0.646400,0.649000,4,2023-01-23
2023-01-23 20:00:00,0.649000,0.649900,0.646400,0.648000,4,2023-01-24
2023-01-24 00:00:00,0.647950,0.649600,0.643800,0.647800,4,2023-01-24
2023-01-24 04:00:00,0.647700,0.649450,0.647100,0.648650,4,2023-01-24
2023-01-24 08:00:00,0.648600,0.649700,0.648000,0.648850,4,2023-01-24
2023-01-24 12:00:00,0.648850,0.651000,0.648600,0.649900,4,2023-01-24
2023-01-24 16:00:00,0.650650,0.652150,0.649300,0.650100,4,2023-01-24
2023-01-24 20:00:00,0.650000,0.650400,0.647700,0.647850,4,2023-01-25
2023-01-25 00:00:00,0.647900,0.651000,0.646400,0.650000,4,2023-01-25
2023-01-25 04:00:00,0.650000,0.651300,0.649650,0.650250,4,2023-01-25
2023-01-25 08:00:00,0.650200,0.652400,0.646700,0.647850,4,2023-01-25
2023-01-25 12:00:00,0.647900,0.649600,0.647450,0.649000,4,2023-01-25
2023-01-25 16:00:00,0.649100,0.649800,0.647900,0.648600,4,2023-01-25
2023-01-25 20:00:00,0.648450,0.649350,0.646700,0.648250,4,2023-01-26
2023-01-26 00:00:00,0.648300,0.648700,0.645000,0.646150,4,2023-01-26
2023-01-26 04:00:00,0.646200,0.648850,0.645800,0.648350,4,2023-01-26
2023-01-26 08:00:00,0.648400,0.648750,0.647200,0.648050,4,2023-01-26
2023-01-26 12:00:00,0.648000,0.649550,0.647000,0.649150,4,2023-01-26
2023-01-26 16:00:00,0.649150,0.650200,0.647750,0.648700,4,2023-01-26
2023-01-26 20:00:00,0.648800,0.649250,0.647050,0.648600,4,2023-01-27
2023-01-27 00:00:00,0.648600,0.651450,0.645750,0.646900,4,2023-01-27
2023-01-27 04:00:00,0.646900,0.649250,0.646500,0.649250,4,2023-01-27
2023-01-27 08:00:00,0.649200,0.650700,0.648100,0.650700,4,2023-01-27
2023-01-27 12:00:00,0.650550,0.651200,0.648500,0.648800,4,2023-01-27
2023-01-27 16:00:00,0.648750,0.649550,0.647750,0.649000,4,2023-01-27
2023-01-27 20:00:00,0.648900,0.650000,0.648300,0.648750,2,2023-01-27
2023-01-30 04:00:00,0.648000,0.648350,0.647550,0.647950,1,2023-01-30
2023-01-30 08:00:00,0.648350,0.650350,0.648050,0.650350,4,2023-01-30
2023-01-30 12:00:00,0.650300,0.650500,0.648400,0.649650,4,2023-01-30
2023-01-30 16:00:00,0.649600,0.649700,0.647250,0.647750,4,2023-01-30
2023-01-30 20:00:00,0.647600,0.650850,0.647600,0.649300,4,2023-01-31
2023-01-31 00:00:00,0.649450,0.650350,0.647950,0.648600,4,2023-01-31
2023-01-31 04:00:00,0.648550,0.648650,0.646200,0.646850,4,2023-01-31
2023-01-31 08:00:00,0.647000,0.647500,0.646250,0.646800,4,2023-01-31
2023-01-31 12:00:00,0.646800,0.647850,0.643800,0.644900,4,2023-01-31
2023-01-31 16:00:00,0.644950,0.645950,0.642400,0.642750,4,2023-01-31
2023-01-31 20:00:00,0.642550,0.643650,0.641300,0.642400,4,2023-02-01
2023-02-01 00:00:00,0.642400,0.647500,0.642350,0.646500,4,2023-02-01
2023-02-01 04:00:00,0.646500,0.647300,0.645250,0.646500,4,2023-02-01
2023-02-01 08:00:00,0.646450,0.646650,0.642650,0.643250,4,2023-02-01
2023-02-01 12:00:00,0.643350,0.644400,0.641700,0.643500,4,2023-02-01
2023-02-01 16:00:00,0.643550,0.645150,0.643200,0.644850,4,2023-02-01
2023-02-01 20:00:00,0.645000,0.645050,0.643250,0.644250,4,2023-02-02
2023-02-02 00:00:00,0.644400,0.645950,0.643000,0.643550,4,2023-02-02
2023-02-02 04:00:00,0.643500,0.650550,0.642000,0.649800,4,2023-02-02
2023-02-02 08:00:00,0.649700,0.652950,0.649250,0.652650,4,2023-02-02
2023-02-02 12:00:00,0.652700,0.653650,0.651600,0.653350,4,2023-02-02
2023-02-02 16:00:00,0.653450,0.653800,0.651550,0.652400,4,2023-02-02
2023-02-02 20:00:00,0.652400,0.652600,0.650600,0.651800,4,2023-02-03
2023-02-03 00:00:00,0.651800,0.653450,0.646350,0.649200,4,2023-02-03
2023-02-03 04:00:00,0.649250,0.649650,0.647000,0.648000,4,2023-02-03
2023-02-03 08:00:00,0.648000,0.648350,0.646800,0.647250,4,2023-02-03
2023-02-03 12:00:00,0.647200,0.647900,0.646050,0.647250,4,2023-02-03
2023-02-03 16:00:00,0.647250,0.648200,0.645550,0.646100,4,2023-02-03
2023-02-03 20:00:00,0.646100,0.648100,0.645550,0.648050,2,2023-02-03
2023-02-06 04:00:00,0.632050,0.632050,0.630350,0.631650,1,2023-02-06
2023-02-06 08:00:00,0.631300,0.633400,0.630650,0.631800,4,2023-02-06
2023-02-06 12:00:00,0.631900,0.633400,0.631550,0.633050,4,2023-02-06
2023-02-06 16:00:00,0.633050,0.633450,0.631100,0.631900,4,2023-02-06
2023-02-06 20:00:00,0.631950,0.632200,0.629300,0.631500,4,2023-02-07
2023-02-07 00:00:00,0.631500,0.631800,0.627100,0.628400,4,2023-02-07
2023-02-07 04:00:00,0.628350,0.630700,0.628050,0.630300,4,2023-02-07
2023-02-07 08:00:00,0.630300,0.631600,0.629550,0.631450,4,2023-02-07
2023-02-07 12:00:00,0.631600,0.634100,0.631400,0.632000,4,2023-02-07
2023-02-07 16:00:00,0.632050,0.632850,0.629950,0.631950,4,2023-02-07
2023-02-07 20:00:00,0.631850,0.634000,0.630350,0.630500,4,2023-02-08
2023-02-08 00:00:00,0.630500,0.631250,0.627300,0.630500,4,2023-02-08
2023-02-08 04:00:00,0.630400,0.635900,0.628700,0.632100,4,2023-02-08
2023-02-08 08:00:00,0.632000,0.632850,0.631800,0.632300,4,2023-02-08
2023-02-08 12:00:00,0.632200,0.633100,0.630950,0.632650,4,2023-02-08
2023-02-08 16:00:00,0.632650,0.634300,0.631650,0.633750,4,2023-02-08
2023-02-08 20:00:00,0.633800,0.634800,0.632650,0.633050,4,2023-02-09
2023-02-09 00:00:00,0.632900,0.633100,0.629700,0.631050,4,2023-02-09
2023-02-09 04:00:00,0.631200,0.631950,0.630200,0.630750,4,2023-02-09
2023-02-09 08:00:00,0.630700,0.631850,0.630350,0.630850,4,2023-02-09
2023-02-09 12:00:00,0.630850,0.634400,0.630300,0.634300,4,2023-02-09
2023-02-09 16:00:00,0.634450,0.636950,0.634200,0.636250,4,2023-02-09
2023-02-09 20:00:00,0.636350,0.637250,0.635500,0.636700,4,2023-02-10
2023-02-10 00:00:00,0.636850,0.639000,0.634250,0.635200,4,2023-02-10
2023-02-10 04:00:00,0.635150,0.635400,0.631900,0.632300,4,2023-02-10
2023-02-10 08:00:00,0.632200,0.633100,0.631850,0.632850,4,2023-02-10
2023-02-10 12:00:00,0.632800,0.632900,0.630250,0.630600,4,2023-02-10
2023-02-10 16:00:00,0.630550,0.634400,0.630550,0.634100,4,2023-02-10
2023-02-10 20:00:00,0.634000,0.634650,0.631600,0.632250,2,2023-02-10
2023-02-13 04:00:00,0.630750,0.630750,0.630750,0.630750,1,2023-02-13
2023-02-13 08:00:00,0.630550,0.632400,0.629750,0.630700,4,2023-02-13
2023-02-13 12:00:00,0.630600,0.630800,0.628950,0.630500,4,2023-02-13
2023-02-13 16:00:00,0.630500,0.634150,0.630200,0.633800,4,2023-02-13
2023-02-13 20:00:00,0.633850,0.634950,0.632450,0.634450,4,2023-02-14
2023-02-14 00:00:00,0.634500,0.636500,0.633100,0.635700,4,2023-02-14
2023-02-14 04:00:00,0.635800,0.636650,0.635350,0.635800,4,2023-02-14
2023-02-14 08:00:00,0.635950,0.636650,0.635100,0.636400,4,2023-02-14
2023-02-14 12:00:00,0.636400,0.636650,0.632950,0.634900,4,2023-02-14
2023-02-14 16:00:00,0.634950,0.635050,0.633000,0.633600,4,2023-02-14
2023-02-14 20:00:00,0.633700,0.635350,0.633050,0.634950,4,2023-02-15
2023-02-15 00:00:00,0.635000,0.638850,0.629700,0.632250,4,2023-02-15
2023-02-15 04:00:00,0.632200,0.634950,0.632200,0.634000,4,2023-02-15
2023-02-15 08:00:00,0.634000,0.634100,0.632550,0.633100,4,2023-02-15
2023-02-15 12:00:00,0.633000,0.633300,0.629900,0.630300,4,2023-02-15
2023-02-15 16:00:00,0.630350,0.630650,0.627600,0.628650,4,2023-02-15
2023-02-15 20:00:00,0.628700,0.629550,0.626900,0.627300,4,2023-02-16
2023-02-16 00:00:00,0.627300,0.628350,0.625300,0.627500,4,2023-02-16
2023-02-16 04:00:00,0.627600,0.628900,0.626150,0.628550,4,2023-02-16
2023-02-16 08:00:00,0.628650,0.628650,0.625600,0.626300,4,2023-02-16
2023-02-16 12:00:00,0.626200,0.630800,0.625850,0.630100,4,2023-02-16
2023-02-16 16:00:00,0.630250,0.630950,0.628900,0.629750,4,2023-02-16
2023-02-16 20:00:00,0.629750,0.630400,0.627450,0.628050,4,2023-02-17
2023-02-17 00:00:00,0.628100,0.628650,0.623250,0.626650,4,2023-02-17
2023-02-17 04:00:00,0.626600,0.628150,0.625400,0.625600,4,2023-02-17
2023-02-17 08:00:00,0.625700,0.626550,0.623700,0.624500,4,2023-02-17
2023-02-17 12:00:00,0.624400,0.624950,0.621600,0.622250,4,2023-02-17
2023-02-17 16:00:00,0.622300,0.622550,0.619650,0.620800,4,2023-02-17
2023-02-17 20:00:00,0.620700,0.621400,0.619750,0.620050,2,2023-02-17
2023-02-20 04:00:00,0.623000,0.623800,0.622900,0.623700,1,2023-02-20
2023-02-20 08:00:00,0.623350,0.624500,0.622650,0.623050,4,2023-02-20
2023-02-20 12:00:00,0.623000,0.625400,0.622850,0.624300,4,2023-02-20
2023-02-20 16:00:00,0.624300,0.624950,0.622750,0.623250,4,2023-02-20
2023-02-20 20:00:00,0.623300,0.625100,0.622250,0.624500,4,2023-02-21
2023-02-21 00:00:00,0.624500,0.626250,0.624350,0.625550,4,2023-02-21
2023-02-21 04:00:00,0.625500,0.625650,0.625200,0.625350,4,2023-02-21
2023-02-21 08:00:00,0.625350,0.626200,0.624250,0.625100,4,2023-02-21
2023-02-21 12:00:00,0.625000,0.626200,0.623900,0.624350,4,2023-02-21
2023-02-21 16:00:00,0.624300,0.624700,0.620750,0.622050,4,2023-02-21
2023-02-21 20:00:00,0.622100,0.625400,0.622000,0.624000,4,2023-02-22
2023-02-22 00:00:00,0.624000,0.624300,0.621250,0.621400,4,2023-02-22
2023-02-22 04:00:00,0.621300,0.621950,0.620350,0.621000,4,2023-02-22
2023-02-22 08:00:00,0.621000,0.622300,0.620600,0.622000,4,2023-02-22
2023-02-22 12:00:00,0.621300,0.624500,0.621300,0.622700,4,2023-02-22
2023-02-22 16:00:00,0.622700,0.624150,0.621300,0.622000,4,2023-02-22
2023-02-22 20:00:00,0.621950,0.625200,0.621200,0.624000,4,2023-02-23
2023-02-23 00:00:00,0.624200,0.624800,0.623100,0.623400,3,2023-02-23
2023-02-23 16:00:00,0.624750,0.625150,0.623200,0.623250,3,2023-02-23
2023-02-23 20:00:00,0.623250,0.624300,0.622450,0.623300,4,2023-02-24
2023-02-24 00:00:00,0.623350,0.624400,0.620450,0.620850,4,2023-02-24
2023-02-24 04:00:00,0.620750,0.623300,0.620300,0.623200,4,2023-02-24
2023-02-24 08:00:00,0.623200,0.623900,0.621850,0.623900,4,2023-02-24
2023-02-24 12:00:00,0.623850,0.624450,0.622850,0.623600,4,2023-02-24
2023-02-24 16:00:00,0.623650,0.624150,0.620600,0.621300,4,2023-02-24
2023-02-24 20:00:00,0.621450,0.622050,0.620850,0.621350,2,2023-02-24
2023-02-27 04:00:00,0.616500,0.616550,0.616450,0.616550,1,2023-02-27
2023-02-27 08:00:00,0.616450,0.617250,0.615500,0.616850,4,2023-02-27
2023-02-27 12:00:00,0.616850,0.617350,0.613950,0.614450,4,2023-02-27
2023-02-27 16:00:00,0.614400,0.616400,0.613150,0.615550,4,2023-02-27
2023-02-27 20:00:00,0.615500,0.615850,0.613800,0.613800,4,2023-02-28
2023-02-28 00:00:00,0.613950,0.618000,0.613800,0.616250,4,2023-02-28
2023-02-28 04:00:00,0.616300,0.617450,0.615700,0.616850,4,2023-02-28
2023-02-28 08:00:00,0.616800,0.617150,0.615750,0.616700,4,2023-02-28
2023-02-28 12:00:00,0.616700,0.617000,0.615450,0.615600,4,2023-02-28
2023-02-28 16:00:00,0.615500,0.615850,0.613250,0.614600,4,2023-02-28
2023-02-28 20:00:00,0.614550,0.616550,0.614050,0.616500,4,2023-03-01
2023-03-01 00:00:00,0.616400,0.620800,0.615950,0.619250,4,2023-03-01
2023-03-01 04:00:00,0.619350,0.620750,0.617500,0.618250,4,2023-03-01
2023-03-01 08:00:00,0.618200,0.618700,0.616600,0.616800,4,2023-03-01
2023-03-01 12:00:00,0.616800,0.621050,0.616800,0.620700,4,2023-03-01
2023-03-01 16:00:00,0.620750,0.625600,0.620750,0.625600,4,2023-03-01
2023-03-01 20:00:00,0.625350,0.627600,0.624550,0.627150,4,2023-03-02
2023-03-02 00:00:00,0.627250,0.627450,0.622250,0.626200,4,2023-03-02
2023-03-02 04:00:00,0.626100,0.626650,0.624350,0.625150,4,2023-03-02
2023-03-02 08:00:00,0.625300,0.626550,0.624100,0.624200,4,2023-03-02
2023-03-02 12:00:00,0.624200,0.624500,0.622300,0.623150,4,2023-03-02
2023-03-02 16:00:00,0.623150,0.623350,0.621200,0.622950,4,2023-03-02
2023-03-02 20:00:00,0.622900,0.623450,0.621300,0.621650,4,2023-03-03
2023-03-03 00:00:00,0.621800,0.622900,0.619900,0.620950,4,2023-03-03
2023-03-03 04:00:00,0.621000,0.622550,0.619950,0.622200,4,2023-03-03
2023-03-03 08:00:00,0.622000,0.623250,0.620750,0.622800,4,2023-03-03
2023-03-03 12:00:00,0.622850,0.623900,0.621750,0.622400,4,2023-03-03
2023-03-03 16:00:00,0.622450,0.623950,0.622250,0.623150,4,2023-03-03
2023-03-03 20:00:00,0.623150,0.624150,0.622400,0.622700,2,2023-03-03
2023-03-06 04:00:00,0.621750,0.622050,0.621750,0.622000,1,2023-03-06
2023-03-06 08:00:00,0.621550,0.622400,0.620900,0.621600,4,2023-03-06
2023-03-06 12:00:00,0.621600,0.622550,0.620700,0.621300,4,2023-03-06
2023-03-06 16:00:00,0.621250,0.622150,0.618750,0.619500,4,2023-03-06
2023-03-06 20:00:00,0.619400,0.619450,0.617300,0.618350,4,2023-03-07
2023-03-07 00:00:00,0.618550,0.620350,0.618300,0.619200,4,2023-03-07
2023-03-07 04:00:00,0.619200,0.619750,0.618100,0.618900,4,2023-03-07
2023-03-07 08:00:00,0.618900,0.619900,0.618850,0.619400,4,2023-03-07
2023-03-07 12:00:00,0.619350,0.621450,0.619000,0.620400,4,2023-03-07
2023-03-07 16:00:00,0.620400,0.622250,0.619600,0.620800,4,2023-03-07
2023-03-07 20:00:00,0.620750,0.621300,0.618550,0.619150,4,2023-03-08
2023-03-08 00:00:00,0.619200,0.619550,0.612300,0.612700,4,2023-03-08
2023-03-08 04:00:00,0.612700,0.613750,0.610350,0.611450,4,2023-03-08
2023-03-08 08:00:00,0.611400,0.612050,0.610300,0.611300,4,2023-03-08
2023-03-08 12:00:00,0.611250,0.611800,0.608500,0.609800,4,2023-03-08
2023-03-08 16:00:00,0.609900,0.612100,0.609250,0.611450,4,2023-03-08
2023-03-08 20:00:00,0.611500,0.612500,0.611300,0.611750,4,2023-03-09
2023-03-09 00:00:00,0.611750,0.613750,0.610800,0.611100,4,2023-03-09
2023-03-09 04:00:00,0.611100,0.611550,0.609800,0.611350,4,2023-03-09
2023-03-09 08:00:00,0.611300,0.611650,0.610450,0.610700,4,2023-03-09
2023-03-09 12:00:00,0.610650,0.612500,0.609850,0.612350,4,2023-03-09
2023-03-09 16:00:00,0.612350,0.613150,0.611500,0.612300,4,2023-03-09
2023-03-09 20:00:00,0.612300,0.614050,0.611900,0.613100,4,2023-03-10
2023-03-10 00:00:00,0.613100,0.615100,0.612400,0.612800,4,2023-03-10
2023-03-10 04:00:00,0.612850,0.613650,0.609650,0.610400,4,2023-03-10
2023-03-10 08:00:00,0.610300,0.610750,0.609200,0.610500,4,2023-03-10
2023-03-10 12:00:00,0.610550,0.611350,0.609400,0.610800,4,2023-03-10
2023-03-10 16:00:00,0.610900,0.611800,0.609500,0.610400,4,2023-03-10
2023-03-10 20:00:00,0.610350,0.611600,0.610350,0.610550,2,2023-03-10
2023-03-13 04:00:00,0.613750,0.614500,0.613450,0.614250,1,2023-03-13
2023-03-13 08:00:00,0.614250,0.617300,0.613500,0.614800,4,2023-03-13
2023-03-13 12:00:00,0.614800,0.620250,0.614250,0.619500,4,2023-03-13
2023-03-13 16:00:00,0.619650,0.620000,0.617600,0.619800,4,2023-03-13
2023-03-13 20:00:00,0.619800,0.620650,0.616300,0.620400,4,2023-03-14
2023-03-14 00:00:00,0.620550,0.626400,0.619450,0.623200,4,2023-03-14
2023-03-14 04:00:00,0.623250,0.624150,0.621500,0.622000,4,2023-03-14
2023-03-14 08:00:00,0.622000,0.622500,0.621000,0.621250,4,2023-03-14
2023-03-14 12:00:00,0.621200,0.621600,0.620100,0.620900,4,2023-03-14
2023-03-14 16:00:00,0.621000,0.623500,0.620700,0.621900,4,2023-03-14
2023-03-14 20:00:00,0.621900,0.624400,0.620550,0.623900,4,2023-03-15
2023-03-15 00:00:00,0.623950,0.624800,0.621700,0.622550,4,2023-03-15
2023-03-15 04:00:00,0.622550,0.624400,0.622200,0.623600,4,2023-03-15
2023-03-15 08:00:00,0.623650,0.624000,0.622350,0.622800,4,2023-03-15
2023-03-15 12:00:00,0.622800,0.626450,0.622050,0.622400,4,2023-03-15
2023-03-15 16:00:00,0.622350,0.622550,0.620450,0.621650,4,2023-03-15
2023-03-15 20:00:00,0.621600,0.621800,0.618800,0.620100,4,2023-03-16
2023-03-16 00:00:00,0.620000,0.621300,0.617300,0.617700,4,2023-03-16
2023-03-16 04:00:00,0.617600,0.620650,0.617600,0.618850,4,2023-03-16
2023-03-16 08:00:00,0.618600,0.619200,0.614000,0.617600,4,2023-03-16
2023-03-16 12:00:00,0.617600,0.618200,0.614550,0.616150,4,2023-03-16
2023-03-16 16:00:00,0.616250,0.618100,0.615500,0.616950,4,2023-03-16
2023-03-16 20:00:00,0.616900,0.617950,0.615100,0.617250,4,2023-03-17
2023-03-17 00:00:00,0.617300,0.618300,0.615500,0.617500,4,2023-03-17
2023-03-17 04:00:00,0.617450,0.619750,0.616050,0.619600,4,2023-03-17
2023-03-17 08:00:00,0.619750,0.620600,0.618550,0.619950,4,2023-03-17
2023-03-17 12:00:00,0.620000,0.624200,0.619800,0.624150,4,2023-03-17
2023-03-17 16:00:00,0.624250,0.625800,0.623600,0.624200,4,2023-03-17
2023-03-17 20:00:00,0.624150,0.625250,0.624000,0.624650,1,2023-03-17
2023-03-20 04:00:00,0.629200,0.629200,0.626500,0.628600,1,2023-03-20
2023-03-20 08:00:00,0.628650,0.628950,0.626800,0.627500,4,2023-03-20
2023-03-20 12:00:00,0.627500,0.627500,0.624550,0.625200,4,2023-03-20
2023-03-20 16:00:00,0.625100,0.626100,0.623850,0.625050,4,2023-03-20
2023-03-20 20:00:00,0.625100,0.625150,0.622900,0.624950,4,2023-03-21
2023-03-21 00:00:00,0.624900,0.626850,0.624000,0.625050,4,2023-03-21
2023-03-21 04:00:00,0.625100,0.625650,0.624100,0.624600,4,2023-03-21
2023-03-21 08:00:00,0.624650,0.625750,0.623500,0.624100,4,2023-03-21
2023-03-21 12:00:00,0.623950,0.624100,0.620850,0.621300,4,2023-03-21
2023-03-21 16:00:00,0.621250,0.621650,0.618650,0.618750,4,2023-03-21
2023-03-21 20:00:00,0.618750,0.620450,0.618250,0.619400,4,2023-03-22
2023-03-22 00:00:00,0.619450,0.619700,0.616750,0.617400,4,2023-03-22
2023-03-22 04:00:00,0.617400,0.619500,0.617150,0.619400,4,2023-03-22
2023-03-22 08:00:00,0.619350,0.619600,0.617150,0.618700,4,2023-03-22
2023-03-22 12:00:00,0.618500,0.620500,0.618400,0.620000,4,2023-03-22
2023-03-22 16:00:00,0.620050,0.622250,0.619900,0.621100,4,2023-03-22
2023-03-22 20:00:00,0.621250,0.622500,0.620550,0.621100,4,2023-03-23
2023-03-23 00:00:00,0.621100,0.622150,0.620400,0.621450,4,2023-03-23
2023-03-23 04:00:00,0.621400,0.628300,0.619550,0.622100,4,2023-03-23
2023-03-23 08:00:00,0.622100,0.624350,0.621300,0.624300,4,2023-03-23
2023-03-23 12:00:00,0.624300,0.628300,0.624100,0.628200,4,2023-03-23
2023-03-23 16:00:00,0.628200,0.629450,0.627700,0.628150,4,2023-03-23
2023-03-23 20:00:00,0.628200,0.628450,0.625600,0.625900,4,2023-03-24
2023-03-24 00:00:00,0.625750,0.628850,0.625550,0.628000,4,2023-03-24
2023-03-24 04:00:00,0.628100,0.628100,0.624450,0.624950,4,2023-03-24
2023-03-24 08:00:00,0.625100,0.625500,0.623850,0.624300,4,2023-03-24
2023-03-24 12:00:00,0.624200,0.624600,0.622900,0.623800,4,2023-03-24
2023-03-24 16:00:00,0.623800,0.624150,0.621100,0.621800,4,2023-03-24
2023-03-24 20:00:00,0.621750,0.622150,0.620400,0.620900,1,2023-03-24
2023-03-27 04:00:00,0.620000,0.620850,0.619700,0.620250,1,2023-03-27
2023-03-27 08:00:00,0.620550,0.621150,0.619750,0.620050,4,2023-03-27
2023-03-27 12:00:00,0.620100,0.621200,0.619450,0.620100,4,2023-03-27
2023-03-27 16:00:00,0.620300,0.621150,0.618650,0.620400,4,2023-03-27
2023-03-27 20:00:00,0.620350,0.620550,0.618100,0.618250,4,2023-03-28
2023-03-28 00:00:00,0.618150,0.619650,0.618100,0.619250,4,2023-03-28
2023-03-28 04:00:00,0.619350,0.619700,0.618500,0.619600,4,2023-03-28
2023-03-28 08:00:00,0.619700,0.621800,0.619600,0.621250,4,2023-03-28
2023-03-28 12:00:00,0.621150,0.623600,0.621100,0.622950,4,2023-03-28
2023-03-28 16:00:00,0.622950,0.623850,0.621750,0.621950,4,2023-03-28
2023-03-28 20:00:00,0.621850,0.624150,0.621550,0.623450,4,2023-03-29
2023-03-29 00:00:00,0.623500,0.625350,0.622400,0.624850,4,2023-03-29
2023-03-29 04:00:00,0.624800,0.625500,0.624000,0.625300,4,2023-03-29
2023-03-29 08:00:00,0.625250,0.626500,0.623850,0.625600,4,2023-03-29
2023-03-29 12:00:00,0.625700,0.627100,0.625250,0.626000,4,2023-03-29
2023-03-29 16:00:00,0.626000,0.626250,0.622900,0.623350,4,2023-03-29
2023-03-29 20:00:00,0.623300,0.624850,0.622050,0.622850,4,2023-03-30
2023-03-30 00:00:00,0.622750,0.624250,0.621500,0.622200,4,2023-03-30
2023-03-30 04:00:00,0.622200,0.622850,0.621700,0.622500,4,2023-03-30
2023-03-30 08:00:00,0.622700,0.623200,0.621100,0.621300,4,2023-03-30
2023-03-30 12:00:00,0.621250,0.621950,0.620300,0.621700,4,2023-03-30
2023-03-30 16:00:00,0.621750,0.624950,0.621600,0.624400,4,2023-03-30
2023-03-30 20:00:00,0.624400,0.624650,0.623050,0.624100,4,2023-03-31
2023-03-31 00:00:00,0.624000,0.626000,0.623900,0.625600,4,2023-03-31
2023-03-31 04:00:00,0.625650,0.626650,0.625000,0.626250,4,2023-03-31
2023-03-31 08:00:00,0.625600,0.628100,0.625600,0.627450,4,2023-03-31
2023-03-31 12:00:00,0.627400,0.629750,0.627300,0.628300,4,2023-03-31
2023-03-31 16:00:00,0.628250,0.628950,0.624800,0.625950,4,2023-03-31
2023-03-31 20:00:00,0.626100,0.627450,0.625800,0.626550,1,2023-03-31
2023-04-03 04:00:00,0.625900,0.625950,0.624700,0.624850,1,2023-04-03
2023-04-03 08:00:00,0.625150,0.625200,0.621300,0.622700,4,2023-04-03
2023-04-03 12:00:00,0.622700,0.622950,0.621200,0.621450,4,2023-04-03
2023-04-03 16:00:00,0.621350,0.624900,0.620800,0.624750,4,2023-04-03
2023-04-03 20:00:00,0.624750,0.629300,0.624650,0.627700,4,2023-04-04
2023-04-04 00:00:00,0.628750,0.629800,0.627600,0.628400,4,2023-04-04
2023-04-04 04:00:00,0.628500,0.630050,0.628000,0.629300,4,2023-04-04
2023-04-04 08:00:00,0.629200,0.631000,0.629150,0.629450,4,2023-04-04
2023-04-04 12:00:00,0.629500,0.630750,0.629200,0.629600,4,2023-04-04
2023-04-04 16:00:00,0.629700,0.631000,0.628300,0.630150,4,2023-04-04
2023-04-04 20:00:00,0.630100,0.630400,0.627450,0.628450,4,2023-04-05
2023-04-05 00:00:00,0.628500,0.631500,0.628500,0.629850,4,2023-04-05
2023-04-05 04:00:00,0.629750,0.631400,0.629500,0.631150,4,2023-04-05
2023-04-05 08:00:00,0.631100,0.632350,0.630350,0.630400,4,2023-04-05
2023-04-05 12:00:00,0.630700,0.637550,0.630700,0.634450,4,2023-04-05
2023-04-05 16:00:00,0.634550,0.635450,0.630700,0.631500,4,2023-04-05
2023-04-05 20:00:00,0.631450,0.632550,0.628550,0.631800,4,2023-04-06
2023-04-06 00:00:00,0.631600,0.633550,0.630200,0.631500,4,2023-04-06
2023-04-06 04:00:00,0.631450,0.632200,0.631150,0.631750,4,2023-04-06
2023-04-06 08:00:00,0.631800,0.632450,0.629600,0.630100,4,2023-04-06
2023-04-06 12:00:00,0.630100,0.630100,0.628200,0.628350,4,2023-04-06
2023-04-06 16:00:00,0.628300,0.629850,0.627900,0.628350,4,2023-04-06
2023-04-06 20:00:00,0.628400,0.628400,0.624000,0.624200,4,2023-04-07
2023-04-07 00:00:00,0.624200,0.626000,0.624000,0.625800,4,2023-04-07
2023-04-07 04:00:00,0.625800,0.625900,0.623400,0.624450,4,2023-04-07
2023-04-07 08:00:00,0.624500,0.625800,0.624050,0.625600,4,2023-04-07
2023-04-07 12:00:00,0.625550,0.626500,0.625400,0.625500,4,2023-04-07
2023-04-07 16:00:00,0.625500,0.627150,0.625450,0.626450,4,2023-04-07
2023-04-07 20:00:00,0.626500,0.626950,0.626250,0.626500,1,2023-04-07
2023-04-10 04:00:00,0.624900,0.625450,0.624900,0.625200,1,2023-04-10
2023-04-10 08:00:00,0.625000,0.625700,0.623450,0.624000,4,2023-04-10
2023-04-10 12:00:00,0.624000,0.624300,0.622500,0.623250,4,2023-04-10
2023-04-10 16:00:00,0.623300,0.625350,0.622900,0.624900,4,2023-04-10
2023-04-10 20:00:00,0.624900,0.625150,0.619400,0.619950,4,2023-04-11
2023-04-11 00:00:00,0.619800,0.621550,0.619400,0.621250,4,2023-04-11
2023-04-11 04:00:00,0.621200,0.622500,0.620950,0.622200,4,2023-04-11
2023-04-11 08:00:00,0.622200,0.623400,0.620900,0.622350,4,2023-04-11
2023-04-11 12:00:00,0.622200,0.623250,0.622050,0.623050,4,2023-04-11
2023-04-11 16:00:00,0.622700,0.623000,0.621100,0.621650,4,2023-04-11
2023-04-11 20:00:00,0.621600,0.621950,0.619850,0.620400,4,2023-04-12
2023-04-12 00:00:00,0.620350,0.621250,0.618350,0.619150,4,2023-04-12
2023-04-12 04:00:00,0.619250,0.619650,0.618550,0.619250,4,2023-04-12
2023-04-12 08:00:00,0.619150,0.619900,0.618800,0.619900,4,2023-04-12
2023-04-12 12:00:00,0.619900,0.620550,0.618600,0.619700,4,2023-04-12
2023-04-12 16:00:00,0.619650,0.619750,0.618250,0.619400,4,2023-04-12
2023-04-12 20:00:00,0.619500,0.624200,0.618600,0.621800,4,2023-04-13
2023-04-13 00:00:00,0.621900,0.622750,0.620300,0.621300,4,2023-04-13
2023-04-13 04:00:00,0.621100,0.622100,0.620850,0.621450,4,2023-04-13
2023-04-13 08:00:00,0.621400,0.622100,0.620350,0.621300,4,2023-04-13
2023-04-13 12:00:00,0.621300,0.621850,0.620800,0.620950,4,2023-04-13
2023-04-13 16:00:00,0.620900,0.624550,0.620350,0.624150,4,2023-04-13
2023-04-13 20:00:00,0.624200,0.629900,0.623600,0.629600,4,2023-04-14
2023-04-14 00:00:00,0.629600,0.631550,0.628400,0.631150,4,2023-04-14
2023-04-14 04:00:00,0.631050,0.631200,0.628900,0.629750,4,2023-04-14
2023-04-14 08:00:00,0.629800,0.631350,0.629600,0.631300,4,2023-04-14
2023-04-14 12:00:00,0.631300,0.631500,0.630400,0.631150,4,2023-04-14
2023-04-14 16:00:00,0.631250,0.631250,0.628700,0.628950,4,2023-04-14
2023-04-14 20:00:00,0.628800,0.629650,0.628750,0.629400,1,2023-04-14
2023-04-17 04:00:00,0.620400,0.621200,0.620150,0.620250,1,2023-04-17
2023-04-17 08:00:00,0.620200,0.620900,0.618500,0.619650,4,2023-04-17
2023-04-17 12:00:00,0.619700,0.620450,0.619500,0.619900,4,2023-04-17
2023-04-17 16:00:00,0.619900,0.621100,0.619100,0.619700,4,2023-04-17
2023-04-17 20:00:00,0.619700,0.620150,0.617400,0.617550,4,2023-04-18
2023-04-18 00:00:00,0.617500,0.617950,0.616150,0.617250,4,2023-04-18
2023-04-18 04:00:00,0.617300,0.618750,0.617050,0.618400,4,2023-04-18
2023-04-18 08:00:00,0.618350,0.619100,0.618050,0.618700,4,2023-04-18
2023-04-18 12:00:00,0.618950,0.619550,0.618000,0.619550,4,2023-04-18
2023-04-18 16:00:00,0.619250,0.622000,0.619000,0.621600,4,2023-04-18
2023-04-18 20:00:00,0.621550,0.622500,0.620300,0.620800,4,2023-04-19
2023-04-19 00:00:00,0.620950,0.621800,0.620050,0.620450,4,2023-04-19
2023-04-19 04:00:00,0.620400,0.621450,0.620200,0.620900,4,2023-04-19
2023-04-19 08:00:00,0.620950,0.621850,0.620250,0.620350,4,2023-04-19
2023-04-19 12:00:00,0.620400,0.620850,0.619700,0.619850,4,2023-04-19
2023-04-19 16:00:00,0.619850,0.621050,0.617300,0.618100,4,2023-04-19
2023-04-19 20:00:00,0.618150,0.622100,0.617450,0.621500,4,2023-04-20
2023-04-20 00:00:00,0.621550,0.622650,0.620250,0.620500,4,2023-04-20
2023-04-20 04:00:00,0.620500,0.620900,0.619850,0.620100,4,2023-04-20
2023-04-20 08:00:00,0.620100,0.620700,0.615600,0.616250,4,2023-04-20
2023-04-20 12:00:00,0.616300,0.616900,0.614900,0.616650,4,2023-04-20
2023-04-20 16:00:00,0.616700,0.618250,0.615650,0.617400,4,2023-04-20
2023-04-20 20:00:00,0.617450,0.619250,0.615700,0.618950,4,2023-04-21
2023-04-21 00:00:00,0.618900,0.620350,0.618550,0.618800,4,2023-04-21
2023-04-21 04:00:00,0.618800,0.618800,0.616650,0.617550,4,2023-04-21
2023-04-21 08:00:00,0.617600,0.618000,0.615800,0.616100,4,2023-04-21
2023-04-21 12:00:00,0.616100,0.616400,0.615200,0.615400,4,2023-04-21
2023-04-21 16:00:00,0.615300,0.615750,0.612650,0.613350,4,2023-04-21
2023-04-21 20:00:00,0.613250,0.614050,0.613000,0.613350,1,2023-04-21
2023-04-24 04:00:00,0.614200,0.614300,0.613750,0.613850,1,2023-04-24
2023-04-24 08:00:00,0.613800,0.614700,0.613500,0.613950,4,2023-04-24
2023-04-24 12:00:00,0.613950,0.614350,0.612550,0.612650,4,2023-04-24
2023-04-24 16:00:00,0.612800,0.615450,0.612550,0.614400,4,2023-04-24
2023-04-24 20:00:00,0.614350,0.615050,0.613750,0.614750,4,2023-04-25
2023-04-25 00:00:00,0.614800,0.616050,0.613800,0.615850,4,2023-04-25
2023-04-25 04:00:00,0.615800,0.616850,0.615500,0.616450,4,2023-04-25
2023-04-25 08:00:00,0.616750,0.618750,0.616550,0.617550,4,2023-04-25
2023-04-25 12:00:00,0.617500,0.617650,0.616350,0.616950,4,2023-04-25
2023-04-25 16:00:00,0.616900,0.617650,0.615050,0.616800,4,2023-04-25
2023-04-25 20:00:00,0.616900,0.617350,0.614550,0.614900,4,2023-04-26
2023-04-26 00:00:00,0.614900,0.615350,0.613500,0.613600,4,2023-04-26
2023-04-26 04:00:00,0.613650,0.614400,0.613300,0.614000,4,2023-04-26
2023-04-26 08:00:00,0.614000,0.614900,0.613800,0.614900,4,2023-04-26
2023-04-26 12:00:00,0.614850,0.614850,0.612800,0.613250,4,2023-04-26
2023-04-26 16:00:00,0.613300,0.614500,0.612200,0.612750,4,2023-04-26
2023-04-26 20:00:00,0.612700,0.614400,0.612050,0.613900,4,2023-04-27
2023-04-27 00:00:00,0.614000,0.614000,0.611700,0.612000,4,2023-04-27
2023-04-27 04:00:00,0.612000,0.612050,0.611200,0.611750,4,2023-04-27
2023-04-27 08:00:00,0.611750,0.613350,0.611500,0.613150,4,2023-04-27
2023-04-27 12:00:00,0.613100,0.615550,0.613000,0.614900,4,2023-04-27
2023-04-27 16:00:00,0.614850,0.615650,0.613850,0.614100,4,2023-04-27
2023-04-27 20:00:00,0.614000,0.616000,0.612200,0.613400,4,2023-04-28
2023-04-28 00:00:00,0.613300,0.614650,0.612650,0.614350,4,2023-04-28
2023-04-28 04:00:00,0.614350,0.614900,0.613950,0.614750,4,2023-04-28
2023-04-28 08:00:00,0.614750,0.616050,0.614450,0.615750,4,2023-04-28
2023-04-28 12:00:00,0.615700,0.615700,0.613750,0.614100,4,2023-04-28
2023-04-28 16:00:00,0.614000,0.614700,0.612350,0.612950,4,2023-04-28
2023-04-28 20:00:00,0.613000,0.614650,0.612800,0.613950,1,2023-04-28
2023-05-01 04:00:00,0.617600,0.618750,0.616600,0.618450,1,2023-05-01
2023-05-01 08:00:00,0.618700,0.618700,0.616700,0.617500,4,2023-05-01
2023-05-01 12:00:00,0.617550,0.618900,0.617400,0.618800,4,2023-05-01
2023-05-01 16:00:00,0.618800,0.619050,0.617400,0.617800,4,2023-05-01
2023-05-01 20:00:00,0.617800,0.619950,0.617200,0.619300,4,2023-05-02
2023-05-02 00:00:00,0.618400,0.618900,0.616450,0.617050,4,2023-05-02
2023-05-02 04:00:00,0.616950,0.618050,0.616150,0.616750,4,2023-05-02
2023-05-02 08:00:00,0.616700,0.618600,0.616350,0.618000,4,2023-05-02
2023-05-02 12:00:00,0.618000,0.619700,0.617600,0.619350,4,2023-05-02
2023-05-02 16:00:00,0.619350,0.620550,0.618800,0.619000,4,2023-05-02
2023-05-02 20:00:00,0.618900,0.621850,0.618700,0.619500,4,2023-05-03
2023-05-03 00:00:00,0.620200,0.621150,0.619400,0.620900,4,2023-05-03
2023-05-03 04:00:00,0.620800,0.621850,0.620500,0.620800,4,2023-05-03
2023-05-03 08:00:00,0.620900,0.624250,0.620650,0.624200,4,2023-05-03
2023-05-03 12:00:00,0.624200,0.624950,0.623050,0.623250,4,2023-05-03
2023-05-03 16:00:00,0.623200,0.623800,0.622600,0.622850,4,2023-05-03
2023-05-03 20:00:00,0.622850,0.623650,0.621600,0.622500,4,2023-05-04
2023-05-04 00:00:00,0.622400,0.624600,0.622400,0.623950,4,2023-05-04
2023-05-04 04:00:00,0.624300,0.626200,0.622000,0.622800,4,2023-05-04
2023-05-04 08:00:00,0.622900,0.624300,0.620700,0.623750,4,2023-05-04
2023-05-04 12:00:00,0.623700,0.625450,0.623500,0.624850,4,2023-05-04
2023-05-04 16:00:00,0.624900,0.625000,0.623200,0.624700,4,2023-05-04
2023-05-04 20:00:00,0.624600,0.627350,0.624500,0.626900,4,2023-05-05
2023-05-05 00:00:00,0.626900,0.629850,0.626000,0.629350,4,2023-05-05
2023-05-05 04:00:00,0.629400,0.629400,0.627500,0.627800,4,2023-05-05
2023-05-05 08:00:00,0.628000,0.631200,0.627800,0.630400,4,2023-05-05
2023-05-05 12:00:00,0.630500,0.631550,0.629650,0.630600,4,2023-05-05
2023-05-05 16:00:00,0.630550,0.631250,0.629050,0.629600,4,2023-05-05
2023-05-05 20:00:00,0.629600,0.630150,0.629600,0.629900,1,2023-05-05
2023-05-08 04:00:00,0.629400,0.629700,0.629050,0.629400,1,2023-05-08
2023-05-08 08:00:00,0.629400,0.630400,0.629350,0.630000,4,2023-05-08
2023-05-08 12:00:00,0.630100,0.631850,0.629700,0.631150,4,2023-05-08
2023-05-08 16:00:00,0.631100,0.633450,0.630900,0.633150,4,2023-05-08
2023-05-08 20:00:00,0.633100,0.635850,0.633100,0.635850,4,2023-05-09
2023-05-09 00:00:00,0.635800,0.635950,0.634700,0.634900,4,2023-05-09
2023-05-09 04:00:00,0.634800,0.635050,0.634100,0.634450,4,2023-05-09
2023-05-09 08:00:00,0.634650,0.634950,0.632800,0.633000,4,2023-05-09
2023-05-09 12:00:00,0.633150,0.634450,0.633000,0.633950,4,2023-05-09
2023-05-09 16:00:00,0.633900,0.633900,0.632500,0.633250,4,2023-05-09
2023-05-09 20:00:00,0.633300,0.634300,0.631850,0.633000,4,2023-05-10
2023-05-10 00:00:00,0.633050,0.633450,0.631850,0.633400,4,2023-05-10
2023-05-10 04:00:00,0.633350,0.633850,0.633150,0.633550,4,2023-05-10
2023-05-10 08:00:00,0.633300,0.634400,0.633250,0.633750,4,2023-05-10
2023-05-10 12:00:00,0.633750,0.634850,0.633500,0.634100,4,2023-05-10
2023-05-10 16:00:00,0.634200,0.634750,0.632900,0.633400,4,2023-05-10
2023-05-10 20:00:00,0.633550,0.638050,0.632400,0.635800,4,2023-05-11
2023-05-11 00:00:00,0.635800,0.636500,0.634150,0.634850,4,2023-05-11
2023-05-11 04:00:00,0.634800,0.637050,0.634800,0.636600,4,2023-05-11
2023-05-11 08:00:00,0.636600,0.638450,0.636600,0.637200,4,2023-05-11
2023-05-11 12:00:00,0.637200,0.637700,0.636550,0.637100,4,2023-05-11
2023-05-11 16:00:00,0.637250,0.637250,0.633000,0.634400,4,2023-05-11
2023-05-11 20:00:00,0.634400,0.636350,0.630700,0.630800,4,2023-05-12
2023-05-12 00:00:00,0.630900,0.631000,0.628900,0.629300,4,2023-05-12
2023-05-12 04:00:00,0.629300,0.630900,0.629300,0.629950,4,2023-05-12
2023-05-12 08:00:00,0.629950,0.630050,0.627950,0.627950,4,2023-05-12
2023-05-12 12:00:00,0.628100,0.628450,0.625300,0.625350,4,2023-05-12
2023-05-12 16:00:00,0.625450,0.626550,0.623050,0.623300,4,2023-05-12
2023-05-12 20:00:00,0.623250,0.623750,0.623000,0.623300,1,2023-05-12
2023-05-15 04:00:00,0.619400,0.619800,0.619300,0.619800,1,2023-05-15
2023-05-15 08:00:00,0.619600,0.620300,0.618700,0.620250,4,2023-05-15
2023-05-15 12:00:00,0.620300,0.622050,0.619600,0.621500,4,2023-05-15
2023-05-15 16:00:00,0.621550,0.623050,0.621000,0.621605,4,2023-05-15
2023-05-15 20:00:00,0.621600,0.622270,0.620905,0.621720,4,2023-05-16
2023-05-16 00:00:00,0.621725,0.623900,0.620765,0.623810,4,2023-05-16
2023-05-16 04:00:00,0.623760,0.624400,0.623400,0.624100,4,2023-05-16
2023-05-16 08:00:00,0.623940,0.625700,0.623900,0.625140,4,2023-05-16
2023-05-16 12:00:00,0.625250,0.625360,0.623600,0.623700,4,2023-05-16
2023-05-16 16:00:00,0.623800,0.625800,0.622670,0.625600,4,2023-05-16
2023-05-16 20:00:00,0.625500,0.626000,0.623200,0.624100,4,2023-05-17
2023-05-17 00:00:00,0.624200,0.624400,0.622300,0.622900,4,2023-05-17
2023-05-17 04:00:00,0.622900,0.624000,0.622500,0.623000,4,2023-05-17
2023-05-17 08:00:00,0.622950,0.624500,0.622600,0.624400,4,2023-05-17
2023-05-17 12:00:00,0.624300,0.625200,0.623100,0.623400,4,2023-05-17
2023-05-17 16:00:00,0.623200,0.625035,0.622850,0.625000,4,2023-05-17
2023-05-17 20:00:00,0.625000,0.627300,0.624500,0.625000,4,2023-05-18
2023-05-18 00:00:00,0.625000,0.626700,0.623535,0.626300,4,2023-05-18
2023-05-18 04:00:00,0.626370,0.626370,0.624400,0.624600,4,2023-05-18
2023-05-18 08:00:00,0.624600,0.626100,0.623800,0.624700,4,2023-05-18
2023-05-18 12:00:00,0.624620,0.626500,0.624620,0.625100,4,2023-05-18
2023-05-18 16:00:00,0.625200,0.627000,0.623500,0.624000,4,2023-05-18
2023-05-18 20:00:00,0.624100,0.625325,0.620900,0.621200,4,2023-05-19
2023-05-19 00:00:00,0.621200,0.622000,0.620400,0.621100,4,2023-05-19
2023-05-19 04:00:00,0.621100,0.623200,0.620990,0.622800,4,2023-05-19
2023-05-19 08:00:00,0.622700,0.624500,0.622595,0.623535,4,2023-05-19
2023-05-19 12:00:00,0.623400,0.624700,0.623100,0.624100,4,2023-05-19
2023-05-19 16:00:00,0.624100,0.628900,0.623800,0.627800,4,2023-05-19
2023-05-19 20:00:00,0.627760,0.628000,0.627000,0.627600,1,2023-05-19
2023-05-22 04:00:00,0.626750,0.627530,0.626750,0.627330,1,2023-05-22
2023-05-22 08:00:00,0.627325,0.629205,0.626885,0.627645,4,2023-05-22
2023-05-22 12:00:00,0.627635,0.629000,0.627200,0.627935,4,2023-05-22
2023-05-22 16:00:00,0.627895,0.628610,0.626200,0.628200,4,2023-05-22
2023-05-22 20:00:00,0.628200,0.629000,0.627300,0.627800,4,2023-05-23
2023-05-23 00:00:00,0.628000,0.628700,0.626900,0.628400,4,2023-05-23
2023-05-23 04:00:00,0.628400,0.629000,0.628100,0.628700,4,2023-05-23
2023-05-23 08:00:00,0.628700,0.630300,0.628300,0.628400,4,2023-05-23
2023-05-23 12:00:00,0.628500,0.629000,0.627300,0.627600,4,2023-05-23
2023-05-23 16:00:00,0.627700,0.628600,0.624900,0.624900,4,2023-05-23
2023-05-23 20:00:00,0.624900,0.625700,0.623400,0.625000,4,2023-05-24
2023-05-24 00:00:00,0.625200,0.626400,0.624995,0.625300,4,2023-05-24
2023-05-24 04:00:00,0.625300,0.625610,0.624100,0.624805,4,2023-05-24
2023-05-24 08:00:00,0.624700,0.625700,0.624390,0.625000,4,2023-05-24
2023-05-24 12:00:00,0.625100,0.625100,0.616100,0.616200,4,2023-05-24
2023-05-24 16:00:00,0.616300,0.616700,0.613100,0.613500,4,2023-05-24
2023-05-24 20:00:00,0.613430,0.614200,0.611680,0.611900,4,2023-05-25
2023-05-25 00:00:00,0.611900,0.612025,0.609490,0.610200,4,2023-05-25
2023-05-25 04:00:00,0.610200,0.611400,0.609400,0.610900,4,2023-05-25
2023-05-25 08:00:00,0.611000,0.611500,0.608500,0.608960,4,2023-05-25
2023-05-25 12:00:00,0.609000,0.610100,0.607700,0.608400,4,2023-05-25
2023-05-25 16:00:00,0.608300,0.610100,0.607600,0.607910,4,2023-05-25
2023-05-25 20:00:00,0.608000,0.608800,0.605200,0.605400,4,2023-05-26
2023-05-26 00:00:00,0.605300,0.606500,0.604400,0.606100,4,2023-05-26
2023-05-26 04:00:00,0.606000,0.606500,0.605000,0.606400,4,2023-05-26
2023-05-26 08:00:00,0.606400,0.607700,0.604800,0.607500,4,2023-05-26
2023-05-26 12:00:00,0.607500,0.607900,0.606000,0.607000,4,2023-05-26
2023-05-26 16:00:00,0.606900,0.608400,0.606300,0.608295,4,2023-05-26
2023-05-26 20:00:00,0.608200,0.609300,0.607900,0.608975,1,2023-05-26
2023-05-29 04:00:00,0.605000,0.605500,0.604500,0.605040,1,2023-05-29
2023-05-29 08:00:00,0.605100,0.606800,0.604600,0.606100,4,2023-05-29
2023-05-29 12:00:00,0.606000,0.607000,0.604400,0.606800,4,2023-05-29
2023-05-29 16:00:00,0.606700,0.607100,0.605100,0.605840,4,2023-05-29
2023-05-29 20:00:00,0.605800,0.606800,0.605100,0.605400,4,2023-05-30
2023-05-30 00:00:00,0.605265,0.605800,0.605000,0.605400,4,2023-05-30
2023-05-30 04:00:00,0.605600,0.606200,0.604985,0.605600,4,2023-05-30
2023-05-30 08:00:00,0.605400,0.606100,0.604200,0.605600,4,2023-05-30
2023-05-30 12:00:00,0.605600,0.605800,0.602500,0.602800,4,2023-05-30
2023-05-30 16:00:00,0.602800,0.605800,0.602600,0.605500,4,2023-05-30
2023-05-30 20:00:00,0.605500,0.606700,0.604400,0.604600,4,2023-05-31
2023-05-31 00:00:00,0.604600,0.605500,0.603400,0.603500,4,2023-05-31
2023-05-31 04:00:00,0.603500,0.604800,0.603300,0.604410,4,2023-05-31
2023-05-31 08:00:00,0.604300,0.605000,0.601100,0.601500,4,2023-05-31
2023-05-31 12:00:00,0.601600,0.602000,0.599600,0.600600,4,2023-05-31
2023-05-31 16:00:00,0.600700,0.601700,0.599400,0.600700,4,2023-05-31
2023-05-31 20:00:00,0.600700,0.601800,0.599400,0.600900,4,2023-06-01
2023-06-01 00:00:00,0.600900,0.601700,0.598500,0.600955,4,2023-06-01
2023-06-01 04:00:00,0.600800,0.602505,0.600600,0.601740,4,2023-06-01
2023-06-01 08:00:00,0.601700,0.602800,0.600000,0.601600,4,2023-06-01
2023-06-01 12:00:00,0.601600,0.601900,0.600500,0.600600,4,2023-06-01
2023-06-01 16:00:00,0.600500,0.601400,0.599000,0.601300,4,2023-06-01
2023-06-01 20:00:00,0.601300,0.604000,0.600600,0.603775,4,2023-06-02
2023-06-02 00:00:00,0.603600,0.607800,0.603200,0.606850,4,2023-06-02
2023-06-02 04:00:00,0.606800,0.607400,0.602580,0.606700,4,2023-06-02
2023-06-02 08:00:00,0.606700,0.607800,0.605800,0.607300,4,2023-06-02
2023-06-02 12:00:00,0.607300,0.610700,0.607100,0.609500,4,2023-06-02
2023-06-02 16:00:00,0.609700,0.611100,0.609100,0.610300,4,2023-06-02
2023-06-02 20:00:00,0.610300,0.610800,0.609400,0.609600,1,2023-06-02
2023-06-05 04:00:00,0.606250,0.608315,0.605300,0.605615,1,2023-06-05
2023-06-05 08:00:00,0.605500,0.606100,0.604600,0.606000,4,2023-06-05
2023-06-05 12:00:00,0.605835,0.606500,0.605000,0.606200,4,2023-06-05
2023-06-05 16:00:00,0.606400,0.606800,0.604300,0.605100,4,2023-06-05
2023-06-05 20:00:00,0.605100,0.606400,0.604100,0.605700,4,2023-06-06
2023-06-06 00:00:00,0.605600,0.608600,0.605500,0.607640,4,2023-06-06
2023-06-06 04:00:00,0.607670,0.607900,0.606400,0.607300,4,2023-06-06
2023-06-06 08:00:00,0.607300,0.607700,0.606700,0.607500,4,2023-06-06
2023-06-06 12:00:00,0.607500,0.609800,0.607100,0.608800,4,2023-06-06
2023-06-06 16:00:00,0.608800,0.610000,0.607300,0.607500,4,2023-06-06
2023-06-06 20:00:00,0.607300,0.608300,0.604500,0.604900,4,2023-06-07
2023-06-07 00:00:00,0.604900,0.608500,0.604800,0.606900,4,2023-06-07
2023-06-07 04:00:00,0.606900,0.608440,0.606800,0.607800,4,2023-06-07
2023-06-07 08:00:00,0.607700,0.609000,0.607400,0.608200,4,2023-06-07
2023-06-07 12:00:00,0.608100,0.608200,0.607000,0.607300,4,2023-06-07
2023-06-07 16:00:00,0.607200,0.608020,0.605800,0.607900,4,2023-06-07
2023-06-07 20:00:00,0.608000,0.609500,0.606100,0.609200,4,2023-06-08
2023-06-08 00:00:00,0.609300,0.609700,0.603100,0.603800,4,2023-06-08
2023-06-08 04:00:00,0.603900,0.604500,0.603400,0.603905,4,2023-06-08
2023-06-08 08:00:00,0.603900,0.605400,0.603200,0.604600,4,2023-06-08
2023-06-08 12:00:00,0.604600,0.605900,0.604100,0.604900,4,2023-06-08
2023-06-08 16:00:00,0.604800,0.608000,0.604300,0.606800,4,2023-06-08
2023-06-08 20:00:00,0.606900,0.609300,0.605800,0.609000,4,2023-06-09
2023-06-09 00:00:00,0.608885,0.609900,0.608300,0.609300,4,2023-06-09
2023-06-09 04:00:00,0.609400,0.609900,0.608900,0.609280,4,2023-06-09
2023-06-09 08:00:00,0.609300,0.609900,0.608895,0.608900,4,2023-06-09
2023-06-09 12:00:00,0.609000,0.609700,0.608400,0.609500,4,2023-06-09
2023-06-09 16:00:00,0.609400,0.610500,0.608900,0.608960,4,2023-06-09
2023-06-09 20:00:00,0.608900,0.610000,0.608900,0.609900,1,2023-06-09
2023-06-12 04:00:00,0.612230,0.612785,0.611900,0.612655,1,2023-06-12
2023-06-12 08:00:00,0.612800,0.613100,0.611600,0.611730,4,2023-06-12
2023-06-12 12:00:00,0.611710,0.612400,0.611100,0.612000,4,2023-06-12
2023-06-12 16:00:00,0.611900,0.615250,0.611700,0.614600,4,2023-06-12
2023-06-12 20:00:00,0.614600,0.614900,0.610900,0.611500,4,2023-06-13
2023-06-13 00:00:00,0.611600,0.612200,0.610600,0.611800,4,2023-06-13
2023-06-13 04:00:00,0.611800,0.612500,0.611300,0.612100,4,2023-06-13
2023-06-13 08:00:00,0.612300,0.613000,0.611200,0.611800,4,2023-06-13
2023-06-13 12:00:00,0.611900,0.613400,0.610600,0.612400,4,2023-06-13
2023-06-13 16:00:00,0.612500,0.615600,0.612400,0.613800,4,2023-06-13
2023-06-13 20:00:00,0.613700,0.617800,0.613100,0.615000,4,2023-06-14
2023-06-14 00:00:00,0.614700,0.616200,0.613900,0.614300,4,2023-06-14
2023-06-14 04:00:00,0.614300,0.615200,0.613700,0.615000,4,2023-06-14
2023-06-14 08:00:00,0.614900,0.616800,0.614800,0.616300,4,2023-06-14
2023-06-14 12:00:00,0.616300,0.616500,0.614300,0.614400,4,2023-06-14
2023-06-14 16:00:00,0.614500,0.617700,0.614200,0.617700,4,2023-06-14
2023-06-14 20:00:00,0.617595,0.621200,0.617000,0.620900,4,2023-06-15
2023-06-15 00:00:00,0.621000,0.623600,0.620855,0.622100,4,2023-06-15
2023-06-15 04:00:00,0.622200,0.623500,0.607590,0.620400,4,2023-06-15
2023-06-15 08:00:00,0.620600,0.621800,0.616100,0.616400,4,2023-06-15
2023-06-15 12:00:00,0.616500,0.620200,0.616000,0.619400,4,2023-06-15
2023-06-15 16:00:00,0.619400,0.619450,0.616680,0.618600,4,2023-06-15
2023-06-15 20:00:00,0.618500,0.621800,0.615540,0.621590,4,2023-06-16
2023-06-16 00:00:00,0.621500,0.623900,0.621000,0.623500,4,2023-06-16
2023-06-16 04:00:00,0.623400,0.624300,0.623000,0.623600,4,2023-06-16
2023-06-16 08:00:00,0.623600,0.624700,0.623000,0.623900,4,2023-06-16
2023-06-16 12:00:00,0.624000,0.624200,0.622500,0.623800,4,2023-06-16
2023-06-16 16:00:00,0.623700,0.624800,0.622200,0.623100,4,2023-06-16
2023-06-16 20:00:00,0.623100,0.623100,0.622640,0.622900,1,2023-06-16
2023-06-19 04:00:00,0.623000,0.623500,0.622400,0.623190,1,2023-06-19
2023-06-19 08:00:00,0.623400,0.623800,0.621300,0.622000,4,2023-06-19
2023-06-19 12:00:00,0.621945,0.622800,0.620500,0.622000,4,2023-06-19
2023-06-19 16:00:00,0.622000,0.623200,0.620900,0.620900,4,2023-06-19
2023-06-19 20:00:00,0.620900,0.621500,0.619100,0.620200,4,2023-06-20
2023-06-20 00:00:00,0.620400,0.620700,0.619400,0.619895,4,2023-06-20
2023-06-20 04:00:00,0.619895,0.621000,0.619500,0.619820,4,2023-06-20
2023-06-20 08:00:00,0.619800,0.620600,0.618300,0.618400,4,2023-06-20
2023-06-20 12:00:00,0.618400,0.619300,0.616100,0.617600,4,2023-06-20
2023-06-20 16:00:00,0.617555,0.619700,0.617000,0.617600,4,2023-06-20
2023-06-20 20:00:00,0.617600,0.618600,0.615000,0.615000,4,2023-06-21
2023-06-21 00:00:00,0.615100,0.616300,0.613400,0.615900,4,2023-06-21
2023-06-21 04:00:00,0.615900,0.617300,0.615500,0.616800,4,2023-06-21
2023-06-21 08:00:00,0.616700,0.617700,0.616300,0.616985,4,2023-06-21
2023-06-21 12:00:00,0.616900,0.618700,0.616400,0.618100,4,2023-06-21
2023-06-21 16:00:00,0.618200,0.618300,0.615700,0.616800,4,2023-06-21
2023-06-21 20:00:00,0.616700,0.617800,0.615600,0.617100,4,2023-06-22
2023-06-22 00:00:00,0.617200,0.620800,0.616800,0.620500,4,2023-06-22
2023-06-22 04:00:00,0.620600,0.621800,0.620100,0.620400,4,2023-06-22
2023-06-22 08:00:00,0.620300,0.622100,0.620200,0.621800,4,2023-06-22
2023-06-22 12:00:00,0.621780,0.621900,0.618700,0.618900,4,2023-06-22
2023-06-22 16:00:00,0.619000,0.622000,0.618690,0.621900,4,2023-06-22
2023-06-22 20:00:00,0.621800,0.622300,0.618300,0.619800,4,2023-06-23
2023-06-23 00:00:00,0.619800,0.620700,0.617400,0.617900,4,2023-06-23
2023-06-23 04:00:00,0.617900,0.618100,0.617300,0.617900,4,2023-06-23
2023-06-23 08:00:00,0.617900,0.619100,0.616700,0.616900,4,2023-06-23
2023-06-23 12:00:00,0.616900,0.616900,0.613700,0.613900,4,2023-06-23
2023-06-23 16:00:00,0.613900,0.615500,0.612800,0.613595,4,2023-06-23
2023-06-23 20:00:00,0.613600,0.613900,0.612900,0.613100,1,2023-06-23
2023-06-26 04:00:00,0.614300,0.614400,0.613725,0.613940,1,2023-06-26
2023-06-26 08:00:00,0.614000,0.616900,0.613800,0.616200,4,2023-06-26
2023-06-26 12:00:00,0.616100,0.617600,0.616000,0.616000,4,2023-06-26
2023-06-26 16:00:00,0.616000,0.617000,0.613800,0.615800,4,2023-06-26
2023-06-26 20:00:00,0.615900,0.617750,0.615500,0.615850,4,2023-06-27
2023-06-27 00:00:00,0.615900,0.617450,0.615800,0.617150,4,2023-06-27
2023-06-27 04:00:00,0.617000,0.617700,0.615000,0.616300,4,2023-06-27
2023-06-27 08:00:00,0.616200,0.618300,0.615600,0.617800,4,2023-06-27
2023-06-27 12:00:00,0.617800,0.619450,0.617400,0.618450,4,2023-06-27
2023-06-27 16:00:00,0.618500,0.620050,0.616650,0.617450,4,2023-06-27
2023-06-27 20:00:00,0.617550,0.619750,0.616500,0.619000,4,2023-06-28
2023-06-28 00:00:00,0.619100,0.619100,0.616100,0.617350,4,2023-06-28
2023-06-28 04:00:00,0.617200,0.617500,0.615950,0.616500,4,2023-06-28
2023-06-28 08:00:00,0.616500,0.616600,0.612200,0.612500,4,2023-06-28
2023-06-28 12:00:00,0.612500,0.612700,0.610900,0.611200,4,2023-06-28
2023-06-28 16:00:00,0.611250,0.611850,0.608500,0.609100,4,2023-06-28
2023-06-28 20:00:00,0.609100,0.609750,0.606900,0.608050,4,2023-06-29
2023-06-29 00:00:00,0.608000,0.609450,0.607200,0.608350,4,2023-06-29
2023-06-29 04:00:00,0.608350,0.608900,0.607100,0.607550,4,2023-06-29
2023-06-29 08:00:00,0.607700,0.609600,0.606900,0.608300,4,2023-06-29
2023-06-29 12:00:00,0.608350,0.608500,0.606900,0.608000,4,2023-06-29
2023-06-29 16:00:00,0.607900,0.608900,0.607100,0.607700,4,2023-06-29
2023-06-29 20:00:00,0.607700,0.610250,0.605050,0.605550,4,2023-06-30
2023-06-30 00:00:00,0.605600,0.608150,0.605500,0.606100,4,2023-06-30
2023-06-30 04:00:00,0.606200,0.608300,0.605850,0.606800,4,2023-06-30
2023-06-30 08:00:00,0.606800,0.607700,0.605900,0.607400,4,2023-06-30
2023-06-30 12:00:00,0.607450,0.610100,0.607400,0.609100,4,2023-06-30
2023-06-30 16:00:00,0.609200,0.609300,0.607700,0.608100,4,2023-06-30
2023-06-30 20:00:00,0.608100,0.608850,0.608000,0.608350,1,2023-06-30
2023-07-03 04:00:00,0.612400,0.613800,0.612350,0.613450,1,2023-07-03
2023-07-03 08:00:00,0.613600,0.614450,0.612700,0.613750,4,2023-07-03
2023-07-03 12:00:00,0.613800,0.615900,0.612900,0.614100,4,2023-07-03
2023-07-03 16:00:00,0.614200,0.615000,0.612900,0.614100,4,2023-07-03
2023-07-03 20:00:00,0.614100,0.615750,0.613250,0.615300,4,2023-07-04
2023-07-04 00:00:00,0.615400,0.617050,0.614700,0.614850,4,2023-07-04
2023-07-04 04:00:00,0.614800,0.615650,0.614750,0.615300,4,2023-07-04
2023-07-04 08:00:00,0.615300,0.616450,0.615050,0.616050,4,2023-07-04
2023-07-04 12:00:00,0.616100,0.616350,0.614100,0.615000,4,2023-07-04
2023-07-04 16:00:00,0.614950,0.618450,0.614800,0.618400,4,2023-07-04
2023-07-04 20:00:00,0.618400,0.620650,0.618300,0.620000,4,2023-07-05
2023-07-05 00:00:00,0.620000,0.621300,0.619150,0.619450,4,2023-07-05
2023-07-05 04:00:00,0.619450,0.619900,0.618600,0.619250,4,2023-07-05
2023-07-05 08:00:00,0.619200,0.620700,0.618850,0.619200,4,2023-07-05
2023-07-05 12:00:00,0.619200,0.620050,0.618900,0.619800,4,2023-07-05
2023-07-05 16:00:00,0.619900,0.620300,0.618100,0.619350,4,2023-07-05
2023-07-05 20:00:00,0.619350,0.620550,0.617900,0.619400,4,2023-07-06
2023-07-06 00:00:00,0.619700,0.619900,0.618000,0.618650,4,2023-07-06
2023-07-06 04:00:00,0.618700,0.619200,0.617500,0.617800,4,2023-07-06
2023-07-06 08:00:00,0.617900,0.618550,0.617250,0.618350,4,2023-07-06
2023-07-06 12:00:00,0.618500,0.619500,0.616300,0.618750,4,2023-07-06
2023-07-06 16:00:00,0.618700,0.621550,0.618600,0.619100,4,2023-07-06
2023-07-06 20:00:00,0.619100,0.622000,0.616100,0.616600,4,2023-07-07
2023-07-07 00:00:00,0.616100,0.616300,0.613200,0.615700,4,2023-07-07
2023-07-07 04:00:00,0.615600,0.616050,0.615300,0.615800,4,2023-07-07
2023-07-07 08:00:00,0.615800,0.616900,0.615400,0.616400,4,2023-07-07
2023-07-07 12:00:00,0.616400,0.617600,0.615800,0.616200,4,2023-07-07
2023-07-07 16:00:00,0.616350,0.618450,0.615900,0.617700,4,2023-07-07
2023-07-07 20:00:00,0.617650,0.618500,0.617200,0.617800,1,2023-07-07
2023-07-10 04:00:00,0.620950,0.621150,0.620050,0.620450,1,2023-07-10
2023-07-10 08:00:00,0.620500,0.621500,0.619400,0.620250,4,2023-07-10
2023-07-10 12:00:00,0.620300,0.620700,0.617600,0.617600,4,2023-07-10
2023-07-10 16:00:00,0.617700,0.619300,0.617200,0.618350,4,2023-07-10
2023-07-10 20:00:00,0.618350,0.619700,0.616700,0.619300,4,2023-07-11
2023-07-11 00:00:00,0.619300,0.621850,0.618300,0.621650,4,2023-07-11
2023-07-11 04:00:00,0.621700,0.621800,0.620400,0.621150,4,2023-07-11
2023-07-11 08:00:00,0.621000,0.622400,0.620100,0.621500,4,2023-07-11
2023-07-11 12:00:00,0.621600,0.622500,0.620400,0.620600,4,2023-07-11
2023-07-11 16:00:00,0.620600,0.621400,0.618200,0.618800,4,2023-07-11
2023-07-11 20:00:00,0.618800,0.619750,0.616700,0.617350,4,2023-07-12
2023-07-12 00:00:00,0.617300,0.619300,0.616750,0.618950,4,2023-07-12
2023-07-12 04:00:00,0.619000,0.620750,0.618500,0.619600,4,2023-07-12
2023-07-12 08:00:00,0.619500,0.622700,0.619250,0.622000,4,2023-07-12
2023-07-12 12:00:00,0.622000,0.624000,0.620200,0.621450,4,2023-07-12
2023-07-12 16:00:00,0.621300,0.622650,0.619300,0.619950,4,2023-07-12
2023-07-12 20:00:00,0.619850,0.627750,0.618250,0.627350,4,2023-07-13
2023-07-13 00:00:00,0.627300,0.630800,0.626400,0.630100,4,2023-07-13
2023-07-13 04:00:00,0.630100,0.630850,0.628600,0.629050,4,2023-07-13
2023-07-13 08:00:00,0.629200,0.631700,0.629200,0.631500,4,2023-07-13
2023-07-13 12:00:00,0.631600,0.633950,0.630950,0.632700,4,2023-07-13
2023-07-13 16:00:00,0.632600,0.636200,0.632600,0.635550,4,2023-07-13
2023-07-13 20:00:00,0.635600,0.639550,0.634300,0.639450,4,2023-07-14
2023-07-14 00:00:00,0.639300,0.639300,0.636700,0.639000,4,2023-07-14
2023-07-14 04:00:00,0.638950,0.639550,0.636300,0.638950,4,2023-07-14
2023-07-14 08:00:00,0.639000,0.640000,0.638500,0.639900,4,2023-07-14
2023-07-14 12:00:00,0.639900,0.641200,0.639100,0.639800,4,2023-07-14
2023-07-14 16:00:00,0.639800,0.640050,0.637100,0.637450,4,2023-07-14
2023-07-14 20:00:00,0.637550,0.637900,0.636750,0.637850,1,2023-07-14
2023-07-17 04:00:00,0.636450,0.636800,0.635850,0.636650,1,2023-07-17
2023-07-17 08:00:00,0.636650,0.636900,0.635100,0.635300,4,2023-07-17
2023-07-17 12:00:00,0.634800,0.636100,0.634500,0.635000,4,2023-07-17
2023-07-17 16:00:00,0.634900,0.635250,0.633200,0.633500,4,2023-07-17
2023-07-17 20:00:00,0.633400,0.634250,0.630900,0.632400,4,2023-07-18
2023-07-18 00:00:00,0.632300,0.634350,0.632000,0.633600,4,2023-07-18
2023-07-18 04:00:00,0.633650,0.633800,0.632100,0.632500,4,2023-07-18
2023-07-18 08:00:00,0.632400,0.634300,0.631900,0.632800,4,2023-07-18
2023-07-18 12:00:00,0.632700,0.634450,0.632600,0.632700,4,2023-07-18
2023-07-18 16:00:00,0.632700,0.632700,0.628900,0.629900,4,2023-07-18
2023-07-18 20:00:00,0.630000,0.630350,0.626000,0.628200,4,2023-07-19
2023-07-19 00:00:00,0.628200,0.630250,0.627250,0.627500,4,2023-07-19
2023-07-19 04:00:00,0.627500,0.628400,0.627000,0.627600,4,2023-07-19
2023-07-19 08:00:00,0.627600,0.631600,0.627400,0.628300,4,2023-07-19
2023-07-19 12:00:00,0.628400,0.628400,0.625400,0.625500,4,2023-07-19
2023-07-19 16:00:00,0.625700,0.626600,0.622500,0.624300,4,2023-07-19
2023-07-19 20:00:00,0.624200,0.626000,0.623250,0.625100,4,2023-07-20
2023-07-20 00:00:00,0.625100,0.625650,0.623150,0.625400,4,2023-07-20
2023-07-20 04:00:00,0.625300,0.625650,0.625000,0.625250,1,2023-07-20
2023-07-20 08:00:00,0.625800,0.630500,0.625600,0.629700,4,2023-07-20
2023-07-20 12:00:00,0.629800,0.630800,0.629300,0.629700,4,2023-07-20
2023-07-20 16:00:00,0.629700,0.629850,0.627150,0.628900,4,2023-07-20
2023-07-20 20:00:00,0.628900,0.630000,0.624600,0.625600,4,2023-07-21
2023-07-21 00:00:00,0.625700,0.625900,0.621300,0.622700,4,2023-07-21
2023-07-21 04:00:00,0.622700,0.623550,0.622250,0.623100,4,2023-07-21
2023-07-21 08:00:00,0.623200,0.624150,0.621600,0.622200,4,2023-07-21
2023-07-21 12:00:00,0.622100,0.623150,0.621750,0.622300,4,2023-07-21
2023-07-21 16:00:00,0.622400,0.623900,0.618900,0.619800,4,2023-07-21
2023-07-21 20:00:00,0.619850,0.620150,0.619100,0.619400,1,2023-07-21
2023-07-24 04:00:00,0.617300,0.617600,0.617000,0.617150,1,2023-07-24
2023-07-24 08:00:00,0.617200,0.617700,0.615900,0.616100,4,2023-07-24
2023-07-24 12:00:00,0.616100,0.617650,0.615600,0.617650,4,2023-07-24
2023-07-24 16:00:00,0.617500,0.620650,0.617300,0.619900,4,2023-07-24
2023-07-24 20:00:00,0.619850,0.621500,0.618800,0.619900,4,2023-07-25
2023-07-25 00:00:00,0.619800,0.621000,0.619150,0.620250,4,2023-07-25
2023-07-25 04:00:00,0.620200,0.621200,0.619250,0.620600,4,2023-07-25
2023-07-25 08:00:00,0.620700,0.621700,0.619000,0.621400,4,2023-07-25
2023-07-25 12:00:00,0.621500,0.622300,0.620700,0.621650,4,2023-07-25
2023-07-25 16:00:00,0.621600,0.622000,0.620100,0.620400,4,2023-07-25
2023-07-25 20:00:00,0.620400,0.623000,0.619600,0.621000,4,2023-07-26
2023-07-26 00:00:00,0.620500,0.622650,0.620300,0.622000,4,2023-07-26
2023-07-26 04:00:00,0.622050,0.622950,0.620600,0.622400,4,2023-07-26
2023-07-26 08:00:00,0.622300,0.622500,0.618400,0.620200,4,2023-07-26
2023-07-26 12:00:00,0.620150,0.622500,0.619900,0.622150,4,2023-07-26
2023-07-26 16:00:00,0.622000,0.623350,0.621050,0.622200,4,2023-07-26
2023-07-26 20:00:00,0.622200,0.622700,0.620100,0.621000,4,2023-07-27
2023-07-27 00:00:00,0.621000,0.621800,0.619600,0.619600,4,2023-07-27
2023-07-27 04:00:00,0.619400,0.623650,0.619300,0.620950,4,2023-07-27
2023-07-27 08:00:00,0.620900,0.624600,0.620600,0.624400,4,2023-07-27
2023-07-27 12:00:00,0.624400,0.627350,0.624050,0.624350,4,2023-07-27
2023-07-27 16:00:00,0.624300,0.626250,0.623650,0.624550,4,2023-07-27
2023-07-27 20:00:00,0.624550,0.625900,0.621000,0.621500,4,2023-07-28
2023-07-28 00:00:00,0.621600,0.621700,0.619050,0.620050,4,2023-07-28
2023-07-28 04:00:00,0.620100,0.620300,0.617500,0.618300,4,2023-07-28
2023-07-28 08:00:00,0.618300,0.619350,0.616800,0.617300,4,2023-07-28
2023-07-28 12:00:00,0.617100,0.618150,0.614850,0.616700,4,2023-07-28
2023-07-28 16:00:00,0.616850,0.616850,0.612100,0.614950,4,2023-07-28
2023-07-28 20:00:00,0.614900,0.615600,0.614300,0.615550,1,2023-07-28
2023-07-31 04:00:00,0.615400,0.616400,0.614600,0.615650,1,2023-07-31
2023-07-31 08:00:00,0.615900,0.618400,0.615500,0.617200,4,2023-07-31
2023-07-31 12:00:00,0.617100,0.619800,0.616700,0.619500,4,2023-07-31
2023-07-31 16:00:00,0.619500,0.620500,0.618400,0.619650,4,2023-07-31
2023-07-31 20:00:00,0.619600,0.621500,0.619200,0.621300,4,2023-08-01
2023-08-01 00:00:00,0.621300,0.622600,0.621100,0.622100,4,2023-08-01
2023-08-01 04:00:00,0.622000,0.622200,0.619900,0.620750,4,2023-08-01
2023-08-01 08:00:00,0.620900,0.621750,0.619200,0.620150,4,2023-08-01
2023-08-01 12:00:00,0.620100,0.620650,0.618000,0.619400,4,2023-08-01
2023-08-01 16:00:00,0.619200,0.619350,0.615300,0.616100,4,2023-08-01
2023-08-01 20:00:00,0.616150,0.616750,0.613700,0.615100,4,2023-08-02
2023-08-02 00:00:00,0.615300,0.616700,0.613100,0.613400,4,2023-08-02
2023-08-02 04:00:00,0.613400,0.616600,0.613400,0.615750,4,2023-08-02
2023-08-02 08:00:00,0.615800,0.616950,0.612500,0.613100,4,2023-08-02
2023-08-02 12:00:00,0.613150,0.613150,0.610100,0.610750,4,2023-08-02
2023-08-02 16:00:00,0.610700,0.612050,0.609300,0.611900,4,2023-08-02
2023-08-02 20:00:00,0.611950,0.612350,0.608800,0.609100,4,2023-08-03
2023-08-03 00:00:00,0.609200,0.609350,0.606900,0.608700,4,2023-08-03
2023-08-03 04:00:00,0.608700,0.609000,0.607550,0.607850,4,2023-08-03
2023-08-03 08:00:00,0.607900,0.609100,0.607400,0.608100,4,2023-08-03
2023-08-03 12:00:00,0.608100,0.608250,0.606500,0.608100,4,2023-08-03
2023-08-03 16:00:00,0.607900,0.608250,0.606100,0.607900,4,2023-08-03
2023-08-03 20:00:00,0.607900,0.609400,0.606200,0.606450,4,2023-08-04
2023-08-04 00:00:00,0.606800,0.609800,0.606100,0.607600,4,2023-08-04
2023-08-04 04:00:00,0.607600,0.608600,0.606450,0.607900,4,2023-08-04
2023-08-04 08:00:00,0.607900,0.610300,0.607650,0.610000,4,2023-08-04
2023-08-04 12:00:00,0.610000,0.610300,0.608600,0.608900,4,2023-08-04
2023-08-04 16:00:00,0.608900,0.609400,0.607500,0.607750,4,2023-08-04
2023-08-04 20:00:00,0.607750,0.607750,0.607000,0.607100,1,2023-08-04
2023-08-07 04:00:00,0.609300,0.610100,0.608700,0.609750,1,2023-08-07
2023-08-07 08:00:00,0.609800,0.611000,0.609400,0.610950,4,2023-08-07
2023-08-07 12:00:00,0.610900,0.611400,0.609150,0.609400,4,2023-08-07
2023-08-07 16:00:00,0.609500,0.611200,0.608650,0.609550,4,2023-08-07
2023-08-07 20:00:00,0.609500,0.611750,0.608450,0.609300,4,2023-08-08
2023-08-08 00:00:00,0.609200,0.610650,0.608700,0.610550,4,2023-08-08
2023-08-08 04:00:00,0.610600,0.611300,0.610000,0.610300,4,2023-08-08
2023-08-08 08:00:00,0.610200,0.611050,0.607400,0.607650,4,2023-08-08
2023-08-08 12:00:00,0.607600,0.609150,0.606550,0.606950,4,2023-08-08
2023-08-08 16:00:00,0.606700,0.607250,0.604900,0.605150,4,2023-08-08
2023-08-08 20:00:00,0.605200,0.605350,0.603600,0.603950,4,2023-08-09
2023-08-09 00:00:00,0.603900,0.606450,0.603450,0.606150,4,2023-08-09
2023-08-09 04:00:00,0.606000,0.606900,0.605150,0.606500,4,2023-08-09
2023-08-09 08:00:00,0.606500,0.606500,0.604900,0.605550,4,2023-08-09
2023-08-09 12:00:00,0.605600,0.608900,0.605100,0.607650,4,2023-08-09
2023-08-09 16:00:00,0.607600,0.609500,0.606700,0.606850,4,2023-08-09
2023-08-09 20:00:00,0.606950,0.607350,0.605050,0.606200,4,2023-08-10
2023-08-10 00:00:00,0.606000,0.607150,0.604450,0.605950,4,2023-08-10
2023-08-10 04:00:00,0.605950,0.606450,0.604600,0.605350,4,2023-08-10
2023-08-10 08:00:00,0.605300,0.606500,0.605000,0.606100,4,2023-08-10
2023-08-10 12:00:00,0.606000,0.606900,0.605550,0.606250,4,2023-08-10
2023-08-10 16:00:00,0.606200,0.608250,0.606050,0.606700,4,2023-08-10
2023-08-10 20:00:00,0.606850,0.611800,0.606500,0.608800,4,2023-08-11
2023-08-11 00:00:00,0.608900,0.609150,0.602700,0.602900,4,2023-08-11
2023-08-11 04:00:00,0.602800,0.604200,0.602000,0.602250,4,2023-08-11
2023-08-11 08:00:00,0.602300,0.602400,0.600800,0.601500,4,2023-08-11
2023-08-11 12:00:00,0.601500,0.601600,0.600300,0.600850,4,2023-08-11
2023-08-11 16:00:00,0.600800,0.602000,0.600200,0.600350,4,2023-08-11
2023-08-11 20:00:00,0.600300,0.600950,0.600150,0.600500,1,2023-08-11
2023-08-14 04:00:00,0.598750,0.599000,0.598400,0.598700,1,2023-08-14
2023-08-14 08:00:00,0.598800,0.599250,0.596000,0.596450,4,2023-08-14
2023-08-14 12:00:00,0.596400,0.596750,0.595400,0.596500,4,2023-08-14
2023-08-14 16:00:00,0.596400,0.599050,0.595850,0.598250,4,2023-08-14
2023-08-14 20:00:00,0.598250,0.599050,0.594350,0.595100,4,2023-08-15
2023-08-15 00:00:00,0.595000,0.599000,0.594900,0.597600,4,2023-08-15
2023-08-15 04:00:00,0.597600,0.598900,0.595850,0.597600,4,2023-08-15
2023-08-15 08:00:00,0.597500,0.598400,0.596000,0.597800,4,2023-08-15
2023-08-15 12:00:00,0.597800,0.599400,0.596800,0.598600,4,2023-08-15
2023-08-15 16:00:00,0.598500,0.599700,0.595400,0.597100,4,2023-08-15
2023-08-15 20:00:00,0.597000,0.598800,0.595700,0.597550,4,2023-08-16
2023-08-16 00:00:00,0.597600,0.598750,0.596100,0.596300,4,2023-08-16
2023-08-16 04:00:00,0.596400,0.596750,0.594900,0.595400,4,2023-08-16
2023-08-16 08:00:00,0.595400,0.595900,0.593100,0.594150,4,2023-08-16
2023-08-16 12:00:00,0.594400,0.597450,0.594200,0.596950,4,2023-08-16
2023-08-16 16:00:00,0.597000,0.599350,0.596400,0.597600,4,2023-08-16
2023-08-16 20:00:00,0.597600,0.597650,0.594700,0.596000,4,2023-08-17
2023-08-17 00:00:00,0.595800,0.596300,0.593700,0.594500,4,2023-08-17
2023-08-17 04:00:00,0.594400,0.595500,0.592700,0.593900,4,2023-08-17
2023-08-17 08:00:00,0.593800,0.594000,0.590300,0.591500,4,2023-08-17
2023-08-17 12:00:00,0.591500,0.591950,0.590550,0.591500,4,2023-08-17
2023-08-17 16:00:00,0.591300,0.594100,0.591100,0.594000,4,2023-08-17
2023-08-17 20:00:00,0.594100,0.596400,0.593900,0.594100,4,2023-08-18
2023-08-18 00:00:00,0.593900,0.594500,0.592000,0.592400,4,2023-08-18
2023-08-18 04:00:00,0.592500,0.593100,0.591600,0.592450,4,2023-08-18
2023-08-18 08:00:00,0.592400,0.594500,0.592250,0.594000,4,2023-08-18
2023-08-18 12:00:00,0.594050,0.594450,0.591850,0.592950,4,2023-08-18
2023-08-18 16:00:00,0.593100,0.593750,0.591400,0.592700,4,2023-08-18
2023-08-18 20:00:00,0.592700,0.593550,0.592450,0.592500,1,2023-08-18
2023-08-21 04:00:00,0.593400,0.593550,0.592050,0.592600,1,2023-08-21
2023-08-21 08:00:00,0.592600,0.593450,0.590800,0.591050,4,2023-08-21
2023-08-21 12:00:00,0.591000,0.592650,0.590700,0.591200,4,2023-08-21
2023-08-21 16:00:00,0.591100,0.592750,0.590550,0.592000,4,2023-08-21
2023-08-21 20:00:00,0.592100,0.592900,0.590600,0.591200,4,2023-08-22
2023-08-22 00:00:00,0.591300,0.592450,0.589600,0.591850,4,2023-08-22
2023-08-22 04:00:00,0.591800,0.593250,0.591800,0.592800,4,2023-08-22
2023-08-22 08:00:00,0.592800,0.594050,0.592350,0.592900,4,2023-08-22
2023-08-22 12:00:00,0.592850,0.594300,0.592600,0.593350,4,2023-08-22
2023-08-22 16:00:00,0.593350,0.596800,0.593200,0.596700,4,2023-08-22
2023-08-22 20:00:00,0.596800,0.597250,0.592400,0.592600,4,2023-08-23
2023-08-23 00:00:00,0.592700,0.595300,0.592700,0.594450,4,2023-08-23
2023-08-23 04:00:00,0.594300,0.595350,0.593850,0.594450,4,2023-08-23
2023-08-23 08:00:00,0.594700,0.596700,0.593800,0.596300,4,2023-08-23
2023-08-23 12:00:00,0.596200,0.596700,0.594550,0.595400,4,2023-08-23
2023-08-23 16:00:00,0.595350,0.595600,0.593000,0.593550,4,2023-08-23
2023-08-23 20:00:00,0.593400,0.596600,0.592700,0.596400,4,2023-08-24
2023-08-24 00:00:00,0.596350,0.598600,0.595900,0.598150,4,2023-08-24
2023-08-24 04:00:00,0.598000,0.598200,0.597000,0.597600,4,2023-08-24
2023-08-24 08:00:00,0.597500,0.598000,0.596000,0.596200,4,2023-08-24
2023-08-24 12:00:00,0.596100,0.597650,0.596000,0.596650,4,2023-08-24
2023-08-24 16:00:00,0.596650,0.596850,0.593800,0.594100,4,2023-08-24
2023-08-24 20:00:00,0.594100,0.594850,0.592000,0.593650,4,2023-08-25
2023-08-25 00:00:00,0.593800,0.594100,0.591800,0.592350,4,2023-08-25
2023-08-25 04:00:00,0.592300,0.593000,0.591600,0.592600,4,2023-08-25
2023-08-25 08:00:00,0.592400,0.592700,0.591500,0.591750,4,2023-08-25
2023-08-25 12:00:00,0.591850,0.592000,0.590100,0.590900,4,2023-08-25
2023-08-25 16:00:00,0.590900,0.591500,0.589400,0.590950,4,2023-08-25
2023-08-25 20:00:00,0.591000,0.592050,0.590900,0.591850,1,2023-08-25
2023-08-28 04:00:00,0.590700,0.590900,0.590000,0.590350,1,2023-08-28
2023-08-28 08:00:00,0.590300,0.592600,0.590300,0.591600,4,2023-08-28
2023-08-28 12:00:00,0.591700,0.592400,0.591400,0.591900,4,2023-08-28
2023-08-28 16:00:00,0.591900,0.592450,0.589500,0.589850,4,2023-08-28
2023-08-28 20:00:00,0.589850,0.591550,0.589600,0.591200,4,2023-08-29
2023-08-29 00:00:00,0.591200,0.591550,0.590150,0.590700,4,2023-08-29
2023-08-29 04:00:00,0.590700,0.592400,0.590100,0.590650,4,2023-08-29
2023-08-29 08:00:00,0.590900,0.591750,0.590350,0.591300,4,2023-08-29
2023-08-29 12:00:00,0.591300,0.592950,0.591250,0.592100,4,2023-08-29
2023-08-29 16:00:00,0.592200,0.593600,0.591700,0.593000,4,2023-08-29
2023-08-29 20:00:00,0.592900,0.593200,0.588700,0.589950,4,2023-08-30
2023-08-30 00:00:00,0.590000,0.595900,0.590000,0.595700,4,2023-08-30
2023-08-30 04:00:00,0.595800,0.597800,0.595400,0.597050,4,2023-08-30
2023-08-30 08:00:00,0.597000,0.597500,0.594900,0.595400,4,2023-08-30
2023-08-30 12:00:00,0.595200,0.596050,0.594350,0.595150,4,2023-08-30
2023-08-30 16:00:00,0.595300,0.596150,0.593950,0.595200,4,2023-08-30
2023-08-30 20:00:00,0.595300,0.600700,0.595150,0.600400,4,2023-08-31
2023-08-31 00:00:00,0.600300,0.600500,0.596450,0.596600,4,2023-08-31
2023-08-31 04:00:00,0.596550,0.597400,0.594500,0.594950,4,2023-08-31
2023-08-31 08:00:00,0.595100,0.597750,0.594450,0.596700,4,2023-08-31
2023-08-31 12:00:00,0.596800,0.597050,0.595400,0.595700,4,2023-08-31
2023-08-31 16:00:00,0.595800,0.596400,0.594450,0.594700,4,2023-08-31
2023-08-31 20:00:00,0.594800,0.597100,0.594000,0.594700,4,2023-09-01
2023-09-01 00:00:00,0.594700,0.595900,0.593100,0.595850,4,2023-09-01
2023-09-01 04:00:00,0.595750,0.597150,0.595500,0.596600,4,2023-09-01
2023-09-01 08:00:00,0.596700,0.598800,0.596100,0.597600,4,2023-09-01
2023-09-01 12:00:00,0.597700,0.597750,0.595200,0.595950,4,2023-09-01
2023-09-01 16:00:00,0.595900,0.597000,0.594350,0.596000,4,2023-09-01
2023-09-01 20:00:00,0.596000,0.596750,0.595900,0.596550,1,2023-09-01
2023-09-04 04:00:00,0.594500,0.594900,0.593900,0.594600,1,2023-09-04
2023-09-04 08:00:00,0.594500,0.595100,0.593800,0.594700,4,2023-09-04
2023-09-04 12:00:00,0.594700,0.596000,0.594500,0.595200,4,2023-09-04
2023-09-04 16:00:00,0.595150,0.596150,0.593800,0.594650,4,2023-09-04
2023-09-04 20:00:00,0.594650,0.595150,0.593800,0.593800,4,2023-09-05
2023-09-05 00:00:00,0.593850,0.594050,0.593200,0.593900,4,2023-09-05
2023-09-05 04:00:00,0.593950,0.595050,0.593350,0.594100,4,2023-09-05
2023-09-05 08:00:00,0.594100,0.594350,0.591900,0.592350,4,2023-09-05
2023-09-05 12:00:00,0.592400,0.592600,0.590300,0.590350,4,2023-09-05
2023-09-05 16:00:00,0.590400,0.590400,0.587400,0.587900,4,2023-09-05
2023-09-05 20:00:00,0.587800,0.589100,0.585900,0.587650,4,2023-09-06
2023-09-06 00:00:00,0.587500,0.588650,0.587000,0.588050,4,2023-09-06
2023-09-06 04:00:00,0.587950,0.588700,0.587300,0.588450,4,2023-09-06
2023-09-06 08:00:00,0.588500,0.588800,0.586200,0.586200,4,2023-09-06
2023-09-06 12:00:00,0.586200,0.590400,0.586000,0.590400,4,2023-09-06
2023-09-06 16:00:00,0.590300,0.590400,0.587600,0.588800,4,2023-09-06
2023-09-06 20:00:00,0.588900,0.589850,0.588200,0.589400,4,2023-09-07
2023-09-07 00:00:00,0.589400,0.589450,0.586000,0.587100,4,2023-09-07
2023-09-07 04:00:00,0.586950,0.588450,0.586400,0.586950,4,2023-09-07
2023-09-07 08:00:00,0.587100,0.587700,0.586300,0.587000,4,2023-09-07
2023-09-07 12:00:00,0.587000,0.588150,0.586200,0.587950,4,2023-09-07
2023-09-07 16:00:00,0.588000,0.589200,0.587900,0.588700,4,2023-09-07
2023-09-07 20:00:00,0.588700,0.589500,0.587100,0.587500,4,2023-09-08
2023-09-08 00:00:00,0.587500,0.588900,0.587000,0.588000,4,2023-09-08
2023-09-08 04:00:00,0.588000,0.588400,0.587050,0.587600,4,2023-09-08
2023-09-08 08:00:00,0.587700,0.590000,0.587400,0.589100,4,2023-09-08
2023-09-08 12:00:00,0.589100,0.590700,0.588900,0.590600,4,2023-09-08
2023-09-08 16:00:00,0.590600,0.591500,0.589600,0.591000,4,2023-09-08
2023-09-08 20:00:00,0.590950,0.591250,0.590700,0.591000,1,2023-09-08
2023-09-11 04:00:00,0.588200,0.589800,0.588200,0.589600,1,2023-09-11
2023-09-11 08:00:00,0.589300,0.590700,0.589100,0.590400,4,2023-09-11
2023-09-11 12:00:00,0.590500,0.593400,0.590300,0.592950,4,2023-09-11
2023-09-11 16:00:00,0.592800,0.593100,0.591900,0.592150,4,2023-09-11
2023-09-11 20:00:00,0.592100,0.593550,0.591100,0.592100,4,2023-09-12
2023-09-12 00:00:00,0.592100,0.593050,0.591700,0.592000,4,2023-09-12
2023-09-12 04:00:00,0.591900,0.592700,0.590700,0.592000,4,2023-09-12
2023-09-12 08:00:00,0.592000,0.592200,0.590600,0.591400,4,2023-09-12
2023-09-12 12:00:00,0.591300,0.592200,0.590250,0.590400,4,2023-09-12
2023-09-12 16:00:00,0.590400,0.591950,0.589950,0.590600,4,2023-09-12
2023-09-12 20:00:00,0.590600,0.590850,0.588900,0.589700,4,2023-09-13
2023-09-13 00:00:00,0.589900,0.590750,0.589450,0.589950,4,2023-09-13
2023-09-13 04:00:00,0.589950,0.591000,0.589250,0.590300,4,2023-09-13
2023-09-13 08:00:00,0.590300,0.591400,0.590100,0.590300,4,2023-09-13
2023-09-13 12:00:00,0.590300,0.590750,0.588650,0.589900,4,2023-09-13
2023-09-13 16:00:00,0.589900,0.590900,0.589100,0.590300,4,2023-09-13
2023-09-13 20:00:00,0.590200,0.592700,0.588000,0.591800,4,2023-09-14
2023-09-14 00:00:00,0.591700,0.592550,0.590550,0.592100,4,2023-09-14
2023-09-14 04:00:00,0.592050,0.592200,0.590400,0.591800,4,2023-09-14
2023-09-14 08:00:00,0.591900,0.594500,0.591600,0.593250,4,2023-09-14
2023-09-14 12:00:00,0.593250,0.593950,0.591850,0.593500,4,2023-09-14
2023-09-14 16:00:00,0.593400,0.593750,0.591300,0.591900,4,2023-09-14
2023-09-14 20:00:00,0.591850,0.593500,0.590200,0.591500,4,2023-09-15
2023-09-15 00:00:00,0.591700,0.592500,0.590350,0.591050,4,2023-09-15
2023-09-15 04:00:00,0.591000,0.591800,0.590700,0.591150,4,2023-09-15
2023-09-15 08:00:00,0.591100,0.591800,0.590200,0.591600,4,2023-09-15
2023-09-15 12:00:00,0.591800,0.593700,0.591800,0.593350,4,2023-09-15
2023-09-15 16:00:00,0.593300,0.593750,0.590950,0.591700,4,2023-09-15
2023-09-15 20:00:00,0.591700,0.591750,0.591250,0.591300,1,2023-09-15
2023-09-18 04:00:00,0.590400,0.590750,0.590000,0.590250,1,2023-09-18
2023-09-18 08:00:00,0.590000,0.591950,0.589700,0.590800,4,2023-09-18
2023-09-18 12:00:00,0.590750,0.591950,0.590750,0.591700,4,2023-09-18
2023-09-18 16:00:00,0.591700,0.592050,0.589850,0.590900,4,2023-09-18
2023-09-18 20:00:00,0.590800,0.591150,0.589850,0.589850,4,2023-09-19
2023-09-19 00:00:00,0.590050,0.592150,0.589500,0.591400,4,2023-09-19
2023-09-19 04:00:00,0.591400,0.591900,0.590450,0.591500,4,2023-09-19
2023-09-19 08:00:00,0.591500,0.592750,0.591200,0.591500,4,2023-09-19
2023-09-19 12:00:00,0.591550,0.592350,0.591300,0.591700,4,2023-09-19
2023-09-19 16:00:00,0.591600,0.594150,0.591200,0.593700,4,2023-09-19
2023-09-19 20:00:00,0.593800,0.594850,0.592750,0.593900,4,2023-09-20
2023-09-20 00:00:00,0.593800,0.594150,0.592400,0.593150,4,2023-09-20
2023-09-20 04:00:00,0.593150,0.593800,0.592700,0.593750,4,2023-09-20
2023-09-20 08:00:00,0.593700,0.595450,0.593600,0.594250,4,2023-09-20
2023-09-20 12:00:00,0.594300,0.594700,0.593300,0.593850,4,2023-09-20
2023-09-20 16:00:00,0.593700,0.594850,0.593300,0.594800,4,2023-09-20
2023-09-20 20:00:00,0.594800,0.597550,0.594750,0.597300,4,2023-09-21
2023-09-21 00:00:00,0.597300,0.598600,0.596750,0.598100,4,2023-09-21
2023-09-21 04:00:00,0.598000,0.598000,0.592100,0.593400,4,2023-09-21
2023-09-21 08:00:00,0.593400,0.595100,0.590900,0.591650,4,2023-09-21
2023-09-21 12:00:00,0.591600,0.592000,0.590050,0.590300,4,2023-09-21
2023-09-21 16:00:00,0.590200,0.592650,0.590100,0.592150,4,2023-09-21
2023-09-21 20:00:00,0.592100,0.592400,0.589600,0.590700,4,2023-09-22
2023-09-22 00:00:00,0.590700,0.594200,0.590550,0.593700,4,2023-09-22
2023-09-22 04:00:00,0.593800,0.593950,0.592400,0.593050,4,2023-09-22
2023-09-22 08:00:00,0.593100,0.593900,0.591900,0.592600,4,2023-09-22
2023-09-22 12:00:00,0.592700,0.594150,0.592600,0.593900,4,2023-09-22
2023-09-22 16:00:00,0.593750,0.596300,0.593250,0.595600,4,2023-09-22
2023-09-22 20:00:00,0.595650,0.596950,0.595500,0.596300,1,2023-09-22
2023-09-25 04:00:00,0.596300,0.596600,0.595900,0.595950,1,2023-09-25
2023-09-25 08:00:00,0.595900,0.596400,0.595100,0.595300,4,2023-09-25
2023-09-25 12:00:00,0.595300,0.595350,0.594400,0.594400,4,2023-09-25
2023-09-25 16:00:00,0.594500,0.595950,0.594300,0.595950,4,2023-09-25
2023-09-25 20:00:00,0.595900,0.597450,0.595700,0.597000,4,2023-09-26
2023-09-26 00:00:00,0.597000,0.597300,0.595200,0.596800,4,2023-09-26
2023-09-26 04:00:00,0.597000,0.597100,0.595800,0.596550,4,2023-09-26
2023-09-26 08:00:00,0.596600,0.597300,0.596200,0.597000,4,2023-09-26
2023-09-26 12:00:00,0.597000,0.597400,0.595550,0.595650,4,2023-09-26
2023-09-26 16:00:00,0.595800,0.596600,0.593600,0.596350,4,2023-09-26
2023-09-26 20:00:00,0.596300,0.596950,0.595400,0.596300,4,2023-09-27
2023-09-27 00:00:00,0.596300,0.597000,0.594650,0.595350,4,2023-09-27
2023-09-27 04:00:00,0.595200,0.595350,0.594200,0.594450,4,2023-09-27
2023-09-27 08:00:00,0.594600,0.595700,0.594200,0.595300,4,2023-09-27
2023-09-27 12:00:00,0.595300,0.595350,0.592300,0.593000,4,2023-09-27
2023-09-27 16:00:00,0.593000,0.594450,0.592700,0.593550,4,2023-09-27
2023-09-27 20:00:00,0.593500,0.593650,0.591950,0.593000,4,2023-09-28
2023-09-28 00:00:00,0.593000,0.594200,0.590000,0.591000,4,2023-09-28
2023-09-28 04:00:00,0.590900,0.593500,0.590350,0.592200,4,2023-09-28
2023-09-28 08:00:00,0.592300,0.594150,0.591400,0.593950,4,2023-09-28
2023-09-28 12:00:00,0.594000,0.594750,0.593250,0.594600,4,2023-09-28
2023-09-28 16:00:00,0.594700,0.595500,0.593400,0.595150,4,2023-09-28
2023-09-28 20:00:00,0.595200,0.596500,0.593600,0.595000,4,2023-09-29
2023-09-29 00:00:00,0.594900,0.597400,0.594900,0.596100,4,2023-09-29
2023-09-29 04:00:00,0.596100,0.597100,0.595700,0.596300,4,2023-09-29
2023-09-29 08:00:00,0.596200,0.599350,0.596150,0.598950,4,2023-09-29
2023-09-29 12:00:00,0.599000,0.600850,0.598850,0.600000,4,2023-09-29
2023-09-29 16:00:00,0.600000,0.604450,0.600000,0.604300,4,2023-09-29
2023-09-29 20:00:00,0.604300,0.604900,0.604100,0.604200,1,2023-09-29
2023-10-02 04:00:00,0.600850,0.601000,0.599800,0.600250,1,2023-10-02
2023-10-02 08:00:00,0.600350,0.600350,0.598600,0.599100,4,2023-10-02
2023-10-02 12:00:00,0.599100,0.599700,0.598750,0.598900,4,2023-10-02
2023-10-02 16:00:00,0.598800,0.600850,0.597700,0.598150,4,2023-10-02
2023-10-02 20:00:00,0.598050,0.598300,0.596600,0.596750,4,2023-10-03
2023-10-03 00:00:00,0.596600,0.597150,0.594600,0.594700,4,2023-10-03
2023-10-03 04:00:00,0.594600,0.595700,0.594300,0.594700,4,2023-10-03
2023-10-03 08:00:00,0.594800,0.595450,0.593400,0.593900,4,2023-10-03
2023-10-03 12:00:00,0.593800,0.593900,0.590700,0.591000,4,2023-10-03
2023-10-03 16:00:00,0.590900,0.592000,0.590400,0.591200,4,2023-10-03
2023-10-03 20:00:00,0.591300,0.591350,0.588800,0.589800,4,2023-10-04
2023-10-04 00:00:00,0.589800,0.591750,0.588800,0.590050,4,2023-10-04
2023-10-04 04:00:00,0.590000,0.591100,0.589000,0.590900,4,2023-10-04
2023-10-04 08:00:00,0.590200,0.592100,0.589750,0.592100,4,2023-10-04
2023-10-04 12:00:00,0.592200,0.592200,0.587100,0.590150,4,2023-10-04
2023-10-04 16:00:00,0.590250,0.590600,0.588100,0.590100,4,2023-10-04
2023-10-04 20:00:00,0.590100,0.592100,0.589300,0.591700,4,2023-10-05
2023-10-05 00:00:00,0.591700,0.592500,0.588700,0.591700,4,2023-10-05
2023-10-05 04:00:00,0.591700,0.592100,0.590350,0.591350,4,2023-10-05
2023-10-05 08:00:00,0.591350,0.593300,0.590700,0.593200,4,2023-10-05
2023-10-05 12:00:00,0.593300,0.595150,0.592900,0.594850,4,2023-10-05
2023-10-05 16:00:00,0.595000,0.595000,0.592100,0.592300,4,2023-10-05
2023-10-05 20:00:00,0.592300,0.594550,0.592150,0.594050,4,2023-10-06
2023-10-06 00:00:00,0.593950,0.596100,0.593600,0.595800,4,2023-10-06
2023-10-06 04:00:00,0.595750,0.596800,0.595350,0.596600,4,2023-10-06
2023-10-06 08:00:00,0.596500,0.597100,0.596200,0.596500,4,2023-10-06
2023-10-06 12:00:00,0.596600,0.597000,0.595700,0.595800,4,2023-10-06
2023-10-06 16:00:00,0.595750,0.596850,0.595000,0.596300,4,2023-10-06
2023-10-06 20:00:00,0.596300,0.596650,0.596050,0.596200,1,2023-10-06
2023-10-09 04:00:00,0.596900,0.596950,0.596550,0.596700,1,2023-10-09
2023-10-09 08:00:00,0.596650,0.598600,0.596200,0.598550,4,2023-10-09
2023-10-09 12:00:00,0.598600,0.598900,0.596400,0.596500,4,2023-10-09
2023-10-09 16:00:00,0.596600,0.598050,0.596000,0.597300,4,2023-10-09
2023-10-09 20:00:00,0.597400,0.598650,0.597250,0.598500,4,2023-10-10
2023-10-10 00:00:00,0.598500,0.600900,0.598400,0.600100,4,2023-10-10
2023-10-10 04:00:00,0.600150,0.602800,0.599900,0.602200,4,2023-10-10
2023-10-10 08:00:00,0.602200,0.603900,0.600800,0.603000,4,2023-10-10
2023-10-10 12:00:00,0.602900,0.604200,0.601500,0.601600,4,2023-10-10
2023-10-10 16:00:00,0.601650,0.602550,0.599900,0.602050,4,2023-10-10
2023-10-10 20:00:00,0.602150,0.602450,0.599900,0.601100,4,2023-10-11
2023-10-11 00:00:00,0.601100,0.604450,0.600450,0.604100,4,2023-10-11
2023-10-11 04:00:00,0.604150,0.604900,0.602800,0.604600,4,2023-10-11
2023-10-11 08:00:00,0.603950,0.605600,0.603400,0.604800,4,2023-10-11
2023-10-11 12:00:00,0.604800,0.605000,0.602200,0.602500,4,2023-10-11
2023-10-11 16:00:00,0.602500,0.603700,0.601800,0.602300,4,2023-10-11
2023-10-11 20:00:00,0.602150,0.602800,0.600800,0.602500,4,2023-10-12
2023-10-12 00:00:00,0.602450,0.603350,0.601400,0.601950,4,2023-10-12
2023-10-12 04:00:00,0.602000,0.602300,0.600700,0.602000,4,2023-10-12
2023-10-12 08:00:00,0.602000,0.602400,0.601400,0.601850,4,2023-10-12
2023-10-12 12:00:00,0.601950,0.602600,0.600700,0.601750,4,2023-10-12
2023-10-12 16:00:00,0.601600,0.601800,0.599600,0.600300,4,2023-10-12
2023-10-12 20:00:00,0.600300,0.600350,0.597300,0.598000,4,2023-10-13
2023-10-13 00:00:00,0.597900,0.598250,0.593400,0.593500,4,2023-10-13
2023-10-13 04:00:00,0.593600,0.593900,0.592500,0.592800,4,2023-10-13
2023-10-13 08:00:00,0.593250,0.593800,0.592000,0.592800,4,2023-10-13
2023-10-13 12:00:00,0.592700,0.592900,0.591250,0.591550,4,2023-10-13
2023-10-13 16:00:00,0.591500,0.592650,0.591050,0.591550,4,2023-10-13
2023-10-13 20:00:00,0.591400,0.591550,0.590600,0.591150,1,2023-10-13
2023-10-16 04:00:00,0.591700,0.592200,0.591450,0.591900,1,2023-10-16
2023-10-16 08:00:00,0.591650,0.592300,0.589900,0.590400,4,2023-10-16
2023-10-16 12:00:00,0.590500,0.592900,0.590500,0.592400,4,2023-10-16
2023-10-16 16:00:00,0.592300,0.592850,0.591500,0.592000,4,2023-10-16
2023-10-16 20:00:00,0.591900,0.592850,0.591350,0.592350,4,2023-10-17
2023-10-17 00:00:00,0.592500,0.592600,0.590700,0.592450,4,2023-10-17
2023-10-17 04:00:00,0.592400,0.593000,0.592200,0.592750,4,2023-10-17
2023-10-17 08:00:00,0.592450,0.593000,0.589700,0.590750,4,2023-10-17
2023-10-17 12:00:00,0.590700,0.591450,0.589900,0.590150,4,2023-10-17
2023-10-17 16:00:00,0.590100,0.590550,0.588000,0.588400,4,2023-10-17
2023-10-17 20:00:00,0.588400,0.590450,0.587100,0.587600,4,2023-10-18
2023-10-18 00:00:00,0.587600,0.591250,0.587200,0.590100,4,2023-10-18
2023-10-18 04:00:00,0.590000,0.590200,0.588750,0.589650,4,2023-10-18
2023-10-18 08:00:00,0.589700,0.589900,0.588000,0.588700,4,2023-10-18
2023-10-18 12:00:00,0.588600,0.591200,0.588400,0.590600,4,2023-10-18
2023-10-18 16:00:00,0.590650,0.592050,0.589700,0.590200,4,2023-10-18
2023-10-18 20:00:00,0.590250,0.590750,0.587700,0.588400,4,2023-10-19
2023-10-19 00:00:00,0.588400,0.588800,0.585100,0.585800,4,2023-10-19
2023-10-19 04:00:00,0.585750,0.587600,0.585350,0.585500,4,2023-10-19
2023-10-19 08:00:00,0.585550,0.585950,0.584200,0.584700,4,2023-10-19
2023-10-19 12:00:00,0.584800,0.585350,0.582500,0.582600,4,2023-10-19
2023-10-19 16:00:00,0.582650,0.583400,0.581800,0.582000,4,2023-10-19
2023-10-19 20:00:00,0.582050,0.583550,0.581450,0.583400,4,2023-10-20
2023-10-20 00:00:00,0.583400,0.586700,0.582800,0.585850,4,2023-10-20
2023-10-20 04:00:00,0.585900,0.586500,0.584100,0.584850,4,2023-10-20
2023-10-20 08:00:00,0.584800,0.585600,0.582800,0.583200,4,2023-10-20
2023-10-20 12:00:00,0.583250,0.583950,0.582100,0.583100,4,2023-10-20
2023-10-20 16:00:00,0.583100,0.583650,0.581700,0.583300,4,2023-10-20
2023-10-20 20:00:00,0.583200,0.583700,0.582500,0.583250,1,2023-10-20
2023-10-23 04:00:00,0.582700,0.582700,0.582400,0.582400,1,2023-10-23
2023-10-23 08:00:00,0.582400,0.584500,0.581700,0.582250,4,2023-10-23
2023-10-23 12:00:00,0.582300,0.583050,0.581900,0.582250,4,2023-10-23
2023-10-23 16:00:00,0.582200,0.583400,0.581450,0.581500,4,2023-10-23
2023-10-23 20:00:00,0.581550,0.582900,0.580700,0.582000,4,2023-10-24
2023-10-24 00:00:00,0.582000,0.585200,0.581350,0.585200,4,2023-10-24
2023-10-24 04:00:00,0.585200,0.585850,0.584500,0.584500,4,2023-10-24
2023-10-24 08:00:00,0.584800,0.585500,0.584100,0.585400,4,2023-10-24
2023-10-24 12:00:00,0.585450,0.586550,0.584700,0.585700,4,2023-10-24
2023-10-24 16:00:00,0.585700,0.587300,0.584950,0.585800,4,2023-10-24
2023-10-24 20:00:00,0.585800,0.585950,0.584200,0.584900,4,2023-10-25
2023-10-25 00:00:00,0.584900,0.584950,0.582900,0.583450,4,2023-10-25
2023-10-25 04:00:00,0.583300,0.584600,0.583300,0.584400,4,2023-10-25
2023-10-25 08:00:00,0.584700,0.586100,0.583650,0.585950,4,2023-10-25
2023-10-25 12:00:00,0.586000,0.587050,0.584800,0.585400,4,2023-10-25
2023-10-25 16:00:00,0.585500,0.585950,0.583800,0.583950,4,2023-10-25
2023-10-25 20:00:00,0.584000,0.584250,0.581650,0.581950,4,2023-10-26
2023-10-26 00:00:00,0.582000,0.583000,0.581000,0.581500,4,2023-10-26
2023-10-26 04:00:00,0.581600,0.581700,0.580100,0.580300,4,2023-10-26
2023-10-26 08:00:00,0.580250,0.581250,0.578000,0.578300,4,2023-10-26
2023-10-26 12:00:00,0.578300,0.579250,0.577350,0.578100,4,2023-10-26
2023-10-26 16:00:00,0.578050,0.580750,0.578050,0.580400,4,2023-10-26
2023-10-26 20:00:00,0.580400,0.581900,0.578900,0.581800,4,2023-10-27
2023-10-27 00:00:00,0.581900,0.582950,0.580700,0.581000,4,2023-10-27
2023-10-27 04:00:00,0.580900,0.583000,0.580900,0.582050,4,2023-10-27
2023-10-27 08:00:00,0.582350,0.583150,0.581850,0.582400,4,2023-10-27
2023-10-27 12:00:00,0.582450,0.583250,0.581800,0.582450,4,2023-10-27
2023-10-27 16:00:00,0.582400,0.582750,0.581000,0.582600,4,2023-10-27
2023-10-27 20:00:00,0.582600,0.583350,0.582500,0.583250,1,2023-10-27
2023-10-30 04:00:00,0.581250,0.581800,0.581050,0.581250,1,2023-10-30
2023-10-30 08:00:00,0.581300,0.581800,0.580500,0.581600,4,2023-10-30
2023-10-30 12:00:00,0.581650,0.582900,0.581600,0.582900,4,2023-10-30
2023-10-30 16:00:00,0.582800,0.583450,0.581900,0.582450,4,2023-10-30
2023-10-30 20:00:00,0.582300,0.583950,0.582300,0.583400,4,2023-10-31
2023-10-31 00:00:00,0.583450,0.584450,0.582300,0.583150,4,2023-10-31
2023-10-31 04:00:00,0.583200,0.584500,0.582750,0.584300,4,2023-10-31
2023-10-31 08:00:00,0.584400,0.584650,0.583500,0.583800,4,2023-10-31
2023-10-31 12:00:00,0.583750,0.584550,0.582300,0.582600,4,2023-10-31
2023-10-31 16:00:00,0.582600,0.585350,0.582500,0.585300,4,2023-10-31
2023-10-31 20:00:00,0.585300,0.585750,0.583000,0.583000,4,2023-11-01
2023-11-01 00:00:00,0.583100,0.583150,0.580400,0.581050,4,2023-11-01
2023-11-01 04:00:00,0.581000,0.582700,0.580950,0.582500,4,2023-11-01
2023-11-01 08:00:00,0.582500,0.583900,0.579450,0.580100,4,2023-11-01
2023-11-01 12:00:00,0.580000,0.580900,0.578900,0.580700,4,2023-11-01
2023-11-01 16:00:00,0.580600,0.582350,0.580400,0.581900,4,2023-11-01
2023-11-01 20:00:00,0.581900,0.583950,0.581350,0.583000,4,2023-11-02
2023-11-02 00:00:00,0.583000,0.585850,0.581500,0.582600,4,2023-11-02
2023-11-02 04:00:00,0.582600,0.585800,0.582100,0.584600,4,2023-11-02
2023-11-02 08:00:00,0.584550,0.589200,0.584500,0.589200,4,2023-11-02
2023-11-02 12:00:00,0.589250,0.589700,0.588200,0.588300,4,2023-11-02
2023-11-02 16:00:00,0.588200,0.589100,0.587350,0.588500,4,2023-11-02
2023-11-02 20:00:00,0.588700,0.591750,0.588700,0.591600,4,2023-11-03
2023-11-03 00:00:00,0.591650,0.591650,0.587800,0.588100,4,2023-11-03
2023-11-03 04:00:00,0.588100,0.589900,0.588000,0.589900,4,2023-11-03
2023-11-03 08:00:00,0.590000,0.590100,0.588500,0.588800,4,2023-11-03
2023-11-03 12:00:00,0.588750,0.590100,0.588450,0.589900,4,2023-11-03
2023-11-03 16:00:00,0.589900,0.591450,0.589850,0.590750,4,2023-11-03
2023-11-03 20:00:00,0.590900,0.592400,0.590550,0.591900,1,2023-11-03
2023-11-06 04:00:00,0.599350,0.599700,0.599050,0.599700,1,2023-11-06
2023-11-06 08:00:00,0.599650,0.599800,0.598700,0.599100,4,2023-11-06
2023-11-06 12:00:00,0.599000,0.599700,0.598400,0.599150,4,2023-11-06
2023-11-06 16:00:00,0.599250,0.600200,0.598600,0.599500,4,2023-11-06
2023-11-06 20:00:00,0.599600,0.600000,0.597000,0.597150,4,2023-11-07
2023-11-07 00:00:00,0.597100,0.598250,0.596700,0.597800,4,2023-11-07
2023-11-07 04:00:00,0.597800,0.597950,0.596100,0.596350,4,2023-11-07
2023-11-07 08:00:00,0.596300,0.597150,0.595400,0.595500,4,2023-11-07
2023-11-07 12:00:00,0.595400,0.596800,0.593100,0.593300,4,2023-11-07
2023-11-07 16:00:00,0.593300,0.593550,0.591500,0.592600,4,2023-11-07
2023-11-07 20:00:00,0.592700,0.592750,0.591200,0.591500,4,2023-11-08
2023-11-08 00:00:00,0.591450,0.593500,0.591050,0.593000,4,2023-11-08
2023-11-08 04:00:00,0.592900,0.594250,0.591700,0.593400,4,2023-11-08
2023-11-08 08:00:00,0.593500,0.593850,0.592700,0.592750,4,2023-11-08
2023-11-08 12:00:00,0.592900,0.594200,0.592400,0.594000,4,2023-11-08
2023-11-08 16:00:00,0.594000,0.594150,0.592800,0.593550,4,2023-11-08
2023-11-08 20:00:00,0.593500,0.593500,0.591700,0.592150,4,2023-11-09
2023-11-09 00:00:00,0.592200,0.593300,0.591100,0.592800,4,2023-11-09
2023-11-09 04:00:00,0.592800,0.592800,0.590600,0.591050,4,2023-11-09
2023-11-09 08:00:00,0.591000,0.592250,0.590700,0.591000,4,2023-11-09
2023-11-09 12:00:00,0.590900,0.593000,0.590800,0.592800,4,2023-11-09
2023-11-09 16:00:00,0.592750,0.593700,0.591700,0.593000,4,2023-11-09
2023-11-09 20:00:00,0.593000,0.593700,0.592200,0.592850,4,2023-11-10
2023-11-10 00:00:00,0.592900,0.595500,0.592600,0.594500,4,2023-11-10
2023-11-10 04:00:00,0.594450,0.594800,0.589700,0.589900,4,2023-11-10
2023-11-10 08:00:00,0.589950,0.590150,0.588600,0.589200,4,2023-11-10
2023-11-10 12:00:00,0.589300,0.590000,0.589000,0.589600,4,2023-11-10
2023-11-10 16:00:00,0.589600,0.590500,0.588700,0.588900,4,2023-11-10
2023-11-10 20:00:00,0.588850,0.589650,0.588600,0.589550,2,2023-11-10
2023-11-13 04:00:00,0.589600,0.589600,0.589450,0.589550,1,2023-11-13
2023-11-13 08:00:00,0.589600,0.590150,0.588550,0.588950,4,2023-11-13
2023-11-13 12:00:00,0.589000,0.589600,0.588750,0.589150,4,2023-11-13
2023-11-13 16:00:00,0.589100,0.589750,0.588150,0.588550,4,2023-11-13
2023-11-13 20:00:00,0.588550,0.589450,0.587700,0.588200,4,2023-11-14
2023-11-14 00:00:00,0.588100,0.589350,0.587000,0.588950,4,2023-11-14
2023-11-14 04:00:00,0.588900,0.589450,0.588200,0.588300,4,2023-11-14
2023-11-14 08:00:00,0.588200,0.588900,0.587450,0.588000,4,2023-11-14
2023-11-14 12:00:00,0.588050,0.588400,0.586900,0.587100,4,2023-11-14
2023-11-14 16:00:00,0.587150,0.587550,0.586400,0.586750,4,2023-11-14
2023-11-14 20:00:00,0.586700,0.588000,0.586400,0.586500,4,2023-11-15
2023-11-15 00:00:00,0.586500,0.598850,0.586500,0.598500,4,2023-11-15
2023-11-15 04:00:00,0.598500,0.601350,0.598200,0.600950,4,2023-11-15
2023-11-15 08:00:00,0.601000,0.601300,0.599700,0.600400,4,2023-11-15
2023-11-15 12:00:00,0.600450,0.602900,0.599800,0.602550,4,2023-11-15
2023-11-15 16:00:00,0.602500,0.604050,0.601800,0.603950,4,2023-11-15
2023-11-15 20:00:00,0.603800,0.604700,0.603100,0.603950,4,2023-11-16
2023-11-16 00:00:00,0.604000,0.605500,0.600250,0.602850,4,2023-11-16
2023-11-16 04:00:00,0.602800,0.603500,0.601900,0.602200,4,2023-11-16
2023-11-16 08:00:00,0.602200,0.603000,0.600200,0.600700,4,2023-11-16
2023-11-16 12:00:00,0.600700,0.600900,0.597100,0.598300,4,2023-11-16
2023-11-16 16:00:00,0.598250,0.599850,0.597700,0.599750,4,2023-11-16
2023-11-16 20:00:00,0.599700,0.600550,0.597200,0.597850,4,2023-11-17
2023-11-17 00:00:00,0.597800,0.601300,0.597400,0.597550,4,2023-11-17
2023-11-17 04:00:00,0.597700,0.599150,0.596350,0.596650,4,2023-11-17
2023-11-17 08:00:00,0.596700,0.598300,0.595700,0.596450,4,2023-11-17
2023-11-17 12:00:00,0.596500,0.596900,0.594700,0.595900,4,2023-11-17
2023-11-17 16:00:00,0.595850,0.596950,0.594000,0.596700,4,2023-11-17
2023-11-17 20:00:00,0.596700,0.599800,0.596600,0.599600,2,2023-11-17
2023-11-20 04:00:00,0.598200,0.599550,0.597850,0.598850,1,2023-11-20
2023-11-20 08:00:00,0.598750,0.600150,0.597750,0.599800,4,2023-11-20
2023-11-20 12:00:00,0.599950,0.603800,0.599900,0.603000,4,2023-11-20
2023-11-20 16:00:00,0.602900,0.603900,0.602100,0.603050,4,2023-11-20
2023-11-20 20:00:00,0.602900,0.604300,0.601900,0.602350,4,2023-11-21
2023-11-21 00:00:00,0.602500,0.602950,0.600500,0.602700,4,2023-11-21
2023-11-21 04:00:00,0.602800,0.604000,0.602100,0.604000,4,2023-11-21
2023-11-21 08:00:00,0.603900,0.604900,0.602500,0.604500,4,2023-11-21
2023-11-21 12:00:00,0.604450,0.607500,0.604000,0.606550,4,2023-11-21
2023-11-21 16:00:00,0.606550,0.608600,0.605350,0.607550,4,2023-11-21
2023-11-21 20:00:00,0.607500,0.607800,0.605850,0.607450,4,2023-11-22
2023-11-22 00:00:00,0.607450,0.608500,0.605700,0.606100,4,2023-11-22
2023-11-22 04:00:00,0.606000,0.606150,0.603750,0.605100,4,2023-11-22
2023-11-22 08:00:00,0.605100,0.605800,0.604100,0.605600,4,2023-11-22
2023-11-22 12:00:00,0.605600,0.606450,0.604050,0.604300,4,2023-11-22
2023-11-22 16:00:00,0.604350,0.604450,0.601600,0.601900,4,2023-11-22
2023-11-22 20:00:00,0.601800,0.604400,0.601800,0.603650,4,2023-11-23
2023-11-23 00:00:00,0.603600,0.604200,0.599600,0.601250,4,2023-11-23
2023-11-23 04:00:00,0.601200,0.602500,0.601100,0.602200,4,2023-11-23
2023-11-23 08:00:00,0.602100,0.603000,0.601800,0.602950,4,2023-11-23
2023-11-23 12:00:00,0.603000,0.605400,0.602800,0.604850,4,2023-11-23
2023-11-23 16:00:00,0.604950,0.606750,0.604800,0.605500,4,2023-11-23
2023-11-23 20:00:00,0.605500,0.605750,0.604000,0.604100,4,2023-11-24
2023-11-24 00:00:00,0.604000,0.604950,0.603500,0.604950,4,2023-11-24
2023-11-24 04:00:00,0.604900,0.604900,0.604300,0.604600,4,2023-11-24
2023-11-24 08:00:00,0.604700,0.605600,0.604200,0.605400,4,2023-11-24
2023-11-24 12:00:00,0.605500,0.605800,0.604450,0.605500,4,2023-11-24
2023-11-24 16:00:00,0.605400,0.606150,0.605000,0.606050,4,2023-11-24
2023-11-24 20:00:00,0.606000,0.606550,0.605300,0.606400,2,2023-11-24
2023-11-27 04:00:00,0.607700,0.608500,0.607700,0.608050,1,2023-11-27
2023-11-27 08:00:00,0.607350,0.608600,0.607150,0.607700,4,2023-11-27
2023-11-27 12:00:00,0.607700,0.609200,0.606100,0.606500,4,2023-11-27
2023-11-27 16:00:00,0.606600,0.609050,0.606400,0.609000,4,2023-11-27
2023-11-27 20:00:00,0.608950,0.610000,0.607400,0.609800,4,2023-11-28
2023-11-28 00:00:00,0.609900,0.610350,0.607900,0.608850,4,2023-11-28
2023-11-28 04:00:00,0.608800,0.610800,0.608200,0.610000,4,2023-11-28
2023-11-28 08:00:00,0.609950,0.610600,0.609300,0.610350,4,2023-11-28
2023-11-28 12:00:00,0.610350,0.611450,0.609900,0.610200,4,2023-11-28
2023-11-28 16:00:00,0.610200,0.610450,0.608000,0.608600,4,2023-11-28
2023-11-28 20:00:00,0.608600,0.610350,0.608600,0.609250,4,2023-11-29
2023-11-29 00:00:00,0.609150,0.614700,0.608700,0.614500,4,2023-11-29
2023-11-29 04:00:00,0.614600,0.614750,0.611900,0.613100,4,2023-11-29
2023-11-29 08:00:00,0.613000,0.615200,0.613000,0.614900,4,2023-11-29
2023-11-29 12:00:00,0.615050,0.620900,0.615050,0.619700,4,2023-11-29
2023-11-29 16:00:00,0.619800,0.620450,0.615800,0.617050,4,2023-11-29
2023-11-29 20:00:00,0.616900,0.617000,0.614400,0.615750,4,2023-11-30
2023-11-30 00:00:00,0.615800,0.617250,0.613800,0.614850,4,2023-11-30
2023-11-30 04:00:00,0.614850,0.616900,0.614600,0.615200,4,2023-11-30
2023-11-30 08:00:00,0.615250,0.617150,0.615100,0.617150,4,2023-11-30
2023-11-30 12:00:00,0.617000,0.618250,0.616200,0.617800,4,2023-11-30
2023-11-30 16:00:00,0.617800,0.617900,0.615700,0.616200,4,2023-11-30
2023-11-30 20:00:00,0.616200,0.616700,0.613750,0.614800,4,2023-12-01
2023-12-01 00:00:00,0.614900,0.618100,0.612100,0.616500,4,2023-12-01
2023-12-01 04:00:00,0.616500,0.616800,0.614900,0.615700,4,2023-12-01
2023-12-01 08:00:00,0.615800,0.617300,0.615100,0.617200,4,2023-12-01
2023-12-01 12:00:00,0.617300,0.619250,0.616000,0.616500,4,2023-12-01
2023-12-01 16:00:00,0.616400,0.617400,0.615050,0.617250,4,2023-12-01
2023-12-01 20:00:00,0.617100,0.618600,0.616900,0.617300,2,2023-12-01
2023-12-04 04:00:00,0.619300,0.619800,0.619300,0.619700,1,2023-12-04
2023-12-04 08:00:00,0.619700,0.622300,0.619100,0.621350,4,2023-12-04
2023-12-04 12:00:00,0.621300,0.621400,0.619300,0.619650,4,2023-12-04
2023-12-04 16:00:00,0.619650,0.620000,0.617400,0.618350,4,2023-12-04
2023-12-04 20:00:00,0.618200,0.620000,0.618100,0.619600,4,2023-12-05
2023-12-05 00:00:00,0.619600,0.619700,0.615800,0.616800,4,2023-12-05
2023-12-05 04:00:00,0.616900,0.617450,0.615100,0.616600,4,2023-12-05
2023-12-05 08:00:00,0.616700,0.617450,0.616050,0.617100,4,2023-12-05
2023-12-05 12:00:00,0.616900,0.617300,0.613900,0.615300,4,2023-12-05
2023-12-05 16:00:00,0.615250,0.616250,0.614350,0.615750,4,2023-12-05
2023-12-05 20:00:00,0.615700,0.615950,0.613700,0.613850,4,2023-12-06
2023-12-06 00:00:00,0.613800,0.615600,0.612600,0.613100,4,2023-12-06
2023-12-06 04:00:00,0.613100,0.614250,0.612700,0.612700,4,2023-12-06
2023-12-06 08:00:00,0.612800,0.614800,0.612650,0.614700,4,2023-12-06
2023-12-06 12:00:00,0.614600,0.617100,0.614600,0.616400,4,2023-12-06
2023-12-06 16:00:00,0.616500,0.617750,0.615200,0.615200,4,2023-12-06
2023-12-06 20:00:00,0.615300,0.615950,0.614050,0.615450,4,2023-12-07
2023-12-07 00:00:00,0.615450,0.616950,0.615150,0.615400,4,2023-12-07
2023-12-07 04:00:00,0.615450,0.615950,0.613400,0.613850,4,2023-12-07
2023-12-07 08:00:00,0.613900,0.616100,0.613550,0.613950,4,2023-12-07
2023-12-07 12:00:00,0.614000,0.614300,0.611300,0.612100,4,2023-12-07
2023-12-07 16:00:00,0.612250,0.614350,0.611900,0.613300,4,2023-12-07
2023-12-07 20:00:00,0.613300,0.615350,0.613000,0.613850,4,2023-12-08
2023-12-08 00:00:00,0.613800,0.617250,0.612800,0.617050,4,2023-12-08
2023-12-08 04:00:00,0.617100,0.619300,0.616150,0.617150,4,2023-12-08
2023-12-08 08:00:00,0.617150,0.617500,0.615600,0.616800,4,2023-12-08
2023-12-08 12:00:00,0.616700,0.617500,0.615700,0.617000,4,2023-12-08
2023-12-08 16:00:00,0.617000,0.617150,0.614700,0.614950,4,2023-12-08
2023-12-08 20:00:00,0.615000,0.615550,0.614300,0.615050,2,2023-12-08
2023-12-11 04:00:00,0.612900,0.612900,0.611350,0.611650,1,2023-12-11
2023-12-11 08:00:00,0.611600,0.613250,0.611600,0.612300,4,2023-12-11
2023-12-11 12:00:00,0.612300,0.612500,0.610600,0.610950,4,2023-12-11
2023-12-11 16:00:00,0.610950,0.611900,0.610500,0.610850,4,2023-12-11
2023-12-11 20:00:00,0.610900,0.612650,0.610550,0.611500,4,2023-12-12
2023-12-12 00:00:00,0.611500,0.613200,0.610800,0.611850,4,2023-12-12
2023-12-12 04:00:00,0.611800,0.613200,0.611250,0.612500,4,2023-12-12
2023-12-12 08:00:00,0.612550,0.613150,0.611900,0.612800,4,2023-12-12
2023-12-12 12:00:00,0.612800,0.615000,0.612800,0.614750,4,2023-12-12
2023-12-12 16:00:00,0.614750,0.616300,0.614200,0.614200,4,2023-12-12
2023-12-12 20:00:00,0.614200,0.615900,0.614000,0.614800,4,2023-12-13
2023-12-13 00:00:00,0.614800,0.617000,0.610500,0.612900,4,2023-12-13
2023-12-13 04:00:00,0.612900,0.613400,0.611900,0.613050,4,2023-12-13
2023-12-13 08:00:00,0.613100,0.613900,0.612900,0.613250,4,2023-12-13
2023-12-13 12:00:00,0.613200,0.613500,0.609350,0.609700,4,2023-12-13
2023-12-13 16:00:00,0.609800,0.610350,0.608600,0.609000,4,2023-12-13
2023-12-13 20:00:00,0.608900,0.610050,0.608400,0.609450,4,2023-12-14
2023-12-14 00:00:00,0.609600,0.612550,0.609250,0.612400,4,2023-12-14
2023-12-14 04:00:00,0.612300,0.621200,0.611350,0.620500,4,2023-12-14
2023-12-14 08:00:00,0.620600,0.621600,0.616850,0.621500,4,2023-12-14
2023-12-14 12:00:00,0.621500,0.625000,0.620500,0.623350,4,2023-12-14
2023-12-14 16:00:00,0.623300,0.624400,0.619300,0.619300,4,2023-12-14
2023-12-14 20:00:00,0.619400,0.622050,0.619200,0.621000,4,2023-12-15
2023-12-15 00:00:00,0.621000,0.622300,0.618550,0.621900,4,2023-12-15
2023-12-15 04:00:00,0.622000,0.622900,0.620000,0.621150,4,2023-12-15
2023-12-15 08:00:00,0.621200,0.621500,0.619600,0.620200,4,2023-12-15
2023-12-15 12:00:00,0.620200,0.622250,0.619700,0.621800,4,2023-12-15
2023-12-15 16:00:00,0.621800,0.622200,0.619300,0.621850,4,2023-12-15
2023-12-15 20:00:00,0.621900,0.622700,0.621500,0.622200,2,2023-12-15
2023-12-18 04:00:00,0.619300,0.619300,0.618800,0.618950,1,2023-12-18
2023-12-18 08:00:00,0.619950,0.622400,0.618650,0.622400,4,2023-12-18
2023-12-18 12:00:00,0.622400,0.624300,0.621200,0.623750,4,2023-12-18
2023-12-18 16:00:00,0.623650,0.624700,0.623300,0.624250,4,2023-12-18
2023-12-18 20:00:00,0.624300,0.625150,0.622500,0.623200,4,2023-12-19
2023-12-19 00:00:00,0.623200,0.624200,0.620300,0.620500,4,2023-12-19
2023-12-19 04:00:00,0.620500,0.621250,0.620200,0.620950,4,2023-12-19
2023-12-19 08:00:00,0.620900,0.622250,0.620650,0.621900,4,2023-12-19
2023-12-19 12:00:00,0.622000,0.623750,0.621600,0.623000,4,2023-12-19
2023-12-19 16:00:00,0.623050,0.623900,0.622000,0.623400,4,2023-12-19
2023-12-19 20:00:00,0.623500,0.624700,0.623050,0.624500,4,2023-12-20
2023-12-20 00:00:00,0.624500,0.627350,0.624400,0.626800,4,2023-12-20
2023-12-20 04:00:00,0.626750,0.627350,0.626100,0.626600,4,2023-12-20
2023-12-20 08:00:00,0.626600,0.627400,0.624100,0.626400,4,2023-12-20
2023-12-20 12:00:00,0.626300,0.628200,0.625700,0.628000,4,2023-12-20
2023-12-20 16:00:00,0.628000,0.629550,0.627250,0.628700,4,2023-12-20
2023-12-20 20:00:00,0.628650,0.629450,0.628000,0.628300,4,2023-12-21
2023-12-21 00:00:00,0.628300,0.629900,0.628000,0.628200,4,2023-12-21
2023-12-21 04:00:00,0.628100,0.628800,0.625100,0.625100,4,2023-12-21
2023-12-21 08:00:00,0.625100,0.626250,0.623950,0.626000,4,2023-12-21
2023-12-21 12:00:00,0.626000,0.626200,0.624400,0.624950,4,2023-12-21
2023-12-21 16:00:00,0.624900,0.625350,0.623900,0.624700,4,2023-12-21
2023-12-21 20:00:00,0.624800,0.626750,0.624600,0.626200,4,2023-12-22
2023-12-22 00:00:00,0.626200,0.629550,0.625500,0.628300,4,2023-12-22
2023-12-22 04:00:00,0.628250,0.629300,0.626900,0.629300,4,2023-12-22
2023-12-22 08:00:00,0.629250,0.629900,0.628500,0.629300,4,2023-12-22
2023-12-22 12:00:00,0.629200,0.629700,0.627800,0.628650,4,2023-12-22
2023-12-22 16:00:00,0.628500,0.628650,0.627550,0.628100,4,2023-12-22
2023-12-22 20:00:00,0.628200,0.629650,0.628050,0.629650,2,2023-12-22
2023-12-26 00:00:00,0.629600,0.629650,0.629600,0.629650,3,2023-12-26
2023-12-26 04:00:00,0.629650,0.629700,0.628700,0.629150,4,2023-12-26
2023-12-26 08:00:00,0.629350,0.631750,0.628900,0.631300,4,2023-12-26
2023-12-26 12:00:00,0.631200,0.632400,0.631100,0.632150,4,2023-12-26
2023-12-26 16:00:00,0.632100,0.632600,0.630200,0.630450,4,2023-12-26
2023-12-26 20:00:00,0.630450,0.631600,0.630300,0.631450,4,2023-12-27
2023-12-27 00:00:00,0.631500,0.632400,0.631300,0.632000,4,2023-12-27
2023-12-27 04:00:00,0.632000,0.633200,0.631700,0.632950,4,2023-12-27
2023-12-27 08:00:00,0.633000,0.633500,0.630800,0.632350,4,2023-12-27
2023-12-27 12:00:00,0.632300,0.633700,0.632150,0.633600,4,2023-12-27
2023-12-27 16:00:00,0.633700,0.633700,0.631600,0.631600,4,2023-12-27
2023-12-27 20:00:00,0.631700,0.633400,0.631700,0.632800,4,2023-12-28
2023-12-28 00:00:00,0.632800,0.634900,0.632200,0.634200,4,2023-12-28
2023-12-28 04:00:00,0.634100,0.634700,0.633200,0.634050,4,2023-12-28
2023-12-28 08:00:00,0.633900,0.635900,0.633400,0.635700,4,2023-12-28
2023-12-28 12:00:00,0.635700,0.637000,0.634400,0.634600,4,2023-12-28
2023-12-28 16:00:00,0.634600,0.635550,0.633300,0.633650,4,2023-12-28
2023-12-28 20:00:00,0.633600,0.634350,0.632650,0.633750,4,2023-12-29
2023-12-29 00:00:00,0.633700,0.636400,0.633000,0.634400,4,2023-12-29
2023-12-29 04:00:00,0.634400,0.635000,0.632450,0.633150,4,2023-12-29
2023-12-29 08:00:00,0.633150,0.634200,0.632900,0.633950,4,2023-12-29
2023-12-29 12:00:00,0.633900,0.635300,0.633700,0.635150,4,2023-12-29
2023-12-29 16:00:00,0.635150,0.635900,0.633400,0.633450,4,2023-12-29
2023-12-29 20:00:00,0.633400,0.633650,0.630550,0.631450,2,2023-12-29
2024-01-02 00:00:00,0.630750,0.630750,0.630750,0.630750,1,2024-01-02
2024-01-02 04:00:00,0.632200,0.632300,0.630750,0.632150,4,2024-01-02
2024-01-02 08:00:00,0.632250,0.632800,0.631200,0.631400,4,2024-01-02
2024-01-02 12:00:00,0.631350,0.632100,0.629400,0.630400,4,2024-01-02
2024-01-02 16:00:00,0.630400,0.631700,0.630050,0.630500,4,2024-01-02
2024-01-02 20:00:00,0.630500,0.631600,0.627000,0.627100,4,2024-01-03
2024-01-03 00:00:00,0.627200,0.628300,0.625300,0.626000,4,2024-01-03
2024-01-03 04:00:00,0.626100,0.626450,0.624900,0.625000,4,2024-01-03
2024-01-03 08:00:00,0.625100,0.625850,0.624800,0.625500,4,2024-01-03
2024-01-03 12:00:00,0.625500,0.627100,0.624500,0.626900,4,2024-01-03
2024-01-03 16:00:00,0.626850,0.627600,0.625600,0.626100,4,2024-01-03
2024-01-03 20:00:00,0.626000,0.626300,0.623500,0.623500,4,2024-01-04
2024-01-04 00:00:00,0.623500,0.625300,0.621900,0.623350,4,2024-01-04
2024-01-04 04:00:00,0.623400,0.625250,0.622300,0.624550,4,2024-01-04
2024-01-04 08:00:00,0.624500,0.625200,0.624000,0.624100,4,2024-01-04
2024-01-04 12:00:00,0.624000,0.627000,0.623500,0.626550,4,2024-01-04
2024-01-04 16:00:00,0.626400,0.628550,0.626000,0.627100,4,2024-01-04
2024-01-04 20:00:00,0.627100,0.627200,0.624600,0.624750,4,2024-01-05
2024-01-05 00:00:00,0.624700,0.625000,0.622200,0.623100,4,2024-01-05
2024-01-05 04:00:00,0.623100,0.623350,0.622100,0.623100,4,2024-01-05
2024-01-05 08:00:00,0.623150,0.624100,0.622700,0.623600,4,2024-01-05
2024-01-05 12:00:00,0.623600,0.624400,0.622550,0.622800,4,2024-01-05
2024-01-05 16:00:00,0.622800,0.623550,0.621800,0.622300,4,2024-01-05
2024-01-05 20:00:00,0.622200,0.623250,0.620900,0.621350,2,2024-01-05
2024-01-08 04:00:00,0.623700,0.625000,0.623700,0.624350,1,2024-01-08
2024-01-08 08:00:00,0.624150,0.625400,0.623650,0.625400,4,2024-01-08
2024-01-08 12:00:00,0.625400,0.626100,0.623300,0.623400,4,2024-01-08
2024-01-08 16:00:00,0.623400,0.624900,0.621900,0.622900,4,2024-01-08
2024-01-08 20:00:00,0.622900,0.623550,0.621200,0.622050,4,2024-01-09
2024-01-09 00:00:00,0.622200,0.625250,0.621250,0.624950,4,2024-01-09
2024-01-09 04:00:00,0.625000,0.625350,0.623600,0.624800,4,2024-01-09
2024-01-09 08:00:00,0.624800,0.626400,0.623850,0.625350,4,2024-01-09
2024-01-09 12:00:00,0.625300,0.626700,0.624500,0.625000,4,2024-01-09
2024-01-09 16:00:00,0.625100,0.625150,0.623400,0.625000,4,2024-01-09
2024-01-09 20:00:00,0.625000,0.625800,0.623450,0.624550,4,2024-01-10
2024-01-10 00:00:00,0.624400,0.625000,0.622700,0.624000,4,2024-01-10
2024-01-10 04:00:00,0.624000,0.624300,0.622600,0.623800,4,2024-01-10
2024-01-10 08:00:00,0.623850,0.624550,0.623000,0.623550,4,2024-01-10
2024-01-10 12:00:00,0.623600,0.624900,0.623300,0.624300,4,2024-01-10
2024-01-10 16:00:00,0.624300,0.624950,0.623000,0.624750,4,2024-01-10
2024-01-10 20:00:00,0.624800,0.625450,0.623200,0.623250,4,2024-01-11
2024-01-11 00:00:00,0.623200,0.623550,0.621800,0.622200,4,2024-01-11
2024-01-11 04:00:00,0.622200,0.623100,0.621500,0.622100,4,2024-01-11
2024-01-11 08:00:00,0.622200,0.623950,0.622100,0.623700,4,2024-01-11
2024-01-11 12:00:00,0.623750,0.625300,0.623700,0.624950,4,2024-01-11
2024-01-11 16:00:00,0.624900,0.625900,0.624650,0.624750,4,2024-01-11
2024-01-11 20:00:00,0.624800,0.625650,0.624000,0.625150,4,2024-01-12
2024-01-12 00:00:00,0.625250,0.626300,0.619600,0.620900,4,2024-01-12
2024-01-12 04:00:00,0.620900,0.623700,0.620800,0.623200,4,2024-01-12
2024-01-12 08:00:00,0.623200,0.624550,0.622900,0.623950,4,2024-01-12
2024-01-12 12:00:00,0.623900,0.625900,0.623700,0.624500,4,2024-01-12
2024-01-12 16:00:00,0.624400,0.625250,0.623400,0.625000,4,2024-01-12
2024-01-12 20:00:00,0.625000,0.625350,0.624000,0.624250,2,2024-01-12
2024-01-15 04:00:00,0.624900,0.624900,0.624550,0.624550,1,2024-01-15
2024-01-15 08:00:00,0.624800,0.624950,0.622300,0.623000,4,2024-01-15
2024-01-15 12:00:00,0.623000,0.624200,0.622500,0.623050,4,2024-01-15
2024-01-15 16:00:00,0.623100,0.623150,0.619800,0.620050,4,2024-01-15
2024-01-15 20:00:00,0.620100,0.620400,0.618300,0.619150,4,2024-01-16
2024-01-16 00:00:00,0.619200,0.620050,0.618650,0.620000,4,2024-01-16
2024-01-16 04:00:00,0.620000,0.620450,0.619300,0.619450,4,2024-01-16
2024-01-16 08:00:00,0.619450,0.620800,0.616700,0.616700,4,2024-01-16
2024-01-16 12:00:00,0.616800,0.618100,0.616000,0.616450,4,2024-01-16
2024-01-16 16:00:00,0.616400,0.617900,0.615750,0.616100,4,2024-01-16
2024-01-16 20:00:00,0.616200,0.616500,0.614900,0.615850,4,2024-01-17
2024-01-17 00:00:00,0.615900,0.617050,0.613600,0.614700,4,2024-01-17
2024-01-17 04:00:00,0.614600,0.614900,0.612700,0.613600,4,2024-01-17
2024-01-17 08:00:00,0.613700,0.614500,0.613400,0.613850,4,2024-01-17
2024-01-17 12:00:00,0.613800,0.615200,0.612900,0.613300,4,2024-01-17
2024-01-17 16:00:00,0.613300,0.613300,0.611100,0.611100,4,2024-01-17
2024-01-17 20:00:00,0.611100,0.612750,0.610700,0.611900,4,2024-01-18
2024-01-18 00:00:00,0.611800,0.611950,0.608900,0.610100,4,2024-01-18
2024-01-18 04:00:00,0.610150,0.611250,0.609500,0.611200,4,2024-01-18
2024-01-18 08:00:00,0.611200,0.612300,0.610500,0.612300,4,2024-01-18
2024-01-18 12:00:00,0.612400,0.613650,0.611600,0.612050,4,2024-01-18
2024-01-18 16:00:00,0.612150,0.612700,0.610700,0.611800,4,2024-01-18
2024-01-18 20:00:00,0.611800,0.612800,0.611200,0.611250,4,2024-01-19
2024-01-19 00:00:00,0.611200,0.611600,0.609400,0.610550,4,2024-01-19
2024-01-19 04:00:00,0.610450,0.611200,0.609600,0.611200,4,2024-01-19
2024-01-19 08:00:00,0.611100,0.612700,0.610500,0.612100,4,2024-01-19
2024-01-19 12:00:00,0.612200,0.612200,0.609850,0.609850,4,2024-01-19
2024-01-19 16:00:00,0.609900,0.610900,0.608950,0.610700,4,2024-01-19
2024-01-19 20:00:00,0.610700,0.612450,0.610550,0.611750,2,2024-01-19
2024-01-22 04:00:00,0.611850,0.611850,0.611350,0.611350,1,2024-01-22
2024-01-22 08:00:00,0.611250,0.613200,0.610750,0.613200,4,2024-01-22
2024-01-22 12:00:00,0.613200,0.613900,0.611300,0.611600,4,2024-01-22
2024-01-22 16:00:00,0.611500,0.611600,0.610000,0.610350,4,2024-01-22
2024-01-22 20:00:00,0.610300,0.612450,0.610000,0.611900,4,2024-01-23
2024-01-23 00:00:00,0.612000,0.612100,0.609650,0.610100,4,2024-01-23
2024-01-23 04:00:00,0.610100,0.610350,0.607400,0.607550,4,2024-01-23
2024-01-23 08:00:00,0.607550,0.609050,0.606600,0.608150,4,2024-01-23
2024-01-23 12:00:00,0.608200,0.610250,0.607400,0.610000,4,2024-01-23
2024-01-23 16:00:00,0.610100,0.611750,0.609200,0.609250,4,2024-01-23
2024-01-23 20:00:00,0.609200,0.609450,0.607750,0.608600,4,2024-01-24
2024-01-24 00:00:00,0.608800,0.610100,0.606700,0.607100,4,2024-01-24
2024-01-24 04:00:00,0.607000,0.608900,0.606200,0.608850,4,2024-01-24
2024-01-24 08:00:00,0.608800,0.610850,0.608600,0.609950,4,2024-01-24
2024-01-24 12:00:00,0.609900,0.610700,0.608900,0.610200,4,2024-01-24
2024-01-24 16:00:00,0.610150,0.612850,0.609500,0.612700,4,2024-01-24
2024-01-24 20:00:00,0.612700,0.614250,0.612550,0.612700,4,2024-01-25
2024-01-25 00:00:00,0.612700,0.614900,0.611900,0.612600,4,2024-01-25
2024-01-25 04:00:00,0.612600,0.613250,0.610800,0.611550,4,2024-01-25
2024-01-25 08:00:00,0.611550,0.612300,0.610000,0.610700,4,2024-01-25
2024-01-25 12:00:00,0.610700,0.611500,0.610200,0.610650,4,2024-01-25
2024-01-25 16:00:00,0.610650,0.612050,0.610400,0.611950,4,2024-01-25
2024-01-25 20:00:00,0.611900,0.613000,0.611350,0.611500,4,2024-01-26
2024-01-26 00:00:00,0.611600,0.613250,0.610700,0.611250,4,2024-01-26
2024-01-26 04:00:00,0.611300,0.612300,0.610150,0.611150,4,2024-01-26
2024-01-26 08:00:00,0.611150,0.611400,0.610000,0.610500,4,2024-01-26
2024-01-26 12:00:00,0.610600,0.611400,0.610400,0.610500,4,2024-01-26
2024-01-26 16:00:00,0.610500,0.611150,0.609250,0.609900,4,2024-01-26
2024-01-26 20:00:00,0.609900,0.611100,0.609200,0.610950,2,2024-01-26
2024-01-29 08:00:00,0.610000,0.610650,0.608600,0.609650,4,2024-01-29
2024-01-29 12:00:00,0.609700,0.610800,0.609400,0.609750,4,2024-01-29
2024-01-29 16:00:00,0.609750,0.611700,0.609300,0.611500,4,2024-01-29
2024-01-29 20:00:00,0.611500,0.612250,0.611200,0.611400,4,2024-01-30
2024-01-30 00:00:00,0.611400,0.611700,0.610000,0.610950,4,2024-01-30
2024-01-30 04:00:00,0.611000,0.614350,0.610300,0.613400,4,2024-01-30
2024-01-30 08:00:00,0.613400,0.614500,0.612650,0.614100,4,2024-01-30
2024-01-30 12:00:00,0.614100,0.614600,0.613100,0.613750,4,2024-01-30
2024-01-30 16:00:00,0.613850,0.614900,0.612850,0.613300,4,2024-01-30
2024-01-30 20:00:00,0.613350,0.613700,0.612100,0.612300,4,2024-01-31
2024-01-31 00:00:00,0.612300,0.613800,0.610600,0.612700,4,2024-01-31
2024-01-31 04:00:00,0.612700,0.613550,0.611950,0.613500,4,2024-01-31
2024-01-31 08:00:00,0.613500,0.613750,0.612400,0.613300,4,2024-01-31
2024-01-31 12:00:00,0.613200,0.613400,0.611200,0.611850,4,2024-01-31
2024-01-31 16:00:00,0.611800,0.613150,0.610800,0.612700,4,2024-01-31
2024-01-31 20:00:00,0.612700,0.613700,0.611700,0.612200,4,2024-02-01
2024-02-01 00:00:00,0.612150,0.617400,0.611900,0.614400,4,2024-02-01
2024-02-01 04:00:00,0.614400,0.616600,0.610100,0.611300,4,2024-02-01
2024-02-01 08:00:00,0.611300,0.612750,0.611000,0.612100,4,2024-02-01
2024-02-01 12:00:00,0.612000,0.614100,0.611700,0.612350,4,2024-02-01
2024-02-01 16:00:00,0.612200,0.612300,0.609000,0.609300,4,2024-02-01
2024-02-01 20:00:00,0.609400,0.609850,0.607950,0.609200,4,2024-02-02
2024-02-02 00:00:00,0.609100,0.613700,0.608500,0.613200,4,2024-02-02
2024-02-02 04:00:00,0.613350,0.614150,0.612900,0.613900,4,2024-02-02
2024-02-02 08:00:00,0.613900,0.615200,0.613250,0.614550,4,2024-02-02
2024-02-02 12:00:00,0.614600,0.615800,0.614400,0.615150,4,2024-02-02
2024-02-02 16:00:00,0.615000,0.615600,0.614400,0.614550,4,2024-02-02
2024-02-02 20:00:00,0.614500,0.616050,0.614500,0.615650,2,2024-02-02
2024-02-05 04:00:00,0.606900,0.607000,0.606750,0.606950,1,2024-02-05
2024-02-05 08:00:00,0.607000,0.608000,0.604800,0.605200,4,2024-02-05
2024-02-05 12:00:00,0.605200,0.607300,0.604800,0.607200,4,2024-02-05
2024-02-05 16:00:00,0.607200,0.608250,0.606450,0.606750,4,2024-02-05
2024-02-05 20:00:00,0.606850,0.607750,0.605400,0.605400,4,2024-02-06
2024-02-06 00:00:00,0.605350,0.605850,0.603800,0.604800,4,2024-02-06
2024-02-06 04:00:00,0.604800,0.606150,0.604700,0.605500,4,2024-02-06
2024-02-06 08:00:00,0.605450,0.606000,0.605000,0.605500,4,2024-02-06
2024-02-06 12:00:00,0.605600,0.607600,0.605400,0.607200,4,2024-02-06
2024-02-06 16:00:00,0.607200,0.607800,0.605350,0.605500,4,2024-02-06
2024-02-06 20:00:00,0.605500,0.606050,0.604600,0.605900,4,2024-02-07
2024-02-07 00:00:00,0.606000,0.607450,0.605100,0.607100,4,2024-02-07
2024-02-07 04:00:00,0.607100,0.608250,0.606950,0.608200,4,2024-02-07
2024-02-07 08:00:00,0.608150,0.610700,0.607800,0.609600,4,2024-02-07
2024-02-07 12:00:00,0.609600,0.611200,0.609600,0.609950,4,2024-02-07
2024-02-07 16:00:00,0.610050,0.611550,0.609900,0.610050,4,2024-02-07
2024-02-07 20:00:00,0.610100,0.611800,0.609850,0.611450,4,2024-02-08
2024-02-08 00:00:00,0.611400,0.612500,0.610600,0.611000,4,2024-02-08
2024-02-08 04:00:00,0.610900,0.611300,0.610200,0.610900,4,2024-02-08
2024-02-08 08:00:00,0.610800,0.611800,0.610600,0.611400,4,2024-02-08
2024-02-08 12:00:00,0.611400,0.612400,0.611000,0.611150,4,2024-02-08
2024-02-08 16:00:00,0.611100,0.611500,0.609900,0.610500,4,2024-02-08
2024-02-08 20:00:00,0.610500,0.611100,0.608300,0.608850,4,2024-02-09
2024-02-09 00:00:00,0.608800,0.609400,0.607900,0.609100,4,2024-02-09
2024-02-09 04:00:00,0.609100,0.610250,0.608850,0.609350,4,2024-02-09
2024-02-09 08:00:00,0.609300,0.612200,0.608950,0.611350,4,2024-02-09
2024-02-09 12:00:00,0.611350,0.612950,0.611350,0.611950,4,2024-02-09
2024-02-09 16:00:00,0.612050,0.614250,0.611500,0.613900,4,2024-02-09
2024-02-09 20:00:00,0.613900,0.615050,0.613650,0.613950,2,2024-02-09
2024-02-12 04:00:00,0.613850,0.614950,0.613650,0.613800,1,2024-02-12
2024-02-12 08:00:00,0.614050,0.615200,0.613550,0.615000,4,2024-02-12
2024-02-12 12:00:00,0.614900,0.615000,0.612450,0.612850,4,2024-02-12
2024-02-12 16:00:00,0.612800,0.614300,0.612100,0.612150,4,2024-02-12
2024-02-12 20:00:00,0.612100,0.613350,0.612000,0.613250,4,2024-02-13
2024-02-13 00:00:00,0.613200,0.613800,0.612150,0.613500,4,2024-02-13
2024-02-13 04:00:00,0.613650,0.614050,0.612700,0.613250,4,2024-02-13
2024-02-13 08:00:00,0.613200,0.613400,0.612000,0.612750,4,2024-02-13
2024-02-13 12:00:00,0.612800,0.612900,0.609600,0.609900,4,2024-02-13
2024-02-13 16:00:00,0.609950,0.611200,0.609900,0.610400,4,2024-02-13
2024-02-13 20:00:00,0.610400,0.612000,0.609750,0.611750,4,2024-02-14
2024-02-14 00:00:00,0.611700,0.612600,0.605450,0.605900,4,2024-02-14
2024-02-14 04:00:00,0.606000,0.606050,0.605000,0.605900,4,2024-02-14
2024-02-14 08:00:00,0.605800,0.606850,0.605100,0.605500,4,2024-02-14
2024-02-14 12:00:00,0.605600,0.607550,0.605200,0.607300,4,2024-02-14
2024-02-14 16:00:00,0.607300,0.608800,0.607000,0.607750,4,2024-02-14
2024-02-14 20:00:00,0.607800,0.608250,0.607400,0.607850,4,2024-02-15
2024-02-15 00:00:00,0.607900,0.609000,0.607300,0.608900,4,2024-02-15
2024-02-15 04:00:00,0.608800,0.609250,0.608200,0.608450,4,2024-02-15
2024-02-15 08:00:00,0.608300,0.609500,0.608150,0.608900,4,2024-02-15
2024-02-15 12:00:00,0.609000,0.609200,0.608000,0.608300,4,2024-02-15
2024-02-15 16:00:00,0.608300,0.609250,0.608100,0.608650,4,2024-02-15
2024-02-15 20:00:00,0.608600,0.610050,0.608200,0.609850,4,2024-02-16
2024-02-16 00:00:00,0.609800,0.612800,0.609500,0.610300,4,2024-02-16
2024-02-16 04:00:00,0.610250,0.611800,0.610200,0.610700,4,2024-02-16
2024-02-16 08:00:00,0.610600,0.611600,0.609350,0.609500,4,2024-02-16
2024-02-16 12:00:00,0.609500,0.609950,0.608900,0.609850,4,2024-02-16
2024-02-16 16:00:00,0.609850,0.610800,0.609300,0.610650,4,2024-02-16
2024-02-16 20:00:00,0.610600,0.611350,0.610500,0.611200,2,2024-02-16
2024-02-19 04:00:00,0.612700,0.612950,0.612700,0.612850,1,2024-02-19
2024-02-19 08:00:00,0.612700,0.614250,0.611700,0.613900,4,2024-02-19
2024-02-19 12:00:00,0.613900,0.614450,0.613200,0.614000,4,2024-02-19
2024-02-19 16:00:00,0.614050,0.615250,0.613800,0.614900,4,2024-02-19
2024-02-19 20:00:00,0.614900,0.615050,0.613700,0.613900,4,2024-02-20
2024-02-20 00:00:00,0.614000,0.614900,0.613900,0.614250,4,2024-02-20
2024-02-20 04:00:00,0.614300,0.615000,0.614300,0.615000,4,2024-02-20
2024-02-20 08:00:00,0.615000,0.615150,0.613600,0.613700,4,2024-02-20
2024-02-20 12:00:00,0.613700,0.614400,0.612900,0.614000,4,2024-02-20
2024-02-20 16:00:00,0.614000,0.615400,0.613550,0.615300,4,2024-02-20
2024-02-20 20:00:00,0.615200,0.617900,0.615100,0.617200,4,2024-02-21
2024-02-21 00:00:00,0.617200,0.619100,0.617000,0.617600,4,2024-02-21
2024-02-21 04:00:00,0.617600,0.617600,0.616500,0.616900,4,2024-02-21
2024-02-21 08:00:00,0.616900,0.617450,0.616100,0.616950,4,2024-02-21
2024-02-21 12:00:00,0.617000,0.619100,0.616550,0.618900,4,2024-02-21
2024-02-21 16:00:00,0.618850,0.619800,0.618100,0.618200,4,2024-02-21
2024-02-21 20:00:00,0.618200,0.619000,0.617700,0.617700,4,2024-02-22
2024-02-22 00:00:00,0.617800,0.618700,0.616850,0.617200,4,2024-02-22
2024-02-22 04:00:00,0.617300,0.618100,0.616200,0.618000,4,2024-02-22
2024-02-22 08:00:00,0.618000,0.619900,0.617550,0.619700,4,2024-02-22
2024-02-22 12:00:00,0.619700,0.619800,0.617700,0.619300,4,2024-02-22
2024-02-22 16:00:00,0.619350,0.621850,0.619200,0.621000,4,2024-02-22
2024-02-22 20:00:00,0.621000,0.621350,0.619750,0.619900,4,2024-02-23
2024-02-23 00:00:00,0.619900,0.620000,0.617850,0.618600,4,2024-02-23
2024-02-23 04:00:00,0.618650,0.620100,0.618300,0.619900,4,2024-02-23
2024-02-23 08:00:00,0.620000,0.620400,0.618800,0.619100,4,2024-02-23
2024-02-23 12:00:00,0.619100,0.620400,0.619100,0.620250,4,2024-02-23
2024-02-23 16:00:00,0.620300,0.620600,0.619000,0.619100,4,2024-02-23
2024-02-23 20:00:00,0.619100,0.619100,0.618000,0.618950,2,2024-02-23
2024-02-26 08:00:00,0.619800,0.619950,0.616400,0.616550,3,2024-02-26
2024-02-26 12:00:00,0.616400,0.617350,0.616300,0.617000,4,2024-02-26
2024-02-26 16:00:00,0.617050,0.617350,0.616200,0.616800,4,2024-02-26
2024-02-26 20:00:00,0.616800,0.618250,0.616400,0.617750,4,2024-02-27
2024-02-27 00:00:00,0.617700,0.618600,0.616500,0.617400,4,2024-02-27
2024-02-27 04:00:00,0.617400,0.617800,0.616900,0.617200,4,2024-02-27
2024-02-27 08:00:00,0.617250,0.617450,0.615700,0.616000,4,2024-02-27
2024-02-27 12:00:00,0.615950,0.616700,0.615100,0.616100,4,2024-02-27
2024-02-27 16:00:00,0.616100,0.617600,0.615900,0.617000,4,2024-02-27
2024-02-27 20:00:00,0.616900,0.617600,0.615950,0.616900,4,2024-02-28
2024-02-28 00:00:00,0.616900,0.617650,0.615700,0.617000,4,2024-02-28
2024-02-28 04:00:00,0.617150,0.617850,0.616500,0.616800,4,2024-02-28
2024-02-28 08:00:00,0.616800,0.617800,0.616550,0.617400,4,2024-02-28
2024-02-28 12:00:00,0.617400,0.617500,0.610300,0.611250,4,2024-02-28
2024-02-28 16:00:00,0.611200,0.611600,0.610000,0.610250,4,2024-02-28
2024-02-28 20:00:00,0.610350,0.610600,0.609100,0.609200,4,2024-02-29
2024-02-29 00:00:00,0.609250,0.610300,0.608200,0.609100,4,2024-02-29
2024-02-29 04:00:00,0.609000,0.610000,0.608800,0.609800,4,2024-02-29
2024-02-29 08:00:00,0.609800,0.610100,0.608900,0.609150,4,2024-02-29
2024-02-29 12:00:00,0.609150,0.611050,0.609150,0.610400,4,2024-02-29
2024-02-29 16:00:00,0.610450,0.610700,0.608900,0.609700,4,2024-02-29
2024-02-29 20:00:00,0.609700,0.609800,0.607800,0.607800,4,2024-03-01
2024-03-01 00:00:00,0.607850,0.611250,0.607650,0.609000,4,2024-03-01
2024-03-01 04:00:00,0.608900,0.609000,0.607750,0.608900,4,2024-03-01
2024-03-01 08:00:00,0.608800,0.609100,0.608000,0.608700,4,2024-03-01
2024-03-01 12:00:00,0.608800,0.609800,0.608600,0.609200,4,2024-03-01
2024-03-01 16:00:00,0.609200,0.609700,0.608100,0.608200,4,2024-03-01
2024-03-01 20:00:00,0.608200,0.609900,0.608200,0.609800,2,2024-03-01
2024-03-04 08:00:00,0.610950,0.611150,0.610200,0.610700,3,2024-03-04
2024-03-04 12:00:00,0.610700,0.610800,0.609400,0.609800,4,2024-03-04
2024-03-04 16:00:00,0.609700,0.610450,0.609000,0.609150,4,2024-03-04
2024-03-04 20:00:00,0.609200,0.610850,0.609100,0.609800,4,2024-03-05
2024-03-05 00:00:00,0.609800,0.610600,0.608800,0.609950,4,2024-03-05
2024-03-05 04:00:00,0.610000,0.610050,0.609100,0.609500,4,2024-03-05
2024-03-05 08:00:00,0.609550,0.610350,0.609100,0.609400,4,2024-03-05
2024-03-05 12:00:00,0.609350,0.609700,0.608300,0.608700,4,2024-03-05
2024-03-05 16:00:00,0.608700,0.609050,0.607100,0.607250,4,2024-03-05
2024-03-05 20:00:00,0.607200,0.608550,0.607100,0.607750,4,2024-03-06
2024-03-06 00:00:00,0.607650,0.611000,0.607600,0.608900,4,2024-03-06
2024-03-06 04:00:00,0.608900,0.609450,0.608100,0.608600,4,2024-03-06
2024-03-06 08:00:00,0.608700,0.609350,0.607200,0.607500,4,2024-03-06
2024-03-06 12:00:00,0.607500,0.609300,0.606900,0.609100,4,2024-03-06
2024-03-06 16:00:00,0.609150,0.610050,0.609000,0.609900,4,2024-03-06
2024-03-06 20:00:00,0.609900,0.610950,0.609650,0.610100,4,2024-03-07
2024-03-07 00:00:00,0.610000,0.614400,0.610000,0.614000,4,2024-03-07
2024-03-07 04:00:00,0.613900,0.614350,0.612600,0.612950,4,2024-03-07
2024-03-07 08:00:00,0.612900,0.613450,0.612600,0.613250,4,2024-03-07
2024-03-07 12:00:00,0.613350,0.615050,0.612700,0.614850,4,2024-03-07
2024-03-07 16:00:00,0.614800,0.615750,0.613900,0.615550,4,2024-03-07
2024-03-07 20:00:00,0.615500,0.616350,0.615000,0.616200,4,2024-03-08
2024-03-08 00:00:00,0.616100,0.617700,0.615650,0.617100,4,2024-03-08
2024-03-08 04:00:00,0.617100,0.617600,0.616700,0.617400,4,2024-03-08
2024-03-08 08:00:00,0.617350,0.618400,0.617200,0.617800,4,2024-03-08
2024-03-08 12:00:00,0.617900,0.618100,0.616100,0.617200,4,2024-03-08
2024-03-08 16:00:00,0.617300,0.618250,0.617100,0.618000,4,2024-03-08
2024-03-08 20:00:00,0.617900,0.618900,0.617800,0.618550,2,2024-03-08
2024-03-11 08:00:00,0.617750,0.618100,0.617000,0.617600,3,2024-03-11
2024-03-11 12:00:00,0.617600,0.618300,0.616800,0.617350,4,2024-03-11
2024-03-11 16:00:00,0.617350,0.617950,0.616650,0.616900,4,2024-03-11
2024-03-11 20:00:00,0.617000,0.618200,0.616800,0.616800,4,2024-03-12
2024-03-12 00:00:00,0.616900,0.617400,0.616000,0.617050,4,2024-03-12
2024-03-12 04:00:00,0.617100,0.617250,0.616200,0.617000,4,2024-03-12
2024-03-12 08:00:00,0.617000,0.617450,0.616500,0.616750,4,2024-03-12
2024-03-12 12:00:00,0.616700,0.617600,0.616400,0.617200,4,2024-03-12
2024-03-12 16:00:00,0.617100,0.617550,0.616100,0.616400,4,2024-03-12
2024-03-12 20:00:00,0.616300,0.618450,0.613700,0.616200,4,2024-03-13
2024-03-13 00:00:00,0.616100,0.616200,0.613600,0.614600,4,2024-03-13
2024-03-13 04:00:00,0.614700,0.615300,0.614000,0.615000,4,2024-03-13
2024-03-13 08:00:00,0.614900,0.615150,0.614500,0.614800,4,2024-03-13
2024-03-13 12:00:00,0.614800,0.616500,0.614550,0.616100,4,2024-03-13
2024-03-13 16:00:00,0.616200,0.617050,0.615700,0.616000,4,2024-03-13
2024-03-13 20:00:00,0.616100,0.616150,0.614900,0.615450,4,2024-03-14
2024-03-14 00:00:00,0.615500,0.616450,0.615300,0.616100,4,2024-03-14
2024-03-14 04:00:00,0.616000,0.616900,0.615400,0.615700,4,2024-03-14
2024-03-14 08:00:00,0.615750,0.616900,0.615450,0.616800,4,2024-03-14
2024-03-14 12:00:00,0.616700,0.617600,0.615400,0.616050,4,2024-03-14
2024-03-14 16:00:00,0.615900,0.616550,0.615600,0.615900,4,2024-03-14
2024-03-14 20:00:00,0.616000,0.617350,0.615400,0.615900,4,2024-03-15
2024-03-15 00:00:00,0.615900,0.616200,0.612200,0.613550,4,2024-03-15
2024-03-15 04:00:00,0.613500,0.613700,0.612100,0.613100,4,2024-03-15
2024-03-15 08:00:00,0.613100,0.613300,0.610600,0.610700,4,2024-03-15
2024-03-15 12:00:00,0.610700,0.611000,0.609550,0.610250,4,2024-03-15
2024-03-15 16:00:00,0.610250,0.610750,0.609000,0.609250,4,2024-03-15
2024-03-15 20:00:00,0.609100,0.609800,0.609100,0.609750,1,2024-03-15
2024-03-18 08:00:00,0.608550,0.608900,0.608200,0.608550,3,2024-03-18
2024-03-18 12:00:00,0.608500,0.609900,0.608000,0.609300,4,2024-03-18
2024-03-18 16:00:00,0.609400,0.610050,0.608650,0.609900,4,2024-03-18
2024-03-18 20:00:00,0.609900,0.610050,0.608900,0.609000,4,2024-03-19
2024-03-19 00:00:00,0.609050,0.609550,0.607900,0.608100,4,2024-03-19
2024-03-19 04:00:00,0.608050,0.608600,0.607650,0.608550,4,2024-03-19
2024-03-19 08:00:00,0.608700,0.609200,0.607100,0.607500,4,2024-03-19
2024-03-19 12:00:00,0.607350,0.608250,0.606100,0.606200,4,2024-03-19
2024-03-19 16:00:00,0.606200,0.606300,0.604100,0.604800,4,2024-03-19
2024-03-19 20:00:00,0.604800,0.605400,0.603350,0.605200,4,2024-03-20
2024-03-20 00:00:00,0.605200,0.605700,0.604300,0.605200,4,2024-03-20
2024-03-20 04:00:00,0.605300,0.605700,0.604900,0.605100,4,2024-03-20
2024-03-20 08:00:00,0.605200,0.605600,0.603800,0.604700,4,2024-03-20
2024-03-20 12:00:00,0.604700,0.605600,0.603900,0.604050,4,2024-03-20
2024-03-20 16:00:00,0.604000,0.605050,0.603300,0.603550,4,2024-03-20
2024-03-20 20:00:00,0.603700,0.603800,0.602500,0.603150,4,2024-03-21
2024-03-21 00:00:00,0.603000,0.603950,0.602650,0.603900,4,2024-03-21
2024-03-21 04:00:00,0.603900,0.608600,0.603100,0.608050,4,2024-03-21
2024-03-21 08:00:00,0.608100,0.609300,0.605900,0.608800,4,2024-03-21
2024-03-21 12:00:00,0.608900,0.610150,0.608650,0.609500,4,2024-03-21
2024-03-21 16:00:00,0.609450,0.610700,0.608300,0.608600,4,2024-03-21
2024-03-21 20:00:00,0.608650,0.609450,0.607200,0.607400,4,2024-03-22
2024-03-22 00:00:00,0.607400,0.607400,0.604300,0.604500,4,2024-03-22
2024-03-22 04:00:00,0.604500,0.604600,0.603800,0.604450,4,2024-03-22
2024-03-22 08:00:00,0.604400,0.605200,0.604150,0.604950,4,2024-03-22
2024-03-22 12:00:00,0.604900,0.605100,0.601100,0.601100,4,2024-03-22
2024-03-22 16:00:00,0.601250,0.601850,0.600250,0.600800,4,2024-03-22
2024-03-22 20:00:00,0.600900,0.601350,0.600300,0.600650,1,2024-03-22
2024-03-25 08:00:00,0.599400,0.599600,0.598600,0.599350,3,2024-03-25
2024-03-25 12:00:00,0.599350,0.601300,0.599100,0.599800,4,2024-03-25
2024-03-25 16:00:00,0.599750,0.600650,0.598900,0.600400,4,2024-03-25
2024-03-25 20:00:00,0.600400,0.600950,0.599900,0.600200,4,2024-03-26
2024-03-26 00:00:00,0.600200,0.601200,0.600000,0.600200,4,2024-03-26
2024-03-26 04:00:00,0.600300,0.600500,0.600000,0.600300,4,2024-03-26
2024-03-26 08:00:00,0.600400,0.600800,0.599600,0.600800,4,2024-03-26
2024-03-26 12:00:00,0.600700,0.601400,0.600100,0.600600,4,2024-03-26
2024-03-26 16:00:00,0.600550,0.601800,0.600300,0.601700,4,2024-03-26
2024-03-26 20:00:00,0.601700,0.603150,0.601500,0.601800,4,2024-03-27
2024-03-27 00:00:00,0.601800,0.602150,0.600700,0.600800,4,2024-03-27
2024-03-27 04:00:00,0.600800,0.601250,0.600000,0.600500,4,2024-03-27
2024-03-27 08:00:00,0.600500,0.600800,0.599700,0.600000,4,2024-03-27
2024-03-27 12:00:00,0.599900,0.600100,0.598800,0.599950,4,2024-03-27
2024-03-27 16:00:00,0.599900,0.600750,0.599600,0.599900,4,2024-03-27
2024-03-27 20:00:00,0.599800,0.601150,0.599350,0.599500,4,2024-03-28
2024-03-28 00:00:00,0.599500,0.600850,0.599400,0.599900,4,2024-03-28
2024-03-28 04:00:00,0.599900,0.600500,0.599550,0.600400,4,2024-03-28
2024-03-28 08:00:00,0.600600,0.600600,0.598000,0.599100,4,2024-03-28
2024-03-28 12:00:00,0.599100,0.600400,0.598500,0.599150,4,2024-03-28
2024-03-28 16:00:00,0.599200,0.599800,0.596400,0.596400,4,2024-03-28
2024-03-28 20:00:00,0.596400,0.597400,0.595650,0.597300,4,2024-03-29
2024-03-29 00:00:00,0.597300,0.598850,0.597000,0.598150,4,2024-03-29
2024-03-29 04:00:00,0.598150,0.598500,0.597100,0.597300,4,2024-03-29
2024-03-29 08:00:00,0.597300,0.597900,0.597100,0.597550,4,2024-03-29
2024-03-29 12:00:00,0.597550,0.597700,0.597000,0.597150,4,2024-03-29
2024-03-29 16:00:00,0.597250,0.597350,0.596650,0.597250,4,2024-03-29
2024-03-29 20:00:00,0.597200,0.597350,0.597050,0.597250,1,2024-03-29
2024-04-01 08:00:00,0.597900,0.599300,0.597700,0.599000,3,2024-04-01
2024-04-01 12:00:00,0.599000,0.599300,0.597800,0.598100,4,2024-04-01
2024-04-01 16:00:00,0.598100,0.598600,0.597400,0.598250,4,2024-04-01
2024-04-01 20:00:00,0.598300,0.598450,0.596500,0.597100,4,2024-04-02
2024-04-02 00:00:00,0.597050,0.597200,0.594000,0.594250,4,2024-04-02
2024-04-02 04:00:00,0.594300,0.595400,0.594200,0.595300,4,2024-04-02
2024-04-02 08:00:00,0.595450,0.595600,0.594700,0.594950,4,2024-04-02
2024-04-02 12:00:00,0.595000,0.595550,0.594400,0.594650,4,2024-04-02
2024-04-02 16:00:00,0.594600,0.595800,0.594300,0.595700,4,2024-04-02
2024-04-02 20:00:00,0.595600,0.596100,0.595200,0.595600,4,2024-04-03
2024-04-03 00:00:00,0.595600,0.597350,0.595350,0.596200,4,2024-04-03
2024-04-03 04:00:00,0.596200,0.597300,0.596000,0.597200,4,2024-04-03
2024-04-03 08:00:00,0.597200,0.597500,0.595900,0.596000,4,2024-04-03
2024-04-03 12:00:00,0.595900,0.597800,0.595300,0.597300,4,2024-04-03
2024-04-03 16:00:00,0.597250,0.597700,0.595950,0.596700,4,2024-04-03
2024-04-03 20:00:00,0.596500,0.597400,0.596150,0.596750,4,2024-04-04
2024-04-04 00:00:00,0.596700,0.600800,0.596300,0.600400,4,2024-04-04
2024-04-04 04:00:00,0.600300,0.601150,0.599950,0.600900,4,2024-04-04
2024-04-04 08:00:00,0.600850,0.602450,0.600450,0.602400,4,2024-04-04
2024-04-04 12:00:00,0.602300,0.603050,0.601800,0.602800,4,2024-04-04
2024-04-04 16:00:00,0.602800,0.604250,0.602800,0.603800,4,2024-04-04
2024-04-04 20:00:00,0.603700,0.604600,0.602550,0.604200,4,2024-04-05
2024-04-05 00:00:00,0.604100,0.604650,0.603550,0.604150,4,2024-04-05
2024-04-05 04:00:00,0.604150,0.604700,0.601900,0.602550,4,2024-04-05
2024-04-05 08:00:00,0.602300,0.603100,0.602200,0.602900,4,2024-04-05
2024-04-05 12:00:00,0.602900,0.603100,0.600700,0.600850,4,2024-04-05
2024-04-05 16:00:00,0.600800,0.602200,0.600600,0.601800,4,2024-04-05
2024-04-05 20:00:00,0.601900,0.602350,0.601700,0.602050,1,2024-04-05
2024-04-08 08:00:00,0.600700,0.601100,0.599900,0.600900,3,2024-04-08
2024-04-08 12:00:00,0.601000,0.601850,0.600400,0.601400,4,2024-04-08
2024-04-08 16:00:00,0.601250,0.602050,0.600900,0.601950,4,2024-04-08
2024-04-08 20:00:00,0.602000,0.603950,0.601500,0.603600,4,2024-04-09
2024-04-09 00:00:00,0.603600,0.603700,0.602600,0.603500,4,2024-04-09
2024-04-09 04:00:00,0.603300,0.603600,0.603050,0.603150,4,2024-04-09
2024-04-09 08:00:00,0.603100,0.604800,0.603100,0.604600,4,2024-04-09
2024-04-09 12:00:00,0.604500,0.604900,0.603400,0.604200,4,2024-04-09
2024-04-09 16:00:00,0.604100,0.605250,0.603400,0.605200,4,2024-04-09
2024-04-09 20:00:00,0.605100,0.607500,0.605100,0.607200,4,2024-04-10
2024-04-10 00:00:00,0.607200,0.607700,0.604900,0.605100,4,2024-04-10
2024-04-10 04:00:00,0.605100,0.606350,0.604900,0.605950,4,2024-04-10
2024-04-10 08:00:00,0.605900,0.606900,0.605600,0.605900,4,2024-04-10
2024-04-10 12:00:00,0.605800,0.607850,0.605300,0.606900,4,2024-04-10
2024-04-10 16:00:00,0.606950,0.607650,0.606600,0.607400,4,2024-04-10
2024-04-10 20:00:00,0.607400,0.608300,0.598900,0.599700,4,2024-04-11
2024-04-11 00:00:00,0.599500,0.600250,0.596600,0.598250,4,2024-04-11
2024-04-11 04:00:00,0.598200,0.598700,0.596750,0.597700,4,2024-04-11
2024-04-11 08:00:00,0.597600,0.598400,0.597100,0.598050,4,2024-04-11
2024-04-11 12:00:00,0.598100,0.599050,0.597800,0.598700,4,2024-04-11
2024-04-11 16:00:00,0.598600,0.599300,0.597900,0.599000,4,2024-04-11
2024-04-11 20:00:00,0.598900,0.601500,0.597900,0.599550,4,2024-04-12
2024-04-12 00:00:00,0.599500,0.599750,0.596850,0.599500,4,2024-04-12
2024-04-12 04:00:00,0.599500,0.600350,0.599500,0.599900,4,2024-04-12
2024-04-12 08:00:00,0.599800,0.601000,0.599550,0.600850,4,2024-04-12
2024-04-12 12:00:00,0.600900,0.601000,0.599100,0.599100,4,2024-04-12
2024-04-12 16:00:00,0.599100,0.599150,0.596600,0.597150,4,2024-04-12
2024-04-12 20:00:00,0.597100,0.597100,0.595650,0.595900,1,2024-04-12
2024-04-15 08:00:00,0.594500,0.595000,0.592700,0.593900,3,2024-04-15
2024-04-15 12:00:00,0.593900,0.595400,0.593900,0.595100,4,2024-04-15
2024-04-15 16:00:00,0.595000,0.595200,0.593200,0.594400,4,2024-04-15
2024-04-15 20:00:00,0.594500,0.594700,0.592100,0.592350,4,2024-04-16
2024-04-16 00:00:00,0.592300,0.592850,0.590700,0.591000,4,2024-04-16
2024-04-16 04:00:00,0.591000,0.591150,0.589800,0.590350,4,2024-04-16
2024-04-16 08:00:00,0.590500,0.590750,0.588100,0.588600,4,2024-04-16
2024-04-16 12:00:00,0.588700,0.589650,0.587400,0.589200,4,2024-04-16
2024-04-16 16:00:00,0.589100,0.589600,0.588200,0.588600,4,2024-04-16
2024-04-16 20:00:00,0.588700,0.589650,0.587300,0.587500,4,2024-04-17
2024-04-17 00:00:00,0.587500,0.589050,0.586800,0.588500,4,2024-04-17
2024-04-17 04:00:00,0.588400,0.589600,0.587750,0.587950,4,2024-04-17
2024-04-17 08:00:00,0.588100,0.590600,0.586100,0.590450,4,2024-04-17
2024-04-17 12:00:00,0.590400,0.590850,0.589300,0.589700,4,2024-04-17
2024-04-17 16:00:00,0.589700,0.591800,0.589400,0.590750,4,2024-04-17
2024-04-17 20:00:00,0.590900,0.591450,0.590150,0.591000,4,2024-04-18
2024-04-18 00:00:00,0.591000,0.591750,0.589350,0.591650,4,2024-04-18
2024-04-18 04:00:00,0.591700,0.592600,0.591100,0.591650,4,2024-04-18
2024-04-18 08:00:00,0.591600,0.592100,0.590600,0.591800,4,2024-04-18
2024-04-18 12:00:00,0.591750,0.592900,0.591550,0.592350,4,2024-04-18
2024-04-18 16:00:00,0.592300,0.593300,0.592100,0.592600,4,2024-04-18
2024-04-18 20:00:00,0.592700,0.593150,0.591000,0.591450,4,2024-04-19
2024-04-19 00:00:00,0.591400,0.592300,0.589900,0.590200,4,2024-04-19
2024-04-19 04:00:00,0.590200,0.590750,0.589900,0.590400,4,2024-04-19
2024-04-19 08:00:00,0.590400,0.590500,0.586000,0.586600,4,2024-04-19
2024-04-19 12:00:00,0.586600,0.588550,0.585200,0.587800,4,2024-04-19
2024-04-19 16:00:00,0.587800,0.589900,0.587700,0.589400,4,2024-04-19
2024-04-19 20:00:00,0.589400,0.589400,0.588250,0.588700,1,2024-04-19
2024-04-22 08:00:00,0.589300,0.592600,0.589300,0.592500,3,2024-04-22
2024-04-22 12:00:00,0.592600,0.592900,0.590700,0.590950,4,2024-04-22
2024-04-22 16:00:00,0.590800,0.591400,0.590200,0.590700,4,2024-04-22
2024-04-22 20:00:00,0.590650,0.591300,0.589450,0.590000,4,2024-04-23
2024-04-23 00:00:00,0.590000,0.591950,0.589800,0.591800,4,2024-04-23
2024-04-23 04:00:00,0.591800,0.592300,0.591550,0.591850,4,2024-04-23
2024-04-23 08:00:00,0.592000,0.592800,0.591700,0.591900,4,2024-04-23
2024-04-23 12:00:00,0.591900,0.592600,0.591100,0.591400,4,2024-04-23
2024-04-23 16:00:00,0.591400,0.591900,0.590200,0.590550,4,2024-04-23
2024-04-23 20:00:00,0.590500,0.594000,0.590500,0.594000,4,2024-04-24
2024-04-24 00:00:00,0.594000,0.594800,0.592800,0.594100,4,2024-04-24
2024-04-24 04:00:00,0.594100,0.594550,0.593000,0.593400,4,2024-04-24
2024-04-24 08:00:00,0.593400,0.595100,0.593300,0.594200,4,2024-04-24
2024-04-24 12:00:00,0.594200,0.595200,0.594000,0.594500,4,2024-04-24
2024-04-24 16:00:00,0.594500,0.594800,0.593250,0.593450,4,2024-04-24
2024-04-24 20:00:00,0.593500,0.593950,0.592450,0.593300,4,2024-04-25
2024-04-25 00:00:00,0.593400,0.593650,0.592000,0.593400,4,2024-04-25
2024-04-25 04:00:00,0.593500,0.594000,0.592700,0.593500,4,2024-04-25
2024-04-25 08:00:00,0.593700,0.594200,0.593200,0.594000,4,2024-04-25
2024-04-25 12:00:00,0.594000,0.594600,0.593500,0.594300,4,2024-04-25
2024-04-25 16:00:00,0.594300,0.596500,0.594000,0.595800,4,2024-04-25
2024-04-25 20:00:00,0.595800,0.596800,0.592000,0.592600,4,2024-04-26
2024-04-26 00:00:00,0.592600,0.595100,0.592200,0.594950,4,2024-04-26
2024-04-26 04:00:00,0.594950,0.595500,0.594000,0.594900,4,2024-04-26
2024-04-26 08:00:00,0.595100,0.596900,0.594800,0.596600,4,2024-04-26
2024-04-26 12:00:00,0.596600,0.596800,0.595300,0.596300,4,2024-04-26
2024-04-26 16:00:00,0.596350,0.596950,0.595200,0.595700,4,2024-04-26
2024-04-26 20:00:00,0.595700,0.595700,0.594800,0.594800,1,2024-04-26
2024-04-29 08:00:00,0.594400,0.596200,0.594200,0.596100,3,2024-04-29
2024-04-29 12:00:00,0.596100,0.598300,0.595800,0.597300,4,2024-04-29
2024-04-29 16:00:00,0.597300,0.597700,0.595750,0.597400,4,2024-04-29
2024-04-29 20:00:00,0.597600,0.598050,0.596000,0.596300,4,2024-04-30
2024-04-30 00:00:00,0.596300,0.598550,0.595900,0.598000,4,2024-04-30
2024-04-30 04:00:00,0.598000,0.598150,0.597200,0.597700,4,2024-04-30
2024-04-30 08:00:00,0.597900,0.598000,0.596000,0.596000,4,2024-04-30
2024-04-30 12:00:00,0.596150,0.596150,0.593300,0.593600,4,2024-04-30
2024-04-30 16:00:00,0.593600,0.595150,0.592950,0.594850,4,2024-04-30
2024-04-30 20:00:00,0.595050,0.595350,0.590700,0.591000,4,2024-05-01
2024-05-01 00:00:00,0.591000,0.592350,0.590100,0.590350,4,2024-05-01
2024-05-01 04:00:00,0.590300,0.590600,0.588600,0.589100,4,2024-05-01
2024-05-01 08:00:00,0.589000,0.589000,0.587450,0.589000,4,2024-05-01
2024-05-01 12:00:00,0.588950,0.589200,0.587850,0.588900,4,2024-05-01
2024-05-01 16:00:00,0.588900,0.589300,0.588100,0.589150,4,2024-05-01
2024-05-01 20:00:00,0.589050,0.590300,0.588650,0.589800,4,2024-05-02
2024-05-02 00:00:00,0.589700,0.590900,0.589300,0.589300,4,2024-05-02
2024-05-02 04:00:00,0.589600,0.594000,0.589400,0.592800,4,2024-05-02
2024-05-02 08:00:00,0.592700,0.593500,0.591400,0.592450,4,2024-05-02
2024-05-02 12:00:00,0.592550,0.593550,0.592350,0.593300,4,2024-05-02
2024-05-02 16:00:00,0.593300,0.594800,0.592750,0.593000,4,2024-05-02
2024-05-02 20:00:00,0.593100,0.594150,0.592000,0.592300,4,2024-05-03
2024-05-03 00:00:00,0.592200,0.595750,0.591600,0.595450,4,2024-05-03
2024-05-03 04:00:00,0.595450,0.596800,0.595400,0.596150,4,2024-05-03
2024-05-03 08:00:00,0.596200,0.597900,0.595600,0.597500,4,2024-05-03
2024-05-03 12:00:00,0.597500,0.597800,0.596450,0.597400,4,2024-05-03
2024-05-03 16:00:00,0.597450,0.598250,0.596200,0.597900,4,2024-05-03
2024-05-03 20:00:00,0.597950,0.598200,0.597650,0.598200,1,2024-05-03
2024-05-06 08:00:00,0.601100,0.601400,0.600000,0.600800,3,2024-05-06
2024-05-06 12:00:00,0.600900,0.601200,0.599600,0.600300,4,2024-05-06
2024-05-06 16:00:00,0.600200,0.602050,0.600200,0.601850,4,2024-05-06
2024-05-06 20:00:00,0.601900,0.603200,0.601800,0.601900,4,2024-05-07
2024-05-07 00:00:00,0.601900,0.602250,0.600800,0.601500,4,2024-05-07
2024-05-07 04:00:00,0.601400,0.601600,0.600800,0.601050,4,2024-05-07
2024-05-07 08:00:00,0.600900,0.602500,0.600600,0.601300,4,2024-05-07
2024-05-07 12:00:00,0.601200,0.601750,0.600550,0.601000,4,2024-05-07
2024-05-07 16:00:00,0.601000,0.601150,0.600000,0.600250,4,2024-05-07
2024-05-07 20:00:00,0.600300,0.601900,0.600100,0.601400,4,2024-05-08
2024-05-08 00:00:00,0.601300,0.602100,0.600000,0.600200,4,2024-05-08
2024-05-08 04:00:00,0.600000,0.601450,0.599500,0.600200,4,2024-05-08
2024-05-08 08:00:00,0.600300,0.600300,0.598500,0.598600,4,2024-05-08
2024-05-08 12:00:00,0.598600,0.599450,0.598400,0.598850,4,2024-05-08
2024-05-08 16:00:00,0.599000,0.599700,0.598100,0.598800,4,2024-05-08
2024-05-08 20:00:00,0.598850,0.599700,0.598350,0.599200,4,2024-05-09
2024-05-09 00:00:00,0.599200,0.600350,0.599100,0.600200,4,2024-05-09
2024-05-09 04:00:00,0.600150,0.600650,0.599650,0.600550,4,2024-05-09
2024-05-09 08:00:00,0.600500,0.600900,0.599300,0.600650,4,2024-05-09
2024-05-09 12:00:00,0.600600,0.600950,0.600100,0.600300,4,2024-05-09
2024-05-09 16:00:00,0.600200,0.600300,0.599250,0.599800,4,2024-05-09
2024-05-09 20:00:00,0.599800,0.602150,0.599600,0.601400,4,2024-05-10
2024-05-10 00:00:00,0.601400,0.602700,0.601400,0.602500,4,2024-05-10
2024-05-10 04:00:00,0.602500,0.603600,0.602400,0.603400,4,2024-05-10
2024-05-10 08:00:00,0.603500,0.604000,0.602600,0.602600,4,2024-05-10
2024-05-10 12:00:00,0.602600,0.602800,0.601400,0.602500,4,2024-05-10
2024-05-10 16:00:00,0.602500,0.603050,0.601500,0.602000,4,2024-05-10
2024-05-10 20:00:00,0.602000,0.602000,0.601450,0.601600,1,2024-05-10
2024-05-13 08:00:00,0.601800,0.602300,0.600750,0.600950,3,2024-05-13
2024-05-13 12:00:00,0.600900,0.601800,0.600000,0.600800,4,2024-05-13
2024-05-13 16:00:00,0.600800,0.601600,0.600500,0.601000,4,2024-05-13
2024-05-13 20:00:00,0.601100,0.603150,0.600850,0.602600,4,2024-05-14
2024-05-14 00:00:00,0.602500,0.602750,0.601150,0.601800,4,2024-05-14
2024-05-14 04:00:00,0.601850,0.601950,0.601400,0.601500,4,2024-05-14
2024-05-14 08:00:00,0.601600,0.602600,0.601000,0.601450,4,2024-05-14
2024-05-14 12:00:00,0.601400,0.601850,0.601000,0.601750,4,2024-05-14
2024-05-14 16:00:00,0.601700,0.602950,0.601500,0.602500,4,2024-05-14
2024-05-14 20:00:00,0.602400,0.603750,0.599500,0.603700,4,2024-05-15
2024-05-15 00:00:00,0.603700,0.603850,0.602900,0.603500,4,2024-05-15
2024-05-15 04:00:00,0.603400,0.604300,0.602900,0.603950,4,2024-05-15
2024-05-15 08:00:00,0.603900,0.605050,0.603800,0.604650,4,2024-05-15
2024-05-15 12:00:00,0.604650,0.606500,0.604500,0.606150,4,2024-05-15
2024-05-15 16:00:00,0.606100,0.606600,0.605700,0.606500,4,2024-05-15
2024-05-15 20:00:00,0.606450,0.610100,0.605600,0.606200,4,2024-05-16
2024-05-16 00:00:00,0.606250,0.612500,0.605800,0.612500,4,2024-05-16
2024-05-16 04:00:00,0.612450,0.612450,0.611200,0.612000,4,2024-05-16
2024-05-16 08:00:00,0.612000,0.614100,0.611900,0.612300,4,2024-05-16
2024-05-16 12:00:00,0.612300,0.613100,0.611700,0.611900,4,2024-05-16
2024-05-16 16:00:00,0.611900,0.612750,0.610400,0.611200,4,2024-05-16
2024-05-16 20:00:00,0.611150,0.611500,0.609550,0.610150,4,2024-05-17
2024-05-17 00:00:00,0.610200,0.612350,0.609900,0.612000,4,2024-05-17
2024-05-17 04:00:00,0.612050,0.612300,0.611000,0.612150,4,2024-05-17
2024-05-17 08:00:00,0.612100,0.612700,0.610800,0.611150,4,2024-05-17
2024-05-17 12:00:00,0.611200,0.612050,0.610500,0.611900,4,2024-05-17
2024-05-17 16:00:00,0.611900,0.612350,0.610300,0.610850,4,2024-05-17
2024-05-17 20:00:00,0.610700,0.610850,0.610250,0.610500,1,2024-05-17
2024-05-20 08:00:00,0.613200,0.613800,0.612600,0.613050,3,2024-05-20
2024-05-20 12:00:00,0.613050,0.613750,0.612100,0.613300,4,2024-05-20
2024-05-20 16:00:00,0.613300,0.613600,0.611650,0.612200,4,2024-05-20
2024-05-20 20:00:00,0.612250,0.612500,0.609700,0.611450,4,2024-05-21
2024-05-21 00:00:00,0.611350,0.611900,0.610900,0.611100,4,2024-05-21
2024-05-21 04:00:00,0.611100,0.611300,0.610400,0.610800,4,2024-05-21
2024-05-21 08:00:00,0.610750,0.611050,0.609800,0.609900,4,2024-05-21
2024-05-21 12:00:00,0.609800,0.610300,0.608900,0.609950,4,2024-05-21
2024-05-21 16:00:00,0.610000,0.610950,0.609600,0.610200,4,2024-05-21
2024-05-21 20:00:00,0.610250,0.610750,0.608800,0.610000,4,2024-05-22
2024-05-22 00:00:00,0.610100,0.610500,0.608950,0.609600,4,2024-05-22
2024-05-22 04:00:00,0.609550,0.609750,0.609050,0.609500,4,2024-05-22
2024-05-22 08:00:00,0.609500,0.610600,0.609200,0.610300,4,2024-05-22
2024-05-22 12:00:00,0.610200,0.615200,0.610200,0.612850,4,2024-05-22
2024-05-22 16:00:00,0.612900,0.613000,0.610900,0.612000,4,2024-05-22
2024-05-22 20:00:00,0.612000,0.612550,0.610500,0.611900,4,2024-05-23
2024-05-23 00:00:00,0.611900,0.612000,0.609850,0.610100,4,2024-05-23
2024-05-23 04:00:00,0.610300,0.610300,0.608300,0.609450,4,2024-05-23
2024-05-23 08:00:00,0.609500,0.611300,0.609500,0.611000,4,2024-05-23
2024-05-23 12:00:00,0.610900,0.612350,0.610200,0.611500,4,2024-05-23
2024-05-23 16:00:00,0.611600,0.613000,0.610500,0.612900,4,2024-05-23
2024-05-23 20:00:00,0.612900,0.613400,0.610200,0.610900,4,2024-05-24
2024-05-24 00:00:00,0.610900,0.612100,0.609700,0.609900,4,2024-05-24
2024-05-24 04:00:00,0.609900,0.610200,0.609200,0.609900,4,2024-05-24
2024-05-24 08:00:00,0.609900,0.610100,0.608800,0.609500,4,2024-05-24
2024-05-24 12:00:00,0.609450,0.609900,0.608800,0.609600,4,2024-05-24
2024-05-24 16:00:00,0.609600,0.610900,0.609100,0.610650,4,2024-05-24
2024-05-24 20:00:00,0.610600,0.611400,0.610500,0.611100,1,2024-05-24
2024-05-27 08:00:00,0.612500,0.612900,0.612000,0.612800,3,2024-05-27
2024-05-27 12:00:00,0.612800,0.613200,0.612600,0.612900,4,2024-05-27
2024-05-27 16:00:00,0.613000,0.614100,0.612500,0.614050,4,2024-05-27
2024-05-27 20:00:00,0.614100,0.615200,0.613700,0.614850,4,2024-05-28
2024-05-28 00:00:00,0.614900,0.615350,0.613950,0.615050,4,2024-05-28
2024-05-28 04:00:00,0.615000,0.615400,0.614750,0.615200,4,2024-05-28
2024-05-28 08:00:00,0.615100,0.616450,0.614900,0.616100,4,2024-05-28
2024-05-28 12:00:00,0.616100,0.616600,0.615700,0.615850,4,2024-05-28
2024-05-28 16:00:00,0.615800,0.616600,0.615600,0.616000,4,2024-05-28
2024-05-28 20:00:00,0.616000,0.617050,0.615300,0.615450,4,2024-05-29
2024-05-29 00:00:00,0.615400,0.615900,0.614000,0.614350,4,2024-05-29
2024-05-29 04:00:00,0.614200,0.615050,0.613750,0.614100,4,2024-05-29
2024-05-29 08:00:00,0.614100,0.614800,0.613200,0.614000,4,2024-05-29
2024-05-29 12:00:00,0.614100,0.614400,0.612500,0.612950,4,2024-05-29
2024-05-29 16:00:00,0.612900,0.614600,0.612800,0.613850,4,2024-05-29
2024-05-29 20:00:00,0.613800,0.613800,0.612100,0.612500,4,2024-05-30
2024-05-30 00:00:00,0.612500,0.612650,0.611100,0.611900,4,2024-05-30
2024-05-30 04:00:00,0.611850,0.612200,0.610900,0.611700,4,2024-05-30
2024-05-30 08:00:00,0.611800,0.611800,0.610300,0.610700,4,2024-05-30
2024-05-30 12:00:00,0.610700,0.611100,0.608950,0.609400,4,2024-05-30
2024-05-30 16:00:00,0.609400,0.611200,0.608900,0.610200,4,2024-05-30
2024-05-30 20:00:00,0.610200,0.612500,0.609900,0.612150,4,2024-05-31
2024-05-31 00:00:00,0.612200,0.613150,0.611900,0.612450,4,2024-05-31
2024-05-31 04:00:00,0.612500,0.612500,0.611200,0.611450,4,2024-05-31
2024-05-31 08:00:00,0.611600,0.612800,0.611350,0.612100,4,2024-05-31
2024-05-31 12:00:00,0.612100,0.613050,0.611800,0.612850,4,2024-05-31
2024-05-31 16:00:00,0.612900,0.613250,0.611600,0.613100,4,2024-05-31
2024-05-31 20:00:00,0.613100,0.613800,0.612850,0.613600,1,2024-05-31
2024-06-03 08:00:00,0.614600,0.615900,0.614600,0.615700,3,2024-06-03
2024-06-03 12:00:00,0.615700,0.615800,0.614200,0.614250,4,2024-06-03
2024-06-03 16:00:00,0.614300,0.614800,0.613250,0.613750,4,2024-06-03
2024-06-03 20:00:00,0.613700,0.616550,0.613600,0.616100,4,2024-06-04
2024-06-04 00:00:00,0.616700,0.619000,0.616700,0.617450,4,2024-06-04
2024-06-04 04:00:00,0.617400,0.619350,0.617300,0.619100,4,2024-06-04
2024-06-04 08:00:00,0.619200,0.619850,0.618000,0.618050,4,2024-06-04
2024-06-04 12:00:00,0.618000,0.619500,0.617900,0.618450,4,2024-06-04
2024-06-04 16:00:00,0.618300,0.618700,0.616000,0.616400,4,2024-06-04
2024-06-04 20:00:00,0.616200,0.617500,0.615600,0.617050,4,2024-06-05
2024-06-05 00:00:00,0.616900,0.618250,0.616250,0.617800,4,2024-06-05
2024-06-05 04:00:00,0.617800,0.618250,0.616750,0.617800,4,2024-06-05
2024-06-05 08:00:00,0.617900,0.618900,0.617100,0.618900,4,2024-06-05
2024-06-05 12:00:00,0.618900,0.619200,0.617600,0.618100,4,2024-06-05
2024-06-05 16:00:00,0.618100,0.619900,0.617650,0.618250,4,2024-06-05
2024-06-05 20:00:00,0.618300,0.619400,0.617600,0.619100,4,2024-06-06
2024-06-06 00:00:00,0.619100,0.619100,0.617000,0.618950,4,2024-06-06
2024-06-06 04:00:00,0.618900,0.619600,0.618500,0.619200,4,2024-06-06
2024-06-06 08:00:00,0.619200,0.621500,0.619200,0.621000,4,2024-06-06
2024-06-06 12:00:00,0.621000,0.621000,0.619100,0.619100,4,2024-06-06
2024-06-06 16:00:00,0.619100,0.619700,0.617850,0.618700,4,2024-06-06
2024-06-06 20:00:00,0.618700,0.619400,0.617400,0.618900,4,2024-06-07
2024-06-07 00:00:00,0.618900,0.620600,0.617900,0.620350,4,2024-06-07
2024-06-07 04:00:00,0.620300,0.620600,0.619250,0.619900,4,2024-06-07
2024-06-07 08:00:00,0.620000,0.620250,0.619000,0.619300,4,2024-06-07
2024-06-07 12:00:00,0.619300,0.620400,0.618900,0.619600,4,2024-06-07
2024-06-07 16:00:00,0.619600,0.620100,0.618800,0.618850,4,2024-06-07
2024-06-07 20:00:00,0.619000,0.619050,0.618600,0.618750,1,2024-06-07
2024-06-10 08:00:00,0.610500,0.610800,0.609900,0.610600,3,2024-06-10
2024-06-10 12:00:00,0.610600,0.610900,0.610200,0.610900,4,2024-06-10
2024-06-10 16:00:00,0.610800,0.611500,0.610400,0.610600,4,2024-06-10
2024-06-10 20:00:00,0.610700,0.611800,0.610200,0.610800,4,2024-06-11
2024-06-11 00:00:00,0.610950,0.612600,0.610550,0.612350,4,2024-06-11
2024-06-11 04:00:00,0.612400,0.612900,0.611900,0.612750,4,2024-06-11
2024-06-11 08:00:00,0.612900,0.613350,0.611800,0.612200,4,2024-06-11
2024-06-11 12:00:00,0.612150,0.612550,0.611800,0.612450,4,2024-06-11
2024-06-11 16:00:00,0.612400,0.613150,0.612100,0.612650,4,2024-06-11
2024-06-11 20:00:00,0.612700,0.613450,0.611750,0.612100,4,2024-06-12
2024-06-12 00:00:00,0.612250,0.614250,0.611850,0.614000,4,2024-06-12
2024-06-12 04:00:00,0.614050,0.615000,0.613900,0.614200,4,2024-06-12
2024-06-12 08:00:00,0.614200,0.614800,0.613050,0.614400,4,2024-06-12
2024-06-12 12:00:00,0.614450,0.614950,0.614100,0.614900,4,2024-06-12
2024-06-12 16:00:00,0.614900,0.614950,0.613700,0.614600,4,2024-06-12
2024-06-12 20:00:00,0.614500,0.621950,0.614100,0.621400,4,2024-06-13
2024-06-13 00:00:00,0.621350,0.622250,0.620200,0.621350,4,2024-06-13
2024-06-13 04:00:00,0.621500,0.621600,0.617400,0.618650,4,2024-06-13
2024-06-13 08:00:00,0.618700,0.618800,0.616900,0.617200,4,2024-06-13
2024-06-13 12:00:00,0.617300,0.617900,0.616500,0.616700,4,2024-06-13
2024-06-13 16:00:00,0.616700,0.618250,0.616500,0.617850,4,2024-06-13
2024-06-13 20:00:00,0.617800,0.619900,0.616700,0.617200,4,2024-06-14
2024-06-14 00:00:00,0.617200,0.617600,0.616000,0.616900,4,2024-06-14
2024-06-14 04:00:00,0.616850,0.617500,0.616700,0.616900,4,2024-06-14
2024-06-14 08:00:00,0.616900,0.616900,0.614800,0.615700,4,2024-06-14
2024-06-14 12:00:00,0.615700,0.616250,0.614650,0.614700,4,2024-06-14
2024-06-14 16:00:00,0.614700,0.614900,0.612300,0.613100,4,2024-06-14
2024-06-14 20:00:00,0.612950,0.613800,0.612100,0.613450,1,2024-06-14
2024-06-17 08:00:00,0.614000,0.614000,0.612500,0.613000,3,2024-06-17
2024-06-17 12:00:00,0.612900,0.613200,0.611900,0.612000,4,2024-06-17
2024-06-17 16:00:00,0.612000,0.612550,0.610900,0.612300,4,2024-06-17
2024-06-17 20:00:00,0.612300,0.612500,0.610500,0.611600,4,2024-06-18
2024-06-18 00:00:00,0.611600,0.613000,0.610900,0.613000,4,2024-06-18
2024-06-18 04:00:00,0.613000,0.613450,0.612150,0.613000,4,2024-06-18
2024-06-18 08:00:00,0.612900,0.614000,0.612500,0.612600,4,2024-06-18
2024-06-18 12:00:00,0.612600,0.612900,0.611400,0.612000,4,2024-06-18
2024-06-18 16:00:00,0.612000,0.612450,0.609700,0.610600,4,2024-06-18
2024-06-18 20:00:00,0.610500,0.613050,0.609750,0.612900,4,2024-06-19
2024-06-19 00:00:00,0.612900,0.614900,0.612700,0.614200,4,2024-06-19
2024-06-19 04:00:00,0.614100,0.614750,0.613900,0.614300,4,2024-06-19
2024-06-19 08:00:00,0.614400,0.614600,0.613050,0.613950,4,2024-06-19
2024-06-19 12:00:00,0.614000,0.614100,0.612900,0.613600,4,2024-06-19
2024-06-19 16:00:00,0.613600,0.614250,0.613100,0.613600,4,2024-06-19
2024-06-19 20:00:00,0.613600,0.613900,0.612950,0.613350,4,2024-06-20
2024-06-20 00:00:00,0.613350,0.613850,0.612900,0.613000,4,2024-06-20
2024-06-20 04:00:00,0.612950,0.613550,0.612750,0.613200,4,2024-06-20
2024-06-20 08:00:00,0.613200,0.614800,0.612800,0.613500,4,2024-06-20
2024-06-20 12:00:00,0.613500,0.613700,0.612500,0.613200,4,2024-06-20
2024-06-20 16:00:00,0.613200,0.613800,0.612300,0.612850,4,2024-06-20
2024-06-20 20:00:00,0.612900,0.613700,0.612100,0.612500,4,2024-06-21
2024-06-21 00:00:00,0.612600,0.613250,0.611100,0.611950,4,2024-06-21
2024-06-21 04:00:00,0.611900,0.613150,0.611650,0.612150,4,2024-06-21
2024-06-21 08:00:00,0.612200,0.612600,0.611600,0.612200,4,2024-06-21
2024-06-21 12:00:00,0.612200,0.612800,0.612000,0.612450,4,2024-06-21
2024-06-21 16:00:00,0.612500,0.613050,0.611800,0.612550,4,2024-06-21
2024-06-21 20:00:00,0.612600,0.612850,0.612100,0.612600,1,2024-06-21
2024-06-24 08:00:00,0.611700,0.611900,0.610500,0.610950,3,2024-06-24
2024-06-24 12:00:00,0.610950,0.611700,0.610700,0.611400,4,2024-06-24
2024-06-24 16:00:00,0.611500,0.613050,0.611250,0.612700,4,2024-06-24
2024-06-24 20:00:00,0.612600,0.613600,0.611400,0.613500,4,2024-06-25
2024-06-25 00:00:00,0.613500,0.614050,0.611900,0.612200,4,2024-06-25
2024-06-25 04:00:00,0.612100,0.613100,0.612000,0.612350,4,2024-06-25
2024-06-25 08:00:00,0.612300,0.612600,0.611700,0.612100,4,2024-06-25
2024-06-25 12:00:00,0.612200,0.612750,0.611800,0.612400,4,2024-06-25
2024-06-25 16:00:00,0.612400,0.613100,0.612050,0.612350,4,2024-06-25
2024-06-25 20:00:00,0.612300,0.612900,0.610900,0.611700,4,2024-06-26
2024-06-26 00:00:00,0.611500,0.611800,0.610700,0.611600,4,2024-06-26
2024-06-26 04:00:00,0.611650,0.612550,0.611350,0.612100,4,2024-06-26
2024-06-26 08:00:00,0.611900,0.612800,0.611200,0.611700,4,2024-06-26
2024-06-26 12:00:00,0.611700,0.612050,0.611100,0.611900,4,2024-06-26
2024-06-26 16:00:00,0.611900,0.612100,0.610250,0.610450,4,2024-06-26
2024-06-26 20:00:00,0.610450,0.610500,0.607600,0.608300,4,2024-06-27
2024-06-27 00:00:00,0.608200,0.609150,0.607600,0.608450,4,2024-06-27
2024-06-27 04:00:00,0.608400,0.609100,0.607400,0.608600,4,2024-06-27
2024-06-27 08:00:00,0.608600,0.608800,0.606900,0.607850,4,2024-06-27
2024-06-27 12:00:00,0.607900,0.609150,0.607750,0.608900,4,2024-06-27
2024-06-27 16:00:00,0.608900,0.610350,0.608750,0.610300,4,2024-06-27
2024-06-27 20:00:00,0.610250,0.610900,0.609300,0.610100,4,2024-06-28
2024-06-28 00:00:00,0.610100,0.610600,0.608500,0.608700,4,2024-06-28
2024-06-28 04:00:00,0.608700,0.609500,0.608200,0.608250,4,2024-06-28
2024-06-28 08:00:00,0.608500,0.608700,0.606100,0.606400,4,2024-06-28
2024-06-28 12:00:00,0.606400,0.607400,0.605800,0.606150,4,2024-06-28
2024-06-28 16:00:00,0.606200,0.608150,0.606000,0.607900,4,2024-06-28
2024-06-28 20:00:00,0.608000,0.608450,0.607750,0.608450,1,2024-06-28
2024-07-01 08:00:00,0.609900,0.610400,0.609400,0.610000,3,2024-07-01
2024-07-01 12:00:00,0.610100,0.610250,0.609600,0.609850,4,2024-07-01
2024-07-01 16:00:00,0.609800,0.610800,0.609650,0.609900,4,2024-07-01
2024-07-01 20:00:00,0.609900,0.609900,0.608000,0.609200,4,2024-07-02
2024-07-02 00:00:00,0.610500,0.610500,0.606500,0.607350,4,2024-07-02
2024-07-02 04:00:00,0.607300,0.608000,0.606700,0.607700,4,2024-07-02
2024-07-02 08:00:00,0.607700,0.607800,0.605000,0.605850,4,2024-07-02
2024-07-02 12:00:00,0.605850,0.605900,0.604800,0.605500,4,2024-07-02
2024-07-02 16:00:00,0.605500,0.605800,0.604800,0.605450,4,2024-07-02
2024-07-02 20:00:00,0.605400,0.607900,0.605050,0.607550,4,2024-07-03
2024-07-03 00:00:00,0.607900,0.607900,0.606200,0.607600,4,2024-07-03
2024-07-03 04:00:00,0.607500,0.608300,0.607400,0.607650,4,2024-07-03
2024-07-03 08:00:00,0.607900,0.608600,0.607700,0.608100,4,2024-07-03
2024-07-03 12:00:00,0.608000,0.608350,0.607100,0.607350,4,2024-07-03
2024-07-03 16:00:00,0.607300,0.608550,0.607050,0.607250,4,2024-07-03
2024-07-03 20:00:00,0.607100,0.609750,0.606900,0.609450,4,2024-07-04
2024-07-04 00:00:00,0.610800,0.612900,0.609900,0.610400,4,2024-07-04
2024-07-04 04:00:00,0.610300,0.610600,0.609850,0.610300,4,2024-07-04
2024-07-04 08:00:00,0.610300,0.611800,0.610100,0.611400,4,2024-07-04
2024-07-04 12:00:00,0.611400,0.611450,0.610700,0.611250,4,2024-07-04
2024-07-04 16:00:00,0.611250,0.611950,0.611000,0.611600,4,2024-07-04
2024-07-04 20:00:00,0.611600,0.612300,0.611500,0.611800,4,2024-07-05
2024-07-05 00:00:00,0.611800,0.612050,0.611500,0.611750,4,2024-07-05
2024-07-05 04:00:00,0.611800,0.611950,0.611600,0.611700,4,2024-07-05
2024-07-05 08:00:00,0.611800,0.612200,0.611200,0.612200,4,2024-07-05
2024-07-05 12:00:00,0.612200,0.612500,0.611500,0.612050,4,2024-07-05
2024-07-05 16:00:00,0.611900,0.612400,0.611400,0.612300,4,2024-07-05
2024-07-05 20:00:00,0.612300,0.612500,0.612100,0.612450,1,2024-07-05
2024-07-08 08:00:00,0.614000,0.614600,0.613500,0.614500,3,2024-07-08
2024-07-08 12:00:00,0.614500,0.615400,0.613950,0.614200,4,2024-07-08
2024-07-08 16:00:00,0.614150,0.614400,0.613200,0.613650,4,2024-07-08
2024-07-08 20:00:00,0.613600,0.614300,0.613000,0.614000,4,2024-07-09
2024-07-09 00:00:00,0.613900,0.614250,0.613000,0.613300,4,2024-07-09
2024-07-09 04:00:00,0.613300,0.613350,0.612300,0.612750,4,2024-07-09
2024-07-09 08:00:00,0.612700,0.613300,0.612100,0.612200,4,2024-07-09
2024-07-09 12:00:00,0.612200,0.612850,0.611650,0.612500,4,2024-07-09
2024-07-09 16:00:00,0.612500,0.612700,0.611400,0.611600,4,2024-07-09
2024-07-09 20:00:00,0.611700,0.612950,0.611300,0.612900,4,2024-07-10
2024-07-10 00:00:00,0.612900,0.613150,0.611200,0.612400,4,2024-07-10
2024-07-10 04:00:00,0.612300,0.613350,0.612100,0.612500,4,2024-07-10
2024-07-10 08:00:00,0.612700,0.613200,0.612450,0.612700,4,2024-07-10
2024-07-10 12:00:00,0.612900,0.612900,0.607500,0.608900,4,2024-07-10
2024-07-10 16:00:00,0.608900,0.609450,0.606500,0.607100,4,2024-07-10
2024-07-10 20:00:00,0.607000,0.608500,0.606700,0.608300,4,2024-07-11
2024-07-11 00:00:00,0.608350,0.608900,0.607700,0.607900,4,2024-07-11
2024-07-11 04:00:00,0.607900,0.608400,0.607500,0.608150,4,2024-07-11
2024-07-11 08:00:00,0.607900,0.609250,0.607900,0.609200,4,2024-07-11
2024-07-11 12:00:00,0.609100,0.609900,0.609100,0.609600,4,2024-07-11
2024-07-11 16:00:00,0.609500,0.609650,0.608650,0.609200,4,2024-07-11
2024-07-11 20:00:00,0.609100,0.613500,0.608150,0.612150,4,2024-07-12
2024-07-12 00:00:00,0.612000,0.612700,0.609100,0.609400,4,2024-07-12
2024-07-12 04:00:00,0.609400,0.610850,0.609250,0.609500,4,2024-07-12
2024-07-12 08:00:00,0.609700,0.609700,0.607650,0.608600,4,2024-07-12
2024-07-12 12:00:00,0.608700,0.610500,0.608500,0.610100,4,2024-07-12
2024-07-12 16:00:00,0.610100,0.611200,0.609450,0.610850,4,2024-07-12
2024-07-12 20:00:00,0.610800,0.611050,0.610500,0.611000,1,2024-07-12
2024-07-15 08:00:00,0.609600,0.609950,0.609100,0.609550,3,2024-07-15
2024-07-15 12:00:00,0.609500,0.610250,0.609100,0.609950,4,2024-07-15
2024-07-15 16:00:00,0.609900,0.610100,0.608450,0.609300,4,2024-07-15
2024-07-15 20:00:00,0.609400,0.609850,0.608100,0.609600,4,2024-07-16
2024-07-16 00:00:00,0.609700,0.609900,0.607300,0.607700,4,2024-07-16
2024-07-16 04:00:00,0.607600,0.608000,0.607300,0.607600,4,2024-07-16
2024-07-16 08:00:00,0.607500,0.607700,0.606100,0.606300,4,2024-07-16
2024-07-16 12:00:00,0.606300,0.606400,0.604800,0.605100,4,2024-07-16
2024-07-16 16:00:00,0.605000,0.606900,0.604800,0.606700,4,2024-07-16
2024-07-16 20:00:00,0.606700,0.607400,0.603900,0.604700,4,2024-07-17
2024-07-17 00:00:00,0.604750,0.604900,0.603650,0.604550,4,2024-07-17
2024-07-17 04:00:00,0.604500,0.605300,0.604450,0.605050,4,2024-07-17
2024-07-17 08:00:00,0.605000,0.608200,0.603700,0.608000,4,2024-07-17
2024-07-17 12:00:00,0.608000,0.608100,0.606500,0.606600,4,2024-07-17
2024-07-17 16:00:00,0.606600,0.609700,0.606500,0.609650,4,2024-07-17
2024-07-17 20:00:00,0.609600,0.609800,0.607600,0.608700,4,2024-07-18
2024-07-18 00:00:00,0.608600,0.608700,0.606650,0.607250,4,2024-07-18
2024-07-18 04:00:00,0.607250,0.608450,0.607200,0.608200,4,2024-07-18
2024-07-18 08:00:00,0.608000,0.608300,0.606400,0.607200,4,2024-07-18
2024-07-18 12:00:00,0.607150,0.608200,0.606850,0.607400,4,2024-07-18
2024-07-18 16:00:00,0.607500,0.607800,0.606650,0.606950,4,2024-07-18
2024-07-18 20:00:00,0.606900,0.607700,0.606800,0.607150,4,2024-07-19
2024-07-19 00:00:00,0.607100,0.607500,0.605700,0.605800,4,2024-07-19
2024-07-19 04:00:00,0.605800,0.605850,0.604300,0.604600,4,2024-07-19
2024-07-19 08:00:00,0.604800,0.604800,0.602600,0.602700,4,2024-07-19
2024-07-19 12:00:00,0.602750,0.603500,0.602100,0.603150,4,2024-07-19
2024-07-19 16:00:00,0.603000,0.604000,0.602100,0.602200,4,2024-07-19
2024-07-19 20:00:00,0.602200,0.602600,0.601800,0.602300,1,2024-07-19
2024-07-22 08:00:00,0.602500,0.602800,0.600600,0.600650,3,2024-07-22
2024-07-22 12:00:00,0.600600,0.600700,0.599100,0.599400,4,2024-07-22
2024-07-22 16:00:00,0.599300,0.600500,0.599100,0.600250,4,2024-07-22
2024-07-22 20:00:00,0.600300,0.600450,0.597700,0.597850,4,2024-07-23
2024-07-23 00:00:00,0.597800,0.598100,0.597200,0.597900,4,2024-07-23
2024-07-23 04:00:00,0.597900,0.598250,0.597450,0.597900,4,2024-07-23
2024-07-23 08:00:00,0.598000,0.598000,0.596550,0.597100,4,2024-07-23
2024-07-23 12:00:00,0.597100,0.597500,0.596500,0.596900,4,2024-07-23
2024-07-23 16:00:00,0.596800,0.596900,0.596000,0.596550,4,2024-07-23
2024-07-23 20:00:00,0.596450,0.596750,0.595400,0.595750,4,2024-07-24
2024-07-24 00:00:00,0.595650,0.596050,0.595100,0.595300,4,2024-07-24
2024-07-24 04:00:00,0.595300,0.596100,0.595000,0.595800,4,2024-07-24
2024-07-24 08:00:00,0.595600,0.595700,0.593650,0.593700,4,2024-07-24
2024-07-24 12:00:00,0.593700,0.593800,0.591400,0.592800,4,2024-07-24
2024-07-24 16:00:00,0.592700,0.593600,0.592350,0.593200,4,2024-07-24
2024-07-24 20:00:00,0.593250,0.594950,0.592950,0.593800,4,2024-07-25
2024-07-25 00:00:00,0.593800,0.595050,0.593700,0.593700,4,2024-07-25
2024-07-25 04:00:00,0.593750,0.593750,0.592400,0.593050,4,2024-07-25
2024-07-25 08:00:00,0.593100,0.593200,0.591500,0.592200,4,2024-07-25
2024-07-25 12:00:00,0.592200,0.592500,0.591300,0.591650,4,2024-07-25
2024-07-25 16:00:00,0.591600,0.592700,0.590450,0.590800,4,2024-07-25
2024-07-25 20:00:00,0.590800,0.590800,0.588300,0.590500,4,2024-07-26
2024-07-26 00:00:00,0.590500,0.590900,0.589350,0.589500,4,2024-07-26
2024-07-26 04:00:00,0.589550,0.589700,0.588350,0.588700,4,2024-07-26
2024-07-26 08:00:00,0.588700,0.589500,0.588450,0.589200,4,2024-07-26
2024-07-26 12:00:00,0.589200,0.589400,0.588300,0.589150,4,2024-07-26
2024-07-26 16:00:00,0.589050,0.590500,0.588950,0.589700,4,2024-07-26
2024-07-26 20:00:00,0.589700,0.589850,0.589300,0.589600,1,2024-07-26
2024-07-29 08:00:00,0.588700,0.590100,0.588650,0.589900,3,2024-07-29
2024-07-29 12:00:00,0.589850,0.590100,0.588450,0.588500,4,2024-07-29
2024-07-29 16:00:00,0.588550,0.589300,0.587500,0.588250,4,2024-07-29
2024-07-29 20:00:00,0.588250,0.588700,0.586500,0.586800,4,2024-07-30
2024-07-30 00:00:00,0.586800,0.587750,0.585800,0.587650,4,2024-07-30
2024-07-30 04:00:00,0.587600,0.588000,0.586400,0.587800,4,2024-07-30
2024-07-30 08:00:00,0.587800,0.588250,0.586800,0.586950,4,2024-07-30
2024-07-30 12:00:00,0.586950,0.589400,0.586900,0.589100,4,2024-07-30
2024-07-30 16:00:00,0.589050,0.590150,0.588900,0.589550,4,2024-07-30
2024-07-30 20:00:00,0.589550,0.589600,0.588400,0.589500,4,2024-07-31
2024-07-31 00:00:00,0.589600,0.590600,0.588700,0.590050,4,2024-07-31
2024-07-31 04:00:00,0.590100,0.590550,0.589450,0.590450,4,2024-07-31
2024-07-31 08:00:00,0.590500,0.592500,0.588800,0.590750,4,2024-07-31
2024-07-31 12:00:00,0.590800,0.591500,0.589600,0.590550,4,2024-07-31
2024-07-31 16:00:00,0.590600,0.592850,0.590500,0.591650,4,2024-07-31
2024-07-31 20:00:00,0.591750,0.594850,0.591100,0.594750,4,2024-08-01
2024-08-01 00:00:00,0.594750,0.595050,0.593350,0.594800,4,2024-08-01
2024-08-01 04:00:00,0.594300,0.596200,0.593300,0.595150,4,2024-08-01
2024-08-01 08:00:00,0.595300,0.596300,0.594900,0.595350,4,2024-08-01
2024-08-01 12:00:00,0.595350,0.596200,0.594450,0.595550,4,2024-08-01
2024-08-01 16:00:00,0.595500,0.595500,0.593800,0.594200,4,2024-08-01
2024-08-01 20:00:00,0.594150,0.597600,0.594000,0.597500,4,2024-08-02
2024-08-02 00:00:00,0.598100,0.598100,0.595000,0.595350,4,2024-08-02
2024-08-02 04:00:00,0.595400,0.595500,0.594100,0.594650,4,2024-08-02
2024-08-02 08:00:00,0.594700,0.595050,0.593000,0.594450,4,2024-08-02
2024-08-02 12:00:00,0.594450,0.595700,0.593750,0.595550,4,2024-08-02
2024-08-02 16:00:00,0.595550,0.596050,0.594150,0.595050,4,2024-08-02
2024-08-02 20:00:00,0.595050,0.595350,0.594600,0.595250,1,2024-08-02
2024-08-05 08:00:00,0.595100,0.595850,0.593800,0.594900,3,2024-08-05
2024-08-05 12:00:00,0.594950,0.595800,0.590200,0.590400,4,2024-08-05
2024-08-05 16:00:00,0.590400,0.594050,0.585000,0.593300,4,2024-08-05
2024-08-05 20:00:00,0.593300,0.597100,0.592600,0.595700,4,2024-08-06
2024-08-06 00:00:00,0.594800,0.596600,0.592100,0.592900,4,2024-08-06
2024-08-06 04:00:00,0.592950,0.594050,0.592300,0.593900,4,2024-08-06
2024-08-06 08:00:00,0.593750,0.598000,0.593750,0.595400,4,2024-08-06
2024-08-06 12:00:00,0.595400,0.595700,0.592300,0.592850,4,2024-08-06
2024-08-06 16:00:00,0.592700,0.593400,0.591550,0.592200,4,2024-08-06
2024-08-06 20:00:00,0.592000,0.593850,0.591350,0.593700,4,2024-08-07
2024-08-07 00:00:00,0.593700,0.596050,0.593400,0.595650,4,2024-08-07
2024-08-07 04:00:00,0.595650,0.596400,0.594250,0.595350,4,2024-08-07
2024-08-07 08:00:00,0.595400,0.601200,0.595200,0.599700,4,2024-08-07
2024-08-07 12:00:00,0.599600,0.601800,0.599400,0.601550,4,2024-08-07
2024-08-07 16:00:00,0.601500,0.602050,0.600150,0.601850,4,2024-08-07
2024-08-07 20:00:00,0.601850,0.602600,0.600900,0.601250,4,2024-08-08
2024-08-08 00:00:00,0.601100,0.602350,0.599900,0.599900,4,2024-08-08
2024-08-08 04:00:00,0.599900,0.600200,0.598900,0.599350,4,2024-08-08
2024-08-08 08:00:00,0.599400,0.600150,0.598200,0.599750,4,2024-08-08
2024-08-08 12:00:00,0.599800,0.600900,0.598900,0.600000,4,2024-08-08
2024-08-08 16:00:00,0.599950,0.600800,0.598800,0.599200,4,2024-08-08
2024-08-08 20:00:00,0.599150,0.599950,0.597750,0.598450,4,2024-08-09
2024-08-09 00:00:00,0.598550,0.600700,0.598400,0.600200,4,2024-08-09
2024-08-09 04:00:00,0.600200,0.601450,0.600100,0.601350,4,2024-08-09
2024-08-09 08:00:00,0.601400,0.602450,0.600200,0.602150,4,2024-08-09
2024-08-09 12:00:00,0.602000,0.603550,0.601750,0.602550,4,2024-08-09
2024-08-09 16:00:00,0.602600,0.603100,0.601800,0.602150,4,2024-08-09
2024-08-09 20:00:00,0.602200,0.602200,0.601350,0.601400,1,2024-08-09
2024-08-12 08:00:00,0.599500,0.601700,0.598900,0.600950,3,2024-08-12
2024-08-12 12:00:00,0.601050,0.601600,0.600750,0.601200,4,2024-08-12
2024-08-12 16:00:00,0.601200,0.603150,0.600600,0.603150,4,2024-08-12
2024-08-12 20:00:00,0.603000,0.603250,0.602000,0.602300,4,2024-08-13
2024-08-13 00:00:00,0.602200,0.603050,0.601300,0.602000,4,2024-08-13
2024-08-13 04:00:00,0.602050,0.602700,0.601600,0.601850,4,2024-08-13
2024-08-13 08:00:00,0.601900,0.602800,0.601750,0.602700,4,2024-08-13
2024-08-13 12:00:00,0.602800,0.603800,0.602650,0.603550,4,2024-08-13
2024-08-13 16:00:00,0.603550,0.604600,0.602850,0.604150,4,2024-08-13
2024-08-13 20:00:00,0.604100,0.606400,0.603400,0.606050,4,2024-08-14
2024-08-14 00:00:00,0.606050,0.607250,0.605050,0.606900,4,2024-08-14
2024-08-14 04:00:00,0.607000,0.608200,0.606750,0.607450,4,2024-08-14
2024-08-14 08:00:00,0.607400,0.608400,0.606850,0.607550,4,2024-08-14
2024-08-14 12:00:00,0.607500,0.607500,0.600300,0.601900,4,2024-08-14
2024-08-14 16:00:00,0.601800,0.602050,0.600400,0.601750,4,2024-08-14
2024-08-14 20:00:00,0.601750,0.602900,0.600300,0.601750,4,2024-08-15
2024-08-15 00:00:00,0.601700,0.603100,0.600000,0.600100,4,2024-08-15
2024-08-15 04:00:00,0.600100,0.600200,0.599500,0.600050,4,2024-08-15
2024-08-15 08:00:00,0.600000,0.600300,0.598400,0.599200,4,2024-08-15
2024-08-15 12:00:00,0.599250,0.600950,0.599000,0.600650,4,2024-08-15
2024-08-15 16:00:00,0.600600,0.600950,0.599750,0.600850,4,2024-08-15
2024-08-15 20:00:00,0.600850,0.601550,0.597500,0.599700,4,2024-08-16
2024-08-16 00:00:00,0.599800,0.601300,0.598700,0.598700,4,2024-08-16
2024-08-16 04:00:00,0.598750,0.599400,0.598400,0.598800,4,2024-08-16
2024-08-16 08:00:00,0.598800,0.600300,0.597800,0.600200,4,2024-08-16
2024-08-16 12:00:00,0.600150,0.602600,0.600000,0.602000,4,2024-08-16
2024-08-16 16:00:00,0.601950,0.602800,0.601100,0.602250,4,2024-08-16
2024-08-16 20:00:00,0.602450,0.602700,0.602000,0.602450,1,2024-08-16
2024-08-19 08:00:00,0.605450,0.607000,0.605350,0.606950,3,2024-08-19
2024-08-19 12:00:00,0.606950,0.608700,0.606100,0.608050,4,2024-08-19
2024-08-19 16:00:00,0.608000,0.608300,0.606650,0.606850,4,2024-08-19
2024-08-19 20:00:00,0.606800,0.607950,0.606700,0.607950,4,2024-08-20
2024-08-20 00:00:00,0.608000,0.610750,0.607900,0.610650,4,2024-08-20
2024-08-20 04:00:00,0.610650,0.611700,0.610500,0.611150,4,2024-08-20
2024-08-20 08:00:00,0.611000,0.612600,0.611000,0.612150,4,2024-08-20
2024-08-20 12:00:00,0.612200,0.612600,0.611100,0.612000,4,2024-08-20
2024-08-20 16:00:00,0.611900,0.613900,0.611900,0.613550,4,2024-08-20
2024-08-20 20:00:00,0.613550,0.614450,0.613200,0.614200,4,2024-08-21
2024-08-21 00:00:00,0.614300,0.615300,0.613900,0.614650,4,2024-08-21
2024-08-21 04:00:00,0.614700,0.615800,0.614550,0.615300,4,2024-08-21
2024-08-21 08:00:00,0.615300,0.616400,0.614800,0.615150,4,2024-08-21
2024-08-21 12:00:00,0.615150,0.615500,0.613850,0.614550,4,2024-08-21
2024-08-21 16:00:00,0.614500,0.614750,0.613200,0.613900,4,2024-08-21
2024-08-21 20:00:00,0.613950,0.615050,0.613550,0.614650,4,2024-08-22
2024-08-22 00:00:00,0.614600,0.616650,0.613450,0.616350,4,2024-08-22
2024-08-22 04:00:00,0.616300,0.617800,0.615400,0.615550,4,2024-08-22
2024-08-22 08:00:00,0.615600,0.616600,0.614700,0.614950,4,2024-08-22
2024-08-22 12:00:00,0.615000,0.615600,0.614350,0.615350,4,2024-08-22
2024-08-22 16:00:00,0.615350,0.617000,0.615300,0.615900,4,2024-08-22
2024-08-22 20:00:00,0.615950,0.616000,0.613800,0.614250,4,2024-08-23
2024-08-23 00:00:00,0.614100,0.614600,0.612800,0.613300,4,2024-08-23
2024-08-23 04:00:00,0.613300,0.614350,0.613250,0.613650,4,2024-08-23
2024-08-23 08:00:00,0.613700,0.615500,0.613700,0.615300,4,2024-08-23
2024-08-23 12:00:00,0.615400,0.615600,0.614700,0.615350,4,2024-08-23
2024-08-23 16:00:00,0.615350,0.616050,0.614750,0.615650,4,2024-08-23
2024-08-23 20:00:00,0.615550,0.615900,0.615300,0.615750,1,2024-08-23
2024-08-26 08:00:00,0.622400,0.623250,0.622100,0.622450,3,2024-08-26
2024-08-26 12:00:00,0.622350,0.623050,0.621000,0.621400,4,2024-08-26
2024-08-26 16:00:00,0.621500,0.621700,0.620300,0.620550,4,2024-08-26
2024-08-26 20:00:00,0.620550,0.621000,0.619750,0.620600,4,2024-08-27
2024-08-27 00:00:00,0.620500,0.621700,0.620100,0.621100,4,2024-08-27
2024-08-27 04:00:00,0.621050,0.621250,0.620200,0.620550,4,2024-08-27
2024-08-27 08:00:00,0.620500,0.621600,0.619450,0.621350,4,2024-08-27
2024-08-27 12:00:00,0.621300,0.622600,0.620700,0.622250,4,2024-08-27
2024-08-27 16:00:00,0.622350,0.622800,0.621200,0.622350,4,2024-08-27
2024-08-27 20:00:00,0.622200,0.623500,0.622100,0.622750,4,2024-08-28
2024-08-28 00:00:00,0.622750,0.624800,0.622200,0.624650,4,2024-08-28
2024-08-28 04:00:00,0.624700,0.625500,0.624150,0.625200,4,2024-08-28
2024-08-28 08:00:00,0.625200,0.625350,0.623650,0.623950,4,2024-08-28
2024-08-28 12:00:00,0.623850,0.625300,0.623000,0.623200,4,2024-08-28
2024-08-28 16:00:00,0.623100,0.624900,0.622400,0.624700,4,2024-08-28
2024-08-28 20:00:00,0.624750,0.624900,0.623250,0.623400,4,2024-08-29
2024-08-29 00:00:00,0.623500,0.625050,0.622950,0.623000,4,2024-08-29
2024-08-29 04:00:00,0.623000,0.624600,0.622900,0.624250,4,2024-08-29
2024-08-29 08:00:00,0.624200,0.629200,0.624200,0.628400,4,2024-08-29
2024-08-29 12:00:00,0.628400,0.629600,0.627550,0.629250,4,2024-08-29
2024-08-29 16:00:00,0.629200,0.629900,0.627000,0.628050,4,2024-08-29
2024-08-29 20:00:00,0.628050,0.628350,0.624950,0.625450,4,2024-08-30
2024-08-30 00:00:00,0.625700,0.627150,0.624800,0.626900,4,2024-08-30
2024-08-30 04:00:00,0.627000,0.627000,0.625500,0.625800,4,2024-08-30
2024-08-30 08:00:00,0.626100,0.627450,0.625600,0.626750,4,2024-08-30
2024-08-30 12:00:00,0.626750,0.627000,0.625850,0.626050,4,2024-08-30
2024-08-30 16:00:00,0.626100,0.627050,0.625000,0.626350,4,2024-08-30
2024-08-30 20:00:00,0.626500,0.626500,0.625700,0.625850,1,2024-08-30
2024-09-02 08:00:00,0.625150,0.625250,0.624000,0.624050,3,2024-09-02
2024-09-02 12:00:00,0.624000,0.624050,0.623000,0.623350,4,2024-09-02
2024-09-02 16:00:00,0.623200,0.624000,0.622450,0.623050,4,2024-09-02
2024-09-02 20:00:00,0.623050,0.623250,0.622050,0.622650,4,2024-09-03
2024-09-03 00:00:00,0.622600,0.623500,0.622100,0.623050,4,2024-09-03
2024-09-03 04:00:00,0.623150,0.623700,0.623050,0.623350,4,2024-09-03
2024-09-03 08:00:00,0.623400,0.623600,0.621450,0.622250,4,2024-09-03
2024-09-03 12:00:00,0.622300,0.622500,0.618500,0.619350,4,2024-09-03
2024-09-03 16:00:00,0.619200,0.620350,0.618300,0.618650,4,2024-09-03
2024-09-03 20:00:00,0.618650,0.620600,0.618350,0.620100,4,2024-09-04
2024-09-04 00:00:00,0.621000,0.621000,0.618100,0.618150,4,2024-09-04
2024-09-04 04:00:00,0.618100,0.619550,0.618000,0.618550,4,2024-09-04
2024-09-04 08:00:00,0.618600,0.619050,0.617000,0.617850,4,2024-09-04
2024-09-04 12:00:00,0.617750,0.618650,0.616900,0.618150,4,2024-09-04
2024-09-04 16:00:00,0.618300,0.619050,0.617300,0.618750,4,2024-09-04
2024-09-04 20:00:00,0.618750,0.620000,0.617850,0.619900,4,2024-09-05
2024-09-05 00:00:00,0.619700,0.621700,0.619000,0.619150,4,2024-09-05
2024-09-05 04:00:00,0.619100,0.620350,0.618750,0.619950,4,2024-09-05
2024-09-05 08:00:00,0.619900,0.620100,0.617850,0.619500,4,2024-09-05
2024-09-05 12:00:00,0.619500,0.620450,0.619400,0.620300,4,2024-09-05
2024-09-05 16:00:00,0.620300,0.620900,0.619500,0.620250,4,2024-09-05
2024-09-05 20:00:00,0.620100,0.622550,0.620000,0.622400,4,2024-09-06
2024-09-06 00:00:00,0.622500,0.622500,0.620200,0.622250,4,2024-09-06
2024-09-06 04:00:00,0.622200,0.622700,0.621750,0.622350,4,2024-09-06
2024-09-06 08:00:00,0.622300,0.622600,0.621550,0.622050,4,2024-09-06
2024-09-06 12:00:00,0.622050,0.622300,0.620950,0.621250,4,2024-09-06
2024-09-06 16:00:00,0.621200,0.623000,0.621200,0.623000,4,2024-09-06
2024-09-06 20:00:00,0.622950,0.623000,0.622650,0.622750,1,2024-09-06
2024-09-09 08:00:00,0.617300,0.618500,0.616900,0.618400,3,2024-09-09
2024-09-09 12:00:00,0.618400,0.618700,0.616000,0.616200,4,2024-09-09
2024-09-09 16:00:00,0.616200,0.616200,0.613400,0.613900,4,2024-09-09
2024-09-09 20:00:00,0.613850,0.614800,0.612550,0.614600,4,2024-09-10
2024-09-10 00:00:00,0.614700,0.615950,0.613750,0.615000,4,2024-09-10
2024-09-10 04:00:00,0.614900,0.615100,0.613850,0.614650,4,2024-09-10
2024-09-10 08:00:00,0.614600,0.615100,0.613200,0.613800,4,2024-09-10
2024-09-10 12:00:00,0.613900,0.615650,0.613300,0.615450,4,2024-09-10
2024-09-10 16:00:00,0.615500,0.616200,0.614700,0.615850,4,2024-09-10
2024-09-10 20:00:00,0.615900,0.616600,0.614200,0.614650,4,2024-09-11
2024-09-11 00:00:00,0.614700,0.615900,0.614200,0.615100,4,2024-09-11
2024-09-11 04:00:00,0.615200,0.615800,0.614550,0.614800,4,2024-09-11
2024-09-11 08:00:00,0.614800,0.615500,0.613600,0.614800,4,2024-09-11
2024-09-11 12:00:00,0.614850,0.615450,0.613650,0.614650,4,2024-09-11
2024-09-11 16:00:00,0.614600,0.615800,0.614200,0.614200,4,2024-09-11
2024-09-11 20:00:00,0.614250,0.615150,0.611450,0.612100,4,2024-09-12
2024-09-12 00:00:00,0.612100,0.613250,0.610650,0.613050,4,2024-09-12
2024-09-12 04:00:00,0.612900,0.613900,0.612900,0.613800,4,2024-09-12
2024-09-12 08:00:00,0.613700,0.614000,0.612900,0.613350,4,2024-09-12
2024-09-12 12:00:00,0.613300,0.615650,0.612800,0.615550,4,2024-09-12
2024-09-12 16:00:00,0.615600,0.615900,0.612900,0.613500,4,2024-09-12
2024-09-12 20:00:00,0.613500,0.614800,0.613200,0.614250,4,2024-09-13
2024-09-13 00:00:00,0.614200,0.617350,0.613850,0.617150,4,2024-09-13
2024-09-13 04:00:00,0.617200,0.618500,0.616700,0.618250,4,2024-09-13
2024-09-13 08:00:00,0.618200,0.619400,0.617800,0.618050,4,2024-09-13
2024-09-13 12:00:00,0.618050,0.618700,0.617900,0.618000,4,2024-09-13
2024-09-13 16:00:00,0.618050,0.619200,0.617550,0.618300,4,2024-09-13
2024-09-13 20:00:00,0.618200,0.618350,0.617150,0.617350,1,2024-09-13
2024-09-16 08:00:00,0.616300,0.616600,0.615450,0.615500,3,2024-09-16
2024-09-16 12:00:00,0.615450,0.618150,0.615450,0.617400,4,2024-09-16
2024-09-16 16:00:00,0.617350,0.619350,0.617150,0.618750,4,2024-09-16
2024-09-16 20:00:00,0.618750,0.620000,0.618300,0.618950,4,2024-09-17
2024-09-17 00:00:00,0.618900,0.619150,0.618000,0.619050,4,2024-09-17
2024-09-17 04:00:00,0.619100,0.620350,0.618400,0.619950,4,2024-09-17
2024-09-17 08:00:00,0.620000,0.620150,0.618300,0.619050,4,2024-09-17
2024-09-17 12:00:00,0.619000,0.619700,0.618550,0.618600,4,2024-09-17
2024-09-17 16:00:00,0.618600,0.621100,0.618550,0.620450,4,2024-09-17
2024-09-17 20:00:00,0.620450,0.620600,0.617850,0.618050,4,2024-09-18
2024-09-18 00:00:00,0.618100,0.619700,0.617600,0.618250,4,2024-09-18
2024-09-18 04:00:00,0.618200,0.619150,0.618100,0.618400,4,2024-09-18
2024-09-18 08:00:00,0.618300,0.620600,0.618300,0.620450,4,2024-09-18
2024-09-18 12:00:00,0.620550,0.620750,0.619400,0.620000,4,2024-09-18
2024-09-18 16:00:00,0.620100,0.622600,0.620000,0.622550,4,2024-09-18
2024-09-18 20:00:00,0.622500,0.623150,0.621850,0.622100,4,2024-09-19
2024-09-19 00:00:00,0.622150,0.622250,0.620100,0.621500,4,2024-09-19
2024-09-19 04:00:00,0.621000,0.626850,0.618850,0.620750,4,2024-09-19
2024-09-19 08:00:00,0.620700,0.622100,0.618100,0.619850,4,2024-09-19
2024-09-19 12:00:00,0.619900,0.622800,0.619900,0.621950,4,2024-09-19
2024-09-19 16:00:00,0.621950,0.626950,0.621600,0.626800,4,2024-09-19
2024-09-19 20:00:00,0.626850,0.626850,0.622100,0.622600,4,2024-09-20
2024-09-20 00:00:00,0.622700,0.625050,0.621800,0.624900,4,2024-09-20
2024-09-20 04:00:00,0.625000,0.625200,0.622850,0.623950,4,2024-09-20
2024-09-20 08:00:00,0.623900,0.624400,0.622500,0.623400,4,2024-09-20
2024-09-20 12:00:00,0.623500,0.625050,0.623250,0.624150,4,2024-09-20
2024-09-20 16:00:00,0.624200,0.626000,0.623000,0.623250,4,2024-09-20
2024-09-20 20:00:00,0.623200,0.623450,0.622800,0.622900,1,2024-09-20
2024-09-23 08:00:00,0.623900,0.624100,0.623000,0.623400,3,2024-09-23
2024-09-23 12:00:00,0.623300,0.624950,0.623000,0.624550,4,2024-09-23
2024-09-23 16:00:00,0.624600,0.624950,0.622500,0.624600,4,2024-09-23
2024-09-23 20:00:00,0.624650,0.627100,0.624550,0.626250,4,2024-09-24
2024-09-24 00:00:00,0.626200,0.627850,0.625800,0.627500,4,2024-09-24
2024-09-24 04:00:00,0.627450,0.628000,0.626400,0.626700,4,2024-09-24
2024-09-24 08:00:00,0.626700,0.627300,0.625900,0.626650,4,2024-09-24
2024-09-24 12:00:00,0.626650,0.628100,0.626000,0.626900,4,2024-09-24
2024-09-24 16:00:00,0.626850,0.627950,0.625900,0.627700,4,2024-09-24
2024-09-24 20:00:00,0.627750,0.632100,0.627200,0.631700,4,2024-09-25
2024-09-25 00:00:00,0.631800,0.633250,0.631400,0.633050,4,2024-09-25
2024-09-25 04:00:00,0.633100,0.634300,0.632850,0.633700,4,2024-09-25
2024-09-25 08:00:00,0.633800,0.635600,0.633700,0.634450,4,2024-09-25
2024-09-25 12:00:00,0.634450,0.634800,0.632700,0.632800,4,2024-09-25
2024-09-25 16:00:00,0.632900,0.633100,0.630700,0.631100,4,2024-09-25
2024-09-25 20:00:00,0.631050,0.632350,0.630750,0.631350,4,2024-09-26
2024-09-26 00:00:00,0.631300,0.631300,0.626200,0.627300,4,2024-09-26
2024-09-26 04:00:00,0.627250,0.627550,0.625950,0.626450,4,2024-09-26
2024-09-26 08:00:00,0.626500,0.627000,0.625200,0.626500,4,2024-09-26
2024-09-26 12:00:00,0.626400,0.628050,0.626000,0.628050,4,2024-09-26
2024-09-26 16:00:00,0.628000,0.629000,0.627600,0.628700,4,2024-09-26
2024-09-26 20:00:00,0.628700,0.631700,0.628400,0.630250,4,2024-09-27
2024-09-27 00:00:00,0.630300,0.633250,0.629500,0.632650,4,2024-09-27
2024-09-27 04:00:00,0.632700,0.633200,0.632250,0.632650,4,2024-09-27
2024-09-27 08:00:00,0.632600,0.633500,0.630300,0.631050,4,2024-09-27
2024-09-27 12:00:00,0.630950,0.631150,0.629600,0.630250,4,2024-09-27
2024-09-27 16:00:00,0.630200,0.631700,0.629750,0.631550,4,2024-09-27
2024-09-27 20:00:00,0.631450,0.632100,0.631000,0.631400,1,2024-09-27
2024-09-30 08:00:00,0.635000,0.637500,0.634400,0.636500,3,2024-09-30
2024-09-30 12:00:00,0.636350,0.637700,0.635550,0.636650,4,2024-09-30
2024-09-30 16:00:00,0.636700,0.637050,0.635150,0.635450,4,2024-09-30
2024-09-30 20:00:00,0.635300,0.636750,0.634600,0.636100,4,2024-10-01
2024-10-01 00:00:00,0.636100,0.637900,0.635100,0.637200,4,2024-10-01
2024-10-01 04:00:00,0.637250,0.637450,0.633750,0.634450,4,2024-10-01
2024-10-01 08:00:00,0.634500,0.634900,0.633200,0.634150,4,2024-10-01
2024-10-01 12:00:00,0.634150,0.634150,0.631950,0.633350,4,2024-10-01
2024-10-01 16:00:00,0.633450,0.633700,0.630500,0.632400,4,2024-10-01
2024-10-01 20:00:00,0.632350,0.632350,0.629300,0.629900,4,2024-10-02
2024-10-02 00:00:00,0.629800,0.631150,0.626500,0.628750,4,2024-10-02
2024-10-02 04:00:00,0.628800,0.630200,0.627750,0.627900,4,2024-10-02
2024-10-02 08:00:00,0.628000,0.630550,0.627700,0.630250,4,2024-10-02
2024-10-02 12:00:00,0.630250,0.631350,0.628400,0.628900,4,2024-10-02
2024-10-02 16:00:00,0.628900,0.629350,0.628000,0.628400,4,2024-10-02
2024-10-02 20:00:00,0.628500,0.629000,0.626700,0.627000,4,2024-10-03
2024-10-03 00:00:00,0.627150,0.628050,0.626000,0.626750,4,2024-10-03
2024-10-03 04:00:00,0.626700,0.627250,0.625800,0.626300,4,2024-10-03
2024-10-03 08:00:00,0.626300,0.626400,0.623600,0.624650,4,2024-10-03
2024-10-03 12:00:00,0.624600,0.625150,0.622750,0.623450,4,2024-10-03
2024-10-03 16:00:00,0.623400,0.624550,0.621650,0.622050,4,2024-10-03
2024-10-03 20:00:00,0.622050,0.623150,0.621600,0.622900,4,2024-10-04
2024-10-04 00:00:00,0.622000,0.623050,0.621200,0.621850,4,2024-10-04
2024-10-04 04:00:00,0.621800,0.621950,0.621000,0.621250,4,2024-10-04
2024-10-04 08:00:00,0.621200,0.621950,0.620800,0.621350,4,2024-10-04
2024-10-04 12:00:00,0.621300,0.622000,0.620700,0.621200,4,2024-10-04
2024-10-04 16:00:00,0.621200,0.621300,0.619550,0.620300,4,2024-10-04
2024-10-04 20:00:00,0.620350,0.620700,0.620000,0.620150,1,2024-10-04
2024-10-07 08:00:00,0.615900,0.617350,0.615500,0.616150,3,2024-10-07
2024-10-07 12:00:00,0.616150,0.617000,0.615850,0.616300,4,2024-10-07
2024-10-07 16:00:00,0.616200,0.616250,0.614100,0.614250,4,2024-10-07
2024-10-07 20:00:00,0.614200,0.615500,0.613400,0.614500,4,2024-10-08
2024-10-08 00:00:00,0.614400,0.615050,0.611700,0.612550,4,2024-10-08
2024-10-08 04:00:00,0.612500,0.613200,0.611200,0.612550,4,2024-10-08
2024-10-08 08:00:00,0.612500,0.614600,0.611750,0.614150,4,2024-10-08
2024-10-08 12:00:00,0.614200,0.614500,0.610750,0.612550,4,2024-10-08
2024-10-08 16:00:00,0.612550,0.613250,0.611100,0.612400,4,2024-10-08
2024-10-08 20:00:00,0.612400,0.612900,0.611350,0.612000,4,2024-10-09
2024-10-09 00:00:00,0.612200,0.612900,0.610900,0.612050,4,2024-10-09
2024-10-09 04:00:00,0.612000,0.613900,0.611200,0.613850,4,2024-10-09
2024-10-09 08:00:00,0.614200,0.614450,0.612650,0.613500,4,2024-10-09
2024-10-09 12:00:00,0.613400,0.613400,0.607600,0.608500,4,2024-10-09
2024-10-09 16:00:00,0.608450,0.611100,0.607650,0.608100,4,2024-10-09
2024-10-09 20:00:00,0.608150,0.609050,0.606100,0.606500,4,2024-10-10
2024-10-10 00:00:00,0.606600,0.607250,0.605250,0.606150,4,2024-10-10
2024-10-10 04:00:00,0.606100,0.606500,0.605350,0.606350,4,2024-10-10
2024-10-10 08:00:00,0.606400,0.607500,0.605800,0.606850,4,2024-10-10
2024-10-10 12:00:00,0.606700,0.609150,0.606600,0.609150,4,2024-10-10
2024-10-10 16:00:00,0.609100,0.609250,0.607000,0.607550,4,2024-10-10
2024-10-10 20:00:00,0.607550,0.609500,0.605700,0.608750,4,2024-10-11
2024-10-11 00:00:00,0.608700,0.609350,0.607000,0.607100,4,2024-10-11
2024-10-11 04:00:00,0.607200,0.609500,0.606600,0.609350,4,2024-10-11
2024-10-11 08:00:00,0.609300,0.609900,0.608450,0.609600,4,2024-10-11
2024-10-11 12:00:00,0.609650,0.610600,0.609200,0.610200,4,2024-10-11
2024-10-11 16:00:00,0.610250,0.610500,0.608750,0.609900,4,2024-10-11
2024-10-11 20:00:00,0.609800,0.610150,0.608850,0.609100,1,2024-10-11
2024-10-14 08:00:00,0.609900,0.610350,0.608750,0.609800,3,2024-10-14
2024-10-14 12:00:00,0.609500,0.609950,0.608200,0.609250,4,2024-10-14
2024-10-14 16:00:00,0.609250,0.610150,0.608450,0.608950,4,2024-10-14
2024-10-14 20:00:00,0.608900,0.609400,0.607200,0.607500,4,2024-10-15
2024-10-15 00:00:00,0.607400,0.609950,0.607000,0.608900,4,2024-10-15
2024-10-15 04:00:00,0.608900,0.609650,0.608100,0.609550,4,2024-10-15
2024-10-15 08:00:00,0.609350,0.609700,0.608450,0.609200,4,2024-10-15
2024-10-15 12:00:00,0.609100,0.609400,0.608200,0.608400,4,2024-10-15
2024-10-15 16:00:00,0.608350,0.609050,0.607350,0.609050,4,2024-10-15
2024-10-15 20:00:00,0.608950,0.609900,0.608500,0.609850,4,2024-10-16
2024-10-16 00:00:00,0.609750,0.610600,0.607900,0.608150,4,2024-10-16
2024-10-16 04:00:00,0.608000,0.608500,0.607400,0.608300,4,2024-10-16
2024-10-16 08:00:00,0.608300,0.609350,0.604000,0.604850,4,2024-10-16
2024-10-16 12:00:00,0.604950,0.607400,0.604800,0.606150,4,2024-10-16
2024-10-16 16:00:00,0.606250,0.607150,0.605800,0.606850,4,2024-10-16
2024-10-16 20:00:00,0.606900,0.608000,0.606450,0.606700,4,2024-10-17
2024-10-17 00:00:00,0.606750,0.607500,0.605250,0.605950,4,2024-10-17
2024-10-17 04:00:00,0.606000,0.606250,0.605500,0.605800,4,2024-10-17
2024-10-17 08:00:00,0.605700,0.606700,0.605350,0.606550,4,2024-10-17
2024-10-17 12:00:00,0.606600,0.607600,0.605650,0.606100,4,2024-10-17
2024-10-17 16:00:00,0.606050,0.606700,0.604450,0.605200,4,2024-10-17
2024-10-17 20:00:00,0.605150,0.607450,0.604950,0.606300,4,2024-10-18
2024-10-18 00:00:00,0.606200,0.607050,0.605400,0.606100,4,2024-10-18
2024-10-18 04:00:00,0.606200,0.606600,0.605700,0.606000,4,2024-10-18
2024-10-18 08:00:00,0.605950,0.606350,0.605350,0.605850,4,2024-10-18
2024-10-18 12:00:00,0.605850,0.607250,0.605800,0.605900,4,2024-10-18
2024-10-18 16:00:00,0.606000,0.607150,0.605800,0.606950,4,2024-10-18
2024-10-18 20:00:00,0.607000,0.607400,0.606800,0.607050,1,2024-10-18
2024-10-21 08:00:00,0.607000,0.607900,0.606900,0.607400,3,2024-10-21
2024-10-21 12:00:00,0.607400,0.608400,0.607000,0.607250,4,2024-10-21
2024-10-21 16:00:00,0.607250,0.607500,0.605450,0.605950,4,2024-10-21
2024-10-21 20:00:00,0.605950,0.606700,0.604900,0.606100,4,2024-10-22
2024-10-22 00:00:00,0.606000,0.606200,0.602900,0.603400,4,2024-10-22
2024-10-22 04:00:00,0.603400,0.603650,0.602900,0.603050,4,2024-10-22
2024-10-22 08:00:00,0.603150,0.603600,0.602100,0.602600,4,2024-10-22
2024-10-22 12:00:00,0.602650,0.605800,0.602550,0.605650,4,2024-10-22
2024-10-22 16:00:00,0.605650,0.606050,0.605050,0.605100,4,2024-10-22
2024-10-22 20:00:00,0.605050,0.605850,0.604700,0.605450,4,2024-10-23
2024-10-23 00:00:00,0.605400,0.606150,0.604100,0.604750,4,2024-10-23
2024-10-23 04:00:00,0.604750,0.605450,0.604000,0.604300,4,2024-10-23
2024-10-23 08:00:00,0.604300,0.605650,0.603200,0.603500,4,2024-10-23
2024-10-23 12:00:00,0.603400,0.605300,0.602800,0.603850,4,2024-10-23
2024-10-23 16:00:00,0.603850,0.603950,0.602550,0.602900,4,2024-10-23
2024-10-23 20:00:00,0.602750,0.602850,0.600300,0.601050,4,2024-10-24
2024-10-24 00:00:00,0.601050,0.601300,0.599800,0.600050,4,2024-10-24
2024-10-24 04:00:00,0.600050,0.600800,0.599100,0.600450,4,2024-10-24
2024-10-24 08:00:00,0.600550,0.601400,0.599850,0.601050,4,2024-10-24
2024-10-24 12:00:00,0.601100,0.601700,0.600800,0.601600,4,2024-10-24
2024-10-24 16:00:00,0.601550,0.603150,0.601200,0.602750,4,2024-10-24
2024-10-24 20:00:00,0.602700,0.603250,0.601900,0.602400,4,2024-10-25
2024-10-25 00:00:00,0.602350,0.602600,0.600100,0.601000,4,2024-10-25
2024-10-25 04:00:00,0.600900,0.602050,0.600800,0.601550,4,2024-10-25
2024-10-25 08:00:00,0.601500,0.601950,0.600050,0.600450,4,2024-10-25
2024-10-25 12:00:00,0.600500,0.601050,0.598750,0.599200,4,2024-10-25
2024-10-25 16:00:00,0.599200,0.600300,0.599200,0.599800,4,2024-10-25
2024-10-25 20:00:00,0.599850,0.600700,0.599800,0.600350,1,2024-10-25
2024-10-28 08:00:00,0.597900,0.598500,0.597100,0.597200,3,2024-10-28
2024-10-28 12:00:00,0.597250,0.597700,0.595800,0.596450,4,2024-10-28
2024-10-28 16:00:00,0.596500,0.597650,0.595900,0.597600,4,2024-10-28
2024-10-28 20:00:00,0.597600,0.599100,0.597100,0.598950,4,2024-10-29
2024-10-29 00:00:00,0.599000,0.599800,0.597650,0.597850,4,2024-10-29
2024-10-29 04:00:00,0.597850,0.598300,0.597350,0.598050,4,2024-10-29
2024-10-29 08:00:00,0.598100,0.599000,0.597600,0.597800,4,2024-10-29
2024-10-29 12:00:00,0.597750,0.598450,0.596800,0.597150,4,2024-10-29
2024-10-29 16:00:00,0.597150,0.598150,0.596900,0.597950,4,2024-10-29
2024-10-29 20:00:00,0.597800,0.598350,0.595700,0.595950,4,2024-10-30
2024-10-30 00:00:00,0.596050,0.597800,0.595350,0.595850,4,2024-10-30
2024-10-30 04:00:00,0.595800,0.597400,0.595800,0.597350,4,2024-10-30
2024-10-30 08:00:00,0.597300,0.597600,0.595800,0.597150,4,2024-10-30
2024-10-30 12:00:00,0.597100,0.597850,0.595000,0.595800,4,2024-10-30
2024-10-30 16:00:00,0.595800,0.600200,0.595400,0.599850,4,2024-10-30
2024-10-30 20:00:00,0.599900,0.599950,0.596900,0.597550,4,2024-10-31
2024-10-31 00:00:00,0.597550,0.599500,0.597100,0.598200,4,2024-10-31
2024-10-31 04:00:00,0.598250,0.598700,0.597150,0.597300,4,2024-10-31
2024-10-31 08:00:00,0.597300,0.597700,0.596450,0.596500,4,2024-10-31
2024-10-31 12:00:00,0.596550,0.598200,0.596550,0.597350,4,2024-10-31
2024-10-31 16:00:00,0.597350,0.598400,0.597300,0.597550,4,2024-10-31
2024-10-31 20:00:00,0.597500,0.598050,0.596500,0.597800,4,2024-11-01
2024-11-01 00:00:00,0.597800,0.597800,0.594000,0.595750,4,2024-11-01
2024-11-01 04:00:00,0.595800,0.597950,0.595700,0.597700,4,2024-11-01
2024-11-01 08:00:00,0.597700,0.598150,0.596350,0.596850,4,2024-11-01
2024-11-01 12:00:00,0.596800,0.598400,0.596450,0.598250,4,2024-11-01
2024-11-01 16:00:00,0.598300,0.598350,0.596400,0.597150,4,2024-11-01
2024-11-01 20:00:00,0.597100,0.597350,0.596500,0.596650,1,2024-11-01
2024-11-04 08:00:00,0.600250,0.600250,0.597700,0.599450,3,2024-11-04
2024-11-04 12:00:00,0.599600,0.601600,0.599300,0.600700,4,2024-11-04
2024-11-04 16:00:00,0.600800,0.600800,0.598500,0.598950,4,2024-11-04
2024-11-04 20:00:00,0.598800,0.599600,0.598000,0.599100,4,2024-11-05
2024-11-05 00:00:00,0.599100,0.599800,0.597400,0.597650,4,2024-11-05
2024-11-05 04:00:00,0.597600,0.598250,0.597100,0.597200,4,2024-11-05
2024-11-05 08:00:00,0.597200,0.598450,0.596700,0.597100,4,2024-11-05
2024-11-05 12:00:00,0.597100,0.598150,0.596700,0.597850,4,2024-11-05
2024-11-05 16:00:00,0.597800,0.600150,0.597800,0.600050,4,2024-11-05
2024-11-05 20:00:00,0.600050,0.600500,0.599600,0.599750,4,2024-11-06
2024-11-06 00:00:00,0.599750,0.601050,0.599500,0.599650,4,2024-11-06
2024-11-06 04:00:00,0.599850,0.600450,0.599250,0.599500,4,2024-11-06
2024-11-06 08:00:00,0.599400,0.602100,0.596550,0.596750,4,2024-11-06
2024-11-06 12:00:00,0.596800,0.597950,0.591600,0.593650,4,2024-11-06
2024-11-06 16:00:00,0.593700,0.597150,0.591200,0.596750,4,2024-11-06
2024-11-06 20:00:00,0.596600,0.597500,0.593450,0.594550,4,2024-11-07
2024-11-07 00:00:00,0.594500,0.595800,0.593250,0.594400,4,2024-11-07
2024-11-07 04:00:00,0.594350,0.596000,0.593750,0.594350,4,2024-11-07
2024-11-07 08:00:00,0.594300,0.594500,0.593100,0.593400,4,2024-11-07
2024-11-07 12:00:00,0.593400,0.598850,0.593300,0.598150,4,2024-11-07
2024-11-07 16:00:00,0.598100,0.600350,0.598000,0.600000,4,2024-11-07
2024-11-07 20:00:00,0.599900,0.600500,0.598500,0.600450,4,2024-11-08
2024-11-08 00:00:00,0.600500,0.603800,0.600100,0.602050,4,2024-11-08
2024-11-08 04:00:00,0.601900,0.603250,0.600600,0.602400,4,2024-11-08
2024-11-08 08:00:00,0.602300,0.602850,0.601750,0.601950,4,2024-11-08
2024-11-08 12:00:00,0.602000,0.602100,0.599900,0.601200,4,2024-11-08
2024-11-08 16:00:00,0.601150,0.601500,0.599000,0.600200,4,2024-11-08
2024-11-08 20:00:00,0.600100,0.601250,0.600000,0.600550,2,2024-11-08
2024-11-11 08:00:00,0.596650,0.597050,0.594850,0.596500,3,2024-11-11
2024-11-11 12:00:00,0.596600,0.597650,0.596450,0.597400,4,2024-11-11
2024-11-11 16:00:00,0.597450,0.597800,0.595600,0.596150,4,2024-11-11
2024-11-11 20:00:00,0.596200,0.597250,0.596100,0.596600,4,2024-11-12
2024-11-12 00:00:00,0.596550,0.596700,0.595200,0.596000,4,2024-11-12
2024-11-12 04:00:00,0.595950,0.596350,0.595500,0.596200,4,2024-11-12
2024-11-12 08:00:00,0.596100,0.597000,0.596000,0.596700,4,2024-11-12
2024-11-12 12:00:00,0.596650,0.597300,0.595400,0.595850,4,2024-11-12
2024-11-12 16:00:00,0.595900,0.596050,0.594100,0.595500,4,2024-11-12
2024-11-12 20:00:00,0.595450,0.595450,0.593800,0.594900,4,2024-11-13
2024-11-13 00:00:00,0.595000,0.595500,0.591600,0.591650,4,2024-11-13
2024-11-13 04:00:00,0.591700,0.593000,0.590900,0.592750,4,2024-11-13
2024-11-13 08:00:00,0.592800,0.593250,0.591800,0.591800,4,2024-11-13
2024-11-13 12:00:00,0.592000,0.593400,0.592000,0.592950,4,2024-11-13
2024-11-13 16:00:00,0.592950,0.593050,0.591900,0.592750,4,2024-11-13
2024-11-13 20:00:00,0.592700,0.593500,0.592200,0.592700,4,2024-11-14
2024-11-14 00:00:00,0.592700,0.594800,0.588400,0.588600,4,2024-11-14
2024-11-14 04:00:00,0.588700,0.589100,0.587650,0.587750,4,2024-11-14
2024-11-14 08:00:00,0.587750,0.588550,0.587650,0.588000,4,2024-11-14
2024-11-14 12:00:00,0.587900,0.587900,0.585700,0.585900,4,2024-11-14
2024-11-14 16:00:00,0.585900,0.587200,0.585400,0.586450,4,2024-11-14
2024-11-14 20:00:00,0.586600,0.587050,0.585000,0.586350,4,2024-11-15
2024-11-15 00:00:00,0.586350,0.588400,0.585450,0.587100,4,2024-11-15
2024-11-15 04:00:00,0.587100,0.587750,0.583900,0.584550,4,2024-11-15
2024-11-15 08:00:00,0.584600,0.586000,0.584000,0.584400,4,2024-11-15
2024-11-15 12:00:00,0.584400,0.586700,0.584250,0.586000,4,2024-11-15
2024-11-15 16:00:00,0.586050,0.587100,0.585350,0.586850,4,2024-11-15
2024-11-15 20:00:00,0.586850,0.587650,0.586650,0.587400,2,2024-11-15
2024-11-18 08:00:00,0.586700,0.587500,0.585900,0.587450,3,2024-11-18
2024-11-18 12:00:00,0.587450,0.587600,0.585200,0.586100,4,2024-11-18
2024-11-18 16:00:00,0.586100,0.586500,0.584250,0.584450,4,2024-11-18
2024-11-18 20:00:00,0.584400,0.585250,0.583650,0.583850,4,2024-11-19
2024-11-19 00:00:00,0.583950,0.588150,0.583700,0.588100,4,2024-11-19
2024-11-19 04:00:00,0.588100,0.589800,0.587700,0.589400,4,2024-11-19
2024-11-19 08:00:00,0.589400,0.589500,0.587800,0.588150,4,2024-11-19
2024-11-19 12:00:00,0.588200,0.590150,0.587900,0.588750,4,2024-11-19
2024-11-19 16:00:00,0.588700,0.589900,0.588500,0.588800,4,2024-11-19
2024-11-19 20:00:00,0.588700,0.589150,0.587450,0.589050,4,2024-11-20
2024-11-20 00:00:00,0.589000,0.590800,0.588800,0.590500,4,2024-11-20
2024-11-20 04:00:00,0.590500,0.591300,0.589700,0.591100,4,2024-11-20
2024-11-20 08:00:00,0.591050,0.592200,0.590850,0.591600,4,2024-11-20
2024-11-20 12:00:00,0.591600,0.591700,0.590350,0.590850,4,2024-11-20
2024-11-20 16:00:00,0.590850,0.591050,0.588700,0.588700,4,2024-11-20
2024-11-20 20:00:00,0.588700,0.589150,0.587350,0.588250,4,2024-11-21
2024-11-21 00:00:00,0.588200,0.588650,0.586400,0.587050,4,2024-11-21
2024-11-21 04:00:00,0.587050,0.587850,0.586650,0.587400,4,2024-11-21
2024-11-21 08:00:00,0.587300,0.588200,0.587150,0.587950,4,2024-11-21
2024-11-21 12:00:00,0.588000,0.588600,0.587300,0.587850,4,2024-11-21
2024-11-21 16:00:00,0.587800,0.587900,0.586000,0.587500,4,2024-11-21
2024-11-21 20:00:00,0.587500,0.588050,0.586000,0.587600,4,2024-11-22
2024-11-22 00:00:00,0.587550,0.588500,0.585000,0.585100,4,2024-11-22
2024-11-22 04:00:00,0.585100,0.586750,0.584950,0.586400,4,2024-11-22
2024-11-22 08:00:00,0.586400,0.586500,0.585000,0.585350,4,2024-11-22
2024-11-22 12:00:00,0.585400,0.585600,0.582900,0.583850,4,2024-11-22
2024-11-22 16:00:00,0.583700,0.585500,0.582700,0.584350,4,2024-11-22
2024-11-22 20:00:00,0.584300,0.584600,0.582250,0.584300,2,2024-11-22
2024-11-25 08:00:00,0.585700,0.586950,0.585100,0.586200,3,2024-11-25
2024-11-25 12:00:00,0.586200,0.586700,0.584800,0.585400,4,2024-11-25
2024-11-25 16:00:00,0.585500,0.586350,0.583700,0.584150,4,2024-11-25
2024-11-25 20:00:00,0.584050,0.585600,0.583800,0.584950,4,2024-11-26
2024-11-26 00:00:00,0.584900,0.586800,0.583550,0.583900,4,2024-11-26
2024-11-26 04:00:00,0.583900,0.585300,0.583700,0.584550,4,2024-11-26
2024-11-26 08:00:00,0.584550,0.584950,0.579700,0.580800,4,2024-11-26
2024-11-26 12:00:00,0.580800,0.584700,0.580300,0.584150,4,2024-11-26
2024-11-26 16:00:00,0.584150,0.584700,0.583200,0.583700,4,2024-11-26
2024-11-26 20:00:00,0.583800,0.586600,0.583800,0.585950,4,2024-11-27
2024-11-27 00:00:00,0.585900,0.586050,0.582000,0.582400,4,2024-11-27
2024-11-27 04:00:00,0.582400,0.583050,0.581550,0.582800,4,2024-11-27
2024-11-27 08:00:00,0.582750,0.583950,0.582700,0.583400,4,2024-11-27
2024-11-27 12:00:00,0.583350,0.588200,0.582600,0.586500,4,2024-11-27
2024-11-27 16:00:00,0.586300,0.590100,0.586000,0.588600,4,2024-11-27
2024-11-27 20:00:00,0.588550,0.589600,0.587900,0.588650,4,2024-11-28
2024-11-28 00:00:00,0.588650,0.590850,0.588350,0.590100,4,2024-11-28
2024-11-28 04:00:00,0.590000,0.590700,0.589350,0.589700,4,2024-11-28
2024-11-28 08:00:00,0.589750,0.590100,0.588750,0.589750,4,2024-11-28
2024-11-28 12:00:00,0.589750,0.590600,0.588700,0.589300,4,2024-11-28
2024-11-28 16:00:00,0.589350,0.589700,0.588000,0.589000,4,2024-11-28
2024-11-28 20:00:00,0.588950,0.589700,0.588400,0.588600,4,2024-11-29
2024-11-29 00:00:00,0.588600,0.589250,0.588100,0.589150,4,2024-11-29
2024-11-29 04:00:00,0.589150,0.589350,0.588800,0.589200,4,2024-11-29
2024-11-29 08:00:00,0.589250,0.590500,0.588650,0.590000,4,2024-11-29
2024-11-29 12:00:00,0.589900,0.591700,0.589800,0.591200,4,2024-11-29
2024-11-29 16:00:00,0.591200,0.592900,0.590800,0.591300,4,2024-11-29
2024-11-29 20:00:00,0.591350,0.592150,0.590800,0.590900,2,2024-11-29
2024-12-02 08:00:00,0.591250,0.591800,0.589700,0.589950,3,2024-12-02
2024-12-02 12:00:00,0.589900,0.590500,0.589000,0.589600,4,2024-12-02
2024-12-02 16:00:00,0.589600,0.590900,0.589100,0.590200,4,2024-12-02
2024-12-02 20:00:00,0.590200,0.591150,0.588500,0.588750,4,2024-12-03
2024-12-03 00:00:00,0.588800,0.588950,0.586500,0.587450,4,2024-12-03
2024-12-03 04:00:00,0.587500,0.589450,0.587200,0.588550,4,2024-12-03
2024-12-03 08:00:00,0.588550,0.588900,0.587400,0.588100,4,2024-12-03
2024-12-03 12:00:00,0.588000,0.588650,0.586450,0.587500,4,2024-12-03
2024-12-03 16:00:00,0.587500,0.590400,0.587250,0.590300,4,2024-12-03
2024-12-03 20:00:00,0.590250,0.590500,0.587900,0.588100,4,2024-12-04
2024-12-04 00:00:00,0.588000,0.589400,0.586700,0.588150,4,2024-12-04
2024-12-04 04:00:00,0.588100,0.589200,0.587350,0.587900,4,2024-12-04
2024-12-04 08:00:00,0.587800,0.588500,0.587000,0.587200,4,2024-12-04
2024-12-04 12:00:00,0.587200,0.587500,0.583100,0.585500,4,2024-12-04
2024-12-04 16:00:00,0.585600,0.586500,0.584450,0.584550,4,2024-12-04
2024-12-04 20:00:00,0.584500,0.584700,0.583000,0.583250,4,2024-12-05
2024-12-05 00:00:00,0.583200,0.586700,0.582900,0.586250,4,2024-12-05
2024-12-05 04:00:00,0.586250,0.586850,0.585300,0.585950,4,2024-12-05
2024-12-05 08:00:00,0.586050,0.586300,0.584800,0.585500,4,2024-12-05
2024-12-05 12:00:00,0.585600,0.587100,0.585500,0.586600,4,2024-12-05
2024-12-05 16:00:00,0.586500,0.588100,0.586450,0.587050,4,2024-12-05
2024-12-05 20:00:00,0.587000,0.587300,0.585250,0.586100,4,2024-12-06
2024-12-06 00:00:00,0.586050,0.588150,0.585700,0.586950,4,2024-12-06
2024-12-06 04:00:00,0.587000,0.588700,0.586200,0.588500,4,2024-12-06
2024-12-06 08:00:00,0.588500,0.588900,0.587600,0.587700,4,2024-12-06
2024-12-06 12:00:00,0.587800,0.588400,0.585700,0.586000,4,2024-12-06
2024-12-06 16:00:00,0.586050,0.586150,0.584800,0.585200,4,2024-12-06
2024-12-06 20:00:00,0.585100,0.585550,0.584300,0.584800,2,2024-12-06
2024-12-09 08:00:00,0.583750,0.584050,0.582550,0.583200,3,2024-12-09
2024-12-09 12:00:00,0.583300,0.583800,0.580800,0.580900,4,2024-12-09
2024-12-09 16:00:00,0.580700,0.585950,0.580500,0.585800,4,2024-12-09
2024-12-09 20:00:00,0.585950,0.586850,0.585550,0.586000,4,2024-12-10
2024-12-10 00:00:00,0.586050,0.588800,0.585900,0.587900,4,2024-12-10
2024-12-10 04:00:00,0.587900,0.588300,0.586000,0.586400,4,2024-12-10
2024-12-10 08:00:00,0.586450,0.586800,0.584700,0.585100,4,2024-12-10
2024-12-10 12:00:00,0.585150,0.585300,0.582250,0.582700,4,2024-12-10
2024-12-10 16:00:00,0.582650,0.583700,0.581500,0.582350,4,2024-12-10
2024-12-10 20:00:00,0.582300,0.582950,0.581450,0.582300,4,2024-12-11
2024-12-11 00:00:00,0.582250,0.582400,0.579200,0.579900,4,2024-12-11
2024-12-11 04:00:00,0.580000,0.580600,0.579400,0.579800,4,2024-12-11
2024-12-11 08:00:00,0.579900,0.580500,0.579700,0.579800,4,2024-12-11
2024-12-11 12:00:00,0.579900,0.580800,0.578900,0.579300,4,2024-12-11
2024-12-11 16:00:00,0.579400,0.579500,0.576400,0.577700,4,2024-12-11
2024-12-11 20:00:00,0.577700,0.578500,0.576200,0.577800,4,2024-12-12
2024-12-12 00:00:00,0.577800,0.580100,0.577700,0.579600,4,2024-12-12
2024-12-12 04:00:00,0.579600,0.579600,0.578100,0.578700,4,2024-12-12
2024-12-12 08:00:00,0.578700,0.580500,0.578400,0.579900,4,2024-12-12
2024-12-12 12:00:00,0.579900,0.580900,0.579900,0.580600,4,2024-12-12
2024-12-12 16:00:00,0.580700,0.581700,0.580100,0.580600,4,2024-12-12
2024-12-12 20:00:00,0.580500,0.581200,0.579000,0.579100,4,2024-12-13
2024-12-13 00:00:00,0.579200,0.580300,0.577200,0.578900,4,2024-12-13
2024-12-13 04:00:00,0.578800,0.579400,0.576300,0.576400,4,2024-12-13
2024-12-13 08:00:00,0.576400,0.577300,0.576300,0.576600,4,2024-12-13
2024-12-13 12:00:00,0.576600,0.577000,0.575800,0.576600,4,2024-12-13
2024-12-13 16:00:00,0.576800,0.576800,0.575600,0.576100,4,2024-12-13
2024-12-13 20:00:00,0.576100,0.576900,0.575900,0.576400,2,2024-12-13
2024-12-16 08:00:00,0.576050,0.577500,0.575900,0.576750,3,2024-12-16
2024-12-16 12:00:00,0.576700,0.578400,0.576700,0.578100,4,2024-12-16
2024-12-16 16:00:00,0.578050,0.578650,0.577500,0.577850,4,2024-12-16
2024-12-16 20:00:00,0.577900,0.578600,0.576200,0.577000,4,2024-12-17
2024-12-17 00:00:00,0.577100,0.578400,0.576000,0.577900,4,2024-12-17
2024-12-17 04:00:00,0.577900,0.578600,0.577550,0.577950,4,2024-12-17
2024-12-17 08:00:00,0.577950,0.579400,0.577600,0.578400,4,2024-12-17
2024-12-17 12:00:00,0.578400,0.578400,0.576800,0.576850,4,2024-12-17
2024-12-17 16:00:00,0.576950,0.577150,0.575550,0.575850,4,2024-12-17
2024-12-17 20:00:00,0.575700,0.576400,0.575450,0.576050,4,2024-12-18
2024-12-18 00:00:00,0.576100,0.576850,0.575150,0.575800,4,2024-12-18
2024-12-18 04:00:00,0.575750,0.576400,0.575000,0.575250,4,2024-12-18
2024-12-18 08:00:00,0.575200,0.576050,0.575050,0.575700,4,2024-12-18
2024-12-18 12:00:00,0.575700,0.575800,0.573450,0.573600,4,2024-12-18
2024-12-18 16:00:00,0.573550,0.574800,0.573050,0.573450,4,2024-12-18
2024-12-18 20:00:00,0.573500,0.573550,0.572300,0.573250,4,2024-12-19
2024-12-19 00:00:00,0.573250,0.573750,0.571600,0.571750,4,2024-12-19
2024-12-19 04:00:00,0.571850,0.572550,0.565350,0.565850,4,2024-12-19
2024-12-19 08:00:00,0.565850,0.566300,0.560800,0.562300,4,2024-12-19
2024-12-19 12:00:00,0.562400,0.563100,0.561900,0.562900,4,2024-12-19
2024-12-19 16:00:00,0.563050,0.565100,0.562250,0.564950,4,2024-12-19
2024-12-19 20:00:00,0.564800,0.566200,0.564600,0.565300,4,2024-12-20
2024-12-20 00:00:00,0.565300,0.566300,0.564200,0.564200,4,2024-12-20
2024-12-20 04:00:00,0.564200,0.565100,0.563350,0.563500,4,2024-12-20
2024-12-20 08:00:00,0.563500,0.563500,0.561700,0.561900,4,2024-12-20
2024-12-20 12:00:00,0.561800,0.563300,0.561300,0.562400,4,2024-12-20
2024-12-20 16:00:00,0.562350,0.564650,0.562100,0.564100,4,2024-12-20
2024-12-20 20:00:00,0.564050,0.564100,0.563200,0.563250,2,2024-12-20
2024-12-23 08:00:00,0.564950,0.565750,0.564250,0.564500,3,2024-12-23
2024-12-23 12:00:00,0.564600,0.566050,0.564200,0.565800,4,2024-12-23
2024-12-23 16:00:00,0.565800,0.566000,0.564500,0.565450,4,2024-12-23
2024-12-23 20:00:00,0.565450,0.566200,0.563900,0.564250,4,2024-12-24
2024-12-24 00:00:00,0.564300,0.564850,0.563200,0.564700,4,2024-12-24
2024-12-24 04:00:00,0.564700,0.565500,0.564600,0.564950,4,2024-12-24
2024-12-24 08:00:00,0.564900,0.565950,0.564050,0.564150,4,2024-12-24
2024-12-24 12:00:00,0.564250,0.564850,0.563500,0.564500,4,2024-12-24
2024-12-24 16:00:00,0.564550,0.565300,0.564250,0.564650,4,2024-12-24
2024-12-24 20:00:00,0.564550,0.564650,0.563500,0.563700,4,2024-12-25
2024-12-26 04:00:00,0.565450,0.565800,0.565400,0.565750,1,2024-12-26
2024-12-26 08:00:00,0.565150,0.565800,0.563800,0.565350,4,2024-12-26
2024-12-26 12:00:00,0.565250,0.566000,0.564800,0.564950,4,2024-12-26
2024-12-26 16:00:00,0.564950,0.565500,0.563400,0.563700,4,2024-12-26
2024-12-26 20:00:00,0.563600,0.564200,0.563050,0.563200,4,2024-12-27
2024-12-27 00:00:00,0.563300,0.563950,0.562200,0.562950,4,2024-12-27
2024-12-27 04:00:00,0.563000,0.563500,0.562150,0.562500,4,2024-12-27
2024-12-27 08:00:00,0.562450,0.563450,0.562050,0.562200,4,2024-12-27
2024-12-27 12:00:00,0.562200,0.562500,0.561400,0.561650,4,2024-12-27
2024-12-27 16:00:00,0.561650,0.563750,0.561600,0.563150,4,2024-12-27
2024-12-27 20:00:00,0.563100,0.563150,0.562400,0.562850,2,2024-12-27
2024-12-30 08:00:00,0.563300,0.564700,0.562850,0.564150,3,2024-12-30
2024-12-30 12:00:00,0.564100,0.565900,0.563600,0.565650,4,2024-12-30
2024-12-30 16:00:00,0.565500,0.566450,0.564700,0.564700,4,2024-12-30
2024-12-30 20:00:00,0.564750,0.566500,0.564600,0.565900,4,2024-12-31
2024-12-31 00:00:00,0.565850,0.566000,0.562850,0.563700,4,2024-12-31
2024-12-31 04:00:00,0.563800,0.564950,0.563500,0.563900,4,2024-12-31
2024-12-31 08:00:00,0.564000,0.564250,0.563250,0.564000,4,2024-12-31
2024-12-31 12:00:00,0.564000,0.564650,0.562700,0.562950,4,2024-12-31
2024-12-31 16:00:00,0.562950,0.563650,0.562050,0.562900,4,2024-12-31
2024-12-31 20:00:00,0.562800,0.563200,0.561100,0.561150,4,2025-01-01
2025-01-02 04:00:00,0.559800,0.560100,0.559600,0.559600,2,2025-01-02
2025-01-02 08:00:00,0.559300,0.560500,0.559300,0.560400,4,2025-01-02
2025-01-02 12:00:00,0.560300,0.562200,0.560200,0.561600,4,2025-01-02
2025-01-02 16:00:00,0.561700,0.561700,0.560500,0.561600,4,2025-01-02
2025-01-02 20:00:00,0.561600,0.562500,0.560700,0.560900,4,2025-01-03
2025-01-03 00:00:00,0.560800,0.561600,0.559100,0.559800,4,2025-01-03
2025-01-03 04:00:00,0.559800,0.560400,0.558700,0.559300,4,2025-01-03
2025-01-03 08:00:00,0.559400,0.560800,0.559100,0.560800,4,2025-01-03
2025-01-03 12:00:00,0.560700,0.560700,0.559800,0.560600,4,2025-01-03
2025-01-03 16:00:00,0.560700,0.561100,0.559400,0.559700,4,2025-01-03
2025-01-03 20:00:00,0.559700,0.560700,0.559700,0.559900,2,2025-01-03
2025-01-06 08:00:00,0.561900,0.562900,0.561000,0.562700,3,2025-01-06
2025-01-06 12:00:00,0.562700,0.563400,0.561400,0.562200,4,2025-01-06
2025-01-06 16:00:00,0.562200,0.564300,0.562100,0.564100,4,2025-01-06
2025-01-06 20:00:00,0.564200,0.567700,0.562600,0.567400,4,2025-01-07
2025-01-07 00:00:00,0.567400,0.568500,0.563600,0.564500,4,2025-01-07
2025-01-07 04:00:00,0.564500,0.564500,0.563200,0.564000,4,2025-01-07
2025-01-07 08:00:00,0.564000,0.564600,0.563500,0.564600,4,2025-01-07
2025-01-07 12:00:00,0.564600,0.566500,0.564100,0.565900,4,2025-01-07
2025-01-07 16:00:00,0.565900,0.568700,0.565800,0.568700,4,2025-01-07
2025-01-07 20:00:00,0.568600,0.569300,0.566900,0.567200,4,2025-01-08
2025-01-08 00:00:00,0.567200,0.567800,0.563600,0.564200,4,2025-01-08
2025-01-08 04:00:00,0.564300,0.565100,0.563300,0.563500,4,2025-01-08
2025-01-08 08:00:00,0.563400,0.564200,0.562900,0.563200,4,2025-01-08
2025-01-08 12:00:00,0.563100,0.563600,0.562500,0.563300,4,2025-01-08
2025-01-08 16:00:00,0.563400,0.564200,0.561800,0.561800,4,2025-01-08
2025-01-08 20:00:00,0.561900,0.562500,0.559000,0.559400,4,2025-01-09
2025-01-09 00:00:00,0.559400,0.561300,0.559200,0.561200,4,2025-01-09
2025-01-09 04:00:00,0.561100,0.561300,0.559900,0.560900,4,2025-01-09
2025-01-09 08:00:00,0.560800,0.561200,0.559500,0.559900,4,2025-01-09
2025-01-09 12:00:00,0.559900,0.560600,0.559300,0.559700,4,2025-01-09
2025-01-09 16:00:00,0.559700,0.560100,0.557200,0.559200,4,2025-01-09
2025-01-09 20:00:00,0.559300,0.559800,0.558700,0.559300,4,2025-01-10
2025-01-10 00:00:00,0.559200,0.560200,0.559000,0.559600,4,2025-01-10
2025-01-10 04:00:00,0.559700,0.560400,0.559500,0.560100,4,2025-01-10
2025-01-10 08:00:00,0.560000,0.560200,0.559200,0.559300,4,2025-01-10
2025-01-10 12:00:00,0.559300,0.560300,0.558800,0.559100,4,2025-01-10
2025-01-10 16:00:00,0.559100,0.559500,0.558000,0.558300,4,2025-01-10
2025-01-10 20:00:00,0.558300,0.558300,0.557500,0.557900,2,2025-01-10
2025-01-13 08:00:00,0.555900,0.556700,0.555300,0.556500,3,2025-01-13
2025-01-13 12:00:00,0.556500,0.557200,0.554800,0.555000,4,2025-01-13
2025-01-13 16:00:00,0.555000,0.556400,0.554800,0.555300,4,2025-01-13
2025-01-13 20:00:00,0.555400,0.555800,0.554200,0.555600,4,2025-01-14
2025-01-14 00:00:00,0.555700,0.556400,0.554500,0.555500,4,2025-01-14
2025-01-14 04:00:00,0.555400,0.556700,0.555300,0.556600,4,2025-01-14
2025-01-14 08:00:00,0.556600,0.561700,0.556600,0.559900,4,2025-01-14
2025-01-14 12:00:00,0.559800,0.561200,0.559600,0.560700,4,2025-01-14
2025-01-14 16:00:00,0.560700,0.563200,0.560200,0.562000,4,2025-01-14
2025-01-14 20:00:00,0.561900,0.562100,0.558900,0.559200,4,2025-01-15
2025-01-15 00:00:00,0.559100,0.561400,0.558600,0.559500,4,2025-01-15
2025-01-15 04:00:00,0.559500,0.560300,0.558800,0.559900,4,2025-01-15
2025-01-15 08:00:00,0.559900,0.560800,0.559700,0.559900,4,2025-01-15
2025-01-15 12:00:00,0.559900,0.560700,0.559800,0.560600,4,2025-01-15
2025-01-15 16:00:00,0.560700,0.562600,0.559700,0.561200,4,2025-01-15
2025-01-15 20:00:00,0.561200,0.562100,0.560000,0.560400,4,2025-01-16
2025-01-16 00:00:00,0.560400,0.565100,0.560200,0.561200,4,2025-01-16
2025-01-16 04:00:00,0.561200,0.562100,0.561100,0.561900,4,2025-01-16
2025-01-16 08:00:00,0.562000,0.563300,0.561400,0.563200,4,2025-01-16
2025-01-16 12:00:00,0.563200,0.563200,0.560500,0.560700,4,2025-01-16
2025-01-16 16:00:00,0.560600,0.561200,0.559900,0.560700,4,2025-01-16
2025-01-16 20:00:00,0.560700,0.560800,0.558700,0.558900,4,2025-01-17
2025-01-17 00:00:00,0.559000,0.562400,0.558300,0.561600,4,2025-01-17
2025-01-17 04:00:00,0.561600,0.562400,0.560500,0.560600,4,2025-01-17
2025-01-17 08:00:00,0.560600,0.561400,0.560200,0.561000,4,2025-01-17
2025-01-17 12:00:00,0.561000,0.561600,0.559000,0.559400,4,2025-01-17
2025-01-17 16:00:00,0.559400,0.560200,0.558400,0.559900,4,2025-01-17
2025-01-17 20:00:00,0.559900,0.560400,0.559500,0.559800,2,2025-01-17
2025-01-20 08:00:00,0.559400,0.559700,0.557900,0.559600,3,2025-01-20
2025-01-20 12:00:00,0.559600,0.561500,0.559300,0.561000,4,2025-01-20
2025-01-20 16:00:00,0.561100,0.562300,0.560200,0.561000,4,2025-01-20
2025-01-20 20:00:00,0.561000,0.561000,0.559800,0.560700,4,2025-01-21
2025-01-21 00:00:00,0.560700,0.568000,0.560400,0.565600,4,2025-01-21
2025-01-21 04:00:00,0.565700,0.568500,0.563400,0.567500,4,2025-01-21
2025-01-21 08:00:00,0.567400,0.568900,0.562300,0.563300,4,2025-01-21
2025-01-21 12:00:00,0.563300,0.566800,0.562200,0.565400,4,2025-01-21
2025-01-21 16:00:00,0.565600,0.565700,0.563000,0.563800,4,2025-01-21
2025-01-21 20:00:00,0.563700,0.563900,0.561700,0.562700,4,2025-01-22
2025-01-22 00:00:00,0.562600,0.566700,0.562500,0.566600,4,2025-01-22
2025-01-22 04:00:00,0.566500,0.567400,0.566400,0.567100,4,2025-01-22
2025-01-22 08:00:00,0.567200,0.568100,0.565700,0.566600,4,2025-01-22
2025-01-22 12:00:00,0.566600,0.566600,0.565100,0.566000,4,2025-01-22
2025-01-22 16:00:00,0.566000,0.567000,0.564900,0.566900,4,2025-01-22
2025-01-22 20:00:00,0.567000,0.568800,0.566800,0.567700,4,2025-01-23
2025-01-23 00:00:00,0.567600,0.568300,0.565900,0.566700,4,2025-01-23
2025-01-23 04:00:00,0.566700,0.567300,0.566400,0.566600,4,2025-01-23
2025-01-23 08:00:00,0.566500,0.566800,0.565900,0.566500,4,2025-01-23
2025-01-23 12:00:00,0.566400,0.567200,0.566300,0.566900,4,2025-01-23
2025-01-23 16:00:00,0.566900,0.567000,0.565000,0.565100,4,2025-01-23
2025-01-23 20:00:00,0.565200,0.566300,0.565100,0.566100,4,2025-01-24
2025-01-24 00:00:00,0.566100,0.568500,0.564700,0.567600,4,2025-01-24
2025-01-24 04:00:00,0.567600,0.568600,0.567300,0.567500,4,2025-01-24
2025-01-24 08:00:00,0.567500,0.568000,0.567200,0.567400,4,2025-01-24
2025-01-24 12:00:00,0.567300,0.571100,0.567200,0.570300,4,2025-01-24
2025-01-24 16:00:00,0.570400,0.571900,0.570200,0.571300,4,2025-01-24
2025-01-24 20:00:00,0.571400,0.572200,0.570700,0.571200,2,2025-01-24
2025-01-27 08:00:00,0.570100,0.570300,0.569100,0.569200,3,2025-01-27
2025-01-27 12:00:00,0.569200,0.569700,0.567900,0.568700,4,2025-01-27
2025-01-27 16:00:00,0.568600,0.569200,0.567700,0.569100,4,2025-01-27
2025-01-27 20:00:00,0.569100,0.570600,0.568700,0.570200,4,2025-01-28
2025-01-28 00:00:00,0.570000,0.570500,0.567700,0.568200,4,2025-01-28
2025-01-28 04:00:00,0.568200,0.569300,0.567800,0.569200,4,2025-01-28
2025-01-28 08:00:00,0.569100,0.569600,0.565900,0.566600,4,2025-01-28
2025-01-28 12:00:00,0.566700,0.567300,0.565300,0.565900,4,2025-01-28
2025-01-28 16:00:00,0.565900,0.566500,0.565500,0.566000,4,2025-01-28
2025-01-28 20:00:00,0.566100,0.566600,0.565100,0.565200,4,2025-01-29
2025-01-29 00:00:00,0.565200,0.566600,0.564900,0.566000,4,2025-01-29
2025-01-29 04:00:00,0.566000,0.567100,0.565900,0.566900,4,2025-01-29
2025-01-29 08:00:00,0.566800,0.566900,0.565500,0.566000,4,2025-01-29
2025-01-29 12:00:00,0.566100,0.566300,0.565600,0.566200,4,2025-01-29
2025-01-29 16:00:00,0.566200,0.566900,0.565600,0.565800,4,2025-01-29
2025-01-29 20:00:00,0.565900,0.565900,0.564000,0.564600,4,2025-01-30
2025-01-30 00:00:00,0.564700,0.565700,0.563500,0.565200,4,2025-01-30
2025-01-30 04:00:00,0.565100,0.566100,0.563600,0.565300,4,2025-01-30
2025-01-30 08:00:00,0.565400,0.566800,0.565100,0.566300,4,2025-01-30
2025-01-30 12:00:00,0.566300,0.566500,0.564700,0.564900,4,2025-01-30
2025-01-30 16:00:00,0.564800,0.565100,0.563900,0.565100,4,2025-01-30
2025-01-30 20:00:00,0.565200,0.565400,0.564400,0.565100,4,2025-01-31
2025-01-31 00:00:00,0.565100,0.566000,0.564600,0.565200,4,2025-01-31
2025-01-31 04:00:00,0.565100,0.565900,0.562300,0.563900,4,2025-01-31
2025-01-31 08:00:00,0.563900,0.564300,0.562600,0.562700,4,2025-01-31
2025-01-31 12:00:00,0.562700,0.564600,0.562400,0.564500,4,2025-01-31
2025-01-31 16:00:00,0.564400,0.566300,0.564100,0.565000,4,2025-01-31
2025-01-31 20:00:00,0.565000,0.565500,0.564500,0.564500,2,2025-01-31
2025-02-03 08:00:00,0.558700,0.559400,0.554100,0.554700,3,2025-02-03
2025-02-03 12:00:00,0.554600,0.555900,0.551700,0.553900,4,2025-02-03
2025-02-03 16:00:00,0.553900,0.556800,0.553800,0.555900,4,2025-02-03
2025-02-03 20:00:00,0.556000,0.557500,0.555400,0.556900,4,2025-02-04
2025-02-04 00:00:00,0.557000,0.560900,0.555900,0.558800,4,2025-02-04
2025-02-04 04:00:00,0.558700,0.560300,0.557300,0.559500,4,2025-02-04
2025-02-04 08:00:00,0.559500,0.564100,0.559300,0.561900,4,2025-02-04
2025-02-04 12:00:00,0.561900,0.562000,0.559800,0.559900,4,2025-02-04
2025-02-04 16:00:00,0.559800,0.561100,0.558200,0.560600,4,2025-02-04
2025-02-04 20:00:00,0.560500,0.561400,0.560300,0.560900,4,2025-02-05
2025-02-05 00:00:00,0.560800,0.565200,0.560600,0.564800,4,2025-02-05
2025-02-05 04:00:00,0.564800,0.565500,0.563900,0.565200,4,2025-02-05
2025-02-05 08:00:00,0.565200,0.565800,0.564300,0.565500,4,2025-02-05
2025-02-05 12:00:00,0.565600,0.566300,0.564600,0.565500,4,2025-02-05
2025-02-05 16:00:00,0.565600,0.568400,0.565400,0.568200,4,2025-02-05
2025-02-05 20:00:00,0.568300,0.569300,0.568100,0.568600,4,2025-02-06
2025-02-06 00:00:00,0.568600,0.570300,0.567600,0.569600,4,2025-02-06
2025-02-06 04:00:00,0.569600,0.569800,0.568400,0.568900,4,2025-02-06
2025-02-06 08:00:00,0.568900,0.569200,0.567400,0.568500,4,2025-02-06
2025-02-06 12:00:00,0.568600,0.569000,0.566500,0.566600,4,2025-02-06
2025-02-06 16:00:00,0.566600,0.567000,0.565200,0.565700,4,2025-02-06
2025-02-06 20:00:00,0.565600,0.566400,0.565200,0.565900,4,2025-02-07
2025-02-07 00:00:00,0.566000,0.567600,0.565300,0.566700,4,2025-02-07
2025-02-07 04:00:00,0.566700,0.568000,0.566700,0.567700,4,2025-02-07
2025-02-07 08:00:00,0.567600,0.568000,0.567200,0.567600,4,2025-02-07
2025-02-07 12:00:00,0.567600,0.569000,0.567500,0.567800,4,2025-02-07
2025-02-07 16:00:00,0.567700,0.569000,0.567300,0.568900,4,2025-02-07
2025-02-07 20:00:00,0.568900,0.569000,0.567700,0.567700,2,2025-02-07
2025-02-10 08:00:00,0.564000,0.565300,0.563700,0.565000,3,2025-02-10
2025-02-10 12:00:00,0.565100,0.565700,0.563800,0.565600,4,2025-02-10
2025-02-10 16:00:00,0.565600,0.566400,0.564900,0.565300,4,2025-02-10
2025-02-10 20:00:00,0.565300,0.566300,0.564800,0.564900,4,2025-02-11
2025-02-11 00:00:00,0.565000,0.565900,0.564600,0.565000,4,2025-02-11
2025-02-11 04:00:00,0.565100,0.565200,0.564000,0.564300,4,2025-02-11
2025-02-11 08:00:00,0.564300,0.564700,0.562900,0.563700,4,2025-02-11
2025-02-11 12:00:00,0.563600,0.564400,0.563100,0.564400,4,2025-02-11
2025-02-11 16:00:00,0.564400,0.565500,0.564300,0.565100,4,2025-02-11
2025-02-11 20:00:00,0.565000,0.565300,0.564000,0.564800,4,2025-02-12
2025-02-12 00:00:00,0.564700,0.565900,0.564300,0.565500,4,2025-02-12
2025-02-12 04:00:00,0.565500,0.566100,0.564600,0.565800,4,2025-02-12
2025-02-12 08:00:00,0.565700,0.566100,0.565200,0.565900,4,2025-02-12
2025-02-12 12:00:00,0.565800,0.567200,0.565400,0.565400,4,2025-02-12
2025-02-12 16:00:00,0.565400,0.565600,0.564300,0.564400,4,2025-02-12
2025-02-12 20:00:00,0.564300,0.564600,0.563500,0.564200,4,2025-02-13
2025-02-13 00:00:00,0.564200,0.564300,0.560000,0.563900,4,2025-02-13
2025-02-13 04:00:00,0.564000,0.566300,0.563900,0.564600,4,2025-02-13
2025-02-13 08:00:00,0.564600,0.564700,0.563800,0.563900,4,2025-02-13
2025-02-13 12:00:00,0.564000,0.565900,0.563600,0.565600,4,2025-02-13
2025-02-13 16:00:00,0.565600,0.566200,0.563600,0.563900,4,2025-02-13
2025-02-13 20:00:00,0.563900,0.564100,0.562700,0.563200,4,2025-02-14
2025-02-14 00:00:00,0.563200,0.565900,0.562300,0.565100,4,2025-02-14
2025-02-14 04:00:00,0.565100,0.568000,0.563400,0.567600,4,2025-02-14
2025-02-14 08:00:00,0.567700,0.568300,0.566700,0.568000,4,2025-02-14
2025-02-14 12:00:00,0.568000,0.569500,0.568000,0.568600,4,2025-02-14
2025-02-14 16:00:00,0.568700,0.570500,0.568300,0.569900,4,2025-02-14
2025-02-14 20:00:00,0.570000,0.571100,0.569900,0.570100,2,2025-02-14
2025-02-17 08:00:00,0.572000,0.573700,0.571700,0.573500,3,2025-02-17
2025-02-17 12:00:00,0.573500,0.575000,0.573300,0.573900,4,2025-02-17
2025-02-17 16:00:00,0.574000,0.574400,0.572800,0.573100,4,2025-02-17
2025-02-17 20:00:00,0.573200,0.573800,0.573100,0.573400,4,2025-02-18
2025-02-18 00:00:00,0.573400,0.574000,0.573300,0.573600,4,2025-02-18
2025-02-18 04:00:00,0.573700,0.574000,0.573500,0.573900,4,2025-02-18
2025-02-18 08:00:00,0.574000,0.574000,0.572300,0.572400,4,2025-02-18
2025-02-18 12:00:00,0.572300,0.572300,0.570400,0.570600,4,2025-02-18
2025-02-18 16:00:00,0.570700,0.572000,0.570400,0.570700,4,2025-02-18
2025-02-18 20:00:00,0.570800,0.571200,0.570000,0.570000,4,2025-02-19
2025-02-19 00:00:00,0.570000,0.570700,0.569400,0.570500,4,2025-02-19
2025-02-19 04:00:00,0.570400,0.570400,0.569700,0.570300,4,2025-02-19
2025-02-19 08:00:00,0.570200,0.570900,0.569900,0.569900,4,2025-02-19
2025-02-19 12:00:00,0.570000,0.572400,0.567800,0.572000,4,2025-02-19
2025-02-19 16:00:00,0.572000,0.573200,0.571900,0.572600,4,2025-02-19
2025-02-19 20:00:00,0.572500,0.573000,0.571000,0.571400,4,2025-02-20
2025-02-20 00:00:00,0.571400,0.572500,0.569900,0.570000,4,2025-02-20
2025-02-20 04:00:00,0.569900,0.571000,0.569600,0.570400,4,2025-02-20
2025-02-20 08:00:00,0.570300,0.571000,0.569900,0.570800,4,2025-02-20
2025-02-20 12:00:00,0.570800,0.571900,0.569400,0.571800,4,2025-02-20
2025-02-20 16:00:00,0.571900,0.573100,0.571800,0.573000,4,2025-02-20
2025-02-20 20:00:00,0.573000,0.573300,0.572100,0.572500,4,2025-02-21
2025-02-21 00:00:00,0.572500,0.575900,0.572500,0.575500,4,2025-02-21
2025-02-21 04:00:00,0.575400,0.576800,0.575400,0.576500,4,2025-02-21
2025-02-21 08:00:00,0.576500,0.577300,0.575800,0.576500,4,2025-02-21
2025-02-21 12:00:00,0.576400,0.577200,0.575800,0.576600,4,2025-02-21
2025-02-21 16:00:00,0.576500,0.576700,0.575600,0.575900,4,2025-02-21
2025-02-21 20:00:00,0.575800,0.576000,0.575400,0.575800,2,2025-02-21
2025-02-24 08:00:00,0.574300,0.575700,0.574100,0.575300,3,2025-02-24
2025-02-24 12:00:00,0.575300,0.577000,0.574200,0.576000,4,2025-02-24
2025-02-24 16:00:00,0.576000,0.576100,0.574400,0.574900,4,2025-02-24
2025-02-24 20:00:00,0.574900,0.575300,0.573900,0.574700,4,2025-02-25
2025-02-25 00:00:00,0.574600,0.575100,0.573200,0.574400,4,2025-02-25
2025-02-25 04:00:00,0.574500,0.574900,0.573100,0.573200,4,2025-02-25
2025-02-25 08:00:00,0.573200,0.573400,0.572300,0.572500,4,2025-02-25
2025-02-25 12:00:00,0.572500,0.573800,0.572300,0.573400,4,2025-02-25
2025-02-25 16:00:00,0.573400,0.573900,0.572000,0.572500,4,2025-02-25
2025-02-25 20:00:00,0.572400,0.572700,0.570800,0.572200,4,2025-02-26
2025-02-26 00:00:00,0.572100,0.573100,0.571200,0.571500,4,2025-02-26
2025-02-26 04:00:00,0.571500,0.572500,0.570700,0.572200,4,2025-02-26
2025-02-26 08:00:00,0.572400,0.573300,0.572100,0.572500,4,2025-02-26
2025-02-26 12:00:00,0.572600,0.572700,0.571000,0.571200,4,2025-02-26
2025-02-26 16:00:00,0.571200,0.571900,0.570600,0.571200,4,2025-02-26
2025-02-26 20:00:00,0.571300,0.571300,0.568900,0.569000,4,2025-02-27
2025-02-27 00:00:00,0.569000,0.571100,0.568900,0.570900,4,2025-02-27
2025-02-27 04:00:00,0.570900,0.572200,0.569300,0.569400,4,2025-02-27
2025-02-27 08:00:00,0.569500,0.570200,0.569000,0.569500,4,2025-02-27
2025-02-27 12:00:00,0.569400,0.569900,0.567500,0.567700,4,2025-02-27
2025-02-27 16:00:00,0.567600,0.569000,0.567400,0.568400,4,2025-02-27
2025-02-27 20:00:00,0.568500,0.568800,0.568000,0.568300,4,2025-02-28
2025-02-28 00:00:00,0.568300,0.569000,0.563900,0.564500,4,2025-02-28
2025-02-28 04:00:00,0.564600,0.564800,0.563200,0.563400,4,2025-02-28
2025-02-28 08:00:00,0.563500,0.563500,0.562200,0.562500,4,2025-02-28
2025-02-28 12:00:00,0.562400,0.562800,0.559900,0.560100,4,2025-02-28
2025-02-28 16:00:00,0.560000,0.560500,0.559700,0.560300,4,2025-02-28
2025-02-28 20:00:00,0.560300,0.560900,0.559700,0.559900,2,2025-02-28
2025-03-03 08:00:00,0.560000,0.560900,0.559800,0.560600,3,2025-03-03
2025-03-03 12:00:00,0.560500,0.561400,0.559900,0.560300,4,2025-03-03
2025-03-03 16:00:00,0.560200,0.560500,0.559400,0.560400,4,2025-03-03
2025-03-03 20:00:00,0.560400,0.561100,0.560300,0.560900,4,2025-03-04
2025-03-04 00:00:00,0.560900,0.563600,0.560500,0.563400,4,2025-03-04
2025-03-04 04:00:00,0.563400,0.563900,0.560300,0.561600,4,2025-03-04
2025-03-04 08:00:00,0.561500,0.562000,0.560500,0.561100,4,2025-03-04
2025-03-04 12:00:00,0.561100,0.562100,0.559800,0.560300,4,2025-03-04
2025-03-04 16:00:00,0.560200,0.562000,0.559600,0.561900,4,2025-03-04
2025-03-04 20:00:00,0.561900,0.564400,0.561900,0.563900,4,2025-03-05
2025-03-05 00:00:00,0.563800,0.564100,0.560900,0.561900,4,2025-03-05
2025-03-05 04:00:00,0.561900,0.565800,0.561700,0.564900,4,2025-03-05
2025-03-05 08:00:00,0.564900,0.566900,0.564500,0.565300,4,2025-03-05
2025-03-05 12:00:00,0.565400,0.566400,0.563800,0.564700,4,2025-03-05
2025-03-05 16:00:00,0.564700,0.567900,0.564500,0.567900,4,2025-03-05
2025-03-05 20:00:00,0.567900,0.569000,0.567500,0.567900,4,2025-03-06
2025-03-06 00:00:00,0.568000,0.571600,0.567200,0.570500,4,2025-03-06
2025-03-06 04:00:00,0.570500,0.573200,0.570100,0.573100,4,2025-03-06
2025-03-06 08:00:00,0.573000,0.573300,0.572000,0.572000,4,2025-03-06
2025-03-06 12:00:00,0.572100,0.574600,0.572000,0.573900,4,2025-03-06
2025-03-06 16:00:00,0.573800,0.574500,0.572700,0.573700,4,2025-03-06
2025-03-06 20:00:00,0.573700,0.574000,0.572700,0.573700,4,2025-03-07
2025-03-07 00:00:00,0.573700,0.576000,0.573200,0.574900,4,2025-03-07
2025-03-07 04:00:00,0.574800,0.575100,0.573400,0.573400,4,2025-03-07
2025-03-07 08:00:00,0.573500,0.574200,0.573200,0.573500,4,2025-03-07
2025-03-07 12:00:00,0.573600,0.573900,0.571500,0.571700,4,2025-03-07
2025-03-07 16:00:00,0.571600,0.573200,0.570600,0.572800,4,2025-03-07
2025-03-07 20:00:00,0.572800,0.573200,0.572300,0.572400,2,2025-03-07
2025-03-10 08:00:00,0.571300,0.571900,0.570500,0.571700,3,2025-03-10
2025-03-10 12:00:00,0.571700,0.572400,0.570500,0.571400,4,2025-03-10
2025-03-10 16:00:00,0.571400,0.573200,0.571200,0.572800,4,2025-03-10
2025-03-10 20:00:00,0.572700,0.574300,0.572700,0.573800,4,2025-03-11
2025-03-11 00:00:00,0.573700,0.574100,0.571900,0.572000,4,2025-03-11
2025-03-11 04:00:00,0.572000,0.572200,0.569100,0.569900,4,2025-03-11
2025-03-11 08:00:00,0.569900,0.570300,0.568600,0.569200,4,2025-03-11
2025-03-11 12:00:00,0.569200,0.570000,0.568000,0.569600,4,2025-03-11
2025-03-11 16:00:00,0.569500,0.570700,0.567800,0.570500,4,2025-03-11
2025-03-11 20:00:00,0.570500,0.571300,0.569700,0.570700,4,2025-03-12
2025-03-12 00:00:00,0.570600,0.571400,0.569300,0.570800,4,2025-03-12
2025-03-12 04:00:00,0.570800,0.572700,0.570300,0.571600,4,2025-03-12
2025-03-12 08:00:00,0.571700,0.571800,0.570600,0.570900,4,2025-03-12
2025-03-12 12:00:00,0.570900,0.571400,0.569900,0.570500,4,2025-03-12
2025-03-12 16:00:00,0.570500,0.571800,0.569800,0.571800,4,2025-03-12
2025-03-12 20:00:00,0.571900,0.574000,0.569900,0.570700,4,2025-03-13
2025-03-13 00:00:00,0.570800,0.573100,0.570000,0.572600,4,2025-03-13
2025-03-13 04:00:00,0.572600,0.573300,0.572400,0.573000,4,2025-03-13
2025-03-13 08:00:00,0.573100,0.574200,0.572100,0.573800,4,2025-03-13
2025-03-13 12:00:00,0.573900,0.574100,0.572800,0.572900,4,2025-03-13
2025-03-13 16:00:00,0.572800,0.572900,0.570300,0.570600,4,2025-03-13
2025-03-13 20:00:00,0.570600,0.571600,0.568500,0.568800,4,2025-03-14
2025-03-14 00:00:00,0.568800,0.571500,0.568300,0.570900,4,2025-03-14
2025-03-14 04:00:00,0.570900,0.571000,0.569600,0.569900,4,2025-03-14
2025-03-14 08:00:00,0.569900,0.570500,0.569400,0.570200,4,2025-03-14
2025-03-14 12:00:00,0.570200,0.571300,0.570100,0.571000,4,2025-03-14
2025-03-14 16:00:00,0.571000,0.573000,0.570700,0.572900,4,2025-03-14
2025-03-14 20:00:00,0.572800,0.572900,0.571900,0.571900,1,2025-03-14
2025-03-17 08:00:00,0.574700,0.576300,0.574600,0.575200,3,2025-03-17
2025-03-17 12:00:00,0.575100,0.576300,0.575000,0.575900,4,2025-03-17
2025-03-17 16:00:00,0.575900,0.577700,0.575400,0.577400,4,2025-03-17
2025-03-17 20:00:00,0.577500,0.579300,0.577200,0.578700,4,2025-03-18
2025-03-18 00:00:00,0.578800,0.581800,0.578700,0.581600,4,2025-03-18
2025-03-18 04:00:00,0.581600,0.582600,0.581500,0.582000,4,2025-03-18
2025-03-18 08:00:00,0.582100,0.582800,0.581200,0.582400,4,2025-03-18
2025-03-18 12:00:00,0.582400,0.583100,0.581300,0.581900,4,2025-03-18
2025-03-18 16:00:00,0.581900,0.583200,0.581200,0.583000,4,2025-03-18
2025-03-18 20:00:00,0.583000,0.583000,0.581000,0.581300,4,2025-03-19
2025-03-19 00:00:00,0.581200,0.581700,0.579800,0.581400,4,2025-03-19
2025-03-19 04:00:00,0.581500,0.582100,0.581400,0.582000,4,2025-03-19
2025-03-19 08:00:00,0.581900,0.582100,0.581600,0.581700,4,2025-03-19
2025-03-19 12:00:00,0.581600,0.581900,0.580900,0.581000,4,2025-03-19
2025-03-19 16:00:00,0.580900,0.581500,0.578400,0.578700,4,2025-03-19
2025-03-19 20:00:00,0.578600,0.579400,0.577900,0.578900,4,2025-03-20
2025-03-20 00:00:00,0.578800,0.579000,0.577600,0.578500,4,2025-03-20
2025-03-20 04:00:00,0.578500,0.581700,0.577600,0.581600,4,2025-03-20
2025-03-20 08:00:00,0.581600,0.582800,0.579800,0.580400,4,2025-03-20
2025-03-20 12:00:00,0.580300,0.580500,0.578700,0.579300,4,2025-03-20
2025-03-20 16:00:00,0.579200,0.579300,0.575600,0.576000,4,2025-03-20
2025-03-20 20:00:00,0.576000,0.576200,0.573400,0.573700,4,2025-03-21
2025-03-21 00:00:00,0.573600,0.575000,0.572300,0.574500,4,2025-03-21
2025-03-21 04:00:00,0.574500,0.576300,0.574100,0.575800,4,2025-03-21
2025-03-21 08:00:00,0.575600,0.576600,0.575300,0.576300,4,2025-03-21
2025-03-21 12:00:00,0.576300,0.576400,0.574700,0.574900,4,2025-03-21
2025-03-21 16:00:00,0.574800,0.576100,0.574700,0.576000,4,2025-03-21
2025-03-21 20:00:00,0.575900,0.576200,0.575400,0.575400,1,2025-03-21
2025-03-24 08:00:00,0.573600,0.575000,0.573600,0.574700,3,2025-03-24
2025-03-24 12:00:00,0.574700,0.574700,0.571900,0.572300,4,2025-03-24
2025-03-24 16:00:00,0.572300,0.574000,0.571900,0.573400,4,2025-03-24
2025-03-24 20:00:00,0.573400,0.574800,0.572400,0.572600,4,2025-03-25
2025-03-25 00:00:00,0.572500,0.573700,0.571100,0.571400,4,2025-03-25
2025-03-25 04:00:00,0.571300,0.573000,0.571100,0.572800,4,2025-03-25
2025-03-25 08:00:00,0.572900,0.573600,0.572000,0.572200,4,2025-03-25
2025-03-25 12:00:00,0.572200,0.572900,0.571900,0.572300,4,2025-03-25
2025-03-25 16:00:00,0.572400,0.572900,0.571100,0.571500,4,2025-03-25
2025-03-25 20:00:00,0.571600,0.575100,0.571400,0.574700,4,2025-03-26
2025-03-26 00:00:00,0.574700,0.574900,0.573200,0.573800,4,2025-03-26
2025-03-26 04:00:00,0.573800,0.574300,0.572800,0.573300,4,2025-03-26
2025-03-26 08:00:00,0.573400,0.573600,0.572100,0.572200,4,2025-03-26
2025-03-26 12:00:00,0.572300,0.575000,0.571500,0.574700,4,2025-03-26
2025-03-26 16:00:00,0.574600,0.575600,0.574400,0.575500,4,2025-03-26
2025-03-26 20:00:00,0.575500,0.576300,0.574600,0.575000,4,2025-03-27
2025-03-27 00:00:00,0.575100,0.575600,0.573600,0.574000,4,2025-03-27
2025-03-27 04:00:00,0.574000,0.574000,0.572100,0.573000,4,2025-03-27
2025-03-27 08:00:00,0.573200,0.574000,0.571200,0.572500,4,2025-03-27
2025-03-27 12:00:00,0.572600,0.574600,0.572600,0.574200,4,2025-03-27
2025-03-27 16:00:00,0.574300,0.575000,0.573300,0.574800,4,2025-03-27
2025-03-27 20:00:00,0.574800,0.575200,0.573700,0.574500,4,2025-03-28
2025-03-28 00:00:00,0.574600,0.575600,0.573400,0.574100,4,2025-03-28
2025-03-28 04:00:00,0.574200,0.574800,0.573600,0.574000,4,2025-03-28
2025-03-28 08:00:00,0.574200,0.574400,0.572600,0.572900,4,2025-03-28
2025-03-28 12:00:00,0.572900,0.572900,0.571200,0.571400,4,2025-03-28
2025-03-28 16:00:00,0.571500,0.572500,0.571200,0.571900,4,2025-03-28
2025-03-28 20:00:00,0.572000,0.572200,0.571400,0.571900,1,2025-03-28
2025-03-31 08:00:00,0.570600,0.570800,0.569400,0.570500,3,2025-03-31
2025-03-31 12:00:00,0.570600,0.571700,0.570500,0.570700,4,2025-03-31
2025-03-31 16:00:00,0.570600,0.572300,0.568700,0.568900,4,2025-03-31
2025-03-31 20:00:00,0.568900,0.569200,0.567000,0.567000,4,2025-04-01
2025-04-01 00:00:00,0.567000,0.567500,0.564900,0.567000,4,2025-04-01
2025-04-01 04:00:00,0.567000,0.568000,0.566900,0.567900,4,2025-04-01
2025-04-01 08:00:00,0.567800,0.568100,0.566700,0.567200,4,2025-04-01
2025-04-01 12:00:00,0.567100,0.568900,0.566300,0.568800,4,2025-04-01
2025-04-01 16:00:00,0.568700,0.568800,0.566500,0.567900,4,2025-04-01
2025-04-01 20:00:00,0.567900,0.568600,0.567200,0.567800,4,2025-04-02
2025-04-02 00:00:00,0.567800,0.570500,0.567600,0.569700,4,2025-04-02
2025-04-02 04:00:00,0.569800,0.570300,0.568900,0.570100,4,2025-04-02
2025-04-02 08:00:00,0.569900,0.571500,0.569700,0.570600,4,2025-04-02
2025-04-02 12:00:00,0.570500,0.572500,0.570300,0.572100,4,2025-04-02
2025-04-02 16:00:00,0.572100,0.574000,0.571700,0.574000,4,2025-04-02
2025-04-02 20:00:00,0.574000,0.574700,0.573600,0.574600,4,2025-04-03
2025-04-03 00:00:00,0.574600,0.574700,0.573100,0.573500,4,2025-04-03
2025-04-03 04:00:00,0.573500,0.577900,0.571100,0.574700,4,2025-04-03
2025-04-03 08:00:00,0.574300,0.575300,0.568200,0.573400,4,2025-04-03
2025-04-03 12:00:00,0.573300,0.574500,0.572800,0.573200,4,2025-04-03
2025-04-03 16:00:00,0.573200,0.580000,0.573200,0.579700,4,2025-04-03
2025-04-03 20:00:00,0.579700,0.583400,0.579300,0.583100,4,2025-04-04
2025-04-04 00:00:00,0.583000,0.585300,0.580900,0.581100,4,2025-04-04
2025-04-04 04:00:00,0.581000,0.581100,0.578300,0.579400,4,2025-04-04
2025-04-04 08:00:00,0.579600,0.579800,0.578100,0.579200,4,2025-04-04
2025-04-04 12:00:00,0.579100,0.579300,0.571500,0.571700,4,2025-04-04
2025-04-04 16:00:00,0.571600,0.573200,0.568100,0.569000,4,2025-04-04
2025-04-04 20:00:00,0.569100,0.569600,0.568100,0.569000,1,2025-04-04
2025-04-07 08:00:00,0.555100,0.558500,0.552100,0.557500,3,2025-04-07
2025-04-07 12:00:00,0.557600,0.560200,0.555800,0.556500,4,2025-04-07
2025-04-07 16:00:00,0.556400,0.559200,0.555200,0.557400,4,2025-04-07
2025-04-07 20:00:00,0.557500,0.561700,0.557200,0.559300,4,2025-04-08
2025-04-08 00:00:00,0.559300,0.564500,0.550700,0.555000,4,2025-04-08
2025-04-08 04:00:00,0.555000,0.555300,0.552600,0.554600,4,2025-04-08
2025-04-08 08:00:00,0.554700,0.557300,0.553000,0.557000,4,2025-04-08
2025-04-08 12:00:00,0.557000,0.561000,0.556600,0.560800,4,2025-04-08
2025-04-08 16:00:00,0.560800,0.562400,0.558200,0.558900,4,2025-04-08
2025-04-08 20:00:00,0.558900,0.562600,0.558600,0.561600,4,2025-04-09
2025-04-09 00:00:00,0.561500,0.562000,0.554700,0.555700,4,2025-04-09
2025-04-09 04:00:00,0.555600,0.556400,0.552000,0.552900,4,2025-04-09
2025-04-09 08:00:00,0.553000,0.554200,0.548600,0.553600,4,2025-04-09
2025-04-09 12:00:00,0.553700,0.556100,0.551400,0.553800,4,2025-04-09
2025-04-09 16:00:00,0.553800,0.556500,0.553600,0.555300,4,2025-04-09
2025-04-09 20:00:00,0.555300,0.559400,0.554200,0.559200,4,2025-04-10
2025-04-10 00:00:00,0.559300,0.565700,0.554800,0.564000,4,2025-04-10
2025-04-10 04:00:00,0.564000,0.566800,0.562800,0.564900,4,2025-04-10
2025-04-10 08:00:00,0.564800,0.566500,0.562900,0.563200,4,2025-04-10
2025-04-10 12:00:00,0.563300,0.570500,0.563200,0.569900,4,2025-04-10
2025-04-10 16:00:00,0.569900,0.571000,0.566200,0.567900,4,2025-04-10
2025-04-10 20:00:00,0.567900,0.573900,0.567900,0.570700,4,2025-04-11
2025-04-11 00:00:00,0.570600,0.575200,0.569400,0.574800,4,2025-04-11
2025-04-11 04:00:00,0.574800,0.576600,0.572500,0.574000,4,2025-04-11
2025-04-11 08:00:00,0.573900,0.578700,0.573800,0.577900,4,2025-04-11
2025-04-11 12:00:00,0.577800,0.580000,0.575900,0.577400,4,2025-04-11
2025-04-11 16:00:00,0.577300,0.582400,0.575400,0.581600,4,2025-04-11
2025-04-11 20:00:00,0.581500,0.581500,0.578000,0.579800,1,2025-04-11
2025-04-14 08:00:00,0.583431,0.586132,0.583056,0.584112,3,2025-04-14
2025-04-14 12:00:00,0.583873,0.586132,0.583397,0.585686,4,2025-04-14
2025-04-14 16:00:00,0.585686,0.589067,0.585446,0.587337,4,2025-04-14
2025-04-14 20:00:00,0.587200,0.587889,0.583805,0.585892,4,2025-04-15
2025-04-15 00:00:00,0.586132,0.588720,0.585926,0.587889,4,2025-04-15
2025-04-15 04:00:00,0.588028,0.589171,0.587130,0.587234,4,2025-04-15
2025-04-15 08:00:00,0.587648,0.590145,0.586476,0.589310,4,2025-04-15
2025-04-15 12:00:00,0.589379,0.592944,0.589379,0.590877,4,2025-04-15
2025-04-15 16:00:00,0.591017,0.592207,0.590458,0.591366,4,2025-04-15
2025-04-15 20:00:00,0.591331,0.594460,0.591261,0.593754,4,2025-04-16
2025-04-16 00:00:00,0.593718,0.593718,0.590354,0.590563,4,2025-04-16
2025-04-16 04:00:00,0.590284,0.590912,0.589379,0.589414,4,2025-04-16
2025-04-16 08:00:00,0.589345,0.591121,0.588928,0.590179,4,2025-04-16
2025-04-16 12:00:00,0.590319,0.592733,0.589588,0.592733,4,2025-04-16
2025-04-16 16:00:00,0.592452,0.592909,0.591296,0.591366,4,2025-04-16
2025-04-16 20:00:00,0.591296,0.592031,0.590214,0.591296,4,2025-04-17
2025-04-17 00:00:00,0.591541,0.593190,0.590458,0.591261,4,2025-04-17
2025-04-17 04:00:00,0.591436,0.593965,0.591436,0.593472,4,2025-04-17
2025-04-17 08:00:00,0.593507,0.594460,0.591156,0.591541,4,2025-04-17
2025-04-17 12:00:00,0.591646,0.592698,0.590528,0.590982,4,2025-04-17
2025-04-17 16:00:00,0.590912,0.593366,0.590214,0.592944,4,2025-04-17
2025-04-17 20:00:00,0.593085,0.597158,0.593085,0.597158,4,2025-04-18
2025-04-18 00:00:00,0.596801,0.597657,0.595983,0.597265,4,2025-04-18
2025-04-18 04:00:00,0.597336,0.597979,0.596623,0.596766,4,2025-04-18
2025-04-18 08:00:00,0.596908,0.597586,0.596552,0.596552,4,2025-04-18
2025-04-18 12:00:00,0.596587,0.596766,0.592768,0.593507,4,2025-04-18
2025-04-18 16:00:00,0.593542,0.594672,0.592768,0.593296,4,2025-04-18
2025-04-18 20:00:00,0.593472,0.593930,0.593225,0.593366,1,2025-04-18
2025-04-21 08:00:00,0.595557,0.597193,0.595309,0.596837,3,2025-04-21
2025-04-21 12:00:00,0.597015,0.601504,0.596694,0.601359,4,2025-04-21
2025-04-21 16:00:00,0.601359,0.602011,0.599772,0.601323,4,2025-04-21
2025-04-21 20:00:00,0.601287,0.602011,0.600528,0.601070,4,2025-04-22
2025-04-22 00:00:00,0.601214,0.601287,0.599592,0.600060,4,2025-04-22
2025-04-22 04:00:00,0.599952,0.601504,0.599449,0.599628,4,2025-04-22
2025-04-22 08:00:00,0.599808,0.600420,0.598480,0.599772,4,2025-04-22
2025-04-22 12:00:00,0.599736,0.602991,0.599628,0.602555,4,2025-04-22
2025-04-22 16:00:00,0.602664,0.602664,0.600180,0.600500,4,2025-04-22
2025-04-22 20:00:00,0.600490,0.601142,0.598802,0.599520,4,2025-04-23
2025-04-23 00:00:00,0.599664,0.600204,0.598301,0.598731,4,2025-04-23
2025-04-23 04:00:00,0.598587,0.598874,0.596196,0.596338,4,2025-04-23
2025-04-23 08:00:00,0.595167,0.598731,0.594071,0.597979,4,2025-04-23
2025-04-23 12:00:00,0.598158,0.598731,0.596481,0.598587,4,2025-04-23
2025-04-23 16:00:00,0.598480,0.599916,0.597907,0.599664,4,2025-04-23
2025-04-23 20:00:00,0.599556,0.600420,0.598086,0.598444,4,2025-04-24
2025-04-24 00:00:00,0.597907,0.599700,0.595557,0.596267,4,2025-04-24
2025-04-24 04:00:00,0.596196,0.596445,0.594636,0.594849,4,2025-04-24
2025-04-24 08:00:00,0.594849,0.595770,0.594707,0.595061,4,2025-04-24
2025-04-24 12:00:00,0.594601,0.596445,0.594389,0.594460,4,2025-04-24
2025-04-24 16:00:00,0.594601,0.598301,0.594601,0.597764,4,2025-04-24
2025-04-24 20:00:00,0.597836,0.598372,0.597586,0.598229,4,2025-04-25
2025-04-25 00:00:00,0.598372,0.599664,0.597700,0.598910,4,2025-04-25
2025-04-25 04:00:00,0.598802,0.600204,0.598802,0.599305,4,2025-04-25
2025-04-25 08:00:00,0.600132,0.600276,0.598372,0.598408,4,2025-04-25
2025-04-25 12:00:00,0.598552,0.599449,0.596730,0.596944,4,2025-04-25
2025-04-25 16:00:00,0.596623,0.598229,0.595309,0.595309,4,2025-04-25
2025-04-25 20:00:00,0.595557,0.595912,0.595309,0.595699,1,2025-04-25
2025-04-28 08:00:00,0.595699,0.596090,0.594849,0.594849,3,2025-04-28
2025-04-28 12:00:00,0.594849,0.597122,0.594601,0.596944,4,2025-04-28
2025-04-28 16:00:00,0.596908,0.596908,0.593155,0.595380,4,2025-04-28
2025-04-28 20:00:00,0.595220,0.596520,0.594430,0.596161,4,2025-04-29
2025-04-29 00:00:00,0.595960,0.598180,0.595720,0.596445,4,2025-04-29
2025-04-29 04:00:00,0.596240,0.598158,0.596190,0.597943,4,2025-04-29
2025-04-29 08:00:00,0.598122,0.598122,0.596232,0.596694,4,2025-04-29
2025-04-29 12:00:00,0.597086,0.598659,0.594919,0.595628,4,2025-04-29
2025-04-29 16:00:00,0.595735,0.598050,0.595593,0.595912,4,2025-04-29
2025-04-29 20:00:00,0.595983,0.596196,0.593965,0.594001,4,2025-04-30
2025-04-30 00:00:00,0.594283,0.595132,0.592979,0.594495,4,2025-04-30
2025-04-30 04:00:00,0.594530,0.594813,0.592944,0.593296,4,2025-04-30
2025-04-30 08:00:00,0.593261,0.594212,0.592944,0.593190,4,2025-04-30
2025-04-30 12:00:00,0.593190,0.594636,0.592490,0.594601,4,2025-04-30
2025-04-30 16:00:00,0.594530,0.595132,0.591926,0.592733,4,2025-04-30
2025-04-30 20:00:00,0.592839,0.592839,0.590458,0.590737,4,2025-05-01
2025-05-01 00:00:00,0.590807,0.594142,0.590214,0.593577,4,2025-05-01
2025-05-01 04:00:00,0.593437,0.594742,0.593437,0.593754,4,2025-05-01
2025-05-01 08:00:00,0.594036,0.594601,0.593366,0.593718,4,2025-05-01
2025-05-01 12:00:00,0.593683,0.595273,0.592803,0.593014,4,2025-05-01
2025-05-01 16:00:00,0.592944,0.593895,0.591786,0.591786,4,2025-05-01
2025-05-01 20:00:00,0.591751,0.593437,0.591611,0.592347,4,2025-05-02
2025-05-02 00:00:00,0.591891,0.592207,0.589657,0.590214,4,2025-05-02
2025-05-02 04:00:00,0.589970,0.591576,0.589866,0.590982,4,2025-05-02
2025-05-02 08:00:00,0.591121,0.592839,0.590598,0.592417,4,2025-05-02
2025-05-02 12:00:00,0.592452,0.593859,0.592452,0.593401,4,2025-05-02
2025-05-02 16:00:00,0.593401,0.594955,0.591646,0.594495,4,2025-05-02
2025-05-02 20:00:00,0.594495,0.594530,0.593683,0.594036,1,2025-05-02
2025-05-05 08:00:00,0.595735,0.598408,0.594318,0.597729,3,2025-05-05
2025-05-05 12:00:00,0.597657,0.599449,0.597051,0.598838,4,2025-05-05
2025-05-05 16:00:00,0.598659,0.598767,0.596516,0.598659,4,2025-05-05
2025-05-05 20:00:00,0.598838,0.599736,0.598158,0.598265,4,2025-05-06
2025-05-06 00:00:00,0.597907,0.598731,0.596410,0.596410,4,2025-05-06
2025-05-06 04:00:00,0.596374,0.597336,0.596196,0.596872,4,2025-05-06
2025-05-06 08:00:00,0.596872,0.596944,0.594707,0.595309,4,2025-05-06
2025-05-06 12:00:00,0.595486,0.598516,0.595486,0.597229,4,2025-05-06
2025-05-06 16:00:00,0.597300,0.599161,0.596623,0.596908,4,2025-05-06
2025-05-06 20:00:00,0.597051,0.599377,0.597051,0.599269,4,2025-05-07
2025-05-07 00:00:00,0.599413,0.601034,0.599233,0.600204,4,2025-05-07
2025-05-07 04:00:00,0.600204,0.601468,0.600060,0.600962,4,2025-05-07
2025-05-07 08:00:00,0.601359,0.602337,0.599952,0.600853,4,2025-05-07
2025-05-07 12:00:00,0.600312,0.601251,0.599413,0.600925,4,2025-05-07
2025-05-07 16:00:00,0.600962,0.601251,0.598301,0.598695,4,2025-05-07
2025-05-07 20:00:00,0.598623,0.599592,0.598122,0.599197,4,2025-05-08
2025-05-08 00:00:00,0.599161,0.599161,0.596766,0.597051,4,2025-05-08
2025-05-08 04:00:00,0.597051,0.597979,0.593754,0.594354,4,2025-05-08
2025-05-08 08:00:00,0.594142,0.596445,0.593965,0.596374,4,2025-05-08
2025-05-08 12:00:00,0.596552,0.597621,0.595486,0.595983,4,2025-05-08
2025-05-08 16:00:00,0.595948,0.596090,0.591786,0.592207,4,2025-05-08
2025-05-08 20:00:00,0.592207,0.593930,0.592031,0.593895,4,2025-05-09
2025-05-09 00:00:00,0.593895,0.594460,0.590270,0.591086,4,2025-05-09
2025-05-09 04:00:00,0.591121,0.591121,0.590150,0.590528,4,2025-05-09
2025-05-09 08:00:00,0.590633,0.590947,0.588685,0.588928,4,2025-05-09
2025-05-09 12:00:00,0.588824,0.590075,0.587303,0.590075,4,2025-05-09
2025-05-09 16:00:00,0.590005,0.590702,0.589102,0.589171,4,2025-05-09
2025-05-09 20:00:00,0.589032,0.589206,0.588651,0.588963,1,2025-05-09
2025-05-12 08:00:00,0.591996,0.593190,0.591261,0.592522,3,2025-05-12
2025-05-12 12:00:00,0.592417,0.593613,0.592136,0.593472,4,2025-05-12
2025-05-12 16:00:00,0.593437,0.593542,0.587786,0.589067,4,2025-05-12
2025-05-12 20:00:00,0.588859,0.588997,0.586510,0.588201,4,2025-05-13
2025-05-13 00:00:00,0.587993,0.588166,0.584860,0.585274,4,2025-05-13
2025-05-13 04:00:00,0.585309,0.586338,0.584864,0.585789,4,2025-05-13
2025-05-13 08:00:00,0.585686,0.586613,0.585001,0.585823,4,2025-05-13
2025-05-13 12:00:00,0.585926,0.589449,0.585926,0.588928,4,2025-05-13
2025-05-13 16:00:00,0.588928,0.590040,0.588581,0.589727,4,2025-05-13
2025-05-13 20:00:00,0.589518,0.591786,0.588963,0.590493,4,2025-05-14
2025-05-14 00:00:00,0.590702,0.594212,0.590702,0.594212,4,2025-05-14
2025-05-14 04:00:00,0.594036,0.594742,0.593472,0.593683,4,2025-05-14
2025-05-14 08:00:00,0.594071,0.594955,0.593683,0.594601,4,2025-05-14
2025-05-14 12:00:00,0.594566,0.594919,0.594177,0.594177,4,2025-05-14
2025-05-14 16:00:00,0.594071,0.597051,0.593507,0.596374,4,2025-05-14
2025-05-14 20:00:00,0.596303,0.596303,0.593648,0.593648,4,2025-05-15
2025-05-15 00:00:00,0.593683,0.593683,0.590249,0.591086,4,2025-05-15
2025-05-15 04:00:00,0.591086,0.591366,0.589518,0.590179,4,2025-05-15
2025-05-15 08:00:00,0.590040,0.591576,0.589379,0.590667,4,2025-05-15
2025-05-15 12:00:00,0.590633,0.591051,0.588547,0.589623,4,2025-05-15
2025-05-15 16:00:00,0.589762,0.591226,0.588789,0.588789,4,2025-05-15
2025-05-15 20:00:00,0.588581,0.588824,0.586923,0.587475,4,2025-05-16
2025-05-16 00:00:00,0.587441,0.587959,0.586338,0.587096,4,2025-05-16
2025-05-16 04:00:00,0.587061,0.588028,0.586780,0.587648,4,2025-05-16
2025-05-16 08:00:00,0.587510,0.587924,0.586717,0.587406,4,2025-05-16
2025-05-16 12:00:00,0.587406,0.591646,0.587061,0.591646,4,2025-05-16
2025-05-16 16:00:00,0.591331,0.591856,0.590423,0.590633,4,2025-05-16
2025-05-16 20:00:00,0.590633,0.590772,0.590284,0.590667,1,2025-05-16
2025-05-19 08:00:00,0.589136,0.589692,0.588616,0.589310,3,2025-05-19
2025-05-19 12:00:00,0.589310,0.590040,0.588201,0.588478,4,2025-05-19
2025-05-19 16:00:00,0.588408,0.591436,0.588408,0.591436,4,2025-05-19
2025-05-19 20:00:00,0.591366,0.591926,0.590493,0.591220,4,2025-05-20
2025-05-20 00:00:00,0.591471,0.593437,0.591296,0.592171,4,2025-05-20
2025-05-20 04:00:00,0.592136,0.593296,0.591926,0.592874,4,2025-05-20
2025-05-20 08:00:00,0.593155,0.593366,0.592136,0.592242,4,2025-05-20
2025-05-20 12:00:00,0.592347,0.593225,0.591506,0.591681,4,2025-05-20
2025-05-20 16:00:00,0.591926,0.593225,0.591716,0.591856,4,2025-05-20
2025-05-20 20:00:00,0.591856,0.591856,0.589657,0.590877,4,2025-05-21
2025-05-21 00:00:00,0.590982,0.592277,0.590528,0.592136,4,2025-05-21
2025-05-21 04:00:00,0.592136,0.592909,0.591506,0.592417,4,2025-05-21
2025-05-21 08:00:00,0.592733,0.594283,0.592347,0.593754,4,2025-05-21
2025-05-21 12:00:00,0.593718,0.595557,0.593718,0.594990,4,2025-05-21
2025-05-21 16:00:00,0.594849,0.595486,0.592663,0.592803,4,2025-05-21
2025-05-21 20:00:00,0.593085,0.595238,0.592944,0.594707,4,2025-05-22
2025-05-22 00:00:00,0.594778,0.596770,0.594778,0.595344,4,2025-05-22
2025-05-22 04:00:00,0.595309,0.595486,0.593718,0.593824,4,2025-05-22
2025-05-22 08:00:00,0.593824,0.594283,0.592557,0.592663,4,2025-05-22
2025-05-22 12:00:00,0.592698,0.593472,0.592312,0.592768,4,2025-05-22
2025-05-22 16:00:00,0.592698,0.593930,0.590563,0.590702,4,2025-05-22
2025-05-22 20:00:00,0.590598,0.591611,0.589623,0.590179,4,2025-05-23
2025-05-23 00:00:00,0.590075,0.591156,0.589831,0.590284,4,2025-05-23
2025-05-23 04:00:00,0.590319,0.590598,0.589727,0.589831,4,2025-05-23
2025-05-23 08:00:00,0.590145,0.591436,0.589762,0.591366,4,2025-05-23
2025-05-23 12:00:00,0.591296,0.592347,0.590912,0.592101,4,2025-05-23
2025-05-23 16:00:00,0.592066,0.595877,0.591576,0.595770,4,2025-05-23
2025-05-23 20:00:00,0.595770,0.596090,0.595593,0.595770,1,2025-05-23
2025-05-26 08:00:00,0.599341,0.602664,0.599233,0.602664,3,2025-05-26
2025-05-26 12:00:00,0.602410,0.603318,0.601793,0.603064,4,2025-05-26
2025-05-26 16:00:00,0.603027,0.603100,0.601359,0.601431,4,2025-05-26
2025-05-26 20:00:00,0.601504,0.601866,0.601106,0.601504,4,2025-05-27
2025-05-27 00:00:00,0.601431,0.601504,0.600240,0.600312,4,2025-05-27
2025-05-27 04:00:00,0.600348,0.600420,0.599772,0.599844,4,2025-05-27
2025-05-27 08:00:00,0.600168,0.600745,0.599556,0.599700,4,2025-05-27
2025-05-27 12:00:00,0.599664,0.599808,0.597300,0.598372,4,2025-05-27
2025-05-27 16:00:00,0.598623,0.599664,0.595841,0.596125,4,2025-05-27
2025-05-27 20:00:00,0.595948,0.597300,0.595050,0.595699,4,2025-05-28
2025-05-28 00:00:00,0.595309,0.595877,0.594248,0.595061,4,2025-05-28
2025-05-28 04:00:00,0.594990,0.595309,0.594601,0.594990,4,2025-05-28
2025-05-28 08:00:00,0.595203,0.595380,0.592768,0.593225,4,2025-05-28
2025-05-28 12:00:00,0.593824,0.598050,0.593718,0.596303,4,2025-05-28
2025-05-28 16:00:00,0.596054,0.597872,0.595309,0.597158,4,2025-05-28
2025-05-28 20:00:00,0.597086,0.597907,0.594636,0.595132,4,2025-05-29
2025-05-29 00:00:00,0.595132,0.596766,0.595040,0.596338,4,2025-05-29
2025-05-29 04:00:00,0.596161,0.597015,0.596019,0.596694,4,2025-05-29
2025-05-29 08:00:00,0.596979,0.597729,0.593437,0.594248,4,2025-05-29
2025-05-29 12:00:00,0.594036,0.594566,0.592803,0.593507,4,2025-05-29
2025-05-29 16:00:00,0.593754,0.597372,0.593472,0.596908,4,2025-05-29
2025-05-29 20:00:00,0.597086,0.599269,0.596054,0.597372,4,2025-05-30
2025-05-30 00:00:00,0.597729,0.598587,0.596908,0.598337,4,2025-05-30
2025-05-30 04:00:00,0.598552,0.598767,0.596872,0.597086,4,2025-05-30
2025-05-30 08:00:00,0.597158,0.598946,0.596587,0.596587,4,2025-05-30
2025-05-30 12:00:00,0.596766,0.598229,0.596196,0.598050,4,2025-05-30
2025-05-30 16:00:00,0.597764,0.597764,0.594955,0.595699,4,2025-05-30
2025-05-30 20:00:00,0.595735,0.596303,0.595735,0.595770,1,2025-05-30
2025-06-02 08:00:00,0.597657,0.600998,0.597550,0.599844,3,2025-06-02
2025-06-02 12:00:00,0.599880,0.600889,0.599233,0.599916,4,2025-06-02
2025-06-02 16:00:00,0.599952,0.602845,0.599520,0.602156,4,2025-06-02
2025-06-02 20:00:00,0.601902,0.602591,0.600817,0.601612,4,2025-06-03
2025-06-03 00:00:00,0.601938,0.603974,0.601938,0.602555,4,2025-06-03
2025-06-03 04:00:00,0.602301,0.604558,0.602301,0.603427,4,2025-06-03
2025-06-03 08:00:00,0.603391,0.605620,0.603391,0.604120,4,2025-06-03
2025-06-03 12:00:00,0.604084,0.604084,0.599990,0.601214,4,2025-06-03
2025-06-03 16:00:00,0.600853,0.601142,0.599269,0.600673,4,2025-06-03
2025-06-03 20:00:00,0.600637,0.600637,0.599089,0.599952,4,2025-06-04
2025-06-04 00:00:00,0.599772,0.601214,0.599161,0.600673,4,2025-06-04
2025-06-04 04:00:00,0.600601,0.600709,0.599413,0.599880,4,2025-06-04
2025-06-04 08:00:00,0.600060,0.601540,0.599772,0.600781,4,2025-06-04
2025-06-04 12:00:00,0.600673,0.601359,0.599449,0.599916,4,2025-06-04
2025-06-04 16:00:00,0.599988,0.601793,0.599628,0.601287,4,2025-06-04
2025-06-04 20:00:00,0.601395,0.602591,0.601110,0.601866,4,2025-06-05
2025-06-05 00:00:00,0.602156,0.604120,0.602156,0.603792,4,2025-06-05
2025-06-05 04:00:00,0.603719,0.603865,0.602736,0.602736,4,2025-06-05
2025-06-05 08:00:00,0.602809,0.604339,0.602773,0.603464,4,2025-06-05
2025-06-05 12:00:00,0.603464,0.604522,0.602882,0.602882,4,2025-06-05
2025-06-05 16:00:00,0.602882,0.605327,0.602882,0.604851,4,2025-06-05
2025-06-05 20:00:00,0.604814,0.608125,0.604595,0.606649,4,2025-06-06
2025-06-06 00:00:00,0.606722,0.606722,0.604193,0.604741,4,2025-06-06
2025-06-06 04:00:00,0.604705,0.604705,0.603573,0.603646,4,2025-06-06
2025-06-06 08:00:00,0.603573,0.605071,0.603573,0.604160,4,2025-06-06
2025-06-06 12:00:00,0.604170,0.605107,0.602882,0.604339,4,2025-06-06
2025-06-06 16:00:00,0.604449,0.604741,0.602410,0.602991,4,2025-06-06
2025-06-06 20:00:00,0.602955,0.603682,0.602955,0.603610,1,2025-06-06
2025-06-09 08:00:00,0.602627,0.603573,0.601649,0.603537,3,2025-06-09
2025-06-09 12:00:00,0.603464,0.604266,0.603230,0.603901,4,2025-06-09
2025-06-09 16:00:00,0.603755,0.606686,0.603500,0.606281,4,2025-06-09
2025-06-09 20:00:00,0.606171,0.606391,0.603828,0.604011,4,2025-06-10
2025-06-10 00:00:00,0.604266,0.605804,0.604120,0.605400,4,2025-06-10
2025-06-10 04:00:00,0.605327,0.605914,0.604449,0.604631,4,2025-06-10
2025-06-10 08:00:00,0.604741,0.606024,0.603719,0.603865,4,2025-06-10
2025-06-10 12:00:00,0.603464,0.605804,0.603027,0.604558,4,2025-06-10
2025-06-10 16:00:00,0.604120,0.604997,0.603190,0.604710,4,2025-06-10
2025-06-10 20:00:00,0.604750,0.605877,0.604700,0.605694,4,2025-06-11
2025-06-11 00:00:00,0.605840,0.605877,0.603910,0.604376,4,2025-06-11
2025-06-11 04:00:00,0.604193,0.605620,0.603974,0.605363,4,2025-06-11
2025-06-11 08:00:00,0.605290,0.606318,0.603610,0.603610,4,2025-06-11
2025-06-11 12:00:00,0.603719,0.604120,0.602809,0.603792,4,2025-06-11
2025-06-11 16:00:00,0.603865,0.604303,0.602500,0.603828,4,2025-06-11
2025-06-11 20:00:00,0.603865,0.606612,0.602664,0.604376,4,2025-06-12
2025-06-12 00:00:00,0.604449,0.605144,0.603590,0.604376,4,2025-06-12
2025-06-12 04:00:00,0.604485,0.604485,0.602736,0.603027,4,2025-06-12
2025-06-12 08:00:00,0.603027,0.603901,0.602047,0.602228,4,2025-06-12
2025-06-12 12:00:00,0.602265,0.604449,0.601866,0.604449,4,2025-06-12
2025-06-12 16:00:00,0.604157,0.604449,0.600853,0.603792,4,2025-06-12
2025-06-12 20:00:00,0.603537,0.607312,0.603537,0.605583,4,2025-06-13
2025-06-13 00:00:00,0.605840,0.606796,0.605770,0.606281,4,2025-06-13
2025-06-13 04:00:00,0.606244,0.607275,0.606171,0.606907,4,2025-06-13
2025-06-13 08:00:00,0.607054,0.607091,0.600673,0.602918,4,2025-06-13
2025-06-13 12:00:00,0.603100,0.604522,0.600853,0.601612,4,2025-06-13
2025-06-13 16:00:00,0.601468,0.602736,0.600680,0.601251,4,2025-06-13
2025-06-13 20:00:00,0.601214,0.601359,0.599808,0.600132,1,2025-06-13
2025-06-16 08:00:00,0.601323,0.602773,0.600889,0.602119,3,2025-06-16
2025-06-16 12:00:00,0.602011,0.603245,0.600673,0.602918,4,2025-06-16
2025-06-16 16:00:00,0.603209,0.604522,0.602047,0.604522,4,2025-06-16
2025-06-16 20:00:00,0.604376,0.607681,0.604230,0.607607,4,2025-06-17
2025-06-17 00:00:00,0.607755,0.608828,0.607238,0.607349,4,2025-06-17
2025-06-17 04:00:00,0.607312,0.607496,0.605620,0.605804,4,2025-06-17
2025-06-17 08:00:00,0.606134,0.606355,0.604851,0.606171,4,2025-06-17
2025-06-17 12:00:00,0.606061,0.607312,0.605730,0.606502,4,2025-06-17
2025-06-17 16:00:00,0.606355,0.607644,0.606208,0.606465,4,2025-06-17
2025-06-17 20:00:00,0.606686,0.608125,0.606244,0.607312,4,2025-06-18
2025-06-18 00:00:00,0.607386,0.607386,0.601974,0.602156,4,2025-06-18
2025-06-18 04:00:00,0.602156,0.602482,0.601251,0.602156,4,2025-06-18
2025-06-18 08:00:00,0.601757,0.603209,0.601142,0.602627,4,2025-06-18
2025-06-18 12:00:00,0.602370,0.603828,0.602010,0.603318,4,2025-06-18
2025-06-18 16:00:00,0.603573,0.604084,0.602591,0.603173,4,2025-06-18
2025-06-18 20:00:00,0.603136,0.603464,0.601974,0.602918,4,2025-06-19
2025-06-19 00:00:00,0.602882,0.604997,0.602882,0.603755,4,2025-06-19
2025-06-19 04:00:00,0.604851,0.604924,0.602047,0.603209,4,2025-06-19
2025-06-19 08:00:00,0.603027,0.603391,0.599736,0.599736,4,2025-06-19
2025-06-19 12:00:00,0.599360,0.600240,0.597372,0.597586,4,2025-06-19
2025-06-19 16:00:00,0.597193,0.599054,0.596810,0.597729,4,2025-06-19
2025-06-19 20:00:00,0.597800,0.598516,0.597015,0.597586,4,2025-06-20
2025-06-20 00:00:00,0.597514,0.598552,0.596161,0.598552,4,2025-06-20
2025-06-20 04:00:00,0.598408,0.599556,0.598301,0.599341,4,2025-06-20
2025-06-20 08:00:00,0.599592,0.600745,0.599269,0.599305,4,2025-06-20
2025-06-20 12:00:00,0.599197,0.600925,0.598982,0.600925,4,2025-06-20
2025-06-20 16:00:00,0.600745,0.600925,0.599449,0.600096,4,2025-06-20
2025-06-20 20:00:00,0.600024,0.600168,0.599305,0.599377,1,2025-06-20
2025-06-23 08:00:00,0.596196,0.596766,0.593750,0.594707,3,2025-06-23
2025-06-23 12:00:00,0.594884,0.595344,0.591926,0.592557,4,2025-06-23
2025-06-23 16:00:00,0.592803,0.593613,0.589067,0.589345,4,2025-06-23
2025-06-23 20:00:00,0.589379,0.591751,0.588478,0.591611,4,2025-06-24
2025-06-24 00:00:00,0.592382,0.596872,0.592382,0.596837,4,2025-06-24
2025-06-24 04:00:00,0.597015,0.598229,0.596730,0.597586,4,2025-06-24
2025-06-24 08:00:00,0.597621,0.600312,0.597621,0.599628,4,2025-06-24
2025-06-24 12:00:00,0.599772,0.601902,0.599161,0.601576,4,2025-06-24
2025-06-24 16:00:00,0.601866,0.604011,0.601214,0.603464,4,2025-06-24
2025-06-24 20:00:00,0.603391,0.604047,0.601287,0.601287,4,2025-06-25
2025-06-25 00:00:00,0.601540,0.604193,0.601287,0.602301,4,2025-06-25
2025-06-25 04:00:00,0.602373,0.602446,0.600673,0.600925,4,2025-06-25
2025-06-25 08:00:00,0.600853,0.603136,0.600637,0.602918,4,2025-06-25
2025-06-25 12:00:00,0.602809,0.604047,0.602555,0.602845,4,2025-06-25
2025-06-25 16:00:00,0.602809,0.603318,0.601685,0.602156,4,2025-06-25
2025-06-25 20:00:00,0.602083,0.602482,0.601251,0.601685,4,2025-06-26
2025-06-26 00:00:00,0.601866,0.603318,0.601720,0.603136,4,2025-06-26
2025-06-26 04:00:00,0.603282,0.604449,0.603100,0.603865,4,2025-06-26
2025-06-26 08:00:00,0.603938,0.605877,0.603173,0.604449,4,2025-06-26
2025-06-26 12:00:00,0.604522,0.606649,0.604157,0.605217,4,2025-06-26
2025-06-26 16:00:00,0.605254,0.607496,0.604449,0.606391,4,2025-06-26
2025-06-26 20:00:00,0.606318,0.606907,0.604900,0.606870,4,2025-06-27
2025-06-27 00:00:00,0.606502,0.607607,0.606150,0.607312,4,2025-06-27
2025-06-27 04:00:00,0.607275,0.607607,0.605547,0.605730,4,2025-06-27
2025-06-27 08:00:00,0.605840,0.607275,0.605620,0.607128,4,2025-06-27
2025-06-27 12:00:00,0.607165,0.607718,0.605950,0.606649,4,2025-06-27
2025-06-27 16:00:00,0.606502,0.607940,0.606281,0.606907,4,2025-06-27
2025-06-27 20:00:00,0.606907,0.606943,0.605694,0.606024,1,2025-06-27
2025-06-30 08:00:00,0.606612,0.607755,0.606391,0.607017,3,2025-06-30
2025-06-30 12:00:00,0.607091,0.608717,0.606465,0.608495,4,2025-06-30
2025-06-30 16:00:00,0.608458,0.608569,0.606171,0.606171,4,2025-06-30
2025-06-30 20:00:00,0.605987,0.606759,0.605914,0.606759,4,2025-07-01
2025-07-01 00:00:00,0.606686,0.609533,0.606391,0.608828,4,2025-07-01
2025-07-01 04:00:00,0.608828,0.610054,0.608828,0.609459,4,2025-07-01
2025-07-01 08:00:00,0.609719,0.609905,0.608162,0.608236,4,2025-07-01
2025-07-01 12:00:00,0.607829,0.610277,0.607829,0.610054,4,2025-07-01
2025-07-01 16:00:00,0.610091,0.612070,0.609533,0.611621,4,2025-07-01
2025-07-01 20:00:00,0.611583,0.612220,0.609719,0.610016,4,2025-07-02
2025-07-02 00:00:00,0.609273,0.610165,0.608347,0.609310,4,2025-07-02
2025-07-02 04:00:00,0.609236,0.610277,0.608939,0.610016,4,2025-07-02
2025-07-02 08:00:00,0.610091,0.610724,0.609422,0.609496,4,2025-07-02
2025-07-02 12:00:00,0.609570,0.610687,0.609347,0.609607,4,2025-07-02
2025-07-02 16:00:00,0.609570,0.609607,0.607349,0.607423,4,2025-07-02
2025-07-02 20:00:00,0.607423,0.607866,0.605473,0.605547,4,2025-07-03
2025-07-03 00:00:00,0.605694,0.608643,0.605620,0.608310,4,2025-07-03
2025-07-03 04:00:00,0.608310,0.609422,0.608310,0.608754,4,2025-07-03
2025-07-03 08:00:00,0.609013,0.609459,0.608384,0.608532,4,2025-07-03
2025-07-03 12:00:00,0.608384,0.608421,0.606759,0.607275,4,2025-07-03
2025-07-03 16:00:00,0.607312,0.608384,0.607238,0.607386,4,2025-07-03
2025-07-03 20:00:00,0.607349,0.607792,0.603464,0.607091,4,2025-07-04
2025-07-04 00:00:00,0.607533,0.607533,0.605804,0.606759,4,2025-07-04
2025-07-04 04:00:00,0.606722,0.607349,0.606465,0.607017,4,2025-07-04
2025-07-04 08:00:00,0.607128,0.608384,0.606796,0.606870,4,2025-07-04
2025-07-04 12:00:00,0.606833,0.607977,0.606686,0.607275,4,2025-07-04
2025-07-04 16:00:00,0.607165,0.608125,0.606134,0.606649,4,2025-07-04
2025-07-04 20:00:00,0.606538,0.606943,0.606355,0.606465,1,2025-07-04
2025-07-07 08:00:00,0.605804,0.605840,0.603318,0.603427,3,2025-07-07
2025-07-07 12:00:00,0.603646,0.603828,0.600817,0.601612,4,2025-07-07
2025-07-07 16:00:00,0.601420,0.601757,0.599080,0.599988,4,2025-07-07
2025-07-07 20:00:00,0.600024,0.601540,0.599430,0.601504,4,2025-07-08
2025-07-08 00:00:00,0.601576,0.601866,0.599449,0.599870,4,2025-07-08
2025-07-08 04:00:00,0.599860,0.600673,0.599090,0.599844,4,2025-07-08
2025-07-08 08:00:00,0.599988,0.601793,0.599916,0.600962,4,2025-07-08
2025-07-08 12:00:00,0.600962,0.602845,0.600962,0.601580,4,2025-07-08
2025-07-08 16:00:00,0.601550,0.602870,0.601160,0.601504,4,2025-07-08
2025-07-08 20:00:00,0.601468,0.602119,0.599520,0.599916,4,2025-07-09
2025-07-09 00:00:00,0.599736,0.600528,0.598229,0.600420,4,2025-07-09
2025-07-09 04:00:00,0.600348,0.600637,0.599120,0.599844,4,2025-07-09
2025-07-09 08:00:00,0.600024,0.600348,0.598750,0.600348,4,2025-07-09
2025-07-09 12:00:00,0.600492,0.601576,0.597907,0.600240,4,2025-07-09
2025-07-09 16:00:00,0.600204,0.601178,0.599233,0.600168,4,2025-07-09
2025-07-09 20:00:00,0.600204,0.600492,0.598408,0.600060,4,2025-07-10
2025-07-10 00:00:00,0.600024,0.600925,0.599018,0.599664,4,2025-07-10
2025-07-10 04:00:00,0.599592,0.600889,0.599520,0.600240,4,2025-07-10
2025-07-10 08:00:00,0.600276,0.601214,0.599952,0.600817,4,2025-07-10
2025-07-10 12:00:00,0.600998,0.601251,0.600384,0.600889,4,2025-07-10
2025-07-10 16:00:00,0.601070,0.602373,0.601070,0.602083,4,2025-07-10
2025-07-10 20:00:00,0.602192,0.602664,0.599900,0.600132,4,2025-07-11
2025-07-11 00:00:00,0.600096,0.602700,0.599916,0.602518,4,2025-07-11
2025-07-11 04:00:00,0.602518,0.603828,0.602518,0.603537,4,2025-07-11
2025-07-11 08:00:00,0.603938,0.604522,0.601034,0.603136,4,2025-07-11
2025-07-11 12:00:00,0.603282,0.603355,0.601323,0.601612,4,2025-07-11
2025-07-11 16:00:00,0.601359,0.602809,0.601142,0.601649,4,2025-07-11
2025-07-11 20:00:00,0.601830,0.602555,0.601757,0.602228,1,2025-07-11
2025-07-14 08:00:00,0.599988,0.601612,0.598802,0.598946,3,2025-07-14
2025-07-14 12:00:00,0.598767,0.599233,0.598229,0.598337,4,2025-07-14
2025-07-14 16:00:00,0.598337,0.599592,0.597836,0.599269,4,2025-07-14
2025-07-14 20:00:00,0.599413,0.599772,0.598229,0.598802,4,2025-07-15
2025-07-15 00:00:00,0.598623,0.598946,0.597122,0.597479,4,2025-07-15
2025-07-15 04:00:00,0.597550,0.597943,0.597220,0.597514,4,2025-07-15
2025-07-15 08:00:00,0.597443,0.598659,0.597086,0.598372,4,2025-07-15
2025-07-15 12:00:00,0.598337,0.598659,0.597764,0.598444,4,2025-07-15
2025-07-15 16:00:00,0.598444,0.600096,0.598086,0.599880,4,2025-07-15
2025-07-15 20:00:00,0.600024,0.600745,0.596979,0.597015,4,2025-07-16
2025-07-16 00:00:00,0.596516,0.596623,0.594071,0.594566,4,2025-07-16
2025-07-16 04:00:00,0.594601,0.595273,0.594354,0.594813,4,2025-07-16
2025-07-16 08:00:00,0.594778,0.596694,0.594601,0.595628,4,2025-07-16
2025-07-16 12:00:00,0.595344,0.595380,0.594672,0.595203,4,2025-07-16
2025-07-16 16:00:00,0.595309,0.595628,0.593930,0.594318,4,2025-07-16
2025-07-16 20:00:00,0.594212,0.594849,0.592277,0.592382,4,2025-07-17
2025-07-17 00:00:00,0.592487,0.596944,0.591506,0.594742,4,2025-07-17
2025-07-17 04:00:00,0.594460,0.595451,0.593965,0.594742,4,2025-07-17
2025-07-17 08:00:00,0.594919,0.594990,0.593049,0.593648,4,2025-07-17
2025-07-17 12:00:00,0.593437,0.593472,0.591436,0.592874,4,2025-07-17
2025-07-17 16:00:00,0.592909,0.592909,0.591156,0.592101,4,2025-07-17
2025-07-17 20:00:00,0.591910,0.592593,0.590947,0.592557,4,2025-07-18
2025-07-18 00:00:00,0.592452,0.593401,0.591926,0.592628,4,2025-07-18
2025-07-18 04:00:00,0.592557,0.593683,0.592557,0.593437,4,2025-07-18
2025-07-18 08:00:00,0.593542,0.596232,0.593507,0.595770,4,2025-07-18
2025-07-18 12:00:00,0.595770,0.596552,0.594990,0.595309,4,2025-07-18
2025-07-18 16:00:00,0.595203,0.597122,0.594955,0.596872,4,2025-07-18
2025-07-18 20:00:00,0.596837,0.597693,0.596730,0.597693,1,2025-07-18
2025-07-21 08:00:00,0.595167,0.595486,0.594106,0.594566,3,2025-07-21
2025-07-21 12:00:00,0.594460,0.596019,0.594248,0.595770,4,2025-07-21
2025-07-21 16:00:00,0.595983,0.596872,0.595486,0.595806,4,2025-07-21
2025-07-21 20:00:00,0.595841,0.597800,0.595240,0.596659,4,2025-07-22
2025-07-22 00:00:00,0.596801,0.598516,0.596801,0.597621,4,2025-07-22
2025-07-22 04:00:00,0.597657,0.597907,0.596766,0.596908,4,2025-07-22
2025-07-22 08:00:00,0.597015,0.597265,0.595841,0.596125,4,2025-07-22
2025-07-22 12:00:00,0.596232,0.596801,0.595238,0.595309,4,2025-07-22
2025-07-22 16:00:00,0.595167,0.595451,0.594283,0.595451,4,2025-07-22
2025-07-22 20:00:00,0.595557,0.597514,0.594955,0.597336,4,2025-07-23
2025-07-23 00:00:00,0.597122,0.600565,0.596872,0.599988,4,2025-07-23
2025-07-23 04:00:00,0.599952,0.600492,0.599592,0.599772,4,2025-07-23
2025-07-23 08:00:00,0.600096,0.600962,0.599664,0.600781,4,2025-07-23
2025-07-23 12:00:00,0.600781,0.602083,0.599952,0.601721,4,2025-07-23
2025-07-23 16:00:00,0.601974,0.604047,0.601649,0.604011,4,2025-07-23
2025-07-23 20:00:00,0.603974,0.604851,0.603318,0.603938,4,2025-07-24
2025-07-24 00:00:00,0.603974,0.604339,0.602955,0.603828,4,2025-07-24
2025-07-24 04:00:00,0.603901,0.604924,0.603830,0.604412,4,2025-07-24
2025-07-24 08:00:00,0.604595,0.606061,0.604412,0.605363,4,2025-07-24
2025-07-24 12:00:00,0.605180,0.606061,0.604814,0.605767,4,2025-07-24
2025-07-24 16:00:00,0.605877,0.605914,0.604705,0.605327,4,2025-07-24
2025-07-24 20:00:00,0.605290,0.605547,0.604303,0.604705,4,2025-07-25
2025-07-25 00:00:00,0.604887,0.605620,0.603719,0.604339,4,2025-07-25
2025-07-25 04:00:00,0.604303,0.604376,0.602773,0.603209,4,2025-07-25
2025-07-25 08:00:00,0.602882,0.603974,0.602736,0.602809,4,2025-07-25
2025-07-25 12:00:00,0.602845,0.603209,0.601866,0.602918,4,2025-07-25
2025-07-25 16:00:00,0.602882,0.603027,0.600637,0.601178,4,2025-07-25
2025-07-25 20:00:00,0.600998,0.601540,0.600998,0.601540,1,2025-07-25
2025-07-28 08:00:00,0.602228,0.603391,0.601540,0.601540,3,2025-07-28
2025-07-28 12:00:00,0.601323,0.602265,0.600925,0.600998,4,2025-07-28
2025-07-28 16:00:00,0.600998,0.601034,0.597122,0.597800,4,2025-07-28
2025-07-28 20:00:00,0.598122,0.598982,0.597443,0.597586,4,2025-07-29
2025-07-29 00:00:00,0.597657,0.598874,0.596872,0.596979,4,2025-07-29
2025-07-29 04:00:00,0.597015,0.597479,0.596730,0.597336,4,2025-07-29
2025-07-29 08:00:00,0.597193,0.597586,0.596374,0.597051,4,2025-07-29
2025-07-29 12:00:00,0.597193,0.597764,0.596587,0.597229,4,2025-07-29
2025-07-29 16:00:00,0.597122,0.597300,0.594778,0.595983,4,2025-07-29
2025-07-29 20:00:00,0.595948,0.596552,0.594530,0.595309,4,2025-07-30
2025-07-30 00:00:00,0.595273,0.596267,0.594530,0.595522,4,2025-07-30
2025-07-30 04:00:00,0.595593,0.596161,0.595415,0.595699,4,2025-07-30
2025-07-30 08:00:00,0.595948,0.597158,0.595451,0.596730,4,2025-07-30
2025-07-30 12:00:00,0.596659,0.597265,0.596125,0.596374,4,2025-07-30
2025-07-30 16:00:00,0.596125,0.596730,0.595451,0.595841,4,2025-07-30
2025-07-30 20:00:00,0.595806,0.595877,0.591331,0.591541,4,2025-07-31
2025-07-31 00:00:00,0.591751,0.592487,0.591156,0.592382,4,2025-07-31
2025-07-31 04:00:00,0.592733,0.592768,0.589240,0.589692,4,2025-07-31
2025-07-31 08:00:00,0.589831,0.591191,0.589831,0.590807,4,2025-07-31
2025-07-31 12:00:00,0.590772,0.593155,0.590772,0.592979,4,2025-07-31
2025-07-31 16:00:00,0.593085,0.593859,0.590630,0.590772,4,2025-07-31
2025-07-31 20:00:00,0.590842,0.591121,0.589240,0.589310,4,2025-08-01
2025-08-01 00:00:00,0.589379,0.590493,0.589102,0.589102,4,2025-08-01
2025-08-01 04:00:00,0.589136,0.589970,0.588997,0.589310,4,2025-08-01
2025-08-01 08:00:00,0.589171,0.589553,0.587855,0.587855,4,2025-08-01
2025-08-01 12:00:00,0.588131,0.588720,0.587682,0.588305,4,2025-08-01
2025-08-01 16:00:00,0.588305,0.588512,0.586063,0.586407,4,2025-08-01
2025-08-01 20:00:00,0.586407,0.586820,0.586373,0.586579,1,2025-08-01
2025-08-04 08:00:00,0.591226,0.592312,0.590598,0.592312,3,2025-08-04
2025-08-04 12:00:00,0.592242,0.592277,0.591017,0.591331,4,2025-08-04
2025-08-04 16:00:00,0.591086,0.592101,0.590633,0.591401,4,2025-08-04
2025-08-04 20:00:00,0.591331,0.593155,0.590870,0.592522,4,2025-08-05
2025-08-05 00:00:00,0.592663,0.592733,0.590249,0.590528,4,2025-08-05
2025-08-05 04:00:00,0.590633,0.591611,0.590075,0.590842,4,2025-08-05
2025-08-05 08:00:00,0.590877,0.592347,0.590633,0.590807,4,2025-08-05
2025-08-05 12:00:00,0.590598,0.590598,0.589345,0.589657,4,2025-08-05
2025-08-05 16:00:00,0.589518,0.590388,0.588651,0.589210,4,2025-08-05
2025-08-05 20:00:00,0.589190,0.590249,0.588374,0.589449,4,2025-08-06
2025-08-06 00:00:00,0.589692,0.590633,0.588928,0.590040,4,2025-08-06
2025-08-06 04:00:00,0.590005,0.590423,0.589345,0.590110,4,2025-08-06
2025-08-06 08:00:00,0.590179,0.591681,0.589275,0.591331,4,2025-08-06
2025-08-06 12:00:00,0.591296,0.592839,0.591261,0.591926,4,2025-08-06
2025-08-06 16:00:00,0.592066,0.592698,0.591640,0.592417,4,2025-08-06
2025-08-06 20:00:00,0.592277,0.593859,0.592277,0.593225,4,2025-08-07
2025-08-07 00:00:00,0.593049,0.593965,0.592382,0.593754,4,2025-08-07
2025-08-07 04:00:00,0.593754,0.594248,0.592530,0.593155,4,2025-08-07
2025-08-07 08:00:00,0.593331,0.594530,0.592487,0.594212,4,2025-08-07
2025-08-07 12:00:00,0.594283,0.595273,0.593718,0.595167,4,2025-08-07
2025-08-07 16:00:00,0.595026,0.596730,0.595026,0.595344,4,2025-08-07
2025-08-07 20:00:00,0.595203,0.596232,0.594742,0.595380,4,2025-08-08
2025-08-08 00:00:00,0.595344,0.595344,0.593437,0.594813,4,2025-08-08
2025-08-08 04:00:00,0.594742,0.596552,0.594071,0.596267,4,2025-08-08
2025-08-08 08:00:00,0.596516,0.597336,0.595557,0.596161,4,2025-08-08
2025-08-08 12:00:00,0.596196,0.596908,0.595593,0.595841,4,2025-08-08
2025-08-08 16:00:00,0.595948,0.596979,0.595330,0.595770,4,2025-08-08
2025-08-08 20:00:00,0.595806,0.596090,0.595593,0.595948,1,2025-08-08
2025-08-11 08:00:00,0.595451,0.595628,0.594636,0.595557,3,2025-08-11
2025-08-11 12:00:00,0.595628,0.596054,0.595096,0.595451,4,2025-08-11
2025-08-11 16:00:00,0.595486,0.595806,0.594036,0.594248,4,2025-08-11
2025-08-11 20:00:00,0.594283,0.594530,0.592733,0.593542,4,2025-08-12
2025-08-12 00:00:00,0.593542,0.594036,0.592803,0.593789,4,2025-08-12
2025-08-12 04:00:00,0.593789,0.594177,0.593510,0.593710,4,2025-08-12
2025-08-12 08:00:00,0.594036,0.594778,0.593620,0.594354,4,2025-08-12
2025-08-12 12:00:00,0.594424,0.594707,0.592944,0.593085,4,2025-08-12
2025-08-12 16:00:00,0.593261,0.593789,0.591996,0.592312,4,2025-08-12
2025-08-12 20:00:00,0.592277,0.594460,0.591541,0.593472,4,2025-08-13
2025-08-13 00:00:00,0.593577,0.596766,0.593437,0.595699,4,2025-08-13
2025-08-13 04:00:00,0.595593,0.596161,0.595000,0.595593,4,2025-08-13
2025-08-13 08:00:00,0.595664,0.595983,0.594707,0.594778,4,2025-08-13
2025-08-13 12:00:00,0.594778,0.596267,0.594778,0.595841,4,2025-08-13
2025-08-13 16:00:00,0.595841,0.599628,0.595806,0.599628,4,2025-08-13
2025-08-13 20:00:00,0.599664,0.599664,0.597550,0.598086,4,2025-08-14
2025-08-14 00:00:00,0.598122,0.599018,0.597372,0.597372,4,2025-08-14
2025-08-14 04:00:00,0.597300,0.598050,0.596980,0.597729,4,2025-08-14
2025-08-14 08:00:00,0.597729,0.599269,0.597479,0.598982,4,2025-08-14
2025-08-14 12:00:00,0.598838,0.598874,0.596944,0.596944,4,2025-08-14
2025-08-14 16:00:00,0.597051,0.597372,0.594990,0.595238,4,2025-08-14
2025-08-14 20:00:00,0.595096,0.595664,0.592031,0.592207,4,2025-08-15
2025-08-15 00:00:00,0.592207,0.593296,0.591121,0.591751,4,2025-08-15
2025-08-15 04:00:00,0.591786,0.592733,0.591331,0.592136,4,2025-08-15
2025-08-15 08:00:00,0.592066,0.592628,0.591961,0.592347,4,2025-08-15
2025-08-15 12:00:00,0.592312,0.592628,0.590982,0.592382,4,2025-08-15
2025-08-15 16:00:00,0.592312,0.593120,0.591610,0.592557,4,2025-08-15
2025-08-15 20:00:00,0.592557,0.593014,0.592417,0.593014,1,2025-08-15
2025-08-18 08:00:00,0.593120,0.593895,0.592733,0.593895,3,2025-08-18
2025-08-18 12:00:00,0.593824,0.594424,0.593049,0.593930,4,2025-08-18
2025-08-18 16:00:00,0.594177,0.594389,0.593225,0.593895,4,2025-08-18
2025-08-18 20:00:00,0.593895,0.594248,0.592839,0.592839,4,2025-08-19
2025-08-19 00:00:00,0.592663,0.593085,0.591156,0.592207,4,2025-08-19
2025-08-19 04:00:00,0.592066,0.592839,0.592066,0.592242,4,2025-08-19
2025-08-19 08:00:00,0.592417,0.593049,0.591821,0.592522,4,2025-08-19
2025-08-19 12:00:00,0.592312,0.593049,0.591961,0.591996,4,2025-08-19
2025-08-19 16:00:00,0.591786,0.593190,0.591646,0.592487,4,2025-08-19
2025-08-19 20:00:00,0.592593,0.593085,0.591716,0.592207,4,2025-08-20
2025-08-20 00:00:00,0.592171,0.592171,0.590005,0.590388,4,2025-08-20
2025-08-20 04:00:00,0.590284,0.590284,0.589345,0.589553,4,2025-08-20
2025-08-20 08:00:00,0.589518,0.589866,0.588581,0.589032,4,2025-08-20
2025-08-20 12:00:00,0.586510,0.586820,0.582309,0.583703,4,2025-08-20
2025-08-20 16:00:00,0.583499,0.583669,0.581801,0.583260,4,2025-08-20
2025-08-20 20:00:00,0.583226,0.584146,0.582208,0.582208,4,2025-08-21
2025-08-21 00:00:00,0.582343,0.583567,0.582072,0.583567,4,2025-08-21
2025-08-21 04:00:00,0.583363,0.583363,0.582038,0.582208,4,2025-08-21
2025-08-21 08:00:00,0.582411,0.583328,0.582004,0.583226,4,2025-08-21
2025-08-21 12:00:00,0.583124,0.583260,0.581564,0.582547,4,2025-08-21
2025-08-21 16:00:00,0.582547,0.583124,0.581666,0.582886,4,2025-08-21
2025-08-21 20:00:00,0.582819,0.583294,0.581903,0.582309,4,2025-08-22
2025-08-22 00:00:00,0.582242,0.582954,0.581395,0.582343,4,2025-08-22
2025-08-22 04:00:00,0.582174,0.582513,0.581632,0.582004,4,2025-08-22
2025-08-22 08:00:00,0.581971,0.582411,0.581226,0.581767,4,2025-08-22
2025-08-22 12:00:00,0.581734,0.582174,0.580349,0.580349,4,2025-08-22
2025-08-22 16:00:00,0.580248,0.581497,0.580248,0.580653,4,2025-08-22
2025-08-22 20:00:00,0.580720,0.580720,0.580349,0.580653,1,2025-08-22
2025-08-25 08:00:00,0.586717,0.586820,0.585480,0.585617,3,2025-08-25
2025-08-25 12:00:00,0.585617,0.587027,0.585412,0.586889,4,2025-08-25
2025-08-25 16:00:00,0.586992,0.588131,0.586029,0.586063,4,2025-08-25
2025-08-25 20:00:00,0.586167,0.587510,0.585857,0.587199,4,2025-08-26
2025-08-26 00:00:00,0.587337,0.587855,0.585892,0.585892,4,2025-08-26
2025-08-26 04:00:00,0.585960,0.585995,0.584795,0.585240,4,2025-08-26
2025-08-26 08:00:00,0.585172,0.586270,0.584078,0.584078,4,2025-08-26
2025-08-26 12:00:00,0.584180,0.584761,0.583124,0.584454,4,2025-08-26
2025-08-26 16:00:00,0.584317,0.585001,0.583635,0.584932,4,2025-08-26
2025-08-26 20:00:00,0.584932,0.586063,0.584830,0.585686,4,2025-08-27
2025-08-27 00:00:00,0.585549,0.586958,0.585549,0.586373,4,2025-08-27
2025-08-27 04:00:00,0.586373,0.586476,0.585446,0.585960,4,2025-08-27
2025-08-27 08:00:00,0.586098,0.586545,0.585172,0.585617,4,2025-08-27
2025-08-27 12:00:00,0.585686,0.585823,0.584488,0.584659,4,2025-08-27
2025-08-27 16:00:00,0.584624,0.585001,0.582717,0.583090,4,2025-08-27
2025-08-27 20:00:00,0.583022,0.583363,0.582072,0.583294,4,2025-08-28
2025-08-28 00:00:00,0.583090,0.586648,0.582819,0.586510,4,2025-08-28
2025-08-28 04:00:00,0.586510,0.586545,0.585103,0.585926,4,2025-08-28
2025-08-28 08:00:00,0.585892,0.586510,0.585720,0.585720,4,2025-08-28
2025-08-28 12:00:00,0.585789,0.586958,0.585583,0.585960,4,2025-08-28
2025-08-28 16:00:00,0.586063,0.587027,0.585720,0.586682,4,2025-08-28
2025-08-28 20:00:00,0.586613,0.587924,0.586545,0.587130,4,2025-08-29
2025-08-29 00:00:00,0.587061,0.589345,0.587061,0.589032,4,2025-08-29
2025-08-29 04:00:00,0.589067,0.589102,0.588305,0.588408,4,2025-08-29
2025-08-29 08:00:00,0.588443,0.589310,0.588201,0.589102,4,2025-08-29
2025-08-29 12:00:00,0.589206,0.589657,0.588616,0.589275,4,2025-08-29
2025-08-29 16:00:00,0.589310,0.589936,0.588789,0.588859,4,2025-08-29
2025-08-29 20:00:00,0.588755,0.589136,0.588720,0.588789,1,2025-08-29
2025-09-01 08:00:00,0.589692,0.590842,0.589484,0.590598,3,2025-09-01
2025-09-01 12:00:00,0.590842,0.591436,0.590214,0.590319,4,2025-09-01
2025-09-01 16:00:00,0.590284,0.591611,0.589240,0.591156,4,2025-09-01
2025-09-01 20:00:00,0.591191,0.591401,0.589936,0.589936,4,2025-09-02
2025-09-02 00:00:00,0.590040,0.590598,0.589901,0.590145,4,2025-09-02
2025-09-02 04:00:00,0.590145,0.590633,0.589820,0.590319,4,2025-09-02
2025-09-02 08:00:00,0.590388,0.590842,0.589518,0.589588,4,2025-09-02
2025-09-02 12:00:00,0.589484,0.589657,0.588374,0.588478,4,2025-09-02
2025-09-02 16:00:00,0.588616,0.589032,0.585069,0.585857,4,2025-09-02
2025-09-02 20:00:00,0.585754,0.586029,0.584112,0.585857,4,2025-09-03
2025-09-03 00:00:00,0.586648,0.587165,0.585926,0.586373,4,2025-09-03
2025-09-03 04:00:00,0.586407,0.586854,0.585892,0.586476,4,2025-09-03
2025-09-03 08:00:00,0.586545,0.586786,0.585617,0.586029,4,2025-09-03
2025-09-03 12:00:00,0.586063,0.586476,0.585070,0.585412,4,2025-09-03
2025-09-03 16:00:00,0.585549,0.586854,0.584385,0.586545,4,2025-09-03
2025-09-03 20:00:00,0.586545,0.587096,0.585823,0.586648,4,2025-09-04
2025-09-04 00:00:00,0.587199,0.588512,0.587199,0.587630,4,2025-09-04
2025-09-04 04:00:00,0.587620,0.588235,0.587406,0.587959,4,2025-09-04
2025-09-04 08:00:00,0.587959,0.589102,0.587855,0.588339,4,2025-09-04
2025-09-04 12:00:00,0.588270,0.588339,0.586717,0.586820,4,2025-09-04
2025-09-04 16:00:00,0.587027,0.587061,0.585926,0.586098,4,2025-09-04
2025-09-04 20:00:00,0.586098,0.586442,0.584864,0.585617,4,2025-09-05
2025-09-05 00:00:00,0.584932,0.584966,0.583499,0.583805,4,2025-09-05
2025-09-05 04:00:00,0.583805,0.584898,0.583805,0.584898,4,2025-09-05
2025-09-05 08:00:00,0.584898,0.586579,0.584795,0.586510,4,2025-09-05
2025-09-05 12:00:00,0.586579,0.586889,0.586063,0.586820,4,2025-09-05
2025-09-05 16:00:00,0.586682,0.588062,0.586442,0.587820,4,2025-09-05
2025-09-05 20:00:00,0.587855,0.587993,0.587751,0.587751,1,2025-09-05
2025-09-08 08:00:00,0.588720,0.590145,0.588478,0.590040,3,2025-09-08
2025-09-08 12:00:00,0.590179,0.590667,0.589692,0.590493,4,2025-09-08
2025-09-08 16:00:00,0.590563,0.593225,0.590563,0.592487,4,2025-09-08
2025-09-08 20:00:00,0.592452,0.594530,0.592347,0.594071,4,2025-09-09
2025-09-09 00:00:00,0.594036,0.594177,0.593120,0.593261,4,2025-09-09
2025-09-09 04:00:00,0.593331,0.594424,0.593331,0.594071,4,2025-09-09
2025-09-09 08:00:00,0.594212,0.595061,0.593920,0.594778,4,2025-09-09
2025-09-09 12:00:00,0.594778,0.595770,0.594248,0.595699,4,2025-09-09
2025-09-09 16:00:00,0.595593,0.595983,0.594140,0.595912,4,2025-09-09
2025-09-09 20:00:00,0.595983,0.596090,0.594142,0.594778,4,2025-09-10
2025-09-10 00:00:00,0.595132,0.595132,0.592733,0.592733,4,2025-09-10
2025-09-10 04:00:00,0.592698,0.593296,0.592487,0.592733,4,2025-09-10
2025-09-10 08:00:00,0.592663,0.593120,0.592417,0.592874,4,2025-09-10
2025-09-10 12:00:00,0.592944,0.595203,0.592874,0.594672,4,2025-09-10
2025-09-10 16:00:00,0.594778,0.595344,0.593577,0.594955,4,2025-09-10
2025-09-10 20:00:00,0.594884,0.595841,0.593789,0.595770,4,2025-09-11
2025-09-11 00:00:00,0.596090,0.596445,0.594813,0.595132,4,2025-09-11
2025-09-11 04:00:00,0.595167,0.595344,0.593895,0.593965,4,2025-09-11
2025-09-11 08:00:00,0.594283,0.594919,0.593754,0.594530,4,2025-09-11
2025-09-11 12:00:00,0.594530,0.594530,0.593401,0.593401,4,2025-09-11
2025-09-11 16:00:00,0.593225,0.593754,0.592417,0.593014,4,2025-09-11
2025-09-11 20:00:00,0.593014,0.595557,0.592522,0.595557,4,2025-09-12
2025-09-12 00:00:00,0.595451,0.597693,0.595451,0.597336,4,2025-09-12
2025-09-12 04:00:00,0.597336,0.598122,0.597336,0.597550,4,2025-09-12
2025-09-12 08:00:00,0.597907,0.598015,0.597193,0.597193,4,2025-09-12
2025-09-12 12:00:00,0.597193,0.597479,0.596837,0.597051,4,2025-09-12
2025-09-12 16:00:00,0.596908,0.597586,0.595309,0.595699,4,2025-09-12
2025-09-12 20:00:00,0.595770,0.596054,0.595664,0.595735,1,2025-09-12
2025-09-15 08:00:00,0.595593,0.596374,0.595273,0.596374,3,2025-09-15
2025-09-15 12:00:00,0.596196,0.596766,0.595877,0.596054,4,2025-09-15
2025-09-15 16:00:00,0.596090,0.596587,0.595380,0.595735,4,2025-09-15
2025-09-15 20:00:00,0.595841,0.596979,0.595460,0.596232,4,2025-09-16
2025-09-16 00:00:00,0.595983,0.597586,0.595948,0.597586,4,2025-09-16
2025-09-16 04:00:00,0.597586,0.597657,0.596766,0.596920,4,2025-09-16
2025-09-16 08:00:00,0.596970,0.597265,0.595920,0.596481,4,2025-09-16
2025-09-16 12:00:00,0.596260,0.597229,0.595806,0.597122,4,2025-09-16
2025-09-16 16:00:00,0.597193,0.598158,0.596801,0.597407,4,2025-09-16
2025-09-16 20:00:00,0.597336,0.598372,0.596872,0.597729,4,2025-09-17
2025-09-17 00:00:00,0.597693,0.599161,0.597336,0.598982,4,2025-09-17
2025-09-17 04:00:00,0.598982,0.599269,0.597729,0.598910,4,2025-09-17
2025-09-17 08:00:00,0.598946,0.599233,0.597836,0.598086,4,2025-09-17
2025-09-17 12:00:00,0.598158,0.598265,0.597800,0.597800,4,2025-09-17
2025-09-17 16:00:00,0.597729,0.597943,0.596740,0.597729,4,2025-09-17
2025-09-17 20:00:00,0.597764,0.598838,0.597265,0.598587,4,2025-09-18
2025-09-18 00:00:00,0.598337,0.598587,0.597015,0.597586,4,2025-09-18
2025-09-18 04:00:00,0.598767,0.600853,0.595344,0.596623,4,2025-09-18
2025-09-18 08:00:00,0.596694,0.596694,0.591436,0.592207,4,2025-09-18
2025-09-18 12:00:00,0.592312,0.593472,0.590772,0.590877,4,2025-09-18
2025-09-18 16:00:00,0.590807,0.591716,0.589484,0.590877,4,2025-09-18
2025-09-18 20:00:00,0.590772,0.590982,0.587613,0.588374,4,2025-09-19
2025-09-19 00:00:00,0.588270,0.588997,0.587579,0.588374,4,2025-09-19
2025-09-19 04:00:00,0.588339,0.588685,0.588166,0.588512,4,2025-09-19
2025-09-19 08:00:00,0.588478,0.589310,0.587751,0.587855,4,2025-09-19
2025-09-19 12:00:00,0.587889,0.588824,0.587027,0.587061,4,2025-09-19
2025-09-19 16:00:00,0.586682,0.588166,0.585720,0.587751,4,2025-09-19
2025-09-19 20:00:00,0.587786,0.588201,0.587648,0.587717,1,2025-09-19
2025-09-22 08:00:00,0.585892,0.585960,0.584898,0.585412,3,2025-09-22
2025-09-22 12:00:00,0.585480,0.586407,0.585069,0.585823,4,2025-09-22
2025-09-22 16:00:00,0.585857,0.586338,0.584556,0.586270,4,2025-09-22
2025-09-22 20:00:00,0.586338,0.586682,0.585412,0.586167,4,2025-09-23
2025-09-23 00:00:00,0.585926,0.587027,0.585343,0.587027,4,2025-09-23
2025-09-23 04:00:00,0.587027,0.587303,0.585892,0.586854,4,2025-09-23
2025-09-23 08:00:00,0.586992,0.587130,0.585857,0.586338,4,2025-09-23
2025-09-23 12:00:00,0.586338,0.586338,0.584727,0.585343,4,2025-09-23
2025-09-23 16:00:00,0.585069,0.586958,0.584761,0.586579,4,2025-09-23
2025-09-23 20:00:00,0.586648,0.587096,0.585480,0.585823,4,2025-09-24
2025-09-24 00:00:00,0.585926,0.586407,0.585446,0.585789,4,2025-09-24
2025-09-24 04:00:00,0.585754,0.586167,0.585309,0.585720,4,2025-09-24
2025-09-24 08:00:00,0.585995,0.586373,0.585172,0.586132,4,2025-09-24
2025-09-24 12:00:00,0.586132,0.586648,0.585514,0.585892,4,2025-09-24
2025-09-24 16:00:00,0.585995,0.586098,0.584317,0.584556,4,2025-09-24
2025-09-24 20:00:00,0.584419,0.584454,0.581767,0.582140,4,2025-09-25
2025-09-25 00:00:00,0.581801,0.582038,0.581091,0.581463,4,2025-09-25
2025-09-25 04:00:00,0.581497,0.582208,0.581125,0.581734,4,2025-09-25
2025-09-25 08:00:00,0.581700,0.582072,0.580956,0.581564,4,2025-09-25
2025-09-25 12:00:00,0.581632,0.582988,0.581598,0.582174,4,2025-09-25
2025-09-25 16:00:00,0.582140,0.583260,0.581835,0.582581,4,2025-09-25
2025-09-25 20:00:00,0.582581,0.582852,0.577434,0.577467,4,2025-09-26
2025-09-26 00:00:00,0.577401,0.577968,0.576469,0.576635,4,2025-09-26
2025-09-26 04:00:00,0.576635,0.577401,0.576136,0.577067,4,2025-09-26
2025-09-26 08:00:00,0.577001,0.577167,0.575838,0.576336,4,2025-09-26
2025-09-26 12:00:00,0.576369,0.577234,0.576369,0.576901,4,2025-09-26
2025-09-26 16:00:00,0.576901,0.577267,0.575937,0.576170,4,2025-09-26
2025-09-26 20:00:00,0.576136,0.576269,0.575606,0.575937,1,2025-09-26
2025-09-29 08:00:00,0.577634,0.578235,0.577367,0.577767,3,2025-09-29
2025-09-29 12:00:00,0.577767,0.579374,0.577767,0.579240,4,2025-09-29
2025-09-29 16:00:00,0.579106,0.579710,0.578737,0.578938,4,2025-09-29
2025-09-29 20:00:00,0.578871,0.579173,0.578202,0.578336,4,2025-09-30
2025-09-30 00:00:00,0.578570,0.578972,0.578035,0.578035,4,2025-09-30
2025-09-30 04:00:00,0.578102,0.578503,0.577767,0.577801,4,2025-09-30
2025-09-30 08:00:00,0.577868,0.578771,0.577567,0.578168,4,2025-09-30
2025-09-30 12:00:00,0.577868,0.579576,0.577868,0.578771,4,2025-09-30
2025-09-30 16:00:00,0.579072,0.580720,0.579072,0.579744,4,2025-09-30
2025-09-30 20:00:00,0.579811,0.580552,0.579005,0.580417,4,2025-10-01
2025-10-01 00:00:00,0.580552,0.580922,0.579744,0.579979,4,2025-10-01
2025-10-01 04:00:00,0.579912,0.580383,0.579475,0.579643,4,2025-10-01
2025-10-01 08:00:00,0.579710,0.580215,0.578838,0.579307,4,2025-10-01
2025-10-01 12:00:00,0.579173,0.580922,0.578860,0.580215,4,2025-10-01
2025-10-01 16:00:00,0.580383,0.582242,0.580147,0.581497,4,2025-10-01
2025-10-01 20:00:00,0.581328,0.583328,0.580619,0.582988,4,2025-10-02
2025-10-02 00:00:00,0.582886,0.583090,0.581058,0.581362,4,2025-10-02
2025-10-02 04:00:00,0.581362,0.582343,0.580653,0.581869,4,2025-10-02
2025-10-02 08:00:00,0.582140,0.583703,0.581429,0.583601,4,2025-10-02
2025-10-02 12:00:00,0.583703,0.583703,0.582615,0.583465,4,2025-10-02
2025-10-02 16:00:00,0.583635,0.584488,0.583431,0.583805,4,2025-10-02
2025-10-02 20:00:00,0.583635,0.583635,0.581125,0.581328,4,2025-10-03
2025-10-03 00:00:00,0.581260,0.582140,0.580518,0.581937,4,2025-10-03
2025-10-03 04:00:00,0.581971,0.582343,0.581598,0.582242,4,2025-10-03
2025-10-03 08:00:00,0.581971,0.582649,0.581640,0.582615,4,2025-10-03
2025-10-03 12:00:00,0.582581,0.582581,0.581564,0.582004,4,2025-10-03
2025-10-03 16:00:00,0.582038,0.583601,0.582038,0.583601,4,2025-10-03
2025-10-03 20:00:00,0.583601,0.583601,0.583294,0.583431,1,2025-10-03
2025-10-06 08:00:00,0.581869,0.583022,0.581767,0.582988,2,2025-10-06
2025-10-06 12:00:00,0.582920,0.584078,0.582581,0.583294,4,2025-10-06
2025-10-06 16:00:00,0.583226,0.584010,0.581869,0.582242,4,2025-10-06
2025-10-06 20:00:00,0.582140,0.583294,0.581226,0.583294,4,2025-10-07
2025-10-07 00:00:00,0.583226,0.584317,0.583056,0.584078,4,2025-10-07
2025-10-07 04:00:00,0.584078,0.584659,0.584078,0.584385,4,2025-10-07
2025-10-07 08:00:00,0.583567,0.584351,0.583090,0.583124,4,2025-10-07
2025-10-07 12:00:00,0.582920,0.583907,0.582649,0.582852,4,2025-10-07
2025-10-07 16:00:00,0.582785,0.582886,0.580630,0.580922,4,2025-10-07
2025-10-07 20:00:00,0.580990,0.581463,0.580383,0.580956,4,2025-10-08
2025-10-08 00:00:00,0.580922,0.581666,0.580552,0.580653,4,2025-10-08
2025-10-08 04:00:00,0.580619,0.581058,0.579609,0.580080,4,2025-10-08
2025-10-08 08:00:00,0.580046,0.580316,0.579408,0.579912,4,2025-10-08
2025-10-08 12:00:00,0.575772,0.576070,0.574119,0.574515,4,2025-10-08
2025-10-08 16:00:00,0.574415,0.576502,0.573921,0.575871,4,2025-10-08
2025-10-08 20:00:00,0.575971,0.578202,0.575937,0.578068,4,2025-10-09
2025-10-09 00:00:00,0.578102,0.578838,0.577467,0.577868,4,2025-10-09
2025-10-09 04:00:00,0.577767,0.578905,0.577634,0.578871,4,2025-10-09
2025-10-09 08:00:00,0.578771,0.579509,0.578402,0.579307,4,2025-10-09
2025-10-09 12:00:00,0.579542,0.580788,0.579173,0.580653,4,2025-10-09
2025-10-09 16:00:00,0.580552,0.580754,0.576302,0.576967,4,2025-10-09
2025-10-09 20:00:00,0.577001,0.578670,0.577001,0.578369,4,2025-10-10
2025-10-10 00:00:00,0.578269,0.578737,0.574053,0.574251,4,2025-10-10
2025-10-10 04:00:00,0.574415,0.574911,0.573625,0.574680,4,2025-10-10
2025-10-10 08:00:00,0.574779,0.575473,0.574449,0.575473,4,2025-10-10
2025-10-10 12:00:00,0.575573,0.575937,0.575242,0.575672,4,2025-10-10
2025-10-10 16:00:00,0.575772,0.575971,0.574251,0.575772,4,2025-10-10
2025-10-10 20:00:00,0.575772,0.575772,0.575142,0.575142,1,2025-10-10
2025-10-13 08:00:00,0.573230,0.573789,0.572475,0.573658,2,2025-10-13
2025-10-13 12:00:00,0.573625,0.574647,0.573395,0.574020,4,2025-10-13
2025-10-13 16:00:00,0.574185,0.574251,0.572672,0.573263,4,2025-10-13
2025-10-13 20:00:00,0.573362,0.573756,0.572148,0.572279,4,2025-10-14
2025-10-14 00:00:00,0.572312,0.573723,0.572279,0.573592,4,2025-10-14
2025-10-14 04:00:00,0.573658,0.573691,0.572738,0.572770,4,2025-10-14
2025-10-14 08:00:00,0.572902,0.573066,0.571755,0.572475,4,2025-10-14
2025-10-14 12:00:00,0.572475,0.572705,0.570516,0.570874,4,2025-10-14
2025-10-14 16:00:00,0.570776,0.570776,0.568828,0.569080,4,2025-10-14
2025-10-14 20:00:00,0.569055,0.569508,0.568473,0.569314,4,2025-10-15
2025-10-15 00:00:00,0.569411,0.572508,0.569411,0.572115,4,2025-10-15
2025-10-15 04:00:00,0.571919,0.572148,0.570939,0.571690,4,2025-10-15
2025-10-15 08:00:00,0.571625,0.572050,0.570809,0.571265,4,2025-10-15
2025-10-15 12:00:00,0.571461,0.572869,0.571265,0.572213,4,2025-10-15
2025-10-15 16:00:00,0.572279,0.573296,0.571755,0.572803,4,2025-10-15
2025-10-15 20:00:00,0.572738,0.573164,0.571919,0.571984,4,2025-10-16
2025-10-16 00:00:00,0.571755,0.573132,0.571625,0.572279,4,2025-10-16
2025-10-16 04:00:00,0.572082,0.572607,0.570874,0.572607,4,2025-10-16
2025-10-16 08:00:00,0.572508,0.573197,0.571363,0.573099,4,2025-10-16
2025-10-16 12:00:00,0.573362,0.575672,0.573362,0.574515,4,2025-10-16
2025-10-16 16:00:00,0.574680,0.575043,0.573658,0.573921,4,2025-10-16
2025-10-16 20:00:00,0.573921,0.574185,0.573362,0.574119,4,2025-10-17
2025-10-17 00:00:00,0.573921,0.574185,0.572607,0.573263,4,2025-10-17
2025-10-17 04:00:00,0.573329,0.573855,0.572050,0.572607,4,2025-10-17
2025-10-17 08:00:00,0.572574,0.573230,0.572312,0.573066,4,2025-10-17
2025-10-17 12:00:00,0.573000,0.573691,0.571853,0.573395,4,2025-10-17
2025-10-17 16:00:00,0.573427,0.573789,0.571494,0.572115,4,2025-10-17
2025-10-17 20:00:00,0.572148,0.572902,0.572148,0.572902,1,2025-10-17
2025-10-20 08:00:00,0.573427,0.573822,0.573099,0.573822,2,2025-10-20
2025-10-20 12:00:00,0.573954,0.574415,0.573526,0.573822,4,2025-10-20
2025-10-20 16:00:00,0.573658,0.574415,0.573132,0.574119,4,2025-10-20
2025-10-20 20:00:00,0.573954,0.574119,0.572700,0.573460,4,2025-10-21
2025-10-21 00:00:00,0.573493,0.575407,0.573263,0.575076,4,2025-10-21
2025-10-21 04:00:00,0.574977,0.575242,0.574515,0.574581,4,2025-10-21
2025-10-21 08:00:00,0.574515,0.575341,0.574185,0.575242,4,2025-10-21
2025-10-21 12:00:00,0.575242,0.575242,0.572803,0.573066,4,2025-10-21
2025-10-21 16:00:00,0.573197,0.573197,0.571331,0.571755,4,2025-10-21
2025-10-21 20:00:00,0.571886,0.572967,0.571396,0.572967,4,2025-10-22
2025-10-22 00:00:00,0.573132,0.575142,0.571930,0.574482,4,2025-10-22
2025-10-22 04:00:00,0.574449,0.574812,0.574119,0.574317,4,2025-10-22
2025-10-22 08:00:00,0.574284,0.574812,0.573756,0.574415,4,2025-10-22
2025-10-22 12:00:00,0.574449,0.575341,0.574086,0.575341,4,2025-10-22
2025-10-22 16:00:00,0.575440,0.576236,0.574647,0.574944,4,2025-10-22
2025-10-22 20:00:00,0.574944,0.575109,0.573840,0.574415,4,2025-10-23
2025-10-23 00:00:00,0.574415,0.575341,0.574086,0.575109,4,2025-10-23
2025-10-23 04:00:00,0.574944,0.574944,0.573650,0.574020,4,2025-10-23
2025-10-23 08:00:00,0.574053,0.574383,0.573625,0.574185,4,2025-10-23
2025-10-23 12:00:00,0.574383,0.574383,0.572672,0.573230,4,2025-10-23
2025-10-23 16:00:00,0.573263,0.575242,0.573000,0.574713,4,2025-10-23
2025-10-23 20:00:00,0.574680,0.575142,0.574086,0.574581,4,2025-10-24
2025-10-24 00:00:00,0.574614,0.575506,0.574614,0.574977,4,2025-10-24
2025-10-24 04:00:00,0.574911,0.575672,0.574647,0.575374,4,2025-10-24
2025-10-24 08:00:00,0.575275,0.576037,0.575109,0.575805,4,2025-10-24
2025-10-24 12:00:00,0.575805,0.575871,0.574746,0.574944,4,2025-10-24
2025-10-24 16:00:00,0.574977,0.575772,0.574383,0.574581,4,2025-10-24
2025-10-24 20:00:00,0.574350,0.574548,0.574185,0.574218,1,2025-10-24
2025-10-27 08:00:00,0.576236,0.576668,0.576070,0.576236,1,2025-10-27
2025-10-27 12:00:00,0.576236,0.577167,0.575540,0.575805,4,2025-10-27
2025-10-27 16:00:00,0.575871,0.577167,0.575440,0.576170,4,2025-10-27
2025-10-27 20:00:00,0.576037,0.576934,0.575871,0.576535,4,2025-10-28
2025-10-28 00:00:00,0.576735,0.576967,0.575705,0.576668,4,2025-10-28
2025-10-28 04:00:00,0.576735,0.577567,0.576502,0.577067,4,2025-10-28
2025-10-28 08:00:00,0.577001,0.578202,0.576967,0.577868,4,2025-10-28
2025-10-28 12:00:00,0.577767,0.578503,0.577267,0.578436,4,2025-10-28
2025-10-28 16:00:00,0.578436,0.578503,0.576300,0.576469,4,2025-10-28
2025-10-28 20:00:00,0.576502,0.577734,0.576435,0.576834,4,2025-10-29
2025-10-29 00:00:00,0.576801,0.578938,0.576136,0.578938,4,2025-10-29
2025-10-29 04:00:00,0.579106,0.579106,0.578102,0.578302,4,2025-10-29
2025-10-29 08:00:00,0.578269,0.578838,0.577935,0.578235,4,2025-10-29
2025-10-29 12:00:00,0.578302,0.578771,0.577467,0.578168,4,2025-10-29
2025-10-29 16:00:00,0.578168,0.579744,0.577734,0.577734,4,2025-10-29
2025-10-29 20:00:00,0.577701,0.578871,0.577501,0.578068,4,2025-10-30
2025-10-30 00:00:00,0.578369,0.580282,0.578168,0.579845,4,2025-10-30
2025-10-30 04:00:00,0.579811,0.579979,0.575275,0.576568,4,2025-10-30
2025-10-30 08:00:00,0.576535,0.577734,0.576170,0.577734,4,2025-10-30
2025-10-30 12:00:00,0.577767,0.578905,0.576967,0.578905,4,2025-10-30
2025-10-30 16:00:00,0.578771,0.578871,0.576940,0.577534,4,2025-10-30
2025-10-30 20:00:00,0.577467,0.577501,0.573230,0.573230,4,2025-10-31
2025-10-31 00:00:00,0.573000,0.574911,0.572770,0.574614,4,2025-10-31
2025-10-31 04:00:00,0.574680,0.574812,0.573855,0.574350,4,2025-10-31
2025-10-31 08:00:00,0.574415,0.574614,0.574000,0.574251,4,2025-10-31
2025-10-31 12:00:00,0.574317,0.574317,0.572967,0.573493,4,2025-10-31
2025-10-31 16:00:00,0.573427,0.573427,0.571657,0.572279,4,2025-10-31
2025-10-31 20:00:00,0.572213,0.572508,0.571984,0.572508,1,2025-10-31
2025-11-03 08:00:00,0.571960,0.572410,0.571960,0.572017,2,2025-11-03
2025-11-03 12:00:00,0.571952,0.572935,0.571461,0.572738,4,2025-11-03
2025-11-03 16:00:00,0.572738,0.573132,0.571821,0.572082,4,2025-11-03
2025-11-03 20:00:00,0.571886,0.572443,0.571494,0.571886,4,2025-11-04
2025-11-04 00:00:00,0.571821,0.571821,0.569444,0.570874,4,2025-11-04
2025-11-04 04:00:00,0.570711,0.571396,0.570711,0.570939,4,2025-11-04
2025-11-04 08:00:00,0.570907,0.571167,0.569508,0.569703,4,2025-11-04
2025-11-04 12:00:00,0.569671,0.570060,0.568861,0.569022,4,2025-11-04
2025-11-04 16:00:00,0.568893,0.569055,0.567601,0.567762,4,2025-11-04
2025-11-04 20:00:00,0.567891,0.567891,0.565995,0.566251,4,2025-11-05
2025-11-05 00:00:00,0.566251,0.566926,0.565707,0.566572,4,2025-11-05
2025-11-05 04:00:00,0.566540,0.566540,0.564908,0.565099,4,2025-11-05
2025-11-05 08:00:00,0.565259,0.565867,0.563825,0.564207,4,2025-11-05
2025-11-05 12:00:00,0.563984,0.565931,0.563285,0.565739,4,2025-11-05
2025-11-05 16:00:00,0.565707,0.566219,0.565068,0.565579,4,2025-11-05
2025-11-05 20:00:00,0.565451,0.565771,0.564079,0.564844,4,2025-11-06
2025-11-06 00:00:00,0.564812,0.566380,0.564207,0.566348,4,2025-11-06
2025-11-06 04:00:00,0.566380,0.566701,0.566123,0.566380,4,2025-11-06
2025-11-06 08:00:00,0.566187,0.566861,0.565899,0.566508,4,2025-11-06
2025-11-06 12:00:00,0.566219,0.567022,0.565867,0.566701,4,2025-11-06
2025-11-06 16:00:00,0.566669,0.566797,0.565291,0.566733,4,2025-11-06
2025-11-06 20:00:00,0.566701,0.566733,0.565867,0.566540,4,2025-11-07
2025-11-07 00:00:00,0.566701,0.567118,0.562778,0.563063,4,2025-11-07
2025-11-07 04:00:00,0.563126,0.564430,0.562810,0.563666,4,2025-11-07
2025-11-07 08:00:00,0.563761,0.564207,0.563412,0.563412,4,2025-11-07
2025-11-07 12:00:00,0.563349,0.563444,0.561671,0.561956,4,2025-11-07
2025-11-07 16:00:00,0.562114,0.562525,0.560821,0.562208,4,2025-11-07
2025-11-07 20:00:00,0.562177,0.562272,0.561577,0.562019,2,2025-11-07
2025-11-10 08:00:00,0.562220,0.563412,0.562220,0.562556,2,2025-11-10
2025-11-10 12:00:00,0.562778,0.563793,0.562335,0.563761,4,2025-11-10
2025-11-10 16:00:00,0.563698,0.564844,0.563158,0.564653,4,2025-11-10
2025-11-10 20:00:00,0.564748,0.565195,0.563984,0.564398,4,2025-11-11
2025-11-11 00:00:00,0.564398,0.564812,0.562936,0.563317,4,2025-11-11
2025-11-11 04:00:00,0.563380,0.565004,0.563349,0.564812,4,2025-11-11
2025-11-11 08:00:00,0.564748,0.565099,0.564462,0.564685,4,2025-11-11
2025-11-11 12:00:00,0.564589,0.564876,0.563857,0.564016,4,2025-11-11
2025-11-11 16:00:00,0.564016,0.564717,0.563349,0.564557,4,2025-11-11
2025-11-11 20:00:00,0.564462,0.565579,0.564302,0.565004,4,2025-11-12
2025-11-12 00:00:00,0.565004,0.567054,0.564972,0.565707,4,2025-11-12
2025-11-12 04:00:00,0.565803,0.566412,0.565643,0.565707,4,2025-11-12
2025-11-12 08:00:00,0.565771,0.565867,0.565291,0.565323,4,2025-11-12
2025-11-12 12:00:00,0.565451,0.566155,0.564780,0.564940,4,2025-11-12
2025-11-12 16:00:00,0.564908,0.566091,0.564748,0.565707,4,2025-11-12
2025-11-12 20:00:00,0.565611,0.566701,0.565547,0.566636,4,2025-11-13
2025-11-13 00:00:00,0.566797,0.566797,0.565690,0.566283,4,2025-11-13
2025-11-13 04:00:00,0.566380,0.567215,0.566348,0.566636,4,2025-11-13
2025-11-13 08:00:00,0.566701,0.567151,0.565004,0.565004,4,2025-11-13
2025-11-13 12:00:00,0.565227,0.566251,0.565004,0.565579,4,2025-11-13
2025-11-13 16:00:00,0.565547,0.568408,0.563698,0.568376,4,2025-11-13
2025-11-13 20:00:00,0.568311,0.568311,0.566604,0.567312,4,2025-11-14
2025-11-14 00:00:00,0.567151,0.567891,0.566155,0.567730,4,2025-11-14
2025-11-14 04:00:00,0.567762,0.567762,0.565419,0.565611,4,2025-11-14
2025-11-14 08:00:00,0.565675,0.566958,0.564690,0.566187,4,2025-11-14
2025-11-14 12:00:00,0.566123,0.569217,0.566123,0.568214,4,2025-11-14
2025-11-14 16:00:00,0.568182,0.568958,0.567022,0.568085,4,2025-11-14
2025-11-14 20:00:00,0.568053,0.568214,0.567408,0.567472,2,2025-11-14
2025-11-17 08:00:00,0.567920,0.567920,0.566733,0.566733,2,2025-11-17
2025-11-17 12:00:00,0.566636,0.567054,0.566027,0.566893,4,2025-11-17
2025-11-17 16:00:00,0.566958,0.569055,0.566926,0.567698,4,2025-11-17
2025-11-17 20:00:00,0.567440,0.567698,0.566187,0.566893,4,2025-11-18
2025-11-18 00:00:00,0.566958,0.567440,0.566059,0.567440,4,2025-11-18
2025-11-18 04:00:00,0.567408,0.567666,0.565099,0.565835,4,2025-11-18
2025-11-18 08:00:00,0.565835,0.566219,0.565099,0.565291,4,2025-11-18
2025-11-18 12:00:00,0.565355,0.566027,0.564016,0.565131,4,2025-11-18
2025-11-18 16:00:00,0.565163,0.567054,0.564908,0.566669,4,2025-11-18
2025-11-18 20:00:00,0.566508,0.567054,0.566187,0.566733,4,2025-11-19
2025-11-19 00:00:00,0.566926,0.567601,0.564940,0.566187,4,2025-11-19
2025-11-19 04:00:00,0.566155,0.566990,0.565515,0.566348,4,2025-11-19
2025-11-19 08:00:00,0.566251,0.566348,0.564500,0.564717,4,2025-11-19
2025-11-19 12:00:00,0.564844,0.564844,0.562968,0.563285,4,2025-11-19
2025-11-19 16:00:00,0.563285,0.564493,0.563095,0.563190,4,2025-11-19
2025-11-19 20:00:00,0.563063,0.563603,0.562588,0.563000,4,2025-11-20
2025-11-20 00:00:00,0.562873,0.563222,0.559850,0.560193,4,2025-11-20
2025-11-20 04:00:00,0.560475,0.560475,0.559159,0.559910,4,2025-11-20
2025-11-20 08:00:00,0.559848,0.561577,0.559691,0.561167,4,2025-11-20
2025-11-20 12:00:00,0.561388,0.561482,0.559722,0.561104,4,2025-11-20
2025-11-20 16:00:00,0.561010,0.561482,0.560475,0.561167,4,2025-11-20
2025-11-20 20:00:00,0.561041,0.561987,0.561041,0.561262,4,2025-11-21
2025-11-21 00:00:00,0.561419,0.563952,0.559754,0.559754,4,2025-11-21
2025-11-21 04:00:00,0.560161,0.560224,0.559097,0.559190,4,2025-11-21
2025-11-21 08:00:00,0.559128,0.559628,0.558316,0.559534,4,2025-11-21
2025-11-21 12:00:00,0.559597,0.559910,0.559080,0.559566,4,2025-11-21
2025-11-21 16:00:00,0.559785,0.560758,0.559409,0.560664,4,2025-11-21
2025-11-21 20:00:00,0.560601,0.560601,0.558753,0.559534,2,2025-11-21
2025-11-24 08:00:00,0.561160,0.561325,0.560727,0.560790,2,2025-11-24
2025-11-24 12:00:00,0.560695,0.561577,0.560475,0.560758,4,2025-11-24
2025-11-24 16:00:00,0.560664,0.561514,0.560224,0.561073,4,2025-11-24
2025-11-24 20:00:00,0.560915,0.561608,0.559722,0.561356,4,2025-11-25
2025-11-25 00:00:00,0.561482,0.561482,0.560004,0.560740,4,2025-11-25
2025-11-25 04:00:00,0.560730,0.561410,0.560360,0.561180,4,2025-11-25
2025-11-25 08:00:00,0.561180,0.561420,0.560540,0.561120,4,2025-11-25
2025-11-25 12:00:00,0.561130,0.562160,0.559880,0.560030,4,2025-11-25
2025-11-25 16:00:00,0.560040,0.560720,0.559280,0.559720,4,2025-11-25
2025-11-25 20:00:00,0.559720,0.560960,0.559160,0.560030,4,2025-11-26
2025-11-26 00:00:00,0.560040,0.561470,0.559600,0.560830,4,2025-11-26
2025-11-26 04:00:00,0.560820,0.562790,0.560750,0.561870,4,2025-11-26
2025-11-26 08:00:00,0.561870,0.562960,0.561410,0.562640,4,2025-11-26
2025-11-26 12:00:00,0.562650,0.569530,0.562560,0.569090,4,2025-11-26
2025-11-26 16:00:00,0.569090,0.569430,0.567000,0.567770,4,2025-11-26
2025-11-26 20:00:00,0.567770,0.568210,0.566400,0.567160,4,2025-11-27
2025-11-27 00:00:00,0.567140,0.569380,0.566470,0.569280,4,2025-11-27
2025-11-27 04:00:00,0.569270,0.569660,0.569000,0.569340,4,2025-11-27
2025-11-27 08:00:00,0.569340,0.571250,0.569290,0.571110,4,2025-11-27
2025-11-27 12:00:00,0.571130,0.573230,0.571010,0.572720,4,2025-11-27
2025-11-27 16:00:00,0.572710,0.573170,0.571490,0.571630,4,2025-11-27
2025-11-27 20:00:00,0.571630,0.571780,0.570920,0.571460,4,2025-11-28
2025-11-28 00:00:00,0.571450,0.573000,0.571280,0.572500,4,2025-11-28
2025-11-28 04:00:00,0.572480,0.572620,0.572050,0.572160,4,2025-11-28
2025-11-28 08:00:00,0.572150,0.573130,0.572040,0.572590,4,2025-11-28
2025-11-28 12:00:00,0.572600,0.572930,0.571730,0.571840,4,2025-11-28
2025-11-28 16:00:00,0.571840,0.572000,0.570930,0.570930,4,2025-11-28
2025-11-28 20:00:00,0.570930,0.571240,0.570570,0.570640,2,2025-11-28
2025-12-01 08:00:00,0.572720,0.573980,0.572640,0.573180,3,2025-12-01
2025-12-01 12:00:00,0.573180,0.574430,0.572540,0.573310,4,2025-12-01
2025-12-01 16:00:00,0.573310,0.574040,0.572630,0.573500,4,2025-12-01
2025-12-01 20:00:00,0.573490,0.574810,0.572820,0.574800,4,2025-12-02
2025-12-02 00:00:00,0.574790,0.575210,0.573400,0.573570,4,2025-12-02
2025-12-02 04:00:00,0.573560,0.574030,0.572470,0.572670,4,2025-12-02
2025-12-02 08:00:00,0.572670,0.572940,0.572140,0.572200,4,2025-12-02
2025-12-02 12:00:00,0.572220,0.572890,0.571920,0.572490,4,2025-12-02
2025-12-02 16:00:00,0.572490,0.573270,0.572270,0.572450,4,2025-12-02
2025-12-02 20:00:00,0.572440,0.572620,0.571200,0.572250,4,2025-12-03
2025-12-03 00:00:00,0.572220,0.574440,0.572220,0.572480,4,2025-12-03
2025-12-03 04:00:00,0.572480,0.573730,0.572370,0.573580,4,2025-12-03
2025-12-03 08:00:00,0.573580,0.574420,0.573330,0.574030,4,2025-12-03
2025-12-03 12:00:00,0.574030,0.575330,0.573780,0.575180,4,2025-12-03
2025-12-03 16:00:00,0.575180,0.575570,0.574050,0.574510,4,2025-12-03
2025-12-03 20:00:00,0.574500,0.575160,0.573980,0.574730,4,2025-12-04
2025-12-04 00:00:00,0.574730,0.577130,0.573630,0.576710,4,2025-12-04
2025-12-04 04:00:00,0.576700,0.577640,0.576700,0.577380,4,2025-12-04
2025-12-04 08:00:00,0.577380,0.577750,0.576730,0.577350,4,2025-12-04
2025-12-04 12:00:00,0.577370,0.577580,0.576170,0.577130,4,2025-12-04
2025-12-04 16:00:00,0.577130,0.577820,0.576570,0.577450,4,2025-12-04
2025-12-04 20:00:00,0.577440,0.577670,0.576370,0.576580,4,2025-12-05
2025-12-05 00:00:00,0.576550,0.577820,0.576130,0.577601,4,2025-12-05
2025-12-05 04:00:00,0.577501,0.577534,0.576530,0.576590,4,2025-12-05
2025-12-05 08:00:00,0.576600,0.576760,0.575850,0.576380,4,2025-12-05
2025-12-05 12:00:00,0.576390,0.577090,0.576260,0.576890,4,2025-12-05
2025-12-05 16:00:00,0.576880,0.578060,0.576630,0.577450,4,2025-12-05
2025-12-05 20:00:00,0.577460,0.577880,0.577010,0.577710,2,2025-12-05
2025-12-08 08:00:00,0.577920,0.578550,0.577050,0.578450,3,2025-12-08
2025-12-08 12:00:00,0.578450,0.579140,0.578300,0.578520,4,2025-12-08
2025-12-08 16:00:00,0.578510,0.579040,0.577670,0.578280,4,2025-12-08
2025-12-08 20:00:00,0.578260,0.578740,0.577550,0.578410,4,2025-12-09
2025-12-09 00:00:00,0.578380,0.579210,0.575930,0.576870,4,2025-12-09
2025-12-09 04:00:00,0.576870,0.577940,0.576750,0.577620,4,2025-12-09
2025-12-09 08:00:00,0.577630,0.577840,0.577160,0.577180,4,2025-12-09
2025-12-09 12:00:00,0.577180,0.579130,0.576820,0.579020,4,2025-12-09
2025-12-09 16:00:00,0.579010,0.579290,0.577790,0.578190,4,2025-12-09
2025-12-09 20:00:00,0.578180,0.579460,0.578150,0.578590,4,2025-12-10
2025-12-10 00:00:00,0.578580,0.579480,0.577480,0.579170,4,2025-12-10
2025-12-10 04:00:00,0.579170,0.579220,0.577540,0.578060,4,2025-12-10
2025-12-10 08:00:00,0.578070,0.578210,0.577360,0.577610,4,2025-12-10
2025-12-10 12:00:00,0.577590,0.577710,0.576110,0.577380,4,2025-12-10
2025-12-10 16:00:00,0.577370,0.578890,0.577070,0.578740,4,2025-12-10
2025-12-10 20:00:00,0.578730,0.578970,0.578060,0.578480,4,2025-12-11
2025-12-11 00:00:00,0.578480,0.578700,0.577500,0.578630,4,2025-12-11
2025-12-11 04:00:00,0.578630,0.582390,0.577820,0.581520,4,2025-12-11
2025-12-11 08:00:00,0.581540,0.582090,0.581180,0.581250,4,2025-12-11
2025-12-11 12:00:00,0.581250,0.582050,0.579160,0.579830,4,2025-12-11
2025-12-11 16:00:00,0.579820,0.580610,0.578840,0.580430,4,2025-12-11
2025-12-11 20:00:00,0.580420,0.581530,0.579840,0.581470,4,2025-12-12
2025-12-12 00:00:00,0.581470,0.583150,0.581050,0.581780,4,2025-12-12
2025-12-12 04:00:00,0.581790,0.582280,0.580520,0.580940,4,2025-12-12
2025-12-12 08:00:00,0.580950,0.581740,0.580660,0.581550,4,2025-12-12
2025-12-12 12:00:00,0.581550,0.582060,0.580800,0.580810,4,2025-12-12
2025-12-12 16:00:00,0.580800,0.581920,0.580800,0.581770,4,2025-12-12
2025-12-12 20:00:00,0.581780,0.581790,0.580710,0.581160,2,2025-12-12
2025-12-15 08:00:00,0.579710,0.580480,0.579250,0.580360,3,2025-12-15
2025-12-15 12:00:00,0.580360,0.580830,0.576600,0.577520,4,2025-12-15
2025-12-15 16:00:00,0.577510,0.578960,0.577510,0.578000,4,2025-12-15
2025-12-15 20:00:00,0.578010,0.579750,0.577820,0.579400,4,2025-12-16
2025-12-16 00:00:00,0.579400,0.580280,0.579000,0.579390,4,2025-12-16
2025-12-16 04:00:00,0.579390,0.579420,0.578300,0.578490,4,2025-12-16
2025-12-16 08:00:00,0.578490,0.579050,0.577120,0.577210,4,2025-12-16
2025-12-16 12:00:00,0.577210,0.578180,0.575880,0.577950,4,2025-12-16
2025-12-16 16:00:00,0.577940,0.579150,0.577580,0.578830,4,2025-12-16
2025-12-16 20:00:00,0.578830,0.578890,0.577920,0.578480,4,2025-12-17
2025-12-17 00:00:00,0.578470,0.580720,0.578400,0.579240,4,2025-12-17
2025-12-17 04:00:00,0.579250,0.579850,0.577690,0.578850,4,2025-12-17
2025-12-17 08:00:00,0.578830,0.578840,0.577670,0.577860,4,2025-12-17
2025-12-17 12:00:00,0.577870,0.578880,0.577100,0.577530,4,2025-12-17
2025-12-17 16:00:00,0.577520,0.577790,0.576800,0.577700,4,2025-12-17
2025-12-17 20:00:00,0.577680,0.578030,0.577000,0.577950,4,2025-12-18
2025-12-18 00:00:00,0.577950,0.579260,0.577250,0.577590,4,2025-12-18
2025-12-18 04:00:00,0.577590,0.578200,0.577260,0.577530,4,2025-12-18
2025-12-18 08:00:00,0.577540,0.578260,0.576300,0.576720,4,2025-12-18
2025-12-18 12:00:00,0.576710,0.577010,0.575460,0.576050,4,2025-12-18
2025-12-18 16:00:00,0.576020,0.576800,0.575840,0.576400,4,2025-12-18
2025-12-18 20:00:00,0.576400,0.576950,0.575950,0.576380,4,2025-12-19
2025-12-19 00:00:00,0.576370,0.578680,0.576260,0.577860,4,2025-12-19
2025-12-19 04:00:00,0.577880,0.578020,0.576640,0.577210,4,2025-12-19
2025-12-19 08:00:00,0.577220,0.578190,0.577060,0.578190,4,2025-12-19
2025-12-19 12:00:00,0.578180,0.578310,0.575980,0.576220,4,2025-12-19
2025-12-19 16:00:00,0.576200,0.576370,0.574570,0.575100,4,2025-12-19
2025-12-19 20:00:00,0.575110,0.575180,0.574520,0.575020,2,2025-12-19
2025-12-22 08:00:00,0.575410,0.576490,0.574590,0.576490,3,2025-12-22
2025-12-22 12:00:00,0.576480,0.577140,0.576010,0.577030,4,2025-12-22
2025-12-22 16:00:00,0.577010,0.578450,0.576730,0.578440,4,2025-12-22
2025-12-22 20:00:00,0.578430,0.578950,0.577960,0.578900,4,2025-12-23
2025-12-23 00:00:00,0.578910,0.579980,0.578440,0.579690,4,2025-12-23
2025-12-23 04:00:00,0.579700,0.580200,0.579160,0.579320,4,2025-12-23
2025-12-23 08:00:00,0.579320,0.580690,0.578720,0.580320,4,2025-12-23
2025-12-23 12:00:00,0.580310,0.581660,0.580120,0.581450,4,2025-12-23
2025-12-23 16:00:00,0.581440,0.583270,0.580850,0.583130,4,2025-12-23
2025-12-23 20:00:00,0.583120,0.584200,0.583110,0.583880,4,2025-12-24
2025-12-24 00:00:00,0.583880,0.584320,0.582080,0.583090,4,2025-12-24
2025-12-24 04:00:00,0.583090,0.584020,0.582840,0.583880,4,2025-12-24
2025-12-24 08:00:00,0.583880,0.584460,0.583380,0.583980,4,2025-12-24
2025-12-24 12:00:00,0.583970,0.585220,0.583690,0.584100,4,2025-12-24
2025-12-24 16:00:00,0.584100,0.584800,0.583900,0.584600,4,2025-12-24
2025-12-24 20:00:00,0.584590,0.584710,0.583510,0.583650,4,2025-12-25
2025-12-26 00:00:00,0.584040,0.584130,0.583870,0.583900,4,2025-12-26
2025-12-26 04:00:00,0.583910,0.584350,0.583060,0.583900,4,2025-12-26
2025-12-26 08:00:00,0.583880,0.584780,0.583160,0.583410,4,2025-12-26
2025-12-26 12:00:00,0.583400,0.584250,0.583150,0.583290,4,2025-12-26
2025-12-26 16:00:00,0.583280,0.583660,0.582160,0.582590,4,2025-12-26
2025-12-26 20:00:00,0.582580,0.582630,0.581830,0.581990,2,2025-12-26
2025-12-29 08:00:00,0.582870,0.583320,0.582440,0.582700,3,2025-12-29
2025-12-29 12:00:00,0.582680,0.583360,0.582590,0.582600,4,2025-12-29
2025-12-29 16:00:00,0.582600,0.582620,0.580830,0.581510,4,2025-12-29
2025-12-29 20:00:00,0.581510,0.581520,0.579060,0.579610,4,2025-12-30
2025-12-30 00:00:00,0.579620,0.581080,0.579320,0.580630,4,2025-12-30
2025-12-30 04:00:00,0.580620,0.580690,0.579750,0.580350,4,2025-12-30
2025-12-30 08:00:00,0.580340,0.580980,0.579760,0.580490,4,2025-12-30
2025-12-30 12:00:00,0.580460,0.581370,0.580160,0.581340,4,2025-12-30
2025-12-30 16:00:00,0.581330,0.581930,0.580900,0.580980,4,2025-12-30
2025-12-30 20:00:00,0.580980,0.581550,0.579680,0.579800,4,2025-12-31
2025-12-31 00:00:00,0.579810,0.580700,0.579020,0.580290,4,2025-12-31
2025-12-31 04:00:00,0.580290,0.580470,0.578880,0.578880,4,2025-12-31
2025-12-31 08:00:00,0.578870,0.579310,0.578540,0.578840,4,2025-12-31
2025-12-31 12:00:00,0.578830,0.579010,0.577690,0.577730,4,2025-12-31
2025-12-31 16:00:00,0.577710,0.577980,0.576470,0.576580,4,2025-12-31
2025-12-31 20:00:00,0.576580,0.577330,0.576000,0.577040,4,2026-01-01
2026-01-02 00:00:00,0.574970,0.575150,0.574020,0.574370,4,2026-01-02
2026-01-02 04:00:00,0.574360,0.575410,0.573500,0.575020,4,2026-01-02
2026-01-02 08:00:00,0.575010,0.576430,0.574740,0.576400,4,2026-01-02
2026-01-02 12:00:00,0.576400,0.577040,0.576060,0.576070,4,2026-01-02
2026-01-02 16:00:00,0.576060,0.577330,0.575610,0.576930,4,2026-01-02
2026-01-02 20:00:00,0.576930,0.577410,0.576650,0.577290,2,2026-01-02
2026-01-05 08:00:00,0.576280,0.576890,0.574560,0.575500,3,2026-01-05
2026-01-05 12:00:00,0.575490,0.576280,0.574240,0.575160,4,2026-01-05
2026-01-05 16:00:00,0.575160,0.575970,0.574530,0.575200,4,2026-01-05
2026-01-05 20:00:00,0.575210,0.576370,0.574660,0.575600,4,2026-01-06
2026-01-06 00:00:00,0.575610,0.579140,0.574250,0.578810,4,2026-01-06
2026-01-06 04:00:00,0.578810,0.579230,0.578530,0.578960,4,2026-01-06
2026-01-06 08:00:00,0.578950,0.579080,0.578280,0.578790,4,2026-01-06
2026-01-06 12:00:00,0.578780,0.580640,0.578000,0.579950,4,2026-01-06
2026-01-06 16:00:00,0.579950,0.581100,0.579610,0.579720,4,2026-01-06
2026-01-06 20:00:00,0.579720,0.579720,0.578290,0.578330,4,2026-01-07
2026-01-07 00:00:00,0.578330,0.579730,0.576890,0.577840,4,2026-01-07
2026-01-07 04:00:00,0.577830,0.578800,0.577790,0.578460,4,2026-01-07
2026-01-07 08:00:00,0.578450,0.579070,0.578020,0.578460,4,2026-01-07
2026-01-07 12:00:00,0.578440,0.579230,0.578090,0.578160,4,2026-01-07
2026-01-07 16:00:00,0.578160,0.578680,0.577480,0.578680,4,2026-01-07
2026-01-07 20:00:00,0.578690,0.579340,0.578450,0.578780,4,2026-01-08
2026-01-08 00:00:00,0.578780,0.579310,0.577500,0.577850,4,2026-01-08
2026-01-08 04:00:00,0.577850,0.578500,0.577380,0.577460,4,2026-01-08
2026-01-08 08:00:00,0.577460,0.577820,0.576680,0.576850,4,2026-01-08
2026-01-08 12:00:00,0.576850,0.577140,0.576140,0.576480,4,2026-01-08
2026-01-08 16:00:00,0.576480,0.576510,0.574630,0.574750,4,2026-01-08
2026-01-08 20:00:00,0.574750,0.575150,0.574110,0.574920,4,2026-01-09
2026-01-09 00:00:00,0.574930,0.575500,0.573760,0.575080,4,2026-01-09
2026-01-09 04:00:00,0.575070,0.575210,0.574300,0.574970,4,2026-01-09
2026-01-09 08:00:00,0.574960,0.575410,0.574510,0.574570,4,2026-01-09
2026-01-09 12:00:00,0.574560,0.574670,0.573790,0.574600,4,2026-01-09
2026-01-09 16:00:00,0.574600,0.574630,0.572770,0.573240,4,2026-01-09
2026-01-09 20:00:00,0.573230,0.573450,0.572690,0.572840,2,2026-01-09
2026-01-11 20:00:00,0.573160,0.573190,0.573150,0.573160,2,2026-01-12
2026-01-12 00:00:00,0.573160,0.573350,0.573150,0.573240,4,2026-01-12
2026-01-12 04:00:00,0.573240,0.573540,0.572180,0.573210,4,2026-01-12
2026-01-12 08:00:00,0.573210,0.574660,0.571950,0.574650,4,2026-01-12
2026-01-12 12:00:00,0.574640,0.575060,0.574070,0.574340,4,2026-01-12
2026-01-12 16:00:00,0.574340,0.575830,0.574340,0.575460,4,2026-01-12
2026-01-12 20:00:00,0.575460,0.576350,0.575240,0.576020,4,2026-01-13
2026-01-13 00:00:00,0.576020,0.576880,0.575690,0.576290,4,2026-01-13
2026-01-13 04:00:00,0.576290,0.576930,0.576230,0.576600,4,2026-01-13
2026-01-13 08:00:00,0.576580,0.577570,0.576580,0.577530,4,2026-01-13
2026-01-13 12:00:00,0.577500,0.578020,0.577430,0.577880,4,2026-01-13
2026-01-13 16:00:00,0.577880,0.578040,0.576430,0.576920,4,2026-01-13
2026-01-13 20:00:00,0.576930,0.577240,0.575800,0.575890,4,2026-01-14
2026-01-14 00:00:00,0.575890,0.579370,0.573590,0.574450,4,2026-01-14
2026-01-14 04:00:00,0.574450,0.574580,0.573660,0.574060,4,2026-01-14
2026-01-14 08:00:00,0.574050,0.574340,0.573480,0.573660,4,2026-01-14
2026-01-14 12:00:00,0.573640,0.574850,0.573090,0.574430,4,2026-01-14
2026-01-14 16:00:00,0.574430,0.575070,0.574160,0.574580,4,2026-01-14
2026-01-14 20:00:00,0.574600,0.575060,0.573750,0.574310,4,2026-01-15
2026-01-15 00:00:00,0.574320,0.575580,0.573810,0.574930,4,2026-01-15
2026-01-15 04:00:00,0.574920,0.575020,0.574100,0.574580,4,2026-01-15
2026-01-15 08:00:00,0.574560,0.575270,0.573980,0.574360,4,2026-01-15
2026-01-15 12:00:00,0.574350,0.574380,0.573060,0.573300,4,2026-01-15
2026-01-15 16:00:00,0.573300,0.574520,0.573270,0.574410,4,2026-01-15
2026-01-15 20:00:00,0.574420,0.575210,0.574180,0.574220,4,2026-01-16
2026-01-16 00:00:00,0.574230,0.574710,0.572570,0.574290,4,2026-01-16
2026-01-16 04:00:00,0.574280,0.574700,0.573670,0.573680,4,2026-01-16
2026-01-16 08:00:00,0.573660,0.574800,0.573660,0.574400,4,2026-01-16
2026-01-16 12:00:00,0.574380,0.575850,0.574380,0.575800,4,2026-01-16
2026-01-16 16:00:00,0.575800,0.576300,0.575200,0.575980,4,2026-01-16
2026-01-16 20:00:00,0.575980,0.576440,0.575740,0.576140,2,2026-01-16
2026-01-18 20:00:00,0.575170,0.575190,0.575160,0.575170,2,2026-01-19
2026-01-19 00:00:00,0.575170,0.575220,0.575140,0.575190,4,2026-01-19
2026-01-19 04:00:00,0.575170,0.576600,0.573760,0.574510,4,2026-01-19
2026-01-19 08:00:00,0.574520,0.576630,0.574100,0.576450,4,2026-01-19
2026-01-19 12:00:00,0.576440,0.577700,0.575920,0.577660,4,2026-01-19
2026-01-19 16:00:00,0.577660,0.578010,0.577010,0.577460,4,2026-01-19
2026-01-19 20:00:00,0.577480,0.578730,0.577160,0.578450,4,2026-01-20
2026-01-20 00:00:00,0.578440,0.579580,0.577980,0.579440,4,2026-01-20
2026-01-20 04:00:00,0.579430,0.579730,0.578920,0.579500,4,2026-01-20
2026-01-20 08:00:00,0.579490,0.580320,0.578910,0.579850,4,2026-01-20
2026-01-20 12:00:00,0.579850,0.583200,0.579850,0.583200,4,2026-01-20
2026-01-20 16:00:00,0.583200,0.584400,0.582550,0.583940,4,2026-01-20
2026-01-20 20:00:00,0.583940,0.584280,0.583230,0.583540,4,2026-01-21
2026-01-21 00:00:00,0.583540,0.585060,0.583130,0.584810,4,2026-01-21
2026-01-21 04:00:00,0.584800,0.584950,0.582720,0.583180,4,2026-01-21
2026-01-21 08:00:00,0.583160,0.583390,0.582220,0.582300,4,2026-01-21
2026-01-21 12:00:00,0.582290,0.583600,0.582160,0.583400,4,2026-01-21
2026-01-21 16:00:00,0.583410,0.585310,0.583330,0.584600,4,2026-01-21
2026-01-21 20:00:00,0.584600,0.586270,0.584100,0.586270,4,2026-01-22
2026-01-22 00:00:00,0.586260,0.586480,0.584360,0.584700,4,2026-01-22
2026-01-22 04:00:00,0.584690,0.584960,0.583870,0.584500,4,2026-01-22
2026-01-22 08:00:00,0.584510,0.585010,0.583530,0.584770,4,2026-01-22
2026-01-22 12:00:00,0.584770,0.586350,0.584330,0.585800,4,2026-01-22
2026-01-22 16:00:00,0.585800,0.586230,0.585420,0.586210,4,2026-01-22
2026-01-22 20:00:00,0.586210,0.588000,0.586200,0.587790,4,2026-01-23
2026-01-23 00:00:00,0.587780,0.590390,0.587780,0.590180,4,2026-01-23
2026-01-23 04:00:00,0.590170,0.590980,0.589780,0.590850,4,2026-01-23
2026-01-23 08:00:00,0.590840,0.592770,0.590840,0.591350,4,2026-01-23
2026-01-23 12:00:00,0.591350,0.592070,0.590640,0.591150,4,2026-01-23
2026-01-23 16:00:00,0.591160,0.591290,0.589660,0.590600,4,2026-01-23
2026-01-23 20:00:00,0.590630,0.590880,0.589230,0.589970,2,2026-01-23
2026-01-25 20:00:00,0.594880,0.594900,0.594870,0.594890,2,2026-01-26
2026-01-26 00:00:00,0.594880,0.594980,0.594030,0.594970,4,2026-01-26
2026-01-26 04:00:00,0.595030,0.597200,0.592280,0.596200,4,2026-01-26
2026-01-26 08:00:00,0.596170,0.597690,0.592350,0.596420,4,2026-01-26
2026-01-26 12:00:00,0.596420,0.597140,0.595720,0.595970,4,2026-01-26
2026-01-26 16:00:00,0.595980,0.597040,0.595270,0.596990,4,2026-01-26
2026-01-26 20:00:00,0.596990,0.597500,0.596310,0.596310,4,2026-01-27
2026-01-27 00:00:00,0.596310,0.599620,0.595520,0.598810,4,2026-01-27
2026-01-27 04:00:00,0.598790,0.599940,0.597500,0.597630,4,2026-01-27
2026-01-27 08:00:00,0.597630,0.597730,0.596010,0.596020,4,2026-01-27
2026-01-27 12:00:00,0.596020,0.597880,0.596020,0.596490,4,2026-01-27
2026-01-27 16:00:00,0.596490,0.597240,0.595550,0.595980,4,2026-01-27
2026-01-27 20:00:00,0.595980,0.599640,0.595900,0.599420,4,2026-01-28
2026-01-28 00:00:00,0.599410,0.602270,0.598870,0.601760,4,2026-01-28
2026-01-28 04:00:00,0.601760,0.604840,0.600970,0.604510,4,2026-01-28
2026-01-28 08:00:00,0.604530,0.604890,0.602120,0.602470,4,2026-01-28
2026-01-28 12:00:00,0.602470,0.602490,0.600740,0.601900,4,2026-01-28
2026-01-28 16:00:00,0.601910,0.604420,0.601310,0.602500,4,2026-01-28
2026-01-28 20:00:00,0.602510,0.604170,0.602190,0.603110,4,2026-01-29
2026-01-29 00:00:00,0.603100,0.604030,0.601600,0.602990,4,2026-01-29
2026-01-29 04:00:00,0.602970,0.605280,0.601330,0.605140,4,2026-01-29
2026-01-29 08:00:00,0.605140,0.606930,0.604930,0.605820,4,2026-01-29
2026-01-29 12:00:00,0.605820,0.609130,0.604400,0.609120,4,2026-01-29
2026-01-29 16:00:00,0.609140,0.609300,0.606250,0.606510,4,2026-01-29
2026-01-29 20:00:00,0.606520,0.607670,0.604870,0.607660,4,2026-01-30
2026-01-30 00:00:00,0.607650,0.608870,0.602410,0.605230,4,2026-01-30
2026-01-30 04:00:00,0.605210,0.607820,0.605210,0.607710,4,2026-01-30
2026-01-30 08:00:00,0.607710,0.608320,0.605570,0.605880,4,2026-01-30
2026-01-30 12:00:00,0.605880,0.606050,0.603320,0.604890,4,2026-01-30
2026-01-30 16:00:00,0.604890,0.606050,0.603950,0.605590,4,2026-01-30
2026-01-30 20:00:00,0.605600,0.605970,0.603220,0.604920,2,2026-01-30
2026-02-01 20:00:00,0.602110,0.602130,0.602090,0.602110,2,2026-02-02
2026-02-02 00:00:00,0.602100,0.602320,0.602060,0.602180,4,2026-02-02
2026-02-02 04:00:00,0.602060,0.605620,0.600980,0.601400,4,2026-02-02
2026-02-02 08:00:00,0.601390,0.603370,0.599360,0.603070,4,2026-02-02
2026-02-02 12:00:00,0.603060,0.603070,0.601190,0.601880,4,2026-02-02
2026-02-02 16:00:00,0.601870,0.601930,0.599150,0.600980,4,2026-02-02
2026-02-02 20:00:00,0.600990,0.602600,0.600580,0.601620,4,2026-02-03
2026-02-03 00:00:00,0.601620,0.601620,0.599140,0.600830,4,2026-02-03
2026-02-03 04:00:00,0.600810,0.601300,0.599110,0.600420,4,2026-02-03
2026-02-03 08:00:00,0.600420,0.602210,0.599530,0.602130,4,2026-02-03
2026-02-03 12:00:00,0.602130,0.604210,0.600670,0.603520,4,2026-02-03
2026-02-03 16:00:00,0.603510,0.605770,0.603220,0.605090,4,2026-02-03
2026-02-03 20:00:00,0.605080,0.605090,0.602660,0.603850,4,2026-02-04
2026-02-04 00:00:00,0.603830,0.605380,0.602040,0.604950,4,2026-02-04
2026-02-04 04:00:00,0.604940,0.605600,0.603380,0.605470,4,2026-02-04
2026-02-04 08:00:00,0.605470,0.606290,0.603520,0.603740,4,2026-02-04
2026-02-04 12:00:00,0.603750,0.604940,0.602800,0.603460,4,2026-02-04
2026-02-04 16:00:00,0.603470,0.604700,0.603360,0.604580,4,2026-02-04
2026-02-04 20:00:00,0.604570,0.604660,0.601210,0.603070,4,2026-02-05
2026-02-05 00:00:00,0.603080,0.603330,0.599230,0.600160,4,2026-02-05
2026-02-05 04:00:00,0.600140,0.601030,0.598840,0.600220,4,2026-02-05
2026-02-05 08:00:00,0.600220,0.601380,0.599640,0.600540,4,2026-02-05
2026-02-05 12:00:00,0.600550,0.600850,0.597800,0.598680,4,2026-02-05
2026-02-05 16:00:00,0.598680,0.599730,0.598210,0.598970,4,2026-02-05
2026-02-05 20:00:00,0.598970,0.599560,0.598050,0.599430,4,2026-02-06
2026-02-06 00:00:00,0.599420,0.600280,0.596990,0.599080,4,2026-02-06
2026-02-06 04:00:00,0.599090,0.599240,0.596200,0.596270,4,2026-02-06
2026-02-06 08:00:00,0.596270,0.596300,0.592910,0.594530,4,2026-02-06
2026-02-06 12:00:00,0.594550,0.597010,0.594040,0.596870,4,2026-02-06
2026-02-06 16:00:00,0.596880,0.598280,0.596830,0.598070,4,2026-02-06
2026-02-06 20:00:00,0.598050,0.598970,0.597900,0.598610,2,2026-02-06
2026-02-08 20:00:00,0.601400,0.601400,0.601400,0.601400,1,2026-02-09
2026-02-09 04:00:00,0.601400,0.601400,0.601400,0.601400,1,2026-02-09
2026-02-09 08:00:00,0.603170,0.603391,0.602156,0.602265,1,2026-02-09
2026-02-09 12:00:00,0.602337,0.602337,0.601468,0.601576,4,2026-02-09
2026-02-09 16:00:00,0.601504,0.602845,0.601070,0.601070,4,2026-02-09
2026-02-09 20:00:00,0.601323,0.603282,0.599952,0.603173,4,2026-02-10
2026-02-10 00:00:00,0.603318,0.605694,0.603318,0.604887,4,2026-02-10
2026-02-10 04:00:00,0.604997,0.606050,0.604558,0.605680,4,2026-02-10
2026-02-10 08:00:00,0.605680,0.605720,0.604360,0.604640,4,2026-02-10
2026-02-10 12:00:00,0.604650,0.605220,0.603580,0.603840,4,2026-02-10
2026-02-10 16:00:00,0.603830,0.604550,0.603340,0.604340,4,2026-02-10
2026-02-10 20:00:00,0.604330,0.605000,0.603850,0.604280,4,2026-02-11
2026-02-11 00:00:00,0.604270,0.606150,0.604050,0.604420,4,2026-02-11
2026-02-11 04:00:00,0.604400,0.605120,0.603960,0.604480,4,2026-02-11
2026-02-11 08:00:00,0.604490,0.604830,0.603680,0.604570,4,2026-02-11
2026-02-11 12:00:00,0.604570,0.606590,0.604530,0.605860,4,2026-02-11
2026-02-11 16:00:00,0.605850,0.606660,0.605270,0.606250,4,2026-02-11
2026-02-11 20:00:00,0.606240,0.607260,0.605800,0.605990,4,2026-02-12
2026-02-12 00:00:00,0.605970,0.606440,0.602080,0.605610,4,2026-02-12
2026-02-12 04:00:00,0.605590,0.606440,0.604840,0.604860,4,2026-02-12
2026-02-12 08:00:00,0.604860,0.605550,0.604140,0.605200,4,2026-02-12
2026-02-12 12:00:00,0.605220,0.606120,0.604390,0.604610,4,2026-02-12
2026-02-12 16:00:00,0.604610,0.606420,0.603990,0.606350,4,2026-02-12
2026-02-12 20:00:00,0.606340,0.607620,0.606000,0.606360,4,2026-02-13
2026-02-13 00:00:00,0.606340,0.607630,0.603750,0.604530,4,2026-02-13
2026-02-13 04:00:00,0.604520,0.604540,0.602500,0.603090,4,2026-02-13
2026-02-13 08:00:00,0.603090,0.604100,0.602840,0.603220,4,2026-02-13
2026-02-13 12:00:00,0.603220,0.604000,0.603070,0.603390,4,2026-02-13
2026-02-13 16:00:00,0.603380,0.603780,0.601560,0.603780,4,2026-02-13
2026-02-13 20:00:00,0.603770,0.604240,0.603310,0.603350,2,2026-02-13
2026-02-15 20:00:00,0.604040,0.604070,0.604040,0.604060,2,2026-02-16
2026-02-16 00:00:00,0.604040,0.604070,0.603810,0.603930,4,2026-02-16
2026-02-16 04:00:00,0.603920,0.604880,0.602740,0.603270,4,2026-02-16
2026-02-16 08:00:00,0.603280,0.604080,0.601260,0.603300,4,2026-02-16
2026-02-16 12:00:00,0.603300,0.604040,0.602840,0.603240,4,2026-02-16
2026-02-16 16:00:00,0.603230,0.604670,0.603070,0.604600,4,2026-02-16
2026-02-16 20:00:00,0.604590,0.604790,0.603870,0.604150,4,2026-02-17
2026-02-17 00:00:00,0.604130,0.604360,0.603070,0.603310,4,2026-02-17
2026-02-17 04:00:00,0.603310,0.603610,0.603150,0.603480,4,2026-02-17
2026-02-17 08:00:00,0.603480,0.603580,0.602770,0.602910,4,2026-02-17
2026-02-17 12:00:00,0.602910,0.603710,0.601960,0.603700,4,2026-02-17
2026-02-17 16:00:00,0.603690,0.603910,0.602480,0.603620,4,2026-02-17
2026-02-17 20:00:00,0.603610,0.604980,0.602930,0.603090,4,2026-02-18
2026-02-18 00:00:00,0.603070,0.603310,0.600520,0.602740,4,2026-02-18
2026-02-18 04:00:00,0.602740,0.605020,0.602640,0.604830,4,2026-02-18
2026-02-18 08:00:00,0.604830,0.605270,0.604280,0.604330,4,2026-02-18
2026-02-18 12:00:00,0.604160,0.604330,0.599650,0.599840,4,2026-02-18
2026-02-18 16:00:00,0.599830,0.600660,0.599030,0.600210,4,2026-02-18
2026-02-18 20:00:00,0.600200,0.601430,0.600070,0.600280,4,2026-02-19
2026-02-19 00:00:00,0.600270,0.600650,0.597800,0.598580,4,2026-02-19
2026-02-19 04:00:00,0.598580,0.599180,0.596150,0.596560,4,2026-02-19
2026-02-19 08:00:00,0.596560,0.596910,0.595890,0.596530,4,2026-02-19
2026-02-19 12:00:00,0.596540,0.597950,0.596520,0.596940,4,2026-02-19
2026-02-19 16:00:00,0.596930,0.598980,0.596540,0.598170,4,2026-02-19
2026-02-19 20:00:00,0.598150,0.598620,0.596400,0.596530,4,2026-02-20
2026-02-20 00:00:00,0.596510,0.597830,0.594790,0.596760,4,2026-02-20
2026-02-20 04:00:00,0.596760,0.597500,0.596320,0.597110,4,2026-02-20
2026-02-20 08:00:00,0.597130,0.597560,0.596390,0.596530,4,2026-02-20
2026-02-20 12:00:00,0.596530,0.596550,0.593840,0.594520,4,2026-02-20
2026-02-20 16:00:00,0.594510,0.596040,0.594390,0.595280,4,2026-02-20
2026-02-20 20:00:00,0.595260,0.596470,0.595260,0.595760,2,2026-02-20
2026-02-22 20:00:00,0.597640,0.597670,0.597630,0.597650,2,2026-02-23
2026-02-23 00:00:00,0.597640,0.598120,0.597630,0.597830,4,2026-02-23
2026-02-23 04:00:00,0.597830,0.598360,0.596570,0.598010,4,2026-02-23
2026-02-23 08:00:00,0.598030,0.600390,0.597350,0.599290,4,2026-02-23
2026-02-23 12:00:00,0.599290,0.599430,0.597950,0.598450,4,2026-02-23
2026-02-23 16:00:00,0.598440,0.599110,0.597610,0.598390,4,2026-02-23
2026-02-23 20:00:00,0.598380,0.598730,0.595780,0.596340,4,2026-02-24
2026-02-24 00:00:00,0.596340,0.597860,0.595830,0.596570,4,2026-02-24
2026-02-24 04:00:00,0.596570,0.596710,0.595180,0.595490,4,2026-02-24
2026-02-24 08:00:00,0.595500,0.596340,0.595180,0.596130,4,2026-02-24
2026-02-24 12:00:00,0.596120,0.597180,0.595100,0.595760,4,2026-02-24
2026-02-24 16:00:00,0.595750,0.596820,0.595660,0.596570,4,2026-02-24
2026-02-24 20:00:00,0.596570,0.597070,0.594800,0.595200,4,2026-02-25
2026-02-25 00:00:00,0.595190,0.597310,0.594310,0.597210,4,2026-02-25
2026-02-25 04:00:00,0.597210,0.597400,0.596620,0.596740,4,2026-02-25
2026-02-25 08:00:00,0.596730,0.597910,0.596070,0.597200,4,2026-02-25
2026-02-25 12:00:00,0.597200,0.598220,0.596870,0.598010,4,2026-02-25
2026-02-25 16:00:00,0.598000,0.599050,0.597490,0.597540,4,2026-02-25
2026-02-25 20:00:00,0.597540,0.597780,0.596000,0.597390,4,2026-02-26
2026-02-26 00:00:00,0.597380,0.599360,0.596810,0.599140,4,2026-02-26
2026-02-26 04:00:00,0.599140,0.599970,0.599140,0.599650,4,2026-02-26
2026-02-26 08:00:00,0.599680,0.600250,0.599510,0.600140,4,2026-02-26
2026-02-26 12:00:00,0.600150,0.601300,0.599790,0.600300,4,2026-02-26
2026-02-26 16:00:00,0.600290,0.601200,0.598650,0.598850,4,2026-02-26
2026-02-26 20:00:00,0.598860,0.599060,0.598170,0.598960,4,2026-02-27
2026-02-27 00:00:00,0.598950,0.599400,0.595880,0.597270,4,2026-02-27
2026-02-27 04:00:00,0.597270,0.598710,0.595780,0.598620,4,2026-02-27
2026-02-27 08:00:00,0.598630,0.598680,0.597420,0.597640,4,2026-02-27
2026-02-27 12:00:00,0.597650,0.599380,0.597640,0.599230,4,2026-02-27
2026-02-27 16:00:00,0.599210,0.599510,0.598520,0.598570,4,2026-02-27
2026-02-27 20:00:00,0.598550,0.598970,0.598130,0.598510,2,2026-02-27
2026-03-01 20:00:00,0.599650,0.599680,0.599650,0.599660,2,2026-03-02
2026-03-02 00:00:00,0.599650,0.599680,0.599630,0.599640,4,2026-03-02
2026-03-02 04:00:00,0.599640,0.599760,0.594820,0.595330,4,2026-03-02
2026-03-02 08:00:00,0.595380,0.597610,0.594430,0.597240,4,2026-03-02
2026-03-02 12:00:00,0.597240,0.599480,0.597230,0.597490,4,2026-03-02
2026-03-02 16:00:00,0.597480,0.597500,0.592940,0.594500,4,2026-03-02
2026-03-02 20:00:00,0.594500,0.596850,0.593730,0.593850,4,2026-03-03
2026-03-03 00:00:00,0.593840,0.595210,0.591730,0.592990,4,2026-03-03
2026-03-03 04:00:00,0.592990,0.595720,0.592770,0.594330,4,2026-03-03
2026-03-03 08:00:00,0.594310,0.594960,0.593460,0.594560,4,2026-03-03
2026-03-03 12:00:00,0.594550,0.595580,0.593590,0.593730,4,2026-03-03
2026-03-03 16:00:00,0.593720,0.594060,0.589530,0.589700,4,2026-03-03
2026-03-03 20:00:00,0.589690,0.590470,0.586440,0.590060,4,2026-03-04
2026-03-04 00:00:00,0.590060,0.590070,0.583860,0.588550,4,2026-03-04
2026-03-04 04:00:00,0.588550,0.590670,0.587280,0.589110,4,2026-03-04
2026-03-04 08:00:00,0.589130,0.589720,0.587510,0.587590,4,2026-03-04
2026-03-04 12:00:00,0.587580,0.590790,0.586260,0.589410,4,2026-03-04
2026-03-04 16:00:00,0.589400,0.591060,0.588720,0.589800,4,2026-03-04
2026-03-04 20:00:00,0.589790,0.593470,0.589370,0.590910,4,2026-03-05
2026-03-05 00:00:00,0.590900,0.593550,0.590470,0.593180,4,2026-03-05
2026-03-05 04:00:00,0.593180,0.594180,0.592610,0.594050,4,2026-03-05
2026-03-05 08:00:00,0.594030,0.594540,0.593680,0.594530,4,2026-03-05
2026-03-05 12:00:00,0.594530,0.594790,0.592640,0.592860,4,2026-03-05
2026-03-05 16:00:00,0.592840,0.593220,0.590300,0.591460,4,2026-03-05
2026-03-05 20:00:00,0.591460,0.594370,0.591360,0.592370,4,2026-03-06
2026-03-06 00:00:00,0.592370,0.592620,0.587540,0.588900,4,2026-03-06
2026-03-06 04:00:00,0.588920,0.590120,0.587280,0.589970,4,2026-03-06
2026-03-06 08:00:00,0.589970,0.590870,0.589310,0.590750,4,2026-03-06
2026-03-06 12:00:00,0.590740,0.591490,0.590310,0.590460,4,2026-03-06
2026-03-06 16:00:00,0.590450,0.591480,0.590170,0.590650,4,2026-03-06
2026-03-06 20:00:00,0.590660,0.590670,0.587120,0.588070,2,2026-03-06
2026-03-08 20:00:00,0.589810,0.590030,0.589800,0.589990,3,2026-03-09
2026-03-09 00:00:00,0.590000,0.590200,0.589990,0.590180,4,2026-03-09
2026-03-09 04:00:00,0.590190,0.590500,0.586310,0.586660,4,2026-03-09
2026-03-09 08:00:00,0.586650,0.587850,0.584970,0.585580,4,2026-03-09
2026-03-09 12:00:00,0.585560,0.588020,0.585140,0.587150,4,2026-03-09
2026-03-09 16:00:00,0.587160,0.589670,0.586850,0.588650,4,2026-03-09
2026-03-09 20:00:00,0.588610,0.591690,0.588410,0.589880,4,2026-03-10
2026-03-10 00:00:00,0.589890,0.592820,0.589410,0.592440,4,2026-03-10
2026-03-10 04:00:00,0.592440,0.594020,0.591190,0.593410,4,2026-03-10
2026-03-10 08:00:00,0.593400,0.594010,0.592430,0.592770,4,2026-03-10
2026-03-10 12:00:00,0.592770,0.592780,0.590850,0.591090,4,2026-03-10
2026-03-10 16:00:00,0.591080,0.594400,0.591070,0.592460,4,2026-03-10
2026-03-10 20:00:00,0.592450,0.594840,0.592450,0.593900,4,2026-03-11
2026-03-11 00:00:00,0.593900,0.596120,0.593150,0.595290,4,2026-03-11
2026-03-11 04:00:00,0.595290,0.596430,0.592590,0.592860,4,2026-03-11
2026-03-11 08:00:00,0.592880,0.593550,0.592130,0.592810,4,2026-03-11
2026-03-11 12:00:00,0.592790,0.594960,0.592560,0.594670,4,2026-03-11
2026-03-11 16:00:00,0.594650,0.594820,0.592240,0.592710,4,2026-03-11
2026-03-11 20:00:00,0.592700,0.593240,0.590990,0.591280,4,2026-03-12
2026-03-12 00:00:00,0.591290,0.593700,0.590620,0.591540,4,2026-03-12
2026-03-12 04:00:00,0.591550,0.591970,0.590690,0.591370,4,2026-03-12
2026-03-12 08:00:00,0.591360,0.591440,0.589160,0.590610,4,2026-03-12
2026-03-12 12:00:00,0.590600,0.591370,0.589600,0.589990,4,2026-03-12
2026-03-12 16:00:00,0.589980,0.591140,0.589600,0.590160,4,2026-03-12
2026-03-12 20:00:00,0.590150,0.591200,0.589140,0.589330,4,2026-03-13
2026-03-13 00:00:00,0.589340,0.589800,0.585510,0.585870,4,2026-03-13
2026-03-13 04:00:00,0.585890,0.586480,0.585150,0.585360,4,2026-03-13
2026-03-13 08:00:00,0.585370,0.585900,0.584880,0.585430,4,2026-03-13
2026-03-13 12:00:00,0.585410,0.586190,0.583040,0.583080,4,2026-03-13
2026-03-13 16:00:00,0.583070,0.583440,0.580400,0.581840,4,2026-03-13
2026-03-13 20:00:00,0.581820,0.582630,0.581760,0.581850,1,2026-03-13
2026-03-15 20:00:00,0.577720,0.577740,0.577710,0.577710,3,2026-03-16
2026-03-16 00:00:00,0.577720,0.578520,0.577590,0.577830,4,2026-03-16
2026-03-16 04:00:00,0.577820,0.582080,0.577220,0.578880,4,2026-03-16
2026-03-16 08:00:00,0.578900,0.580710,0.577900,0.580400,4,2026-03-16
2026-03-16 12:00:00,0.580370,0.581410,0.579560,0.580590,4,2026-03-16
2026-03-16 16:00:00,0.580580,0.581730,0.579980,0.581630,4,2026-03-16
2026-03-16 20:00:00,0.581620,0.584770,0.581480,0.584140,4,2026-03-17
2026-03-17 00:00:00,0.584150,0.585770,0.583960,0.584470,4,2026-03-17
2026-03-17 04:00:00,0.584490,0.586710,0.584470,0.586110,4,2026-03-17
2026-03-17 08:00:00,0.586100,0.586140,0.584330,0.584580,4,2026-03-17
2026-03-17 12:00:00,0.584570,0.585400,0.584110,0.584260,4,2026-03-17
2026-03-17 16:00:00,0.584260,0.584270,0.581750,0.583640,4,2026-03-17
2026-03-17 20:00:00,0.583630,0.585010,0.583600,0.584920,4,2026-03-18
2026-03-18 00:00:00,0.584940,0.586470,0.584770,0.585980,4,2026-03-18
2026-03-18 04:00:00,0.585980,0.586850,0.585550,0.585830,4,2026-03-18
2026-03-18 08:00:00,0.585820,0.586270,0.585280,0.585890,4,2026-03-18
2026-03-18 12:00:00,0.585860,0.586620,0.585330,0.586190,4,2026-03-18
2026-03-18 16:00:00,0.586170,0.587300,0.585400,0.586190,4,2026-03-18
2026-03-18 20:00:00,0.586190,0.586410,0.582580,0.582630,4,2026-03-19
2026-03-19 00:00:00,0.582660,0.584910,0.581480,0.584060,4,2026-03-19
2026-03-19 04:00:00,0.584060,0.584750,0.578960,0.579580,4,2026-03-19
2026-03-19 08:00:00,0.579570,0.581780,0.578560,0.581520,4,2026-03-19
2026-03-19 12:00:00,0.581480,0.582700,0.581110,0.581850,4,2026-03-19
2026-03-19 16:00:00,0.581840,0.582180,0.580530,0.581170,4,2026-03-19
2026-03-19 20:00:00,0.581170,0.582490,0.579820,0.580810,4,2026-03-20
2026-03-20 00:00:00,0.580830,0.584890,0.580080,0.583980,4,2026-03-20
2026-03-20 04:00:00,0.583990,0.589120,0.583230,0.587470,4,2026-03-20
2026-03-20 08:00:00,0.587460,0.588340,0.586650,0.588220,4,2026-03-20
2026-03-20 12:00:00,0.588180,0.589100,0.587930,0.588120,4,2026-03-20
2026-03-20 16:00:00,0.588110,0.589120,0.587210,0.588420,4,2026-03-20
2026-03-20 20:00:00,0.588420,0.588430,0.586350,0.586370,1,2026-03-20
2026-03-22 20:00:00,0.583810,0.583890,0.583780,0.583820,3,2026-03-23
2026-03-23 00:00:00,0.583820,0.583890,0.583430,0.583560,4,2026-03-23
2026-03-23 04:00:00,0.583560,0.583980,0.581110,0.581810,4,2026-03-23
2026-03-23 08:00:00,0.581790,0.583820,0.580960,0.582410,4,2026-03-23
2026-03-23 12:00:00,0.582400,0.583450,0.580950,0.581200,4,2026-03-23
2026-03-23 16:00:00,0.581190,0.581320,0.578900,0.579820,4,2026-03-23
2026-03-23 20:00:00,0.579820,0.585270,0.576280,0.585270,4,2026-03-24
2026-03-24 00:00:00,0.585280,0.588580,0.583180,0.585110,4,2026-03-24
2026-03-24 04:00:00,0.585120,0.588000,0.584970,0.585850,4,2026-03-24
2026-03-24 08:00:00,0.585840,0.586990,0.583590,0.584540,4,2026-03-24
2026-03-24 12:00:00,0.584550,0.584570,0.582630,0.582950,4,2026-03-24
2026-03-24 16:00:00,0.582940,0.585830,0.582250,0.582430,4,2026-03-24
2026-03-24 20:00:00,0.582440,0.584030,0.581730,0.582560,4,2026-03-25
2026-03-25 00:00:00,0.582540,0.583640,0.581250,0.581540,4,2026-03-25
2026-03-25 04:00:00,0.581530,0.584920,0.579490,0.583670,4,2026-03-25
2026-03-25 08:00:00,0.583660,0.584280,0.583300,0.584010,4,2026-03-25
2026-03-25 12:00:00,0.584010,0.584280,0.581590,0.581660,4,2026-03-25
2026-03-25 16:00:00,0.581660,0.583210,0.580910,0.582900,4,2026-03-25
2026-03-25 20:00:00,0.582900,0.583070,0.581150,0.581740,4,2026-03-26
2026-03-26 00:00:00,0.581760,0.582300,0.580440,0.581750,4,2026-03-26
2026-03-26 04:00:00,0.581750,0.582470,0.580130,0.580590,4,2026-03-26
2026-03-26 08:00:00,0.580570,0.580940,0.579630,0.580000,4,2026-03-26
2026-03-26 12:00:00,0.579960,0.580880,0.579560,0.580720,4,2026-03-26
2026-03-26 16:00:00,0.580710,0.580770,0.578320,0.578690,4,2026-03-26
2026-03-26 20:00:00,0.578690,0.579320,0.577220,0.577720,4,2026-03-27
2026-03-27 00:00:00,0.577730,0.579230,0.576670,0.576800,4,2026-03-27
2026-03-27 04:00:00,0.576800,0.577190,0.575070,0.576200,4,2026-03-27
2026-03-27 08:00:00,0.576190,0.577380,0.575220,0.575680,4,2026-03-27
2026-03-27 12:00:00,0.575660,0.577560,0.575400,0.577550,4,2026-03-27
2026-03-27 16:00:00,0.577550,0.577780,0.576390,0.576830,4,2026-03-27
2026-03-27 20:00:00,0.576830,0.577330,0.576300,0.576840,1,2026-03-27
2026-03-29 20:00:00,0.575050,0.575070,0.574860,0.574870,3,2026-03-30
2026-03-30 00:00:00,0.574870,0.577830,0.574700,0.577720,4,2026-03-30
2026-03-30 04:00:00,0.577710,0.577950,0.574200,0.574840,4,2026-03-30
2026-03-30 08:00:00,0.574830,0.575170,0.572480,0.573110,4,2026-03-30
2026-03-30 12:00:00,0.573060,0.574120,0.572620,0.573660,4,2026-03-30
2026-03-30 16:00:00,0.573670,0.574920,0.572220,0.572310,4,2026-03-30
2026-03-30 20:00:00,0.572310,0.572650,0.571630,0.572410,4,2026-03-31
2026-03-31 00:00:00,0.572420,0.572600,0.570100,0.571710,4,2026-03-31
2026-03-31 04:00:00,0.571710,0.572180,0.571180,0.572170,4,2026-03-31
2026-03-31 08:00:00,0.572170,0.572770,0.570780,0.572340,4,2026-03-31
2026-03-31 12:00:00,0.572340,0.573450,0.570890,0.570890,4,2026-03-31
2026-03-31 16:00:00,0.570890,0.571880,0.570500,0.571390,4,2026-03-31
2026-03-31 20:00:00,0.571400,0.573200,0.570050,0.572450,4,2026-04-01
2026-04-01 00:00:00,0.572430,0.573650,0.570160,0.572960,4,2026-04-01
2026-04-01 04:00:00,0.572950,0.574860,0.572940,0.574660,4,2026-04-01
2026-04-01 08:00:00,0.574660,0.575920,0.574110,0.575430,4,2026-04-01
2026-04-01 12:00:00,0.575430,0.575440,0.573090,0.573790,4,2026-04-01
2026-04-01 16:00:00,0.573790,0.577220,0.573740,0.576500,4,2026-04-01
2026-04-01 20:00:00,0.576490,0.577700,0.575990,0.576120,4,2026-04-02
2026-04-02 00:00:00,0.576120,0.577280,0.575800,0.577270,4,2026-04-02
2026-04-02 04:00:00,0.577260,0.577540,0.574240,0.575340,4,2026-04-02
2026-04-02 08:00:00,0.575340,0.575640,0.574710,0.575610,4,2026-04-02
2026-04-02 12:00:00,0.575620,0.575620,0.570720,0.570980,4,2026-04-02
2026-04-02 16:00:00,0.570980,0.571750,0.570040,0.571070,4,2026-04-02
2026-04-02 20:00:00,0.571090,0.571640,0.570090,0.571080,4,2026-04-03
2026-04-03 00:00:00,0.571080,0.573470,0.570700,0.572480,4,2026-04-03
2026-04-03 04:00:00,0.572470,0.572680,0.571410,0.571720,4,2026-04-03
2026-04-03 08:00:00,0.571730,0.572010,0.571030,0.571680,4,2026-04-03
2026-04-03 12:00:00,0.571670,0.571740,0.570750,0.570810,4,2026-04-03
2026-04-03 16:00:00,0.570810,0.571280,0.570410,0.570670,4,2026-04-03
2026-04-03 20:00:00,0.570670,0.570820,0.570500,0.570770,1,2026-04-03
2026-04-05 20:00:00,0.569140,0.569200,0.568820,0.568840,3,2026-04-06
2026-04-06 00:00:00,0.568830,0.568970,0.568240,0.568250,4,2026-04-06
2026-04-06 04:00:00,0.568220,0.571520,0.568220,0.569250,4,2026-04-06
2026-04-06 08:00:00,0.569230,0.569510,0.568180,0.568990,4,2026-04-06
2026-04-06 12:00:00,0.568980,0.570680,0.568980,0.570330,4,2026-04-06
2026-04-06 16:00:00,0.570330,0.572690,0.570080,0.571940,4,2026-04-06
2026-04-06 20:00:00,0.571950,0.572480,0.571540,0.572120,4,2026-04-07
2026-04-07 00:00:00,0.572120,0.572880,0.570590,0.571200,4,2026-04-07
2026-04-07 04:00:00,0.571190,0.572520,0.570950,0.571610,4,2026-04-07
2026-04-07 08:00:00,0.571620,0.571650,0.569180,0.569300,4,2026-04-07
2026-04-07 12:00:00,0.569290,0.570480,0.569050,0.570180,4,2026-04-07
2026-04-07 16:00:00,0.570190,0.572230,0.569670,0.571390,4,2026-04-07
2026-04-07 20:00:00,0.571380,0.571490,0.569480,0.570020,4,2026-04-08
2026-04-08 00:00:00,0.570010,0.571530,0.569490,0.571100,4,2026-04-08
2026-04-08 04:00:00,0.571090,0.573680,0.570340,0.572930,4,2026-04-08
2026-04-08 08:00:00,0.572820,0.581510,0.572820,0.579610,4,2026-04-08
2026-04-08 12:00:00,0.579590,0.584910,0.579590,0.583790,4,2026-04-08
2026-04-08 16:00:00,0.583790,0.584850,0.581330,0.581770,4,2026-04-08
2026-04-08 20:00:00,0.581750,0.585770,0.581470,0.583900,4,2026-04-09
2026-04-09 00:00:00,0.583900,0.584180,0.582560,0.582860,4,2026-04-09
2026-04-09 04:00:00,0.582840,0.583300,0.581090,0.582320,4,2026-04-09
2026-04-09 08:00:00,0.582310,0.583200,0.581730,0.582880,4,2026-04-09
2026-04-09 12:00:00,0.582880,0.583830,0.582460,0.582920,4,2026-04-09
2026-04-09 16:00:00,0.582940,0.583790,0.582660,0.583260,4,2026-04-09
2026-04-09 20:00:00,0.583270,0.584910,0.583010,0.584450,4,2026-04-10
2026-04-10 00:00:00,0.584440,0.587360,0.584230,0.586850,4,2026-04-10
2026-04-10 04:00:00,0.586840,0.586860,0.585430,0.586380,4,2026-04-10
2026-04-10 08:00:00,0.586390,0.586390,0.584630,0.585280,4,2026-04-10
2026-04-10 12:00:00,0.585280,0.585390,0.584460,0.584680,4,2026-04-10
2026-04-10 16:00:00,0.584690,0.585080,0.583310,0.584270,4,2026-04-10
2026-04-10 20:00:00,0.584270,0.584470,0.584050,0.584290,1,2026-04-10
2026-04-12 20:00:00,0.583600,0.584070,0.583550,0.584050,3,2026-04-13
2026-04-13 00:00:00,0.584040,0.584250,0.583590,0.584250,4,2026-04-13
2026-04-13 04:00:00,0.584180,0.584570,0.579060,0.581120,4,2026-04-13
2026-04-13 08:00:00,0.581130,0.582350,0.579650,0.581840,4,2026-04-13
2026-04-13 12:00:00,0.581840,0.582810,0.581700,0.582560,4,2026-04-13
2026-04-13 16:00:00,0.582570,0.584100,0.582510,0.582930,4,2026-04-13
2026-04-13 20:00:00,0.582920,0.584020,0.581660,0.583560,4,2026-04-14
2026-04-14 00:00:00,0.583540,0.586550,0.583520,0.586220,4,2026-04-14
2026-04-14 04:00:00,0.586200,0.587310,0.586200,0.587140,4,2026-04-14
2026-04-14 08:00:00,0.587140,0.587320,0.585730,0.585750,4,2026-04-14
2026-04-14 12:00:00,0.585750,0.587330,0.585750,0.587210,4,2026-04-14
2026-04-14 16:00:00,0.587230,0.589850,0.587170,0.589670,4,2026-04-14
2026-04-14 20:00:00,0.589680,0.591320,0.589350,0.590970,4,2026-04-15
2026-04-15 00:00:00,0.590950,0.591960,0.590360,0.590850,4,2026-04-15
2026-04-15 04:00:00,0.590840,0.590870,0.589760,0.589940,4,2026-04-15
2026-04-15 08:00:00,0.589920,0.590610,0.589720,0.589900,4,2026-04-15
2026-04-15 12:00:00,0.589900,0.590920,0.589340,0.590320,4,2026-04-15
2026-04-15 16:00:00,0.590340,0.590830,0.589580,0.590080,4,2026-04-15
2026-04-15 20:00:00,0.590070,0.590460,0.589260,0.589710,4,2026-04-16
2026-04-16 00:00:00,0.589700,0.591350,0.589680,0.590840,4,2026-04-16
2026-04-16 04:00:00,0.590840,0.591910,0.590760,0.590860,4,2026-04-16
2026-04-16 08:00:00,0.590820,0.591730,0.590420,0.591030,4,2026-04-16
2026-04-16 12:00:00,0.591030,0.592250,0.590930,0.591400,4,2026-04-16
2026-04-16 16:00:00,0.591410,0.591540,0.588960,0.589040,4,2026-04-16
2026-04-16 20:00:00,0.589040,0.589680,0.588370,0.588730,4,2026-04-17
2026-04-17 00:00:00,0.588710,0.589960,0.588260,0.588380,4,2026-04-17
2026-04-17 04:00:00,0.588350,0.589520,0.588350,0.589320,4,2026-04-17
2026-04-17 08:00:00,0.589320,0.589330,0.588270,0.588330,4,2026-04-17
2026-04-17 12:00:00,0.588330,0.589000,0.588030,0.588850,4,2026-04-17
2026-04-17 16:00:00,0.588840,0.589410,0.588060,0.588640,4,2026-04-17
2026-04-17 20:00:00,0.588630,0.588900,0.588190,0.588240,1,2026-04-17
2026-04-19 20:00:00,0.588110,0.588280,0.588100,0.588150,3,2026-04-20
2026-04-20 00:00:00,0.588140,0.589200,0.588010,0.588190,4,2026-04-20
2026-04-20 04:00:00,0.588180,0.590860,0.585020,0.585280,4,2026-04-20
2026-04-20 08:00:00,0.585290,0.587970,0.585130,0.587700,4,2026-04-20
2026-04-20 12:00:00,0.587700,0.588280,0.586830,0.586930,4,2026-04-20
2026-04-20 16:00:00,0.586930,0.588080,0.586380,0.588020,4,2026-04-20
2026-04-20 20:00:00,0.588010,0.589160,0.587580,0.589020,4,2026-04-21
2026-04-21 00:00:00,0.589010,0.589530,0.587980,0.588910,4,2026-04-21
2026-04-21 04:00:00,0.588890,0.589300,0.588110,0.588710,4,2026-04-21
2026-04-21 08:00:00,0.588700,0.592040,0.588700,0.591790,4,2026-04-21
2026-04-21 12:00:00,0.591790,0.591890,0.590020,0.590900,4,2026-04-21
2026-04-21 16:00:00,0.590900,0.591510,0.589570,0.590310,4,2026-04-21
2026-04-21 20:00:00,0.590300,0.591680,0.589980,0.591680,4,2026-04-22
2026-04-22 00:00:00,0.591670,0.591910,0.587600,0.589350,4,2026-04-22
2026-04-22 04:00:00,0.589320,0.590270,0.587130,0.589130,4,2026-04-22
2026-04-22 08:00:00,0.589130,0.590750,0.589130,0.590470,4,2026-04-22
2026-04-22 12:00:00,0.590490,0.591970,0.590190,0.591700,4,2026-04-22
2026-04-22 16:00:00,0.591690,0.592270,0.591120,0.591180,4,2026-04-22
2026-04-22 20:00:00,0.591170,0.591730,0.589900,0.591700,4,2026-04-23
2026-04-23 00:00:00,0.591670,0.592110,0.590320,0.590890,4,2026-04-23
2026-04-23 04:00:00,0.590900,0.591180,0.590240,0.590540,4,2026-04-23
2026-04-23 08:00:00,0.590540,0.590950,0.589010,0.590220,4,2026-04-23
2026-04-23 12:00:00,0.590210,0.590230,0.587730,0.588870,4,2026-04-23
2026-04-23 16:00:00,0.588890,0.589310,0.587730,0.587920,4,2026-04-23
2026-04-23 20:00:00,0.587910,0.588950,0.587020,0.587280,4,2026-04-24
2026-04-24 00:00:00,0.587290,0.588620,0.584280,0.586510,4,2026-04-24
2026-04-24 04:00:00,0.586480,0.587080,0.584850,0.585600,4,2026-04-24
2026-04-24 08:00:00,0.585600,0.586120,0.585200,0.585980,4,2026-04-24
2026-04-24 12:00:00,0.585980,0.586020,0.584080,0.585110,4,2026-04-24
2026-04-24 16:00:00,0.585120,0.586090,0.584630,0.585690,4,2026-04-24
2026-04-24 20:00:00,0.585680,0.586090,0.585540,0.586080,1,2026-04-24
2026-04-26 20:00:00,0.587910,0.587940,0.587880,0.587910,3,2026-04-27
2026-04-27 00:00:00,0.587900,0.588310,0.587460,0.587910,4,2026-04-27
2026-04-27 04:00:00,0.587900,0.588060,0.585720,0.586860,4,2026-04-27
2026-04-27 08:00:00,0.586870,0.589090,0.586800,0.588880,4,2026-04-27
2026-04-27 12:00:00,0.588890,0.589480,0.588370,0.588430,4,2026-04-27
2026-04-27 16:00:00,0.588420,0.591390,0.587980,0.591000,4,2026-04-27
2026-04-27 20:00:00,0.590990,0.592170,0.590880,0.591240,4,2026-04-28
2026-04-28 00:00:00,0.591230,0.592340,0.590890,0.591360,4,2026-04-28
2026-04-28 04:00:00,0.591350,0.591380,0.590320,0.590710,4,2026-04-28
2026-04-28 08:00:00,0.590710,0.591810,0.590070,0.590160,4,2026-04-28
2026-04-28 12:00:00,0.590170,0.590290,0.589320,0.589390,4,2026-04-28
2026-04-28 16:00:00,0.589380,0.589780,0.588270,0.588850,4,2026-04-28
2026-04-28 20:00:00,0.588830,0.589040,0.586710,0.587790,4,2026-04-29
2026-04-29 00:00:00,0.587780,0.589000,0.587190,0.588730,4,2026-04-29
2026-04-29 04:00:00,0.588720,0.589110,0.587870,0.588360,4,2026-04-29
2026-04-29 08:00:00,0.588370,0.589160,0.587580,0.587660,4,2026-04-29
2026-04-29 12:00:00,0.587670,0.587980,0.585630,0.586210,4,2026-04-29
2026-04-29 16:00:00,0.586210,0.586880,0.585320,0.585320,4,2026-04-29
2026-04-29 20:00:00,0.585310,0.586180,0.583580,0.583940,4,2026-04-30
2026-04-30 00:00:00,0.583940,0.584890,0.583040,0.583930,4,2026-04-30
2026-04-30 04:00:00,0.583950,1.716320,0.581650,0.583020,4,2026-04-30
2026-04-30 08:00:00,0.583020,0.584600,0.582780,0.583270,4,2026-04-30
2026-04-30 12:00:00,0.583280,0.583770,0.582520,0.582530,4,2026-04-30
2026-04-30 16:00:00,0.582520,0.585440,0.582080,0.585420,4,2026-04-30
2026-04-30 20:00:00,0.585410,0.587750,0.585080,0.587410,4,2026-05-01
2026-05-01 00:00:00,0.587410,0.589570,0.587270,0.589320,4,2026-05-01
2026-05-01 04:00:00,0.589340,0.591050,0.589260,0.590780,4,2026-05-01
2026-05-01 08:00:00,0.590760,0.590900,0.590180,0.590640,4,2026-05-01
2026-05-01 12:00:00,0.590640,0.590910,0.589190,0.589240,4,2026-05-01
2026-05-01 16:00:00,0.589190,0.590020,0.588600,0.588970,4,2026-05-01
2026-05-01 20:00:00,0.588940,0.589460,0.588900,0.589170,1,2026-05-01
2026-05-03 20:00:00,0.589830,0.589940,0.589830,0.589920,3,2026-05-04
2026-05-04 00:00:00,0.589910,0.589970,0.589710,0.589850,4,2026-05-04
2026-05-04 04:00:00,0.589850,0.591650,0.589530,0.590830,4,2026-05-04
2026-05-04 08:00:00,0.591100,0.591290,0.589980,0.590780,4,2026-05-04
2026-05-04 12:00:00,0.590920,0.592700,0.590720,0.591820,4,2026-05-04
2026-05-04 16:00:00,0.591820,0.592070,0.589500,0.590020,4,2026-05-04
2026-05-04 20:00:00,0.589900,0.590010,0.587500,0.588940,4,2026-05-05
2026-05-05 00:00:00,0.588910,0.589440,0.586120,0.587410,4,2026-05-05
2026-05-05 04:00:00,0.587350,0.587780,0.586870,0.587390,4,2026-05-05
2026-05-05 08:00:00,0.587380,0.587400,0.585990,0.586410,4,2026-05-05
2026-05-05 12:00:00,0.586450,0.587060,0.585730,0.586690,4,2026-05-05
2026-05-05 16:00:00,0.586770,0.588420,0.586680,0.588250,4,2026-05-05
2026-05-05 20:00:00,0.588310,0.589210,0.587520,0.588710,4,2026-05-06
2026-05-06 00:00:00,0.588700,0.590560,0.588200,0.589150,4,2026-05-06
2026-05-06 04:00:00,0.589150,0.589300,0.587890,0.588800,4,2026-05-06
2026-05-06 08:00:00,0.588800,0.592910,0.588390,0.592740,4,2026-05-06
2026-05-06 12:00:00,0.592740,0.595210,0.592570,0.594660,4,2026-05-06
2026-05-06 16:00:00,0.594650,0.597730,0.594260,0.596970,4,2026-05-06
2026-05-06 20:00:00,0.596940,0.599100,0.595120,0.595530,4,2026-05-07
2026-05-07 00:00:00,0.595510,0.596830,0.594760,0.595410,4,2026-05-07
2026-05-07 04:00:00,0.595380,0.596400,0.595000,0.595800,4,2026-05-07
2026-05-07 08:00:00,0.595780,0.596540,0.595090,0.596410,4,2026-05-07
2026-05-07 12:00:00,0.596400,0.596440,0.595690,0.595960,4,2026-05-07
2026-05-07 16:00:00,0.595950,0.598060,0.595550,0.597590,4,2026-05-07
2026-05-07 20:00:00,0.597570,0.598290,0.597310,0.597560,4,2026-05-08
2026-05-08 00:00:00,0.597630,0.597990,0.594930,0.595460,4,2026-05-08
2026-05-08 04:00:00,0.595400,0.595650,0.593640,0.593940,4,2026-05-08
2026-05-08 08:00:00,0.593940,0.594210,0.593280,0.593930,4,2026-05-08
2026-05-08 12:00:00,0.593910,0.594930,0.593180,0.594780,4,2026-05-08
2026-05-08 16:00:00,0.594810,0.596850,0.594770,0.596230,4,2026-05-08
2026-05-08 20:00:00,0.596140,0.596850,0.596100,0.596390,1,2026-05-08
2026-05-10 20:00:00,0.596670,0.597190,0.595850,0.596300,3,2026-05-11
2026-05-11 00:00:00,0.596290,0.597190,0.595630,0.595890,4,2026-05-11
2026-05-11 04:00:00,0.595980,0.597520,0.593560,0.594930,4,2026-05-11
2026-05-11 08:00:00,0.594940,0.595790,0.594590,0.594960,4,2026-05-11
2026-05-11 12:00:00,0.594980,0.595390,0.593950,0.594190,4,2026-05-11
2026-05-11 16:00:00,0.594190,0.595570,0.594170,0.594640,4,2026-05-11
2026-05-11 20:00:00,0.594600,0.596110,0.594330,0.595940,4,2026-05-12
2026-05-12 00:00:00,0.595970,0.596930,0.595670,0.596470,4,2026-05-12
2026-05-12 04:00:00,0.596470,0.596730,0.595680,0.596380,4,2026-05-12
2026-05-12 08:00:00,0.596370,0.596920,0.594850,0.595370,4,2026-05-12
2026-05-12 12:00:00,0.595410,0.596170,0.595210,0.595700,4,2026-05-12
2026-05-12 16:00:00,0.595660,0.595660,0.593750,0.594920,4,2026-05-12
2026-05-12 20:00:00,0.594900,0.595780,0.594230,0.594240,4,2026-05-13
2026-05-13 00:00:00,0.594250,0.594970,0.593550,0.594490,4,2026-05-13
2026-05-13 04:00:00,0.594480,0.595770,0.594310,0.594740,4,2026-05-13
2026-05-13 08:00:00,0.594740,0.596600,0.594570,0.596280,4,2026-05-13
2026-05-13 12:00:00,0.596310,0.596450,0.593840,0.594300,4,2026-05-13
2026-05-13 16:00:00,0.594280,0.594540,0.592360,0.592950,4,2026-05-13
2026-05-13 20:00:00,0.592930,0.593420,0.592100,0.592700,4,2026-05-14
2026-05-14 00:00:00,0.592620,0.594230,0.592590,0.593270,4,2026-05-14
2026-05-14 04:00:00,0.593270,0.593920,0.592960,0.593420,4,2026-05-14
2026-05-14 08:00:00,0.593440,0.593780,0.592840,0.592860,4,2026-05-14
2026-05-14 12:00:00,0.592860,0.593770,0.592590,0.593560,4,2026-05-14
2026-05-14 16:00:00,0.593520,0.594190,0.592960,0.593800,4,2026-05-14
2026-05-14 20:00:00,0.593780,0.593870,0.591810,0.592380,4,2026-05-15
2026-05-15 00:00:00,0.592460,0.593020,0.591450,0.591910,4,2026-05-15
2026-05-15 04:00:00,0.591900,0.592520,0.590550,0.591270,4,2026-05-15
2026-05-15 08:00:00,0.591270,0.591360,0.588290,0.588310,4,2026-05-15
2026-05-15 12:00:00,0.588310,0.589000,0.585810,0.586160,4,2026-05-15
2026-05-15 16:00:00,0.586150,0.586930,0.584040,0.584400,4,2026-05-15
2026-05-15 20:00:00,0.584380,0.586670,0.584380,0.586420,1,2026-05-15
2026-05-17 20:00:00,0.583880,0.583910,0.583840,0.583850,3,2026-05-18
2026-05-18 00:00:00,0.583840,0.584270,0.583590,0.583840,4,2026-05-18
2026-05-18 04:00:00,0.583840,0.585160,0.583170,0.584210,4,2026-05-18
2026-05-18 08:00:00,0.584040,0.584620,0.582350,0.583180,4,2026-05-18
2026-05-18 12:00:00,0.583170,0.584210,0.582770,0.583910,4,2026-05-18
2026-05-18 16:00:00,0.583950,0.586280,0.583850,0.585820,4,2026-05-18
2026-05-18 20:00:00,0.585810,0.588150,0.585210,0.587830,4,2026-05-19
2026-05-19 00:00:00,0.587930,0.587930,0.585650,0.587170,4,2026-05-19
2026-05-19 04:00:00,0.587180,0.588010,0.585690,0.587530,4,2026-05-19
2026-05-19 08:00:00,0.587530,0.587960,0.585480,0.585870,4,2026-05-19
2026-05-19 12:00:00,0.585850,0.585910,0.584970,0.585620,4,2026-05-19
2026-05-19 16:00:00,0.585610,0.586010,0.584020,0.584190,4,2026-05-19
2026-05-19 20:00:00,0.584170,0.584850,0.582630,0.583670,4,2026-05-20
2026-05-20 00:00:00,0.583660,0.584100,0.581780,0.583770,4,2026-05-20
2026-05-20 04:00:00,0.583840,0.584110,0.583190,0.583980,4,2026-05-20
2026-05-20 08:00:00,0.583960,0.584100,0.581540,0.582370,4,2026-05-20
2026-05-20 12:00:00,0.582350,0.583800,0.581880,0.582940,4,2026-05-20
2026-05-20 16:00:00,0.582910,0.584260,0.582910,0.583740,4,2026-05-20
2026-05-20 20:00:00,0.583750,0.585140,0.583690,0.583950,4,2026-05-21
2026-05-21 00:00:00,0.583940,0.588490,0.583430,0.586890,4,2026-05-21
2026-05-21 04:00:00,0.586900,0.587710,0.586330,0.586910,4,2026-05-21
2026-05-21 08:00:00,0.586870,0.587440,0.585880,0.585950,4,2026-05-21
2026-05-21 12:00:00,0.586000,0.586470,0.585160,0.586200,4,2026-05-21
2026-05-21 16:00:00,0.586180,0.587460,0.585040,0.586990,4,2026-05-21
2026-05-21 20:00:00,0.586970,0.587110,0.584740,0.585680,4,2026-05-22
2026-05-22 00:00:00,0.585700,0.588750,0.585150,0.588550,4,2026-05-22
2026-05-22 04:00:00,0.588600,0.588610,0.586790,0.587540,4,2026-05-22
2026-05-22 08:00:00,0.587540,0.588010,0.586980,0.587420,4,2026-05-22
2026-05-22 12:00:00,0.587410,0.587670,0.586950,0.587080,4,2026-05-22
2026-05-22 16:00:00,0.587100,0.587270,0.585420,0.585680,4,2026-05-22
2026-05-22 20:00:00,0.585670,0.585890,0.585240,0.585400,1,2026-05-22
2026-05-24 20:00:00,0.584930,0.584970,0.584880,0.584890,3,2026-05-25
2026-05-25 00:00:00,0.584890,0.584990,0.584630,0.584920,4,2026-05-25
2026-05-25 04:00:00,0.584920,0.588680,0.584830,0.587130,4,2026-05-25
2026-05-25 08:00:00,0.587140,0.588120,0.586990,0.587510,4,2026-05-25
2026-05-25 12:00:00,0.587510,0.587900,0.586870,0.587360,4,2026-05-25
2026-05-25 16:00:00,0.587370,0.587590,0.586260,0.587120,4,2026-05-25
2026-05-25 20:00:00,0.587110,0.587870,0.586780,0.587100,4,2026-05-26
2026-05-26 00:00:00,0.587100,0.587700,0.586960,0.587320,4,2026-05-26
2026-05-26 04:00:00,0.587330,0.587440,0.586780,0.587150,4,2026-05-26
2026-05-26 08:00:00,0.587130,0.587270,0.585080,0.585270,4,2026-05-26
2026-05-26 12:00:00,0.585290,0.585840,0.584560,0.584630,4,2026-05-26
2026-05-26 16:00:00,0.584620,0.585420,0.584290,0.584560,4,2026-05-26
2026-05-26 20:00:00,0.584560,0.584910,0.583580,0.583880,4,2026-05-27
2026-05-27 00:00:00,0.583880,0.584530,0.583190,0.583240,4,2026-05-27
2026-05-27 04:00:00,0.583250,0.584180,0.583230,0.584000,4,2026-05-27
2026-05-27 08:00:00,0.584000,0.584840,0.583590,0.584410,4,2026-05-27
2026-05-27 12:00:00,0.584290,0.588000,0.584130,0.587390,4,2026-05-27
2026-05-27 16:00:00,0.587400,0.588590,0.586870,0.588500,4,2026-05-27
2026-05-27 20:00:00,0.588520,0.590400,0.587790,0.589910,4,2026-05-28
2026-05-28 00:00:00,0.589850,0.591030,0.588680,0.589240,4,2026-05-28
2026-05-28 04:00:00,0.589250,0.590310,0.589030,0.590230,4,2026-05-28
2026-05-28 08:00:00,0.590160,0.591110,0.589020,0.589970,4,2026-05-28
2026-05-28 12:00:00,0.589940,0.590340,0.586420,0.587860,4,2026-05-28
2026-05-28 16:00:00,0.587850,0.589320,0.587700,0.589130,4,2026-05-28
2026-05-28 20:00:00,0.589120,0.591210,0.588540,0.590380,4,2026-05-29
2026-05-29 00:00:00,0.590370,0.593420,0.590020,0.593230,4,2026-05-29
2026-05-29 04:00:00,0.593250,0.593480,0.592720,0.593250,4,2026-05-29
2026-05-29 08:00:00,0.593090,0.595580,0.593090,0.595110,4,2026-05-29
2026-05-29 12:00:00,0.595090,0.596130,0.594620,0.595740,4,2026-05-29
2026-05-29 16:00:00,0.595720,0.596710,0.595540,0.596410,4,2026-05-29
2026-05-29 20:00:00,0.596330,0.596730,0.596290,0.596580,1,2026-05-29
2026-05-31 20:00:00,0.598800,0.598840,0.598640,0.598770,3,2026-06-01
2026-06-01 00:00:00,0.598780,0.598830,0.598590,0.598770,4,2026-06-01
2026-06-01 04:00:00,0.598770,0.598980,0.596840,0.598110,4,2026-06-01
2026-06-01 08:00:00,0.598040,0.598600,0.597310,0.597410,4,2026-06-01
2026-06-01 12:00:00,0.597390,0.597560,0.596580,0.597040,4,2026-06-01
2026-06-01 16:00:00,0.597090,0.597360,0.595180,0.595200,4,2026-06-01
2026-06-01 20:00:00,0.595190,0.595710,0.591450,0.591770,4,2026-06-02
2026-06-02 00:00:00,0.591740,0.594430,0.591100,0.594280,4,2026-06-02
2026-06-02 04:00:00,0.594290,0.594290,0.593110,0.593640,4,2026-06-02
2026-06-02 08:00:00,0.593600,0.593710,0.591890,0.592450,4,2026-06-02
2026-06-02 12:00:00,0.592430,0.593770,0.592370,0.593450,4,2026-06-02
2026-06-02 16:00:00,0.593520,0.594590,0.592370,0.592810,4,2026-06-02
2026-06-02 20:00:00,0.592810,0.593850,0.592260,0.592720,4,2026-06-03
2026-06-03 00:00:00,0.592690,0.593400,0.591970,0.592080,4,2026-06-03
2026-06-03 04:00:00,0.592060,0.593280,0.591810,0.592490,4,2026-06-03
2026-06-03 08:00:00,0.592450,0.593450,0.592020,0.593260,4,2026-06-03
2026-06-03 12:00:00,0.593230,0.593550,0.590770,0.590810,4,2026-06-03
2026-06-03 16:00:00,0.590890,0.590890,0.589380,0.589410,4,2026-06-03
2026-06-03 20:00:00,0.589430,0.590310,0.587260,0.587460,4,2026-06-04
2026-06-04 00:00:00,0.587440,0.587950,0.586150,0.586400,4,2026-06-04
2026-06-04 04:00:00,0.586410,0.586750,0.585810,0.586090,4,2026-06-04
2026-06-04 08:00:00,0.586100,0.587690,0.586090,0.587090,4,2026-06-04
2026-06-04 12:00:00,0.587080,0.587550,0.586570,0.587120,4,2026-06-04
2026-06-04 16:00:00,0.587110,0.587650,0.586260,0.587380,4,2026-06-04
2026-06-04 20:00:00,0.587400,0.588670,0.587260,0.588640,4,2026-06-05
2026-06-05 00:00:00,0.588610,0.588690,0.587440,0.587490,4,2026-06-05
2026-06-05 04:00:00,0.587480,0.587550,0.586410,0.586530,4,2026-06-05
2026-06-05 08:00:00,0.586570,0.587380,0.585190,0.585900,4,2026-06-05
2026-06-05 12:00:00,0.585890,0.586980,0.585640,0.586380,4,2026-06-05
2026-06-05 16:00:00,0.586410,0.588060,0.585990,0.588000,4,2026-06-05
2026-06-05 20:00:00,0.588020,0.588440,0.587930,0.588220,1,2026-06-05
2026-06-07 20:00:00,0.579650,0.579670,0.579630,0.579640,3,2026-06-08
2026-06-08 00:00:00,0.579640,0.580350,0.579230,0.579650,4,2026-06-08
2026-06-08 04:00:00,0.579650,0.580280,0.578040,0.578490,4,2026-06-08
2026-06-08 08:00:00,0.578480,0.580780,0.578450,0.579810,4,2026-06-08
2026-06-08 12:00:00,0.579820,0.580830,0.579180,0.579540,4,2026-06-08
2026-06-08 16:00:00,0.579570,0.581060,0.579500,0.580990,4,2026-06-08
2026-06-08 20:00:00,0.580960,0.583680,0.580700,0.581730,4,2026-06-09
2026-06-09 00:00:00,0.581760,0.582370,0.580970,0.581360,4,2026-06-09
2026-06-09 04:00:00,0.581340,0.581780,0.580730,0.581390,4,2026-06-09
2026-06-09 08:00:00,0.581360,0.581600,0.579950,0.581580,4,2026-06-09
2026-06-09 12:00:00,0.581570,0.584190,0.581070,0.583990,4,2026-06-09
2026-06-09 16:00:00,0.583960,0.584810,0.582190,0.583150,4,2026-06-09
2026-06-09 20:00:00,0.583160,0.584450,0.582870,0.583650,4,2026-06-10
2026-06-10 00:00:00,0.583660,0.584190,0.580110,0.581990,4,2026-06-10
2026-06-10 04:00:00,0.581950,0.582330,0.580700,0.582010,4,2026-06-10
2026-06-10 08:00:00,0.582010,0.582270,0.580530,0.581820,4,2026-06-10
2026-06-10 12:00:00,0.581840,0.582330,0.581010,0.581610,4,2026-06-10
2026-06-10 16:00:00,0.581600,0.582070,0.580700,0.581410,4,2026-06-10
2026-06-10 20:00:00,0.581440,0.583260,0.580180,0.582490,4,2026-06-11
2026-06-11 00:00:00,0.582500,0.583170,0.580910,0.581550,4,2026-06-11
2026-06-11 04:00:00,0.581580,0.582010,0.579100,0.579380,4,2026-06-11
2026-06-11 08:00:00,0.579370,0.580700,0.578560,0.580190,4,2026-06-11
2026-06-11 12:00:00,0.580110,0.580320,0.579350,0.579600,4,2026-06-11
2026-06-11 16:00:00,0.579590,0.579710,0.578010,0.578390,4,2026-06-11
2026-06-11 20:00:00,0.578420,0.578760,0.577040,0.578340,4,2026-06-12
2026-06-12 00:00:00,0.578350,0.581830,0.577030,0.581660,4,2026-06-12
2026-06-12 04:00:00,0.581620,0.584530,0.580680,0.583210,4,2026-06-12
2026-06-12 08:00:00,0.583270,0.584040,0.581480,0.581650,4,2026-06-12
2026-06-12 12:00:00,0.581630,0.582760,0.581180,0.581290,4,2026-06-12
2026-06-12 16:00:00,0.581340,0.583890,0.581060,0.583440,4,2026-06-12
2026-06-12 20:00:00,0.583450,0.583780,0.582710,0.583140,1,2026-06-12
2026-06-14 20:00:00,0.583160,0.583340,0.583100,0.583170,3,2026-06-15
2026-06-15 00:00:00,0.583170,0.583270,0.583050,0.583230,4,2026-06-15
2026-06-15 04:00:00,0.583230,0.585880,0.582680,0.585610,4,2026-06-15
2026-06-15 08:00:00,0.585580,0.586380,0.584270,0.584910,4,2026-06-15
2026-06-15 12:00:00,0.584960,0.586320,0.584560,0.585700,4,2026-06-15
2026-06-15 16:00:00,0.585690,0.585810,0.584180,0.584290,4,2026-06-15
2026-06-15 20:00:00,0.584300,0.584640,0.583640,0.584210,4,2026-06-16
2026-06-16 00:00:00,0.584190,0.584400,0.582750,0.582900,4,2026-06-16
2026-06-16 04:00:00,0.582900,0.583200,0.582020,0.582250,4,2026-06-16
2026-06-16 08:00:00,0.582270,0.582970,0.581560,0.581730,4,2026-06-16
2026-06-16 12:00:00,0.581730,0.581730,0.579700,0.580910,4,2026-06-16
2026-06-16 16:00:00,0.580920,0.582850,0.580550,0.582830,4,2026-06-16
2026-06-16 20:00:00,0.582790,0.583700,0.582320,0.583050,4,2026-06-17
2026-06-17 00:00:00,0.583060,0.584320,0.582790,0.583740,4,2026-06-17
2026-06-17 04:00:00,0.583740,0.583980,0.582560,0.582940,4,2026-06-17
2026-06-17 08:00:00,0.582920,0.583570,0.582810,0.583070,4,2026-06-17
2026-06-17 12:00:00,0.583050,0.583370,0.582130,0.582220,4,2026-06-17
2026-06-17 16:00:00,0.582200,0.582240,0.581290,0.581630,4,2026-06-17
2026-06-17 20:00:00,0.581590,0.582050,0.580810,0.581820,4,2026-06-18
2026-06-18 00:00:00,0.581810,0.582290,0.581260,0.581880,4,2026-06-18
2026-06-18 04:00:00,0.581880,0.581950,0.575170,0.576990,4,2026-06-18
2026-06-18 08:00:00,0.577040,0.579150,0.576840,0.578910,4,2026-06-18
2026-06-18 12:00:00,0.578820,0.579900,0.578710,0.578950,4,2026-06-18
2026-06-18 16:00:00,0.578970,0.579720,0.576450,0.576760,4,2026-06-18
2026-06-18 20:00:00,0.576770,0.577880,0.575590,0.577280,4,2026-06-19
2026-06-19 00:00:00,0.577300,0.577700,0.575460,0.575580,4,2026-06-19
2026-06-19 04:00:00,0.575590,0.577700,0.574900,0.575400,4,2026-06-19
2026-06-19 08:00:00,0.575370,0.576240,0.574660,0.574680,4,2026-06-19
2026-06-19 12:00:00,0.574700,0.575430,0.572330,0.572880,4,2026-06-19
2026-06-19 16:00:00,0.572950,0.574560,0.572950,0.574390,4,2026-06-19
2026-06-19 20:00:00,0.574400,0.574470,0.573920,0.574070,1,2026-06-19
2026-06-21 20:00:00,0.575820,0.575980,0.574160,0.574200,3,2026-06-22
2026-06-22 00:00:00,0.574200,0.575810,0.573210,0.574040,4,2026-06-22
2026-06-22 04:00:00,0.574040,0.576580,0.572210,0.573430,4,2026-06-22
2026-06-22 08:00:00,0.573410,0.574010,0.572950,0.573190,4,2026-06-22
2026-06-22 12:00:00,0.573250,0.573350,0.572370,0.572720,4,2026-06-22
2026-06-22 16:00:00,0.572720,0.573180,0.571920,0.572850,4,2026-06-22
2026-06-22 20:00:00,0.572870,0.573540,0.572300,0.572380,4,2026-06-23
2026-06-23 00:00:00,0.572370,0.573530,0.571300,0.571410,4,2026-06-23
2026-06-23 04:00:00,0.571430,0.572620,0.570960,0.571620,4,2026-06-23
2026-06-23 08:00:00,0.571780,0.571780,0.570110,0.570560,4,2026-06-23
2026-06-23 12:00:00,0.570550,0.570880,0.569110,0.569290,4,2026-06-23
2026-06-23 16:00:00,0.569260,0.569430,0.568270,0.569280,4,2026-06-23
2026-06-23 20:00:00,0.569260,0.569520,0.567010,0.567690,4,2026-06-24
2026-06-24 00:00:00,0.567660,0.568110,0.566680,0.566700,4,2026-06-24
2026-06-24 04:00:00,0.566690,0.568120,0.566240,0.567100,4,2026-06-24
2026-06-24 08:00:00,0.567100,0.567250,0.566050,0.566350,4,2026-06-24
2026-06-24 12:00:00,0.566330,0.566350,0.565060,0.565610,4,2026-06-24
2026-06-24 16:00:00,0.565580,0.566120,0.563920,0.563940,4,2026-06-24
2026-06-24 20:00:00,0.563960,0.564730,0.563080,0.564650,4,2026-06-25
2026-06-25 00:00:00,0.564660,0.565400,0.563780,0.563880,4,2026-06-25
2026-06-25 04:00:00,0.563900,0.566100,0.563640,0.564410,4,2026-06-25
2026-06-25 08:00:00,0.564420,0.565340,0.563860,0.563930,4,2026-06-25
2026-06-25 12:00:00,0.564050,0.564950,0.563410,0.564400,4,2026-06-25
2026-06-25 16:00:00,0.564380,0.565110,0.563440,0.564800,4,2026-06-25
2026-06-25 20:00:00,0.564810,0.565210,0.563270,0.564370,4,2026-06-26
2026-06-26 00:00:00,0.564390,0.566130,0.564070,0.565170,4,2026-06-26
2026-06-26 04:00:00,0.565220,0.565770,0.564000,0.564680,4,2026-06-26
2026-06-26 08:00:00,0.564700,0.564900,0.563740,0.563840,4,2026-06-26
2026-06-26 12:00:00,0.563850,0.564810,0.562700,0.564750,4,2026-06-26
2026-06-26 16:00:00,0.564770,0.565730,0.564210,0.565370,4,2026-06-26
2026-06-26 20:00:00,0.565400,0.565490,0.565130,0.565470,1,2026-06-26
2026-06-28 20:00:00,0.563910,0.563940,0.563790,0.563860,3,2026-06-29
2026-06-29 00:00:00,0.563860,0.564500,0.563700,0.563820,4,2026-06-29
2026-06-29 04:00:00,0.563800,0.567180,0.563310,0.564290,4,2026-06-29
2026-06-29 08:00:00,0.564230,0.564350,0.563180,0.563990,4,2026-06-29
2026-06-29 12:00:00,0.564010,0.565240,0.563970,0.565190,4,2026-06-29
2026-06-29 16:00:00,0.565190,0.565940,0.564710,0.565070,4,2026-06-29
2026-06-29 20:00:00,0.565030,0.565590,0.564790,0.564860,4,2026-06-30
2026-06-30 00:00:00,0.564870,0.565410,0.564130,0.565250,4,2026-06-30
2026-06-30 04:00:00,0.565210,0.565520,0.565020,0.565220,4,2026-06-30
2026-06-30 08:00:00,0.565170,0.565490,0.564120,0.564610,4,2026-06-30
2026-06-30 12:00:00,0.564600,0.565180,0.564290,0.564580,4,2026-06-30
2026-06-30 16:00:00,0.564580,0.565940,0.564540,0.565590,4,2026-06-30
2026-06-30 20:00:00,0.565560,0.566740,0.565470,0.566240,4,2026-07-01
2026-07-01 00:00:00,0.566270,0.569070,0.565970,0.567700,4,2026-07-01
2026-07-01 04:00:00,0.567680,0.568300,0.567250,0.567870,4,2026-07-01
2026-07-01 08:00:00,0.567800,0.568000,0.566420,0.566590,4,2026-07-01
2026-07-01 12:00:00,0.566570,0.567790,0.566030,0.567610,4,2026-07-01
2026-07-01 16:00:00,0.567590,0.567920,0.567030,0.567310,4,2026-07-01
2026-07-01 20:00:00,0.567310,0.568950,0.565720,0.567940,4,2026-07-02
2026-07-02 00:00:00,0.568020,0.568760,0.567280,0.567480,4,2026-07-02
2026-07-02 04:00:00,0.567510,0.567560,0.566900,0.567240,4,2026-07-02
2026-07-02 08:00:00,0.567230,0.568020,0.567040,0.567930,4,2026-07-02
2026-07-02 12:00:00,0.567960,0.568510,0.566830,0.567670,4,2026-07-02
2026-07-02 16:00:00,0.567670,0.569470,0.567390,0.568810,4,2026-07-02
2026-07-02 20:00:00,0.568790,0.571670,0.566860,0.570930,4,2026-07-03
2026-07-03 00:00:00,0.570980,0.571190,0.569310,0.569380,4,2026-07-03
2026-07-03 04:00:00,0.569430,0.570460,0.569310,0.570080,4,2026-07-03
2026-07-03 08:00:00,0.569970,0.570850,0.569010,0.570610,4,2026-07-03
2026-07-03 12:00:00,0.570560,0.571870,0.570560,0.571580,4,2026-07-03
2026-07-03 16:00:00,0.571580,0.572690,0.571360,0.571370,4,2026-07-03
2026-07-03 20:00:00,0.571370,0.571570,0.571160,0.571220,1,2026-07-03
2026-07-05 20:00:00,0.570900,0.570930,0.570870,0.570890,3,2026-07-06
2026-07-06 00:00:00,0.570880,0.571650,0.570440,0.570880,4,2026-07-06
2026-07-06 04:00:00,0.570870,0.571420,0.570570,0.571140,4,2026-07-06
2026-07-06 08:00:00,0.571140,0.571220,0.568730,0.568750,4,2026-07-06
2026-07-06 12:00:00,0.568770,0.569160,0.568300,0.568410,4,2026-07-06
2026-07-06 16:00:00,0.568440,0.569130,0.568060,0.568140,4,2026-07-06
2026-07-06 20:00:00,0.568140,0.568770,0.567710,0.567990,4,2026-07-07
2026-07-07 00:00:00,0.568010,0.570080,0.568010,0.569870,4,2026-07-07
2026-07-07 04:00:00,0.569900,0.570560,0.569760,0.570000,4,2026-07-07
2026-07-07 08:00:00,0.570050,0.570710,0.569670,0.570390,4,2026-07-07
2026-07-07 12:00:00,0.570410,0.570520,0.568690,0.569190,4,2026-07-07
2026-07-07 16:00:00,0.569190,0.569520,0.568700,0.569020,4,2026-07-07
2026-07-07 20:00:00,0.569020,0.569860,0.568660,0.568730,4,2026-07-08
2026-07-08 00:00:00,0.568830,0.569230,0.568240,0.569150,4,2026-07-08
2026-07-08 04:00:00,0.569130,0.569150,0.567140,0.567920,4,2026-07-08
2026-07-08 08:00:00,0.567830,0.568930,0.567320,0.568690,4,2026-07-08
2026-07-08 12:00:00,0.568670,0.571920,0.568630,0.571670,4,2026-07-08
2026-07-08 16:00:00,0.571670,0.571990,0.568870,0.569470,4,2026-07-08
2026-07-08 20:00:00,0.569490,0.570480,0.568380,0.569530,4,2026-07-09
2026-07-09 00:00:00,0.569500,0.570510,0.568190,0.569940,4,2026-07-09
2026-07-09 04:00:00,0.569950,0.571000,0.568660,0.570480,4,2026-07-09
2026-07-09 08:00:00,0.570440,0.572910,0.569970,0.572170,4,2026-07-09
2026-07-09 12:00:00,0.572130,0.572790,0.571800,0.572620,4,2026-07-09
2026-07-09 16:00:00,0.572630,0.573880,0.572580,0.573650,4,2026-07-09
2026-07-09 20:00:00,0.573590,0.574960,0.573000,0.574860,4,2026-07-10
2026-07-10 00:00:00,0.574850,0.576360,0.574670,0.576190,4,2026-07-10
2026-07-10 04:00:00,0.576220,0.576230,0.575000,0.575600,4,2026-07-10
2026-07-10 08:00:00,0.575560,0.578590,0.575380,0.578560,4,2026-07-10
2026-07-10 12:00:00,0.578510,0.579290,0.576700,0.576950,4,2026-07-10
2026-07-10 16:00:00,0.576950,0.577820,0.576540,0.577160,4,2026-07-10
2026-07-10 20:00:00,0.577140,0.577400,0.576950,0.577100,1,2026-07-10
2026-07-12 20:00:00,0.576350,0.577110,0.576330,0.576890,3,2026-07-13
2026-07-13 00:00:00,0.576880,0.577130,0.576240,0.576350,4,2026-07-13
2026-07-13 04:00:00,0.576330,0.576870,0.575720,0.576320,4,2026-07-13
2026-07-13 08:00:00,0.576310,0.577010,0.574730,0.576990,4,2026-07-13
2026-07-13 12:00:00,0.576960,0.577060,0.575220,0.575400,4,2026-07-13
2026-07-13 16:00:00,0.575400,0.578650,0.575150,0.578030,4,2026-07-13
2026-07-13 20:00:00,0.578020,0.578850,0.577440,0.578030,4,2026-07-14
2026-07-14 00:00:00,0.578020,0.578270,0.575280,0.575400,4,2026-07-14
2026-07-14 04:00:00,0.575370,0.575560,0.574370,0.574940,4,2026-07-14
2026-07-14 08:00:00,0.574950,0.578140,0.574950,0.577920,4,2026-07-14
2026-07-14 12:00:00,0.577870,0.579820,0.577790,0.579510,4,2026-07-14
2026-07-14 16:00:00,0.579520,0.580800,0.578300,0.580590,4,2026-07-14
2026-07-14 20:00:00,0.580620,0.584500,0.579480,0.582210,4,2026-07-15
2026-07-15 00:00:00,0.582230,0.582480,0.580280,0.581010,4,2026-07-15
2026-07-15 04:00:00,0.581050,0.581630,0.580500,0.581220,4,2026-07-15
2026-07-15 08:00:00,0.581270,0.582570,0.580690,0.582390,4,2026-07-15
2026-07-15 12:00:00,0.582290,0.582530,0.580980,0.581860,4,2026-07-15
2026-07-15 16:00:00,0.581890,0.582410,0.581240,0.581880,4,2026-07-15
2026-07-15 20:00:00,0.581840,0.583490,0.581310,0.583100,4,2026-07-16
2026-07-16 00:00:00,0.583050,0.585820,0.582950,0.585770,4,2026-07-16
2026-07-16 04:00:00,0.585750,0.586320,0.583350,0.584850,4,2026-07-16
2026-07-16 08:00:00,0.584820,0.585320,0.583700,0.583780,4,2026-07-16
2026-07-16 12:00:00,0.583790,0.585420,0.583440,0.585090,4,2026-07-16
2026-07-16 16:00:00,0.585080,0.585880,0.584840,0.585070,4,2026-07-16
2026-07-16 20:00:00,0.585080,0.585800,0.584570,0.584860,4,2026-07-17
2026-07-17 00:00:00,0.584880,0.585510,0.583400,0.583830,4,2026-07-17
2026-07-17 04:00:00,0.583850,0.584570,0.583580,0.583780,4,2026-07-17
2026-07-17 08:00:00,0.583770,0.584950,0.583580,0.583720,4,2026-07-17
2026-07-17 12:00:00,0.583690,0.584310,0.583260,0.583560,4,2026-07-17
2026-07-17 16:00:00,0.583570,0.584560,0.582490,0.583100,4,2026-07-17
2026-07-17 20:00:00,0.583080,0.583500,0.582960,0.583270,1,2026-07-17
2026-07-19 20:00:00,0.584260,0.584300,0.584240,0.584280,3,2026-07-20
2026-07-20 00:00:00,0.584260,0.584320,0.584180,0.584290,4,2026-07-20
2026-07-20 04:00:00,0.584280,0.584910,0.582420,0.582990,4,2026-07-20
2026-07-20 08:00:00,0.583030,0.584460,0.583030,0.584330,4,2026-07-20
2026-07-20 12:00:00,0.584280,0.586110,0.584280,0.585220,4,2026-07-20
2026-07-20 16:00:00,0.585240,0.586340,0.584750,0.584890,4,2026-07-20
2026-07-20 20:00:00,0.584850,0.586240,0.584750,0.585080,4,2026-07-21
2026-07-21 00:00:00,0.585080,0.585250,0.584120,0.584560,4,2026-07-21
2026-07-21 04:00:00,0.584550,0.584800,0.583230,0.583400,4,2026-07-21
2026-07-21 08:00:00,0.583410,0.586740,0.583400,0.586590,4,2026-07-21
2026-07-21 12:00:00,0.586590,0.587300,0.585930,0.586310,4,2026-07-21
2026-07-21 16:00:00,0.586310,0.586520,0.585450,0.586140,4,2026-07-21
2026-07-21 20:00:00,0.586150,0.586410,0.582330,0.582710,4,2026-07-22
2026-07-22 00:00:00,0.582700,0.583480,0.582550,0.583250,4,2026-07-22
2026-07-22 04:00:00,0.583250,0.583380,0.582330,0.582660,4,2026-07-22
2026-07-22 08:00:00,0.582670,0.583450,0.582310,0.583070,4,2026-07-22
2026-07-22 12:00:00,0.583060,0.583220,0.582090,0.582350,4,2026-07-22
2026-07-22 16:00:00,0.582300,0.582840,0.581310,0.581570,4,2026-07-22
2026-07-22 20:00:00,0.581570,0.582420,0.581140,0.581930,4,2026-07-23
2026-07-23 00:00:00,0.581910,0.582160,0.581470,0.581550,4,2026-07-23
2026-07-23 04:00:00,0.581540,0.581900,0.581190,0.581710,4,2026-07-23
2026-07-23 08:00:00,0.581690,0.582190,0.580930,0.581860,4,2026-07-23
2026-07-23 12:00:00,0.581880,0.582120,0.581290,0.582030,4,2026-07-23
2026-07-23 16:00:00,0.582030,0.582320,0.579380,0.579730,4,2026-07-23
2026-07-23 20:00:00,0.579780,0.579820,0.577000,0.577540,4,2026-07-24
2026-07-24 00:00:00,0.577590,0.577820,0.576260,0.577030,4,2026-07-24
2026-07-24 04:00:00,0.577040,0.577590,0.576720,0.577200,4,2026-07-24
2026-07-24 08:00:00,0.577180,0.578580,0.576960,0.578150,4,2026-07-24
2026-07-24 12:00:00,0.578150,0.578320,0.577250,0.577600,4,2026-07-24
2026-07-24 16:00:00,0.577590,0.579080,0.577460,0.578590,4,2026-07-24
2026-07-24 20:00:00,0.578530,0.579080,0.578480,0.578690,1,2026-07-24
2026-07-26 20:00:00,0.578920,0.578960,0.578830,0.578890,3,2026-07-27
2026-07-27 00:00:00,0.578880,0.579000,0.578750,0.578920,4,2026-07-27
2026-07-27 04:00:00,0.578920,0.580670,0.577810,0.580220,4,2026-07-27
2026-07-27 08:00:00,0.580280,0.581010,0.579350,0.580440,4,2026-07-27
2026-07-27 12:00:00,0.580350,0.580580,0.578830,0.580350,4,2026-07-27
2026-07-27 16:00:00,0.580300,0.580790,0.579570,0.579790,4,2026-07-27
2026-07-27 20:00:00,0.579820,0.579970,0.578460,0.578840,4,2026-07-28
2026-07-28 00:00:00,0.578890,0.579020,0.577290,0.577470,4,2026-07-28
2026-07-28 04:00:00,0.577490,0.577990,0.577280,0.577520,4,2026-07-28
2026-07-28 08:00:00,0.577540,0.577670,0.576620,0.576880,4,2026-07-28
2026-07-28 12:00:00,0.576860,0.577870,0.576250,0.576570,4,2026-07-28
2026-07-28 16:00:00,0.576590,0.577710,0.576380,0.576590,4,2026-07-28
2026-07-28 20:00:00,0.576610,0.577640,0.576420,0.577440,4,2026-07-29
2026-07-29 00:00:00,0.577440,0.579950,0.577330,0.578670,4,2026-07-29
2026-07-29 04:00:00,0.578690,0.579060,0.578010,0.578730,4,2026-07-29
2026-07-29 08:00:00,0.578710,0.578830,0.577520,0.577750,4,2026-07-29
2026-07-29 12:00:00,0.577760,0.579290,0.577540,0.579160,4,2026-07-29
2026-07-29 16:00:00,0.579160,0.579530,0.578030,0.578160,4,2026-07-29
2026-07-29 20:00:00,0.578200,0.578430,0.576990,0.578420,4,2026-07-30
2026-07-30 00:00:00,0.578400,0.578650,0.576260,0.577620,4,2026-07-30
2026-07-30 04:00:00,0.577650,0.582650,0.577650,0.579220,4,2026-07-30
2026-07-30 08:00:00,0.579190,0.580870,0.579100,0.580460,4,2026-07-30
2026-07-30 12:00:00,0.580450,0.581310,0.580340,0.580480,4,2026-07-30
2026-07-30 16:00:00,0.580510,0.583610,0.579930,0.583530,4,2026-07-30
2026-07-30 20:00:00,0.583530,0.587260,0.583320,0.587190,4,2026-07-31
2026-07-31 00:00:00,0.587030,0.588090,0.585940,0.588080,4,2026-07-31
2026-07-31 04:00:00,0.588060,0.588370,0.586750,0.587450,4,2026-07-31
2026-07-31 08:00:00,0.587450,0.588300,0.586330,0.586580,4,2026-07-31
2026-07-31 12:00:00,0.586570,0.587260,0.586530,0.586740,4,2026-07-31
2026-07-31 16:00:00,0.586720,0.588820,0.586720,0.587570,4,2026-07-31
2026-07-31 20:00:00,0.587590,0.587730,0.587270,0.587280,1,2026-07-31
2026-08-02 20:00:00,0.587840,0.587870,0.587820,0.587850,3,2026-08-03
2026-08-03 00:00:00,0.587840,0.587900,0.587690,0.587840,4,2026-08-03
2026-08-03 04:00:00,0.587840,0.590620,0.587730,0.589580,4,2026-08-03
2026-08-03 08:00:00,0.589580,0.590870,0.588840,0.589220,4,2026-08-03
2026-08-03 12:00:00,0.589200,0.589340,0.587800,0.588520,4,2026-08-03
2026-08-03 16:00:00,0.588500,0.588720,0.586640,0.586770,4,2026-08-03
2026-08-03 20:00:00,0.586860,0.587580,0.586160,0.586570,4,2026-08-04
2026-08-04 00:00:00,0.586500,0.587120,0.586090,0.586090,4,2026-08-04
2026-08-04 04:00:00,0.586100,0.587460,0.586070,0.587070,4,2026-08-04
2026-08-04 08:00:00,0.587080,0.587230,0.586480,0.586760,4,2026-08-04
2026-08-04 12:00:00,0.586760,0.587050,0.586240,0.586480,4,2026-08-04
2026-08-04 16:00:00,0.586470,0.587400,0.586390,0.587160,4,2026-08-04
2026-08-04 20:00:00,0.587120,0.589090,0.587090,0.589080,4,2026-08-05
2026-08-05 00:00:00,0.589060,0.589400,0.588050,0.589020,4,2026-08-05
2026-08-05 04:00:00,0.589030,0.589710,0.588530,0.589470,4,2026-08-05
2026-08-05 08:00:00,0.589520,0.589680,0.586820,0.586980,4,2026-08-05
2026-08-05 12:00:00,0.586970,0.588160,0.586610,0.587280,4,2026-08-05
2026-08-05 16:00:00,0.587250,0.587510,0.586010,0.586400,4,2026-08-05
2026-08-05 20:00:00,0.586380,0.587990,0.586060,0.587740,4,2026-08-06
2026-08-06 00:00:00,0.587760,0.589050,0.587650,0.589040,4,2026-08-06
2026-08-06 04:00:00,0.589020,0.589270,0.588270,0.588460,4,2026-08-06
2026-08-06 08:00:00,0.588500,0.589270,0.588020,0.589140,4,2026-08-06
2026-08-06 12:00:00,0.589140,0.589530,0.587510,0.588100,4,2026-08-06
2026-08-06 16:00:00,0.588090,0.588240,0.586950,0.587980,4,2026-08-06
2026-08-06 20:00:00,0.588000,0.588530,0.587570,0.588120,4,2026-08-07
2026-08-07 00:00:00,0.588130,0.588220,0.586180,0.587010,4,2026-08-07
2026-08-07 04:00:00,0.586990,0.587790,0.586370,0.586510,4,2026-08-07
2026-08-07 08:00:00,0.586520,0.587020,0.586330,0.586820,4,2026-08-07
2026-08-07 12:00:00,0.586800,0.586830,0.586280,0.586490,4,2026-08-07
2026-08-07 16:00:00,0.586450,0.587680,0.586360,0.587430,4,2026-08-07
2026-08-07 20:00:00,0.587430,0.587500,0.586620,0.586730,1,2026-08-07
2026-08-09 20:00:00,0.589420,0.589500,0.588960,0.589110,3,2026-08-10
2026-08-10 00:00:00,0.589110,0.589590,0.589030,0.589440,4,2026-08-10
2026-08-10 04:00:00,0.589440,0.590370,0.588210,0.589640,4,2026-08-10
2026-08-10 08:00:00,0.589680,0.589960,0.588250,0.588300,4,2026-08-10
2026-08-10 12:00:00,0.588310,0.589060,0.587860,0.589030,4,2026-08-10
2026-08-10 16:00:00,0.589010,0.589980,0.588670,0.589390,4,2026-08-10
2026-08-10 20:00:00,0.589430,0.589620,0.587910,0.588270,4,2026-08-11
2026-08-11 00:00:00,0.588220,0.589330,0.588170,0.588180,4,2026-08-11
2026-08-11 04:00:00,0.588200,0.588580,0.588080,0.588220,4,2026-08-11
2026-08-11 08:00:00,0.588260,0.588920,0.588120,0.588780,4,2026-08-11
2026-08-11 12:00:00,0.588840,0.589430,0.588170,0.588740,4,2026-08-11
2026-08-11 16:00:00,0.588690,0.588930,0.586830,0.587500,4,2026-08-11
2026-08-11 20:00:00,0.587480,0.588770,0.587240,0.588530,4,2026-08-12
2026-08-12 00:00:00,0.588510,0.588530,0.587730,0.588080,4,2026-08-12
2026-08-12 04:00:00,0.588090,0.588660,0.587490,0.588040,4,2026-08-12
2026-08-12 08:00:00,0.587870,0.588320,0.587090,0.587220,4,2026-08-12
2026-08-12 12:00:00,0.587180,0.587250,0.586510,0.586810,4,2026-08-12
2026-08-12 16:00:00,0.586790,0.587170,0.585640,0.585660,4,2026-08-12
2026-08-12 20:00:00,0.585700,0.588490,0.585600,0.587670,4,2026-08-13
2026-08-13 00:00:00,0.587680,0.587920,0.585500,0.585550,4,2026-08-13
2026-08-13 04:00:00,0.585560,0.586220,0.585470,0.585790,4,2026-08-13
2026-08-13 08:00:00,0.585930,0.586340,0.585370,0.585580,4,2026-08-13
2026-08-13 12:00:00,0.585570,0.585600,0.582700,0.583300,4,2026-08-13
2026-08-13 16:00:00,0.583260,0.584400,0.582240,0.584380,4,2026-08-13
2026-08-13 20:00:00,0.584370,0.585460,0.583990,0.584570,4,2026-08-14
2026-08-14 00:00:00,0.584580,0.585730,0.584320,0.584720,4,2026-08-14
2026-08-14 04:00:00,0.584730,0.585230,0.584560,0.584680,4,2026-08-14
2026-08-14 08:00:00,0.584670,0.585980,0.584670,0.585660,4,2026-08-14
2026-08-14 12:00:00,0.585690,0.586930,0.585590,0.586810,4,2026-08-14
2026-08-14 16:00:00,0.586780,0.588140,0.586610,0.587960,4,2026-08-14
2026-08-14 20:00:00,0.587960,0.588480,0.587940,0.588180,1,2026-08-14
2026-08-16 20:00:00,0.589160,0.589200,0.589160,0.589170,3,2026-08-17
2026-08-17 00:00:00,0.589170,0.592300,0.587090,0.589160,4,2026-08-17
2026-08-17 04:00:00,0.589170,0.589680,0.588720,0.589080,4,2026-08-17
2026-08-17 08:00:00,0.589080,0.590970,0.588600,0.590680,4,2026-08-17
2026-08-17 12:00:00,0.590660,0.591690,0.590150,0.591510,4,2026-08-17
2026-08-17 16:00:00,0.591530,0.592530,0.591140,0.592320,4,2026-08-17
2026-08-17 20:00:00,0.592330,0.592600,0.591000,0.591790,4,2026-08-18
2026-08-18 00:00:00,0.591780,0.592150,0.589850,0.590030,4,2026-08-18
2026-08-18 04:00:00,0.590030,0.590540,0.589880,0.590080,4,2026-08-18
2026-08-18 08:00:00,0.590080,0.590820,0.589650,0.589830,4,2026-08-18
2026-08-18 12:00:00,0.589780,0.589780,0.587800,0.588050,4,2026-08-18
2026-08-18 16:00:00,0.588030,0.588220,0.587230,0.588210,4,2026-08-18
2026-08-18 20:00:00,0.588200,0.589200,0.587820,0.588680,4,2026-08-19
2026-08-19 00:00:00,0.588680,0.589170,0.587240,0.587330,4,2026-08-19
2026-08-19 04:00:00,0.587340,0.587940,0.587040,0.587240,4,2026-08-19
2026-08-19 08:00:00,0.587230,0.587800,0.586120,0.587180,4,2026-08-19
2026-08-19 12:00:00,0.587130,0.587550,0.586830,0.587130,4,2026-08-19
2026-08-19 16:00:00,0.587090,0.588370,0.586910,0.588250,4,2026-08-19
2026-08-19 20:00:00,0.588240,0.592690,0.587520,0.592600,4,2026-08-20
2026-08-20 00:00:00,0.592470,0.593760,0.592430,0.592460,4,2026-08-20
2026-08-20 04:00:00,0.592480,0.593890,0.592230,0.593070,4,2026-08-20
2026-08-20 08:00:00,0.593110,0.594740,0.592960,0.594510,4,2026-08-20
2026-08-20 12:00:00,0.594550,0.595700,0.594420,0.595350,4,2026-08-20
2026-08-20 16:00:00,0.595330,0.596370,0.594880,0.595930,4,2026-08-20
2026-08-20 20:00:00,0.595920,0.596400,0.594060,0.595180,4,2026-08-21
2026-08-21 00:00:00,0.595230,0.596040,0.593940,0.594230,4,2026-08-21
2026-08-21 04:00:00,0.594220,0.594620,0.593710,0.594260,4,2026-08-21
2026-08-21 08:00:00,0.594220,0.596760,0.594220,0.596690,4,2026-08-21
2026-08-21 12:00:00,0.596720,0.597380,0.596330,0.597210,4,2026-08-21
2026-08-21 16:00:00,0.597200,0.598370,0.596380,0.597830,4,2026-08-21
2026-08-21 20:00:00,0.597870,0.598390,0.597650,0.597670,1,2026-08-21
2026-08-23 20:00:00,0.597770,0.597800,0.597710,0.597720,3,2026-08-24
2026-08-24 00:00:00,0.597730,0.597960,0.597670,0.597930,4,2026-08-24
2026-08-24 04:00:00,0.597930,0.598290,0.597060,0.597350,4,2026-08-24
2026-08-24 08:00:00,0.597330,0.598300,0.596800,0.597610,4,2026-08-24
2026-08-24 12:00:00,0.597600,0.597920,0.596940,0.597490,4,2026-08-24
2026-08-24 16:00:00,0.597480,0.597720,0.596220,0.596880,4,2026-08-24
2026-08-24 20:00:00,0.596890,0.597110,0.595890,0.596480,4,2026-08-25
2026-08-25 00:00:00,0.596540,0.596760,0.595090,0.595410,4,2026-08-25
2026-08-25 04:00:00,0.595380,0.596000,0.595270,0.595940,4,2026-08-25
2026-08-25 08:00:00,0.595930,0.596800,0.595840,0.595940,4,2026-08-25
2026-08-25 12:00:00,0.595950,0.596440,0.595320,0.595340,4,2026-08-25
2026-08-25 16:00:00,0.595360,0.596380,0.594650,0.596300,4,2026-08-25
2026-08-25 20:00:00,0.596280,0.597010,0.595750,0.596650,4,2026-08-26
2026-08-26 00:00:00,0.596590,0.597430,0.596440,0.597310,4,2026-08-26
2026-08-26 04:00:00,0.597280,0.598240,0.596820,0.597620,4,2026-08-26
2026-08-26 08:00:00,0.597580,0.597860,0.595970,0.596360,4,2026-08-26
2026-08-26 12:00:00,0.596330,0.596650,0.595250,0.595650,4,2026-08-26
2026-08-26 16:00:00,0.595640,0.596160,0.594470,0.595510,4,2026-08-26
2026-08-26 20:00:00,0.595490,0.596230,0.594250,0.594630,4,2026-08-27
2026-08-27 00:00:00,0.594660,0.594710,0.593310,0.594240,4,2026-08-27
2026-08-27 04:00:00,0.594250,0.594720,0.594120,0.594430,4,2026-08-27
2026-08-27 08:00:00,0.594390,0.595250,0.594290,0.594990,4,2026-08-27
2026-08-27 12:00:00,0.594980,0.595510,0.594740,0.594770,4,2026-08-27
2026-08-27 16:00:00,0.594770,0.595030,0.593740,0.593850,4,2026-08-27
2026-08-27 20:00:00,0.593880,0.595740,0.593800,0.595390,4,2026-08-28
2026-08-28 00:00:00,0.595380,0.595420,0.594610,0.595030,4,2026-08-28
2026-08-28 04:00:00,0.595040,0.595660,0.594610,0.595010,4,2026-08-28
2026-08-28 08:00:00,0.594990,0.596280,0.594970,0.595880,4,2026-08-28
2026-08-28 12:00:00,0.595850,0.596620,0.595480,0.595700,4,2026-08-28
2026-08-28 16:00:00,0.595690,0.596200,0.594740,0.594950,4,2026-08-28
2026-08-28 20:00:00,0.594950,0.595340,0.594850,0.595290,1,2026-08-28
2026-08-30 20:00:00,0.591330,0.592280,0.590590,0.591980,3,2026-08-31
2026-08-31 00:00:00,0.591980,0.592090,0.590780,0.591340,4,2026-08-31
2026-08-31 04:00:00,0.591330,0.592910,0.591110,0.591600,4,2026-08-31
2026-08-31 08:00:00,0.591580,0.592030,0.590160,0.591230,4,2026-08-31
2026-08-31 12:00:00,0.591240,0.592210,0.591210,0.591720,4,2026-08-31
2026-08-31 16:00:00,0.591690,0.592190,0.591230,0.591480,4,2026-08-31
2026-08-31 20:00:00,0.591480,0.591940,0.590940,0.591720,4,2026-09-01
2026-09-01 00:00:00,0.591690,0.592170,0.590920,0.591820,4,2026-09-01
2026-09-01 04:00:00,0.591830,0.591990,0.591220,0.591650,4,2026-09-01
2026-09-01 08:00:00,0.591610,0.592910,0.591000,0.591400,4,2026-09-01
2026-09-01 12:00:00,0.591390,0.591430,0.590590,0.591010,4,2026-09-01
2026-09-01 16:00:00,0.591040,0.591200,0.589280,0.589600,4,2026-09-01
2026-09-01 20:00:00,0.589600,0.590680,0.589050,0.590470,4,2026-09-02
2026-09-02 00:00:00,0.590510,0.591240,0.588990,0.589060,4,2026-09-02
2026-09-02 04:00:00,0.589060,0.589480,0.588710,0.589290,4,2026-09-02
2026-09-02 08:00:00,0.589290,0.589780,0.588810,0.589380,4,2026-09-02
2026-09-02 12:00:00,0.589270,0.590830,0.582660,0.584250,4,2026-09-02
2026-09-02 16:00:00,0.584250,0.584960,0.580400,0.580670,4,2026-09-02
2026-09-02 20:00:00,0.580700,0.584400,0.580270,0.584360,4,2026-09-03
2026-09-03 00:00:00,0.584300,0.585180,0.583560,0.584620,4,2026-09-03
2026-09-03 04:00:00,0.584600,0.585440,0.583800,0.584980,4,2026-09-03
2026-09-03 08:00:00,0.584950,0.586510,0.584770,0.585520,4,2026-09-03
2026-09-03 12:00:00,0.585580,0.586950,0.585300,0.585530,4,2026-09-03
2026-09-03 16:00:00,0.585540,0.586850,0.584840,0.586430,4,2026-09-03
2026-09-03 20:00:00,0.586410,0.588350,0.585970,0.587500,4,2026-09-04
2026-09-04 00:00:00,0.587540,0.589230,0.586470,0.588370,4,2026-09-04
2026-09-04 04:00:00,0.588400,0.588770,0.587370,0.588180,4,2026-09-04
2026-09-04 08:00:00,0.588170,0.589780,0.588080,0.589780,4,2026-09-04
2026-09-04 12:00:00,0.589750,0.590140,0.589300,0.589660,4,2026-09-04
2026-09-04 16:00:00,0.589690,0.590280,0.587650,0.587770,4,2026-09-04
2026-09-04 20:00:00,0.587780,0.588150,0.587750,0.587890,1,2026-09-04
2026-09-06 20:00:00,0.588020,0.588050,0.587960,0.587980,3,2026-09-07
2026-09-07 00:00:00,0.587980,0.588080,0.587830,0.588000,4,2026-09-07
2026-09-07 04:00:00,0.587990,0.588780,0.586650,0.587710,4,2026-09-07
2026-09-07 08:00:00,0.587720,0.588370,0.586850,0.586880,4,2026-09-07
2026-09-07 12:00:00,0.586950,0.587830,0.586620,0.587820,4,2026-09-07
2026-09-07 16:00:00,0.587800,0.588840,0.587050,0.588050,4,2026-09-07
2026-09-07 20:00:00,0.588060,0.588450,0.587450,0.588230,4,2026-09-08
2026-09-08 00:00:00,0.588200,0.588390,0.587630,0.587840,4,2026-09-08
2026-09-08 04:00:00,0.587830,0.588460,0.587130,0.587860,4,2026-09-08
2026-09-08 08:00:00,0.587840,0.588530,0.587390,0.587560,4,2026-09-08
2026-09-08 12:00:00,0.587570,0.587570,0.585090,0.586280,4,2026-09-08
2026-09-08 16:00:00,0.586240,0.586670,0.583660,0.584380,4,2026-09-08
2026-09-08 20:00:00,0.584450,0.585960,0.583890,0.585540,4,2026-09-09
2026-09-09 00:00:00,0.585570,0.586320,0.584910,0.585830,4,2026-09-09
2026-09-09 04:00:00,0.585810,0.586260,0.584920,0.585620,4,2026-09-09
2026-09-09 08:00:00,0.585600,0.586340,0.585460,0.586020,4,2026-09-09
2026-09-09 12:00:00,0.586030,0.586090,0.585280,0.585750,4,2026-09-09
2026-09-09 16:00:00,0.585750,0.586520,0.583790,0.583790,4,2026-09-09
2026-09-09 20:00:00,0.583810,0.585740,0.583120,0.585520,4,2026-09-10
2026-09-10 00:00:00,0.585520,0.585650,0.583680,0.584350,4,2026-09-10
2026-09-10 04:00:00,0.584340,0.584370,0.583330,0.584030,4,2026-09-10
2026-09-10 08:00:00,0.584010,0.585440,0.583860,0.585440,4,2026-09-10
2026-09-10 12:00:00,0.585430,0.585440,0.584680,0.585420,4,2026-09-10
2026-09-10 16:00:00,0.585390,0.585690,0.584010,0.584630,4,2026-09-10
2026-09-10 20:00:00,0.584600,0.584720,0.579810,0.580390,4,2026-09-11
2026-09-11 00:00:00,0.580350,0.581120,0.580210,0.580230,4,2026-09-11
2026-09-11 04:00:00,0.580250,0.580540,0.579320,0.579860,4,2026-09-11
2026-09-11 08:00:00,0.579880,0.581840,0.579600,0.581280,4,2026-09-11
2026-09-11 12:00:00,0.581250,0.583520,0.580840,0.583240,4,2026-09-11
2026-09-11 16:00:00,0.583280,0.583550,0.581980,0.582120,4,2026-09-11
2026-09-11 20:00:00,0.582170,0.582440,0.581850,0.581990,1,2026-09-11
2026-09-13 20:00:00,0.581350,0.582410,0.580960,0.582070,3,2026-09-14
2026-09-14 00:00:00,0.582070,0.582440,0.581320,0.581360,4,2026-09-14
2026-09-14 04:00:00,0.581350,0.584890,0.580750,0.580770,4,2026-09-14
2026-09-14 08:00:00,0.580770,0.581920,0.579280,0.579640,4,2026-09-14
2026-09-14 12:00:00,0.579650,0.579650,0.578130,0.578800,4,2026-09-14
2026-09-14 16:00:00,0.578770,0.578860,0.576750,0.577180,4,2026-09-14
2026-09-14 20:00:00,0.577190,0.577840,0.575760,0.576030,4,2026-09-15
2026-09-15 00:00:00,0.576010,0.578870,0.575740,0.578530,4,2026-09-15
2026-09-15 04:00:00,0.578500,0.578690,0.577240,0.578050,4,2026-09-15
2026-09-15 08:00:00,0.578010,0.578340,0.576280,0.576430,4,2026-09-15
2026-09-15 12:00:00,0.576420,0.576540,0.575210,0.576100,4,2026-09-15
2026-09-15 16:00:00,0.576110,0.577050,0.575610,0.576790,4,2026-09-15
2026-09-15 20:00:00,0.576820,0.576840,0.575070,0.576390,4,2026-09-16
2026-09-16 00:00:00,0.576400,0.576400,0.575300,0.575690,4,2026-09-16
2026-09-16 04:00:00,0.575700,0.577910,0.575590,0.575870,4,2026-09-16
2026-09-16 08:00:00,0.575860,0.576140,0.573860,0.573870,4,2026-09-16
2026-09-16 12:00:00,0.573890,0.575470,0.573680,0.575370,4,2026-09-16
2026-09-16 16:00:00,0.575370,0.575960,0.574960,0.575780,4,2026-09-16
2026-09-16 20:00:00,0.575760,0.576600,0.575370,0.575770,4,2026-09-17
2026-09-17 00:00:00,0.575770,0.576420,0.575490,0.575820,4,2026-09-17
2026-09-17 04:00:00,0.575790,0.576570,0.570360,0.571570,4,2026-09-17
2026-09-17 08:00:00,0.571580,0.573000,0.570980,0.571630,4,2026-09-17
2026-09-17 12:00:00,0.571620,0.572980,0.571550,0.572780,4,2026-09-17
2026-09-17 16:00:00,0.572790,0.574270,0.572550,0.573320,4,2026-09-17
2026-09-17 20:00:00,0.573330,0.575050,0.573180,0.574120,4,2026-09-18
2026-09-18 00:00:00,0.574120,0.574640,0.572860,0.573090,4,2026-09-18
2026-09-18 04:00:00,0.573070,0.573880,0.572350,0.573070,4,2026-09-18
2026-09-18 08:00:00,0.573050,0.573290,0.571700,0.572120,4,2026-09-18
2026-09-18 12:00:00,0.572060,0.574140,0.571550,0.572630,4,2026-09-18
2026-09-18 16:00:00,0.572610,0.572780,0.571590,0.571660,4,2026-09-18
2026-09-18 20:00:00,0.571680,0.571730,0.571230,0.571570,1,2026-09-18
