date,open,high,low,close
2007-11-30,2.062919,2.069793,2.054021,2.056682
2007-12-03,2.057401,2.067996,2.053304,2.063898
2007-12-04,2.064196,2.067183,2.056386,2.058799
2007-12-05,2.058079,2.058079,2.024988,2.027287
2007-12-06,2.027616,2.031199,2.019712,2.028398
2007-12-07,2.028398,2.034381,2.022899,2.031818
2007-12-10,2.033595,2.048383,2.031405,2.044990
2007-12-11,2.044614,2.051492,2.033388,2.035789
2007-12-12,2.035706,2.053894,2.035416,2.045492
2007-12-13,2.045115,2.048215,2.035085,2.042817
2007-12-14,2.042400,2.044405,2.015113,2.020120
2007-12-17,2.016414,2.022817,2.010697,2.021386
2007-12-20,1.987990,1.990800,1.981410,1.983890
2007-12-21,1.983890,1.989420,1.981220,1.983300
2007-12-24,1.984010,1.984280,1.976090,1.978510
2007-12-25,1.978400,1.984480,1.970090,1.977420
2007-12-26,1.977500,1.984720,1.977500,1.984210
2007-12-27,1.984280,1.996610,1.984210,1.995010
2007-12-28,1.995090,2.002203,1.991000,1.993300
2007-12-31,1.998200,2.010010,1.982080,1.986610
2008-01-01,1.985510,1.989810,1.978980,1.987720
2008-01-02,1.987280,1.988980,1.978510,1.981810
2008-01-03,1.981890,1.984010,1.970990,1.974100
2008-01-04,1.974220,1.984600,1.968190,1.975820
2008-01-07,1.972000,1.975580,1.966180,1.966990
2008-01-08,1.967110,1.982510,1.967110,1.971800
2008-01-09,1.971880,1.976400,1.955910,1.957480
2008-01-10,1.957600,1.965410,1.954690,1.961590
2008-01-11,1.962020,1.963400,1.949200,1.959400
2008-01-14,1.959520,1.964910,1.953010,1.954380
2008-01-15,1.954380,1.974220,1.954190,1.958290
2008-01-16,1.957600,1.971490,1.954380,1.962900
2008-01-17,1.962590,1.970290,1.961210,1.968390
2008-01-23,1.951600,1.959210,1.950120,1.956990
2008-01-24,1.956720,1.978200,1.950920,1.978200
2008-01-25,1.977690,1.984800,1.975310,1.980590
2008-01-28,1.986100,1.988980,1.973400,1.984910
2008-01-29,1.985390,1.992980,1.981890,1.989300
2008-01-30,1.989420,1.994420,1.983100,1.983620
2008-01-31,1.984010,1.994300,1.983620,1.990600
2008-02-01,1.990490,1.993700,1.964790,1.966490
2008-02-04,1.965410,1.978710,1.965410,1.974800
2008-02-05,1.975110,1.975580,1.961280,1.964790
2008-02-06,1.964790,1.966410,1.956110,1.960780
2008-02-07,1.960900,1.962090,1.939790,1.942800
2008-02-08,1.942390,1.950190,1.941110,1.947120
2008-02-11,1.946890,1.952510,1.941410,1.949890
2008-02-12,1.949580,1.963020,1.945410,1.960210
2008-02-13,1.959020,1.966610,1.955420,1.962210
2008-02-14,1.962280,1.973590,1.961900,1.969780
2008-02-15,1.969590,1.972000,1.958520,1.961400
2008-02-18,1.958600,1.963900,1.948220,1.950800
2008-02-19,1.950190,1.954190,1.945790,1.948220
2008-02-20,1.948220,1.950190,1.936780,1.942500
2008-02-21,1.942390,1.964210,1.941600,1.963790
2008-02-22,1.963590,1.970720,1.961400,1.966920
2008-02-25,1.968890,1.970090,1.962280,1.966610
2008-02-26,1.966610,1.989300,1.964980,1.987280
2008-02-27,1.986810,1.997280,1.979410,1.983180
2008-02-28,1.983180,1.994810,1.977180,1.989890
2008-02-29,1.989420,1.991790,1.979410,1.986610
2008-03-03,1.984400,1.992980,1.981690,1.983890
2008-03-04,1.984010,1.988780,1.982400,1.985580
2008-03-05,1.985580,1.996490,1.972580,1.991790
2008-03-06,1.991520,2.013207,1.989810,2.012113
2008-03-07,2.011910,2.020202,2.010212,2.014018
2008-03-10,2.019386,2.021509,2.005415,2.008395
2008-03-11,2.008516,2.019916,2.000480,2.006018
2008-03-12,2.006219,2.028110,2.006219,2.027000
2008-03-13,2.027000,2.038611,2.025686,2.032520
2008-03-14,2.031694,2.039318,2.018693,2.019998
2008-03-17,2.019101,2.021918,1.994810,1.997280
2008-03-18,1.997400,2.027205,1.997400,2.009485
2008-03-19,2.008597,2.014910,1.980900,1.983690
2008-03-20,1.984600,1.988110,1.975500,1.984800
2008-03-21,1.984720,1.986100,1.981610,1.983300
2008-03-24,1.979300,1.988590,1.976210,1.987790
2008-03-25,1.987990,2.006783,1.986610,2.002603
2008-03-26,2.002403,2.010899,1.993380,2.007387
2008-03-27,2.007387,2.019019,2.002804,2.006783
2008-03-28,2.007105,2.009081,1.989420,1.994890
2008-03-31,1.993380,1.998200,1.981810,1.984210
2008-04-02,1.978000,1.990090,1.975890,1.987790
2008-04-03,1.987720,1.997400,1.977610,1.994890
2008-04-04,1.994890,2.003205,1.991600,1.994610
2008-04-07,1.993180,1.993580,1.984210,1.988190
2008-04-08,1.988190,1.992590,1.966410,1.966410
2008-04-09,1.966410,1.978790,1.965410,1.973980
2008-04-10,1.973980,1.983690,1.970990,1.971610
2008-04-11,1.971610,1.982320,1.969010,1.982320
2008-04-14,1.967610,1.988780,1.966410,1.976210
2008-04-15,1.975580,1.975820,1.960400,1.961590
2008-04-16,1.961520,1.979880,1.961210,1.971410
2008-04-17,1.971410,1.992590,1.970090,1.990210
2008-04-18,1.990800,1.999680,1.988390,1.998080
2008-04-21,1.999960,2.002283,1.978200,1.980900
2008-04-22,1.980710,1.999600,1.975150,1.996370
2008-04-23,1.996410,1.997280,1.977810,1.978400
2008-04-24,1.978590,1.981410,1.969710,1.972700
2008-04-25,1.972740,1.988590,1.968190,1.983300
2008-04-28,1.982480,1.996130,1.978900,1.991120
2008-04-29,1.991120,1.991480,1.967610,1.967610
2008-04-30,1.967810,1.989500,1.963360,1.987790
2008-05-02,1.978710,1.989730,1.971100,1.971490
2008-05-05,1.973400,1.978510,1.966410,1.972930
2008-05-06,1.973550,1.977180,1.964210,1.973360
2008-05-07,1.973360,1.973360,1.951110,1.952710
2008-05-08,1.952900,1.961170,1.950690,1.955720
2008-05-09,1.955840,1.957100,1.946510,1.954380
2008-05-12,1.951180,1.963020,1.945180,1.955610
2008-05-13,1.955490,1.957600,1.942990,1.946400
2008-05-14,1.946400,1.947460,1.938100,1.946590
2008-05-15,1.946510,1.949810,1.940990,1.947610
2008-05-16,1.947530,1.959480,1.944810,1.956720
2008-05-19,1.956790,1.962020,1.945830,1.949580
2008-05-20,1.949510,1.971800,1.948480,1.968000
2008-05-21,1.967570,1.973280,1.962820,1.971410
2008-05-22,1.971410,1.984990,1.969900,1.980590
2008-05-23,1.980590,1.984600,1.976400,1.982320
2008-05-26,1.980200,1.983180,1.976600,1.982080
2008-05-27,1.981810,1.984600,1.972500,1.976010
2008-05-28,1.976010,1.982710,1.972000,1.980980
2008-05-29,1.980980,1.982000,1.969010,1.976210
2008-05-30,1.975310,1.982790,1.969010,1.982790
2008-06-02,1.974610,1.976280,1.960280,1.965910
2008-06-03,1.965910,1.973590,1.961210,1.962520
2008-06-04,1.962520,1.963940,1.953200,1.953890
2008-06-05,1.954000,1.959630,1.946810,1.957790
2008-06-06,1.957870,1.973400,1.954190,1.970020
2008-06-09,1.971300,1.980000,1.967380,1.974220
2008-06-10,1.973910,1.975390,1.952400,1.953580
2008-06-11,1.953700,1.966610,1.950380,1.964020
2008-06-12,1.963900,1.964020,1.943710,1.947500
2008-06-13,1.946930,1.950720,1.941790,1.946890
2008-06-16,1.949390,1.968580,1.947190,1.964290
2008-06-17,1.964710,1.969400,1.947310,1.957710
2008-06-18,1.957710,1.961010,1.948220,1.958790
2008-06-19,1.958710,1.974610,1.958710,1.972390
2008-06-20,1.972580,1.978980,1.970480,1.973710
2008-06-23,1.974060,1.975890,1.959020,1.965410
2008-06-24,1.965560,1.972110,1.962900,1.970400
2008-06-25,1.970290,1.976790,1.966490,1.974680
2008-06-26,1.974650,1.989340,1.972190,1.987600
2008-06-27,1.987400,1.995290,1.982710,1.994100
2008-06-30,1.994810,1.996610,1.988510,1.992980
2008-07-02,1.994610,1.996880,1.984910,1.992510
2008-07-03,1.992790,1.993580,1.980790,1.982910
2008-07-04,1.983100,1.985030,1.980280,1.983420
2008-07-07,1.982790,1.982990,1.965490,1.976400
2008-07-08,1.976600,1.978790,1.967260,1.968700
2008-07-09,1.968810,1.983850,1.967810,1.982200
2008-07-10,1.982200,1.982550,1.971800,1.977610
2008-07-11,1.977610,1.994890,1.975580,1.989420
2008-07-14,1.987720,1.996210,1.982200,1.994020
2008-07-15,1.994220,2.013288,1.993860,2.003607
2008-07-16,2.004008,2.009404,1.996610,1.998600
2008-07-17,1.998440,2.006702,1.995410,1.997600
2008-07-18,1.997880,1.999800,1.991320,1.999000
2008-07-21,1.994100,2.004008,1.991200,2.001721
2008-07-22,2.002002,2.007669,1.990410,1.992790
2008-07-23,1.992790,2.002884,1.990880,1.997440
2008-07-24,1.997600,1.998960,1.982280,1.987240
2008-07-25,1.987080,1.997800,1.984210,1.990010
2008-07-28,1.988980,1.996330,1.984800,1.994100
2008-07-29,1.994300,1.996690,1.976790,1.980790
2008-07-30,1.980750,1.983810,1.975110,1.981100
2008-07-31,1.980980,1.992510,1.978870,1.983100
2008-08-01,1.982510,1.984280,1.973160,1.974290
2008-08-04,1.975040,1.976010,1.960210,1.961210
2008-08-05,1.961130,1.961210,1.952510,1.955610
2008-08-06,1.955610,1.958980,1.946960,1.948220
2008-08-07,1.947990,1.953890,1.942200,1.943600
2008-08-08,1.943480,1.943480,1.914870,1.919720
2008-08-11,1.915010,1.925820,1.907600,1.911900
2008-08-12,1.912300,1.912300,1.895480,1.895810
2008-08-13,1.895590,1.903780,1.865010,1.866790
2008-08-14,1.866890,1.878600,1.862090,1.866610
2008-08-15,1.866510,1.867970,1.851990,1.864910
2008-08-18,1.865290,1.871990,1.861640,1.865010
2008-08-19,1.865050,1.868390,1.854010,1.868010
2008-08-20,1.867800,1.868600,1.854600,1.863410
2008-08-21,1.863410,1.879590,1.860980,1.876670
2008-08-22,1.875960,1.876880,1.850790,1.854010
2008-08-25,1.850690,1.859190,1.840870,1.849010
2008-08-26,1.839380,1.841590,1.833520,1.839220
2008-08-27,1.839380,1.848670,1.829890,1.835600
2008-08-28,1.835200,1.839790,1.824880,1.829790
2008-08-29,1.829790,1.834190,1.817820,1.821790
2008-09-01,1.810610,1.813010,1.787600,1.791310
2008-09-02,1.790990,1.794140,1.778920,1.781710
2008-09-03,1.782210,1.783990,1.767190,1.773300
2008-09-04,1.773110,1.784920,1.757410,1.761400
2008-09-05,1.761590,1.773490,1.754940,1.768600
2008-09-08,1.783990,1.797620,1.747790,1.761740
2008-09-09,1.762610,1.770190,1.751500,1.762300
2008-09-10,1.762390,1.767500,1.748190,1.752910
2008-09-11,1.753710,1.760590,1.745290,1.755590
2008-09-12,1.755710,1.795820,1.754600,1.792310
2008-09-15,1.797880,1.812610,1.777490,1.795820
2008-09-16,1.794530,1.799210,1.775690,1.783610
2008-09-17,1.783990,1.823390,1.779710,1.815010
2008-09-18,1.814780,1.827180,1.810320,1.815410
2008-09-19,1.815510,1.838610,1.792790,1.830900
2008-09-22,1.830530,1.863450,1.826880,1.858010
2008-09-23,1.857560,1.862510,1.848190,1.855490
2008-09-24,1.855600,1.859880,1.846070,1.849490
2008-09-25,1.849390,1.866300,1.832480,1.840400
2008-09-26,1.840400,1.846590,1.834220,1.840300
2008-09-29,1.833010,1.833990,1.797400,1.801090
2008-09-30,1.801410,1.811200,1.776920,1.782090
2008-10-01,1.782790,1.787090,1.764630,1.769940
2008-10-02,1.770220,1.772610,1.756300,1.764510
2008-10-03,1.764260,1.782500,1.757310,1.772010
2008-10-06,1.766000,1.769130,1.735900,1.743100
2008-10-07,1.743470,1.763890,1.734210,1.745510
2008-10-08,1.745900,1.763610,1.726490,1.727500
2008-10-09,1.727650,1.739250,1.707100,1.708640
2008-10-10,1.707800,1.716090,1.681210,1.704010
2008-10-13,1.714560,1.744290,1.694600,1.744290
2008-10-14,1.744200,1.762390,1.739610,1.741800
2008-10-15,1.741800,1.759790,1.714410,1.718390
2008-10-16,1.718390,1.735420,1.717800,1.734300
2008-10-17,1.734390,1.737800,1.723660,1.730190
2008-10-20,1.730490,1.751650,1.710810,1.713090
2008-10-21,1.713410,1.719990,1.667390,1.667390
2008-10-22,1.667190,1.667640,1.616190,1.620090
2008-10-23,1.620190,1.634310,1.607590,1.622690
2008-10-24,1.622190,1.623190,1.529500,1.591500
2008-10-27,1.587200,1.587200,1.530340,1.553900
2008-10-28,1.554220,1.610100,1.541500,1.609010
2008-10-29,1.609400,1.644790,1.595000,1.637200
2008-10-30,1.636850,1.665810,1.624010,1.637120
2008-10-31,1.637060,1.640370,1.603800,1.607300
2008-11-03,1.611710,1.639610,1.574110,1.577060
2008-11-04,1.577610,1.609400,1.561210,1.593700
2008-11-05,1.593600,1.618910,1.577810,1.584510
2008-11-06,1.584460,1.603210,1.557000,1.558310
2008-11-07,1.559040,1.586720,1.554190,1.565090
2008-11-10,1.579530,1.587980,1.558090,1.563620
2008-11-11,1.563210,1.570010,1.535410,1.538390
2008-11-12,1.539290,1.547700,1.484100,1.491490
2008-11-13,1.489560,1.498400,1.459190,1.490670
2008-11-14,1.490380,1.495350,1.468360,1.475300
2008-11-17,1.466790,1.506500,1.466300,1.499500
2008-11-18,1.499500,1.508960,1.490690,1.495950
2008-11-19,1.495800,1.524480,1.491490,1.497010
2008-11-20,1.498100,1.499610,1.471890,1.473800
2008-11-21,1.474100,1.505590,1.473410,1.492690
2008-11-24,1.491710,1.518930,1.485860,1.514900
2008-11-25,1.514620,1.552100,1.499790,1.542810
2008-11-26,1.542400,1.543590,1.520700,1.533370
2008-11-27,1.533370,1.549690,1.532900,1.540310
2008-11-28,1.539600,1.544590,1.527300,1.538510
2008-12-01,1.535370,1.535790,1.481810,1.486500
2008-12-02,1.486390,1.505840,1.478590,1.490710
2008-12-03,1.490090,1.493320,1.467010,1.478200
2008-12-04,1.478200,1.480800,1.449510,1.468410
2008-12-05,1.468190,1.476490,1.455200,1.470500
2008-12-08,1.470260,1.503690,1.470260,1.487500
2008-12-09,1.486520,1.489000,1.468490,1.475910
2008-12-10,1.475620,1.486590,1.474300,1.479790
2008-12-11,1.479920,1.507910,1.479920,1.502900
2008-12-12,1.502000,1.511400,1.482400,1.494990
2008-12-15,1.499000,1.537000,1.493010,1.529890
2008-12-16,1.529780,1.563800,1.520800,1.558600
2008-12-17,1.557800,1.571510,1.526510,1.550700
2008-12-18,1.550990,1.561210,1.492000,1.505500
2008-12-19,1.505910,1.517400,1.481700,1.499500
2008-12-22,1.497500,1.498510,1.471410,1.482800
2008-12-23,1.482730,1.489600,1.468280,1.474490
2008-12-24,1.474490,1.480410,1.466790,1.473210
2008-12-25,1.473210,1.519710,1.467700,1.474990
2008-12-26,1.475100,1.479900,1.458490,1.458490
2008-12-29,1.466490,1.476800,1.440280,1.446910
2008-12-30,1.447300,1.454100,1.440300,1.446800
2008-12-31,1.445190,1.469660,1.441190,1.465610
2009-01-01,1.449700,1.480250,1.449700,1.474100
2009-01-02,1.472190,1.476490,1.441300,1.452390
2009-01-05,1.451930,1.473860,1.444000,1.471610
2009-01-06,1.471000,1.498980,1.451460,1.491200
2009-01-07,1.491290,1.525510,1.481960,1.507910
2009-01-08,1.507300,1.536000,1.499880,1.522700
2009-01-09,1.522900,1.534590,1.513290,1.517910
2009-01-12,1.509500,1.511560,1.480600,1.481900
2009-01-13,1.482100,1.482100,1.448020,1.451690
2009-01-14,1.452310,1.469530,1.449910,1.462100
2009-01-15,1.460980,1.468190,1.449300,1.467200
2009-01-16,1.467310,1.497590,1.466320,1.473410
2009-01-19,1.488410,1.490870,1.436840,1.442540
2009-01-20,1.442560,1.442790,1.384910,1.387750
2009-01-21,1.387870,1.401990,1.363900,1.387600
2009-01-22,1.387660,1.396710,1.371010,1.388040
2009-01-23,1.387810,1.388100,1.353000,1.378300
2009-01-26,1.363200,1.404570,1.355470,1.397100
2009-01-27,1.398410,1.423510,1.393710,1.418640
2009-01-28,1.418720,1.435400,1.413110,1.422980
2009-01-29,1.422580,1.438500,1.407600,1.427900
2009-01-30,1.428310,1.456300,1.419510,1.456300
2009-02-02,1.438950,1.442790,1.406000,1.421200
2009-02-03,1.421040,1.447700,1.417390,1.443710
2009-02-04,1.443500,1.456450,1.434600,1.445900
2009-02-05,1.446050,1.470350,1.437900,1.463210
2009-02-06,1.462990,1.483720,1.459700,1.477500
2009-02-09,1.481500,1.497100,1.470800,1.485550
2009-02-10,1.485800,1.488800,1.446590,1.455880
2009-02-11,1.455790,1.456200,1.432190,1.435010
2009-02-12,1.435400,1.441010,1.414910,1.429100
2009-02-13,1.429200,1.459300,1.428590,1.436000
2009-02-16,1.423690,1.431560,1.416210,1.429820
2009-02-17,1.429690,1.430390,1.413110,1.423990
2009-02-18,1.425010,1.429690,1.410950,1.425090
2009-02-19,1.425090,1.444290,1.424500,1.426700
2009-02-20,1.426590,1.445690,1.416330,1.443900
2009-02-23,1.437500,1.465700,1.436910,1.447090
2009-02-24,1.445730,1.457730,1.438210,1.452850
2009-02-25,1.452200,1.459900,1.418400,1.422090
2009-02-26,1.421500,1.438040,1.416990,1.429800
2009-02-27,1.430060,1.435400,1.411950,1.427210
2009-03-02,1.422900,1.428630,1.397000,1.403510
2009-03-03,1.404200,1.415310,1.399890,1.402800
2009-03-04,1.403000,1.420090,1.399400,1.417780
2009-03-05,1.416590,1.422800,1.404790,1.413110
2009-03-06,1.412910,1.428410,1.405010,1.407000
2009-03-09,1.416470,1.417820,1.375710,1.379410
2009-03-10,1.379410,1.389800,1.370200,1.379200
2009-03-11,1.379100,1.388930,1.366510,1.384200
2009-03-12,1.384600,1.397100,1.371500,1.393110
2009-03-13,1.392210,1.405500,1.386940,1.400700
2009-03-16,1.396490,1.422820,1.395110,1.407600
2009-03-17,1.406390,1.413810,1.397100,1.405400
2009-03-18,1.405900,1.432990,1.387100,1.428410
2009-03-19,1.427490,1.459190,1.418000,1.449590
2009-03-20,1.449740,1.458280,1.440090,1.442710
2009-03-23,1.447810,1.463700,1.445800,1.457190
2009-03-24,1.456200,1.477150,1.456200,1.470000
2009-03-25,1.470670,1.471500,1.451800,1.455100
2009-03-26,1.455200,1.463460,1.443110,1.446510
2009-03-27,1.446700,1.449510,1.427800,1.432500
2009-03-30,1.428510,1.429370,1.412090,1.424700
2009-03-31,1.425010,1.437400,1.424660,1.434490
2009-04-01,1.434600,1.447620,1.428000,1.446090
2009-04-02,1.446880,1.474800,1.446090,1.473490
2009-04-03,1.473080,1.484690,1.465500,1.483310
2009-04-06,1.488800,1.494990,1.467890,1.474100
2009-04-07,1.473900,1.477410,1.460050,1.474100
2009-04-08,1.474100,1.474510,1.464110,1.469510
2009-04-09,1.469510,1.476910,1.460390,1.467500
2009-04-10,1.467390,1.468490,1.462310,1.466000
2009-04-13,1.466000,1.486900,1.461090,1.484940
2009-04-14,1.485510,1.494410,1.482910,1.490490
2009-04-15,1.491090,1.502900,1.483310,1.500020
2009-04-16,1.499990,1.506480,1.485000,1.491890
2009-04-17,1.492250,1.494100,1.476490,1.479990
2009-04-20,1.481500,1.481500,1.450810,1.454310
2009-04-21,1.454290,1.470670,1.448310,1.466490
2009-04-22,1.466150,1.468410,1.442040,1.448900
2009-04-23,1.448620,1.473990,1.445110,1.471690
2009-04-24,1.471610,1.476690,1.458810,1.471500
2009-04-27,1.465700,1.469210,1.451990,1.461500
2009-04-28,1.462220,1.468710,1.452500,1.462870
2009-04-29,1.462870,1.480600,1.462390,1.476730
2009-04-30,1.476840,1.494100,1.472750,1.478810
2009-05-01,1.479200,1.493090,1.475910,1.491090
2009-05-04,1.494010,1.504890,1.484340,1.503510
2009-05-05,1.502900,1.516020,1.498800,1.507090
2009-05-06,1.507180,1.515400,1.499520,1.515010
2009-05-07,1.514990,1.518880,1.494810,1.503400
2009-05-08,1.503690,1.524990,1.497210,1.524300
2009-05-11,1.520220,1.524600,1.507320,1.513710
2009-05-12,1.513750,1.535110,1.508090,1.527040
2009-05-13,1.527000,1.533110,1.509590,1.515290
2009-05-14,1.515200,1.524810,1.506800,1.522950
2009-05-15,1.523410,1.528700,1.513590,1.516090
2009-05-18,1.516810,1.534990,1.512520,1.534380
2009-05-19,1.534590,1.552510,1.530010,1.548400
2009-05-20,1.548110,1.579550,1.545500,1.575400
2009-05-21,1.575200,1.588990,1.552800,1.585090
2009-05-22,1.585060,1.594310,1.575940,1.592000
2009-05-25,1.592710,1.593300,1.583980,1.591090
2009-05-26,1.590460,1.597010,1.578280,1.593700
2009-05-27,1.593980,1.608490,1.593090,1.596090
2009-05-28,1.596270,1.600790,1.586270,1.593370
2009-05-29,1.593500,1.619590,1.592380,1.618700
2009-06-01,1.617890,1.649590,1.616890,1.644710
2009-06-02,1.644790,1.659830,1.633110,1.657910
2009-06-03,1.657580,1.666170,1.624910,1.631290
2009-06-04,1.631510,1.642900,1.608960,1.611270
2009-06-05,1.611450,1.623190,1.594490,1.599590
2009-06-08,1.595000,1.609810,1.580580,1.603820
2009-06-09,1.604110,1.636210,1.599000,1.631110
2009-06-10,1.630840,1.646630,1.624590,1.635400
2009-06-11,1.635910,1.662150,1.634490,1.658400
2009-06-12,1.658290,1.660000,1.635000,1.643090
2009-06-15,1.642710,1.644490,1.624720,1.629490
2009-06-16,1.629810,1.649810,1.622190,1.639690
2009-06-17,1.639610,1.648070,1.622510,1.638810
2009-06-18,1.638620,1.646610,1.619430,1.636610
2009-06-19,1.636610,1.655110,1.630900,1.652210
2009-06-22,1.647500,1.651690,1.632490,1.634790
2009-06-23,1.634900,1.647450,1.621610,1.643360
2009-06-24,1.644010,1.660500,1.637410,1.642790
2009-06-25,1.643010,1.646820,1.623900,1.637330
2009-06-26,1.637090,1.655600,1.636900,1.652890
2009-06-29,1.651340,1.658790,1.643330,1.657000
2009-06-30,1.657800,1.674200,1.642790,1.646690
2009-07-01,1.646770,1.654400,1.638990,1.647800
2009-07-02,1.647610,1.650080,1.632810,1.634730
2009-07-03,1.634710,1.642790,1.629410,1.629410
2009-07-06,1.629200,1.632810,1.609790,1.627390
2009-07-07,1.628000,1.629700,1.611500,1.611630
2009-07-08,1.611660,1.613610,1.598700,1.605910
2009-07-09,1.605700,1.637200,1.603210,1.634310
2009-07-10,1.634230,1.634390,1.616000,1.621800
2009-07-13,1.621400,1.626410,1.603800,1.625410
2009-07-14,1.625490,1.633910,1.623190,1.631990
2009-07-15,1.632090,1.646900,1.630600,1.643200
2009-07-16,1.643570,1.646120,1.635970,1.641600
2009-07-17,1.641600,1.642200,1.626890,1.633210
2009-07-20,1.654530,1.654530,1.652400,1.652460
2009-07-21,1.644790,1.644820,1.642010,1.642010
2009-07-22,1.646090,1.646550,1.644710,1.645010
2009-07-23,1.651260,1.652350,1.651200,1.651200
2009-07-24,1.644710,1.644710,1.644710,1.644710
2009-07-27,1.648590,1.648590,1.647090,1.648530
2009-07-28,1.640740,1.642040,1.639610,1.641090
2009-07-29,1.635910,1.636690,1.634390,1.635110
2009-07-30,1.649890,1.651500,1.649700,1.650790
2009-07-31,1.670510,1.670510,1.670510,1.670510
2009-08-03,1.694400,1.695000,1.693590,1.694110
2009-08-04,1.694200,1.696010,1.694200,1.695400
2009-08-05,1.700040,1.700510,1.698920,1.699610
2009-08-06,1.679230,1.681010,1.678840,1.681010
2009-08-07,1.668500,1.668500,1.668500,1.668500
2009-08-10,1.647800,1.648290,1.646930,1.647880
2009-08-11,1.648970,1.649210,1.648400,1.648990
2009-08-12,1.650410,1.651090,1.650410,1.651010
2009-08-13,1.657080,1.658100,1.656700,1.657000
2009-08-14,1.654400,1.654400,1.654400,1.654400
2009-08-17,1.633610,1.635300,1.633290,1.635190
2009-08-18,1.655190,1.659310,1.655000,1.658900
2009-08-19,1.653300,1.656590,1.653300,1.655900
2009-08-20,1.650600,1.652020,1.650600,1.651090
2009-08-21,1.650110,1.650110,1.650110,1.650110
2009-08-24,1.641310,1.642010,1.640260,1.640800
2009-08-25,1.634790,1.635000,1.631270,1.631590
2009-08-26,1.623800,1.624510,1.622690,1.622900
2009-08-27,1.627210,1.629990,1.627210,1.629270
2009-08-28,1.626200,1.626200,1.626200,1.626200
2009-08-31,1.628770,1.629540,1.628770,1.629200
2009-09-01,1.616140,1.616400,1.612050,1.612900
2009-09-02,1.626810,1.628480,1.626810,1.627600
2009-09-03,1.632890,1.633990,1.632760,1.632760
2009-09-04,1.639210,1.639210,1.639210,1.639210
2009-09-07,1.633610,1.634900,1.633400,1.633990
2009-09-08,1.651800,1.652210,1.651390,1.651940
2009-09-09,1.653790,1.654590,1.653330,1.653410
2009-09-10,1.665390,1.665860,1.665200,1.665610
2009-09-11,1.668110,1.668110,1.668110,1.668110
2009-09-14,1.659450,1.661410,1.659200,1.660990
2009-09-15,1.648910,1.649700,1.648510,1.649650
2009-09-16,1.648040,1.649160,1.647940,1.647990
2009-09-17,1.645410,1.645520,1.643820,1.643820
2009-09-18,1.627100,1.627100,1.627100,1.627100
2009-09-21,1.622220,1.622900,1.621510,1.622010
2009-09-22,1.636580,1.640390,1.636580,1.638400
2009-09-23,1.633400,1.635590,1.632810,1.635110
2009-09-24,1.604110,1.604800,1.592100,1.593700
2009-09-25,1.597700,1.597700,1.597700,1.597700
2009-09-28,1.588560,1.589600,1.588260,1.588740
2009-09-29,1.597140,1.597600,1.595860,1.597110
2009-09-30,1.600590,1.601200,1.600000,1.600200
2009-10-01,1.592000,1.592790,1.589400,1.590200
2009-10-02,1.587910,1.587910,1.587910,1.587910
2009-10-05,1.593500,1.595200,1.593500,1.594950
2009-10-06,1.591900,1.593900,1.591900,1.592180
2009-10-07,1.595300,1.597700,1.595300,1.596400
2009-10-08,1.606710,1.606710,1.604600,1.605830
2009-10-09,1.584010,1.584010,1.584010,1.584010
2009-10-12,1.580800,1.582600,1.580800,1.581400
2009-10-13,1.593400,1.594010,1.592790,1.593170
2009-10-14,1.599870,1.600900,1.599690,1.600590
2009-10-15,1.628900,1.633910,1.628400,1.633910
2009-10-16,1.635910,1.635910,1.635910,1.635910
2009-10-19,1.639990,1.642630,1.639800,1.640610
2009-10-20,1.638300,1.639100,1.637200,1.638000
2009-10-21,1.661430,1.662590,1.660800,1.660880
2009-10-22,1.661410,1.663400,1.661410,1.663400
2009-10-23,1.631110,1.631110,1.631110,1.631110
2009-10-26,1.628400,1.639640,1.625410,1.629990
2009-10-27,1.629380,1.643900,1.628800,1.639990
2009-10-28,1.640390,1.646390,1.629200,1.637600
2009-10-29,1.637790,1.660440,1.634440,1.656290
2009-10-30,1.656310,1.657990,1.641310,1.644790
2009-11-02,1.641520,1.647990,1.633210,1.639530
2009-11-03,1.639610,1.644600,1.626520,1.642600
2009-11-04,1.642170,1.659640,1.640390,1.655790
2009-11-05,1.655410,1.663400,1.646900,1.657500
2009-11-06,1.657520,1.663200,1.652560,1.662010
2009-11-09,1.662590,1.684410,1.662010,1.677990
2009-11-10,1.677910,1.679060,1.660500,1.673610
2009-11-11,1.674650,1.678390,1.653790,1.657500
2009-11-12,1.658290,1.662760,1.652100,1.658700
2009-11-13,1.658790,1.670400,1.657880,1.667500
2009-11-16,1.673560,1.687790,1.667330,1.683900
2009-11-17,1.683810,1.687390,1.676110,1.682400
2009-11-18,1.682140,1.684610,1.671990,1.674060
2009-11-19,1.674090,1.674280,1.661410,1.665610
2009-11-20,1.665640,1.667610,1.646390,1.652100
2009-11-23,1.650710,1.664700,1.650190,1.660910
2009-11-24,1.660190,1.660500,1.650190,1.658430
2009-11-25,1.658590,1.674540,1.658590,1.670510
2009-11-26,1.670340,1.672740,1.642440,1.643600
2009-11-27,1.644010,1.650790,1.628400,1.650790
2009-11-30,1.649400,1.659450,1.638480,1.645790
2009-12-01,1.645600,1.664810,1.639910,1.662590
2009-12-02,1.662370,1.669590,1.655300,1.666060
2009-12-03,1.666470,1.672210,1.653190,1.655930
2009-12-04,1.655710,1.666690,1.642630,1.648290
2009-12-07,1.647500,1.651800,1.631800,1.646580
2009-12-08,1.645980,1.647910,1.622800,1.624910
2009-12-09,1.624910,1.636930,1.617100,1.628240
2009-12-10,1.628000,1.634630,1.622190,1.628030
2009-12-11,1.627600,1.633910,1.620300,1.625300
2009-12-14,1.624380,1.632600,1.619300,1.631000
2009-12-15,1.631210,1.631720,1.620900,1.627000
2009-12-16,1.627000,1.641150,1.623690,1.632810
2009-12-17,1.632710,1.633400,1.608310,1.616290
2009-12-18,1.616420,1.624430,1.605680,1.614600
2009-12-21,1.613500,1.616580,1.603210,1.605600
2009-12-22,1.605910,1.609890,1.592790,1.596830
2009-12-23,1.597420,1.599000,1.593400,1.596910
2009-12-24,1.596810,1.602310,1.592990,1.597500
2009-12-25,1.597600,1.601900,1.594590,1.601900
2009-12-28,1.596190,1.601590,1.593500,1.600310
2009-12-29,1.600410,1.606790,1.587400,1.590410
2009-12-30,1.590410,1.609220,1.583910,1.607590
2009-12-31,1.607690,1.623690,1.605290,1.618200
2010-01-01,1.618200,1.618200,1.613110,1.613290
2010-01-04,1.613710,1.623900,1.606500,1.611370
2010-01-05,1.611860,1.615590,1.597010,1.599080
2010-01-06,1.599360,1.606320,1.594390,1.602380
2010-01-07,1.602200,1.605860,1.590080,1.593400
2010-01-08,1.593800,1.610100,1.591800,1.602410
2010-01-11,1.608260,1.619460,1.606790,1.611290
2010-01-12,1.611500,1.619620,1.606610,1.615170
2010-01-13,1.615510,1.630100,1.613920,1.628610
2010-01-14,1.628210,1.634730,1.625330,1.633400
2010-01-15,1.633720,1.635110,1.622300,1.627000
2010-01-18,1.629410,1.637730,1.625410,1.635300
2010-01-19,1.635220,1.645770,1.631480,1.635670
2010-01-20,1.636230,1.637170,1.624850,1.629810
2010-01-21,1.630390,1.631320,1.613110,1.620510
2010-01-22,1.619490,1.628480,1.608100,1.611010
2010-01-25,1.611500,1.626200,1.609990,1.625010
2010-01-26,1.624830,1.627000,1.609760,1.614700
2010-01-27,1.614700,1.624410,1.611290,1.617810
2010-01-28,1.617810,1.627630,1.611600,1.614310
2010-01-29,1.614670,1.617940,1.598310,1.598490
2010-02-01,1.597390,1.597700,1.585460,1.595250
2010-02-02,1.595100,1.599560,1.590810,1.599210
2010-02-03,1.599310,1.606990,1.588510,1.592000
2010-02-04,1.591900,1.591930,1.573540,1.576990
2010-02-05,1.576990,1.577810,1.556300,1.565800
2010-02-08,1.559790,1.566050,1.553780,1.557610
2010-02-09,1.557200,1.573890,1.556590,1.569390
2010-02-10,1.569420,1.576540,1.557440,1.561210
2010-02-11,1.561400,1.571680,1.556590,1.570200
2010-02-12,1.570200,1.573890,1.558700,1.569810
2010-02-15,1.567890,1.571910,1.561790,1.566710
2010-02-16,1.566640,1.579550,1.563260,1.579010
2010-02-17,1.578910,1.581780,1.566910,1.568210
2010-02-18,1.568480,1.568800,1.541690,1.542310
2010-02-19,1.543590,1.547800,1.536310,1.546410
2010-02-22,1.546840,1.551210,1.545140,1.548660
2010-02-23,1.550340,1.557200,1.539810,1.544590
2010-02-24,1.544590,1.547250,1.539030,1.541710
2010-02-25,1.542090,1.542260,1.519600,1.524390
2010-02-26,1.523830,1.530810,1.515610,1.523900
2010-03-01,1.518510,1.520400,1.483940,1.497880
2010-03-02,1.497500,1.503310,1.486100,1.502810
2010-03-03,1.502290,1.513250,1.498170,1.510300
2010-03-04,1.510030,1.513250,1.500800,1.503600
2010-03-05,1.503310,1.516740,1.500200,1.513290
2010-03-08,1.514880,1.519850,1.503510,1.504190
2010-03-09,1.504510,1.504510,1.494210,1.501640
2010-03-10,1.501610,1.501610,1.487410,1.497010
2010-03-11,1.497210,1.508590,1.495100,1.507200
2010-03-12,1.506950,1.521840,1.502900,1.521610
2010-03-15,1.519550,1.520890,1.502400,1.505430
2010-03-16,1.504890,1.526090,1.498710,1.523690
2010-03-17,1.523600,1.537070,1.521190,1.531790
2010-03-18,1.531600,1.532800,1.522390,1.525370
2010-03-19,1.525370,1.525670,1.499210,1.501790
2010-03-22,1.499430,1.511190,1.493700,1.510800
2010-03-23,1.511190,1.511300,1.497500,1.502130
2010-03-24,1.502400,1.503560,1.485910,1.489890
2010-03-25,1.489870,1.498310,1.480560,1.484490
2010-03-26,1.484980,1.492400,1.481390,1.489800
2010-03-29,1.492090,1.501910,1.489490,1.498190
2010-03-30,1.497900,1.512610,1.497790,1.507410
2010-03-31,1.507200,1.520220,1.504710,1.518370
2010-04-01,1.519110,1.529820,1.518580,1.529190
2010-04-02,1.529380,1.529960,1.518400,1.521010
2010-04-05,1.527000,1.531790,1.522700,1.529800
2010-04-06,1.529890,1.530900,1.513410,1.527090
2010-04-07,1.527250,1.528490,1.514300,1.524200
2010-04-08,1.524200,1.528400,1.514390,1.528300
2010-04-09,1.528350,1.539010,1.527000,1.537000
2010-04-12,1.542500,1.548750,1.535670,1.537400
2010-04-13,1.536590,1.544710,1.534050,1.537780
2010-04-14,1.538700,1.549160,1.537490,1.547220
2010-04-15,1.547150,1.552290,1.539600,1.546550
2010-04-16,1.546600,1.547390,1.536000,1.536410
2010-04-19,1.529500,1.534400,1.519800,1.533530
2010-04-20,1.533510,1.542830,1.529310,1.536380
2010-04-21,1.536690,1.543950,1.533510,1.541330
2010-04-22,1.541000,1.547170,1.534680,1.537400
2010-04-23,1.537260,1.539860,1.530250,1.538200
2010-04-26,1.537890,1.549500,1.537890,1.546790
2010-04-27,1.547100,1.548490,1.522860,1.524760
2010-04-28,1.524810,1.528790,1.513410,1.520430
2010-04-29,1.520450,1.536330,1.514510,1.535600
2010-04-30,1.535670,1.538910,1.525790,1.530010
2010-05-03,1.530600,1.531210,1.521630,1.524920
2010-05-04,1.525110,1.526670,1.509300,1.512790
2010-05-05,1.513000,1.517310,1.507200,1.509800
2010-05-06,1.509890,1.514900,1.472410,1.486390
2010-05-07,1.487300,1.493210,1.449070,1.478310
2010-05-10,1.477800,1.505090,1.477690,1.486190
2010-05-11,1.486080,1.500530,1.472710,1.492090
2010-05-12,1.492720,1.504390,1.482100,1.483700
2010-05-13,1.483310,1.491160,1.457600,1.461390
2010-05-14,1.461330,1.464000,1.450030,1.453810
2010-05-17,1.454000,1.454000,1.427310,1.448020
2010-05-18,1.448000,1.451930,1.428000,1.429670
2010-05-19,1.429800,1.446700,1.423990,1.441670
2010-05-20,1.441440,1.446010,1.423890,1.434840
2010-05-21,1.434210,1.449780,1.432170,1.448100
2010-05-24,1.446400,1.452790,1.435590,1.440900
2010-05-25,1.440900,1.445000,1.426390,1.441500
2010-05-26,1.441190,1.444440,1.434000,1.438390
2010-05-27,1.438810,1.460860,1.438100,1.456050
2010-05-28,1.455390,1.460710,1.444150,1.445300
2010-05-31,1.445110,1.455100,1.443210,1.452200
2010-06-01,1.452390,1.472000,1.444610,1.466710
2010-06-02,1.466600,1.477000,1.455960,1.465010
2010-06-03,1.465010,1.474400,1.459000,1.463400
2010-06-04,1.463290,1.467890,1.445690,1.445800
2010-06-07,1.442000,1.456070,1.439300,1.447410
2010-06-08,1.447300,1.453000,1.435050,1.444900
2010-06-09,1.444400,1.460920,1.440010,1.454800
2010-06-10,1.454690,1.471910,1.451400,1.470850
2010-06-11,1.470700,1.475210,1.450600,1.455200
2010-06-14,1.458490,1.480740,1.457280,1.473600
2010-06-15,1.473710,1.483480,1.469250,1.479990
2010-06-16,1.479990,1.484980,1.471690,1.473600
2010-06-17,1.473710,1.483640,1.465010,1.481590
2010-06-18,1.481770,1.488800,1.477610,1.483000
2010-06-21,1.484210,1.493500,1.474100,1.475990
2010-06-22,1.475840,1.486100,1.469590,1.482010
2010-06-23,1.481960,1.497050,1.480600,1.496800
2010-06-24,1.496800,1.500560,1.492090,1.493210
2010-06-25,1.492890,1.507910,1.486150,1.506800
2010-06-28,1.504600,1.512700,1.502250,1.509890
2010-06-29,1.509710,1.512100,1.501790,1.505340
2010-06-30,1.505710,1.507430,1.493760,1.494430
2010-07-01,1.494590,1.516580,1.487850,1.516580
2010-07-02,1.516600,1.522950,1.515500,1.520500
2010-07-05,1.519500,1.520010,1.509340,1.513200
2010-07-06,1.512910,1.522770,1.508480,1.514390
2010-07-07,1.514300,1.522020,1.508660,1.517840
2010-07-08,1.517910,1.523930,1.510510,1.515500
2010-07-09,1.515700,1.520500,1.505340,1.506800
2010-07-12,1.507200,1.508800,1.495260,1.502400
2010-07-13,1.501910,1.519250,1.497100,1.518510
2010-07-14,1.519200,1.529500,1.518530,1.526810
2010-07-15,1.526810,1.546690,1.523970,1.544310
2010-07-16,1.543950,1.544810,1.528000,1.530690
2010-07-19,1.530500,1.534990,1.520520,1.522560
2010-07-20,1.523000,1.531000,1.515700,1.528720
2010-07-21,1.528770,1.532990,1.513230,1.518400
2010-07-22,1.518370,1.529680,1.515380,1.527210
2010-07-23,1.527280,1.544930,1.526090,1.543900
2010-07-26,1.542500,1.551710,1.542310,1.548990
2010-07-27,1.548990,1.559990,1.544620,1.558800
2010-07-28,1.548990,1.563500,1.548990,1.559410
2010-07-29,1.559700,1.566170,1.558240,1.561230
2010-07-30,1.561210,1.572300,1.555690,1.568800
2010-08-02,1.570600,1.590610,1.570010,1.588990
2010-08-03,1.589070,1.596530,1.586400,1.594590
2010-08-04,1.594590,1.596550,1.586520,1.594590
2010-08-05,1.589190,1.592410,1.582400,1.589190
2010-08-06,1.589190,1.599590,1.584310,1.589140
2010-08-09,1.597500,1.599620,1.593570,1.597800
2010-08-10,1.590410,1.590610,1.571390,1.590610
2010-08-11,1.585790,1.585790,1.563400,1.585790
2010-08-12,1.563160,1.571510,1.556200,1.563280
2010-08-13,1.558530,1.567890,1.557750,1.558770
2010-08-16,1.560310,1.569290,1.553880,1.560310
2010-08-17,1.564480,1.569740,1.556590,1.564600
2010-08-18,1.557390,1.568410,1.550290,1.557800
2010-08-19,1.560110,1.567010,1.551230,1.559890
2010-08-20,1.557900,1.559700,1.547390,1.557710
2010-08-23,1.554900,1.561600,1.550600,1.554510
2010-08-24,1.550100,1.550600,1.537800,1.549620
2010-08-25,1.540640,1.546790,1.539220,1.541090
2010-08-26,1.547170,1.559650,1.547010,1.547220
2010-08-27,1.551900,1.553810,1.545050,1.552000
2010-08-30,1.553710,1.557830,1.546070,1.553400
2010-08-31,1.546690,1.547600,1.533550,1.546600
2010-09-01,1.535230,1.549280,1.534050,1.534990
2010-09-02,1.545330,1.545380,1.535460,1.544810
2010-09-03,1.540000,1.546340,1.539010,1.539600
2010-09-06,1.545190,1.549070,1.535200,1.545000
2010-09-07,1.539500,1.542400,1.529890,1.539500
2010-09-08,1.534800,1.553010,1.534800,1.534870
2010-09-09,1.547390,1.548010,1.537800,1.547390
2010-09-10,1.542810,1.546550,1.537210,1.542590
2010-09-13,1.537610,1.548900,1.537090,1.537090
2010-09-14,1.541000,1.556300,1.534990,1.542810
2010-09-15,1.553400,1.563770,1.545500,1.553400
2010-09-16,1.563400,1.564920,1.554240,1.563400
2010-09-17,1.563010,1.572600,1.560110,1.562820
2010-09-20,1.564210,1.568680,1.555740,1.564600
2010-09-21,1.554920,1.558800,1.550700,1.554820
2010-09-22,1.561210,1.571510,1.560990,1.561690
2010-09-23,1.564600,1.573990,1.561940,1.564600
2010-09-24,1.567890,1.584210,1.564700,1.567890
2010-09-27,1.582950,1.586600,1.579010,1.583110
2010-09-28,1.581200,1.589320,1.572950,1.581000
2010-09-29,1.580400,1.587430,1.576860,1.580300
2010-09-30,1.579900,1.592000,1.570450,1.579580
2010-10-01,1.571510,1.586190,1.570800,1.571660
2010-10-04,1.581830,1.587100,1.575150,1.582000
2010-10-05,1.582400,1.592990,1.577710,1.582430
2010-10-06,1.589400,1.593900,1.583860,1.589140
2010-10-07,1.586400,1.601850,1.584910,1.586500
2010-10-08,1.587930,1.595560,1.582930,1.588010
2010-10-11,1.595410,1.596370,1.589470,1.594870
2010-10-12,1.589400,1.591900,1.578430,1.589290
2010-10-13,1.581400,1.588940,1.577710,1.581100
2010-10-14,1.590200,1.606630,1.590200,1.590510
2010-10-15,1.600590,1.610200,1.598260,1.600640
2010-10-18,1.598080,1.600510,1.584210,1.597900
2010-10-19,1.589290,1.593600,1.570400,1.589400
2010-10-20,1.569810,1.587000,1.566320,1.570300
2010-10-21,1.584510,1.585060,1.573270,1.584510
2010-10-22,1.571260,1.574800,1.565800,1.571190
2010-10-25,1.567990,1.577460,1.567200,1.567890
2010-10-26,1.570650,1.589570,1.569440,1.570970
2010-10-27,1.585010,1.586400,1.575990,1.585010
2010-10-28,1.578010,1.597090,1.576690,1.577410
2010-10-29,1.578010,1.602000,1.577410,1.577410
2010-11-01,1.602000,1.608730,1.601100,1.604800
2010-11-02,1.606300,1.608080,1.596650,1.605990
2010-11-03,1.603000,1.615300,1.601100,1.603230
2010-11-04,1.611340,1.629830,1.609090,1.610700
2010-11-05,1.627180,1.628000,1.617000,1.627600
2010-11-08,1.621010,1.621010,1.610930,1.620960
2010-11-09,1.611320,1.618410,1.607410,1.611630
2010-11-10,1.600200,1.611110,1.596680,1.600000
2010-11-11,1.612490,1.617810,1.610720,1.612230
2010-11-12,1.610100,1.616580,1.598850,1.610570
2010-11-15,1.612850,1.615460,1.604570,1.612900
2010-11-16,1.604470,1.608520,1.590410,1.604310
2010-11-17,1.588260,1.593750,1.585990,1.588710
2010-11-18,1.591930,1.602490,1.589190,1.592100
2010-11-19,1.605010,1.609500,1.594030,1.605190
2010-11-22,1.600260,1.608570,1.594310,1.600440
2010-11-23,1.594490,1.595580,1.585590,1.594670
2010-11-24,1.580130,1.583860,1.574530,1.580500
2010-11-25,1.578980,1.579400,1.572800,1.579010
2010-11-26,1.575990,1.576790,1.561400,1.575970
2010-11-29,1.560110,1.564700,1.553300,1.559020
2010-11-30,1.555090,1.557240,1.548850,1.555620
2010-12-01,1.557150,1.564800,1.555310,1.556810
2010-12-02,1.561060,1.566170,1.551520,1.561040
2010-12-03,1.558990,1.571390,1.558310,1.559090
2010-12-06,1.576840,1.577010,1.566100,1.576790
2010-12-07,1.571120,1.582400,1.570750,1.570870
2010-12-08,1.575520,1.583210,1.567400,1.575320
2010-12-09,1.579300,1.583830,1.573190,1.579650
2010-12-10,1.577410,1.586290,1.575200,1.577510
2010-12-13,1.579450,1.586600,1.572280,1.579900
2010-12-14,1.586290,1.590840,1.574210,1.586190
2010-12-15,1.576490,1.577090,1.561990,1.576390
2010-12-16,1.555980,1.562990,1.554390,1.556080
2010-12-17,1.563380,1.564800,1.547480,1.563280
2010-12-20,1.551400,1.557610,1.548010,1.551300
2010-12-21,1.550800,1.556830,1.545520,1.550820
2010-12-22,1.546670,1.549520,1.537890,1.546600
2010-12-23,1.540810,1.543590,1.537610,1.540400
2010-12-24,1.544400,1.547800,1.542020,1.544640
2010-12-27,1.541620,1.545620,1.539500,1.541380
2010-12-28,1.544710,1.551180,1.537180,1.544210
2010-12-29,1.535770,1.544810,1.535580,1.535580
2010-12-30,1.550340,1.553810,1.539030,1.550200
2010-12-31,1.543590,1.565800,1.542970,1.543710
2011-01-03,1.557610,1.557610,1.544000,1.557240
2011-01-04,1.548900,1.564600,1.545600,1.548970
2011-01-05,1.560010,1.562600,1.545600,1.559790
2011-01-06,1.551300,1.556010,1.546810,1.551210
2011-01-07,1.545310,1.557900,1.541590,1.545090
2011-01-10,1.554510,1.556760,1.547820,1.554000
2011-01-11,1.559040,1.560180,1.551810,1.558990
2011-01-12,1.560990,1.569490,1.558600,1.560790
2011-01-13,1.574980,1.586170,1.572500,1.574930
2011-01-14,1.584380,1.588760,1.582280,1.584280
2011-01-17,1.588230,1.595100,1.583810,1.588130
2011-01-18,1.589720,1.606010,1.589720,1.590000
2011-01-19,1.595940,1.603690,1.595100,1.596300
2011-01-20,1.597390,1.600950,1.584840,1.597420
2011-01-21,1.591090,1.600230,1.587200,1.590990
2011-01-24,1.599410,1.600410,1.592790,1.599390
2011-01-25,1.598490,1.601690,1.575900,1.598640
2011-01-26,1.582100,1.590000,1.577360,1.582000
2011-01-27,1.592130,1.599310,1.588210,1.592990
2011-01-28,1.592200,1.596090,1.582880,1.592690
2011-01-31,1.582730,1.602200,1.582650,1.582930
2011-02-01,1.603180,1.614490,1.603000,1.603000
2011-02-02,1.613740,1.622850,1.613010,1.613610
2011-02-03,1.620640,1.627790,1.612410,1.620480
2011-02-04,1.613790,1.617310,1.604000,1.613450
2011-02-07,1.610250,1.618590,1.609530,1.609970
2011-02-08,1.613010,1.616270,1.603210,1.612900
2011-02-09,1.606370,1.612570,1.603720,1.606630
2011-02-10,1.610180,1.611080,1.602260,1.610150
2011-02-11,1.609610,1.611580,1.596910,1.609710
2011-02-14,1.600950,1.607820,1.598390,1.600310
2011-02-15,1.602720,1.616710,1.601280,1.602820
2011-02-16,1.613320,1.618590,1.599490,1.613660
2011-02-17,1.609500,1.617470,1.607790,1.609300
2011-02-18,1.617310,1.624700,1.615200,1.617810
2011-02-21,1.624910,1.625360,1.620930,1.625090
2011-02-22,1.623010,1.623030,1.613610,1.622800
2011-02-23,1.616000,1.627000,1.615900,1.616000
2011-02-24,1.623300,1.625590,1.609190,1.623510
2011-02-25,1.614440,1.616240,1.603590,1.614440
2011-02-28,1.610050,1.627100,1.607300,1.610050
2011-03-01,1.628530,1.632330,1.625700,1.627050
2011-03-02,1.626410,1.634310,1.621900,1.626280
2011-03-03,1.633050,1.633450,1.626100,1.633290
2011-03-04,1.628130,1.630600,1.623770,1.627450
2011-03-07,1.626680,1.633850,1.621800,1.626840
2011-03-08,1.619590,1.621140,1.612980,1.619850
2011-03-09,1.616030,1.624350,1.614210,1.616340
2011-03-10,1.620480,1.621480,1.605110,1.620010
2011-03-11,1.606680,1.607900,1.598210,1.606610
2011-03-14,1.607460,1.617990,1.603000,1.607150
2011-03-15,1.617650,1.618310,1.598520,1.617210
2011-03-16,1.606710,1.613190,1.602870,1.607200
2011-03-17,1.599030,1.616760,1.598770,1.599130
2011-03-18,1.614910,1.618910,1.606300,1.614340
2011-03-21,1.622380,1.629200,1.620690,1.622300
2011-03-22,1.631190,1.640070,1.629570,1.630870
2011-03-23,1.636390,1.638380,1.622300,1.636020
2011-03-24,1.625090,1.626810,1.613890,1.624910
2011-03-25,1.611860,1.614230,1.605500,1.612200
2011-03-28,1.600870,1.603670,1.594010,1.600410
2011-03-29,1.598670,1.604260,1.595000,1.599080
2011-03-30,1.601000,1.608080,1.598210,1.601000
2011-03-31,1.607100,1.615090,1.602410,1.607410
2011-04-01,1.603540,1.613090,1.597570,1.603410
2011-04-04,1.611940,1.617700,1.611600,1.612070
2011-04-05,1.613220,1.627790,1.610120,1.613060
2011-04-06,1.630100,1.636310,1.625940,1.630100
2011-04-07,1.632360,1.633960,1.626700,1.632490
2011-04-08,1.632010,1.642820,1.631690,1.632120
2011-04-11,1.637440,1.642490,1.631800,1.637410
2011-04-12,1.634490,1.634550,1.623110,1.634490
2011-04-13,1.625730,1.630790,1.624010,1.625700
2011-04-14,1.627210,1.637790,1.625800,1.626890
2011-04-18,1.631990,1.632810,1.617890,1.631400
2011-04-19,1.626490,1.633450,1.623400,1.626120
2011-04-20,1.632470,1.642490,1.631690,1.632440
2011-04-21,1.639420,1.659920,1.638890,1.639480
2011-04-22,1.651800,1.656400,1.650600,1.651470
2011-04-25,1.652320,1.655520,1.647010,1.652810
2011-04-26,1.650410,1.653190,1.643490,1.650190
2011-04-27,1.651420,1.657910,1.643900,1.650900
2011-04-28,1.663120,1.674310,1.662650,1.662790
2011-04-29,1.664890,1.669230,1.662790,1.665000
2011-05-02,1.670090,1.673720,1.665000,1.668810
2011-05-03,1.666000,1.666170,1.647090,1.666000
2011-05-04,1.649620,1.657500,1.645680,1.649650
2011-05-05,1.649760,1.654590,1.640800,1.649700
2011-05-06,1.638700,1.646200,1.635800,1.638590
2011-05-09,1.634630,1.640690,1.627420,1.635800
2011-05-10,1.641360,1.642010,1.633080,1.641170
2011-05-11,1.637200,1.651310,1.634710,1.637010
2011-05-12,1.636820,1.638110,1.623800,1.636740
2011-05-13,1.628510,1.630680,1.617810,1.628400
2011-05-16,1.617600,1.625330,1.616610,1.617600
2011-05-17,1.620800,1.630310,1.617700,1.620930
2011-05-18,1.625220,1.628980,1.611400,1.625300
2011-05-19,1.616500,1.620640,1.613190,1.616500
2011-05-20,1.622900,1.627500,1.616840,1.623190
2011-05-23,1.621460,1.623300,1.609270,1.621430
2011-05-24,1.610700,1.620400,1.606610,1.610880
2011-05-25,1.618410,1.629460,1.613630,1.618490
2011-05-26,1.628000,1.637280,1.627790,1.627980
2011-05-27,1.638300,1.650790,1.638190,1.638540
2011-05-30,1.650630,1.651120,1.645280,1.651120
2011-05-31,1.648750,1.654810,1.643630,1.648780
2011-06-01,1.646550,1.649680,1.637890,1.646500
2011-06-02,1.633830,1.641600,1.630900,1.633430
2011-06-03,1.637090,1.639610,1.629090,1.636150
2011-06-06,1.645520,1.646090,1.634630,1.645410
2011-06-07,1.635910,1.646900,1.632810,1.635720
2011-06-08,1.644300,1.644790,1.635400,1.644300
2011-06-09,1.640820,1.646310,1.636100,1.640800
2011-06-10,1.636800,1.638510,1.622110,1.636550
2011-06-13,1.622960,1.634490,1.622300,1.622610
2011-06-14,1.637470,1.644010,1.635800,1.637410
2011-06-15,1.637650,1.638510,1.620800,1.637730
2011-06-16,1.619410,1.622640,1.608100,1.619590
2011-06-17,1.616110,1.619510,1.609610,1.616110
2011-06-20,1.617700,1.623430,1.611210,1.617810
2011-06-21,1.620800,1.625410,1.617260,1.620690
2011-06-22,1.622240,1.625990,1.609710,1.622530
2011-06-23,1.605810,1.606610,1.594340,1.605990
2011-06-24,1.602900,1.604210,1.595410,1.602620
2011-06-27,1.596530,1.601230,1.591570,1.596300
2011-06-28,1.599130,1.604210,1.591850,1.599000
2011-06-29,1.598900,1.607410,1.597320,1.598800
2011-06-30,1.607560,1.611890,1.597550,1.607590
2011-07-01,1.604700,1.609760,1.599210,1.604800
2011-07-04,1.606990,1.613790,1.605650,1.606810
2011-07-05,1.609630,1.612700,1.599180,1.609710
2011-07-06,1.606760,1.609060,1.595510,1.606790
2011-07-07,1.601080,1.602020,1.595000,1.600900
2011-07-08,1.598210,1.607950,1.593400,1.598110
2011-07-11,1.602510,1.604310,1.588740,1.602590
2011-07-12,1.590710,1.594870,1.579010,1.590810
2011-07-13,1.591600,1.612050,1.591290,1.591820
2011-07-14,1.617100,1.618910,1.609990,1.616810
2011-07-15,1.614800,1.617600,1.608030,1.614910
2011-07-18,1.611400,1.612930,1.601100,1.611190
2011-07-19,1.606120,1.617860,1.605830,1.605830
2011-07-20,1.613790,1.615800,1.607200,1.613710
2011-07-21,1.616190,1.631800,1.612360,1.615930
2011-07-22,1.632310,1.632760,1.626700,1.632330
2011-07-25,1.630790,1.632840,1.626600,1.631510
2011-07-26,1.627840,1.642090,1.627000,1.628080
2011-07-27,1.642680,1.643950,1.633320,1.642600
2011-07-28,1.633110,1.636610,1.629860,1.632730
2011-07-29,1.636900,1.647040,1.626700,1.636850
2011-08-01,1.641500,1.647530,1.624090,1.641200
2011-08-02,1.631320,1.633000,1.623110,1.630920
2011-08-03,1.628080,1.642520,1.625410,1.627870
2011-08-04,1.643300,1.643900,1.628770,1.643410
2011-08-05,1.623880,1.639400,1.623190,1.623590
2011-08-08,1.641930,1.647010,1.630550,1.641660
2011-08-09,1.632710,1.640800,1.617780,1.632010
2011-08-10,1.631510,1.632410,1.612700,1.631480
2011-08-11,1.611990,1.623690,1.611400,1.611810
2011-08-12,1.622900,1.631320,1.617310,1.622800
2011-08-15,1.629270,1.640800,1.626310,1.629330
2011-08-16,1.638590,1.643010,1.632760,1.638590
2011-08-17,1.644390,1.658320,1.635970,1.644090
2011-08-18,1.654200,1.655300,1.642390,1.654100
2011-08-19,1.650410,1.661820,1.644900,1.650790
2011-08-22,1.647800,1.652020,1.644090,1.647800
2011-08-23,1.646470,1.657250,1.645660,1.646610
2011-08-24,1.649700,1.653470,1.637300,1.649810
2011-08-25,1.636900,1.639800,1.626840,1.637010
2011-08-26,1.628400,1.634200,1.621510,1.628320
2011-08-29,1.635000,1.645520,1.634280,1.635000
2011-08-30,1.641500,1.641790,1.625800,1.641500
2011-08-31,1.630790,1.633210,1.625910,1.630760
2011-09-01,1.625010,1.625800,1.613530,1.625140
2011-09-02,1.618910,1.625380,1.617700,1.618800
2011-09-05,1.617310,1.618700,1.606370,1.617210
2011-09-06,1.609990,1.617000,1.593900,1.609990
2011-09-07,1.595200,1.602490,1.593980,1.594820
2011-09-08,1.598310,1.607900,1.591850,1.598590
2011-09-09,1.597700,1.599210,1.586090,1.597750
2011-09-12,1.585640,1.588590,1.578810,1.585690
2011-09-13,1.585840,1.587100,1.576590,1.585870
2011-09-14,1.578560,1.581130,1.571040,1.578610
2011-09-15,1.577160,1.586900,1.573690,1.576990
2011-09-16,1.579110,1.584210,1.574700,1.579300
2011-09-19,1.572450,1.575720,1.563700,1.572400
2011-09-20,1.566320,1.573340,1.565930,1.566000
2011-09-21,1.573370,1.574210,1.558190,1.573420
2011-09-22,1.550750,1.550940,1.533200,1.550820
2011-09-23,1.536380,1.548830,1.536170,1.536170
2011-09-26,1.548730,1.557000,1.543710,1.549330
2011-09-27,1.555400,1.570500,1.553210,1.555260
2011-09-28,1.564090,1.567790,1.561400,1.563990
2011-09-29,1.557540,1.571390,1.554700,1.557610
2011-09-30,1.559890,1.564330,1.553710,1.559940
2011-10-03,1.558260,1.558580,1.545280,1.558310
2011-10-04,1.543500,1.546600,1.534470,1.543590
2011-10-05,1.546600,1.549160,1.540310,1.547030
2011-10-06,1.546690,1.550100,1.528610,1.546600
2011-10-07,1.543400,1.564190,1.542590,1.543450
2011-10-10,1.554340,1.568580,1.553300,1.553300
2011-10-11,1.565800,1.566390,1.558340,1.565830
2011-10-12,1.558870,1.579210,1.554610,1.558890
2011-10-13,1.575500,1.576320,1.567010,1.574780
2011-10-14,1.574360,1.584910,1.572500,1.574510
2011-10-17,1.582700,1.584610,1.573290,1.582630
2011-10-18,1.574650,1.582400,1.563480,1.574510
2011-10-19,1.570800,1.584560,1.570400,1.570870
2011-10-20,1.577610,1.580100,1.568500,1.577710
2011-10-21,1.579600,1.595990,1.575990,1.579600
2011-10-24,1.594130,1.600100,1.590360,1.594310
2011-10-25,1.599800,1.603000,1.596190,1.599670
2011-10-26,1.599800,1.604210,1.589500,1.599850
2011-10-27,1.595660,1.608520,1.595610,1.595970
2011-10-28,1.608780,1.615090,1.607300,1.608780
2011-10-31,1.611400,1.613660,1.596910,1.611190
2011-11-01,1.607770,1.609240,1.589400,1.608000
2011-11-02,1.594010,1.604390,1.594010,1.594010
2011-11-03,1.590630,1.603800,1.588010,1.591190
2011-11-04,1.603900,1.604160,1.595200,1.603720
2011-11-07,1.603620,1.607590,1.598390,1.603280
2011-11-08,1.606430,1.611060,1.603750,1.606190
2011-11-09,1.610180,1.611810,1.591290,1.609890
2011-11-10,1.591340,1.598410,1.587300,1.591500
2011-11-11,1.594210,1.609090,1.589800,1.594210
2011-11-14,1.609320,1.609320,1.589450,1.607690
2011-11-15,1.590000,1.593170,1.581480,1.590000
2011-11-16,1.581000,1.581600,1.574060,1.580580
2011-11-17,1.570800,1.580300,1.569490,1.570800
2011-11-18,1.574800,1.588890,1.574280,1.575200
2011-11-21,1.577590,1.577710,1.561520,1.577710
2011-11-22,1.564630,1.568900,1.558600,1.563890
2011-11-23,1.564330,1.565530,1.551160,1.564900
2011-11-24,1.552430,1.556590,1.548710,1.552870
2011-11-25,1.547800,1.551780,1.542810,1.547700
2011-11-28,1.548850,1.559360,1.546000,1.548990
2011-11-29,1.549690,1.565190,1.547100,1.550100
2011-11-30,1.559720,1.578110,1.552990,1.559790
2011-12-01,1.569910,1.575770,1.564260,1.570720
2011-12-02,1.568310,1.572100,1.561820,1.568310
2011-12-05,1.561210,1.571390,1.559090,1.560990
2011-12-06,1.564190,1.566590,1.559410,1.564310
2011-12-07,1.560430,1.572010,1.559840,1.560700
2011-12-08,1.570280,1.576740,1.561670,1.570030
2011-12-09,1.563600,1.573490,1.559090,1.563800
2011-12-12,1.565360,1.565800,1.553880,1.565410
2011-12-13,1.557710,1.562500,1.554100,1.558070
2011-12-14,1.547990,1.552940,1.542830,1.548010
2011-12-15,1.547510,1.553110,1.543730,1.547510
2011-12-16,1.552700,1.555790,1.549590,1.552290
2011-12-19,1.552410,1.554510,1.546790,1.552510
2011-12-20,1.550800,1.570010,1.550600,1.550990
2011-12-21,1.567100,1.577310,1.566640,1.567100
2011-12-22,1.566810,1.572900,1.565510,1.567100
2011-12-23,1.568210,1.570970,1.565290,1.567990
2011-12-26,1.559700,1.564600,1.559600,1.559700
2011-12-27,1.562350,1.567890,1.559970,1.561890
2011-12-28,1.566490,1.569000,1.547130,1.566490
2011-12-29,1.544000,1.547700,1.536640,1.544400
2011-12-30,1.541710,1.556200,1.540500,1.541590
2012-01-02,1.552600,1.554900,1.547600,1.551210
2012-01-03,1.552100,1.562500,1.551110,1.552000
2012-01-04,1.564700,1.567010,1.558260,1.564410
2012-01-05,1.561210,1.562700,1.546910,1.560940
2012-01-06,1.550200,1.552670,1.538200,1.550170
2012-01-09,1.542090,1.547010,1.540000,1.541950
2012-01-10,1.545760,1.550050,1.544810,1.545910
2012-01-11,1.547390,1.548800,1.534400,1.547460
2012-01-12,1.533580,1.536810,1.528350,1.533600
2012-01-13,1.534450,1.539880,1.524810,1.534210
2012-01-16,1.530410,1.533060,1.528440,1.530010
2012-01-17,1.532360,1.540310,1.531930,1.532500
2012-01-18,1.533860,1.543310,1.533110,1.533860
2012-01-19,1.542900,1.548680,1.541660,1.543000
2012-01-20,1.548660,1.553900,1.545310,1.548830
2012-01-23,1.554440,1.560260,1.552140,1.554560
2012-01-24,1.557900,1.559750,1.553710,1.557900
2012-01-25,1.562700,1.562870,1.554150,1.562700
2012-01-26,1.565930,1.571610,1.565240,1.566100
2012-01-27,1.567470,1.572800,1.567470,1.568210
2012-01-30,1.572330,1.572700,1.565680,1.572400
2012-01-31,1.570850,1.579530,1.570300,1.570850
2012-02-01,1.570850,1.579530,1.570300,1.576040
2012-02-02,1.584790,1.585790,1.580280,1.584280
2012-02-03,1.580280,1.585690,1.575300,1.580280
2012-02-06,1.580280,1.580900,1.573290,1.580300
2012-02-07,1.581280,1.586090,1.579030,1.581280
2012-02-08,1.589320,1.592860,1.580530,1.589320
2012-02-09,1.581280,1.588310,1.579430,1.581280
2012-02-10,1.581280,1.584860,1.574060,1.581280
2012-02-13,1.578280,1.582780,1.576040,1.578210
2012-02-14,1.572570,1.576790,1.566420,1.572570
2012-02-15,1.569120,1.573440,1.567300,1.569120
2012-02-16,1.568630,1.576290,1.566170,1.568870
2012-02-17,1.580780,1.586320,1.579110,1.580780
2012-02-20,1.586800,1.588060,1.584530,1.586920
2012-02-21,1.582780,1.586550,1.577610,1.582830
2012-02-22,1.579180,1.581280,1.565440,1.579030
2012-02-23,1.567150,1.572820,1.565410,1.567200
2012-02-24,1.574510,1.587810,1.572570,1.574560
2012-02-27,1.588560,1.588810,1.583380,1.588690
2012-02-28,1.583280,1.587550,1.580800,1.583280
2012-02-29,1.592100,1.597830,1.591340,1.592200
2012-03-01,1.592360,1.597440,1.590380,1.592360
2012-03-02,1.595910,1.596930,1.583980,1.595910
2012-03-05,1.583280,1.587810,1.578780,1.583310
2012-03-06,1.587550,1.588560,1.573760,1.587550
2012-03-07,1.572330,1.575990,1.570060,1.572330
2012-03-08,1.573320,1.583030,1.572650,1.573560
2012-03-09,1.582530,1.583030,1.567770,1.582530
2012-03-12,1.566910,1.569490,1.560400,1.567300
2012-03-13,1.565440,1.574560,1.562260,1.565440
2012-03-14,1.570600,1.574310,1.565190,1.570600
2012-03-15,1.565440,1.568920,1.563700,1.565440
2012-03-16,1.570350,1.586090,1.569830,1.570350
2012-03-19,1.583780,1.590580,1.582530,1.583710
2012-03-20,1.588810,1.589830,1.583280,1.588810
2012-03-21,1.586550,1.592310,1.582530,1.586290
2012-03-22,1.587550,1.589320,1.578030,1.587550
2012-03-23,1.582530,1.590990,1.580780,1.582780
2012-03-26,1.588060,1.595510,1.580400,1.587810
2012-03-27,1.596170,1.599920,1.594390,1.596170
2012-03-28,1.595410,1.596700,1.584510,1.595410
2012-03-29,1.589320,1.593170,1.586290,1.589320
2012-03-30,1.595910,1.603330,1.595810,1.595910
2012-04-02,1.601280,1.606300,1.598390,1.601410
2012-04-03,1.603850,1.604620,1.595940,1.603850
2012-04-04,1.590580,1.590890,1.583760,1.590660
2012-04-05,1.590200,1.591090,1.580780,1.590330
2012-04-06,1.583160,1.588990,1.582700,1.583030
2012-04-09,1.587810,1.588410,1.584030,1.588060
2012-04-10,1.590840,1.593140,1.581300,1.590810
2012-04-11,1.585490,1.593630,1.585290,1.585540
2012-04-12,1.592510,1.597190,1.591340,1.592360
2012-04-13,1.596170,1.597010,1.584790,1.595910
2012-04-16,1.584790,1.587050,1.582130,1.585040
2012-04-17,1.589600,1.596810,1.586470,1.589570
2012-04-18,1.594130,1.604210,1.589850,1.594210
2012-04-19,1.602310,1.607200,1.601200,1.602310
2012-04-20,1.606170,1.614000,1.604030,1.606170
2012-04-23,1.613160,1.613420,1.607900,1.613160
2012-04-24,1.611860,1.616400,1.611340,1.612120
2012-04-25,1.614490,1.616550,1.608520,1.614470
2012-04-26,1.617860,1.620590,1.616030,1.617810
2012-04-27,1.617860,1.625510,1.615510,1.617860
2012-04-30,1.628130,1.629990,1.622510,1.628130
2012-05-01,1.623380,1.624960,1.618910,1.623380
2012-05-02,1.622320,1.624090,1.616160,1.622320
2012-05-03,1.619510,1.621720,1.616550,1.619300
2012-05-04,1.619170,1.619700,1.614440,1.619200
2012-05-07,1.612380,1.619960,1.611600,1.612310
2012-05-08,1.619170,1.619430,1.612620,1.619430
2012-05-09,1.614730,1.615770,1.607690,1.614730
2012-05-10,1.613680,1.618380,1.609500,1.613810
2012-05-11,1.613530,1.614470,1.606580,1.613680
2012-05-14,1.607510,1.612230,1.605450,1.607720
2012-05-15,1.609790,1.611600,1.601280,1.609790
2012-05-16,1.598470,1.599000,1.589830,1.598720
2012-05-17,1.592100,1.593420,1.579580,1.592100
2012-05-18,1.578530,1.583530,1.573560,1.578530
2012-05-21,1.581280,1.584030,1.578280,1.581280
2012-05-22,1.583160,1.584790,1.576590,1.582780
2012-05-23,1.576040,1.576840,1.568900,1.576090
2012-05-24,1.568380,1.572670,1.564040,1.568380
2012-05-25,1.565930,1.569710,1.563210,1.565930
2012-05-28,1.568140,1.571830,1.567590,1.568140
2012-05-29,1.566910,1.571590,1.562130,1.566910
2012-05-30,1.563430,1.563750,1.552170,1.563480
2012-05-31,1.548230,1.552800,1.536780,1.548300
2012-06-01,1.539690,1.543210,1.527210,1.539650
2012-06-04,1.534920,1.541590,1.534330,1.535150
2012-06-05,1.538460,1.540590,1.532590,1.538460
2012-06-06,1.538460,1.551520,1.537990,1.538460
2012-06-07,1.548230,1.559500,1.543450,1.548230
2012-06-08,1.552310,1.552550,1.540810,1.552310
2012-06-11,1.553760,1.558000,1.550100,1.553760
2012-06-12,1.548710,1.557000,1.546070,1.548610
2012-06-13,1.556660,1.559820,1.554000,1.556900
2012-06-14,1.552070,1.555790,1.547750,1.552070
2012-06-15,1.555450,1.565800,1.548110,1.555450
2012-06-18,1.571590,1.573070,1.563870,1.571590
2012-06-19,1.568700,1.574310,1.562060,1.568630
2012-06-20,1.572080,1.577390,1.569370,1.571980
2012-06-21,1.570850,1.573120,1.562210,1.570600
2012-06-22,1.559990,1.563480,1.555910,1.560060
2012-06-25,1.558360,1.559210,1.554170,1.558360
2012-06-26,1.556660,1.564700,1.556660,1.556660
2012-06-27,1.563480,1.564210,1.554730,1.563720
2012-06-28,1.557150,1.562500,1.550390,1.557150
2012-06-29,1.551830,1.570670,1.551590,1.551830
2012-07-02,1.568140,1.572130,1.564530,1.568210
2012-07-03,1.569120,1.571340,1.566220,1.569120
2012-07-04,1.569070,1.569120,1.557880,1.569120
2012-07-05,1.558360,1.562260,1.550340,1.558410
2012-07-06,1.553040,1.555090,1.547990,1.553040
2012-07-09,1.548230,1.553040,1.547220,1.547990
2012-07-10,1.553040,1.554800,1.548230,1.553040
2012-07-11,1.551830,1.557880,1.551590,1.551830
2012-07-12,1.551110,1.551830,1.539620,1.551110
2012-07-13,1.542730,1.556180,1.541540,1.542730
2012-07-16,1.558360,1.564460,1.552070,1.558360
2012-07-17,1.562740,1.567720,1.556110,1.562500
2012-07-18,1.566420,1.566910,1.558600,1.566420
2012-07-19,1.564700,1.572330,1.563920,1.564700
2012-07-20,1.571830,1.571830,1.562010,1.571830
2012-07-23,1.561040,1.561040,1.548800,1.560790
2012-07-24,1.551830,1.555090,1.549190,1.551830
2012-07-25,1.550050,1.554730,1.546460,1.550150
2012-07-26,1.548800,1.572200,1.547250,1.548710
2012-07-27,1.568460,1.576540,1.567150,1.568630
2012-07-30,1.572820,1.573320,1.567890,1.572820
2012-07-31,1.571340,1.573190,1.562990,1.571340
2012-08-01,1.566660,1.569120,1.558530,1.566780
2012-08-02,1.554480,1.567890,1.549430,1.554480
2012-08-03,1.551590,1.565440,1.550770,1.551590
2012-08-06,1.565440,1.565440,1.554900,1.565410
2012-08-07,1.558850,1.568500,1.556660,1.558800
2012-08-08,1.561280,1.567640,1.557830,1.561620
2012-08-09,1.566910,1.568630,1.560650,1.567030
2012-08-10,1.562990,1.570110,1.558120,1.563110
2012-08-13,1.566910,1.571910,1.565900,1.566910
2012-08-14,1.567890,1.571910,1.567250,1.567890
2012-08-15,1.567640,1.570110,1.566240,1.567640
2012-08-16,1.567960,1.574580,1.563800,1.568140
2012-08-17,1.573560,1.574060,1.567790,1.573560
2012-08-20,1.568870,1.571830,1.568110,1.568870
2012-08-21,1.571090,1.580500,1.570850,1.571090
2012-08-22,1.577780,1.581530,1.577040,1.577910
2012-08-23,1.588440,1.591090,1.586370,1.588360
2012-08-24,1.585890,1.587050,1.581030,1.585790
2012-08-27,1.580280,1.582780,1.579330,1.580300
2012-08-28,1.579280,1.583780,1.575620,1.579280
2012-08-29,1.582530,1.585290,1.580480,1.582600
2012-08-30,1.582780,1.587100,1.580400,1.582780
2012-08-31,1.579030,1.588790,1.578030,1.579030
2012-09-03,1.586800,1.589900,1.585290,1.587300
2012-09-04,1.588060,1.591140,1.586290,1.588060
2012-09-05,1.586800,1.593090,1.582900,1.586550
2012-09-06,1.590330,1.593900,1.588540,1.590580
2012-09-07,1.593400,1.603330,1.592360,1.593370
2012-09-10,1.600770,1.602050,1.596170,1.600820
2012-09-11,1.599230,1.608490,1.599210,1.599210
2012-09-12,1.607200,1.612900,1.606630,1.607200
2012-09-13,1.610820,1.612900,1.608750,1.610820
2012-09-14,1.615300,1.625590,1.615250,1.615510
2012-09-17,1.622590,1.627390,1.621270,1.622590
2012-09-18,1.624430,1.626810,1.622590,1.624700
2012-09-19,1.624430,1.627340,1.618910,1.624430
2012-09-20,1.623110,1.623640,1.616760,1.623110
2012-09-21,1.622270,1.630790,1.621530,1.622190
2012-09-24,1.623110,1.624430,1.618380,1.623110
2012-09-25,1.622510,1.626600,1.621800,1.622590
2012-09-26,1.619380,1.621030,1.614210,1.619430
2012-09-27,1.617600,1.623640,1.616810,1.617860
2012-09-28,1.623380,1.627100,1.611500,1.623300
2012-10-01,1.612380,1.617600,1.611080,1.612490
2012-10-02,1.612900,1.617860,1.612800,1.612900
2012-10-03,1.612960,1.613940,1.607200,1.613160
2012-10-04,1.610310,1.616810,1.608440,1.610050
2012-10-05,1.618490,1.622110,1.617490,1.618650
2012-10-08,1.613940,1.613940,1.602280,1.613890
2012-10-09,1.603330,1.604880,1.597950,1.603410
2012-10-10,1.599740,1.603590,1.598210,1.599690
2012-10-11,1.600770,1.605600,1.598980,1.600770
2012-10-12,1.604620,1.609790,1.602310,1.604600
2012-10-15,1.605910,1.607980,1.602310,1.605910
2012-10-16,1.608310,1.613160,1.606430,1.608100
2012-10-17,1.612900,1.618120,1.611860,1.613010
2012-10-18,1.613680,1.617340,1.611860,1.613710
2012-10-19,1.605650,1.607200,1.600000,1.605700
2012-10-22,1.599740,1.605600,1.599740,1.599800
2012-10-23,1.602310,1.602590,1.591700,1.602280
2012-10-24,1.594900,1.604880,1.593700,1.594900
2012-10-25,1.603080,1.614310,1.603030,1.603160
2012-10-26,1.611860,1.614100,1.609010,1.611810
2012-10-29,1.608750,1.609530,1.602950,1.609530
2012-10-30,1.603080,1.608750,1.602380,1.603080
2012-10-31,1.607460,1.613530,1.607120,1.607460
2012-11-01,1.613420,1.617600,1.612330,1.613420
2012-11-02,1.613420,1.613500,1.602820,1.613420
2012-11-05,1.602050,1.604110,1.596040,1.602100
2012-11-06,1.598470,1.600000,1.596930,1.598470
2012-11-07,1.599080,1.604360,1.595890,1.599230
2012-11-08,1.597900,1.600260,1.593120,1.598210
2012-11-09,1.597600,1.601790,1.590580,1.597750
2012-11-12,1.589450,1.591600,1.586800,1.589420
2012-11-13,1.587630,1.591600,1.586040,1.587810
2012-11-14,1.587530,1.590130,1.584610,1.587810
2012-11-15,1.583930,1.587930,1.583180,1.584110
2012-11-16,1.586570,1.589090,1.583880,1.586550
2012-11-19,1.590580,1.592360,1.588840,1.590560
2012-11-20,1.589320,1.593630,1.589320,1.589420
2012-11-21,1.592610,1.594640,1.588560,1.592610
2012-11-22,1.596930,1.597950,1.593420,1.596930
2012-11-23,1.594130,1.601280,1.592860,1.594130
2012-11-26,1.602820,1.603590,1.599970,1.602800
2012-11-27,1.603330,1.605390,1.601790,1.603330
2012-11-28,1.602310,1.602310,1.596420,1.602310
2012-11-29,1.601540,1.604900,1.600510,1.601540
2012-11-30,1.604110,1.606270,1.599310,1.604110
2012-12-03,1.602310,1.609530,1.602310,1.602310
2012-12-04,1.609790,1.613160,1.608750,1.609790
2012-12-05,1.610050,1.612120,1.608490,1.610100
2012-12-06,1.609270,1.612880,1.607460,1.609320
2012-12-07,1.604880,1.606170,1.600540,1.605010
2012-12-10,1.603590,1.609530,1.601540,1.603570
2012-12-11,1.607460,1.612120,1.607070,1.607410
2012-12-12,1.611860,1.614990,1.609680,1.611860
2012-12-13,1.613680,1.615250,1.611270,1.613680
2012-12-14,1.611340,1.614470,1.610570,1.611600
2012-12-17,1.617600,1.621530,1.615980,1.617600
2012-12-18,1.620560,1.624700,1.619700,1.620480
2012-12-19,1.624960,1.630600,1.624960,1.624960
2012-12-20,1.625220,1.629460,1.624560,1.625220
2012-12-21,1.627340,1.627370,1.618650,1.627340
2012-12-24,1.615200,1.620750,1.612880,1.615690
2012-12-25,1.613160,1.614490,1.599800,1.613160
2012-12-26,1.613680,1.617080,1.611990,1.613680
2012-12-27,1.612640,1.620220,1.612640,1.612640
2012-12-28,1.611600,1.615250,1.608440,1.611600
2012-12-31,1.616290,1.627450,1.613450,1.616290
2013-01-01,1.623640,1.632200,1.623380,1.623640
2013-01-02,1.624700,1.638400,1.624430,1.624700
2013-01-03,1.625220,1.625490,1.615090,1.625250
2013-01-04,1.607790,1.609010,1.601540,1.608230
2013-01-07,1.606680,1.608260,1.602280,1.606790
2013-01-08,1.612410,1.612410,1.603080,1.612200
2013-01-09,1.606170,1.607460,1.599410,1.606170
2013-01-10,1.601540,1.611710,1.600590,1.601540
2013-01-11,1.616290,1.616810,1.608960,1.616290
2013-01-14,1.612380,1.615770,1.603670,1.612700
2013-01-15,1.607720,1.609530,1.603490,1.607720
2013-01-16,1.607460,1.608230,1.598060,1.607460
2013-01-17,1.600260,1.604110,1.596450,1.600260
2013-01-18,1.597700,1.599740,1.586620,1.597700
2013-01-21,1.585540,1.589340,1.583730,1.585540
2013-01-22,1.583780,1.588280,1.581530,1.583780
2013-01-23,1.583780,1.589040,1.580850,1.583910
2013-01-24,1.583280,1.585040,1.575850,1.583280
2013-01-25,1.578280,1.582830,1.575650,1.578280
2013-01-28,1.577540,1.577880,1.570200,1.577510
2013-01-29,1.569860,1.577290,1.569340,1.569860
2013-01-30,1.574800,1.580030,1.573040,1.574800
2013-01-31,1.579780,1.585140,1.577910,1.579780
2013-02-01,1.587050,1.588060,1.574110,1.587020
2013-02-04,1.570350,1.575050,1.569370,1.570500
2013-02-05,1.575900,1.579800,1.566170,1.575550
2013-02-06,1.566660,1.567890,1.563480,1.566660
2013-02-07,1.566420,1.576670,1.564700,1.566420
2013-02-08,1.571090,1.584280,1.570770,1.571020
2013-02-11,1.580030,1.581080,1.565580,1.580230
2013-02-12,1.565680,1.566710,1.557970,1.565680
2013-02-13,1.567640,1.569120,1.553210,1.567640
2013-02-14,1.553280,1.554480,1.548780,1.553300
2013-02-15,1.548710,1.554990,1.546600,1.548660
2013-02-18,1.547750,1.549910,1.544190,1.548010
2013-02-19,1.547750,1.550390,1.544450,1.547750
2013-02-20,1.542730,1.544900,1.528790,1.542730
2013-02-21,1.523000,1.527180,1.514230,1.523000
2013-02-22,1.526250,1.531630,1.524620,1.526250
2013-02-25,1.509660,1.516300,1.509000,1.509730
2013-02-26,1.516580,1.522000,1.512700,1.516420
2013-02-27,1.513090,1.518880,1.508500,1.513000
2013-02-28,1.516760,1.521380,1.515200,1.516760
2013-03-01,1.516300,1.518600,1.498800,1.516530
2013-03-04,1.503530,1.507500,1.500830,1.503600
2013-03-05,1.512860,1.519850,1.510980,1.512860
2013-03-06,1.513780,1.515610,1.504440,1.513780
2013-03-07,1.499700,1.507610,1.497010,1.499680
2013-03-08,1.502630,1.504660,1.490820,1.502630
2013-03-11,1.490980,1.494320,1.486830,1.491000
2013-03-12,1.490540,1.491420,1.483880,1.490540
2013-03-13,1.490540,1.497680,1.490090,1.490540
2013-03-14,1.492540,1.504440,1.491870,1.492540
2013-03-15,1.508980,1.517380,1.507110,1.509000
2013-03-18,1.510350,1.514000,1.507840,1.510760
2013-03-19,1.509890,1.514070,1.507410,1.509890
2013-03-20,1.509660,1.518140,1.503080,1.509660
2013-03-21,1.509660,1.520700,1.509430,1.509660
2013-03-22,1.518140,1.524390,1.517750,1.518210
2013-03-25,1.524390,1.525550,1.514690,1.524600
2013-03-26,1.517910,1.520700,1.513800,1.517910
2013-03-27,1.516300,1.517910,1.509590,1.516300
2013-03-28,1.512860,1.519830,1.511990,1.512910
2013-03-29,1.519760,1.521840,1.517910,1.519760
2013-04-01,1.519760,1.523950,1.517910,1.519600
2013-04-02,1.522300,1.525880,1.511260,1.522300
2013-04-03,1.510890,1.515840,1.507840,1.510800
2013-04-04,1.514000,1.520220,1.503990,1.514000
2013-04-05,1.522530,1.536100,1.520220,1.522630
2013-04-08,1.534920,1.535150,1.524860,1.534920
2013-04-09,1.526250,1.532590,1.525090,1.526250
2013-04-10,1.532330,1.534450,1.529660,1.532330
2013-04-11,1.532430,1.541140,1.532260,1.532570
2013-04-12,1.539600,1.541120,1.534680,1.539170
2013-04-15,1.535390,1.538220,1.530670,1.535390
2013-04-16,1.529750,1.532920,1.527420,1.529730
2013-04-17,1.536100,1.537070,1.522140,1.536100
2013-04-18,1.524620,1.531300,1.522050,1.524390
2013-04-19,1.528580,1.536780,1.524990,1.528350
2013-04-22,1.522530,1.526340,1.520910,1.522530
2013-04-23,1.529990,1.529990,1.520150,1.529990
2013-04-24,1.523000,1.528890,1.522770,1.523000
2013-04-25,1.527880,1.547990,1.527600,1.527980
2013-04-26,1.543690,1.549740,1.542210,1.543690
2013-04-29,1.549190,1.554610,1.547990,1.549190
2013-04-30,1.549430,1.556420,1.547340,1.549430
2013-05-01,1.553760,1.559530,1.553040,1.553760
2013-05-02,1.557150,1.558890,1.549960,1.557200
2013-05-03,1.553760,1.559600,1.548800,1.553710
2013-05-06,1.557630,1.559820,1.552600,1.557880
2013-05-07,1.553950,1.555210,1.545480,1.553760
2013-05-08,1.547990,1.558600,1.547270,1.547990
2013-05-09,1.554240,1.558410,1.548950,1.554290
2013-05-10,1.544640,1.545880,1.531700,1.544590
2013-05-13,1.534500,1.538390,1.528000,1.534190
2013-05-14,1.530810,1.533010,1.523550,1.530900
2013-05-15,1.522790,1.526740,1.517700,1.522720
2013-05-16,1.523950,1.531910,1.520010,1.524000
2013-05-17,1.527810,1.528210,1.516210,1.527700
2013-05-20,1.517800,1.523440,1.516990,1.518120
2013-05-21,1.526320,1.526390,1.511620,1.526230
2013-05-22,1.516230,1.517290,1.503670,1.516000
2013-05-23,1.503650,1.512310,1.501660,1.503510
2013-05-24,1.509550,1.514000,1.506910,1.509500
2013-05-27,1.513110,1.515400,1.509000,1.513110
2013-05-28,1.511190,1.513180,1.503600,1.510890
2013-05-29,1.502630,1.514140,1.501070,1.502610
2013-05-30,1.513290,1.521720,1.511240,1.513130
2013-05-31,1.523090,1.523930,1.514370,1.522900
2013-06-03,1.520820,1.537590,1.519800,1.520910
2013-06-04,1.532400,1.534260,1.527600,1.532140
2013-06-05,1.530500,1.540260,1.529400,1.530390
2013-06-06,1.540310,1.560700,1.538490,1.540330
2013-06-07,1.560140,1.561770,1.548920,1.560260
2013-06-10,1.553210,1.557290,1.550100,1.553110
2013-06-11,1.553210,1.564160,1.550100,1.553110
2013-06-12,1.553210,1.569290,1.550100,1.553110
2013-06-13,1.568110,1.573070,1.564770,1.568140
2013-06-14,1.571390,1.571910,1.561770,1.571390
2013-06-17,1.572280,1.575200,1.569240,1.572300
2013-06-18,1.571810,1.572330,1.556710,1.571780
2013-06-19,1.563600,1.567790,1.560550,1.563700
2013-06-20,1.548200,1.548780,1.541830,1.548250
2013-06-21,1.551710,1.552800,1.537070,1.551710
2013-06-24,1.539010,1.543210,1.534590,1.538910
2013-06-25,1.544760,1.547390,1.540000,1.544740
2013-06-26,1.541400,1.544210,1.531910,1.541690
2013-06-27,1.532540,1.534680,1.520770,1.532590
2013-06-28,1.526000,1.528000,1.516830,1.525830
2013-07-01,1.520610,1.524990,1.518510,1.520470
2013-07-02,1.520910,1.523900,1.514300,1.521650
2013-07-03,1.515310,1.529730,1.513160,1.515290
2013-07-04,1.527230,1.528400,1.506320,1.527440
2013-07-05,1.504050,1.505620,1.486500,1.503900
2013-07-08,1.487900,1.494680,1.486100,1.487940
2013-07-09,1.495220,1.497990,1.481900,1.495370
2013-07-10,1.486040,1.494500,1.484800,1.486150
2013-07-11,1.517870,1.518000,1.506340,1.518000
2013-07-12,1.517750,1.518900,1.507910,1.517870
2013-07-15,1.510300,1.512630,1.503240,1.510370
2013-07-16,1.509910,1.514300,1.504600,1.510000
2013-07-17,1.513870,1.526370,1.508270,1.513840
2013-07-18,1.520910,1.523880,1.515960,1.520980
2013-07-19,1.522210,1.528000,1.520010,1.522210
2013-07-22,1.528610,1.538600,1.526670,1.528490
2013-07-23,1.536500,1.537960,1.532780,1.536520
2013-07-24,1.537470,1.538650,1.531930,1.537490
2013-07-25,1.530830,1.538130,1.527110,1.530850
2013-07-26,1.538080,1.541710,1.536000,1.538180
2013-07-29,1.539200,1.541400,1.533200,1.539240
2013-07-30,1.534190,1.535320,1.524390,1.534170
2013-07-31,1.524200,1.524410,1.513290,1.524200
2013-08-01,1.517590,1.524130,1.513590,1.517500
2013-08-02,1.511990,1.530480,1.510620,1.512040
2013-08-05,1.529080,1.537730,1.526690,1.528720
2013-08-06,1.535320,1.538980,1.533390,1.535390
2013-08-07,1.534500,1.552820,1.523110,1.534500
2013-08-08,1.549310,1.557240,1.548710,1.549690
2013-08-09,1.553810,1.555910,1.550050,1.553590
2013-08-12,1.551590,1.551950,1.546500,1.551400
2013-08-13,1.545690,1.548730,1.543230,1.545810
2013-08-14,1.545090,1.554390,1.542730,1.545070
2013-08-15,1.551760,1.559380,1.551110,1.551610
2013-08-16,1.563970,1.565290,1.561110,1.564210
2013-08-19,1.562620,1.567320,1.561010,1.562500
2013-08-20,1.564750,1.569390,1.563160,1.564900
2013-08-21,1.566440,1.569910,1.565440,1.566390
2013-08-22,1.561740,1.562480,1.556420,1.561670
2013-08-23,1.559700,1.563890,1.554290,1.559720
2013-08-26,1.558020,1.561110,1.555960,1.558090
2013-08-27,1.558310,1.559210,1.548400,1.558480
2013-08-28,1.554610,1.554800,1.544900,1.554800
2013-08-29,1.552770,1.554970,1.548630,1.552750
2013-08-30,1.550630,1.552700,1.546430,1.550650
2013-09-02,1.551900,1.558990,1.550750,1.551900
2013-09-03,1.554730,1.559890,1.552480,1.554700
2013-09-04,1.556300,1.564550,1.555770,1.556370
2013-09-05,1.562180,1.566760,1.557560,1.562210
2013-09-06,1.558990,1.567100,1.556660,1.558990
2013-09-09,1.563230,1.573170,1.562990,1.563600
2013-09-10,1.569860,1.572990,1.568630,1.569760
2013-09-11,1.573140,1.581650,1.571980,1.573290
2013-09-12,1.582450,1.584010,1.579010,1.582600
2013-09-13,1.580600,1.587500,1.577810,1.580450
2013-09-16,1.593750,1.596400,1.591800,1.593630
2013-09-17,1.590410,1.593140,1.588890,1.590310
2013-09-18,1.590510,1.597950,1.589420,1.590510
2013-09-19,1.613370,1.614730,1.604240,1.613320
2013-09-20,1.603640,1.606790,1.599000,1.603800
2013-09-23,1.601770,1.607070,1.601510,1.601690
2013-09-24,1.603850,1.604310,1.595760,1.604160
2013-09-25,1.599510,1.607820,1.598060,1.599590
2013-09-26,1.607560,1.609610,1.600360,1.607380
2013-09-27,1.603880,1.613890,1.603210,1.603750
2013-09-30,1.616870,1.619510,1.613190,1.616890
2013-10-01,1.618880,1.625910,1.618570,1.618700
2013-10-02,1.619300,1.625040,1.616500,1.619220
2013-10-03,1.623690,1.624190,1.615820,1.623560
2013-10-04,1.615770,1.617810,1.603670,1.615690
2013-10-07,1.604110,1.609680,1.602720,1.603590
2013-10-09,1.611810,1.612100,1.592460,1.612100
2013-10-10,1.596190,1.597720,1.591670,1.595510
2013-10-11,1.597600,1.600030,1.593600,1.598010
2013-10-14,1.596780,1.601690,1.595690,1.597110
2013-10-15,1.597190,1.600740,1.591850,1.597190
2013-10-16,1.598390,1.604750,1.589930,1.598470
2013-10-17,1.594540,1.617100,1.594340,1.594390
2013-10-18,1.615040,1.622510,1.614440,1.614930
2013-10-21,1.617050,1.618310,1.613350,1.617210
2013-10-22,1.613320,1.622560,1.611990,1.613530
2013-10-23,1.623220,1.625570,1.612590,1.623270
2013-10-24,1.616610,1.622300,1.614210,1.616370
2013-10-25,1.620090,1.624090,1.615300,1.620090
2013-10-28,1.617310,1.620900,1.612590,1.617390
2013-10-29,1.614070,1.614230,1.605860,1.614180
2013-10-30,1.604830,1.607590,1.602590,1.604830
2013-10-31,1.602590,1.606500,1.600740,1.602620
2013-11-01,1.604390,1.604470,1.591820,1.604470
2013-11-04,1.592280,1.598010,1.590510,1.592380
2013-11-05,1.597270,1.606430,1.595380,1.597240
2013-11-06,1.604490,1.611580,1.604490,1.604800
2013-11-07,1.608600,1.609190,1.601080,1.608540
2013-11-08,1.609010,1.610590,1.595940,1.608880
2013-11-11,1.600410,1.602310,1.596810,1.600490
2013-11-12,1.598640,1.599310,1.585510,1.598700
2013-11-13,1.589220,1.599490,1.588230,1.589090
2013-11-14,1.604390,1.609790,1.598950,1.604900
2013-11-15,1.605500,1.613240,1.605270,1.605810
2013-11-18,1.611400,1.614960,1.609450,1.611400
2013-11-19,1.611320,1.613010,1.606220,1.611530
2013-11-20,1.613500,1.617910,1.610540,1.613890
2013-11-21,1.610200,1.614650,1.607590,1.610020
2013-11-22,1.618310,1.621770,1.618230,1.618700
2013-11-25,1.623320,1.623690,1.615720,1.623110
2013-11-26,1.617290,1.619410,1.614230,1.616710
2013-11-27,1.621060,1.633110,1.619930,1.620980
2013-11-28,1.628370,1.635720,1.627820,1.628290
2013-11-29,1.634070,1.637330,1.631530,1.634090
2013-12-02,1.637840,1.643930,1.634790,1.637790
2013-12-03,1.635860,1.643680,1.634870,1.635990
2013-12-04,1.638990,1.639910,1.633030,1.638890
2013-12-05,1.637840,1.640530,1.631190,1.637810
2013-12-06,1.633130,1.639340,1.630820,1.633400
2013-12-09,1.632870,1.639510,1.632520,1.632890
2013-12-10,1.642470,1.646500,1.642090,1.642520
2013-12-11,1.645900,1.645900,1.634170,1.645580
2013-12-12,1.637710,1.641770,1.632710,1.637630
2013-12-13,1.633990,1.636130,1.626520,1.633990
2013-12-16,1.630180,1.634870,1.629380,1.630500
2013-12-17,1.630280,1.633670,1.622690,1.629970
2013-12-18,1.627660,1.640420,1.627340,1.627790
2013-12-19,1.638270,1.639610,1.633720,1.638700
2013-12-20,1.636610,1.639480,1.631910,1.636470
2013-12-23,1.633000,1.637520,1.633000,1.633160
2013-12-24,1.635110,1.638190,1.632600,1.635030
2013-12-25,1.637090,1.637710,1.634390,1.637090
2013-12-26,1.635110,1.643710,1.635110,1.635400
2013-12-27,1.641550,1.657410,1.640960,1.641630
2013-12-30,1.648150,1.653000,1.646230,1.648230
2013-12-31,1.649160,1.655520,1.647640,1.649510
2014-01-01,1.656400,1.656400,1.656400,1.656400
2014-01-02,1.657660,1.660500,1.642390,1.658070
2014-01-03,1.645010,1.647500,1.640070,1.644790
2014-01-06,1.641200,1.643300,1.634250,1.641310
2014-01-07,1.641500,1.643550,1.637550,1.641790
2014-01-08,1.640040,1.647310,1.637890,1.640020
2014-01-09,1.644600,1.649400,1.644330,1.644710
2014-01-10,1.647770,1.651310,1.638400,1.647910
2014-01-13,1.649510,1.651010,1.635320,1.649430
2014-01-14,1.639290,1.646200,1.636930,1.638990
2014-01-15,1.643550,1.643980,1.632520,1.643410
2014-01-16,1.636450,1.637630,1.632310,1.636180
2014-01-17,1.634790,1.645600,1.631510,1.635300
2014-01-20,1.642090,1.645250,1.639800,1.641790
2014-01-21,1.642790,1.648340,1.640180,1.642410
2014-01-22,1.647550,1.657990,1.645310,1.647530
2014-01-23,1.656260,1.663340,1.655880,1.656210
2014-01-24,1.663400,1.666640,1.648450,1.663480
2014-01-27,1.649160,1.658680,1.648260,1.649050
2014-01-28,1.657520,1.662120,1.654290,1.657500
2014-01-29,1.656890,1.660550,1.652890,1.657000
2014-01-30,1.655820,1.656590,1.644900,1.655900
2014-01-31,1.649430,1.649950,1.643170,1.649840
2014-02-03,1.643790,1.643790,1.632710,1.643790
2014-02-04,1.631190,1.634490,1.625990,1.630900
2014-02-05,1.633110,1.634310,1.625910,1.633050
2014-02-06,1.632810,1.633800,1.627450,1.632710
2014-02-07,1.632170,1.640020,1.631850,1.632200
2014-02-10,1.641010,1.642870,1.638480,1.641040
2014-02-11,1.640660,1.648210,1.639450,1.640880
2014-02-12,1.644790,1.658480,1.643010,1.644870
2014-02-13,1.660990,1.666890,1.660160,1.660990
2014-02-14,1.665750,1.674260,1.664610,1.665720
2014-02-17,1.676450,1.682110,1.671150,1.676140
2014-02-18,1.672130,1.674060,1.665750,1.671990
2014-02-19,1.668500,1.673500,1.664140,1.668610
2014-02-20,1.667860,1.669590,1.663760,1.667580
2014-02-21,1.666250,1.672490,1.663510,1.666170
2014-02-24,1.663260,1.668000,1.658590,1.663340
2014-02-25,1.665750,1.672020,1.665080,1.665690
2014-02-26,1.667700,1.669810,1.662480,1.667720
2014-02-27,1.666810,1.667890,1.662010,1.666830
2014-02-28,1.669170,1.675940,1.667810,1.669200
2014-03-03,1.673720,1.675210,1.670120,1.672910
2014-03-04,1.666640,1.671510,1.664310,1.666830
2014-03-05,1.666810,1.673950,1.665890,1.666690
2014-03-06,1.671540,1.673670,1.669000,1.671910
2014-03-07,1.674260,1.678500,1.670960,1.674170
2014-03-10,1.673160,1.674170,1.662340,1.673110
2014-03-11,1.664000,1.665500,1.660160,1.664000
2014-03-12,1.662100,1.663700,1.657410,1.662070
2014-03-13,1.662100,1.671400,1.660990,1.662120
2014-03-14,1.662400,1.663950,1.659010,1.662510
2014-03-17,1.664200,1.666690,1.660690,1.664250
2014-03-18,1.664200,1.664780,1.654730,1.663920
2014-03-19,1.659610,1.665390,1.658900,1.659810
2014-03-20,1.653440,1.656670,1.648290,1.653900
2014-03-21,1.650820,1.652130,1.647640,1.650870
2014-03-24,1.649380,1.651040,1.647070,1.649020
2014-03-25,1.649840,1.653600,1.648290,1.649840
2014-03-26,1.653470,1.657630,1.651310,1.653300
2014-03-27,1.657930,1.664750,1.655600,1.657690
2014-03-28,1.660910,1.664890,1.660410,1.660800
2014-03-31,1.664810,1.668080,1.661630,1.664390
2014-04-01,1.666610,1.667420,1.662400,1.666640
2014-04-02,1.662900,1.666140,1.662400,1.663310
2014-04-03,1.662730,1.666310,1.657280,1.662730
2014-04-04,1.659890,1.660440,1.655930,1.659890
2014-04-07,1.658020,1.662400,1.656780,1.657910
2014-04-08,1.661070,1.675460,1.660990,1.661050
2014-04-09,1.674680,1.676390,1.672600,1.675010
2014-04-10,1.680020,1.682310,1.675800,1.679990
2014-04-11,1.677630,1.678700,1.671930,1.677740
2014-04-14,1.673000,1.674310,1.669950,1.672970
2014-04-15,1.672740,1.674900,1.668810,1.672910
2014-04-16,1.672600,1.681520,1.672180,1.672550
2014-04-17,1.680420,1.684210,1.679910,1.680590
2014-04-18,1.678500,1.680310,1.677600,1.678670
2014-04-21,1.678610,1.682110,1.678610,1.679180
2014-04-22,1.679010,1.684010,1.678780,1.679290
2014-04-23,1.682310,1.683730,1.676360,1.682680
2014-04-24,1.678390,1.680900,1.676900,1.678500
2014-04-25,1.681010,1.682990,1.679180,1.680950
2014-04-28,1.680470,1.685430,1.677990,1.680560
2014-04-29,1.681010,1.684810,1.679880,1.681010
2014-04-30,1.682570,1.689700,1.680900,1.682430
2014-05-01,1.687710,1.691300,1.687280,1.687650
2014-05-02,1.689500,1.689700,1.682990,1.689530
2014-05-05,1.687880,1.688480,1.685720,1.687910
2014-05-06,1.686910,1.699640,1.686770,1.687000
2014-05-07,1.697710,1.698830,1.695890,1.697680
2014-05-08,1.695460,1.697190,1.693940,1.695550
2014-05-09,1.693710,1.693710,1.683360,1.693540
2014-05-12,1.686110,1.690300,1.684980,1.686030
2014-05-13,1.687280,1.688530,1.682790,1.687370
2014-05-14,1.683250,1.687480,1.675860,1.683420
2014-05-15,1.677060,1.680640,1.673860,1.677010
2014-05-16,1.679400,1.683810,1.678530,1.679540
2014-05-19,1.682450,1.684410,1.680810,1.682430
2014-05-20,1.681600,1.685800,1.680560,1.681690
2014-05-21,1.683980,1.691820,1.683330,1.683730
2014-05-22,1.689730,1.691360,1.685460,1.689700
2014-05-23,1.686800,1.687710,1.681970,1.686740
2014-05-26,1.683470,1.685430,1.682790,1.683420
2014-05-27,1.684410,1.688130,1.679800,1.684380
2014-05-28,1.681210,1.681600,1.670200,1.681210
2014-05-29,1.671370,1.674090,1.669810,1.671600
2014-05-30,1.672410,1.677710,1.671850,1.672440
2014-06-02,1.675630,1.676190,1.672830,1.675660
2014-06-03,1.674590,1.678190,1.673300,1.674590
2014-06-04,1.674120,1.676900,1.670010,1.674120
2014-06-05,1.673810,1.680220,1.672550,1.674000
2014-06-06,1.680810,1.684440,1.678270,1.681010
2014-06-09,1.681100,1.683280,1.678560,1.680190
2014-06-10,1.680390,1.681720,1.675100,1.680390
2014-06-11,1.675210,1.679910,1.674170,1.675320
2014-06-12,1.679150,1.686110,1.678980,1.678980
2014-06-13,1.695630,1.699290,1.694200,1.695890
2014-06-16,1.697880,1.700910,1.696210,1.697790
2014-06-17,1.697910,1.698890,1.694280,1.697850
2014-06-18,1.696300,1.699000,1.693420,1.695980
2014-06-19,1.699730,1.706110,1.698830,1.699870
2014-06-20,1.703520,1.706110,1.700740,1.704010
2014-06-23,1.702070,1.704910,1.700360,1.702270
2014-06-24,1.702480,1.703290,1.696870,1.702530
2014-06-25,1.698110,1.700390,1.695380,1.698050
2014-06-26,1.698400,1.704100,1.697480,1.698600
2014-06-27,1.702330,1.705060,1.701200,1.702530
2014-06-30,1.703610,1.711300,1.700940,1.703400
2014-07-01,1.711010,1.716000,1.709750,1.710980
2014-07-02,1.714770,1.717590,1.714240,1.714850
2014-07-03,1.716240,1.716470,1.711390,1.716090
2014-07-04,1.715300,1.718090,1.713300,1.715270
2014-07-07,1.715500,1.715590,1.711190,1.715150
2014-07-08,1.713500,1.715000,1.708960,1.713440
2014-07-09,1.713850,1.714800,1.709900,1.714030
2014-07-10,1.715830,1.716860,1.710660,1.715850
2014-07-11,1.712970,1.715090,1.710100,1.713090
2014-07-14,1.712300,1.714500,1.707150,1.712300
2014-07-15,1.708930,1.718720,1.706220,1.708790
2014-07-16,1.714300,1.715210,1.712210,1.714380
2014-07-17,1.713940,1.714500,1.708930,1.713970
2014-07-18,1.709310,1.711890,1.703950,1.709520
2014-07-21,1.708990,1.710100,1.705790,1.709110
2014-07-22,1.707210,1.708500,1.704710,1.707360
2014-07-23,1.706510,1.709610,1.702560,1.706540
2014-07-24,1.704130,1.705290,1.697070,1.704100
2014-07-25,1.699120,1.699900,1.696500,1.699180
2014-07-28,1.698200,1.699990,1.697450,1.698200
2014-07-29,1.698430,1.699500,1.693680,1.698460
2014-07-30,1.694830,1.695600,1.689080,1.694740
2014-07-31,1.691270,1.692910,1.685970,1.691020
2014-08-01,1.688990,1.689300,1.681970,1.689160
2014-08-04,1.682790,1.684490,1.681460,1.682990
2014-08-05,1.686650,1.688990,1.684860,1.686770
2014-08-06,1.687820,1.688390,1.682400,1.687820
2014-08-07,1.685400,1.686510,1.682430,1.685490
2014-08-08,1.683020,1.683500,1.677400,1.682990
2014-08-11,1.677800,1.679740,1.677400,1.677710
2014-08-12,1.678610,1.681210,1.675940,1.678750
2014-08-13,1.680590,1.682880,1.668700,1.680700
2014-08-14,1.668890,1.669810,1.666080,1.668980
2014-08-15,1.668610,1.670200,1.667720,1.668670
2014-08-18,1.672100,1.674000,1.671490,1.672020
2014-08-19,1.672410,1.672690,1.661410,1.672350
2014-08-20,1.662180,1.667610,1.660410,1.662150
2014-08-21,1.660190,1.660190,1.656590,1.660030
2014-08-22,1.658210,1.659420,1.656510,1.657990
2014-08-25,1.655000,1.659890,1.654940,1.655190
2014-08-26,1.656700,1.659610,1.656700,1.657030
2014-08-27,1.654780,1.660470,1.653960,1.654780
2014-08-28,1.657470,1.661410,1.657250,1.657630
2014-08-29,1.659010,1.661300,1.658020,1.658950
2014-09-01,1.659230,1.664530,1.659090,1.659260
2014-09-02,1.661600,1.661600,1.649350,1.661600
2014-09-03,1.646930,1.649810,1.644470,1.646880
2014-09-04,1.646120,1.646690,1.634650,1.646200
2014-09-05,1.629460,1.633990,1.628580,1.629410
2014-09-08,1.621740,1.623510,1.610700,1.621240
2014-09-09,1.609790,1.614910,1.606790,1.609500
2014-09-10,1.612490,1.616190,1.605500,1.612460
2014-09-11,1.620380,1.626650,1.618700,1.620090
2014-09-12,1.625040,1.626470,1.621850,1.625200
2014-09-15,1.625830,1.626890,1.623010,1.625800
2014-09-16,1.622770,1.629590,1.616610,1.622900
2014-09-17,1.626650,1.635700,1.625590,1.626600
2014-09-18,1.627000,1.640800,1.625540,1.626810
2014-09-19,1.643010,1.652510,1.630500,1.643710
2014-09-22,1.631350,1.636690,1.631350,1.631990
2014-09-23,1.637010,1.641310,1.631030,1.637200
2014-09-24,1.639530,1.641500,1.632870,1.639370
2014-09-25,1.632760,1.634390,1.628000,1.632410
2014-09-26,1.633290,1.633510,1.624090,1.633130
2014-09-29,1.624510,1.627310,1.621770,1.623820
2014-09-30,1.624190,1.628800,1.617000,1.624220
2014-10-01,1.621460,1.624540,1.616760,1.621380
2014-10-02,1.619300,1.624990,1.611500,1.619220
2014-10-03,1.615800,1.616000,1.595410,1.616000
2014-10-06,1.596370,1.602690,1.596300,1.596400
2014-10-07,1.607560,1.612640,1.602850,1.607510
2014-10-08,1.609140,1.610670,1.604260,1.608910
2014-10-09,1.616500,1.622510,1.612510,1.616290
2014-10-10,1.612280,1.613610,1.601000,1.612280
2014-10-13,1.609140,1.612720,1.605340,1.609300
2014-10-14,1.606790,1.608210,1.591010,1.606680
2014-10-15,1.589500,1.602000,1.588010,1.589140
2014-10-16,1.598850,1.606320,1.594310,1.599210
2014-10-17,1.609890,1.612540,1.603180,1.609610
2014-10-20,1.609190,1.615090,1.608210,1.609220
2014-10-21,1.615430,1.618700,1.612590,1.615900
2014-10-22,1.611240,1.613190,1.601790,1.611500
2014-10-23,1.604520,1.605910,1.599670,1.604490
2014-10-24,1.602670,1.609890,1.602200,1.602950
2014-10-27,1.609190,1.614700,1.608730,1.609300
2014-10-28,1.612570,1.618310,1.609040,1.612490
2014-10-29,1.614230,1.616000,1.610570,1.614280
2014-10-30,1.600360,1.602770,1.596700,1.600560
2014-10-31,1.600000,1.601100,1.595280,1.600100
2014-11-03,1.597210,1.601740,1.593190,1.597370
2014-11-04,1.597600,1.601310,1.596600,1.597880
2014-11-05,1.600510,1.602410,1.587760,1.600640
2014-11-06,1.596530,1.600100,1.589070,1.596470
2014-11-07,1.584310,1.585190,1.579800,1.584130
2014-11-10,1.588340,1.591900,1.586750,1.588510
2014-11-11,1.585010,1.587810,1.583710,1.585340
2014-11-12,1.592710,1.594010,1.580280,1.592610
2014-11-13,1.576940,1.578080,1.572770,1.576890
2014-11-14,1.570280,1.570800,1.559700,1.570230
2014-11-17,1.566780,1.573590,1.562480,1.566640
2014-11-18,1.563990,1.567840,1.563110,1.564090
2014-11-19,1.563060,1.569710,1.559600,1.562870
2014-11-20,1.567350,1.573590,1.563380,1.567350
2014-11-21,1.569390,1.571340,1.562990,1.569490
2014-11-24,1.564680,1.570400,1.563060,1.564870
2014-11-25,1.570110,1.572010,1.565120,1.569710
2014-11-26,1.572180,1.580380,1.568380,1.572100
2014-11-27,1.579010,1.581830,1.572700,1.578910
2014-11-28,1.572600,1.573090,1.563800,1.572480
2014-12-01,1.561670,1.576190,1.559140,1.561210
2014-12-02,1.573290,1.574210,1.563940,1.573440
2014-12-03,1.564650,1.571310,1.562130,1.564650
2014-12-04,1.568900,1.571120,1.564800,1.569420
2014-12-05,1.567940,1.569490,1.558020,1.567870
2014-12-08,1.556810,1.563940,1.554390,1.556570
2014-12-09,1.565190,1.570200,1.562940,1.565170
2014-12-10,1.568410,1.572010,1.564920,1.568800
2014-12-11,1.574800,1.575800,1.565610,1.574700
2014-12-12,1.571730,1.574410,1.569910,1.572250
2014-12-15,1.572900,1.574700,1.561210,1.572800
2014-12-16,1.563600,1.577640,1.562280,1.564530
2014-12-17,1.574360,1.574530,1.565090,1.574530
2014-12-18,1.557490,1.566930,1.555500,1.557340
2014-12-19,1.566930,1.568310,1.561890,1.567010
2014-12-22,1.562940,1.566710,1.560210,1.562960
2014-12-23,1.558000,1.560380,1.548990,1.557780
2014-12-24,1.552170,1.555790,1.550700,1.552220
2014-12-25,1.556200,1.558310,1.554510,1.556200
2014-12-26,1.556130,1.556900,1.554000,1.556200
2014-12-29,1.555310,1.558800,1.552480,1.555360
2014-12-30,1.551590,1.557200,1.550220,1.551590
2014-12-31,1.556590,1.562110,1.555230,1.556900
2015-01-01,1.558090,1.558090,1.558090,1.558090
2015-01-02,1.558020,1.558460,1.538750,1.557970
2015-01-05,1.528610,1.532000,1.520610,1.528490
2015-01-06,1.525830,1.527370,1.515790,1.525830
2015-01-07,1.513640,1.515610,1.506800,1.513800
2015-01-08,1.510710,1.511900,1.503620,1.510760
2015-01-09,1.508710,1.516990,1.508500,1.508800
2015-01-12,1.519200,1.519200,1.510280,1.518950
2015-01-13,1.517400,1.519200,1.508000,1.517040
2015-01-14,1.516900,1.526600,1.514690,1.517040
2015-01-15,1.523370,1.526600,1.517200,1.523440
2015-01-16,1.518400,1.523410,1.509270,1.518120
2015-01-19,1.514390,1.518000,1.511990,1.514210
2015-01-20,1.509210,1.519920,1.506070,1.509000
2015-01-21,1.514600,1.517960,1.508640,1.514740
2015-01-22,1.514690,1.521400,1.507110,1.514490
2015-01-23,1.500600,1.502610,1.495460,1.501320
2015-01-26,1.500200,1.507090,1.499340,1.499590
2015-01-27,1.508710,1.522210,1.506500,1.508550
2015-01-28,1.518860,1.521930,1.515660,1.518810
2015-01-29,1.513960,1.516140,1.508390,1.514230
2015-01-30,1.507980,1.509500,1.499500,1.507910
2015-02-02,1.508410,1.508910,1.500830,1.508710
2015-02-03,1.502770,1.511740,1.499210,1.502810
2015-02-04,1.514390,1.524990,1.514210,1.514210
2015-02-05,1.517910,1.531160,1.517150,1.518000
2015-02-06,1.532140,1.535180,1.524110,1.532590
2015-02-09,1.524000,1.526620,1.520570,1.523900
2015-02-10,1.521580,1.525370,1.520150,1.521610
2015-02-11,1.526040,1.530010,1.523390,1.526210
2015-02-12,1.523970,1.538790,1.521840,1.524270
2015-02-13,1.539120,1.542210,1.537300,1.539200
2015-02-16,1.540310,1.544310,1.537000,1.540050
2015-02-17,1.535700,1.540120,1.531860,1.535630
2015-02-18,1.535200,1.545090,1.534400,1.535340
2015-02-19,1.543520,1.546690,1.540760,1.543900
2015-02-20,1.542310,1.543500,1.534710,1.542000
2015-02-23,1.538720,1.545140,1.533390,1.538910
2015-02-24,1.545330,1.546600,1.540740,1.545240
2015-02-25,1.545600,1.553810,1.545570,1.545910
2015-02-26,1.552840,1.555400,1.539910,1.552890
2015-02-27,1.541760,1.545620,1.538700,1.541810
2015-03-02,1.540620,1.542210,1.535440,1.540620
2015-03-03,1.536100,1.539810,1.534610,1.535910
2015-03-04,1.536810,1.537280,1.526320,1.536660
2015-03-05,1.526460,1.526810,1.522460,1.526510
2015-03-06,1.524830,1.525320,1.506000,1.524760
2015-03-09,1.505800,1.512630,1.505210,1.505770
2015-03-10,1.510870,1.510890,1.503760,1.510480
2015-03-11,1.507610,1.509660,1.493500,1.508200
2015-03-12,1.493610,1.502860,1.489620,1.493300
2015-03-13,1.489270,1.489400,1.471450,1.489400
2015-03-16,1.475510,1.481900,1.475010,1.475580
2015-03-17,1.482470,1.484490,1.472970,1.482580
2015-03-18,1.475100,1.477040,1.463700,1.475210
2015-03-19,1.496000,1.501010,1.473190,1.496200
2015-03-20,1.476430,1.492310,1.472540,1.476170
2015-03-23,1.494520,1.495910,1.484230,1.494320
2015-03-24,1.495620,1.498350,1.485660,1.495190
2015-03-25,1.483590,1.495440,1.483390,1.483390
2015-03-26,1.487740,1.499250,1.481480,1.487740
2015-03-27,1.485690,1.492310,1.479950,1.485840
2015-03-30,1.488520,1.488580,1.476230,1.488580
2015-03-31,1.481020,1.486770,1.475800,1.480910
2015-04-01,1.483390,1.487300,1.474710,1.482950
2015-04-02,1.483500,1.486990,1.478170,1.483680
2015-04-03,1.482980,1.494590,1.481260,1.483060
2015-04-06,1.492270,1.498170,1.490290,1.493070
2015-04-07,1.488960,1.491910,1.483240,1.489070
2015-04-08,1.482210,1.497010,1.482210,1.482380
2015-04-09,1.487720,1.488600,1.472970,1.487850
2015-04-10,1.471740,1.472600,1.459000,1.471500
2015-04-13,1.464090,1.467350,1.457360,1.464060
2015-04-14,1.467140,1.480380,1.460710,1.466790
2015-04-15,1.477280,1.480820,1.470590,1.477190
2015-04-16,1.482910,1.493880,1.481480,1.482840
2015-04-17,1.493090,1.505300,1.491870,1.492180
2015-04-20,1.496510,1.498370,1.489310,1.496830
2015-04-21,1.491090,1.495440,1.485880,1.490980
2015-04-22,1.493090,1.508070,1.491710,1.493560
2015-04-23,1.503400,1.505910,1.496560,1.503760
2015-04-24,1.505090,1.518370,1.502990,1.505210
2015-04-27,1.517520,1.523930,1.511030,1.517660
2015-04-28,1.522510,1.533740,1.518370,1.522370
2015-04-29,1.533390,1.548710,1.532900,1.533480
2015-04-30,1.542570,1.549430,1.532570,1.542690
2015-05-01,1.535580,1.539650,1.512610,1.535460
2015-05-04,1.515610,1.517680,1.509180,1.514670
2015-05-05,1.512220,1.520910,1.509430,1.512290
2015-05-06,1.517040,1.529050,1.515610,1.517430
2015-05-07,1.523950,1.525300,1.516830,1.524200
2015-05-08,1.539690,1.552190,1.535790,1.540710
2015-05-11,1.543900,1.559580,1.539880,1.543400
2015-05-12,1.557950,1.570850,1.556010,1.557710
2015-05-13,1.566810,1.576220,1.563550,1.567100
2015-05-14,1.573810,1.581300,1.573090,1.574010
2015-05-15,1.577340,1.580780,1.570500,1.577210
2015-05-18,1.573910,1.574600,1.565480,1.574600
2015-05-19,1.566390,1.567150,1.545600,1.566370
2015-05-20,1.551590,1.559090,1.547700,1.551610
2015-05-21,1.554270,1.570110,1.552750,1.554290
2015-05-22,1.566100,1.569120,1.548710,1.566390
2015-05-25,1.547750,1.550870,1.545910,1.547510
2015-05-26,1.547200,1.547220,1.535670,1.547220
2015-05-27,1.539600,1.543690,1.530760,1.539860
2015-05-28,1.534900,1.538700,1.526480,1.535010
2015-05-29,1.531910,1.534310,1.524160,1.531910
2015-06-01,1.528790,1.530600,1.517450,1.528890
2015-06-02,1.519780,1.534210,1.518350,1.519990
2015-06-03,1.533510,1.537520,1.525550,1.533980
2015-06-04,1.532680,1.544160,1.530690,1.532660
2015-06-05,1.536240,1.536950,1.520220,1.536500
2015-06-08,1.526530,1.530600,1.522300,1.526790
2015-06-09,1.534500,1.538910,1.526020,1.534590
2015-06-10,1.538720,1.555450,1.537110,1.539410
2015-06-11,1.550000,1.552070,1.543210,1.549690
2015-06-12,1.551810,1.559820,1.546840,1.550890
2015-06-15,1.556110,1.556660,1.548950,1.556150
2015-06-16,1.559700,1.564950,1.554480,1.559600
2015-06-17,1.564210,1.575600,1.562990,1.563970
2015-06-18,1.584810,1.593140,1.581030,1.584810
2015-06-19,1.588010,1.589800,1.583730,1.587880
2015-06-22,1.587300,1.591090,1.580780,1.588510
2015-06-23,1.582800,1.583000,1.572570,1.582930
2015-06-24,1.573910,1.580530,1.567640,1.574110
2015-06-25,1.570550,1.577010,1.568110,1.570990
2015-06-26,1.574800,1.576540,1.571340,1.574510
2015-06-29,1.569610,1.578910,1.568630,1.569320
2015-06-30,1.572990,1.577540,1.569860,1.573190
2015-07-01,1.569000,1.571830,1.561550,1.568700
2015-07-02,1.560520,1.563800,1.556610,1.560500
2015-07-03,1.561010,1.564460,1.556830,1.561300
2015-07-06,1.555500,1.562500,1.553520,1.555600
2015-07-07,1.560110,1.560600,1.541780,1.560210
2015-07-08,1.546100,1.547030,1.533910,1.546290
2015-07-09,1.536880,1.542020,1.536000,1.537000
2015-07-10,1.537110,1.555210,1.536900,1.537400
2015-07-13,1.551900,1.559090,1.549620,1.551590
2015-07-14,1.548010,1.562260,1.545360,1.548230
2015-07-15,1.563800,1.567400,1.558120,1.563700
2015-07-16,1.562600,1.565090,1.556400,1.563400
2015-07-17,1.561300,1.567230,1.556180,1.561300
2015-07-20,1.560450,1.562990,1.554000,1.560040
2015-07-21,1.557120,1.559330,1.553280,1.557390
2015-07-22,1.555620,1.564460,1.555330,1.555600
2015-07-23,1.561480,1.567150,1.551880,1.561400
2015-07-24,1.552190,1.552800,1.547150,1.551950
2015-07-27,1.552410,1.559580,1.549430,1.552290
2015-07-28,1.556490,1.561770,1.553280,1.556420
2015-07-29,1.561090,1.568870,1.559090,1.561110
2015-07-30,1.559990,1.563970,1.558000,1.560210
2015-07-31,1.560480,1.567640,1.555450,1.560430
2015-08-03,1.562300,1.564700,1.556900,1.562700
2015-08-04,1.559090,1.562990,1.556660,1.559040
2015-08-05,1.556590,1.564990,1.552940,1.556900
2015-08-06,1.560600,1.563800,1.547270,1.560600
2015-08-07,1.551300,1.554000,1.542710,1.551420
2015-08-10,1.549210,1.554900,1.546030,1.549400
2015-08-11,1.558800,1.561520,1.555790,1.558530
2015-08-12,1.558600,1.566170,1.553710,1.558410
2015-08-13,1.561400,1.563720,1.557880,1.561600
2015-08-14,1.561520,1.565930,1.559310,1.561790
2015-08-17,1.564990,1.569000,1.558190,1.565190
2015-08-18,1.558600,1.571830,1.556420,1.558510
2015-08-19,1.566590,1.569860,1.563720,1.566490
2015-08-20,1.568500,1.570300,1.561040,1.568310
2015-08-21,1.569000,1.572500,1.566420,1.569100
2015-08-24,1.566760,1.580480,1.563310,1.567790
2015-08-25,1.576390,1.581780,1.568600,1.576290
2015-08-26,1.570300,1.572100,1.548230,1.569590
2015-08-27,1.548060,1.550990,1.537750,1.548200
2015-08-28,1.541190,1.544590,1.533980,1.541400
2015-08-31,1.541710,1.544160,1.535860,1.541810
2015-09-01,1.536500,1.540830,1.530460,1.536310
2015-09-02,1.530340,1.532100,1.526900,1.530530
2015-09-03,1.530690,1.531510,1.522280,1.530810
2015-09-04,1.526000,1.526210,1.517080,1.526210
2015-09-07,1.519410,1.529050,1.517450,1.520100
2015-09-08,1.527510,1.541540,1.527510,1.528300
2015-09-09,1.539810,1.540590,1.535150,1.540190
2015-09-10,1.536100,1.547700,1.534450,1.535790
2015-09-11,1.544190,1.546410,1.540500,1.544210
2015-09-14,1.544710,1.547290,1.537990,1.544810
2015-09-15,1.542900,1.545830,1.535150,1.542710
2015-09-16,1.534590,1.552800,1.533270,1.534500
2015-09-17,1.551490,1.555090,1.548950,1.551810
2015-09-18,1.557100,1.565930,1.556200,1.556900
2015-09-21,1.552480,1.556900,1.548370,1.552890
2015-09-22,1.550820,1.553110,1.534450,1.550820
2015-09-23,1.535510,1.536570,1.522530,1.535390
2015-09-24,1.525060,1.528820,1.520310,1.525200
2015-09-25,1.523090,1.526020,1.514690,1.522700
2015-09-28,1.520500,1.523720,1.516300,1.520170
2015-09-29,1.516690,1.520680,1.513780,1.516510
2015-09-30,1.515790,1.521380,1.511030,1.515790
2015-10-01,1.512290,1.518140,1.511260,1.512400
2015-10-02,1.514100,1.523930,1.513820,1.513910
2015-10-05,1.518740,1.524160,1.516530,1.519410
2015-10-06,1.515430,1.523690,1.514230,1.515500
2015-10-07,1.522950,1.532800,1.522600,1.522600
2015-10-08,1.531790,1.537280,1.526480,1.531560
2015-10-09,1.535200,1.538700,1.530220,1.535130
2015-10-12,1.532190,1.537490,1.531790,1.532310
2015-10-13,1.533770,1.538940,1.520450,1.533790
2015-10-14,1.525620,1.544880,1.525580,1.525810
2015-10-15,1.547800,1.550870,1.542020,1.548010
2015-10-16,1.547290,1.548710,1.543450,1.547200
2015-10-19,1.543810,1.549690,1.542970,1.543810
2015-10-20,1.547510,1.550630,1.545830,1.547200
2015-10-21,1.544810,1.547990,1.541780,1.544900
2015-10-22,1.542090,1.550630,1.539170,1.542450
2015-10-23,1.538600,1.542090,1.532900,1.538370
2015-10-26,1.531700,1.538110,1.531390,1.531750
2015-10-27,1.535600,1.536190,1.528580,1.535790
2015-10-28,1.531210,1.534800,1.528020,1.531300
2015-10-29,1.527000,1.531160,1.524600,1.527180
2015-10-30,1.532190,1.544400,1.531210,1.532380
2015-11-02,1.544210,1.549910,1.542310,1.544160
2015-11-03,1.542310,1.544640,1.536190,1.542400
2015-11-04,1.542000,1.543920,1.537090,1.541920
2015-11-05,1.539100,1.540120,1.522700,1.539010
2015-11-06,1.521100,1.522020,1.503760,1.521010
2015-11-09,1.505370,1.511490,1.505160,1.505500
2015-11-10,1.512200,1.514690,1.509430,1.512100
2015-11-11,1.513780,1.520450,1.513180,1.513890
2015-11-12,1.522300,1.524620,1.517630,1.522510
2015-11-13,1.523230,1.526250,1.519200,1.523460
2015-11-16,1.522210,1.522900,1.518600,1.521790
2015-11-17,1.520200,1.524110,1.515790,1.520500
2015-11-18,1.521700,1.524860,1.519060,1.522000
2015-11-19,1.524390,1.529990,1.523930,1.523930
2015-11-20,1.528820,1.531160,1.521840,1.528820
2015-11-23,1.519020,1.519290,1.512720,1.518990
2015-11-24,1.512700,1.515840,1.505710,1.512910
2015-11-25,1.508090,1.512400,1.505800,1.508590
2015-11-26,1.512610,1.513290,1.506930,1.512360
2015-11-27,1.510300,1.510890,1.503420,1.509980
2015-11-30,1.503780,1.505800,1.499700,1.503900
2015-12-01,1.505770,1.512470,1.505340,1.505800
2015-12-02,1.507910,1.508200,1.494990,1.507800
2015-12-03,1.494990,1.506480,1.491650,1.494900
2015-12-04,1.513780,1.515840,1.508200,1.513500
2015-12-07,1.511260,1.511720,1.505800,1.511260
2015-12-08,1.505500,1.506020,1.495860,1.505030
2015-12-09,1.501390,1.517910,1.500690,1.501010
2015-12-10,1.518400,1.520310,1.511600,1.518400
2015-12-11,1.516210,1.523000,1.512860,1.516090
2015-12-14,1.519990,1.520680,1.511260,1.519900
2015-12-15,1.515930,1.518370,1.503990,1.516070
2015-12-16,1.504640,1.506210,1.499300,1.504370
2015-12-17,1.497900,1.499250,1.488320,1.497790
2015-12-18,1.493010,1.495220,1.488890,1.492960
2015-12-21,1.490980,1.493210,1.488690,1.490820
2015-12-22,1.489600,1.490980,1.483020,1.489690
2015-12-23,1.482210,1.490310,1.482210,1.482340
2015-12-24,1.487700,1.494100,1.487300,1.487700
2015-12-25,1.491420,1.494770,1.491420,1.491420
2015-12-28,1.492540,1.493210,1.488540,1.493210
2015-12-29,1.489140,1.491420,1.479180,1.489400
2015-12-30,1.482290,1.485000,1.479730,1.482230
2015-12-31,1.481770,1.484780,1.474490,1.481920
2016-01-01,1.473840,1.473840,1.473840,1.473840
2016-01-04,1.473990,1.481700,1.469140,1.473710
2016-01-05,1.471450,1.472970,1.464130,1.471410
2016-01-06,1.467700,1.468000,1.460490,1.467390
2016-01-07,1.462930,1.464340,1.453490,1.462990
2016-01-08,1.462310,1.464790,1.452850,1.462690
2016-01-11,1.452900,1.460490,1.451590,1.452500
2016-01-12,1.454500,1.456410,1.435960,1.454400
2016-01-13,1.443900,1.447810,1.439010,1.443630
2016-01-14,1.441340,1.444460,1.436370,1.440800
2016-01-15,1.442610,1.442790,1.430820,1.442710
2016-01-18,1.427410,1.432250,1.425090,1.427410
2016-01-19,1.425310,1.434310,1.413230,1.425310
2016-01-20,1.418240,1.422070,1.413110,1.418240
2016-01-21,1.420050,1.420490,1.408850,1.419850
2016-01-22,1.422880,1.435960,1.420640,1.422680
2016-01-25,1.425700,1.431290,1.422600,1.426000
2016-01-26,1.424300,1.433080,1.417840,1.424300
2016-01-27,1.434510,1.435540,1.423280,1.434310
2016-01-28,1.424700,1.440510,1.424100,1.424910
2016-01-29,1.436000,1.441550,1.419040,1.436200
2016-02-01,1.424480,1.437810,1.423890,1.424600
2016-02-02,1.442590,1.444670,1.433280,1.442790
2016-02-03,1.440860,1.459210,1.438640,1.440920
2016-02-04,1.458640,1.466810,1.453570,1.458580
2016-02-05,1.458000,1.458600,1.445920,1.458110
2016-02-08,1.451210,1.454550,1.435750,1.451210
2016-02-09,1.443630,1.448860,1.438020,1.443610
2016-02-10,1.446340,1.457940,1.445500,1.446590
2016-02-11,1.452500,1.456660,1.438850,1.452640
2016-02-12,1.448310,1.456880,1.445300,1.448230
2016-02-15,1.452220,1.453810,1.442790,1.451800
2016-02-16,1.445710,1.451590,1.428570,1.445920
2016-02-17,1.430820,1.434100,1.423890,1.430390
2016-02-18,1.428570,1.439470,1.426530,1.428160
2016-02-19,1.433100,1.434100,1.425310,1.433320
2016-02-22,1.427000,1.430100,1.406670,1.426590
2016-02-23,1.415110,1.415710,1.406610,1.414810
2016-02-24,1.400950,1.401740,1.388120,1.401350
2016-02-25,1.393110,1.399780,1.390430,1.392950
2016-02-26,1.397040,1.404240,1.386650,1.396650
2016-02-29,1.386500,1.394310,1.383890,1.386190
2016-03-01,1.393110,1.401720,1.391400,1.392800
2016-03-02,1.396490,1.407260,1.391790,1.396390
2016-03-03,1.408190,1.415430,1.403710,1.408090
2016-03-04,1.417600,1.423690,1.411230,1.417490
2016-03-07,1.421300,1.422010,1.413710,1.421500
2016-03-08,1.426210,1.427410,1.417700,1.426130
2016-03-09,1.420860,1.424300,1.417940,1.420860
2016-03-10,1.420660,1.430210,1.412430,1.420700
2016-03-11,1.428780,1.439370,1.425820,1.428780
2016-03-14,1.437810,1.439200,1.431290,1.438000
2016-03-15,1.428310,1.428780,1.415030,1.428200
2016-03-16,1.415830,1.416030,1.405680,1.415630
2016-03-17,1.425310,1.450120,1.422350,1.425520
2016-03-18,1.447810,1.451380,1.441500,1.447810
2016-03-21,1.446340,1.446910,1.436780,1.446800
2016-03-22,1.436780,1.439880,1.419850,1.437010
2016-03-23,1.422600,1.422780,1.411030,1.422500
2016-03-24,1.411630,1.414910,1.405980,1.411690
2016-03-25,1.414210,1.416030,1.411230,1.413010
2016-03-28,1.413310,1.428140,1.412310,1.413110
2016-03-29,1.426130,1.431020,1.420050,1.426330
2016-03-30,1.438810,1.445920,1.437090,1.438640
2016-03-31,1.437400,1.442380,1.433080,1.437400
2016-04-01,1.436640,1.437400,1.417390,1.436700
2016-04-04,1.422680,1.432250,1.419250,1.422450
2016-04-05,1.426530,1.428160,1.412430,1.426490
2016-04-06,1.415830,1.417230,1.400760,1.415630
2016-04-07,1.413630,1.415630,1.405480,1.413810
2016-04-08,1.405480,1.414030,1.404300,1.405800
2016-04-11,1.413410,1.428570,1.410910,1.413010
2016-04-12,1.423410,1.434720,1.419850,1.423410
2016-04-13,1.426900,1.428160,1.419850,1.426900
2016-04-14,1.419310,1.419310,1.409440,1.419200
2016-04-15,1.414510,1.422270,1.413630,1.414610
2016-04-18,1.418440,1.428040,1.413430,1.417430
2016-04-19,1.428780,1.441960,1.428570,1.428980
2016-04-20,1.438810,1.441010,1.435340,1.438950
2016-04-21,1.433790,1.443830,1.430620,1.433900
2016-04-22,1.432660,1.445090,1.432300,1.432300
2016-04-25,1.444880,1.451800,1.440590,1.444670
2016-04-26,1.448860,1.463810,1.448770,1.449070
2016-04-27,1.457730,1.461990,1.453280,1.457730
2016-04-28,1.454120,1.461770,1.452770,1.454210
2016-04-29,1.461350,1.466710,1.457940,1.461130
2016-05-02,1.460490,1.469940,1.460280,1.460280
2016-05-03,1.466710,1.476890,1.453490,1.466600
2016-05-04,1.454550,1.457300,1.446340,1.455100
2016-05-05,1.450750,1.453070,1.444670,1.450700
2016-05-06,1.449070,1.454760,1.442790,1.449280
2016-05-09,1.442790,1.447680,1.437690,1.443080
2016-05-10,1.441610,1.447390,1.439060,1.441550
2016-05-11,1.445300,1.448650,1.439700,1.445150
2016-05-12,1.443630,1.453070,1.440920,1.443830
2016-05-13,1.444610,1.445000,1.434290,1.444520
2016-05-16,1.435340,1.441550,1.433610,1.434930
2016-05-17,1.444820,1.452390,1.443920,1.444690
2016-05-18,1.445710,1.462630,1.440590,1.445530
2016-05-19,1.459600,1.466080,1.456540,1.459620
2016-05-20,1.459960,1.461300,1.451020,1.460110
2016-05-23,1.449190,1.454840,1.444590,1.449070
2016-05-24,1.448080,1.463720,1.448020,1.448180
2016-05-25,1.461600,1.473080,1.460660,1.461260
2016-05-26,1.469750,1.473860,1.467160,1.469830
2016-05-27,1.466640,1.468840,1.461390,1.466490
2016-05-30,1.462460,1.463890,1.459070,1.462650
2016-05-31,1.463490,1.472580,1.452980,1.463510
2016-06-01,1.448500,1.450920,1.439350,1.448250
2016-06-02,1.442110,1.447220,1.441440,1.441940
2016-06-03,1.440800,1.458320,1.440150,1.440550
2016-06-06,1.439220,1.447410,1.435890,1.438390
2016-06-07,1.446090,1.460880,1.445530,1.445920
2016-06-08,1.454360,1.460150,1.450890,1.454360
2016-06-09,1.451510,1.452830,1.445070,1.451840
2016-06-10,1.446380,1.447490,1.431840,1.446380
2016-06-13,1.419060,1.430510,1.411970,1.418880
2016-06-14,1.420620,1.421950,1.409560,1.420680
2016-06-15,1.412090,1.421570,1.410930,1.412370
2016-06-16,1.419530,1.420090,1.401500,1.419590
2016-06-17,1.429550,1.431930,1.422580,1.429570
2016-06-20,1.458700,1.470720,1.453470,1.458600
2016-06-21,1.467440,1.478090,1.464600,1.467500
2016-06-22,1.466660,1.477020,1.464710,1.467030
2016-06-23,1.479200,1.494700,1.473300,1.478940
2016-06-24,1.456010,1.462910,1.323920,1.455790
2016-06-27,1.344470,1.347560,1.313150,1.345100
2016-06-28,1.322720,1.341960,1.322190,1.323500
2016-06-29,1.335580,1.352920,1.329190,1.335100
2016-06-30,1.345610,1.349490,1.324260,1.346580
2016-07-01,1.333370,1.335200,1.324780,1.332870
2016-07-04,1.328530,1.333030,1.324540,1.328990
2016-07-05,1.328200,1.328230,1.302190,1.327990
2016-07-06,1.296380,1.301350,1.282810,1.295790
2016-07-07,1.292060,1.304770,1.290910,1.292590
2016-07-08,1.291190,1.301200,1.290990,1.291570
2016-07-11,1.294460,1.301440,1.285380,1.294620
2016-07-12,1.298520,1.324610,1.297930,1.298110
2016-07-13,1.327070,1.333620,1.317750,1.327830
2016-07-14,1.312110,1.340090,1.310930,1.311970
2016-07-15,1.335770,1.348130,1.320110,1.335790
2016-07-18,1.323910,1.331030,1.321680,1.322960
2016-07-19,1.326590,1.327160,1.311490,1.326890
2016-07-20,1.310750,1.319750,1.306800,1.310840
2016-07-21,1.324680,1.326790,1.316730,1.326450
2016-07-22,1.323820,1.329080,1.308200,1.324610
2016-07-25,1.312440,1.316240,1.309880,1.312970
2016-07-26,1.310680,1.317190,1.306590,1.310790
2016-07-27,1.315100,1.316260,1.307990,1.315290
2016-07-28,1.324140,1.325050,1.312300,1.323780
2016-07-29,1.316520,1.330180,1.315560,1.316190
2016-08-01,1.321930,1.327320,1.316590,1.321630
2016-08-02,1.318650,1.333100,1.317450,1.318550
2016-08-03,1.333830,1.337310,1.328730,1.333780
2016-08-04,1.332940,1.334510,1.311770,1.332800
2016-08-05,1.312850,1.317700,1.302410,1.312920
2016-08-08,1.307650,1.309790,1.303480,1.308580
2016-08-09,1.303420,1.303420,1.295940,1.303240
2016-08-10,1.301410,1.309470,1.299440,1.300710
2016-08-11,1.302250,1.302900,1.294060,1.302020
2016-08-12,1.295570,1.303610,1.292720,1.295490
2016-08-15,1.290990,1.294670,1.286840,1.290990
2016-08-16,1.288000,1.302930,1.288000,1.288310
2016-08-17,1.303240,1.306510,1.299880,1.303370
2016-08-18,1.304460,1.317260,1.304290,1.304460
2016-08-19,1.316310,1.316660,1.302420,1.316660
2016-08-22,1.306850,1.315620,1.303610,1.305600
2016-08-23,1.313200,1.321180,1.313200,1.313720
2016-08-24,1.319940,1.327490,1.316310,1.319610
2016-08-25,1.323980,1.326440,1.317260,1.323450
2016-08-26,1.319260,1.326960,1.314920,1.319440
2016-08-29,1.312680,1.313540,1.306170,1.312850
2016-08-30,1.310960,1.311990,1.306340,1.310790
2016-08-31,1.309410,1.315790,1.306850,1.309070
2016-09-01,1.313370,1.331560,1.313030,1.313370
2016-09-02,1.327670,1.335110,1.325380,1.327490
2016-09-05,1.329430,1.337610,1.329430,1.329430
2016-09-06,1.331200,1.344270,1.330320,1.331380
2016-09-07,1.341560,1.342640,1.333710,1.342100
2016-09-08,1.334040,1.337610,1.328900,1.333870
2016-09-09,1.330850,1.333510,1.324680,1.331030
2016-09-12,1.327140,1.332450,1.324420,1.327320
2016-09-13,1.333870,1.334220,1.317350,1.333870
2016-09-14,1.319440,1.322930,1.314060,1.319440
2016-09-15,1.326440,1.327000,1.318390,1.326440
2016-09-16,1.324730,1.325030,1.307530,1.324770
2016-09-19,1.301440,1.309190,1.301390,1.301630
2016-09-20,1.303950,1.306510,1.295100,1.304460
2016-09-21,1.298530,1.300730,1.295000,1.298530
2016-09-22,1.303780,1.311990,1.303270,1.303610
2016-09-23,1.308400,1.309070,1.291660,1.308730
2016-09-26,1.297860,1.299040,1.291820,1.297860
2016-09-27,1.296950,1.300900,1.294520,1.296950
2016-09-28,1.301070,1.303270,1.298200,1.301240
2016-09-29,1.303950,1.305480,1.296850,1.303950
2016-09-30,1.296850,1.302250,1.294230,1.296340
2016-10-03,1.293160,1.294830,1.281890,1.293160
2016-10-04,1.285180,1.286010,1.272730,1.284850
2016-10-05,1.272910,1.277140,1.268710,1.273240
2016-10-06,1.275510,1.275670,1.263100,1.275510
2016-10-07,1.239890,1.248280,1.223240,1.240230
2016-10-10,1.243470,1.244560,1.235940,1.243470
2016-10-11,1.234720,1.235030,1.220410,1.234110
2016-10-12,1.227450,1.232740,1.216990,1.227900
2016-10-13,1.219070,1.223140,1.213740,1.218770
2016-10-14,1.222640,1.226390,1.217140,1.222200
2016-10-17,1.217730,1.219960,1.214030,1.218320
2016-10-18,1.222200,1.232440,1.221900,1.221900
2016-10-19,1.230310,1.232890,1.225790,1.230470
2016-10-20,1.229260,1.230010,1.221450,1.228950
2016-10-21,1.225790,1.226090,1.217430,1.225640
2016-10-24,1.222020,1.225040,1.218920,1.221910
2016-10-25,1.222490,1.224140,1.208870,1.221750
2016-10-26,1.217760,1.224290,1.216000,1.217580
2016-10-27,1.223540,1.227300,1.216100,1.223540
2016-10-28,1.216840,1.219070,1.211680,1.217140
2016-10-31,1.220600,1.221600,1.215070,1.221600
2016-11-01,1.223540,1.227900,1.221150,1.223690
2016-11-02,1.223870,1.235330,1.222400,1.223860
2016-11-03,1.230620,1.249380,1.230160,1.230470
2016-11-04,1.246570,1.255650,1.245180,1.246880
2016-11-07,1.248910,1.249840,1.238240,1.248910
2016-11-08,1.240080,1.244090,1.236380,1.239930
2016-11-09,1.238700,1.254860,1.235850,1.238850
2016-11-10,1.242080,1.249840,1.237930,1.242080
2016-11-11,1.255180,1.267270,1.252660,1.255340
2016-11-14,1.257700,1.262790,1.244860,1.257390
2016-11-15,1.251880,1.252980,1.238420,1.252030
2016-11-16,1.245180,1.250310,1.241460,1.245640
2016-11-17,1.243940,1.250310,1.241460,1.244250
2016-11-18,1.241160,1.243470,1.230470,1.241000
2016-11-21,1.232290,1.250940,1.231380,1.232440
2016-11-22,1.249530,1.251250,1.240540,1.249380
2016-11-23,1.242390,1.243160,1.236400,1.242390
2016-11-24,1.242850,1.249840,1.240690,1.243320
2016-11-25,1.245490,1.247350,1.241930,1.245280
2016-11-28,1.248280,1.253130,1.238700,1.248130
2016-11-29,1.241000,1.252820,1.239000,1.241160
2016-11-30,1.249060,1.251600,1.242240,1.249220
2016-12-01,1.251520,1.269680,1.251090,1.251720
2016-12-02,1.258970,1.267700,1.257230,1.258970
2016-12-05,1.266950,1.273890,1.266140,1.266780
2016-12-06,1.272860,1.277300,1.270970,1.272850
2016-12-07,1.267270,1.267590,1.257390,1.267110
2016-12-08,1.262930,1.270810,1.255180,1.262790
2016-12-09,1.258370,1.262150,1.255810,1.258490
2016-12-12,1.259290,1.267270,1.256830,1.259760
2016-12-13,1.267750,1.272750,1.266300,1.267590
2016-12-14,1.266300,1.271500,1.263900,1.266300
2016-12-15,1.253820,1.256750,1.240230,1.253820
2016-12-16,1.242390,1.246420,1.238540,1.242390
2016-12-19,1.248910,1.250470,1.235730,1.248910
2016-12-20,1.238850,1.241000,1.231680,1.239000
2016-12-21,1.236710,1.239310,1.232740,1.236550
2016-12-22,1.235330,1.237950,1.229710,1.235480
2016-12-23,1.228490,1.229860,1.223240,1.228500
2016-12-26,1.228950,1.234420,1.226990,1.228950
2016-12-27,1.227750,1.228800,1.223990,1.227600
2016-12-28,1.227600,1.229860,1.220260,1.227600
2016-12-29,1.222490,1.227600,1.222340,1.222490
2016-12-30,1.228500,1.238700,1.226990,1.228800
2017-01-02,1.234900,1.235940,1.228350,1.234900
2017-01-03,1.228200,1.231070,1.220410,1.228200
2017-01-04,1.224600,1.229710,1.222340,1.224560
2017-01-05,1.232800,1.241770,1.227140,1.232680
2017-01-06,1.242390,1.242540,1.230310,1.242540
2017-01-09,1.225970,1.227300,1.212710,1.226090
2017-01-10,1.217140,1.218470,1.211240,1.217340
2017-01-11,1.217580,1.219660,1.204380,1.217430
2017-01-12,1.221150,1.231680,1.216990,1.221450
2017-01-13,1.216690,1.222640,1.212420,1.216540
2017-01-16,1.203750,1.208750,1.199520,1.203930
2017-01-17,1.204090,1.239530,1.204020,1.204020
2017-01-18,1.238940,1.239990,1.227050,1.238800
2017-01-19,1.226240,1.234110,1.225430,1.225970
2017-01-20,1.234050,1.237210,1.226290,1.233840
2017-01-23,1.238510,1.249550,1.238220,1.238700
2017-01-24,1.251490,1.254550,1.242210,1.251720
2017-01-25,1.253160,1.261620,1.249340,1.253310
2017-01-26,1.263900,1.267430,1.256190,1.263410
2017-01-27,1.259600,1.260880,1.252210,1.259540
2017-01-30,1.259380,1.260020,1.249380,1.259190
2017-01-31,1.250160,1.258750,1.241590,1.250000
2017-02-01,1.258700,1.266000,1.254750,1.258970
2017-02-02,1.266290,1.270570,1.253130,1.266140
2017-02-03,1.252030,1.254080,1.246110,1.252000
2017-02-06,1.248210,1.250000,1.242880,1.248420
2017-02-07,1.246960,1.248740,1.234840,1.246840
2017-02-08,1.249660,1.254480,1.248100,1.249630
2017-02-09,1.252600,1.258270,1.249830,1.252800
2017-02-10,1.249590,1.252100,1.244210,1.249810
2017-02-13,1.248310,1.254080,1.248310,1.248460
2017-02-14,1.252330,1.254750,1.245070,1.252300
2017-02-15,1.246910,1.247190,1.238500,1.247040
2017-02-16,1.246590,1.252050,1.245700,1.246980
2017-02-17,1.248170,1.251160,1.239100,1.248920
2017-02-20,1.243050,1.248270,1.241000,1.243390
2017-02-21,1.247380,1.248130,1.240290,1.247330
2017-02-22,1.248660,1.250780,1.242810,1.248700
2017-02-23,1.245440,1.255410,1.242980,1.245380
2017-02-24,1.255490,1.257070,1.248490,1.255620
2017-02-27,1.240190,1.247270,1.238930,1.239960
2017-02-28,1.243730,1.247150,1.240850,1.243940
2017-03-01,1.237950,1.240250,1.228470,1.237810
2017-03-02,1.227110,1.230560,1.226080,1.227220
2017-03-03,1.227450,1.228350,1.221690,1.227480
2017-03-06,1.229240,1.230010,1.224600,1.230010
2017-03-07,1.223990,1.225040,1.217090,1.224290
2017-03-08,1.220360,1.221600,1.214000,1.220450
2017-03-09,1.217450,1.219510,1.214120,1.217730
2017-03-10,1.215950,1.218690,1.214090,1.215730
2017-03-13,1.216990,1.225080,1.215860,1.217140
2017-03-14,1.221450,1.221900,1.211330,1.220600
2017-03-15,1.215860,1.224140,1.215550,1.215750
2017-03-16,1.228350,1.237100,1.224420,1.228430
2017-03-17,1.235330,1.239850,1.232540,1.235120
2017-03-20,1.237930,1.243630,1.236610,1.238450
2017-03-21,1.236630,1.248470,1.234350,1.236710
2017-03-22,1.248300,1.250300,1.243050,1.248210
2017-03-23,1.247100,1.252800,1.246700,1.247510
2017-03-24,1.251880,1.251880,1.247100,1.251880
2017-03-27,1.251270,1.261570,1.251090,1.251450
2017-03-28,1.255980,1.259670,1.250480,1.255790
2017-03-29,1.242390,1.247160,1.238140,1.242140
2017-03-30,1.244090,1.252330,1.240540,1.244040
2017-03-31,1.247690,1.253700,1.243490,1.247850
2017-04-03,1.253920,1.255490,1.246730,1.254080
2017-04-04,1.248910,1.249690,1.242210,1.249220
2017-04-05,1.244210,1.249480,1.242470,1.244000
2017-04-06,1.248750,1.250250,1.245240,1.248910
2017-04-07,1.246880,1.247820,1.238600,1.246870
2017-04-10,1.237670,1.242900,1.236900,1.237520
2017-04-11,1.242700,1.249030,1.240600,1.242540
2017-04-12,1.249220,1.252030,1.248130,1.249230
2017-04-13,1.254860,1.257700,1.251140,1.254990
2017-04-14,1.250630,1.253760,1.250190,1.250780
2017-04-17,1.253760,1.259600,1.253230,1.253510
2017-04-18,1.255780,1.276800,1.251990,1.255780
2017-04-19,1.284690,1.285940,1.278810,1.284460
2017-04-20,1.278100,1.284690,1.277300,1.278230
2017-04-21,1.279930,1.283370,1.276190,1.280200
2017-04-24,1.282870,1.283200,1.277330,1.282630
2017-04-25,1.278120,1.284600,1.277630,1.277660
2017-04-26,1.283370,1.286360,1.280660,1.283240
2017-04-27,1.285030,1.291320,1.284370,1.284840
2017-04-28,1.289490,1.295340,1.289270,1.289360
2017-05-01,1.293230,1.293830,1.290310,1.293160
2017-05-02,1.289810,1.292820,1.286650,1.289740
2017-05-03,1.294330,1.295000,1.288540,1.294160
2017-05-04,1.287320,1.292320,1.283240,1.287170
2017-05-05,1.292610,1.296830,1.290310,1.292490
2017-05-08,1.296870,1.298700,1.293160,1.296560
2017-05-09,1.294200,1.295870,1.290460,1.294330
2017-05-10,1.295000,1.299040,1.292890,1.294850
2017-05-11,1.292940,1.295000,1.285050,1.293060
2017-05-12,1.288880,1.290160,1.284550,1.289160
2017-05-15,1.288480,1.294160,1.288460,1.288660
2017-05-16,1.290290,1.294930,1.286850,1.290310
2017-05-17,1.291710,1.299010,1.290960,1.291690
2017-05-18,1.296980,1.304800,1.293740,1.297020
2017-05-19,1.295340,1.303480,1.294300,1.295840
2017-05-22,1.300930,1.304260,1.296650,1.301220
2017-05-23,1.299210,1.302730,1.295450,1.299530
2017-05-24,1.295770,1.299920,1.293180,1.295660
2017-05-25,1.297770,1.300730,1.293430,1.298030
2017-05-26,1.292990,1.293330,1.277910,1.293330
2017-05-29,1.281390,1.285020,1.281250,1.281430
2017-05-30,1.281490,1.288810,1.279560,1.281410
2017-05-31,1.280920,1.291720,1.277170,1.280900
2017-06-01,1.287550,1.291320,1.283190,1.287550
2017-06-02,1.288660,1.290270,1.284670,1.288830
2017-06-05,1.286570,1.294000,1.286160,1.287000
2017-06-06,1.290670,1.294920,1.287500,1.290740
2017-06-07,1.290670,1.296580,1.288890,1.290670
2017-06-08,1.296230,1.298030,1.290970,1.296210
2017-06-09,1.272590,1.279890,1.264220,1.272300
2017-06-12,1.274400,1.276980,1.265010,1.273920
2017-06-13,1.267030,1.274700,1.264330,1.266980
2017-06-14,1.275070,1.281150,1.272510,1.275050
2017-06-15,1.275660,1.279480,1.269210,1.275450
2017-06-16,1.276080,1.280300,1.275840,1.275840
2017-06-19,1.277500,1.281530,1.272730,1.277960
2017-06-20,1.273110,1.275530,1.260640,1.273240
2017-06-21,1.263260,1.270910,1.259080,1.263250
2017-06-22,1.267590,1.268710,1.265490,1.267570
2017-06-23,1.268070,1.274370,1.267730,1.267810
2017-06-26,1.274400,1.276000,1.270780,1.274340
2017-06-27,1.272430,1.279480,1.271760,1.272460
2017-06-28,1.281300,1.297240,1.279740,1.281300
2017-06-29,1.293910,1.300100,1.293910,1.294150
2017-06-30,1.300900,1.303100,1.295620,1.301120
2017-07-03,1.301740,1.302250,1.293330,1.301640
2017-07-04,1.294630,1.295840,1.291790,1.294870
2017-07-05,1.293660,1.294830,1.289570,1.293490
2017-07-06,1.292960,1.297220,1.292060,1.293180
2017-07-07,1.296880,1.297690,1.286840,1.297350
2017-07-10,1.289040,1.290990,1.286060,1.289120
2017-07-12,1.286010,1.290520,1.281260,1.285960
2017-07-13,1.289220,1.295290,1.289080,1.289370
2017-07-14,1.294830,1.309410,1.293660,1.294720
2017-07-17,1.310960,1.311300,1.305130,1.311130
2017-07-18,1.305140,1.312390,1.300680,1.305310
2017-07-19,1.303710,1.305180,1.301300,1.303870
2017-07-20,1.303120,1.303610,1.293540,1.303270
2017-07-21,1.296580,1.301980,1.295550,1.296550
2017-07-24,1.300540,1.305260,1.299210,1.300470
2017-07-25,1.302680,1.308420,1.301170,1.303100
2017-07-26,1.302810,1.306630,1.300410,1.302760
2017-07-27,1.311510,1.315620,1.306340,1.311480
2017-07-28,1.307480,1.313150,1.307050,1.307670
2017-07-31,1.314290,1.319640,1.310030,1.314490
2017-08-01,1.319780,1.324350,1.319540,1.319540
2017-08-02,1.320780,1.324330,1.319280,1.320790
2017-08-03,1.322870,1.326080,1.311480,1.322840
2017-08-04,1.314580,1.316660,1.303320,1.314410
2017-08-07,1.304550,1.306170,1.301590,1.304700
2017-08-08,1.303490,1.305480,1.295500,1.303780
2017-08-09,1.298580,1.302800,1.296970,1.298620
2017-08-10,1.301570,1.301740,1.295670,1.301410
2017-08-11,1.297770,1.300970,1.294600,1.297670
2017-08-14,1.300810,1.302250,1.296090,1.300590
2017-08-15,1.296600,1.297350,1.284800,1.296510
2017-08-16,1.286800,1.290320,1.284460,1.286700
2017-08-17,1.289080,1.291160,1.285410,1.289160
2017-08-18,1.286590,1.291490,1.283570,1.286500
2017-08-21,1.287280,1.291470,1.285180,1.287370
2017-08-22,1.289860,1.291160,1.281200,1.289820
2017-08-23,1.282460,1.283370,1.278280,1.282400
2017-08-24,1.280300,1.283700,1.277740,1.280380
2017-08-25,1.280180,1.288680,1.279640,1.280390
2017-08-28,1.290560,1.293080,1.287430,1.290520
2017-08-29,1.292770,1.297880,1.292690,1.292710
2017-08-30,1.292290,1.294000,1.288360,1.292660
2017-08-31,1.291910,1.293330,1.285510,1.292060
2017-09-01,1.294010,1.299510,1.290620,1.294160
2017-09-04,1.296510,1.296850,1.293280,1.296510
2017-09-05,1.292460,1.303100,1.291140,1.292410
2017-09-06,1.304140,1.308220,1.302080,1.304120
2017-09-07,1.304630,1.311610,1.303410,1.304970
2017-09-08,1.310510,1.322140,1.309960,1.310480
2017-09-11,1.319520,1.322230,1.316780,1.319770
2017-09-12,1.317180,1.328730,1.316220,1.316970
2017-09-13,1.329080,1.332850,1.320590,1.328920
2017-09-14,1.320900,1.339840,1.319280,1.320600
2017-09-15,1.340120,1.361580,1.338380,1.339910
2017-09-18,1.357870,1.361560,1.348250,1.357520
2017-09-19,1.351460,1.355220,1.347270,1.351660
2017-09-20,1.351520,1.359920,1.351000,1.351530
2017-09-21,1.348850,1.357870,1.347250,1.348960
2017-09-22,1.358010,1.359800,1.349440,1.357980
2017-09-25,1.350790,1.357020,1.346350,1.350730
2017-09-26,1.347650,1.351330,1.341090,1.347780
2017-09-27,1.344140,1.344990,1.336580,1.344810
2017-09-28,1.339940,1.345280,1.334860,1.339890
2017-09-29,1.342950,1.343180,1.335290,1.343020
2017-10-02,1.339350,1.339670,1.325910,1.339410
2017-10-03,1.327440,1.328730,1.322590,1.327560
2017-10-04,1.324220,1.328900,1.324120,1.324120
2017-10-05,1.323450,1.324910,1.312280,1.323280
2017-10-06,1.311480,1.311480,1.302900,1.311270
2017-10-09,1.308350,1.318430,1.307650,1.308400
2017-10-10,1.314110,1.322330,1.314110,1.314410
2017-10-11,1.321000,1.322230,1.317520,1.321110
2017-10-12,1.323910,1.326610,1.312710,1.323980
2017-10-13,1.326380,1.333650,1.326030,1.326440
2017-10-16,1.328890,1.331200,1.325640,1.328890
2017-10-17,1.325560,1.328590,1.315630,1.325290
2017-10-18,1.319370,1.320130,1.314490,1.319490
2017-10-19,1.321180,1.322870,1.313850,1.321300
2017-10-20,1.315530,1.320100,1.309070,1.315060
2017-10-23,1.319170,1.322230,1.316150,1.318980
2017-10-24,1.320270,1.322930,1.311370,1.320650
2017-10-25,1.312990,1.327100,1.311200,1.313200
2017-10-26,1.327300,1.328200,1.316330,1.327350
2017-10-27,1.312900,1.313960,1.307500,1.313030
2017-10-30,1.313720,1.320130,1.312850,1.313400
2017-10-31,1.321110,1.328460,1.319300,1.321250
2017-11-01,1.329120,1.331810,1.325380,1.329220
2017-11-02,1.325560,1.329960,1.306510,1.325540
2017-11-03,1.305450,1.312320,1.304150,1.305330
2017-11-06,1.307980,1.315290,1.305990,1.308040
2017-11-07,1.317400,1.317710,1.311200,1.317510
2017-11-08,1.317310,1.317870,1.308810,1.317210
2017-11-09,1.311480,1.315170,1.308690,1.311300
2017-11-10,1.314270,1.322930,1.311650,1.314440
2017-11-13,1.311910,1.313720,1.306300,1.312030
2017-11-14,1.312060,1.313030,1.307750,1.312340
2017-11-15,1.315980,1.320860,1.313160,1.315790
2017-11-17,1.319960,1.325960,1.317190,1.320040
2017-11-20,1.320130,1.327490,1.318720,1.320270
2017-11-21,1.324330,1.326790,1.322280,1.324500
2017-11-22,1.324680,1.329610,1.321810,1.324560
2017-11-23,1.331740,1.333870,1.328900,1.331680
2017-11-24,1.330640,1.335950,1.328090,1.330670
2017-11-27,1.332500,1.338190,1.331170,1.332450
2017-11-28,1.332140,1.334420,1.322350,1.332230
2017-11-29,1.336720,1.344630,1.335360,1.336540
2017-11-30,1.341450,1.354880,1.341180,1.341720
2017-12-01,1.353110,1.355010,1.346180,1.353000
2017-12-04,1.349070,1.353860,1.342250,1.349400
2017-12-05,1.347530,1.348070,1.337610,1.347530
2017-12-06,1.341560,1.343720,1.336060,1.341530
2017-12-07,1.339150,1.343110,1.332340,1.339230
2017-12-08,1.348290,1.351950,1.335830,1.348440
2017-12-11,1.339210,1.342640,1.335010,1.339210
2017-12-12,1.334670,1.337740,1.331290,1.334940
2017-12-13,1.332000,1.337630,1.331360,1.331950
2017-12-14,1.341110,1.345570,1.339510,1.340970
2017-12-15,1.343270,1.344990,1.330810,1.343290
2017-12-18,1.331750,1.341780,1.331130,1.331740
2017-12-19,1.337900,1.339940,1.333560,1.338080
2017-12-20,1.338630,1.341890,1.337920,1.338690
2017-12-21,1.336990,1.338870,1.333600,1.337200
2017-12-22,1.337810,1.339940,1.336430,1.338040
2017-12-25,1.336720,1.339580,1.336310,1.336510
2017-12-26,1.337490,1.337970,1.334920,1.337610
2017-12-27,1.337380,1.343180,1.337040,1.337470
2017-12-28,1.340270,1.345710,1.339930,1.340390
2017-12-29,1.344270,1.354150,1.343920,1.344090
2018-01-01,1.351610,1.351610,1.348200,1.351610
2018-01-02,1.351110,1.359670,1.350930,1.351130
2018-01-03,1.359450,1.361470,1.349870,1.359620
2018-01-04,1.351170,1.356120,1.350660,1.351130
2018-01-05,1.355380,1.358030,1.352670,1.355290
2018-01-08,1.357550,1.358550,1.352580,1.357590
2018-01-09,1.357020,1.358510,1.350990,1.357130
2018-01-10,1.353180,1.356020,1.348530,1.353230
2018-01-11,1.351300,1.355530,1.345930,1.351280
2018-01-12,1.354170,1.369490,1.354000,1.354190
2018-01-15,1.373150,1.381960,1.373150,1.373310
2018-01-16,1.379390,1.380640,1.374270,1.379820
2018-01-17,1.379690,1.384470,1.375860,1.379880
2018-01-18,1.382590,1.391010,1.380660,1.382800
2018-01-19,1.389370,1.394700,1.384370,1.389470
2018-01-22,1.388950,1.396920,1.385810,1.389160
2018-01-23,1.398480,1.402920,1.391790,1.398480
2018-01-24,1.401250,1.423970,1.400170,1.401740
2018-01-25,1.422370,1.433960,1.421670,1.422090
2018-01-26,1.415030,1.428120,1.414710,1.415030
2018-01-29,1.414930,1.415830,1.402720,1.414930
2018-01-30,1.407280,1.414990,1.398330,1.407660
2018-01-31,1.415310,1.422480,1.412990,1.415590
2018-02-01,1.420010,1.427330,1.416250,1.420050
2018-02-02,1.426720,1.427630,1.410440,1.426680
2018-02-05,1.411210,1.415030,1.398990,1.411130
2018-02-06,1.394120,1.399870,1.384040,1.394370
2018-02-07,1.395970,1.399230,1.387170,1.395870
2018-02-08,1.387930,1.406370,1.384810,1.387930
2018-02-09,1.393380,1.398660,1.378800,1.393500
2018-02-12,1.382550,1.387480,1.379860,1.382740
2018-02-13,1.384810,1.392410,1.383340,1.385230
2018-02-14,1.388700,1.398030,1.380700,1.388700
2018-02-15,1.401500,1.409840,1.400130,1.401580
2018-02-16,1.410580,1.414470,1.400640,1.410420
2018-02-19,1.403310,1.405280,1.396240,1.403150
2018-02-20,1.399270,1.402350,1.393380,1.399270
2018-02-21,1.399910,1.400950,1.391070,1.400110
2018-02-22,1.391010,1.395210,1.385810,1.391010
2018-02-23,1.395130,1.400480,1.392510,1.395300
2018-02-26,1.396920,1.407260,1.393340,1.396800
2018-02-27,1.396450,1.399440,1.386170,1.396650
2018-02-28,1.390340,1.391590,1.377770,1.390610
2018-03-01,1.375310,1.377710,1.371540,1.375420
2018-03-02,1.377470,1.381580,1.375930,1.377540
2018-03-05,1.379880,1.387730,1.376920,1.379500
2018-03-06,1.385000,1.392840,1.382060,1.385230
2018-03-07,1.390030,1.391010,1.384870,1.390010
2018-03-08,1.390630,1.391210,1.381460,1.390630
2018-03-09,1.380320,1.388660,1.378930,1.380570
2018-03-12,1.385810,1.390630,1.384390,1.385540
2018-03-13,1.390820,1.398800,1.387580,1.390760
2018-03-14,1.397250,1.399780,1.392700,1.397230
2018-03-15,1.397080,1.398800,1.392450,1.397160
2018-03-16,1.393790,1.398010,1.389260,1.393860
2018-03-19,1.394350,1.408750,1.391400,1.394350
2018-03-20,1.402330,1.406870,1.398540,1.402520
2018-03-21,1.400400,1.407900,1.400360,1.400480
2018-03-22,1.414430,1.419950,1.407950,1.414630
2018-03-23,1.411290,1.417090,1.408810,1.411470
2018-03-26,1.414630,1.424500,1.414630,1.414770
2018-03-27,1.423670,1.424300,1.406910,1.423890
2018-03-28,1.417580,1.420450,1.409340,1.417640
2018-03-29,1.408450,1.409640,1.402090,1.408030
2018-03-30,1.402860,1.406170,1.401440,1.402940
2018-04-02,1.403590,1.407740,1.402760,1.403820
2018-04-03,1.405090,1.408850,1.402330,1.404670
2018-04-04,1.407120,1.409840,1.401740,1.406870
2018-04-05,1.408790,1.409600,1.396770,1.408810
2018-04-06,1.400780,1.410260,1.398410,1.400870
2018-04-09,1.409090,1.416430,1.408130,1.409170
2018-04-10,1.413390,1.418760,1.412230,1.413830
2018-04-11,1.418180,1.422270,1.416230,1.418220
2018-04-12,1.418780,1.424660,1.414710,1.418900
2018-04-13,1.423950,1.429590,1.422310,1.423810
2018-04-16,1.424640,1.433690,1.423830,1.424680
2018-04-17,1.434190,1.437710,1.429410,1.434210
2018-04-18,1.429760,1.431640,1.417470,1.429650
2018-04-19,1.420310,1.424700,1.416670,1.420430
2018-04-20,1.408430,1.408850,1.400890,1.408650
2018-04-23,1.400340,1.404300,1.393880,1.400170
2018-04-24,1.393840,1.398190,1.391980,1.393830
2018-04-25,1.399210,1.399380,1.392720,1.399380
2018-04-26,1.393590,1.399620,1.389600,1.393920
2018-04-27,1.391710,1.393530,1.375020,1.391940
2018-04-30,1.376990,1.379310,1.371670,1.377110
2018-05-01,1.377220,1.377600,1.359100,1.377220
2018-05-02,1.361060,1.366470,1.358250,1.360930
2018-05-03,1.357370,1.362900,1.354020,1.357390
2018-05-04,1.357240,1.358700,1.349450,1.357240
2018-05-07,1.353330,1.357590,1.351720,1.353200
2018-05-08,1.356930,1.359120,1.348560,1.357040
2018-05-09,1.355380,1.360600,1.350000,1.355340
2018-05-10,1.354650,1.361770,1.346180,1.354460
2018-05-11,1.352450,1.359620,1.350350,1.352340
2018-05-14,1.355030,1.360730,1.354480,1.355380
2018-05-15,1.356120,1.357400,1.345300,1.356240
2018-05-16,1.350260,1.352160,1.345790,1.350020
2018-05-17,1.355010,1.356930,1.347560,1.354830
2018-05-18,1.351240,1.352810,1.345620,1.351530
2018-05-21,1.347600,1.347710,1.339300,1.347710
2018-05-22,1.343090,1.349090,1.341440,1.343180
2018-05-23,1.344450,1.344450,1.330800,1.344100
2018-05-24,1.337150,1.342250,1.335100,1.337130
2018-05-25,1.338400,1.338510,1.330670,1.338350
2018-05-28,1.330800,1.334760,1.329730,1.330900
2018-05-29,1.331380,1.332620,1.320780,1.331560
2018-05-30,1.325570,1.330850,1.324330,1.325380
2018-05-31,1.328660,1.334940,1.327860,1.328360
2018-06-01,1.328900,1.336180,1.325630,1.328940
2018-06-04,1.335470,1.339940,1.329700,1.335650
2018-06-05,1.331810,1.339240,1.330340,1.331650
2018-06-06,1.340700,1.344450,1.340000,1.340610
2018-06-07,1.342460,1.347350,1.337510,1.342160
2018-06-08,1.341560,1.343630,1.335770,1.341920
2018-06-11,1.341110,1.344050,1.334580,1.341380
2018-06-12,1.337150,1.342280,1.334740,1.337430
2018-06-13,1.337450,1.338150,1.331400,1.337260
2018-06-14,1.338330,1.344560,1.330740,1.338280
2018-06-15,1.325520,1.329790,1.321340,1.325660
2018-06-18,1.327490,1.327670,1.322820,1.327510
2018-06-19,1.325560,1.327490,1.315180,1.325870
2018-06-20,1.317400,1.321600,1.314990,1.317330
2018-06-21,1.317300,1.327020,1.310320,1.317520
2018-06-22,1.324850,1.331560,1.324640,1.324780
2018-06-25,1.326280,1.329080,1.322280,1.326240
2018-06-26,1.327860,1.329430,1.321350,1.327840
2018-06-27,1.322020,1.323430,1.312780,1.322100
2018-06-28,1.311960,1.312160,1.305190,1.312040
2018-06-29,1.307750,1.320830,1.307050,1.307510
2018-07-02,1.320830,1.320830,1.309640,1.320780
2018-07-03,1.314080,1.320830,1.311790,1.314410
2018-07-04,1.319440,1.322750,1.317260,1.319440
2018-07-05,1.322930,1.327350,1.320620,1.322930
2018-07-06,1.322300,1.328000,1.320460,1.322580
2018-07-09,1.329430,1.336010,1.321040,1.329790
2018-07-10,1.325560,1.330140,1.322720,1.325560
2018-07-11,1.326000,1.328370,1.323140,1.325730
2018-07-12,1.320690,1.324290,1.318220,1.321000
2018-07-13,1.317840,1.322000,1.310360,1.318040
2018-07-16,1.322930,1.329270,1.322400,1.322770
2018-07-17,1.323630,1.326960,1.314630,1.323640
2018-07-18,1.310940,1.311990,1.301240,1.310620
2018-07-19,1.307820,1.308390,1.295910,1.307820
2018-07-20,1.302250,1.311480,1.299800,1.302300
2018-07-23,1.314870,1.315790,1.309930,1.314720
2018-07-24,1.310440,1.315790,1.307360,1.310270
2018-07-25,1.315270,1.317710,1.313420,1.315220
2018-07-26,1.319980,1.321270,1.311560,1.319960
2018-07-27,1.310980,1.313030,1.308350,1.310870
2018-07-30,1.311130,1.315270,1.309910,1.311180
2018-07-31,1.313650,1.317520,1.309530,1.313540
2018-08-01,1.311840,1.314580,1.309760,1.312160
2018-08-02,1.312530,1.312850,1.301900,1.312610
2018-08-03,1.301570,1.304310,1.297620,1.301810
2018-08-06,1.300150,1.300730,1.292070,1.300360
2018-08-07,1.294250,1.297350,1.293830,1.294500
2018-08-08,1.294670,1.296180,1.285550,1.294670
2018-08-09,1.288000,1.291140,1.284360,1.288160
2018-08-10,1.283010,1.283860,1.272600,1.282840
2018-08-13,1.275880,1.279260,1.273300,1.275880
2018-08-14,1.275880,1.281800,1.273510,1.276280
2018-08-15,1.271940,1.273250,1.266340,1.271780
2018-08-16,1.269680,1.275450,1.268940,1.269390
2018-08-17,1.271280,1.274860,1.270000,1.271460
2018-08-20,1.274600,1.277680,1.273040,1.274710
2018-08-21,1.280280,1.287710,1.280020,1.280430
2018-08-22,1.290720,1.293660,1.287170,1.290560
2018-08-23,1.290570,1.290920,1.281760,1.290470
2018-08-24,1.281050,1.288010,1.280080,1.281070
2018-08-27,1.285690,1.289320,1.283010,1.286090
2018-08-28,1.289470,1.293160,1.286290,1.289670
2018-08-29,1.287170,1.301410,1.284620,1.286770
2018-08-30,1.303610,1.304290,1.299010,1.303590
2018-08-31,1.301170,1.302860,1.296180,1.301100
2018-09-03,1.292210,1.293490,1.285630,1.292310
2018-09-04,1.286790,1.287000,1.281390,1.286900
2018-09-05,1.285940,1.297930,1.279330,1.285840
2018-09-06,1.291410,1.295990,1.289720,1.291490
2018-09-07,1.292820,1.302420,1.291860,1.292540
2018-09-10,1.292810,1.305210,1.289820,1.293030
2018-09-11,1.302800,1.308040,1.297670,1.302640
2018-09-12,1.301740,1.304440,1.298410,1.301560
2018-09-13,1.304510,1.312010,1.302760,1.304550
2018-09-14,1.311060,1.314340,1.307360,1.311130
2018-09-17,1.307100,1.315670,1.307020,1.307330
2018-09-18,1.314670,1.317110,1.312080,1.314630
2018-09-19,1.316660,1.321180,1.312040,1.316850
2018-09-20,1.314060,1.329610,1.314010,1.314110
2018-09-21,1.327140,1.327840,1.305840,1.327090
2018-09-24,1.308100,1.316660,1.306460,1.308040
2018-09-25,1.311720,1.317580,1.309720,1.311730
2018-09-26,1.318040,1.319610,1.314110,1.317990
2018-09-27,1.316970,1.318040,1.309710,1.317280
2018-09-28,1.307770,1.309070,1.300250,1.307870
2018-10-01,1.303950,1.309760,1.301410,1.303900
2018-10-02,1.304390,1.304970,1.294410,1.304360
2018-10-03,1.297980,1.302020,1.296460,1.298200
2018-10-04,1.294160,1.303700,1.292460,1.294060
2018-10-05,1.302200,1.310750,1.300560,1.302420
2018-10-08,1.312610,1.313270,1.303020,1.312710
2018-10-09,1.309310,1.314720,1.303540,1.309310
2018-10-10,1.315580,1.321000,1.313780,1.315700
2018-10-11,1.320480,1.324570,1.318500,1.320670
2018-10-12,1.323150,1.325730,1.315240,1.323420
2018-10-15,1.310260,1.317910,1.310260,1.310390
2018-10-16,1.315480,1.323700,1.314270,1.315480
2018-10-17,1.318810,1.319260,1.310190,1.318720
2018-10-18,1.310170,1.313200,1.305810,1.310440
2018-10-19,1.302020,1.305810,1.301340,1.302420
2018-10-22,1.306850,1.308990,1.296130,1.306540
2018-10-23,1.296510,1.304090,1.294000,1.296600
2018-10-24,1.298130,1.299210,1.289080,1.298130
2018-10-25,1.288560,1.291890,1.281210,1.288830
2018-10-26,1.282270,1.283370,1.277870,1.282460
2018-10-29,1.283100,1.285180,1.280070,1.283100
2018-10-30,1.280180,1.281560,1.273060,1.280250
2018-10-31,1.270650,1.282920,1.270240,1.270890
2018-11-01,1.276550,1.297400,1.276490,1.276940
2018-11-02,1.299930,1.303950,1.296240,1.300370
2018-11-05,1.300560,1.303530,1.296710,1.300560
2018-11-06,1.305990,1.309570,1.302370,1.305810
2018-11-07,1.311490,1.317440,1.307570,1.311250
2018-11-08,1.312730,1.315030,1.308930,1.312850
2018-11-09,1.306640,1.307020,1.297440,1.306680
2018-11-12,1.293850,1.294830,1.282820,1.293850
2018-11-13,1.285550,1.304020,1.285310,1.285790
2018-11-14,1.301760,1.302980,1.289340,1.301410
2018-11-15,1.298530,1.302850,1.274490,1.298620
2018-11-16,1.276620,1.287710,1.276620,1.276650
2018-11-19,1.285510,1.288110,1.280490,1.283320
2018-11-20,1.285690,1.288110,1.280430,1.285980
2018-11-21,1.278770,1.282050,1.277510,1.278920
2018-11-22,1.277660,1.292120,1.277380,1.277730
2018-11-23,1.287580,1.288490,1.280080,1.287600
2018-11-26,1.281900,1.286270,1.279840,1.281230
2018-11-27,1.281230,1.282050,1.272730,1.281230
2018-11-28,1.274210,1.280610,1.273380,1.274370
2018-11-29,1.282300,1.285180,1.275670,1.282410
2018-11-30,1.278410,1.280690,1.273690,1.278450
2018-12-03,1.275020,1.282430,1.270000,1.275350
2018-12-04,1.272910,1.283400,1.271710,1.272590
2018-12-05,1.271970,1.279260,1.267330,1.272050
2018-12-06,1.272720,1.280020,1.270030,1.272770
2018-12-07,1.278090,1.278850,1.273380,1.277860
2018-12-10,1.272040,1.275670,1.251350,1.272100
2018-12-11,1.255970,1.263470,1.250380,1.256120
2018-12-12,1.249440,1.267070,1.248130,1.249300
2018-12-13,1.262480,1.268670,1.261100,1.262870
2018-12-14,1.265390,1.265500,1.253490,1.265500
2018-12-17,1.258620,1.264480,1.257610,1.258560
2018-12-18,1.261540,1.270500,1.261180,1.261570
2018-12-19,1.265450,1.267910,1.260840,1.265500
2018-12-20,1.262510,1.270540,1.261510,1.262790
2018-12-21,1.266990,1.269730,1.263360,1.266980
2018-12-24,1.265010,1.273660,1.263700,1.264890
2018-12-25,1.271290,1.277790,1.266780,1.271080
2018-12-26,1.268940,1.271970,1.266510,1.268870
2018-12-27,1.264850,1.267120,1.261880,1.264880
2018-12-28,1.264610,1.270000,1.263650,1.264620
2018-12-31,1.268920,1.281390,1.268180,1.269360
2019-01-01,1.275020,1.275670,1.271460,1.273800
2019-01-02,1.275230,1.277330,1.258460,1.275430
2019-01-03,1.251880,1.263820,1.251880,1.252190
2019-01-04,1.262900,1.273970,1.261780,1.262880
2019-01-07,1.273290,1.278770,1.272430,1.273500
2019-01-08,1.278690,1.279230,1.271490,1.278610
2019-01-09,1.273890,1.280300,1.271780,1.273790
2019-01-10,1.279950,1.280110,1.273060,1.279970
2019-01-11,1.275840,1.283750,1.271670,1.275400
2019-01-14,1.284980,1.292770,1.282100,1.284980
2019-01-15,1.287610,1.291660,1.275620,1.287500
2019-01-16,1.287280,1.289570,1.282730,1.287220
2019-01-17,1.288480,1.294000,1.283610,1.288580
2019-01-18,1.298300,1.299380,1.289210,1.298400
2019-01-21,1.285350,1.291070,1.283170,1.285350
2019-01-22,1.289270,1.296710,1.285590,1.289170
2019-01-23,1.295670,1.308030,1.294580,1.295770
2019-01-24,1.308320,1.309590,1.301370,1.308220
2019-01-25,1.311220,1.317660,1.306350,1.312160
2019-01-28,1.320780,1.321000,1.313870,1.320850
2019-01-29,1.316000,1.319660,1.313150,1.316010
2019-01-30,1.308060,1.311990,1.305810,1.308040
2019-01-31,1.311680,1.316070,1.310120,1.311720
2019-02-01,1.310930,1.311480,1.304580,1.310940
2019-02-04,1.307860,1.309880,1.304220,1.307740
2019-02-05,1.303080,1.305140,1.292990,1.303100
2019-02-06,1.295840,1.297860,1.292990,1.295720
2019-02-07,1.293440,1.299480,1.285630,1.293440
2019-02-08,1.294900,1.297690,1.292460,1.294920
2019-02-11,1.293730,1.294000,1.286010,1.293680
2019-02-12,1.286470,1.289660,1.283430,1.286410
2019-02-13,1.289090,1.295710,1.286090,1.289210
2019-02-14,1.285680,1.287850,1.277400,1.285680
2019-02-15,1.279920,1.285980,1.278660,1.279840
2019-02-18,1.290320,1.293730,1.289390,1.290560
2019-02-19,1.292270,1.304670,1.289660,1.292410
2019-02-20,1.306170,1.308540,1.301370,1.306130
2019-02-21,1.304390,1.309240,1.302760,1.304510
2019-02-22,1.304090,1.308060,1.297220,1.304140
2019-02-25,1.306440,1.309590,1.305700,1.306560
2019-02-26,1.312660,1.328020,1.312340,1.312710
2019-02-27,1.326100,1.334880,1.323450,1.325800
2019-02-28,1.331610,1.332090,1.326510,1.331820
2019-03-01,1.326490,1.328640,1.321480,1.326490
2019-03-04,1.323780,1.325490,1.316900,1.323980
2019-03-05,1.317870,1.319730,1.309950,1.317850
2019-03-06,1.315620,1.317090,1.312590,1.315670
2019-03-07,1.318010,1.318740,1.308930,1.318220
2019-03-08,1.309240,1.310800,1.300590,1.309240
2019-03-11,1.298410,1.309760,1.296230,1.298840
2019-03-12,1.324590,1.324850,1.301070,1.324850
2019-03-13,1.306470,1.323050,1.306470,1.306680
2019-03-14,1.328430,1.333160,1.321110,1.328570
2019-03-15,1.325730,1.329610,1.320720,1.325860
2019-03-18,1.329750,1.329960,1.313200,1.329720
2019-03-19,1.326440,1.330870,1.324280,1.326440
2019-03-20,1.326910,1.327140,1.314990,1.327140
2019-03-21,1.320650,1.322930,1.306800,1.320530
2019-03-22,1.313030,1.322210,1.308400,1.313230
2019-03-25,1.320650,1.324570,1.316290,1.320650
2019-03-26,1.320810,1.326150,1.316480,1.321530
2019-03-27,1.321040,1.324610,1.316790,1.321140
2019-03-28,1.315290,1.319960,1.307630,1.315270
2019-03-29,1.305410,1.312840,1.298040,1.305650
2019-04-01,1.302190,1.314790,1.301150,1.302290
2019-04-02,1.306930,1.308390,1.301680,1.306900
2019-04-03,1.312540,1.319610,1.312390,1.312770
2019-04-04,1.317840,1.319090,1.306850,1.317700
2019-04-05,1.307340,1.311940,1.300580,1.307700
2019-04-08,1.303710,1.307190,1.303530,1.303820
2019-04-09,1.306180,1.311660,1.303410,1.306340
2019-04-10,1.305310,1.310390,1.304940,1.305720
2019-04-11,1.309760,1.310960,1.306440,1.309930
2019-04-12,1.305470,1.313030,1.305140,1.305600
2019-04-15,1.308470,1.311990,1.308060,1.308390
2019-04-16,1.309910,1.310440,1.304510,1.310270
2019-04-17,1.304460,1.306800,1.303190,1.304630
2019-04-18,1.303930,1.305240,1.299760,1.303930
2019-04-19,1.299380,1.301000,1.298870,1.299440
2019-04-22,1.299380,1.300050,1.297690,1.299380
2019-04-23,1.298200,1.301880,1.292940,1.298140
2019-04-24,1.293880,1.296340,1.291670,1.293810
2019-04-25,1.290390,1.291670,1.286700,1.290490
2019-04-26,1.289770,1.294330,1.288830,1.289610
2019-04-29,1.292110,1.294670,1.290590,1.292020
2019-04-30,1.293180,1.304610,1.292790,1.293240
2019-05-01,1.304070,1.309240,1.303530,1.303980
2019-05-02,1.305480,1.308010,1.301900,1.305310
2019-05-03,1.303170,1.317700,1.299160,1.303320
2019-05-06,1.315050,1.315060,1.308270,1.315060
2019-05-07,1.309740,1.312960,1.304210,1.309930
2019-05-08,1.306830,1.308220,1.299110,1.306880
2019-05-09,1.301410,1.302610,1.296830,1.301200
2019-05-10,1.300980,1.304630,1.299310,1.300970
2019-05-13,1.300900,1.304090,1.295090,1.301070
2019-05-14,1.296390,1.297190,1.290920,1.296310
2019-05-15,1.290610,1.292260,1.282910,1.290660
2019-05-16,1.284590,1.285510,1.279030,1.284750
2019-05-17,1.279790,1.279920,1.272140,1.279770
2019-05-20,1.273030,1.275750,1.271680,1.273160
2019-05-21,1.272780,1.279430,1.268620,1.272910
2019-05-23,1.266340,1.268340,1.260590,1.266420
2019-05-24,1.266460,1.271710,1.264940,1.266460
2019-05-27,1.272280,1.274860,1.266830,1.272480
2019-05-28,1.268090,1.270000,1.265580,1.268230
2019-05-29,1.265980,1.266960,1.261260,1.265970
2019-05-30,1.262950,1.264060,1.258400,1.262950
2019-05-31,1.260700,1.263650,1.256010,1.260970
2019-06-03,1.264050,1.265820,1.261300,1.263950
2019-06-04,1.266300,1.270580,1.264460,1.266420
2019-06-05,1.270370,1.274400,1.269330,1.270280
2019-06-06,1.268680,1.274190,1.266960,1.268860
2019-06-07,1.269840,1.276180,1.268940,1.269840
2019-06-10,1.272260,1.272910,1.265610,1.272300
2019-06-11,1.269210,1.272770,1.267300,1.269120
2019-06-12,1.272310,1.275870,1.268840,1.272440
2019-06-13,1.269360,1.270570,1.266500,1.269340
2019-06-14,1.267990,1.268390,1.259020,1.268010
2019-06-17,1.259450,1.260560,1.255520,1.259600
2019-06-18,1.254060,1.256090,1.250720,1.254150
2019-06-19,1.256640,1.263850,1.254550,1.256660
2019-06-20,1.265370,1.272570,1.265370,1.265660
2019-06-21,1.270550,1.272440,1.264490,1.270790
2019-06-24,1.275050,1.276670,1.271100,1.275090
2019-06-25,1.273950,1.278400,1.271250,1.273970
2019-06-26,1.269080,1.270700,1.266420,1.269070
2019-06-27,1.269570,1.272430,1.266690,1.269840
2019-06-28,1.267400,1.273410,1.266610,1.267750
2019-07-01,1.269370,1.270810,1.263300,1.269450
2019-07-02,1.264410,1.264860,1.258640,1.264460
2019-07-03,1.259760,1.260240,1.255890,1.259830
2019-07-04,1.258380,1.259290,1.257060,1.258270
2019-07-05,1.258340,1.258700,1.248300,1.258300
2019-07-08,1.252610,1.254080,1.250120,1.252550
2019-07-09,1.251880,1.252030,1.244120,1.251640
2019-07-10,1.245730,1.252110,1.244520,1.245860
2019-07-11,1.250630,1.257230,1.250630,1.250810
2019-07-12,1.252270,1.256270,1.252270,1.252350
2019-07-15,1.257230,1.257640,1.251190,1.257200
2019-07-16,1.252030,1.252030,1.239740,1.251800
2019-07-17,1.240880,1.243940,1.238340,1.241200
2019-07-18,1.243500,1.249550,1.242920,1.243470
2019-07-19,1.254390,1.255490,1.249640,1.254190
2019-07-22,1.251030,1.251560,1.245760,1.251280
2019-07-23,1.247300,1.248170,1.242040,1.247490
2019-07-24,1.243780,1.252130,1.242950,1.243900
2019-07-25,1.248560,1.251800,1.246530,1.248600
2019-07-26,1.245380,1.245950,1.237780,1.245350
2019-07-29,1.237780,1.238390,1.221600,1.237670
2019-07-30,1.221750,1.222020,1.212110,1.221750
2019-07-31,1.215790,1.224680,1.214730,1.216160
2019-08-01,1.215470,1.215470,1.208200,1.215380
2019-08-02,1.212720,1.214490,1.209180,1.212430
2019-08-05,1.214920,1.218810,1.210320,1.215210
2019-08-06,1.215610,1.220970,1.214280,1.215820
2019-08-07,1.217230,1.219140,1.212220,1.216970
2019-08-08,1.214170,1.218320,1.209770,1.214330
2019-08-09,1.214480,1.214770,1.205730,1.214370
2019-08-12,1.202200,1.210070,1.201920,1.202200
2019-08-13,1.208020,1.209760,1.204360,1.207880
2019-08-14,1.206420,1.209990,1.204670,1.206420
2019-08-15,1.206040,1.214260,1.205110,1.206040
2019-08-16,1.209220,1.217730,1.208310,1.209160
2019-08-19,1.215980,1.217270,1.210580,1.216100
2019-08-20,1.212970,1.216720,1.206690,1.213150
2019-08-21,1.216530,1.217580,1.211480,1.216230
2019-08-22,1.213150,1.226980,1.210960,1.213220
2019-08-23,1.225140,1.227790,1.219650,1.225190
2019-08-26,1.226200,1.228380,1.220940,1.226240
2019-08-27,1.222170,1.230530,1.221000,1.222200
2019-08-28,1.228210,1.228950,1.216370,1.228320
2019-08-29,1.221750,1.223110,1.218460,1.221850
2019-08-30,1.218530,1.222370,1.216220,1.218650
2019-09-02,1.215940,1.217580,1.203910,1.215920
2019-09-03,1.206530,1.210240,1.195940,1.206670
2019-09-04,1.209190,1.222050,1.208680,1.209040
2019-09-05,1.224540,1.235330,1.221300,1.224890
2019-09-06,1.232590,1.234420,1.228890,1.232390
2019-09-09,1.228700,1.238110,1.223690,1.228310
2019-09-10,1.234640,1.237520,1.230840,1.234540
2019-09-11,1.235320,1.237120,1.232290,1.235480
2019-09-12,1.233520,1.235930,1.228640,1.233470
2019-09-13,1.233050,1.247040,1.232860,1.232940
2019-09-16,1.249840,1.249840,1.240200,1.249730
2019-09-17,1.242730,1.249530,1.239460,1.242850
2019-09-18,1.250310,1.250630,1.244140,1.250270
2019-09-19,1.247010,1.249860,1.244250,1.247050
2019-09-20,1.252660,1.258300,1.246480,1.252510
2019-09-23,1.247080,1.249170,1.241530,1.247190
2019-09-24,1.243560,1.250220,1.241560,1.243460
2019-09-25,1.248600,1.248780,1.235680,1.248600
2019-09-26,1.235930,1.238080,1.230500,1.235960
2019-09-27,1.233050,1.233650,1.227310,1.233200
2019-09-30,1.229290,1.234390,1.228490,1.229320
2019-10-01,1.229060,1.231380,1.221060,1.229000
2019-10-02,1.229320,1.231790,1.222870,1.229230
2019-10-03,1.230530,1.241260,1.226690,1.230440
2019-10-04,1.233990,1.235790,1.227750,1.234230
2019-10-07,1.233500,1.233810,1.228950,1.233440
2019-10-08,1.228880,1.230310,1.219930,1.228800
2019-10-09,1.222080,1.228320,1.220030,1.221960
2019-10-10,1.221270,1.238480,1.220960,1.221300
2019-10-11,1.243160,1.270030,1.243010,1.243320
2019-10-14,1.261100,1.264670,1.252220,1.261900
2019-10-15,1.260910,1.278950,1.260370,1.261180
2019-10-16,1.275920,1.286170,1.266820,1.276060
2019-10-17,1.282000,1.297840,1.275580,1.282380
2019-10-18,1.286700,1.291490,1.284080,1.286860
2019-10-21,1.290270,1.301270,1.289080,1.290020
2019-10-22,1.297150,1.298870,1.289410,1.297170
2019-10-23,1.288480,1.289490,1.284260,1.288480
2019-10-24,1.292090,1.294780,1.280800,1.292320
2019-10-25,1.284090,1.286020,1.280520,1.284030
2019-10-28,1.282860,1.287510,1.281230,1.283200
2019-10-29,1.285740,1.290470,1.280980,1.285740
2019-10-30,1.286670,1.290460,1.285890,1.286670
2019-10-31,1.290290,1.297540,1.290170,1.290170
2019-11-01,1.293860,1.297350,1.293480,1.293960
2019-11-04,1.294000,1.294500,1.290120,1.293760
2019-11-05,1.288690,1.291460,1.286110,1.289160
2019-11-06,1.287830,1.289770,1.286770,1.288060
2019-11-07,1.285660,1.287710,1.279620,1.285680
2019-11-08,1.281150,1.282220,1.276980,1.278000
2019-11-11,1.279660,1.289170,1.278670,1.279640
2019-11-12,1.285450,1.286840,1.281720,1.285840
2019-11-13,1.285350,1.286010,1.282500,1.285210
2019-11-14,1.285200,1.289160,1.282590,1.285380
2019-11-15,1.288280,1.291740,1.286920,1.288180
2019-11-18,1.291970,1.298210,1.291660,1.292120
2019-11-19,1.294970,1.297190,1.292540,1.295090
2019-11-20,1.292890,1.292950,1.289170,1.292950
2019-11-21,1.292690,1.297020,1.290010,1.292710
2019-11-22,1.291920,1.292990,1.282680,1.291990
2019-11-25,1.285100,1.291320,1.284190,1.285350
2019-11-26,1.289760,1.290490,1.283850,1.289720
2019-11-27,1.285930,1.289270,1.282820,1.286090
2019-11-28,1.293080,1.295170,1.290120,1.292990
2019-11-29,1.291070,1.294330,1.288200,1.291290
2019-12-02,1.291120,1.294330,1.289810,1.291290
2019-12-03,1.293850,1.300810,1.293140,1.294060
2019-12-04,1.299700,1.311990,1.298450,1.299780
2019-12-05,1.311050,1.316660,1.310620,1.311130
2019-12-06,1.315860,1.316520,1.310190,1.315840
2019-12-09,1.314410,1.318040,1.313720,1.313960
2019-12-10,1.314600,1.318880,1.313460,1.314580
2019-12-11,1.313210,1.318700,1.311320,1.313130
2019-12-12,1.320040,1.322930,1.311650,1.320010
2019-12-13,1.347650,1.350990,1.330960,1.347530
2019-12-16,1.335520,1.341710,1.332620,1.335330
2019-12-17,1.327180,1.330490,1.310410,1.327250
2019-12-18,1.312220,1.312560,1.306230,1.312220
2019-12-19,1.308470,1.312960,1.299660,1.308730
2019-12-20,1.301640,1.307840,1.300830,1.301740
2019-12-23,1.300530,1.303250,1.290710,1.300540
2019-12-24,1.294450,1.296950,1.292310,1.294500
2019-12-25,1.293490,1.298700,1.292300,1.293490
2019-12-26,1.297190,1.301570,1.296130,1.297350
2019-12-27,1.300290,1.311820,1.297220,1.300220
2019-12-30,1.309140,1.315270,1.308760,1.309190
2019-12-31,1.311650,1.328200,1.310960,1.311300
2020-01-01,1.325400,1.327100,1.321880,1.326260
2020-01-02,1.325050,1.326790,1.312510,1.325030
2020-01-03,1.314390,1.316120,1.305480,1.315270
2020-01-06,1.308130,1.317400,1.306540,1.308010
2020-01-07,1.317190,1.321210,1.309640,1.317000
2020-01-08,1.311130,1.316950,1.308270,1.311370
2020-01-09,1.310580,1.312460,1.301510,1.310510
2020-01-10,1.306930,1.309570,1.304940,1.307020
2020-01-13,1.304380,1.304630,1.296190,1.304560
2020-01-14,1.298770,1.301900,1.295670,1.298820
2020-01-15,1.302250,1.304120,1.298920,1.302250
2020-01-16,1.304120,1.308160,1.302900,1.304120
2020-01-17,1.307790,1.311580,1.301780,1.307870
2020-01-20,1.300710,1.300970,1.296480,1.300730
2020-01-21,1.300730,1.308400,1.299600,1.300560
2020-01-22,1.304630,1.314980,1.303780,1.304800
2020-01-23,1.314750,1.315180,1.309840,1.314470
2020-01-24,1.311990,1.316070,1.305990,1.311990
2020-01-27,1.306170,1.310310,1.305140,1.306180
2020-01-28,1.305990,1.306850,1.297760,1.306010
2020-01-29,1.302400,1.303100,1.299120,1.302460
2020-01-30,1.302250,1.310960,1.298040,1.302200
2020-01-31,1.308630,1.319610,1.308630,1.308900
2020-02-03,1.318080,1.318340,1.300140,1.318170
2020-02-04,1.299730,1.304260,1.294400,1.299750
2020-02-05,1.303140,1.307000,1.295860,1.303270
2020-02-06,1.299710,1.300050,1.292410,1.299710
2020-02-07,1.293010,1.295500,1.290010,1.293030
2020-02-10,1.288890,1.294830,1.287420,1.289160
2020-02-11,1.291660,1.296850,1.289610,1.291820
2020-02-12,1.295660,1.299210,1.295340,1.295660
2020-02-13,1.295860,1.306860,1.294530,1.295760
2020-02-14,1.304480,1.306340,1.300390,1.304680
2020-02-17,1.305090,1.305310,1.300440,1.305300
2020-02-18,1.300540,1.304900,1.297250,1.300900
2020-02-19,1.299980,1.302170,1.292810,1.300220
2020-02-20,1.292820,1.293040,1.285150,1.292820
2020-02-21,1.288150,1.297690,1.287960,1.288330
2020-02-24,1.295200,1.295500,1.288890,1.295370
2020-02-25,1.292520,1.301800,1.291660,1.292660
2020-02-26,1.300240,1.301070,1.291320,1.300340
2020-02-27,1.290720,1.294530,1.286260,1.290690
2020-02-28,1.288930,1.291890,1.275450,1.288890
2020-03-02,1.280560,1.285180,1.274190,1.280700
2020-03-03,1.276630,1.283750,1.275980,1.276720
2020-03-04,1.282120,1.284600,1.277160,1.282080
2020-03-05,1.287220,1.294580,1.286170,1.287500
2020-03-06,1.295000,1.304970,1.295000,1.295070
2020-03-09,1.309650,1.319980,1.303650,1.309930
2020-03-10,1.307530,1.308830,1.293440,1.307530
2020-03-11,1.290690,1.297740,1.285550,1.290970
2020-03-12,1.281760,1.285180,1.254300,1.281820
2020-03-13,1.257280,1.262500,1.240060,1.257020
2020-03-16,1.240030,1.240030,1.222280,1.239990
2020-03-17,1.226930,1.227050,1.200930,1.226660
2020-03-18,1.211610,1.213030,1.174650,1.212170
2020-03-19,1.161100,1.178860,1.147680,1.162530
2020-03-20,1.149640,1.192440,1.148210,1.149440
2020-03-23,1.160860,1.171170,1.148030,1.162300
2020-03-24,1.159780,1.178970,1.158370,1.159550
2020-03-25,1.179150,1.197320,1.164710,1.179200
2020-03-26,1.184410,1.213920,1.182260,1.185110
2020-03-27,1.219330,1.237990,1.215350,1.220060
2020-03-30,1.244860,1.246730,1.231980,1.245320
2020-03-31,1.236550,1.246950,1.226740,1.237160
2020-04-01,1.241160,1.243840,1.233500,1.240850
2020-04-02,1.238180,1.246560,1.235500,1.238240
2020-04-03,1.239190,1.239500,1.220730,1.239500
2020-04-06,1.221960,1.232740,1.221280,1.222020
2020-04-07,1.223480,1.238240,1.222050,1.224050
2020-04-08,1.233750,1.241800,1.228950,1.233870
2020-04-09,1.239170,1.247520,1.236250,1.239310
2020-04-10,1.245980,1.248810,1.244960,1.245490
2020-04-13,1.245900,1.253340,1.245580,1.246110
2020-04-14,1.252030,1.262080,1.251170,1.252400
2020-04-15,1.262400,1.262790,1.244080,1.262630
2020-04-16,1.252190,1.252660,1.241430,1.252100
2020-04-17,1.248780,1.252320,1.240860,1.248780
2020-04-20,1.248750,1.249160,1.241820,1.248750
2020-04-21,1.244250,1.244400,1.226350,1.244280
2020-04-22,1.230240,1.238310,1.227600,1.229860
2020-04-23,1.232260,1.241570,1.230940,1.232390
2020-04-24,1.235320,1.237420,1.229970,1.235220
2020-04-27,1.236860,1.245380,1.236120,1.236660
2020-04-28,1.242240,1.251850,1.240570,1.242270
2020-04-29,1.243390,1.248630,1.239050,1.243560
2020-04-30,1.246910,1.263780,1.242990,1.247150
2020-05-01,1.258100,1.258150,1.250410,1.258150
2020-05-04,1.245660,1.246880,1.240650,1.245420
2020-05-05,1.244820,1.248030,1.242220,1.244560
2020-05-06,1.244520,1.245020,1.233780,1.244420
2020-05-07,1.232740,1.241460,1.226990,1.232560
2020-05-08,1.237410,1.246350,1.235770,1.237590
2020-05-11,1.241630,1.243780,1.228580,1.241740
2020-05-12,1.233230,1.237620,1.228860,1.233350
2020-05-13,1.225370,1.233750,1.222200,1.225490
2020-05-14,1.223950,1.224160,1.216890,1.224160
2020-05-15,1.223390,1.223810,1.211640,1.223390
2020-05-18,1.208610,1.222430,1.208580,1.208580
2020-05-19,1.220260,1.226930,1.218490,1.220000
2020-05-20,1.225940,1.228700,1.222310,1.225600
2020-05-21,1.223540,1.224950,1.218650,1.223690
2020-05-22,1.222610,1.223540,1.216340,1.222340
2020-05-25,1.218670,1.220390,1.216500,1.218610
2020-05-26,1.220050,1.236280,1.219850,1.220140
2020-05-27,1.233500,1.234930,1.220940,1.233500
2020-05-28,1.226320,1.233500,1.223540,1.226480
2020-05-29,1.231970,1.239220,1.229330,1.232150
2020-06-01,1.234540,1.248500,1.234540,1.234800
2020-06-02,1.248840,1.257550,1.247960,1.248700
2020-06-03,1.257890,1.261300,1.255490,1.258150
2020-06-04,1.257450,1.262230,1.250160,1.257510
2020-06-05,1.260290,1.272980,1.258430,1.260910
2020-06-08,1.271390,1.272570,1.262870,1.272570
2020-06-09,1.273240,1.275490,1.262690,1.273530
2020-06-10,1.271130,1.280030,1.270740,1.271130
2020-06-11,1.271420,1.275040,1.262500,1.271070
2020-06-12,1.257560,1.265090,1.252330,1.257700
2020-06-15,1.251240,1.257850,1.245620,1.250880
2020-06-16,1.263820,1.268710,1.256030,1.263780
2020-06-17,1.258380,1.258730,1.251420,1.258510
2020-06-18,1.255160,1.256330,1.240460,1.255270
2020-06-19,1.242480,1.245490,1.235090,1.242680
2020-06-22,1.234550,1.245500,1.233730,1.234810
2020-06-23,1.249940,1.253160,1.243380,1.250160
2020-06-24,1.252800,1.254300,1.241700,1.252490
2020-06-25,1.241510,1.246420,1.239360,1.241300
2020-06-26,1.242420,1.243690,1.231720,1.242540
2020-06-29,1.234100,1.239000,1.225420,1.234220
2020-06-30,1.231070,1.239200,1.226000,1.231060
2020-07-01,1.238870,1.247740,1.236030,1.238930
2020-07-02,1.246820,1.252980,1.246180,1.246480
2020-07-03,1.246700,1.248630,1.244080,1.246640
2020-07-06,1.247750,1.251990,1.247550,1.247550
2020-07-07,1.249450,1.259100,1.246390,1.249550
2020-07-08,1.253790,1.260030,1.251020,1.254280
2020-07-09,1.261270,1.266950,1.260220,1.261350
2020-07-10,1.260650,1.266400,1.256910,1.260510
2020-07-13,1.262690,1.266640,1.259300,1.262750
2020-07-14,1.254970,1.255970,1.248190,1.255180
2020-07-15,1.257120,1.264970,1.256440,1.256930
2020-07-16,1.259030,1.262430,1.252100,1.259100
2020-07-17,1.256010,1.257230,1.251350,1.255950
2020-07-20,1.257230,1.265930,1.251910,1.257120
2020-07-21,1.266460,1.275140,1.265280,1.266180
2020-07-22,1.273450,1.274080,1.264570,1.273070
2020-07-23,1.273090,1.275980,1.267430,1.272990
2020-07-24,1.273060,1.279480,1.272010,1.273070
2020-07-27,1.279800,1.289960,1.279590,1.279590
2020-07-28,1.288880,1.294880,1.284140,1.288980
2020-07-29,1.292720,1.299380,1.291270,1.292370
2020-07-30,1.298260,1.306980,1.294570,1.298250
2020-07-31,1.311750,1.316970,1.310670,1.311790
2020-08-03,1.310100,1.311170,1.300590,1.310170
2020-08-04,1.307810,1.310630,1.298420,1.307870
2020-08-05,1.308690,1.316210,1.306050,1.308610
2020-08-06,1.312700,1.318510,1.311970,1.312680
2020-08-07,1.313440,1.314800,1.301170,1.313800
2020-08-10,1.305300,1.310200,1.301960,1.305230
2020-08-11,1.307620,1.313130,1.305740,1.307720
2020-08-12,1.305430,1.306680,1.300730,1.305070
2020-08-13,1.304970,1.312160,1.304500,1.304800
2020-08-14,1.307000,1.314160,1.305070,1.307050
2020-08-17,1.310440,1.312130,1.307480,1.310700
2020-08-18,1.310790,1.324050,1.310720,1.310790
2020-08-19,1.325310,1.326740,1.317370,1.325400
2020-08-20,1.310750,1.319370,1.306610,1.311080
2020-08-21,1.322160,1.325490,1.306400,1.322030
2020-08-24,1.309280,1.314920,1.306460,1.309410
2020-08-25,1.307210,1.317050,1.305980,1.307140
2020-08-26,1.314920,1.321250,1.311820,1.315220
2020-08-27,1.321890,1.327980,1.316670,1.321980
2020-08-28,1.319970,1.335360,1.318830,1.319960
2020-08-31,1.335510,1.339320,1.330260,1.335650
2020-09-01,1.336510,1.348070,1.335650,1.336450
2020-09-02,1.340050,1.340140,1.328530,1.339940
2020-09-03,1.335000,1.335130,1.324700,1.335130
2020-09-04,1.326700,1.331820,1.317800,1.326220
2020-09-07,1.324840,1.325910,1.314300,1.324570
2020-09-08,1.316260,1.316660,1.301220,1.316220
2020-09-09,1.296800,1.301800,1.288730,1.296850
2020-09-10,1.299880,1.303360,1.284410,1.299920
2020-09-11,1.281080,1.286010,1.276580,1.280830
2020-09-14,1.280980,1.291510,1.279200,1.280660
2020-09-15,1.284690,1.292490,1.281720,1.284970
2020-09-16,1.288330,1.300580,1.287830,1.288480
2020-09-17,1.296110,1.299510,1.286650,1.296000
2020-09-18,1.298410,1.299920,1.293660,1.297560
2020-09-21,1.293340,1.296610,1.278160,1.293280
2020-09-22,1.281670,1.286590,1.271410,1.282050
2020-09-23,1.274360,1.277580,1.267960,1.274400
2020-09-24,1.271800,1.277450,1.269280,1.271750
2020-09-25,1.275660,1.280380,1.269130,1.275710
2020-09-28,1.276540,1.291910,1.275310,1.276680
2020-09-29,1.287280,1.289870,1.283650,1.287350
2020-09-30,1.286500,1.293960,1.280790,1.286650
2020-10-01,1.291820,1.298030,1.282300,1.291760
2020-10-02,1.288560,1.295100,1.283960,1.288630
2020-10-05,1.292810,1.298750,1.290160,1.293110
2020-10-06,1.299210,1.300900,1.292340,1.299260
2020-10-07,1.288480,1.292930,1.285030,1.288330
2020-10-08,1.291660,1.296930,1.289660,1.291760
2020-10-09,1.293930,1.301510,1.292670,1.294050
2020-10-12,1.302930,1.307980,1.300560,1.303170
2020-10-13,1.306590,1.306750,1.296190,1.306570
2020-10-14,1.293330,1.306270,1.286670,1.293530
2020-10-15,1.301440,1.302930,1.289260,1.301240
2020-10-16,1.290310,1.296180,1.287330,1.290210
2020-10-19,1.292770,1.302290,1.292490,1.292770
2020-10-20,1.294700,1.297790,1.291270,1.294870
2020-10-21,1.295710,1.317140,1.295400,1.295400
2020-10-22,1.313110,1.314990,1.307170,1.313200
2020-10-23,1.307840,1.311440,1.302270,1.307810
2020-10-26,1.305360,1.307260,1.299550,1.305470
2020-10-27,1.301730,1.307790,1.300250,1.301570
2020-10-28,1.303170,1.306350,1.291840,1.303190
2020-10-29,1.298790,1.302520,1.288360,1.298990
2020-10-30,1.293210,1.298750,1.290010,1.293190
2020-11-02,1.292710,1.294250,1.285680,1.292670
2020-11-03,1.292400,1.307700,1.291610,1.292390
2020-11-04,1.313270,1.313770,1.291790,1.312160
2020-11-05,1.296110,1.313250,1.294260,1.296680
2020-11-06,1.313840,1.317590,1.309550,1.313940
2020-11-09,1.317920,1.320590,1.312160,1.318060
2020-11-10,1.316760,1.327630,1.315880,1.316970
2020-11-11,1.326150,1.329450,1.319440,1.326150
2020-11-12,1.322400,1.322870,1.312560,1.322420
2020-11-13,1.312390,1.318690,1.311130,1.312160
2020-11-16,1.321980,1.324190,1.316860,1.322050
2020-11-17,1.322310,1.327140,1.319380,1.322210
2020-11-18,1.325930,1.331110,1.324500,1.325910
2020-11-19,1.324490,1.326350,1.319960,1.325640
2020-11-20,1.325050,1.329560,1.324920,1.324920
2020-11-23,1.330340,1.339760,1.326660,1.330510
2020-11-24,1.332360,1.337970,1.329590,1.332910
2020-11-25,1.336240,1.339350,1.330710,1.336330
2020-11-26,1.338470,1.339870,1.332300,1.338540
2020-11-27,1.335220,1.338110,1.329590,1.335450
2020-11-30,1.333070,1.338130,1.330640,1.333190
2020-12-01,1.333720,1.343850,1.331910,1.333690
2020-12-02,1.342230,1.344140,1.329170,1.342260
2020-12-03,1.337100,1.350000,1.335430,1.337080
2020-12-04,1.345260,1.353770,1.341810,1.345500
2020-12-07,1.341560,1.343650,1.322740,1.341740
2020-12-08,1.335700,1.338490,1.329170,1.335740
2020-12-09,1.336650,1.347650,1.336270,1.336560
2020-12-10,1.336670,1.338960,1.324990,1.336700
2020-12-11,1.330230,1.332500,1.313700,1.330570
2020-12-14,1.331820,1.344380,1.329330,1.331820
2020-12-15,1.332540,1.344860,1.328520,1.333080
2020-12-16,1.344760,1.355010,1.343540,1.344450
2020-12-17,1.350290,1.362190,1.349670,1.350290
2020-12-18,1.356940,1.357240,1.347470,1.357020
2020-12-21,1.340270,1.341180,1.319230,1.340200
2020-12-22,1.344830,1.345660,1.330960,1.344950
2020-12-23,1.339750,1.356130,1.337290,1.339940
2020-12-24,1.351110,1.362030,1.350530,1.350530
2020-12-25,1.356960,1.361300,1.351530,1.355200
2020-12-28,1.357370,1.357770,1.343600,1.357240
2020-12-29,1.346570,1.352060,1.346180,1.346600
2020-12-30,1.349760,1.361750,1.349450,1.349990
2020-12-31,1.362990,1.368460,1.360930,1.363070
2021-01-01,1.369000,1.369000,1.366600,1.367300
2021-01-04,1.368270,1.370380,1.354900,1.368420
2021-01-05,1.357290,1.362580,1.355560,1.357160
2021-01-06,1.362640,1.366980,1.354300,1.362950
2021-01-07,1.362230,1.363380,1.354130,1.362530
2021-01-08,1.356820,1.363180,1.354040,1.356960
2021-01-11,1.352100,1.352980,1.345420,1.351630
2021-01-12,1.352580,1.363570,1.350770,1.352410
2021-01-13,1.366890,1.369990,1.362250,1.367050
2021-01-14,1.364720,1.369320,1.361730,1.364930
2021-01-15,1.368360,1.369790,1.357400,1.368360
2021-01-18,1.357420,1.358990,1.352100,1.357530
2021-01-19,1.358250,1.362790,1.358120,1.358120
2021-01-20,1.364500,1.371460,1.362420,1.364420
2021-01-21,1.366660,1.374530,1.366060,1.366850
2021-01-22,1.373040,1.373740,1.363720,1.372950
2021-01-25,1.368720,1.372290,1.365110,1.368820
2021-01-26,1.367560,1.374420,1.361040,1.367900
2021-01-27,1.374170,1.375990,1.366230,1.374150
2021-01-28,1.367350,1.373270,1.363160,1.366940
2021-01-29,1.372650,1.375120,1.365880,1.372500
2021-02-01,1.369810,1.375690,1.365800,1.369770
2021-02-02,1.367560,1.370950,1.361360,1.367880
2021-02-03,1.366210,1.368230,1.362100,1.365930
2021-02-04,1.365040,1.369860,1.357150,1.364910
2021-02-05,1.367280,1.374000,1.366760,1.367610
2021-02-08,1.373930,1.374990,1.368250,1.373870
2021-02-09,1.374570,1.379880,1.374380,1.374570
2021-02-10,1.381650,1.386600,1.380450,1.381800
2021-02-11,1.383240,1.385620,1.381080,1.383260
2021-02-12,1.381100,1.385670,1.377700,1.381020
2021-02-15,1.387150,1.391970,1.386690,1.387150
2021-02-16,1.391360,1.395150,1.387060,1.391480
2021-02-17,1.388640,1.390260,1.383150,1.388810
2021-02-18,1.386600,1.398440,1.384060,1.386640
2021-02-19,1.396800,1.403510,1.395210,1.396750
2021-02-22,1.402760,1.407600,1.398150,1.403110
2021-02-23,1.407020,1.411470,1.405740,1.407120
2021-02-24,1.412090,1.421710,1.408710,1.412030
2021-02-25,1.414550,1.418220,1.410060,1.414830
2021-02-26,1.400540,1.402010,1.389080,1.400820
2021-03-01,1.397620,1.399970,1.390570,1.397250
2021-03-02,1.392870,1.396220,1.385980,1.392950
2021-03-03,1.395480,1.400320,1.392290,1.395500
2021-03-04,1.392370,1.401110,1.391790,1.392700
2021-03-05,1.389510,1.390530,1.378170,1.389410
2021-03-08,1.384810,1.386000,1.380280,1.385370
2021-03-09,1.382440,1.392120,1.380340,1.382360
2021-03-10,1.388710,1.393420,1.384680,1.389040
2021-03-11,1.393130,1.398050,1.392180,1.393150
2021-03-12,1.398640,1.400400,1.386790,1.398990
2021-03-15,1.393090,1.394890,1.385430,1.392950
2021-03-16,1.390030,1.390120,1.381140,1.389910
2021-03-17,1.390280,1.392700,1.386890,1.390220
2021-03-18,1.397310,1.400050,1.389830,1.397580
2021-03-19,1.392310,1.395650,1.383280,1.392510
2021-03-22,1.383490,1.387520,1.381880,1.383260
2021-03-23,1.386020,1.386310,1.375590,1.386250
2021-03-24,1.373630,1.374250,1.367480,1.373040
2021-03-25,1.369020,1.373910,1.367070,1.368890
2021-03-26,1.374780,1.380990,1.374340,1.374910
2021-03-29,1.378930,1.384660,1.375720,1.379100
2021-03-30,1.377470,1.378360,1.370820,1.377510
2021-03-31,1.374760,1.381020,1.371820,1.374660
2021-04-01,1.378870,1.383700,1.374930,1.378630
2021-04-02,1.383510,1.385430,1.381440,1.383510
2021-04-05,1.382970,1.391380,1.381430,1.383130
2021-04-06,1.391320,1.391980,1.381940,1.391400
2021-04-07,1.383070,1.383970,1.373020,1.383130
2021-04-08,1.374020,1.378360,1.372040,1.374380
2021-04-09,1.373630,1.375330,1.367180,1.373440
2021-04-12,1.370860,1.377710,1.367050,1.371220
2021-04-13,1.375420,1.376900,1.370280,1.375380
2021-04-14,1.376270,1.380890,1.375060,1.375970
2021-04-15,1.377790,1.380890,1.376270,1.377920
2021-04-16,1.378470,1.382760,1.371890,1.378550
2021-04-19,1.381940,1.399190,1.381040,1.381850
2021-04-20,1.399210,1.400950,1.393590,1.399380
2021-04-21,1.393730,1.394890,1.388700,1.393880
2021-04-22,1.393280,1.395090,1.382860,1.393180
2021-04-23,1.384410,1.389660,1.383720,1.384030
2021-04-26,1.386710,1.392930,1.386640,1.386640
2021-04-27,1.389470,1.392350,1.385940,1.389560
2021-04-28,1.390300,1.392200,1.386250,1.390360
2021-04-29,1.395670,1.397580,1.393300,1.395670
2021-04-30,1.395050,1.395870,1.381020,1.395280
2021-05-03,1.381920,1.393110,1.380550,1.381980
2021-05-04,1.390400,1.390630,1.384060,1.390380
2021-05-05,1.388870,1.392640,1.387790,1.388810
2021-05-06,1.391250,1.393830,1.386650,1.390980
2021-05-07,1.389640,1.400070,1.389200,1.389850
2021-05-10,1.403750,1.415770,1.401580,1.404120
2021-05-11,1.413230,1.415790,1.410660,1.413130
2021-05-12,1.413730,1.415030,1.407840,1.413830
2021-05-13,1.406030,1.407940,1.400800,1.406370
2021-05-14,1.404690,1.411030,1.403710,1.405090
2021-05-17,1.410000,1.412830,1.407860,1.410180
2021-05-18,1.414850,1.422050,1.414690,1.414870
2021-05-19,1.419000,1.420200,1.413410,1.418800
2021-05-20,1.410800,1.418140,1.410320,1.410620
2021-05-21,1.418680,1.423350,1.415430,1.418560
2021-05-24,1.414030,1.417130,1.411850,1.414290
2021-05-25,1.415690,1.421040,1.411770,1.415610
2021-05-26,1.414330,1.417640,1.411930,1.414390
2021-05-27,1.411310,1.419490,1.409220,1.411610
2021-05-28,1.420350,1.420660,1.413710,1.420370
2021-05-31,1.418240,1.421690,1.416590,1.418040
2021-06-01,1.422760,1.424720,1.415570,1.422680
2021-06-02,1.415670,1.418440,1.411510,1.415710
2021-06-03,1.417210,1.420190,1.409300,1.417190
2021-06-04,1.411030,1.420050,1.408600,1.410990
2021-06-07,1.416190,1.418400,1.411230,1.416430
2021-06-08,1.417650,1.418640,1.412370,1.417660
2021-06-09,1.414830,1.418840,1.411570,1.414990
2021-06-10,1.411110,1.417050,1.407560,1.411230
2021-06-11,1.417110,1.418640,1.410640,1.417010
2021-06-14,1.412030,1.412430,1.407160,1.411930
2021-06-15,1.411030,1.412850,1.403690,1.410990
2021-06-16,1.408310,1.413230,1.407700,1.408150
2021-06-17,1.398350,1.400950,1.391210,1.399070
2021-06-18,1.393900,1.394510,1.379710,1.393860
2021-06-21,1.381650,1.391980,1.378720,1.381710
2021-06-22,1.392310,1.393050,1.386330,1.392540
2021-06-23,1.394880,1.400170,1.392490,1.394990
2021-06-24,1.396820,1.398660,1.389160,1.396750
2021-06-25,1.391790,1.393730,1.389220,1.391690
2021-06-28,1.389700,1.393920,1.387670,1.389510
2021-06-29,1.387930,1.388120,1.381600,1.387910
2021-06-30,1.384180,1.387150,1.380530,1.384270
2021-07-01,1.382760,1.383320,1.376390,1.382920
2021-07-02,1.375970,1.379770,1.373870,1.375950
2021-07-05,1.382930,1.386390,1.381920,1.383130
2021-07-06,1.385330,1.389850,1.378990,1.385620
2021-07-07,1.380090,1.384050,1.375740,1.380570
2021-07-08,1.379960,1.380280,1.374250,1.380110
2021-07-09,1.379310,1.387730,1.376050,1.379080
2021-07-12,1.389850,1.391010,1.384040,1.389950
2021-07-13,1.388970,1.390630,1.380170,1.388700
2021-07-14,1.380430,1.389100,1.380240,1.380610
2021-07-15,1.385710,1.389760,1.381410,1.385810
2021-07-16,1.382970,1.386190,1.377430,1.382970
2021-07-19,1.376220,1.376390,1.366570,1.376390
2021-07-20,1.366870,1.368870,1.357370,1.367000
2021-07-21,1.363460,1.369490,1.359190,1.363330
2021-07-22,1.371260,1.378760,1.369300,1.371400
2021-07-23,1.377410,1.378090,1.372120,1.377390
2021-07-26,1.375720,1.383300,1.373800,1.375780
2021-07-27,1.382550,1.389270,1.376800,1.382920
2021-07-28,1.388680,1.389660,1.384640,1.388270
2021-07-29,1.390820,1.398210,1.389990,1.390690
2021-07-30,1.396430,1.398410,1.389720,1.396430
2021-08-02,1.389660,1.393340,1.388500,1.389620
2021-08-03,1.389100,1.394000,1.388600,1.389270
2021-08-04,1.391590,1.395690,1.390140,1.391790
2021-08-05,1.389020,1.394760,1.387600,1.389040
2021-08-06,1.392780,1.393320,1.386250,1.392760
2021-08-09,1.386770,1.389350,1.384660,1.386850
2021-08-10,1.384850,1.387060,1.383370,1.384910
2021-08-11,1.383700,1.387210,1.380530,1.383600
2021-08-12,1.386850,1.387810,1.382360,1.386690
2021-08-13,1.381160,1.386210,1.379310,1.381160
2021-08-16,1.386640,1.387420,1.382970,1.386390
2021-08-17,1.384270,1.384270,1.373660,1.384270
2021-08-18,1.374000,1.377030,1.373400,1.374040
2021-08-19,1.374440,1.374970,1.365410,1.374380
2021-08-20,1.363180,1.364260,1.360360,1.363080
2021-08-23,1.362840,1.372010,1.362530,1.362530
2021-08-24,1.372460,1.374760,1.369580,1.372480
2021-08-25,1.372780,1.374290,1.369920,1.372550
2021-08-26,1.376460,1.376960,1.371070,1.376650
2021-08-27,1.369600,1.378090,1.368100,1.370240
2021-08-30,1.376520,1.377680,1.373630,1.376300
2021-08-31,1.376060,1.380430,1.374420,1.376050
2021-09-01,1.375370,1.379820,1.373170,1.375340
2021-09-02,1.377410,1.383590,1.376820,1.377160
2021-09-03,1.383800,1.387460,1.381980,1.383680
2021-09-06,1.385930,1.386000,1.381940,1.385920
2021-09-07,1.384030,1.385690,1.377010,1.383950
2021-09-08,1.377980,1.379120,1.372850,1.377980
2021-09-09,1.376650,1.385410,1.375400,1.376770
2021-09-10,1.383890,1.388890,1.383430,1.383970
2021-09-13,1.384030,1.385230,1.379790,1.384080
2021-09-14,1.384120,1.391320,1.383130,1.383810
2021-09-15,1.380850,1.385200,1.379310,1.381020
2021-09-16,1.384700,1.385040,1.376460,1.384890
2021-09-17,1.379940,1.381410,1.374360,1.379700
2021-09-20,1.372870,1.372990,1.364740,1.372970
2021-09-21,1.366060,1.369360,1.364220,1.366270
2021-09-22,1.365930,1.367800,1.361790,1.365750
2021-09-23,1.362010,1.374950,1.361290,1.361710
2021-09-24,1.372190,1.373770,1.365950,1.372250
2021-09-27,1.366940,1.372870,1.365930,1.366900
2021-09-28,1.370100,1.371780,1.352540,1.370160
2021-09-29,1.354150,1.355450,1.342410,1.354220
2021-09-30,1.342620,1.351720,1.341740,1.342640
2021-10-01,1.346960,1.357350,1.343630,1.346980
2021-10-04,1.357090,1.363980,1.353360,1.357090
2021-10-05,1.360770,1.365000,1.358580,1.360750
2021-10-06,1.362560,1.363140,1.354460,1.362770
2021-10-07,1.359270,1.363740,1.357180,1.359210
2021-10-08,1.361950,1.365370,1.358490,1.362030
2021-10-11,1.361820,1.367430,1.361290,1.361660
2021-10-12,1.359290,1.363740,1.357040,1.359060
2021-10-13,1.357720,1.364760,1.357700,1.357880
2021-10-14,1.367070,1.373440,1.365900,1.366920
2021-10-15,1.366870,1.377350,1.366870,1.366890
2021-10-18,1.376010,1.376410,1.371080,1.376160
2021-10-19,1.373820,1.383200,1.373650,1.373650
2021-10-20,1.379480,1.382360,1.374320,1.379320
2021-10-21,1.382360,1.383400,1.378720,1.382300
2021-10-22,1.379120,1.381430,1.374310,1.379120
2021-10-25,1.376650,1.379180,1.374340,1.376270
2021-10-26,1.376610,1.382950,1.375820,1.376440
2021-10-27,1.376840,1.378040,1.371080,1.376610
2021-10-28,1.373250,1.381520,1.372310,1.373290
2021-10-29,1.380070,1.380450,1.368180,1.380070
2021-11-01,1.368640,1.369240,1.364240,1.368330
2021-11-02,1.365930,1.366720,1.361080,1.365540
2021-11-03,1.361750,1.366460,1.361140,1.361740
2021-11-04,1.369360,1.369490,1.347320,1.369490
2021-11-05,1.350950,1.350990,1.342590,1.350860
2021-11-08,1.348960,1.357980,1.345190,1.349130
2021-11-09,1.356370,1.360540,1.352630,1.356450
2021-11-10,1.356100,1.356670,1.346840,1.356000
2021-11-11,1.341270,1.343270,1.337020,1.341270
2021-11-12,1.336720,1.342280,1.335400,1.336650
2021-11-15,1.341690,1.344950,1.340390,1.341710
2021-11-16,1.341090,1.347350,1.340840,1.340840
2021-11-17,1.342430,1.349020,1.340270,1.342460
2021-11-18,1.348960,1.351390,1.346540,1.349160
2021-11-19,1.349840,1.350990,1.340840,1.349960
2021-11-22,1.343360,1.344990,1.339230,1.343450
2021-11-23,1.339760,1.340840,1.334420,1.339760
2021-11-24,1.337580,1.338970,1.332480,1.337600
2021-11-25,1.333100,1.335300,1.330650,1.333070
2021-11-26,1.331350,1.334850,1.328060,1.331420
2021-11-29,1.333960,1.336310,1.329030,1.334100
2021-11-30,1.331660,1.336930,1.320620,1.331500
2021-12-01,1.329590,1.335110,1.327720,1.329590
2021-12-02,1.327930,1.333260,1.327250,1.328000
2021-12-03,1.330070,1.330810,1.321140,1.330000
2021-12-06,1.323290,1.328550,1.322380,1.323730
2021-12-07,1.326420,1.328970,1.321060,1.326440
2021-12-08,1.324850,1.326260,1.317470,1.324610
2021-12-09,1.321000,1.321700,1.317630,1.321000
2021-12-10,1.322490,1.327100,1.319090,1.322400
2021-12-13,1.325800,1.326880,1.322240,1.325710
2021-12-14,1.321340,1.325560,1.319090,1.321350
2021-12-15,1.323140,1.328290,1.320810,1.323050
2021-12-16,1.326400,1.337330,1.324310,1.326310
2021-12-17,1.332430,1.334040,1.325770,1.332370
2021-12-20,1.323000,1.324350,1.317400,1.322940
2021-12-21,1.320990,1.326120,1.319980,1.321000
2021-12-22,1.327000,1.336240,1.324140,1.326960
2021-12-23,1.335200,1.343720,1.334510,1.335200
2021-12-24,1.340910,1.342570,1.339410,1.340660
2021-12-27,1.340520,1.344070,1.339230,1.340430
2021-12-28,1.344450,1.346260,1.341830,1.344270
2021-12-29,1.343400,1.349930,1.340910,1.343330
2021-12-30,1.349760,1.352160,1.345530,1.349880
2021-12-31,1.349890,1.354850,1.346750,1.349840
2022-01-03,1.352230,1.353180,1.343270,1.352230
2022-01-04,1.348280,1.355670,1.346080,1.348330
2022-01-05,1.353050,1.357330,1.352270,1.353140
2022-01-06,1.355550,1.355750,1.349110,1.355560
2022-01-07,1.353400,1.358340,1.352940,1.353360
2022-01-10,1.359080,1.360190,1.353420,1.359230
2022-01-11,1.358170,1.362420,1.356280,1.358030
2022-01-12,1.363400,1.369940,1.362210,1.363330
2022-01-13,1.370690,1.374950,1.370560,1.371000
2022-01-14,1.371290,1.374190,1.366770,1.371370
2022-01-17,1.367350,1.368900,1.363870,1.367350
2022-01-18,1.364800,1.366120,1.357630,1.364800
2022-01-19,1.360080,1.364820,1.358940,1.360030
2022-01-20,1.360950,1.366160,1.360160,1.360860
2022-01-21,1.360030,1.360360,1.354760,1.359770
2022-01-24,1.355490,1.356670,1.344300,1.355580
2022-01-25,1.348980,1.350060,1.343710,1.348930
2022-01-26,1.351040,1.352450,1.349420,1.351080
2022-01-27,1.346780,1.346800,1.336060,1.346800
2022-01-28,1.338850,1.343200,1.336560,1.338830
2022-01-31,1.340210,1.345420,1.339530,1.340340
2022-02-01,1.344270,1.351410,1.343580,1.344540
2022-02-02,1.352390,1.358490,1.351720,1.352540
2022-02-03,1.356450,1.362550,1.353910,1.356500
2022-02-04,1.359620,1.361660,1.350800,1.359840
2022-02-07,1.353360,1.355030,1.349180,1.353340
2022-02-08,1.353840,1.356670,1.350990,1.353780
2022-02-09,1.354810,1.358820,1.353820,1.354760
2022-02-10,1.353400,1.364330,1.352540,1.353330
2022-02-11,1.354980,1.360880,1.351530,1.355180
2022-02-14,1.357020,1.357220,1.349580,1.356960
2022-02-15,1.353330,1.356690,1.349020,1.353290
2022-02-16,1.354110,1.358990,1.353910,1.354110
2022-02-17,1.358230,1.363640,1.355800,1.358490
2022-02-18,1.361540,1.364070,1.357440,1.361880
2022-02-21,1.359180,1.363830,1.358710,1.359340
2022-02-22,1.359530,1.360540,1.354000,1.359600
2022-02-23,1.359080,1.361950,1.354920,1.358940
2022-02-24,1.354460,1.354740,1.327600,1.354570
2022-02-25,1.337220,1.343910,1.336900,1.337330
2022-02-28,1.337010,1.343110,1.334260,1.337330
2022-03-01,1.342280,1.343720,1.331200,1.342280
2022-03-02,1.333330,1.337100,1.327400,1.333510
2022-03-03,1.339730,1.341800,1.332040,1.339690
2022-03-04,1.335130,1.335130,1.320530,1.335100
2022-03-07,1.321250,1.322590,1.310390,1.321250
2022-03-08,1.311410,1.314290,1.308370,1.311230
2022-03-09,1.310260,1.318240,1.309930,1.309930
2022-03-10,1.318840,1.319470,1.310740,1.318570
2022-03-11,1.310310,1.312490,1.305240,1.310320
2022-03-14,1.304960,1.307870,1.301050,1.305030
2022-03-15,1.301080,1.308870,1.300140,1.301190
2022-03-16,1.304500,1.311440,1.303660,1.304650
2022-03-17,1.314080,1.321110,1.308950,1.314110
2022-03-18,1.316050,1.318170,1.311200,1.316040
2022-03-21,1.316070,1.320990,1.312840,1.316080
2022-03-22,1.316790,1.327250,1.312090,1.316830
2022-03-23,1.326960,1.329890,1.317630,1.326650
2022-03-24,1.320650,1.321480,1.315790,1.320600
2022-03-25,1.319590,1.322560,1.316170,1.319570
2022-03-28,1.317700,1.317890,1.306860,1.317630
2022-03-29,1.310000,1.315930,1.305230,1.310360
2022-03-30,1.309290,1.318060,1.309160,1.309380
2022-03-31,1.313680,1.317090,1.310960,1.313890
2022-04-01,1.314580,1.314700,1.308870,1.314700
2022-04-04,1.310510,1.313630,1.309520,1.310380
2022-04-05,1.311300,1.316690,1.310050,1.311460
2022-04-06,1.307630,1.310680,1.304670,1.307740
2022-04-07,1.307170,1.310670,1.305500,1.307210
2022-04-08,1.306860,1.307870,1.298480,1.306930
2022-04-11,1.302950,1.305760,1.298990,1.303220
2022-04-12,1.302350,1.305360,1.299700,1.302420
2022-04-13,1.300350,1.307160,1.297440,1.300250
2022-04-14,1.312220,1.314750,1.303820,1.312030
2022-04-15,1.306170,1.307670,1.305280,1.307000
2022-04-18,1.305770,1.305770,1.300800,1.305760
2022-04-19,1.300760,1.303980,1.298330,1.300980
2022-04-20,1.301570,1.306680,1.299800,1.301370
2022-04-21,1.306810,1.308830,1.302420,1.306880
2022-04-22,1.302410,1.303370,1.284080,1.302630
2022-04-25,1.282910,1.283090,1.269910,1.283090
2022-04-26,1.273720,1.277240,1.261300,1.274000
2022-04-27,1.258450,1.260080,1.250390,1.258400
2022-04-28,1.253970,1.256680,1.241400,1.254190
2022-04-29,1.246810,1.258350,1.246390,1.246390
2022-05-02,1.257380,1.259640,1.250530,1.257390
2022-05-03,1.250110,1.256640,1.249380,1.249830
2022-05-04,1.249940,1.253760,1.246740,1.250040
2022-05-05,1.261890,1.263170,1.232760,1.261810
2022-05-06,1.236640,1.238020,1.227770,1.236410
2022-05-09,1.232890,1.240490,1.226210,1.232670
2022-05-10,1.233490,1.237470,1.229380,1.233880
2022-05-11,1.230750,1.239800,1.228200,1.230920
2022-05-12,1.223470,1.224810,1.217140,1.223420
2022-05-13,1.220440,1.224510,1.215720,1.220610
2022-05-16,1.226150,1.229720,1.221900,1.225850
2022-05-17,1.232710,1.249810,1.232210,1.232480
2022-05-18,1.249050,1.250060,1.237420,1.248440
2022-05-19,1.234770,1.252270,1.234070,1.234580
2022-05-20,1.246560,1.249880,1.243970,1.246210
2022-05-23,1.250690,1.260110,1.250120,1.250410
2022-05-24,1.256770,1.259680,1.247270,1.256750
2022-05-25,1.254150,1.255790,1.248420,1.254300
2022-05-26,1.258700,1.262120,1.255300,1.258610
2022-05-27,1.261860,1.266620,1.258720,1.261730
2022-05-30,1.262510,1.266030,1.261770,1.262830
2022-05-31,1.264530,1.264850,1.256250,1.264700
2022-06-01,1.260970,1.261690,1.246010,1.260890
2022-06-02,1.248420,1.256960,1.247040,1.248310
2022-06-03,1.257780,1.259000,1.249450,1.257920
2022-06-06,1.248830,1.257700,1.247990,1.249230
2022-06-07,1.252320,1.259450,1.243440,1.252350
2022-06-08,1.258610,1.258990,1.251500,1.258730
2022-06-09,1.254220,1.255400,1.249300,1.254030
2022-06-10,1.249380,1.251820,1.231560,1.249300
2022-06-13,1.227810,1.230010,1.212770,1.227490
2022-06-14,1.214400,1.220270,1.199260,1.214480
2022-06-15,1.201350,1.212530,1.199210,1.201260
2022-06-16,1.218150,1.234490,1.205040,1.217430
2022-06-17,1.235030,1.235480,1.217400,1.235480
2022-06-20,1.222820,1.227780,1.220060,1.222820
2022-06-21,1.225010,1.231920,1.224920,1.225170
2022-06-22,1.226410,1.231470,1.216860,1.226660
2022-06-23,1.225320,1.229470,1.217180,1.225080
2022-06-24,1.226200,1.231680,1.224350,1.226080
2022-06-27,1.228800,1.233080,1.223980,1.228240
2022-06-28,1.226750,1.229110,1.218770,1.226740
2022-06-29,1.218640,1.221220,1.210680,1.218980
2022-06-30,1.213110,1.218620,1.209440,1.213180
2022-07-01,1.216000,1.216200,1.198060,1.216090
2022-07-04,1.210580,1.216520,1.208630,1.210270
2022-07-05,1.211400,1.212610,1.190050,1.211450
2022-07-06,1.194960,1.198640,1.187760,1.194910
2022-07-07,1.191900,1.202180,1.191000,1.192320
2022-07-08,1.203200,1.205530,1.192190,1.202800
2022-07-11,1.201780,1.202000,1.186940,1.201660
2022-07-12,1.189990,1.191210,1.181130,1.190090
2022-07-13,1.188270,1.195940,1.183530,1.187780
2022-07-14,1.186200,1.188410,1.176320,1.186380
2022-07-15,1.183870,1.187370,1.180600,1.183960
2022-07-18,1.188790,1.203020,1.187550,1.188830
2022-07-19,1.195070,1.204280,1.192930,1.194830
2022-07-20,1.200420,1.203660,1.195830,1.200350
2022-07-21,1.196620,1.200240,1.189300,1.197170
2022-07-22,1.199690,1.206420,1.192020,1.199620
2022-07-25,1.198420,1.208310,1.196220,1.198700
2022-07-26,1.205760,1.209220,1.196540,1.205520
2022-07-27,1.203820,1.208660,1.202230,1.203690
2022-07-28,1.216660,1.219050,1.210450,1.216310
2022-07-29,1.217450,1.224260,1.206710,1.217340
2022-08-01,1.216780,1.229200,1.216490,1.216740
2022-08-02,1.225960,1.227840,1.218180,1.225420
2022-08-03,1.214790,1.220730,1.210160,1.214300
2022-08-04,1.213950,1.219510,1.207180,1.213830
2022-08-05,1.215920,1.216750,1.200770,1.215850
2022-08-08,1.206390,1.213520,1.204860,1.205950
2022-08-09,1.208500,1.212930,1.206830,1.208470
2022-08-10,1.207260,1.227450,1.206720,1.207420
2022-08-11,1.221280,1.224890,1.218290,1.221300
2022-08-12,1.219660,1.221000,1.210360,1.219620
2022-08-15,1.212990,1.214770,1.205120,1.212800
2022-08-16,1.205560,1.211640,1.200940,1.205690
2022-08-17,1.209670,1.213810,1.202990,1.209820
2022-08-18,1.204590,1.207820,1.196890,1.204510
2022-08-19,1.193370,1.193370,1.179330,1.193270
2022-08-22,1.181770,1.183850,1.174260,1.181810
2022-08-23,1.176710,1.187320,1.172000,1.176650
2022-08-24,1.183150,1.186540,1.175880,1.183280
2022-08-25,1.179020,1.186300,1.178590,1.179180
2022-08-26,1.182590,1.190010,1.175310,1.182400
2022-08-29,1.169180,1.174260,1.164960,1.169450
2022-08-30,1.172130,1.175810,1.162300,1.172250
2022-08-31,1.166090,1.169450,1.160030,1.165980
2022-09-01,1.159690,1.161710,1.150320,1.159850
2022-09-02,1.154730,1.158860,1.153140,1.154890
2022-09-05,1.147860,1.152070,1.144520,1.147460
2022-09-06,1.156890,1.160770,1.149620,1.156640
2022-09-07,1.151280,1.152370,1.140950,1.151190
2022-09-08,1.152250,1.156020,1.146160,1.151980
2022-09-09,1.152050,1.164860,1.151660,1.152160
2022-09-12,1.161800,1.171120,1.160170,1.161940
2022-09-13,1.168980,1.173760,1.152030,1.168980
2022-09-14,1.150350,1.158940,1.148080,1.150620
2022-09-15,1.154290,1.154870,1.146990,1.154490
2022-09-16,1.145480,1.148070,1.135270,1.145270
2022-09-19,1.143640,1.144160,1.135580,1.143310
2022-09-20,1.144850,1.146040,1.138390,1.144320
2022-09-21,1.138070,1.138560,1.130620,1.138060
2022-09-22,1.125520,1.136290,1.121320,1.125590
2022-09-23,1.126300,1.127340,1.089859,1.126420
2022-09-26,1.079914,1.091560,1.037904,1.079739
2022-09-27,1.077006,1.083541,1.073849,1.077284
2022-09-28,1.072846,1.083964,1.054163,1.072754
2022-09-29,1.083459,1.106560,1.076449,1.083600
2022-09-30,1.116180,1.123390,1.102680,1.116940
2022-10-03,1.113650,1.133230,1.108790,1.114060
2022-10-04,1.133970,1.144600,1.128220,1.133410
2022-10-05,1.145060,1.149490,1.122780,1.145130
2022-10-06,1.135590,1.138340,1.112040,1.135540
2022-10-07,1.116520,1.122370,1.109200,1.116210
2022-10-10,1.107440,1.111090,1.102350,1.107270
2022-10-11,1.107850,1.117130,1.100180,1.107640
2022-10-12,1.096780,1.109870,1.092645,1.096780
2022-10-13,1.109930,1.136200,1.105830,1.110560
2022-10-14,1.130150,1.135870,1.116200,1.130390
2022-10-17,1.123870,1.143860,1.121710,1.124420
2022-10-18,1.135520,1.141200,1.125810,1.135400
2022-10-19,1.133950,1.134980,1.122250,1.134430
2022-10-20,1.120950,1.133320,1.117370,1.121100
2022-10-21,1.122540,1.129320,1.106380,1.122150
2022-10-24,1.133650,1.137980,1.127480,1.134470
2022-10-25,1.130540,1.149950,1.127370,1.130770
2022-10-26,1.146070,1.162360,1.143420,1.146220
2022-10-27,1.163350,1.164420,1.155090,1.163820
2022-10-28,1.156740,1.160010,1.150620,1.156600
2022-10-31,1.160080,1.161330,1.147990,1.159600
2022-11-01,1.147180,1.156520,1.144680,1.146820
2022-11-02,1.149210,1.152740,1.145860,1.148950
2022-11-03,1.138230,1.142180,1.116260,1.138430
2022-11-04,1.117080,1.133380,1.116330,1.117120
2022-11-07,1.133790,1.148320,1.129540,1.133160
2022-11-08,1.151340,1.159760,1.143130,1.151800
2022-11-09,1.154880,1.156680,1.135920,1.155270
2022-11-10,1.136910,1.168280,1.136510,1.136820
2022-11-11,1.169920,1.180000,1.164890,1.169560
2022-11-14,1.179750,1.182830,1.171190,1.179910
2022-11-15,1.175250,1.200410,1.174290,1.175250
2022-11-16,1.188110,1.194140,1.183250,1.188040
2022-11-17,1.191900,1.195570,1.176470,1.191530
2022-11-18,1.185940,1.195000,1.185930,1.186010
2022-11-21,1.188660,1.188760,1.178050,1.188640
2022-11-22,1.182450,1.190220,1.182310,1.182760
2022-11-23,1.189900,1.207830,1.187340,1.189460
2022-11-24,1.207850,1.215420,1.206050,1.207350
2022-11-25,1.211020,1.213000,1.206190,1.211340
2022-11-28,1.206050,1.211800,1.202270,1.205470
2022-11-29,1.196320,1.206370,1.195490,1.196030
2022-11-30,1.194390,1.202750,1.190380,1.194690
2022-12-01,1.207550,1.229690,1.207360,1.207750
2022-12-02,1.225450,1.229650,1.213920,1.225930
2022-12-05,1.229760,1.234480,1.216540,1.229720
2022-12-06,1.219360,1.226330,1.215890,1.219240
2022-12-07,1.213390,1.222370,1.210790,1.213300
2022-12-08,1.221340,1.224660,1.215640,1.221240
2022-12-09,1.223480,1.232350,1.222280,1.223600
2022-12-12,1.223680,1.230010,1.221340,1.223920
2022-12-13,1.227010,1.244150,1.225140,1.227080
2022-12-14,1.235560,1.242210,1.234390,1.235670
2022-12-15,1.241930,1.242540,1.220440,1.241940
2022-12-16,1.219130,1.222250,1.212240,1.218920
2022-12-19,1.216070,1.224160,1.212340,1.216030
2022-12-20,1.215600,1.221930,1.208690,1.215330
2022-12-21,1.218920,1.219040,1.207100,1.218920
2022-12-22,1.207730,1.214620,1.199430,1.207740
2022-12-23,1.203890,1.209010,1.202050,1.203990
2022-12-26,1.206000,1.209610,1.205400,1.206000
2022-12-27,1.208360,1.211230,1.200340,1.208420
2022-12-28,1.202780,1.212420,1.200340,1.202730
2022-12-29,1.203300,1.207580,1.201550,1.202850
2022-12-30,1.205660,1.210680,1.201270,1.205630
2023-01-02,1.212020,1.212340,1.203760,1.212030
2023-01-03,1.206400,1.209000,1.190380,1.206290
2023-01-04,1.196770,1.208660,1.196770,1.196970
2023-01-05,1.205270,1.207820,1.187800,1.205710
2023-01-06,1.191030,1.206750,1.184460,1.191230
2023-01-09,1.212080,1.220730,1.209530,1.211640
2023-01-10,1.218470,1.219810,1.211250,1.218490
2023-01-11,1.215450,1.217790,1.210180,1.215450
2023-01-12,1.216010,1.223740,1.209720,1.215950
2023-01-13,1.221640,1.224690,1.215180,1.221780
2023-01-16,1.222460,1.228860,1.217430,1.222670
2023-01-17,1.220880,1.229980,1.217060,1.220780
2023-01-18,1.228370,1.243320,1.225660,1.228470
2023-01-19,1.234670,1.237550,1.231390,1.234770
2023-01-20,1.239200,1.240000,1.233650,1.239330
2023-01-23,1.240730,1.244930,1.232470,1.240630
2023-01-24,1.237930,1.241370,1.226500,1.237980
2023-01-25,1.233240,1.239910,1.228560,1.232920
2023-01-26,1.241160,1.243090,1.234600,1.241250
2023-01-27,1.241500,1.241930,1.234810,1.241530
2023-01-30,1.240130,1.241760,1.236870,1.240030
2023-01-31,1.235220,1.237010,1.228640,1.235360
2023-02-01,1.230780,1.234720,1.230310,1.230890
2023-02-02,1.238870,1.240190,1.224070,1.239000
2023-02-03,1.222200,1.226620,1.206580,1.222300
2023-02-06,1.204460,1.207850,1.200640,1.204510
2023-02-07,1.202720,1.206000,1.196320,1.202670
2023-02-08,1.205470,1.211040,1.203960,1.205460
2023-02-09,1.207290,1.219240,1.205780,1.207150
2023-02-10,1.211670,1.213840,1.206040,1.211680
2023-02-13,1.205120,1.214370,1.203250,1.205230
2023-02-14,1.215130,1.225700,1.212110,1.215210
2023-02-15,1.217480,1.218150,1.199110,1.217430
2023-02-16,1.204180,1.207390,1.196720,1.203980
2023-02-17,1.197460,1.203140,1.191680,1.197530
2023-02-20,1.202830,1.205650,1.201550,1.202980
2023-02-21,1.203720,1.214390,1.199130,1.203920
2023-02-22,1.210990,1.213560,1.205850,1.210930
2023-02-23,1.204910,1.207540,1.201350,1.204990
2023-02-24,1.201740,1.204060,1.193150,1.201780
2023-02-27,1.195110,1.205690,1.192320,1.195240
2023-02-28,1.206300,1.214260,1.202760,1.206160
2023-03-01,1.203140,1.208820,1.196690,1.203350
2023-03-02,1.203040,1.203630,1.192760,1.202990
2023-03-03,1.195040,1.201880,1.194930,1.195160
2023-03-06,1.203050,1.204800,1.199440,1.202850
2023-03-07,1.202670,1.206400,1.185260,1.202650
2023-03-08,1.182940,1.185790,1.180790,1.182770
2023-03-09,1.184950,1.193550,1.183380,1.185020
2023-03-10,1.192390,1.210980,1.191160,1.192250
2023-03-13,1.207710,1.217610,1.205150,1.207930
2023-03-14,1.216810,1.220210,1.214150,1.217140
2023-03-15,1.215200,1.218150,1.201910,1.215210
2023-03-16,1.206830,1.211670,1.202940,1.206930
2023-03-17,1.211180,1.217660,1.210320,1.211050
2023-03-20,1.218810,1.226510,1.216810,1.218770
2023-03-21,1.227480,1.228180,1.218290,1.227630
2023-03-22,1.222580,1.229570,1.220930,1.222510
2023-03-23,1.227870,1.234260,1.226660,1.227970
2023-03-24,1.227940,1.229000,1.219230,1.228150
2023-03-27,1.224180,1.229110,1.221990,1.224600
2023-03-28,1.229720,1.234900,1.228200,1.229760
2023-03-29,1.233620,1.236000,1.230500,1.233050
2023-03-30,1.231120,1.238360,1.229540,1.231360
2023-03-31,1.238730,1.242270,1.234510,1.238730
2023-04-03,1.228890,1.242000,1.227690,1.228700
2023-04-04,1.242100,1.252030,1.239630,1.242310
2023-04-05,1.249950,1.251470,1.243630,1.249840
2023-04-06,1.246480,1.248630,1.241430,1.246310
2023-04-07,1.244110,1.245620,1.239430,1.243900
2023-04-10,1.243460,1.244280,1.234870,1.243160
2023-04-11,1.239510,1.245730,1.238770,1.239220
2023-04-12,1.243010,1.248350,1.239960,1.243100
2023-04-13,1.249140,1.253670,1.247990,1.249270
2023-04-14,1.252320,1.254710,1.241430,1.252530
2023-04-17,1.240200,1.243940,1.235500,1.240020
2023-04-18,1.237420,1.244970,1.236810,1.237550
2023-04-19,1.242960,1.247330,1.239360,1.242540
2023-04-20,1.242880,1.246630,1.240630,1.242880
2023-04-21,1.243940,1.244710,1.237040,1.244090
2023-04-24,1.244830,1.246840,1.241360,1.244970
2023-04-25,1.249950,1.250690,1.238850,1.250000
2023-04-26,1.241620,1.251160,1.240360,1.241480
2023-04-27,1.247150,1.249380,1.243870,1.247150
2023-04-28,1.250060,1.258130,1.244860,1.249750
2023-05-01,1.255840,1.257000,1.248950,1.255760
2023-05-02,1.248740,1.251220,1.243660,1.248600
2023-05-03,1.247970,1.255210,1.246960,1.247660
2023-05-04,1.256870,1.259680,1.255220,1.256900
2023-05-05,1.258260,1.265100,1.256600,1.258340
2023-05-08,1.263100,1.266950,1.262820,1.263060
2023-05-09,1.261270,1.263920,1.258050,1.261270
2023-05-10,1.262560,1.267910,1.260410,1.262470
2023-05-11,1.262900,1.264060,1.249980,1.262700
2023-05-12,1.251020,1.254090,1.245950,1.250810
2023-05-15,1.245380,1.252540,1.244560,1.245100
2023-05-16,1.252600,1.254580,1.246680,1.252520
2023-05-17,1.248700,1.249410,1.242210,1.248440
2023-05-18,1.248250,1.249380,1.240060,1.248280
2023-05-19,1.241310,1.247860,1.239390,1.241230
2023-05-22,1.246120,1.247260,1.241500,1.246110
2023-05-23,1.243600,1.244690,1.237330,1.243440
2023-05-24,1.241850,1.246420,1.235800,1.241730
2023-05-25,1.236840,1.238590,1.231910,1.237100
2023-05-26,1.231910,1.239430,1.231220,1.231830
2023-05-29,1.234600,1.237320,1.233670,1.234690
2023-05-30,1.234740,1.244520,1.232850,1.234930
2023-05-31,1.241460,1.242510,1.234900,1.241190
2023-06-01,1.244560,1.253700,1.240330,1.244690
2023-06-02,1.252960,1.254520,1.245810,1.252600
2023-06-05,1.242990,1.244090,1.236970,1.243020
2023-06-06,1.243290,1.245840,1.239360,1.243320
2023-06-07,1.243150,1.249970,1.239620,1.242850
2023-06-08,1.244730,1.255710,1.244200,1.244590
2023-06-09,1.255890,1.259130,1.253570,1.255950
2023-06-12,1.257810,1.259940,1.248800,1.258100
2023-06-13,1.251490,1.261960,1.251490,1.251530
2023-06-14,1.260720,1.269990,1.260080,1.260680
2023-06-15,1.267150,1.276540,1.263100,1.267090
2023-06-16,1.278630,1.284770,1.276890,1.278580
2023-06-19,1.283370,1.284000,1.278660,1.283040
2023-06-20,1.279490,1.280570,1.271520,1.279480
2023-06-21,1.276470,1.279790,1.269360,1.276540
2023-06-22,1.277120,1.281720,1.273030,1.277200
2023-06-23,1.274520,1.275050,1.269200,1.274710
2023-06-26,1.273250,1.274830,1.268970,1.272960
2023-06-27,1.270920,1.275920,1.270490,1.271200
2023-06-28,1.274450,1.275140,1.260830,1.274470
2023-06-29,1.264130,1.266590,1.259260,1.264250
2023-06-30,1.261500,1.272620,1.260140,1.261460
2023-07-03,1.269360,1.271940,1.266030,1.269330
2023-07-04,1.269040,1.273640,1.268470,1.269290
2023-07-05,1.272090,1.273410,1.268920,1.271760
2023-07-06,1.270630,1.278040,1.267620,1.270450
2023-07-07,1.274230,1.284010,1.272720,1.274270
2023-07-10,1.283860,1.283890,1.275270,1.283890
2023-07-11,1.286320,1.293330,1.285980,1.286470
2023-07-12,1.293490,1.300220,1.290510,1.293480
2023-07-13,1.299800,1.311340,1.299020,1.299630
2023-07-14,1.313150,1.314230,1.309520,1.312850
2023-07-17,1.309120,1.310720,1.305450,1.309020
2023-07-18,1.307090,1.312460,1.305130,1.307170
2023-07-19,1.303510,1.303950,1.287170,1.303510
2023-07-20,1.293980,1.296510,1.284190,1.293980
2023-07-21,1.286970,1.290390,1.281790,1.287230
2023-07-24,1.285180,1.288340,1.279920,1.285350
2023-07-25,1.281250,1.287730,1.281070,1.281260
2023-07-26,1.289340,1.293630,1.287610,1.289390
2023-07-27,1.292860,1.299550,1.282730,1.292720
2023-07-28,1.279430,1.288530,1.276470,1.279380
2023-07-31,1.285380,1.287330,1.282960,1.285400
2023-08-01,1.283200,1.283860,1.274160,1.283400
2023-08-02,1.279120,1.279740,1.268180,1.279570
2023-08-03,1.271760,1.272850,1.262590,1.272040
2023-08-04,1.271620,1.278270,1.269160,1.271630
2023-08-07,1.275120,1.278610,1.271390,1.274790
2023-08-08,1.278590,1.278590,1.268580,1.278200
2023-08-09,1.274440,1.277840,1.271250,1.274160
2023-08-10,1.271890,1.281130,1.271080,1.272010
2023-08-11,1.266620,1.273710,1.266620,1.267010
2023-08-14,1.269500,1.271630,1.261910,1.269500
2023-08-15,1.268620,1.275270,1.267700,1.268520
2023-08-16,1.270020,1.276580,1.268840,1.270130
2023-08-17,1.272700,1.278670,1.270520,1.272820
2023-08-18,1.274790,1.276630,1.269080,1.275020
2023-08-21,1.274180,1.276500,1.271100,1.274190
2023-08-22,1.276130,1.280100,1.272100,1.276080
2023-08-23,1.273170,1.276410,1.261640,1.273160
2023-08-24,1.272090,1.272900,1.262950,1.272050
2023-08-25,1.259330,1.264700,1.254880,1.259290
2023-08-28,1.259190,1.261070,1.256740,1.258970
2023-08-29,1.261300,1.263570,1.256390,1.261110
2023-08-30,1.263900,1.274370,1.262000,1.263680
2023-08-31,1.271310,1.273460,1.265440,1.271180
2023-09-01,1.267140,1.271000,1.259050,1.267280
2023-09-04,1.259130,1.264350,1.258910,1.259140
2023-09-05,1.262630,1.263180,1.252940,1.262310
2023-09-06,1.256830,1.258830,1.248490,1.257060
2023-09-07,1.249950,1.250800,1.244860,1.249880
2023-09-08,1.247550,1.251310,1.246880,1.247510
2023-09-11,1.248910,1.254750,1.248380,1.249000
2023-09-12,1.250750,1.252180,1.246070,1.250880
2023-09-13,1.249530,1.251160,1.244250,1.249170
2023-09-14,1.248770,1.250700,1.240340,1.248950
2023-09-15,1.240050,1.244560,1.238650,1.240190
2023-09-18,1.239760,1.241030,1.237120,1.239760
2023-09-19,1.238600,1.242440,1.237180,1.238370
2023-09-20,1.239340,1.240940,1.233710,1.239360
2023-09-21,1.232760,1.233170,1.224800,1.232890
2023-09-22,1.229210,1.229420,1.223440,1.229420
2023-09-25,1.224270,1.225190,1.219600,1.224180
2023-09-26,1.221430,1.221520,1.216090,1.221310
2023-09-27,1.214650,1.216430,1.212960,1.214680
2023-09-28,1.213720,1.222340,1.212120,1.213530
2023-09-29,1.220850,1.227140,1.218250,1.220480
2023-10-02,1.219110,1.221960,1.211640,1.219300
2023-10-03,1.208880,1.210100,1.205460,1.209120
2023-10-04,1.207850,1.217600,1.204250,1.207850
2023-10-05,1.213650,1.217390,1.210900,1.213740
2023-10-06,1.218870,1.226080,1.210770,1.218770
2023-10-09,1.222200,1.222430,1.216430,1.222090
2023-10-10,1.225250,1.228770,1.221330,1.225040
2023-10-11,1.229200,1.233610,1.227050,1.229140
2023-10-12,1.231690,1.233080,1.220720,1.231630
2023-10-13,1.218400,1.222340,1.213270,1.218320
2023-10-16,1.215480,1.219960,1.214430,1.215380
2023-10-17,1.221250,1.221690,1.213470,1.221150
2023-10-18,1.217800,1.221170,1.214030,1.217880
2023-10-19,1.214360,1.215890,1.209280,1.214340
2023-10-20,1.213720,1.216030,1.209480,1.213720
2023-10-23,1.216380,1.223620,1.214330,1.216400
2023-10-24,1.225140,1.228830,1.215950,1.225020
2023-10-25,1.216320,1.217730,1.211560,1.216190
2023-10-26,1.210210,1.213190,1.207040,1.210350
2023-10-27,1.213610,1.216180,1.210650,1.213710
2023-10-30,1.211310,1.216590,1.209260,1.211370
2023-10-31,1.216520,1.219930,1.212000,1.216570
2023-11-01,1.215130,1.216520,1.209770,1.215210
2023-11-02,1.218430,1.222420,1.215640,1.218220
2023-11-03,1.219100,1.237460,1.218550,1.219190
2023-11-06,1.237230,1.242950,1.236690,1.237380
2023-11-07,1.234450,1.234760,1.227720,1.234550
2023-11-08,1.229010,1.230130,1.224330,1.229180
2023-11-09,1.228610,1.230920,1.225390,1.228500
2023-11-10,1.221600,1.223830,1.218900,1.221700
2023-11-13,1.223030,1.227170,1.222460,1.222820
2023-11-14,1.228030,1.248800,1.226540,1.228060
2023-11-15,1.249410,1.249920,1.240570,1.249450
2023-11-16,1.242370,1.245520,1.237820,1.242240
2023-11-17,1.241570,1.244250,1.237590,1.241500
2023-11-20,1.245410,1.251020,1.244680,1.245450
2023-11-21,1.250910,1.255840,1.250580,1.250910
2023-11-22,1.254550,1.254880,1.244930,1.254420
2023-11-23,1.249110,1.256280,1.248990,1.249000
2023-11-24,1.253290,1.261670,1.252540,1.253350
2023-11-27,1.260100,1.264410,1.259210,1.260030
2023-11-28,1.263570,1.271410,1.260830,1.263440
2023-11-29,1.271340,1.273250,1.266640,1.271230
2023-11-30,1.269580,1.271000,1.260560,1.269640
2023-12-01,1.263180,1.268970,1.261610,1.263170
2023-12-04,1.271210,1.271310,1.260570,1.271310
2023-12-05,1.263410,1.265050,1.258340,1.263410
2023-12-06,1.259490,1.261380,1.258180,1.259450
2023-12-07,1.255800,1.259380,1.254550,1.255870
2023-12-08,1.258810,1.260110,1.250470,1.258950
2023-12-11,1.255750,1.259130,1.253590,1.255480
2023-12-12,1.255410,1.260840,1.251860,1.255460
2023-12-13,1.256970,1.257070,1.250630,1.257070
2023-12-14,1.262160,1.277910,1.261420,1.262290
2023-12-15,1.277110,1.279100,1.268550,1.277140
2023-12-18,1.267280,1.270360,1.263060,1.267230
2023-12-19,1.265340,1.276150,1.265020,1.265180
2023-12-20,1.273070,1.273270,1.263280,1.273270
2023-12-21,1.264060,1.269210,1.261480,1.264130
2023-12-22,1.268620,1.274530,1.268070,1.268500
2023-12-25,1.267700,1.274660,1.267700,1.267700
2023-12-26,1.270490,1.271940,1.268550,1.270490
2023-12-27,1.272830,1.280110,1.270050,1.272720
2023-12-28,1.280230,1.282680,1.274020,1.280080
2023-12-29,1.273540,1.277250,1.270280,1.273400
2024-01-01,1.273000,1.273300,1.269360,1.273000
2024-01-02,1.272850,1.276060,1.261240,1.272880
2024-01-03,1.262370,1.265250,1.261830,1.262310
2024-01-04,1.267520,1.272820,1.265790,1.267430
2024-01-05,1.268210,1.277010,1.261290,1.268410
2024-01-08,1.271700,1.276500,1.267510,1.271780
2024-01-09,1.274190,1.276500,1.269160,1.274520
2024-01-10,1.271460,1.274210,1.268730,1.271290
2024-01-11,1.274520,1.277470,1.269100,1.274520
2024-01-12,1.277960,1.278460,1.272140,1.277780
2024-01-15,1.273640,1.274020,1.271420,1.273660
2024-01-16,1.271710,1.271710,1.262100,1.271620
2024-01-17,1.263920,1.269550,1.259750,1.263850
2024-01-18,1.267760,1.270490,1.265050,1.267680
2024-01-19,1.271200,1.271620,1.266320,1.270990
2024-01-22,1.270080,1.273070,1.268830,1.269990
2024-01-23,1.270830,1.274710,1.265530,1.270700
2024-01-24,1.269420,1.277370,1.268680,1.269200
2024-01-25,1.271840,1.274230,1.269290,1.271880
2024-01-26,1.270700,1.275750,1.267730,1.270830
2024-01-29,1.269710,1.271940,1.266320,1.269760
2024-01-30,1.271410,1.272140,1.264290,1.271330
2024-01-31,1.269520,1.274920,1.266780,1.269550
2024-02-01,1.268070,1.272540,1.262630,1.267840
2024-02-02,1.274730,1.277290,1.262370,1.274730
2024-02-05,1.261690,1.262990,1.252000,1.262200
2024-02-06,1.253450,1.259460,1.253450,1.253450
2024-02-07,1.260400,1.264190,1.259760,1.260650
2024-02-08,1.262750,1.263900,1.257480,1.262740
2024-02-09,1.262150,1.264220,1.260100,1.262050
2024-02-12,1.263870,1.265410,1.260750,1.263730
2024-02-13,1.262750,1.268340,1.257780,1.262750
2024-02-14,1.259130,1.261100,1.253700,1.259070
2024-02-15,1.256820,1.259650,1.254260,1.256830
2024-02-16,1.259920,1.260240,1.255450,1.259920
2024-02-19,1.261110,1.262980,1.258340,1.261110
2024-02-20,1.258830,1.266700,1.258020,1.258760
2024-02-21,1.262640,1.263790,1.260400,1.262740
2024-02-22,1.263890,1.270970,1.261260,1.263810
2024-02-23,1.266140,1.270180,1.264970,1.266370
2024-02-26,1.267110,1.269950,1.265730,1.267270
2024-02-27,1.268460,1.269690,1.266190,1.268460
2024-02-28,1.268070,1.268420,1.262470,1.268170
2024-02-29,1.266190,1.268210,1.262910,1.266300
2024-03-01,1.262720,1.265610,1.260110,1.262550
2024-03-04,1.266130,1.270660,1.265680,1.266030
2024-03-05,1.269040,1.273350,1.267270,1.269200
2024-03-06,1.270500,1.276110,1.269040,1.270490
2024-03-07,1.273640,1.279890,1.272390,1.273540
2024-03-08,1.281380,1.289060,1.280200,1.281560
2024-03-11,1.285610,1.286240,1.279610,1.285510
2024-03-12,1.281850,1.282540,1.274830,1.281980
2024-03-13,1.279660,1.280900,1.277610,1.279590
2024-03-14,1.280200,1.282350,1.273070,1.280210
2024-03-15,1.274650,1.275920,1.273070,1.274580
2024-03-18,1.273190,1.274860,1.272260,1.273140
2024-03-19,1.272720,1.272910,1.266980,1.272720
2024-03-20,1.271780,1.273010,1.268500,1.271940
2024-03-21,1.279840,1.280390,1.266050,1.279840
2024-03-22,1.266140,1.267590,1.257740,1.266190
2024-03-25,1.259790,1.265180,1.259270,1.259790
2024-03-26,1.263700,1.266780,1.262590,1.263790
2024-03-27,1.262830,1.263900,1.260600,1.262850
2024-03-28,1.261710,1.264970,1.258650,1.261670
2024-03-29,1.262420,1.264810,1.261030,1.262630
2024-04-01,1.263820,1.264380,1.254080,1.263730
2024-04-02,1.254750,1.257860,1.254080,1.254550
2024-04-03,1.257660,1.263550,1.256360,1.257690
2024-04-04,1.265390,1.268170,1.264540,1.265180
2024-04-05,1.263970,1.265010,1.257580,1.264020
2024-04-08,1.262630,1.265580,1.261350,1.262530
2024-04-09,1.265980,1.270910,1.265020,1.265870
2024-04-10,1.267770,1.270540,1.253490,1.267760
2024-04-11,1.253700,1.257770,1.251170,1.253760
2024-04-12,1.255630,1.255890,1.242880,1.255480
2024-04-15,1.246010,1.249840,1.244350,1.246180
2024-04-16,1.244690,1.247350,1.241140,1.244740
2024-04-17,1.243100,1.248170,1.241770,1.243100
2024-04-18,1.245360,1.248460,1.243780,1.245380
2024-04-19,1.243630,1.246880,1.239200,1.243770
2024-04-22,1.237620,1.239260,1.230120,1.237580
2024-04-23,1.235010,1.245800,1.233330,1.235030
2024-04-24,1.245500,1.246730,1.242390,1.245330
2024-04-25,1.245970,1.252350,1.245580,1.245950
2024-04-26,1.250800,1.254150,1.245070,1.250910
2024-04-29,1.251090,1.255490,1.250840,1.251050
2024-04-30,1.256000,1.256280,1.250560,1.255980
2024-05-01,1.248940,1.249840,1.246820,1.249020
2024-05-02,1.253710,1.254710,1.247290,1.253930
2024-05-03,1.254000,1.262950,1.252990,1.254060
2024-05-06,1.254110,1.259430,1.253950,1.254110
2024-05-07,1.256000,1.257020,1.253160,1.255980
2024-05-08,1.250330,1.250560,1.246730,1.250140
2024-05-09,1.249360,1.252070,1.244910,1.249330
2024-05-10,1.252540,1.254150,1.250390,1.252570
2024-05-13,1.252350,1.256910,1.251860,1.252290
2024-05-14,1.255970,1.259300,1.251170,1.256190
2024-05-15,1.258460,1.267110,1.258460,1.258530
2024-05-16,1.268920,1.270050,1.264540,1.269000
2024-05-17,1.267270,1.270860,1.264540,1.267200
2024-05-20,1.270790,1.271290,1.269150,1.270650
2024-05-21,1.271050,1.272730,1.269290,1.271080
2024-05-22,1.271040,1.276130,1.270100,1.271130
2024-05-23,1.272090,1.274700,1.270620,1.272100
2024-05-24,1.269370,1.275140,1.268280,1.269410
2024-05-27,1.273450,1.277900,1.273450,1.273610
2024-05-28,1.277270,1.279980,1.276310,1.277240
2024-05-29,1.276000,1.277170,1.270710,1.275840
2024-05-30,1.269830,1.274760,1.268180,1.269800
2024-05-31,1.273030,1.276550,1.270160,1.273040
2024-06-03,1.274400,1.279390,1.269550,1.274370
2024-06-04,1.281020,1.281720,1.274440,1.281020
2024-06-05,1.277300,1.279530,1.275770,1.277300
2024-06-06,1.279390,1.281070,1.276550,1.279480
2024-06-07,1.279430,1.281080,1.271750,1.279330
2024-06-10,1.272870,1.273240,1.268910,1.272940
2024-06-11,1.272590,1.274940,1.270760,1.272640
2024-06-12,1.273840,1.286010,1.273360,1.274050
2024-06-13,1.279670,1.280610,1.275280,1.279620
2024-06-14,1.275450,1.276490,1.265810,1.275510
2024-06-17,1.268390,1.269080,1.265980,1.268310
2024-06-18,1.271420,1.272040,1.266950,1.271600
2024-06-19,1.270830,1.274000,1.270240,1.270740
2024-06-20,1.272090,1.272200,1.266700,1.272200
2024-06-21,1.266050,1.266980,1.262560,1.266050
2024-06-24,1.263970,1.269840,1.263360,1.263900
2024-06-25,1.268310,1.270240,1.267150,1.268340
2024-06-26,1.268470,1.269200,1.262080,1.268400
2024-06-27,1.262150,1.266950,1.261350,1.262180
2024-06-28,1.264380,1.266180,1.262020,1.264570
2024-07-01,1.265020,1.269530,1.263740,1.264860
2024-07-02,1.264620,1.268540,1.261640,1.264570
2024-07-03,1.268810,1.277710,1.267910,1.269040
2024-07-04,1.274780,1.276730,1.274050,1.274780
2024-07-05,1.275610,1.281380,1.275580,1.275580
2024-07-08,1.280740,1.284690,1.280250,1.280650
2024-07-09,1.281470,1.282460,1.277920,1.281560
2024-07-10,1.278870,1.284750,1.278530,1.278770
2024-07-11,1.285430,1.294870,1.285050,1.285260
2024-07-12,1.292520,1.299210,1.290320,1.292370
2024-07-15,1.296780,1.299550,1.296280,1.296680
2024-07-16,1.297000,1.298030,1.294010,1.297000
2024-07-17,1.297810,1.304460,1.296680,1.297770
2024-07-18,1.300860,1.301290,1.296970,1.300750
2024-07-19,1.294970,1.295170,1.290160,1.295170
2024-07-22,1.293240,1.294150,1.290670,1.293310
2024-07-23,1.293330,1.293490,1.288860,1.293240
2024-07-24,1.290320,1.293830,1.287850,1.290160
2024-07-25,1.289840,1.291340,1.286290,1.289990
2024-07-26,1.285560,1.287500,1.285050,1.285680
2024-07-29,1.286720,1.288840,1.280700,1.286840
2024-07-30,1.285790,1.286500,1.282100,1.286040
2024-07-31,1.283810,1.285450,1.282250,1.283700
2024-08-01,1.285350,1.286170,1.275610,1.285310
2024-08-02,1.272850,1.284030,1.270890,1.272900
2024-08-05,1.278820,1.281620,1.271150,1.278790
2024-08-06,1.278790,1.280160,1.267310,1.278870
2024-08-07,1.268330,1.273580,1.268330,1.268470
2024-08-08,1.268490,1.274210,1.266620,1.268040
2024-08-09,1.274600,1.277420,1.272720,1.274750
2024-08-12,1.274990,1.279460,1.274890,1.275040
2024-08-13,1.277240,1.283610,1.276520,1.277120
2024-08-14,1.286620,1.286890,1.282400,1.286670
2024-08-15,1.282530,1.287070,1.279980,1.282870
2024-08-16,1.285980,1.291460,1.285840,1.285940
2024-08-19,1.294830,1.299750,1.294160,1.294720
2024-08-20,1.299020,1.304440,1.297560,1.299040
2024-08-21,1.303510,1.307870,1.301170,1.303540
2024-08-22,1.309290,1.312900,1.308220,1.309350
2024-08-23,1.309760,1.323000,1.309280,1.309770
2024-08-26,1.321480,1.322240,1.318250,1.321270
2024-08-27,1.319210,1.324590,1.318080,1.319170
2024-08-28,1.325640,1.326260,1.319260,1.325750
2024-08-29,1.319450,1.322700,1.314670,1.319370
2024-08-30,1.316520,1.320130,1.312650,1.316620
2024-09-02,1.313080,1.315440,1.312080,1.312850
2024-09-03,1.314110,1.314750,1.309000,1.314200
2024-09-04,1.311350,1.317490,1.310240,1.311410
2024-09-05,1.314470,1.318810,1.313890,1.314470
2024-09-06,1.317730,1.323430,1.312990,1.317750
2024-09-09,1.313230,1.314390,1.307160,1.313340
2024-09-10,1.306980,1.310750,1.304990,1.307140
2024-09-11,1.308220,1.311170,1.300320,1.308030
2024-09-12,1.303920,1.308390,1.303270,1.303950
2024-09-13,1.313320,1.315690,1.311650,1.313230
2024-09-16,1.313590,1.321390,1.313590,1.313800
2024-09-17,1.321070,1.323030,1.316000,1.321070
2024-09-18,1.316760,1.325290,1.315620,1.316740
2024-09-19,1.320340,1.331190,1.315510,1.320110
2024-09-20,1.328300,1.334130,1.327050,1.328180
2024-09-23,1.331270,1.336020,1.325140,1.331400
2024-09-24,1.334970,1.339930,1.333330,1.334990
2024-09-25,1.342730,1.342970,1.333690,1.342730
2024-09-26,1.331490,1.343290,1.331420,1.331580
2024-09-27,1.341200,1.342820,1.336170,1.341380
2024-09-30,1.338330,1.342460,1.336310,1.338330
2024-10-01,1.337790,1.339050,1.326470,1.337610
2024-10-02,1.327470,1.330550,1.324870,1.327400
2024-10-03,1.326350,1.326610,1.309430,1.326610
2024-10-04,1.313040,1.317520,1.307310,1.313030
2024-10-07,1.312400,1.313400,1.306010,1.312530
2024-10-08,1.308610,1.311370,1.306540,1.308470
2024-10-09,1.309410,1.310380,1.305840,1.309480
2024-10-10,1.306710,1.309350,1.302760,1.306830
2024-10-11,1.306170,1.308220,1.304330,1.306220
2024-10-14,1.304940,1.307220,1.303150,1.304900
2024-10-15,1.306850,1.310190,1.303630,1.306750
2024-10-16,1.306560,1.307740,1.298360,1.306590
2024-10-17,1.299170,1.302030,1.297590,1.299020
2024-10-18,1.301610,1.306860,1.301240,1.301570
2024-10-21,1.305140,1.305310,1.297980,1.305260
2024-10-22,1.298310,1.301520,1.294650,1.298300
2024-10-23,1.298200,1.299610,1.293760,1.298280
2024-10-24,1.291640,1.298680,1.291220,1.291370
2024-10-25,1.297400,1.299920,1.295710,1.297340
2024-10-28,1.295820,1.300090,1.294060,1.295820
2024-10-29,1.297560,1.300760,1.295840,1.297470
2024-10-30,1.301170,1.303930,1.293950,1.301410
2024-10-31,1.295870,1.299880,1.284750,1.295960
2024-11-01,1.289470,1.297930,1.288540,1.289770
2024-11-04,1.295300,1.300050,1.293630,1.295340
2024-11-05,1.295340,1.302130,1.294880,1.295450
2024-11-06,1.304050,1.304380,1.283630,1.304360
2024-11-07,1.288330,1.300910,1.287750,1.288330
2024-11-08,1.298360,1.298530,1.290320,1.298230
2024-11-11,1.291570,1.292660,1.285660,1.291710
2024-11-12,1.287420,1.287500,1.273120,1.287500
2024-11-13,1.273740,1.276240,1.268950,1.273920
2024-11-14,1.270780,1.272040,1.263140,1.270680
2024-11-15,1.266640,1.269840,1.261610,1.266780
2024-11-18,1.261970,1.266220,1.261500,1.261770
2024-11-19,1.267930,1.268870,1.261480,1.267930
2024-11-20,1.269490,1.271460,1.263310,1.269450
2024-11-21,1.265600,1.266140,1.258160,1.265530
2024-11-22,1.258540,1.259450,1.248860,1.258480
2024-11-25,1.258910,1.261270,1.254230,1.259380
2024-11-26,1.253050,1.261650,1.250880,1.253310
2024-11-27,1.257550,1.269290,1.256770,1.257390
2024-11-28,1.267490,1.269150,1.264570,1.267760
2024-11-29,1.269650,1.274880,1.267360,1.269680
2024-12-02,1.270570,1.272220,1.261940,1.270160
2024-12-03,1.265810,1.269680,1.264030,1.265850
2024-12-04,1.267430,1.271750,1.263580,1.267430
2024-12-05,1.270130,1.277020,1.269360,1.270120
2024-12-06,1.275930,1.280970,1.273160,1.275930
2024-12-09,1.274660,1.279800,1.271780,1.274930
2024-12-10,1.274840,1.276650,1.272520,1.274910
2024-12-11,1.278040,1.278220,1.271470,1.278000
2024-12-12,1.276650,1.278770,1.267330,1.276630
2024-12-13,1.267560,1.267930,1.260910,1.267730
2024-12-16,1.262950,1.269680,1.262740,1.262740
2024-12-17,1.269520,1.272050,1.266770,1.269040
2024-12-18,1.270890,1.272310,1.268040,1.271080
2024-12-19,1.257040,1.266620,1.252660,1.256770
2024-12-20,1.249750,1.259110,1.247620,1.249800
2024-12-23,1.257200,1.258810,1.251090,1.256990
2024-12-24,1.253370,1.257400,1.252430,1.253450
2024-12-25,1.253600,1.281310,1.241000,1.253600
2024-12-26,1.254390,1.255000,1.250270,1.254370
2024-12-27,1.252940,1.259140,1.250670,1.252980
2024-12-30,1.257960,1.260750,1.250810,1.257880
2024-12-31,1.254900,1.256820,1.251490,1.254910
2025-01-02,1.252100,1.254080,1.236060,1.251920
2025-01-03,1.238020,1.241990,1.237880,1.238020
2025-01-06,1.242510,1.255070,1.241900,1.242680
2025-01-07,1.251060,1.257640,1.248500,1.251090
2025-01-08,1.247660,1.249410,1.232260,1.247790
2025-01-09,1.235940,1.236640,1.224590,1.235990
2025-01-10,1.229910,1.232190,1.219680,1.229940
2025-01-13,1.220420,1.220760,1.210130,1.220490
2025-01-14,1.223120,1.224290,1.214170,1.223330
2025-01-15,1.221080,1.230690,1.216940,1.221340
2025-01-16,1.224330,1.224840,1.217700,1.224330
2025-01-17,1.223470,1.224420,1.216250,1.223690
2025-01-20,1.217570,1.232390,1.216660,1.217100
2025-01-21,1.233320,1.234520,1.223200,1.233140
2025-01-22,1.234130,1.237550,1.230940,1.233540
2025-01-23,1.231570,1.235800,1.229420,1.231420
2025-01-24,1.235470,1.249560,1.235030,1.235390
2025-01-27,1.245970,1.252400,1.242710,1.245940
2025-01-28,1.245410,1.246570,1.241620,1.246060
2025-01-29,1.244260,1.246280,1.239430,1.244170
2025-01-30,1.245520,1.247580,1.242590,1.245530
2025-01-31,1.242250,1.245550,1.238900,1.242390
2025-02-03,1.229140,1.243530,1.225040,1.229200
2025-02-04,1.243560,1.249310,1.238300,1.243180
2025-02-05,1.247750,1.254850,1.246460,1.247820
2025-02-06,1.250230,1.250990,1.236860,1.250410
2025-02-07,1.243580,1.249050,1.238990,1.243750
2025-02-10,1.239030,1.242160,1.237320,1.239160
2025-02-11,1.236160,1.242580,1.233460,1.236060
2025-02-12,1.245250,1.246420,1.237930,1.245160
2025-02-13,1.245210,1.254030,1.244450,1.245070
2025-02-14,1.256710,1.263020,1.255070,1.256340
2025-02-17,1.258460,1.261400,1.258110,1.258420
2025-02-18,1.262160,1.262390,1.258370,1.262150
2025-02-19,1.262630,1.263900,1.257120,1.262580
2025-02-20,1.258380,1.264880,1.258150,1.258420
2025-02-21,1.267010,1.267880,1.263180,1.267040
2025-02-24,1.264930,1.269200,1.261420,1.264990
2025-02-25,1.261890,1.267810,1.260910,1.261780
2025-02-26,1.267350,1.270790,1.263680,1.267440
2025-02-27,1.268100,1.268890,1.261700,1.268230
2025-02-28,1.259790,1.262260,1.257510,1.259890
2025-03-03,1.260160,1.271130,1.258450,1.260400
2025-03-04,1.270240,1.275400,1.267920,1.270150
2025-03-05,1.279570,1.287810,1.276880,1.279430
2025-03-06,1.288990,1.292310,1.286850,1.289190
2025-03-07,1.288380,1.294500,1.287700,1.288530
2025-03-10,1.293330,1.294630,1.287610,1.293240
2025-03-11,1.287600,1.295520,1.287330,1.287550
2025-03-12,1.294480,1.298820,1.291450,1.294480
2025-03-13,1.296500,1.297350,1.292220,1.296430
2025-03-14,1.295670,1.295910,1.291240,1.295840
2025-03-17,1.292790,1.299480,1.292790,1.293060
2025-03-18,1.298600,1.300610,1.295440,1.298530
2025-03-19,1.300050,1.300370,1.295550,1.300050
2025-03-20,1.301070,1.301520,1.293740,1.301070
2025-03-21,1.296650,1.297120,1.289140,1.296800
2025-03-24,1.292520,1.297240,1.290990,1.292460
2025-03-25,1.292290,1.296090,1.290460,1.292420
2025-03-26,1.294530,1.294730,1.287610,1.294330
2025-03-27,1.287730,1.299220,1.287730,1.287760
2025-03-28,1.295120,1.296880,1.292360,1.295200
2025-03-31,1.294000,1.297250,1.289080,1.293830
2025-04-01,1.291990,1.294100,1.288010,1.292090
2025-04-02,1.292240,1.297980,1.290310,1.292310
2025-04-03,1.304480,1.320450,1.302850,1.304630
2025-04-04,1.309000,1.311220,1.291560,1.308870
2025-04-07,1.291240,1.293360,1.272280,1.291070
2025-04-08,1.273890,1.279590,1.272650,1.273500
2025-04-09,1.278760,1.286060,1.275400,1.279100
2025-04-10,1.282680,1.297820,1.282430,1.282540
2025-04-11,1.299430,1.314290,1.298750,1.299210
2025-04-14,1.309090,1.320170,1.308520,1.308520
2025-04-15,1.317350,1.325190,1.316620,1.317450
2025-04-16,1.323190,1.329260,1.322800,1.323100
2025-04-17,1.323330,1.327350,1.320590,1.323400
2025-04-22,1.338150,1.342170,1.335830,1.337970
2025-04-23,1.327320,1.333920,1.325350,1.327320
2025-04-24,1.326540,1.333080,1.326100,1.326450
2025-04-25,1.332750,1.333010,1.327490,1.332620
2025-04-26,1.333490,1.334040,1.327550,1.331590
2025-04-28,1.330070,1.344410,1.328110,1.344410
2025-04-29,1.343850,1.344390,1.338130,1.340820
2025-04-30,1.340480,1.341400,1.330880,1.332870
2025-05-01,1.332210,1.334380,1.326050,1.327770
2025-05-02,1.327830,1.332920,1.326380,1.326510
2025-05-03,1.326700,1.326700,1.325930,1.326470
2025-05-05,1.326560,1.333600,1.326220,1.329590
2025-05-06,1.329200,1.340250,1.326210,1.336860
2025-05-07,1.337470,1.338710,1.328230,1.329270
2025-05-08,1.329950,1.335670,1.323700,1.324730
2025-05-09,1.326000,1.332270,1.321280,1.330530
2025-05-10,1.330390,1.330390,1.328660,1.328660
2025-05-12,1.328740,1.329930,1.314270,1.317510
2025-05-13,1.317820,1.331420,1.316900,1.330460
2025-05-14,1.330390,1.335920,1.325490,1.326140
2025-05-15,1.326790,1.331910,1.325940,1.330340
2025-05-16,1.329880,1.333210,1.325140,1.328060
2025-05-17,1.328430,1.328430,1.328430,1.328430
2025-05-19,1.329960,1.340410,1.329380,1.336170
2025-05-20,1.336270,1.339510,1.333650,1.339320
2025-05-21,1.338780,1.346580,1.338400,1.342030
2025-05-22,1.343110,1.344010,1.339230,1.341920
2025-05-23,1.342590,1.353880,1.341440,1.353770
2025-05-24,1.353770,1.353770,1.353470,1.353730
2025-05-26,1.353530,1.359290,1.353380,1.356500
2025-05-27,1.356410,1.358730,1.350170,1.350860
2025-05-28,1.350930,1.352210,1.345120,1.347150
2025-05-29,1.346660,1.350660,1.341900,1.349200
2025-05-30,1.348840,1.351110,1.345120,1.345420
2025-05-31,1.345480,1.345480,1.345480,1.345480
2025-06-02,1.346420,1.355950,1.346370,1.354630
2025-06-03,1.354190,1.355900,1.349440,1.351860
2025-06-04,1.351830,1.357960,1.350240,1.355440
2025-06-05,1.355440,1.361560,1.354130,1.357170
2025-06-06,1.358490,1.358530,1.350840,1.352740
2025-06-07,1.352850,1.352850,1.352530,1.352530
2025-06-09,1.353730,1.357990,1.352590,1.355180
2025-06-10,1.355400,1.356470,1.345800,1.350000
2025-06-11,1.349960,1.356580,1.346490,1.354740
2025-06-12,1.355930,1.362160,1.352470,1.361360
2025-06-13,1.362360,1.363120,1.352010,1.356300
2025-06-14,1.356850,1.357260,1.356850,1.357260
2025-06-16,1.355790,1.362100,1.353560,1.357850
2025-06-17,1.358530,1.359290,1.341560,1.342880
2025-06-18,1.343470,1.347600,1.340210,1.342140
2025-06-19,1.344630,1.347060,1.338380,1.346770
2025-06-20,1.345990,1.351000,1.344210,1.344880
2025-06-21,1.344810,1.345450,1.342800,1.342800
2025-06-23,1.342820,1.353020,1.337200,1.352450
2025-06-24,1.351300,1.364780,1.351300,1.361560
2025-06-25,1.360970,1.367110,1.359210,1.366470
2025-06-26,1.366960,1.377030,1.365770,1.372780
2025-06-27,1.372870,1.375100,1.368510,1.372360
2025-06-28,1.372290,1.372290,1.371150,1.371150
2025-06-30,1.372400,1.374060,1.367600,1.373440
2025-07-01,1.373060,1.378870,1.370500,1.374760
2025-07-02,1.374590,1.375290,1.356560,1.363510
2025-07-03,1.363700,1.367540,1.358880,1.365520
2025-07-04,1.365860,1.368180,1.363400,1.364420
2025-07-05,1.364780,1.364850,1.364780,1.364850
2025-07-07,1.365370,1.365820,1.357610,1.360190
2025-07-08,1.360490,1.364630,1.352700,1.359270
2025-07-09,1.358940,1.361820,1.356580,1.358600
2025-07-10,1.358420,1.361950,1.353440,1.357990
2025-07-11,1.357720,1.358640,1.348340,1.349220
2025-07-12,1.349050,1.349050,1.348770,1.348770
2025-07-14,1.348470,1.350460,1.342530,1.342640
2025-07-15,1.343400,1.346620,1.337990,1.338400
2025-07-16,1.338540,1.348140,1.336700,1.342070
2025-07-17,1.342840,1.342840,1.337560,1.341710
2025-07-18,1.342170,1.347380,1.340700,1.341200
2025-07-19,1.341940,1.342230,1.340400,1.340400
2025-07-21,1.341350,1.351040,1.340280,1.349400
2025-07-22,1.348780,1.353490,1.346420,1.353490
2025-07-23,1.352500,1.358440,1.351720,1.358070
2025-07-24,1.358070,1.358820,1.350400,1.350770
2025-07-25,1.350710,1.351300,1.341690,1.343740
2025-07-26,1.343850,1.343850,1.343450,1.343450
2025-07-28,1.343470,1.345320,1.335170,1.335560
2025-07-29,1.335700,1.336580,1.330880,1.335100
2025-07-30,1.334860,1.338440,1.323050,1.324060
2025-07-31,1.323260,1.328200,1.318840,1.320780
2025-08-01,1.320860,1.330490,1.314200,1.327990
2025-08-02,1.327390,1.327390,1.327390,1.327390
2025-08-04,1.327990,1.333050,1.325490,1.328480
2025-08-05,1.328460,1.331630,1.326370,1.329660
2025-08-06,1.329130,1.336810,1.328360,1.335650
2025-08-07,1.335670,1.344900,1.334720,1.344560
2025-08-08,1.343060,1.345820,1.341900,1.345240
2025-08-09,1.345010,1.345010,1.344520,1.344520
2025-08-11,1.344450,1.347580,1.340160,1.343090
2025-08-12,1.342660,1.352360,1.342170,1.350070
2025-08-13,1.349820,1.358530,1.349380,1.357570
2025-08-14,1.357280,1.359450,1.352250,1.353020
2025-08-15,1.353730,1.357330,1.352520,1.355420
2025-08-16,1.355440,1.355440,1.354540,1.354540
2025-08-18,1.356210,1.356560,1.350290,1.350290
2025-08-19,1.352810,1.353110,1.347820,1.349330
2025-08-20,1.349310,1.350880,1.344880,1.345610
2025-08-21,1.345060,1.348200,1.340610,1.341270
2025-08-22,1.341310,1.354370,1.339050,1.352670
2025-08-23,1.351970,1.352110,1.351970,1.352110
2025-08-25,1.351750,1.352740,1.344790,1.345390
2025-08-26,1.347250,1.349290,1.343540,1.347850
2025-08-27,1.348820,1.350200,1.341990,1.350040
2025-08-28,1.350200,1.353070,1.348440,1.351330
2025-08-29,1.351660,1.351700,1.344790,1.350150
2025-08-30,1.350170,1.350170,1.349860,1.349860
2025-09-01,1.350310,1.355030,1.350200,1.354660
2025-09-02,1.354550,1.354980,1.334210,1.339550
2025-09-03,1.339600,1.345820,1.333650,1.344470
2025-09-04,1.344320,1.345890,1.341650,1.343530
2025-09-05,1.342370,1.355380,1.342250,1.350820
2025-09-06,1.350660,1.350660,1.350220,1.350220
2025-09-08,1.348960,1.355510,1.348450,1.354650
2025-09-09,1.355380,1.359010,1.351880,1.352690
2025-09-10,1.352720,1.356040,1.351610,1.352940
2025-09-11,1.352760,1.358310,1.349760,1.357350
2025-09-12,1.357880,1.358090,1.352720,1.356240
2025-09-13,1.356580,1.356580,1.354740,1.354740
2025-09-15,1.355730,1.361920,1.354980,1.359880
2025-09-16,1.360230,1.367040,1.359750,1.364630
2025-09-17,1.367350,1.372480,1.362010,1.362790
2025-09-18,1.364090,1.365560,1.353550,1.355380
2025-09-19,1.355730,1.355930,1.346470,1.347400
2025-09-20,1.347400,1.347400,1.346680,1.346680
2025-09-22,1.347220,1.352010,1.345420,1.351630
2025-09-23,1.351040,1.353600,1.348780,1.352630
2025-09-24,1.352410,1.352830,1.342820,1.344770
2025-09-25,1.345320,1.346730,1.332530,1.334370
2025-09-26,1.334420,1.341240,1.333170,1.340120
2025-09-27,1.340200,1.340410,1.339990,1.339990
2025-09-29,1.340480,1.345660,1.340480,1.343060
2025-09-30,1.342350,1.346710,1.341620,1.344630
2025-10-01,1.345840,1.352720,1.343560,1.347780
2025-10-02,1.349050,1.351040,1.340210,1.344090
2025-10-03,1.342880,1.348640,1.342770,1.348180
2025-10-04,1.348090,1.348160,1.347590,1.348160
2025-10-06,1.344140,1.349040,1.341720,1.348240
2025-10-07,1.348180,1.348740,1.339350,1.342140
2025-10-08,1.342100,1.343820,1.337220,1.340090
2025-10-09,1.340020,1.341920,1.328090,1.329700
2025-10-10,1.329800,1.335990,1.326680,1.335180
2025-10-11,1.334970,1.335860,1.333780,1.335100
2025-10-13,1.334030,1.336590,1.331610,1.333070
2025-10-14,1.333140,1.335270,1.324960,1.332690
2025-10-15,1.332730,1.340140,1.331450,1.339460
2025-10-16,1.339440,1.345420,1.339240,1.343510
2025-10-17,1.343360,1.347150,1.339210,1.343720
2025-10-18,1.343820,1.343820,1.341770,1.341770
2025-10-20,1.342780,1.344320,1.340090,1.340700
2025-10-21,1.340660,1.342620,1.336330,1.337200
2025-10-22,1.337040,1.338760,1.330710,1.335740
2025-10-23,1.335630,1.336270,1.330870,1.332480
2025-10-24,1.332360,1.335950,1.328900,1.331220
2025-10-25,1.331380,1.331790,1.330510,1.330510
2025-10-27,1.331860,1.335290,1.331150,1.333550
2025-10-28,1.333650,1.337010,1.324870,1.327330
2025-10-29,1.327300,1.328070,1.314790,1.319450
2025-10-30,1.319420,1.321840,1.312010,1.314580
2025-10-31,1.314460,1.316470,1.309830,1.313630
2025-11-01,1.313870,1.315410,1.313850,1.314550
2025-11-03,1.313260,1.316240,1.311100,1.313800
2025-11-04,1.313920,1.314420,1.301440,1.301520
2025-11-05,1.301370,1.305160,1.301120,1.304560
2025-11-06,1.304770,1.314270,1.304650,1.313270
2025-11-07,1.313460,1.317510,1.309600,1.315820
2025-11-08,1.315810,1.316790,1.315440,1.316470
2025-11-10,1.315450,1.319120,1.313820,1.318150
2025-11-11,1.318030,1.318480,1.311790,1.316690
2025-11-12,1.316730,1.317070,1.308580,1.312870
2025-11-13,1.312900,1.321480,1.310500,1.319160
2025-11-14,1.319000,1.320040,1.310990,1.316670
2025-11-15,1.316600,1.317490,1.316330,1.317470
2025-11-17,1.315440,1.319300,1.313750,1.314610
2025-11-18,1.314580,1.317630,1.313560,1.315530
2025-11-19,1.315560,1.315700,1.304510,1.304510
2025-11-20,1.304700,1.312340,1.303950,1.308760
2025-11-21,1.308640,1.310980,1.304000,1.310290
2025-11-22,1.310310,1.310840,1.309910,1.309910
2025-11-24,1.309700,1.311750,1.308150,1.311040
2025-11-25,1.311010,1.321420,1.309520,1.321330
2025-11-26,1.321310,1.323720,1.313020,1.323530
2025-11-27,1.323500,1.326970,1.321000,1.323780
2025-11-28,1.323760,1.325140,1.320200,1.324480
2025-11-29,1.324450,1.324780,1.323370,1.323490
2025-12-01,1.322710,1.327460,1.320640,1.321110
2025-12-02,1.321090,1.322200,1.317930,1.321210
2025-12-03,1.321190,1.335490,1.320030,1.335190
2025-12-04,1.335170,1.338350,1.332260,1.334060
2025-12-05,1.334060,1.336130,1.331670,1.333440
2025-12-06,1.333440,1.333750,1.332670,1.333290
2025-12-08,1.332700,1.334600,1.330730,1.332670
2025-12-09,1.332670,1.335500,1.328970,1.330170
2025-12-10,1.330180,1.336710,1.329710,1.336410
2025-12-11,1.336410,1.343690,1.335590,1.339030
2025-12-12,1.339030,1.340010,1.334380,1.336600
2025-12-13,1.336630,1.337510,1.336440,1.337170
2025-12-15,1.337810,1.340120,1.335470,1.337250
2025-12-16,1.337260,1.345230,1.335650,1.342620
2025-12-17,1.342640,1.343560,1.331160,1.337680
2025-12-18,1.337700,1.344360,1.334220,1.338540
2025-12-19,1.338550,1.339130,1.335780,1.339020
2025-12-20,1.339040,1.339400,1.337300,1.337610
2025-12-22,1.338370,1.347840,1.337550,1.345860
2025-12-23,1.345830,1.351920,1.345460,1.349650
2025-12-24,1.349650,1.353450,1.349520,1.350230
2025-12-25,1.352320,1.353470,1.349600,1.352070
2025-12-26,1.352070,1.352930,1.347820,1.349750
2025-12-27,1.349800,1.350650,1.349250,1.349900
2025-12-29,1.349190,1.351220,1.346970,1.350690
2025-12-30,1.350700,1.353010,1.345100,1.346480
2025-12-31,1.346510,1.347200,1.342630,1.346690
2026-01-01,1.347540,1.348250,1.342400,1.345840
2026-01-02,1.345800,1.350170,1.343470,1.345520
2026-01-03,1.345520,1.346700,1.345070,1.345960
2026-01-05,1.345530,1.354590,1.341430,1.354400
2026-01-06,1.354380,1.356800,1.349180,1.350020
2026-01-07,1.350030,1.351730,1.346220,1.346620
2026-01-08,1.346590,1.346770,1.341720,1.342980
2026-01-09,1.342980,1.344830,1.339400,1.340720
2026-01-10,1.340710,1.341220,1.339820,1.340870
2026-01-11,1.340860,1.341080,1.339600,1.340300
2026-01-12,1.340280,1.348860,1.339180,1.346670
2026-01-13,1.346650,1.349300,1.342530,1.343570
2026-01-14,1.343550,1.346600,1.341980,1.343130
2026-01-15,1.343100,1.344660,1.336320,1.338540
2026-01-16,1.338510,1.341250,1.336770,1.338160
2026-01-17,1.338130,1.338960,1.334220,1.338020
2026-01-18,1.337990,1.338640,1.332590,1.335460
2026-01-19,1.335460,1.343480,1.334190,1.342650
2026-01-20,1.342620,1.349090,1.341040,1.342810
2026-01-21,1.342760,1.345660,1.340240,1.342530
2026-01-22,1.342500,1.350250,1.340920,1.349110
2026-01-23,1.349090,1.362760,1.348370,1.362500
2026-01-24,1.362510,1.364900,1.358690,1.362840
2026-01-25,1.362810,1.365570,1.359450,1.364720
2026-01-26,1.364690,1.371320,1.363540,1.368230
2026-01-27,1.368200,1.379080,1.366410,1.378400
2026-01-28,1.378380,1.386210,1.375270,1.379480
2026-01-29,1.379460,1.384640,1.374520,1.379540
2026-01-30,1.379540,1.381450,1.368030,1.369760
2026-01-31,1.369720,1.373170,1.367920,1.369300
2026-02-01,1.369270,1.372290,1.368320,1.370400
2026-02-02,1.370350,1.371620,1.362630,1.366110
2026-02-03,1.366150,1.370670,1.365020,1.368890
2026-02-04,1.368900,1.373220,1.364330,1.366300
2026-02-05,1.366260,1.367380,1.352030,1.354930
2026-02-06,1.354940,1.362420,1.351040,1.361610
2026-02-07,1.361570,1.362210,1.359620,1.361340
2026-02-08,1.361320,1.361380,1.360900,1.360900
2026-02-09,1.359830,1.370180,1.358750,1.369620
2026-02-10,1.369570,1.370030,1.364200,1.365620
2026-02-11,1.365590,1.371350,1.361560,1.363320
2026-02-12,1.363290,1.367170,1.360510,1.362440
2026-02-13,1.362430,1.366190,1.359190,1.364360
2026-02-14,1.364360,1.366290,1.362190,1.364980
2026-02-15,1.365060,1.367220,1.360680,1.364430
2026-02-16,1.364450,1.366100,1.362620,1.363250
2026-02-17,1.363230,1.363430,1.349540,1.356220
2026-02-18,1.356220,1.358250,1.349780,1.350020
2026-02-19,1.350010,1.351640,1.343630,1.345110
2026-02-20,1.345100,1.351750,1.343620,1.348600
2026-02-21,1.348600,1.349730,1.347660,1.348990
2026-02-22,1.348990,1.350110,1.346360,1.348530
2026-02-23,1.348530,1.353530,1.347630,1.348900
2026-02-24,1.348910,1.353610,1.347040,1.350200
2026-02-25,1.350200,1.356490,1.348790,1.355160
2026-02-26,1.355160,1.357470,1.344700,1.348810
2026-02-27,1.348810,1.351200,1.344030,1.348020
2026-02-28,1.348040,1.349090,1.347170,1.347960
2026-03-01,1.347970,1.348980,1.341960,1.344250
2026-03-02,1.344230,1.346430,1.331530,1.342920
2026-03-03,1.342920,1.342940,1.325380,1.335810
2026-03-04,1.335800,1.340380,1.330550,1.337560
2026-03-05,1.337560,1.338650,1.330010,1.331920
2026-03-06,1.331940,1.340790,1.331090,1.338910
2026-03-07,1.338910,1.341770,1.338000,1.340560
2026-03-08,1.340570,1.341640,1.333800,1.335440
2026-03-09,1.335200,1.344280,1.328420,1.343120
2026-03-10,1.343110,1.348170,1.341420,1.341810
2026-03-11,1.341880,1.345810,1.339440,1.341780
2026-03-12,1.341790,1.341870,1.333730,1.334820
2026-03-13,1.334800,1.336920,1.322550,1.322760
2026-03-14,1.322770,1.337070,1.320660,1.323960
2026-03-15,1.323970,1.328690,1.314380,1.324000
2026-03-16,1.324010,1.333770,1.322440,1.332560
2026-03-17,1.332580,1.336450,1.327460,1.335250
2026-03-18,1.335260,1.337500,1.327400,1.327650
2026-03-19,1.327660,1.347000,1.324590,1.342870
2026-03-20,1.342840,1.344170,1.330190,1.333380
2026-03-21,1.333390,1.335570,1.332500,1.333470
2026-03-22,1.333460,1.335100,1.329860,1.331670
2026-03-23,1.331740,1.347570,1.325790,1.343280
2026-03-24,1.343220,1.344160,1.335450,1.338240
2026-03-25,1.338230,1.343500,1.335910,1.336580
2026-03-26,1.336570,1.337760,1.331390,1.331420
2026-03-27,1.331400,1.334710,1.326040,1.327230
2026-03-28,1.327210,1.336240,1.325730,1.327110
2026-03-29,1.327120,1.334870,1.323500,1.326430
2026-03-30,1.326540,1.329540,1.317580,1.318430
2026-03-31,1.318410,1.326360,1.316130,1.323620
2026-04-01,1.323600,1.334530,1.322050,1.330130
2026-04-02,1.330110,1.331420,1.318250,1.322380
2026-04-03,1.322360,1.324300,1.318960,1.319370
2026-04-04,1.319350,1.321870,1.319070,1.320640
2026-04-05,1.320610,1.321530,1.313810,1.319110
2026-04-06,1.319090,1.326770,1.318050,1.323740
2026-04-07,1.323710,1.329980,1.321260,1.329400
2026-04-08,1.329370,1.348440,1.328620,1.339560
2026-04-09,1.339520,1.345800,1.338170,1.343690
2026-04-10,1.343670,1.348020,1.340970,1.346240
2026-04-11,1.346210,1.346340,1.344920,1.345700
2026-04-12,1.345670,1.346460,1.337450,1.341400
2026-04-13,1.341490,1.350910,1.338210,1.350660
2026-04-14,1.350700,1.358920,1.349790,1.356690
2026-04-15,1.356650,1.357850,1.354470,1.356170
2026-04-16,1.356130,1.359480,1.351800,1.352720
2026-04-17,1.352690,1.359830,1.350490,1.351890
2026-04-18,1.351830,1.353710,1.351280,1.352610
2026-04-19,1.352400,1.354420,1.347630,1.349160
2026-04-20,1.349110,1.354380,1.347640,1.353440
2026-04-21,1.353450,1.353970,1.347240,1.350900
2026-04-22,1.350890,1.353560,1.349280,1.350350
2026-04-23,1.350320,1.351900,1.345120,1.346670
2026-04-24,1.346660,1.353800,1.345410,1.353130
2026-04-25,1.353180,1.353970,1.351530,1.352960
2026-04-26,1.352940,1.354010,1.348870,1.351280
2026-04-27,1.351300,1.357620,1.350620,1.353360
2026-04-28,1.353330,1.354140,1.346480,1.351820
2026-04-29,1.351820,1.352820,1.347590,1.347590
2026-04-30,1.347580,1.361140,1.345390,1.360440
2026-05-01,1.360390,1.365750,1.356830,1.357460
2026-05-02,1.357560,1.359270,1.356500,1.358260
2026-05-03,1.359110,1.360430,1.356760,1.358820
2026-05-04,1.358690,1.360430,1.351350,1.353140
2026-05-05,1.353130,1.357790,1.351460,1.353860
2026-05-06,1.353860,1.364400,1.353810,1.359380
2026-05-07,1.359340,1.363160,1.355090,1.355090
2026-05-08,1.355090,1.363800,1.354650,1.362940
2026-05-09,1.362980,1.363490,1.362560,1.363000
2026-05-10,1.362970,1.363790,1.355110,1.356480
2026-05-11,1.356690,1.365240,1.355310,1.361050
2026-05-12,1.361040,1.361490,1.350270,1.354110
2026-05-13,1.354060,1.355040,1.348690,1.352430
2026-05-14,1.352420,1.353260,1.339510,1.340160
2026-05-15,1.340070,1.341680,1.331570,1.332480
2026-05-16,1.332430,1.333410,1.332370,1.332660
2026-05-17,1.332670,1.333400,1.331600,1.332550
2026-05-18,1.332580,1.344770,1.330390,1.343440
2026-05-19,1.343460,1.343780,1.338010,1.339540
2026-05-20,1.339540,1.346580,1.337650,1.343500
2026-05-21,1.343460,1.345560,1.339410,1.342930
2026-05-22,1.342950,1.346130,1.341410,1.343090
2026-05-23,1.343110,1.344380,1.342820,1.343130
2026-05-24,1.343130,1.347930,1.342590,1.345130
2026-05-25,1.345280,1.350950,1.344020,1.350740
2026-05-26,1.350710,1.350850,1.343370,1.344740
2026-05-27,1.344700,1.345930,1.341690,1.342720
2026-05-28,1.342760,1.344950,1.336830,1.344400
2026-05-29,1.344360,1.348560,1.340870,1.345670
2026-05-30,1.345610,1.346400,1.344920,1.345720
2026-05-31,1.345720,1.346950,1.345120,1.345780
2026-06-01,1.345750,1.347600,1.340860,1.345520
2026-06-02,1.345530,1.348150,1.345150,1.346430
2026-06-03,1.346450,1.347170,1.341290,1.341730
2026-06-04,1.341760,1.346220,1.341200,1.342410
2026-06-05,1.342420,1.348380,1.333130,1.334010
2026-06-06,1.333880,1.336740,1.333100,1.334040
2026-06-07,1.334040,1.336040,1.332290,1.333800
2026-06-08,1.333580,1.337020,1.330560,1.333870
2026-06-09,1.333890,1.340930,1.333190,1.337890
2026-06-10,1.337880,1.342320,1.336740,1.336840
2026-06-11,1.336810,1.343180,1.332660,1.341650
2026-06-12,1.341630,1.342630,1.338460,1.340490
2026-06-13,1.340510,1.340980,1.340370,1.340660
2026-06-14,1.340650,1.342480,1.338700,1.339910
2026-06-15,1.340040,1.346140,1.339940,1.341280
2026-06-16,1.341270,1.344230,1.339050,1.342680
2026-06-17,1.342660,1.343460,1.326240,1.329610
2026-06-18,1.329570,1.332640,1.319420,1.320500
2026-06-19,1.320470,1.324140,1.316370,1.323680
2026-06-20,1.323540,1.323540,1.322790,1.323140
2026-06-21,1.323120,1.324580,1.316970,1.319690
2026-06-22,1.319830,1.327260,1.318360,1.325090
2026-06-23,1.325050,1.326110,1.318220,1.320340
2026-06-24,1.320300,1.320950,1.314160,1.317030
2026-06-25,1.316960,1.321920,1.314780,1.319090
2026-06-26,1.319110,1.323150,1.318070,1.319790
2026-06-27,1.319730,1.320430,1.319280,1.319790
2026-06-28,1.319760,1.321820,1.319240,1.320740
2026-06-29,1.320750,1.326270,1.319140,1.325990
2026-06-30,1.325960,1.327720,1.321170,1.326080
2026-07-01,1.326030,1.329340,1.321990,1.327610
2026-07-02,1.327580,1.338330,1.326900,1.334750
2026-07-03,1.334720,1.338030,1.333480,1.334930
2026-07-04,1.334930,1.335650,1.334800,1.335130
2026-07-05,1.335100,1.337760,1.333320,1.334690
2026-07-06,1.334830,1.339750,1.332920,1.338990
2026-07-07,1.338960,1.340270,1.334930,1.335920
2026-07-08,1.335840,1.341020,1.332390,1.338960
2026-07-09,1.338900,1.343000,1.338200,1.340920
2026-07-10,1.340890,1.345170,1.339320,1.340210
2026-07-11,1.340130,1.340550,1.339140,1.340250
2026-07-12,1.340220,1.341080,1.338760,1.339650
2026-07-13,1.339600,1.341220,1.334280,1.334640
2026-07-14,1.334580,1.343820,1.334080,1.339160
2026-07-15,1.339140,1.355830,1.337840,1.353930
2026-07-16,1.353850,1.354600,1.346010,1.348020
2026-07-17,1.347990,1.348450,1.342450,1.345230
2026-07-18,1.345280,1.345440,1.344690,1.345070
2026-07-19,1.345050,1.346460,1.343580,1.345140
2026-07-20,1.345120,1.348040,1.341530,1.343130
2026-07-21,1.343120,1.345620,1.336000,1.337400
2026-07-22,1.337460,1.339490,1.335530,1.337610
2026-07-23,1.337600,1.339370,1.330030,1.331500
2026-07-24,1.331500,1.334900,1.330650,1.332450
2026-07-25,1.332310,1.332570,1.331770,1.332370
2026-07-26,1.332340,1.334290,1.331660,1.333130
2026-07-27,1.333160,1.336380,1.328440,1.328890
2026-07-28,1.328860,1.331070,1.327330,1.329060
2026-07-29,1.329000,1.338720,1.327950,1.336860
2026-07-30,1.336820,1.347690,1.333320,1.346370
2026-07-31,1.346450,1.349440,1.340110,1.348040
2026-08-01,1.348160,1.348540,1.346280,1.347870
2026-08-02,1.347870,1.349590,1.346930,1.348080
2026-08-03,1.348280,1.350650,1.341830,1.343390
2026-08-04,1.343340,1.345660,1.341980,1.345420
2026-08-05,1.345360,1.348640,1.344470,1.346880
2026-08-06,1.346850,1.347950,1.344860,1.345410
2026-08-07,1.345350,1.350930,1.343470,1.349360
2026-08-08,1.349320,1.350600,1.345190,1.349160
2026-08-09,1.349170,1.350150,1.345260,1.349640
2026-08-10,1.349600,1.353120,1.348340,1.350780
2026-08-11,1.350740,1.351560,1.349280,1.350840
2026-08-12,1.350800,1.354020,1.348810,1.349560
2026-08-13,1.349520,1.351260,1.347500,1.348700
2026-08-14,1.348710,1.356130,1.348340,1.353410
2026-08-15,1.353370,1.354220,1.352400,1.353340
2026-08-16,1.353300,1.354420,1.350960,1.353580
2026-08-17,1.353620,1.357200,1.353080,1.354070
2026-08-18,1.354160,1.355430,1.352010,1.353240
2026-08-19,1.353210,1.362940,1.352370,1.360710
2026-08-20,1.360700,1.365840,1.359490,1.363100
2026-08-21,1.363100,1.367520,1.361880,1.364530
2026-08-22,1.364480,1.364780,1.363790,1.364430
2026-08-23,1.364440,1.365400,1.361710,1.363520
2026-08-24,1.363570,1.365590,1.362210,1.363130
2026-08-25,1.363100,1.365530,1.362250,1.364900
2026-08-26,1.364940,1.365230,1.358490,1.359830
2026-08-27,1.359760,1.360250,1.357150,1.359270
2026-08-28,1.359280,1.360130,1.352720,1.353550
2026-08-29,1.353520,1.354760,1.351750,1.353480
2026-08-30,1.353470,1.355880,1.349020,1.353380
2026-08-31,1.353360,1.356520,1.352850,1.354900
2026-09-01,1.354840,1.355970,1.350630,1.351630
2026-09-02,1.351620,1.352050,1.347510,1.348410
2026-09-03,1.348470,1.354790,1.348040,1.352430
2026-09-04,1.352450,1.354980,1.348640,1.351810
2026-09-05,1.351770,1.352140,1.351390,1.351630
2026-09-06,1.351600,1.354100,1.349430,1.351760
2026-09-07,1.351790,1.354800,1.350610,1.354120
2026-09-08,1.354100,1.356120,1.352230,1.354010
2026-09-09,1.354040,1.356820,1.353000,1.354690
2026-09-10,1.354670,1.356010,1.349330,1.351160
2026-09-11,1.351130,1.353440,1.348090,1.352600
2026-09-12,1.352600,1.352940,1.352260,1.352820
2026-09-13,1.352800,1.353400,1.352360,1.352610
2026-09-14,1.352580,1.352930,1.346370,1.350120
2026-09-15,1.350090,1.350580,1.346470,1.347680
2026-09-16,1.347620,1.349500,1.337400,1.338020
2026-09-17,1.338070,1.341540,1.333640,1.335790
2026-09-18,1.335800,1.339850,1.333550,1.339410
2026-09-19,1.339370,1.340770,1.337290,1.339380
