datetime,open,high,low,close
2025-10-01 02:00:00,97.666000,97.679000,97.563000,97.567000
2025-10-01 03:00:00,97.567000,97.577000,97.480000,97.549000
2025-10-01 04:00:00,97.551000,97.594000,97.401000,97.429000
2025-10-01 05:00:00,97.434000,97.494000,97.341000,97.361000
2025-10-01 06:00:00,97.364000,97.396000,97.257000,97.298000
2025-10-01 07:00:00,97.298000,97.349000,97.197000,97.256000
2025-10-01 08:00:00,97.256000,97.333000,97.230000,97.330000
2025-10-01 09:00:00,97.323000,97.341000,97.253000,97.339000
2025-10-01 10:00:00,97.335000,97.375000,97.207000,97.214000
2025-10-01 11:00:00,97.214000,97.339000,97.204000,97.238000
2025-10-01 12:00:00,97.238000,97.250000,97.101000,97.173000
2025-10-01 13:00:00,97.171000,97.193000,97.028000,97.057999
2025-10-01 14:00:00,97.064003,97.263000,97.036003,97.071999
2025-10-01 15:00:00,97.070000,97.179000,97.068001,97.155000
2025-10-01 16:00:00,97.158000,97.272000,97.157000,97.252000
2025-10-01 17:00:00,97.252000,97.291000,97.241000,97.261000
2025-10-01 18:00:00,97.256000,97.349000,97.254000,97.328000
2025-10-01 19:00:00,97.332000,97.333000,97.270000,97.277000
2025-10-01 20:00:00,97.277000,97.288000,97.182000,97.208000
2025-10-01 21:00:00,97.202000,97.274000,97.136000,97.214000
2025-10-01 22:00:00,97.219000,97.259000,97.184000,97.188000
2025-10-01 23:00:00,97.190000,97.316000,97.183000,97.308000
2025-10-02 00:00:00,97.307000,97.358000,97.224000,97.235000
2025-10-02 01:00:00,97.237000,97.331000,97.142000,97.284000
2025-10-02 02:00:00,97.286000,97.410000,97.247000,97.371000
2025-10-02 03:00:00,97.368000,97.373000,97.255000,97.291000
2025-10-02 04:00:00,97.295000,97.398000,97.276000,97.381000
2025-10-02 05:00:00,97.376000,97.446000,97.337000,97.372000
2025-10-02 06:00:00,97.368000,97.460000,97.214000,97.395000
2025-10-02 07:00:00,97.387000,97.452000,97.350000,97.391000
2025-10-02 08:00:00,97.396000,97.398000,97.126000,97.179000
2025-10-02 09:00:00,97.179000,97.189000,96.970000,96.988000
2025-10-02 10:00:00,96.988000,97.043999,96.954000,96.974000
2025-10-02 11:00:00,96.970000,97.000000,96.850000,96.960000
2025-10-02 12:00:00,96.960000,97.174000,96.949000,97.145000
2025-10-02 13:00:00,97.144000,97.174000,96.994000,97.055000
2025-10-02 14:00:00,97.052002,97.070999,96.937000,97.021004
2025-10-02 15:00:00,97.021004,97.094002,96.979000,97.025002
2025-10-02 16:00:00,97.024002,97.069000,97.003998,97.024002
2025-10-02 17:00:00,97.025002,97.050003,97.004997,97.012001
2025-10-02 18:00:00,97.012001,97.127000,97.008003,97.111000
2025-10-02 19:00:00,97.107000,97.129000,97.063004,97.113000
2025-10-02 20:00:00,97.111000,97.139000,97.063004,97.067001
2025-10-02 21:00:00,97.028000,97.121000,96.966000,97.017998
2025-10-02 22:00:00,97.024002,97.104000,97.013000,97.061996
2025-10-02 23:00:00,97.065002,97.103000,97.011002,97.097000
2025-10-03 00:00:00,97.092003,97.274000,97.087997,97.250000
2025-10-03 01:00:00,97.249000,97.417000,97.173000,97.382000
2025-10-03 02:00:00,97.382000,97.431000,97.337000,97.364000
2025-10-03 03:00:00,97.364000,97.432000,97.358000,97.391000
2025-10-03 04:00:00,97.391000,97.421000,97.347000,97.353000
2025-10-03 05:00:00,97.349000,97.398000,97.275000,97.378000
2025-10-03 06:00:00,97.372000,97.422000,97.313000,97.365000
2025-10-03 07:00:00,97.361000,97.478000,97.352000,97.358000
2025-10-03 08:00:00,97.358000,97.403000,97.296000,97.320000
2025-10-03 09:00:00,97.320000,97.354000,97.266000,97.341000
2025-10-03 10:00:00,97.341000,97.347000,97.266000,97.275000
2025-10-03 11:00:00,97.277000,97.321000,97.225000,97.264000
2025-10-03 12:00:00,97.264000,97.296000,97.232000,97.275000
2025-10-03 13:00:00,97.275000,97.292000,97.181000,97.260000
2025-10-03 14:00:00,97.268000,97.399000,97.107000,97.353000
2025-10-03 15:00:00,97.353000,97.438000,97.307000,97.422000
2025-10-03 16:00:00,97.422000,97.500000,97.409000,97.473000
2025-10-03 17:00:00,97.476000,97.476000,97.289000,97.340000
2025-10-03 18:00:00,97.339000,97.396000,97.284000,97.373000
2025-10-03 19:00:00,97.374000,97.412000,97.356000,97.365000
2025-10-03 20:00:00,97.369000,97.385000,97.263000,97.263000
2025-10-05 23:00:00,98.376000,98.675000,98.340000,98.632000
2025-10-06 00:00:00,98.626000,98.843000,98.555000,98.778000
2025-10-06 01:00:00,98.772000,98.960000,98.645000,98.949000
2025-10-06 02:00:00,98.950000,99.070999,98.938000,99.043999
2025-10-06 03:00:00,99.046997,99.193000,99.014000,99.166000
2025-10-06 04:00:00,99.163000,99.305000,99.044998,99.246000
2025-10-06 05:00:00,99.246000,99.342000,99.191000,99.238000
2025-10-06 06:00:00,99.238000,99.257000,99.103000,99.158000
2025-10-06 07:00:00,99.160000,99.360000,99.073997,99.083000
2025-10-06 08:00:00,99.083000,99.263000,99.060997,99.228000
2025-10-06 09:00:00,99.228000,99.239000,99.105000,99.207000
2025-10-06 10:00:00,99.207000,99.211000,99.067001,99.104000
2025-10-06 11:00:00,99.104000,99.226000,99.072998,99.211000
2025-10-06 12:00:00,99.211000,99.217000,98.885000,99.000999
2025-10-06 13:00:00,99.000999,99.228000,98.978000,99.197000
2025-10-06 14:00:00,99.198000,99.335000,99.130000,99.236000
2025-10-06 15:00:00,99.229000,99.327000,99.219000,99.286000
2025-10-06 16:00:00,99.282000,99.366000,99.214000,99.359000
2025-10-06 17:00:00,99.365000,99.416000,99.316000,99.395000
2025-10-06 18:00:00,99.401000,99.476000,99.370000,99.458000
2025-10-06 19:00:00,99.458000,99.480000,99.414000,99.447000
2025-10-06 20:00:00,99.440000,99.538000,99.420000,99.420000
2025-10-06 21:00:00,99.386000,99.489000,99.288000,99.330000
2025-10-06 22:00:00,99.337000,99.507000,99.329000,99.492000
2025-10-06 23:00:00,99.484000,99.527000,99.445000,99.481000
2025-10-07 00:00:00,99.486000,99.679000,99.398000,99.456000
2025-10-07 01:00:00,99.456000,99.552000,99.421000,99.540000
2025-10-07 02:00:00,99.539000,99.637000,99.483000,99.629000
2025-10-07 03:00:00,99.626000,99.641000,99.514000,99.519000
2025-10-07 04:00:00,99.519000,99.534000,99.405000,99.441000
2025-10-07 05:00:00,99.442000,99.471000,99.319000,99.355000
2025-10-07 06:00:00,99.361000,99.412000,99.307000,99.374000
2025-10-07 07:00:00,99.375000,99.387000,99.155000,99.265000
2025-10-07 08:00:00,99.265000,99.404000,99.204000,99.377000
2025-10-07 09:00:00,99.377000,99.426000,99.340000,99.421000
2025-10-07 10:00:00,99.424000,99.445000,99.361000,99.399000
2025-10-07 11:00:00,99.399000,99.426000,99.351000,99.386000
2025-10-07 12:00:00,99.383000,99.424000,99.320000,99.347000
2025-10-07 13:00:00,99.347000,99.523000,99.294000,99.500000
2025-10-07 14:00:00,99.499000,99.637000,99.483000,99.594000
2025-10-07 15:00:00,99.594000,99.651000,99.468000,99.550000
2025-10-07 16:00:00,99.550000,99.753000,99.538000,99.655000
2025-10-07 17:00:00,99.655000,99.848000,99.650000,99.798000
2025-10-07 18:00:00,99.802000,100.044998,99.786000,99.967000
2025-10-07 19:00:00,99.969000,99.979000,99.880000,99.944000
2025-10-07 20:00:00,99.942000,100.043999,99.909000,99.938000
2025-10-07 21:00:00,99.934000,100.031998,99.889000,99.909000
2025-10-07 22:00:00,99.921000,99.992000,99.879000,99.992000
2025-10-07 23:00:00,99.974000,100.122000,99.962000,100.047997
2025-10-08 00:00:00,100.047997,100.194000,100.045998,100.152000
2025-10-08 01:00:00,100.153000,100.204000,99.992000,100.169000
2025-10-08 02:00:00,100.163000,100.188000,99.972000,100.071999
2025-10-08 03:00:00,100.073997,100.131000,100.027000,100.082001
2025-10-08 04:00:00,100.082001,100.126000,99.950000,100.001999
2025-10-08 05:00:00,100.001999,100.026001,99.915000,100.026001
2025-10-08 06:00:00,100.026001,100.095001,99.914000,99.954000
2025-10-08 07:00:00,99.960000,100.179000,99.945000,100.164000
2025-10-08 08:00:00,100.170000,100.223000,100.028000,100.207000
2025-10-08 09:00:00,100.210000,100.413000,100.200000,100.364000
2025-10-08 10:00:00,100.359000,100.540000,100.348000,100.426000
2025-10-08 11:00:00,100.432000,100.483000,100.317000,100.338000
2025-10-08 12:00:00,100.338000,100.447000,100.300000,100.339000
2025-10-08 13:00:00,100.338000,100.485000,100.337000,100.419000
2025-10-08 14:00:00,100.427000,100.497000,100.330000,100.392000
2025-10-08 15:00:00,100.394000,100.573000,100.384000,100.501000
2025-10-08 16:00:00,100.506000,100.513000,100.428000,100.503000
2025-10-08 17:00:00,100.502000,100.591000,100.485000,100.584000
2025-10-08 18:00:00,100.585000,100.613000,100.501000,100.546000
2025-10-08 19:00:00,100.547000,100.605000,100.530000,100.579000
2025-10-08 20:00:00,100.582000,100.611000,100.487000,100.535000
2025-10-08 21:00:00,100.535000,100.545000,100.380000,100.498000
2025-10-08 22:00:00,100.490000,100.560000,100.481000,100.529000
2025-10-08 23:00:00,100.520000,100.575000,100.422000,100.550000
2025-10-09 00:00:00,100.546000,100.692000,100.449000,100.686000
2025-10-09 01:00:00,100.686000,100.734000,100.534000,100.544000
2025-10-09 02:00:00,100.546000,100.644000,100.519000,100.600000
2025-10-09 03:00:00,100.599000,100.682000,100.595000,100.670000
2025-10-09 04:00:00,100.667000,100.813000,100.658000,100.724000
2025-10-09 05:00:00,100.721000,100.830000,100.720000,100.778000
2025-10-09 06:00:00,100.779000,100.904000,100.568000,100.580000
2025-10-09 07:00:00,100.580000,100.814000,100.562000,100.768000
2025-10-09 08:00:00,100.767000,100.770000,100.487000,100.553000
2025-10-09 09:00:00,100.553000,100.661000,100.436000,100.608000
2025-10-09 10:00:00,100.610000,100.732000,100.577000,100.692000
2025-10-09 11:00:00,100.689000,100.837000,100.673000,100.799000
2025-10-09 12:00:00,100.802000,100.946000,100.764000,100.900000
2025-10-09 13:00:00,100.900000,100.946000,100.531000,100.663000
2025-10-09 14:00:00,100.664000,100.665000,100.313000,100.440000
2025-10-09 15:00:00,100.440000,100.472000,100.227000,100.309000
2025-10-09 16:00:00,100.313000,100.371000,100.172000,100.194000
2025-10-09 17:00:00,100.188000,100.279000,100.140000,100.267000
2025-10-09 18:00:00,100.270000,100.282000,100.178000,100.233000
2025-10-09 19:00:00,100.232000,100.326000,100.199000,100.271000
2025-10-09 20:00:00,100.276000,100.355000,100.276000,100.314000
2025-10-09 21:00:00,100.318000,100.366000,100.174000,100.299000
2025-10-09 22:00:00,100.318000,100.360000,100.242000,100.343000
2025-10-09 23:00:00,100.339000,100.461000,100.339000,100.391000
2025-10-10 00:00:00,100.391000,100.505000,100.342000,100.433000
2025-10-10 01:00:00,100.430000,100.515000,100.396000,100.471000
2025-10-10 02:00:00,100.470000,100.527000,100.428000,100.462000
2025-10-10 03:00:00,100.462000,100.483000,100.254000,100.279000
2025-10-10 04:00:00,100.274000,100.358000,100.234000,100.304000
2025-10-10 05:00:00,100.304000,100.371000,100.224000,100.352000
2025-10-10 06:00:00,100.356000,100.392000,99.870000,99.968000
2025-10-10 07:00:00,99.963000,100.223000,99.953000,100.204000
2025-10-10 08:00:00,100.207000,100.251000,100.085999,100.097000
2025-10-10 09:00:00,100.091003,100.175000,100.019997,100.105000
2025-10-10 10:00:00,100.112000,100.114000,100.025002,100.045998
2025-10-10 11:00:00,100.046997,100.084000,99.955000,100.000000
2025-10-10 12:00:00,100.000000,100.069000,99.948000,99.996000
2025-10-10 13:00:00,100.000000,100.031998,99.925000,99.940000
2025-10-10 14:00:00,99.945000,99.971000,99.650000,99.680000
2025-10-10 15:00:00,99.683000,99.685000,98.256000,98.653000
2025-10-10 16:00:00,98.654000,98.819000,98.472000,98.483000
2025-10-10 17:00:00,98.480000,98.629000,98.295000,98.528000
2025-10-10 18:00:00,98.533000,98.557000,98.323000,98.364000
2025-10-10 19:00:00,98.374000,98.442000,98.230000,98.297000
2025-10-10 20:00:00,98.302000,98.378000,97.761000,97.808000
2025-10-12 23:00:00,98.722000,98.835000,98.556000,98.810000
2025-10-13 00:00:00,98.812000,98.921000,98.761000,98.918000
2025-10-13 01:00:00,98.918000,99.233000,98.904000,99.175000
2025-10-13 02:00:00,99.175000,99.219000,99.123000,99.139000
2025-10-13 03:00:00,99.136000,99.211000,98.980000,99.008003
2025-10-13 04:00:00,99.008003,99.095001,99.002998,99.079002
2025-10-13 05:00:00,99.082001,99.106000,99.015999,99.057999
2025-10-13 06:00:00,99.056000,99.107000,98.925000,99.024002
2025-10-13 07:00:00,99.022003,99.384000,98.999000,99.323000
2025-10-13 08:00:00,99.324000,99.389000,99.263000,99.340000
2025-10-13 09:00:00,99.339000,99.371000,99.223000,99.258000
2025-10-13 10:00:00,99.263000,99.275000,99.206000,99.221000
2025-10-13 11:00:00,99.217000,99.238000,98.934000,98.977000
2025-10-13 12:00:00,98.977000,99.087997,98.941000,99.069000
2025-10-13 13:00:00,99.069000,99.209000,99.023003,99.202000
2025-10-13 14:00:00,99.200000,99.319000,99.112000,99.221000
2025-10-13 15:00:00,99.222000,99.346000,99.191000,99.238000
2025-10-13 16:00:00,99.239000,99.362000,99.217000,99.343000
2025-10-13 17:00:00,99.342000,99.356000,99.244000,99.268000
2025-10-13 18:00:00,99.271000,99.327000,99.215000,99.224000
2025-10-13 19:00:00,99.218000,99.274000,99.209000,99.249000
2025-10-13 20:00:00,99.247000,99.264000,99.162000,99.178000
2025-10-13 21:00:00,99.073997,99.261000,99.033997,99.143000
2025-10-13 22:00:00,99.163000,99.301000,99.105000,99.287000
2025-10-13 23:00:00,99.287000,99.301000,99.193000,99.272000
2025-10-14 00:00:00,99.272000,99.485000,99.268000,99.383000
2025-10-14 01:00:00,99.385000,99.394000,99.214000,99.256000
2025-10-14 02:00:00,99.257000,99.330000,99.184000,99.186000
2025-10-14 03:00:00,99.186000,99.216000,98.792000,98.860000
2025-10-14 04:00:00,98.864000,98.873000,98.302000,98.405000
2025-10-14 05:00:00,98.405000,98.420000,98.037003,98.138000
2025-10-14 06:00:00,98.138000,98.346000,98.071999,98.237000
2025-10-14 07:00:00,98.239000,98.287000,97.970000,98.084999
2025-10-14 08:00:00,98.084999,98.325000,98.081001,98.140000
2025-10-14 09:00:00,98.143000,98.232000,98.041000,98.084000
2025-10-14 10:00:00,98.084000,98.091003,97.856000,97.927000
2025-10-14 11:00:00,97.931000,98.202000,97.906000,98.162000
2025-10-14 12:00:00,98.162000,98.181000,97.877000,98.018997
2025-10-14 13:00:00,98.018997,98.216000,97.952000,98.182000
2025-10-14 14:00:00,98.182000,98.567000,98.182000,98.451000
2025-10-14 15:00:00,98.451000,98.577000,98.350000,98.509000
2025-10-14 16:00:00,98.509000,98.571000,98.456000,98.497000
2025-10-14 17:00:00,98.504000,98.570000,98.407000,98.494000
2025-10-14 18:00:00,98.490000,98.534000,98.453000,98.505000
2025-10-14 19:00:00,98.505000,98.548000,98.226000,98.340000
2025-10-14 20:00:00,98.345000,98.512000,98.329000,98.455000
2025-10-14 21:00:00,98.439000,98.454000,98.290000,98.378000
2025-10-14 22:00:00,98.360000,98.589000,98.338000,98.554000
2025-10-14 23:00:00,98.543000,98.585000,98.463000,98.466000
2025-10-15 00:00:00,98.466000,98.554000,98.377000,98.453000
2025-10-15 01:00:00,98.454000,98.482000,98.311000,98.375000
2025-10-15 02:00:00,98.375000,98.489000,98.284000,98.302000
2025-10-15 03:00:00,98.302000,98.480000,98.259000,98.428000
2025-10-15 04:00:00,98.428000,98.561000,98.395000,98.520000
2025-10-15 05:00:00,98.529000,98.570000,98.449000,98.477000
2025-10-15 06:00:00,98.473000,98.533000,98.370000,98.476000
2025-10-15 07:00:00,98.478000,98.589000,98.435000,98.556000
2025-10-15 08:00:00,98.556000,98.696000,98.508000,98.557000
2025-10-15 09:00:00,98.559000,98.703000,98.549000,98.688000
2025-10-15 10:00:00,98.694000,98.773000,98.646000,98.707000
2025-10-15 11:00:00,98.711000,98.731000,98.658000,98.691000
2025-10-15 12:00:00,98.689000,98.816000,98.658000,98.687000
2025-10-15 13:00:00,98.687000,98.797000,98.521000,98.568000
2025-10-15 14:00:00,98.556000,98.690000,98.523000,98.662000
2025-10-15 15:00:00,98.657000,98.690000,98.394000,98.474000
2025-10-15 16:00:00,98.473000,98.546000,98.442000,98.474000
2025-10-15 17:00:00,98.471000,98.480000,98.056999,98.383000
2025-10-15 18:00:00,98.385000,98.486000,98.345000,98.465000
2025-10-15 19:00:00,98.470000,98.485000,98.398000,98.464000
2025-10-15 20:00:00,98.461000,98.502000,98.312000,98.327000
2025-10-15 21:00:00,98.343000,98.477000,98.165000,98.325000
2025-10-15 22:00:00,98.325000,98.409000,98.191000,98.284000
2025-10-15 23:00:00,98.284000,98.314000,98.154000,98.252000
2025-10-16 00:00:00,98.252000,98.335000,97.545000,97.785000
2025-10-16 01:00:00,97.787000,98.042999,97.735000,97.804000
2025-10-16 02:00:00,97.802000,97.946000,97.749000,97.891000
2025-10-16 03:00:00,97.889000,97.915000,97.773000,97.866000
2025-10-16 04:00:00,97.866000,98.056999,97.850000,98.029999
2025-10-16 05:00:00,98.032997,98.152000,98.013000,98.086998
2025-10-16 06:00:00,98.084000,98.343000,98.065002,98.302000
2025-10-16 07:00:00,98.299000,98.480000,98.192000,98.409000
2025-10-16 08:00:00,98.410000,98.459000,98.346000,98.405000
2025-10-16 09:00:00,98.402000,98.489000,98.351000,98.437000
2025-10-16 10:00:00,98.443000,98.471000,98.363000,98.377000
2025-10-16 11:00:00,98.379000,98.478000,98.362000,98.403000
2025-10-16 12:00:00,98.403000,98.422000,98.176000,98.217000
2025-10-16 13:00:00,98.217000,98.297000,97.985000,98.010002
2025-10-16 14:00:00,98.004997,98.152000,97.849000,98.044998
2025-10-16 15:00:00,98.044998,98.102000,97.819000,97.844000
2025-10-16 16:00:00,97.845000,97.936000,97.314000,97.614000
2025-10-16 17:00:00,97.614000,97.728000,97.377000,97.477000
2025-10-16 18:00:00,97.477000,97.528000,97.237000,97.474000
2025-10-16 19:00:00,97.479000,97.542000,97.334000,97.524000
2025-10-16 20:00:00,97.520000,97.591000,97.461000,97.510000
2025-10-16 21:00:00,97.510000,97.569000,97.406000,97.522000
2025-10-16 22:00:00,97.495000,97.596000,97.436000,97.455000
2025-10-16 23:00:00,97.445000,97.481000,97.170000,97.320000
2025-10-17 00:00:00,97.316000,97.407000,97.227000,97.405000
2025-10-17 01:00:00,97.403000,97.554000,97.252000,97.283000
2025-10-17 02:00:00,97.283000,97.318000,97.089996,97.150000
2025-10-17 03:00:00,97.155000,97.177000,96.884000,97.010002
2025-10-17 04:00:00,97.005997,97.185000,97.005997,97.084000
2025-10-17 05:00:00,97.084000,97.103000,96.945000,96.980000
2025-10-17 06:00:00,96.981000,97.115000,96.768000,96.781000
2025-10-17 07:00:00,96.779000,96.786000,96.247000,96.742000
2025-10-17 08:00:00,96.739000,96.785000,96.568000,96.746000
2025-10-17 09:00:00,96.747000,96.901000,96.705000,96.795000
2025-10-17 10:00:00,96.801000,97.172000,96.720000,97.122000
2025-10-17 11:00:00,97.120000,97.723000,97.037003,97.447000
2025-10-17 12:00:00,97.447000,97.659000,97.319000,97.368000
2025-10-17 13:00:00,97.368000,97.530000,97.199000,97.387000
2025-10-17 14:00:00,97.385000,97.602000,97.331000,97.542000
2025-10-17 15:00:00,97.539000,97.608000,97.250000,97.494000
2025-10-17 16:00:00,97.495000,97.643000,97.484000,97.536000
2025-10-17 17:00:00,97.531000,97.678000,97.491000,97.657000
2025-10-17 18:00:00,97.656000,97.830000,97.654000,97.785000
2025-10-17 19:00:00,97.783000,97.843000,97.771000,97.806000
2025-10-17 20:00:00,97.806000,97.851000,97.731000,97.742000
2025-10-19 23:00:00,98.121000,98.158000,98.008003,98.112000
2025-10-20 00:00:00,98.112000,98.189000,97.968000,98.169000
2025-10-20 01:00:00,98.171000,98.480000,98.150000,98.191000
2025-10-20 02:00:00,98.197000,98.305000,98.157000,98.169000
2025-10-20 03:00:00,98.166000,98.196000,97.941000,98.019997
2025-10-20 04:00:00,98.019997,98.073997,97.857000,97.921000
2025-10-20 05:00:00,97.928000,98.056000,97.895000,98.021004
2025-10-20 06:00:00,98.017998,98.025002,97.824000,97.904000
2025-10-20 07:00:00,97.904000,98.060997,97.845000,97.918000
2025-10-20 08:00:00,97.916000,98.000999,97.822000,97.830000
2025-10-20 09:00:00,97.829000,97.898000,97.609000,97.858000
2025-10-20 10:00:00,97.859000,97.927000,97.776000,97.809000
2025-10-20 11:00:00,97.806000,97.882000,97.772000,97.807000
2025-10-20 12:00:00,97.810000,97.841000,97.729000,97.819000
2025-10-20 13:00:00,97.822000,98.056000,97.766000,97.994000
2025-10-20 14:00:00,97.989000,98.071999,97.869000,98.052002
2025-10-20 15:00:00,98.050003,98.197000,98.000000,98.112000
2025-10-20 16:00:00,98.113000,98.165000,98.085999,98.150000
2025-10-20 17:00:00,98.146000,98.244000,98.135000,98.195000
2025-10-20 18:00:00,98.197000,98.252000,98.154000,98.170000
2025-10-20 19:00:00,98.166000,98.202000,98.133000,98.157000
2025-10-20 20:00:00,98.156000,98.194000,98.128000,98.141000
2025-10-20 21:00:00,98.124000,98.192000,98.042999,98.133000
2025-10-20 22:00:00,98.134000,98.237000,98.110000,98.224000
2025-10-20 23:00:00,98.216000,98.279000,98.189000,98.269000
2025-10-21 00:00:00,98.269000,98.289000,98.073997,98.284000
2025-10-21 01:00:00,98.281000,98.354000,98.141000,98.333000
2025-10-21 02:00:00,98.331000,98.404000,98.300000,98.340000
2025-10-21 03:00:00,98.340000,98.375000,98.217000,98.252000
2025-10-21 04:00:00,98.258000,98.372000,98.082001,98.249000
2025-10-21 05:00:00,98.246000,98.439000,98.104000,98.354000
2025-10-21 06:00:00,98.353000,98.386000,98.210000,98.244000
2025-10-21 07:00:00,98.243000,98.250000,98.003998,98.059998
2025-10-21 08:00:00,98.064003,98.363000,97.912000,98.319000
2025-10-21 09:00:00,98.319000,98.489000,98.292000,98.461000
2025-10-21 10:00:00,98.461000,98.609000,98.442000,98.566000
2025-10-21 11:00:00,98.567000,98.699000,98.519000,98.649000
2025-10-21 12:00:00,98.653000,98.777000,98.628000,98.739000
2025-10-21 13:00:00,98.746000,98.746000,98.174000,98.180000
2025-10-21 14:00:00,98.181000,98.588000,98.070000,98.572000
2025-10-21 15:00:00,98.569000,98.675000,98.487000,98.589000
2025-10-21 16:00:00,98.588000,98.707000,98.540000,98.577000
2025-10-21 17:00:00,98.576000,98.617000,98.498000,98.591000
2025-10-21 18:00:00,98.587000,98.624000,98.566000,98.596000
2025-10-21 19:00:00,98.594000,98.624000,98.574000,98.586000
2025-10-21 20:00:00,98.584000,98.602000,98.521000,98.540000
2025-10-21 21:00:00,98.533000,98.613000,98.458000,98.552000
2025-10-21 22:00:00,98.548000,98.615000,98.506000,98.607000
2025-10-21 23:00:00,98.620000,98.651000,98.571000,98.578000
2025-10-22 00:00:00,98.578000,98.620000,98.330000,98.339000
2025-10-22 01:00:00,98.331000,98.488000,98.293000,98.471000
2025-10-22 02:00:00,98.467000,98.573000,98.396000,98.470000
2025-10-22 03:00:00,98.466000,98.609000,98.449000,98.591000
2025-10-22 04:00:00,98.586000,98.732000,98.582000,98.634000
2025-10-22 05:00:00,98.634000,98.778000,98.627000,98.777000
2025-10-22 06:00:00,98.773000,98.869000,98.718000,98.728000
2025-10-22 07:00:00,98.723000,98.756000,98.627000,98.725000
2025-10-22 08:00:00,98.726000,98.737000,98.489000,98.515000
2025-10-22 09:00:00,98.515000,98.631000,98.449000,98.611000
2025-10-22 10:00:00,98.610000,98.618000,98.472000,98.481000
2025-10-22 11:00:00,98.480000,98.529000,98.359000,98.418000
2025-10-22 12:00:00,98.425000,98.591000,98.417000,98.573000
2025-10-22 13:00:00,98.573000,98.709000,98.540000,98.669000
2025-10-22 14:00:00,98.667000,98.763000,98.513000,98.613000
2025-10-22 15:00:00,98.613000,98.736000,98.527000,98.677000
2025-10-22 16:00:00,98.676000,98.698000,98.198000,98.564000
2025-10-22 17:00:00,98.570000,98.594000,98.218000,98.292000
2025-10-22 18:00:00,98.292000,98.518000,98.272000,98.503000
2025-10-22 19:00:00,98.502000,98.655000,98.466000,98.639000
2025-10-22 20:00:00,98.638000,98.657000,98.552000,98.554000
2025-10-22 21:00:00,98.556000,98.627000,98.469000,98.572000
2025-10-22 22:00:00,98.579000,98.605000,98.522000,98.586000
2025-10-22 23:00:00,98.585000,98.616000,98.555000,98.609000
2025-10-23 00:00:00,98.604000,98.797000,98.566000,98.772000
2025-10-23 01:00:00,98.776000,98.977000,98.766000,98.856000
2025-10-23 02:00:00,98.849000,98.885000,98.759000,98.848000
2025-10-23 03:00:00,98.852000,98.922000,98.764000,98.787000
2025-10-23 04:00:00,98.787000,98.894000,98.787000,98.838000
2025-10-23 05:00:00,98.838000,98.900000,98.790000,98.894000
2025-10-23 06:00:00,98.889000,99.239000,98.888000,99.219000
2025-10-23 07:00:00,99.223000,99.285000,99.095001,99.200000
2025-10-23 08:00:00,99.195000,99.375000,99.187000,99.320000
2025-10-23 09:00:00,99.324000,99.406000,99.236000,99.350000
2025-10-23 10:00:00,99.350000,99.380000,99.294000,99.376000
2025-10-23 11:00:00,99.371000,99.383000,99.250000,99.256000
2025-10-23 12:00:00,99.256000,99.296000,99.174000,99.216000
2025-10-23 13:00:00,99.216000,99.462000,99.190000,99.375000
2025-10-23 14:00:00,99.379000,99.470000,99.313000,99.446000
2025-10-23 15:00:00,99.451000,99.534000,99.391000,99.492000
2025-10-23 16:00:00,99.492000,99.551000,99.435000,99.439000
2025-10-23 17:00:00,99.442000,99.540000,99.328000,99.445000
2025-10-23 18:00:00,99.452000,99.478000,99.388000,99.399000
2025-10-23 19:00:00,99.399000,99.409000,99.323000,99.340000
2025-10-23 20:00:00,99.338000,99.397000,99.301000,99.307000
2025-10-23 21:00:00,99.303000,99.341000,99.207000,99.281000
2025-10-23 22:00:00,99.243000,99.434000,99.239000,99.412000
2025-10-23 23:00:00,99.396000,99.444000,99.394000,99.413000
2025-10-24 00:00:00,99.412000,99.440000,99.323000,99.426000
2025-10-24 01:00:00,99.431000,99.533000,99.424000,99.510000
2025-10-24 02:00:00,99.510000,99.543000,99.287000,99.319000
2025-10-24 03:00:00,99.320000,99.414000,99.319000,99.383000
2025-10-24 04:00:00,99.383000,99.434000,99.357000,99.404000
2025-10-24 05:00:00,99.399000,99.454000,99.309000,99.387000
2025-10-24 06:00:00,99.387000,99.542000,99.387000,99.514000
2025-10-24 07:00:00,99.514000,99.518000,99.323000,99.377000
2025-10-24 08:00:00,99.377000,99.400000,99.314000,99.347000
2025-10-24 09:00:00,99.347000,99.380000,99.293000,99.349000
2025-10-24 10:00:00,99.349000,99.397000,99.331000,99.381000
2025-10-24 11:00:00,99.384000,99.432000,99.340000,99.411000
2025-10-24 12:00:00,99.408000,99.527000,99.226000,99.503000
2025-10-24 13:00:00,99.510000,99.589000,99.470000,99.524000
2025-10-24 14:00:00,99.531000,99.552000,99.209000,99.281000
2025-10-24 15:00:00,99.281000,99.500000,99.281000,99.472000
2025-10-24 16:00:00,99.472000,99.498000,99.434000,99.484000
2025-10-24 17:00:00,99.484000,99.514000,99.454000,99.471000
2025-10-24 18:00:00,99.465000,99.531000,99.449000,99.510000
2025-10-24 19:00:00,99.510000,99.533000,99.478000,99.505000
2025-10-24 20:00:00,99.507000,99.583000,99.480000,99.509000
2025-10-27 00:00:00,100.000000,100.103000,99.821000,99.849000
2025-10-27 01:00:00,99.845000,99.940000,99.789000,99.862000
2025-10-27 02:00:00,99.862000,100.001999,99.851000,99.998000
2025-10-27 03:00:00,99.998000,100.027000,99.924000,99.949000
2025-10-27 04:00:00,99.954000,100.030998,99.937000,100.024002
2025-10-27 05:00:00,100.024002,100.138000,100.023003,100.104000
2025-10-27 06:00:00,100.108000,100.171000,100.042999,100.047997
2025-10-27 07:00:00,100.049004,100.057999,99.925000,99.987000
2025-10-27 08:00:00,99.982000,100.162000,99.917000,100.136000
2025-10-27 09:00:00,100.142000,100.173000,100.036003,100.157000
2025-10-27 10:00:00,100.157000,100.190000,100.123000,100.142000
2025-10-27 11:00:00,100.145000,100.174000,100.046997,100.081001
2025-10-27 12:00:00,100.081001,100.228000,100.032997,100.190000
2025-10-27 13:00:00,100.190000,100.299000,100.142000,100.276000
2025-10-27 14:00:00,100.272000,100.306000,100.180000,100.199000
2025-10-27 15:00:00,100.199000,100.337000,100.164000,100.314000
2025-10-27 16:00:00,100.316000,100.336000,100.271000,100.299000
2025-10-27 17:00:00,100.299000,100.370000,100.267000,100.337000
2025-10-27 18:00:00,100.336000,100.340000,100.163000,100.190000
2025-10-27 19:00:00,100.190000,100.238000,100.169000,100.221000
2025-10-27 20:00:00,100.221000,100.257000,100.167000,100.193000
2025-10-27 21:00:00,100.196000,100.217000,100.082001,100.145000
2025-10-27 22:00:00,100.138000,100.227000,100.123000,100.190000
2025-10-27 23:00:00,100.185000,100.215000,100.106000,100.145000
2025-10-28 00:00:00,100.142000,100.156000,99.960000,100.004997
2025-10-28 01:00:00,100.000000,100.010002,99.856000,99.934000
2025-10-28 02:00:00,99.934000,100.023003,99.899000,99.963000
2025-10-28 03:00:00,99.963000,99.989000,99.830000,99.890000
2025-10-28 04:00:00,99.891000,99.951000,99.661000,99.684000
2025-10-28 05:00:00,99.679000,99.711000,99.530000,99.601000
2025-10-28 06:00:00,99.601000,99.654000,99.512000,99.561000
2025-10-28 07:00:00,99.558000,99.775000,99.558000,99.657000
2025-10-28 08:00:00,99.655000,99.671000,99.407000,99.468000
2025-10-28 09:00:00,99.471000,99.629000,99.457000,99.599000
2025-10-28 10:00:00,99.597000,99.642000,99.560000,99.619000
2025-10-28 11:00:00,99.617000,99.728000,99.597000,99.658000
2025-10-28 12:00:00,99.653000,99.779000,99.640000,99.706000
2025-10-28 13:00:00,99.705000,99.861000,99.697000,99.831000
2025-10-28 14:00:00,99.829000,100.016998,99.822000,99.958000
2025-10-28 15:00:00,99.958000,100.181000,99.891000,100.171000
2025-10-28 16:00:00,100.167000,100.350000,100.150000,100.214000
2025-10-28 17:00:00,100.218000,100.271000,100.191000,100.259000
2025-10-28 18:00:00,100.259000,100.288000,100.203000,100.223000
2025-10-28 19:00:00,100.223000,100.224000,100.070000,100.132000
2025-10-28 20:00:00,100.126000,100.173000,100.109000,100.130000
2025-10-28 21:00:00,100.130000,100.172000,100.017998,100.060997
2025-10-28 22:00:00,100.056999,100.198000,100.053001,100.152000
2025-10-28 23:00:00,100.155000,100.192000,99.939000,99.963000
2025-10-29 00:00:00,99.914000,100.317000,99.728000,100.041000
2025-10-29 01:00:00,100.035004,100.238000,99.972000,100.170000
2025-10-29 02:00:00,100.168000,100.344000,100.106000,100.292000
2025-10-29 03:00:00,100.287000,100.359000,100.243000,100.353000
2025-10-29 04:00:00,100.356000,100.384000,100.261000,100.307000
2025-10-29 05:00:00,100.303000,100.718000,100.288000,100.575000
2025-10-29 06:00:00,100.570000,100.675000,100.478000,100.543000
2025-10-29 07:00:00,100.542000,100.640000,100.508000,100.542000
2025-10-29 08:00:00,100.540000,100.668000,100.426000,100.460000
2025-10-29 09:00:00,100.460000,100.536000,100.438000,100.465000
2025-10-29 10:00:00,100.462000,100.550000,100.440000,100.492000
2025-10-29 11:00:00,100.492000,100.513000,100.342000,100.408000
2025-10-29 12:00:00,100.409000,100.437000,100.295000,100.431000
2025-10-29 13:00:00,100.431000,100.449000,100.264000,100.367000
2025-10-29 14:00:00,100.367000,100.419000,100.254000,100.414000
2025-10-29 15:00:00,100.414000,100.555000,100.385000,100.434000
2025-10-29 16:00:00,100.434000,100.621000,100.433000,100.601000
2025-10-29 17:00:00,100.605000,100.715000,100.561000,100.654000
2025-10-29 18:00:00,100.656000,100.756000,100.287000,100.516000
2025-10-29 19:00:00,100.525000,100.561000,100.312000,100.444000
2025-10-29 20:00:00,100.447000,100.534000,100.333000,100.377000
2025-10-29 21:00:00,100.380000,100.397000,100.179000,100.328000
2025-10-29 22:00:00,100.283000,100.368000,100.269000,100.286000
2025-10-29 23:00:00,100.283000,100.449000,100.267000,100.437000
2025-10-30 00:00:00,100.440000,100.594000,100.400000,100.526000
2025-10-30 01:00:00,100.525000,100.572000,100.352000,100.448000
2025-10-30 02:00:00,100.448000,100.525000,100.354000,100.383000
2025-10-30 03:00:00,100.382000,100.892000,100.314000,100.806000
2025-10-30 04:00:00,100.803000,100.889000,100.342000,100.730000
2025-10-30 05:00:00,100.730000,100.877000,100.608000,100.873000
2025-10-30 06:00:00,100.876000,101.044998,100.706000,100.916000
2025-10-30 07:00:00,100.921000,101.124000,100.851000,100.940000
2025-10-30 08:00:00,100.940000,101.210000,100.940000,101.125000
2025-10-30 09:00:00,101.120000,101.171000,100.939000,101.010002
2025-10-30 10:00:00,101.009003,101.123000,101.000999,101.072998
2025-10-30 11:00:00,101.078003,101.120000,100.990000,101.029999
2025-10-30 12:00:00,101.023003,101.070999,100.842000,100.880000
2025-10-30 13:00:00,100.885000,101.012001,100.737000,100.959000
2025-10-30 14:00:00,100.957000,101.065002,100.925000,101.035004
2025-10-30 15:00:00,101.031998,101.121000,100.953000,101.042000
2025-10-30 16:00:00,101.043999,101.091003,100.966000,100.998000
2025-10-30 17:00:00,101.000999,101.082001,100.919000,101.014000
2025-10-30 18:00:00,101.014000,101.024002,100.929000,100.967000
2025-10-30 19:00:00,100.970000,100.970000,100.860000,100.891000
2025-10-30 20:00:00,100.897000,101.046997,100.867000,100.999000
2025-10-30 21:00:00,100.982000,101.029999,100.867000,100.950000
2025-10-30 22:00:00,100.949000,101.008003,100.903000,100.981000
2025-10-30 23:00:00,100.982000,101.018997,100.895000,100.943000
2025-10-31 00:00:00,100.948000,101.028000,100.866000,100.905000
2025-10-31 01:00:00,100.901000,100.948000,100.660000,100.805000
2025-10-31 02:00:00,100.805000,100.849000,100.694000,100.815000
2025-10-31 03:00:00,100.818000,100.911000,100.759000,100.894000
2025-10-31 04:00:00,100.890000,100.921000,100.786000,100.830000
2025-10-31 05:00:00,100.828000,100.832000,100.633000,100.672000
2025-10-31 06:00:00,100.672000,100.849000,100.663000,100.812000
2025-10-31 07:00:00,100.812000,100.937000,100.786000,100.910000
2025-10-31 08:00:00,100.907000,100.982000,100.864000,100.929000
2025-10-31 09:00:00,100.931000,100.950000,100.760000,100.821000
2025-10-31 10:00:00,100.825000,100.875000,100.792000,100.823000
2025-10-31 11:00:00,100.823000,100.870000,100.769000,100.829000
2025-10-31 12:00:00,100.826000,100.874000,100.644000,100.750000
2025-10-31 13:00:00,100.750000,100.873000,100.730000,100.868000
2025-10-31 14:00:00,100.871000,100.883000,100.724000,100.863000
2025-10-31 15:00:00,100.863000,100.892000,100.723000,100.826000
2025-10-31 16:00:00,100.825000,100.853000,100.726000,100.793000
2025-10-31 17:00:00,100.790000,100.803000,100.706000,100.747000
2025-10-31 18:00:00,100.749000,100.829000,100.729000,100.813000
2025-10-31 19:00:00,100.814000,100.880000,100.791000,100.830000
2025-10-31 20:00:00,100.828000,100.871000,100.692000,100.700000
2025-11-03 00:00:00,100.926000,100.937000,100.845000,100.870000
2025-11-03 01:00:00,100.873000,100.933000,100.788000,100.841000
2025-11-03 02:00:00,100.841000,100.905000,100.806000,100.888000
2025-11-03 03:00:00,100.888000,100.963000,100.809000,100.959000
2025-11-03 04:00:00,100.956000,100.983000,100.913000,100.976000
2025-11-03 05:00:00,100.972000,101.131000,100.966000,101.079002
2025-11-03 06:00:00,101.079002,101.140000,101.050003,101.094002
2025-11-03 07:00:00,101.094002,101.133000,100.969000,100.993000
2025-11-03 08:00:00,100.994000,101.050003,100.883000,101.005997
2025-11-03 09:00:00,101.010002,101.043999,100.916000,100.927000
2025-11-03 10:00:00,100.927000,100.965000,100.880000,100.896000
2025-11-03 11:00:00,100.899000,100.961000,100.886000,100.944000
2025-11-03 12:00:00,100.940000,100.998000,100.934000,100.943000
2025-11-03 13:00:00,100.943000,100.954000,100.847000,100.860000
2025-11-03 14:00:00,100.861000,100.891000,100.579000,100.617000
2025-11-03 15:00:00,100.621000,100.645000,100.391000,100.576000
2025-11-03 16:00:00,100.575000,100.750000,100.575000,100.731000
2025-11-03 17:00:00,100.730000,100.823000,100.684000,100.780000
2025-11-03 18:00:00,100.780000,100.849000,100.756000,100.815000
2025-11-03 19:00:00,100.816000,100.876000,100.771000,100.827000
2025-11-03 20:00:00,100.828000,100.840000,100.778000,100.816000
2025-11-03 21:00:00,100.815000,100.832000,100.757000,100.792000
2025-11-03 22:00:00,100.788000,100.859000,100.698000,100.799000
2025-11-03 23:00:00,100.784000,100.836000,100.774000,100.815000
2025-11-04 00:00:00,100.822000,100.899000,100.759000,100.888000
2025-11-04 01:00:00,100.882000,100.912000,100.792000,100.838000
2025-11-04 02:00:00,100.838000,100.843000,100.527000,100.533000
2025-11-04 03:00:00,100.530000,100.724000,100.435000,100.641000
2025-11-04 04:00:00,100.641000,100.651000,100.502000,100.620000
2025-11-04 05:00:00,100.616000,100.640000,100.098000,100.107000
2025-11-04 06:00:00,100.107000,100.175000,99.871000,100.040001
2025-11-04 07:00:00,100.037003,100.079002,99.882000,100.059998
2025-11-04 08:00:00,100.058998,100.144000,99.902000,100.016998
2025-11-04 09:00:00,100.016998,100.079002,99.655000,99.685000
2025-11-04 10:00:00,99.685000,99.882000,99.538000,99.846000
2025-11-04 11:00:00,99.847000,99.886000,99.724000,99.784000
2025-11-04 12:00:00,99.781000,99.796000,99.665000,99.710000
2025-11-04 13:00:00,99.712000,99.746000,99.541000,99.581000
2025-11-04 14:00:00,99.580000,99.701000,99.459000,99.647000
2025-11-04 15:00:00,99.652000,99.799000,99.644000,99.730000
2025-11-04 16:00:00,99.733000,99.816000,99.666000,99.811000
2025-11-04 17:00:00,99.811000,99.823000,99.661000,99.710000
2025-11-04 18:00:00,99.704000,99.732000,99.610000,99.626000
2025-11-04 19:00:00,99.626000,99.702000,99.565000,99.618000
2025-11-04 20:00:00,99.620000,99.711000,99.597000,99.650000
2025-11-04 21:00:00,99.643000,99.748000,99.614000,99.685000
2025-11-04 22:00:00,99.705000,99.788000,99.641000,99.734000
2025-11-04 23:00:00,99.723000,99.786000,99.551000,99.591000
2025-11-05 00:00:00,99.569000,99.673000,99.203000,99.212000
2025-11-05 01:00:00,99.212000,99.229000,98.818000,99.055000
2025-11-05 02:00:00,99.047997,99.364000,98.983000,99.361000
2025-11-05 03:00:00,99.356000,99.720000,99.356000,99.666000
2025-11-05 04:00:00,99.666000,99.688000,99.489000,99.635000
2025-11-05 05:00:00,99.635000,99.795000,99.568000,99.631000
2025-11-05 06:00:00,99.631000,99.812000,99.578000,99.742000
2025-11-05 07:00:00,99.741000,99.756000,99.510000,99.622000
2025-11-05 08:00:00,99.616000,99.809000,99.565000,99.620000
2025-11-05 09:00:00,99.615000,99.704000,99.533000,99.611000
2025-11-05 10:00:00,99.611000,99.686000,99.509000,99.529000
2025-11-05 11:00:00,99.529000,99.556000,99.481000,99.523000
2025-11-05 12:00:00,99.520000,99.643000,99.458000,99.634000
2025-11-05 13:00:00,99.634000,99.889000,99.616000,99.861000
2025-11-05 14:00:00,99.859000,100.017998,99.807000,99.984000
2025-11-05 15:00:00,99.993000,100.294000,99.976000,100.291000
2025-11-05 16:00:00,100.289000,100.392000,100.172000,100.333000
2025-11-05 17:00:00,100.333000,100.371000,100.210000,100.247000
2025-11-05 18:00:00,100.247000,100.306000,100.199000,100.294000
2025-11-05 19:00:00,100.294000,100.308000,100.240000,100.262000
2025-11-05 20:00:00,100.256000,100.331000,100.225000,100.244000
2025-11-05 21:00:00,100.246000,100.290000,100.177000,100.197000
2025-11-05 22:00:00,100.194000,100.279000,100.155000,100.222000
2025-11-05 23:00:00,100.204000,100.319000,100.180000,100.301000
2025-11-06 00:00:00,100.297000,100.307000,100.059998,100.102000
2025-11-06 01:00:00,100.099998,100.199000,99.922000,100.169000
2025-11-06 02:00:00,100.170000,100.276000,100.080002,100.174000
2025-11-06 03:00:00,100.174000,100.276000,100.151000,100.194000
2025-11-06 04:00:00,100.194000,100.327000,100.162000,100.271000
2025-11-06 05:00:00,100.271000,100.306000,100.089996,100.138000
2025-11-06 06:00:00,100.138000,100.231000,100.123000,100.180000
2025-11-06 07:00:00,100.180000,100.259000,100.101000,100.182000
2025-11-06 08:00:00,100.184000,100.189000,99.975000,100.056000
2025-11-06 09:00:00,100.053001,100.177000,100.051003,100.124000
2025-11-06 10:00:00,100.119000,100.163000,100.030998,100.049004
2025-11-06 11:00:00,100.044998,100.079002,99.941000,99.983000
2025-11-06 12:00:00,99.985000,100.106000,99.953000,100.053001
2025-11-06 13:00:00,100.053001,100.117000,99.903000,99.913000
2025-11-06 14:00:00,99.909000,99.920000,99.422000,99.425000
2025-11-06 15:00:00,99.430000,99.485000,98.997000,99.005997
2025-11-06 16:00:00,99.000000,99.093002,98.919000,98.935000
2025-11-06 17:00:00,98.937000,99.165000,98.820000,99.113000
2025-11-06 18:00:00,99.113000,99.267000,98.977000,99.188000
2025-11-06 19:00:00,99.188000,99.366000,99.172000,99.289000
2025-11-06 20:00:00,99.284000,99.307000,99.105000,99.143000
2025-11-06 21:00:00,99.143000,99.200000,99.092003,99.156000
2025-11-06 22:00:00,99.059998,99.221000,99.054001,99.192000
2025-11-06 23:00:00,99.175000,99.205000,99.119000,99.183000
2025-11-07 00:00:00,99.164000,99.352000,99.086998,99.269000
2025-11-07 01:00:00,99.267000,99.345000,99.033997,99.187000
2025-11-07 02:00:00,99.193000,99.206000,99.042000,99.160000
2025-11-07 03:00:00,99.160000,99.191000,98.986000,99.055000
2025-11-07 04:00:00,99.056000,99.175000,98.962000,99.142000
2025-11-07 05:00:00,99.138000,99.370000,99.137000,99.360000
2025-11-07 06:00:00,99.363000,99.536000,99.358000,99.517000
2025-11-07 07:00:00,99.521000,99.579000,99.456000,99.459000
2025-11-07 08:00:00,99.462000,99.559000,99.336000,99.549000
2025-11-07 09:00:00,99.553000,99.564000,99.416000,99.501000
2025-11-07 10:00:00,99.498000,99.557000,99.390000,99.451000
2025-11-07 11:00:00,99.447000,99.457000,99.132000,99.308000
2025-11-07 12:00:00,99.313000,99.336000,99.106000,99.197000
2025-11-07 13:00:00,99.198000,99.550000,99.136000,99.482000
2025-11-07 14:00:00,99.487000,99.577000,99.128000,99.395000
2025-11-07 15:00:00,99.407000,99.412000,99.037003,99.109000
2025-11-07 16:00:00,99.113000,99.215000,99.025002,99.105000
2025-11-07 17:00:00,99.103000,99.307000,99.028000,99.261000
2025-11-07 18:00:00,99.261000,99.409000,99.210000,99.380000
2025-11-07 19:00:00,99.382000,99.760000,99.364000,99.728000
2025-11-07 20:00:00,99.729000,99.754000,99.565000,99.691000
2025-11-07 21:00:00,99.695000,99.737000,99.543000,99.546000
2025-11-10 00:00:00,100.017998,100.162000,99.719000,100.107000
2025-11-10 01:00:00,100.113000,100.312000,100.098999,100.248000
2025-11-10 02:00:00,100.248000,100.346000,100.169000,100.315000
2025-11-10 03:00:00,100.315000,100.384000,100.252000,100.260000
2025-11-10 04:00:00,100.260000,100.401000,100.258000,100.398000
2025-11-10 05:00:00,100.392000,100.558000,100.379000,100.471000
2025-11-10 06:00:00,100.471000,100.563000,100.455000,100.503000
2025-11-10 07:00:00,100.502000,100.636000,100.490000,100.565000
2025-11-10 08:00:00,100.568000,100.694000,100.504000,100.680000
2025-11-10 09:00:00,100.674000,100.825000,100.662000,100.768000
2025-11-10 10:00:00,100.768000,100.776000,100.669000,100.698000
2025-11-10 11:00:00,100.698000,100.749000,100.653000,100.701000
2025-11-10 12:00:00,100.701000,100.730000,100.639000,100.664000
2025-11-10 13:00:00,100.666000,100.734000,100.528000,100.582000
2025-11-10 14:00:00,100.583000,100.609000,100.473000,100.567000
2025-11-10 15:00:00,100.569000,100.614000,100.352000,100.369000
2025-11-10 16:00:00,100.365000,100.437000,100.295000,100.429000
2025-11-10 17:00:00,100.429000,100.695000,100.410000,100.653000
2025-11-10 18:00:00,100.651000,100.723000,100.622000,100.666000
2025-11-10 19:00:00,100.666000,100.739000,100.650000,100.706000
2025-11-10 20:00:00,100.710000,100.748000,100.684000,100.699000
2025-11-10 21:00:00,100.698000,100.766000,100.691000,100.730000
2025-11-10 22:00:00,100.726000,100.726000,100.523000,100.681000
2025-11-10 23:00:00,100.680000,100.741000,100.646000,100.717000
2025-11-11 00:00:00,100.721000,100.811000,100.699000,100.804000
2025-11-11 01:00:00,100.806000,100.876000,100.778000,100.782000
2025-11-11 02:00:00,100.780000,100.846000,100.701000,100.760000
2025-11-11 03:00:00,100.760000,100.772000,100.652000,100.715000
2025-11-11 04:00:00,100.715000,100.774000,100.645000,100.655000
2025-11-11 05:00:00,100.653000,100.660000,100.451000,100.457000
2025-11-11 06:00:00,100.453000,100.630000,100.449000,100.500000
2025-11-11 07:00:00,100.506000,100.551000,100.455000,100.524000
2025-11-11 08:00:00,100.525000,100.704000,100.515000,100.617000
2025-11-11 09:00:00,100.617000,100.673000,100.551000,100.599000
2025-11-11 10:00:00,100.598000,100.646000,100.573000,100.610000
2025-11-11 11:00:00,100.607000,100.665000,100.582000,100.656000
2025-11-11 12:00:00,100.658000,100.686000,100.560000,100.565000
2025-11-11 13:00:00,100.564000,100.632000,100.393000,100.494000
2025-11-11 14:00:00,100.489000,100.661000,100.436000,100.659000
2025-11-11 15:00:00,100.655000,100.698000,100.400000,100.409000
2025-11-11 16:00:00,100.412000,100.561000,100.402000,100.491000
2025-11-11 17:00:00,100.491000,100.628000,100.482000,100.626000
2025-11-11 18:00:00,100.622000,100.683000,100.603000,100.638000
2025-11-11 19:00:00,100.638000,100.683000,100.599000,100.632000
2025-11-11 20:00:00,100.632000,100.656000,100.604000,100.637000
2025-11-11 21:00:00,100.634000,100.646000,100.557000,100.598000
2025-11-11 22:00:00,100.490000,100.601000,100.448000,100.512000
2025-11-11 23:00:00,100.512000,100.680000,100.504000,100.608000
2025-11-12 00:00:00,100.597000,100.703000,100.557000,100.615000
2025-11-12 01:00:00,100.613000,100.691000,100.595000,100.665000
2025-11-12 02:00:00,100.665000,100.783000,100.638000,100.657000
2025-11-12 03:00:00,100.657000,100.704000,100.627000,100.681000
2025-11-12 04:00:00,100.680000,100.904000,100.642000,100.894000
2025-11-12 05:00:00,100.894000,100.995000,100.787000,100.961000
2025-11-12 06:00:00,100.968000,101.091003,100.962000,101.035004
2025-11-12 07:00:00,101.029999,101.148000,100.985000,101.077003
2025-11-12 08:00:00,101.077003,101.277000,101.050003,101.225000
2025-11-12 09:00:00,101.229000,101.271000,101.151000,101.158000
2025-11-12 10:00:00,101.154000,101.192000,101.106000,101.152000
2025-11-12 11:00:00,101.152000,101.203000,101.139000,101.167000
2025-11-12 12:00:00,101.171000,101.304000,101.155000,101.294000
2025-11-12 13:00:00,101.290000,101.322000,101.222000,101.288000
2025-11-12 14:00:00,101.283000,101.315000,101.147000,101.176000
2025-11-12 15:00:00,101.174000,101.273000,101.123000,101.188000
2025-11-12 16:00:00,101.192000,101.278000,101.112000,101.134000
2025-11-12 17:00:00,101.135000,101.191000,101.068001,101.139000
2025-11-12 18:00:00,101.144000,101.297000,101.123000,101.285000
2025-11-12 19:00:00,101.285000,101.293000,101.149000,101.242000
2025-11-12 20:00:00,101.247000,101.263000,101.188000,101.224000
2025-11-12 21:00:00,101.224000,101.277000,101.215000,101.215000
2025-11-12 22:00:00,101.227000,101.270000,101.094002,101.126000
2025-11-12 23:00:00,101.095001,101.185000,101.067001,101.120000
2025-11-13 00:00:00,101.112000,101.637000,101.041000,101.520000
2025-11-13 01:00:00,101.520000,101.663000,101.440000,101.463000
2025-11-13 02:00:00,101.462000,101.594000,101.409000,101.491000
2025-11-13 03:00:00,101.493000,101.560000,101.449000,101.470000
2025-11-13 04:00:00,101.465000,101.529000,101.356000,101.511000
2025-11-13 05:00:00,101.506000,101.644000,101.500000,101.599000
2025-11-13 06:00:00,101.605000,101.649000,101.549000,101.579000
2025-11-13 07:00:00,101.579000,101.826000,101.574000,101.722000
2025-11-13 08:00:00,101.722000,101.819000,101.650000,101.652000
2025-11-13 09:00:00,101.655000,101.677000,101.450000,101.565000
2025-11-13 10:00:00,101.565000,101.629000,101.518000,101.583000
2025-11-13 11:00:00,101.580000,101.630000,101.512000,101.540000
2025-11-13 12:00:00,101.541000,101.559000,101.457000,101.495000
2025-11-13 13:00:00,101.486000,101.498000,101.298000,101.339000
2025-11-13 14:00:00,101.340000,101.361000,100.956000,101.084999
2025-11-13 15:00:00,101.087997,101.276000,100.918000,101.037003
2025-11-13 16:00:00,101.037003,101.228000,101.001999,101.171000
2025-11-13 17:00:00,101.170000,101.234000,101.013000,101.064003
2025-11-13 18:00:00,101.057999,101.085999,100.680000,100.831000
2025-11-13 19:00:00,100.826000,100.943000,100.741000,100.837000
2025-11-13 20:00:00,100.837000,100.908000,100.808000,100.894000
2025-11-13 21:00:00,100.898000,100.939000,100.857000,100.881000
2025-11-13 22:00:00,100.861000,100.996000,100.774000,100.970000
2025-11-13 23:00:00,100.962000,100.991000,100.902000,100.931000
2025-11-14 00:00:00,100.923000,101.056999,100.900000,100.983000
2025-11-14 01:00:00,100.983000,101.092003,100.955000,101.047997
2025-11-14 02:00:00,101.043999,101.233000,101.042000,101.064003
2025-11-14 03:00:00,101.060997,101.151000,101.005997,101.096001
2025-11-14 04:00:00,101.091003,101.102000,100.865000,100.874000
2025-11-14 05:00:00,100.873000,101.022003,100.806000,101.003998
2025-11-14 06:00:00,101.003998,101.041000,100.943000,100.994000
2025-11-14 07:00:00,100.992000,100.999000,100.784000,100.975000
2025-11-14 08:00:00,100.975000,100.983000,100.755000,100.914000
2025-11-14 09:00:00,100.914000,100.992000,100.824000,100.873000
2025-11-14 10:00:00,100.877000,100.959000,100.789000,100.814000
2025-11-14 11:00:00,100.810000,100.835000,100.602000,100.672000
2025-11-14 12:00:00,100.672000,100.681000,100.313000,100.379000
2025-11-14 13:00:00,100.383000,100.548000,100.222000,100.523000
2025-11-14 14:00:00,100.518000,100.863000,100.434000,100.858000
2025-11-14 15:00:00,100.854000,101.106000,100.696000,101.087997
2025-11-14 16:00:00,101.087997,101.292000,100.988000,101.241000
2025-11-14 17:00:00,101.240000,101.298000,101.120000,101.161000
2025-11-14 18:00:00,101.160000,101.169000,100.983000,101.028999
2025-11-14 19:00:00,101.028000,101.070000,100.960000,101.044998
2025-11-14 20:00:00,101.051003,101.061996,100.958000,100.999000
2025-11-14 21:00:00,100.999000,101.067001,100.942000,100.976000
2025-11-17 00:00:00,100.982000,101.023003,100.790000,100.923000
2025-11-17 01:00:00,100.918000,100.928000,100.755000,100.757000
2025-11-17 02:00:00,100.757000,100.874000,100.732000,100.849000
2025-11-17 03:00:00,100.849000,100.927000,100.739000,100.823000
2025-11-17 04:00:00,100.822000,100.887000,100.800000,100.855000
2025-11-17 05:00:00,100.848000,100.933000,100.822000,100.892000
2025-11-17 06:00:00,100.892000,100.986000,100.874000,100.930000
2025-11-17 07:00:00,100.930000,101.136000,100.908000,101.102000
2025-11-17 08:00:00,101.108000,101.133000,100.883000,100.922000
2025-11-17 09:00:00,100.917000,100.939000,100.866000,100.894000
2025-11-17 10:00:00,100.900000,100.939000,100.797000,100.820000
2025-11-17 11:00:00,100.820000,100.913000,100.772000,100.884000
2025-11-17 12:00:00,100.884000,100.983000,100.860000,100.937000
2025-11-17 13:00:00,100.937000,100.981000,100.769000,100.834000
2025-11-17 14:00:00,100.835000,100.959000,100.795000,100.952000
2025-11-17 15:00:00,100.952000,101.108000,100.925000,101.008003
2025-11-17 16:00:00,101.008003,101.112000,100.808000,101.106000
2025-11-17 17:00:00,101.113000,101.151000,100.979000,100.997000
2025-11-17 18:00:00,100.994000,101.014000,100.800000,100.800000
2025-11-17 19:00:00,100.802000,100.819000,100.623000,100.647000
2025-11-17 20:00:00,100.652000,100.787000,100.603000,100.770000
2025-11-17 21:00:00,100.766000,100.825000,100.746000,100.781000
2025-11-17 22:00:00,100.728000,100.838000,100.659000,100.791000
2025-11-17 23:00:00,100.791000,100.897000,100.777000,100.807000
2025-11-18 00:00:00,100.809000,100.832000,100.615000,100.662000
2025-11-18 01:00:00,100.662000,100.786000,100.647000,100.730000
2025-11-18 02:00:00,100.731000,100.860000,100.697000,100.700000
2025-11-18 03:00:00,100.700000,100.705000,100.501000,100.530000
2025-11-18 04:00:00,100.530000,100.534000,100.140000,100.482000
2025-11-18 05:00:00,100.477000,100.585000,100.370000,100.517000
2025-11-18 06:00:00,100.513000,100.584000,100.360000,100.486000
2025-11-18 07:00:00,100.485000,100.590000,100.322000,100.512000
2025-11-18 08:00:00,100.512000,100.858000,100.511000,100.707000
2025-11-18 09:00:00,100.707000,100.867000,100.678000,100.834000
2025-11-18 10:00:00,100.833000,101.027000,100.788000,101.023003
2025-11-18 11:00:00,101.022003,101.101000,100.972000,101.069000
2025-11-18 12:00:00,101.072998,101.072998,100.880000,100.895000
2025-11-18 13:00:00,100.895000,101.051003,100.884000,100.950000
2025-11-18 14:00:00,100.948000,101.124000,100.856000,100.868000
2025-11-18 15:00:00,100.863000,100.908000,100.626000,100.716000
2025-11-18 16:00:00,100.724000,101.211000,100.663000,101.089996
2025-11-18 17:00:00,101.086998,101.370000,100.994000,101.350000
2025-11-18 18:00:00,101.350000,101.434000,101.313000,101.345000
2025-11-18 19:00:00,101.341000,101.413000,101.287000,101.353000
2025-11-18 20:00:00,101.349000,101.367000,101.241000,101.251000
2025-11-18 21:00:00,101.250000,101.261000,101.137000,101.137000
2025-11-18 22:00:00,101.070000,101.246000,101.028000,101.213000
2025-11-18 23:00:00,101.200000,101.283000,101.190000,101.234000
2025-11-19 00:00:00,101.222000,101.241000,101.016998,101.081001
2025-11-19 01:00:00,101.078003,101.093002,100.907000,100.949000
2025-11-19 02:00:00,100.950000,101.027000,100.825000,100.838000
2025-11-19 03:00:00,100.832000,100.838000,100.631000,100.669000
2025-11-19 04:00:00,100.668000,100.802000,100.586000,100.690000
2025-11-19 05:00:00,100.685000,100.829000,100.647000,100.821000
2025-11-19 06:00:00,100.821000,100.946000,100.800000,100.895000
2025-11-19 07:00:00,100.891000,100.999000,100.868000,100.972000
2025-11-19 08:00:00,100.970000,100.989000,100.796000,100.818000
2025-11-19 09:00:00,100.818000,101.179000,100.796000,101.166000
2025-11-19 10:00:00,101.164000,101.354000,101.120000,101.329000
2025-11-19 11:00:00,101.335000,101.370000,101.268000,101.300000
2025-11-19 12:00:00,101.300000,101.437000,101.284000,101.394000
2025-11-19 13:00:00,101.394000,101.398000,101.236000,101.335000
2025-11-19 14:00:00,101.332000,101.686000,101.292000,101.668000
2025-11-19 15:00:00,101.670000,101.688000,101.155000,101.178000
2025-11-19 16:00:00,101.183000,101.304000,101.102000,101.304000
2025-11-19 17:00:00,101.297000,101.348000,101.141000,101.266000
2025-11-19 18:00:00,101.259000,101.457000,101.256000,101.362000
2025-11-19 19:00:00,101.361000,101.511000,101.298000,101.499000
2025-11-19 20:00:00,101.500000,101.612000,101.470000,101.513000
2025-11-19 21:00:00,101.520000,101.860000,101.493000,101.789000
2025-11-19 22:00:00,101.782000,101.811000,101.627000,101.749000
2025-11-19 23:00:00,101.711000,101.949000,101.685000,101.877000
2025-11-20 00:00:00,101.890000,101.975000,101.721000,101.841000
2025-11-20 01:00:00,101.847000,102.045998,101.794000,102.001999
2025-11-20 02:00:00,102.000999,102.037003,101.848000,101.911000
2025-11-20 03:00:00,101.912000,102.099998,101.912000,102.033997
2025-11-20 04:00:00,102.028999,102.106000,101.953000,102.084999
2025-11-20 05:00:00,102.084999,102.207000,102.017998,102.075996
2025-11-20 06:00:00,102.080002,102.240000,102.035004,102.232000
2025-11-20 07:00:00,102.230000,102.233000,101.927000,101.965000
2025-11-20 08:00:00,101.958000,101.980000,101.748000,101.778000
2025-11-20 09:00:00,101.778000,101.901000,101.775000,101.898000
2025-11-20 10:00:00,101.896000,102.065002,101.883000,102.031998
2025-11-20 11:00:00,102.035004,102.075996,101.953000,102.000000
2025-11-20 12:00:00,101.995000,102.153000,101.990000,102.148000
2025-11-20 13:00:00,102.148000,102.456000,102.007004,102.275000
2025-11-20 14:00:00,102.275000,102.488000,102.261000,102.405000
2025-11-20 15:00:00,102.394000,102.442000,102.114000,102.128000
2025-11-20 16:00:00,102.122000,102.132000,101.463000,101.493000
2025-11-20 17:00:00,101.490000,101.679000,101.298000,101.527000
2025-11-20 18:00:00,101.528000,101.880000,101.414000,101.459000
2025-11-20 19:00:00,101.465000,101.717000,101.418000,101.710000
2025-11-20 20:00:00,101.710000,101.749000,101.512000,101.533000
2025-11-20 21:00:00,101.535000,101.544000,101.374000,101.397000
2025-11-20 22:00:00,101.383000,101.533000,101.349000,101.520000
2025-11-20 23:00:00,101.506000,101.540000,101.282000,101.497000
2025-11-21 00:00:00,101.494000,101.624000,101.479000,101.552000
2025-11-21 01:00:00,101.552000,101.661000,101.464000,101.639000
2025-11-21 02:00:00,101.632000,101.659000,101.436000,101.440000
2025-11-21 03:00:00,101.440000,101.545000,101.410000,101.411000
2025-11-21 04:00:00,101.411000,101.417000,101.233000,101.368000
2025-11-21 05:00:00,101.363000,101.482000,101.314000,101.354000
2025-11-21 06:00:00,101.354000,101.445000,101.278000,101.392000
2025-11-21 07:00:00,101.388000,101.411000,100.783000,100.873000
2025-11-21 08:00:00,100.880000,101.279000,100.789000,101.222000
2025-11-21 09:00:00,101.220000,101.243000,100.885000,100.893000
2025-11-21 10:00:00,100.891000,100.918000,100.601000,100.891000
2025-11-21 11:00:00,100.885000,101.047997,100.800000,100.867000
2025-11-21 12:00:00,100.867000,101.116000,100.714000,101.021004
2025-11-21 13:00:00,101.025002,101.215000,100.942000,101.132000
2025-11-21 14:00:00,101.132000,101.146000,100.780000,100.851000
2025-11-21 15:00:00,100.843000,100.918000,100.350000,100.697000
2025-11-21 16:00:00,100.695000,101.073997,100.589000,101.068001
2025-11-21 17:00:00,101.070999,101.210000,101.003998,101.036003
2025-11-21 18:00:00,101.040001,101.189000,100.872000,101.041000
2025-11-21 19:00:00,101.040001,101.084999,100.884000,100.917000
2025-11-21 20:00:00,100.918000,101.042000,100.905000,100.985000
2025-11-21 21:00:00,100.985000,101.064003,100.848000,100.917000
2025-11-24 00:00:00,101.236000,101.251000,101.116000,101.145000
2025-11-24 01:00:00,101.145000,101.166000,101.064003,101.137000
2025-11-24 02:00:00,101.137000,101.291000,101.106000,101.218000
2025-11-24 03:00:00,101.220000,101.251000,101.153000,101.202000
2025-11-24 04:00:00,101.202000,101.255000,101.110000,101.131000
2025-11-24 05:00:00,101.131000,101.213000,101.098999,101.192000
2025-11-24 06:00:00,101.192000,101.291000,101.180000,101.237000
2025-11-24 07:00:00,101.233000,101.371000,101.184000,101.330000
2025-11-24 08:00:00,101.327000,101.343000,101.217000,101.304000
2025-11-24 09:00:00,101.304000,101.318000,100.959000,101.045998
2025-11-24 10:00:00,101.045998,101.123000,100.994000,101.081001
2025-11-24 11:00:00,101.075996,101.220000,101.037003,101.166000
2025-11-24 12:00:00,101.164000,101.261000,101.058998,101.249000
2025-11-24 13:00:00,101.252000,101.383000,101.215000,101.269000
2025-11-24 14:00:00,101.269000,101.465000,101.190000,101.345000
2025-11-24 15:00:00,101.354000,101.475000,101.198000,101.254000
2025-11-24 16:00:00,101.249000,101.361330,101.249000,101.305690
2025-11-24 17:00:00,101.303080,101.372910,101.263320,101.351420
2025-11-24 18:00:00,101.348380,101.393320,101.332170,101.380620
2025-11-24 19:00:00,101.380030,101.398110,101.311400,101.311400
2025-11-24 20:00:00,101.310890,101.425330,101.294570,101.400810
2025-11-24 21:00:00,101.399150,101.448680,101.390000,101.443450
2025-11-24 22:00:00,101.442610,101.445240,101.360920,101.397670
2025-11-24 23:00:00,101.398460,101.510720,101.398050,101.476600
2025-11-25 00:00:00,101.474980,101.476660,101.251750,101.264640
2025-11-25 01:00:00,101.266530,101.325760,101.224890,101.262830
2025-11-25 02:00:00,101.262300,101.304880,101.203450,101.304880
2025-11-25 03:00:00,101.306690,101.316940,101.125800,101.170830
2025-11-25 04:00:00,101.173230,101.253950,101.170120,101.198940
2025-11-25 05:00:00,101.200590,101.268590,101.145560,101.235620
2025-11-25 06:00:00,101.234710,101.278800,101.065550,101.083620
2025-11-25 07:00:00,101.083790,101.115970,101.037280,101.096520
2025-11-25 08:00:00,101.095870,101.131580,100.913660,100.964770
2025-11-25 09:00:00,100.963170,100.983500,100.860420,100.949530
2025-11-25 10:00:00,100.948190,101.004560,100.893160,100.951000
2025-11-25 11:00:00,100.950420,100.962120,100.850360,100.883320
2025-11-25 12:00:00,100.879670,101.015760,100.851090,100.923100
2025-11-25 13:00:00,100.923640,101.003520,100.879690,100.886720
2025-11-25 14:00:00,100.883190,100.892760,100.384240,100.669190
2025-11-25 15:00:00,100.663180,100.739610,100.505250,100.669560
2025-11-25 16:00:00,100.666350,100.830280,100.666350,100.829960
2025-11-25 17:00:00,100.827440,100.988540,100.807820,100.932040
2025-11-25 18:00:00,100.931270,100.979100,100.895230,100.914710
2025-11-25 19:00:00,100.914000,100.946120,100.824870,100.896580
2025-11-25 20:00:00,100.895860,101.011890,100.891520,100.960890
2025-11-25 21:00:00,100.960370,101.018700,100.949460,100.977540
2025-11-25 22:00:00,100.977220,100.977550,100.850900,100.949210
2025-11-25 23:00:00,100.951130,101.080070,100.948890,101.080070
2025-11-26 00:00:00,101.079510,101.268370,101.030500,101.234120
2025-11-26 01:00:00,101.236820,101.409910,101.179810,101.207070
2025-11-26 02:00:00,101.207970,101.255310,101.094700,101.184200
2025-11-26 03:00:00,101.184530,101.400840,101.181750,101.346310
2025-11-26 04:00:00,101.346610,101.509930,101.342310,101.483140
2025-11-26 05:00:00,101.482990,101.604410,101.461460,101.575970
2025-11-26 06:00:00,101.575880,101.710990,101.571070,101.637320
2025-11-26 07:00:00,101.635000,101.749170,101.586620,101.710690
2025-11-26 08:00:00,101.709020,101.722440,101.501610,101.644010
2025-11-26 09:00:00,101.643790,101.717890,101.562910,101.697020
2025-11-26 10:00:00,101.696260,101.697530,101.568220,101.596970
2025-11-26 11:00:00,101.596160,101.650820,101.537560,101.575800
2025-11-26 12:00:00,101.574240,101.620230,101.515080,101.593190
2025-11-26 13:00:00,101.589810,101.722320,101.589810,101.688000
2025-11-26 14:00:00,101.687150,101.828710,101.646010,101.727220
2025-11-26 15:00:00,101.723590,101.847830,101.670890,101.822840
2025-11-26 16:00:00,101.818910,101.919050,101.818200,101.901440
2025-11-26 17:00:00,101.900200,101.914900,101.853420,101.907780
2025-11-26 18:00:00,101.905950,102.017500,101.841310,102.014190
2025-11-26 19:00:00,102.012510,102.021190,101.968290,101.980240
2025-11-26 20:00:00,101.976660,102.027450,101.941490,101.974460
2025-11-26 21:00:00,101.971850,101.996960,101.954740,101.990660
2025-11-26 22:00:00,101.989420,102.015510,101.908620,101.960370
2025-11-26 23:00:00,101.959610,102.022360,101.907680,101.933150
2025-11-27 00:00:00,101.932390,101.933650,101.752280,101.801820
2025-11-27 01:00:00,101.802590,101.947500,101.659870,101.908970
2025-11-27 02:00:00,101.910210,102.047580,101.881620,101.941290
2025-11-27 03:00:00,101.939960,101.982930,101.872780,101.958640
2025-11-27 04:00:00,101.959010,101.995550,101.903900,101.946310
2025-11-27 05:00:00,101.949640,101.974290,101.861510,101.887950
2025-11-27 06:00:00,101.894870,101.971720,101.869010,101.921460
2025-11-27 07:00:00,101.921240,102.019650,101.908320,101.988060
2025-11-27 08:00:00,101.988380,102.038330,101.914280,102.013460
2025-11-27 09:00:00,102.012270,102.070700,101.963970,102.026010
2025-11-27 10:00:00,102.025670,102.038700,101.946500,101.974050
2025-11-27 11:00:00,101.973500,102.051480,101.940000,102.047600
2025-11-27 12:00:00,102.046700,102.074730,102.015470,102.062110
2025-11-27 13:00:00,102.061130,102.063400,101.991890,102.010470
2025-11-27 14:00:00,102.009670,102.053570,101.991500,102.046830
2025-11-27 15:00:00,102.044880,102.143220,102.034350,102.119510
2025-11-27 16:00:00,102.114680,102.135560,102.068430,102.072360
2025-11-27 17:00:00,102.070080,102.120280,102.069010,102.108230
2025-11-27 18:00:00,102.105110,102.130270,102.098380,102.106070
2025-11-27 19:00:00,102.103790,102.120400,102.086650,102.098850
2025-11-27 20:00:00,102.097270,102.105730,102.072170,102.091580
2025-11-27 21:00:00,102.089660,102.130250,102.079270,102.130250
2025-11-27 22:00:00,102.128210,102.142850,102.082970,102.122360
2025-11-27 23:00:00,102.121110,102.162510,102.059820,102.152170
2025-11-28 00:00:00,102.151450,102.315970,102.113650,102.247810
2025-11-28 01:00:00,102.247700,102.293400,102.199680,102.201330
2025-11-28 02:00:00,102.200940,102.232340,102.097060,102.167000
2025-11-28 03:00:00,102.166090,102.215120,102.098180,102.118320
2025-11-28 04:00:00,102.119830,102.128890,102.030550,102.053740
2025-11-28 05:00:00,102.053490,102.118790,102.007380,102.073530
2025-11-28 06:00:00,102.080200,102.136500,102.038300,102.058310
2025-11-28 07:00:00,102.059290,102.118290,101.963530,101.974400
2025-11-28 08:00:00,101.973340,102.020980,101.933580,101.967440
2025-11-28 09:00:00,101.967620,102.049940,101.967410,102.003500
2025-11-28 10:00:00,102.003330,102.017480,101.932320,101.933460
2025-11-28 11:00:00,101.932670,101.964920,101.891310,101.891310
2025-11-28 12:00:00,101.890100,101.940540,101.859910,101.896610
2025-11-28 13:00:00,101.896210,102.024360,101.877280,101.988440
2025-11-28 14:00:00,101.988430,102.226360,101.951440,102.160790
2025-11-28 15:00:00,102.159500,102.372350,102.139870,102.323200
2025-11-28 16:00:00,102.319050,102.338020,102.260310,102.327580
2025-11-28 17:00:00,102.325800,102.337620,102.209610,102.325820
2025-11-28 18:00:00,102.320650,102.364280,102.240270,102.272400
2025-11-28 19:00:00,102.270060,102.292730,102.238030,102.277210
2025-11-28 20:00:00,102.276390,102.287310,102.209490,102.281780
2025-11-28 21:00:00,102.279830,102.307800,102.233980,102.284240
2025-11-30 22:00:00,102.096750,102.227620,102.095160,102.110760
2025-11-30 23:00:00,102.110130,102.284430,102.100410,102.158940
2025-12-01 00:00:00,102.158120,102.159290,101.826830,101.944640
2025-12-01 01:00:00,101.944940,102.081080,101.816360,101.943850
2025-12-01 02:00:00,101.947640,101.982030,101.674240,101.738490
2025-12-01 03:00:00,101.736610,101.812970,101.681850,101.769050
2025-12-01 04:00:00,101.770500,101.871060,101.715030,101.819080
2025-12-01 05:00:00,101.817410,101.818420,101.629010,101.780200
2025-12-01 06:00:00,101.781340,101.837560,101.779750,101.804850
2025-12-01 07:00:00,101.804210,101.820670,101.734620,101.776360
2025-12-01 08:00:00,101.776880,101.888250,101.711840,101.833250
2025-12-01 09:00:00,101.832680,101.833950,101.713490,101.723330
2025-12-01 10:00:00,101.722550,101.726600,101.609840,101.682540
2025-12-01 11:00:00,101.681000,101.732140,101.625440,101.673290
2025-12-01 12:00:00,101.671620,101.696150,101.543900,101.588600
2025-12-01 13:00:00,101.587490,101.632720,101.523870,101.586290
2025-12-01 14:00:00,101.584210,101.713240,101.548790,101.688590
2025-12-01 15:00:00,101.686090,101.794860,101.586900,101.634830
2025-12-01 16:00:00,101.629020,101.804070,101.629020,101.764000
2025-12-01 17:00:00,101.761770,101.836940,101.752300,101.814940
2025-12-01 18:00:00,101.813820,101.839480,101.767610,101.829610
2025-12-01 19:00:00,101.828570,101.831300,101.687420,101.733500
2025-12-01 20:00:00,101.732270,101.747110,101.694060,101.694810
2025-12-01 21:00:00,101.694070,101.763970,101.690270,101.749160
2025-12-01 22:00:00,101.748540,101.759640,101.651940,101.664180
2025-12-01 23:00:00,101.665610,101.805560,101.664130,101.772670
2025-12-02 00:00:00,101.772260,101.828340,101.702740,101.813020
2025-12-02 01:00:00,101.814330,101.882100,101.812540,101.864010
2025-12-02 02:00:00,101.865340,101.993280,101.834680,101.967760
2025-12-02 03:00:00,101.968690,102.014780,101.871660,101.959770
2025-12-02 04:00:00,101.959770,101.988740,101.910390,101.934310
2025-12-02 05:00:00,101.934300,102.071570,101.929620,102.018470
2025-12-02 06:00:00,102.017850,102.104810,102.001280,102.094090
2025-12-02 07:00:00,102.094000,102.171370,102.084330,102.087110
2025-12-02 08:00:00,102.088850,102.273540,102.086990,102.230550
2025-12-02 09:00:00,102.231280,102.265420,102.123480,102.137430
2025-12-02 10:00:00,102.136980,102.158910,102.113670,102.131560
2025-12-02 11:00:00,102.130460,102.185470,102.092760,102.116620
2025-12-02 12:00:00,102.115480,102.259900,102.110420,102.259900
2025-12-02 13:00:00,102.257760,102.341890,102.250290,102.338850
2025-12-02 14:00:00,102.333900,102.495150,102.300080,102.347420
2025-12-02 15:00:00,102.344030,102.477730,102.264820,102.393720
2025-12-02 16:00:00,102.388200,102.419140,102.149700,102.231250
2025-12-02 17:00:00,102.230700,102.372660,102.210620,102.270450
2025-12-02 18:00:00,102.271410,102.295260,102.203900,102.268720
2025-12-02 19:00:00,102.264840,102.341770,102.264830,102.337370
2025-12-02 20:00:00,102.334990,102.348050,102.299280,102.326010
2025-12-02 21:00:00,102.324940,102.349870,102.304850,102.349870
2025-12-02 22:00:00,102.348810,102.361450,102.219000,102.361450
2025-12-02 23:00:00,102.360660,102.438350,102.336030,102.422820
2025-12-03 00:00:00,102.421920,102.423320,102.039210,102.296030
2025-12-03 01:00:00,102.295840,102.345910,102.219740,102.344880
2025-12-03 02:00:00,102.345330,102.452670,102.331940,102.415550
2025-12-03 03:00:00,102.413980,102.435960,102.383490,102.408960
2025-12-03 04:00:00,102.409690,102.477210,102.405060,102.430080
2025-12-03 05:00:00,102.430440,102.512310,102.407640,102.480970
2025-12-03 06:00:00,102.483050,102.496350,102.377520,102.436260
2025-12-03 07:00:00,102.434780,102.455810,102.374360,102.434480
2025-12-03 08:00:00,102.433960,102.485750,102.373410,102.482340
2025-12-03 09:00:00,102.482110,102.483320,102.399590,102.417300
2025-12-03 10:00:00,102.417370,102.504350,102.417370,102.468770
2025-12-03 11:00:00,102.468100,102.469380,102.378340,102.428750
2025-12-03 12:00:00,102.427740,102.442210,102.372770,102.412150
2025-12-03 13:00:00,102.411180,102.486210,102.388190,102.474920
2025-12-03 14:00:00,102.472800,102.484490,102.143190,102.316420
2025-12-03 15:00:00,102.315510,102.503970,102.300520,102.412200
2025-12-03 16:00:00,102.409210,102.420890,102.257990,102.259300
2025-12-03 17:00:00,102.255180,102.362630,102.255180,102.336920
2025-12-03 18:00:00,102.336170,102.393610,102.297560,102.375690
2025-12-03 19:00:00,102.373610,102.411520,102.353810,102.391280
2025-12-03 20:00:00,102.388210,102.488960,102.388210,102.473460
2025-12-03 21:00:00,102.471080,102.533350,102.450920,102.488270
2025-12-03 22:00:00,102.487230,102.489560,102.400480,102.432490
2025-12-03 23:00:00,102.431640,102.470050,102.388640,102.436570
2025-12-04 00:00:00,102.436430,102.594210,102.419080,102.534680
2025-12-04 01:00:00,102.533900,102.616110,102.509560,102.585160
2025-12-04 02:00:00,102.585570,102.704240,102.585050,102.689960
2025-12-04 03:00:00,102.689880,102.742670,102.659020,102.713590
2025-12-04 04:00:00,102.714370,102.823360,102.690860,102.808480
2025-12-04 05:00:00,102.811840,102.854940,102.593970,102.595980
2025-12-04 06:00:00,102.598300,102.703670,102.595210,102.658200
2025-12-04 07:00:00,102.660330,102.734260,102.626490,102.682990
2025-12-04 08:00:00,102.684580,102.708180,102.397330,102.467420
2025-12-04 09:00:00,102.465200,102.488500,102.422430,102.443010
2025-12-04 10:00:00,102.441500,102.456050,102.312890,102.312890
2025-12-04 11:00:00,102.311130,102.313850,102.133000,102.166860
2025-12-04 12:00:00,102.163000,102.262440,102.163000,102.199110
2025-12-04 13:00:00,102.194830,102.381200,102.194830,102.309480
2025-12-04 14:00:00,102.308680,102.388930,102.286630,102.345520
2025-12-04 15:00:00,102.344010,102.452870,102.327880,102.372960
2025-12-04 16:00:00,102.368730,102.526000,102.349450,102.508000
2025-12-04 17:00:00,102.510000,102.527000,102.455000,102.511280
2025-12-04 18:00:00,102.508580,102.535060,102.492530,102.532870
2025-12-04 19:00:00,102.531370,102.538400,102.434690,102.524260
2025-12-04 20:00:00,102.521700,102.584640,102.483870,102.561390
2025-12-04 21:00:00,102.559940,102.585820,102.516520,102.529970
2025-12-04 22:00:00,102.529720,102.544410,102.454630,102.462810
2025-12-04 23:00:00,102.462920,102.538030,102.462920,102.498770
2025-12-05 00:00:00,102.499000,102.576510,102.428790,102.448840
2025-12-05 01:00:00,102.449840,102.583620,102.448790,102.526080
2025-12-05 02:00:00,102.528100,102.612550,102.525810,102.578500
2025-12-05 03:00:00,102.580040,102.626440,102.527080,102.606480
2025-12-05 04:00:00,102.606710,102.629360,102.475690,102.545260
2025-12-05 05:00:00,102.545430,102.548490,102.338550,102.399130
2025-12-05 06:00:00,102.397790,102.477620,102.347120,102.403790
2025-12-05 07:00:00,102.404830,102.465760,102.295930,102.451520
2025-12-05 08:00:00,102.449880,102.699570,102.420210,102.628540
2025-12-05 09:00:00,102.627060,102.737740,102.600270,102.729710
2025-12-05 10:00:00,102.727840,102.957020,102.683590,102.946740
2025-12-05 11:00:00,102.945220,102.989400,102.817120,102.871520
2025-12-05 12:00:00,102.869910,103.021430,102.846170,103.007010
2025-12-05 13:00:00,103.005220,103.143110,102.999200,103.082250
2025-12-05 14:00:00,103.080560,103.148120,103.006170,103.137130
2025-12-05 15:00:00,103.135500,103.190340,103.095820,103.128450
2025-12-05 16:00:00,103.125640,103.130240,102.958890,103.032120
2025-12-05 17:00:00,103.029510,103.123560,102.995530,103.123560
2025-12-05 18:00:00,103.123020,103.125810,103.064380,103.096420
2025-12-05 19:00:00,103.095320,103.108730,103.060620,103.108730
2025-12-05 20:00:00,103.107990,103.124240,103.056420,103.111310
2025-12-05 21:00:00,103.108300,103.179120,103.104270,103.170050
2025-12-07 22:00:00,103.029930,103.035370,102.964310,102.965040
2025-12-07 23:00:00,102.962460,103.130380,102.962460,103.060510
2025-12-08 00:00:00,103.060720,103.061360,102.972950,102.981220
2025-12-08 01:00:00,102.981630,103.019130,102.914710,102.920600
2025-12-08 02:00:00,102.921010,103.052110,102.918110,103.048100
2025-12-08 03:00:00,103.048820,103.054940,103.000770,103.024520
2025-12-08 04:00:00,103.027120,103.070860,103.020200,103.042180
2025-12-08 05:00:00,103.042210,103.175470,103.026360,103.140900
2025-12-08 06:00:00,103.142290,103.188730,103.115030,103.130980
2025-12-08 07:00:00,103.133780,103.170110,103.061640,103.112490
2025-12-08 08:00:00,103.114370,103.187710,103.100130,103.164510
2025-12-08 09:00:00,103.167290,103.230540,103.164030,103.186440
2025-12-08 10:00:00,103.186730,103.221560,103.172510,103.221560
2025-12-08 11:00:00,103.219630,103.240540,103.189840,103.230620
2025-12-08 12:00:00,103.228810,103.303780,103.218580,103.281660
2025-12-08 13:00:00,103.279970,103.316380,103.264170,103.292600
2025-12-08 14:00:00,103.290170,103.365210,103.200740,103.329730
2025-12-08 15:00:00,103.328760,103.331260,103.138080,103.154200
2025-12-08 16:00:00,103.154090,103.260970,103.109620,103.222780
2025-12-08 17:00:00,103.219520,103.252060,103.130510,103.249260
2025-12-08 18:00:00,103.247950,103.251560,103.112440,103.112440
2025-12-08 19:00:00,103.108790,103.270170,103.108790,103.261870
2025-12-08 20:00:00,103.259430,103.299120,103.224550,103.295890
2025-12-08 21:00:00,103.292740,103.320820,103.274780,103.292590
2025-12-08 22:00:00,103.292730,103.294410,103.186800,103.246890
2025-12-08 23:00:00,103.244190,103.343770,103.231910,103.288040
2025-12-09 00:00:00,103.288620,103.344900,103.220710,103.290790
2025-12-09 01:00:00,103.291060,103.306750,103.210220,103.221150
2025-12-09 02:00:00,103.222780,103.322040,103.214670,103.303770
2025-12-09 03:00:00,103.303830,103.348100,103.088170,103.244260
2025-12-09 04:00:00,103.245600,103.646000,103.217350,103.638300
2025-12-09 05:00:00,103.639400,103.693220,103.577910,103.634610
2025-12-09 06:00:00,103.634080,103.674580,103.538210,103.624410
2025-12-09 07:00:00,103.623960,103.694240,103.580610,103.673850
2025-12-09 08:00:00,103.676740,103.799310,103.673080,103.754960
2025-12-09 09:00:00,103.753970,103.767440,103.653800,103.710790
2025-12-09 10:00:00,103.712790,103.762360,103.605720,103.629950
2025-12-09 11:00:00,103.628260,103.697740,103.588330,103.691120
2025-12-09 12:00:00,103.690770,103.810180,103.690770,103.785250
2025-12-09 13:00:00,103.784000,103.881100,103.767980,103.795620
2025-12-09 14:00:00,103.794140,103.978440,103.787640,103.974950
2025-12-09 15:00:00,103.973940,104.268720,103.973940,104.232730
2025-12-09 16:00:00,104.231040,104.396920,104.201000,104.347140
2025-12-09 17:00:00,104.345540,104.366710,104.151300,104.180060
2025-12-09 18:00:00,104.178650,104.181640,104.094910,104.173700
2025-12-09 19:00:00,104.171840,104.189620,104.120840,104.131630
2025-12-09 20:00:00,104.129280,104.191790,104.128350,104.166070
2025-12-09 21:00:00,104.159170,104.231880,104.159170,104.218930
2025-12-09 22:00:00,104.222150,104.222150,104.036890,104.191050
2025-12-09 23:00:00,104.187440,104.222930,104.132100,104.134510
2025-12-10 00:00:00,104.134910,104.212300,104.113000,104.131890
2025-12-10 01:00:00,104.134050,104.134050,103.925010,103.954770
2025-12-10 02:00:00,103.955040,104.021530,103.848870,103.963790
2025-12-10 03:00:00,103.963880,104.007110,103.912480,103.946390
2025-12-10 04:00:00,103.946380,104.017290,103.938700,104.001460
2025-12-10 05:00:00,104.002520,104.109570,103.926070,104.095700
2025-12-10 06:00:00,104.095650,104.195550,104.089790,104.156530
2025-12-10 07:00:00,104.157680,104.227910,104.134700,104.144080
2025-12-10 08:00:00,104.144010,104.233710,104.093460,104.227580
2025-12-10 09:00:00,104.230050,104.312400,104.202780,104.279970
2025-12-10 10:00:00,104.279070,104.301920,104.157210,104.201470
2025-12-10 11:00:00,104.202760,104.213740,104.124380,104.177040
2025-12-10 12:00:00,104.175510,104.211780,104.150970,104.171960
2025-12-10 13:00:00,104.169730,104.171730,103.965900,103.999440
2025-12-10 14:00:00,103.998180,104.003310,103.840000,103.891270
2025-12-10 15:00:00,103.889360,103.896770,103.742940,103.850350
2025-12-10 16:00:00,103.847990,103.860550,103.783770,103.836590
2025-12-10 17:00:00,103.834440,103.869710,103.794130,103.843410
2025-12-10 18:00:00,103.840330,103.935120,103.840330,103.881330
2025-12-10 19:00:00,103.868210,104.191520,103.868210,104.185290
2025-12-10 20:00:00,104.182590,104.228840,104.110900,104.147120
2025-12-10 21:00:00,104.143850,104.228880,104.138410,104.161870
2025-12-10 22:00:00,104.163980,104.164190,104.031200,104.077620
2025-12-10 23:00:00,104.076300,104.133640,103.868320,103.957030
2025-12-11 00:00:00,103.956970,103.967210,103.674880,103.815200
2025-12-11 01:00:00,103.815200,103.881260,103.736500,103.855960
2025-12-11 02:00:00,103.855860,103.863830,103.548480,103.610630
2025-12-11 03:00:00,103.612620,103.637350,103.351530,103.365940
2025-12-11 04:00:00,103.362110,103.461770,103.248200,103.457580
2025-12-11 05:00:00,103.458830,103.565060,103.431860,103.545470
2025-12-11 06:00:00,103.546210,103.605810,103.459880,103.480760
2025-12-11 07:00:00,103.483510,103.662720,103.477560,103.640170
2025-12-11 08:00:00,103.644250,103.701070,103.551130,103.592790
2025-12-11 09:00:00,103.590550,103.695740,103.572500,103.689070
2025-12-11 10:00:00,103.685930,103.720620,103.625350,103.720620
2025-12-11 11:00:00,103.720430,103.766030,103.670280,103.717150
2025-12-11 12:00:00,103.716500,103.750890,103.509280,103.583470
2025-12-11 13:00:00,103.581860,103.609810,103.478740,103.495650
2025-12-11 14:00:00,103.493950,103.496910,103.222690,103.233450
2025-12-11 15:00:00,103.233400,103.553650,103.203610,103.520760
2025-12-11 16:00:00,103.517090,103.588550,103.412680,103.489690
2025-12-11 17:00:00,103.485250,103.606880,103.485250,103.536030
2025-12-11 18:00:00,103.531860,103.692540,103.531860,103.640750
2025-12-11 19:00:00,103.638890,103.724320,103.636000,103.720220
2025-12-11 20:00:00,103.717580,103.733620,103.639040,103.675560
2025-12-11 21:00:00,103.671010,103.732840,103.659850,103.683650
2025-12-11 22:00:00,103.681480,103.714400,103.607950,103.643020
2025-12-11 23:00:00,103.640180,103.683500,103.614430,103.617990
2025-12-12 00:00:00,103.618980,103.871380,103.586300,103.857980
2025-12-12 01:00:00,103.858900,103.889790,103.718300,103.783820
2025-12-12 02:00:00,103.784080,103.825270,103.753860,103.767260
2025-12-12 03:00:00,103.768000,103.819570,103.756710,103.781400
2025-12-12 04:00:00,103.781430,103.801690,103.725150,103.730470
2025-12-12 05:00:00,103.731740,103.848790,103.730020,103.839020
2025-12-12 06:00:00,103.840410,103.933550,103.768250,103.770240
2025-12-12 07:00:00,103.768280,103.805310,103.683670,103.798180
2025-12-12 08:00:00,103.799990,104.015950,103.797410,104.004960
2025-12-12 09:00:00,104.004930,104.022450,103.909280,103.982790
2025-12-12 10:00:00,103.980350,103.982150,103.872050,103.971630
2025-12-12 11:00:00,103.971940,103.981990,103.911410,103.943580
2025-12-12 12:00:00,103.942440,104.018780,103.900830,103.979430
2025-12-12 13:00:00,103.977720,104.016820,103.878430,103.973730
2025-12-12 14:00:00,103.972660,104.042440,103.895780,103.943860
2025-12-12 15:00:00,103.942610,103.944990,103.529440,103.562650
2025-12-12 16:00:00,103.557390,103.579550,103.328180,103.441360
2025-12-12 17:00:00,103.432180,103.725310,103.432180,103.655430
2025-12-12 18:00:00,103.654330,103.738460,103.628120,103.655180
2025-12-12 19:00:00,103.652820,103.710630,103.610670,103.706000
2025-12-12 20:00:00,103.701620,103.717420,103.615460,103.673330
2025-12-12 21:00:00,103.669360,103.717710,103.625300,103.676100
2025-12-14 22:00:00,103.547320,103.694350,103.452260,103.493350
2025-12-14 23:00:00,103.490230,103.619090,103.488790,103.612290
2025-12-15 00:00:00,103.612290,103.684450,103.612290,103.628070
2025-12-15 01:00:00,103.628420,103.664860,103.527040,103.538790
2025-12-15 02:00:00,103.539160,103.556370,103.256910,103.310010
2025-12-15 03:00:00,103.311550,103.346190,103.257070,103.284220
2025-12-15 04:00:00,103.280740,103.283480,103.094230,103.164480
2025-12-15 05:00:00,103.164270,103.166490,103.030220,103.044140
2025-12-15 06:00:00,103.042520,103.135610,102.988260,103.096880
2025-12-15 07:00:00,103.100390,103.229430,103.079370,103.201350
2025-12-15 08:00:00,103.201830,103.249280,103.113040,103.182270
2025-12-15 09:00:00,103.181170,103.184450,103.016400,103.044230
2025-12-15 10:00:00,103.042580,103.094880,103.020390,103.076950
2025-12-15 11:00:00,103.074980,103.078120,103.014870,103.026480
2025-12-15 12:00:00,103.024300,103.201090,103.023560,103.185420
2025-12-15 13:00:00,103.181830,103.220360,103.128140,103.184120
2025-12-15 14:00:00,103.181370,103.214150,102.973560,102.999880
2025-12-15 15:00:00,103.000070,103.215520,102.909220,103.186180
2025-12-15 16:00:00,103.179890,103.235080,103.095620,103.153470
2025-12-15 17:00:00,103.151410,103.173030,103.065380,103.093580
2025-12-15 18:00:00,103.091320,103.127280,103.051010,103.114880
2025-12-15 19:00:00,103.113740,103.141880,103.093080,103.115200
2025-12-15 20:00:00,103.114330,103.117300,103.058980,103.078720
2025-12-15 21:00:00,103.078120,103.087870,103.043640,103.072930
2025-12-15 22:00:00,103.073120,103.118240,102.992570,103.091760
2025-12-15 23:00:00,103.090290,103.125070,102.949050,102.956980
2025-12-16 00:00:00,102.958700,102.971310,102.643590,102.831270
2025-12-16 01:00:00,102.827950,102.866610,102.543060,102.549470
2025-12-16 02:00:00,102.549390,102.769950,102.536140,102.604550
2025-12-16 03:00:00,102.608310,102.794570,102.603510,102.768890
2025-12-16 04:00:00,102.769070,102.826260,102.736170,102.753160
2025-12-16 05:00:00,102.753180,102.809150,102.643670,102.702980
2025-12-16 06:00:00,102.702460,102.825250,102.692680,102.825250
2025-12-16 07:00:00,102.825030,102.917220,102.784280,102.815770
2025-12-16 08:00:00,102.815750,102.917790,102.815750,102.843000
2025-12-16 09:00:00,102.841390,102.843860,102.745190,102.745190
2025-12-16 10:00:00,102.744510,102.814200,102.712580,102.771210
2025-12-16 11:00:00,102.768130,102.793090,102.736820,102.760190
2025-12-16 12:00:00,102.757430,102.762190,102.595600,102.631740
2025-12-16 13:00:00,102.628140,102.918460,102.624950,102.862240
2025-12-16 14:00:00,102.861480,103.025110,102.786100,102.931670
2025-12-16 15:00:00,102.932700,102.933990,102.460310,102.679380
2025-12-16 16:00:00,102.666860,102.818170,102.666860,102.773880
2025-12-16 17:00:00,102.773290,102.796640,102.651400,102.654830
2025-12-16 18:00:00,102.655090,102.756290,102.556030,102.707430
2025-12-16 19:00:00,102.707640,102.708660,102.568980,102.641290
2025-12-16 20:00:00,102.641450,102.711550,102.605420,102.680610
2025-12-16 21:00:00,102.681360,102.690590,102.565990,102.623530
2025-12-16 22:00:00,102.623960,102.655440,102.576620,102.624740
2025-12-16 23:00:00,102.629500,102.714180,102.591700,102.666410
2025-12-17 00:00:00,102.663860,102.673120,102.348080,102.362160
2025-12-17 01:00:00,102.368640,102.594500,102.359560,102.594500
2025-12-17 02:00:00,102.596060,102.708810,102.531940,102.697840
2025-12-17 03:00:00,102.699380,102.712110,102.559860,102.628060
2025-12-17 04:00:00,102.630120,102.700350,102.611340,102.639440
2025-12-17 05:00:00,102.638670,102.696600,102.590320,102.693600
2025-12-17 06:00:00,102.694060,102.866840,102.688730,102.779740
2025-12-17 07:00:00,102.778470,102.928970,102.775740,102.916400
2025-12-17 08:00:00,102.913910,102.976170,102.845290,102.943740
2025-12-17 09:00:00,102.942010,103.009980,102.868160,102.887860
2025-12-17 10:00:00,102.886390,102.922800,102.860050,102.907430
2025-12-17 11:00:00,102.904700,102.954030,102.854800,102.919880
2025-12-17 12:00:00,102.916940,102.992540,102.912620,102.990850
2025-12-17 13:00:00,102.986430,103.037950,102.863330,102.948580
2025-12-17 14:00:00,102.948760,103.015690,102.921250,103.007030
2025-12-17 15:00:00,103.001330,103.045790,102.732070,102.763280
2025-12-17 16:00:00,102.761250,102.887140,102.742900,102.786320
2025-12-17 17:00:00,102.781180,102.841780,102.749020,102.764660
2025-12-17 18:00:00,102.761540,102.829660,102.713040,102.734980
2025-12-17 19:00:00,102.734390,102.824070,102.725160,102.797950
2025-12-17 20:00:00,102.797860,102.898030,102.778780,102.826410
2025-12-17 21:00:00,102.827030,102.890490,102.809150,102.837780
2025-12-17 22:00:00,102.837710,102.861440,102.737170,102.798900
2025-12-17 23:00:00,102.800340,102.820980,102.627880,102.637690
2025-12-18 00:00:00,102.640170,102.697480,102.581610,102.666500
2025-12-18 01:00:00,102.666540,102.815860,102.624880,102.800860
2025-12-18 02:00:00,102.805510,102.844750,102.748810,102.798470
2025-12-18 03:00:00,102.799330,102.808060,102.682260,102.717630
2025-12-18 04:00:00,102.716990,102.809760,102.693510,102.809760
2025-12-18 05:00:00,102.809240,102.955790,102.789110,102.934340
2025-12-18 06:00:00,102.929430,103.021420,102.885290,103.014630
2025-12-18 07:00:00,103.013320,103.104550,103.006510,103.027610
2025-12-18 08:00:00,103.026800,103.039480,102.922440,102.968590
2025-12-18 09:00:00,102.966670,103.043740,102.943860,103.001680
2025-12-18 10:00:00,102.999770,103.059810,102.974460,102.980090
2025-12-18 11:00:00,102.976580,102.998200,102.903190,102.962390
2025-12-18 12:00:00,102.958870,102.980030,102.893070,102.924490
2025-12-18 13:00:00,102.920740,103.064270,102.899310,103.050620
2025-12-18 14:00:00,103.048340,103.057020,102.818280,102.959950
2025-12-18 15:00:00,102.957000,103.050510,102.887110,102.899130
2025-12-18 16:00:00,102.898350,102.992960,102.889310,102.931370
2025-12-18 17:00:00,102.930100,102.964680,102.801250,102.934340
2025-12-18 18:00:00,102.932840,103.050430,102.903540,102.967170
2025-12-18 19:00:00,102.967270,102.968550,102.848580,102.864870
2025-12-18 20:00:00,102.864980,102.923190,102.855410,102.879380
2025-12-18 21:00:00,102.879660,102.903190,102.846730,102.864750
2025-12-18 22:00:00,102.865200,102.866650,102.808530,102.846800
2025-12-18 23:00:00,102.849140,102.943940,102.846510,102.898380
2025-12-19 00:00:00,102.900860,103.131620,102.897880,103.126460
2025-12-19 01:00:00,103.126830,103.129110,102.966110,102.980740
2025-12-19 02:00:00,102.981500,103.040090,102.908270,103.022740
2025-12-19 03:00:00,103.022880,103.310420,102.918020,103.073530
2025-12-19 04:00:00,103.066110,103.151320,102.965140,103.144920
2025-12-19 05:00:00,103.144420,103.146610,102.989000,103.012060
2025-12-19 06:00:00,103.012750,103.288180,103.011850,103.059420
2025-12-19 07:00:00,103.058030,103.475680,103.039930,103.475680
2025-12-19 08:00:00,103.478310,103.729020,103.475530,103.690030
2025-12-19 09:00:00,103.687750,103.883140,103.630390,103.882990
2025-12-19 10:00:00,103.882320,104.022600,103.835080,103.971550
2025-12-19 11:00:00,103.970000,103.971860,103.860210,103.920240
2025-12-19 12:00:00,103.918560,103.927120,103.834050,103.838250
2025-12-19 13:00:00,103.835570,104.009080,103.816130,104.002670
2025-12-19 14:00:00,104.001540,104.252500,103.824730,104.241800
2025-12-19 15:00:00,104.236690,104.292990,104.042050,104.079140
2025-12-19 16:00:00,104.079280,104.227410,104.047630,104.130600
2025-12-19 17:00:00,104.124920,104.234340,104.119760,104.161450
2025-12-19 18:00:00,104.160830,104.251160,104.142360,104.217120
2025-12-19 19:00:00,104.215890,104.286900,104.184420,104.281070
2025-12-19 20:00:00,104.285550,104.286620,104.211860,104.239070
2025-12-19 21:00:00,104.237320,104.283360,104.218380,104.267490
2025-12-21 22:00:00,104.239090,104.292700,104.037720,104.048830
2025-12-21 23:00:00,104.046130,104.267500,104.046130,104.244420
2025-12-22 00:00:00,104.244730,104.346460,104.169350,104.274050
2025-12-22 01:00:00,104.274330,104.308010,104.100780,104.145130
2025-12-22 02:00:00,104.145400,104.257420,104.116870,104.256170
2025-12-22 03:00:00,104.256770,104.311480,104.149120,104.164910
2025-12-22 04:00:00,104.167280,104.270090,104.164360,104.261170
2025-12-22 05:00:00,104.262820,104.308420,104.220790,104.251470
2025-12-22 06:00:00,104.256440,104.369290,104.228240,104.289910
2025-12-22 07:00:00,104.292400,104.597560,104.289140,104.578840
2025-12-22 08:00:00,104.572410,104.596210,104.457900,104.596210
2025-12-22 09:00:00,104.598960,104.624960,104.525790,104.551030
2025-12-22 10:00:00,104.548630,104.550590,104.496670,104.521380
2025-12-22 11:00:00,104.520880,104.567890,104.470270,104.563760
2025-12-22 12:00:00,104.563050,104.609120,104.534170,104.609050
2025-12-22 13:00:00,104.607510,104.612730,104.347900,104.465210
2025-12-22 14:00:00,104.463010,104.470400,104.353950,104.457130
2025-12-22 15:00:00,104.455380,104.533040,104.433920,104.479510
2025-12-22 16:00:00,104.474970,104.529220,104.429890,104.457590
2025-12-22 17:00:00,104.454280,104.460150,104.375930,104.420530
2025-12-22 18:00:00,104.416740,104.498620,104.409330,104.431660
2025-12-22 19:00:00,104.428960,104.467900,104.415400,104.416650
2025-12-22 20:00:00,104.414660,104.496760,104.413580,104.489380
2025-12-22 21:00:00,104.487390,104.570930,104.487390,104.558230
2025-12-22 22:00:00,104.561410,104.583960,104.391000,104.549390
2025-12-22 23:00:00,104.546250,104.581020,104.421520,104.459480
2025-12-23 00:00:00,104.458800,104.502280,104.294390,104.315360
2025-12-23 01:00:00,104.315130,104.345650,104.232760,104.256160
2025-12-23 02:00:00,104.256870,104.331840,104.214290,104.272210
2025-12-23 03:00:00,104.272510,104.273150,104.160930,104.181260
2025-12-23 04:00:00,104.177250,104.180640,104.010320,104.019110
2025-12-23 05:00:00,104.019450,104.053940,103.921510,104.004390
2025-12-23 06:00:00,104.003270,104.108810,103.983700,104.070170
2025-12-23 07:00:00,104.072460,104.219910,104.069520,104.195400
2025-12-23 08:00:00,104.193230,104.332900,104.160340,104.330550
2025-12-23 09:00:00,104.322230,104.412560,104.133690,104.388180
2025-12-23 10:00:00,104.387710,104.462410,104.375170,104.393390
2025-12-23 11:00:00,104.391860,104.413630,104.349720,104.374370
2025-12-23 12:00:00,104.372800,104.461000,104.332370,104.436150
2025-12-23 13:00:00,104.434210,104.641350,104.434210,104.590550
2025-12-23 14:00:00,104.589880,104.606250,104.455860,104.455860
2025-12-23 15:00:00,104.453730,104.647680,104.414990,104.645430
2025-12-23 16:00:00,104.641930,104.678400,104.618990,104.628030
2025-12-23 17:00:00,104.624750,104.633940,104.538500,104.550050
2025-12-23 18:00:00,104.548090,104.633620,104.544590,104.605710
2025-12-23 19:00:00,104.603450,104.659040,104.590300,104.634250
2025-12-23 20:00:00,104.634870,104.714150,104.601170,104.708590
2025-12-23 21:00:00,104.705650,104.737350,104.687350,104.710770
2025-12-23 22:00:00,104.711450,104.712820,104.624960,104.651350
2025-12-23 23:00:00,104.651520,104.725930,104.617000,104.664310
2025-12-24 00:00:00,104.664790,104.719660,104.519060,104.565090
2025-12-24 01:00:00,104.565170,104.636120,104.405010,104.463320
2025-12-24 02:00:00,104.463580,104.502300,104.396090,104.469450
2025-12-24 03:00:00,104.471090,104.581000,104.469340,104.567600
2025-12-24 04:00:00,104.568110,104.623050,104.482860,104.531320
2025-12-24 05:00:00,104.532430,104.575150,104.504380,104.563140
2025-12-24 06:00:00,104.562740,104.637780,104.487360,104.591980
2025-12-24 07:00:00,104.590440,104.662580,104.566360,104.594260
2025-12-24 08:00:00,104.590430,104.644280,104.511200,104.546820
2025-12-24 09:00:00,104.546410,104.615250,104.504350,104.610590
2025-12-24 10:00:00,104.610300,104.686250,104.584700,104.674720
2025-12-24 11:00:00,104.673370,104.697770,104.615930,104.635760
2025-12-24 12:00:00,104.633980,104.683790,104.523870,104.592670
2025-12-25 13:00:00,104.568500,104.622460,104.461620,104.564750
2025-12-25 14:00:00,104.562880,104.615040,104.417850,104.592610
2025-12-25 15:00:00,104.592710,104.594320,104.500520,104.565780
2025-12-25 16:00:00,104.564080,104.596040,104.467620,104.578190
2025-12-25 17:00:00,104.578350,104.586320,104.488930,104.559490
2025-12-25 18:00:00,104.519500,104.756230,104.413460,104.508430
2025-12-25 19:00:00,104.509530,104.613350,104.392640,104.437520
2025-12-25 20:00:00,104.430390,104.494800,104.373660,104.454180
2025-12-25 21:00:00,104.453220,104.500430,104.294990,104.436870
2025-12-25 22:00:00,104.429950,104.572330,104.429950,104.525120
2025-12-25 23:00:00,104.524570,104.676150,104.420060,104.667290
2025-12-26 00:00:00,104.665720,104.975630,104.665720,104.941170
2025-12-26 01:00:00,104.939930,105.005220,104.837120,104.877310
2025-12-26 02:00:00,104.877580,104.983910,104.877580,104.940810
2025-12-26 03:00:00,104.941430,104.954950,104.655770,104.677410
2025-12-26 04:00:00,104.676370,104.757340,104.651640,104.741330
2025-12-26 05:00:00,104.743350,104.840840,104.686370,104.812820
2025-12-26 06:00:00,104.813690,104.862550,104.712870,104.817370
2025-12-26 07:00:00,104.819350,104.883930,104.727620,104.823960
2025-12-26 08:00:00,104.819700,104.823210,104.734110,104.816040
2025-12-26 09:00:00,104.813640,104.837270,104.778170,104.800210
2025-12-26 10:00:00,104.799060,104.861450,104.775470,104.829640
2025-12-26 11:00:00,104.828520,104.870990,104.823340,104.849090
2025-12-26 12:00:00,104.848970,104.917670,104.848970,104.910740
2025-12-26 13:00:00,104.909450,105.005170,104.887410,105.002060
2025-12-26 14:00:00,105.000350,105.149510,104.997830,105.110300
2025-12-26 15:00:00,105.108510,105.164280,105.011930,105.042310
2025-12-26 16:00:00,105.039440,105.083970,105.007310,105.077240
2025-12-26 17:00:00,105.075880,105.115100,105.033470,105.048730
2025-12-26 18:00:00,105.047140,105.063840,105.014150,105.053390
2025-12-26 19:00:00,105.050880,105.068840,105.036920,105.043610
2025-12-26 20:00:00,105.043870,105.090430,105.017050,105.069670
2025-12-26 21:00:00,105.066020,105.171810,105.066020,105.149850
2025-12-28 22:00:00,104.986040,105.029610,104.908180,104.992930
2025-12-28 23:00:00,104.987640,105.085740,104.987640,105.069500
2025-12-29 00:00:00,105.071420,105.071420,104.819340,104.967550
2025-12-29 01:00:00,104.967650,105.070870,104.967650,105.017020
2025-12-29 02:00:00,105.018360,105.182010,105.017520,105.175730
2025-12-29 03:00:00,105.175820,105.220410,105.117060,105.180470
2025-12-29 04:00:00,105.181020,105.217080,105.072900,105.122980
2025-12-29 05:00:00,105.122620,105.124490,104.977010,104.988430
2025-12-29 06:00:00,104.987930,104.987930,104.867250,104.888940
2025-12-29 07:00:00,104.887870,104.965920,104.774700,104.786490
2025-12-29 08:00:00,104.785160,104.879540,104.679890,104.771980
2025-12-29 09:00:00,104.773070,104.790210,104.629950,104.737500
2025-12-29 10:00:00,104.738430,104.801950,104.726020,104.755320
2025-12-29 11:00:00,104.753740,104.755670,104.674710,104.724980
2025-12-29 12:00:00,104.723280,104.736640,104.500040,104.584360
2025-12-29 13:00:00,104.582590,104.642420,104.538320,104.601220
2025-12-29 14:00:00,104.600670,104.611730,104.428710,104.542310
2025-12-29 15:00:00,104.541390,104.561740,104.395500,104.420520
2025-12-29 16:00:00,104.415850,104.505490,104.357890,104.444970
2025-12-29 17:00:00,104.442770,104.489430,104.401170,104.486940
2025-12-29 18:00:00,104.484030,104.546450,104.458520,104.495800
2025-12-29 19:00:00,104.493850,104.536060,104.475470,104.503410
2025-12-29 20:00:00,104.504370,104.505280,104.437370,104.448810
2025-12-29 21:00:00,104.447100,104.493480,104.437100,104.458610
2025-12-29 22:00:00,104.457740,104.511580,104.402700,104.441780
2025-12-29 23:00:00,104.442080,104.511550,104.431270,104.464370
2025-12-30 00:00:00,104.462500,104.658110,104.430340,104.625480
2025-12-30 01:00:00,104.627060,104.768100,104.581560,104.732740
2025-12-30 02:00:00,104.734030,104.814700,104.672390,104.798610
2025-12-30 03:00:00,104.800220,104.841310,104.774810,104.810450
2025-12-30 04:00:00,104.810070,104.838200,104.727160,104.746460
2025-12-30 05:00:00,104.743380,104.818630,104.657100,104.779470
2025-12-30 06:00:00,104.777330,104.839440,104.713510,104.815930
2025-12-30 07:00:00,104.814170,104.815190,104.601740,104.639470
2025-12-30 08:00:00,104.634830,104.674150,104.507850,104.597850
2025-12-30 09:00:00,104.598030,104.667130,104.541740,104.550310
2025-12-30 10:00:00,104.549300,104.601650,104.519890,104.550010
2025-12-30 11:00:00,104.548320,104.561500,104.449620,104.465980
2025-12-30 12:00:00,104.463550,104.561650,104.458650,104.524830
2025-12-30 13:00:00,104.521750,104.691550,104.521750,104.551570
2025-12-30 14:00:00,104.545620,104.723590,104.545620,104.708010
2025-12-30 15:00:00,104.702430,104.791290,104.652360,104.766450
2025-12-30 16:00:00,104.764590,104.777470,104.674410,104.728100
2025-12-30 17:00:00,104.725560,104.827290,104.721830,104.805620
2025-12-30 18:00:00,104.805410,104.817550,104.775130,104.781850
2025-12-30 19:00:00,104.780090,104.846280,104.747110,104.801210
2025-12-30 20:00:00,104.801090,104.803320,104.734420,104.744750
2025-12-30 21:00:00,104.745290,104.754020,104.702140,104.746740
2025-12-30 22:00:00,104.746920,104.748150,104.640670,104.704410
2025-12-30 23:00:00,104.704450,104.752570,104.678740,104.742780
2025-12-31 00:00:00,104.742600,104.801230,104.703080,104.764010
2025-12-31 01:00:00,104.764560,104.824130,104.720070,104.744910
2025-12-31 02:00:00,104.744460,104.822710,104.707550,104.801470
2025-12-31 03:00:00,104.800490,104.828950,104.759940,104.790080
2025-12-31 04:00:00,104.791890,104.844680,104.786900,104.817690
2025-12-31 05:00:00,104.815530,104.851490,104.740660,104.764470
2025-12-31 06:00:00,104.765170,104.777600,104.723060,104.758540
2025-12-31 07:00:00,104.758960,104.775770,104.672100,104.719760
2025-12-31 08:00:00,104.719500,104.726530,104.594920,104.646560
2025-12-31 09:00:00,104.645590,104.735660,104.624430,104.703420
2025-12-31 10:00:00,104.701620,104.732600,104.586700,104.632390
2025-12-31 11:00:00,104.630710,104.765890,104.630710,104.713620
2025-12-31 12:00:00,104.711640,104.775720,104.710040,104.739500
2026-01-01 13:00:00,104.588310,104.609180,104.546490,104.582430
2026-01-01 14:00:00,104.580970,104.604120,104.507060,104.568060
2026-01-01 15:00:00,104.567250,104.611390,104.516640,104.557120
2026-01-01 16:00:00,104.551240,104.576240,104.260710,104.468840
2026-01-01 17:00:00,104.475850,104.639590,104.111430,104.615620
2026-01-01 18:00:00,104.616010,104.656660,104.524830,104.589390
2026-01-01 19:00:00,104.592500,104.708320,104.502550,104.592190
2026-01-01 20:00:00,104.594670,104.669640,104.491750,104.598640
2026-01-01 21:00:00,104.600350,104.712640,104.491520,104.552960
2026-01-01 22:00:00,104.552920,104.654740,104.524960,104.544600
2026-01-01 23:00:00,104.544810,104.740610,104.542530,104.671380
2026-01-02 00:00:00,104.671980,104.706090,104.631940,104.682130
2026-01-02 01:00:00,104.683720,104.860670,104.682030,104.835590
2026-01-02 02:00:00,104.837610,104.902540,104.788300,104.901000
2026-01-02 03:00:00,104.901760,105.012830,104.896440,104.970710
2026-01-02 04:00:00,104.972890,105.084310,104.970090,105.043420
2026-01-02 05:00:00,105.042700,105.092060,105.005780,105.074750
2026-01-02 06:00:00,105.075080,105.136680,105.044090,105.077760
2026-01-02 07:00:00,105.078790,105.130150,104.957200,105.051330
2026-01-02 08:00:00,105.051050,105.283560,105.048640,105.151130
2026-01-02 09:00:00,105.149730,105.213810,105.053670,105.124370
2026-01-02 10:00:00,105.123290,105.124630,104.996900,105.063480
2026-01-02 11:00:00,105.061870,105.063860,104.961890,104.994630
2026-01-02 12:00:00,104.992850,105.060710,104.961160,105.029670
2026-01-02 13:00:00,105.027630,105.067260,104.929840,104.938210
2026-01-02 14:00:00,104.934920,105.011720,104.903860,104.997790
2026-01-02 15:00:00,104.994970,105.025630,104.705950,104.731110
2026-01-02 16:00:00,104.730160,104.822280,104.667890,104.745940
2026-01-02 17:00:00,104.741730,104.862490,104.735580,104.800730
2026-01-02 18:00:00,104.796490,104.876800,104.784870,104.812320
2026-01-02 19:00:00,104.810680,104.938130,104.789740,104.920170
2026-01-02 20:00:00,104.917630,105.022330,104.917630,105.011390
2026-01-02 21:00:00,105.007400,105.052450,104.969180,105.011160
2026-01-04 22:00:00,104.748590,104.944900,104.732450,104.843150
2026-01-04 23:00:00,104.843650,104.959510,104.843650,104.930110
2026-01-05 00:00:00,104.930240,105.071710,104.925220,104.950630
2026-01-05 01:00:00,104.952580,105.099030,104.849590,104.928640
2026-01-05 02:00:00,104.928270,105.078610,104.822970,105.041600
2026-01-05 03:00:00,105.039890,105.065520,104.881300,104.899980
2026-01-05 04:00:00,104.901110,104.955910,104.846250,104.935790
2026-01-05 05:00:00,104.935010,104.940040,104.857080,104.921230
2026-01-05 06:00:00,104.922110,104.971550,104.878030,104.905630
2026-01-05 07:00:00,104.905880,104.928660,104.795330,104.822440
2026-01-05 08:00:00,104.820610,104.840270,104.677650,104.721150
2026-01-05 09:00:00,104.719530,104.801760,104.690830,104.767060
2026-01-05 10:00:00,104.765360,104.807890,104.657560,104.704740
2026-01-05 11:00:00,104.703600,104.729470,104.639650,104.697400
2026-01-05 12:00:00,104.696170,104.704250,104.604460,104.637500
2026-01-05 13:00:00,104.637490,104.690370,104.570920,104.690370
2026-01-05 14:00:00,104.683790,104.882760,104.683790,104.862130
2026-01-05 15:00:00,104.861380,105.066630,104.843130,105.045510
2026-01-05 16:00:00,105.043360,105.066050,104.984320,105.023170
2026-01-05 17:00:00,105.023480,105.044760,104.926550,104.937790
2026-01-05 18:00:00,104.937970,104.946280,104.846710,104.860400
2026-01-05 19:00:00,104.859690,104.935850,104.823440,104.931420
2026-01-05 20:00:00,104.931300,104.995490,104.904560,104.994570
2026-01-05 21:00:00,104.993570,105.050640,104.980780,105.020920
2026-01-05 22:00:00,105.022310,105.110200,104.928030,105.110200
2026-01-05 23:00:00,105.110310,105.161510,105.069000,105.157850
2026-01-06 00:00:00,105.157550,105.252160,105.038410,105.049430
2026-01-06 01:00:00,105.050530,105.129960,104.984540,105.082730
2026-01-06 02:00:00,105.082410,105.118070,105.036570,105.083760
2026-01-06 03:00:00,105.085770,105.153070,105.077990,105.107900
2026-01-06 04:00:00,105.109530,105.191260,105.047400,105.168950
2026-01-06 05:00:00,105.169820,105.237710,105.144230,105.230720
2026-01-06 06:00:00,105.231300,105.367870,105.195140,105.348130
2026-01-06 07:00:00,105.345410,105.347410,105.178110,105.236760
2026-01-06 08:00:00,105.235540,105.305360,105.091350,105.117880
2026-01-06 09:00:00,105.115850,105.167470,104.987790,105.084120
2026-01-06 10:00:00,105.081570,105.123990,105.015630,105.081150
2026-01-06 11:00:00,105.079350,105.117480,105.060410,105.117480
2026-01-06 12:00:00,105.116540,105.146090,105.052260,105.128070
2026-01-06 13:00:00,105.126050,105.203720,105.122820,105.194820
2026-01-06 14:00:00,105.193770,105.343450,105.171110,105.294350
2026-01-06 15:00:00,105.293610,105.386880,105.272690,105.371140
2026-01-06 16:00:00,105.369010,105.500340,105.366300,105.486510
2026-01-06 17:00:00,105.486400,105.567100,105.460440,105.552010
2026-01-06 18:00:00,105.551650,105.602250,105.530440,105.577860
2026-01-06 19:00:00,105.577520,105.580230,105.453710,105.453710
2026-01-06 20:00:00,105.453850,105.569830,105.426840,105.563700
2026-01-06 21:00:00,105.561840,105.598810,105.549650,105.577100
2026-01-06 22:00:00,105.577600,105.578880,105.480070,105.564050
2026-01-06 23:00:00,105.562590,105.615040,105.488290,105.530480
2026-01-07 00:00:00,105.530770,105.582190,105.296470,105.491360
2026-01-07 01:00:00,105.491510,105.780960,105.396920,105.751760
2026-01-07 02:00:00,105.752120,105.777680,105.651270,105.699620
2026-01-07 03:00:00,105.701570,105.815060,105.687390,105.792320
2026-01-07 04:00:00,105.792870,105.929160,105.791090,105.825210
2026-01-07 05:00:00,105.823960,105.824720,105.573350,105.606030
2026-01-07 06:00:00,105.605780,105.628420,105.512060,105.556610
2026-01-07 07:00:00,105.554660,105.562280,105.420460,105.482050
2026-01-07 08:00:00,105.479270,105.512650,105.427640,105.476220
2026-01-07 09:00:00,105.476370,105.489380,105.389420,105.433910
2026-01-07 10:00:00,105.432820,105.482160,105.403750,105.464960
2026-01-07 11:00:00,105.463950,105.528990,105.463950,105.477340
2026-01-07 12:00:00,105.475650,105.485740,105.345230,105.382930
2026-01-07 13:00:00,105.380600,105.429170,105.304780,105.402160
2026-01-07 14:00:00,105.397110,105.572640,105.397110,105.453210
2026-01-07 15:00:00,105.448550,105.508900,105.374000,105.406650
2026-01-07 16:00:00,105.402500,105.451120,105.360920,105.442460
2026-01-07 17:00:00,105.441450,105.444800,105.369000,105.402790
2026-01-07 18:00:00,105.400990,105.498060,105.385370,105.486560
2026-01-07 19:00:00,105.482860,105.497960,105.424190,105.465790
2026-01-07 20:00:00,105.465310,105.473490,105.398070,105.403640
2026-01-07 21:00:00,105.406480,105.406480,105.338840,105.357160
2026-01-07 22:00:00,105.356540,105.399510,105.303000,105.358690
2026-01-07 23:00:00,105.358620,105.379540,105.295770,105.345630
2026-01-08 00:00:00,105.345910,105.394080,105.299440,105.363290
2026-01-08 01:00:00,105.363760,105.535820,105.362750,105.514300
2026-01-08 02:00:00,105.513930,105.514290,105.257140,105.274160
2026-01-08 03:00:00,105.274340,105.275560,105.113220,105.208770
2026-01-08 04:00:00,105.209040,105.212650,105.084450,105.086080
2026-01-08 05:00:00,105.086090,105.089350,104.985340,105.039170
2026-01-08 06:00:00,105.036890,105.038580,104.727740,104.925150
2026-01-08 07:00:00,104.924170,105.050300,104.804930,104.806360
2026-01-08 08:00:00,104.804140,105.022580,104.787360,104.941470
2026-01-08 09:00:00,104.940100,104.966910,104.862480,104.908790
2026-01-08 10:00:00,104.906730,104.981110,104.880130,104.954260
2026-01-08 11:00:00,104.951820,105.004340,104.951820,104.996520
2026-01-08 12:00:00,104.995240,105.000960,104.908330,104.970160
2026-01-08 13:00:00,104.967640,105.073320,104.932820,105.029240
2026-01-08 14:00:00,105.022960,105.104750,104.955250,105.037000
2026-01-08 15:00:00,105.033970,105.164370,105.020720,105.078100
2026-01-08 16:00:00,105.075390,105.081520,104.990400,105.031330
2026-01-08 17:00:00,105.031490,105.033630,104.889760,104.995290
2026-01-08 18:00:00,104.994460,104.997400,104.953760,104.957150
2026-01-08 19:00:00,104.955700,105.080280,104.955280,105.068420
2026-01-08 20:00:00,105.067300,105.139350,105.067300,105.124270
2026-01-08 21:00:00,105.124160,105.157530,105.051210,105.094930
2026-01-08 22:00:00,105.095050,105.155410,105.029830,105.146530
2026-01-08 23:00:00,105.146670,105.155920,105.080800,105.091520
2026-01-09 00:00:00,105.092880,105.178900,105.085030,105.136800
2026-01-09 01:00:00,105.138140,105.208360,105.054380,105.181690
2026-01-09 02:00:00,105.183520,105.288840,105.181210,105.241600
2026-01-09 03:00:00,105.240410,105.276630,105.199420,105.269600
2026-01-09 04:00:00,105.270840,105.330910,105.262500,105.298230
2026-01-09 05:00:00,105.298570,105.386990,105.297440,105.360740
2026-01-09 06:00:00,105.361760,105.402090,105.289100,105.303860
2026-01-09 07:00:00,105.303350,105.333370,105.234440,105.243490
2026-01-09 08:00:00,105.241830,105.336850,105.203890,105.336850
2026-01-09 09:00:00,105.335720,105.392680,105.312660,105.376940
2026-01-09 10:00:00,105.375610,105.407600,105.301450,105.326150
2026-01-09 11:00:00,105.324530,105.372900,105.311310,105.322200
2026-01-09 12:00:00,105.320510,105.323480,105.225860,105.242540
2026-01-09 13:00:00,105.239310,105.492430,105.185310,105.361180
2026-01-09 14:00:00,105.359340,105.606240,105.273410,105.553390
2026-01-09 15:00:00,105.551140,105.620250,105.367330,105.523390
2026-01-09 16:00:00,105.524890,105.642240,105.479250,105.637170
2026-01-09 17:00:00,105.637160,105.659140,105.577930,105.615230
2026-01-09 18:00:00,105.614020,105.626800,105.559070,105.578740
2026-01-09 19:00:00,105.576830,105.584750,105.526570,105.584750
2026-01-09 20:00:00,105.583910,105.643180,105.577620,105.623490
2026-01-09 21:00:00,105.621970,105.651930,105.604340,105.619230
2026-01-11 22:00:00,105.638640,105.689100,105.545780,105.689100
2026-01-11 23:00:00,105.689200,105.755600,105.649570,105.731060
2026-01-12 00:00:00,105.731270,105.777240,105.603930,105.630630
2026-01-12 01:00:00,105.631890,105.683570,105.604310,105.662320
2026-01-12 02:00:00,105.664760,105.816640,105.646050,105.816640
2026-01-12 03:00:00,105.817400,105.902300,105.785560,105.902300
2026-01-12 04:00:00,105.905430,105.946560,105.841260,105.869480
2026-01-12 05:00:00,105.867980,105.904620,105.820480,105.842730
2026-01-12 06:00:00,105.843180,105.891740,105.820260,105.868080
2026-01-12 07:00:00,105.865170,105.898970,105.813670,105.840880
2026-01-12 08:00:00,105.840000,105.888110,105.739750,105.774820
2026-01-12 09:00:00,105.774850,105.909990,105.774580,105.900590
2026-01-12 10:00:00,105.899010,105.979180,105.852510,105.938260
2026-01-12 11:00:00,105.937290,105.944130,105.880550,105.889330
2026-01-12 12:00:00,105.887630,105.951810,105.827690,105.921730
2026-01-12 13:00:00,105.919630,106.005760,105.906800,106.003500
2026-01-12 14:00:00,106.001140,106.004910,105.900950,105.956890
2026-01-12 15:00:00,105.953060,106.179300,105.942940,106.156130
2026-01-12 16:00:00,106.154020,106.276650,106.130380,106.202870
2026-01-12 17:00:00,106.199720,106.213720,106.120810,106.144900
2026-01-12 18:00:00,106.142780,106.149800,106.112110,106.137600
2026-01-12 19:00:00,106.135240,106.185790,106.122330,106.183110
2026-01-12 20:00:00,106.181720,106.209810,106.162220,106.204540
2026-01-12 21:00:00,106.205370,106.217750,106.096960,106.137760
2026-01-12 22:00:00,106.136030,106.152480,106.034880,106.074390
2026-01-12 23:00:00,106.073350,106.128160,105.952140,105.968540
2026-01-13 00:00:00,105.968260,106.185260,105.968260,106.141490
2026-01-13 01:00:00,106.141700,106.392420,106.141700,106.355980
2026-01-13 02:00:00,106.356390,106.530420,106.338520,106.485790
2026-01-13 03:00:00,106.486380,106.573880,106.482210,106.565030
2026-01-13 04:00:00,106.566240,106.648470,106.488260,106.527320
2026-01-13 05:00:00,106.527340,106.561480,106.473310,106.529650
2026-01-13 06:00:00,106.533760,106.623790,106.495610,106.498620
2026-01-13 07:00:00,106.501220,106.572170,106.485260,106.567170
2026-01-13 08:00:00,106.570050,106.602220,106.504400,106.543860
2026-01-13 09:00:00,106.543020,106.586940,106.511040,106.543990
2026-01-13 10:00:00,106.545590,106.562080,106.387430,106.390980
2026-01-13 11:00:00,106.390320,106.510030,106.380410,106.509320
2026-01-13 12:00:00,106.507740,106.511190,106.453600,106.464730
2026-01-13 13:00:00,106.462890,106.742970,106.398400,106.570090
2026-01-13 14:00:00,106.568470,106.652530,106.431720,106.447430
2026-01-13 15:00:00,106.445600,106.448720,106.197250,106.298650
2026-01-13 16:00:00,106.298010,106.330930,106.233510,106.315690
2026-01-13 17:00:00,106.313130,106.345090,106.236560,106.246970
2026-01-13 18:00:00,106.244570,106.330360,106.200490,106.291210
2026-01-13 19:00:00,106.289020,106.325580,106.269910,106.320890
2026-01-13 20:00:00,106.319850,106.347340,106.283510,106.339640
2026-01-13 21:00:00,106.335570,106.351220,106.319880,106.344470
2026-01-13 22:00:00,106.342640,106.432050,106.317270,106.429330
2026-01-13 23:00:00,106.427790,106.454420,106.382290,106.396560
2026-01-14 00:00:00,106.396510,106.449780,106.337340,106.359170
2026-01-14 01:00:00,106.358370,106.515220,106.358370,106.467550
2026-01-14 02:00:00,106.467840,106.594490,106.467840,106.569370
2026-01-14 03:00:00,106.568980,106.639200,106.538150,106.625280
2026-01-14 04:00:00,106.625860,106.662720,106.605260,106.619450
2026-01-14 05:00:00,106.619570,106.711450,106.593560,106.664450
2026-01-14 06:00:00,106.665800,106.705470,106.605500,106.643930
2026-01-14 07:00:00,106.643890,106.681460,106.550500,106.558390
2026-01-14 08:00:00,106.559380,106.570850,106.308860,106.379690
2026-01-14 09:00:00,106.380990,106.408120,106.284620,106.313460
2026-01-14 10:00:00,106.310420,106.313120,106.008450,106.091440
2026-01-14 11:00:00,106.089800,106.108380,105.960090,106.049040
2026-01-14 12:00:00,106.047360,106.062770,105.838240,105.974930
2026-01-14 13:00:00,105.971660,105.992920,105.898420,105.925740
2026-01-14 14:00:00,105.921740,105.983120,105.739050,105.759610
2026-01-14 15:00:00,105.759390,105.919800,105.659910,105.685780
2026-01-14 16:00:00,105.682820,105.839710,105.602640,105.610300
2026-01-14 17:00:00,105.607190,105.723980,105.598500,105.673500
2026-01-14 18:00:00,105.670710,105.831090,105.668420,105.824250
2026-01-14 19:00:00,105.820450,105.890610,105.799170,105.887950
2026-01-14 20:00:00,105.887210,106.001770,105.867650,106.000100
2026-01-14 21:00:00,105.997560,106.038600,105.826280,105.892970
2026-01-14 22:00:00,105.893330,105.894280,105.738100,105.774700
2026-01-14 23:00:00,105.774910,105.872510,105.680120,105.869720
2026-01-15 00:00:00,105.870150,106.032520,105.855360,105.893260
2026-01-15 01:00:00,105.893090,105.928400,105.667140,105.784750
2026-01-15 02:00:00,105.786960,105.897160,105.754780,105.856230
2026-01-15 03:00:00,105.855380,105.878090,105.726300,105.771340
2026-01-15 04:00:00,105.771140,105.891820,105.738650,105.856120
2026-01-15 05:00:00,105.856300,105.861130,105.763440,105.774030
2026-01-15 06:00:00,105.776000,105.981990,105.773310,105.966700
2026-01-15 07:00:00,105.966190,106.060080,105.902370,105.959620
2026-01-15 08:00:00,105.963180,106.176430,105.896920,106.176430
2026-01-15 09:00:00,106.177830,106.238530,106.031500,106.061620
2026-01-15 10:00:00,106.060130,106.177520,106.028540,106.156100
2026-01-15 11:00:00,106.154490,106.198750,106.135740,106.198750
2026-01-15 12:00:00,106.197180,106.218860,106.059840,106.084000
2026-01-15 13:00:00,106.081200,106.097330,105.997760,106.062950
2026-01-15 14:00:00,106.059810,106.142340,106.048990,106.101520
2026-01-15 15:00:00,106.096020,106.219430,106.024020,106.214220
2026-01-15 16:00:00,106.210740,106.329230,106.210740,106.276610
2026-01-15 17:00:00,106.276280,106.313300,106.252220,106.274220
2026-01-15 18:00:00,106.269550,106.339470,106.269550,106.286700
2026-01-15 19:00:00,106.284760,106.302100,106.218140,106.254180
2026-01-15 20:00:00,106.255680,106.256420,106.201210,106.244670
2026-01-15 21:00:00,106.242300,106.312770,106.234720,106.266070
2026-01-15 22:00:00,106.265840,106.282610,106.203720,106.282230
2026-01-15 23:00:00,106.281130,106.314370,106.265520,106.278430
2026-01-16 00:00:00,106.278490,106.291480,106.230970,106.275370
2026-01-16 01:00:00,106.275720,106.295270,106.200310,106.223810
2026-01-16 02:00:00,106.224160,106.224590,105.911660,106.058750
2026-01-16 03:00:00,106.058700,106.067680,105.981110,106.021940
2026-01-16 04:00:00,106.018310,106.162340,105.997590,106.149510
2026-01-16 05:00:00,106.148810,106.159840,106.066760,106.136650
2026-01-16 06:00:00,106.138100,106.177990,106.054490,106.121020
2026-01-16 07:00:00,106.122810,106.138860,105.956700,105.987720
2026-01-16 08:00:00,105.985590,106.066180,105.934370,106.042440
2026-01-16 09:00:00,106.040250,106.042300,105.961150,106.024660
2026-01-16 10:00:00,106.023530,106.091940,105.947740,106.044550
2026-01-16 11:00:00,106.042950,106.068570,105.972810,105.983930
2026-01-16 12:00:00,105.981680,106.071730,105.943030,105.960800
2026-01-16 13:00:00,105.958640,105.962360,105.731640,105.800810
2026-01-16 14:00:00,105.800260,105.807860,105.572490,105.599960
2026-01-16 15:00:00,105.600450,105.702960,105.542100,105.581660
2026-01-16 16:00:00,105.578510,105.634400,105.551420,105.566090
2026-01-16 17:00:00,105.560020,105.675420,105.560020,105.667730
2026-01-16 18:00:00,105.665730,105.739050,105.665730,105.705190
2026-01-16 19:00:00,105.702900,105.758770,105.677080,105.685980
2026-01-16 20:00:00,105.684120,105.703000,105.648550,105.684340
2026-01-16 21:00:00,105.684490,105.697190,105.634810,105.654750
2026-01-18 22:00:00,105.372490,105.427030,105.317130,105.349390
2026-01-18 23:00:00,105.342220,105.452670,105.283530,105.379250
2026-01-19 00:00:00,105.380700,105.493640,105.319340,105.390600
2026-01-19 01:00:00,105.392370,105.481260,105.247500,105.383030
2026-01-19 02:00:00,105.386450,105.571690,105.382090,105.542540
2026-01-19 03:00:00,105.538890,105.622870,105.498130,105.589390
2026-01-19 04:00:00,105.588200,105.650390,105.551370,105.618550
2026-01-19 05:00:00,105.617920,105.795970,105.572430,105.737140
2026-01-19 06:00:00,105.736170,105.759720,105.648920,105.656060
2026-01-19 07:00:00,105.655220,105.779710,105.626430,105.756100
2026-01-19 08:00:00,105.755840,105.914220,105.755460,105.811740
2026-01-19 09:00:00,105.810040,105.865540,105.724270,105.778800
2026-01-19 10:00:00,105.777280,105.853870,105.763020,105.790690
2026-01-19 11:00:00,105.788280,105.952200,105.788280,105.939930
2026-01-19 12:00:00,105.939400,105.949650,105.864460,105.937080
2026-01-19 13:00:00,105.934690,105.948620,105.871960,105.905970
2026-01-19 14:00:00,105.904390,105.956310,105.824400,105.949280
2026-01-19 15:00:00,105.949220,106.102780,105.923060,106.087930
2026-01-19 16:00:00,106.088130,106.172970,106.058090,106.154150
2026-01-19 17:00:00,106.153310,106.171230,106.114680,106.146280
2026-01-19 18:00:00,106.145510,106.151030,106.112080,106.122580
2026-01-19 19:00:00,106.121110,106.179440,106.096300,106.145490
2026-01-19 20:00:00,106.145200,106.190170,106.122910,106.183760
2026-01-19 21:00:00,106.184760,106.192270,106.143940,106.179850
2026-01-19 22:00:00,106.180520,106.182650,106.054050,106.149720
2026-01-19 23:00:00,106.150040,106.190960,106.122960,106.131740
2026-01-20 00:00:00,106.132390,106.206470,105.944690,105.989100
2026-01-20 01:00:00,105.988580,106.193750,105.929770,106.001470
2026-01-20 02:00:00,106.005100,106.161040,105.978020,106.137610
2026-01-20 03:00:00,106.138910,106.279700,106.136970,106.272840
2026-01-20 04:00:00,106.274750,106.497520,106.261320,106.471110
2026-01-20 05:00:00,106.473000,106.556070,106.446150,106.508120
2026-01-20 06:00:00,106.507300,106.742910,106.501540,106.637930
2026-01-20 07:00:00,106.643330,106.820360,106.635930,106.794660
2026-01-20 08:00:00,106.795130,106.802110,106.270970,106.318440
2026-01-20 09:00:00,106.316890,106.318350,106.004630,106.103570
2026-01-20 10:00:00,106.102220,106.316480,106.102220,106.256440
2026-01-20 11:00:00,106.254760,106.302500,106.233350,106.264660
2026-01-20 12:00:00,106.263050,106.274970,106.192220,106.265900
2026-01-20 13:00:00,106.263190,106.336310,106.163270,106.232490
2026-01-20 14:00:00,106.228930,106.426750,106.225670,106.413700
2026-01-20 15:00:00,106.409420,106.540040,106.363050,106.471140
2026-01-20 16:00:00,106.467300,106.575120,106.426020,106.482660
2026-01-20 17:00:00,106.483320,106.521790,106.431610,106.460920
2026-01-20 18:00:00,106.459660,106.518940,106.389540,106.442030
2026-01-20 19:00:00,106.437950,106.576340,106.437950,106.570060
2026-01-20 20:00:00,106.569030,106.579040,106.527100,106.552150
2026-01-20 21:00:00,106.549980,106.591180,106.540250,106.557840
2026-01-20 22:00:00,106.558830,106.559420,106.455420,106.509620
2026-01-20 23:00:00,106.509650,106.543790,106.406180,106.467850
2026-01-21 00:00:00,106.468220,106.548810,106.468220,106.478930
2026-01-21 01:00:00,106.476870,106.530710,106.424700,106.518770
2026-01-21 02:00:00,106.519380,106.562830,106.353340,106.389700
2026-01-21 03:00:00,106.387670,106.493700,106.371220,106.434180
2026-01-21 04:00:00,106.434250,106.467260,106.314490,106.407990
2026-01-21 05:00:00,106.406790,106.599950,106.399160,106.581960
2026-01-21 06:00:00,106.581120,106.786490,106.567120,106.765130
2026-01-21 07:00:00,106.762770,106.764340,106.615720,106.649170
2026-01-21 08:00:00,106.648090,106.708200,106.582880,106.607360
2026-01-21 09:00:00,106.606890,106.711930,106.604440,106.622430
2026-01-21 10:00:00,106.621260,106.644600,106.574330,106.607610
2026-01-21 11:00:00,106.606310,106.675970,106.588960,106.597630
2026-01-21 12:00:00,106.595910,106.807710,106.588210,106.796060
2026-01-21 13:00:00,106.794390,106.937400,106.775510,106.922660
2026-01-21 14:00:00,106.920890,107.106590,106.862660,107.095650
2026-01-21 15:00:00,107.093450,107.198430,107.082350,107.136860
2026-01-21 16:00:00,107.136630,107.168680,106.952660,106.978290
2026-01-21 17:00:00,106.974700,107.024290,106.821320,106.913310
2026-01-21 18:00:00,106.914610,106.973880,106.826720,106.956730
2026-01-21 19:00:00,106.954790,107.166410,106.906380,107.119800
2026-01-21 20:00:00,107.116300,107.143570,107.048570,107.096550
2026-01-21 21:00:00,107.094910,107.132930,107.048070,107.051300
2026-01-21 22:00:00,107.052280,107.059510,106.986770,106.986770
2026-01-21 23:00:00,106.983850,107.046620,106.950070,107.046070
2026-01-22 00:00:00,107.046270,107.498650,106.982230,107.441560
2026-01-22 01:00:00,107.441780,107.647950,107.427710,107.643530
2026-01-22 02:00:00,107.643330,107.706240,107.573580,107.702250
2026-01-22 03:00:00,107.701120,107.920030,107.701120,107.908010
2026-01-22 04:00:00,107.907800,108.047730,107.907800,107.960050
2026-01-22 05:00:00,107.960200,108.027380,107.897600,107.992780
2026-01-22 06:00:00,107.993800,108.056810,107.956370,108.056810
2026-01-22 07:00:00,108.058680,108.204870,108.024390,108.036480
2026-01-22 08:00:00,108.038660,108.072920,107.946030,107.993820
2026-01-22 09:00:00,107.994130,108.073970,107.861910,107.936120
2026-01-22 10:00:00,107.938910,107.976570,107.876360,107.940350
2026-01-22 11:00:00,107.935620,107.964780,107.871030,107.877410
2026-01-22 12:00:00,107.879680,108.113860,107.874450,108.110780
2026-01-22 13:00:00,108.111860,108.162720,108.045570,108.152130
2026-01-22 14:00:00,108.152040,108.190860,108.035330,108.080760
2026-01-22 15:00:00,108.078710,108.165620,107.953630,108.129010
2026-01-22 16:00:00,108.126150,108.228630,108.099840,108.218610
2026-01-22 17:00:00,108.217080,108.301720,108.126420,108.282760
2026-01-22 18:00:00,108.281020,108.355270,108.257210,108.335400
2026-01-22 19:00:00,108.333680,108.413410,108.306420,108.367640
2026-01-22 20:00:00,108.367150,108.369170,108.286730,108.340560
2026-01-22 21:00:00,108.337120,108.404690,108.317760,108.385460
2026-01-22 22:00:00,108.388850,108.388850,108.316070,108.344860
2026-01-22 23:00:00,108.342900,108.424420,108.309040,108.414380
2026-01-23 00:00:00,108.411880,108.515980,108.399340,108.471440
2026-01-23 01:00:00,108.467020,108.648040,108.467020,108.589470
2026-01-23 02:00:00,108.585780,108.616100,108.424780,108.491860
2026-01-23 03:00:00,108.490280,108.550160,108.419190,108.543350
2026-01-23 04:00:00,108.540890,108.643100,108.467110,108.594370
2026-01-23 05:00:00,108.593070,108.644840,108.534320,108.635560
2026-01-23 06:00:00,108.634440,108.900680,108.594750,108.832470
2026-01-23 07:00:00,108.831850,109.003200,107.913850,108.372480
2026-01-23 08:00:00,108.367770,108.458700,108.243480,108.284990
2026-01-23 09:00:00,108.287030,108.301170,108.065530,108.075240
2026-01-23 10:00:00,108.078870,108.300930,108.062400,108.290090
2026-01-23 11:00:00,108.291730,108.447530,108.277920,108.367830
2026-01-23 12:00:00,108.364610,108.596680,108.349230,108.570570
2026-01-23 13:00:00,108.573230,108.622210,108.403980,108.411170
2026-01-23 14:00:00,108.413650,108.637990,108.410510,108.626090
2026-01-23 15:00:00,108.628230,108.741280,108.601340,108.665010
2026-01-23 16:00:00,108.663300,108.684560,108.308780,108.361450
2026-01-23 17:00:00,108.360140,108.368870,107.612530,107.619120
2026-01-23 18:00:00,107.611010,107.665110,107.377740,107.474140
2026-01-23 19:00:00,107.468240,107.554240,107.201250,107.366710
2026-01-23 20:00:00,107.367390,107.456140,107.313980,107.437340
2026-01-23 21:00:00,107.433970,107.485880,107.362830,107.376490
2026-01-25 22:00:00,107.101500,107.390080,106.832750,107.116430
2026-01-25 23:00:00,107.118130,107.299960,106.823620,107.298340
2026-01-26 00:00:00,107.298940,107.324090,106.995900,107.100610
2026-01-26 01:00:00,107.100910,107.184260,106.812530,106.864960
2026-01-26 02:00:00,106.865470,106.867470,106.559000,106.563950
2026-01-26 03:00:00,106.559950,106.779470,106.535080,106.594850
2026-01-26 04:00:00,106.596310,106.608160,106.421750,106.490760
2026-01-26 05:00:00,106.491850,106.562020,106.433380,106.562020
2026-01-26 06:00:00,106.562450,106.714300,106.546230,106.630970
2026-01-26 07:00:00,106.628750,106.637230,106.433690,106.587130
2026-01-26 08:00:00,106.591130,106.650460,106.250760,106.541730
2026-01-26 09:00:00,106.540640,106.661740,106.288360,106.383120
2026-01-26 10:00:00,106.381360,106.555230,106.294720,106.302300
2026-01-26 11:00:00,106.301030,106.412510,106.111890,106.397260
2026-01-26 12:00:00,106.391320,106.627420,106.391320,106.604240
2026-01-26 13:00:00,106.603470,106.619680,106.522410,106.578920
2026-01-26 14:00:00,106.576130,106.728110,106.546100,106.673580
2026-01-26 15:00:00,106.671670,106.730550,106.484820,106.709310
2026-01-26 16:00:00,106.704760,106.757070,106.633670,106.687640
2026-01-26 17:00:00,106.686740,106.873970,106.662370,106.782710
2026-01-26 18:00:00,106.780170,106.909450,106.745130,106.855220
2026-01-26 19:00:00,106.852760,106.878500,106.627120,106.629280
2026-01-26 20:00:00,106.636890,106.656960,106.465830,106.593460
2026-01-26 21:00:00,106.591620,106.726790,106.591620,106.664840
2026-01-26 22:00:00,106.665100,106.675210,106.516830,106.522770
2026-01-26 23:00:00,106.523720,106.763880,106.523180,106.739450
2026-01-27 00:00:00,106.739470,106.739750,106.523670,106.582080
2026-01-27 01:00:00,106.583380,106.780660,106.581820,106.764700
2026-01-27 02:00:00,106.766370,106.853010,106.747030,106.782160
2026-01-27 03:00:00,106.785000,106.820210,106.690480,106.804410
2026-01-27 04:00:00,106.804880,106.895620,106.736700,106.870160
2026-01-27 05:00:00,106.867800,106.880810,106.745790,106.803090
2026-01-27 06:00:00,106.806980,106.915380,106.802040,106.886920
2026-01-27 07:00:00,106.886360,107.088620,106.859690,107.015180
2026-01-27 08:00:00,107.009890,107.026140,106.861420,106.891420
2026-01-27 09:00:00,106.890480,106.923070,106.338570,106.494190
2026-01-27 10:00:00,106.492120,106.687200,106.465560,106.497940
2026-01-27 11:00:00,106.495120,106.580140,106.446180,106.566010
2026-01-27 12:00:00,106.564710,106.593330,106.430620,106.497120
2026-01-27 13:00:00,106.496400,106.562370,106.286900,106.444460
2026-01-27 14:00:00,106.443670,106.728820,106.425070,106.676180
2026-01-27 15:00:00,106.680720,106.841710,106.566950,106.745770
2026-01-27 16:00:00,106.740860,106.835970,106.713050,106.789300
2026-01-27 17:00:00,106.787500,106.804660,106.495070,106.613110
2026-01-27 18:00:00,106.609460,106.646170,106.483820,106.581490
2026-01-27 19:00:00,106.579340,106.677890,106.577070,106.595210
2026-01-27 20:00:00,106.593900,106.763170,106.460670,106.758610
2026-01-27 21:00:00,106.759350,106.805580,106.663030,106.726760
2026-01-27 22:00:00,106.724350,106.840850,106.541570,106.747500
2026-01-27 23:00:00,106.747960,106.827310,106.600480,106.681300
2026-01-28 00:00:00,106.684900,107.076070,106.666730,106.819470
2026-01-28 01:00:00,106.820950,106.930560,106.786010,106.865990
2026-01-28 02:00:00,106.869460,106.900770,106.810600,106.884990
2026-01-28 03:00:00,106.886630,106.895330,106.751850,106.763520
2026-01-28 04:00:00,106.764110,106.773570,106.685380,106.694300
2026-01-28 05:00:00,106.697620,106.895400,106.678020,106.894670
2026-01-28 06:00:00,106.901740,106.992240,106.861980,106.862650
2026-01-28 07:00:00,106.859660,106.930960,106.778000,106.843070
2026-01-28 08:00:00,106.840420,106.932430,106.754840,106.763330
2026-01-28 09:00:00,106.763330,106.926240,106.712870,106.926240
2026-01-28 10:00:00,106.925860,106.991800,106.882640,106.941410
2026-01-28 11:00:00,106.939720,106.942870,106.813740,106.870370
2026-01-28 12:00:00,106.869240,106.875740,106.758780,106.829350
2026-01-28 13:00:00,106.826390,106.956770,106.780900,106.943600
2026-01-28 14:00:00,106.939650,107.046140,106.871610,106.958960
2026-01-28 15:00:00,106.954270,107.416720,106.887350,107.399580
2026-01-28 16:00:00,107.396760,107.541130,107.345770,107.413200
2026-01-28 17:00:00,107.414300,107.538250,107.369810,107.517860
2026-01-28 18:00:00,107.520590,107.651890,107.460970,107.536910
2026-01-28 19:00:00,107.528390,107.647390,107.512260,107.617630
2026-01-28 20:00:00,107.621510,107.822380,107.553360,107.801400
2026-01-28 21:00:00,107.800000,108.052440,107.757270,108.023410
2026-01-28 22:00:00,108.029950,108.029950,107.869920,107.993980
2026-01-28 23:00:00,107.997520,107.997520,107.769030,107.769670
2026-01-29 00:00:00,107.767030,107.897000,107.599460,107.724830
2026-01-29 01:00:00,107.725300,107.788220,107.565670,107.688990
2026-01-29 02:00:00,107.689350,107.913350,107.675310,107.892630
2026-01-29 03:00:00,107.893280,108.255560,107.893280,108.238710
2026-01-29 04:00:00,108.238900,108.528110,108.220350,108.478080
2026-01-29 05:00:00,108.478140,108.561620,108.380690,108.471430
2026-01-29 06:00:00,108.471280,108.494190,108.328060,108.401460
2026-01-29 07:00:00,108.399260,108.479810,108.356430,108.371300
2026-01-29 08:00:00,108.371890,108.415210,108.152990,108.258980
2026-01-29 09:00:00,108.260360,108.339960,108.174570,108.188430
2026-01-29 10:00:00,108.185520,108.187630,107.889030,107.899400
2026-01-29 11:00:00,107.899130,108.062070,107.831680,108.018870
2026-01-29 12:00:00,108.018230,108.194900,107.979890,108.191860
2026-01-29 13:00:00,108.192770,108.366310,108.190300,108.338250
2026-01-29 14:00:00,108.338570,108.480860,108.069870,108.090720
2026-01-29 15:00:00,108.089020,108.091470,106.576420,106.654510
2026-01-29 16:00:00,106.646650,107.291860,106.646650,107.160060
2026-01-29 17:00:00,107.150090,107.634620,107.150090,107.326600
2026-01-29 18:00:00,107.320830,107.668820,107.297770,107.645400
2026-01-29 19:00:00,107.649550,107.716750,107.572310,107.598770
2026-01-29 20:00:00,107.600350,107.894860,107.559730,107.894210
2026-01-29 21:00:00,107.892050,108.050900,107.889020,107.942880
2026-01-29 22:00:00,107.943870,107.998050,107.806180,107.874600
2026-01-29 23:00:00,107.873570,107.985280,107.711330,107.943470
2026-01-30 00:00:00,107.941980,108.060190,107.880420,107.883340
2026-01-30 01:00:00,107.883030,107.971370,107.669900,107.757290
2026-01-30 02:00:00,107.756710,107.797630,107.358820,107.736050
2026-01-30 03:00:00,107.737060,107.785200,107.621600,107.746300
2026-01-30 04:00:00,107.745840,107.885770,107.703220,107.789550
2026-01-30 05:00:00,107.790750,107.856230,107.715190,107.735930
2026-01-30 06:00:00,107.738180,107.770160,107.504560,107.506510
2026-01-30 07:00:00,107.510170,107.738180,107.505360,107.657060
2026-01-30 08:00:00,107.652260,107.839950,107.514900,107.832500
2026-01-30 09:00:00,107.838960,107.952090,107.497390,107.594150
2026-01-30 10:00:00,107.602140,107.918400,107.593750,107.858990
2026-01-30 11:00:00,107.859260,108.095570,107.858640,108.070250
2026-01-30 12:00:00,108.069540,108.172670,107.881960,107.904120
2026-01-30 13:00:00,107.902470,108.141040,107.834800,107.894600
2026-01-30 14:00:00,107.893540,108.517820,107.893540,108.316030
2026-01-30 15:00:00,108.314950,108.606950,108.045850,108.085930
2026-01-30 16:00:00,108.086170,108.087290,107.849480,107.942900
2026-01-30 17:00:00,107.940460,107.947890,107.675110,107.701220
2026-01-30 18:00:00,107.702810,107.794220,107.330130,107.764120
2026-01-30 19:00:00,107.759920,107.873560,107.691120,107.801700
2026-01-30 20:00:00,107.808240,107.808240,107.677810,107.770670
2026-01-30 21:00:00,107.767880,107.821980,107.742170,107.774510
2026-02-01 22:00:00,107.669030,107.994080,107.669030,107.848700
2026-02-01 23:00:00,107.849620,107.972960,107.587100,107.816950
2026-02-02 00:00:00,107.817930,108.207540,107.785420,108.159860
2026-02-02 01:00:00,108.161570,108.161570,107.850020,107.951020
2026-02-02 02:00:00,107.951830,108.020750,107.680360,107.757960
2026-02-02 03:00:00,107.759070,107.816960,107.545790,107.558870
2026-02-02 04:00:00,107.556930,107.558280,107.343470,107.500700
2026-02-02 05:00:00,107.498550,107.528010,107.156850,107.264750
2026-02-02 06:00:00,107.262440,107.333590,106.878100,107.027660
2026-02-02 07:00:00,107.030750,107.558440,107.027310,107.544370
2026-02-02 08:00:00,107.545490,107.805540,107.467160,107.688500
2026-02-02 09:00:00,107.686980,107.805420,107.516560,107.797090
2026-02-02 10:00:00,107.795200,107.859730,107.590050,107.679940
2026-02-02 11:00:00,107.679030,107.891750,107.676630,107.681330
2026-02-02 12:00:00,107.680220,107.874000,107.680220,107.843930
2026-02-02 13:00:00,107.842470,107.870240,107.642550,107.868130
2026-02-02 14:00:00,107.865950,108.211820,107.837670,108.076760
2026-02-02 15:00:00,108.073720,108.350410,108.073720,108.111630
2026-02-02 16:00:00,108.109030,108.337740,108.078770,108.222060
2026-02-02 17:00:00,108.220590,108.265450,108.106340,108.147980
2026-02-02 18:00:00,108.149250,108.150190,107.998790,108.037620
2026-02-02 19:00:00,108.036930,108.136910,108.018780,108.111470
2026-02-02 20:00:00,108.114550,108.146300,108.054660,108.136240
2026-02-02 21:00:00,108.131280,108.198470,108.115970,108.115970
2026-02-02 22:00:00,108.116550,108.296920,108.066510,108.097570
2026-02-02 23:00:00,108.095280,108.185030,108.091080,108.159780
2026-02-03 00:00:00,108.155620,108.399550,108.155620,108.354530
2026-02-03 01:00:00,108.354270,108.492220,108.320730,108.486280
2026-02-03 02:00:00,108.486480,108.487620,108.216270,108.274270
2026-02-03 03:00:00,108.274640,109.214070,108.263640,109.205940
2026-02-03 04:00:00,109.205970,109.330870,108.801100,108.927110
2026-02-03 05:00:00,108.927260,109.019710,108.852210,108.905760
2026-02-03 06:00:00,108.905680,109.125520,108.855840,109.065830
2026-02-03 07:00:00,109.066390,109.544130,109.040840,109.455320
2026-02-03 08:00:00,109.454810,109.545760,109.279310,109.363210
2026-02-03 09:00:00,109.363280,109.363280,109.076070,109.202970
2026-02-03 10:00:00,109.205220,109.268980,109.177080,109.200430
2026-02-03 11:00:00,109.197050,109.288630,109.134440,109.160580
2026-02-03 12:00:00,109.163030,109.340840,109.159760,109.300770
2026-02-03 13:00:00,109.302830,109.319530,109.187200,109.264140
2026-02-03 14:00:00,109.260140,109.263540,109.002590,109.007320
2026-02-03 15:00:00,109.001850,109.275480,108.847590,109.212960
2026-02-03 16:00:00,109.212420,109.371760,109.197200,109.294600
2026-02-03 17:00:00,109.292910,109.294930,109.061780,109.190510
2026-02-03 18:00:00,109.188810,109.300620,108.986420,108.988630
2026-02-03 19:00:00,108.990420,109.237340,108.894440,109.164570
2026-02-03 20:00:00,109.161620,109.394340,109.126820,109.346300
2026-02-03 21:00:00,109.343040,109.467220,109.343040,109.397860
2026-02-03 22:00:00,109.398230,109.399990,109.256780,109.331670
2026-02-03 23:00:00,109.332070,109.428500,109.299060,109.416930
2026-02-04 00:00:00,109.415320,109.565840,109.363200,109.519420
2026-02-04 01:00:00,109.515650,109.823380,109.515650,109.750400
2026-02-04 02:00:00,109.751620,109.840300,109.606890,109.657650
2026-02-04 03:00:00,109.655850,109.775970,109.655490,109.755340
2026-02-04 04:00:00,109.754120,109.804520,109.677560,109.768400
2026-02-04 05:00:00,109.767950,109.900280,109.760140,109.860170
2026-02-04 06:00:00,109.858860,109.970760,109.843840,109.969510
2026-02-04 07:00:00,109.968310,110.059290,109.916310,110.030000
2026-02-04 08:00:00,110.029040,110.175260,110.018830,110.105750
2026-02-04 09:00:00,110.105890,110.121100,109.865140,109.978860
2026-02-04 10:00:00,109.980500,110.069850,109.947520,110.042340
2026-02-04 11:00:00,110.040060,110.099130,109.956260,110.099130
2026-02-04 12:00:00,110.101450,110.187190,110.060900,110.112670
2026-02-04 13:00:00,110.111390,110.183330,110.031560,110.068510
2026-02-04 14:00:00,110.064680,110.067980,109.699740,109.716670
2026-02-04 15:00:00,109.713020,109.895630,109.627540,109.661030
2026-02-04 16:00:00,109.658150,109.664690,109.354810,109.544260
2026-02-04 17:00:00,109.543760,109.635910,109.225990,109.353050
2026-02-04 18:00:00,109.351400,109.504370,109.247630,109.468610
2026-02-04 19:00:00,109.468170,109.814680,109.321260,109.752070
2026-02-04 20:00:00,109.750170,109.826110,109.707880,109.804390
2026-02-04 21:00:00,109.802470,109.846960,109.760100,109.799290
2026-02-04 22:00:00,109.800050,109.818380,109.686210,109.756110
2026-02-04 23:00:00,109.751760,109.804160,109.680880,109.738200
2026-02-05 00:00:00,109.732190,109.960020,109.726820,109.810480
2026-02-05 01:00:00,109.805560,109.932040,109.755050,109.774660
2026-02-05 02:00:00,109.774590,109.785590,109.259590,109.259590
2026-02-05 03:00:00,109.263290,109.412990,109.137930,109.201390
2026-02-05 04:00:00,109.199780,109.407380,109.199780,109.328170
2026-02-05 05:00:00,109.328430,109.454400,109.240800,109.447860
2026-02-05 06:00:00,109.448050,109.540540,109.371200,109.540540
2026-02-05 07:00:00,109.541160,109.704820,109.541160,109.623420
2026-02-05 08:00:00,109.624360,109.822560,109.566840,109.578790
2026-02-05 09:00:00,109.578590,109.720310,109.397810,109.643060
2026-02-05 10:00:00,109.640080,109.678360,109.566790,109.678360
2026-02-05 11:00:00,109.678340,109.778960,109.653240,109.707140
2026-02-05 12:00:00,109.705280,109.800430,109.271330,109.387560
2026-02-05 13:00:00,109.385340,109.398260,109.147330,109.150160
2026-02-05 14:00:00,109.148570,109.516810,109.134730,109.341780
2026-02-05 15:00:00,109.336090,109.341560,108.699520,109.029680
2026-02-05 16:00:00,109.027870,109.439150,108.984120,109.413100
2026-02-05 17:00:00,109.411570,109.489270,109.210770,109.320590
2026-02-05 18:00:00,109.318830,109.368240,109.137930,109.170580
2026-02-05 19:00:00,109.166800,109.338340,109.166800,109.205720
2026-02-05 20:00:00,109.205610,109.347100,109.028980,109.067080
2026-02-05 21:00:00,109.063530,109.120040,108.793300,108.797810
2026-02-05 22:00:00,108.799020,108.900720,108.743740,108.820480
2026-02-05 23:00:00,108.820990,108.822830,108.365350,108.438290
2026-02-06 00:00:00,108.439560,108.506580,108.059720,108.445410
2026-02-06 01:00:00,108.445640,108.709820,108.258770,108.635200
2026-02-06 02:00:00,108.633030,108.896490,108.633030,108.758560
2026-02-06 03:00:00,108.758880,108.816490,108.667900,108.800820
2026-02-06 04:00:00,108.800820,108.825830,108.687100,108.753850
2026-02-06 05:00:00,108.754890,109.027100,108.706320,109.019460
2026-02-06 06:00:00,109.021350,109.237950,109.019620,109.108880
2026-02-06 07:00:00,109.108100,109.210180,108.951310,109.171440
2026-02-06 08:00:00,109.172830,109.342680,109.100680,109.318060
2026-02-06 09:00:00,109.319190,109.567510,109.317570,109.550540
2026-02-06 10:00:00,109.552580,109.572820,109.351930,109.470240
2026-02-06 11:00:00,109.474200,109.733170,109.469490,109.725990
2026-02-06 12:00:00,109.724350,109.738230,109.601900,109.703270
2026-02-06 13:00:00,109.703570,109.839960,109.685050,109.754400
2026-02-06 14:00:00,109.757260,109.997660,109.697900,109.942800
2026-02-06 15:00:00,109.944230,110.132080,109.871300,109.885510
2026-02-06 16:00:00,109.887980,110.258030,109.878210,110.181630
2026-02-06 17:00:00,110.180390,110.302150,110.165070,110.274730
2026-02-06 18:00:00,110.273420,110.323510,110.238890,110.247960
2026-02-06 19:00:00,110.246520,110.279500,110.200610,110.248650
2026-02-06 20:00:00,110.246860,110.313870,110.187330,110.287070
2026-02-06 21:00:00,110.285540,110.384360,110.246820,110.298840
2026-02-09 00:00:00,110.627000,110.643000,110.099998,110.196000
2026-02-09 01:00:00,110.183000,110.212000,109.645000,109.924000
2026-02-09 02:00:00,109.935000,110.309000,109.918000,110.200000
2026-02-09 03:00:00,110.200000,110.309000,110.120000,110.151000
2026-02-09 04:00:00,110.148000,110.190000,110.000999,110.061996
2026-02-09 05:00:00,110.055000,110.123000,109.991000,110.078003
2026-02-09 06:00:00,110.077003,110.177000,109.905000,110.164000
2026-02-09 07:00:00,110.175000,110.243000,109.947000,110.129000
2026-02-09 08:00:00,110.127000,110.299000,110.081001,110.212000
2026-02-09 09:00:00,110.212000,110.290000,110.149000,110.168000
2026-02-09 10:00:00,110.175000,110.184000,109.893000,109.995000
2026-02-09 11:00:00,110.001999,110.101000,109.925000,110.086998
2026-02-09 12:00:00,110.082001,110.287000,110.026001,110.232000
2026-02-09 13:00:00,110.228000,110.273000,110.016998,110.024002
2026-02-09 14:00:00,110.027000,110.229000,109.880000,110.180000
2026-02-09 15:00:00,110.169000,110.477000,110.163000,110.472000
2026-02-09 16:00:00,110.473000,110.630000,110.440000,110.606000
2026-02-09 17:00:00,110.606000,110.642000,110.532000,110.539000
2026-02-09 18:00:00,110.538000,110.622000,110.496000,110.596000
2026-02-09 19:00:00,110.589000,110.605000,110.470600,110.500410
2026-02-09 20:00:00,110.499750,110.591220,110.448050,110.591220
2026-02-09 21:00:00,110.589400,110.610910,110.533710,110.595630
2026-02-09 22:00:00,110.597050,110.597050,110.427470,110.506240
2026-02-09 23:00:00,110.501860,110.636570,110.501860,110.613530
2026-02-10 00:00:00,110.610720,110.678380,110.437850,110.482310
2026-02-10 01:00:00,110.487770,110.487770,110.336130,110.393150
2026-02-10 02:00:00,110.392360,110.438260,110.114590,110.114590
2026-02-10 03:00:00,110.113850,110.116910,109.831190,109.895380
2026-02-10 04:00:00,109.892110,109.960570,109.782250,109.810690
2026-02-10 05:00:00,109.809220,109.850560,109.705510,109.845800
2026-02-10 06:00:00,109.845810,109.874900,109.736850,109.840300
2026-02-10 07:00:00,109.840630,109.996670,109.786940,109.992420
2026-02-10 08:00:00,109.993840,110.075450,109.966540,110.004670
2026-02-10 09:00:00,110.004180,110.015310,109.836480,109.854740
2026-02-10 10:00:00,109.855570,109.859910,109.704420,109.750170
2026-02-10 11:00:00,109.749580,109.867850,109.710350,109.850160
2026-02-10 12:00:00,109.850240,109.873100,109.706130,109.736790
2026-02-10 13:00:00,109.734400,109.736060,109.476300,109.492850
2026-02-10 14:00:00,109.494040,109.558970,109.119950,109.371150
2026-02-10 15:00:00,109.368270,109.411260,109.135680,109.276620
2026-02-10 16:00:00,109.274820,109.287510,109.050060,109.118160
2026-02-10 17:00:00,109.116720,109.239550,109.075790,109.210280
2026-02-10 18:00:00,109.207520,109.274770,109.160570,109.253780
2026-02-10 19:00:00,109.251960,109.318960,109.243590,109.245490
2026-02-10 20:00:00,109.243070,109.285980,109.144850,109.168990
2026-02-10 21:00:00,109.165080,109.268700,109.155940,109.230200
2026-02-10 22:00:00,109.227740,109.264440,109.134360,109.171630
2026-02-10 23:00:00,109.163140,109.298480,109.163140,109.296470
2026-02-11 00:00:00,109.294440,109.308250,109.103970,109.137430
2026-02-11 01:00:00,109.140700,109.322870,109.034370,109.265530
2026-02-11 02:00:00,109.265480,109.516250,109.203320,109.378500
2026-02-11 03:00:00,109.378960,109.520690,109.305180,109.432200
2026-02-11 04:00:00,109.432190,109.450660,109.027170,109.050860
2026-02-11 05:00:00,109.051070,109.070030,108.861450,108.893930
2026-02-11 06:00:00,108.893990,108.894350,108.701110,108.820330
2026-02-11 07:00:00,108.823040,108.956700,108.813230,108.844270
2026-02-11 08:00:00,108.840650,108.946690,108.769340,108.930240
2026-02-11 09:00:00,108.928770,109.094320,108.908610,108.996320
2026-02-11 10:00:00,108.994810,109.181980,108.912180,109.157860
2026-02-11 11:00:00,109.160430,109.255430,109.146800,109.174180
2026-02-11 12:00:00,109.172720,109.238790,109.149350,109.227140
2026-02-11 13:00:00,109.227040,109.592980,108.910170,109.443140
2026-02-11 14:00:00,109.445300,109.636110,109.277370,109.364700
2026-02-11 15:00:00,109.362640,109.365120,108.830200,109.205490
2026-02-11 16:00:00,109.203710,109.213950,109.009270,109.028560
2026-02-11 17:00:00,109.029490,109.133750,108.943630,109.112830
2026-02-11 18:00:00,109.110640,109.147060,108.892390,108.926380
2026-02-11 19:00:00,108.917100,109.074080,108.917100,109.046390
2026-02-11 20:00:00,109.044240,109.186450,109.036540,109.183160
2026-02-11 21:00:00,109.184720,109.270230,109.139730,109.243580
2026-02-11 22:00:00,109.245900,109.246020,109.093250,109.137210
2026-02-11 23:00:00,109.135940,109.281990,109.092270,109.210630
2026-02-12 00:00:00,109.211860,109.414080,109.116010,109.270880
2026-02-12 01:00:00,109.273580,109.398960,109.130120,109.184940
2026-02-12 02:00:00,109.182590,109.226540,108.840970,108.851270
2026-02-12 03:00:00,108.850130,108.851570,108.691570,108.785340
2026-02-12 04:00:00,108.784870,108.837720,108.650930,108.751590
2026-02-12 05:00:00,108.754810,109.084460,108.751130,109.049410
2026-02-12 06:00:00,109.054530,109.186530,108.946150,109.034990
2026-02-12 07:00:00,109.035940,109.058310,108.877850,108.961800
2026-02-12 08:00:00,108.963080,108.975230,108.746380,108.832420
2026-02-12 09:00:00,108.830670,108.927350,108.792200,108.927350
2026-02-12 10:00:00,108.927830,109.072770,108.884310,109.052910
2026-02-12 11:00:00,109.053300,109.303750,109.031180,109.303750
2026-02-12 12:00:00,109.303740,109.482400,109.284650,109.461200
2026-02-12 13:00:00,109.459050,109.507060,109.346090,109.442040
2026-02-12 14:00:00,109.440600,109.462320,108.991340,108.991340
2026-02-12 15:00:00,108.989780,109.076570,108.736530,108.901370
2026-02-12 16:00:00,108.898820,108.903040,107.994140,108.343530
2026-02-12 17:00:00,108.348060,108.398320,108.183990,108.326700
2026-02-12 18:00:00,108.329410,108.522240,108.161130,108.432970
2026-02-12 19:00:00,108.428980,108.560330,108.410160,108.509360
2026-02-12 20:00:00,108.506990,108.545930,108.211420,108.235510
2026-02-12 21:00:00,108.235700,108.331170,108.204000,108.308460
2026-02-12 22:00:00,108.306390,108.392610,108.205940,108.237880
2026-02-12 23:00:00,108.237700,108.388440,108.189030,108.301610
2026-02-13 00:00:00,108.301740,108.498300,108.204410,108.243710
2026-02-13 01:00:00,108.246440,108.778640,108.243850,108.605310
2026-02-13 02:00:00,108.607810,108.668580,108.482680,108.583640
2026-02-13 03:00:00,108.585400,108.598700,108.293170,108.334000
2026-02-13 04:00:00,108.334120,108.534630,108.305350,108.526650
2026-02-13 05:00:00,108.531750,108.634380,108.254230,108.380770
2026-02-13 06:00:00,108.382620,108.411000,108.096510,108.265880
2026-02-13 07:00:00,108.267050,108.332230,108.143330,108.313610
2026-02-13 08:00:00,108.315830,108.679040,108.313130,108.670470
2026-02-13 09:00:00,108.670810,108.710870,108.546670,108.579140
2026-02-13 10:00:00,108.576580,108.615490,108.366560,108.380340
2026-02-13 11:00:00,108.378330,108.380900,108.015520,108.103740
2026-02-13 12:00:00,108.100050,108.200080,108.042230,108.090030
2026-02-13 13:00:00,108.086870,108.290750,108.051460,108.209660
2026-02-13 14:00:00,108.203880,108.300540,107.696470,107.907160
2026-02-13 15:00:00,107.897860,108.361230,107.897860,108.114870
2026-02-13 16:00:00,108.109700,108.195230,107.949240,107.992420
2026-02-13 17:00:00,107.993620,108.187800,107.957670,108.146430
2026-02-13 18:00:00,108.143110,108.293340,108.076560,108.199350
2026-02-13 19:00:00,108.195170,108.264980,108.026420,108.038670
2026-02-13 20:00:00,108.035070,108.122120,107.924940,108.036550
2026-02-13 21:00:00,108.035260,108.052280,107.954010,107.997010
2026-02-15 22:00:00,107.785010,107.924580,107.742840,107.893410
2026-02-15 23:00:00,107.895080,108.063530,107.875080,108.029470
2026-02-16 00:00:00,108.031800,108.363140,108.028250,108.341700
2026-02-16 01:00:00,108.343870,108.435180,108.330720,108.405420
2026-02-16 02:00:00,108.406580,108.467660,108.355350,108.370740
2026-02-16 03:00:00,108.373370,108.477710,108.336670,108.437550
2026-02-16 04:00:00,108.440100,108.608940,108.413900,108.596430
2026-02-16 05:00:00,108.596240,108.599130,108.522380,108.579530
2026-02-16 06:00:00,108.579900,108.639120,108.534800,108.566250
2026-02-16 07:00:00,108.562400,108.735200,108.544410,108.687750
2026-02-16 08:00:00,108.689760,108.807170,108.647700,108.782080
2026-02-16 09:00:00,108.779730,108.817960,108.732570,108.781680
2026-02-16 10:00:00,108.781460,108.890720,108.761310,108.796990
2026-02-16 11:00:00,108.795770,108.798900,108.615700,108.642630
2026-02-16 12:00:00,108.640860,108.682220,108.599030,108.670710
2026-02-16 13:00:00,108.668230,108.680410,108.579720,108.626130
2026-02-16 14:00:00,108.625000,108.641070,108.418100,108.546600
2026-02-16 15:00:00,108.542150,108.570750,108.398010,108.482050
2026-02-16 16:00:00,108.478930,108.614910,108.475730,108.561100
2026-02-16 17:00:00,108.558610,108.642010,108.536300,108.553470
2026-02-16 18:00:00,108.550240,108.612490,108.545830,108.595060
2026-02-16 19:00:00,108.596340,108.606610,108.561000,108.602930
2026-02-16 20:00:00,108.600220,108.615380,108.581550,108.598960
2026-02-16 21:00:00,108.595700,108.626440,108.547300,108.575970
2026-02-16 22:00:00,108.577020,108.664560,108.458680,108.583590
2026-02-16 23:00:00,108.583480,108.716200,108.559670,108.611690
2026-02-17 00:00:00,108.612060,108.617320,108.227660,108.246240
2026-02-17 01:00:00,108.252930,108.455760,108.097380,108.108510
2026-02-17 02:00:00,108.109060,108.202290,108.004250,108.115710
2026-02-17 03:00:00,108.112780,108.114910,107.864000,108.058130
2026-02-17 04:00:00,108.059170,108.205380,108.045240,108.197660
2026-02-17 05:00:00,108.200710,108.233470,107.935680,108.003920
2026-02-17 06:00:00,108.005600,108.110220,107.989770,108.110220
2026-02-17 07:00:00,108.107660,108.143110,107.911640,108.143110
2026-02-17 08:00:00,108.142620,108.286400,107.918690,107.971520
2026-02-17 09:00:00,107.970110,108.187470,107.936500,108.145030
2026-02-17 10:00:00,108.143180,108.264400,108.114930,108.117810
2026-02-17 11:00:00,108.116540,108.185920,108.081860,108.146770
2026-02-17 12:00:00,108.144340,108.197830,107.966300,107.995240
2026-02-17 13:00:00,107.993730,108.240560,107.881470,108.008930
2026-02-17 14:00:00,108.006570,108.309030,107.977170,108.032830
2026-02-17 15:00:00,108.033510,108.364470,108.000650,108.326500
2026-02-17 16:00:00,108.322400,108.587320,108.322400,108.467960
2026-02-17 17:00:00,108.467430,108.511770,108.293080,108.441710
2026-02-17 18:00:00,108.439660,108.716860,108.422090,108.705610
2026-02-17 19:00:00,108.706990,108.722050,108.546560,108.546560
2026-02-17 20:00:00,108.545830,108.576480,108.523270,108.539230
2026-02-17 21:00:00,108.536360,108.629180,108.534690,108.629180
2026-02-17 22:00:00,108.630250,108.630480,108.521710,108.612510
2026-02-17 23:00:00,108.612650,108.618340,108.443570,108.460890
2026-02-18 00:00:00,108.460800,108.549960,108.371770,108.460620
2026-02-18 01:00:00,108.460110,108.586450,108.437500,108.586450
2026-02-18 02:00:00,108.587250,108.683910,108.517110,108.519110
2026-02-18 03:00:00,108.517050,108.604350,108.471990,108.586770
2026-02-18 04:00:00,108.588090,108.610300,108.544350,108.577580
2026-02-18 05:00:00,108.579200,108.615960,108.482040,108.482040
2026-02-18 06:00:00,108.483150,108.527630,108.423470,108.483990
2026-02-18 07:00:00,108.484180,108.647440,108.483490,108.632450
2026-02-18 08:00:00,108.636960,108.762700,108.608200,108.708480
2026-02-18 09:00:00,108.706340,108.852870,108.686010,108.813150
2026-02-18 10:00:00,108.812630,108.877040,108.778500,108.796470
2026-02-18 11:00:00,108.794780,108.796990,108.660450,108.689990
2026-02-18 12:00:00,108.687890,108.833900,108.590860,108.676680
2026-02-18 13:00:00,108.674760,108.763340,108.613370,108.640200
2026-02-18 14:00:00,108.636930,109.053520,108.620070,109.048920
2026-02-18 15:00:00,109.045870,109.176000,109.045870,109.122800
2026-02-18 16:00:00,109.121730,109.191900,109.098970,109.121900
2026-02-18 17:00:00,109.120960,109.209870,109.079860,109.199400
2026-02-18 18:00:00,109.201510,109.201790,109.061340,109.123930
2026-02-18 19:00:00,109.125830,109.134920,108.856250,108.885420
2026-02-18 20:00:00,108.880130,109.047440,108.880130,109.042800
2026-02-18 21:00:00,109.044740,109.065760,108.971630,109.047140
2026-02-18 22:00:00,109.048570,109.103170,108.940570,109.050360
2026-02-18 23:00:00,109.049920,109.062050,108.958770,108.961430
2026-02-19 00:00:00,108.961510,109.116390,108.888700,109.060060
2026-02-19 01:00:00,109.060690,109.531690,109.060690,109.505940
2026-02-19 02:00:00,109.505960,109.548280,109.328080,109.538500
2026-02-19 03:00:00,109.539550,109.671760,109.532760,109.602760
2026-02-19 04:00:00,109.601970,109.639190,109.362530,109.377020
2026-02-19 05:00:00,109.378560,109.547730,109.320870,109.533350
2026-02-19 06:00:00,109.536510,109.587090,109.420180,109.585190
2026-02-19 07:00:00,109.587750,109.751720,109.584490,109.636150
2026-02-19 08:00:00,109.636530,109.680360,109.311700,109.464280
2026-02-19 09:00:00,109.466320,109.584100,109.249220,109.296860
2026-02-19 10:00:00,109.297540,109.333290,109.067620,109.118850
2026-02-19 11:00:00,109.118890,109.203190,108.881120,108.945000
2026-02-19 12:00:00,108.943190,109.127430,108.868760,109.085630
2026-02-19 13:00:00,109.083410,109.276550,109.017790,109.264440
2026-02-19 14:00:00,109.262440,109.275000,109.078580,109.222640
2026-02-19 15:00:00,109.223310,109.560430,109.175910,109.399440
2026-02-19 16:00:00,109.397860,109.401220,109.216190,109.244440
2026-02-19 17:00:00,109.242110,109.332050,109.185420,109.286530
2026-02-19 18:00:00,109.283230,109.339620,109.215230,109.279780
2026-02-19 19:00:00,109.277920,109.329840,109.250530,109.305570
2026-02-19 20:00:00,109.302180,109.427590,109.302180,109.422490
2026-02-19 21:00:00,109.418460,109.465230,109.394570,109.405180
2026-02-19 22:00:00,109.405160,109.407320,109.281510,109.375240
2026-02-19 23:00:00,109.371360,109.526040,109.371360,109.496980
2026-02-20 00:00:00,109.496160,109.522420,109.326860,109.427350
2026-02-20 01:00:00,109.426970,109.447070,109.055580,109.086220
2026-02-20 02:00:00,109.087720,109.155150,108.896090,108.982700
2026-02-20 03:00:00,108.984830,109.119610,108.953980,109.088800
2026-02-20 04:00:00,109.084950,109.162620,109.037310,109.148970
2026-02-20 05:00:00,109.148450,109.365040,109.140590,109.365040
2026-02-20 06:00:00,109.369010,109.403750,109.297830,109.332580
2026-02-20 07:00:00,109.339040,109.504040,109.227270,109.494900
2026-02-20 08:00:00,109.497060,109.758250,109.403440,109.749700
2026-02-20 09:00:00,109.749980,109.859850,109.656030,109.692860
2026-02-20 10:00:00,109.692040,109.713570,109.461620,109.463410
2026-02-20 11:00:00,109.463330,109.523130,109.392660,109.397120
2026-02-20 12:00:00,109.395970,109.491080,109.311230,109.346420
2026-02-20 13:00:00,109.344700,109.624120,109.332880,109.615010
2026-02-20 14:00:00,109.613230,109.722510,109.458450,109.712660
2026-02-20 15:00:00,109.710140,110.006480,109.507370,109.721600
2026-02-20 16:00:00,109.719280,109.791280,109.524990,109.747200
2026-02-20 17:00:00,109.742990,109.775480,109.563740,109.687350
2026-02-20 18:00:00,109.683630,109.880360,109.602070,109.872540
2026-02-20 19:00:00,109.870850,109.878960,109.759070,109.833560
2026-02-20 20:00:00,109.832060,109.859960,109.760530,109.805340
2026-02-20 21:00:00,109.796580,109.896320,109.794670,109.853240
2026-02-22 22:00:00,109.664360,109.811300,109.619130,109.732640
2026-02-22 23:00:00,109.731820,109.797060,109.630800,109.767330
2026-02-23 00:00:00,109.768640,109.768950,109.244140,109.256200
2026-02-23 01:00:00,109.255340,109.256580,109.087050,109.200100
2026-02-23 02:00:00,109.200090,109.200090,109.016700,109.093190
2026-02-23 03:00:00,109.095870,109.197760,109.065220,109.072760
2026-02-23 04:00:00,109.070440,109.216930,109.025620,109.166210
2026-02-23 05:00:00,109.167240,109.268730,109.144070,109.241580
2026-02-23 06:00:00,109.242440,109.374070,109.177290,109.369140
2026-02-23 07:00:00,109.371270,109.457520,109.344980,109.394180
2026-02-23 08:00:00,109.393560,109.637250,109.381490,109.600590
2026-02-23 09:00:00,109.603100,109.730490,109.561680,109.677270
2026-02-23 10:00:00,109.675380,109.676790,109.563070,109.567080
2026-02-23 11:00:00,109.565890,109.579650,109.502630,109.534160
2026-02-23 12:00:00,109.533970,109.571350,109.352760,109.438620
2026-02-23 13:00:00,109.436570,109.452590,109.263080,109.291690
2026-02-23 14:00:00,109.288400,109.563300,109.288400,109.404250
2026-02-23 15:00:00,109.403470,109.406120,109.024410,109.037660
2026-02-23 16:00:00,109.034980,109.068940,108.899850,108.962400
2026-02-23 17:00:00,108.962330,109.003200,108.816340,108.996560
2026-02-23 18:00:00,108.994290,109.237380,108.994290,109.069730
2026-02-23 19:00:00,109.066390,109.144720,109.056800,109.100190
2026-02-23 20:00:00,109.098610,109.179150,109.070820,109.178380
2026-02-23 21:00:00,109.176550,109.235400,109.121450,109.125000
2026-02-23 22:00:00,109.124830,109.163780,109.026040,109.107290
2026-02-23 23:00:00,109.107460,109.225350,109.059820,109.201850
2026-02-24 00:00:00,109.202030,109.374180,109.198010,109.374180
2026-02-24 01:00:00,109.374550,109.433600,109.310910,109.377250
2026-02-24 02:00:00,109.378640,109.537410,109.336690,109.535360
2026-02-24 03:00:00,109.535910,109.601050,109.511270,109.588960
2026-02-24 04:00:00,109.590440,109.677920,109.573630,109.603320
2026-02-24 05:00:00,109.602530,109.652760,109.550640,109.644410
2026-02-24 06:00:00,109.642200,109.673000,109.508960,109.524000
2026-02-24 07:00:00,109.520460,110.390740,109.502530,110.358620
2026-02-24 08:00:00,110.355900,110.419850,110.096900,110.165680
2026-02-24 09:00:00,110.167380,110.196070,110.062940,110.100040
2026-02-24 10:00:00,110.099980,110.122290,109.936200,109.977190
2026-02-24 11:00:00,109.975370,109.976770,109.740050,109.837470
2026-02-24 12:00:00,109.837320,109.916460,109.704260,109.772440
2026-02-24 13:00:00,109.771560,109.873590,109.747470,109.799890
2026-02-24 14:00:00,109.798490,109.951300,109.655850,109.785360
2026-02-24 15:00:00,109.783680,110.055680,109.741260,109.968810
2026-02-24 16:00:00,109.966670,110.082780,109.929830,109.996640
2026-02-24 17:00:00,109.993810,110.080890,109.976850,110.042880
2026-02-24 18:00:00,110.042330,110.050280,109.978940,110.012640
2026-02-24 19:00:00,110.010340,110.016330,109.961780,109.997390
2026-02-24 20:00:00,109.997950,110.066910,109.960060,110.057790
2026-02-24 21:00:00,110.056750,110.060260,110.018840,110.040750
2026-02-24 22:00:00,110.041010,110.089970,109.981400,110.024960
2026-02-24 23:00:00,110.023090,110.080930,109.978550,110.050270
2026-02-25 00:00:00,110.048160,110.372510,110.043190,110.179210
2026-02-25 01:00:00,110.179400,110.335770,110.124930,110.281020
2026-02-25 02:00:00,110.281200,110.336110,110.106420,110.313220
2026-02-25 03:00:00,110.313170,110.714960,110.241890,110.646430
2026-02-25 04:00:00,110.645860,110.837960,110.645860,110.667250
2026-02-25 05:00:00,110.667590,110.750860,110.635400,110.642380
2026-02-25 06:00:00,110.642920,110.816400,110.594210,110.757520
2026-02-25 07:00:00,110.759630,110.874770,110.682590,110.774980
2026-02-25 08:00:00,110.776700,110.900540,110.766560,110.900540
2026-02-25 09:00:00,110.906160,111.212560,110.823170,110.971020
2026-02-25 10:00:00,110.969340,111.070250,110.945520,111.023680
2026-02-25 11:00:00,111.027120,111.053390,110.920900,111.016530
2026-02-25 12:00:00,111.015930,111.139730,110.987170,111.117040
2026-02-25 13:00:00,111.120150,111.177490,111.026310,111.095560
2026-02-25 14:00:00,111.095160,111.191390,110.985070,111.094870
2026-02-25 15:00:00,111.091340,111.179610,111.001250,111.173720
2026-02-25 16:00:00,111.171920,111.304820,111.163890,111.224560
2026-02-25 17:00:00,111.222600,111.348680,111.212170,111.298460
2026-02-25 18:00:00,111.297250,111.345840,111.266800,111.344270
2026-02-25 19:00:00,111.342500,111.475300,111.331320,111.433240
2026-02-25 20:00:00,111.431690,111.434320,111.346820,111.377760
2026-02-25 21:00:00,111.373640,111.475270,111.373640,111.400990
2026-02-25 22:00:00,111.399490,111.434180,111.268410,111.315320
2026-02-25 23:00:00,111.311470,111.327420,111.165950,111.211380
2026-02-26 00:00:00,111.212550,111.231670,111.161250,111.204710
2026-02-26 01:00:00,111.203280,111.279310,111.129250,111.132600
2026-02-26 02:00:00,111.132140,111.143770,111.011120,111.070990
2026-02-26 03:00:00,111.068890,111.143810,111.005300,111.097090
2026-02-26 04:00:00,111.097700,111.213720,111.069090,111.105510
2026-02-26 05:00:00,111.105800,111.233740,111.063870,111.230960
2026-02-26 06:00:00,111.230180,111.313390,111.193680,111.223670
2026-02-26 07:00:00,111.224300,111.280090,111.150480,111.188170
2026-02-26 08:00:00,111.185440,111.188820,110.928960,110.951790
2026-02-26 09:00:00,110.954540,111.143900,110.942330,111.107440
2026-02-26 10:00:00,111.108050,111.111420,110.940870,110.943870
2026-02-26 11:00:00,110.946180,111.060020,110.943050,110.996450
2026-02-26 12:00:00,110.996800,111.152500,110.978420,111.122420
2026-02-26 13:00:00,111.121770,111.141780,110.993300,111.063020
2026-02-26 14:00:00,111.060540,111.062920,110.781740,110.786100
2026-02-26 15:00:00,110.785920,110.825420,110.340740,110.773780
2026-02-26 16:00:00,110.772550,110.926140,110.686160,110.726920
2026-02-26 17:00:00,110.724950,110.782320,110.633610,110.683790
2026-02-26 18:00:00,110.680620,110.999580,110.661380,110.996240
2026-02-26 19:00:00,110.994170,111.067100,110.990790,111.010820
2026-02-26 20:00:00,111.010890,111.037600,110.967160,111.018430
2026-02-26 21:00:00,111.013030,111.043350,110.914440,110.954070
2026-02-26 22:00:00,110.952280,110.962060,110.850960,110.871330
2026-02-26 23:00:00,110.871250,110.873820,110.670960,110.701630
2026-02-27 00:00:00,110.696050,110.817390,110.520920,110.637360
2026-02-27 01:00:00,110.633900,110.840400,110.587780,110.796180
2026-02-27 02:00:00,110.791750,110.869860,110.782600,110.866890
2026-02-27 03:00:00,110.866470,110.948680,110.841170,110.875250
2026-02-27 04:00:00,110.874290,110.936220,110.799460,110.859570
2026-02-27 05:00:00,110.859790,111.090190,110.851820,111.045870
2026-02-27 06:00:00,111.046320,111.105340,110.985140,111.073470
2026-02-27 07:00:00,111.075140,111.222130,111.067120,111.201310
2026-02-27 08:00:00,111.202540,111.224980,111.074130,111.092720
2026-02-27 09:00:00,111.091140,111.198060,111.031090,111.034240
2026-02-27 10:00:00,111.034720,111.037940,110.818660,110.909410
2026-02-27 11:00:00,110.907900,110.910970,110.785230,110.835330
2026-02-27 12:00:00,110.833000,110.885270,110.749530,110.758830
2026-02-27 13:00:00,110.760230,110.890300,110.669450,110.851300
2026-02-27 14:00:00,110.851710,111.008220,110.840180,110.977020
2026-02-27 15:00:00,110.977270,111.277990,110.975930,111.257830
2026-02-27 16:00:00,111.254100,111.276470,111.100850,111.127760
2026-02-27 17:00:00,111.126370,111.212040,110.985870,111.041720
2026-02-27 18:00:00,111.039450,111.065860,110.983350,111.048600
2026-02-27 19:00:00,111.046230,111.074620,110.908430,110.990220
2026-02-27 20:00:00,110.986080,111.183490,110.983590,111.157560
2026-02-27 21:00:00,111.156650,111.159640,111.015540,111.056510
2026-03-01 22:00:00,110.183720,110.535290,109.842950,110.188170
2026-03-01 23:00:00,110.171100,110.734450,110.171100,110.528630
2026-03-02 00:00:00,110.529580,110.825470,110.487490,110.816560
2026-03-02 01:00:00,110.812490,111.209120,110.812490,111.043700
2026-03-02 02:00:00,111.044050,111.110670,110.898740,111.087970
2026-03-02 03:00:00,111.088840,111.220040,111.023180,111.164870
2026-03-02 04:00:00,111.165240,111.194940,110.996850,111.055050
2026-03-02 05:00:00,111.055410,111.140510,110.984160,110.994810
2026-03-02 06:00:00,110.996000,111.087630,110.846790,110.869690
2026-03-02 07:00:00,110.875200,110.967570,110.690590,110.783550
2026-03-02 08:00:00,110.786670,111.010310,110.718090,110.947490
2026-03-02 09:00:00,110.945310,111.239760,110.929870,111.140040
2026-03-02 10:00:00,111.139980,111.328200,111.135310,111.228420
2026-03-02 11:00:00,111.230900,111.267610,111.129560,111.183390
2026-03-02 12:00:00,111.188300,111.268220,111.061630,111.095680
2026-03-02 13:00:00,111.096500,111.356040,111.093140,111.190300
2026-03-02 14:00:00,111.187110,111.512690,111.099160,111.460150
2026-03-02 15:00:00,111.458090,111.693100,111.332170,111.337020
2026-03-02 16:00:00,111.334750,111.429490,111.141810,111.291680
2026-03-02 17:00:00,111.289970,111.470470,111.227990,111.464230
2026-03-02 18:00:00,111.462440,111.501330,111.400780,111.465240
2026-03-02 19:00:00,111.463550,111.686370,111.452610,111.646580
2026-03-02 20:00:00,111.644900,111.647970,111.406770,111.525370
2026-03-02 21:00:00,111.522960,111.642130,111.511150,111.639200
2026-03-02 22:00:00,111.637740,111.808420,111.542230,111.755120
2026-03-02 23:00:00,111.750980,111.813960,111.621400,111.726400
2026-03-03 00:00:00,111.729170,111.841440,111.600120,111.818240
2026-03-03 01:00:00,111.808260,112.085130,111.723660,111.723660
2026-03-03 02:00:00,111.728550,111.775280,111.528120,111.736210
2026-03-03 03:00:00,111.734610,111.872240,111.666340,111.800750
2026-03-03 04:00:00,111.797390,111.895910,111.788850,111.825870
2026-03-03 05:00:00,111.824080,111.863350,111.535910,111.565900
2026-03-03 06:00:00,111.565590,111.645920,111.381740,111.509140
2026-03-03 07:00:00,111.509110,111.649230,111.373840,111.388860
2026-03-03 08:00:00,111.391620,111.510530,111.113110,111.139250
2026-03-03 09:00:00,111.135270,111.306600,110.997770,111.019920
2026-03-03 10:00:00,111.019220,111.057260,110.736450,110.838630
2026-03-03 11:00:00,110.842380,110.931290,110.714200,110.780530
2026-03-03 12:00:00,110.783680,111.008140,110.733790,110.843640
2026-03-03 13:00:00,110.842480,110.843470,110.476030,110.627880
2026-03-03 14:00:00,110.627300,110.745240,110.149930,110.149930
2026-03-03 15:00:00,110.155640,110.448950,109.582550,110.325300
2026-03-03 16:00:00,110.322530,110.820960,110.312050,110.812580
2026-03-03 17:00:00,110.811140,110.898050,110.669990,110.824320
2026-03-03 18:00:00,110.819360,111.132640,110.819360,111.069300
2026-03-03 19:00:00,111.068880,111.203550,110.897420,111.054820
2026-03-03 20:00:00,111.053000,111.087360,110.941690,111.043150
2026-03-03 21:00:00,111.037200,111.068340,110.915580,110.943040
2026-03-03 22:00:00,110.931210,111.001690,110.797840,110.917170
2026-03-03 23:00:00,110.908810,111.099360,110.905540,111.095150
2026-03-04 00:00:00,111.099980,111.099980,110.384090,110.495360
2026-03-04 01:00:00,110.494580,110.661320,110.215850,110.404060
2026-03-04 02:00:00,110.404720,110.623290,110.368060,110.508430
2026-03-04 03:00:00,110.506980,110.521310,110.163560,110.294760
2026-03-04 04:00:00,110.298740,110.354930,109.931570,110.070750
2026-03-04 05:00:00,110.074510,110.418350,110.055730,110.334120
2026-03-04 06:00:00,110.329330,110.596040,110.238750,110.523700
2026-03-04 07:00:00,110.525800,110.858100,110.494000,110.738900
2026-03-04 08:00:00,110.732010,110.761320,110.471710,110.514930
2026-03-04 09:00:00,110.513300,110.700660,110.437010,110.652890
2026-03-04 10:00:00,110.656670,110.970220,110.635700,110.847100
2026-03-04 11:00:00,110.846550,110.921400,110.791990,110.834890
2026-03-04 12:00:00,110.834680,110.970430,110.675310,110.793760
2026-03-04 13:00:00,110.792870,110.977200,110.778450,110.957110
2026-03-04 14:00:00,110.956550,110.990950,110.683490,110.794690
2026-03-04 15:00:00,110.794040,111.173880,110.790180,111.121650
2026-03-04 16:00:00,111.119830,111.155180,110.909470,110.958170
2026-03-04 17:00:00,110.955210,111.037490,110.842490,111.016570
2026-03-04 18:00:00,111.017660,111.154000,110.950730,111.109590
2026-03-04 19:00:00,111.104640,111.212370,111.104640,111.193320
2026-03-04 20:00:00,111.188660,111.233960,111.131330,111.178180
2026-03-04 21:00:00,111.175220,111.216910,111.110130,111.143820
2026-03-04 22:00:00,111.152140,111.180330,111.031010,111.086230
2026-03-04 23:00:00,111.082390,111.199490,111.074070,111.083010
2026-03-05 00:00:00,111.086020,111.104110,110.887950,110.927860
2026-03-05 01:00:00,110.927930,111.045160,110.686570,110.760610
2026-03-05 02:00:00,110.760600,110.972440,110.690350,110.969300
2026-03-05 03:00:00,110.968670,111.032880,110.653180,110.728060
2026-03-05 04:00:00,110.728590,110.857970,110.709120,110.806700
2026-03-05 05:00:00,110.810190,110.873640,110.656080,110.670420
2026-03-05 06:00:00,110.669620,110.683970,110.480940,110.658570
2026-03-05 07:00:00,110.665320,110.725880,110.557570,110.615030
2026-03-05 08:00:00,110.617010,110.630780,110.269180,110.589530
2026-03-05 09:00:00,110.586870,110.955680,110.561560,110.710270
2026-03-05 10:00:00,110.711190,110.860950,110.684250,110.842690
2026-03-05 11:00:00,110.842150,111.037040,110.837710,110.933520
2026-03-05 12:00:00,110.933250,111.068860,110.877670,110.999010
2026-03-05 13:00:00,110.998920,111.056200,110.816740,110.894360
2026-03-05 14:00:00,110.894230,110.927600,110.609570,110.869100
2026-03-05 15:00:00,110.867230,110.914760,110.457690,110.518050
2026-03-05 16:00:00,110.513160,110.537110,110.208510,110.368010
2026-03-05 17:00:00,110.364260,110.470830,110.087190,110.143950
2026-03-05 18:00:00,110.141070,110.319250,110.080160,110.232130
2026-03-05 19:00:00,110.231750,110.256900,110.093420,110.179170
2026-03-05 20:00:00,110.175380,110.489590,110.159730,110.485480
2026-03-05 21:00:00,110.487080,110.487800,110.393290,110.419710
2026-03-05 22:00:00,110.415980,110.483810,110.311320,110.391890
2026-03-05 23:00:00,110.391940,110.522860,110.379430,110.458450
2026-03-06 00:00:00,110.460000,110.600810,110.393320,110.544840
2026-03-06 01:00:00,110.544610,110.766210,110.544610,110.726980
2026-03-06 02:00:00,110.726530,110.883260,110.726530,110.815370
2026-03-06 03:00:00,110.815980,110.879750,110.811490,110.855070
2026-03-06 04:00:00,110.856210,110.902770,110.822110,110.830310
2026-03-06 05:00:00,110.831160,111.025410,110.829050,110.962710
2026-03-06 06:00:00,110.964430,111.101480,110.962400,111.035190
2026-03-06 07:00:00,111.035420,111.103300,110.971640,110.982180
2026-03-06 08:00:00,110.979140,110.990450,110.805850,110.978760
2026-03-06 09:00:00,110.978770,110.981490,110.488120,110.492370
2026-03-06 10:00:00,110.494290,110.686250,110.491610,110.686250
2026-03-06 11:00:00,110.684990,110.752750,110.422340,110.471420
2026-03-06 12:00:00,110.470120,110.649750,110.432980,110.622940
2026-03-06 13:00:00,110.621250,110.678410,110.227550,110.288800
2026-03-06 14:00:00,110.287720,110.459790,110.138440,110.217960
2026-03-06 15:00:00,110.214820,110.734550,110.203740,110.432480
2026-03-06 16:00:00,110.431730,110.770480,110.402700,110.695760
2026-03-06 17:00:00,110.692190,110.754960,110.610110,110.639150
2026-03-06 18:00:00,110.636380,110.828070,110.636380,110.805940
2026-03-06 19:00:00,110.807190,110.915310,110.763750,110.907540
2026-03-06 20:00:00,110.901440,110.959190,110.798280,110.896530
2026-03-06 21:00:00,110.898390,110.948310,110.843490,110.929440
2026-03-08 21:00:00,110.643080,110.710880,110.329120,110.478100
2026-03-08 22:00:00,110.479440,110.722240,110.425250,110.514120
2026-03-08 23:00:00,110.511130,110.560400,110.258840,110.392970
2026-03-09 00:00:00,110.393120,110.519360,110.292010,110.483120
2026-03-09 01:00:00,110.484490,110.637330,110.436470,110.571870
2026-03-09 02:00:00,110.572940,111.015610,110.567040,111.015610
2026-03-09 03:00:00,111.016820,111.099500,110.930100,111.071710
2026-03-09 04:00:00,111.072660,111.205530,110.951010,110.996770
2026-03-09 05:00:00,110.997040,111.251630,110.972430,111.086800
2026-03-09 06:00:00,111.084980,111.190350,111.007210,111.043460
2026-03-09 07:00:00,111.044950,111.099670,110.968840,111.093800
2026-03-09 08:00:00,111.088550,111.095030,110.770270,110.919070
2026-03-09 09:00:00,110.924330,111.281660,110.826440,111.158130
2026-03-09 10:00:00,111.157270,111.202220,111.083710,111.175690
2026-03-09 11:00:00,111.177170,111.260530,111.148510,111.155280
2026-03-09 12:00:00,111.153540,111.217890,111.125400,111.162910
2026-03-09 13:00:00,111.165030,111.307330,111.150730,111.264770
2026-03-09 14:00:00,111.263780,111.511820,111.190580,111.458700
2026-03-09 15:00:00,111.457420,111.477340,111.337300,111.378070
2026-03-09 16:00:00,111.376210,111.551520,111.348780,111.504140
2026-03-09 17:00:00,111.501930,111.505500,111.375280,111.387120
2026-03-09 18:00:00,111.382790,111.580720,111.382020,111.549590
2026-03-09 19:00:00,111.547440,111.736950,111.498660,111.582200
2026-03-09 20:00:00,111.574550,111.619960,111.458610,111.576850
2026-03-09 21:00:00,111.577910,111.629310,111.401650,111.597460
2026-03-09 22:00:00,111.592090,111.701670,111.566790,111.634670
2026-03-09 23:00:00,111.630730,111.733380,111.570720,111.589180
2026-03-10 00:00:00,111.589750,111.600330,111.386790,111.407520
2026-03-10 01:00:00,111.405960,111.485340,111.304330,111.461660
2026-03-10 02:00:00,111.458150,111.542200,111.346480,111.384090
2026-03-10 03:00:00,111.383870,111.495460,111.379610,111.463820
2026-03-10 04:00:00,111.463970,111.489430,111.358010,111.415930
2026-03-10 05:00:00,111.416590,111.554500,111.299110,111.554500
2026-03-10 06:00:00,111.555960,111.806160,111.510000,111.758630
2026-03-10 07:00:00,111.758150,111.979250,111.748090,111.929530
2026-03-10 08:00:00,111.926620,112.050560,111.785220,111.891680
2026-03-10 09:00:00,111.894730,112.192610,111.891160,112.151820
2026-03-10 10:00:00,112.150410,112.308260,112.098930,112.193700
2026-03-10 11:00:00,112.193040,112.402320,112.144320,112.368360
2026-03-10 12:00:00,112.367180,112.397650,112.188390,112.293290
2026-03-10 13:00:00,112.290250,112.364360,112.259030,112.289470
2026-03-10 14:00:00,112.290090,112.682650,112.245460,112.678780
2026-03-10 15:00:00,112.680850,112.750440,112.620530,112.679950
2026-03-10 16:00:00,112.677560,112.696970,112.562860,112.667300
2026-03-10 17:00:00,112.667160,112.839310,112.653230,112.793870
2026-03-10 18:00:00,112.792340,112.849590,112.554150,112.628630
2026-03-10 19:00:00,112.626360,112.647660,112.494230,112.519090
2026-03-10 20:00:00,112.518070,112.566570,112.463540,112.527750
2026-03-10 21:00:00,112.524840,112.589590,112.487390,112.532590
2026-03-10 22:00:00,112.530350,112.560230,112.486500,112.544230
2026-03-10 23:00:00,112.540490,112.585010,112.519550,112.577180
2026-03-11 00:00:00,112.574530,112.867060,112.564890,112.813540
2026-03-11 01:00:00,112.811530,113.193260,112.805490,113.175730
2026-03-11 02:00:00,113.173370,113.525470,113.110290,113.412380
2026-03-11 03:00:00,113.412300,113.519870,113.348840,113.505690
2026-03-11 04:00:00,113.504260,113.640370,113.491970,113.551920
2026-03-11 05:00:00,113.549240,113.571540,113.341270,113.460550
2026-03-11 06:00:00,113.455430,113.475470,113.257630,113.353000
2026-03-11 07:00:00,113.354010,113.437470,113.257070,113.345420
2026-03-11 08:00:00,113.343300,113.553160,113.331270,113.428980
2026-03-11 09:00:00,113.426390,113.447710,113.220020,113.269150
2026-03-11 10:00:00,113.269180,113.409770,113.268500,113.388190
2026-03-11 11:00:00,113.388210,113.542090,113.363650,113.485640
2026-03-11 12:00:00,113.484460,113.486040,113.320040,113.336000
2026-03-11 13:00:00,113.337520,113.561930,113.334530,113.561930
2026-03-11 14:00:00,113.567240,113.878250,113.561750,113.830090
2026-03-11 15:00:00,113.836080,113.950960,113.647620,113.663970
2026-03-11 16:00:00,113.661100,113.665840,113.521660,113.625620
2026-03-11 17:00:00,113.621570,113.697830,113.487390,113.518300
2026-03-11 18:00:00,113.515850,113.670170,113.433060,113.627360
2026-03-11 19:00:00,113.628170,113.740580,113.571700,113.737050
2026-03-11 20:00:00,113.740180,113.773870,113.665120,113.694410
2026-03-11 21:00:00,113.691510,113.739890,113.586520,113.611070
2026-03-11 22:00:00,113.613000,113.667000,113.425710,113.443860
2026-03-11 23:00:00,113.441910,113.506460,113.371060,113.415910
2026-03-12 00:00:00,113.412920,113.610720,113.411530,113.588580
2026-03-12 01:00:00,113.587050,113.749680,113.500550,113.590900
2026-03-12 02:00:00,113.586660,113.685650,113.434180,113.500020
2026-03-12 03:00:00,113.501450,113.502370,113.381970,113.495770
2026-03-12 04:00:00,113.493000,113.498270,113.360550,113.371360
2026-03-12 05:00:00,113.370130,113.450230,113.243180,113.346130
2026-03-12 06:00:00,113.346700,113.348510,113.177200,113.218260
2026-03-12 07:00:00,113.215070,113.328080,113.170710,113.286440
2026-03-12 08:00:00,113.283750,113.397220,113.283750,113.358290
2026-03-12 09:00:00,113.357650,113.362090,113.221540,113.314900
2026-03-12 10:00:00,113.315040,113.315800,113.206710,113.246320
2026-03-12 11:00:00,113.246190,113.356490,113.208790,113.261380
2026-03-12 12:00:00,113.261530,113.314500,113.198240,113.306360
2026-03-12 13:00:00,113.306960,113.349320,112.879080,112.880490
2026-03-12 14:00:00,112.878360,113.027230,112.746270,112.891900
2026-03-12 15:00:00,112.890930,112.969300,112.645990,112.816410
2026-03-12 16:00:00,112.814690,112.987340,112.712460,112.852700
2026-03-12 17:00:00,112.853160,112.948610,112.834850,112.871720
2026-03-12 18:00:00,112.872110,112.940730,112.815600,112.870660
2026-03-12 19:00:00,112.869240,112.904510,112.800920,112.809580
2026-03-12 20:00:00,112.807790,112.867610,112.758340,112.766820
2026-03-12 21:00:00,112.764280,112.813470,112.681930,112.744080
2026-03-12 22:00:00,112.741710,112.777640,112.689700,112.756530
2026-03-12 23:00:00,112.751170,112.789700,112.626700,112.680340
2026-03-13 00:00:00,112.680430,112.787530,112.527500,112.721200
2026-03-13 01:00:00,112.717220,112.839370,112.714520,112.782780
2026-03-13 02:00:00,112.775230,112.891920,112.697710,112.769950
2026-03-13 03:00:00,112.773080,112.801130,112.552810,112.679260
2026-03-13 04:00:00,112.677000,112.728900,112.586750,112.657160
2026-03-13 05:00:00,112.656210,112.664380,112.515510,112.604630
2026-03-13 06:00:00,112.604430,112.605990,112.191590,112.199970
2026-03-13 07:00:00,112.201020,112.218400,111.972140,112.020890
2026-03-13 08:00:00,112.020390,112.160830,111.836160,112.150270
2026-03-13 09:00:00,112.149670,112.258990,112.116660,112.225040
2026-03-13 10:00:00,112.223790,112.318850,112.188300,112.213680
2026-03-13 11:00:00,112.213580,112.310540,112.126410,112.297580
2026-03-13 12:00:00,112.299240,112.435820,112.269620,112.416260
2026-03-13 13:00:00,112.418830,112.439920,112.101270,112.170480
2026-03-13 14:00:00,112.170020,112.235770,111.920720,111.957400
2026-03-13 15:00:00,111.957070,112.032830,111.746030,111.755520
2026-03-13 16:00:00,111.753630,111.893880,111.723940,111.836330
2026-03-13 17:00:00,111.833820,111.956120,111.736840,111.755090
2026-03-13 18:00:00,111.751470,111.872830,111.744380,111.808740
2026-03-13 19:00:00,111.805970,111.821250,111.631290,111.637150
2026-03-13 20:00:00,111.634490,111.651970,111.506890,111.515880
2026-03-15 21:00:00,111.627160,111.702490,111.526100,111.666630
2026-03-15 22:00:00,111.664600,111.741120,111.550220,111.613830
2026-03-15 23:00:00,111.610260,111.789980,111.593390,111.789840
2026-03-16 00:00:00,111.789570,111.908120,111.686320,111.762250
2026-03-16 01:00:00,111.759080,111.824210,111.548640,111.813700
2026-03-16 02:00:00,111.814050,111.903490,111.776530,111.845250
2026-03-16 03:00:00,111.845310,111.889880,111.762640,111.822970
2026-03-16 04:00:00,111.823450,111.915220,111.763530,111.772880
2026-03-16 05:00:00,111.773630,111.862580,111.700890,111.786320
2026-03-16 06:00:00,111.786910,111.867020,111.734050,111.797270
2026-03-16 07:00:00,111.796220,111.813370,111.611310,111.726830
2026-03-16 08:00:00,111.726820,111.893020,111.696760,111.886840
2026-03-16 09:00:00,111.888050,111.933300,111.837760,111.918980
2026-03-16 10:00:00,111.918130,112.256000,111.906180,112.256000
2026-03-16 11:00:00,112.256090,112.306480,112.152820,112.187770
2026-03-16 12:00:00,112.189180,112.264430,112.162430,112.201290
2026-03-16 13:00:00,112.201070,112.438520,112.190930,112.395980
2026-03-16 14:00:00,112.395540,112.438390,112.294730,112.386690
2026-03-16 15:00:00,112.387720,112.435370,112.307680,112.375170
2026-03-16 16:00:00,112.373810,112.436360,112.256940,112.342610
2026-03-16 17:00:00,112.341120,112.423210,112.334910,112.380160
2026-03-16 18:00:00,112.378000,112.495300,112.364020,112.476180
2026-03-16 19:00:00,112.473110,112.589350,112.453050,112.569970
2026-03-16 20:00:00,112.567730,112.579570,112.475750,112.479740
2026-03-16 21:00:00,112.477520,112.541790,112.381540,112.412600
2026-03-16 22:00:00,112.398760,112.473940,112.398760,112.430730
2026-03-16 23:00:00,112.426580,112.505760,112.414130,112.466450
2026-03-17 00:00:00,112.465870,112.526520,112.418240,112.514750
2026-03-17 01:00:00,112.511670,112.863660,112.497390,112.850280
2026-03-17 02:00:00,112.847060,112.946950,112.784910,112.784910
2026-03-17 03:00:00,112.783210,112.881010,112.316830,112.598260
2026-03-17 04:00:00,112.598130,112.740470,112.509380,112.633650
2026-03-17 05:00:00,112.633630,112.920060,112.612680,112.693940
2026-03-17 06:00:00,112.694040,112.721740,112.520230,112.686440
2026-03-17 07:00:00,112.686660,112.698610,112.497210,112.558610
2026-03-17 08:00:00,112.556660,112.690010,112.411820,112.675820
2026-03-17 09:00:00,112.677930,112.815480,112.658670,112.813340
2026-03-17 10:00:00,112.812090,112.841460,112.657270,112.730610
2026-03-17 11:00:00,112.733210,112.759860,112.644740,112.662600
2026-03-17 12:00:00,112.660430,112.891730,112.642010,112.867320
2026-03-17 13:00:00,112.868040,113.089430,112.839090,112.974490
2026-03-17 14:00:00,112.973380,113.022620,112.848120,112.866840
2026-03-17 15:00:00,112.868880,112.904230,112.740970,112.900950
2026-03-17 16:00:00,112.901680,112.958690,112.871390,112.901270
2026-03-17 17:00:00,112.900620,113.071590,112.895020,113.062430
2026-03-17 18:00:00,113.061080,113.084660,112.967330,112.995530
2026-03-17 19:00:00,112.993770,113.000430,112.941440,112.981930
2026-03-17 20:00:00,112.979790,113.015540,112.969140,112.976570
2026-03-17 21:00:00,112.973990,113.003560,112.852040,112.913140
2026-03-17 22:00:00,112.907990,113.017460,112.907080,113.002610
2026-03-17 23:00:00,113.001220,113.014340,112.939120,112.974280
2026-03-18 00:00:00,112.975250,113.118910,112.915780,113.060500
2026-03-18 01:00:00,113.052530,113.227210,113.052530,113.095620
2026-03-18 02:00:00,113.091200,113.110680,112.849810,112.855130
2026-03-18 03:00:00,112.851320,113.039580,112.851130,113.039580
2026-03-18 04:00:00,113.036910,113.101900,112.962750,112.986220
2026-03-18 05:00:00,112.984780,113.009270,112.892160,112.981890
2026-03-18 06:00:00,112.981820,113.018580,112.912250,113.006540
2026-03-18 07:00:00,113.006580,113.028480,112.915360,112.925880
2026-03-18 08:00:00,112.926830,112.994570,112.892430,112.982420
2026-03-18 09:00:00,112.984040,113.063890,112.974000,113.023490
2026-03-18 10:00:00,113.025940,113.077460,112.947460,112.967600
2026-03-18 11:00:00,112.967650,112.987530,112.834140,112.872380
2026-03-18 12:00:00,112.871700,112.898990,112.560050,112.600440
2026-03-18 13:00:00,112.605850,112.682100,112.458050,112.644040
2026-03-18 14:00:00,112.646170,112.826990,112.616040,112.791260
2026-03-18 15:00:00,112.789820,112.981750,112.770170,112.861410
2026-03-18 16:00:00,112.861540,112.964540,112.848710,112.927080
2026-03-18 17:00:00,112.925140,112.932180,112.844900,112.902520
2026-03-18 18:00:00,112.901100,112.952140,112.612130,112.646250
2026-03-18 19:00:00,112.643910,112.689460,112.431540,112.460200
2026-03-18 20:00:00,112.456980,112.482260,112.220700,112.301340
2026-03-18 21:00:00,112.298050,112.470850,112.246180,112.412130
2026-03-18 22:00:00,112.420420,112.420420,112.226740,112.242420
2026-03-18 23:00:00,112.243750,112.355860,112.205600,112.342680
2026-03-19 00:00:00,112.339110,112.554230,112.322010,112.535100
2026-03-19 01:00:00,112.525830,112.595640,112.411530,112.459750
2026-03-19 02:00:00,112.460590,112.605420,112.324750,112.471460
2026-03-19 03:00:00,112.468800,112.613370,112.459070,112.499430
2026-03-19 04:00:00,112.500160,112.506930,112.360410,112.371070
2026-03-19 05:00:00,112.371360,112.469940,112.334940,112.355990
2026-03-19 06:00:00,112.355120,112.468960,112.287800,112.395330
2026-03-19 07:00:00,112.396250,112.418300,111.861880,111.895710
2026-03-19 08:00:00,111.900540,112.161390,111.792400,112.031400
2026-03-19 09:00:00,112.033550,112.385710,112.013100,112.378490
2026-03-19 10:00:00,112.377630,112.392910,112.201530,112.212410
2026-03-19 11:00:00,112.212820,112.230540,111.906570,112.018860
2026-03-19 12:00:00,112.017390,112.018680,111.498930,111.547660
2026-03-19 13:00:00,111.546510,111.596600,111.213030,111.302780
2026-03-19 14:00:00,111.299430,111.570390,111.220200,111.556340
2026-03-19 15:00:00,111.555540,111.733140,111.431900,111.449610
2026-03-19 16:00:00,111.449450,111.512830,111.276630,111.409980
2026-03-19 17:00:00,111.403760,111.495380,111.277890,111.323180
2026-03-19 18:00:00,111.319350,111.456450,111.311460,111.415160
2026-03-19 19:00:00,111.406260,111.970840,111.406260,111.674850
2026-03-19 20:00:00,111.672550,111.786130,111.656140,111.783550
2026-03-19 21:00:00,111.782580,111.894000,111.693980,111.847780
2026-03-19 22:00:00,111.844770,111.909760,111.782900,111.831720
2026-03-19 23:00:00,111.832430,111.934010,111.754310,111.816070
2026-03-20 00:00:00,111.814760,111.891860,111.655550,111.785780
2026-03-20 01:00:00,111.783690,112.051350,111.768620,111.997280
2026-03-20 02:00:00,111.996310,112.228850,111.978820,112.228850
2026-03-20 03:00:00,112.229100,112.232840,112.107960,112.181150
2026-03-20 04:00:00,112.181420,112.292550,112.112350,112.269260
2026-03-20 05:00:00,112.269180,112.370540,112.231180,112.244410
2026-03-20 06:00:00,112.245240,112.320080,112.136480,112.150350
2026-03-20 07:00:00,112.150930,112.372200,112.115230,112.254290
2026-03-20 08:00:00,112.256250,112.353680,112.225320,112.330270
2026-03-20 09:00:00,112.327430,112.366650,112.201120,112.228540
2026-03-20 10:00:00,112.228260,112.237340,112.059410,112.136500
2026-03-20 11:00:00,112.137690,112.305550,112.128930,112.271810
2026-03-20 12:00:00,112.273540,112.365090,112.224140,112.284210
2026-03-20 13:00:00,112.282280,112.284050,111.994310,111.994310
2026-03-20 14:00:00,111.992960,112.076200,111.853530,111.946270
2026-03-20 15:00:00,111.943610,112.125750,111.924680,112.013530
2026-03-20 16:00:00,112.012080,112.190330,111.995320,112.123930
2026-03-20 17:00:00,112.121300,112.158110,111.955200,112.005590
2026-03-20 18:00:00,112.001950,112.019290,111.734410,111.735550
2026-03-20 19:00:00,111.736250,111.812530,111.625240,111.785550
2026-03-20 20:00:00,111.782170,111.901910,111.755210,111.811550
2026-03-22 21:00:00,111.687660,111.687660,111.384070,111.516200
2026-03-22 22:00:00,111.517170,111.754900,111.488730,111.620020
2026-03-22 23:00:00,111.619160,111.651290,111.532800,111.601500
2026-03-23 00:00:00,111.601610,111.623700,111.386570,111.556300
2026-03-23 01:00:00,111.557000,111.740540,111.446300,111.564220
2026-03-23 02:00:00,111.564180,111.633210,111.334550,111.396190
2026-03-23 03:00:00,111.395830,111.461090,111.201970,111.322850
2026-03-23 04:00:00,111.325940,111.355170,111.241120,111.252260
2026-03-23 05:00:00,111.254360,111.310900,111.058380,111.119570
2026-03-23 06:00:00,111.116960,111.134600,110.941560,110.950170
2026-03-23 07:00:00,110.945210,111.096620,110.829920,110.987480
2026-03-23 08:00:00,110.987340,111.258380,110.966650,111.093440
2026-03-23 09:00:00,111.091240,111.115380,110.759560,110.783010
2026-03-23 10:00:00,110.781140,110.794510,110.311960,110.505190
2026-03-23 11:00:00,110.499280,111.692850,110.378250,111.018920
2026-03-23 12:00:00,111.019170,111.499010,110.928260,111.462270
2026-03-23 13:00:00,111.462050,111.469880,111.081600,111.372460
2026-03-23 14:00:00,111.368020,111.774010,111.306240,111.690480
2026-03-23 15:00:00,111.692960,111.735260,110.998640,111.011770
2026-03-23 16:00:00,111.009890,111.196140,110.913580,111.148320
2026-03-23 17:00:00,111.140770,111.331460,111.097580,111.136120
2026-03-23 18:00:00,111.134770,111.150330,110.908070,111.086860
2026-03-23 19:00:00,111.087660,111.113410,110.999260,111.063740
2026-03-23 20:00:00,111.062910,111.118710,111.029130,111.063850
2026-03-23 21:00:00,111.063010,111.186030,110.964870,110.993050
2026-03-23 22:00:00,110.992600,111.173050,110.898310,111.132780
2026-03-23 23:00:00,111.131830,111.143000,111.019500,111.061260
2026-03-24 00:00:00,111.063680,111.088850,110.479300,110.833350
2026-03-24 01:00:00,110.831580,110.851510,110.511350,110.538580
2026-03-24 02:00:00,110.538600,110.698590,110.482620,110.562600
2026-03-24 03:00:00,110.563640,110.647370,110.493510,110.609910
2026-03-24 04:00:00,110.608670,110.634020,110.521100,110.595400
2026-03-24 05:00:00,110.595400,110.604200,110.442700,110.525070
2026-03-24 06:00:00,110.523500,110.816160,110.510810,110.797050
2026-03-24 07:00:00,110.799540,111.137630,110.719560,110.793280
2026-03-24 08:00:00,110.790860,110.801810,110.375440,110.475720
2026-03-24 09:00:00,110.472550,110.632020,110.366020,110.628450
2026-03-24 10:00:00,110.627010,110.715150,110.543760,110.706050
2026-03-24 11:00:00,110.702770,110.742240,110.518700,110.648410
2026-03-24 12:00:00,110.645190,110.651320,110.397530,110.488870
2026-03-24 13:00:00,110.488200,110.577920,110.414220,110.539210
2026-03-24 14:00:00,110.537990,110.827440,110.518700,110.732240
2026-03-24 15:00:00,110.739570,110.749520,110.502740,110.712660
2026-03-24 16:00:00,110.711200,110.774980,110.604960,110.722260
2026-03-24 17:00:00,110.722360,110.725200,110.455780,110.595150
2026-03-24 18:00:00,110.593490,110.809540,110.576950,110.746420
2026-03-24 19:00:00,110.744920,110.891390,110.732740,110.788860
2026-03-24 20:00:00,110.788300,111.124910,110.761330,111.056720
2026-03-24 21:00:00,111.057040,111.071120,110.869240,111.007620
2026-03-24 22:00:00,111.007820,111.065910,110.926280,111.058430
2026-03-24 23:00:00,111.058830,111.099740,110.971150,111.025760
2026-03-25 00:00:00,111.024940,111.159990,110.889960,111.004740
2026-03-25 01:00:00,111.005260,111.053960,110.833200,110.841800
2026-03-25 02:00:00,110.838310,110.868940,110.715520,110.738140
2026-03-25 03:00:00,110.740310,110.810480,110.690770,110.792700
2026-03-25 04:00:00,110.794940,110.914830,110.789300,110.818820
2026-03-25 05:00:00,110.818130,110.898100,110.796530,110.855660
2026-03-25 06:00:00,110.853280,110.905050,110.809610,110.857210
2026-03-25 07:00:00,110.856400,110.921670,110.792610,110.864380
2026-03-25 08:00:00,110.863320,110.962370,110.811260,110.845030
2026-03-25 09:00:00,110.843180,110.919580,110.667340,110.726680
2026-03-25 10:00:00,110.722960,110.774550,110.639150,110.713230
2026-03-25 11:00:00,110.711410,110.763100,110.644120,110.671480
2026-03-25 12:00:00,110.667630,110.718370,110.562410,110.680030
2026-03-25 13:00:00,110.676090,110.774450,110.586810,110.598440
2026-03-25 14:00:00,110.599250,110.830840,110.553070,110.811770
2026-03-25 15:00:00,110.807950,110.868980,110.609610,110.838830
2026-03-25 16:00:00,110.838460,110.892170,110.752330,110.847290
2026-03-25 17:00:00,110.846470,110.951690,110.818890,110.884960
2026-03-25 18:00:00,110.885360,110.937040,110.764080,110.822980
2026-03-25 19:00:00,110.823000,110.850930,110.769870,110.809920
2026-03-25 20:00:00,110.809770,110.839720,110.756700,110.791150
2026-03-25 21:00:00,110.792200,110.883540,110.736110,110.779850
2026-03-25 22:00:00,110.777770,110.823820,110.659500,110.752610
2026-03-25 23:00:00,110.750810,110.776670,110.608100,110.662800
2026-03-26 00:00:00,110.667030,110.756750,110.609470,110.633800
2026-03-26 01:00:00,110.638450,110.737760,110.631930,110.705800
2026-03-26 02:00:00,110.710190,110.747130,110.591450,110.639290
2026-03-26 03:00:00,110.642970,110.857780,110.635910,110.832840
2026-03-26 04:00:00,110.832590,110.907530,110.791270,110.877320
2026-03-26 05:00:00,110.876500,110.919410,110.785800,110.812550
2026-03-26 06:00:00,110.811840,110.831580,110.730760,110.756440
2026-03-26 07:00:00,110.754950,110.760550,110.648820,110.696540
2026-03-26 08:00:00,110.694720,110.726410,110.576190,110.705600
2026-03-26 09:00:00,110.703010,110.753110,110.547290,110.646320
2026-03-26 10:00:00,110.643420,110.714660,110.568910,110.592930
2026-03-26 11:00:00,110.591750,110.616400,110.335320,110.337020
2026-03-26 12:00:00,110.336900,110.455030,110.212120,110.239560
2026-03-26 13:00:00,110.238250,110.509280,110.223500,110.381600
2026-03-26 14:00:00,110.368150,110.535740,110.240450,110.337990
2026-03-26 15:00:00,110.335400,110.437900,110.249510,110.344060
2026-03-26 16:00:00,110.342510,110.365990,110.147760,110.158990
2026-03-26 17:00:00,110.158850,110.190450,110.008920,110.015540
2026-03-26 18:00:00,110.016370,110.154480,110.010070,110.143030
2026-03-26 19:00:00,110.142680,110.146630,109.905370,109.921140
2026-03-26 20:00:00,109.921550,110.316730,109.889820,110.041150
2026-03-26 21:00:00,110.049040,110.127080,109.941080,110.056720
2026-03-26 22:00:00,110.058910,110.088250,109.978560,110.054280
2026-03-26 23:00:00,110.058110,110.096560,109.987540,109.992760
2026-03-27 00:00:00,109.996420,110.037590,109.631620,109.706880
2026-03-27 01:00:00,109.706330,109.891960,109.639070,109.856450
2026-03-27 02:00:00,109.858040,110.001180,109.834990,109.964320
2026-03-27 03:00:00,109.963130,110.216040,109.948060,110.216040
2026-03-27 04:00:00,110.216040,110.312610,110.178060,110.312610
2026-03-27 05:00:00,110.311440,110.321210,110.097740,110.110750
2026-03-27 06:00:00,110.108410,110.235530,110.082270,110.229650
2026-03-27 07:00:00,110.227090,110.238630,110.119150,110.200760
2026-03-27 08:00:00,110.197870,110.274040,110.101740,110.247000
2026-03-27 09:00:00,110.244620,110.289180,110.139600,110.217960
2026-03-27 10:00:00,110.215720,110.285270,110.178930,110.238020
2026-03-27 11:00:00,110.235020,110.251100,110.133600,110.141630
2026-03-27 12:00:00,110.143510,110.147000,110.002020,110.119360
2026-03-27 13:00:00,110.117590,110.240530,110.002090,110.102360
2026-03-27 14:00:00,110.100120,110.219930,110.095440,110.167690
2026-03-27 15:00:00,110.165680,110.311330,110.104480,110.303690
2026-03-27 16:00:00,110.299960,110.374660,110.163560,110.251330
2026-03-27 17:00:00,110.251340,110.357060,110.066380,110.145830
2026-03-27 18:00:00,110.146210,110.215360,110.119950,110.126150
2026-03-27 19:00:00,110.127470,110.161250,110.058310,110.101010
2026-03-27 20:00:00,110.098910,110.254230,110.052440,110.184070
2026-03-29 21:00:00,110.073020,110.286800,109.772460,110.027880
2026-03-29 22:00:00,110.025930,110.059330,109.846390,109.893460
2026-03-29 23:00:00,109.894400,109.963070,109.760210,109.774790
2026-03-30 00:00:00,109.772710,109.789880,109.511370,109.575120
2026-03-30 01:00:00,109.576200,109.766350,109.552080,109.595540
2026-03-30 02:00:00,109.594100,109.680590,109.528450,109.617720
2026-03-30 03:00:00,109.616040,109.792080,109.584820,109.774850
2026-03-30 04:00:00,109.773350,109.781410,109.698850,109.746300
2026-03-30 05:00:00,109.744720,109.752550,109.664090,109.732570
2026-03-30 06:00:00,109.733110,109.835750,109.659870,109.683480
2026-03-30 07:00:00,109.686710,109.697990,109.355360,109.468930
2026-03-30 08:00:00,109.467290,109.531680,109.425160,109.463380
2026-03-30 09:00:00,109.462820,109.496740,109.338240,109.470710
2026-03-30 10:00:00,109.473400,109.492470,109.405830,109.433050
2026-03-30 11:00:00,109.430800,109.467140,109.378310,109.422770
2026-03-30 12:00:00,109.422520,109.483290,109.352730,109.371990
2026-03-30 13:00:00,109.371600,109.395360,109.141800,109.172390
2026-03-30 14:00:00,109.173270,109.347570,109.067700,109.335260
2026-03-30 15:00:00,109.338660,109.407200,109.258990,109.368800
2026-03-30 16:00:00,109.368540,109.379560,109.249310,109.311580
2026-03-30 17:00:00,109.314730,109.418650,109.304990,109.372290
2026-03-30 18:00:00,109.374220,109.403840,109.328200,109.377250
2026-03-30 19:00:00,109.378820,109.394310,109.256350,109.376280
2026-03-30 20:00:00,109.379380,109.474670,109.349320,109.462900
2026-03-30 21:00:00,109.461900,109.490780,109.324810,109.451810
2026-03-30 22:00:00,109.455760,109.540090,109.448630,109.531060
2026-03-30 23:00:00,109.527760,109.537240,109.385920,109.400070
2026-03-31 00:00:00,109.399310,109.655710,109.279280,109.651570
2026-03-31 01:00:00,109.648780,109.820940,109.589930,109.680170
2026-03-31 02:00:00,109.679000,109.699950,109.493790,109.505920
2026-03-31 03:00:00,109.506730,109.515100,109.342030,109.394600
2026-03-31 04:00:00,109.391630,109.449260,109.240880,109.261110
2026-03-31 05:00:00,109.259230,109.405570,109.117930,109.351880
2026-03-31 06:00:00,109.350860,109.488550,109.276210,109.467990
2026-03-31 07:00:00,109.466060,109.646910,109.305980,109.631520
2026-03-31 08:00:00,109.629820,109.651440,109.439880,109.487200
2026-03-31 09:00:00,109.484120,109.537120,109.427430,109.454980
2026-03-31 10:00:00,109.453460,109.500460,109.430750,109.459410
2026-03-31 11:00:00,109.460260,109.764700,109.432680,109.732840
2026-03-31 12:00:00,109.731450,109.872800,109.599280,109.599600
2026-03-31 13:00:00,109.599700,109.608000,109.406900,109.525060
2026-03-31 14:00:00,109.525190,109.572220,108.882590,108.936890
2026-03-31 15:00:00,108.941720,109.176740,108.872450,109.040120
2026-03-31 16:00:00,109.041030,109.558050,109.030530,109.420630
2026-03-31 17:00:00,109.423390,109.571400,109.397450,109.411370
2026-03-31 18:00:00,109.416250,109.541460,109.402820,109.482400
2026-03-31 19:00:00,109.482770,109.576570,109.456140,109.511990
2026-03-31 20:00:00,109.511370,109.592070,109.465700,109.527450
2026-03-31 21:00:00,109.522210,109.636020,109.456090,109.570830
2026-03-31 22:00:00,109.564330,109.614520,109.498720,109.565320
2026-03-31 23:00:00,109.565010,109.725750,109.529330,109.725750
2026-04-01 00:00:00,109.724430,110.006790,109.681370,109.993380
2026-04-01 01:00:00,109.993390,110.030470,109.736470,109.775570
2026-04-01 02:00:00,109.773890,109.819370,109.698790,109.725740
2026-04-01 03:00:00,109.724500,109.745270,109.530980,109.650390
2026-04-01 04:00:00,109.645090,109.722870,109.615250,109.630540
2026-04-01 05:00:00,109.632070,109.817310,109.568790,109.575080
2026-04-01 06:00:00,109.574470,109.960590,109.552460,109.943500
2026-04-01 07:00:00,109.939180,110.064030,109.768470,110.020100
2026-04-01 08:00:00,110.019780,110.218420,109.989260,110.096990
2026-04-01 09:00:00,110.100150,110.225240,110.031220,110.185960
2026-04-01 10:00:00,110.187450,110.222010,110.079170,110.079170
2026-04-01 11:00:00,110.078570,110.244090,110.064970,110.149480
2026-04-01 12:00:00,110.151640,110.258460,110.007990,110.007990
2026-04-01 13:00:00,110.006490,110.219720,109.984530,110.150890
2026-04-01 14:00:00,110.150710,110.176260,110.033890,110.047520
2026-04-01 15:00:00,110.047560,110.177530,109.985760,110.146120
2026-04-01 16:00:00,110.146360,110.168960,110.075520,110.129680
2026-04-01 17:00:00,110.130710,110.160720,110.006470,110.023930
2026-04-01 18:00:00,110.022570,110.035050,109.785950,109.872550
2026-04-01 19:00:00,109.873200,110.070290,109.853500,110.019230
2026-04-01 20:00:00,110.017040,110.048400,109.970430,110.025700
2026-04-01 21:00:00,110.025430,110.038570,109.802740,109.971580
2026-04-01 22:00:00,109.973240,109.992130,109.809890,109.829960
2026-04-01 23:00:00,109.830440,109.911720,109.814880,109.881530
2026-04-02 00:00:00,109.879520,110.003530,109.834660,109.971710
2026-04-02 01:00:00,109.970590,110.111570,109.546910,109.675380
2026-04-02 02:00:00,109.673470,109.830580,109.650000,109.811290
2026-04-02 03:00:00,109.809650,109.820990,109.690770,109.704690
2026-04-02 04:00:00,109.702880,109.708840,109.572550,109.607060
2026-04-02 05:00:00,109.602670,109.674380,109.469090,109.492090
2026-04-02 06:00:00,109.488490,109.610620,109.438160,109.572750
2026-04-02 07:00:00,109.569040,109.873060,109.562190,109.854200
2026-04-02 08:00:00,109.849700,109.872830,109.711640,109.778970
2026-04-02 09:00:00,109.778240,109.787930,109.680970,109.731630
2026-04-02 10:00:00,109.732040,109.736100,109.577020,109.622340
2026-04-02 11:00:00,109.623630,109.667330,109.590360,109.653910
2026-04-02 12:00:00,109.653170,109.901590,109.641200,109.848770
2026-04-02 13:00:00,109.848740,109.994700,109.794460,109.950020
2026-04-02 14:00:00,109.949600,110.228840,109.869560,110.143740
2026-04-02 15:00:00,110.143430,110.174420,110.039980,110.100800
2026-04-02 16:00:00,110.101330,110.246280,110.073730,110.226410
2026-04-02 17:00:00,110.225560,110.311330,110.183340,110.213100
2026-04-02 18:00:00,110.215300,110.301500,110.207460,110.241550
2026-04-02 19:00:00,110.240010,110.303620,110.188200,110.279160
2026-04-02 20:00:00,110.278560,110.308100,110.224220,110.286520
2026-04-02 21:00:00,110.283620,110.293180,110.109860,110.202810
2026-04-02 22:00:00,110.200010,110.294790,110.177620,110.250570
2026-04-02 23:00:00,110.249080,110.276200,110.197940,110.222820
2026-04-03 00:00:00,110.224240,110.343720,110.206750,110.327040
2026-04-03 01:00:00,110.327460,110.340930,110.281880,110.299360
2026-04-03 02:00:00,110.298320,110.320860,110.257370,110.304710
2026-04-03 03:00:00,110.303110,110.316920,110.224340,110.224340
2026-04-03 04:00:00,110.222400,110.258510,110.167820,110.251520
2026-04-03 05:00:00,110.249940,110.294800,110.194930,110.292190
2026-04-03 06:00:00,110.289330,110.323690,110.239490,110.309730
2026-04-03 07:00:00,110.307450,110.347160,110.260090,110.264260
2026-04-03 08:00:00,110.262160,110.278200,110.214720,110.271150
2026-04-03 09:00:00,110.268320,110.275240,110.194190,110.231010
2026-04-03 10:00:00,110.229760,110.245350,110.188640,110.234160
2026-04-03 11:00:00,110.233620,110.252490,110.194760,110.224660
2026-04-03 12:00:00,110.223810,110.282240,110.109570,110.133020
2026-04-03 13:00:00,110.131630,110.195230,110.078430,110.128370
2026-04-03 14:00:00,110.128400,110.129670,109.988630,110.019210
2026-04-03 15:00:00,110.019400,110.044500,109.977980,110.036510
2026-04-03 16:00:00,110.037080,110.073740,110.003050,110.012310
2026-04-03 17:00:00,110.013500,110.056800,109.986170,110.029420
2026-04-03 18:00:00,110.028620,110.030190,109.974030,109.996190
2026-04-03 19:00:00,109.994760,110.017170,109.917330,109.922170
2026-04-03 20:00:00,109.926660,110.112060,109.918860,110.072590
2026-04-05 21:00:00,110.014670,110.079930,109.827590,109.998100
2026-04-05 22:00:00,109.989060,110.015420,109.824500,110.002020
2026-04-05 23:00:00,110.001410,110.047550,109.962040,110.017270
2026-04-06 00:00:00,110.016820,110.188010,110.005450,110.159410
2026-04-06 01:00:00,110.157710,110.162800,110.034290,110.108370
2026-04-06 02:00:00,110.106930,110.335740,110.102360,110.190570
2026-04-06 03:00:00,110.189100,110.208210,110.136240,110.197010
2026-04-06 04:00:00,110.195060,110.267330,110.187610,110.256610
2026-04-06 05:00:00,110.254190,110.308470,110.226430,110.238040
2026-04-06 06:00:00,110.237120,110.386170,110.205440,110.351310
2026-04-06 07:00:00,110.346230,110.511220,110.323310,110.457540
2026-04-06 08:00:00,110.455610,110.510920,110.397060,110.478150
2026-04-06 09:00:00,110.476070,110.551260,110.418990,110.426360
2026-04-06 10:00:00,110.423800,110.519830,110.420890,110.472040
2026-04-06 11:00:00,110.470620,110.582320,110.448880,110.546070
2026-04-06 12:00:00,110.543210,110.555010,110.437730,110.449950
2026-04-06 13:00:00,110.449890,110.567410,110.433230,110.535030
2026-04-06 14:00:00,110.532580,110.573860,110.428580,110.560650
2026-04-06 15:00:00,110.560570,110.574430,110.418790,110.490350
2026-04-06 16:00:00,110.490750,110.504200,110.419510,110.437150
2026-04-06 17:00:00,110.437760,110.517760,110.367550,110.474350
2026-04-06 18:00:00,110.475250,110.531550,110.449900,110.499440
2026-04-06 19:00:00,110.501320,110.531620,110.460890,110.490800
2026-04-06 20:00:00,110.494170,110.519940,110.474890,110.483400
2026-04-06 21:00:00,110.481560,110.537880,110.405790,110.474990
2026-04-06 22:00:00,110.474430,110.504880,110.415840,110.418380
2026-04-06 23:00:00,110.420580,110.468970,110.414750,110.457740
2026-04-07 00:00:00,110.456570,110.589380,110.433300,110.476190
2026-04-07 01:00:00,110.475890,110.579080,110.338700,110.359610
2026-04-07 02:00:00,110.358310,110.458980,110.313260,110.453600
2026-04-07 03:00:00,110.451770,110.508910,110.428130,110.479750
2026-04-07 04:00:00,110.477910,110.550280,110.428850,110.500120
2026-04-07 05:00:00,110.497430,110.514500,110.425520,110.507610
2026-04-07 06:00:00,110.505300,110.594320,110.500470,110.551650
2026-04-07 07:00:00,110.547670,110.567180,110.464540,110.555430
2026-04-07 08:00:00,110.550900,110.835790,110.515220,110.790260
2026-04-07 09:00:00,110.790730,110.820720,110.697030,110.813740
2026-04-07 10:00:00,110.812440,110.830410,110.646120,110.725800
2026-04-07 11:00:00,110.722730,110.863420,110.695030,110.857590
2026-04-07 12:00:00,110.854890,110.933340,110.796740,110.848020
2026-04-07 13:00:00,110.846280,110.900710,110.767380,110.796350
2026-04-07 14:00:00,110.795900,111.092790,110.755300,110.980060
2026-04-07 15:00:00,110.979990,111.039200,110.866010,111.017530
2026-04-07 16:00:00,111.017480,111.128230,110.973950,111.077830
2026-04-07 17:00:00,111.077930,111.164920,111.051940,111.117970
2026-04-07 18:00:00,111.118050,111.121760,111.024790,111.049090
2026-04-07 19:00:00,111.049010,111.283100,111.027280,111.229370
2026-04-07 20:00:00,111.230770,111.399810,111.220800,111.361070
2026-04-07 21:00:00,111.360640,111.448270,111.204460,111.288080
2026-04-07 22:00:00,111.301670,112.025670,111.275980,112.007790
2026-04-07 23:00:00,112.008500,112.346650,111.948140,112.322590
2026-04-08 00:00:00,112.321690,112.363530,111.848680,111.909640
2026-04-08 01:00:00,111.919010,112.048690,111.884620,111.911080
2026-04-08 02:00:00,111.914180,111.952700,111.741910,111.746740
2026-04-08 03:00:00,111.746770,111.755510,111.585300,111.744450
2026-04-08 04:00:00,111.744860,111.972000,111.738680,111.918450
2026-04-08 05:00:00,111.916530,112.070270,111.900800,111.939490
2026-04-08 06:00:00,111.937190,111.953250,111.795490,111.888740
2026-04-08 07:00:00,111.886140,111.902560,111.699780,111.723720
2026-04-08 08:00:00,111.722090,111.732380,111.451770,111.553260
2026-04-08 09:00:00,111.548230,111.606620,111.489710,111.518650
2026-04-08 10:00:00,111.518070,111.596990,111.492530,111.519780
2026-04-08 11:00:00,111.518040,111.671300,111.486480,111.641250
2026-04-08 12:00:00,111.639180,111.776920,111.561240,111.744290
2026-04-08 13:00:00,111.743740,111.818560,111.585310,111.650660
2026-04-08 14:00:00,111.640630,111.746800,111.597050,111.717580
2026-04-08 15:00:00,111.713580,111.851070,111.689380,111.846720
2026-04-08 16:00:00,111.845240,111.878120,111.738900,111.851060
2026-04-08 17:00:00,111.849050,111.896550,111.709960,111.756540
2026-04-08 18:00:00,111.755720,111.805220,111.623130,111.626180
2026-04-08 19:00:00,111.626150,111.808360,111.580290,111.808360
2026-04-08 20:00:00,111.808570,111.839960,111.699930,111.701390
2026-04-08 21:00:00,111.701730,111.818910,111.604250,111.733870
2026-04-08 22:00:00,111.733450,111.744950,111.690090,111.737080
2026-04-08 23:00:00,111.737880,111.760440,111.678440,111.686110
2026-04-09 00:00:00,111.684690,111.786420,111.577190,111.772020
2026-04-09 01:00:00,111.771980,111.776170,111.640090,111.719500
2026-04-09 02:00:00,111.721430,111.770570,111.671470,111.732560
2026-04-09 03:00:00,111.729890,111.804710,111.684200,111.776700
2026-04-09 04:00:00,111.775860,111.817890,111.743820,111.766040
2026-04-09 05:00:00,111.765460,111.831820,111.740070,111.742060
2026-04-09 06:00:00,111.741710,111.797300,111.721270,111.793270
2026-04-09 07:00:00,111.792080,111.805270,111.712420,111.732730
2026-04-09 08:00:00,111.730250,111.794210,111.692900,111.745440
2026-04-09 09:00:00,111.744230,111.827610,111.698240,111.821690
2026-04-09 10:00:00,111.819710,111.861880,111.787830,111.850750
2026-04-09 11:00:00,111.849790,111.952690,111.825330,111.952020
2026-04-09 12:00:00,111.950170,112.009120,111.900140,111.959760
2026-04-09 13:00:00,111.956350,112.200610,111.939380,112.179850
2026-04-09 14:00:00,112.176740,112.426990,112.158510,112.409670
2026-04-09 15:00:00,112.410340,112.602820,112.348090,112.554660
2026-04-09 16:00:00,112.551260,112.595950,112.473290,112.497400
2026-04-09 17:00:00,112.495690,112.605710,112.456900,112.571710
2026-04-09 18:00:00,112.570300,112.584400,112.472130,112.562000
2026-04-09 19:00:00,112.560540,112.724360,112.542190,112.711930
2026-04-09 20:00:00,112.709610,112.742490,112.627730,112.627730
2026-04-09 21:00:00,112.628660,112.680640,112.464370,112.618230
2026-04-09 22:00:00,112.617680,112.658370,112.599500,112.633030
2026-04-09 23:00:00,112.633160,112.641100,112.561760,112.568610
2026-04-10 00:00:00,112.569090,112.645360,112.545200,112.625960
2026-04-10 01:00:00,112.628540,112.685960,112.533480,112.548500
2026-04-10 02:00:00,112.547730,112.592950,112.495710,112.515260
2026-04-10 03:00:00,112.516050,112.562580,112.480160,112.519990
2026-04-10 04:00:00,112.519940,112.534990,112.478190,112.500180
2026-04-10 05:00:00,112.501480,112.608320,112.485780,112.608320
2026-04-10 06:00:00,112.607710,112.630250,112.471120,112.496150
2026-04-10 07:00:00,112.495150,112.529900,112.412270,112.416240
2026-04-10 08:00:00,112.415050,112.513920,112.400680,112.461720
2026-04-10 09:00:00,112.460450,112.569970,112.432890,112.553470
2026-04-10 10:00:00,112.551740,112.571530,112.507290,112.531780
2026-04-10 11:00:00,112.529700,112.582750,112.523500,112.571900
2026-04-10 12:00:00,112.569330,112.656660,112.541650,112.633750
2026-04-10 13:00:00,112.631440,112.767630,112.618240,112.683390
2026-04-10 14:00:00,112.682520,112.864940,112.660850,112.746200
2026-04-10 15:00:00,112.748890,112.755470,112.632320,112.681560
2026-04-10 16:00:00,112.679210,112.700370,112.592340,112.637380
2026-04-10 17:00:00,112.636670,112.715010,112.602860,112.691780
2026-04-10 18:00:00,112.689390,112.781550,112.650870,112.756530
2026-04-10 19:00:00,112.753080,112.771170,112.738100,112.755210
2026-04-10 20:00:00,112.755660,112.764880,112.521870,112.523050
2026-04-12 21:00:00,112.088920,112.141810,111.602530,111.955030
2026-04-12 22:00:00,111.946060,112.232290,111.861970,112.206370
2026-04-12 23:00:00,112.206260,112.211740,112.031690,112.093620
2026-04-13 00:00:00,112.094620,112.388400,112.075700,112.327150
2026-04-13 01:00:00,112.335710,112.442470,112.269280,112.329470
2026-04-13 02:00:00,112.328680,112.421400,112.290300,112.367520
2026-04-13 03:00:00,112.374200,112.433580,112.343380,112.404330
2026-04-13 04:00:00,112.403320,112.481600,112.372800,112.397690
2026-04-13 05:00:00,112.398630,112.482080,112.381380,112.414240
2026-04-13 06:00:00,112.413660,112.487780,112.376000,112.481750
2026-04-13 07:00:00,112.482840,112.711660,112.471640,112.629570
2026-04-13 08:00:00,112.627410,112.677500,112.597820,112.644580
2026-04-13 09:00:00,112.643130,112.653020,112.539140,112.566710
2026-04-13 10:00:00,112.564710,112.596180,112.532910,112.582240
2026-04-13 11:00:00,112.578110,112.647370,112.434270,112.458960
2026-04-13 12:00:00,112.457560,112.522810,112.360750,112.522810
2026-04-13 13:00:00,112.519120,112.721480,112.517840,112.611690
2026-04-13 14:00:00,112.609120,112.805180,112.592760,112.755810
2026-04-13 15:00:00,112.756380,112.824540,112.720910,112.814650
2026-04-13 16:00:00,112.812080,112.983580,112.763620,112.960470
2026-04-13 17:00:00,112.957830,113.023710,112.943290,113.005820
2026-04-13 18:00:00,113.002980,113.120970,112.975120,113.117720
2026-04-13 19:00:00,113.117140,113.129740,113.060110,113.124890
2026-04-13 20:00:00,113.125080,113.170430,113.105440,113.145700
2026-04-13 21:00:00,113.149960,113.155280,113.059880,113.080250
2026-04-13 22:00:00,113.080890,113.185790,113.057850,113.162440
2026-04-13 23:00:00,113.162410,113.171780,113.005520,113.039980
2026-04-14 00:00:00,113.040390,113.062590,112.832060,112.843190
2026-04-14 01:00:00,112.845370,112.901210,112.701940,112.718220
2026-04-14 02:00:00,112.719610,112.801610,112.684910,112.701680
2026-04-14 03:00:00,112.704230,112.795750,112.688250,112.724570
2026-04-14 04:00:00,112.723810,112.811540,112.704780,112.710330
2026-04-14 05:00:00,112.712300,112.730470,112.632760,112.710370
2026-04-14 06:00:00,112.711860,112.901240,112.703240,112.891120
2026-04-14 07:00:00,112.892230,112.942470,112.833890,112.895800
2026-04-14 08:00:00,112.894040,113.074490,112.852170,113.002960
2026-04-14 09:00:00,113.003060,113.087600,112.901780,113.087600
2026-04-14 10:00:00,113.086020,113.137930,113.024020,113.084920
2026-04-14 11:00:00,113.083100,113.178830,113.048850,113.162460
2026-04-14 12:00:00,113.160770,113.267850,113.115460,113.259320
2026-04-14 13:00:00,113.256580,113.393800,113.239150,113.384290
2026-04-14 14:00:00,113.380810,113.413290,113.289510,113.383110
2026-04-14 15:00:00,113.379440,113.399590,113.305630,113.334490
2026-04-14 16:00:00,113.335560,113.345700,113.238160,113.240170
2026-04-14 17:00:00,113.237080,113.294490,113.218440,113.224830
2026-04-14 18:00:00,113.221660,113.238610,113.125600,113.202300
2026-04-14 19:00:00,113.202580,113.257880,113.178920,113.214090
2026-04-14 20:00:00,113.211790,113.246900,113.177850,113.178470
2026-04-14 21:00:00,113.181060,113.195540,113.012700,113.186680
2026-04-14 22:00:00,113.186610,113.233680,113.134590,113.233680
2026-04-14 23:00:00,113.233670,113.284790,113.198740,113.212970
2026-04-15 00:00:00,113.213260,113.245570,113.126690,113.146700
2026-04-15 01:00:00,113.150890,113.294790,113.142750,113.269080
2026-04-15 02:00:00,113.270490,113.399020,113.264720,113.393960
2026-04-15 03:00:00,113.393840,113.411830,113.325200,113.376430
2026-04-15 04:00:00,113.376740,113.417140,113.366250,113.406390
2026-04-15 05:00:00,113.410780,113.531070,113.404700,113.455760
2026-04-15 06:00:00,113.460700,113.535960,113.434180,113.517300
2026-04-15 07:00:00,113.515500,113.604760,113.455420,113.532530
2026-04-15 08:00:00,113.531930,113.542880,113.362210,113.432590
2026-04-15 09:00:00,113.431550,113.503290,113.365920,113.503290
2026-04-15 10:00:00,113.502240,113.557190,113.393960,113.473170
2026-04-15 11:00:00,113.471550,113.567210,113.446980,113.558310
2026-04-15 12:00:00,113.556870,113.605890,113.526990,113.591660
2026-04-15 13:00:00,113.589450,113.678600,113.574230,113.632720
2026-04-15 14:00:00,113.630060,113.838870,113.617630,113.782840
2026-04-15 15:00:00,113.781090,113.882670,113.750280,113.879790
2026-04-15 16:00:00,113.878570,113.930930,113.798790,113.869720
2026-04-15 17:00:00,113.867360,114.024980,113.858910,114.007290
2026-04-15 18:00:00,114.005850,114.099810,113.968510,114.097040
2026-04-15 19:00:00,114.092550,114.117610,114.043280,114.062100
2026-04-15 20:00:00,114.061240,114.064660,113.977800,114.003420
2026-04-15 21:00:00,114.003370,114.051410,113.869780,113.966360
2026-04-15 22:00:00,113.963580,113.992110,113.935430,113.956190
2026-04-15 23:00:00,113.956100,113.973600,113.900800,113.965840
2026-04-16 00:00:00,113.966140,113.968560,113.857040,113.925670
2026-04-16 01:00:00,113.926020,113.967720,113.763210,113.949240
2026-04-16 02:00:00,113.949370,114.147050,113.930730,113.987810
2026-04-16 03:00:00,113.986080,114.136940,113.827770,114.116900
2026-04-16 04:00:00,114.118630,114.203940,114.087720,114.106890
2026-04-16 05:00:00,114.106770,114.206280,114.027690,114.186050
2026-04-16 06:00:00,114.186820,114.200970,114.051750,114.117240
2026-04-16 07:00:00,114.123790,114.193570,114.091190,114.137410
2026-04-16 08:00:00,114.136530,114.141880,114.024650,114.071780
2026-04-16 09:00:00,114.072200,114.081580,113.974060,114.014240
2026-04-16 10:00:00,114.016050,114.036080,113.942590,113.982420
2026-04-16 11:00:00,113.980860,114.049510,113.964910,114.045300
2026-04-16 12:00:00,114.043430,114.143740,113.997020,114.128310
2026-04-16 13:00:00,114.126670,114.199070,114.060980,114.199070
2026-04-16 14:00:00,114.197540,114.256810,114.062500,114.089810
2026-04-16 15:00:00,114.087510,114.152820,114.048220,114.064550
2026-04-16 16:00:00,114.062560,114.114570,113.934010,113.964190
2026-04-16 17:00:00,113.962890,114.008020,113.917190,113.965140
2026-04-16 18:00:00,113.960180,114.005690,113.919320,113.966130
2026-04-16 19:00:00,113.964230,113.995920,113.945130,113.976280
2026-04-16 20:00:00,113.971030,114.028590,113.964750,113.985510
2026-04-16 21:00:00,113.980630,114.073010,113.867970,113.949860
2026-04-16 22:00:00,113.948200,113.992870,113.883810,113.977840
2026-04-16 23:00:00,113.977220,114.031260,113.965640,113.978990
2026-04-17 00:00:00,113.978610,114.121550,113.907050,114.103650
2026-04-17 01:00:00,114.102400,114.170860,114.073530,114.145340
2026-04-17 02:00:00,114.145390,114.190970,114.140710,114.153660
2026-04-17 03:00:00,114.154040,114.229010,114.144160,114.216460
2026-04-17 04:00:00,114.216460,114.329980,114.199140,114.321770
2026-04-17 05:00:00,114.322460,114.375650,114.300330,114.330890
2026-04-17 06:00:00,114.329040,114.341000,114.145040,114.155540
2026-04-17 07:00:00,114.158990,114.269210,114.116690,114.251480
2026-04-17 08:00:00,114.251230,114.307350,114.164180,114.280170
2026-04-17 09:00:00,114.275810,114.294530,114.059070,114.081050
2026-04-17 10:00:00,114.080400,114.176510,114.051700,114.138370
2026-04-17 11:00:00,114.137660,114.227370,114.089900,114.180760
2026-04-17 12:00:00,114.179250,114.324330,114.116330,114.267820
2026-04-17 13:00:00,114.264290,114.295380,114.055150,114.075990
2026-04-17 14:00:00,114.074220,114.118350,113.586200,113.682580
2026-04-17 15:00:00,113.677510,113.757190,113.514410,113.702940
2026-04-17 16:00:00,113.701620,113.726400,113.594080,113.618360
2026-04-17 17:00:00,113.615030,113.679470,113.573910,113.665480
2026-04-17 18:00:00,113.664800,113.703320,113.583760,113.653010
2026-04-17 19:00:00,113.648840,113.724300,113.633960,113.711270
2026-04-17 20:00:00,113.709390,113.760160,113.648130,113.711820
2026-04-19 21:00:00,113.149960,113.350120,113.090020,113.142950
2026-04-19 22:00:00,113.142990,113.577010,113.120130,113.560950
2026-04-19 23:00:00,113.561030,113.641620,113.526590,113.554470
2026-04-20 00:00:00,113.555230,113.698900,113.545590,113.680060
2026-04-20 01:00:00,113.682070,113.721340,113.566630,113.577850
2026-04-20 02:00:00,113.578140,113.694770,113.551210,113.680580
2026-04-20 03:00:00,113.679130,113.708370,113.628340,113.667650
2026-04-20 04:00:00,113.668540,113.744830,113.638250,113.710730
2026-04-20 05:00:00,113.711900,113.748380,113.590740,113.627160
2026-04-20 06:00:00,113.625310,113.689520,113.554020,113.676900
2026-04-20 07:00:00,113.679920,113.751550,113.565360,113.642400
2026-04-20 08:00:00,113.641280,113.747500,113.603100,113.674520
2026-04-20 09:00:00,113.673630,113.756410,113.657480,113.756410
2026-04-20 10:00:00,113.755540,113.787670,113.718850,113.732330
2026-04-20 11:00:00,113.730770,113.777560,113.677380,113.755880
2026-04-20 12:00:00,113.753970,113.775420,113.723410,113.743440
2026-04-20 13:00:00,113.741390,113.763010,113.676660,113.719900
2026-04-20 14:00:00,113.717380,113.804660,113.657420,113.691100
2026-04-20 15:00:00,113.687190,113.838390,113.649360,113.827570
2026-04-20 16:00:00,113.822480,113.852660,113.780210,113.808340
2026-04-20 17:00:00,113.807910,113.898010,113.784580,113.892440
2026-04-20 18:00:00,113.888690,114.023340,113.873560,114.018700
2026-04-20 19:00:00,114.016460,114.052380,113.982480,114.046490
2026-04-20 20:00:00,114.046700,114.075000,114.010850,114.012420
2026-04-20 21:00:00,114.017830,114.017830,113.909910,113.930250
2026-04-20 22:00:00,113.926080,114.035160,113.926080,114.034430
2026-04-20 23:00:00,114.034320,114.046280,113.959470,113.968240
2026-04-21 00:00:00,113.968090,114.059160,113.944390,114.040960
2026-04-21 01:00:00,114.041190,114.157750,114.026870,114.056230
2026-04-21 02:00:00,114.057140,114.090800,113.974400,114.012740
2026-04-21 03:00:00,114.015180,114.036730,113.910150,113.935450
2026-04-21 04:00:00,113.937360,113.959660,113.914330,113.923660
2026-04-21 05:00:00,113.923520,113.968920,113.887630,113.892720
2026-04-21 06:00:00,113.888900,113.898110,113.760540,113.768420
2026-04-21 07:00:00,113.769420,113.860500,113.751610,113.763570
2026-04-21 08:00:00,113.760920,113.925110,113.707190,113.910080
2026-04-21 09:00:00,113.908950,113.916250,113.818660,113.872150
2026-04-21 10:00:00,113.870900,113.964540,113.856990,113.964540
2026-04-21 11:00:00,113.963050,114.034020,113.933000,113.973940
2026-04-21 12:00:00,113.972080,114.000920,113.886180,113.968510
2026-04-21 13:00:00,113.965950,114.146150,113.950670,114.145640
2026-04-21 14:00:00,114.143140,114.298130,114.139150,114.223550
2026-04-21 15:00:00,114.221620,114.259560,114.055280,114.178760
2026-04-21 16:00:00,114.175980,114.214550,114.036940,114.037840
2026-04-21 17:00:00,114.034140,114.058320,113.808830,113.960930
2026-04-21 18:00:00,113.957680,114.051180,113.901240,113.996170
2026-04-21 19:00:00,113.993610,114.058940,113.793390,113.895970
2026-04-21 20:00:00,113.892580,114.199740,113.889100,114.035260
2026-04-21 21:00:00,114.037060,114.043380,113.948550,114.004980
2026-04-21 22:00:00,114.003960,114.050610,113.991630,114.005800
2026-04-21 23:00:00,114.005240,114.094940,113.999530,114.056770
2026-04-22 00:00:00,114.056650,114.102560,114.014670,114.078690
2026-04-22 01:00:00,114.078500,114.095130,113.992440,114.012940
2026-04-22 02:00:00,114.014290,114.091890,114.000350,114.033750
2026-04-22 03:00:00,114.033810,114.132940,114.016430,114.059600
2026-04-22 04:00:00,114.058150,114.080100,114.025400,114.038270
2026-04-22 05:00:00,114.040950,114.195250,114.025330,114.175000
2026-04-22 06:00:00,114.172890,114.202880,114.087450,114.095440
2026-04-22 07:00:00,114.092150,114.166960,114.040210,114.156890
2026-04-22 08:00:00,114.156930,114.224660,114.130900,114.182810
2026-04-22 09:00:00,114.182060,114.217030,114.096320,114.112440
2026-04-22 10:00:00,114.112810,114.127810,114.020890,114.040410
2026-04-22 11:00:00,114.038890,114.053600,113.887020,113.897780
2026-04-22 12:00:00,113.895510,113.954280,113.831260,113.923030
2026-04-22 13:00:00,113.920810,114.061500,113.903810,114.060870
2026-04-22 14:00:00,114.058560,114.124400,114.015750,114.119850
2026-04-22 15:00:00,114.115050,114.235680,114.089500,114.218510
2026-04-22 16:00:00,114.215650,114.226480,114.140830,114.181520
2026-04-22 17:00:00,114.178590,114.253520,114.165540,114.197120
2026-04-22 18:00:00,114.198270,114.216480,114.134670,114.185220
2026-04-22 19:00:00,114.184010,114.222910,114.151000,114.222910
2026-04-22 20:00:00,114.219540,114.238070,114.180840,114.196350
2026-04-22 21:00:00,114.196310,114.212490,114.119320,114.181540
2026-04-22 22:00:00,114.181260,114.186710,114.136480,114.166300
2026-04-22 23:00:00,114.166310,114.184640,114.133870,114.157770
2026-04-23 00:00:00,114.157740,114.223450,113.974540,114.112360
2026-04-23 01:00:00,114.112570,114.134700,113.998140,114.067660
2026-04-23 02:00:00,114.068200,114.127890,113.977650,114.007810
2026-04-23 03:00:00,114.006810,114.022220,113.877450,113.914310
2026-04-23 04:00:00,113.917500,114.055230,113.903280,114.050900
2026-04-23 05:00:00,114.050760,114.152100,114.035790,114.141550
2026-04-23 06:00:00,114.143420,114.200560,114.114120,114.188920
2026-04-23 07:00:00,114.190410,114.227250,114.127940,114.225900
2026-04-23 08:00:00,114.228780,114.272900,114.189730,114.256250
2026-04-23 09:00:00,114.254290,114.270160,114.145990,114.172250
2026-04-23 10:00:00,114.171840,114.189410,113.936850,113.988570
2026-04-23 11:00:00,113.986810,114.121360,113.958420,114.100250
2026-04-23 12:00:00,114.098400,114.110670,113.957280,113.995750
2026-04-23 13:00:00,113.993270,114.110090,113.935040,114.079570
2026-04-23 14:00:00,114.080590,114.216430,114.003300,114.146120
2026-04-23 15:00:00,114.144130,114.159520,114.056170,114.096660
2026-04-23 16:00:00,114.093580,114.110240,114.051170,114.102370
2026-04-23 17:00:00,114.099570,114.147190,113.674840,113.954840
2026-04-23 18:00:00,113.947350,114.045130,113.909200,113.920690
2026-04-23 19:00:00,113.919790,113.941000,113.870520,113.926710
2026-04-23 20:00:00,113.926020,113.941480,113.811870,113.874260
2026-04-23 21:00:00,113.873230,113.917600,113.767070,113.868270
2026-04-23 22:00:00,113.867640,113.934350,113.847300,113.918150
2026-04-23 23:00:00,113.918050,113.975790,113.887130,113.900360
2026-04-24 00:00:00,113.901140,113.973440,113.874160,113.964700
2026-04-24 01:00:00,113.966180,114.008410,113.900680,113.954510
2026-04-24 02:00:00,113.954900,113.960890,113.773930,113.783390
2026-04-24 03:00:00,113.786060,113.819240,113.728680,113.764770
2026-04-24 04:00:00,113.763190,113.847690,113.723320,113.837550
2026-04-24 05:00:00,113.838970,113.895540,113.790190,113.861470
2026-04-24 06:00:00,113.864170,113.923500,113.715480,113.773350
2026-04-24 07:00:00,113.771060,113.904400,113.723430,113.904400
2026-04-24 08:00:00,113.904730,113.968610,113.842490,113.914470
2026-04-24 09:00:00,113.914180,113.937010,113.852530,113.905140
2026-04-24 10:00:00,113.903680,113.963530,113.894570,113.908310
2026-04-24 11:00:00,113.906500,113.974490,113.853340,113.898520
2026-04-24 12:00:00,113.896120,113.923780,113.812070,113.844160
2026-04-24 13:00:00,113.841070,113.885940,113.774110,113.868770
2026-04-24 14:00:00,113.865700,113.920340,113.795710,113.885040
2026-04-24 15:00:00,113.881540,114.024370,113.858170,113.990460
2026-04-24 16:00:00,113.988820,113.992930,113.908600,113.962710
2026-04-24 17:00:00,113.958950,114.010620,113.953600,113.970320
2026-04-24 18:00:00,113.968670,114.021650,113.954170,114.016640
2026-04-24 19:00:00,114.014850,114.033090,113.993540,114.009710
2026-04-24 20:00:00,114.009570,114.019730,113.937660,113.937660
2026-04-26 21:00:00,113.916260,113.972370,113.695670,113.969340
2026-04-26 22:00:00,113.968750,114.032280,113.909070,114.010520
2026-04-26 23:00:00,114.010420,114.026160,113.984860,113.992310
2026-04-27 00:00:00,113.992930,114.141430,113.971060,114.132930
2026-04-27 01:00:00,114.136600,114.247050,114.112300,114.192690
2026-04-27 02:00:00,114.194990,114.278840,114.163230,114.272280
2026-04-27 03:00:00,114.272450,114.276290,114.228790,114.232590
2026-04-27 04:00:00,114.232400,114.237820,114.116540,114.153620
2026-04-27 05:00:00,114.153750,114.229720,114.139610,114.216740
2026-04-27 06:00:00,114.216810,114.226820,114.108900,114.111550
2026-04-27 07:00:00,114.111950,114.297290,114.097810,114.290760
2026-04-27 08:00:00,114.290380,114.412570,114.251040,114.400640
2026-04-27 09:00:00,114.400250,114.443430,114.351170,114.407530
2026-04-27 10:00:00,114.406550,114.444340,114.374120,114.393190
2026-04-27 11:00:00,114.391500,114.393990,114.329290,114.389820
2026-04-27 12:00:00,114.387950,114.520920,114.382360,114.452660
2026-04-27 13:00:00,114.450410,114.529130,114.400840,114.482720
2026-04-27 14:00:00,114.480560,114.572140,114.461230,114.532970
2026-04-27 15:00:00,114.529490,114.581250,114.467590,114.570360
2026-04-27 16:00:00,114.566920,114.619250,114.562790,114.595380
2026-04-27 17:00:00,114.590590,114.651350,114.557430,114.593460
2026-04-27 18:00:00,114.590730,114.620300,114.562080,114.585680
2026-04-27 19:00:00,114.583190,114.606870,114.547360,114.574110
2026-04-27 20:00:00,114.572410,114.582640,114.548790,114.562490
2026-04-27 21:00:00,114.561630,114.577370,114.484420,114.559250
2026-04-27 22:00:00,114.556830,114.599640,114.556830,114.571460
2026-04-27 23:00:00,114.571190,114.627600,114.552900,114.590840
2026-04-28 00:00:00,114.590590,114.714390,114.569720,114.700890
2026-04-28 01:00:00,114.700980,114.709720,114.527470,114.529470
2026-04-28 02:00:00,114.530690,114.544420,114.446920,114.495690
2026-04-28 03:00:00,114.496400,114.499600,114.229930,114.285140
2026-04-28 04:00:00,114.286100,114.310710,114.232210,114.259220
2026-04-28 05:00:00,114.261350,114.288410,114.168660,114.258940
2026-04-28 06:00:00,114.257460,114.269810,114.107410,114.163910
2026-04-28 07:00:00,114.164830,114.530250,114.153090,114.530250
2026-04-28 08:00:00,114.530390,114.585220,114.472770,114.491620
2026-04-28 09:00:00,114.489870,114.517020,114.377010,114.494650
2026-04-28 10:00:00,114.494050,114.503280,114.344610,114.368090
2026-04-28 11:00:00,114.366770,114.405170,114.268900,114.305420
2026-04-28 12:00:00,114.303470,114.328500,114.221510,114.256870
2026-04-28 13:00:00,114.253730,114.452430,114.241510,114.383930
2026-04-28 14:00:00,114.381520,114.529280,114.354320,114.465020
2026-04-28 15:00:00,114.459270,114.563170,114.443690,114.549710
2026-04-28 16:00:00,114.546750,114.590280,114.515650,114.583240
2026-04-28 17:00:00,114.579500,114.641180,114.553960,114.630100
2026-04-28 18:00:00,114.626420,114.679160,114.621360,114.668730
2026-04-28 19:00:00,114.666680,114.675500,114.629020,114.643170
2026-04-28 20:00:00,114.642150,114.655160,114.602140,114.640650
2026-04-28 21:00:00,114.643320,114.659270,114.543110,114.585710
2026-04-28 22:00:00,114.582410,114.645020,114.582410,114.610380
2026-04-28 23:00:00,114.610220,114.670610,114.587250,114.666660
2026-04-29 00:00:00,114.666060,114.708860,114.652440,114.661980
2026-04-29 01:00:00,114.661790,114.678600,114.398800,114.418390
2026-04-29 02:00:00,114.423190,114.517790,114.274620,114.280930
2026-04-29 03:00:00,114.285070,114.366940,114.279280,114.309320
2026-04-29 04:00:00,114.310590,114.367080,114.295780,114.345520
2026-04-29 05:00:00,114.347050,114.391180,114.325150,114.358960
2026-04-29 06:00:00,114.361230,114.383910,114.276310,114.310310
2026-04-29 07:00:00,114.309260,114.395790,114.262400,114.382900
2026-04-29 08:00:00,114.382080,114.396800,114.264140,114.335970
2026-04-29 09:00:00,114.334950,114.359310,114.274520,114.290780
2026-04-29 10:00:00,114.289060,114.410030,114.279430,114.362120
2026-04-29 11:00:00,114.360510,114.429930,114.355570,114.416500
2026-04-29 12:00:00,114.414330,114.541280,114.408650,114.472990
2026-04-29 13:00:00,114.470210,114.521380,114.138420,114.207950
2026-04-29 14:00:00,114.208630,114.378440,114.120450,114.337950
2026-04-29 15:00:00,114.333320,114.369810,114.145090,114.238840
2026-04-29 16:00:00,114.235150,114.318760,114.226590,114.251360
2026-04-29 17:00:00,114.247440,114.320430,114.210910,114.301020
2026-04-29 18:00:00,114.309890,114.309890,113.936090,114.070090
2026-04-29 19:00:00,114.065510,114.162480,113.990600,114.145850
2026-04-29 20:00:00,114.144000,114.207250,114.096100,114.168120
2026-04-29 21:00:00,114.168170,114.184970,114.019710,114.127880
2026-04-29 22:00:00,114.127640,114.191340,114.121580,114.146730
2026-04-29 23:00:00,114.147270,114.202370,114.127330,114.193500
2026-04-30 00:00:00,114.195530,114.220820,114.100550,114.168400
2026-04-30 01:00:00,114.168470,114.204490,114.108990,114.180810
2026-04-30 02:00:00,114.181930,114.297530,114.156730,114.278420
2026-04-30 03:00:00,114.279110,114.364090,114.270820,114.328940
2026-04-30 04:00:00,114.327530,114.338720,114.212120,114.256280
2026-04-30 05:00:00,114.256710,114.338050,114.240250,114.258610
2026-04-30 06:00:00,114.262490,114.363170,114.235140,114.327330
2026-04-30 07:00:00,114.329030,114.456700,114.144270,114.163510
2026-04-30 08:00:00,114.161940,114.235040,113.704750,113.747150
2026-04-30 09:00:00,113.744680,113.932060,113.611690,113.889890
2026-04-30 10:00:00,113.888650,113.912760,112.395340,112.492790
2026-04-30 11:00:00,112.492610,112.636010,111.394910,111.821890
2026-04-30 12:00:00,111.816820,112.313960,111.807830,112.147810
2026-04-30 13:00:00,112.148690,112.470220,111.944600,112.417740
2026-04-30 14:00:00,112.418250,112.670890,112.335590,112.646030
2026-04-30 15:00:00,112.645920,112.697900,112.547940,112.552900
2026-04-30 16:00:00,112.552850,112.575080,112.429430,112.451490
2026-04-30 17:00:00,112.452640,112.529890,112.423130,112.432430
2026-04-30 18:00:00,112.412490,112.627220,112.401270,112.601050
2026-04-30 19:00:00,112.582970,112.714470,112.572070,112.711230
2026-04-30 20:00:00,112.708070,112.805280,112.679750,112.802640
2026-04-30 21:00:00,112.752180,112.845990,112.624000,112.755280
2026-04-30 22:00:00,112.743840,112.843600,112.686800,112.807270
2026-04-30 23:00:00,112.766600,113.127380,112.711750,113.081300
2026-05-01 00:00:00,113.054440,113.248520,113.029480,113.119670
2026-05-01 01:00:00,113.115590,113.227080,113.095650,113.192330
2026-05-01 02:00:00,113.205570,113.243720,113.178770,113.225290
2026-05-01 03:00:00,113.203580,113.250950,113.093360,113.135120
2026-05-01 04:00:00,113.117040,113.123180,113.004940,113.104620
2026-05-01 05:00:00,113.075950,113.141580,113.039030,113.085570
2026-05-01 06:00:00,113.090720,113.299510,111.990690,112.140050
2026-05-01 07:00:00,112.316250,112.743930,112.048290,112.736530
2026-05-01 08:00:00,112.700580,112.726240,112.470910,112.621700
2026-05-01 09:00:00,112.592210,112.697430,112.500860,112.523640
2026-05-01 10:00:00,112.513310,112.598760,112.492220,112.592350
2026-05-01 11:00:00,112.614260,112.703800,112.571540,112.684240
2026-05-01 12:00:00,112.691750,112.812340,112.662670,112.794750
2026-05-01 13:00:00,112.801280,112.900550,112.786530,112.881060
2026-05-01 14:00:00,112.897460,113.109450,112.883420,113.064530
2026-05-01 15:00:00,113.048340,113.202900,113.046670,113.177210
2026-05-01 16:00:00,113.156490,113.213350,113.111370,113.189970
2026-05-01 17:00:00,113.186250,113.227580,113.155370,113.157910
2026-05-01 18:00:00,113.166000,113.227240,113.133740,113.208190
2026-05-01 19:00:00,113.207430,113.226600,113.173500,113.181330
2026-05-01 20:00:00,113.170300,113.193030,113.072070,113.101440
2026-05-03 21:00:00,113.124460,113.218790,112.973480,113.156590
2026-05-03 22:00:00,113.148990,113.177720,113.108940,113.153010
2026-05-03 23:00:00,113.148970,113.158300,113.097860,113.106290
2026-05-04 00:00:00,113.122000,113.175590,113.098080,113.138480
2026-05-04 01:00:00,113.125780,113.221490,113.048640,113.204570
2026-05-04 02:00:00,113.215610,113.329710,113.189450,113.279630
2026-05-04 03:00:00,113.276590,113.607680,112.452760,112.640510
2026-05-04 04:00:00,112.698170,113.011800,112.671120,112.994710
2026-05-04 05:00:00,112.983060,113.032620,112.942960,112.992920
2026-05-04 06:00:00,113.008300,113.059360,112.898250,112.940020
2026-05-04 07:00:00,112.950480,112.956110,112.778750,112.842810
2026-05-04 08:00:00,112.824860,112.974150,112.813720,112.951920
2026-05-04 09:00:00,112.936540,113.047450,112.936540,112.987970
2026-05-04 10:00:00,112.981900,112.986990,112.676950,112.896260
2026-05-04 11:00:00,112.900050,112.939410,112.784730,112.838190
2026-05-04 12:00:00,112.842440,112.992870,112.830430,112.988410
2026-05-04 13:00:00,112.894500,112.977600,112.830210,112.843710
2026-05-04 14:00:00,112.856340,112.942370,112.819480,112.903630
2026-05-04 15:00:00,112.864600,112.899440,112.650310,112.669080
2026-05-04 16:00:00,112.657370,112.678470,112.508860,112.594600
2026-05-04 17:00:00,112.582130,112.746050,112.574140,112.727890
2026-05-04 18:00:00,112.725690,112.780940,112.580960,112.615320
2026-05-04 19:00:00,112.549880,112.683980,112.482230,112.660270
2026-05-04 20:00:00,112.671260,112.708670,112.643370,112.702680
2026-05-04 21:00:00,112.702240,112.743660,112.635650,112.641970
2026-05-04 22:00:00,112.656560,112.722180,112.632090,112.700430
2026-05-04 23:00:00,112.697900,112.719380,112.666230,112.669220
2026-05-05 00:00:00,112.683290,112.757330,112.558210,112.583070
2026-05-05 01:00:00,112.562190,112.583250,112.505450,112.514080
2026-05-05 02:00:00,112.517970,112.636910,112.514940,112.592090
2026-05-05 03:00:00,112.573730,112.598530,112.493520,112.498770
2026-05-05 04:00:00,112.497660,112.744380,112.497660,112.528490
2026-05-05 05:00:00,112.480010,112.517330,112.206620,112.290150
2026-05-05 06:00:00,112.302230,112.410210,112.272330,112.343460
2026-05-05 07:00:00,112.331980,112.511040,112.331980,112.469330
2026-05-05 08:00:00,112.469850,112.661960,112.453360,112.607460
2026-05-05 09:00:00,112.716280,112.862900,112.482130,112.845700
2026-05-05 10:00:00,112.834360,113.003490,112.829660,112.971790
2026-05-05 11:00:00,112.987310,113.175860,112.957460,113.168040
2026-05-05 12:00:00,113.141810,113.270650,113.128300,113.218980
2026-05-05 13:00:00,113.217080,113.330830,113.210600,113.329140
2026-05-05 14:00:00,113.325620,113.387040,113.264560,113.353510
2026-05-05 15:00:00,113.348660,113.472230,113.323410,113.454450
2026-05-05 16:00:00,113.457800,113.457800,113.394430,113.416660
2026-05-05 17:00:00,113.415720,113.485230,113.406040,113.461170
2026-05-05 18:00:00,113.461660,113.520070,113.447460,113.475810
2026-05-05 19:00:00,113.478040,113.488850,113.388790,113.405220
2026-05-05 20:00:00,113.397870,113.434610,113.383600,113.410800
2026-05-05 21:00:00,113.414810,113.438960,113.323840,113.432740
2026-05-05 22:00:00,113.424020,113.514660,113.384300,113.506350
2026-05-05 23:00:00,113.495170,113.642100,113.472410,113.597770
2026-05-06 00:00:00,113.599460,113.841830,113.581260,113.818630
2026-05-06 01:00:00,113.828350,114.044520,113.828350,114.004690
2026-05-06 02:00:00,113.998930,114.162420,113.976640,114.156360
2026-05-06 03:00:00,114.148250,114.313390,114.114850,114.122150
2026-05-06 04:00:00,114.120650,114.210530,112.318880,112.823480
2026-05-06 05:00:00,112.784900,113.327200,112.784900,113.318390
2026-05-06 06:00:00,113.317220,113.363320,113.255220,113.355320
2026-05-06 07:00:00,113.346120,113.384970,112.862290,112.917160
2026-05-06 08:00:00,113.043290,113.305840,112.850300,113.298820
2026-05-06 09:00:00,113.292520,113.300350,113.162650,113.253150
2026-05-06 10:00:00,113.251020,113.287270,113.097930,113.209290
2026-05-06 11:00:00,113.197610,113.238140,113.139460,113.189040
2026-05-06 12:00:00,113.184100,113.199280,113.033550,113.121260
2026-05-06 13:00:00,113.110680,113.124160,112.941170,112.981430
2026-05-06 14:00:00,112.980520,113.168030,112.950280,113.158730
2026-05-06 15:00:00,113.137970,113.225370,113.093520,113.167750
2026-05-06 16:00:00,113.164370,113.186350,113.044890,113.045750
2026-05-06 17:00:00,113.045800,113.185750,113.025310,113.182750
2026-05-06 18:00:00,113.177360,113.211000,113.140740,113.185340
2026-05-06 19:00:00,113.187870,113.245880,113.187870,113.220900
2026-05-06 20:00:00,113.215310,113.229230,113.145040,113.187710
2026-05-06 21:00:00,113.188090,113.212890,113.069210,113.140710
2026-05-06 22:00:00,113.144040,113.190110,113.130040,113.161430
2026-05-06 23:00:00,113.161140,113.248910,113.120460,113.244810
2026-05-07 00:00:00,113.239190,113.261620,113.080560,113.123190
2026-05-07 01:00:00,113.115480,113.195890,113.029200,113.193800
2026-05-07 02:00:00,113.190460,113.250240,113.138170,113.245670
2026-05-07 03:00:00,113.237970,113.286930,113.194950,113.285700
2026-05-07 04:00:00,113.283880,113.370610,113.259290,113.341370
2026-05-07 05:00:00,113.340510,113.381280,113.298940,113.326410
2026-05-07 06:00:00,113.324620,113.362020,113.256370,113.320710
2026-05-07 07:00:00,113.318690,113.477220,113.277010,113.473890
2026-05-07 08:00:00,113.464250,113.527210,113.423270,113.471800
2026-05-07 09:00:00,113.472110,113.540850,113.458390,113.524590
2026-05-07 10:00:00,113.523060,113.596570,113.485840,113.509000
2026-05-07 11:00:00,113.504170,113.549860,113.424800,113.518910
2026-05-07 12:00:00,113.515210,113.535920,113.360560,113.372210
2026-05-07 13:00:00,113.377110,113.394240,113.271630,113.343290
2026-05-07 14:00:00,113.344570,113.441940,113.288850,113.400150
2026-05-07 15:00:00,113.396840,113.457670,113.317300,113.323080
2026-05-07 16:00:00,113.333300,113.417710,113.279260,113.384780
2026-05-07 17:00:00,113.372220,113.417900,113.303630,113.336540
2026-05-07 18:00:00,113.339560,113.381970,113.277430,113.312160
2026-05-07 19:00:00,113.314270,113.340220,113.219810,113.225540
2026-05-07 20:00:00,113.233140,113.282760,113.090490,113.102470
2026-05-07 21:00:00,113.097560,113.232560,112.956690,113.043570
2026-05-07 22:00:00,113.027500,113.094750,112.964680,113.017370
2026-05-07 23:00:00,113.019780,113.089030,112.992390,113.065750
2026-05-08 00:00:00,113.062980,113.149830,112.990110,113.144510
2026-05-08 01:00:00,113.143260,113.201240,113.122080,113.128990
2026-05-08 02:00:00,113.130630,113.199220,113.092810,113.144750
2026-05-08 03:00:00,113.143870,113.217190,113.105200,113.183440
2026-05-08 04:00:00,113.181960,113.300470,113.168740,113.269560
2026-05-08 05:00:00,113.277000,113.317800,113.229000,113.303970
2026-05-08 06:00:00,113.311300,113.348740,113.269220,113.338360
2026-05-08 07:00:00,113.335700,113.343970,113.259390,113.301360
2026-05-08 08:00:00,113.297670,113.351630,113.284960,113.348930
2026-05-08 09:00:00,113.339400,113.444320,113.313340,113.338790
2026-05-08 10:00:00,113.320960,113.487170,113.320960,113.440260
2026-05-08 11:00:00,113.439530,113.492200,113.386990,113.424620
2026-05-08 12:00:00,113.422020,113.505350,113.348860,113.407200
2026-05-08 13:00:00,113.403640,113.416380,113.296440,113.380580
2026-05-08 14:00:00,113.378690,113.484980,113.335660,113.484850
2026-05-08 15:00:00,113.483730,113.491660,113.367340,113.453580
2026-05-08 16:00:00,113.459050,113.498280,113.418830,113.467760
2026-05-08 17:00:00,113.465500,113.501710,113.463630,113.493030
2026-05-08 18:00:00,113.492450,113.531500,113.480860,113.504750
2026-05-08 19:00:00,113.504580,113.603890,113.498380,113.560500
2026-05-08 20:00:00,113.563920,113.593850,113.538860,113.547440
2026-05-10 21:00:00,113.229320,113.264960,113.086050,113.156750
2026-05-10 22:00:00,113.154890,113.508760,113.083930,113.506250
2026-05-10 23:00:00,113.502740,113.562380,113.475480,113.487430
2026-05-11 00:00:00,113.482110,113.662000,113.473540,113.561620
2026-05-11 01:00:00,113.575290,113.625070,113.520200,113.616600
2026-05-11 02:00:00,113.607680,113.690000,113.607680,113.628520
2026-05-11 03:00:00,113.625060,113.651420,113.609280,113.624910
2026-05-11 04:00:00,113.625590,113.625590,113.517490,113.560270
2026-05-11 05:00:00,113.550280,113.629280,113.547430,113.610890
2026-05-11 06:00:00,113.608770,113.733150,113.601590,113.695530
2026-05-11 07:00:00,113.704110,113.760810,113.667030,113.739780
2026-05-11 08:00:00,113.735670,113.807760,113.691850,113.724650
2026-05-11 09:00:00,113.722380,113.759460,113.712410,113.731140
2026-05-11 10:00:00,113.729050,113.823630,113.707640,113.821700
2026-05-11 11:00:00,113.819460,113.859570,113.771530,113.804970
2026-05-11 12:00:00,113.800690,113.828430,113.735860,113.802380
2026-05-11 13:00:00,113.796090,113.950090,113.796090,113.923110
2026-05-11 14:00:00,113.920510,114.002260,113.887880,113.922140
2026-05-11 15:00:00,113.920040,113.996680,113.906530,113.988450
2026-05-11 16:00:00,113.988140,114.000200,113.912500,113.955850
2026-05-11 17:00:00,113.947410,113.991830,113.935730,113.953870
2026-05-11 18:00:00,113.954090,113.997830,113.948420,113.978400
2026-05-11 19:00:00,113.979200,114.008680,113.957940,113.975380
2026-05-11 20:00:00,113.976780,113.988990,113.952110,113.976290
2026-05-11 21:00:00,113.977270,113.987850,113.879990,113.945820
2026-05-11 22:00:00,113.943100,114.003660,113.941570,113.969970
2026-05-11 23:00:00,113.967890,114.000970,113.934320,113.940510
2026-05-12 00:00:00,113.937100,113.952360,113.843590,113.878310
2026-05-12 01:00:00,113.881460,113.960900,113.814030,113.928950
2026-05-12 02:00:00,113.930490,114.042270,113.909710,114.032550
2026-05-12 03:00:00,114.033170,114.043940,113.913810,113.946940
2026-05-12 04:00:00,113.950620,114.056640,113.941040,113.976330
2026-05-12 05:00:00,113.975770,114.046780,113.635510,113.783810
2026-05-12 06:00:00,113.775950,113.787960,113.587380,113.588730
2026-05-12 07:00:00,113.585240,113.733260,113.578350,113.661170
2026-05-12 08:00:00,113.657030,113.813440,113.655380,113.763150
2026-05-12 09:00:00,113.763370,113.860190,113.749470,113.824100
2026-05-12 10:00:00,113.822420,113.881120,113.797560,113.837120
2026-05-12 11:00:00,113.846010,113.916590,113.798570,113.914940
2026-05-12 12:00:00,113.911940,113.938600,113.783340,113.921010
2026-05-12 13:00:00,113.918290,113.943750,113.769340,113.783620
2026-05-12 14:00:00,113.781310,113.973000,113.771420,113.972740
2026-05-12 15:00:00,113.970010,114.000410,113.824040,113.918330
2026-05-12 16:00:00,113.921560,113.949720,113.807370,113.835630
2026-05-12 17:00:00,113.830480,113.945750,113.830480,113.940890
2026-05-12 18:00:00,113.939400,114.061070,113.925400,114.032570
2026-05-12 19:00:00,114.032780,114.103240,114.010560,114.099990
2026-05-12 20:00:00,114.094390,114.129380,114.066490,114.121560
2026-05-12 21:00:00,114.118910,114.167820,114.061670,114.071950
2026-05-12 22:00:00,114.077670,114.149710,114.077670,114.110280
2026-05-12 23:00:00,114.110570,114.145820,114.077970,114.116000
2026-05-13 00:00:00,114.116820,114.146050,114.075760,114.136450
2026-05-13 01:00:00,114.136950,114.229580,114.092180,114.204530
2026-05-13 02:00:00,114.208530,114.244340,114.128380,114.128900
2026-05-13 03:00:00,114.130790,114.144180,114.022930,114.093580
2026-05-13 04:00:00,114.095100,114.126530,114.067120,114.105940
2026-05-13 05:00:00,114.105900,114.185310,114.105900,114.167110
2026-05-13 06:00:00,114.166900,114.222120,114.110150,114.162070
2026-05-13 07:00:00,114.157660,114.205250,114.109070,114.203490
2026-05-13 08:00:00,114.200950,114.288820,114.150330,114.277940
2026-05-13 09:00:00,114.274250,114.347990,114.230750,114.345170
2026-05-13 10:00:00,114.338390,114.404720,114.298720,114.392580
2026-05-13 11:00:00,114.389890,114.426820,114.360410,114.380780
2026-05-13 12:00:00,114.384160,114.413260,114.258870,114.320220
2026-05-13 13:00:00,114.317900,114.400320,114.262590,114.338670
2026-05-13 14:00:00,114.322570,114.568810,114.302320,114.567480
2026-05-13 15:00:00,114.562420,114.736510,114.536380,114.636310
2026-05-13 16:00:00,114.641010,114.693270,114.605140,114.620800
2026-05-13 17:00:00,114.618860,114.664300,114.592240,114.613140
2026-05-13 18:00:00,114.611620,114.662860,114.526330,114.590560
2026-05-13 19:00:00,114.590260,114.613580,114.516140,114.517210
2026-05-13 20:00:00,114.516760,114.626060,114.468670,114.602530
2026-05-13 21:00:00,114.602760,114.629590,114.488120,114.563850
2026-05-13 22:00:00,114.559760,114.590870,114.535030,114.565190
2026-05-13 23:00:00,114.565710,114.573580,114.482930,114.508760
2026-05-14 00:00:00,114.503010,114.541320,114.420550,114.453750
2026-05-14 01:00:00,114.445530,114.490590,114.416890,114.434150
2026-05-14 02:00:00,114.434970,114.538750,114.403560,114.537770
2026-05-14 03:00:00,114.535850,114.572980,114.486200,114.557360
2026-05-14 04:00:00,114.554970,114.595660,114.461450,114.560560
2026-05-14 05:00:00,114.560700,114.686880,114.527230,114.617200
2026-05-14 06:00:00,114.614600,114.658700,114.557610,114.612350
2026-05-14 07:00:00,114.608910,114.616380,114.383710,114.399310
2026-05-14 08:00:00,114.429630,114.522450,114.372890,114.516880
2026-05-14 09:00:00,114.514060,114.528610,114.366400,114.470940
2026-05-14 10:00:00,114.464850,114.470880,114.327750,114.385800
2026-05-14 11:00:00,114.382780,114.408920,114.343160,114.387370
2026-05-14 12:00:00,114.383920,114.389760,114.300060,114.312930
2026-05-14 13:00:00,114.310050,114.326440,113.908360,114.064810
2026-05-14 14:00:00,114.061810,114.308930,114.016040,114.305160
2026-05-14 15:00:00,114.293970,114.325340,114.193710,114.223830
2026-05-14 16:00:00,114.222240,114.254060,114.169800,114.207960
2026-05-14 17:00:00,114.197710,114.315750,114.191520,114.284520
2026-05-14 18:00:00,114.289180,114.293780,114.201890,114.277100
2026-05-14 19:00:00,114.277430,114.350680,114.268350,114.333080
2026-05-14 20:00:00,114.326100,114.382990,114.324880,114.368580
2026-05-14 21:00:00,114.369020,114.395240,114.297230,114.330200
2026-05-14 22:00:00,114.332650,114.397360,114.330930,114.379610
2026-05-14 23:00:00,114.383410,114.407170,114.252500,114.257620
2026-05-15 00:00:00,114.258160,114.322280,114.166260,114.191140
2026-05-15 01:00:00,114.188050,114.198960,113.938120,113.954760
2026-05-15 02:00:00,113.953630,114.068260,113.939110,114.033780
2026-05-15 03:00:00,114.036050,114.054110,113.957540,114.014660
2026-05-15 04:00:00,114.014600,114.018790,113.847370,113.858220
2026-05-15 05:00:00,113.856660,113.856770,113.539580,113.543120
2026-05-15 06:00:00,113.548640,113.649080,113.441420,113.479930
2026-05-15 07:00:00,113.473820,113.649420,113.444630,113.589270
2026-05-15 08:00:00,113.579540,113.583790,113.404450,113.489530
2026-05-15 09:00:00,113.486990,113.500000,113.193060,113.276300
2026-05-15 10:00:00,113.258620,113.679940,113.258620,113.645570
2026-05-15 11:00:00,113.637120,113.637120,113.391800,113.426230
2026-05-15 12:00:00,113.424310,113.445160,113.286380,113.441630
2026-05-15 13:00:00,113.432510,113.487900,113.361550,113.440350
2026-05-15 14:00:00,113.453770,113.678600,113.405140,113.485210
2026-05-15 15:00:00,113.493070,113.507550,113.427780,113.478200
2026-05-15 16:00:00,113.472830,113.611170,113.460280,113.564770
2026-05-15 17:00:00,113.559660,113.652640,113.559610,113.622050
2026-05-15 18:00:00,113.623670,113.660850,113.498580,113.516000
2026-05-15 19:00:00,113.517880,113.531660,113.468410,113.525730
2026-05-15 20:00:00,113.519120,113.531380,113.438600,113.480240
2026-05-17 21:00:00,113.447910,113.591180,113.371520,113.411060
2026-05-17 22:00:00,113.439780,113.602970,113.415190,113.547270
2026-05-17 23:00:00,113.547180,113.559760,113.258110,113.261590
2026-05-18 00:00:00,113.266990,113.284420,113.141480,113.223780
2026-05-18 01:00:00,113.223820,113.320270,113.179370,113.318420
2026-05-18 02:00:00,113.316280,113.339400,113.203590,113.241510
2026-05-18 03:00:00,113.238090,113.461480,113.229710,113.452740
2026-05-18 04:00:00,113.450050,113.513310,113.356990,113.371440
2026-05-18 05:00:00,113.367300,113.410230,113.303860,113.365010
2026-05-18 06:00:00,113.369400,113.585740,113.325610,113.581550
2026-05-18 07:00:00,113.568340,113.690810,113.521890,113.665820
2026-05-18 08:00:00,113.662550,113.784410,113.594870,113.692950
2026-05-18 09:00:00,113.692080,113.771730,113.680370,113.735580
2026-05-18 10:00:00,113.733310,113.744810,113.616200,113.622490
2026-05-18 11:00:00,113.634420,113.826990,113.605010,113.709230
2026-05-18 12:00:00,113.704660,113.988530,113.699320,113.933640
2026-05-18 13:00:00,113.941070,113.954920,113.793540,113.896360
2026-05-18 14:00:00,113.891150,113.903770,113.727130,113.731710
2026-05-18 15:00:00,113.739340,113.739340,113.594900,113.716410
2026-05-18 16:00:00,113.715110,113.866650,113.683200,113.853930
2026-05-18 17:00:00,113.857840,113.871890,113.802920,113.837620
2026-05-18 18:00:00,113.841300,113.848160,113.704300,113.723790
2026-05-18 19:00:00,113.727730,113.968670,113.687660,113.900380
2026-05-18 20:00:00,113.904790,113.914450,113.850540,113.885730
2026-05-18 21:00:00,113.882600,113.900430,113.745000,113.826940
2026-05-18 22:00:00,113.824220,113.930650,113.813990,113.928100
2026-05-18 23:00:00,113.926150,113.977500,113.904400,113.917220
2026-05-19 00:00:00,113.919940,113.941790,113.709850,113.710890
2026-05-19 01:00:00,113.712270,113.714650,113.524960,113.629920
2026-05-19 02:00:00,113.624640,113.629740,113.488940,113.529130
2026-05-19 03:00:00,113.527440,113.559820,113.453980,113.460160
2026-05-19 04:00:00,113.456800,113.463920,113.321480,113.350410
2026-05-19 05:00:00,113.351230,113.444910,113.303940,113.405860
2026-05-19 06:00:00,113.406390,113.514640,113.392630,113.492980
2026-05-19 07:00:00,113.488940,113.549230,113.341980,113.351770
2026-05-19 08:00:00,113.372180,113.372180,113.199250,113.285330
2026-05-19 09:00:00,113.281850,113.288610,113.146380,113.195480
2026-05-19 10:00:00,113.180640,113.298910,113.159340,113.241370
2026-05-19 11:00:00,113.238460,113.307700,113.220840,113.264860
2026-05-19 12:00:00,113.264880,113.333820,113.087330,113.184190
2026-05-19 13:00:00,113.190230,113.224990,112.982800,113.088260
2026-05-19 14:00:00,113.088440,113.092220,112.682490,112.702280
2026-05-19 15:00:00,112.712340,112.983840,112.662360,112.981100
2026-05-19 16:00:00,112.975420,112.997100,112.767510,112.933040
2026-05-19 17:00:00,112.936610,113.024210,112.934970,112.998290
2026-05-19 18:00:00,112.990880,113.093560,112.990880,113.044260
2026-05-19 19:00:00,113.048500,113.095230,113.026590,113.036830
2026-05-19 20:00:00,113.046170,113.093190,113.044240,113.062410
2026-05-19 21:00:00,113.063180,113.102610,113.036940,113.083460
2026-05-19 22:00:00,113.082480,113.095170,113.037110,113.069960
2026-05-19 23:00:00,113.067640,113.110030,113.003420,113.008460
2026-05-20 00:00:00,113.017040,113.019920,112.790470,112.806430
2026-05-20 01:00:00,112.838850,112.947810,112.746500,112.945840
2026-05-20 02:00:00,112.942940,112.987050,112.761370,112.804900
2026-05-20 03:00:00,112.797730,112.896720,112.757010,112.861670
2026-05-20 04:00:00,112.868400,112.932440,112.823610,112.875100
2026-05-20 05:00:00,112.875900,112.950670,112.834970,112.915970
2026-05-20 06:00:00,112.912930,113.043590,112.900720,112.948770
2026-05-20 07:00:00,112.928190,113.072490,112.928190,113.049700
2026-05-20 08:00:00,113.041600,113.199940,113.030930,113.118300
2026-05-20 09:00:00,113.120740,113.164370,113.079520,113.156450
2026-05-20 10:00:00,113.155220,113.305120,113.144700,113.284470
2026-05-20 11:00:00,113.280950,113.436370,113.270240,113.353230
2026-05-20 12:00:00,113.342700,113.418720,113.284730,113.288370
2026-05-20 13:00:00,113.294180,113.383050,113.231850,113.292430
2026-05-20 14:00:00,113.287020,113.649550,113.248710,113.622930
2026-05-20 15:00:00,113.630280,113.835080,113.568580,113.576660
2026-05-20 16:00:00,113.591420,113.706480,113.576120,113.629140
2026-05-20 17:00:00,113.641210,113.723790,113.629700,113.672280
2026-05-20 18:00:00,113.675700,113.738200,113.658570,113.711010
2026-05-20 19:00:00,113.716120,113.750960,113.666670,113.737330
2026-05-20 20:00:00,113.738480,113.746120,113.662760,113.687620
2026-05-20 21:00:00,113.685040,113.713360,113.584520,113.655640
2026-05-20 22:00:00,113.643220,113.678820,113.591910,113.607970
2026-05-20 23:00:00,113.610780,113.640550,113.581930,113.592370
2026-05-21 00:00:00,113.595410,113.610320,113.528690,113.560270
2026-05-21 01:00:00,113.560810,113.667690,113.001970,113.116470
2026-05-21 02:00:00,113.120620,113.193980,112.880780,113.014610
2026-05-21 03:00:00,113.006270,113.183240,112.994570,113.179000
2026-05-21 04:00:00,113.176220,113.361630,113.170350,113.357430
2026-05-21 05:00:00,113.349640,113.349640,113.178160,113.301530
2026-05-21 06:00:00,113.296500,113.344540,113.092090,113.134230
2026-05-21 07:00:00,113.140730,113.241260,113.071670,113.209580
2026-05-21 08:00:00,113.210120,113.479820,113.169890,113.386750
2026-05-21 09:00:00,113.392510,113.509680,113.385350,113.444580
2026-05-21 10:00:00,113.445510,113.497590,113.256310,113.408110
2026-05-21 11:00:00,113.405640,113.537420,113.382530,113.403230
2026-05-21 12:00:00,113.406350,113.494470,113.364760,113.419910
2026-05-21 13:00:00,113.425190,113.544300,113.352050,113.502940
2026-05-21 14:00:00,113.510450,113.611750,113.424630,113.609050
2026-05-21 15:00:00,113.603800,113.606080,113.454250,113.558430
2026-05-21 16:00:00,113.552870,113.612790,113.529100,113.586060
2026-05-21 17:00:00,113.582220,113.873640,113.565850,113.831510
2026-05-21 18:00:00,113.838990,113.846230,113.649860,113.687350
2026-05-21 19:00:00,113.676180,113.759770,113.667180,113.706160
2026-05-21 20:00:00,113.707750,113.717920,113.660870,113.672760
2026-05-21 21:00:00,113.674140,113.750770,113.632700,113.635420
2026-05-21 22:00:00,113.639000,113.762140,113.635250,113.716500
2026-05-21 23:00:00,113.714750,113.731510,113.654420,113.672670
2026-05-22 00:00:00,113.668580,113.686090,113.595380,113.606490
2026-05-22 01:00:00,113.610440,113.641490,113.523420,113.568840
2026-05-22 02:00:00,113.579070,113.616180,113.515700,113.552000
2026-05-22 03:00:00,113.542290,113.566100,113.472110,113.548520
2026-05-22 04:00:00,113.538790,113.586620,113.529950,113.583970
2026-05-22 05:00:00,113.574890,113.681560,113.574890,113.590790
2026-05-22 06:00:00,113.595690,113.616890,113.474340,113.527740
2026-05-22 07:00:00,113.527510,113.562580,113.428720,113.523460
2026-05-22 08:00:00,113.518080,113.618830,113.473710,113.507690
2026-05-22 09:00:00,113.504330,113.504480,113.384140,113.429790
2026-05-22 10:00:00,113.434430,113.480840,113.354010,113.382730
2026-05-22 11:00:00,113.382230,113.398360,113.301100,113.333270
2026-05-22 12:00:00,113.339500,113.475430,113.310270,113.426790
2026-05-22 13:00:00,113.429060,113.561510,113.366270,113.440360
2026-05-22 14:00:00,113.442250,113.446230,113.276480,113.412530
2026-05-22 15:00:00,113.414670,113.573040,113.385040,113.535660
2026-05-22 16:00:00,113.538640,113.593690,113.517130,113.571960
2026-05-22 17:00:00,113.575560,113.639660,113.554890,113.599110
2026-05-22 18:00:00,113.599490,113.620700,113.567450,113.592880
2026-05-22 19:00:00,113.594660,113.605740,113.504400,113.535470
2026-05-22 20:00:00,113.533090,113.538000,113.446550,113.487760
2026-05-24 21:00:00,113.640220,113.802040,113.473350,113.647520
2026-05-24 22:00:00,113.656170,113.798940,113.654510,113.728160
2026-05-24 23:00:00,113.723350,113.813110,113.723350,113.770080
2026-05-25 00:00:00,113.773880,113.829610,113.702560,113.747380
2026-05-25 01:00:00,113.762100,113.877380,113.745810,113.848810
2026-05-25 02:00:00,113.850090,113.923110,113.805480,113.807670
2026-05-25 03:00:00,113.810470,113.829470,113.769910,113.785530
2026-05-25 04:00:00,113.783000,113.916740,113.780900,113.915420
2026-05-25 05:00:00,113.911690,113.927970,113.860380,113.877830
2026-05-25 06:00:00,113.872640,113.916140,113.863310,113.894120
2026-05-25 07:00:00,113.891850,113.891850,113.749370,113.844740
2026-05-25 08:00:00,113.840730,113.914130,113.817550,113.904720
2026-05-25 09:00:00,113.898450,113.952280,113.884950,113.919990
2026-05-25 10:00:00,113.917740,113.951220,113.895360,113.903730
2026-05-25 11:00:00,113.904560,114.010670,113.887310,113.965620
2026-05-25 12:00:00,113.968910,113.994850,113.926040,113.928370
2026-05-25 13:00:00,113.931440,113.980930,113.907250,113.937100
2026-05-25 14:00:00,113.934410,114.087030,113.927230,114.080450
2026-05-25 15:00:00,114.068500,114.132220,113.984010,113.987150
2026-05-25 16:00:00,113.991560,113.997040,113.950900,113.994710
2026-05-25 17:00:00,113.991020,114.042270,113.982860,114.020100
2026-05-25 18:00:00,114.016440,114.027100,114.002340,114.018560
2026-05-25 19:00:00,114.019540,114.047970,114.010680,114.038370
2026-05-25 20:00:00,114.038880,114.053390,114.025570,114.043570
2026-05-25 21:00:00,114.042050,114.057450,113.929320,113.949100
2026-05-25 22:00:00,113.951530,114.026880,113.936600,114.020310
2026-05-25 23:00:00,114.019150,114.044560,113.942950,113.963820
2026-05-26 00:00:00,113.961190,113.990460,113.909590,113.986880
2026-05-26 01:00:00,113.979950,114.011850,113.864130,113.923030
2026-05-26 02:00:00,113.920650,113.937030,113.860920,113.905270
2026-05-26 03:00:00,113.905250,113.983060,113.899040,113.969760
2026-05-26 04:00:00,113.969140,113.990680,113.849850,113.880560
2026-05-26 05:00:00,113.876680,113.882440,113.781000,113.865090
2026-05-26 06:00:00,113.862090,114.054630,113.861450,114.019330
2026-05-26 07:00:00,114.035640,114.046320,113.901930,114.040530
2026-05-26 08:00:00,114.033790,114.121810,114.005100,114.056570
2026-05-26 09:00:00,114.053990,114.075820,113.981170,114.025630
2026-05-26 10:00:00,114.028650,114.080060,113.981990,114.066580
2026-05-26 11:00:00,114.063750,114.124180,113.998110,114.056970
2026-05-26 12:00:00,114.060710,114.146430,114.035690,114.141800
2026-05-26 13:00:00,114.131180,114.291590,114.124450,114.182840
2026-05-26 14:00:00,114.178500,114.274310,114.106160,114.200320
2026-05-26 15:00:00,114.190870,114.207080,114.072170,114.114170
2026-05-26 16:00:00,114.111370,114.167480,114.105480,114.110720
2026-05-26 17:00:00,114.112190,114.156770,114.104470,114.149740
2026-05-26 18:00:00,114.148120,114.225470,114.139360,114.222710
2026-05-26 19:00:00,114.218730,114.236910,114.186140,114.208800
2026-05-26 20:00:00,114.209100,114.226460,114.171300,114.180030
2026-05-26 21:00:00,114.177970,114.242340,114.127560,114.189870
2026-05-26 22:00:00,114.186930,114.187870,114.149680,114.165810
2026-05-26 23:00:00,114.165750,114.225330,114.150100,114.197770
2026-05-27 00:00:00,114.198680,114.363610,114.146880,114.283660
2026-05-27 01:00:00,114.290080,114.312730,113.954680,113.995100
2026-05-27 02:00:00,113.980060,114.107100,113.980060,114.029830
2026-05-27 03:00:00,114.032680,114.093450,113.969600,114.004140
2026-05-27 04:00:00,114.001190,114.084200,113.970050,114.038490
2026-05-27 05:00:00,114.035530,114.074640,113.994430,114.061630
2026-05-27 06:00:00,114.051200,114.051200,113.883920,113.887900
2026-05-27 07:00:00,113.889180,113.932580,113.736880,113.750770
2026-05-27 08:00:00,113.741440,113.834270,113.727000,113.831990
2026-05-27 09:00:00,113.824060,113.864570,113.797210,113.839190
2026-05-27 10:00:00,113.843770,113.857410,113.699220,113.702010
2026-05-27 11:00:00,113.706340,113.740070,113.667310,113.715260
2026-05-27 12:00:00,113.708420,113.902630,113.601170,113.743470
2026-05-27 13:00:00,113.761360,113.818330,113.691650,113.747820
2026-05-27 14:00:00,113.739280,113.817500,113.652800,113.658320
2026-05-27 15:00:00,113.671260,113.836600,113.671260,113.794300
2026-05-27 16:00:00,113.792390,113.896050,113.767310,113.871470
2026-05-27 17:00:00,113.872810,113.883240,113.786310,113.840980
2026-05-27 18:00:00,113.841170,113.891100,113.809280,113.874510
2026-05-27 19:00:00,113.876800,113.946710,113.866510,113.932480
2026-05-27 20:00:00,113.936930,113.955130,113.909240,113.927610
2026-05-27 21:00:00,113.925800,113.958540,113.816280,113.872080
2026-05-27 22:00:00,113.862300,113.936440,113.860220,113.925700
2026-05-27 23:00:00,113.924700,113.973330,113.811630,113.839560
2026-05-28 00:00:00,113.843790,113.849990,113.754100,113.791680
2026-05-28 01:00:00,113.774880,113.820120,113.614540,113.623060
2026-05-28 02:00:00,113.623690,113.688060,113.609340,113.682100
2026-05-28 03:00:00,113.679380,113.728600,113.353930,113.379920
2026-05-28 04:00:00,113.373410,113.393280,113.279010,113.370400
2026-05-28 05:00:00,113.377160,113.609850,113.334690,113.566810
2026-05-28 06:00:00,113.575290,113.666940,113.547340,113.586590
2026-05-28 07:00:00,113.582500,113.660380,113.543350,113.576900
2026-05-28 08:00:00,113.572010,113.598740,113.482330,113.501470
2026-05-28 09:00:00,113.498710,113.567020,113.485440,113.522450
2026-05-28 10:00:00,113.518820,113.540450,113.393000,113.441160
2026-05-28 11:00:00,113.447710,113.521480,113.424820,113.515090
2026-05-28 12:00:00,113.516150,113.651600,113.506250,113.627700
2026-05-28 13:00:00,113.635260,113.695290,113.593140,113.655550
2026-05-28 14:00:00,113.652690,113.979450,113.635410,113.817280
2026-05-28 15:00:00,113.822710,114.044350,113.816610,114.023310
2026-05-28 16:00:00,114.025170,114.120580,114.018460,114.082480
2026-05-28 17:00:00,114.087230,114.109950,114.055420,114.075370
2026-05-28 18:00:00,114.078290,114.106070,114.043550,114.093840
2026-05-28 19:00:00,114.094130,114.114620,114.059290,114.072330
2026-05-28 20:00:00,114.069940,114.081710,114.031410,114.068820
2026-05-28 21:00:00,114.069960,114.085190,113.951480,114.069570
2026-05-28 22:00:00,114.046860,114.126960,114.029430,114.083910
2026-05-28 23:00:00,114.082220,114.109470,114.061600,114.083280
2026-05-29 00:00:00,114.084530,114.155700,114.038310,114.062330
2026-05-29 01:00:00,114.063790,114.131010,114.018490,114.093710
2026-05-29 02:00:00,114.090910,114.094260,114.008140,114.040160
2026-05-29 03:00:00,114.036360,114.044930,113.997120,114.025450
2026-05-29 04:00:00,114.020450,114.122220,113.998950,114.119190
2026-05-29 05:00:00,114.116960,114.169660,114.099030,114.138930
2026-05-29 06:00:00,114.136710,114.191000,114.003560,114.029400
2026-05-29 07:00:00,114.026120,114.081360,113.975900,114.061490
2026-05-29 08:00:00,114.055700,114.068820,113.887830,113.939100
2026-05-29 09:00:00,113.935680,113.988130,113.913760,113.985670
2026-05-29 10:00:00,113.979500,114.018350,113.952830,114.017200
2026-05-29 11:00:00,114.013180,114.190730,114.013180,114.188760
2026-05-29 12:00:00,114.183860,114.332820,114.163770,114.326060
2026-05-29 13:00:00,114.311490,114.545680,114.311490,114.527290
2026-05-29 14:00:00,114.519390,114.577950,114.342890,114.572910
2026-05-29 15:00:00,114.562370,114.579640,114.454190,114.500970
2026-05-29 16:00:00,114.503290,114.503680,114.417640,114.421110
2026-05-29 17:00:00,114.429270,114.467050,114.400230,114.416040
2026-05-29 18:00:00,114.413700,114.454350,114.383350,114.404150
2026-05-29 19:00:00,114.408350,114.499520,114.372440,114.466140
2026-05-29 20:00:00,114.471320,114.475750,114.401360,114.405830
2026-05-31 21:00:00,114.372780,114.448810,114.279490,114.361890
2026-05-31 22:00:00,114.365920,114.458590,114.334250,114.433740
2026-05-31 23:00:00,114.430560,114.497890,114.418720,114.430390
2026-06-01 00:00:00,114.436270,114.575910,114.420750,114.571930
2026-06-01 01:00:00,114.570680,114.615080,114.532240,114.604820
2026-06-01 02:00:00,114.600530,114.639980,114.550370,114.565930
2026-06-01 03:00:00,114.557750,114.587030,114.470560,114.511140
2026-06-01 04:00:00,114.513460,114.596770,114.507390,114.578110
2026-06-01 05:00:00,114.568950,114.654640,114.568950,114.613470
2026-06-01 06:00:00,114.619470,114.644250,114.474000,114.511540
2026-06-01 07:00:00,114.516230,114.563630,114.456300,114.498760
2026-06-01 08:00:00,114.493170,114.551730,114.484510,114.550210
2026-06-01 09:00:00,114.544970,114.577770,114.447500,114.469050
2026-06-01 10:00:00,114.463350,114.485830,114.415300,114.428230
2026-06-01 11:00:00,114.426280,114.451240,114.390460,114.407950
2026-06-01 12:00:00,114.412280,114.428510,114.310420,114.353830
2026-06-01 13:00:00,114.352320,114.366440,113.996390,114.069130
2026-06-01 14:00:00,114.063820,114.084390,113.973730,114.081670
2026-06-01 15:00:00,114.077380,114.275860,114.061610,114.189330
2026-06-01 16:00:00,114.189440,114.304280,114.154500,114.276940
2026-06-01 17:00:00,114.284000,114.447240,114.253580,114.413960
2026-06-01 18:00:00,114.417770,114.426830,114.364530,114.421890
2026-06-01 19:00:00,114.415210,114.431790,114.355010,114.360280
2026-06-01 20:00:00,114.365020,114.387150,114.324320,114.335280
2026-06-01 21:00:00,114.333380,114.445320,114.305580,114.372540
2026-06-01 22:00:00,114.363100,114.381110,114.310690,114.335360
2026-06-01 23:00:00,114.330540,114.382100,114.322830,114.372320
2026-06-02 00:00:00,114.370210,114.426720,114.301600,114.307220
2026-06-02 01:00:00,114.316930,114.437850,114.244510,114.310380
2026-06-02 02:00:00,114.302830,114.359800,114.246270,114.333580
2026-06-02 03:00:00,114.329790,114.354390,114.281460,114.352020
2026-06-02 04:00:00,114.347850,114.403500,114.339070,114.400360
2026-06-02 05:00:00,114.389940,114.458460,114.386530,114.409980
2026-06-02 06:00:00,114.418440,114.672680,114.398610,114.618590
2026-06-02 07:00:00,114.618410,114.733750,114.618410,114.695060
2026-06-02 08:00:00,114.690620,114.757990,114.663070,114.681460
2026-06-02 09:00:00,114.673950,114.734970,114.628810,114.723310
2026-06-02 10:00:00,114.726500,114.763720,114.686360,114.744810
2026-06-02 11:00:00,114.741830,114.757710,114.694280,114.723130
2026-06-02 12:00:00,114.728070,114.737320,114.666020,114.679450
2026-06-02 13:00:00,114.676750,114.713510,114.623230,114.661590
2026-06-02 14:00:00,114.660860,114.856160,114.610250,114.853650
2026-06-02 15:00:00,114.848440,114.918670,114.818760,114.880210
2026-06-02 16:00:00,114.880920,114.910490,114.788350,114.812680
2026-06-02 17:00:00,114.809300,114.816310,114.734810,114.744580
2026-06-02 18:00:00,114.745060,114.808660,114.734140,114.799090
2026-06-02 19:00:00,114.800700,114.868510,114.795020,114.866910
2026-06-02 20:00:00,114.864500,114.878620,114.829640,114.837050
2026-06-02 21:00:00,114.837820,114.847270,114.753370,114.829850
2026-06-02 22:00:00,114.831750,114.843670,114.802140,114.824670
2026-06-02 23:00:00,114.826050,114.828430,114.740570,114.765690
2026-06-03 00:00:00,114.763690,114.860230,114.757590,114.848660
2026-06-03 01:00:00,114.852910,114.860120,114.695540,114.735440
2026-06-03 02:00:00,114.734220,114.780980,114.640900,114.694260
2026-06-03 03:00:00,114.692860,114.724220,114.641790,114.667270
2026-06-03 04:00:00,114.668430,114.697100,114.602800,114.627220
2026-06-03 05:00:00,114.621600,114.666850,114.545220,114.558810
2026-06-03 06:00:00,114.567300,114.585960,114.401580,114.543450
2026-06-03 07:00:00,114.540890,114.615750,114.401550,114.437890
2026-06-03 08:00:00,114.431550,114.446200,114.207670,114.413740
2026-06-03 09:00:00,114.408700,114.549640,114.404190,114.472410
2026-06-03 10:00:00,114.479750,114.622050,114.461310,114.562010
2026-06-03 11:00:00,114.560900,114.580520,114.521570,114.537570
2026-06-03 12:00:00,114.531230,114.551640,114.347570,114.395470
2026-06-03 13:00:00,114.391120,114.421610,114.189720,114.223430
2026-06-03 14:00:00,114.219630,114.341220,114.219550,114.324960
2026-06-03 15:00:00,114.318310,114.331860,114.188190,114.212130
2026-06-03 16:00:00,114.208900,114.224550,114.104800,114.146680
2026-06-03 17:00:00,114.140070,114.188450,114.100230,114.147830
2026-06-03 18:00:00,114.152560,114.172980,114.113710,114.116090
2026-06-03 19:00:00,114.117540,114.151030,114.095690,114.130030
2026-06-03 20:00:00,114.132370,114.167050,114.085400,114.105580
2026-06-03 21:00:00,114.107000,114.183210,114.048080,114.091300
2026-06-03 22:00:00,114.093280,114.158330,114.046900,114.139320
2026-06-03 23:00:00,114.130410,114.161390,114.010260,114.105430
2026-06-04 00:00:00,114.097180,114.140840,114.027090,114.035230
2026-06-04 01:00:00,114.032930,114.103580,113.957230,114.015860
2026-06-04 02:00:00,114.018140,114.019360,113.910340,113.959210
2026-06-04 03:00:00,113.961760,114.026850,113.935080,114.025160
2026-06-04 04:00:00,114.021070,114.060160,113.943130,113.989950
2026-06-04 05:00:00,113.987220,114.011730,113.921340,114.009420
2026-06-04 06:00:00,114.000700,114.109860,113.993380,114.076310
2026-06-04 07:00:00,114.075650,114.116950,113.978260,114.024570
2026-06-04 08:00:00,114.019800,114.057320,113.960000,114.009200
2026-06-04 09:00:00,114.003920,114.087150,113.980620,114.059760
2026-06-04 10:00:00,114.061790,114.131960,114.038830,114.061200
2026-06-04 11:00:00,114.065210,114.209840,114.063200,114.189170
2026-06-04 12:00:00,114.185680,114.216300,114.125740,114.171770
2026-06-04 13:00:00,114.176550,114.255770,114.159040,114.254270
2026-06-04 14:00:00,114.251100,114.256970,114.150370,114.239630
2026-06-04 15:00:00,114.233660,114.269240,114.189690,114.259740
2026-06-04 16:00:00,114.256600,114.265720,114.217580,114.218360
2026-06-04 17:00:00,114.220370,114.244100,114.204830,114.228610
2026-06-04 18:00:00,114.225310,114.243330,114.194640,114.202960
2026-06-04 19:00:00,114.198590,114.217580,114.163040,114.191880
2026-06-04 20:00:00,114.188170,114.194230,114.150080,114.151340
2026-06-04 21:00:00,114.153080,114.274130,114.051340,114.127010
2026-06-04 22:00:00,114.130570,114.164880,114.121180,114.147420
2026-06-04 23:00:00,114.145070,114.174760,114.076280,114.078270
2026-06-05 00:00:00,114.080490,114.083540,113.953270,113.964170
2026-06-05 01:00:00,113.966070,113.966070,113.658160,113.885570
2026-06-05 02:00:00,113.883170,114.014220,113.855480,113.996080
2026-06-05 03:00:00,113.993120,114.039430,113.917480,113.920220
2026-06-05 04:00:00,113.921650,114.050200,113.921630,114.033030
2026-06-05 05:00:00,114.038490,114.038490,113.874650,113.879770
2026-06-05 06:00:00,113.887680,113.981360,113.824830,113.963430
2026-06-05 07:00:00,113.964890,114.108210,113.942440,114.069370
2026-06-05 08:00:00,114.075670,114.156990,114.055260,114.076580
2026-06-05 09:00:00,114.084450,114.191710,114.050850,114.176320
2026-06-05 10:00:00,114.179310,114.233820,114.157650,114.204970
2026-06-05 11:00:00,114.202510,114.228270,114.143180,114.156120
2026-06-05 12:00:00,114.158170,114.181490,113.807540,113.812980
2026-06-05 13:00:00,113.822170,113.862920,113.418350,113.421870
2026-06-05 14:00:00,113.428490,113.483620,113.202330,113.477940
2026-06-05 15:00:00,113.470340,113.494580,113.139200,113.141230
2026-06-05 16:00:00,113.144060,113.150070,113.020530,113.145680
2026-06-05 17:00:00,113.138360,113.201520,113.064930,113.113800
2026-06-05 18:00:00,113.108770,113.115430,112.778470,112.829430
2026-06-05 19:00:00,112.836810,112.892800,112.756090,112.866120
2026-06-05 20:00:00,112.868680,112.925890,112.775330,112.919860
2026-06-07 21:00:00,112.618140,112.740860,112.562150,112.698090
2026-06-07 22:00:00,112.662700,112.858290,112.662700,112.763240
2026-06-07 23:00:00,112.758200,112.926800,112.756400,112.925910
2026-06-08 00:00:00,112.922510,113.163430,112.889250,113.160250
2026-06-08 01:00:00,113.149240,113.214600,112.850720,113.018870
2026-06-08 02:00:00,113.017730,113.116180,112.943590,113.108320
2026-06-08 03:00:00,113.106220,113.108270,112.982870,113.043190
2026-06-08 04:00:00,113.041620,113.100020,112.954250,112.956240
2026-06-08 05:00:00,112.958640,113.073660,112.757360,112.759530
2026-06-08 06:00:00,112.763760,112.953940,112.763760,112.894490
2026-06-08 07:00:00,112.902290,113.109230,112.876970,112.954570
2026-06-08 08:00:00,112.959910,112.996210,112.696010,112.785960
2026-06-08 09:00:00,112.765480,112.850240,112.615590,112.841370
2026-06-08 10:00:00,112.836630,112.999260,112.813840,112.949800
2026-06-08 11:00:00,112.945320,113.188720,112.918400,113.111870
2026-06-08 12:00:00,113.117010,113.194410,113.046180,113.084270
2026-06-08 13:00:00,113.072380,113.153540,112.938080,112.941620
2026-06-08 14:00:00,112.949820,113.014480,112.859080,112.994830
2026-06-08 15:00:00,112.995730,113.058360,112.900880,112.940760
2026-06-08 16:00:00,112.943500,112.978390,112.902570,112.944910
2026-06-08 17:00:00,112.950770,112.950770,112.851370,112.914220
2026-06-08 18:00:00,112.912080,112.974150,112.893490,112.895850
2026-06-08 19:00:00,112.898720,112.916350,112.855160,112.884920
2026-06-08 20:00:00,112.875880,112.895620,112.829060,112.848540
2026-06-08 21:00:00,112.846210,112.872340,112.785760,112.851440
2026-06-08 22:00:00,112.851600,112.865300,112.781740,112.849810
2026-06-08 23:00:00,112.847320,112.857500,112.747910,112.755520
2026-06-09 00:00:00,112.752650,112.867760,112.664910,112.861500
2026-06-09 01:00:00,112.843980,113.060520,112.843980,113.057280
2026-06-09 02:00:00,113.053810,113.091410,112.895150,112.934950
2026-06-09 03:00:00,112.931680,112.944370,112.826910,112.880990
2026-06-09 04:00:00,112.864130,113.061380,112.864130,113.022620
2026-06-09 05:00:00,113.023170,113.064290,112.939550,113.032070
2026-06-09 06:00:00,113.028740,113.189280,113.008890,113.069490
2026-06-09 07:00:00,113.065500,113.093500,112.945150,112.968160
2026-06-09 08:00:00,112.969690,113.033190,112.907600,112.950440
2026-06-09 09:00:00,112.951560,113.025850,112.912240,112.946430
2026-06-09 10:00:00,112.950070,113.053980,112.905000,113.033180
2026-06-09 11:00:00,113.031860,113.100470,113.009880,113.090400
2026-06-09 12:00:00,113.088730,113.127560,113.068130,113.091680
2026-06-09 13:00:00,113.085460,113.138700,112.891050,112.986290
2026-06-09 14:00:00,112.987970,113.041600,112.683540,112.825840
2026-06-09 15:00:00,112.818740,112.906570,112.574070,112.609220
2026-06-09 16:00:00,112.611320,112.649280,112.404740,112.508160
2026-06-09 17:00:00,112.485580,112.723390,112.485580,112.719060
2026-06-09 18:00:00,112.709750,112.810450,112.703450,112.786490
2026-06-09 19:00:00,112.779980,112.789530,112.654920,112.746120
2026-06-09 20:00:00,112.742560,112.757010,112.688220,112.703720
2026-06-09 21:00:00,112.700920,112.756210,112.565100,112.679400
2026-06-09 22:00:00,112.672940,112.688700,112.567990,112.597960
2026-06-09 23:00:00,112.595870,112.651430,112.548260,112.639050
2026-06-10 00:00:00,112.630240,112.771410,112.566970,112.748260
2026-06-10 01:00:00,112.732830,112.754880,112.619050,112.699100
2026-06-10 02:00:00,112.702140,112.704510,112.604620,112.618000
2026-06-10 03:00:00,112.615760,112.701300,112.595800,112.685260
2026-06-10 04:00:00,112.683020,112.683300,112.507670,112.546120
2026-06-10 05:00:00,112.547210,112.576090,112.406280,112.551810
2026-06-10 06:00:00,112.553230,112.661150,112.538730,112.571450
2026-06-10 07:00:00,112.576570,112.606850,112.530490,112.555260
2026-06-10 08:00:00,112.559860,112.567750,112.456010,112.470180
2026-06-10 09:00:00,112.472150,112.492750,112.369290,112.479560
2026-06-10 10:00:00,112.481390,112.528570,112.436240,112.516020
2026-06-10 11:00:00,112.517030,112.544930,112.333990,112.363910
2026-06-10 12:00:00,112.364540,112.675140,112.353260,112.501450
2026-06-10 13:00:00,112.512200,112.838890,112.489740,112.749280
2026-06-10 14:00:00,112.756440,112.824900,112.629700,112.674220
2026-06-10 15:00:00,112.665030,112.806780,112.496010,112.673370
2026-06-10 16:00:00,112.662660,112.765040,112.617300,112.620410
2026-06-10 17:00:00,112.625250,112.697620,112.525940,112.620340
2026-06-10 18:00:00,112.621360,112.695030,112.462260,112.522330
2026-06-10 19:00:00,112.520020,112.525650,112.372320,112.388430
2026-06-10 20:00:00,112.385740,112.387550,112.321490,112.351430
2026-06-10 21:00:00,112.349410,112.517850,112.299970,112.317440
2026-06-10 22:00:00,112.314630,112.320440,112.226160,112.258870
2026-06-10 23:00:00,112.267030,112.372250,112.170770,112.276150
2026-06-11 00:00:00,112.270720,112.398400,112.223870,112.336140
2026-06-11 01:00:00,112.330510,112.491430,112.329780,112.450010
2026-06-11 02:00:00,112.435760,112.468330,112.363370,112.422260
2026-06-11 03:00:00,112.425010,112.425010,112.350490,112.396650
2026-06-11 04:00:00,112.397450,112.519520,112.379640,112.491660
2026-06-11 05:00:00,112.493590,112.542660,112.461500,112.514330
2026-06-11 06:00:00,112.512380,112.530060,112.422440,112.447830
2026-06-11 07:00:00,112.448780,112.496740,112.351370,112.382850
2026-06-11 08:00:00,112.379920,112.395240,112.241180,112.274380
2026-06-11 09:00:00,112.277370,112.387930,112.259880,112.322890
2026-06-11 10:00:00,112.327670,112.341100,112.267510,112.296800
2026-06-11 11:00:00,112.298720,112.340950,112.257440,112.328280
2026-06-11 12:00:00,112.323680,112.355190,112.094440,112.179220
2026-06-11 13:00:00,112.187530,112.254230,112.071680,112.186860
2026-06-11 14:00:00,112.188890,112.206960,112.050740,112.136170
2026-06-11 15:00:00,112.130890,112.330800,112.110290,112.267340
2026-06-11 16:00:00,112.265710,112.310690,112.194100,112.205300
2026-06-11 17:00:00,112.201790,112.626920,112.057020,112.539640
2026-06-11 18:00:00,112.532520,112.567320,112.429560,112.553830
2026-06-11 19:00:00,112.546550,112.691280,112.519190,112.625780
2026-06-11 20:00:00,112.628510,112.805880,112.612830,112.804040
2026-06-11 21:00:00,112.798190,112.843680,112.652580,112.764650
2026-06-11 22:00:00,112.758120,112.851490,112.693530,112.850710
2026-06-11 23:00:00,112.848350,112.888950,112.757240,112.864160
2026-06-12 00:00:00,112.870140,112.909820,112.790000,112.812380
2026-06-12 01:00:00,112.806220,112.839800,112.597980,112.757390
2026-06-12 02:00:00,112.748380,112.820480,112.684570,112.781810
2026-06-12 03:00:00,112.774770,112.851820,112.755300,112.806890
2026-06-12 04:00:00,112.805880,112.897010,112.777410,112.837610
2026-06-12 05:00:00,112.842710,112.851910,112.644500,112.695440
2026-06-12 06:00:00,112.692070,112.859520,112.672340,112.751350
2026-06-12 07:00:00,112.747240,112.763210,112.606750,112.700740
2026-06-12 08:00:00,112.709980,112.854520,112.672490,112.747180
2026-06-12 09:00:00,112.749890,112.869560,112.705920,112.776420
2026-06-12 10:00:00,112.781150,112.840640,112.703940,112.760210
2026-06-12 11:00:00,112.758460,112.798320,112.720270,112.764110
2026-06-12 12:00:00,112.766770,112.797520,112.685710,112.737610
2026-06-12 13:00:00,112.742230,112.911920,112.736940,112.789660
2026-06-12 14:00:00,112.790810,112.985250,112.777570,112.977630
2026-06-12 15:00:00,112.964590,113.079220,112.923280,112.928780
2026-06-12 16:00:00,112.938130,112.989360,112.894760,112.963760
2026-06-12 17:00:00,112.962210,112.996140,112.907420,112.917020
2026-06-12 18:00:00,112.915240,112.972450,112.899040,112.954530
2026-06-12 19:00:00,112.950340,112.965510,112.891260,112.942290
2026-06-12 20:00:00,112.931600,112.967750,112.862120,112.864260
2026-06-14 21:00:00,112.823860,113.219950,112.757230,113.212450
2026-06-14 22:00:00,113.204950,113.263790,113.150980,113.193700
2026-06-14 23:00:00,113.196990,113.231050,113.095700,113.189040
2026-06-15 00:00:00,113.203660,113.343170,113.157070,113.181550
2026-06-15 01:00:00,113.197560,113.356720,113.136970,113.319140
2026-06-15 02:00:00,113.315610,113.367690,113.280490,113.340470
2026-06-15 03:00:00,113.337830,113.404070,113.313690,113.352110
2026-06-15 04:00:00,113.354300,113.362010,113.302540,113.342020
2026-06-15 05:00:00,113.330720,113.414980,113.316980,113.335670
2026-06-15 06:00:00,113.333140,113.359350,113.228370,113.282630
2026-06-15 07:00:00,113.271520,113.302220,113.125010,113.233480
2026-06-15 08:00:00,113.228900,113.298970,113.189800,113.233370
2026-06-15 09:00:00,113.233910,113.300130,113.218940,113.230330
2026-06-15 10:00:00,113.232680,113.285730,113.197170,113.262980
2026-06-15 11:00:00,113.265740,113.294660,113.232200,113.279870
2026-06-15 12:00:00,113.277650,113.285890,113.162360,113.233020
2026-06-15 13:00:00,113.237250,113.305000,113.220580,113.252130
2026-06-15 14:00:00,113.250640,113.481990,113.196140,113.476540
2026-06-15 15:00:00,113.467970,113.513070,113.391750,113.422300
2026-06-15 16:00:00,113.418610,113.462590,113.418090,113.454970
2026-06-15 17:00:00,113.451170,113.463040,113.407240,113.431140
2026-06-15 18:00:00,113.427750,113.441050,113.378160,113.424400
2026-06-15 19:00:00,113.420900,113.420900,113.363040,113.393530
2026-06-15 20:00:00,113.398830,113.411300,113.360810,113.384400
2026-06-15 21:00:00,113.381940,113.448520,113.364680,113.401990
2026-06-15 22:00:00,113.399000,113.402810,113.311390,113.351910
2026-06-15 23:00:00,113.349660,113.382820,113.319590,113.321270
2026-06-16 00:00:00,113.321010,113.336110,113.231040,113.279650
2026-06-16 01:00:00,113.268060,113.322620,113.105070,113.109480
2026-06-16 02:00:00,113.110950,113.120570,113.035740,113.094370
2026-06-16 03:00:00,113.082230,113.200800,113.032530,113.148450
2026-06-16 04:00:00,113.149070,113.149070,112.912420,112.989330
2026-06-16 05:00:00,112.983120,113.064440,112.907380,112.956190
2026-06-16 06:00:00,112.961070,113.045110,112.940230,113.029500
2026-06-16 07:00:00,113.025320,113.198990,113.024280,113.141350
2026-06-16 08:00:00,113.149450,113.334090,113.111490,113.331810
2026-06-16 09:00:00,113.328430,113.342440,113.273230,113.316860
2026-06-16 10:00:00,113.322160,113.471630,113.316780,113.461320
2026-06-16 11:00:00,113.457830,113.464490,113.329840,113.357120
2026-06-16 12:00:00,113.353760,113.363430,113.282240,113.332840
2026-06-16 13:00:00,113.336050,113.493120,113.333250,113.453710
2026-06-16 14:00:00,113.451960,113.543790,113.382070,113.532410
2026-06-16 15:00:00,113.528060,113.539860,113.423480,113.513230
2026-06-16 16:00:00,113.511300,113.527850,113.458360,113.469560
2026-06-16 17:00:00,113.468120,113.484460,113.416410,113.463210
2026-06-16 18:00:00,113.461790,113.491060,113.456010,113.472260
2026-06-16 19:00:00,113.470520,113.485920,113.401570,113.405850
2026-06-16 20:00:00,113.403710,113.411940,113.371230,113.409500
2026-06-16 21:00:00,113.407360,113.413860,113.352800,113.393270
2026-06-16 22:00:00,113.390380,113.433180,113.369280,113.423260
2026-06-16 23:00:00,113.416670,113.420370,113.347650,113.366390
2026-06-17 00:00:00,113.364380,113.398710,113.324370,113.353670
2026-06-17 01:00:00,113.346560,113.390430,113.285460,113.335940
2026-06-17 02:00:00,113.334130,113.346060,113.231800,113.256770
2026-06-17 03:00:00,113.254770,113.262510,113.203980,113.218210
2026-06-17 04:00:00,113.217160,113.240610,113.163500,113.165570
2026-06-17 05:00:00,113.167410,113.211690,113.146160,113.182190
2026-06-17 06:00:00,113.175560,113.193180,113.074010,113.102540
2026-06-17 07:00:00,113.092240,113.196060,113.092240,113.154460
2026-06-17 08:00:00,113.158310,113.167340,113.043430,113.146610
2026-06-17 09:00:00,113.141350,113.161380,113.109140,113.124100
2026-06-17 10:00:00,113.124680,113.128840,113.068000,113.091930
2026-06-17 11:00:00,113.100220,113.193540,113.100220,113.180220
2026-06-17 12:00:00,113.180940,113.229310,113.173050,113.222060
2026-06-17 13:00:00,113.218280,113.347290,113.211580,113.257190
2026-06-17 14:00:00,113.258970,113.354090,113.228090,113.299650
2026-06-17 15:00:00,113.300740,113.352240,113.268770,113.286750
2026-06-17 16:00:00,113.288350,113.319850,113.244820,113.303020
2026-06-17 17:00:00,113.305650,113.362520,113.288450,113.347410
2026-06-17 18:00:00,113.350230,113.350230,112.864150,112.993650
2026-06-17 19:00:00,113.014430,113.046840,112.462670,112.619820
2026-06-17 20:00:00,112.614650,112.729370,112.581700,112.691340
2026-06-17 21:00:00,112.688230,112.740080,112.608890,112.662740
2026-06-17 22:00:00,112.652790,112.726220,112.652540,112.667740
2026-06-17 23:00:00,112.666120,112.737880,112.633730,112.723840
2026-06-18 00:00:00,112.719950,112.907940,112.717090,112.882450
2026-06-18 01:00:00,112.876650,113.034600,112.862680,112.944160
2026-06-18 02:00:00,112.945580,113.052260,112.944040,112.980250
2026-06-18 03:00:00,112.983720,113.068420,112.983720,113.046370
2026-06-18 04:00:00,113.049760,113.079850,112.954480,112.979790
2026-06-18 05:00:00,112.983550,113.015080,112.929380,112.933140
2026-06-18 06:00:00,112.937160,113.098180,112.893620,113.066940
2026-06-18 07:00:00,113.068250,113.068300,112.883220,112.970260
2026-06-18 08:00:00,112.972550,112.978320,112.700820,112.706530
2026-06-18 09:00:00,112.718750,112.837660,112.596580,112.813540
2026-06-18 10:00:00,112.816010,112.833550,112.710610,112.743460
2026-06-18 11:00:00,112.747330,112.773920,112.684290,112.698590
2026-06-18 12:00:00,112.696190,112.943580,112.692580,112.940070
2026-06-18 13:00:00,112.932250,113.061250,112.856490,113.010540
2026-06-18 14:00:00,113.012080,113.196360,112.926290,113.189660
2026-06-18 15:00:00,113.176590,113.212820,113.052040,113.201260
2026-06-18 16:00:00,113.177410,113.300740,113.167140,113.298810
2026-06-18 17:00:00,113.293260,113.398490,113.293100,113.307450
2026-06-18 18:00:00,113.304280,113.426400,113.271280,113.394370
2026-06-18 19:00:00,113.399930,113.462680,113.134220,113.235240
2026-06-18 20:00:00,113.232460,113.263420,113.199800,113.204040
2026-06-18 21:00:00,113.203230,113.334860,113.084670,113.201940
2026-06-18 22:00:00,113.205770,113.253630,113.101230,113.164700
2026-06-18 23:00:00,113.160760,113.222960,113.106410,113.132000
2026-06-19 00:00:00,113.138770,113.138770,112.943340,112.964420
2026-06-19 01:00:00,112.968320,112.970720,112.877110,112.915760
2026-06-19 02:00:00,112.917870,113.042460,112.903350,113.040730
2026-06-19 03:00:00,113.036940,113.069160,112.900970,112.913680
2026-06-19 04:00:00,112.925610,112.951100,112.818240,112.821510
2026-06-19 05:00:00,112.829490,113.060460,112.809260,113.021070
2026-06-19 06:00:00,113.022340,113.154700,113.008880,113.079860
2026-06-19 07:00:00,113.071910,113.145960,113.013660,113.096490
2026-06-19 08:00:00,113.087620,113.219300,113.076740,113.185710
2026-06-19 09:00:00,113.192160,113.238560,113.147170,113.148480
2026-06-19 10:00:00,113.150960,113.163620,113.090200,113.114440
2026-06-19 11:00:00,113.116060,113.142890,113.044380,113.075650
2026-06-19 12:00:00,113.071410,113.222020,113.054020,113.190000
2026-06-19 13:00:00,113.186760,113.186760,113.039000,113.058910
2026-06-19 14:00:00,113.065200,113.101700,113.009630,113.013630
2026-06-19 15:00:00,113.020080,113.080190,113.008380,113.061580
2026-06-19 16:00:00,113.065470,113.095790,113.049480,113.067810
2026-06-19 17:00:00,113.067040,113.110880,113.067040,113.078150
2026-06-19 18:00:00,113.085940,113.105050,113.064720,113.096240
2026-06-19 19:00:00,113.091450,113.142850,113.080420,113.093250
2026-06-19 20:00:00,113.098270,113.130450,113.048420,113.102420
2026-06-21 21:00:00,113.133270,113.197910,112.954900,113.102070
2026-06-21 22:00:00,113.100000,113.124270,113.036340,113.106830
2026-06-21 23:00:00,113.104660,113.114520,113.014710,113.040180
2026-06-22 00:00:00,113.033650,113.246120,113.033220,113.243740
2026-06-22 01:00:00,113.237650,113.347280,113.229900,113.257270
2026-06-22 02:00:00,113.265120,113.265120,113.139100,113.236850
2026-06-22 03:00:00,113.232800,113.299020,113.155410,113.159210
2026-06-22 04:00:00,113.167510,113.250560,113.141100,113.242900
2026-06-22 05:00:00,113.235610,113.328040,113.227810,113.230000
2026-06-22 06:00:00,113.234740,113.278940,113.157910,113.233530
2026-06-22 07:00:00,113.240540,113.272770,113.196380,113.212730
2026-06-22 08:00:00,113.208810,113.222210,113.139410,113.166110
2026-06-22 09:00:00,113.171680,113.274180,113.164150,113.214700
2026-06-22 10:00:00,113.217070,113.284820,113.191650,113.226550
2026-06-22 11:00:00,113.231390,113.298700,113.211940,113.274050
2026-06-22 12:00:00,113.270310,113.419860,113.258860,113.359820
2026-06-22 13:00:00,113.361740,113.453960,113.343500,113.389090
2026-06-22 14:00:00,113.392250,113.427040,112.908370,113.062950
2026-06-22 15:00:00,113.040350,113.138880,112.982620,113.053190
2026-06-22 16:00:00,113.054320,113.171410,113.021210,113.139580
2026-06-22 17:00:00,113.135550,113.142770,113.091050,113.120290
2026-06-22 18:00:00,113.113700,113.113700,113.006940,113.038990
2026-06-22 19:00:00,113.032480,113.163150,113.005730,113.125540
2026-06-22 20:00:00,113.132450,113.147740,113.104620,113.143290
2026-06-22 21:00:00,113.139990,113.202440,113.116100,113.143960
2026-06-22 22:00:00,113.136100,113.170110,113.056420,113.093700
2026-06-22 23:00:00,113.091800,113.094840,113.003250,113.015410
2026-06-23 00:00:00,113.015890,113.019500,112.826550,112.946360
2026-06-23 01:00:00,112.943670,112.943670,112.793230,112.857360
2026-06-23 02:00:00,112.853240,112.869890,112.715490,112.719060
2026-06-23 03:00:00,112.724200,112.726740,112.598250,112.723910
2026-06-23 04:00:00,112.719560,112.745630,112.581780,112.586780
2026-06-23 05:00:00,112.596080,112.631520,112.513510,112.566000
2026-06-23 06:00:00,112.575160,112.608020,112.366820,112.426740
2026-06-23 07:00:00,112.427470,112.445770,112.135990,112.198180
2026-06-23 08:00:00,112.190440,112.204380,112.071620,112.134220
2026-06-23 09:00:00,112.135980,112.279230,112.106400,112.275510
2026-06-23 10:00:00,112.271640,112.340010,112.111770,112.134640
2026-06-23 11:00:00,112.138510,112.184840,112.029630,112.034040
2026-06-23 12:00:00,112.041320,112.109170,111.947330,112.055790
2026-06-23 13:00:00,112.056730,112.141890,111.944880,112.061900
2026-06-23 14:00:00,112.054830,112.072330,111.931270,111.996400
2026-06-23 15:00:00,111.986940,111.992640,111.800460,111.870790
2026-06-23 16:00:00,111.864680,111.897620,111.775630,111.789450
2026-06-23 17:00:00,111.778490,111.812520,111.684080,111.698490
2026-06-23 18:00:00,111.690160,111.743410,111.594050,111.654790
2026-06-23 19:00:00,111.651020,111.750180,111.648330,111.717010
2026-06-23 20:00:00,111.714500,111.762730,111.689570,111.759520
2026-06-23 21:00:00,111.753370,111.814790,111.706660,111.761720
2026-06-23 22:00:00,111.765030,111.799130,111.702600,111.719990
2026-06-23 23:00:00,111.720610,111.757020,111.639700,111.754590
2026-06-24 00:00:00,111.750900,111.861340,111.722690,111.817110
2026-06-24 01:00:00,111.819210,111.874710,111.651530,111.778680
2026-06-24 02:00:00,111.773300,111.794880,111.546660,111.550460
2026-06-24 03:00:00,111.555750,111.643110,111.510230,111.598480
2026-06-24 04:00:00,111.594100,111.661170,111.509030,111.629040
2026-06-24 05:00:00,111.623530,111.771730,111.623530,111.716160
2026-06-24 06:00:00,111.715020,111.822760,111.649120,111.683550
2026-06-24 07:00:00,111.680740,111.700540,111.602210,111.608790
2026-06-24 08:00:00,111.620470,111.620470,111.481790,111.578230
2026-06-24 09:00:00,111.570240,111.582130,111.424800,111.437730
2026-06-24 10:00:00,111.433990,111.435430,111.350510,111.393950
2026-06-24 11:00:00,111.387610,111.537000,111.383910,111.486980
2026-06-24 12:00:00,111.491030,111.570860,111.403010,111.466650
2026-06-24 13:00:00,111.464250,111.603780,111.425700,111.579490
2026-06-24 14:00:00,111.583030,111.601420,111.382880,111.508420
2026-06-24 15:00:00,111.499880,111.615950,111.495800,111.525200
2026-06-24 16:00:00,111.523340,111.680680,111.512300,111.642060
2026-06-24 17:00:00,111.638240,111.651520,111.399490,111.414460
2026-06-24 18:00:00,111.417490,111.510420,111.379790,111.396940
2026-06-24 19:00:00,111.401410,111.544880,111.371860,111.541830
2026-06-24 20:00:00,111.536030,111.678250,111.531890,111.665230
2026-06-24 21:00:00,111.662930,111.667410,111.529480,111.638430
2026-06-24 22:00:00,111.636280,111.639700,111.560260,111.560910
2026-06-24 23:00:00,111.562120,111.635870,111.558460,111.601950
2026-06-25 00:00:00,111.603850,111.615000,111.423770,111.518450
2026-06-25 01:00:00,111.514280,111.649210,111.419940,111.471310
2026-06-25 02:00:00,111.477440,111.513360,111.388150,111.485610
2026-06-25 03:00:00,111.475380,111.576040,111.461540,111.556830
2026-06-25 04:00:00,111.558380,111.655970,111.542330,111.654550
2026-06-25 05:00:00,111.651760,111.676350,111.509120,111.524380
2026-06-25 06:00:00,111.520760,111.589220,111.463730,111.535050
2026-06-25 07:00:00,111.528440,111.628510,111.502360,111.622600
2026-06-25 08:00:00,111.609690,111.751410,111.609690,111.678080
2026-06-25 09:00:00,111.679650,111.745230,111.628390,111.672760
2026-06-25 10:00:00,111.675950,111.675950,111.548110,111.585800
2026-06-25 11:00:00,111.582020,111.635800,111.509350,111.532200
2026-06-25 12:00:00,111.523580,111.873960,111.522260,111.751100
2026-06-25 13:00:00,111.758140,111.809560,111.491270,111.503720
2026-06-25 14:00:00,111.530450,111.693460,111.478110,111.650200
2026-06-25 15:00:00,111.647680,111.903890,111.631740,111.882730
2026-06-25 16:00:00,111.885350,112.008780,111.849730,111.879430
2026-06-25 17:00:00,111.874880,111.941500,111.871320,111.922990
2026-06-25 18:00:00,111.923790,111.952300,111.858600,111.891910
2026-06-25 19:00:00,111.889430,111.889430,111.771350,111.807820
2026-06-25 20:00:00,111.812680,111.867270,111.799090,111.818540
2026-06-25 21:00:00,111.818720,111.889490,111.745930,111.777540
2026-06-25 22:00:00,111.772980,111.798760,111.728990,111.779910
2026-06-25 23:00:00,111.776770,111.800700,111.635070,111.636890
2026-06-26 00:00:00,111.642080,111.688890,111.595860,111.641680
2026-06-26 01:00:00,111.645050,111.700390,111.452940,111.454430
2026-06-26 02:00:00,111.458570,111.506800,111.260000,111.310260
2026-06-26 03:00:00,111.299710,111.403710,111.241100,111.395750
2026-06-26 04:00:00,111.383090,111.453450,111.293870,111.296840
2026-06-26 05:00:00,111.299730,111.444950,111.291430,111.396050
2026-06-26 06:00:00,111.393960,111.587690,111.315590,111.551710
2026-06-26 07:00:00,111.560620,111.560620,111.374910,111.396780
2026-06-26 08:00:00,111.392840,111.500920,111.295590,111.450210
2026-06-26 09:00:00,111.445750,111.588990,111.394600,111.528330
2026-06-26 10:00:00,111.531420,111.584770,111.489670,111.570280
2026-06-26 11:00:00,111.576250,111.605260,111.518100,111.555180
2026-06-26 12:00:00,111.552600,111.629990,111.516680,111.625380
2026-06-26 13:00:00,111.613160,111.726220,111.534300,111.722220
2026-06-26 14:00:00,111.715190,111.771840,111.586160,111.597100
2026-06-26 15:00:00,111.608210,111.701010,111.571180,111.666700
2026-06-26 16:00:00,111.664010,111.664400,111.577790,111.632710
2026-06-26 17:00:00,111.629170,111.642300,111.570990,111.593550
2026-06-26 18:00:00,111.597280,111.625920,111.501080,111.503920
2026-06-26 19:00:00,111.508610,111.613430,111.494240,111.611950
2026-06-26 20:00:00,111.608800,111.613280,111.474450,111.534350
2026-06-28 21:00:00,111.413980,111.526660,111.396420,111.469240
2026-06-28 22:00:00,111.474940,111.584110,111.463980,111.557740
2026-06-28 23:00:00,111.559540,111.606420,111.537860,111.596030
2026-06-29 00:00:00,111.593660,111.626070,111.341830,111.394670
2026-06-29 01:00:00,111.391100,111.489980,111.318960,111.393680
2026-06-29 02:00:00,111.396090,111.537440,111.370780,111.483180
2026-06-29 03:00:00,111.484760,111.553800,111.462560,111.464260
2026-06-29 04:00:00,111.466960,111.509450,111.443130,111.478790
2026-06-29 05:00:00,111.476830,111.581560,111.457730,111.571560
2026-06-29 06:00:00,111.573150,111.711820,111.531520,111.682880
2026-06-29 07:00:00,111.683980,111.727820,111.580290,111.590120
2026-06-29 08:00:00,111.598090,111.602110,111.509420,111.543680
2026-06-29 09:00:00,111.538220,111.684300,111.536210,111.682500
2026-06-29 10:00:00,111.675400,111.705330,111.659560,111.697590
2026-06-29 11:00:00,111.693600,111.710490,111.633990,111.681100
2026-06-29 12:00:00,111.683940,111.706530,111.609020,111.647100
2026-06-29 13:00:00,111.643580,111.671520,111.565680,111.569590
2026-06-29 14:00:00,111.574810,111.598760,111.380720,111.431890
2026-06-29 15:00:00,111.434950,111.484340,111.402420,111.482130
2026-06-29 16:00:00,111.479570,111.581560,111.475200,111.525500
2026-06-29 17:00:00,111.531130,111.571300,111.504720,111.534530
2026-06-29 18:00:00,111.538110,111.631890,111.536080,111.609070
2026-06-29 19:00:00,111.607090,111.610460,111.558010,111.573440
2026-06-29 20:00:00,111.578970,111.595510,111.526230,111.527310
2026-06-29 21:00:00,111.529670,111.587040,111.485510,111.565910
2026-06-29 22:00:00,111.560850,111.570830,111.530470,111.539660
2026-06-29 23:00:00,111.537870,111.552400,111.435190,111.438550
2026-06-30 00:00:00,111.445340,111.479970,111.236530,111.417190
2026-06-30 01:00:00,111.428730,111.578280,111.394170,111.421720
2026-06-30 02:00:00,111.419340,111.458290,111.316460,111.389780
2026-06-30 03:00:00,111.387020,111.460730,111.335460,111.410520
2026-06-30 04:00:00,111.408120,111.483960,111.394260,111.418110
2026-06-30 05:00:00,111.425330,111.573130,111.409380,111.472550
2026-06-30 06:00:00,111.467120,111.625490,111.467120,111.614790
2026-06-30 07:00:00,111.606290,111.619480,111.529920,111.604860
2026-06-30 08:00:00,111.601040,111.732150,111.586120,111.695040
2026-06-30 09:00:00,111.706020,111.778790,111.679770,111.742160
2026-06-30 10:00:00,111.739330,111.836430,111.709520,111.832480
2026-06-30 11:00:00,111.819870,111.894910,111.811610,111.877400
2026-06-30 12:00:00,111.886050,111.935990,111.713640,111.824220
2026-06-30 13:00:00,111.838890,111.997790,111.810000,111.995720
2026-06-30 14:00:00,111.987580,112.631380,111.953550,112.619750
2026-06-30 15:00:00,112.597060,112.613180,112.409880,112.419670
2026-06-30 16:00:00,112.423750,112.460360,112.366170,112.436030
2026-06-30 17:00:00,112.433390,112.490520,112.408980,112.489200
2026-06-30 18:00:00,112.484410,112.553690,112.467190,112.551780
2026-06-30 19:00:00,112.546750,112.589290,112.491480,112.584860
2026-06-30 20:00:00,112.575230,112.580320,112.499990,112.500890
2026-06-30 21:00:00,112.501840,112.513000,112.394630,112.483040
2026-06-30 22:00:00,112.476350,112.525850,112.468790,112.473140
2026-06-30 23:00:00,112.476240,112.496730,112.414930,112.416810
2026-07-01 00:00:00,112.419970,112.468910,112.278750,112.300030
2026-07-01 01:00:00,112.295390,112.297240,112.050970,112.123340
2026-07-01 02:00:00,112.117620,112.195640,111.992110,112.153390
2026-07-01 03:00:00,112.162080,112.203510,112.102790,112.182690
2026-07-01 04:00:00,112.185990,112.193030,112.061030,112.160140
2026-07-01 05:00:00,112.162710,112.226190,112.131570,112.189090
2026-07-01 06:00:00,112.183680,112.199010,112.067170,112.102560
2026-07-01 07:00:00,112.095870,112.161520,112.003410,112.159590
2026-07-01 08:00:00,112.155310,112.155310,112.075310,112.111250
2026-07-01 09:00:00,112.119060,112.163620,112.099930,112.125850
2026-07-01 10:00:00,112.127580,112.253180,112.087560,112.243870
2026-07-01 11:00:00,112.241680,112.245620,112.156190,112.158090
2026-07-01 12:00:00,112.159430,112.212980,112.106410,112.149360
2026-07-01 13:00:00,112.145870,112.284590,112.020970,112.156300
2026-07-01 14:00:00,112.176580,112.197070,112.022900,112.101060
2026-07-01 15:00:00,112.086650,112.129650,112.034980,112.103580
2026-07-01 16:00:00,112.106380,112.164330,112.083780,112.119410
2026-07-01 17:00:00,112.113320,112.165060,112.077050,112.138200
2026-07-01 18:00:00,112.141930,112.148630,112.049350,112.077810
2026-07-01 19:00:00,112.074390,112.111830,112.056520,112.073280
2026-07-01 20:00:00,112.067810,112.102420,112.040950,112.099390
2026-07-01 21:00:00,112.094230,112.134360,112.014990,112.097280
2026-07-01 22:00:00,112.098650,112.111110,112.030330,112.043020
2026-07-01 23:00:00,112.040440,112.059150,111.980960,111.997440
2026-07-02 00:00:00,111.999870,112.007940,111.883630,112.006090
2026-07-02 01:00:00,112.001310,112.109440,111.973260,112.070030
2026-07-02 02:00:00,112.073980,112.169180,112.043950,112.058880
2026-07-02 03:00:00,112.055480,112.085450,111.901310,111.981300
2026-07-02 04:00:00,111.973010,111.999520,111.924500,111.997330
2026-07-02 05:00:00,111.993390,112.008730,111.893110,111.895850
2026-07-02 06:00:00,111.900100,111.940310,111.371870,111.631830
2026-07-02 07:00:00,111.624730,111.637040,111.239340,111.330400
2026-07-02 08:00:00,111.305800,111.420620,111.179110,111.280000
2026-07-02 09:00:00,111.286640,111.380490,111.258110,111.312630
2026-07-02 10:00:00,111.305500,111.435880,111.273040,111.316550
2026-07-02 11:00:00,111.329850,111.329850,111.234740,111.237390
2026-07-02 12:00:00,111.240200,111.647660,111.219680,111.467390
2026-07-02 13:00:00,111.472810,111.732590,111.446210,111.643550
2026-07-02 14:00:00,111.653450,111.706650,111.528590,111.663760
2026-07-02 15:00:00,111.646020,111.683700,111.508700,111.528300
2026-07-02 16:00:00,111.523450,111.561470,111.464540,111.466290
2026-07-02 17:00:00,111.467450,111.502200,111.403200,111.406230
2026-07-02 18:00:00,111.411400,111.495350,111.389830,111.450900
2026-07-02 19:00:00,111.447180,111.534580,111.397260,111.532580
2026-07-02 20:00:00,111.528790,111.544240,111.492830,111.539890
2026-07-02 21:00:00,111.537000,111.630230,111.374760,111.495310
2026-07-02 22:00:00,111.499410,111.611620,111.472700,111.585310
2026-07-02 23:00:00,111.587620,111.662120,111.558530,111.656410
2026-07-03 00:00:00,111.651270,111.687390,111.533770,111.552490
2026-07-03 01:00:00,111.544510,111.762190,111.523700,111.760820
2026-07-03 02:00:00,111.756970,111.841020,111.703560,111.818320
2026-07-03 03:00:00,111.813960,111.833450,111.741110,111.783530
2026-07-03 04:00:00,111.780600,111.885630,111.771950,111.825520
2026-07-03 05:00:00,111.832100,111.870360,111.762210,111.835140
2026-07-03 06:00:00,111.838470,111.884970,111.584060,111.707230
2026-07-03 07:00:00,111.690900,111.776820,111.626230,111.707610
2026-07-03 08:00:00,111.697630,111.783980,111.655230,111.782400
2026-07-03 09:00:00,111.776940,111.794330,111.737670,111.781380
2026-07-03 10:00:00,111.776130,111.842250,111.774790,111.778560
2026-07-03 11:00:00,111.784370,111.843610,111.763380,111.809530
2026-07-03 12:00:00,111.810660,111.833660,111.781070,111.811550
2026-07-03 13:00:00,111.809000,111.876250,111.793120,111.844400
2026-07-03 14:00:00,111.852580,111.888860,111.811010,111.871660
2026-07-03 15:00:00,111.865690,111.907460,111.852890,111.906140
2026-07-03 16:00:00,111.901790,111.950970,111.891140,111.940460
2026-07-03 17:00:00,111.941060,111.961130,111.904190,111.919820
2026-07-03 18:00:00,111.917430,111.954800,111.911860,111.944820
2026-07-03 19:00:00,111.946890,111.975550,111.926880,111.936530
2026-07-03 20:00:00,111.934490,112.008940,111.889120,111.934700
2026-07-05 21:00:00,111.921890,112.055120,111.913700,112.007680
2026-07-05 22:00:00,112.000330,112.041520,111.942560,111.973930
2026-07-05 23:00:00,111.970820,112.036520,111.961790,112.012190
2026-07-06 00:00:00,112.014910,112.127910,111.936240,112.007520
2026-07-06 01:00:00,112.012100,112.171440,111.995420,112.128900
2026-07-06 02:00:00,112.134350,112.174300,112.086300,112.104420
2026-07-06 03:00:00,112.100510,112.110020,112.019230,112.094840
2026-07-06 04:00:00,112.090220,112.285700,112.090220,112.265590
2026-07-06 05:00:00,112.267860,112.337980,112.233710,112.301200
2026-07-06 06:00:00,112.307260,112.449960,112.300540,112.417250
2026-07-06 07:00:00,112.411590,112.515280,112.386070,112.499840
2026-07-06 08:00:00,112.501300,112.562980,112.433760,112.480020
2026-07-06 09:00:00,112.475610,112.513010,112.456840,112.506650
2026-07-06 10:00:00,112.504120,112.604660,112.498970,112.549880
2026-07-06 11:00:00,112.552400,112.582890,112.520060,112.556930
2026-07-06 12:00:00,112.557540,112.592030,112.431970,112.486380
2026-07-06 13:00:00,112.471540,112.599830,112.471540,112.528450
2026-07-06 14:00:00,112.531300,112.663490,112.513110,112.659500
2026-07-06 15:00:00,112.652670,112.709150,112.608250,112.681050
2026-07-06 16:00:00,112.682750,112.734400,112.672540,112.726910
2026-07-06 17:00:00,112.721920,112.795580,112.705430,112.732170
2026-07-06 18:00:00,112.735140,112.807840,112.723690,112.753460
2026-07-06 19:00:00,112.758160,112.782930,112.722370,112.725410
2026-07-06 20:00:00,112.730190,112.770080,112.698310,112.761150
2026-07-06 21:00:00,112.761840,112.789450,112.600620,112.748480
2026-07-06 22:00:00,112.745460,112.786210,112.736300,112.770690
2026-07-06 23:00:00,112.767500,112.799440,112.716280,112.743730
2026-07-07 00:00:00,112.744790,112.802080,112.673290,112.677570
2026-07-07 01:00:00,112.685090,112.696650,112.483840,112.612160
2026-07-07 02:00:00,112.613240,112.620020,112.524840,112.556080
2026-07-07 03:00:00,112.552000,112.579030,112.378740,112.439540
2026-07-07 04:00:00,112.436470,112.496630,112.285760,112.327270
2026-07-07 05:00:00,112.320770,112.384890,112.226470,112.368010
2026-07-07 06:00:00,112.369330,112.522400,112.325660,112.506440
2026-07-07 07:00:00,112.508470,112.550390,112.325890,112.391790
2026-07-07 08:00:00,112.396390,112.461400,112.365290,112.402760
2026-07-07 09:00:00,112.398710,112.460360,112.359080,112.442700
2026-07-07 10:00:00,112.446200,112.490360,112.427540,112.478890
2026-07-07 11:00:00,112.474170,112.541260,112.463670,112.517100
2026-07-07 12:00:00,112.512110,112.521840,112.437900,112.474930
2026-07-07 13:00:00,112.475980,112.505170,112.370100,112.381660
2026-07-07 14:00:00,112.406140,112.438810,112.345840,112.432440
2026-07-07 15:00:00,112.428190,112.428190,112.265390,112.298420
2026-07-07 16:00:00,112.302560,112.345980,112.280090,112.335510
2026-07-07 17:00:00,112.332630,112.389990,112.327270,112.387640
2026-07-07 18:00:00,112.384290,112.402960,112.276320,112.280450
2026-07-07 19:00:00,112.287720,112.368650,112.216680,112.357950
2026-07-07 20:00:00,112.360350,112.366350,112.315210,112.334050
2026-07-07 21:00:00,112.334910,112.359910,112.248960,112.302290
2026-07-07 22:00:00,112.292380,112.354920,112.259330,112.341310
2026-07-07 23:00:00,112.343810,112.457040,112.336680,112.388240
2026-07-08 00:00:00,112.390850,112.585860,112.358130,112.580820
2026-07-08 01:00:00,112.574040,112.678850,112.546150,112.648190
2026-07-08 02:00:00,112.640670,112.754550,112.601960,112.659910
2026-07-08 03:00:00,112.661770,112.747460,112.644770,112.676750
2026-07-08 04:00:00,112.678170,112.748870,112.632660,112.701300
2026-07-08 05:00:00,112.702200,112.757120,112.636550,112.698640
2026-07-08 06:00:00,112.695870,112.695870,112.485040,112.514650
2026-07-08 07:00:00,112.518280,112.628820,112.471340,112.572170
2026-07-08 08:00:00,112.576310,112.772450,112.242520,112.379100
2026-07-08 09:00:00,112.390480,112.458370,112.247750,112.381790
2026-07-08 10:00:00,112.388120,112.529440,112.365970,112.486790
2026-07-08 11:00:00,112.496360,112.499310,112.279010,112.418680
2026-07-08 12:00:00,112.423710,112.604480,112.388010,112.525140
2026-07-08 13:00:00,112.518210,112.601480,112.493360,112.516270
2026-07-08 14:00:00,112.511730,112.588550,112.471610,112.486460
2026-07-08 15:00:00,112.484450,112.579970,112.382240,112.418110
2026-07-08 16:00:00,112.415100,112.601940,112.396350,112.590750
2026-07-08 17:00:00,112.592930,112.720320,112.574170,112.631090
2026-07-08 18:00:00,112.632730,112.728380,112.629080,112.711090
2026-07-08 19:00:00,112.709690,112.768070,112.699910,112.733920
2026-07-08 20:00:00,112.736300,112.736300,112.659140,112.724550
2026-07-08 21:00:00,112.723040,112.786900,112.596300,112.644430
2026-07-08 22:00:00,112.660700,112.713570,112.611530,112.660160
2026-07-08 23:00:00,112.662880,112.761820,112.655890,112.744690
2026-07-09 00:00:00,112.740500,112.754860,112.592550,112.628110
2026-07-09 01:00:00,112.622130,112.657590,112.570220,112.595670
2026-07-09 02:00:00,112.590600,112.704880,112.583070,112.616440
2026-07-09 03:00:00,112.620690,112.686710,112.572620,112.637800
2026-07-09 04:00:00,112.643130,112.691280,112.588490,112.677990
2026-07-09 05:00:00,112.673060,112.699810,112.581590,112.664490
2026-07-09 06:00:00,112.667320,112.710080,112.614440,112.616800
2026-07-09 07:00:00,112.620120,112.664470,112.584170,112.620580
2026-07-09 08:00:00,112.608630,112.663920,112.595380,112.605170
2026-07-09 09:00:00,112.608810,112.684300,112.603070,112.682850
2026-07-09 10:00:00,112.678210,112.694630,112.606110,112.634950
2026-07-09 11:00:00,112.628300,112.683480,112.611710,112.669130
2026-07-09 12:00:00,112.669220,112.725640,112.605480,112.608540
2026-07-09 13:00:00,112.612480,112.678240,112.590570,112.662660
2026-07-09 14:00:00,112.661450,112.734390,112.656310,112.670750
2026-07-09 15:00:00,112.666370,112.764740,112.641960,112.702340
2026-07-09 16:00:00,112.703580,112.736080,112.654350,112.670870
2026-07-09 17:00:00,112.667110,112.730150,112.663120,112.710210
2026-07-09 18:00:00,112.707690,112.724420,112.692490,112.716860
2026-07-09 19:00:00,112.713820,112.722580,112.679290,112.697650
2026-07-09 20:00:00,112.699110,112.739750,112.683160,112.737640
2026-07-09 21:00:00,112.732820,112.732860,112.673650,112.696950
2026-07-09 22:00:00,112.698060,112.733760,112.690560,112.698640
2026-07-09 23:00:00,112.696380,112.743400,112.692790,112.734680
2026-07-10 00:00:00,112.735520,112.746000,112.418580,112.521950
2026-07-10 01:00:00,112.508850,112.582660,112.361210,112.451700
2026-07-10 02:00:00,112.443990,112.499770,112.281320,112.496760
2026-07-10 03:00:00,112.492840,112.514200,112.346420,112.441120
2026-07-10 04:00:00,112.447590,112.489590,112.403310,112.410190
2026-07-10 05:00:00,112.411900,112.423060,112.240930,112.287060
2026-07-10 06:00:00,112.284870,112.338090,112.231460,112.326030
2026-07-10 07:00:00,112.322580,112.419310,112.279990,112.308890
2026-07-10 08:00:00,112.302060,112.336360,112.198680,112.281480
2026-07-10 09:00:00,112.275520,112.438140,112.242680,112.411720
2026-07-10 10:00:00,112.418060,112.449090,112.396370,112.408430
2026-07-10 11:00:00,112.417060,112.483130,112.357740,112.478970
2026-07-10 12:00:00,112.474630,112.555520,112.398590,112.441900
2026-07-10 13:00:00,112.431050,112.508300,112.405640,112.409560
2026-07-10 14:00:00,112.416060,112.468940,112.288780,112.410680
2026-07-10 15:00:00,112.397810,112.447760,112.240560,112.246240
2026-07-10 16:00:00,112.255610,112.433430,112.249810,112.399000
2026-07-10 17:00:00,112.401360,112.417200,112.371300,112.393860
2026-07-10 18:00:00,112.388650,112.451500,112.387000,112.430030
2026-07-10 19:00:00,112.426660,112.454930,112.405360,112.433610
2026-07-10 20:00:00,112.435350,112.472970,112.412550,112.439040
2026-07-12 21:00:00,112.372480,112.422660,112.312120,112.361980
2026-07-12 22:00:00,112.356280,112.448300,112.292730,112.414730
2026-07-12 23:00:00,112.417700,112.450570,112.362090,112.396500
2026-07-13 00:00:00,112.404230,112.450320,112.346810,112.374580
2026-07-13 01:00:00,112.384070,112.410720,112.310610,112.312620
2026-07-13 02:00:00,112.318060,112.424050,112.318060,112.353180
2026-07-13 03:00:00,112.354720,112.356150,112.260040,112.306130
2026-07-13 04:00:00,112.306520,112.319860,112.247450,112.294810
2026-07-13 05:00:00,112.296350,112.490710,112.252980,112.424390
2026-07-13 06:00:00,112.428020,112.496980,112.392030,112.398000
2026-07-13 07:00:00,112.397500,112.483250,112.269280,112.454640
2026-07-13 08:00:00,112.446280,112.573630,112.446280,112.541120
2026-07-13 09:00:00,112.535400,112.535400,112.418160,112.453760
2026-07-13 10:00:00,112.450780,112.579870,112.439010,112.566590
2026-07-13 11:00:00,112.561950,112.652810,112.550680,112.590260
2026-07-13 12:00:00,112.595960,112.612710,112.515990,112.606770
2026-07-13 13:00:00,112.604260,112.622750,112.490950,112.537310
2026-07-13 14:00:00,112.531070,112.614030,112.453760,112.596160
2026-07-13 15:00:00,112.589990,112.653540,112.558630,112.564160
2026-07-13 16:00:00,112.567580,112.600420,112.389120,112.451110
2026-07-13 17:00:00,112.445880,112.521900,112.427440,112.445810
2026-07-13 18:00:00,112.447790,112.463590,112.389470,112.391820
2026-07-13 19:00:00,112.394960,112.405990,112.330740,112.393150
2026-07-13 20:00:00,112.390620,112.402950,112.338550,112.385750
2026-07-13 21:00:00,112.381790,112.424440,112.347100,112.388540
2026-07-13 22:00:00,112.391300,112.464000,112.356090,112.357230
2026-07-13 23:00:00,112.360830,112.389050,112.321110,112.371960
2026-07-14 00:00:00,112.378050,112.414220,112.286920,112.355770
2026-07-14 01:00:00,112.350890,112.418450,112.312490,112.400890
2026-07-14 02:00:00,112.395890,112.481540,112.375180,112.405260
2026-07-14 03:00:00,112.403580,112.504600,112.377390,112.477980
2026-07-14 04:00:00,112.480620,112.537720,112.462800,112.534900
2026-07-14 05:00:00,112.528660,112.610330,112.515380,112.546440
2026-07-14 06:00:00,112.543220,112.579550,112.489370,112.495970
2026-07-14 07:00:00,112.508290,112.702890,112.483930,112.695490
2026-07-14 08:00:00,112.693210,112.716260,112.604400,112.675300
2026-07-14 09:00:00,112.665400,112.778060,112.665400,112.772250
2026-07-14 10:00:00,112.766860,112.766860,112.620140,112.622740
2026-07-14 11:00:00,112.625150,112.660340,112.578500,112.635810
2026-07-14 12:00:00,112.634820,113.076140,112.599400,112.846030
2026-07-14 13:00:00,112.840720,113.081170,112.826220,113.064500
2026-07-14 14:00:00,113.062520,113.197650,113.023630,113.166020
2026-07-14 15:00:00,113.166430,113.243450,113.043300,113.076660
2026-07-14 16:00:00,113.073050,113.136250,113.024240,113.134750
2026-07-14 17:00:00,113.130870,113.155390,113.088590,113.143460
2026-07-14 18:00:00,113.138880,113.156460,113.107560,113.127580
2026-07-14 19:00:00,113.123110,113.141780,113.074180,113.114460
2026-07-14 20:00:00,113.111230,113.183110,113.075800,113.179350
2026-07-14 21:00:00,113.172990,113.226570,113.044310,113.132480
2026-07-14 22:00:00,113.127260,113.161190,113.120630,113.126160
2026-07-14 23:00:00,113.127280,113.164670,113.079180,113.142220
2026-07-15 00:00:00,113.140450,113.253910,113.130910,113.229090
2026-07-15 01:00:00,113.221990,113.254490,113.126290,113.243440
2026-07-15 02:00:00,113.228860,113.345270,113.205250,113.332080
2026-07-15 03:00:00,113.336440,113.347010,113.263870,113.300400
2026-07-15 04:00:00,113.300910,113.322770,113.259190,113.279810
2026-07-15 05:00:00,113.282710,113.362840,113.252220,113.342360
2026-07-15 06:00:00,113.348080,113.360180,113.264010,113.316180
2026-07-15 07:00:00,113.313290,113.394620,113.253150,113.380050
2026-07-15 08:00:00,113.379080,113.444250,113.355090,113.415630
2026-07-15 09:00:00,113.409110,113.457830,113.383590,113.432200
2026-07-15 10:00:00,113.423550,113.444990,113.365440,113.370290
2026-07-15 11:00:00,113.378720,113.435740,113.354540,113.422460
2026-07-15 12:00:00,113.417640,113.491270,113.382110,113.471740
2026-07-15 13:00:00,113.457360,113.507100,113.414190,113.464480
2026-07-15 14:00:00,113.449750,113.518160,113.427300,113.481560
2026-07-15 15:00:00,113.472220,113.518810,113.455800,113.471060
2026-07-15 16:00:00,113.475350,113.475350,113.366590,113.402230
2026-07-15 17:00:00,113.388330,113.676940,113.388330,113.643020
2026-07-15 18:00:00,113.641310,113.677050,113.579410,113.585500
2026-07-15 19:00:00,113.588040,113.691350,113.558430,113.665520
2026-07-15 20:00:00,113.656770,113.685180,113.638640,113.650460
2026-07-15 21:00:00,113.656790,113.667380,113.463670,113.588170
2026-07-15 22:00:00,113.585080,113.620740,113.565160,113.582340
2026-07-15 23:00:00,113.584650,113.628030,113.559850,113.585430
2026-07-16 00:00:00,113.588120,113.644550,113.416910,113.440090
2026-07-16 01:00:00,113.433640,113.451890,113.289640,113.361550
2026-07-16 02:00:00,113.357750,113.447410,113.287150,113.441350
2026-07-16 03:00:00,113.433130,113.479030,113.420510,113.474810
2026-07-16 04:00:00,113.470330,113.543260,113.446430,113.460200
2026-07-16 05:00:00,113.458050,113.503010,113.402050,113.457160
2026-07-16 06:00:00,113.452680,113.501110,113.420210,113.470080
2026-07-16 07:00:00,113.471610,113.482160,113.391440,113.437470
2026-07-16 08:00:00,113.429790,113.488810,113.394730,113.486280
2026-07-16 09:00:00,113.480100,113.540850,113.476250,113.516140
2026-07-16 10:00:00,113.509730,113.609320,113.509730,113.571110
2026-07-16 11:00:00,113.574900,113.673700,113.514900,113.616300
2026-07-16 12:00:00,113.613830,113.686610,113.544700,113.577650
2026-07-16 13:00:00,113.573240,113.724670,113.563620,113.698810
2026-07-16 14:00:00,113.695900,113.881520,113.682720,113.786560
2026-07-16 15:00:00,113.772110,113.812040,113.721290,113.728920
2026-07-16 16:00:00,113.729120,113.743930,113.621200,113.645360
2026-07-16 17:00:00,113.642820,113.649780,113.570320,113.573020
2026-07-16 18:00:00,113.576260,113.612190,113.555880,113.595210
2026-07-16 19:00:00,113.596350,113.617890,113.554380,113.605280
2026-07-16 20:00:00,113.602450,113.631010,113.583010,113.630320
2026-07-16 21:00:00,113.628490,113.672810,113.583880,113.611330
2026-07-16 22:00:00,113.607580,113.634320,113.587770,113.606190
2026-07-16 23:00:00,113.603910,113.673930,113.588410,113.667770
2026-07-17 00:00:00,113.658890,113.699010,113.533660,113.677320
2026-07-17 01:00:00,113.670380,113.730860,113.420840,113.451370
2026-07-17 02:00:00,113.446650,113.471920,113.288950,113.329120
2026-07-17 03:00:00,113.323200,113.477270,113.323200,113.396870
2026-07-17 04:00:00,113.398690,113.409080,113.317850,113.362010
2026-07-17 05:00:00,113.363310,113.387670,113.300740,113.323260
2026-07-17 06:00:00,113.321970,113.499110,113.299270,113.364600
2026-07-17 07:00:00,113.356370,113.389310,113.306370,113.333380
2026-07-17 08:00:00,113.335780,113.398060,113.215280,113.242630
2026-07-17 09:00:00,113.247740,113.300810,113.158870,113.210890
2026-07-17 10:00:00,113.206170,113.236320,113.175210,113.181340
2026-07-17 11:00:00,113.188470,113.281380,113.113810,113.257120
2026-07-17 12:00:00,113.253970,113.261300,113.186030,113.191040
2026-07-17 13:00:00,113.199000,113.308820,113.162600,113.288180
2026-07-17 14:00:00,113.272560,113.387870,113.272560,113.386800
2026-07-17 15:00:00,113.383750,113.447600,113.342920,113.443950
2026-07-17 16:00:00,113.435970,113.547010,113.404380,113.468020
2026-07-17 17:00:00,113.464760,113.480870,113.423100,113.424740
2026-07-17 18:00:00,113.425020,113.453920,113.395230,113.433230
2026-07-17 19:00:00,113.431100,113.474690,113.392600,113.432720
2026-07-17 20:00:00,113.441450,113.441450,113.363720,113.381050
2026-07-19 21:00:00,113.241070,113.260420,113.106180,113.209390
2026-07-19 22:00:00,113.200480,113.399310,113.158390,113.362810
2026-07-19 23:00:00,113.359920,113.421110,113.348630,113.417770
2026-07-20 00:00:00,113.413140,113.501350,113.369090,113.379310
2026-07-20 01:00:00,113.383530,113.486020,113.381670,113.462590
2026-07-20 02:00:00,113.456500,113.567910,113.442880,113.542150
2026-07-20 03:00:00,113.544140,113.581890,113.487250,113.560500
2026-07-20 04:00:00,113.558080,113.638240,113.555240,113.587510
2026-07-20 05:00:00,113.589870,113.596640,113.502320,113.518790
2026-07-20 06:00:00,113.522440,113.552370,113.446220,113.532470
2026-07-20 07:00:00,113.537750,113.720410,113.524230,113.687940
2026-07-20 08:00:00,113.682700,113.705850,113.624260,113.659600
2026-07-20 09:00:00,113.657370,113.686250,113.619340,113.666980
2026-07-20 10:00:00,113.663420,113.809380,113.661290,113.802640
2026-07-20 11:00:00,113.800660,113.871620,113.770790,113.799830
2026-07-20 12:00:00,113.804120,113.807010,113.709460,113.772900
2026-07-20 13:00:00,113.769660,113.909150,113.747120,113.905170
2026-07-20 14:00:00,113.893130,114.021230,113.765350,113.770460
2026-07-20 15:00:00,113.777830,113.858150,113.764410,113.851980
2026-07-20 16:00:00,113.850140,113.909050,113.811100,113.841470
2026-07-20 17:00:00,113.839240,113.839240,113.777650,113.797130
2026-07-20 18:00:00,113.795000,113.835250,113.762900,113.792910
2026-07-20 19:00:00,113.790110,113.802720,113.729460,113.759090
2026-07-20 20:00:00,113.754760,113.771550,113.712280,113.742120
2026-07-20 21:00:00,113.740900,113.790330,113.661800,113.681040
2026-07-20 22:00:00,113.676830,113.707710,113.639110,113.670420
2026-07-20 23:00:00,113.664660,113.763410,113.664660,113.760250
2026-07-21 00:00:00,113.755720,113.861560,113.679410,113.827940
2026-07-21 01:00:00,113.829540,113.872410,113.785090,113.844700
2026-07-21 02:00:00,113.848930,113.923800,113.827230,113.862960
2026-07-21 03:00:00,113.865960,113.868290,113.811030,113.818150
2026-07-21 04:00:00,113.816880,113.875610,113.799450,113.869990
2026-07-21 05:00:00,113.865750,113.911770,113.865460,113.902770
2026-07-21 06:00:00,113.898140,114.077120,113.891350,114.072160
2026-07-21 07:00:00,114.070740,114.151430,114.058330,114.149590
2026-07-21 08:00:00,114.148080,114.251370,114.126850,114.247960
2026-07-21 09:00:00,114.246440,114.292490,114.233100,114.267590
2026-07-21 10:00:00,114.265420,114.303610,114.188170,114.190520
2026-07-21 11:00:00,114.192720,114.232700,114.157190,114.205880
2026-07-21 12:00:00,114.203060,114.221630,114.136360,114.179010
2026-07-21 13:00:00,114.176890,114.206910,114.018760,114.102550
2026-07-21 14:00:00,114.099960,114.242890,114.085140,114.171760
2026-07-21 15:00:00,114.172840,114.288620,114.156930,114.250020
2026-07-21 16:00:00,114.246540,114.247990,114.157050,114.228250
2026-07-21 17:00:00,114.225590,114.231150,114.188150,114.218190
2026-07-21 18:00:00,114.213990,114.346360,114.194340,114.319970
2026-07-21 19:00:00,114.325170,114.350660,114.255180,114.291640
2026-07-21 20:00:00,114.285240,114.306650,114.206710,114.218300
2026-07-21 21:00:00,114.219980,114.267260,114.189720,114.220510
2026-07-21 22:00:00,114.223570,114.239500,114.197180,114.212810
2026-07-21 23:00:00,114.213680,114.249920,114.191390,114.240450
2026-07-22 00:00:00,114.241340,114.352320,114.193450,114.345610
2026-07-22 01:00:00,114.335890,114.403440,114.287040,114.322430
2026-07-22 02:00:00,114.319190,114.325890,114.219890,114.243570
2026-07-22 03:00:00,114.246940,114.296010,114.189870,114.204280
2026-07-22 04:00:00,114.200020,114.221680,114.174110,114.207960
2026-07-22 05:00:00,114.202090,114.223470,114.095170,114.096780
2026-07-22 06:00:00,114.101640,114.166880,114.028090,114.102120
2026-07-22 07:00:00,114.103590,114.223780,113.963370,114.014670
2026-07-22 08:00:00,114.018100,114.114270,113.969050,114.041740
2026-07-22 09:00:00,114.049060,114.075990,113.989740,114.027270
2026-07-22 10:00:00,114.029040,114.067350,114.004320,114.009530
2026-07-22 11:00:00,114.018790,114.057710,113.977060,114.055440
2026-07-22 12:00:00,114.051770,114.078070,113.885660,113.959080
2026-07-22 13:00:00,113.944550,114.123300,113.932320,114.073790
2026-07-22 14:00:00,114.071400,114.133050,114.040200,114.116950
2026-07-22 15:00:00,114.106170,114.163060,114.098960,114.155160
2026-07-22 16:00:00,114.148530,114.171000,114.067540,114.104720
2026-07-22 17:00:00,114.101470,114.133340,114.084190,114.096090
2026-07-22 18:00:00,114.093180,114.115780,114.065230,114.114050
2026-07-22 19:00:00,114.112930,114.136930,114.091860,114.134120
2026-07-22 20:00:00,114.127860,114.179770,114.126970,114.178500
2026-07-22 21:00:00,114.175400,114.175400,113.989150,114.062660
2026-07-22 22:00:00,114.057410,114.073140,113.971310,113.996390
2026-07-22 23:00:00,113.991950,114.030330,113.982700,114.000960
2026-07-23 00:00:00,113.996090,114.062910,113.983810,114.059130
2026-07-23 01:00:00,114.051250,114.450450,113.934960,114.322900
2026-07-23 02:00:00,114.332320,114.439770,114.313610,114.413400
2026-07-23 03:00:00,114.410410,114.450700,114.350590,114.432750
2026-07-23 04:00:00,114.427960,114.484690,114.378870,114.397640
2026-07-23 05:00:00,114.394160,114.441550,114.350820,114.386500
2026-07-23 06:00:00,114.387060,114.419770,114.289360,114.293760
2026-07-23 07:00:00,114.300550,114.392390,114.237850,114.376060
2026-07-23 08:00:00,114.371880,114.421410,114.342400,114.377560
2026-07-23 09:00:00,114.385470,114.414330,114.334080,114.342390
2026-07-23 10:00:00,114.347940,114.367180,114.284600,114.329480
2026-07-23 11:00:00,114.333570,114.347920,114.233790,114.327900
2026-07-23 12:00:00,114.320680,114.345160,114.192060,114.238070
2026-07-23 13:00:00,114.234880,114.376080,114.143250,114.356260
2026-07-23 14:00:00,114.350710,114.409160,114.257300,114.334830
2026-07-23 15:00:00,114.328730,114.328730,114.160640,114.243620
2026-07-23 16:00:00,114.244810,114.304710,114.220060,114.283120
2026-07-23 17:00:00,114.280980,114.291810,114.173700,114.196970
2026-07-23 18:00:00,114.193970,114.208680,114.089860,114.091990
2026-07-23 19:00:00,114.094210,114.136160,114.066810,114.124690
2026-07-23 20:00:00,114.120010,114.189480,114.120010,114.183260
2026-07-23 21:00:00,114.174980,114.247460,114.093040,114.189010
2026-07-23 22:00:00,114.187190,114.189000,114.127380,114.186420
2026-07-23 23:00:00,114.182270,114.198320,114.145750,114.166200
2026-07-24 00:00:00,114.162820,114.325040,114.130650,114.321190
2026-07-24 01:00:00,114.313110,114.320940,114.220090,114.237990
2026-07-24 02:00:00,114.242340,114.319470,114.211040,114.236050
2026-07-24 03:00:00,114.231400,114.316460,114.196140,114.250490
2026-07-24 04:00:00,114.247270,114.304850,114.217710,114.237790
2026-07-24 05:00:00,114.240160,114.348350,114.213300,114.269380
2026-07-24 06:00:00,114.271430,114.364230,114.243710,114.352000
2026-07-24 07:00:00,114.353780,114.417420,114.353630,114.390590
2026-07-24 08:00:00,114.391050,114.453200,114.373910,114.425560
2026-07-24 09:00:00,114.430080,114.455240,114.400640,114.439080
2026-07-24 10:00:00,114.433280,114.534700,114.432350,114.524630
2026-07-24 11:00:00,114.520740,114.539370,114.447510,114.476960
2026-07-24 12:00:00,114.456270,114.511290,114.285610,114.308700
2026-07-24 13:00:00,114.308230,114.331330,114.265780,114.286660
2026-07-24 14:00:00,114.281740,114.434810,114.274510,114.413630
2026-07-24 15:00:00,114.412620,114.568730,114.412620,114.524700
2026-07-24 16:00:00,114.515920,114.552030,114.450290,114.501410
2026-07-24 17:00:00,114.498330,114.511820,114.430920,114.443500
2026-07-24 18:00:00,114.443810,114.448880,114.380560,114.405470
2026-07-24 19:00:00,114.405550,114.411400,114.352450,114.376150
2026-07-24 20:00:00,114.372690,114.433810,114.347780,114.431320
2026-07-26 21:00:00,114.443920,114.711680,114.435670,114.589060
2026-07-26 22:00:00,114.579050,114.639290,114.443270,114.451760
2026-07-26 23:00:00,114.453380,114.496400,114.430730,114.442230
2026-07-27 00:00:00,114.448000,114.508500,114.439670,114.461230
2026-07-27 01:00:00,114.465020,114.524280,114.405090,114.514800
2026-07-27 02:00:00,114.502260,114.540500,114.462360,114.489840
2026-07-27 03:00:00,114.485390,114.501830,114.429550,114.477920
2026-07-27 04:00:00,114.476640,114.495340,114.413260,114.462020
2026-07-27 05:00:00,114.460450,114.579450,114.443020,114.559830
2026-07-27 06:00:00,114.561500,114.661450,114.521720,114.592340
2026-07-27 07:00:00,114.585610,114.596690,114.411830,114.492560
2026-07-27 08:00:00,114.489390,114.526800,114.473450,114.524590
2026-07-27 09:00:00,114.522580,114.549660,114.483480,114.518080
2026-07-27 10:00:00,114.515250,114.586160,114.503670,114.555170
2026-07-27 11:00:00,114.553370,114.615000,114.506430,114.521910
2026-07-27 12:00:00,114.514830,114.571760,114.478930,114.547520
2026-07-27 13:00:00,114.545260,114.622280,114.498020,114.560060
2026-07-27 14:00:00,114.553810,114.571350,114.400020,114.489010
2026-07-27 15:00:00,114.482000,114.505580,114.415600,114.490150
2026-07-27 16:00:00,114.487640,114.513120,114.448910,114.473570
2026-07-27 17:00:00,114.470040,114.483080,114.387080,114.434060
2026-07-27 18:00:00,114.424910,114.458990,114.390650,114.455500
2026-07-27 19:00:00,114.447280,114.498080,114.445350,114.495690
2026-07-27 20:00:00,114.490340,114.504300,114.444670,114.459510
2026-07-27 21:00:00,114.457700,114.530880,114.390810,114.486330
2026-07-27 22:00:00,114.481620,114.494750,114.419500,114.430140
2026-07-27 23:00:00,114.427560,114.437000,114.380650,114.420310
2026-07-28 00:00:00,114.426430,114.476270,114.360940,114.454410
2026-07-28 01:00:00,114.458500,114.549260,114.412650,114.474860
2026-07-28 02:00:00,114.476450,114.567280,114.471100,114.493940
2026-07-28 03:00:00,114.497220,114.516460,114.321360,114.332540
2026-07-28 04:00:00,114.327640,114.346840,114.150840,114.161700
2026-07-28 05:00:00,114.159230,114.177480,114.039740,114.076680
2026-07-28 06:00:00,114.077660,114.176840,114.025370,114.138100
2026-07-28 07:00:00,114.145730,114.237190,114.111650,114.142660
2026-07-28 08:00:00,114.143000,114.238430,114.095940,114.236030
2026-07-28 09:00:00,114.233180,114.262270,114.145670,114.151280
2026-07-28 10:00:00,114.161440,114.210250,114.132330,114.192350
2026-07-28 11:00:00,114.198200,114.207060,114.149540,114.195960
2026-07-28 12:00:00,114.199300,114.241180,114.175570,114.225240
2026-07-28 13:00:00,114.227650,114.273120,114.138860,114.190100
2026-07-28 14:00:00,114.189880,114.259500,114.103660,114.175680
2026-07-28 15:00:00,114.179350,114.302370,114.130260,114.286500
2026-07-28 16:00:00,114.280100,114.351030,114.272190,114.340190
2026-07-28 17:00:00,114.339050,114.351650,114.255450,114.257710
2026-07-28 18:00:00,114.260420,114.296000,114.240600,114.294260
2026-07-28 19:00:00,114.290180,114.338110,114.285040,114.298390
2026-07-28 20:00:00,114.292990,114.302650,114.266400,114.282810
2026-07-28 21:00:00,114.277110,114.342350,114.228760,114.289780
2026-07-28 22:00:00,114.296030,114.296030,114.229320,114.259660
2026-07-28 23:00:00,114.255670,114.337720,114.243890,114.283360
2026-07-29 00:00:00,114.284960,114.310910,114.102670,114.105710
2026-07-29 01:00:00,114.110700,114.172180,113.631320,113.715750
2026-07-29 02:00:00,113.721520,113.874440,113.707700,113.764090
2026-07-29 03:00:00,113.761660,113.800360,113.650170,113.672520
2026-07-29 04:00:00,113.671060,113.671060,113.439200,113.617920
2026-07-29 05:00:00,113.620300,113.720050,113.579880,113.716120
2026-07-29 06:00:00,113.706490,113.801590,113.683540,113.685610
2026-07-29 07:00:00,113.687230,113.787960,113.678710,113.761010
2026-07-29 08:00:00,113.751030,113.751030,113.573710,113.586230
2026-07-29 09:00:00,113.592090,113.617810,113.528710,113.583000
2026-07-29 10:00:00,113.588420,113.639350,113.565300,113.597150
2026-07-29 11:00:00,113.597970,113.671500,113.585500,113.622180
2026-07-29 12:00:00,113.616530,113.707350,113.570060,113.700560
2026-07-29 13:00:00,113.682230,113.792260,113.681770,113.791050
2026-07-29 14:00:00,113.787180,113.829250,113.473710,113.478420
2026-07-29 15:00:00,113.486200,113.564060,113.468560,113.545260
2026-07-29 16:00:00,113.537990,113.562180,113.458200,113.559570
2026-07-29 17:00:00,113.556980,113.620120,113.544470,113.586040
2026-07-29 18:00:00,113.583630,114.064810,113.574940,114.057370
2026-07-29 19:00:00,114.044310,114.135160,113.589830,113.623910
2026-07-29 20:00:00,113.620730,113.705780,113.592590,113.671740
2026-07-29 21:00:00,113.672790,113.708110,113.543980,113.552220
2026-07-29 22:00:00,113.558350,113.725740,113.552820,113.693180
2026-07-29 23:00:00,113.695250,113.745360,113.642790,113.666030
2026-07-30 00:00:00,113.669460,113.773140,113.589000,113.728060
2026-07-30 01:00:00,113.718370,113.839110,113.703650,113.787420
2026-07-30 02:00:00,113.784200,113.842180,113.697860,113.701480
2026-07-30 03:00:00,113.707600,113.753680,113.651500,113.656220
2026-07-30 04:00:00,113.663580,113.696620,113.638180,113.639920
2026-07-30 05:00:00,113.642060,113.729930,113.606890,113.661640
2026-07-30 06:00:00,113.664840,113.816870,113.646700,113.788430
2026-07-30 07:00:00,113.788670,113.898200,113.778180,113.824290
2026-07-30 08:00:00,113.821610,113.938600,113.802240,113.904740
2026-07-30 09:00:00,113.902530,113.966870,113.866330,113.871040
2026-07-30 10:00:00,113.879060,113.883670,113.518000,113.619100
2026-07-30 11:00:00,113.615830,113.759050,113.551540,113.721540
2026-07-30 12:00:00,113.725380,113.786040,113.597460,113.659230
2026-07-30 13:00:00,113.662750,113.737270,112.218430,112.240560
2026-07-30 14:00:00,112.271300,112.280470,110.828490,111.582220
2026-07-30 15:00:00,111.598060,111.991520,111.456200,111.958180
2026-07-30 16:00:00,111.964880,112.172010,111.956880,112.139400
2026-07-30 17:00:00,112.142930,112.285890,111.410270,111.812270
2026-07-30 18:00:00,111.806060,111.830620,111.709430,111.784240
2026-07-30 19:00:00,111.776140,112.111860,111.706070,112.035640
2026-07-30 20:00:00,112.019350,112.191530,112.017270,112.155630
2026-07-30 21:00:00,112.175130,112.175130,111.906910,112.126030
2026-07-30 22:00:00,112.128370,112.295360,112.088210,112.256400
2026-07-30 23:00:00,112.253570,112.557750,112.152420,112.553220
2026-07-31 00:00:00,112.549180,112.997500,112.538420,112.840930
2026-07-31 01:00:00,112.827820,112.966020,112.737210,112.899890
2026-07-31 02:00:00,112.891360,112.908980,112.710220,112.777860
2026-07-31 03:00:00,112.770370,112.982020,112.739160,112.825930
2026-07-31 04:00:00,112.828080,113.002020,112.817320,112.915230
2026-07-31 05:00:00,112.914590,112.980150,112.863660,112.904180
2026-07-31 06:00:00,112.894600,112.931810,112.575000,112.710750
2026-07-31 07:00:00,112.705820,112.969700,112.671270,112.705940
2026-07-31 08:00:00,112.755560,112.920010,111.681910,111.724440
2026-07-31 09:00:00,111.801040,112.587910,111.717710,112.579940
2026-07-31 10:00:00,112.563160,112.616260,112.463390,112.493390
2026-07-31 11:00:00,112.484280,112.544140,112.437400,112.453170
2026-07-31 12:00:00,112.448300,112.536300,112.420800,112.446890
2026-07-31 13:00:00,112.451190,112.629110,111.696450,111.701900
2026-07-31 14:00:00,111.712780,111.961110,111.255820,111.860740
2026-07-31 15:00:00,111.850760,111.991500,111.479900,111.790600
2026-07-31 16:00:00,111.795030,111.959430,111.783290,111.953590
2026-07-31 17:00:00,111.945520,112.142620,111.295060,111.499420
2026-07-31 18:00:00,111.464310,111.923090,111.413150,111.831880
2026-07-31 19:00:00,111.843070,112.064660,111.817820,111.976040
2026-07-31 20:00:00,111.965390,112.021720,110.583110,110.648970
2026-08-02 21:00:00,110.699440,111.031660,110.625820,110.953360
2026-08-02 22:00:00,110.935600,111.103670,110.605230,110.826970
2026-08-02 23:00:00,110.812970,111.195950,110.743080,111.036700
2026-08-03 00:00:00,111.042640,111.370960,109.292110,109.976510
2026-08-03 01:00:00,109.945800,110.144750,109.472860,109.986460
2026-08-03 02:00:00,109.982460,110.125590,109.897290,109.995850
2026-08-03 03:00:00,110.002800,110.133140,109.987810,110.025580
2026-08-03 04:00:00,110.028330,110.088080,109.960010,110.015010
2026-08-03 05:00:00,110.016730,110.064110,109.958870,110.039020
2026-08-03 06:00:00,110.039800,110.231120,110.027810,110.193080
2026-08-03 07:00:00,110.194710,110.204690,109.922100,110.036480
2026-08-03 08:00:00,110.030170,110.052570,109.892910,110.040330
2026-08-03 09:00:00,110.031570,110.114530,109.955050,110.046400
2026-08-03 10:00:00,110.031780,110.037750,109.760990,109.792930
2026-08-03 11:00:00,109.796070,109.965410,109.756390,109.814900
2026-08-03 12:00:00,109.829330,109.834310,109.699660,109.720450
2026-08-03 13:00:00,109.720900,109.778570,109.244330,109.409970
2026-08-03 14:00:00,109.395030,109.635160,109.361300,109.576420
2026-08-03 15:00:00,109.556960,109.916130,109.556960,109.891030
2026-08-03 16:00:00,109.887390,109.887390,109.765400,109.775460
2026-08-03 17:00:00,109.776560,109.811500,109.752160,109.803940
2026-08-03 18:00:00,109.799800,109.824740,109.690510,109.696410
2026-08-03 19:00:00,109.707550,109.878620,109.636880,109.867070
2026-08-03 20:00:00,109.867800,110.048980,109.867220,110.048110
2026-08-03 21:00:00,110.044420,110.116570,110.007270,110.031620
2026-08-03 22:00:00,110.032470,110.195900,109.991410,110.150660
2026-08-03 23:00:00,110.149030,110.323200,110.092860,110.249390
2026-08-04 00:00:00,110.258370,110.309710,110.108600,110.258210
2026-08-04 01:00:00,110.256180,110.530520,110.237620,110.528680
2026-08-04 02:00:00,110.523980,110.686950,110.523980,110.660040
2026-08-04 03:00:00,110.662890,110.698480,110.587920,110.666710
2026-08-04 04:00:00,110.660360,110.674440,110.534660,110.586640
2026-08-04 05:00:00,110.589290,110.695980,110.543390,110.691100
2026-08-04 06:00:00,110.683510,110.696440,110.580170,110.606600
2026-08-04 07:00:00,110.601590,110.785090,110.597400,110.759520
2026-08-04 08:00:00,110.760540,110.830690,110.740960,110.814750
2026-08-04 09:00:00,110.817910,110.991620,110.809730,110.959400
2026-08-04 10:00:00,110.951090,111.045280,110.943430,110.993630
2026-08-04 11:00:00,110.990820,111.000330,110.747310,110.765740
2026-08-04 12:00:00,110.774560,110.807380,110.645080,110.780500
2026-08-04 13:00:00,110.773200,110.819830,110.624180,110.762960
2026-08-04 14:00:00,110.766960,110.938050,110.716480,110.930460
2026-08-04 15:00:00,110.922180,110.926400,110.715930,110.794330
2026-08-04 16:00:00,110.789980,110.945870,110.787850,110.916790
2026-08-04 17:00:00,110.929190,110.986540,110.887390,110.961630
2026-08-04 18:00:00,110.959270,111.095940,110.941160,111.078140
2026-08-04 19:00:00,111.076220,111.224150,111.069010,111.158130
2026-08-04 20:00:00,111.163800,111.187200,111.124110,111.151600
2026-08-04 21:00:00,111.153080,111.182160,111.062000,111.142500
2026-08-04 22:00:00,111.139340,111.196750,111.097840,111.185000
2026-08-04 23:00:00,111.180130,111.228270,111.142390,111.150010
2026-08-05 00:00:00,111.165210,111.214770,110.941930,110.977310
2026-08-05 01:00:00,110.963590,111.042670,110.963590,111.039510
2026-08-05 02:00:00,111.035720,111.107140,110.854410,110.972280
2026-08-05 03:00:00,110.970770,111.042080,110.956080,110.983270
2026-08-05 04:00:00,110.988410,111.159110,110.965990,111.119920
2026-08-05 05:00:00,111.110510,111.128990,111.071330,111.110800
2026-08-05 06:00:00,111.108240,111.172130,111.014020,111.119630
2026-08-05 07:00:00,111.121900,111.157960,110.994960,111.155060
2026-08-05 08:00:00,111.150530,111.232500,111.145090,111.161590
2026-08-05 09:00:00,111.162720,111.215250,111.122670,111.165870
2026-08-05 10:00:00,111.159860,111.178960,111.055410,111.068700
2026-08-05 11:00:00,111.071160,111.105700,110.978780,111.080930
2026-08-05 12:00:00,111.082420,111.146010,111.044530,111.094400
2026-08-05 13:00:00,111.095190,111.137550,110.994110,111.116410
2026-08-05 14:00:00,111.121480,111.259150,111.079570,111.151110
2026-08-05 15:00:00,111.161670,111.210250,111.118750,111.155170
2026-08-05 16:00:00,111.149980,111.243830,111.135710,111.238440
2026-08-05 17:00:00,111.236560,111.340500,111.224190,111.338960
2026-08-05 18:00:00,111.336320,111.364140,111.316010,111.331500
2026-08-05 19:00:00,111.329900,111.360310,111.289730,111.293500
2026-08-05 20:00:00,111.299460,111.359040,111.264920,111.347990
2026-08-05 21:00:00,111.345960,111.345960,111.223800,111.226010
2026-08-05 22:00:00,111.224830,111.319920,111.208660,111.288230
2026-08-05 23:00:00,111.284500,111.295240,111.202710,111.225960
2026-08-06 00:00:00,111.227680,111.348590,111.208370,111.314840
2026-08-06 01:00:00,111.317070,111.343760,111.225440,111.266240
2026-08-06 02:00:00,111.261970,111.308150,111.232360,111.259650
2026-08-06 03:00:00,111.255070,111.271470,111.135730,111.157780
2026-08-06 04:00:00,111.155280,111.171150,111.109960,111.162480
2026-08-06 05:00:00,111.163630,111.202390,111.101350,111.179840
2026-08-06 06:00:00,111.181000,111.188470,111.102480,111.137360
2026-08-06 07:00:00,111.133420,111.150840,111.085130,111.111190
2026-08-06 08:00:00,111.106940,111.190460,111.087590,111.182490
2026-08-06 09:00:00,111.183680,111.190890,111.136100,111.173230
2026-08-06 10:00:00,111.175680,111.189410,111.137560,111.178040
2026-08-06 11:00:00,111.179890,111.226500,111.118690,111.170750
2026-08-06 12:00:00,111.176750,111.207380,111.119910,111.138830
2026-08-06 13:00:00,111.141950,111.189890,111.080980,111.152810
2026-08-06 14:00:00,111.147010,111.420090,111.147010,111.416200
2026-08-06 15:00:00,111.408850,111.506710,111.350880,111.380750
2026-08-06 16:00:00,111.374590,111.456240,111.297990,111.454340
2026-08-06 17:00:00,111.452910,111.465150,111.389500,111.418540
2026-08-06 18:00:00,111.416940,111.440710,111.348630,111.359950
2026-08-06 19:00:00,111.359550,111.440760,111.359530,111.409960
2026-08-06 20:00:00,111.410970,111.452370,111.392450,111.441040
2026-08-06 21:00:00,111.437560,111.479490,111.356690,111.387390
2026-08-06 22:00:00,111.383080,111.453250,111.362010,111.410480
2026-08-06 23:00:00,111.408300,111.422430,111.366290,111.420660
2026-08-07 00:00:00,111.415620,111.451180,111.378100,111.410910
2026-08-07 01:00:00,111.402560,111.454030,111.212950,111.300510
2026-08-07 02:00:00,111.295970,111.325780,111.202580,111.249970
2026-08-07 03:00:00,111.246390,111.310950,111.240230,111.290760
2026-08-07 04:00:00,111.285220,111.344490,111.260990,111.297100
2026-08-07 05:00:00,111.297930,111.331910,111.270300,111.297810
2026-08-07 06:00:00,111.300300,111.382130,111.263620,111.377470
2026-08-07 07:00:00,111.369780,111.487390,111.364180,111.467540
2026-08-07 08:00:00,111.472480,111.521210,111.428860,111.453650
2026-08-07 09:00:00,111.459160,111.520720,111.448630,111.506090
2026-08-07 10:00:00,111.501170,111.528760,111.370290,111.404380
2026-08-07 11:00:00,111.405410,111.486990,111.381480,111.484800
2026-08-07 12:00:00,111.482080,111.893030,110.815710,111.231980
2026-08-07 13:00:00,111.215010,111.409460,111.151810,111.377970
2026-08-07 14:00:00,111.364820,111.522820,111.337160,111.520110
2026-08-07 15:00:00,111.516260,111.516870,111.208670,111.283870
2026-08-07 16:00:00,111.277120,111.315750,111.146220,111.238230
2026-08-07 17:00:00,111.244460,111.305870,111.217480,111.291690
2026-08-07 18:00:00,111.292950,111.382770,111.278640,111.352550
2026-08-07 19:00:00,111.350470,111.458790,111.341900,111.395030
2026-08-07 20:00:00,111.389200,111.535180,111.368700,111.516220
2026-08-09 21:00:00,111.474550,111.521840,111.372980,111.483420
2026-08-09 22:00:00,111.486690,111.605210,111.447520,111.585270
2026-08-09 23:00:00,111.582890,111.594460,111.525090,111.538510
2026-08-10 00:00:00,111.535040,111.620270,111.515070,111.548550
2026-08-10 01:00:00,111.544710,111.818390,111.492870,111.815250
2026-08-10 02:00:00,111.805280,111.835430,111.742180,111.756610
2026-08-10 03:00:00,111.754580,111.754580,111.640560,111.681980
2026-08-10 04:00:00,111.680700,111.798690,111.664100,111.791280
2026-08-10 05:00:00,111.775760,111.924690,111.775760,111.923510
2026-08-10 06:00:00,111.920420,111.998720,111.907460,111.916540
2026-08-10 07:00:00,111.913170,112.073330,111.913170,112.070320
2026-08-10 08:00:00,112.064840,112.201000,112.042660,112.188610
2026-08-10 09:00:00,112.191640,112.253240,112.159640,112.228460
2026-08-10 10:00:00,112.231890,112.252270,112.160380,112.208680
2026-08-10 11:00:00,112.212810,112.231900,112.163430,112.186740
2026-08-10 12:00:00,112.188380,112.190420,111.969410,112.165320
2026-08-10 13:00:00,112.164040,112.211290,112.138130,112.201180
2026-08-10 14:00:00,112.188440,112.298780,112.188440,112.297240
2026-08-10 15:00:00,112.291570,112.311850,112.221480,112.285430
2026-08-10 16:00:00,112.282950,112.312280,112.254920,112.305460
2026-08-10 17:00:00,112.300690,112.348660,112.265210,112.275470
2026-08-10 18:00:00,112.273780,112.420930,112.257900,112.381690
2026-08-10 19:00:00,112.380410,112.463150,112.352070,112.377140
2026-08-10 20:00:00,112.378360,112.401220,112.354250,112.381000
2026-08-10 21:00:00,112.379010,112.424870,112.271170,112.351710
2026-08-10 22:00:00,112.349660,112.404440,112.340120,112.382750
2026-08-10 23:00:00,112.379790,112.401610,112.267140,112.270220
2026-08-11 00:00:00,112.271780,112.359330,112.187110,112.292340
2026-08-11 01:00:00,112.287100,112.362960,112.215460,112.360120
2026-08-11 02:00:00,112.349960,112.420660,112.341970,112.363750
2026-08-11 03:00:00,112.358230,112.378160,112.330300,112.365970
2026-08-11 04:00:00,112.362690,112.451830,112.138070,112.223760
2026-08-11 05:00:00,112.224720,112.363000,112.097930,112.334190
2026-08-11 06:00:00,112.342970,112.374260,112.265370,112.270280
2026-08-11 07:00:00,112.271210,112.398090,112.271210,112.318800
2026-08-11 08:00:00,112.312620,112.406600,112.296600,112.373720
2026-08-11 09:00:00,112.378490,112.411340,112.348870,112.409760
2026-08-11 10:00:00,112.406970,112.469140,112.402190,112.426150
2026-08-11 11:00:00,112.432200,112.462790,112.378260,112.458300
2026-08-11 12:00:00,112.454620,112.555750,112.449370,112.523090
2026-08-11 13:00:00,112.521030,112.552290,112.470910,112.522210
2026-08-11 14:00:00,112.535550,112.574850,112.495430,112.498530
2026-08-11 15:00:00,112.502370,112.502370,112.401840,112.440020
2026-08-11 16:00:00,112.442310,112.477030,112.425060,112.474310
2026-08-11 17:00:00,112.470110,112.488390,112.445850,112.458820
2026-08-11 18:00:00,112.460020,112.477880,112.395080,112.425830
2026-08-11 19:00:00,112.422780,112.483680,112.421450,112.473670
2026-08-11 20:00:00,112.475990,112.532910,112.467390,112.498180
2026-08-11 21:00:00,112.502660,112.513770,112.418820,112.449570
2026-08-11 22:00:00,112.447410,112.522240,112.432200,112.507150
2026-08-11 23:00:00,112.504860,112.540250,112.495830,112.498570
2026-08-12 00:00:00,112.500790,112.583460,112.472790,112.574120
2026-08-12 01:00:00,112.571600,112.581850,112.446830,112.463780
2026-08-12 02:00:00,112.455750,112.539830,112.420230,112.491730
2026-08-12 03:00:00,112.493840,112.564050,112.487000,112.506890
2026-08-12 04:00:00,112.501740,112.526700,112.457570,112.494280
2026-08-12 05:00:00,112.491530,112.545460,112.461640,112.544430
2026-08-12 06:00:00,112.540570,112.570260,112.462060,112.499260
2026-08-12 07:00:00,112.500740,112.569390,112.459000,112.474250
2026-08-12 08:00:00,112.477120,112.508090,112.439840,112.485250
2026-08-12 09:00:00,112.493670,112.515500,112.250630,112.435780
2026-08-12 10:00:00,112.432220,112.531560,112.429070,112.473860
2026-08-12 11:00:00,112.467950,112.504400,112.399940,112.502450
2026-08-12 12:00:00,112.498440,112.636990,112.373230,112.580590
2026-08-12 13:00:00,112.583860,112.655760,112.470840,112.620930
2026-08-12 14:00:00,112.634050,112.769680,112.570690,112.607560
2026-08-12 15:00:00,112.603080,112.660990,112.548660,112.567810
2026-08-12 16:00:00,112.569060,112.607050,112.549300,112.590710
2026-08-12 17:00:00,112.586910,112.660140,112.578350,112.639220
2026-08-12 18:00:00,112.637760,112.669390,112.623490,112.626400
2026-08-12 19:00:00,112.631040,112.660280,112.611660,112.657470
2026-08-12 20:00:00,112.651470,112.672090,112.577570,112.607700
2026-08-12 21:00:00,112.605770,112.609830,112.552860,112.582160
2026-08-12 22:00:00,112.578450,112.599250,112.563860,112.584690
2026-08-12 23:00:00,112.582740,112.589510,112.530040,112.547680
2026-08-13 00:00:00,112.543000,112.613540,112.474290,112.513130
2026-08-13 01:00:00,112.509980,112.517310,112.433680,112.467110
2026-08-13 02:00:00,112.465050,112.485440,112.432600,112.458770
2026-08-13 03:00:00,112.456650,112.456650,112.370080,112.378540
2026-08-13 04:00:00,112.384720,112.428650,112.222750,112.230550
2026-08-13 05:00:00,112.243060,112.364770,112.242520,112.298450
2026-08-13 06:00:00,112.295600,112.376950,112.294280,112.333940
2026-08-13 07:00:00,112.337250,112.376690,112.310050,112.341220
2026-08-13 08:00:00,112.338650,112.367660,112.302140,112.355430
2026-08-13 09:00:00,112.356070,112.460130,112.342100,112.451970
2026-08-13 10:00:00,112.453820,112.465530,112.400190,112.426160
2026-08-13 11:00:00,112.423330,112.423330,112.353250,112.386080
2026-08-13 12:00:00,112.380240,112.462590,112.316620,112.456190
2026-08-13 13:00:00,112.446980,112.490140,112.420470,112.422830
2026-08-13 14:00:00,112.425680,112.494120,112.324060,112.454040
2026-08-13 15:00:00,112.456740,112.499540,112.436070,112.463370
2026-08-13 16:00:00,112.465230,112.601290,112.453200,112.590320
2026-08-13 17:00:00,112.592520,112.612930,112.571600,112.579950
2026-08-13 18:00:00,112.585390,112.585390,112.538380,112.570740
2026-08-13 19:00:00,112.574090,112.623490,112.561310,112.614840
2026-08-13 20:00:00,112.615270,112.648130,112.602300,112.621280
2026-08-13 21:00:00,112.619820,112.620900,112.532080,112.608380
2026-08-13 22:00:00,112.605490,112.637810,112.579320,112.631450
2026-08-13 23:00:00,112.628580,112.645370,112.607310,112.623910
2026-08-14 00:00:00,112.620100,112.688400,112.534740,112.554880
2026-08-14 01:00:00,112.548830,112.580140,112.495480,112.529670
2026-08-14 02:00:00,112.534620,112.551250,112.481000,112.488270
2026-08-14 03:00:00,112.489460,112.562500,112.466090,112.559800
2026-08-14 04:00:00,112.552770,112.566220,112.530610,112.550180
2026-08-14 05:00:00,112.548510,112.568750,112.504630,112.562400
2026-08-14 06:00:00,112.563310,112.571130,112.466490,112.562570
2026-08-14 07:00:00,112.560380,112.628780,112.544880,112.601410
2026-08-14 08:00:00,112.603130,112.615840,112.490440,112.591450
2026-08-14 09:00:00,112.587300,112.624390,112.553810,112.592420
2026-08-14 10:00:00,112.588900,112.636570,112.577870,112.632760
2026-08-14 11:00:00,112.627050,112.714900,112.626950,112.675530
2026-08-14 12:00:00,112.676260,112.677150,112.430150,112.540250
2026-08-14 13:00:00,112.533010,112.709010,112.521680,112.701380
2026-08-14 14:00:00,112.691270,112.806310,112.676040,112.799780
2026-08-14 15:00:00,112.790020,112.909310,112.749740,112.880620
2026-08-14 16:00:00,112.884280,112.953410,112.875520,112.895720
2026-08-14 17:00:00,112.896370,112.899190,112.828350,112.842340
2026-08-14 18:00:00,112.843080,112.884570,112.825100,112.883440
2026-08-14 19:00:00,112.880910,112.913880,112.865800,112.897040
2026-08-14 20:00:00,112.895600,112.904850,112.840520,112.869960
2026-08-16 21:00:00,112.901910,112.947140,112.733710,112.862350
2026-08-16 22:00:00,112.864510,112.930560,112.815920,112.819150
2026-08-16 23:00:00,112.823850,112.877350,112.811370,112.825920
2026-08-17 00:00:00,112.822170,112.890520,112.771180,112.797190
2026-08-17 01:00:00,112.791750,112.911520,112.745920,112.894330
2026-08-17 02:00:00,112.891050,112.891050,112.777990,112.794080
2026-08-17 03:00:00,112.791390,112.975630,112.780180,112.970500
2026-08-17 04:00:00,112.957080,113.045940,112.957080,113.008590
2026-08-17 05:00:00,113.003630,113.185460,112.990190,113.162880
2026-08-17 06:00:00,113.166210,113.217470,113.117770,113.207160
2026-08-17 07:00:00,113.207690,113.234690,113.136110,113.199830
2026-08-17 08:00:00,113.204800,113.320080,113.138690,113.283620
2026-08-17 09:00:00,113.286450,113.440970,113.286450,113.426750
2026-08-17 10:00:00,113.427290,113.459570,113.388680,113.418780
2026-08-17 11:00:00,113.420750,113.486580,113.411230,113.463900
2026-08-17 12:00:00,113.465650,113.465650,113.358900,113.407500
2026-08-17 13:00:00,113.401680,113.425010,113.301840,113.327790
2026-08-17 14:00:00,113.332270,113.438030,113.273370,113.293130
2026-08-17 15:00:00,113.290390,113.342060,113.281950,113.335970
2026-08-17 16:00:00,113.332620,113.389010,113.328980,113.340960
2026-08-17 17:00:00,113.344540,113.359700,113.294010,113.324390
2026-08-17 18:00:00,113.325650,113.361550,113.303740,113.337720
2026-08-17 19:00:00,113.339440,113.347430,113.269190,113.300220
2026-08-17 20:00:00,113.297590,113.318380,113.269390,113.291300
2026-08-17 21:00:00,113.283920,113.385810,113.242500,113.252930
2026-08-17 22:00:00,113.250870,113.309790,113.248170,113.278760
2026-08-17 23:00:00,113.276960,113.280600,113.235990,113.268020
2026-08-18 00:00:00,113.264350,113.428480,113.255670,113.348040
2026-08-18 01:00:00,113.345640,113.411350,113.322420,113.372330
2026-08-18 02:00:00,113.367280,113.412910,113.329110,113.394390
2026-08-18 03:00:00,113.395870,113.412570,113.311800,113.313800
2026-08-18 04:00:00,113.312530,113.448970,113.312530,113.397640
2026-08-18 05:00:00,113.395160,113.402070,113.326930,113.365830
2026-08-18 06:00:00,113.359450,113.442310,113.331010,113.396100
2026-08-18 07:00:00,113.390060,113.464560,113.384910,113.454020
2026-08-18 08:00:00,113.451440,113.458820,113.391760,113.424490
2026-08-18 09:00:00,113.417170,113.477870,113.383920,113.474630
2026-08-18 10:00:00,113.471670,113.504070,113.460720,113.502520
2026-08-18 11:00:00,113.499480,113.557880,113.488440,113.555320
2026-08-18 12:00:00,113.550970,113.589690,113.536960,113.555600
2026-08-18 13:00:00,113.557050,113.626130,113.501640,113.529600
2026-08-18 14:00:00,113.523000,113.542660,113.253900,113.274530
2026-08-18 15:00:00,113.279960,113.317610,113.224180,113.242500
2026-08-18 16:00:00,113.246410,113.272070,113.168940,113.181350
2026-08-18 17:00:00,113.182170,113.198130,113.111320,113.112110
2026-08-18 18:00:00,113.113420,113.118790,113.042360,113.074980
2026-08-18 19:00:00,113.070530,113.134770,113.066100,113.101980
2026-08-18 20:00:00,113.105380,113.132620,113.078840,113.105700
2026-08-18 21:00:00,113.108530,113.150720,113.050700,113.067800
2026-08-18 22:00:00,113.065300,113.115360,113.052470,113.062280
2026-08-18 23:00:00,113.060060,113.064840,112.968760,112.976750
2026-08-19 00:00:00,112.972450,113.008560,112.822930,112.828860
2026-08-19 01:00:00,112.839920,112.889350,112.760950,112.843620
2026-08-19 02:00:00,112.840820,112.869900,112.772270,112.817250
2026-08-19 03:00:00,112.813830,112.825520,112.766200,112.768530
2026-08-19 04:00:00,112.771620,112.773740,112.595130,112.678070
2026-08-19 05:00:00,112.654080,112.704100,112.562420,112.616030
2026-08-19 06:00:00,112.609220,112.663300,112.541150,112.659410
2026-08-19 07:00:00,112.652120,112.704920,112.520990,112.539860
2026-08-19 08:00:00,112.547270,112.660450,112.529320,112.656460
2026-08-19 09:00:00,112.650280,112.754320,112.629090,112.643510
2026-08-19 10:00:00,112.640520,112.654810,112.562250,112.594840
2026-08-19 11:00:00,112.592450,112.617690,112.527290,112.578960
2026-08-19 12:00:00,112.572400,112.637690,112.257300,112.560350
2026-08-19 13:00:00,112.545190,112.889930,112.538370,112.784030
2026-08-19 14:00:00,112.795210,112.859070,112.646200,112.791520
2026-08-19 15:00:00,112.776400,112.905720,112.741230,112.851610
2026-08-19 16:00:00,112.844620,112.925050,112.803150,112.825080
2026-08-19 17:00:00,112.819770,112.859630,112.789680,112.816040
2026-08-19 18:00:00,112.818060,112.855210,112.696050,112.750140
2026-08-19 19:00:00,112.752230,112.794430,112.625830,112.633610
2026-08-19 20:00:00,112.645290,112.711980,112.636590,112.691170
2026-08-19 21:00:00,112.694200,112.747760,112.483810,112.629200
2026-08-19 22:00:00,112.631200,112.725850,112.591400,112.711520
2026-08-19 23:00:00,112.711550,112.779220,112.690060,112.743550
2026-08-20 00:00:00,112.739440,112.822940,112.695340,112.718110
2026-08-20 01:00:00,112.713260,113.065210,112.517710,112.786220
2026-08-20 02:00:00,112.765020,112.809580,112.664640,112.728790
2026-08-20 03:00:00,112.729810,112.824930,112.700080,112.808040
2026-08-20 04:00:00,112.806540,112.867970,112.794250,112.809950
2026-08-20 05:00:00,112.812400,112.927630,112.801390,112.872560
2026-08-20 06:00:00,112.874500,112.909810,112.766930,112.812520
2026-08-20 07:00:00,112.817190,112.898610,112.752130,112.892040
2026-08-20 08:00:00,112.888930,112.959650,112.853960,112.912880
2026-08-20 09:00:00,112.916990,112.927070,112.823050,112.882870
2026-08-20 10:00:00,112.875600,112.900950,112.829400,112.891150
2026-08-20 11:00:00,112.886390,112.952920,112.798010,112.798640
2026-08-20 12:00:00,112.800960,112.911660,112.748440,112.908270
2026-08-20 13:00:00,112.903610,113.049080,112.892820,113.001520
2026-08-20 14:00:00,113.014590,113.117630,113.007640,113.048340
2026-08-20 15:00:00,113.052780,113.161370,113.008900,113.091350
2026-08-20 16:00:00,113.099530,113.173560,113.082610,113.100270
2026-08-20 17:00:00,113.103940,113.145280,113.061030,113.143380
2026-08-20 18:00:00,113.139310,113.170770,113.090500,113.167100
2026-08-20 19:00:00,113.163450,113.194710,113.132190,113.173330
2026-08-20 20:00:00,113.173980,113.187370,113.151470,113.167690
2026-08-20 21:00:00,113.163480,113.183510,113.078680,113.096210
2026-08-20 22:00:00,113.091590,113.155820,113.078860,113.115730
2026-08-20 23:00:00,113.112730,113.146680,113.067360,113.145170
2026-08-21 00:00:00,113.141080,113.366360,113.116690,113.312720
2026-08-21 01:00:00,113.310390,113.408330,113.300410,113.403340
2026-08-21 02:00:00,113.399480,113.540990,113.384170,113.489370
2026-08-21 03:00:00,113.496670,113.603690,113.490040,113.553130
2026-08-21 04:00:00,113.550420,113.586060,113.522600,113.534310
2026-08-21 05:00:00,113.534450,113.547950,113.451580,113.498860
2026-08-21 06:00:00,113.496470,113.596230,113.448810,113.536020
2026-08-21 07:00:00,113.540580,113.572320,113.502370,113.567310
2026-08-21 08:00:00,113.556070,113.688520,113.511650,113.531020
2026-08-21 09:00:00,113.528620,113.583000,113.418600,113.552480
2026-08-21 10:00:00,113.559860,113.640500,113.531970,113.626330
2026-08-21 11:00:00,113.629250,113.684080,113.613590,113.682610
2026-08-21 12:00:00,113.680050,113.781780,113.674320,113.747690
2026-08-21 13:00:00,113.758000,113.895030,113.751580,113.869910
2026-08-21 14:00:00,113.871070,113.926470,113.822310,113.888930
2026-08-21 15:00:00,113.890800,114.064360,113.871410,114.032610
2026-08-21 16:00:00,114.035260,114.069100,113.973650,114.018760
2026-08-21 17:00:00,114.012320,114.143750,114.012320,114.141930
2026-08-21 18:00:00,114.138920,114.168600,114.128870,114.154170
2026-08-21 19:00:00,114.156130,114.164310,114.044790,114.056930
2026-08-21 20:00:00,114.054810,114.061730,113.990740,114.004710
2026-08-23 21:00:00,113.947630,113.962950,113.599620,113.786310
2026-08-23 22:00:00,113.795280,113.987710,113.795280,113.968400
2026-08-23 23:00:00,113.966830,113.990760,113.933600,113.953760
2026-08-24 00:00:00,113.960040,113.981090,113.821350,113.879460
2026-08-24 01:00:00,113.880550,113.962390,113.856190,113.863360
2026-08-24 02:00:00,113.861120,113.923540,113.819950,113.853720
2026-08-24 03:00:00,113.858730,113.898920,113.841270,113.870060
2026-08-24 04:00:00,113.867830,113.896910,113.789620,113.865740
2026-08-24 05:00:00,113.863780,113.953140,113.857410,113.924990
2026-08-24 06:00:00,113.929410,114.004930,113.857330,114.004420
2026-08-24 07:00:00,114.001310,114.049940,113.989810,114.032500
2026-08-24 08:00:00,114.027470,114.069670,113.989820,113.991830
2026-08-24 09:00:00,113.994320,114.056810,113.971340,114.047710
2026-08-24 10:00:00,114.044470,114.072060,113.970670,113.995330
2026-08-24 11:00:00,113.993730,114.052390,113.936600,113.987210
2026-08-24 12:00:00,113.983030,113.992280,113.860420,113.906250
2026-08-24 13:00:00,113.908990,114.076140,113.907940,113.979440
2026-08-24 14:00:00,113.972860,113.999610,113.870840,113.890660
2026-08-24 15:00:00,113.892530,113.897320,113.805590,113.822090
2026-08-24 16:00:00,113.815340,113.876470,113.708190,113.754100
2026-08-24 17:00:00,113.757890,113.763160,113.673950,113.681960
2026-08-24 18:00:00,113.684070,113.814050,113.682740,113.784000
2026-08-24 19:00:00,113.781590,113.798740,113.751430,113.783410
2026-08-24 20:00:00,113.777010,113.796140,113.740480,113.758940
2026-08-24 21:00:00,113.758980,113.765710,113.695750,113.741550
2026-08-24 22:00:00,113.738520,113.781110,113.706110,113.762580
2026-08-24 23:00:00,113.760820,113.867910,113.718460,113.865540
2026-08-25 00:00:00,113.860350,113.939870,113.832570,113.935410
2026-08-25 01:00:00,113.922070,113.963050,113.865290,113.918230
2026-08-25 02:00:00,113.929820,114.042990,113.909800,113.989570
2026-08-25 03:00:00,113.992090,114.054660,113.937390,113.941840
2026-08-25 04:00:00,113.949320,113.949320,113.807120,113.889030
2026-08-25 05:00:00,113.885010,113.983680,113.874700,113.879150
2026-08-25 06:00:00,113.884330,113.945930,113.834550,113.875240
2026-08-25 07:00:00,113.860180,113.934080,113.848570,113.916110
2026-08-25 08:00:00,113.913930,113.968270,113.846610,113.922060
2026-08-25 09:00:00,113.923790,113.997360,113.861940,113.962250
2026-08-25 10:00:00,113.964760,113.966060,113.897800,113.931230
2026-08-25 11:00:00,113.931830,113.984050,113.916270,113.925890
2026-08-25 12:00:00,113.927930,113.975250,113.885700,113.970750
2026-08-25 13:00:00,113.964190,114.013360,113.926100,113.943570
2026-08-25 14:00:00,113.959690,114.045840,113.948080,113.995010
2026-08-25 15:00:00,113.987780,114.017200,113.935680,113.992710
2026-08-25 16:00:00,113.988490,114.009870,113.953380,113.955810
2026-08-25 17:00:00,113.961660,113.995610,113.956780,113.964610
2026-08-25 18:00:00,113.966920,114.013280,113.952220,114.005650
2026-08-25 19:00:00,114.003390,114.023520,113.984720,114.011320
2026-08-25 20:00:00,114.004580,114.113920,114.004580,114.065330
2026-08-25 21:00:00,114.073530,114.079670,114.011290,114.057060
2026-08-25 22:00:00,114.052070,114.075990,114.029550,114.073010
2026-08-25 23:00:00,114.071220,114.123650,114.051440,114.094210
2026-08-26 00:00:00,114.089970,114.158890,113.999170,114.005880
2026-08-26 01:00:00,114.009760,114.205520,113.951760,114.150240
2026-08-26 02:00:00,114.146900,114.254020,114.040250,114.168800
2026-08-26 03:00:00,114.163180,114.241420,114.139010,114.160780
2026-08-26 04:00:00,114.161970,114.197620,114.083510,114.147840
2026-08-26 05:00:00,114.143140,114.226620,114.135660,114.225600
2026-08-26 06:00:00,114.222630,114.300160,114.144710,114.203170
2026-08-26 07:00:00,114.198390,114.200930,114.121960,114.169590
2026-08-26 08:00:00,114.169220,114.227040,114.149740,114.187510
2026-08-26 09:00:00,114.183850,114.215610,114.138880,114.187940
2026-08-26 10:00:00,114.184440,114.255130,114.176190,114.239910
2026-08-26 11:00:00,114.241350,114.309500,114.223160,114.301130
2026-08-26 12:00:00,114.302800,114.326590,114.225360,114.298550
2026-08-26 13:00:00,114.294030,114.408980,114.274580,114.369170
2026-08-26 14:00:00,114.380930,114.394350,114.218950,114.221340
2026-08-26 15:00:00,114.226180,114.255360,114.187900,114.237530
2026-08-26 16:00:00,114.241340,114.291760,114.223460,114.285490
2026-08-26 17:00:00,114.286660,114.346480,114.276910,114.336030
2026-08-26 18:00:00,114.338000,114.356170,114.311200,114.311770
2026-08-26 19:00:00,114.313790,114.339060,114.269340,114.308670
2026-08-26 20:00:00,114.305980,114.327250,114.277810,114.296630
2026-08-26 21:00:00,114.293520,114.321490,114.161940,114.318320
2026-08-26 22:00:00,114.311660,114.359190,114.296950,114.348180
2026-08-26 23:00:00,114.349970,114.421250,114.346860,114.363950
2026-08-27 00:00:00,114.367000,114.376920,114.198300,114.314200
2026-08-27 01:00:00,114.311440,114.405360,114.276700,114.396320
2026-08-27 02:00:00,114.387370,114.509780,114.387370,114.447750
2026-08-27 03:00:00,114.443200,114.478980,114.420680,114.463300
2026-08-27 04:00:00,114.460180,114.528370,114.434040,114.527190
2026-08-27 05:00:00,114.523590,114.523590,114.407840,114.464310
2026-08-27 06:00:00,114.460650,114.520520,114.435840,114.477470
2026-08-27 07:00:00,114.474400,114.496930,114.387610,114.438950
2026-08-27 08:00:00,114.433460,114.510440,114.432450,114.453110
2026-08-27 09:00:00,114.451300,114.470740,114.382910,114.440560
2026-08-27 10:00:00,114.446450,114.522780,114.434580,114.499190
2026-08-27 11:00:00,114.501790,114.588810,114.480430,114.582410
2026-08-27 12:00:00,114.571000,114.631390,114.555200,114.584080
2026-08-27 13:00:00,114.581530,114.681750,114.560740,114.627720
2026-08-27 14:00:00,114.624160,114.640150,114.521620,114.579950
2026-08-27 15:00:00,114.568840,114.636670,114.556430,114.616740
2026-08-27 16:00:00,114.620170,114.645160,114.578870,114.640030
2026-08-27 17:00:00,114.633130,114.719180,114.633040,114.716810
2026-08-27 18:00:00,114.713470,114.734710,114.671500,114.722900
2026-08-27 19:00:00,114.718400,114.736910,114.699820,114.708770
2026-08-27 20:00:00,114.711400,114.726900,114.673950,114.699340
2026-08-27 21:00:00,114.697380,114.704710,114.567390,114.673340
2026-08-27 22:00:00,114.669140,114.697750,114.654190,114.666060
2026-08-27 23:00:00,114.667640,114.668100,114.625770,114.633970
2026-08-28 00:00:00,114.634990,114.721570,114.629670,114.693290
2026-08-28 01:00:00,114.690200,114.761410,114.684270,114.740200
2026-08-28 02:00:00,114.736040,114.872670,114.736040,114.869670
2026-08-28 03:00:00,114.867720,114.891550,114.798610,114.825260
2026-08-28 04:00:00,114.822420,114.865610,114.801110,114.822920
2026-08-28 05:00:00,114.817140,114.842930,114.757070,114.789520
2026-08-28 06:00:00,114.786870,114.847770,114.712530,114.792310
2026-08-28 07:00:00,114.804370,114.804370,114.718480,114.784500
2026-08-28 08:00:00,114.781740,114.825850,114.762670,114.802900
2026-08-28 09:00:00,114.801450,114.933170,114.785900,114.928670
2026-08-28 10:00:00,114.925440,114.963730,114.916430,114.946390
2026-08-28 11:00:00,114.948610,114.948970,114.858190,114.860830
2026-08-28 12:00:00,114.860680,114.921350,114.814530,114.916620
2026-08-28 13:00:00,114.913980,114.964830,114.851090,114.888700
2026-08-28 14:00:00,114.879910,114.898050,114.562020,114.891620
2026-08-28 15:00:00,114.877050,114.877050,114.607910,114.610280
2026-08-28 16:00:00,114.615730,114.740290,114.593170,114.719970
2026-08-28 17:00:00,114.717970,114.732780,114.638250,114.653980
2026-08-28 18:00:00,114.656100,114.678780,114.611410,114.637520
2026-08-28 19:00:00,114.640680,114.695880,114.615830,114.672290
2026-08-28 20:00:00,114.675780,114.687960,114.610190,114.669050
2026-08-30 21:00:00,114.577920,114.680720,114.507600,114.679130
2026-08-30 22:00:00,114.677060,114.687770,114.632530,114.654960
2026-08-30 23:00:00,114.650570,114.729050,114.633000,114.658700
2026-08-31 00:00:00,114.653110,114.653110,114.515380,114.623310
2026-08-31 01:00:00,114.616030,114.616030,114.448820,114.544640
2026-08-31 02:00:00,114.540060,114.560680,114.437170,114.509960
2026-08-31 03:00:00,114.506360,114.574470,114.489030,114.546220
2026-08-31 04:00:00,114.543910,114.544260,114.472690,114.516450
2026-08-31 05:00:00,114.512410,114.563060,114.452490,114.540220
2026-08-31 06:00:00,114.536250,114.566270,114.453350,114.454980
2026-08-31 07:00:00,114.456600,114.466540,114.244910,114.277380
2026-08-31 08:00:00,114.271990,114.356500,114.213170,114.355660
2026-08-31 09:00:00,114.353340,114.393780,114.331550,114.373940
2026-08-31 10:00:00,114.376250,114.415770,114.312540,114.313170
2026-08-31 11:00:00,114.313830,114.374230,114.268110,114.366950
2026-08-31 12:00:00,114.363780,114.454290,114.356020,114.452070
2026-08-31 13:00:00,114.448670,114.511810,114.447110,114.461760
2026-08-31 14:00:00,114.463520,114.508440,114.410700,114.445960
2026-08-31 15:00:00,114.458540,114.490400,114.398640,114.471600
2026-08-31 16:00:00,114.473650,114.482830,114.435950,114.457390
2026-08-31 17:00:00,114.453380,114.468710,114.415720,114.439400
2026-08-31 18:00:00,114.442280,114.489830,114.420120,114.486800
2026-08-31 19:00:00,114.481910,114.520240,114.432900,114.497430
2026-08-31 20:00:00,114.500500,114.506590,114.453180,114.489100
2026-08-31 21:00:00,114.485780,114.520760,114.458710,114.499640
2026-08-31 22:00:00,114.495700,114.510410,114.462880,114.499220
2026-08-31 23:00:00,114.497180,114.565550,114.492150,114.557640
2026-09-01 00:00:00,114.551500,114.675930,114.545850,114.580400
2026-09-01 01:00:00,114.583180,114.652190,114.527620,114.578790
2026-09-01 02:00:00,114.572680,114.640830,114.563970,114.613210
2026-09-01 03:00:00,114.609660,114.635430,114.517710,114.540490
2026-09-01 04:00:00,114.547840,114.609520,114.519900,114.589540
2026-09-01 05:00:00,114.586970,114.662040,114.573840,114.638310
2026-09-01 06:00:00,114.633900,114.680950,114.586370,114.588320
2026-09-01 07:00:00,114.590370,114.633770,114.455950,114.466520
2026-09-01 08:00:00,114.462720,114.505990,114.252770,114.262860
2026-09-01 09:00:00,114.259670,114.350030,114.183690,114.322710
2026-09-01 10:00:00,114.327960,114.385710,114.306840,114.376070
2026-09-01 11:00:00,114.372080,114.424690,114.349230,114.406600
2026-09-01 12:00:00,114.402990,114.534290,114.343150,114.530870
2026-09-01 13:00:00,114.525810,114.549380,114.427310,114.495220
2026-09-01 14:00:00,114.505870,114.570720,114.448700,114.530250
2026-09-01 15:00:00,114.522140,114.602200,114.485690,114.564480
2026-09-01 16:00:00,114.566640,114.585250,114.493540,114.538230
2026-09-01 17:00:00,114.534390,114.548450,114.500690,114.521610
2026-09-01 18:00:00,114.523940,114.544420,114.471150,114.502240
2026-09-01 19:00:00,114.503140,114.507490,114.456520,114.457640
2026-09-01 20:00:00,114.459330,114.468810,114.428570,114.458090
2026-09-01 21:00:00,114.456020,114.543750,114.411990,114.441740
2026-09-01 22:00:00,114.439740,114.508380,114.426000,114.505250
2026-09-01 23:00:00,114.503310,114.523890,114.458400,114.506090
2026-09-02 00:00:00,114.499960,114.499960,114.407580,114.468560
2026-09-02 01:00:00,114.465820,114.675840,114.450310,114.621180
2026-09-02 02:00:00,114.620010,114.644010,114.447170,114.472030
2026-09-02 03:00:00,114.477090,114.513460,114.376190,114.412810
2026-09-02 04:00:00,114.408250,114.418960,114.175010,114.202090
2026-09-02 05:00:00,114.194790,114.290410,114.153880,114.157760
2026-09-02 06:00:00,114.161070,114.170710,113.864060,113.981660
2026-09-02 07:00:00,113.977720,114.129570,113.933340,114.083590
2026-09-02 08:00:00,114.089050,114.119350,113.870300,113.946730
2026-09-02 09:00:00,113.940650,113.985370,113.847260,113.862260
2026-09-02 10:00:00,113.871040,114.043430,113.867170,114.038050
2026-09-02 11:00:00,114.030370,114.078550,113.975480,114.060340
2026-09-02 12:00:00,114.062230,114.161650,114.033720,114.082820
2026-09-02 13:00:00,114.089750,114.165020,113.410270,113.728850
2026-09-02 14:00:00,113.705540,113.881260,113.688420,113.770950
2026-09-02 15:00:00,113.783510,113.864350,113.774150,113.851170
2026-09-02 16:00:00,113.847190,113.885590,113.835060,113.861120
2026-09-02 17:00:00,113.863330,113.948850,113.842810,113.909100
2026-09-02 18:00:00,113.913150,113.961220,113.874320,113.936550
2026-09-02 19:00:00,113.933270,113.977640,113.845490,113.849590
2026-09-02 20:00:00,113.855950,113.864060,113.750010,113.807640
2026-09-02 21:00:00,113.805500,113.828340,113.658400,113.791100
2026-09-02 22:00:00,113.779070,113.848640,113.762040,113.820300
2026-09-02 23:00:00,113.815240,113.880440,113.781800,113.847070
2026-09-03 00:00:00,113.853440,113.902890,113.639300,113.731660
2026-09-03 01:00:00,113.728520,113.748690,113.415620,113.575710
2026-09-03 02:00:00,113.568470,113.605640,113.179730,113.227450
2026-09-03 03:00:00,113.218310,113.218310,112.974170,113.136580
2026-09-03 04:00:00,113.131280,113.194200,113.009600,113.050940
2026-09-03 05:00:00,113.057960,113.084740,112.745480,112.773530
2026-09-03 06:00:00,112.776120,112.817100,112.544080,112.563770
2026-09-03 07:00:00,112.556590,112.876350,112.112730,112.730540
2026-09-03 08:00:00,112.722790,112.773230,112.448770,112.522900
2026-09-03 09:00:00,112.524240,112.653480,112.225820,112.364230
2026-09-03 10:00:00,112.369290,112.404540,112.216340,112.401550
2026-09-03 11:00:00,112.395630,112.414740,112.123460,112.274020
2026-09-03 12:00:00,112.270760,112.304400,111.919520,112.075820
2026-09-03 13:00:00,112.067650,112.206220,111.794340,111.823730
2026-09-03 14:00:00,111.843580,111.971980,111.681480,111.806280
2026-09-03 15:00:00,111.793610,112.063590,111.771220,111.882800
2026-09-03 16:00:00,111.875940,111.959410,111.832980,111.942850
2026-09-03 17:00:00,111.939460,112.031080,111.924070,112.009070
2026-09-03 18:00:00,112.006500,112.116000,111.987450,112.068920
2026-09-03 19:00:00,112.067100,112.227430,112.047970,112.168720
2026-09-03 20:00:00,112.162080,112.219540,112.162080,112.193800
2026-09-03 21:00:00,112.196130,112.303520,112.138170,112.221640
2026-09-03 22:00:00,112.213660,112.411980,112.140050,112.408890
2026-09-03 23:00:00,112.401180,112.448750,112.087870,112.092860
2026-09-04 00:00:00,112.100840,112.315850,111.855150,112.205330
2026-09-04 01:00:00,112.163850,112.601050,112.160120,112.443480
2026-09-04 02:00:00,112.453990,112.522150,112.345910,112.513940
2026-09-04 03:00:00,112.511490,112.728510,112.475450,112.725430
2026-09-04 04:00:00,112.720290,112.799610,112.670340,112.730620
2026-09-04 05:00:00,112.727490,112.769360,112.657020,112.712720
2026-09-04 06:00:00,112.714500,112.795640,112.479580,112.584460
2026-09-04 07:00:00,112.574660,112.666410,112.545000,112.559160
2026-09-04 08:00:00,112.562930,112.664410,112.534330,112.633680
2026-09-04 09:00:00,112.638550,112.730710,112.534860,112.653220
2026-09-04 10:00:00,112.662000,112.673940,112.531160,112.558870
2026-09-04 11:00:00,112.562420,112.599210,112.514140,112.565610
2026-09-04 12:00:00,112.561440,112.667990,111.768740,112.008020
2026-09-04 13:00:00,112.039630,112.257050,111.961260,112.247740
2026-09-04 14:00:00,112.237880,112.512780,112.197130,112.452070
2026-09-04 15:00:00,112.457870,112.543440,112.406540,112.533990
2026-09-04 16:00:00,112.526690,112.569400,112.499370,112.542650
2026-09-04 17:00:00,112.540230,112.572630,112.463050,112.489540
2026-09-04 18:00:00,112.486840,112.559790,112.460010,112.552510
2026-09-04 19:00:00,112.549910,112.620960,112.536960,112.617140
2026-09-04 20:00:00,112.614990,112.623550,112.556960,112.566470
2026-09-06 21:00:00,112.320760,112.475430,112.302520,112.474800
2026-09-06 22:00:00,112.473350,112.617820,112.442150,112.568240
2026-09-06 23:00:00,112.567110,112.611910,112.503060,112.574670
2026-09-07 00:00:00,112.565460,112.606990,112.286070,112.379990
2026-09-07 01:00:00,112.387590,112.508980,112.346690,112.404340
2026-09-07 02:00:00,112.400900,112.498660,112.371360,112.437260
2026-09-07 03:00:00,112.442040,112.479510,112.384720,112.421070
2026-09-07 04:00:00,112.426550,112.497810,112.406830,112.430030
2026-09-07 05:00:00,112.437500,112.483230,112.349990,112.353350
2026-09-07 06:00:00,112.357490,112.449060,112.243250,112.444300
2026-09-07 07:00:00,112.437740,112.483590,112.336770,112.338750
2026-09-07 08:00:00,112.341650,112.362870,111.270670,111.549560
2026-09-07 09:00:00,111.540740,111.559440,111.366350,111.558370
2026-09-07 10:00:00,111.555300,111.727770,111.499710,111.659250
2026-09-07 11:00:00,111.662780,111.698960,111.564090,111.636320
2026-09-07 12:00:00,111.632070,111.673310,111.307300,111.448690
2026-09-07 13:00:00,111.441400,111.610060,111.387970,111.608540
2026-09-07 14:00:00,111.604300,111.669780,111.387900,111.392030
2026-09-07 15:00:00,111.398860,111.482180,111.354440,111.435630
2026-09-07 16:00:00,111.440890,111.474730,111.389050,111.407090
2026-09-07 17:00:00,111.410620,111.449510,111.395530,111.429870
2026-09-07 18:00:00,111.432010,111.455790,111.404280,111.412660
2026-09-07 19:00:00,111.409770,111.454430,111.391450,111.414190
2026-09-07 20:00:00,111.412290,111.450160,111.396680,111.434970
2026-09-07 21:00:00,111.438670,111.495590,111.374820,111.426160
2026-09-07 22:00:00,111.420020,111.461810,111.287200,111.296640
2026-09-07 23:00:00,111.299860,111.311160,111.048930,111.092200
2026-09-08 00:00:00,111.102210,111.153010,110.813700,111.014290
2026-09-08 01:00:00,111.006890,111.038530,110.679780,110.688450
2026-09-08 02:00:00,110.695750,110.708130,110.284400,110.542810
2026-09-08 03:00:00,110.525390,110.661550,110.437310,110.635320
2026-09-08 04:00:00,110.644240,110.796870,110.568270,110.758920
2026-09-08 05:00:00,110.753770,110.814320,110.608450,110.727530
2026-09-08 06:00:00,110.763100,110.977600,110.660560,110.874170
2026-09-08 07:00:00,110.862220,111.088220,110.859020,110.945230
2026-09-08 08:00:00,110.938100,111.193570,110.880010,111.189370
2026-09-08 09:00:00,111.179230,111.184170,110.945400,111.040530
2026-09-08 10:00:00,111.035330,111.229600,111.016410,111.225170
2026-09-08 11:00:00,111.211420,111.372720,111.208000,111.328080
2026-09-08 12:00:00,111.320510,111.332410,111.088510,111.120950
2026-09-08 13:00:00,111.122510,111.245100,111.059160,111.188300
2026-09-08 14:00:00,111.180490,111.359170,111.118290,111.222380
2026-09-08 15:00:00,111.222510,111.417990,111.219670,111.329200
2026-09-08 16:00:00,111.324940,111.400860,111.289240,111.369470
2026-09-08 17:00:00,111.367570,111.431570,111.349230,111.397650
2026-09-08 18:00:00,111.404480,111.509830,111.163750,111.192640
2026-09-08 19:00:00,111.241540,111.241540,110.952780,111.132950
2026-09-08 20:00:00,111.129390,111.153880,111.093720,111.135820
2026-09-08 21:00:00,111.137340,111.211310,111.038930,111.082000
2026-09-08 22:00:00,111.085940,111.136700,110.905780,110.977510
2026-09-08 23:00:00,110.980140,110.984780,110.785080,110.838990
2026-09-09 00:00:00,110.827880,111.092670,110.720260,110.978650
2026-09-09 01:00:00,110.989870,111.111640,110.894080,110.932180
2026-09-09 02:00:00,110.935330,111.010540,110.853990,110.890460
2026-09-09 03:00:00,110.883240,110.971830,110.776710,110.858580
2026-09-09 04:00:00,110.859370,110.945450,110.745280,110.941590
2026-09-09 05:00:00,110.933670,110.976150,110.815410,110.825120
2026-09-09 06:00:00,110.843620,110.902220,110.668910,110.890930
2026-09-09 07:00:00,110.879500,110.981640,110.729370,110.735260
2026-09-09 08:00:00,110.743980,111.028600,110.729940,111.000340
2026-09-09 09:00:00,110.988600,111.010310,110.770370,110.877720
2026-09-09 10:00:00,110.869520,110.878480,110.749200,110.797430
2026-09-09 11:00:00,110.794030,110.806550,110.655350,110.659040
2026-09-09 12:00:00,110.662820,110.859070,110.650750,110.776110
2026-09-09 13:00:00,110.773430,110.950110,110.731290,110.801440
2026-09-09 14:00:00,110.805430,110.847860,110.693220,110.800370
2026-09-09 15:00:00,110.798950,110.943590,110.706660,110.818840
2026-09-09 16:00:00,110.816380,110.898320,110.789290,110.873480
2026-09-09 17:00:00,110.877130,110.896010,110.829770,110.843970
2026-09-09 18:00:00,110.846380,110.911210,110.808020,110.891160
2026-09-09 19:00:00,110.893020,110.940600,110.848810,110.877750
2026-09-09 20:00:00,110.873740,110.898060,110.821740,110.840590
2026-09-09 21:00:00,110.838650,110.926190,110.786590,110.795190
2026-09-09 22:00:00,110.791430,110.838440,110.675050,110.676940
2026-09-09 23:00:00,110.682530,110.919390,110.665340,110.892920
2026-09-10 00:00:00,110.897750,110.940420,110.850330,110.894980
2026-09-10 01:00:00,110.897890,110.920220,110.771220,110.802940
2026-09-10 02:00:00,110.800000,110.858180,110.685300,110.816980
2026-09-10 03:00:00,110.816060,110.843670,110.726970,110.738010
2026-09-10 04:00:00,110.736510,110.798960,110.713610,110.796180
2026-09-10 05:00:00,110.794040,110.915680,110.755310,110.898700
2026-09-10 06:00:00,110.893350,110.908690,110.712180,110.717230
2026-09-10 07:00:00,110.726170,110.786580,110.633980,110.668690
2026-09-10 08:00:00,110.664500,110.837350,110.620960,110.802810
2026-09-10 09:00:00,110.799000,110.887140,110.767330,110.841380
2026-09-10 10:00:00,110.837330,111.010670,110.754360,110.958720
2026-09-10 11:00:00,110.968880,110.968880,110.855480,110.859970
2026-09-10 12:00:00,110.861420,110.885600,110.564170,110.579160
2026-09-10 13:00:00,110.585820,110.606230,110.312120,110.402070
2026-09-10 14:00:00,110.416930,110.422400,110.246780,110.333450
2026-09-10 15:00:00,110.340200,110.497680,110.256320,110.465830
2026-09-10 16:00:00,110.462350,110.659370,110.451390,110.590210
2026-09-10 17:00:00,110.593240,110.608720,110.516510,110.524540
2026-09-10 18:00:00,110.529420,110.558350,110.484100,110.489190
2026-09-10 19:00:00,110.500050,110.530430,110.437990,110.494620
2026-09-10 20:00:00,110.488890,110.574830,110.468200,110.554760
2026-09-10 21:00:00,110.561130,110.649940,110.469260,110.491600
2026-09-10 22:00:00,110.494680,110.606840,110.484820,110.549010
2026-09-10 23:00:00,110.547560,110.715480,110.519330,110.544320
2026-09-11 00:00:00,110.549480,110.765680,110.498710,110.734970
2026-09-11 01:00:00,110.736750,110.741280,110.450170,110.518520
2026-09-11 02:00:00,110.523250,110.599540,110.459810,110.461920
2026-09-11 03:00:00,110.464870,110.507060,110.420910,110.457490
2026-09-11 04:00:00,110.450590,110.554150,110.426060,110.520560
2026-09-11 05:00:00,110.517300,110.534550,110.403360,110.464050
2026-09-11 06:00:00,110.466770,110.617180,110.445690,110.601610
2026-09-11 07:00:00,110.599010,110.629490,110.541040,110.593510
2026-09-11 08:00:00,110.593380,110.669620,110.445850,110.454940
2026-09-11 09:00:00,110.457610,110.563030,110.441110,110.485370
2026-09-11 10:00:00,110.482790,110.527520,110.388090,110.391640
2026-09-11 11:00:00,110.397370,110.547970,110.358710,110.490220
2026-09-11 12:00:00,110.484940,110.599000,110.207560,110.298960
2026-09-11 13:00:00,110.315980,110.315980,110.091170,110.176690
2026-09-11 14:00:00,110.183980,110.272730,110.082980,110.086410
2026-09-11 15:00:00,110.093440,110.280160,110.066930,110.276420
2026-09-11 16:00:00,110.268650,110.317060,110.254720,110.298810
2026-09-11 17:00:00,110.301060,110.321860,110.246460,110.281100
2026-09-11 18:00:00,110.284510,110.295560,110.227640,110.252420
2026-09-11 19:00:00,110.257010,110.307140,110.248370,110.251440
2026-09-11 20:00:00,110.253000,110.261980,110.063740,110.091310
2026-09-13 21:00:00,110.023220,110.153590,109.725960,109.951370
2026-09-13 22:00:00,109.955870,110.119550,109.895630,110.053600
2026-09-13 23:00:00,110.052580,110.060360,109.727410,109.731370
2026-09-14 00:00:00,109.737990,109.903490,109.676520,109.897250
2026-09-14 01:00:00,109.885410,109.945540,109.734910,109.911790
2026-09-14 02:00:00,109.911950,110.250140,109.911950,110.185610
2026-09-14 03:00:00,110.189060,110.229070,110.110140,110.128150
2026-09-14 04:00:00,110.124510,110.176550,110.088090,110.145410
2026-09-14 05:00:00,110.141430,110.150100,110.024540,110.091320
2026-09-14 06:00:00,110.094020,110.198260,110.036660,110.126840
2026-09-14 07:00:00,110.122370,110.251610,110.104940,110.167800
2026-09-14 08:00:00,110.165470,110.228670,110.152320,110.196190
2026-09-14 09:00:00,110.191150,110.207870,110.086090,110.153920
2026-09-14 10:00:00,110.156670,110.279360,110.119510,110.181940
2026-09-14 11:00:00,110.184820,110.246610,110.159780,110.212880
2026-09-14 12:00:00,110.215570,110.243460,110.112550,110.176630
2026-09-14 13:00:00,110.174260,110.256540,110.093160,110.202560
2026-09-14 14:00:00,110.210020,110.257070,110.103070,110.244260
2026-09-14 15:00:00,110.224160,110.337850,110.201770,110.259900
2026-09-14 16:00:00,110.261710,110.340740,110.203610,110.288830
2026-09-14 17:00:00,110.293790,110.327540,110.273700,110.300140
2026-09-14 18:00:00,110.296130,110.309200,110.090300,110.097360
2026-09-14 19:00:00,110.106320,110.213800,110.058280,110.212050
2026-09-14 20:00:00,110.209940,110.242680,110.197450,110.206800
2026-09-14 21:00:00,110.205010,110.211370,110.116590,110.181330
2026-09-14 22:00:00,110.179070,110.231380,110.151170,110.157860
2026-09-14 23:00:00,110.156220,110.246750,110.098410,110.200420
2026-09-15 00:00:00,110.203570,110.327890,110.196790,110.325190
2026-09-15 01:00:00,110.322460,110.393100,110.284120,110.391860
2026-09-15 02:00:00,110.389100,110.454930,110.348510,110.402010
2026-09-15 03:00:00,110.412190,110.421100,110.167220,110.172480
2026-09-15 04:00:00,110.181930,110.198180,110.084710,110.172630
2026-09-15 05:00:00,110.172570,110.304120,110.134150,110.265460
2026-09-15 06:00:00,110.259520,110.295940,110.210620,110.294620
2026-09-15 07:00:00,110.290880,110.393190,110.213260,110.387350
2026-09-15 08:00:00,110.383960,110.526380,110.317460,110.447190
2026-09-15 09:00:00,110.446850,110.482160,110.392360,110.458400
2026-09-15 10:00:00,110.447720,110.447720,110.290940,110.365570
2026-09-15 11:00:00,110.355950,110.414860,110.325000,110.407300
2026-09-15 12:00:00,110.390780,110.504130,110.390780,110.448030
2026-09-15 13:00:00,110.452460,110.576680,110.436390,110.552210
2026-09-15 14:00:00,110.542600,110.578360,110.415390,110.564430
2026-09-15 15:00:00,110.559550,110.639740,110.516390,110.560210
2026-09-15 16:00:00,110.555010,110.602040,110.522100,110.600520
2026-09-15 17:00:00,110.598010,110.659550,110.588290,110.624570
2026-09-15 18:00:00,110.625940,110.663370,110.609790,110.610860
2026-09-15 19:00:00,110.612110,110.628190,110.592720,110.600160
2026-09-15 20:00:00,110.602980,110.631330,110.599950,110.620080
2026-09-15 21:00:00,110.616840,110.644380,110.536720,110.598340
2026-09-15 22:00:00,110.596030,110.632400,110.542590,110.590110
2026-09-15 23:00:00,110.582610,110.734400,110.573660,110.641080
2026-09-16 00:00:00,110.646190,110.754430,110.532410,110.721550
2026-09-16 01:00:00,110.725700,110.806970,110.667960,110.671430
2026-09-16 02:00:00,110.677030,110.722530,110.611390,110.656790
2026-09-16 03:00:00,110.654880,110.732850,110.646480,110.708550
2026-09-16 04:00:00,110.715040,110.761980,110.682850,110.741190
2026-09-16 05:00:00,110.738140,110.760840,110.685430,110.710510
2026-09-16 06:00:00,110.705620,110.705620,110.521080,110.524500
2026-09-16 07:00:00,110.528070,110.600890,110.477830,110.481270
2026-09-16 08:00:00,110.484600,110.595880,110.468420,110.595510
2026-09-16 09:00:00,110.591840,110.624750,110.546280,110.600500
2026-09-16 10:00:00,110.602790,110.695630,110.593100,110.622720
2026-09-16 11:00:00,110.619830,110.676430,110.550330,110.552230
2026-09-16 12:00:00,110.554450,110.702590,110.546380,110.689340
2026-09-16 13:00:00,110.691730,110.724400,110.631320,110.691510
2026-09-16 14:00:00,110.687800,110.700310,110.610380,110.613800
2026-09-16 15:00:00,110.618940,110.634050,110.572270,110.607980
2026-09-16 16:00:00,110.608330,110.741540,110.598770,110.612780
2026-09-16 17:00:00,110.610790,110.630970,110.578690,110.608720
2026-09-16 18:00:00,110.605920,110.712920,110.466410,110.560800
2026-09-16 19:00:00,110.558210,110.738920,110.424310,110.734970
2026-09-16 20:00:00,110.729590,110.854870,110.702350,110.782510
2026-09-16 21:00:00,110.780740,110.849460,110.662460,110.770250
2026-09-16 22:00:00,110.776850,110.787910,110.698340,110.729830
2026-09-16 23:00:00,110.731000,110.787310,110.594440,110.612480
2026-09-17 00:00:00,110.604580,110.733500,110.520690,110.721730
2026-09-17 01:00:00,110.714510,110.831280,110.681350,110.796360
2026-09-17 02:00:00,110.793000,110.949990,110.770600,110.884430
2026-09-17 03:00:00,110.889910,110.943310,110.827060,110.941300
2026-09-17 04:00:00,110.936890,110.957240,110.893100,110.920150
2026-09-17 05:00:00,110.923990,110.953520,110.663010,110.678520
2026-09-17 06:00:00,110.668540,110.812750,110.642200,110.718490
2026-09-17 07:00:00,110.719860,110.860120,110.685160,110.806540
2026-09-17 08:00:00,110.821000,110.864370,110.770820,110.810860
2026-09-17 09:00:00,110.808350,110.834330,110.674230,110.758900
2026-09-17 10:00:00,110.752060,110.762230,110.575870,110.661160
2026-09-17 11:00:00,110.650920,110.831170,110.650920,110.824940
2026-09-17 12:00:00,110.809790,110.857420,110.662780,110.795820
2026-09-17 13:00:00,110.787960,110.832940,110.745150,110.765740
2026-09-17 14:00:00,110.758990,110.871640,110.735700,110.770600
2026-09-17 15:00:00,110.762270,110.872460,110.745700,110.869830
2026-09-17 16:00:00,110.864840,111.007480,110.835460,111.000490
2026-09-17 17:00:00,110.989420,111.032980,110.949730,110.968900
2026-09-17 18:00:00,110.965790,110.983230,110.931350,110.934430
2026-09-17 19:00:00,110.941220,110.963010,110.890630,110.915380
2026-09-17 20:00:00,110.910940,110.942960,110.892740,110.899290
2026-09-17 21:00:00,110.899510,110.968190,110.876690,110.877520
2026-09-17 22:00:00,110.879890,110.936520,110.868530,110.874710
2026-09-17 23:00:00,110.874950,111.119360,110.834040,111.104960
2026-09-18 00:00:00,111.110270,111.186480,111.060820,111.170980
2026-09-18 01:00:00,111.167000,111.227710,111.108090,111.212170
2026-09-18 02:00:00,111.215560,111.641700,111.003840,111.580260
2026-09-18 03:00:00,111.569390,112.086980,111.456320,112.028510
2026-09-18 04:00:00,112.033380,112.078240,111.913550,112.001920
2026-09-18 05:00:00,111.997300,112.103620,111.906120,111.973860
2026-09-18 06:00:00,111.980640,112.110340,111.600700,111.865990
2026-09-18 07:00:00,111.853140,112.222660,111.711780,112.208130
2026-09-18 08:00:00,112.181650,112.507420,112.181650,112.503440
2026-09-18 09:00:00,112.495900,112.607100,112.305640,112.559730
2026-09-18 10:00:00,112.572870,112.588250,112.424500,112.426960
2026-09-18 11:00:00,112.427040,112.524030,112.360800,112.431110
2026-09-18 12:00:00,112.427670,112.444110,112.220420,112.223480
2026-09-18 13:00:00,112.225480,112.304040,112.187530,112.260470
2026-09-18 14:00:00,112.248690,112.297940,111.747390,111.932040
2026-09-18 15:00:00,111.905990,112.000370,111.475250,111.601600
2026-09-18 16:00:00,111.600840,111.695850,111.481330,111.693050
2026-09-18 17:00:00,111.686980,111.686980,111.602050,111.639560
2026-09-18 18:00:00,111.635980,111.737250,111.619830,111.681150
2026-09-18 19:00:00,111.678910,111.711380,111.616430,111.698850
2026-09-18 20:00:00,111.693390,111.798950,111.689040,111.798210
