datetime,open,high,low,close
2025-09-22 09:00:00,1.174080,1.174150,1.173580,1.173650
2025-09-22 10:00:00,1.173580,1.173780,1.172610,1.173440
2025-09-22 11:00:00,1.173480,1.174100,1.173180,1.173230
2025-09-22 12:00:00,1.173250,1.173360,1.172730,1.172790
2025-09-22 13:00:00,1.172790,1.173480,1.172790,1.173220
2025-09-22 14:00:00,1.173220,1.173220,1.172640,1.173060
2025-09-22 15:00:00,1.173030,1.173850,1.172980,1.173850
2025-09-22 16:00:00,1.173840,1.174850,1.173610,1.174320
2025-09-22 17:00:00,1.174340,1.175420,1.173910,1.174850
2025-09-22 18:00:00,1.174830,1.176910,1.174690,1.176230
2025-09-22 19:00:00,1.176240,1.177600,1.176150,1.177590
2025-09-22 20:00:00,1.177590,1.178570,1.177380,1.177410
2025-09-22 21:00:00,1.177380,1.178210,1.176940,1.177810
2025-09-22 22:00:00,1.177860,1.178710,1.177330,1.178310
2025-09-22 23:00:00,1.178380,1.178760,1.176870,1.177670
2025-09-23 00:00:00,1.177660,1.177700,1.176280,1.176970
2025-09-23 01:00:00,1.176960,1.177530,1.176420,1.177260
2025-09-23 02:00:00,1.177200,1.179000,1.177140,1.178810
2025-09-23 03:00:00,1.178830,1.179680,1.178590,1.179660
2025-09-23 04:00:00,1.179620,1.179900,1.179230,1.179640
2025-09-23 05:00:00,1.179640,1.180210,1.179540,1.179970
2025-09-23 06:00:00,1.179990,1.180370,1.179800,1.180340
2025-09-23 07:00:00,1.180270,1.180270,1.178900,1.179800
2025-09-23 08:00:00,1.179760,1.180360,1.179760,1.180090
2025-09-23 09:00:00,1.180130,1.180270,1.179950,1.180050
2025-09-23 10:00:00,1.180050,1.180740,1.179680,1.180620
2025-09-23 11:00:00,1.180600,1.181980,1.180410,1.181470
2025-09-23 12:00:00,1.181470,1.181660,1.180160,1.180430
2025-09-23 13:00:00,1.180420,1.180780,1.179660,1.180550
2025-09-23 14:00:00,1.180560,1.180760,1.179740,1.179770
2025-09-23 15:00:00,1.179700,1.180490,1.179500,1.179860
2025-09-23 16:00:00,1.179840,1.180430,1.179010,1.179480
2025-09-23 17:00:00,1.179500,1.179980,1.177850,1.179040
2025-09-23 18:00:00,1.178970,1.180520,1.178400,1.180270
2025-09-23 19:00:00,1.180300,1.181220,1.180040,1.180220
2025-09-23 20:00:00,1.180240,1.180670,1.179080,1.179600
2025-09-23 21:00:00,1.179610,1.179980,1.179160,1.179170
2025-09-23 22:00:00,1.179200,1.179830,1.178450,1.179680
2025-09-23 23:00:00,1.179690,1.180460,1.178440,1.179950
2025-09-24 00:00:00,1.179960,1.180530,1.179260,1.179530
2025-09-24 01:00:00,1.179510,1.179900,1.178810,1.179830
2025-09-24 02:00:00,1.179900,1.180920,1.179280,1.180490
2025-09-24 03:00:00,1.180480,1.181770,1.180290,1.181190
2025-09-24 04:00:00,1.181150,1.181670,1.180830,1.181110
2025-09-24 05:00:00,1.181120,1.181800,1.180690,1.181630
2025-09-24 06:00:00,1.181690,1.181830,1.181180,1.181520
2025-09-24 07:00:00,1.181520,1.181520,1.181020,1.181380
2025-09-24 08:00:00,1.181410,1.181880,1.181390,1.181450
2025-09-24 09:00:00,1.181470,1.181740,1.181270,1.181540
2025-09-24 10:00:00,1.181570,1.181650,1.180340,1.180380
2025-09-24 11:00:00,1.180370,1.180520,1.179760,1.179990
2025-09-24 12:00:00,1.179990,1.180380,1.179610,1.179680
2025-09-24 13:00:00,1.179630,1.179990,1.179500,1.179720
2025-09-24 14:00:00,1.179740,1.180430,1.179550,1.180290
2025-09-24 15:00:00,1.180280,1.180470,1.179230,1.179780
2025-09-24 16:00:00,1.179780,1.180280,1.178610,1.178730
2025-09-24 17:00:00,1.178720,1.179460,1.178440,1.178870
2025-09-24 18:00:00,1.178820,1.178820,1.176630,1.177180
2025-09-24 19:00:00,1.177250,1.177470,1.176240,1.176760
2025-09-24 20:00:00,1.176740,1.176990,1.175090,1.175180
2025-09-24 21:00:00,1.175160,1.175540,1.174650,1.174900
2025-09-24 22:00:00,1.174870,1.175790,1.173950,1.174270
2025-09-24 23:00:00,1.174260,1.174350,1.173030,1.173850
2025-09-25 00:00:00,1.173750,1.174620,1.172830,1.174280
2025-09-25 01:00:00,1.174330,1.174570,1.173700,1.174160
2025-09-25 02:00:00,1.174180,1.174360,1.173030,1.173260
2025-09-25 03:00:00,1.173270,1.174060,1.173180,1.173760
2025-09-25 04:00:00,1.173730,1.173850,1.173250,1.173670
2025-09-25 05:00:00,1.173660,1.173910,1.173210,1.173790
2025-09-25 06:00:00,1.173770,1.173920,1.173510,1.173750
2025-09-25 07:00:00,1.173760,1.174040,1.173760,1.173860
2025-09-25 08:00:00,1.173920,1.174510,1.173920,1.174450
2025-09-25 09:00:00,1.174460,1.174600,1.174220,1.174220
2025-09-25 10:00:00,1.174200,1.174830,1.174060,1.174740
2025-09-25 11:00:00,1.174740,1.174940,1.174060,1.174440
2025-09-25 12:00:00,1.174500,1.175160,1.174330,1.174970
2025-09-25 13:00:00,1.174960,1.175360,1.174760,1.175330
2025-09-25 14:00:00,1.175250,1.175340,1.174890,1.175200
2025-09-25 15:00:00,1.175210,1.175220,1.174050,1.174200
2025-09-25 16:00:00,1.174220,1.175230,1.173830,1.174580
2025-09-25 17:00:00,1.174620,1.174790,1.173160,1.173320
2025-09-25 18:00:00,1.173340,1.174440,1.173060,1.174230
2025-09-25 19:00:00,1.174280,1.175180,1.173900,1.174490
2025-09-25 20:00:00,1.174510,1.175390,1.174440,1.174690
2025-09-25 21:00:00,1.174660,1.174710,1.173460,1.174000
2025-09-25 22:00:00,1.173990,1.174540,1.168790,1.169810
2025-09-25 23:00:00,1.169860,1.171010,1.168310,1.168580
2025-09-26 00:00:00,1.168610,1.169450,1.167370,1.167610
2025-09-26 01:00:00,1.167610,1.168080,1.166680,1.167240
2025-09-26 02:00:00,1.167230,1.168330,1.166880,1.167080
2025-09-26 03:00:00,1.167040,1.167200,1.165220,1.165750
2025-09-26 04:00:00,1.165770,1.165990,1.164540,1.165230
2025-09-26 05:00:00,1.165290,1.166290,1.165180,1.166050
2025-09-26 06:00:00,1.166020,1.166910,1.165930,1.166530
2025-09-26 07:00:00,1.166530,1.166560,1.165700,1.165710
2025-09-26 08:00:00,1.166110,1.166870,1.166110,1.166810
2025-09-26 09:00:00,1.166820,1.166820,1.165980,1.166170
2025-09-26 10:00:00,1.166160,1.167130,1.165790,1.167120
2025-09-26 11:00:00,1.167110,1.167350,1.166560,1.166770
2025-09-26 12:00:00,1.166790,1.167920,1.166730,1.167700
2025-09-26 13:00:00,1.167670,1.167860,1.167490,1.167810
2025-09-26 14:00:00,1.167790,1.168190,1.167470,1.167990
2025-09-26 15:00:00,1.167990,1.168500,1.167640,1.167700
2025-09-26 16:00:00,1.167720,1.168380,1.167170,1.167960
2025-09-26 17:00:00,1.167890,1.168310,1.166850,1.167290
2025-09-26 18:00:00,1.167310,1.168780,1.167060,1.168050
2025-09-26 19:00:00,1.168040,1.168430,1.167590,1.167840
2025-09-26 20:00:00,1.167790,1.168110,1.166180,1.166310
2025-09-29 09:00:00,1.170420,1.170970,1.170380,1.170480
2025-09-29 10:00:00,1.170500,1.172310,1.170440,1.172150
2025-09-29 11:00:00,1.172140,1.172530,1.171430,1.172300
2025-09-29 12:00:00,1.172250,1.172830,1.172250,1.172600
2025-09-29 13:00:00,1.172610,1.172930,1.172490,1.172510
2025-09-29 14:00:00,1.172440,1.173300,1.172260,1.172700
2025-09-29 15:00:00,1.172670,1.173320,1.172390,1.172850
2025-09-29 16:00:00,1.172810,1.172870,1.171810,1.171970
2025-09-29 17:00:00,1.171950,1.173300,1.171760,1.172700
2025-09-29 18:00:00,1.172740,1.172880,1.170810,1.172350
2025-09-29 19:00:00,1.172380,1.172610,1.171680,1.171760
2025-09-29 20:00:00,1.171740,1.172160,1.171550,1.171980
2025-09-29 21:00:00,1.171970,1.173090,1.170940,1.172920
2025-09-29 22:00:00,1.172900,1.175130,1.171850,1.175000
2025-09-29 23:00:00,1.175020,1.175440,1.173740,1.174100
2025-09-30 00:00:00,1.174010,1.174460,1.172940,1.173030
2025-09-30 01:00:00,1.173020,1.173410,1.172270,1.172910
2025-09-30 02:00:00,1.172900,1.173310,1.172530,1.172920
2025-09-30 03:00:00,1.172920,1.173140,1.172140,1.172150
2025-09-30 04:00:00,1.172160,1.173290,1.172020,1.173130
2025-09-30 05:00:00,1.173120,1.173160,1.172590,1.172750
2025-09-30 06:00:00,1.172740,1.172760,1.172350,1.172660
2025-09-30 07:00:00,1.172660,1.172740,1.172410,1.172570
2025-09-30 08:00:00,1.172610,1.172780,1.172440,1.172730
2025-09-30 09:00:00,1.172750,1.173230,1.172730,1.173060
2025-09-30 10:00:00,1.173020,1.173140,1.171260,1.172080
2025-09-30 11:00:00,1.172120,1.172530,1.171360,1.171420
2025-09-30 12:00:00,1.171420,1.172390,1.171230,1.172230
2025-09-30 13:00:00,1.172240,1.172640,1.172040,1.172390
2025-09-30 14:00:00,1.172390,1.172860,1.171890,1.172860
2025-09-30 15:00:00,1.172870,1.173710,1.172820,1.173350
2025-09-30 16:00:00,1.173350,1.174370,1.173110,1.173790
2025-09-30 17:00:00,1.173710,1.174810,1.173640,1.174170
2025-09-30 18:00:00,1.174410,1.176110,1.174320,1.175560
2025-09-30 19:00:00,1.175560,1.175810,1.174510,1.174810
2025-09-30 20:00:00,1.174810,1.175140,1.174040,1.174560
2025-09-30 21:00:00,1.174610,1.174870,1.173650,1.174280
2025-09-30 22:00:00,1.174230,1.174740,1.173310,1.173710
2025-09-30 23:00:00,1.173720,1.173920,1.171650,1.173050
2025-10-01 00:00:00,1.173020,1.175230,1.172350,1.174980
2025-10-01 01:00:00,1.174980,1.175030,1.172600,1.173430
2025-10-01 02:00:00,1.173460,1.175900,1.173390,1.175660
2025-10-01 03:00:00,1.175660,1.176150,1.174690,1.174930
2025-10-01 04:00:00,1.174880,1.174940,1.173570,1.174080
2025-10-01 05:00:00,1.174090,1.174110,1.173650,1.173960
2025-10-01 06:00:00,1.174020,1.174020,1.173300,1.173300
2025-10-01 07:00:00,1.173310,1.173530,1.173310,1.173380
2025-10-01 08:00:00,1.173420,1.174180,1.173300,1.173420
2025-10-01 09:00:00,1.173430,1.174250,1.173370,1.173450
2025-10-01 10:00:00,1.173430,1.173830,1.172960,1.173600
2025-10-01 11:00:00,1.173610,1.174060,1.173030,1.173900
2025-10-01 12:00:00,1.173920,1.173950,1.173230,1.173770
2025-10-01 13:00:00,1.173790,1.173910,1.173390,1.173810
2025-10-01 14:00:00,1.173800,1.175850,1.173790,1.175820
2025-10-01 15:00:00,1.175810,1.176680,1.175230,1.175240
2025-10-01 16:00:00,1.175250,1.177460,1.175070,1.176770
2025-10-01 17:00:00,1.176870,1.177860,1.174200,1.174970
2025-10-01 18:00:00,1.175000,1.176560,1.174920,1.174920
2025-10-01 19:00:00,1.174980,1.175400,1.173080,1.173290
2025-10-01 20:00:00,1.173280,1.173350,1.171590,1.172530
2025-10-01 21:00:00,1.172640,1.174000,1.172530,1.173440
2025-10-01 22:00:00,1.173450,1.176850,1.172210,1.174900
2025-10-01 23:00:00,1.174930,1.176130,1.174620,1.175420
2025-10-02 00:00:00,1.175380,1.176290,1.173230,1.174670
2025-10-02 01:00:00,1.174610,1.174930,1.172120,1.172290
2025-10-02 02:00:00,1.172210,1.172660,1.171550,1.172270
2025-10-02 03:00:00,1.172290,1.173250,1.172290,1.172370
2025-10-02 04:00:00,1.172440,1.174190,1.172160,1.173470
2025-10-02 05:00:00,1.173490,1.173700,1.172970,1.173020
2025-10-02 06:00:00,1.173050,1.173100,1.172370,1.172370
2025-10-02 07:00:00,1.172370,1.173290,1.172370,1.173200
2025-10-02 08:00:00,1.173200,1.173730,1.173120,1.173370
2025-10-02 09:00:00,1.173380,1.173690,1.173280,1.173280
2025-10-02 10:00:00,1.173290,1.173490,1.172460,1.172990
2025-10-02 11:00:00,1.172970,1.173880,1.172370,1.173870
2025-10-02 12:00:00,1.173930,1.174180,1.173670,1.173710
2025-10-02 13:00:00,1.173730,1.173880,1.173250,1.173530
2025-10-02 14:00:00,1.173460,1.173580,1.173000,1.173420
2025-10-02 15:00:00,1.173430,1.173700,1.172950,1.173550
2025-10-02 16:00:00,1.173570,1.174480,1.173400,1.174250
2025-10-02 17:00:00,1.174300,1.175660,1.174100,1.175010
2025-10-02 18:00:00,1.175000,1.175670,1.174490,1.175370
2025-10-02 19:00:00,1.175360,1.175820,1.175060,1.175480
2025-10-02 20:00:00,1.175440,1.175450,1.174620,1.175190
2025-10-02 21:00:00,1.175210,1.175650,1.174710,1.175030
2025-10-02 22:00:00,1.175130,1.175820,1.173440,1.173740
2025-10-02 23:00:00,1.173830,1.174370,1.171360,1.172220
2025-10-03 00:00:00,1.172120,1.172130,1.170500,1.171350
2025-10-03 01:00:00,1.171340,1.171340,1.168330,1.169660
2025-10-03 02:00:00,1.169590,1.171500,1.169520,1.171470
2025-10-03 03:00:00,1.171490,1.172040,1.171230,1.171360
2025-10-03 04:00:00,1.171350,1.172220,1.171300,1.172090
2025-10-03 05:00:00,1.172090,1.172660,1.171740,1.171880
2025-10-03 06:00:00,1.171880,1.172420,1.171450,1.171530
2025-10-03 07:00:00,1.171530,1.171910,1.171370,1.171620
2025-10-03 08:00:00,1.171650,1.172330,1.171640,1.172200
2025-10-03 09:00:00,1.172330,1.172880,1.172330,1.172750
2025-10-03 10:00:00,1.172380,1.172750,1.171900,1.172420
2025-10-03 11:00:00,1.172430,1.172920,1.171630,1.172650
2025-10-03 12:00:00,1.172700,1.172760,1.172080,1.172440
2025-10-03 13:00:00,1.172400,1.172660,1.171980,1.172610
2025-10-03 14:00:00,1.172610,1.172790,1.171790,1.171790
2025-10-03 15:00:00,1.171800,1.172150,1.171520,1.171690
2025-10-03 16:00:00,1.171680,1.172880,1.171630,1.172030
2025-10-03 17:00:00,1.172090,1.173390,1.172080,1.173210
2025-10-03 18:00:00,1.173260,1.174460,1.173100,1.174020
2025-10-03 19:00:00,1.173970,1.174010,1.173120,1.173720
2025-10-03 20:00:00,1.173760,1.173950,1.173380,1.173630
2025-10-06 09:00:00,1.172430,1.172600,1.171580,1.171960
2025-10-06 10:00:00,1.171920,1.171920,1.171100,1.171510
2025-10-06 11:00:00,1.171230,1.171880,1.171030,1.171600
2025-10-06 12:00:00,1.171720,1.172460,1.171010,1.172400
2025-10-06 13:00:00,1.172380,1.173070,1.172370,1.172700
2025-10-06 14:00:00,1.172680,1.173000,1.172350,1.172370
2025-10-06 15:00:00,1.172430,1.172730,1.171960,1.172020
2025-10-06 16:00:00,1.172020,1.172520,1.171400,1.171710
2025-10-06 17:00:00,1.171690,1.171950,1.169020,1.169360
2025-10-06 18:00:00,1.169310,1.171210,1.166240,1.166240
2025-10-06 19:00:00,1.166250,1.167920,1.165170,1.166770
2025-10-06 20:00:00,1.166720,1.166960,1.165710,1.166610
2025-10-06 21:00:00,1.166600,1.166680,1.165260,1.166330
2025-10-06 22:00:00,1.166320,1.167880,1.165760,1.167520
2025-10-06 23:00:00,1.167540,1.169040,1.167300,1.168910
2025-10-07 00:00:00,1.168920,1.170280,1.168380,1.169940
2025-10-07 01:00:00,1.169940,1.171770,1.169510,1.171650
2025-10-07 02:00:00,1.171710,1.172060,1.170310,1.170640
2025-10-07 03:00:00,1.170710,1.171210,1.170310,1.171210
2025-10-07 04:00:00,1.171190,1.171580,1.170950,1.171030
2025-10-07 05:00:00,1.170970,1.171780,1.170950,1.171250
2025-10-07 06:00:00,1.171260,1.171680,1.171020,1.171070
2025-10-07 07:00:00,1.171050,1.171400,1.170840,1.170970
2025-10-07 08:00:00,1.170950,1.172060,1.170950,1.171510
2025-10-07 09:00:00,1.171510,1.171780,1.171230,1.171370
2025-10-07 10:00:00,1.171370,1.171780,1.171230,1.171230
2025-10-07 11:00:00,1.170920,1.171100,1.170420,1.170860
2025-10-07 12:00:00,1.170860,1.170860,1.169660,1.169670
2025-10-07 13:00:00,1.169690,1.170580,1.169690,1.170160
2025-10-07 14:00:00,1.170200,1.170960,1.169970,1.170690
2025-10-07 15:00:00,1.170310,1.170820,1.169450,1.169830
2025-10-07 16:00:00,1.169740,1.169970,1.168750,1.169180
2025-10-07 17:00:00,1.169180,1.169180,1.168300,1.168690
2025-10-07 18:00:00,1.168670,1.168780,1.167020,1.167640
2025-10-07 19:00:00,1.167610,1.168260,1.166510,1.166590
2025-10-07 20:00:00,1.166550,1.167100,1.166050,1.166630
2025-10-07 21:00:00,1.166610,1.167580,1.166300,1.167410
2025-10-07 22:00:00,1.167420,1.167420,1.165400,1.166250
2025-10-07 23:00:00,1.166210,1.166690,1.165420,1.166680
2025-10-08 00:00:00,1.166670,1.167000,1.165930,1.166010
2025-10-08 01:00:00,1.165970,1.166610,1.165470,1.166300
2025-10-08 02:00:00,1.166300,1.167980,1.166150,1.167310
2025-10-08 03:00:00,1.167330,1.168110,1.166990,1.167000
2025-10-08 04:00:00,1.166990,1.167920,1.166660,1.166710
2025-10-08 05:00:00,1.166730,1.167000,1.165670,1.165770
2025-10-08 06:00:00,1.165770,1.165820,1.164770,1.165020
2025-10-08 07:00:00,1.165030,1.165840,1.164890,1.165670
2025-10-08 08:00:00,1.165640,1.166450,1.165500,1.166040
2025-10-08 09:00:00,1.166320,1.166450,1.166180,1.166320
2025-10-08 10:00:00,1.166320,1.166320,1.165640,1.165640
2025-10-08 11:00:00,1.165290,1.165290,1.164570,1.164710
2025-10-08 12:00:00,1.164690,1.164690,1.162610,1.162670
2025-10-08 13:00:00,1.162690,1.162710,1.161700,1.162380
2025-10-08 14:00:00,1.162370,1.162430,1.161760,1.162380
2025-10-08 15:00:00,1.162380,1.162500,1.161600,1.161920
2025-10-08 16:00:00,1.161910,1.161920,1.161200,1.161710
2025-10-08 17:00:00,1.161750,1.162030,1.160710,1.161640
2025-10-08 18:00:00,1.161700,1.163400,1.161170,1.163100
2025-10-08 19:00:00,1.163100,1.163550,1.161070,1.161450
2025-10-08 20:00:00,1.161470,1.162020,1.160590,1.161130
2025-10-08 21:00:00,1.161110,1.163610,1.160920,1.163360
2025-10-08 22:00:00,1.163400,1.163450,1.162520,1.162610
2025-10-08 23:00:00,1.162680,1.163780,1.162470,1.163250
2025-10-09 00:00:00,1.163250,1.164450,1.162740,1.163250
2025-10-09 01:00:00,1.163190,1.163630,1.162040,1.162170
2025-10-09 02:00:00,1.162170,1.162190,1.160300,1.160590
2025-10-09 03:00:00,1.160630,1.160680,1.159850,1.160520
2025-10-09 04:00:00,1.160570,1.160920,1.160240,1.160700
2025-10-09 05:00:00,1.160730,1.162210,1.159960,1.161990
2025-10-09 06:00:00,1.162080,1.162820,1.162060,1.162800
2025-10-09 07:00:00,1.162780,1.163220,1.162650,1.162680
2025-10-09 08:00:00,1.162340,1.163600,1.162340,1.163330
2025-10-09 09:00:00,1.163740,1.163740,1.163330,1.163740
2025-10-09 10:00:00,1.163600,1.163740,1.163200,1.163330
2025-10-09 11:00:00,1.162890,1.164090,1.162800,1.163700
2025-10-09 12:00:00,1.163650,1.164530,1.163650,1.164000
2025-10-09 13:00:00,1.163970,1.164750,1.163890,1.164380
2025-10-09 14:00:00,1.164360,1.164630,1.164050,1.164480
2025-10-09 15:00:00,1.164480,1.164690,1.164190,1.164560
2025-10-09 16:00:00,1.164530,1.164800,1.163840,1.163840
2025-10-09 17:00:00,1.163790,1.163840,1.161150,1.161560
2025-10-09 18:00:00,1.161680,1.162320,1.160650,1.161100
2025-10-09 19:00:00,1.161100,1.161440,1.160300,1.161220
2025-10-09 20:00:00,1.161190,1.162710,1.161080,1.162570
2025-10-09 21:00:00,1.162610,1.162720,1.161310,1.161860
2025-10-09 22:00:00,1.161870,1.162200,1.160940,1.161200
2025-10-09 23:00:00,1.161200,1.161600,1.160500,1.161500
2025-10-10 00:00:00,1.161520,1.162240,1.159160,1.160260
2025-10-10 01:00:00,1.160240,1.160270,1.157660,1.158090
2025-10-10 02:00:00,1.158070,1.158160,1.154710,1.155880
2025-10-10 03:00:00,1.155960,1.156320,1.155230,1.155800
2025-10-10 04:00:00,1.155800,1.156640,1.155410,1.155980
2025-10-10 05:00:00,1.155990,1.156040,1.154210,1.154620
2025-10-10 06:00:00,1.154680,1.156150,1.154680,1.155950
2025-10-10 07:00:00,1.155930,1.156690,1.155900,1.156400
2025-10-10 08:00:00,1.156400,1.156550,1.155960,1.156490
2025-10-10 09:00:00,1.156410,1.156870,1.156290,1.156870
2025-10-10 10:00:00,1.156740,1.156870,1.156070,1.156870
2025-10-10 11:00:00,1.156510,1.157030,1.156090,1.156750
2025-10-10 12:00:00,1.156830,1.157120,1.156270,1.156280
2025-10-10 13:00:00,1.156330,1.157280,1.156260,1.156970
2025-10-10 14:00:00,1.156960,1.157400,1.156730,1.157310
2025-10-10 15:00:00,1.157280,1.157340,1.156750,1.157340
2025-10-10 16:00:00,1.157330,1.157770,1.156960,1.156990
2025-10-10 17:00:00,1.156970,1.157460,1.156100,1.157040
2025-10-10 18:00:00,1.157040,1.157980,1.156400,1.157780
2025-10-10 19:00:00,1.157770,1.158920,1.157540,1.157870
2025-10-10 20:00:00,1.157870,1.158010,1.156870,1.157430
2025-10-13 09:00:00,1.159340,1.159340,1.159340,1.159340
2025-10-13 10:00:00,1.160630,1.161310,1.160500,1.160500
2025-10-13 11:00:00,1.160110,1.161590,1.160000,1.161570
2025-10-13 12:00:00,1.161760,1.162100,1.160970,1.161980
2025-10-13 13:00:00,1.161990,1.162750,1.161680,1.161950
2025-10-13 14:00:00,1.161960,1.162160,1.161610,1.162080
2025-10-13 15:00:00,1.162070,1.162510,1.161780,1.162020
2025-10-13 16:00:00,1.162040,1.162370,1.161290,1.161470
2025-10-13 17:00:00,1.161530,1.162960,1.161070,1.161380
2025-10-13 18:00:00,1.161500,1.161540,1.159760,1.159980
2025-10-13 19:00:00,1.159990,1.160480,1.158160,1.158550
2025-10-13 20:00:00,1.158530,1.159800,1.158450,1.159410
2025-10-13 21:00:00,1.159400,1.159570,1.158150,1.158360
2025-10-13 22:00:00,1.158360,1.159410,1.156570,1.156830
2025-10-13 23:00:00,1.156830,1.157650,1.156190,1.156850
2025-10-14 00:00:00,1.156850,1.157740,1.156460,1.157510
2025-10-14 01:00:00,1.157510,1.157510,1.155740,1.156110
2025-10-14 02:00:00,1.156130,1.157540,1.156010,1.157380
2025-10-14 03:00:00,1.157380,1.157890,1.156970,1.157530
2025-10-14 04:00:00,1.157540,1.157710,1.156990,1.157320
2025-10-14 05:00:00,1.157320,1.157760,1.156580,1.156850
2025-10-14 06:00:00,1.156900,1.157360,1.156600,1.156620
2025-10-14 07:00:00,1.156610,1.157080,1.156500,1.156970
2025-10-14 08:00:00,1.156970,1.157300,1.156770,1.157160
2025-10-14 09:00:00,1.157100,1.157370,1.156770,1.156770
2025-10-14 10:00:00,1.156820,1.156980,1.156360,1.156570
2025-10-14 11:00:00,1.156520,1.156730,1.155500,1.156100
2025-10-14 12:00:00,1.156080,1.157330,1.156050,1.157070
2025-10-14 13:00:00,1.157060,1.157620,1.157040,1.157370
2025-10-14 14:00:00,1.157360,1.158180,1.157130,1.157950
2025-10-14 15:00:00,1.157870,1.159240,1.157830,1.159180
2025-10-14 16:00:00,1.159210,1.159350,1.158250,1.158430
2025-10-14 17:00:00,1.158430,1.158940,1.156290,1.156990
2025-10-14 18:00:00,1.156960,1.157450,1.154270,1.154950
2025-10-14 19:00:00,1.154840,1.156070,1.154560,1.155890
2025-10-14 20:00:00,1.155890,1.156310,1.155150,1.155500
2025-10-14 21:00:00,1.155490,1.155940,1.155120,1.155350
2025-10-14 22:00:00,1.155350,1.155820,1.154620,1.155210
2025-10-14 23:00:00,1.155290,1.156510,1.154800,1.155560
2025-10-15 00:00:00,1.155550,1.158290,1.155430,1.157400
2025-10-15 01:00:00,1.157390,1.159730,1.156900,1.159420
2025-10-15 02:00:00,1.159440,1.160810,1.158660,1.160720
2025-10-15 03:00:00,1.160760,1.161470,1.160130,1.160930
2025-10-15 04:00:00,1.160850,1.161440,1.160180,1.160930
2025-10-15 05:00:00,1.160940,1.161180,1.160340,1.160500
2025-10-15 06:00:00,1.160490,1.161120,1.160440,1.160550
2025-10-15 07:00:00,1.160550,1.160780,1.159990,1.160640
2025-10-15 08:00:00,1.160630,1.161580,1.160630,1.161170
2025-10-15 09:00:00,1.161170,1.161310,1.160770,1.160770
2025-10-15 10:00:00,1.160630,1.160900,1.160500,1.160630
2025-10-15 11:00:00,1.160240,1.161400,1.160170,1.161030
2025-10-15 12:00:00,1.161050,1.162280,1.160700,1.161910
2025-10-15 13:00:00,1.161900,1.162580,1.161800,1.162290
2025-10-15 14:00:00,1.162290,1.162410,1.161850,1.162200
2025-10-15 15:00:00,1.162260,1.162420,1.161690,1.161820
2025-10-15 16:00:00,1.161870,1.162650,1.161850,1.161970
2025-10-15 17:00:00,1.161950,1.163840,1.161770,1.163420
2025-10-15 18:00:00,1.163460,1.164420,1.162940,1.163560
2025-10-15 19:00:00,1.163590,1.164530,1.163140,1.163260
2025-10-15 20:00:00,1.163250,1.163900,1.162810,1.163470
2025-10-15 21:00:00,1.163450,1.163490,1.162060,1.162430
2025-10-15 22:00:00,1.162520,1.163220,1.161970,1.161990
2025-10-15 23:00:00,1.162030,1.162760,1.161370,1.161770
2025-10-16 00:00:00,1.161710,1.163190,1.161050,1.162720
2025-10-16 01:00:00,1.162770,1.162980,1.161950,1.162460
2025-10-16 02:00:00,1.162500,1.164680,1.161850,1.163700
2025-10-16 03:00:00,1.163740,1.164080,1.162850,1.164000
2025-10-16 04:00:00,1.163990,1.164010,1.162690,1.162940
2025-10-16 05:00:00,1.162950,1.163740,1.162780,1.163310
2025-10-16 06:00:00,1.163290,1.164480,1.163290,1.164450
2025-10-16 07:00:00,1.164430,1.164760,1.164300,1.164700
2025-10-16 08:00:00,1.164700,1.164700,1.164170,1.164360
2025-10-16 09:00:00,1.164530,1.165500,1.164510,1.164690
2025-10-16 10:00:00,1.165090,1.165230,1.164690,1.164960
2025-10-16 11:00:00,1.164560,1.166690,1.164290,1.166320
2025-10-16 12:00:00,1.166330,1.167520,1.166120,1.166990
2025-10-16 13:00:00,1.167020,1.167460,1.166430,1.166610
2025-10-16 14:00:00,1.166600,1.166710,1.166170,1.166210
2025-10-16 15:00:00,1.166210,1.166210,1.165570,1.165590
2025-10-16 16:00:00,1.165590,1.166140,1.165390,1.165990
2025-10-16 17:00:00,1.166000,1.166760,1.165210,1.165390
2025-10-16 18:00:00,1.165390,1.165670,1.164320,1.165210
2025-10-16 19:00:00,1.165180,1.165990,1.164860,1.165880
2025-10-16 20:00:00,1.165880,1.166370,1.165230,1.165830
2025-10-16 21:00:00,1.165840,1.166290,1.165300,1.165530
2025-10-16 22:00:00,1.165590,1.165630,1.164630,1.165400
2025-10-16 23:00:00,1.165370,1.166160,1.164890,1.166050
2025-10-17 00:00:00,1.166100,1.166420,1.165010,1.165760
2025-10-17 01:00:00,1.165770,1.167780,1.165360,1.167700
2025-10-17 02:00:00,1.167690,1.167790,1.166110,1.166440
2025-10-17 03:00:00,1.166430,1.167890,1.166420,1.167700
2025-10-17 04:00:00,1.167700,1.169360,1.167670,1.168820
2025-10-17 05:00:00,1.168810,1.169300,1.168030,1.168930
2025-10-17 06:00:00,1.168910,1.169410,1.168710,1.168890
2025-10-17 07:00:00,1.168880,1.169140,1.168490,1.168700
2025-10-17 08:00:00,1.168700,1.169150,1.168480,1.168880
2025-10-17 09:00:00,1.168840,1.169860,1.168750,1.169860
2025-10-17 10:00:00,1.169730,1.170270,1.169730,1.170270
2025-10-17 11:00:00,1.169920,1.171120,1.169510,1.170660
2025-10-17 12:00:00,1.170680,1.171100,1.169980,1.170090
2025-10-17 13:00:00,1.170070,1.171120,1.169530,1.170510
2025-10-17 14:00:00,1.170490,1.171210,1.170460,1.170880
2025-10-17 15:00:00,1.170940,1.171210,1.170630,1.170990
2025-10-17 16:00:00,1.170980,1.172830,1.170970,1.172280
2025-10-17 17:00:00,1.172310,1.172650,1.170840,1.171100
2025-10-17 18:00:00,1.170990,1.171500,1.169430,1.171160
2025-10-17 19:00:00,1.171210,1.171600,1.169160,1.169720
2025-10-17 20:00:00,1.169760,1.170770,1.169660,1.170120
2025-10-20 09:00:00,1.165660,1.165740,1.165300,1.165350
2025-10-20 10:00:00,1.165910,1.166450,1.165770,1.166180
2025-10-20 11:00:00,1.165810,1.166650,1.165790,1.166650
2025-10-20 12:00:00,1.166650,1.166730,1.165660,1.166000
2025-10-20 13:00:00,1.166010,1.167060,1.166010,1.166580
2025-10-20 14:00:00,1.166560,1.166860,1.166500,1.166820
2025-10-20 15:00:00,1.166820,1.167380,1.166560,1.167150
2025-10-20 16:00:00,1.167140,1.167540,1.167000,1.167350
2025-10-20 17:00:00,1.167280,1.167280,1.165670,1.165840
2025-10-20 18:00:00,1.165840,1.166800,1.165370,1.166240
2025-10-20 19:00:00,1.166230,1.166630,1.165790,1.166350
2025-10-20 20:00:00,1.166330,1.166760,1.165920,1.166180
2025-10-20 21:00:00,1.166190,1.166280,1.165130,1.165330
2025-10-20 22:00:00,1.165310,1.165650,1.164440,1.165650
2025-10-20 23:00:00,1.165700,1.166020,1.165030,1.165330
2025-10-21 00:00:00,1.165360,1.165450,1.164630,1.164890
2025-10-21 01:00:00,1.164920,1.166430,1.164750,1.165370
2025-10-21 02:00:00,1.165350,1.166440,1.165270,1.165500
2025-10-21 03:00:00,1.165510,1.165800,1.164950,1.164980
2025-10-21 04:00:00,1.164950,1.165280,1.164170,1.164330
2025-10-21 05:00:00,1.164330,1.164830,1.163840,1.164630
2025-10-21 06:00:00,1.164670,1.164910,1.163990,1.164090
2025-10-21 07:00:00,1.164100,1.164440,1.164030,1.164160
2025-10-21 08:00:00,1.164140,1.165090,1.164140,1.164820
2025-10-21 09:00:00,1.164820,1.165090,1.164690,1.164690
2025-10-21 10:00:00,1.164690,1.165090,1.164690,1.164690
2025-10-21 11:00:00,1.164380,1.165510,1.164320,1.165310
2025-10-21 12:00:00,1.165280,1.165290,1.164210,1.164480
2025-10-21 13:00:00,1.164500,1.164500,1.163270,1.163400
2025-10-21 14:00:00,1.163420,1.163570,1.163290,1.163450
2025-10-21 15:00:00,1.163450,1.163660,1.163200,1.163590
2025-10-21 16:00:00,1.163590,1.163710,1.162430,1.162560
2025-10-21 17:00:00,1.162510,1.163400,1.161870,1.163190
2025-10-21 18:00:00,1.163240,1.163540,1.162170,1.162540
2025-10-21 19:00:00,1.162430,1.162740,1.161290,1.162110
2025-10-21 20:00:00,1.162130,1.162710,1.161590,1.162050
2025-10-21 21:00:00,1.162060,1.162340,1.160660,1.161790
2025-10-21 22:00:00,1.161800,1.162580,1.160920,1.161280
2025-10-21 23:00:00,1.161380,1.161560,1.160210,1.161110
2025-10-22 00:00:00,1.161140,1.161690,1.160300,1.161260
2025-10-22 01:00:00,1.161230,1.161790,1.159770,1.160410
2025-10-22 02:00:00,1.160440,1.161640,1.160410,1.161510
2025-10-22 03:00:00,1.161520,1.162420,1.160790,1.160890
2025-10-22 04:00:00,1.160890,1.160990,1.160150,1.160390
2025-10-22 05:00:00,1.160400,1.160840,1.160350,1.160500
2025-10-22 06:00:00,1.160560,1.160760,1.160000,1.160060
2025-10-22 07:00:00,1.160090,1.160290,1.159900,1.159960
2025-10-22 08:00:00,1.159960,1.161040,1.159960,1.160770
2025-10-22 09:00:00,1.160360,1.160630,1.160360,1.160500
2025-10-22 10:00:00,1.160360,1.160500,1.160230,1.160360
2025-10-22 11:00:00,1.160010,1.160780,1.159970,1.160460
2025-10-22 12:00:00,1.160470,1.160920,1.160130,1.160480
2025-10-22 13:00:00,1.160500,1.161080,1.160500,1.160840
2025-10-22 14:00:00,1.160780,1.160880,1.160460,1.160770
2025-10-22 15:00:00,1.160680,1.160940,1.160490,1.160910
2025-10-22 16:00:00,1.160900,1.161560,1.160900,1.161350
2025-10-22 17:00:00,1.161400,1.161470,1.160430,1.160940
2025-10-22 18:00:00,1.161010,1.161270,1.159960,1.160060
2025-10-22 19:00:00,1.160030,1.160060,1.158990,1.159750
2025-10-22 20:00:00,1.159710,1.160190,1.159250,1.159480
2025-10-22 21:00:00,1.159450,1.159690,1.158310,1.158570
2025-10-22 22:00:00,1.158610,1.158890,1.158250,1.158250
2025-10-22 23:00:00,1.158240,1.159100,1.157690,1.158300
2025-10-23 00:00:00,1.158310,1.159750,1.158200,1.159470
2025-10-23 01:00:00,1.159480,1.161440,1.159230,1.161440
2025-10-23 02:00:00,1.161580,1.161980,1.161310,1.161440
2025-10-23 03:00:00,1.161580,1.162220,1.161350,1.161950
2025-10-23 04:00:00,1.161960,1.162050,1.161250,1.161460
2025-10-23 05:00:00,1.161450,1.161540,1.160760,1.160900
2025-10-23 06:00:00,1.160910,1.161110,1.160470,1.160580
2025-10-23 07:00:00,1.160590,1.161080,1.160580,1.161010
2025-10-23 08:00:00,1.161010,1.161710,1.161010,1.161710
2025-10-23 09:00:00,1.161580,1.161840,1.161580,1.161580
2025-10-23 10:00:00,1.161440,1.161440,1.161040,1.161040
2025-10-23 11:00:00,1.160680,1.160720,1.159780,1.160410
2025-10-23 12:00:00,1.160500,1.160540,1.159760,1.159780
2025-10-23 13:00:00,1.159750,1.159940,1.159520,1.159660
2025-10-23 14:00:00,1.159660,1.159840,1.159200,1.159230
2025-10-23 15:00:00,1.159260,1.159910,1.159070,1.159880
2025-10-23 16:00:00,1.159860,1.160380,1.159680,1.160140
2025-10-23 17:00:00,1.160110,1.160350,1.159070,1.159450
2025-10-23 18:00:00,1.159420,1.160140,1.159090,1.160000
2025-10-23 19:00:00,1.159990,1.160590,1.159300,1.159620
2025-10-23 20:00:00,1.159600,1.160010,1.159300,1.159360
2025-10-23 21:00:00,1.159350,1.159470,1.158550,1.158790
2025-10-23 22:00:00,1.158770,1.159290,1.158540,1.158700
2025-10-23 23:00:00,1.158720,1.160590,1.158660,1.160060
2025-10-24 00:00:00,1.160130,1.161050,1.159840,1.160680
2025-10-24 01:00:00,1.160700,1.162250,1.160580,1.161580
2025-10-24 02:00:00,1.161840,1.161840,1.160660,1.161440
2025-10-24 03:00:00,1.161710,1.161840,1.160670,1.160730
2025-10-24 04:00:00,1.160730,1.161220,1.160500,1.161180
2025-10-24 05:00:00,1.161180,1.161780,1.160980,1.161710
2025-10-24 06:00:00,1.161710,1.161950,1.161530,1.161580
2025-10-24 07:00:00,1.161670,1.161950,1.161380,1.161800
2025-10-24 08:00:00,1.161840,1.161840,1.161430,1.161520
2025-10-24 09:00:00,1.161790,1.162190,1.161780,1.161790
2025-10-24 10:00:00,1.161780,1.161900,1.161520,1.161690
2025-10-24 11:00:00,1.161690,1.162160,1.161690,1.161820
2025-10-24 12:00:00,1.161760,1.161860,1.160940,1.160980
2025-10-24 13:00:00,1.160990,1.161240,1.160770,1.160820
2025-10-24 14:00:00,1.160810,1.161150,1.160740,1.160940
2025-10-24 15:00:00,1.160920,1.160920,1.160590,1.160770
2025-10-24 16:00:00,1.160770,1.160800,1.160230,1.160470
2025-10-24 17:00:00,1.160510,1.161180,1.160150,1.161170
2025-10-24 18:00:00,1.161390,1.162740,1.160260,1.161860
2025-10-24 19:00:00,1.161870,1.162170,1.160680,1.161080
2025-10-24 20:00:00,1.160900,1.161280,1.160540,1.161150
2025-10-27 09:00:00,1.163080,1.163560,1.162660,1.162960
2025-10-27 10:00:00,1.162880,1.163330,1.162610,1.163160
2025-10-27 11:00:00,1.163070,1.163780,1.162800,1.163520
2025-10-27 12:00:00,1.163490,1.164780,1.163360,1.163920
2025-10-27 13:00:00,1.163930,1.163990,1.163050,1.163120
2025-10-27 14:00:00,1.163110,1.163270,1.162730,1.162780
2025-10-27 15:00:00,1.162820,1.162820,1.162120,1.162430
2025-10-27 16:00:00,1.162430,1.162730,1.162170,1.162550
2025-10-27 17:00:00,1.162750,1.163220,1.162480,1.162670
2025-10-27 18:00:00,1.162730,1.162730,1.162040,1.162060
2025-10-27 19:00:00,1.161900,1.163290,1.161800,1.162940
2025-10-27 20:00:00,1.162800,1.163950,1.162670,1.163800
2025-10-27 21:00:00,1.163790,1.164430,1.163530,1.164160
2025-10-27 22:00:00,1.164200,1.164700,1.163590,1.164570
2025-10-27 23:00:00,1.164570,1.165170,1.163790,1.164070
2025-10-28 00:00:00,1.164160,1.164210,1.163280,1.163620
2025-10-28 01:00:00,1.163590,1.164200,1.163240,1.163970
2025-10-28 02:00:00,1.164060,1.164160,1.163350,1.163580
2025-10-28 03:00:00,1.163560,1.164100,1.163320,1.163770
2025-10-28 04:00:00,1.163850,1.164130,1.163580,1.163830
2025-10-28 05:00:00,1.163860,1.165140,1.163510,1.165080
2025-10-28 06:00:00,1.164780,1.164910,1.164440,1.164730
2025-10-28 07:00:00,1.164710,1.164900,1.164370,1.164540
2025-10-28 08:00:00,1.164540,1.164580,1.164440,1.164530
2025-10-28 09:00:00,1.164540,1.165110,1.164530,1.165040
2025-10-28 10:00:00,1.165040,1.165470,1.165010,1.165150
2025-10-28 11:00:00,1.165150,1.165840,1.164670,1.165560
2025-10-28 12:00:00,1.165560,1.166370,1.165520,1.165800
2025-10-28 13:00:00,1.165790,1.166300,1.165450,1.165490
2025-10-28 14:00:00,1.165480,1.166240,1.165480,1.166030
2025-10-28 15:00:00,1.166030,1.166790,1.165930,1.166670
2025-10-28 16:00:00,1.166660,1.166740,1.166290,1.166430
2025-10-28 17:00:00,1.166370,1.166710,1.165540,1.165620
2025-10-28 18:00:00,1.165390,1.166170,1.165120,1.165460
2025-10-28 19:00:00,1.165390,1.166270,1.165050,1.165340
2025-10-28 20:00:00,1.165190,1.165830,1.164680,1.165690
2025-10-28 21:00:00,1.165690,1.166470,1.165490,1.166390
2025-10-28 22:00:00,1.166400,1.166400,1.165520,1.165830
2025-10-28 23:00:00,1.165890,1.165970,1.163520,1.164060
2025-10-29 00:00:00,1.164060,1.164060,1.162600,1.163990
2025-10-29 01:00:00,1.163900,1.166310,1.163690,1.165970
2025-10-29 02:00:00,1.166100,1.166670,1.165520,1.165890
2025-10-29 03:00:00,1.165890,1.166710,1.165360,1.166680
2025-10-29 04:00:00,1.166810,1.166810,1.165950,1.166260
2025-10-29 05:00:00,1.166340,1.166360,1.165620,1.166200
2025-10-29 06:00:00,1.166290,1.166470,1.165210,1.165210
2025-10-29 07:00:00,1.165210,1.165750,1.165100,1.165180
2025-10-29 08:00:00,1.165210,1.165350,1.165180,1.165350
2025-10-29 09:00:00,1.165350,1.165420,1.165030,1.165100
2025-10-29 10:00:00,1.165100,1.165680,1.164860,1.165680
2025-10-29 11:00:00,1.165660,1.166030,1.165310,1.165490
2025-10-29 12:00:00,1.165510,1.165620,1.164710,1.164770
2025-10-29 13:00:00,1.164770,1.164800,1.164270,1.164640
2025-10-29 14:00:00,1.164680,1.164680,1.163730,1.163760
2025-10-29 15:00:00,1.163740,1.163780,1.163210,1.163380
2025-10-29 16:00:00,1.163410,1.163580,1.162780,1.163180
2025-10-29 17:00:00,1.163180,1.163250,1.162540,1.162940
2025-10-29 18:00:00,1.163000,1.163720,1.162900,1.163250
2025-10-29 19:00:00,1.163230,1.163410,1.162490,1.162560
2025-10-29 20:00:00,1.162180,1.164540,1.161900,1.164220
2025-10-29 21:00:00,1.164130,1.164900,1.163750,1.164740
2025-10-29 22:00:00,1.164740,1.164820,1.163320,1.164000
2025-10-29 23:00:00,1.163990,1.164410,1.162770,1.163360
2025-10-30 00:00:00,1.163420,1.164500,1.163350,1.163690
2025-10-30 01:00:00,1.163710,1.165050,1.163280,1.165010
2025-10-30 02:00:00,1.165120,1.166440,1.164510,1.166340
2025-10-30 03:00:00,1.166330,1.166510,1.165590,1.165760
2025-10-30 04:00:00,1.165730,1.165890,1.164630,1.164730
2025-10-30 05:00:00,1.164370,1.165060,1.158500,1.159560
2025-10-30 06:00:00,1.159490,1.160000,1.157820,1.159920
2025-10-30 07:00:00,1.159970,1.160670,1.159130,1.160140
2025-10-30 08:00:00,1.160160,1.160560,1.160160,1.160330
2025-10-30 09:00:00,1.160330,1.160580,1.160100,1.160300
2025-10-30 10:00:00,1.160400,1.160580,1.160140,1.160270
2025-10-30 11:00:00,1.160250,1.161550,1.159760,1.161180
2025-10-30 12:00:00,1.161180,1.161460,1.160900,1.161340
2025-10-30 13:00:00,1.161380,1.161960,1.161240,1.161730
2025-10-30 14:00:00,1.161750,1.161980,1.160660,1.161520
2025-10-30 15:00:00,1.161530,1.163450,1.161320,1.163180
2025-10-30 16:00:00,1.163160,1.163370,1.162360,1.162400
2025-10-30 17:00:00,1.162370,1.162940,1.161840,1.161970
2025-10-30 18:00:00,1.162030,1.162310,1.160980,1.161760
2025-10-30 19:00:00,1.161960,1.161990,1.160740,1.161660
2025-10-30 20:00:00,1.161690,1.162810,1.161420,1.161690
2025-10-30 21:00:00,1.161770,1.161990,1.160600,1.160710
2025-10-30 22:00:00,1.160640,1.161120,1.159690,1.159790
2025-10-30 23:00:00,1.159790,1.159930,1.155380,1.155490
2025-10-31 00:00:00,1.155450,1.157790,1.154740,1.157610
2025-10-31 01:00:00,1.158020,1.158590,1.156830,1.157310
2025-10-31 02:00:00,1.157370,1.157730,1.156080,1.156430
2025-10-31 03:00:00,1.156400,1.157140,1.155980,1.156980
2025-10-31 04:00:00,1.156970,1.156990,1.156080,1.156600
2025-10-31 05:00:00,1.156630,1.157070,1.156410,1.156720
2025-10-31 06:00:00,1.156760,1.157130,1.156220,1.156480
2025-10-31 07:00:00,1.156480,1.157190,1.156420,1.156510
2025-10-31 08:00:00,1.156530,1.156940,1.156480,1.156740
2025-10-31 09:00:00,1.156730,1.157010,1.156610,1.156820
2025-10-31 10:00:00,1.156810,1.157350,1.156610,1.157240
2025-10-31 11:00:00,1.157250,1.157690,1.157060,1.157390
2025-10-31 12:00:00,1.157370,1.157740,1.156670,1.156810
2025-10-31 13:00:00,1.156840,1.157430,1.156550,1.156840
2025-10-31 14:00:00,1.156820,1.157140,1.156580,1.156700
2025-10-31 15:00:00,1.156680,1.157350,1.156670,1.157220
2025-10-31 16:00:00,1.157210,1.157210,1.156690,1.156840
2025-10-31 17:00:00,1.156820,1.157350,1.156130,1.156180
2025-10-31 18:00:00,1.156220,1.156550,1.155530,1.156470
2025-10-31 19:00:00,1.156440,1.157150,1.155960,1.157050
2025-10-31 20:00:00,1.156870,1.157650,1.156570,1.157520
2025-11-03 09:00:00,1.153010,1.153470,1.152950,1.153390
2025-11-03 10:00:00,1.153300,1.153840,1.152600,1.152740
2025-11-03 11:00:00,1.152920,1.153100,1.152500,1.152610
2025-11-03 12:00:00,1.152600,1.152880,1.152230,1.152750
2025-11-03 13:00:00,1.152780,1.153350,1.152670,1.153120
2025-11-03 14:00:00,1.153190,1.153430,1.153020,1.153430
2025-11-03 15:00:00,1.153410,1.153690,1.153180,1.153430
2025-11-03 16:00:00,1.153340,1.153760,1.153220,1.153520
2025-11-03 17:00:00,1.153520,1.154150,1.153450,1.153830
2025-11-03 18:00:00,1.153990,1.154090,1.153320,1.154000
2025-11-03 19:00:00,1.153920,1.153990,1.150980,1.151350
2025-11-03 20:00:00,1.151150,1.152100,1.151110,1.151480
2025-11-03 21:00:00,1.151600,1.151960,1.150780,1.151580
2025-11-03 22:00:00,1.151390,1.151990,1.151280,1.151560
2025-11-03 23:00:00,1.151520,1.152190,1.151450,1.151730
2025-11-04 00:00:00,1.151690,1.151790,1.150610,1.151040
2025-11-04 01:00:00,1.151080,1.151280,1.150510,1.151110
2025-11-04 02:00:00,1.150990,1.152130,1.150600,1.151180
2025-11-04 03:00:00,1.152700,1.153160,1.152370,1.153040
2025-11-04 04:00:00,1.153050,1.153760,1.152640,1.152710
2025-11-04 05:00:00,1.152710,1.153140,1.152140,1.152310
2025-11-04 06:00:00,1.152460,1.152460,1.151700,1.151920
2025-11-04 07:00:00,1.151970,1.152290,1.151820,1.151990
2025-11-04 08:00:00,1.151930,1.152070,1.151680,1.151990
2025-11-04 09:00:00,1.151960,1.152160,1.151870,1.152140
2025-11-04 10:00:00,1.152090,1.152130,1.151870,1.151870
2025-11-04 11:00:00,1.151570,1.151570,1.150600,1.150880
2025-11-04 12:00:00,1.150860,1.150980,1.149830,1.150950
2025-11-04 13:00:00,1.150890,1.151130,1.150540,1.151110
2025-11-04 14:00:00,1.151150,1.151750,1.151100,1.151300
2025-11-04 15:00:00,1.151310,1.151730,1.151010,1.151050
2025-11-04 16:00:00,1.150980,1.151370,1.150790,1.151260
2025-11-04 17:00:00,1.151230,1.152610,1.151150,1.152370
2025-11-04 18:00:00,1.152380,1.153330,1.152310,1.152720
2025-11-04 19:00:00,1.152720,1.152900,1.151380,1.151460
2025-11-04 20:00:00,1.151390,1.151750,1.150000,1.150090
2025-11-04 21:00:00,1.150130,1.150990,1.149960,1.150340
2025-11-04 22:00:00,1.150470,1.150600,1.148950,1.148970
2025-11-04 23:00:00,1.149010,1.149320,1.147770,1.148880
2025-11-05 00:00:00,1.148980,1.149660,1.148810,1.149190
2025-11-05 01:00:00,1.149150,1.149430,1.147290,1.148140
2025-11-05 02:00:00,1.148140,1.149250,1.147520,1.149120
2025-11-05 03:00:00,1.149150,1.149630,1.148800,1.149010
2025-11-05 04:00:00,1.149040,1.149050,1.148370,1.148410
2025-11-05 05:00:00,1.148400,1.148610,1.148140,1.148380
2025-11-05 06:00:00,1.148360,1.148740,1.147860,1.147900
2025-11-05 07:00:00,1.147830,1.148310,1.147530,1.148000
2025-11-05 08:00:00,1.148000,1.148300,1.147960,1.148260
2025-11-05 09:00:00,1.148380,1.148510,1.148180,1.148440
2025-11-05 10:00:00,1.148500,1.148610,1.148310,1.148500
2025-11-05 11:00:00,1.148490,1.148520,1.148050,1.148400
2025-11-05 12:00:00,1.148360,1.149780,1.148000,1.148970
2025-11-05 13:00:00,1.149020,1.149260,1.148500,1.148830
2025-11-05 14:00:00,1.148820,1.149190,1.148640,1.148840
2025-11-05 15:00:00,1.148880,1.149220,1.148740,1.149050
2025-11-05 16:00:00,1.149010,1.149460,1.148920,1.149160
2025-11-05 17:00:00,1.149080,1.149400,1.148710,1.148780
2025-11-05 18:00:00,1.148740,1.149110,1.148340,1.148780
2025-11-05 19:00:00,1.148700,1.149560,1.148580,1.148950
2025-11-05 20:00:00,1.148810,1.149250,1.148140,1.148470
2025-11-05 21:00:00,1.148470,1.148500,1.147600,1.148330
2025-11-05 22:00:00,1.148310,1.148930,1.147860,1.148820
2025-11-05 23:00:00,1.148840,1.149220,1.148700,1.149080
2025-11-06 00:00:00,1.149110,1.149320,1.147390,1.147420
2025-11-06 01:00:00,1.147390,1.149250,1.146890,1.148650
2025-11-06 02:00:00,1.148670,1.148740,1.147040,1.147960
2025-11-06 03:00:00,1.147970,1.148510,1.147120,1.148370
2025-11-06 04:00:00,1.148440,1.148600,1.147680,1.148040
2025-11-06 05:00:00,1.148090,1.148340,1.147900,1.148140
2025-11-06 06:00:00,1.148140,1.148710,1.148040,1.148570
2025-11-06 07:00:00,1.148630,1.149190,1.148610,1.148810
2025-11-06 08:00:00,1.148870,1.149370,1.148750,1.149210
2025-11-06 09:00:00,1.149110,1.149260,1.149040,1.149230
2025-11-06 10:00:00,1.149180,1.149690,1.149090,1.149570
2025-11-06 11:00:00,1.149400,1.150210,1.149300,1.150090
2025-11-06 12:00:00,1.150100,1.150910,1.150100,1.150700
2025-11-06 13:00:00,1.150650,1.150870,1.150310,1.150540
2025-11-06 14:00:00,1.150550,1.150810,1.150330,1.150660
2025-11-06 15:00:00,1.150710,1.150800,1.150410,1.150710
2025-11-06 16:00:00,1.150710,1.151110,1.150360,1.151070
2025-11-06 17:00:00,1.150960,1.151380,1.150540,1.150640
2025-11-06 18:00:00,1.150670,1.151290,1.150670,1.150800
2025-11-06 19:00:00,1.150930,1.152300,1.150610,1.152200
2025-11-06 20:00:00,1.151970,1.152320,1.151250,1.151410
2025-11-06 21:00:00,1.151300,1.151730,1.151050,1.151110
2025-11-06 22:00:00,1.151020,1.152120,1.151010,1.152000
2025-11-06 23:00:00,1.152000,1.153250,1.151420,1.152990
2025-11-07 00:00:00,1.153050,1.154400,1.152940,1.153590
2025-11-07 01:00:00,1.153520,1.153690,1.152160,1.152160
2025-11-07 02:00:00,1.152020,1.154290,1.151920,1.153930
2025-11-07 03:00:00,1.153930,1.154140,1.153140,1.153800
2025-11-07 04:00:00,1.153850,1.154310,1.153140,1.153940
2025-11-07 05:00:00,1.154040,1.154970,1.153900,1.154710
2025-11-07 06:00:00,1.154640,1.155240,1.154250,1.154460
2025-11-07 07:00:00,1.154460,1.154880,1.154270,1.154740
2025-11-07 08:00:00,1.154770,1.154900,1.154480,1.154690
2025-11-07 09:00:00,1.154530,1.154870,1.154360,1.154430
2025-11-07 10:00:00,1.154470,1.155400,1.154470,1.154840
2025-11-07 11:00:00,1.154840,1.154840,1.153820,1.153960
2025-11-07 12:00:00,1.153930,1.154110,1.153650,1.153830
2025-11-07 13:00:00,1.154000,1.154320,1.153870,1.154000
2025-11-07 14:00:00,1.154030,1.154090,1.153490,1.153830
2025-11-07 15:00:00,1.153840,1.153850,1.153280,1.153650
2025-11-07 16:00:00,1.153630,1.153830,1.153290,1.153430
2025-11-07 17:00:00,1.153430,1.153580,1.153000,1.153140
2025-11-07 18:00:00,1.153140,1.153650,1.153110,1.153230
2025-11-07 19:00:00,1.153240,1.154000,1.152950,1.153520
2025-11-07 20:00:00,1.153530,1.154210,1.153450,1.153890
2025-11-07 21:00:00,1.153820,1.155190,1.153770,1.155050
2025-11-10 09:00:00,1.155820,1.155990,1.155580,1.155870
2025-11-10 10:00:00,1.155890,1.156000,1.154230,1.154390
2025-11-10 11:00:00,1.154390,1.155770,1.154370,1.155430
2025-11-10 12:00:00,1.155430,1.156070,1.154650,1.155830
2025-11-10 13:00:00,1.155800,1.156090,1.155490,1.155760
2025-11-10 14:00:00,1.155770,1.155850,1.155130,1.155490
2025-11-10 15:00:00,1.155520,1.156300,1.155520,1.156120
2025-11-10 16:00:00,1.156130,1.156670,1.155810,1.156230
2025-11-10 17:00:00,1.156210,1.156470,1.155210,1.155420
2025-11-10 18:00:00,1.155410,1.157150,1.155410,1.156780
2025-11-10 19:00:00,1.156750,1.158300,1.156570,1.157220
2025-11-10 20:00:00,1.157280,1.157390,1.156410,1.156820
2025-11-10 21:00:00,1.156820,1.157180,1.156130,1.156310
2025-11-10 22:00:00,1.156230,1.156440,1.155410,1.156360
2025-11-10 23:00:00,1.156330,1.157430,1.156300,1.156910
2025-11-11 00:00:00,1.156740,1.157760,1.156740,1.156820
2025-11-11 01:00:00,1.156840,1.156840,1.155960,1.156430
2025-11-11 02:00:00,1.156440,1.156710,1.154540,1.154570
2025-11-11 03:00:00,1.154570,1.155520,1.154330,1.154540
2025-11-11 04:00:00,1.154510,1.156090,1.154090,1.156070
2025-11-11 05:00:00,1.156030,1.156460,1.155770,1.155830
2025-11-11 06:00:00,1.155820,1.156300,1.155820,1.156120
2025-11-11 07:00:00,1.156130,1.156480,1.156060,1.156410
2025-11-11 08:00:00,1.156400,1.156400,1.155520,1.155720
2025-11-11 09:00:00,1.155690,1.155990,1.155690,1.155870
2025-11-11 10:00:00,1.155890,1.156200,1.155630,1.155710
2025-11-11 11:00:00,1.155700,1.155960,1.155210,1.155210
2025-11-11 12:00:00,1.155220,1.155450,1.154680,1.155450
2025-11-11 13:00:00,1.155460,1.155750,1.155210,1.155320
2025-11-11 14:00:00,1.155330,1.155850,1.155330,1.155660
2025-11-11 15:00:00,1.155620,1.155930,1.155520,1.155770
2025-11-11 16:00:00,1.155800,1.156500,1.155760,1.156190
2025-11-11 17:00:00,1.156160,1.156330,1.155080,1.155220
2025-11-11 18:00:00,1.155250,1.156040,1.155010,1.155960
2025-11-11 19:00:00,1.156070,1.156710,1.155490,1.155520
2025-11-11 20:00:00,1.155490,1.156840,1.155420,1.156640
2025-11-11 21:00:00,1.156670,1.157450,1.156230,1.157320
2025-11-11 22:00:00,1.157380,1.157790,1.157010,1.157180
2025-11-11 23:00:00,1.157180,1.157700,1.156940,1.157010
2025-11-12 00:00:00,1.157460,1.160300,1.157280,1.160090
2025-11-12 01:00:00,1.160100,1.160500,1.159350,1.160030
2025-11-12 02:00:00,1.160030,1.160300,1.159260,1.159490
2025-11-12 03:00:00,1.159430,1.159990,1.159080,1.159340
2025-11-12 04:00:00,1.159360,1.159920,1.159090,1.159530
2025-11-12 05:00:00,1.159450,1.159580,1.159110,1.159280
2025-11-12 06:00:00,1.159280,1.159310,1.158400,1.158430
2025-11-12 07:00:00,1.158530,1.158920,1.158370,1.158370
2025-11-12 08:00:00,1.158370,1.158590,1.158170,1.158260
2025-11-12 09:00:00,1.158380,1.158670,1.158380,1.158610
2025-11-12 10:00:00,1.158710,1.158730,1.158270,1.158720
2025-11-12 11:00:00,1.158680,1.158710,1.157930,1.157980
2025-11-12 12:00:00,1.158030,1.158220,1.157490,1.157520
2025-11-12 13:00:00,1.157520,1.158000,1.157520,1.157900
2025-11-12 14:00:00,1.157890,1.158160,1.157560,1.157790
2025-11-12 15:00:00,1.157790,1.157870,1.157050,1.157250
2025-11-12 16:00:00,1.157250,1.157910,1.157150,1.157700
2025-11-12 17:00:00,1.157560,1.158240,1.157550,1.158230
2025-11-12 18:00:00,1.158330,1.158870,1.158160,1.158270
2025-11-12 19:00:00,1.158300,1.158780,1.157780,1.157890
2025-11-12 20:00:00,1.157770,1.158060,1.156840,1.156980
2025-11-12 21:00:00,1.157010,1.157560,1.156560,1.157050
2025-11-12 22:00:00,1.157050,1.157820,1.156580,1.157760
2025-11-12 23:00:00,1.157770,1.158040,1.157190,1.157590
2025-11-13 00:00:00,1.157690,1.157900,1.156640,1.157210
2025-11-13 01:00:00,1.157240,1.157590,1.156340,1.157550
2025-11-13 02:00:00,1.157530,1.159520,1.157290,1.159450
2025-11-13 03:00:00,1.159350,1.159820,1.158870,1.159110
2025-11-13 04:00:00,1.159170,1.159730,1.159110,1.159260
2025-11-13 05:00:00,1.159280,1.159450,1.158880,1.158880
2025-11-13 06:00:00,1.158880,1.158990,1.158470,1.158670
2025-11-13 07:00:00,1.158610,1.159080,1.158530,1.158990
2025-11-13 08:00:00,1.158980,1.159360,1.158500,1.159350
2025-11-13 09:00:00,1.159280,1.159300,1.158980,1.158990
2025-11-13 10:00:00,1.159380,1.159420,1.159060,1.159220
2025-11-13 11:00:00,1.159230,1.159240,1.158090,1.158090
2025-11-13 12:00:00,1.158070,1.158940,1.157930,1.158910
2025-11-13 13:00:00,1.158940,1.159260,1.158510,1.158970
2025-11-13 14:00:00,1.158990,1.159120,1.158710,1.159010
2025-11-13 15:00:00,1.159010,1.159180,1.158750,1.158990
2025-11-13 16:00:00,1.159010,1.159070,1.158060,1.158230
2025-11-13 17:00:00,1.158230,1.158570,1.158140,1.158570
2025-11-13 18:00:00,1.158380,1.161210,1.158340,1.161110
2025-11-13 19:00:00,1.161080,1.162910,1.161050,1.162880
2025-11-13 20:00:00,1.162790,1.163470,1.161080,1.161660
2025-11-13 21:00:00,1.161590,1.162360,1.161140,1.161620
2025-11-13 22:00:00,1.161650,1.162060,1.160560,1.160730
2025-11-13 23:00:00,1.160820,1.162310,1.160670,1.162300
2025-11-14 00:00:00,1.162440,1.162500,1.161230,1.162020
2025-11-14 01:00:00,1.162070,1.163090,1.161720,1.162780
2025-11-14 02:00:00,1.162760,1.164270,1.162310,1.163890
2025-11-14 03:00:00,1.163870,1.164840,1.163700,1.164840
2025-11-14 04:00:00,1.164830,1.165530,1.164640,1.165110
2025-11-14 05:00:00,1.165190,1.165210,1.163720,1.163870
2025-11-14 06:00:00,1.163830,1.164160,1.163520,1.163560
2025-11-14 07:00:00,1.163520,1.163900,1.163280,1.163310
2025-11-14 08:00:00,1.163320,1.163830,1.163110,1.163410
2025-11-14 09:00:00,1.163610,1.163930,1.163450,1.163660
2025-11-14 10:00:00,1.163750,1.163750,1.162310,1.163000
2025-11-14 11:00:00,1.162960,1.163410,1.162700,1.163310
2025-11-14 12:00:00,1.163290,1.163820,1.163030,1.163380
2025-11-14 13:00:00,1.163380,1.163780,1.162970,1.163610
2025-11-14 14:00:00,1.163620,1.164460,1.163620,1.163830
2025-11-14 15:00:00,1.163830,1.164280,1.163760,1.164160
2025-11-14 16:00:00,1.164140,1.164750,1.163970,1.164750
2025-11-14 17:00:00,1.164770,1.164880,1.163350,1.163720
2025-11-14 18:00:00,1.163790,1.164640,1.163290,1.163310
2025-11-14 19:00:00,1.163280,1.163730,1.162060,1.163050
2025-11-14 20:00:00,1.162850,1.163150,1.162130,1.162260
2025-11-14 21:00:00,1.162060,1.162190,1.161280,1.161450
2025-11-17 09:00:00,1.162100,1.162380,1.162010,1.162330
2025-11-17 10:00:00,1.162300,1.162500,1.161200,1.161510
2025-11-17 11:00:00,1.161460,1.161490,1.160510,1.160640
2025-11-17 12:00:00,1.160640,1.161030,1.160560,1.160630
2025-11-17 13:00:00,1.160650,1.160670,1.160130,1.160230
2025-11-17 14:00:00,1.160210,1.160210,1.159650,1.159870
2025-11-17 15:00:00,1.159890,1.160360,1.159780,1.160340
2025-11-17 16:00:00,1.160270,1.160530,1.159950,1.160000
2025-11-17 17:00:00,1.160020,1.160890,1.159540,1.160730
2025-11-17 18:00:00,1.160700,1.161480,1.160650,1.161240
2025-11-17 19:00:00,1.161380,1.161520,1.159930,1.160400
2025-11-17 20:00:00,1.160360,1.160500,1.159750,1.160140
2025-11-17 21:00:00,1.160110,1.160800,1.159630,1.159660
2025-11-17 22:00:00,1.159660,1.160300,1.159520,1.160130
2025-11-17 23:00:00,1.160130,1.160460,1.159610,1.159900
2025-11-18 00:00:00,1.159920,1.159930,1.158870,1.159190
2025-11-18 01:00:00,1.159110,1.159520,1.158360,1.158580
2025-11-18 02:00:00,1.158500,1.159800,1.158200,1.159720
2025-11-18 03:00:00,1.159730,1.160170,1.159380,1.159870
2025-11-18 04:00:00,1.159760,1.159930,1.159120,1.159390
2025-11-18 05:00:00,1.159450,1.159450,1.158850,1.159080
2025-11-18 06:00:00,1.159140,1.159510,1.158380,1.158430
2025-11-18 07:00:00,1.158400,1.159070,1.158300,1.158820
2025-11-18 08:00:00,1.158840,1.159210,1.158710,1.159120
2025-11-18 09:00:00,1.159220,1.159280,1.158880,1.158940
2025-11-18 10:00:00,1.159050,1.159360,1.158860,1.158960
2025-11-18 11:00:00,1.158900,1.158960,1.158500,1.158740
2025-11-18 12:00:00,1.158710,1.159340,1.158460,1.159080
2025-11-18 13:00:00,1.159110,1.159390,1.158870,1.159320
2025-11-18 14:00:00,1.159340,1.159590,1.159150,1.159220
2025-11-18 15:00:00,1.159220,1.160340,1.158880,1.159970
2025-11-18 16:00:00,1.159960,1.160040,1.159520,1.159800
2025-11-18 17:00:00,1.159710,1.160090,1.159350,1.159450
2025-11-18 18:00:00,1.159390,1.159980,1.159150,1.159150
2025-11-18 19:00:00,1.159150,1.160610,1.159020,1.159220
2025-11-18 20:00:00,1.159040,1.159480,1.158780,1.158950
2025-11-18 21:00:00,1.158990,1.159110,1.158000,1.158260
2025-11-18 22:00:00,1.158210,1.158850,1.158000,1.158470
2025-11-18 23:00:00,1.158440,1.159270,1.158310,1.159230
2025-11-19 00:00:00,1.159210,1.160190,1.158830,1.159680
2025-11-19 01:00:00,1.159710,1.160220,1.159350,1.159970
2025-11-19 02:00:00,1.160100,1.160810,1.158200,1.158230
2025-11-19 03:00:00,1.158230,1.158410,1.157340,1.157930
2025-11-19 04:00:00,1.157990,1.158100,1.157180,1.157610
2025-11-19 05:00:00,1.157590,1.158500,1.157550,1.158230
2025-11-19 06:00:00,1.158230,1.158710,1.158030,1.158610
2025-11-19 07:00:00,1.158570,1.158700,1.157900,1.158070
2025-11-19 08:00:00,1.158090,1.158340,1.157860,1.158120
2025-11-19 09:00:00,1.158040,1.158230,1.157760,1.157800
2025-11-19 10:00:00,1.157860,1.158190,1.157730,1.158030
2025-11-19 11:00:00,1.158020,1.158430,1.157860,1.158300
2025-11-19 12:00:00,1.158260,1.158440,1.157620,1.157690
2025-11-19 13:00:00,1.157660,1.158160,1.157340,1.157890
2025-11-19 14:00:00,1.157870,1.158750,1.157730,1.158610
2025-11-19 15:00:00,1.158750,1.158750,1.157930,1.158750
2025-11-19 16:00:00,1.158880,1.159130,1.158460,1.158850
2025-11-19 17:00:00,1.158840,1.159180,1.158650,1.158650
2025-11-19 18:00:00,1.158690,1.159690,1.157850,1.158040
2025-11-19 19:00:00,1.158300,1.158900,1.157150,1.157430
2025-11-19 20:00:00,1.157390,1.158000,1.156610,1.157450
2025-11-19 21:00:00,1.157380,1.157720,1.156740,1.156950
2025-11-19 22:00:00,1.156940,1.158700,1.156940,1.158610
2025-11-19 23:00:00,1.158730,1.158950,1.157620,1.157860
2025-11-20 00:00:00,1.157860,1.159050,1.157150,1.157280
2025-11-20 01:00:00,1.157260,1.157420,1.155470,1.155560
2025-11-20 02:00:00,1.155560,1.155620,1.154070,1.154710
2025-11-20 03:00:00,1.154670,1.154710,1.153460,1.154000
2025-11-20 04:00:00,1.154020,1.154230,1.152670,1.153290
2025-11-20 05:00:00,1.153320,1.153740,1.152920,1.153020
2025-11-20 06:00:00,1.153020,1.153080,1.151890,1.152100
2025-11-20 07:00:00,1.152120,1.152880,1.152070,1.152710
2025-11-20 08:00:00,1.152670,1.153850,1.152370,1.153730
2025-11-20 09:00:00,1.153830,1.153930,1.153800,1.153840
2025-11-20 10:00:00,1.153840,1.154220,1.153710,1.153950
2025-11-20 11:00:00,1.153940,1.153940,1.152920,1.153410
2025-11-20 12:00:00,1.153420,1.153560,1.152300,1.152330
2025-11-20 13:00:00,1.152370,1.152400,1.151590,1.152020
2025-11-20 14:00:00,1.152060,1.152270,1.151070,1.151380
2025-11-20 15:00:00,1.151390,1.152070,1.151280,1.152010
2025-11-20 16:00:00,1.151990,1.151990,1.151410,1.151590
2025-11-20 17:00:00,1.151590,1.152360,1.151360,1.152030
2025-11-20 18:00:00,1.151930,1.152270,1.151560,1.152000
2025-11-20 19:00:00,1.152030,1.152340,1.151250,1.152130
2025-11-20 20:00:00,1.152050,1.152820,1.151790,1.152820
2025-11-20 21:00:00,1.152830,1.152940,1.152440,1.152740
2025-11-20 22:00:00,1.152740,1.152740,1.151330,1.151480
2025-11-20 23:00:00,1.151450,1.151700,1.150780,1.151120
2025-11-21 00:00:00,1.151120,1.153930,1.150820,1.152910
2025-11-21 01:00:00,1.152950,1.154950,1.152380,1.153490
2025-11-21 02:00:00,1.153410,1.153650,1.152000,1.152710
2025-11-21 03:00:00,1.152740,1.154090,1.152740,1.153350
2025-11-21 04:00:00,1.153410,1.153770,1.152490,1.152880
2025-11-21 05:00:00,1.152870,1.153650,1.152710,1.153590
2025-11-21 06:00:00,1.153590,1.154040,1.153520,1.153760
2025-11-21 07:00:00,1.153790,1.153800,1.152610,1.152610
2025-11-21 08:00:00,1.152610,1.152840,1.152440,1.152770
2025-11-21 09:00:00,1.152650,1.153080,1.152400,1.152980
2025-11-21 10:00:00,1.153010,1.153450,1.152390,1.153370
2025-11-21 11:00:00,1.153330,1.153590,1.152800,1.153530
2025-11-21 12:00:00,1.153460,1.153850,1.153260,1.153280
2025-11-21 13:00:00,1.153280,1.153870,1.153280,1.153560
2025-11-21 14:00:00,1.153550,1.153790,1.153330,1.153630
2025-11-21 15:00:00,1.153630,1.154170,1.153620,1.153860
2025-11-21 16:00:00,1.153860,1.154140,1.153460,1.153460
2025-11-21 17:00:00,1.153510,1.154650,1.153490,1.154200
2025-11-21 18:00:00,1.154040,1.154750,1.153990,1.154100
2025-11-21 19:00:00,1.154120,1.155200,1.153440,1.154060
2025-11-21 20:00:00,1.154060,1.154330,1.152540,1.152580
2025-11-21 21:00:00,1.152500,1.152710,1.151220,1.152020
2025-11-24 09:00:00,1.151210,1.151430,1.151070,1.151420
2025-11-24 10:00:00,1.151410,1.151530,1.150600,1.150740
2025-11-24 11:00:00,1.150740,1.150810,1.150240,1.150720
2025-11-24 12:00:00,1.150730,1.151260,1.150540,1.151030
2025-11-24 13:00:00,1.151040,1.151860,1.151040,1.151620
2025-11-24 14:00:00,1.151650,1.151900,1.151350,1.151630
2025-11-24 15:00:00,1.151660,1.152190,1.151620,1.152100
2025-11-24 16:00:00,1.152140,1.152810,1.152140,1.152300
2025-11-24 17:00:00,1.152240,1.152730,1.151990,1.152060
2025-11-24 18:00:00,1.151990,1.152200,1.151150,1.151180
2025-11-24 19:00:00,1.151120,1.153400,1.151020,1.152980
2025-11-24 20:00:00,1.152900,1.153420,1.152440,1.152950
2025-11-24 21:00:00,1.153010,1.154170,1.153010,1.154060
2025-11-24 22:00:00,1.154120,1.154670,1.153620,1.154490
2025-11-24 23:00:00,1.154510,1.154980,1.153660,1.154710
2025-11-25 00:00:00,1.154710,1.154920,1.153720,1.153830
2025-11-25 01:00:00,1.153860,1.154110,1.152670,1.152730
2025-11-25 02:00:00,1.152570,1.152970,1.151770,1.152880
2025-11-25 03:00:00,1.152870,1.153080,1.151940,1.152090
2025-11-25 04:00:00,1.152100,1.152120,1.151230,1.151920
2025-11-25 05:00:00,1.151890,1.152800,1.151820,1.152800
2025-11-25 06:00:00,1.152780,1.152920,1.152360,1.152760
2025-11-25 07:00:00,1.152740,1.152830,1.152250,1.152300
2025-11-25 08:00:00,1.152280,1.152350,1.151960,1.152200
2025-11-25 09:00:00,1.152190,1.152630,1.152100,1.152600
2025-11-25 10:00:00,1.152590,1.152610,1.151910,1.151970
2025-11-25 11:00:00,1.151970,1.152340,1.151930,1.152280
2025-11-25 12:00:00,1.152280,1.153010,1.152280,1.152620
2025-11-25 13:00:00,1.152620,1.152840,1.152330,1.152770
2025-11-25 14:00:00,1.152780,1.153040,1.151740,1.151780
2025-11-25 15:00:00,1.151790,1.151850,1.151470,1.151510
2025-11-25 16:00:00,1.151530,1.151780,1.151200,1.151780
2025-11-25 17:00:00,1.151770,1.152180,1.151580,1.151930
2025-11-25 18:00:00,1.151940,1.153000,1.151930,1.152040
2025-11-25 19:00:00,1.152050,1.153330,1.152040,1.153090
2025-11-25 20:00:00,1.153080,1.153690,1.152810,1.153490
2025-11-25 21:00:00,1.153490,1.154130,1.153300,1.153900
2025-11-25 22:00:00,1.153890,1.153940,1.152500,1.152610
2025-11-25 23:00:00,1.152600,1.155170,1.152600,1.154630
2025-11-26 00:00:00,1.154630,1.156560,1.154250,1.155780
2025-11-26 01:00:00,1.155750,1.157190,1.155320,1.156880
2025-11-26 02:00:00,1.156870,1.158420,1.156410,1.156410
2025-11-26 03:00:00,1.156400,1.157240,1.155160,1.155160
2025-11-26 04:00:00,1.155120,1.158370,1.155120,1.158370
2025-11-26 05:00:00,1.158350,1.158540,1.157950,1.158110
2025-11-26 06:00:00,1.158100,1.158550,1.157460,1.158510
2025-11-26 07:00:00,1.158490,1.158530,1.155960,1.156510
2025-11-26 08:00:00,1.156490,1.157250,1.156490,1.157030
2025-11-26 09:00:00,1.157020,1.157200,1.156770,1.157000
2025-11-26 10:00:00,1.157000,1.157320,1.156490,1.156500
2025-11-26 11:00:00,1.156500,1.157200,1.156400,1.156760
2025-11-26 12:00:00,1.156770,1.158260,1.156600,1.157950
2025-11-26 13:00:00,1.157940,1.158690,1.157560,1.158170
2025-11-26 14:00:00,1.158180,1.159190,1.158170,1.159100
2025-11-26 15:00:00,1.159110,1.159190,1.158230,1.158310
2025-11-26 16:00:00,1.158320,1.159140,1.158300,1.159070
2025-11-26 17:00:00,1.159080,1.159680,1.158490,1.158530
2025-11-26 18:00:00,1.158560,1.159210,1.157680,1.157880
2025-11-26 19:00:00,1.157880,1.158060,1.156690,1.156960
2025-11-26 20:00:00,1.156970,1.157970,1.156830,1.157100
2025-11-26 21:00:00,1.157100,1.157780,1.156930,1.157330
2025-11-26 22:00:00,1.157320,1.157940,1.156850,1.157470
2025-11-26 23:00:00,1.157450,1.157980,1.156920,1.157260
2025-11-27 00:00:00,1.157240,1.158320,1.155060,1.155120
2025-11-27 01:00:00,1.155090,1.158200,1.154950,1.158010
2025-11-27 02:00:00,1.157990,1.159450,1.157930,1.158800
2025-11-27 03:00:00,1.158730,1.160060,1.158730,1.159240
2025-11-27 04:00:00,1.159230,1.159380,1.158570,1.159220
2025-11-27 05:00:00,1.159190,1.159700,1.158980,1.159380
2025-11-27 06:00:00,1.159360,1.159630,1.159110,1.159400
2025-11-27 07:00:00,1.159370,1.159780,1.159270,1.159350
2025-11-27 08:00:00,1.159340,1.159770,1.159340,1.159710
2025-11-27 09:00:00,1.159700,1.159800,1.158880,1.159640
2025-11-27 10:00:00,1.159630,1.160380,1.159630,1.160200
2025-11-27 11:00:00,1.160200,1.160530,1.160030,1.160430
2025-11-27 12:00:00,1.160430,1.161270,1.160170,1.160930
2025-11-27 13:00:00,1.160940,1.161360,1.160340,1.160340
2025-11-27 14:00:00,1.160330,1.160660,1.160090,1.160320
2025-11-27 15:00:00,1.160310,1.160530,1.160020,1.160130
2025-11-27 16:00:00,1.160130,1.160650,1.160090,1.160350
2025-11-27 17:00:00,1.160340,1.160580,1.159170,1.159250
2025-11-27 18:00:00,1.159250,1.159400,1.158600,1.159130
2025-11-27 19:00:00,1.159130,1.159590,1.158690,1.159370
2025-11-27 20:00:00,1.159370,1.159370,1.157680,1.157790
2025-11-27 21:00:00,1.157790,1.158560,1.157710,1.158360
2025-11-27 22:00:00,1.158350,1.158750,1.158000,1.158650
2025-11-27 23:00:00,1.158630,1.159200,1.158180,1.158330
2025-11-28 00:00:00,1.158310,1.159630,1.158270,1.159510
2025-11-28 01:00:00,1.159480,1.159800,1.159130,1.159610
2025-11-28 02:00:00,1.159590,1.159980,1.159270,1.159490
2025-11-28 03:00:00,1.159470,1.160020,1.159320,1.159860
2025-11-28 04:00:00,1.159820,1.160080,1.159170,1.159450
2025-11-28 05:00:00,1.159430,1.159600,1.159260,1.159260
2025-11-28 06:00:00,1.159250,1.159650,1.159180,1.159580
2025-11-28 07:00:00,1.159560,1.159680,1.159470,1.159520
2025-11-28 08:00:00,1.159510,1.159770,1.159510,1.159640
2025-11-28 09:00:00,1.159630,1.159860,1.159550,1.159650
2025-11-28 10:00:00,1.159640,1.160200,1.159640,1.159980
2025-11-28 11:00:00,1.159980,1.160230,1.159320,1.159430
2025-11-28 12:00:00,1.159430,1.159900,1.158140,1.158200
2025-11-28 13:00:00,1.158210,1.158850,1.158200,1.158390
2025-11-28 14:00:00,1.158400,1.158920,1.158360,1.158780
2025-11-28 15:00:00,1.158780,1.159180,1.158680,1.159000
2025-11-28 16:00:00,1.159000,1.159190,1.158390,1.158930
2025-11-28 17:00:00,1.158910,1.158970,1.158230,1.158360
2025-11-28 18:00:00,1.158360,1.158950,1.157890,1.157940
2025-11-28 19:00:00,1.157940,1.158000,1.156780,1.157040
2025-11-28 20:00:00,1.157040,1.157920,1.156930,1.157100
2025-11-28 21:00:00,1.157090,1.157110,1.155540,1.155890
2025-12-01 09:00:00,1.159380,1.159780,1.159320,1.159780
2025-12-01 10:00:00,1.159790,1.160740,1.159640,1.160130
2025-12-01 11:00:00,1.160130,1.160650,1.159810,1.160480
2025-12-01 12:00:00,1.160470,1.161570,1.160170,1.160610
2025-12-01 13:00:00,1.160600,1.160600,1.159330,1.159490
2025-12-01 14:00:00,1.159510,1.159740,1.159030,1.159650
2025-12-01 15:00:00,1.159660,1.160310,1.159490,1.159950
2025-12-01 16:00:00,1.159960,1.160140,1.159530,1.159920
2025-12-01 17:00:00,1.159910,1.159910,1.159140,1.159570
2025-12-01 18:00:00,1.159580,1.161300,1.159570,1.161060
2025-12-01 19:00:00,1.161050,1.162160,1.160430,1.161170
2025-12-01 20:00:00,1.161160,1.162350,1.161160,1.162330
2025-12-01 21:00:00,1.162320,1.162850,1.161960,1.162750
2025-12-01 22:00:00,1.162740,1.163190,1.162520,1.162780
2025-12-01 23:00:00,1.162750,1.164930,1.162730,1.164870
2025-12-02 00:00:00,1.164850,1.165190,1.163990,1.164740
2025-12-02 01:00:00,1.164730,1.164770,1.163080,1.163180
2025-12-02 02:00:00,1.163140,1.164050,1.162320,1.163050
2025-12-02 03:00:00,1.163020,1.163400,1.162110,1.162260
2025-12-02 04:00:00,1.162230,1.162880,1.161730,1.162140
2025-12-02 05:00:00,1.162120,1.162370,1.161240,1.161280
2025-12-02 06:00:00,1.161270,1.161300,1.160780,1.160870
2025-12-02 07:00:00,1.160860,1.161030,1.160720,1.160930
2025-12-02 08:00:00,1.160920,1.161150,1.160790,1.160860
2025-12-02 09:00:00,1.160860,1.161340,1.160720,1.160900
2025-12-02 10:00:00,1.160890,1.161080,1.160700,1.160730
2025-12-02 11:00:00,1.160730,1.160950,1.160520,1.160540
2025-12-02 12:00:00,1.160560,1.161100,1.160390,1.160940
2025-12-02 13:00:00,1.160940,1.161210,1.160900,1.161120
2025-12-02 14:00:00,1.161130,1.161280,1.160910,1.161210
2025-12-02 15:00:00,1.161220,1.161440,1.160900,1.160930
2025-12-02 16:00:00,1.160940,1.161130,1.160740,1.161060
2025-12-02 17:00:00,1.161060,1.161150,1.160480,1.160910
2025-12-02 18:00:00,1.160920,1.161650,1.160920,1.161310
2025-12-02 19:00:00,1.161300,1.161600,1.160950,1.161020
2025-12-02 20:00:00,1.161010,1.161420,1.160210,1.161160
2025-12-02 21:00:00,1.161150,1.161180,1.159960,1.160600
2025-12-02 22:00:00,1.160570,1.161380,1.160430,1.161270
2025-12-02 23:00:00,1.161250,1.161980,1.160760,1.161790
2025-12-03 00:00:00,1.161760,1.161880,1.161120,1.161680
2025-12-03 01:00:00,1.161650,1.162300,1.161390,1.161720
2025-12-03 02:00:00,1.161680,1.161870,1.159560,1.160620
2025-12-03 03:00:00,1.160580,1.160900,1.159340,1.159340
2025-12-03 04:00:00,1.159310,1.160860,1.159310,1.160720
2025-12-03 05:00:00,1.160700,1.161360,1.160600,1.160910
2025-12-03 06:00:00,1.160890,1.162390,1.160880,1.162390
2025-12-03 07:00:00,1.162380,1.162630,1.161970,1.162500
2025-12-03 08:00:00,1.162490,1.162580,1.162190,1.162580
2025-12-03 09:00:00,1.162580,1.162600,1.162130,1.162520
2025-12-03 10:00:00,1.162520,1.162940,1.162490,1.162770
2025-12-03 11:00:00,1.162780,1.163300,1.162770,1.163140
2025-12-03 12:00:00,1.163140,1.163820,1.163110,1.163660
2025-12-03 13:00:00,1.163670,1.163940,1.163570,1.163820
2025-12-03 14:00:00,1.163820,1.163950,1.163690,1.163790
2025-12-03 15:00:00,1.163800,1.164230,1.163650,1.164120
2025-12-03 16:00:00,1.164120,1.164390,1.164090,1.164290
2025-12-03 17:00:00,1.164290,1.164760,1.164240,1.164290
2025-12-03 18:00:00,1.164280,1.165290,1.164040,1.164100
2025-12-03 19:00:00,1.164090,1.164570,1.163710,1.164530
2025-12-03 20:00:00,1.164520,1.164770,1.164100,1.164700
2025-12-03 21:00:00,1.164680,1.166360,1.164630,1.166140
2025-12-03 22:00:00,1.166120,1.166650,1.165550,1.166590
2025-12-03 23:00:00,1.166560,1.166970,1.166280,1.166400
2025-12-04 00:00:00,1.166380,1.167530,1.166280,1.166630
2025-12-04 01:00:00,1.166590,1.166710,1.165670,1.166270
2025-12-04 02:00:00,1.166240,1.166810,1.165610,1.166200
2025-12-04 03:00:00,1.166180,1.166560,1.165970,1.165990
2025-12-04 04:00:00,1.165970,1.167080,1.165790,1.167080
2025-12-04 05:00:00,1.167070,1.167550,1.166860,1.167210
2025-12-04 06:00:00,1.167200,1.167810,1.167180,1.167390
2025-12-04 07:00:00,1.167380,1.167400,1.166630,1.166660
2025-12-04 08:00:00,1.166650,1.167190,1.166460,1.167170
2025-12-04 09:00:00,1.167170,1.167560,1.166840,1.167170
2025-12-04 10:00:00,1.167170,1.167220,1.166410,1.166690
2025-12-04 11:00:00,1.166680,1.166690,1.166050,1.166190
2025-12-04 12:00:00,1.166200,1.166520,1.165980,1.166420
2025-12-04 13:00:00,1.166420,1.166430,1.165950,1.166040
2025-12-04 14:00:00,1.166040,1.166090,1.165340,1.165630
2025-12-04 15:00:00,1.165630,1.165870,1.165590,1.165790
2025-12-04 16:00:00,1.165790,1.166220,1.165610,1.165880
2025-12-04 17:00:00,1.165890,1.165990,1.165320,1.165880
2025-12-04 18:00:00,1.165870,1.166500,1.165530,1.166490
2025-12-04 19:00:00,1.166480,1.168250,1.166450,1.167950
2025-12-04 20:00:00,1.167930,1.168020,1.167440,1.168000
2025-12-04 21:00:00,1.167990,1.168020,1.166400,1.166670
2025-12-04 22:00:00,1.166650,1.168130,1.166600,1.168050
2025-12-04 23:00:00,1.168030,1.168100,1.166570,1.167030
2025-12-05 00:00:00,1.167010,1.167140,1.165100,1.166600
2025-12-05 01:00:00,1.166590,1.167670,1.166460,1.167000
2025-12-05 02:00:00,1.166970,1.167470,1.165750,1.167320
2025-12-05 03:00:00,1.167300,1.167490,1.165420,1.165860
2025-12-05 04:00:00,1.165860,1.165990,1.165340,1.165680
2025-12-05 05:00:00,1.165670,1.166040,1.165450,1.165500
2025-12-05 06:00:00,1.165500,1.165610,1.165090,1.165280
2025-12-05 07:00:00,1.165280,1.165290,1.164140,1.164420
2025-12-05 08:00:00,1.164420,1.164620,1.164170,1.164460
2025-12-05 09:00:00,1.164460,1.164670,1.164220,1.164440
2025-12-05 10:00:00,1.164440,1.164440,1.164160,1.164300
2025-12-05 11:00:00,1.164320,1.165040,1.164290,1.164990
2025-12-05 12:00:00,1.165010,1.165390,1.164980,1.165240
2025-12-05 13:00:00,1.165280,1.165520,1.165160,1.165210
2025-12-05 14:00:00,1.165210,1.165270,1.164700,1.164920
2025-12-05 15:00:00,1.164920,1.165430,1.164900,1.165370
2025-12-05 16:00:00,1.165360,1.165950,1.165360,1.165880
2025-12-05 17:00:00,1.165870,1.166150,1.165550,1.166000
2025-12-05 18:00:00,1.165990,1.167170,1.165970,1.166360
2025-12-05 19:00:00,1.166340,1.166470,1.165300,1.165530
2025-12-05 20:00:00,1.165520,1.165550,1.164860,1.165480
2025-12-05 21:00:00,1.165440,1.165720,1.164850,1.165080
2025-12-08 09:00:00,1.164100,1.164710,1.163940,1.164660
2025-12-08 10:00:00,1.164670,1.164700,1.163980,1.164010
2025-12-08 11:00:00,1.164030,1.165050,1.164010,1.165050
2025-12-08 12:00:00,1.165070,1.165310,1.164580,1.165080
2025-12-08 13:00:00,1.165110,1.165420,1.164950,1.165410
2025-12-08 14:00:00,1.165410,1.165570,1.165030,1.165060
2025-12-08 15:00:00,1.165050,1.165590,1.165020,1.165440
2025-12-08 16:00:00,1.165440,1.165650,1.165270,1.165630
2025-12-08 17:00:00,1.165640,1.167310,1.165630,1.166090
2025-12-08 18:00:00,1.166070,1.166710,1.165750,1.166020
2025-12-08 19:00:00,1.166000,1.166290,1.164920,1.165640
2025-12-08 20:00:00,1.165610,1.165820,1.164990,1.165130
2025-12-08 21:00:00,1.165110,1.165560,1.164940,1.165160
2025-12-08 22:00:00,1.165140,1.165330,1.164830,1.165230
2025-12-08 23:00:00,1.165220,1.165310,1.164860,1.165260
2025-12-09 00:00:00,1.165220,1.165650,1.164730,1.164830
2025-12-09 01:00:00,1.164800,1.165430,1.163890,1.164190
2025-12-09 02:00:00,1.164210,1.164210,1.161860,1.162480
2025-12-09 03:00:00,1.162460,1.162870,1.161710,1.162480
2025-12-09 04:00:00,1.162480,1.163890,1.162090,1.163880
2025-12-09 05:00:00,1.163870,1.164180,1.163520,1.163740
2025-12-09 06:00:00,1.163750,1.164210,1.163680,1.163980
2025-12-09 07:00:00,1.163980,1.164170,1.163770,1.163890
2025-12-09 08:00:00,1.163890,1.163910,1.163580,1.163750
2025-12-09 09:00:00,1.163750,1.163830,1.163400,1.163610
2025-12-09 10:00:00,1.163630,1.164120,1.163610,1.164070
2025-12-09 11:00:00,1.164080,1.164310,1.163750,1.163870
2025-12-09 12:00:00,1.163880,1.164770,1.163680,1.164720
2025-12-09 13:00:00,1.164720,1.164890,1.164480,1.164600
2025-12-09 14:00:00,1.164600,1.164890,1.164430,1.164640
2025-12-09 15:00:00,1.164630,1.164720,1.164420,1.164700
2025-12-09 16:00:00,1.164690,1.165040,1.164510,1.164990
2025-12-09 17:00:00,1.164970,1.164990,1.164260,1.164470
2025-12-09 18:00:00,1.164450,1.164590,1.163880,1.164100
2025-12-09 19:00:00,1.164080,1.164920,1.163330,1.164580
2025-12-09 20:00:00,1.164550,1.165750,1.164470,1.165320
2025-12-09 21:00:00,1.165290,1.165340,1.164170,1.164470
2025-12-09 22:00:00,1.164450,1.164720,1.163870,1.164440
2025-12-09 23:00:00,1.164420,1.164460,1.163500,1.163850
2025-12-10 00:00:00,1.163830,1.163950,1.163010,1.163600
2025-12-10 01:00:00,1.163610,1.163880,1.163020,1.163850
2025-12-10 02:00:00,1.163950,1.163950,1.161650,1.162850
2025-12-10 03:00:00,1.162830,1.164040,1.162830,1.163870
2025-12-10 04:00:00,1.163860,1.163910,1.162250,1.162370
2025-12-10 05:00:00,1.162370,1.162520,1.161800,1.162480
2025-12-10 06:00:00,1.162480,1.163060,1.162250,1.162800
2025-12-10 07:00:00,1.162810,1.163240,1.162680,1.162700
2025-12-10 08:00:00,1.162700,1.163010,1.162490,1.162670
2025-12-10 09:00:00,1.162680,1.162890,1.162560,1.162680
2025-12-10 10:00:00,1.162690,1.162890,1.162560,1.162790
2025-12-10 11:00:00,1.162800,1.162920,1.162450,1.162600
2025-12-10 12:00:00,1.162600,1.162890,1.162290,1.162440
2025-12-10 13:00:00,1.162430,1.162890,1.162370,1.162390
2025-12-10 14:00:00,1.162390,1.162770,1.162260,1.162650
2025-12-10 15:00:00,1.162650,1.162930,1.162540,1.162820
2025-12-10 16:00:00,1.162810,1.163140,1.162670,1.162990
2025-12-10 17:00:00,1.162970,1.163590,1.162880,1.163590
2025-12-10 18:00:00,1.163570,1.165010,1.163530,1.164920
2025-12-10 19:00:00,1.164920,1.165720,1.164460,1.165300
2025-12-10 20:00:00,1.165280,1.165320,1.163700,1.163770
2025-12-10 21:00:00,1.163760,1.164020,1.162810,1.163560
2025-12-10 22:00:00,1.163540,1.163820,1.163020,1.163570
2025-12-10 23:00:00,1.163540,1.164240,1.163370,1.164030
2025-12-11 00:00:00,1.164000,1.164130,1.162710,1.164100
2025-12-11 01:00:00,1.164090,1.164540,1.163410,1.164430
2025-12-11 02:00:00,1.164420,1.165080,1.163560,1.164220
2025-12-11 03:00:00,1.164200,1.164990,1.163740,1.164980
2025-12-11 04:00:00,1.164970,1.165990,1.164590,1.165890
2025-12-11 05:00:00,1.165890,1.166090,1.165440,1.165550
2025-12-11 06:00:00,1.165590,1.168180,1.164870,1.167910
2025-12-11 07:00:00,1.167890,1.170110,1.167640,1.169430
2025-12-11 08:00:00,1.169420,1.169610,1.169020,1.169560
2025-12-11 09:00:00,1.169570,1.169620,1.169000,1.169430
2025-12-11 10:00:00,1.169460,1.170320,1.169420,1.170140
2025-12-11 11:00:00,1.170150,1.170490,1.169700,1.170180
2025-12-11 12:00:00,1.170190,1.170710,1.169980,1.170100
2025-12-11 13:00:00,1.170120,1.170620,1.169390,1.169420
2025-12-11 14:00:00,1.169430,1.169710,1.169100,1.169210
2025-12-11 15:00:00,1.169190,1.169210,1.168450,1.169090
2025-12-11 16:00:00,1.169080,1.169240,1.168630,1.168630
2025-12-11 17:00:00,1.168610,1.168990,1.168310,1.168980
2025-12-11 18:00:00,1.168960,1.170020,1.168850,1.169440
2025-12-11 19:00:00,1.169420,1.170620,1.169420,1.169890
2025-12-11 20:00:00,1.169870,1.170290,1.168790,1.170180
2025-12-11 21:00:00,1.170140,1.170750,1.170030,1.170720
2025-12-11 22:00:00,1.170690,1.171760,1.170690,1.171410
2025-12-11 23:00:00,1.171400,1.172020,1.170990,1.171750
2025-12-12 00:00:00,1.171730,1.173680,1.171410,1.173130
2025-12-12 01:00:00,1.173100,1.174810,1.173100,1.174000
2025-12-12 02:00:00,1.174030,1.175700,1.173270,1.175700
2025-12-12 03:00:00,1.175690,1.175940,1.174630,1.175500
2025-12-12 04:00:00,1.175490,1.176250,1.175110,1.175500
2025-12-12 05:00:00,1.175500,1.175910,1.175220,1.175350
2025-12-12 06:00:00,1.175360,1.175460,1.174070,1.174130
2025-12-12 07:00:00,1.174130,1.174580,1.173760,1.174110
2025-12-12 08:00:00,1.174110,1.174400,1.173730,1.173870
2025-12-12 09:00:00,1.173860,1.174210,1.173630,1.173920
2025-12-12 10:00:00,1.173940,1.174240,1.173790,1.174020
2025-12-12 11:00:00,1.174050,1.174470,1.173830,1.174080
2025-12-12 12:00:00,1.174090,1.174630,1.173310,1.173500
2025-12-12 13:00:00,1.173510,1.173810,1.173170,1.173630
2025-12-12 14:00:00,1.173630,1.173790,1.173350,1.173510
2025-12-12 15:00:00,1.173500,1.173600,1.173180,1.173280
2025-12-12 16:00:00,1.173270,1.173980,1.173240,1.173930
2025-12-12 17:00:00,1.173910,1.174210,1.173430,1.173780
2025-12-12 18:00:00,1.173750,1.174300,1.173620,1.173820
2025-12-12 19:00:00,1.173790,1.174320,1.173070,1.173070
2025-12-12 20:00:00,1.173070,1.173560,1.172710,1.173310
2025-12-12 21:00:00,1.173290,1.173340,1.172530,1.172760
2025-12-15 09:00:00,1.173870,1.173940,1.173540,1.173810
2025-12-15 10:00:00,1.173820,1.174070,1.173600,1.173730
2025-12-15 11:00:00,1.173720,1.173740,1.172880,1.173410
2025-12-15 12:00:00,1.173400,1.174250,1.173010,1.174160
2025-12-15 13:00:00,1.174150,1.174530,1.173610,1.174210
2025-12-15 14:00:00,1.174190,1.174490,1.173300,1.173480
2025-12-15 15:00:00,1.173460,1.173610,1.173120,1.173340
2025-12-15 16:00:00,1.173320,1.173530,1.173270,1.173520
2025-12-15 17:00:00,1.173500,1.173650,1.172950,1.173620
2025-12-15 18:00:00,1.173580,1.173800,1.172900,1.172930
2025-12-15 19:00:00,1.172900,1.173830,1.172800,1.173260
2025-12-15 20:00:00,1.173250,1.174420,1.173120,1.174400
2025-12-15 21:00:00,1.174380,1.174760,1.174000,1.174320
2025-12-15 22:00:00,1.174300,1.175060,1.174240,1.174950
2025-12-15 23:00:00,1.174930,1.176000,1.174920,1.175350
2025-12-16 00:00:00,1.175320,1.176030,1.174820,1.174940
2025-12-16 01:00:00,1.174970,1.176310,1.174370,1.176310
2025-12-16 02:00:00,1.176300,1.176910,1.175680,1.176280
2025-12-16 03:00:00,1.176280,1.176400,1.175310,1.175640
2025-12-16 04:00:00,1.175640,1.175650,1.174520,1.174560
2025-12-16 05:00:00,1.174560,1.174810,1.173970,1.174370
2025-12-16 06:00:00,1.174380,1.175000,1.173870,1.174960
2025-12-16 07:00:00,1.174960,1.175240,1.174760,1.175100
2025-12-16 08:00:00,1.175100,1.175470,1.174870,1.175360
2025-12-16 09:00:00,1.175370,1.175440,1.175070,1.175190
2025-12-16 10:00:00,1.175220,1.175620,1.175180,1.175430
2025-12-16 11:00:00,1.175430,1.175830,1.174890,1.174910
2025-12-16 12:00:00,1.174910,1.175520,1.174740,1.175090
2025-12-16 13:00:00,1.175100,1.175740,1.175060,1.175630
2025-12-16 14:00:00,1.175610,1.175940,1.175040,1.175200
2025-12-16 15:00:00,1.175190,1.175410,1.174970,1.175150
2025-12-16 16:00:00,1.175130,1.175420,1.174960,1.175100
2025-12-16 17:00:00,1.175070,1.175380,1.174740,1.175370
2025-12-16 18:00:00,1.175350,1.175390,1.174560,1.175090
2025-12-16 19:00:00,1.175030,1.176340,1.174780,1.175510
2025-12-16 20:00:00,1.175480,1.176270,1.175100,1.175640
2025-12-16 21:00:00,1.175580,1.176100,1.175460,1.175820
2025-12-16 22:00:00,1.175810,1.176370,1.175280,1.176280
2025-12-16 23:00:00,1.176250,1.177690,1.176090,1.177560
2025-12-17 00:00:00,1.177530,1.179560,1.175940,1.177300
2025-12-17 01:00:00,1.177270,1.179780,1.177270,1.179780
2025-12-17 02:00:00,1.179760,1.180170,1.176950,1.177070
2025-12-17 03:00:00,1.177070,1.177910,1.176360,1.176930
2025-12-17 04:00:00,1.176930,1.177830,1.176600,1.176640
2025-12-17 05:00:00,1.176630,1.177720,1.173940,1.175350
2025-12-17 06:00:00,1.175350,1.176230,1.173630,1.175800
2025-12-17 07:00:00,1.175820,1.176310,1.174680,1.174880
2025-12-17 08:00:00,1.174880,1.175180,1.174680,1.174740
2025-12-17 09:00:00,1.174750,1.174940,1.174690,1.174840
2025-12-17 10:00:00,1.174850,1.175110,1.174830,1.174930
2025-12-17 11:00:00,1.174930,1.175180,1.174570,1.175030
2025-12-17 12:00:00,1.175020,1.175260,1.174570,1.174730
2025-12-17 13:00:00,1.174730,1.174820,1.173780,1.174010
2025-12-17 14:00:00,1.173990,1.174070,1.173730,1.173910
2025-12-17 15:00:00,1.173890,1.173950,1.172700,1.173080
2025-12-17 16:00:00,1.173060,1.173140,1.172550,1.172940
2025-12-17 17:00:00,1.172910,1.173040,1.170780,1.170830
2025-12-17 18:00:00,1.170790,1.171390,1.170460,1.171320
2025-12-17 19:00:00,1.171270,1.172110,1.170680,1.171930
2025-12-17 20:00:00,1.171900,1.172100,1.171180,1.171720
2025-12-17 21:00:00,1.171710,1.172550,1.171320,1.172550
2025-12-17 22:00:00,1.172510,1.172740,1.170850,1.171000
2025-12-17 23:00:00,1.170990,1.172690,1.170960,1.172610
2025-12-18 00:00:00,1.172580,1.173360,1.172090,1.173270
2025-12-18 01:00:00,1.173260,1.174500,1.172940,1.174180
2025-12-18 02:00:00,1.174180,1.175730,1.174160,1.175350
2025-12-18 03:00:00,1.175350,1.175570,1.174610,1.174750
2025-12-18 04:00:00,1.174760,1.175470,1.174600,1.174850
2025-12-18 05:00:00,1.174870,1.175590,1.174310,1.174420
2025-12-18 06:00:00,1.174420,1.174700,1.174180,1.174470
2025-12-18 07:00:00,1.174490,1.174660,1.173930,1.173950
2025-12-18 08:00:00,1.173960,1.174190,1.173910,1.174080
2025-12-18 09:00:00,1.174080,1.174420,1.173970,1.173990
2025-12-18 10:00:00,1.174010,1.174380,1.173980,1.174210
2025-12-18 11:00:00,1.174210,1.174600,1.174050,1.174460
2025-12-18 12:00:00,1.174440,1.174570,1.173550,1.173900
2025-12-18 13:00:00,1.173890,1.174320,1.173750,1.174130
2025-12-18 14:00:00,1.174110,1.174220,1.173760,1.173980
2025-12-18 15:00:00,1.173960,1.174290,1.173870,1.174290
2025-12-18 16:00:00,1.174260,1.174680,1.174230,1.174680
2025-12-18 17:00:00,1.174660,1.174730,1.173950,1.174540
2025-12-18 18:00:00,1.174520,1.174960,1.173320,1.173510
2025-12-18 19:00:00,1.173490,1.173700,1.172860,1.173170
2025-12-18 20:00:00,1.173130,1.173250,1.171860,1.172240
2025-12-18 21:00:00,1.172220,1.172680,1.171850,1.172470
2025-12-18 22:00:00,1.172440,1.172750,1.172160,1.172160
2025-12-18 23:00:00,1.172150,1.172390,1.171370,1.171400
2025-12-19 00:00:00,1.171380,1.175960,1.171380,1.175120
2025-12-19 01:00:00,1.175120,1.175380,1.173500,1.173510
2025-12-19 02:00:00,1.173510,1.173890,1.171980,1.172740
2025-12-19 03:00:00,1.172740,1.174540,1.172660,1.172780
2025-12-19 04:00:00,1.172790,1.172870,1.171550,1.171900
2025-12-19 05:00:00,1.171910,1.172530,1.171650,1.172070
2025-12-19 06:00:00,1.172060,1.172730,1.171850,1.172480
2025-12-19 07:00:00,1.172490,1.172810,1.172110,1.172190
2025-12-19 08:00:00,1.172200,1.172550,1.172180,1.172420
2025-12-19 09:00:00,1.172410,1.172650,1.172050,1.172520
2025-12-19 10:00:00,1.172530,1.172780,1.172430,1.172540
2025-12-19 11:00:00,1.172540,1.172670,1.172130,1.172670
2025-12-19 12:00:00,1.172660,1.172870,1.172130,1.172450
2025-12-19 13:00:00,1.172440,1.172880,1.172120,1.172310
2025-12-19 14:00:00,1.172300,1.172550,1.171860,1.172140
2025-12-19 15:00:00,1.172120,1.172240,1.171590,1.171840
2025-12-19 16:00:00,1.171810,1.172090,1.171810,1.172070
2025-12-19 17:00:00,1.172040,1.172220,1.171310,1.172000
2025-12-19 18:00:00,1.171970,1.172020,1.170500,1.170670
2025-12-19 19:00:00,1.170620,1.171650,1.170620,1.171410
2025-12-19 20:00:00,1.171400,1.171760,1.170920,1.171320
2025-12-19 21:00:00,1.171300,1.171780,1.170910,1.171650
2025-12-22 09:00:00,1.171750,1.172190,1.171280,1.171500
2025-12-22 10:00:00,1.171510,1.171600,1.170690,1.171020
2025-12-22 11:00:00,1.171010,1.171630,1.171010,1.171600
2025-12-22 12:00:00,1.171600,1.171920,1.171460,1.171780
2025-12-22 13:00:00,1.171770,1.171990,1.171590,1.171700
2025-12-22 14:00:00,1.171680,1.171880,1.171400,1.171810
2025-12-22 15:00:00,1.171790,1.172180,1.171700,1.172080
2025-12-22 16:00:00,1.172060,1.172240,1.171640,1.171760
2025-12-22 17:00:00,1.171730,1.171980,1.171330,1.171630
2025-12-22 18:00:00,1.171580,1.173070,1.171520,1.173010
2025-12-22 19:00:00,1.172990,1.173810,1.172440,1.173680
2025-12-22 20:00:00,1.173660,1.173700,1.172840,1.173020
2025-12-22 21:00:00,1.172990,1.173910,1.172990,1.173220
2025-12-22 22:00:00,1.173190,1.173730,1.172980,1.173340
2025-12-22 23:00:00,1.173320,1.174330,1.173320,1.174250
2025-12-23 00:00:00,1.174240,1.175480,1.174240,1.175110
2025-12-23 01:00:00,1.175110,1.176610,1.174510,1.176110
2025-12-23 02:00:00,1.176110,1.176880,1.175880,1.176460
2025-12-23 03:00:00,1.176460,1.176460,1.174890,1.174990
2025-12-23 04:00:00,1.175010,1.176550,1.174990,1.175910
2025-12-23 05:00:00,1.175900,1.175900,1.174960,1.175380
2025-12-23 06:00:00,1.175370,1.175620,1.174860,1.175590
2025-12-23 07:00:00,1.175580,1.175920,1.175280,1.175530
2025-12-23 08:00:00,1.175530,1.176250,1.175520,1.176210
2025-12-23 09:00:00,1.176200,1.176200,1.175680,1.176010
2025-12-23 10:00:00,1.176020,1.176600,1.176010,1.176520
2025-12-23 11:00:00,1.176500,1.177050,1.176390,1.176910
2025-12-23 12:00:00,1.176900,1.177620,1.176680,1.177310
2025-12-23 13:00:00,1.177290,1.178050,1.177290,1.177800
2025-12-23 14:00:00,1.177780,1.177920,1.177360,1.177670
2025-12-23 15:00:00,1.177640,1.177980,1.177460,1.177590
2025-12-23 16:00:00,1.177570,1.178020,1.177470,1.177600
2025-12-23 17:00:00,1.177580,1.177650,1.176840,1.177190
2025-12-23 18:00:00,1.177180,1.178080,1.177010,1.178020
2025-12-23 19:00:00,1.178020,1.178580,1.177670,1.178300
2025-12-23 20:00:00,1.178250,1.179290,1.178200,1.179240
2025-12-23 21:00:00,1.179200,1.180050,1.179200,1.179940
2025-12-23 22:00:00,1.179940,1.179980,1.179250,1.179590
2025-12-23 23:00:00,1.179570,1.180210,1.178820,1.178990
2025-12-24 00:00:00,1.178980,1.179270,1.177600,1.177630
2025-12-24 01:00:00,1.177630,1.177990,1.176910,1.176950
2025-12-24 02:00:00,1.176950,1.177810,1.176550,1.176970
2025-12-24 03:00:00,1.177000,1.178070,1.176970,1.177660
2025-12-24 04:00:00,1.177660,1.177870,1.176980,1.177020
2025-12-24 05:00:00,1.177040,1.178260,1.177020,1.178230
2025-12-24 06:00:00,1.178260,1.179140,1.178220,1.179080
2025-12-24 07:00:00,1.179080,1.179410,1.178790,1.178950
2025-12-24 08:00:00,1.178960,1.179750,1.178920,1.179410
2025-12-24 09:00:00,1.179410,1.179680,1.179230,1.179470
2025-12-24 10:00:00,1.179460,1.179760,1.179380,1.179540
2025-12-24 11:00:00,1.179540,1.179960,1.179050,1.179880
2025-12-24 12:00:00,1.179870,1.180650,1.179750,1.180590
2025-12-24 13:00:00,1.180580,1.180820,1.179990,1.180010
2025-12-24 14:00:00,1.180000,1.180020,1.178770,1.178820
2025-12-24 15:00:00,1.178790,1.179380,1.178700,1.179210
2025-12-24 16:00:00,1.179180,1.180250,1.179050,1.180040
2025-12-24 17:00:00,1.180020,1.180330,1.179810,1.180040
2025-12-24 18:00:00,1.180010,1.180150,1.178710,1.178920
2025-12-24 19:00:00,1.178870,1.180030,1.178090,1.179960
2025-12-24 20:00:00,1.179950,1.180100,1.179540,1.180080
2025-12-24 21:00:00,1.180070,1.180100,1.179160,1.179680
2025-12-24 22:00:00,1.179670,1.179850,1.179100,1.179330
2025-12-24 23:00:00,1.179330,1.179350,1.178490,1.178490
2025-12-26 00:00:00,1.178230,1.178990,1.178080,1.178820
2025-12-26 01:00:00,1.178820,1.179070,1.177680,1.178100
2025-12-26 02:00:00,1.178120,1.178910,1.177940,1.178290
2025-12-26 03:00:00,1.178300,1.178900,1.178160,1.178660
2025-12-26 04:00:00,1.178670,1.178920,1.178130,1.178510
2025-12-26 05:00:00,1.178460,1.179060,1.177900,1.178550
2025-12-26 06:00:00,1.178540,1.178930,1.177940,1.178320
2025-12-26 07:00:00,1.178280,1.179010,1.177380,1.177690
2025-12-26 08:00:00,1.177700,1.179200,1.177680,1.178630
2025-12-26 09:00:00,1.178600,1.178620,1.178020,1.178250
2025-12-26 10:00:00,1.178250,1.178480,1.177870,1.178450
2025-12-26 11:00:00,1.178430,1.179270,1.177770,1.178630
2025-12-26 12:00:00,1.178620,1.179180,1.178270,1.178770
2025-12-26 13:00:00,1.178750,1.179450,1.178410,1.179300
2025-12-26 14:00:00,1.179280,1.179320,1.178370,1.178530
2025-12-26 15:00:00,1.178510,1.178800,1.178060,1.178350
2025-12-26 16:00:00,1.178320,1.178720,1.178080,1.178680
2025-12-26 17:00:00,1.178650,1.178760,1.177360,1.177710
2025-12-26 18:00:00,1.177700,1.177740,1.177130,1.177290
2025-12-26 19:00:00,1.177270,1.177770,1.176740,1.177730
2025-12-26 20:00:00,1.177710,1.177790,1.176900,1.177040
2025-12-26 21:00:00,1.177030,1.177940,1.176910,1.177460
2025-12-29 09:00:00,1.176950,1.177430,1.176920,1.177070
2025-12-29 10:00:00,1.177080,1.177800,1.177080,1.177270
2025-12-29 11:00:00,1.177260,1.178370,1.177260,1.178000
2025-12-29 12:00:00,1.177980,1.178670,1.177950,1.178480
2025-12-29 13:00:00,1.178460,1.178500,1.177600,1.177690
2025-12-29 14:00:00,1.177670,1.177710,1.177160,1.177430
2025-12-29 15:00:00,1.177410,1.177460,1.176520,1.176530
2025-12-29 16:00:00,1.176520,1.176560,1.175410,1.175700
2025-12-29 17:00:00,1.175680,1.177000,1.175440,1.176890
2025-12-29 18:00:00,1.176840,1.177870,1.176580,1.177760
2025-12-29 19:00:00,1.177730,1.178870,1.176920,1.178490
2025-12-29 20:00:00,1.178460,1.178800,1.177260,1.177610
2025-12-29 21:00:00,1.177600,1.178000,1.176700,1.176700
2025-12-29 22:00:00,1.176710,1.177050,1.175830,1.176720
2025-12-29 23:00:00,1.176720,1.176880,1.175710,1.176200
2025-12-30 00:00:00,1.176210,1.177290,1.176080,1.177080
2025-12-30 01:00:00,1.177080,1.178890,1.176750,1.178290
2025-12-30 02:00:00,1.178320,1.178590,1.176720,1.176860
2025-12-30 03:00:00,1.176850,1.176860,1.175280,1.175740
2025-12-30 04:00:00,1.175730,1.175730,1.175060,1.175240
2025-12-30 05:00:00,1.175240,1.175900,1.175090,1.175760
2025-12-30 06:00:00,1.175770,1.176780,1.175720,1.176740
2025-12-30 07:00:00,1.176750,1.177000,1.176530,1.177000
2025-12-30 08:00:00,1.177010,1.177520,1.177000,1.177320
2025-12-30 09:00:00,1.177310,1.177320,1.176760,1.176850
2025-12-30 10:00:00,1.176850,1.177510,1.176850,1.177290
2025-12-30 11:00:00,1.177280,1.177570,1.177130,1.177320
2025-12-30 12:00:00,1.177290,1.177490,1.176990,1.177490
2025-12-30 13:00:00,1.177460,1.177680,1.177170,1.177420
2025-12-30 14:00:00,1.177400,1.177620,1.177030,1.177330
2025-12-30 15:00:00,1.177310,1.177860,1.177240,1.177780
2025-12-30 16:00:00,1.177760,1.177920,1.177290,1.177620
2025-12-30 17:00:00,1.177610,1.178010,1.177410,1.177910
2025-12-30 18:00:00,1.177910,1.177940,1.176710,1.176990
2025-12-30 19:00:00,1.176960,1.177590,1.176690,1.176810
2025-12-30 20:00:00,1.176810,1.177880,1.176490,1.177060
2025-12-30 21:00:00,1.177050,1.177720,1.176980,1.177380
2025-12-30 22:00:00,1.177370,1.177680,1.176630,1.176690
2025-12-30 23:00:00,1.176690,1.176830,1.176060,1.176250
2025-12-31 00:00:00,1.176250,1.176590,1.175640,1.176380
2025-12-31 01:00:00,1.176380,1.176380,1.175760,1.176280
2025-12-31 02:00:00,1.176300,1.176660,1.174590,1.175910
2025-12-31 03:00:00,1.175920,1.176750,1.175540,1.176520
2025-12-31 04:00:00,1.176530,1.176620,1.175520,1.175670
2025-12-31 05:00:00,1.175670,1.176040,1.174890,1.174970
2025-12-31 06:00:00,1.174990,1.175320,1.174590,1.174620
2025-12-31 07:00:00,1.174640,1.175030,1.174400,1.174410
2025-12-31 08:00:00,1.174420,1.174860,1.174410,1.174820
2025-12-31 09:00:00,1.174810,1.174990,1.174590,1.174690
2025-12-31 10:00:00,1.174680,1.174960,1.174560,1.174680
2025-12-31 11:00:00,1.174660,1.174850,1.174450,1.174810
2025-12-31 12:00:00,1.174790,1.174910,1.174210,1.174320
2025-12-31 13:00:00,1.174300,1.174330,1.173970,1.174120
2025-12-31 14:00:00,1.174090,1.174430,1.174020,1.174380
2025-12-31 15:00:00,1.174360,1.174400,1.173350,1.173440
2025-12-31 16:00:00,1.173400,1.174010,1.173400,1.173880
2025-12-31 17:00:00,1.173850,1.174000,1.173320,1.173860
2025-12-31 18:00:00,1.173870,1.173890,1.173060,1.173700
2025-12-31 19:00:00,1.173670,1.173990,1.172110,1.172300
2025-12-31 20:00:00,1.172290,1.173890,1.172100,1.173600
2025-12-31 21:00:00,1.173600,1.174280,1.172890,1.173960
2025-12-31 22:00:00,1.173960,1.174790,1.173660,1.174720
2025-12-31 23:00:00,1.174720,1.175830,1.174720,1.175660
2026-01-02 00:00:00,1.174640,1.174910,1.174420,1.174550
2026-01-02 01:00:00,1.174560,1.174820,1.174420,1.174540
2026-01-02 02:00:00,1.174550,1.174830,1.174460,1.174550
2026-01-02 03:00:00,1.174570,1.174880,1.174360,1.174720
2026-01-02 04:00:00,1.174710,1.175060,1.174290,1.174590
2026-01-02 05:00:00,1.174610,1.174920,1.174550,1.174660
2026-01-02 06:00:00,1.174660,1.174800,1.174370,1.174420
2026-01-02 07:00:00,1.174420,1.174550,1.174240,1.174440
2026-01-02 08:00:00,1.174450,1.175180,1.174440,1.175060
2026-01-02 09:00:00,1.175030,1.175220,1.174680,1.174880
2026-01-02 10:00:00,1.174860,1.175040,1.174650,1.175030
2026-01-02 11:00:00,1.175010,1.175740,1.175000,1.175650
2026-01-02 12:00:00,1.175620,1.176280,1.175620,1.176150
2026-01-02 13:00:00,1.176120,1.176410,1.175870,1.175960
2026-01-02 14:00:00,1.175920,1.176530,1.175920,1.176490
2026-01-02 15:00:00,1.176470,1.176520,1.175570,1.175610
2026-01-02 16:00:00,1.175590,1.175780,1.175100,1.175210
2026-01-02 17:00:00,1.175190,1.175230,1.174100,1.174400
2026-01-02 18:00:00,1.174390,1.174760,1.173250,1.173690
2026-01-02 19:00:00,1.173700,1.173780,1.172520,1.173000
2026-01-02 20:00:00,1.173000,1.173700,1.172130,1.172210
2026-01-02 21:00:00,1.172210,1.172380,1.171390,1.172190
2026-01-05 09:00:00,1.172380,1.172510,1.171000,1.171370
2026-01-05 10:00:00,1.171360,1.171420,1.169990,1.170610
2026-01-05 11:00:00,1.170580,1.171120,1.170370,1.170550
2026-01-05 12:00:00,1.170540,1.170700,1.170020,1.170070
2026-01-05 13:00:00,1.170040,1.170150,1.168480,1.168910
2026-01-05 14:00:00,1.168880,1.169050,1.167240,1.167620
2026-01-05 15:00:00,1.167600,1.168340,1.167320,1.168250
2026-01-05 16:00:00,1.168240,1.168580,1.168090,1.168530
2026-01-05 17:00:00,1.168500,1.169260,1.167860,1.169180
2026-01-05 18:00:00,1.169180,1.169240,1.168510,1.168570
2026-01-05 19:00:00,1.168550,1.169560,1.168190,1.168350
2026-01-05 20:00:00,1.168340,1.168810,1.167470,1.168270
2026-01-05 21:00:00,1.168270,1.169100,1.168040,1.168950
2026-01-05 22:00:00,1.168950,1.169100,1.168020,1.168240
2026-01-05 23:00:00,1.168240,1.168520,1.167030,1.167090
2026-01-06 00:00:00,1.167100,1.167410,1.165970,1.167350
2026-01-06 01:00:00,1.167360,1.168680,1.167340,1.168680
2026-01-06 02:00:00,1.168690,1.170380,1.168640,1.170320
2026-01-06 03:00:00,1.170340,1.171800,1.170310,1.171500
2026-01-06 04:00:00,1.171500,1.172060,1.171040,1.171450
2026-01-06 05:00:00,1.171450,1.172540,1.171440,1.172370
2026-01-06 06:00:00,1.172380,1.172860,1.172290,1.172800
2026-01-06 07:00:00,1.172780,1.172920,1.172400,1.172540
2026-01-06 08:00:00,1.172530,1.172680,1.172000,1.172210
2026-01-06 09:00:00,1.172190,1.172360,1.171980,1.171980
2026-01-06 10:00:00,1.171960,1.172080,1.171320,1.171490
2026-01-06 11:00:00,1.171450,1.171700,1.171090,1.171660
2026-01-06 12:00:00,1.171610,1.172510,1.171290,1.172490
2026-01-06 13:00:00,1.172450,1.173780,1.172240,1.173780
2026-01-06 14:00:00,1.173750,1.173850,1.173270,1.173520
2026-01-06 15:00:00,1.173500,1.173620,1.173160,1.173420
2026-01-06 16:00:00,1.173410,1.173730,1.172840,1.172890
2026-01-06 17:00:00,1.172850,1.173770,1.172850,1.173670
2026-01-06 18:00:00,1.173650,1.174260,1.172770,1.172840
2026-01-06 19:00:00,1.172830,1.173820,1.172650,1.172880
2026-01-06 20:00:00,1.172880,1.172890,1.170860,1.171520
2026-01-06 21:00:00,1.171520,1.171680,1.170900,1.171260
2026-01-06 22:00:00,1.171260,1.171270,1.170560,1.170640
2026-01-06 23:00:00,1.170650,1.171250,1.169880,1.170140
2026-01-07 00:00:00,1.170130,1.171240,1.169800,1.171130
2026-01-07 01:00:00,1.171150,1.171760,1.170060,1.171160
2026-01-07 02:00:00,1.171160,1.171160,1.168550,1.169110
2026-01-07 03:00:00,1.169200,1.170010,1.168680,1.168940
2026-01-07 04:00:00,1.168930,1.170060,1.168780,1.170060
2026-01-07 05:00:00,1.170070,1.170230,1.168790,1.168970
2026-01-07 06:00:00,1.168950,1.169030,1.168420,1.169030
2026-01-07 07:00:00,1.169020,1.169360,1.168730,1.168740
2026-01-07 08:00:00,1.168720,1.168910,1.168520,1.168910
2026-01-07 09:00:00,1.168890,1.168940,1.168590,1.168900
2026-01-07 10:00:00,1.168870,1.169140,1.168720,1.168810
2026-01-07 11:00:00,1.168780,1.169420,1.168610,1.169180
2026-01-07 12:00:00,1.169150,1.170070,1.169020,1.169590
2026-01-07 13:00:00,1.169550,1.170240,1.169550,1.169630
2026-01-07 14:00:00,1.169580,1.170030,1.169580,1.169910
2026-01-07 15:00:00,1.169880,1.170250,1.169110,1.169180
2026-01-07 16:00:00,1.169170,1.169430,1.169120,1.169360
2026-01-07 17:00:00,1.169340,1.170080,1.169260,1.169750
2026-01-07 18:00:00,1.169730,1.169860,1.167980,1.168420
2026-01-07 19:00:00,1.168430,1.168640,1.167400,1.168520
2026-01-07 20:00:00,1.168520,1.168700,1.168090,1.168460
2026-01-07 21:00:00,1.168460,1.169410,1.168460,1.168810
2026-01-07 22:00:00,1.168820,1.169300,1.168520,1.168860
2026-01-07 23:00:00,1.168880,1.169090,1.168160,1.168760
2026-01-08 00:00:00,1.168760,1.169460,1.168360,1.169120
2026-01-08 01:00:00,1.169150,1.169800,1.168750,1.169730
2026-01-08 02:00:00,1.169630,1.169900,1.168140,1.168720
2026-01-08 03:00:00,1.168760,1.169280,1.168390,1.168880
2026-01-08 04:00:00,1.168900,1.169450,1.168650,1.168830
2026-01-08 05:00:00,1.168820,1.169020,1.168260,1.168310
2026-01-08 06:00:00,1.168310,1.168540,1.167910,1.168330
2026-01-08 07:00:00,1.168310,1.168440,1.167950,1.168020
2026-01-08 08:00:00,1.168000,1.168030,1.167400,1.167610
2026-01-08 09:00:00,1.167590,1.167890,1.167220,1.167800
2026-01-08 10:00:00,1.167780,1.167820,1.167510,1.167700
2026-01-08 11:00:00,1.167670,1.167860,1.167620,1.167660
2026-01-08 12:00:00,1.167650,1.167850,1.167250,1.167510
2026-01-08 13:00:00,1.167470,1.168110,1.167280,1.168090
2026-01-08 14:00:00,1.168080,1.168320,1.167870,1.168030
2026-01-08 15:00:00,1.168010,1.168170,1.167780,1.168040
2026-01-08 16:00:00,1.168020,1.168380,1.167780,1.168310
2026-01-08 17:00:00,1.168300,1.168350,1.167570,1.168210
2026-01-08 18:00:00,1.168200,1.168350,1.167810,1.167810
2026-01-08 19:00:00,1.167800,1.167840,1.166970,1.167280
2026-01-08 20:00:00,1.167290,1.167680,1.167020,1.167680
2026-01-08 21:00:00,1.167690,1.168150,1.167650,1.168050
2026-01-08 22:00:00,1.168050,1.168060,1.167550,1.167790
2026-01-08 23:00:00,1.167790,1.167800,1.166960,1.167270
2026-01-09 00:00:00,1.167290,1.167770,1.165950,1.166340
2026-01-09 01:00:00,1.166340,1.166640,1.165710,1.166380
2026-01-09 02:00:00,1.166400,1.167310,1.166200,1.166640
2026-01-09 03:00:00,1.166650,1.166710,1.165350,1.165710
2026-01-09 04:00:00,1.165700,1.165710,1.164460,1.165010
2026-01-09 05:00:00,1.165030,1.165310,1.164530,1.164540
2026-01-09 06:00:00,1.164530,1.165140,1.164240,1.164990
2026-01-09 07:00:00,1.164980,1.165500,1.164980,1.165140
2026-01-09 08:00:00,1.165120,1.166260,1.165110,1.165960
2026-01-09 09:00:00,1.165930,1.166130,1.165460,1.165920
2026-01-09 10:00:00,1.165890,1.166300,1.165670,1.165800
2026-01-09 11:00:00,1.165770,1.165820,1.165430,1.165440
2026-01-09 12:00:00,1.165410,1.165740,1.164880,1.164950
2026-01-09 13:00:00,1.164920,1.165500,1.164630,1.165470
2026-01-09 14:00:00,1.165440,1.165900,1.165420,1.165660
2026-01-09 15:00:00,1.165630,1.165700,1.165220,1.165510
2026-01-09 16:00:00,1.165500,1.165640,1.165030,1.165120
2026-01-09 17:00:00,1.165110,1.165330,1.164850,1.164950
2026-01-09 18:00:00,1.164950,1.165010,1.164050,1.164940
2026-01-09 19:00:00,1.164940,1.165190,1.164250,1.164930
2026-01-09 20:00:00,1.164930,1.165030,1.164260,1.164290
2026-01-09 21:00:00,1.164300,1.164680,1.163830,1.164630
2026-01-11 22:00:00,1.163450,1.163500,1.163370,1.163390
2026-01-11 23:00:00,1.163400,1.163450,1.163380,1.163390
2026-01-12 00:00:00,1.163400,1.163450,1.163320,1.163350
2026-01-12 01:00:00,1.163350,1.163400,1.163340,1.163350
2026-01-12 02:00:00,1.163350,1.164460,1.163310,1.164270
2026-01-12 03:00:00,1.164270,1.165320,1.164250,1.165130
2026-01-12 04:00:00,1.165130,1.165620,1.163600,1.164920
2026-01-12 05:00:00,1.164910,1.164960,1.163210,1.163820
2026-01-12 06:00:00,1.163800,1.164280,1.163490,1.163700
2026-01-12 07:00:00,1.163680,1.164200,1.163160,1.163610
2026-01-12 08:00:00,1.163590,1.163620,1.163190,1.163430
2026-01-12 09:00:00,1.163410,1.163550,1.163180,1.163360
2026-01-12 10:00:00,1.163340,1.163430,1.162330,1.162360
2026-01-12 11:00:00,1.162310,1.166580,1.162260,1.166530
2026-01-12 12:00:00,1.166510,1.167100,1.165620,1.165670
2026-01-12 13:00:00,1.165640,1.166440,1.165540,1.165590
2026-01-12 14:00:00,1.165570,1.165930,1.165440,1.165630
2026-01-12 15:00:00,1.165620,1.165860,1.165360,1.165540
2026-01-12 16:00:00,1.165510,1.167100,1.165510,1.166970
2026-01-12 17:00:00,1.166970,1.167340,1.166480,1.166990
2026-01-12 18:00:00,1.166990,1.168780,1.166960,1.168600
2026-01-12 19:00:00,1.168600,1.169070,1.167700,1.168820
2026-01-12 20:00:00,1.168820,1.169560,1.168190,1.168290
2026-01-12 21:00:00,1.168290,1.168640,1.167730,1.168530
2026-01-12 22:00:00,1.168540,1.168940,1.167640,1.167850
2026-01-12 23:00:00,1.167870,1.168780,1.167810,1.168150
2026-01-13 00:00:00,1.168150,1.169840,1.167870,1.169220
2026-01-13 01:00:00,1.169230,1.169300,1.167500,1.167680
2026-01-13 02:00:00,1.167690,1.168650,1.167330,1.168200
2026-01-13 03:00:00,1.168190,1.168210,1.167180,1.167220
2026-01-13 04:00:00,1.167210,1.167520,1.166640,1.166960
2026-01-13 05:00:00,1.166940,1.167260,1.166570,1.166960
2026-01-13 06:00:00,1.166940,1.167430,1.166840,1.167270
2026-01-13 07:00:00,1.167250,1.167300,1.166350,1.166460
2026-01-13 08:00:00,1.166430,1.166920,1.166430,1.166690
2026-01-13 09:00:00,1.166680,1.167100,1.166540,1.166950
2026-01-13 10:00:00,1.166940,1.167040,1.166560,1.166760
2026-01-13 11:00:00,1.166730,1.166780,1.166150,1.166350
2026-01-13 12:00:00,1.166320,1.166460,1.165680,1.165900
2026-01-13 13:00:00,1.165870,1.166160,1.165730,1.165900
2026-01-13 14:00:00,1.165870,1.166390,1.165710,1.165930
2026-01-13 15:00:00,1.165910,1.166590,1.165880,1.166520
2026-01-13 16:00:00,1.166500,1.166760,1.166220,1.166270
2026-01-13 17:00:00,1.166270,1.166290,1.165430,1.165860
2026-01-13 18:00:00,1.165860,1.166560,1.165610,1.166450
2026-01-13 19:00:00,1.166450,1.166860,1.165960,1.166820
2026-01-13 20:00:00,1.166820,1.167280,1.166420,1.167130
2026-01-13 21:00:00,1.167160,1.167480,1.166560,1.166610
2026-01-13 22:00:00,1.166620,1.167030,1.166450,1.166850
2026-01-13 23:00:00,1.166860,1.166910,1.165280,1.165540
2026-01-14 00:00:00,1.165550,1.167570,1.165070,1.166580
2026-01-14 01:00:00,1.166620,1.167090,1.165870,1.166350
2026-01-14 02:00:00,1.166360,1.166470,1.164540,1.165060
2026-01-14 03:00:00,1.165100,1.165520,1.163570,1.164590
2026-01-14 04:00:00,1.164590,1.164900,1.164200,1.164570
2026-01-14 05:00:00,1.164570,1.165470,1.164270,1.165420
2026-01-14 06:00:00,1.165400,1.165420,1.164640,1.164960
2026-01-14 07:00:00,1.164940,1.165030,1.164560,1.164640
2026-01-14 08:00:00,1.164620,1.164730,1.164290,1.164330
2026-01-14 09:00:00,1.164310,1.164610,1.164240,1.164510
2026-01-14 10:00:00,1.164490,1.164600,1.164220,1.164280
2026-01-14 11:00:00,1.164240,1.164420,1.163770,1.164290
2026-01-14 12:00:00,1.164270,1.164320,1.163710,1.163840
2026-01-14 13:00:00,1.163810,1.164500,1.163610,1.164410
2026-01-14 14:00:00,1.164390,1.164940,1.164390,1.164760
2026-01-14 15:00:00,1.164750,1.164840,1.164380,1.164440
2026-01-14 16:00:00,1.164430,1.164560,1.164210,1.164230
2026-01-14 17:00:00,1.164230,1.165010,1.164180,1.164940
2026-01-14 18:00:00,1.164940,1.165160,1.164450,1.164610
2026-01-14 19:00:00,1.164620,1.165150,1.164170,1.164700
2026-01-14 20:00:00,1.164710,1.165400,1.164690,1.165230
2026-01-14 21:00:00,1.165230,1.165800,1.164780,1.165590
2026-01-14 22:00:00,1.165580,1.165580,1.164390,1.164670
2026-01-14 23:00:00,1.164730,1.166140,1.164560,1.165930
2026-01-15 00:00:00,1.165920,1.165940,1.164580,1.165010
2026-01-15 01:00:00,1.165020,1.165950,1.164900,1.165630
2026-01-15 02:00:00,1.165610,1.166020,1.165040,1.166020
2026-01-15 03:00:00,1.166010,1.166190,1.165340,1.165570
2026-01-15 04:00:00,1.165550,1.165630,1.164610,1.164660
2026-01-15 05:00:00,1.164650,1.164770,1.163910,1.163990
2026-01-15 06:00:00,1.163970,1.164020,1.163610,1.163740
2026-01-15 07:00:00,1.163720,1.164760,1.163690,1.164270
2026-01-15 08:00:00,1.164240,1.164700,1.164240,1.164530
2026-01-15 09:00:00,1.164520,1.164720,1.164310,1.164460
2026-01-15 10:00:00,1.164420,1.164740,1.164420,1.164600
2026-01-15 11:00:00,1.164590,1.164630,1.163580,1.163740
2026-01-15 12:00:00,1.163690,1.164150,1.163380,1.163930
2026-01-15 13:00:00,1.163910,1.164110,1.163650,1.164070
2026-01-15 14:00:00,1.164050,1.164180,1.163730,1.163920
2026-01-15 15:00:00,1.163910,1.163950,1.163470,1.163520
2026-01-15 16:00:00,1.163520,1.163840,1.163480,1.163570
2026-01-15 17:00:00,1.163570,1.163820,1.162930,1.163350
2026-01-15 18:00:00,1.163350,1.163690,1.162670,1.162960
2026-01-15 19:00:00,1.162960,1.163550,1.162660,1.163160
2026-01-15 20:00:00,1.163160,1.163990,1.163110,1.163620
2026-01-15 21:00:00,1.163630,1.164040,1.163460,1.163670
2026-01-15 22:00:00,1.163670,1.163820,1.163090,1.163100
2026-01-15 23:00:00,1.163110,1.163520,1.162140,1.162210
2026-01-16 00:00:00,1.162220,1.162530,1.159970,1.160020
2026-01-16 01:00:00,1.160020,1.161050,1.159350,1.160110
2026-01-16 02:00:00,1.160110,1.160900,1.159820,1.160220
2026-01-16 03:00:00,1.160210,1.161110,1.159930,1.160580
2026-01-16 04:00:00,1.160560,1.161440,1.160400,1.160810
2026-01-16 05:00:00,1.160800,1.161550,1.160800,1.161460
2026-01-16 06:00:00,1.161440,1.161780,1.161250,1.161380
2026-01-16 07:00:00,1.161360,1.161550,1.160230,1.160470
2026-01-16 08:00:00,1.160440,1.161110,1.160390,1.160990
2026-01-16 09:00:00,1.160970,1.161010,1.160730,1.160820
2026-01-16 10:00:00,1.160800,1.161030,1.160770,1.160950
2026-01-16 11:00:00,1.160930,1.160980,1.160320,1.160430
2026-01-16 12:00:00,1.160410,1.160910,1.160270,1.160700
2026-01-16 13:00:00,1.160670,1.161430,1.160640,1.160930
2026-01-16 14:00:00,1.160910,1.161280,1.160730,1.161220
2026-01-16 15:00:00,1.161200,1.161420,1.161010,1.161130
2026-01-16 16:00:00,1.161130,1.161150,1.160660,1.160700
2026-01-16 17:00:00,1.160690,1.161000,1.160480,1.160970
2026-01-16 18:00:00,1.160970,1.161520,1.160890,1.161170
2026-01-16 19:00:00,1.161180,1.161420,1.160950,1.161030
2026-01-16 20:00:00,1.161030,1.161490,1.160870,1.160910
2026-01-16 21:00:00,1.160920,1.161740,1.160840,1.161470
2026-01-18 22:00:00,1.160610,1.160670,1.159950,1.160270
2026-01-18 23:00:00,1.160280,1.160330,1.159640,1.159640
2026-01-19 00:00:00,1.159640,1.159760,1.158420,1.158670
2026-01-19 01:00:00,1.158670,1.159340,1.158340,1.158670
2026-01-19 02:00:00,1.158660,1.159640,1.158130,1.158810
2026-01-19 03:00:00,1.158800,1.158850,1.158290,1.158320
2026-01-19 04:00:00,1.158310,1.160430,1.156540,1.157930
2026-01-19 05:00:00,1.157910,1.159260,1.157170,1.158020
2026-01-19 06:00:00,1.158000,1.158480,1.157510,1.157860
2026-01-19 07:00:00,1.157830,1.158610,1.157540,1.158490
2026-01-19 08:00:00,1.158470,1.159170,1.158110,1.158360
2026-01-19 09:00:00,1.158340,1.158720,1.157890,1.158600
2026-01-19 10:00:00,1.158620,1.162610,1.158140,1.162450
2026-01-19 11:00:00,1.162430,1.163680,1.160790,1.163300
2026-01-19 12:00:00,1.163290,1.163340,1.162230,1.162280
2026-01-19 13:00:00,1.162270,1.162450,1.161450,1.161780
2026-01-19 14:00:00,1.161760,1.162660,1.161650,1.162490
2026-01-19 15:00:00,1.162480,1.163370,1.162480,1.163300
2026-01-19 16:00:00,1.163290,1.163750,1.162730,1.162790
2026-01-19 17:00:00,1.162790,1.163290,1.162590,1.162870
2026-01-19 18:00:00,1.162870,1.163970,1.162370,1.162620
2026-01-19 19:00:00,1.162630,1.162830,1.161910,1.162430
2026-01-19 20:00:00,1.162450,1.162940,1.161230,1.162380
2026-01-19 21:00:00,1.162390,1.162880,1.162260,1.162460
2026-01-19 22:00:00,1.162460,1.162940,1.162090,1.162850
2026-01-19 23:00:00,1.162840,1.163360,1.162550,1.162600
2026-01-20 00:00:00,1.162620,1.163530,1.162600,1.163150
2026-01-20 01:00:00,1.163160,1.164250,1.163080,1.164100
2026-01-20 02:00:00,1.164080,1.164290,1.163280,1.164060
2026-01-20 03:00:00,1.164040,1.164780,1.163780,1.164280
2026-01-20 04:00:00,1.164260,1.164710,1.164010,1.164640
2026-01-20 05:00:00,1.164620,1.164940,1.164400,1.164410
2026-01-20 06:00:00,1.164390,1.164760,1.164280,1.164350
2026-01-20 07:00:00,1.164320,1.164650,1.164190,1.164570
2026-01-20 08:00:00,1.164540,1.164680,1.164260,1.164620
2026-01-20 09:00:00,1.164600,1.164810,1.164450,1.164580
2026-01-20 10:00:00,1.164540,1.164700,1.163880,1.163960
2026-01-20 11:00:00,1.163930,1.164090,1.163240,1.164070
2026-01-20 12:00:00,1.164040,1.164440,1.163920,1.164380
2026-01-20 13:00:00,1.164350,1.164670,1.164090,1.164480
2026-01-20 14:00:00,1.164470,1.165870,1.164410,1.165700
2026-01-20 15:00:00,1.165700,1.166770,1.165660,1.166600
2026-01-20 16:00:00,1.166600,1.167310,1.166340,1.166440
2026-01-20 17:00:00,1.166440,1.166940,1.166280,1.166890
2026-01-20 18:00:00,1.166890,1.169290,1.166440,1.168960
2026-01-20 19:00:00,1.168960,1.172250,1.168880,1.171910
2026-01-20 20:00:00,1.171910,1.173330,1.171680,1.172580
2026-01-20 21:00:00,1.172620,1.173310,1.171610,1.173140
2026-01-20 22:00:00,1.173150,1.173900,1.172310,1.173510
2026-01-20 23:00:00,1.173510,1.174340,1.172610,1.172710
2026-01-21 00:00:00,1.172710,1.174900,1.172020,1.173540
2026-01-21 01:00:00,1.173520,1.173530,1.171830,1.171890
2026-01-21 02:00:00,1.171880,1.173730,1.171720,1.172840
2026-01-21 03:00:00,1.172830,1.173850,1.172810,1.173850
2026-01-21 04:00:00,1.173830,1.174360,1.173020,1.173280
2026-01-21 05:00:00,1.173260,1.173430,1.172670,1.172790
2026-01-21 06:00:00,1.172770,1.172800,1.171330,1.171330
2026-01-21 07:00:00,1.171310,1.172060,1.171090,1.171930
2026-01-21 08:00:00,1.171910,1.172680,1.171840,1.172680
2026-01-21 09:00:00,1.172680,1.172710,1.172320,1.172330
2026-01-21 10:00:00,1.172300,1.172900,1.172250,1.172760
2026-01-21 11:00:00,1.172760,1.172790,1.171650,1.172300
2026-01-21 12:00:00,1.172260,1.173430,1.172240,1.172890
2026-01-21 13:00:00,1.172880,1.173150,1.172480,1.172670
2026-01-21 14:00:00,1.172660,1.172780,1.171220,1.171900
2026-01-21 15:00:00,1.171900,1.172030,1.171450,1.171870
2026-01-21 16:00:00,1.171870,1.172210,1.171600,1.171760
2026-01-21 17:00:00,1.171760,1.172490,1.171560,1.172410
2026-01-21 18:00:00,1.172400,1.172460,1.170920,1.171680
2026-01-21 19:00:00,1.171700,1.171900,1.170520,1.171120
2026-01-21 20:00:00,1.171110,1.171300,1.170190,1.170340
2026-01-21 21:00:00,1.170360,1.170800,1.170270,1.170700
2026-01-21 22:00:00,1.170690,1.171950,1.170470,1.171380
2026-01-21 23:00:00,1.171390,1.173540,1.171290,1.173480
2026-01-22 00:00:00,1.173470,1.174330,1.172960,1.173820
2026-01-22 01:00:00,1.173840,1.174130,1.171260,1.172380
2026-01-22 02:00:00,1.172390,1.172740,1.170180,1.170200
2026-01-22 03:00:00,1.170190,1.171010,1.169590,1.170360
2026-01-22 04:00:00,1.170340,1.171140,1.169740,1.170390
2026-01-22 05:00:00,1.170370,1.170400,1.169480,1.169730
2026-01-22 06:00:00,1.169710,1.170610,1.167810,1.169130
2026-01-22 07:00:00,1.169110,1.169150,1.167720,1.168870
2026-01-22 08:00:00,1.168870,1.169000,1.168400,1.168710
2026-01-22 09:00:00,1.168720,1.168780,1.168310,1.168590
2026-01-22 10:00:00,1.168570,1.168610,1.167010,1.167330
2026-01-22 11:00:00,1.167300,1.168980,1.167300,1.168900
2026-01-22 12:00:00,1.168910,1.169010,1.168250,1.169000
2026-01-22 13:00:00,1.169000,1.169390,1.168350,1.168610
2026-01-22 14:00:00,1.168600,1.169040,1.168540,1.168910
2026-01-22 15:00:00,1.168910,1.169750,1.168910,1.169190
2026-01-22 16:00:00,1.169190,1.169220,1.168450,1.168840
2026-01-22 17:00:00,1.168850,1.169170,1.168510,1.168860
2026-01-22 18:00:00,1.168870,1.169620,1.168570,1.169170
2026-01-22 19:00:00,1.169170,1.169470,1.168510,1.168980
2026-01-22 20:00:00,1.168980,1.169620,1.168840,1.169210
2026-01-22 21:00:00,1.169250,1.169510,1.168730,1.169490
2026-01-22 22:00:00,1.169490,1.170400,1.169270,1.170330
2026-01-22 23:00:00,1.170310,1.170920,1.170050,1.170470
2026-01-23 00:00:00,1.170460,1.171870,1.170410,1.171350
2026-01-23 01:00:00,1.171360,1.172470,1.171210,1.172010
2026-01-23 02:00:00,1.172010,1.173360,1.171940,1.173340
2026-01-23 03:00:00,1.173330,1.175030,1.173330,1.173990
2026-01-23 04:00:00,1.173970,1.174810,1.173210,1.174690
2026-01-23 05:00:00,1.174670,1.174890,1.174420,1.174780
2026-01-23 06:00:00,1.174740,1.174830,1.174190,1.174430
2026-01-23 07:00:00,1.174400,1.175310,1.174270,1.174880
2026-01-23 08:00:00,1.174840,1.175600,1.174780,1.175560
2026-01-23 09:00:00,1.175550,1.175760,1.175110,1.175690
2026-01-23 10:00:00,1.175660,1.175960,1.175330,1.175430
2026-01-23 11:00:00,1.175410,1.175450,1.174850,1.174870
2026-01-23 12:00:00,1.174860,1.175390,1.174740,1.174940
2026-01-23 13:00:00,1.174920,1.175000,1.174440,1.174610
2026-01-23 14:00:00,1.174610,1.174820,1.174350,1.174400
2026-01-23 15:00:00,1.174400,1.175140,1.174370,1.175040
2026-01-23 16:00:00,1.175050,1.175440,1.174990,1.175070
2026-01-23 17:00:00,1.175080,1.175300,1.174270,1.174270
2026-01-23 18:00:00,1.174280,1.174480,1.173570,1.173670
2026-01-23 19:00:00,1.173690,1.174500,1.172880,1.174060
2026-01-23 20:00:00,1.174070,1.174430,1.173540,1.173580
2026-01-23 21:00:00,1.173590,1.173630,1.173080,1.173410
2026-01-25 22:00:00,1.182540,1.182620,1.181690,1.182130
2026-01-25 23:00:00,1.182130,1.182180,1.182120,1.182140
2026-01-26 00:00:00,1.182130,1.182190,1.181500,1.181820
2026-01-26 01:00:00,1.181810,1.181860,1.180560,1.180770
2026-01-26 02:00:00,1.180750,1.181310,1.180690,1.181280
2026-01-26 03:00:00,1.181260,1.181310,1.181090,1.181130
2026-01-26 04:00:00,1.181110,1.182040,1.180890,1.182010
2026-01-26 05:00:00,1.181970,1.184400,1.181970,1.183790
2026-01-26 06:00:00,1.183780,1.186500,1.183250,1.185450
2026-01-26 07:00:00,1.185400,1.188300,1.183840,1.187090
2026-01-26 08:00:00,1.187020,1.187300,1.184620,1.185950
2026-01-26 09:00:00,1.185800,1.189070,1.185190,1.188970
2026-01-26 10:00:00,1.188960,1.189570,1.185650,1.185970
2026-01-26 11:00:00,1.185980,1.186390,1.184480,1.186140
2026-01-26 12:00:00,1.186110,1.186810,1.185610,1.185820
2026-01-26 13:00:00,1.185820,1.187710,1.185690,1.186740
2026-01-26 14:00:00,1.186740,1.186750,1.185910,1.186210
2026-01-26 15:00:00,1.186210,1.186880,1.185670,1.186030
2026-01-26 16:00:00,1.186030,1.187140,1.185910,1.186600
2026-01-26 17:00:00,1.186590,1.186600,1.185040,1.185250
2026-01-26 18:00:00,1.185250,1.186360,1.183700,1.183960
2026-01-26 19:00:00,1.183980,1.186070,1.183810,1.185480
2026-01-26 20:00:00,1.185460,1.186650,1.184360,1.186340
2026-01-26 21:00:00,1.186370,1.186590,1.185330,1.186030
2026-01-26 22:00:00,1.186040,1.186100,1.184980,1.185650
2026-01-26 23:00:00,1.185640,1.185660,1.184010,1.184230
2026-01-27 00:00:00,1.184220,1.185750,1.183560,1.185540
2026-01-27 01:00:00,1.185540,1.187880,1.185330,1.187880
2026-01-27 02:00:00,1.187860,1.189560,1.187190,1.189540
2026-01-27 03:00:00,1.189520,1.190840,1.188130,1.188490
2026-01-27 04:00:00,1.188460,1.189130,1.187560,1.187940
2026-01-27 05:00:00,1.187920,1.188990,1.187880,1.188040
2026-01-27 06:00:00,1.188040,1.188070,1.187030,1.187980
2026-01-27 07:00:00,1.187940,1.188500,1.187810,1.188300
2026-01-27 08:00:00,1.188270,1.188580,1.187460,1.188080
2026-01-27 09:00:00,1.188070,1.188110,1.187540,1.187870
2026-01-27 10:00:00,1.187810,1.188150,1.187320,1.187490
2026-01-27 11:00:00,1.187490,1.188310,1.187310,1.187740
2026-01-27 12:00:00,1.187730,1.188160,1.187450,1.187930
2026-01-27 13:00:00,1.187920,1.189920,1.187600,1.189400
2026-01-27 14:00:00,1.189400,1.189410,1.187970,1.188000
2026-01-27 15:00:00,1.188010,1.188270,1.187090,1.187310
2026-01-27 16:00:00,1.187320,1.187890,1.187220,1.187760
2026-01-27 17:00:00,1.187750,1.188170,1.187130,1.187160
2026-01-27 18:00:00,1.187180,1.187540,1.186120,1.186420
2026-01-27 19:00:00,1.186460,1.186760,1.185100,1.186030
2026-01-27 20:00:00,1.186030,1.189190,1.185880,1.188850
2026-01-27 21:00:00,1.188840,1.189010,1.187460,1.188930
2026-01-27 22:00:00,1.188930,1.189690,1.188580,1.189660
2026-01-27 23:00:00,1.189640,1.193370,1.189510,1.192810
2026-01-28 00:00:00,1.192830,1.193860,1.191480,1.192290
2026-01-28 01:00:00,1.192280,1.195370,1.191950,1.194440
2026-01-28 02:00:00,1.194430,1.197130,1.194430,1.195230
2026-01-28 03:00:00,1.195210,1.199080,1.195140,1.197980
2026-01-28 04:00:00,1.197950,1.198170,1.196040,1.197980
2026-01-28 05:00:00,1.197940,1.198700,1.197290,1.197990
2026-01-28 06:00:00,1.197980,1.198060,1.197180,1.197730
2026-01-28 07:00:00,1.197710,1.206560,1.197570,1.203700
2026-01-28 08:00:00,1.203760,1.204940,1.202520,1.204120
2026-01-28 09:00:00,1.204090,1.204400,1.203620,1.204270
2026-01-28 10:00:00,1.204230,1.204440,1.201770,1.202000
2026-01-28 11:00:00,1.201950,1.202230,1.200970,1.201510
2026-01-28 12:00:00,1.201510,1.201530,1.199470,1.199470
2026-01-28 13:00:00,1.199470,1.200090,1.198770,1.199760
2026-01-28 14:00:00,1.199760,1.200500,1.199600,1.199720
2026-01-28 15:00:00,1.199730,1.200240,1.199220,1.200150
2026-01-28 16:00:00,1.200150,1.200150,1.197250,1.199740
2026-01-28 17:00:00,1.199750,1.200570,1.198940,1.199560
2026-01-28 18:00:00,1.199580,1.202330,1.198550,1.199080
2026-01-28 19:00:00,1.199090,1.200340,1.197160,1.197930
2026-01-28 20:00:00,1.197980,1.199230,1.197670,1.198750
2026-01-28 21:00:00,1.198760,1.199570,1.197330,1.199020
2026-01-28 22:00:00,1.198990,1.199010,1.196300,1.196950
2026-01-28 23:00:00,1.196940,1.198340,1.196660,1.197880
2026-01-29 00:00:00,1.197880,1.197980,1.195310,1.195780
2026-01-29 01:00:00,1.195760,1.197790,1.195170,1.196200
2026-01-29 02:00:00,1.196180,1.196980,1.193200,1.194420
2026-01-29 03:00:00,1.194390,1.195230,1.192200,1.193960
2026-01-29 04:00:00,1.193920,1.194290,1.192940,1.194090
2026-01-29 05:00:00,1.194060,1.194170,1.191350,1.192290
2026-01-29 06:00:00,1.192180,1.194190,1.189660,1.194070
2026-01-29 07:00:00,1.194020,1.195030,1.193160,1.194640
2026-01-29 08:00:00,1.194630,1.195450,1.194310,1.195410
2026-01-29 09:00:00,1.195390,1.195780,1.195370,1.195660
2026-01-29 10:00:00,1.195650,1.197730,1.195360,1.197720
2026-01-29 11:00:00,1.197700,1.198450,1.196940,1.197410
2026-01-29 12:00:00,1.197420,1.197430,1.195910,1.196210
2026-01-29 13:00:00,1.196210,1.197560,1.195400,1.197330
2026-01-29 14:00:00,1.197330,1.198730,1.197190,1.198610
2026-01-29 15:00:00,1.198620,1.199130,1.197860,1.199010
2026-01-29 16:00:00,1.199020,1.199340,1.198160,1.198160
2026-01-29 17:00:00,1.198170,1.198960,1.197650,1.198600
2026-01-29 18:00:00,1.198610,1.199410,1.196820,1.197460
2026-01-29 19:00:00,1.197490,1.198590,1.196320,1.196670
2026-01-29 20:00:00,1.196700,1.197500,1.195300,1.195520
2026-01-29 21:00:00,1.195530,1.195750,1.194090,1.194160
2026-01-29 22:00:00,1.194170,1.195390,1.193840,1.194780
2026-01-29 23:00:00,1.194760,1.196140,1.194280,1.196120
2026-01-30 00:00:00,1.196120,1.196880,1.194200,1.195480
2026-01-30 01:00:00,1.195470,1.197060,1.195350,1.196840
2026-01-30 02:00:00,1.196820,1.196970,1.190730,1.192940
2026-01-30 03:00:00,1.192910,1.195210,1.192910,1.194500
2026-01-30 04:00:00,1.194480,1.196070,1.194360,1.195490
2026-01-30 05:00:00,1.195450,1.196340,1.194840,1.195990
2026-01-30 06:00:00,1.196010,1.196030,1.195110,1.195250
2026-01-30 07:00:00,1.195240,1.196850,1.194710,1.196480
2026-01-30 08:00:00,1.196460,1.197140,1.196230,1.197120
2026-01-30 09:00:00,1.197100,1.197180,1.196540,1.196970
2026-01-30 10:00:00,1.196950,1.197440,1.196530,1.196640
2026-01-30 11:00:00,1.196610,1.197330,1.193170,1.193170
2026-01-30 12:00:00,1.193150,1.193800,1.191000,1.191820
2026-01-30 13:00:00,1.191830,1.192370,1.189440,1.191720
2026-01-30 14:00:00,1.191730,1.192330,1.191340,1.192100
2026-01-30 15:00:00,1.192100,1.193580,1.192040,1.192450
2026-01-30 16:00:00,1.192470,1.193540,1.191620,1.192450
2026-01-30 17:00:00,1.192470,1.193400,1.191490,1.191740
2026-01-30 18:00:00,1.191770,1.194100,1.191440,1.193800
2026-01-30 19:00:00,1.193810,1.194200,1.192300,1.193300
2026-01-30 20:00:00,1.193340,1.193630,1.189840,1.190670
2026-01-30 21:00:00,1.190730,1.192470,1.190670,1.192070
2026-02-01 22:00:00,1.185420,1.185480,1.185050,1.185230
2026-02-01 23:00:00,1.185220,1.185270,1.185210,1.185240
2026-02-02 00:00:00,1.185220,1.185270,1.184980,1.185080
2026-02-02 01:00:00,1.185060,1.185780,1.184970,1.185750
2026-02-02 02:00:00,1.185730,1.185760,1.184900,1.185220
2026-02-02 03:00:00,1.185190,1.185240,1.185010,1.185060
2026-02-02 04:00:00,1.185030,1.187050,1.184980,1.187030
2026-02-02 05:00:00,1.186990,1.187390,1.184870,1.185030
2026-02-02 06:00:00,1.184980,1.186650,1.183640,1.185330
2026-02-02 07:00:00,1.185340,1.186560,1.184440,1.185370
2026-02-02 08:00:00,1.185390,1.186200,1.184220,1.185230
2026-02-02 09:00:00,1.185220,1.185330,1.184880,1.185120
2026-02-02 10:00:00,1.185110,1.185590,1.183960,1.184740
2026-02-02 11:00:00,1.184710,1.187410,1.184710,1.186590
2026-02-02 12:00:00,1.186590,1.187310,1.185430,1.187160
2026-02-02 13:00:00,1.187170,1.187450,1.186350,1.186440
2026-02-02 14:00:00,1.186450,1.187140,1.186440,1.186520
2026-02-02 15:00:00,1.186530,1.187130,1.185910,1.186270
2026-02-02 16:00:00,1.186280,1.186370,1.184290,1.185010
2026-02-02 17:00:00,1.185050,1.185440,1.184500,1.185290
2026-02-02 18:00:00,1.185310,1.186350,1.185280,1.185490
2026-02-02 19:00:00,1.185530,1.186610,1.184720,1.184760
2026-02-02 20:00:00,1.184840,1.186480,1.184430,1.186320
2026-02-02 21:00:00,1.186300,1.186950,1.185930,1.186570
2026-02-02 22:00:00,1.186580,1.187130,1.186160,1.186530
2026-02-02 23:00:00,1.186520,1.186910,1.184240,1.184970
2026-02-03 00:00:00,1.184950,1.184970,1.181840,1.182090
2026-02-03 01:00:00,1.182070,1.182960,1.180740,1.182370
2026-02-03 02:00:00,1.182400,1.182400,1.178990,1.179240
2026-02-03 03:00:00,1.179210,1.180710,1.179210,1.180590
2026-02-03 04:00:00,1.180550,1.181260,1.179500,1.179970
2026-02-03 05:00:00,1.179930,1.180050,1.177880,1.178000
2026-02-03 06:00:00,1.177970,1.179100,1.177580,1.178970
2026-02-03 07:00:00,1.178990,1.179200,1.178140,1.179200
2026-02-03 08:00:00,1.179180,1.179460,1.178890,1.179060
2026-02-03 09:00:00,1.179050,1.179260,1.178740,1.179090
2026-02-03 10:00:00,1.179090,1.179900,1.178800,1.179870
2026-02-03 11:00:00,1.179860,1.180680,1.179860,1.180630
2026-02-03 12:00:00,1.180630,1.181490,1.180250,1.181440
2026-02-03 13:00:00,1.181440,1.181450,1.180140,1.180150
2026-02-03 14:00:00,1.180160,1.181370,1.180150,1.181160
2026-02-03 15:00:00,1.181150,1.181660,1.180920,1.180920
2026-02-03 16:00:00,1.180930,1.181330,1.180510,1.180910
2026-02-03 17:00:00,1.180920,1.181610,1.180830,1.181360
2026-02-03 18:00:00,1.181350,1.182370,1.181060,1.181670
2026-02-03 19:00:00,1.181670,1.181880,1.180510,1.181580
2026-02-03 20:00:00,1.181550,1.181570,1.179350,1.179400
2026-02-03 21:00:00,1.179380,1.180020,1.178780,1.178820
2026-02-03 22:00:00,1.178810,1.179490,1.178150,1.178790
2026-02-03 23:00:00,1.178780,1.179980,1.178760,1.179630
2026-02-04 00:00:00,1.179610,1.180670,1.179430,1.179700
2026-02-04 01:00:00,1.179690,1.180100,1.178000,1.179260
2026-02-04 02:00:00,1.179240,1.181360,1.178750,1.181350
2026-02-04 03:00:00,1.181330,1.182040,1.181090,1.181890
2026-02-04 04:00:00,1.181850,1.182820,1.181460,1.181710
2026-02-04 05:00:00,1.181700,1.182170,1.181060,1.181130
2026-02-04 06:00:00,1.181150,1.181690,1.180630,1.181540
2026-02-04 07:00:00,1.181560,1.182200,1.181010,1.182120
2026-02-04 08:00:00,1.182100,1.182550,1.181890,1.181890
2026-02-04 09:00:00,1.181870,1.182070,1.181590,1.181830
2026-02-04 10:00:00,1.181830,1.182120,1.181330,1.181560
2026-02-04 11:00:00,1.181550,1.181690,1.180880,1.181500
2026-02-04 12:00:00,1.181500,1.183140,1.181310,1.182650
2026-02-04 13:00:00,1.182660,1.183180,1.181930,1.182190
2026-02-04 14:00:00,1.182200,1.182780,1.182140,1.182710
2026-02-04 15:00:00,1.182710,1.183600,1.182640,1.183550
2026-02-04 16:00:00,1.183560,1.183620,1.183210,1.183340
2026-02-04 17:00:00,1.183340,1.183640,1.182930,1.182940
2026-02-04 18:00:00,1.182980,1.183370,1.182550,1.183190
2026-02-04 19:00:00,1.183190,1.183750,1.182480,1.182980
2026-02-04 20:00:00,1.182970,1.183290,1.181190,1.181540
2026-02-04 21:00:00,1.181540,1.181730,1.180630,1.181350
2026-02-04 22:00:00,1.181340,1.181550,1.180710,1.181150
2026-02-04 23:00:00,1.181130,1.182480,1.181060,1.182330
2026-02-05 00:00:00,1.182320,1.182720,1.181260,1.182270
2026-02-05 01:00:00,1.182240,1.182490,1.180580,1.181590
2026-02-05 02:00:00,1.181560,1.182250,1.179180,1.179670
2026-02-05 03:00:00,1.179630,1.180460,1.179230,1.180300
2026-02-05 04:00:00,1.180270,1.181570,1.179480,1.179820
2026-02-05 05:00:00,1.179800,1.180170,1.179630,1.180120
2026-02-05 06:00:00,1.180110,1.180970,1.179610,1.180950
2026-02-05 07:00:00,1.180930,1.180980,1.180180,1.180330
2026-02-05 08:00:00,1.180310,1.180790,1.180260,1.180580
2026-02-05 09:00:00,1.180560,1.180830,1.180440,1.180670
2026-02-05 10:00:00,1.180660,1.180800,1.180100,1.180110
2026-02-05 11:00:00,1.180100,1.180460,1.180020,1.180410
2026-02-05 12:00:00,1.180410,1.180750,1.180240,1.180430
2026-02-05 13:00:00,1.180430,1.180460,1.178620,1.178690
2026-02-05 14:00:00,1.178680,1.179030,1.178490,1.178880
2026-02-05 15:00:00,1.178890,1.179160,1.178700,1.178890
2026-02-05 16:00:00,1.178880,1.179070,1.178490,1.179000
2026-02-05 17:00:00,1.179010,1.179180,1.178450,1.179010
2026-02-05 18:00:00,1.179070,1.180360,1.178990,1.179860
2026-02-05 19:00:00,1.179870,1.180810,1.179550,1.180080
2026-02-05 20:00:00,1.180100,1.180280,1.178100,1.178120
2026-02-05 21:00:00,1.178120,1.179190,1.178120,1.178820
2026-02-05 22:00:00,1.178800,1.179500,1.178710,1.179360
2026-02-05 23:00:00,1.179340,1.180220,1.178670,1.180070
2026-02-06 00:00:00,1.180050,1.181510,1.179310,1.181270
2026-02-06 01:00:00,1.181260,1.182100,1.179270,1.179860
2026-02-06 02:00:00,1.179750,1.180970,1.178370,1.179300
2026-02-06 03:00:00,1.179300,1.180360,1.178650,1.180260
2026-02-06 04:00:00,1.180270,1.180410,1.179810,1.180070
2026-02-06 05:00:00,1.180020,1.180320,1.179220,1.179400
2026-02-06 06:00:00,1.179380,1.179750,1.179260,1.179460
2026-02-06 07:00:00,1.179460,1.179480,1.177990,1.178100
2026-02-06 08:00:00,1.178090,1.178370,1.177510,1.177920
2026-02-06 09:00:00,1.177920,1.178280,1.177690,1.178190
2026-02-06 10:00:00,1.178190,1.178200,1.177550,1.177730
2026-02-06 11:00:00,1.177730,1.178280,1.176730,1.178280
2026-02-06 12:00:00,1.178280,1.178780,1.177960,1.178440
2026-02-06 13:00:00,1.178450,1.179160,1.178440,1.178800
2026-02-06 14:00:00,1.178810,1.179070,1.178610,1.178790
2026-02-06 15:00:00,1.178800,1.179710,1.178780,1.179490
2026-02-06 16:00:00,1.179510,1.180090,1.179490,1.179820
2026-02-06 17:00:00,1.179830,1.180280,1.179520,1.179740
2026-02-06 18:00:00,1.179730,1.179740,1.178930,1.179150
2026-02-06 19:00:00,1.179150,1.179530,1.178680,1.179360
2026-02-06 20:00:00,1.179350,1.179890,1.179130,1.179330
2026-02-06 21:00:00,1.179310,1.180000,1.179060,1.179350
2026-02-09 08:00:00,1.181450,1.181680,1.181280,1.181350
2026-02-09 09:00:00,1.181350,1.181550,1.181250,1.181540
2026-02-09 10:00:00,1.181550,1.182720,1.180980,1.182680
2026-02-09 11:00:00,1.182650,1.183290,1.182410,1.183020
2026-02-09 12:00:00,1.183030,1.183290,1.182530,1.182610
2026-02-09 13:00:00,1.182610,1.182610,1.181670,1.182010
2026-02-09 14:00:00,1.182060,1.182540,1.181900,1.181930
2026-02-09 15:00:00,1.181930,1.182700,1.181930,1.182700
2026-02-09 16:00:00,1.182660,1.183580,1.182650,1.183320
2026-02-09 17:00:00,1.183320,1.185690,1.183320,1.185200
2026-02-09 18:00:00,1.185190,1.185970,1.184730,1.185570
2026-02-09 19:00:00,1.185590,1.186440,1.185180,1.186440
2026-02-09 20:00:00,1.186380,1.186930,1.185990,1.186190
2026-02-09 21:00:00,1.186170,1.186920,1.185570,1.186010
2026-02-09 22:00:00,1.185870,1.187160,1.185580,1.186910
2026-02-09 23:00:00,1.187130,1.188300,1.187080,1.188080
2026-02-10 00:00:00,1.188210,1.190510,1.188170,1.190350
2026-02-10 01:00:00,1.190290,1.191780,1.190270,1.191770
2026-02-10 02:00:00,1.191930,1.192620,1.190430,1.191170
2026-02-10 03:00:00,1.191240,1.191720,1.189330,1.189790
2026-02-10 04:00:00,1.189760,1.191050,1.189760,1.190810
2026-02-10 05:00:00,1.190820,1.191710,1.190570,1.191550
2026-02-10 06:00:00,1.191550,1.192240,1.191200,1.192010
2026-02-10 07:00:00,1.191980,1.192140,1.191520,1.191540
2026-02-10 08:00:00,1.191530,1.191630,1.191120,1.191590
2026-02-10 09:00:00,1.191590,1.191600,1.191090,1.191380
2026-02-10 10:00:00,1.191380,1.191480,1.190260,1.190380
2026-02-10 11:00:00,1.190380,1.190570,1.189910,1.190190
2026-02-10 12:00:00,1.190200,1.191000,1.189680,1.190520
2026-02-10 13:00:00,1.190550,1.191400,1.190520,1.191310
2026-02-10 14:00:00,1.191320,1.191760,1.191110,1.191110
2026-02-10 15:00:00,1.191130,1.191260,1.190620,1.190810
2026-02-10 16:00:00,1.190800,1.191060,1.190400,1.190780
2026-02-10 17:00:00,1.190750,1.191260,1.190170,1.190290
2026-02-10 18:00:00,1.190320,1.191060,1.190100,1.190700
2026-02-10 19:00:00,1.190710,1.191550,1.190160,1.190970
2026-02-10 20:00:00,1.190960,1.192030,1.190900,1.191430
2026-02-10 21:00:00,1.191420,1.191750,1.190970,1.191160
2026-02-10 22:00:00,1.191140,1.191160,1.190110,1.190400
2026-02-10 23:00:00,1.190370,1.190950,1.189190,1.189360
2026-02-11 00:00:00,1.189340,1.191160,1.189030,1.190500
2026-02-11 01:00:00,1.190450,1.192710,1.190370,1.191650
2026-02-11 02:00:00,1.191650,1.191910,1.189850,1.191480
2026-02-11 03:00:00,1.191450,1.191500,1.189780,1.189780
2026-02-11 04:00:00,1.189750,1.190550,1.189310,1.189700
2026-02-11 05:00:00,1.189680,1.189790,1.189160,1.189290
2026-02-11 06:00:00,1.189280,1.190170,1.188790,1.190170
2026-02-11 07:00:00,1.190150,1.190370,1.189520,1.189520
2026-02-11 08:00:00,1.189520,1.189710,1.189310,1.189490
2026-02-11 09:00:00,1.189490,1.189810,1.189150,1.189200
2026-02-11 10:00:00,1.189200,1.189230,1.188610,1.188810
2026-02-11 11:00:00,1.188820,1.190050,1.188750,1.189720
2026-02-11 12:00:00,1.189740,1.190220,1.189540,1.189770
2026-02-11 13:00:00,1.189790,1.191280,1.189770,1.190770
2026-02-11 14:00:00,1.190790,1.191310,1.190380,1.191080
2026-02-11 15:00:00,1.191100,1.191500,1.190670,1.190810
2026-02-11 16:00:00,1.190820,1.191870,1.190720,1.191850
2026-02-11 17:00:00,1.191860,1.192550,1.191310,1.191590
2026-02-11 18:00:00,1.191570,1.191750,1.191030,1.191750
2026-02-11 19:00:00,1.191770,1.192000,1.191350,1.191740
2026-02-11 20:00:00,1.191740,1.191980,1.191180,1.191830
2026-02-11 21:00:00,1.191820,1.192680,1.191660,1.192330
2026-02-11 22:00:00,1.192320,1.192340,1.190740,1.190990
2026-02-11 23:00:00,1.190970,1.191010,1.189890,1.190060
2026-02-12 00:00:00,1.190030,1.190510,1.183870,1.186680
2026-02-12 01:00:00,1.186720,1.188090,1.185500,1.185990
2026-02-12 02:00:00,1.185910,1.186980,1.185330,1.186000
2026-02-12 03:00:00,1.185990,1.188380,1.185400,1.188310
2026-02-12 04:00:00,1.188270,1.189460,1.187710,1.188610
2026-02-12 05:00:00,1.188590,1.188960,1.187900,1.188340
2026-02-12 06:00:00,1.188350,1.188490,1.187860,1.188010
2026-02-12 07:00:00,1.187990,1.188140,1.187110,1.187110
2026-02-12 08:00:00,1.187110,1.187450,1.186910,1.187180
2026-02-12 09:00:00,1.187180,1.187670,1.187140,1.187500
2026-02-12 10:00:00,1.187500,1.187650,1.187070,1.187540
2026-02-12 11:00:00,1.187540,1.187760,1.186720,1.187630
2026-02-12 12:00:00,1.187640,1.188210,1.187450,1.188010
2026-02-12 13:00:00,1.188030,1.188450,1.187480,1.187880
2026-02-12 14:00:00,1.187880,1.188090,1.186650,1.186970
2026-02-12 15:00:00,1.186980,1.187240,1.186080,1.186180
2026-02-12 16:00:00,1.186190,1.186590,1.185880,1.186400
2026-02-12 17:00:00,1.186420,1.186720,1.185350,1.186200
2026-02-12 18:00:00,1.186200,1.187500,1.186140,1.187300
2026-02-12 19:00:00,1.187310,1.188050,1.187150,1.188020
2026-02-12 20:00:00,1.188010,1.188840,1.188010,1.188660
2026-02-12 21:00:00,1.188640,1.188680,1.187500,1.187740
2026-02-12 22:00:00,1.187720,1.188450,1.187600,1.188420
2026-02-12 23:00:00,1.188390,1.188640,1.186790,1.187270
2026-02-13 00:00:00,1.187230,1.188590,1.187230,1.188430
2026-02-13 01:00:00,1.188390,1.188700,1.187890,1.188270
2026-02-13 02:00:00,1.188220,1.188800,1.188010,1.188640
2026-02-13 03:00:00,1.188620,1.188970,1.186400,1.186960
2026-02-13 04:00:00,1.186930,1.187750,1.186340,1.186570
2026-02-13 05:00:00,1.186550,1.186880,1.185740,1.186450
2026-02-13 06:00:00,1.186440,1.187190,1.185970,1.187020
2026-02-13 07:00:00,1.187010,1.187080,1.186420,1.186990
2026-02-13 08:00:00,1.186990,1.187280,1.186880,1.187140
2026-02-13 09:00:00,1.187140,1.187150,1.186340,1.187070
2026-02-13 10:00:00,1.187070,1.187230,1.186760,1.186920
2026-02-13 11:00:00,1.186930,1.187260,1.186710,1.187210
2026-02-13 12:00:00,1.187220,1.187290,1.186300,1.186500
2026-02-13 13:00:00,1.186530,1.187120,1.186360,1.186950
2026-02-13 14:00:00,1.186960,1.187020,1.186600,1.186720
2026-02-13 15:00:00,1.186730,1.186780,1.186020,1.186200
2026-02-13 16:00:00,1.186230,1.186530,1.185860,1.185940
2026-02-13 17:00:00,1.185940,1.186220,1.185450,1.185640
2026-02-13 18:00:00,1.185630,1.186020,1.184850,1.185910
2026-02-13 19:00:00,1.185900,1.186270,1.185600,1.186270
2026-02-13 20:00:00,1.186260,1.186640,1.186160,1.186160
2026-02-13 21:00:00,1.186140,1.186170,1.185370,1.185630
2026-02-15 22:00:00,1.187090,1.187170,1.187080,1.187150
2026-02-15 23:00:00,1.187120,1.187170,1.187100,1.187150
2026-02-16 00:00:00,1.187120,1.187200,1.187100,1.187170
2026-02-16 01:00:00,1.187140,1.187200,1.187130,1.187170
2026-02-16 02:00:00,1.187140,1.187200,1.186250,1.186400
2026-02-16 03:00:00,1.186380,1.186600,1.186350,1.186570
2026-02-16 04:00:00,1.186530,1.187040,1.185530,1.186760
2026-02-16 05:00:00,1.186740,1.187370,1.186230,1.187230
2026-02-16 06:00:00,1.187220,1.187760,1.186410,1.187110
2026-02-16 07:00:00,1.187100,1.187940,1.187000,1.187150
2026-02-16 08:00:00,1.187150,1.187930,1.186980,1.187400
2026-02-16 09:00:00,1.187400,1.187520,1.186950,1.187110
2026-02-16 10:00:00,1.187110,1.187110,1.186340,1.186660
2026-02-16 11:00:00,1.186670,1.186740,1.186070,1.186190
2026-02-16 12:00:00,1.186200,1.186650,1.186000,1.186530
2026-02-16 13:00:00,1.186540,1.186760,1.186160,1.186590
2026-02-16 14:00:00,1.186590,1.186920,1.186390,1.186750
2026-02-16 15:00:00,1.186750,1.186820,1.186160,1.186250
2026-02-16 16:00:00,1.186260,1.186650,1.186080,1.186540
2026-02-16 17:00:00,1.186530,1.187030,1.186450,1.186680
2026-02-16 18:00:00,1.186670,1.186680,1.186040,1.186310
2026-02-16 19:00:00,1.186290,1.187100,1.185830,1.186590
2026-02-16 20:00:00,1.186570,1.186920,1.186320,1.186520
2026-02-16 21:00:00,1.186500,1.186790,1.186240,1.186670
2026-02-16 22:00:00,1.186640,1.186720,1.186100,1.186220
2026-02-16 23:00:00,1.186200,1.186320,1.184900,1.185250
2026-02-17 00:00:00,1.185190,1.185770,1.184970,1.185500
2026-02-17 01:00:00,1.185460,1.186310,1.185380,1.185550
2026-02-17 02:00:00,1.185500,1.185650,1.185240,1.185460
2026-02-17 03:00:00,1.185440,1.185660,1.184720,1.185230
2026-02-17 04:00:00,1.185210,1.185350,1.184650,1.184890
2026-02-17 05:00:00,1.184880,1.185170,1.184810,1.185010
2026-02-17 06:00:00,1.185010,1.185430,1.184960,1.185420
2026-02-17 07:00:00,1.185410,1.185580,1.185280,1.185400
2026-02-17 08:00:00,1.185410,1.185480,1.185060,1.185160
2026-02-17 09:00:00,1.185160,1.185270,1.185000,1.185100
2026-02-17 10:00:00,1.185110,1.185150,1.184760,1.185040
2026-02-17 11:00:00,1.185060,1.185190,1.184300,1.184440
2026-02-17 12:00:00,1.184450,1.184500,1.184140,1.184360
2026-02-17 13:00:00,1.184400,1.184740,1.184100,1.184260
2026-02-17 14:00:00,1.184260,1.184310,1.183900,1.184180
2026-02-17 15:00:00,1.184180,1.184310,1.183980,1.184150
2026-02-17 16:00:00,1.184160,1.184290,1.183740,1.184170
2026-02-17 17:00:00,1.184180,1.184600,1.184170,1.184470
2026-02-17 18:00:00,1.184450,1.184470,1.182990,1.183280
2026-02-17 19:00:00,1.183260,1.184420,1.182930,1.184230
2026-02-17 20:00:00,1.184210,1.185040,1.184040,1.184660
2026-02-17 21:00:00,1.184650,1.184700,1.184190,1.184350
2026-02-17 22:00:00,1.184330,1.184430,1.182570,1.183030
2026-02-17 23:00:00,1.182990,1.183580,1.182800,1.182820
2026-02-18 00:00:00,1.182790,1.183020,1.181680,1.182290
2026-02-18 01:00:00,1.182290,1.182810,1.181810,1.182330
2026-02-18 02:00:00,1.182330,1.182360,1.180580,1.181120
2026-02-18 03:00:00,1.181080,1.183510,1.181080,1.183160
2026-02-18 04:00:00,1.183150,1.184190,1.183040,1.184010
2026-02-18 05:00:00,1.183990,1.185310,1.183990,1.184940
2026-02-18 06:00:00,1.184930,1.185070,1.184380,1.184830
2026-02-18 07:00:00,1.184830,1.185210,1.184730,1.185210
2026-02-18 08:00:00,1.185210,1.185460,1.185060,1.185420
2026-02-18 09:00:00,1.185430,1.185530,1.185020,1.185300
2026-02-18 10:00:00,1.185320,1.185800,1.185100,1.185150
2026-02-18 11:00:00,1.185160,1.185400,1.184760,1.184760
2026-02-18 12:00:00,1.184760,1.184760,1.184310,1.184680
2026-02-18 13:00:00,1.184670,1.184790,1.184170,1.184530
2026-02-18 14:00:00,1.184530,1.184700,1.184170,1.184190
2026-02-18 15:00:00,1.184190,1.184410,1.183990,1.184210
2026-02-18 16:00:00,1.184210,1.184620,1.184200,1.184610
2026-02-18 17:00:00,1.184610,1.184690,1.184050,1.184580
2026-02-18 18:00:00,1.184560,1.184700,1.183380,1.183500
2026-02-18 19:00:00,1.183480,1.183780,1.182930,1.183190
2026-02-18 20:00:00,1.183170,1.183830,1.183000,1.183680
2026-02-18 21:00:00,1.183660,1.184110,1.183040,1.183230
2026-02-18 22:00:00,1.183200,1.183780,1.183090,1.183500
2026-02-18 23:00:00,1.183460,1.184680,1.183450,1.184110
2026-02-19 00:00:00,1.184080,1.184900,1.182490,1.182490
2026-02-19 01:00:00,1.182470,1.182760,1.181360,1.181540
2026-02-19 02:00:00,1.181510,1.182630,1.181500,1.182250
2026-02-19 03:00:00,1.182230,1.182540,1.181030,1.181070
2026-02-19 04:00:00,1.181060,1.181540,1.180240,1.180390
2026-02-19 05:00:00,1.180360,1.180760,1.178750,1.179150
2026-02-19 06:00:00,1.179160,1.179380,1.178360,1.178700
2026-02-19 07:00:00,1.178700,1.179050,1.178260,1.178340
2026-02-19 08:00:00,1.178340,1.178730,1.178310,1.178340
2026-02-19 09:00:00,1.178340,1.178670,1.178330,1.178620
2026-02-19 10:00:00,1.178630,1.179020,1.178610,1.178860
2026-02-19 11:00:00,1.178870,1.179250,1.178610,1.179000
2026-02-19 12:00:00,1.179010,1.179580,1.178990,1.179490
2026-02-19 13:00:00,1.179490,1.179570,1.179040,1.179080
2026-02-19 14:00:00,1.179100,1.179370,1.178810,1.179100
2026-02-19 15:00:00,1.179110,1.179200,1.178530,1.179010
2026-02-19 16:00:00,1.178990,1.179310,1.178720,1.179230
2026-02-19 17:00:00,1.179220,1.180190,1.179100,1.179920
2026-02-19 18:00:00,1.179890,1.180380,1.179260,1.180180
2026-02-19 19:00:00,1.180170,1.180540,1.179780,1.180110
2026-02-19 20:00:00,1.180090,1.180790,1.179960,1.180100
2026-02-19 21:00:00,1.180070,1.180230,1.178800,1.178880
2026-02-19 22:00:00,1.178860,1.179090,1.177620,1.178080
2026-02-19 23:00:00,1.178050,1.178100,1.176760,1.176920
2026-02-20 00:00:00,1.176890,1.176950,1.175230,1.176410
2026-02-20 01:00:00,1.176380,1.176440,1.174280,1.175130
2026-02-20 02:00:00,1.175100,1.177600,1.175100,1.176340
2026-02-20 03:00:00,1.176330,1.177010,1.175910,1.176110
2026-02-20 04:00:00,1.176090,1.176820,1.175640,1.176620
2026-02-20 05:00:00,1.176610,1.177420,1.176530,1.176870
2026-02-20 06:00:00,1.176860,1.177260,1.176050,1.176360
2026-02-20 07:00:00,1.176360,1.176910,1.176360,1.176800
2026-02-20 08:00:00,1.176800,1.177850,1.176800,1.177200
2026-02-20 09:00:00,1.177220,1.177430,1.177130,1.177180
2026-02-20 10:00:00,1.177190,1.177620,1.176880,1.176890
2026-02-20 11:00:00,1.176900,1.177210,1.176730,1.176980
2026-02-20 12:00:00,1.176990,1.177180,1.175640,1.175900
2026-02-20 13:00:00,1.175910,1.175980,1.175450,1.175570
2026-02-20 14:00:00,1.175560,1.175900,1.175500,1.175810
2026-02-20 15:00:00,1.175800,1.175980,1.175310,1.175340
2026-02-20 16:00:00,1.175340,1.175700,1.175080,1.175520
2026-02-20 17:00:00,1.175510,1.175690,1.175220,1.175640
2026-02-20 18:00:00,1.175620,1.176220,1.174940,1.175210
2026-02-20 19:00:00,1.175190,1.176330,1.174480,1.176070
2026-02-20 20:00:00,1.176040,1.176860,1.175910,1.176820
2026-02-20 21:00:00,1.176810,1.176910,1.175790,1.176390
2026-02-22 22:00:00,1.178350,1.178400,1.178330,1.178370
2026-02-22 23:00:00,1.178350,1.178400,1.178330,1.178370
2026-02-23 00:00:00,1.178350,1.178400,1.178330,1.178370
2026-02-23 01:00:00,1.178350,1.178400,1.178320,1.178350
2026-02-23 02:00:00,1.178330,1.178390,1.178320,1.178350
2026-02-23 03:00:00,1.178330,1.178390,1.178320,1.178340
2026-02-23 04:00:00,1.178330,1.178480,1.178310,1.178440
2026-02-23 05:00:00,1.178430,1.179540,1.177520,1.179180
2026-02-23 06:00:00,1.179180,1.179190,1.178130,1.178650
2026-02-23 07:00:00,1.178660,1.179830,1.178000,1.179240
2026-02-23 08:00:00,1.179270,1.179950,1.178850,1.179370
2026-02-23 09:00:00,1.179400,1.179800,1.179290,1.179400
2026-02-23 10:00:00,1.179410,1.183750,1.179400,1.183330
2026-02-23 11:00:00,1.183300,1.183540,1.182360,1.182990
2026-02-23 12:00:00,1.183000,1.183220,1.182090,1.182530
2026-02-23 13:00:00,1.182550,1.183040,1.182410,1.182650
2026-02-23 14:00:00,1.182670,1.182830,1.181770,1.182390
2026-02-23 15:00:00,1.182370,1.182380,1.181840,1.182120
2026-02-23 16:00:00,1.182110,1.182150,1.181570,1.182090
2026-02-23 17:00:00,1.182060,1.183450,1.181760,1.182470
2026-02-23 18:00:00,1.182450,1.182690,1.181940,1.182350
2026-02-23 19:00:00,1.182320,1.182420,1.180810,1.181200
2026-02-23 20:00:00,1.181180,1.181260,1.180090,1.180150
2026-02-23 21:00:00,1.180130,1.180170,1.179480,1.179970
2026-02-23 22:00:00,1.179960,1.179990,1.178170,1.178620
2026-02-23 23:00:00,1.178600,1.178640,1.177520,1.178210
2026-02-24 00:00:00,1.178190,1.179760,1.178020,1.179530
2026-02-24 01:00:00,1.179470,1.180720,1.179470,1.180550
2026-02-24 02:00:00,1.180520,1.180970,1.179310,1.179530
2026-02-24 03:00:00,1.179530,1.180540,1.178910,1.180330
2026-02-24 04:00:00,1.180310,1.180730,1.179170,1.179920
2026-02-24 05:00:00,1.179920,1.180080,1.179520,1.179850
2026-02-24 06:00:00,1.179860,1.180140,1.178820,1.179140
2026-02-24 07:00:00,1.179140,1.179510,1.178830,1.178960
2026-02-24 08:00:00,1.178970,1.179260,1.178460,1.178510
2026-02-24 09:00:00,1.178530,1.179010,1.178510,1.178730
2026-02-24 10:00:00,1.178750,1.179560,1.178720,1.179360
2026-02-24 11:00:00,1.179360,1.179630,1.178810,1.178870
2026-02-24 12:00:00,1.178850,1.178860,1.177240,1.178010
2026-02-24 13:00:00,1.178060,1.178510,1.177920,1.178330
2026-02-24 14:00:00,1.178340,1.178560,1.177500,1.177550
2026-02-24 15:00:00,1.177540,1.177690,1.176850,1.176980
2026-02-24 16:00:00,1.176970,1.178020,1.176940,1.178020
2026-02-24 17:00:00,1.178000,1.178310,1.177840,1.178130
2026-02-24 18:00:00,1.178110,1.178240,1.177180,1.177910
2026-02-24 19:00:00,1.177880,1.178960,1.177330,1.178610
2026-02-24 20:00:00,1.178610,1.179320,1.178310,1.178840
2026-02-24 21:00:00,1.178800,1.179120,1.178250,1.178660
2026-02-24 22:00:00,1.178640,1.178680,1.177960,1.178150
2026-02-24 23:00:00,1.178120,1.178290,1.177390,1.178090
2026-02-25 00:00:00,1.178070,1.178150,1.176890,1.177300
2026-02-25 01:00:00,1.177290,1.177820,1.176900,1.177480
2026-02-25 02:00:00,1.177480,1.178120,1.176710,1.177300
2026-02-25 03:00:00,1.177290,1.179040,1.177290,1.178830
2026-02-25 04:00:00,1.178830,1.178890,1.178260,1.178600
2026-02-25 05:00:00,1.178600,1.178680,1.177790,1.177820
2026-02-25 06:00:00,1.177820,1.178430,1.177650,1.177940
2026-02-25 07:00:00,1.177940,1.178350,1.177590,1.177620
2026-02-25 08:00:00,1.177620,1.177700,1.177270,1.177320
2026-02-25 09:00:00,1.177330,1.177870,1.177270,1.177460
2026-02-25 10:00:00,1.177460,1.177640,1.177330,1.177400
2026-02-25 11:00:00,1.177420,1.178020,1.177390,1.177940
2026-02-25 12:00:00,1.177910,1.178180,1.177650,1.177810
2026-02-25 13:00:00,1.177820,1.179310,1.177800,1.179190
2026-02-25 14:00:00,1.179210,1.179470,1.178660,1.179060
2026-02-25 15:00:00,1.179050,1.179590,1.178820,1.179530
2026-02-25 16:00:00,1.179510,1.180520,1.179490,1.180140
2026-02-25 17:00:00,1.180120,1.180640,1.179800,1.180600
2026-02-25 18:00:00,1.180580,1.180760,1.179790,1.179870
2026-02-25 19:00:00,1.179850,1.179980,1.179020,1.179130
2026-02-25 20:00:00,1.179120,1.179230,1.178590,1.178850
2026-02-25 21:00:00,1.178820,1.178870,1.177850,1.178130
2026-02-25 22:00:00,1.178110,1.178150,1.177120,1.177470
2026-02-25 23:00:00,1.177440,1.178630,1.177440,1.178630
2026-02-26 00:00:00,1.178600,1.179000,1.177410,1.177410
2026-02-26 01:00:00,1.177390,1.178930,1.177380,1.178780
2026-02-26 02:00:00,1.178770,1.180260,1.178550,1.180050
2026-02-26 03:00:00,1.180020,1.180750,1.179830,1.180410
2026-02-26 04:00:00,1.180410,1.181470,1.180400,1.180760
2026-02-26 05:00:00,1.180760,1.181020,1.180420,1.180470
2026-02-26 06:00:00,1.180470,1.180990,1.180330,1.180730
2026-02-26 07:00:00,1.180730,1.180940,1.180520,1.180570
2026-02-26 08:00:00,1.180580,1.181280,1.180370,1.181060
2026-02-26 09:00:00,1.181040,1.181330,1.180600,1.181170
2026-02-26 10:00:00,1.181190,1.181640,1.181100,1.181540
2026-02-26 11:00:00,1.181550,1.181930,1.181280,1.181800
2026-02-26 12:00:00,1.181820,1.182880,1.181790,1.182740
2026-02-26 13:00:00,1.182750,1.182850,1.181410,1.181760
2026-02-26 14:00:00,1.181760,1.182190,1.181620,1.181800
2026-02-26 15:00:00,1.181780,1.181840,1.181320,1.181840
2026-02-26 16:00:00,1.181830,1.182210,1.181620,1.181960
2026-02-26 17:00:00,1.181940,1.182210,1.181580,1.181930
2026-02-26 18:00:00,1.181920,1.181950,1.180930,1.181700
2026-02-26 19:00:00,1.181690,1.181720,1.180300,1.180510
2026-02-26 20:00:00,1.180500,1.180640,1.179780,1.179860
2026-02-26 21:00:00,1.179850,1.179970,1.179400,1.179840
2026-02-26 22:00:00,1.179790,1.180500,1.179790,1.180110
2026-02-26 23:00:00,1.180080,1.180980,1.180050,1.180940
2026-02-27 00:00:00,1.180910,1.181710,1.180280,1.180770
2026-02-27 01:00:00,1.180760,1.181500,1.180360,1.181160
2026-02-27 02:00:00,1.181140,1.181420,1.178040,1.179830
2026-02-27 03:00:00,1.179820,1.179920,1.178630,1.179190
2026-02-27 04:00:00,1.179190,1.179300,1.177400,1.177560
2026-02-27 05:00:00,1.177560,1.178730,1.177470,1.178410
2026-02-27 06:00:00,1.178420,1.179830,1.178410,1.179760
2026-02-27 07:00:00,1.179760,1.180400,1.179640,1.180230
2026-02-27 08:00:00,1.180230,1.180350,1.179730,1.179790
2026-02-27 09:00:00,1.179780,1.179960,1.179550,1.179800
2026-02-27 10:00:00,1.179800,1.180280,1.179660,1.180280
2026-02-27 11:00:00,1.180290,1.180570,1.179580,1.179720
2026-02-27 12:00:00,1.179720,1.180180,1.178990,1.179020
2026-02-27 13:00:00,1.179030,1.180110,1.179010,1.180070
2026-02-27 14:00:00,1.180070,1.180570,1.180060,1.180420
2026-02-27 15:00:00,1.180410,1.181350,1.180340,1.181100
2026-02-27 16:00:00,1.181090,1.181210,1.180670,1.180910
2026-02-27 17:00:00,1.180890,1.181130,1.180310,1.180540
2026-02-27 18:00:00,1.180520,1.182010,1.179770,1.181630
2026-02-27 19:00:00,1.181600,1.182210,1.180790,1.180930
2026-02-27 20:00:00,1.180920,1.181130,1.179220,1.179540
2026-02-27 21:00:00,1.179500,1.180420,1.179500,1.179960
2026-03-01 22:00:00,1.181720,1.181770,1.181430,1.181470
2026-03-01 23:00:00,1.181440,1.181500,1.181430,1.181460
2026-03-02 00:00:00,1.181440,1.181500,1.181210,1.181240
2026-03-02 01:00:00,1.181230,1.181280,1.181210,1.181230
2026-03-02 02:00:00,1.181230,1.181250,1.181030,1.181050
2026-03-02 03:00:00,1.181050,1.181100,1.180800,1.180910
2026-03-02 04:00:00,1.180910,1.181530,1.180910,1.181460
2026-03-02 05:00:00,1.181420,1.181470,1.176260,1.176690
2026-03-02 06:00:00,1.176730,1.179290,1.175020,1.178390
2026-03-02 07:00:00,1.178500,1.179700,1.175270,1.177440
2026-03-02 08:00:00,1.177440,1.179320,1.176920,1.177850
2026-03-02 09:00:00,1.177860,1.177970,1.175770,1.177700
2026-03-02 10:00:00,1.177600,1.178900,1.175730,1.175970
2026-03-02 11:00:00,1.175960,1.177500,1.175870,1.177500
2026-03-02 12:00:00,1.177540,1.179400,1.177490,1.179120
2026-03-02 13:00:00,1.179130,1.179360,1.178150,1.178930
2026-03-02 14:00:00,1.178930,1.179590,1.178910,1.178950
2026-03-02 15:00:00,1.178940,1.179080,1.178250,1.178610
2026-03-02 16:00:00,1.178590,1.178620,1.176830,1.176830
2026-03-02 17:00:00,1.176820,1.176840,1.173200,1.173290
2026-03-02 18:00:00,1.173270,1.173360,1.170580,1.171630
2026-03-02 19:00:00,1.171580,1.172430,1.169920,1.172310
2026-03-02 20:00:00,1.172290,1.174430,1.172200,1.173410
2026-03-02 21:00:00,1.173360,1.174680,1.173350,1.173840
2026-03-02 22:00:00,1.173820,1.174020,1.172730,1.173370
2026-03-02 23:00:00,1.173380,1.173400,1.170340,1.170490
2026-03-03 00:00:00,1.170460,1.171720,1.169720,1.169800
2026-03-03 01:00:00,1.169790,1.172210,1.169500,1.171740
2026-03-03 02:00:00,1.171740,1.171760,1.168090,1.168090
2026-03-03 03:00:00,1.168090,1.169610,1.167310,1.169050
2026-03-03 04:00:00,1.169050,1.170700,1.168790,1.170700
2026-03-03 05:00:00,1.170700,1.170700,1.168700,1.169470
2026-03-03 06:00:00,1.169490,1.171370,1.169470,1.171200
2026-03-03 07:00:00,1.171200,1.171300,1.167850,1.169090
2026-03-03 08:00:00,1.169090,1.169580,1.168950,1.168980
2026-03-03 09:00:00,1.168970,1.169260,1.168360,1.168790
2026-03-03 10:00:00,1.168810,1.169890,1.168790,1.169580
2026-03-03 11:00:00,1.169560,1.169640,1.168680,1.169540
2026-03-03 12:00:00,1.169530,1.170680,1.169220,1.169790
2026-03-03 13:00:00,1.169750,1.169840,1.168660,1.169440
2026-03-03 14:00:00,1.169440,1.169710,1.168750,1.169130
2026-03-03 15:00:00,1.169110,1.169330,1.168030,1.168080
2026-03-03 16:00:00,1.168060,1.168510,1.166590,1.166770
2026-03-03 17:00:00,1.166750,1.167150,1.166230,1.167020
2026-03-03 18:00:00,1.167010,1.167040,1.164330,1.164470
2026-03-03 19:00:00,1.164450,1.164490,1.161880,1.162290
2026-03-03 20:00:00,1.162280,1.162940,1.160010,1.160580
2026-03-03 21:00:00,1.160550,1.161200,1.159180,1.159250
2026-03-03 22:00:00,1.159230,1.160340,1.158220,1.159690
2026-03-03 23:00:00,1.159670,1.161490,1.159140,1.161410
2026-03-04 00:00:00,1.161400,1.161430,1.159230,1.159230
2026-03-04 01:00:00,1.159210,1.159790,1.156750,1.156750
2026-03-04 02:00:00,1.156750,1.158520,1.153160,1.157500
2026-03-04 03:00:00,1.157500,1.160470,1.157130,1.160450
2026-03-04 04:00:00,1.160450,1.160460,1.158850,1.159150
2026-03-04 05:00:00,1.159150,1.162050,1.159120,1.161630
2026-03-04 06:00:00,1.161630,1.162460,1.160100,1.161420
2026-03-04 07:00:00,1.161410,1.162410,1.161310,1.161780
2026-03-04 08:00:00,1.161790,1.161930,1.161040,1.161230
2026-03-04 09:00:00,1.161250,1.161720,1.161180,1.161250
2026-03-04 10:00:00,1.161250,1.162030,1.161050,1.161170
2026-03-04 11:00:00,1.161160,1.161180,1.159300,1.159350
2026-03-04 12:00:00,1.159360,1.159910,1.157670,1.159450
2026-03-04 13:00:00,1.159440,1.160430,1.159320,1.159970
2026-03-04 14:00:00,1.159940,1.160950,1.159640,1.160900
2026-03-04 15:00:00,1.160880,1.161060,1.159260,1.159440
2026-03-04 16:00:00,1.159420,1.159830,1.158830,1.159500
2026-03-04 17:00:00,1.159480,1.161790,1.159000,1.161170
2026-03-04 18:00:00,1.161140,1.162550,1.161020,1.161730
2026-03-04 19:00:00,1.161720,1.161760,1.159530,1.160000
2026-03-04 20:00:00,1.159970,1.161910,1.159480,1.160850
2026-03-04 21:00:00,1.160820,1.165420,1.160800,1.163340
2026-03-04 22:00:00,1.163300,1.165310,1.163230,1.163520
2026-03-04 23:00:00,1.163490,1.164800,1.162790,1.162890
2026-03-05 00:00:00,1.162810,1.164970,1.162810,1.163200
2026-03-05 01:00:00,1.163200,1.164010,1.162190,1.162480
2026-03-05 02:00:00,1.162480,1.163930,1.161830,1.163880
2026-03-05 03:00:00,1.163880,1.164580,1.162900,1.163690
2026-03-05 04:00:00,1.163690,1.164260,1.162720,1.163220
2026-03-05 05:00:00,1.163230,1.163290,1.162400,1.162440
2026-03-05 06:00:00,1.162460,1.164120,1.162430,1.164020
2026-03-05 07:00:00,1.164030,1.164440,1.163840,1.164150
2026-03-05 08:00:00,1.164140,1.164200,1.163510,1.163530
2026-03-05 09:00:00,1.163530,1.163540,1.163020,1.163470
2026-03-05 10:00:00,1.163490,1.164010,1.163410,1.163500
2026-03-05 11:00:00,1.163500,1.164650,1.163170,1.164520
2026-03-05 12:00:00,1.164510,1.164690,1.162830,1.162870
2026-03-05 13:00:00,1.162850,1.163170,1.162270,1.162570
2026-03-05 14:00:00,1.162560,1.162730,1.161090,1.161240
2026-03-05 15:00:00,1.161220,1.161460,1.160590,1.160850
2026-03-05 16:00:00,1.160830,1.161410,1.159440,1.159520
2026-03-05 17:00:00,1.159500,1.161840,1.158800,1.160560
2026-03-05 18:00:00,1.160500,1.161590,1.160080,1.160610
2026-03-05 19:00:00,1.160620,1.160640,1.158270,1.160000
2026-03-05 20:00:00,1.159990,1.164640,1.159810,1.162150
2026-03-05 21:00:00,1.162080,1.162800,1.160710,1.161240
2026-03-05 22:00:00,1.161240,1.161540,1.160470,1.161120
2026-03-05 23:00:00,1.161090,1.162730,1.160800,1.162180
2026-03-06 00:00:00,1.162190,1.162480,1.159190,1.159760
2026-03-06 01:00:00,1.159740,1.160850,1.159310,1.160280
2026-03-06 02:00:00,1.160280,1.160810,1.156900,1.158340
2026-03-06 03:00:00,1.158340,1.158790,1.156100,1.158210
2026-03-06 04:00:00,1.158220,1.159630,1.157230,1.158800
2026-03-06 05:00:00,1.158810,1.159120,1.157160,1.158620
2026-03-06 06:00:00,1.158640,1.158720,1.157080,1.157200
2026-03-06 07:00:00,1.157220,1.160900,1.157130,1.160390
2026-03-06 08:00:00,1.160410,1.161020,1.160280,1.160890
2026-03-06 09:00:00,1.160910,1.160990,1.160680,1.160800
2026-03-06 10:00:00,1.160800,1.161020,1.160490,1.160750
2026-03-06 11:00:00,1.160740,1.161470,1.160600,1.161110
2026-03-06 12:00:00,1.161110,1.161990,1.160830,1.161620
2026-03-06 13:00:00,1.161600,1.162040,1.161550,1.161650
2026-03-06 14:00:00,1.161640,1.162130,1.161640,1.161990
2026-03-06 15:00:00,1.161970,1.162120,1.161280,1.161410
2026-03-06 16:00:00,1.161390,1.161740,1.160680,1.160680
2026-03-06 17:00:00,1.160650,1.161180,1.160330,1.161140
2026-03-06 18:00:00,1.161100,1.161800,1.160550,1.161450
2026-03-06 19:00:00,1.161430,1.161480,1.160210,1.160360
2026-03-06 20:00:00,1.160360,1.160390,1.157190,1.157600
2026-03-06 21:00:00,1.157590,1.158360,1.157370,1.158030
2026-03-08 21:00:00,1.162040,1.162090,1.162030,1.162060
2026-03-08 22:00:00,1.162040,1.162090,1.161690,1.161720
2026-03-08 23:00:00,1.161710,1.161760,1.161690,1.161720
2026-03-09 00:00:00,1.161710,1.161790,1.161450,1.161470
2026-03-09 01:00:00,1.161470,1.161840,1.161450,1.161790
2026-03-09 02:00:00,1.161790,1.161860,1.161330,1.161800
2026-03-09 03:00:00,1.161810,1.161870,1.161480,1.161520
2026-03-09 04:00:00,1.161530,1.162080,1.161520,1.161870
2026-03-09 05:00:00,1.161880,1.162060,1.155870,1.157870
2026-03-09 06:00:00,1.157640,1.159090,1.155140,1.156940
2026-03-09 07:00:00,1.156780,1.158050,1.153810,1.155120
2026-03-09 08:00:00,1.155340,1.157360,1.154620,1.154770
2026-03-09 09:00:00,1.154810,1.155420,1.152980,1.153620
2026-03-09 10:00:00,1.153650,1.153940,1.152290,1.152410
2026-03-09 11:00:00,1.152410,1.153260,1.151670,1.151840
2026-03-09 12:00:00,1.151820,1.152500,1.150850,1.151020
2026-03-09 13:00:00,1.151010,1.152800,1.150890,1.152610
2026-03-09 14:00:00,1.152590,1.152840,1.151370,1.151670
2026-03-09 15:00:00,1.151640,1.152960,1.151640,1.152660
2026-03-09 16:00:00,1.152650,1.157050,1.152500,1.156730
2026-03-09 17:00:00,1.156700,1.157030,1.154690,1.155020
2026-03-09 18:00:00,1.155020,1.156560,1.153950,1.156200
2026-03-09 19:00:00,1.156130,1.156400,1.151660,1.153330
2026-03-09 20:00:00,1.153260,1.157020,1.153260,1.155710
2026-03-09 21:00:00,1.155740,1.156360,1.154780,1.156080
2026-03-09 22:00:00,1.156050,1.156730,1.155640,1.155900
2026-03-09 23:00:00,1.155860,1.156840,1.155220,1.155220
2026-03-10 00:00:00,1.155200,1.158770,1.155200,1.157390
2026-03-10 01:00:00,1.157380,1.157680,1.154630,1.157450
2026-03-10 02:00:00,1.157450,1.159240,1.157140,1.159220
2026-03-10 03:00:00,1.159220,1.160000,1.158710,1.158830
2026-03-10 04:00:00,1.158830,1.158860,1.157760,1.157920
2026-03-10 05:00:00,1.157930,1.158410,1.157690,1.157760
2026-03-10 06:00:00,1.157750,1.163020,1.157630,1.161090
2026-03-10 07:00:00,1.161110,1.163760,1.161080,1.163650
2026-03-10 08:00:00,1.163650,1.163750,1.163300,1.163730
2026-03-10 09:00:00,1.163750,1.164620,1.162390,1.162930
2026-03-10 10:00:00,1.162910,1.163100,1.161600,1.161650
2026-03-10 11:00:00,1.161640,1.163490,1.161260,1.162680
2026-03-10 12:00:00,1.162660,1.162980,1.161220,1.162060
2026-03-10 13:00:00,1.162040,1.162650,1.161210,1.161360
2026-03-10 14:00:00,1.161340,1.161550,1.160830,1.161020
2026-03-10 15:00:00,1.161000,1.161430,1.160790,1.161240
2026-03-10 16:00:00,1.161210,1.162000,1.161210,1.161960
2026-03-10 17:00:00,1.161900,1.163820,1.161900,1.163310
2026-03-10 18:00:00,1.163310,1.166410,1.163010,1.165930
2026-03-10 19:00:00,1.165910,1.165980,1.164310,1.164480
2026-03-10 20:00:00,1.164440,1.165860,1.164440,1.165290
2026-03-10 21:00:00,1.165300,1.165320,1.162200,1.163870
2026-03-10 22:00:00,1.163840,1.165550,1.163760,1.163950
2026-03-10 23:00:00,1.163950,1.164180,1.162370,1.163610
2026-03-11 00:00:00,1.163610,1.164730,1.162920,1.163200
2026-03-11 01:00:00,1.163200,1.165030,1.162880,1.164970
2026-03-11 02:00:00,1.164970,1.165500,1.164130,1.164750
2026-03-11 03:00:00,1.164750,1.165410,1.163930,1.165260
2026-03-11 04:00:00,1.165260,1.166840,1.164240,1.164560
2026-03-11 05:00:00,1.164550,1.164570,1.161200,1.162600
2026-03-11 06:00:00,1.162580,1.162790,1.161000,1.161460
2026-03-11 07:00:00,1.161450,1.161710,1.160840,1.160900
2026-03-11 08:00:00,1.160940,1.161280,1.160690,1.161110
2026-03-11 09:00:00,1.161110,1.161430,1.160340,1.160530
2026-03-11 10:00:00,1.160540,1.161250,1.160490,1.161140
2026-03-11 11:00:00,1.161150,1.162490,1.160720,1.161920
2026-03-11 12:00:00,1.161910,1.162730,1.161200,1.162650
2026-03-11 13:00:00,1.162640,1.162900,1.161910,1.162630
2026-03-11 14:00:00,1.162610,1.163250,1.162560,1.163110
2026-03-11 15:00:00,1.163090,1.163570,1.162830,1.163410
2026-03-11 16:00:00,1.163380,1.163640,1.163010,1.163300
2026-03-11 17:00:00,1.163270,1.164060,1.162880,1.163370
2026-03-11 18:00:00,1.163340,1.164260,1.161370,1.161670
2026-03-11 19:00:00,1.161650,1.162180,1.160530,1.161210
2026-03-11 20:00:00,1.161170,1.161260,1.159130,1.159320
2026-03-11 21:00:00,1.159320,1.161230,1.159180,1.160790
2026-03-11 22:00:00,1.160770,1.160920,1.159510,1.159700
2026-03-11 23:00:00,1.159710,1.160150,1.157710,1.158110
2026-03-12 00:00:00,1.158100,1.159090,1.157910,1.158630
2026-03-12 01:00:00,1.158630,1.160860,1.158430,1.158740
2026-03-12 02:00:00,1.158740,1.158750,1.156870,1.157100
2026-03-12 03:00:00,1.157090,1.157540,1.156440,1.157070
2026-03-12 04:00:00,1.157090,1.157640,1.156370,1.157110
2026-03-12 05:00:00,1.157120,1.157400,1.156510,1.157090
2026-03-12 06:00:00,1.157110,1.157670,1.156780,1.157350
2026-03-12 07:00:00,1.157340,1.157350,1.156480,1.156720
2026-03-12 08:00:00,1.156710,1.157330,1.156650,1.157330
2026-03-12 09:00:00,1.157350,1.157540,1.154980,1.155110
2026-03-12 10:00:00,1.155110,1.155200,1.153990,1.154290
2026-03-12 11:00:00,1.154270,1.155020,1.153290,1.154800
2026-03-12 12:00:00,1.154780,1.155550,1.154630,1.155030
2026-03-12 13:00:00,1.155010,1.155420,1.153340,1.153940
2026-03-12 14:00:00,1.153920,1.153990,1.153350,1.153840
2026-03-12 15:00:00,1.153800,1.154020,1.153200,1.153350
2026-03-12 16:00:00,1.153320,1.154540,1.153320,1.154030
2026-03-12 17:00:00,1.154000,1.155240,1.154000,1.154830
2026-03-12 18:00:00,1.154800,1.155280,1.154040,1.154970
2026-03-12 19:00:00,1.154900,1.155620,1.154450,1.154780
2026-03-12 20:00:00,1.154770,1.156060,1.154550,1.156000
2026-03-12 21:00:00,1.155970,1.156310,1.155050,1.155790
2026-03-12 22:00:00,1.155770,1.156470,1.155270,1.155670
2026-03-12 23:00:00,1.155670,1.155690,1.153190,1.153890
2026-03-13 00:00:00,1.153880,1.154940,1.152100,1.152560
2026-03-13 01:00:00,1.152560,1.153310,1.151680,1.152380
2026-03-13 02:00:00,1.152380,1.152700,1.151150,1.152070
2026-03-13 03:00:00,1.152100,1.153030,1.151490,1.152180
2026-03-13 04:00:00,1.152210,1.153160,1.152100,1.152140
2026-03-13 05:00:00,1.152180,1.152460,1.151190,1.151290
2026-03-13 06:00:00,1.151270,1.151910,1.151130,1.151590
2026-03-13 07:00:00,1.151570,1.151670,1.151010,1.151090
2026-03-13 08:00:00,1.151100,1.151470,1.151080,1.151280
2026-03-13 09:00:00,1.151290,1.152230,1.151270,1.151900
2026-03-13 10:00:00,1.151900,1.152290,1.151580,1.152210
2026-03-13 11:00:00,1.152190,1.152770,1.152150,1.152420
2026-03-13 12:00:00,1.152400,1.152920,1.151490,1.151570
2026-03-13 13:00:00,1.151540,1.152230,1.151160,1.151510
2026-03-13 14:00:00,1.151490,1.151530,1.150510,1.150950
2026-03-13 15:00:00,1.150920,1.150970,1.150030,1.150370
2026-03-13 16:00:00,1.150350,1.150650,1.150080,1.150120
2026-03-13 17:00:00,1.150080,1.150330,1.148470,1.148470
2026-03-13 18:00:00,1.148510,1.148510,1.145430,1.145770
2026-03-13 19:00:00,1.145770,1.145800,1.143470,1.144570
2026-03-13 20:00:00,1.144520,1.146200,1.144520,1.145380
2026-03-15 21:00:00,1.146930,1.146980,1.146920,1.146940
2026-03-15 22:00:00,1.146930,1.146980,1.144440,1.144450
2026-03-15 23:00:00,1.144450,1.144500,1.144440,1.144450
2026-03-16 00:00:00,1.144450,1.144500,1.142460,1.142470
2026-03-16 01:00:00,1.142480,1.142530,1.142240,1.142250
2026-03-16 02:00:00,1.142250,1.142290,1.140630,1.141230
2026-03-16 03:00:00,1.141240,1.141290,1.139780,1.140610
2026-03-16 04:00:00,1.140610,1.141690,1.140520,1.141630
2026-03-16 05:00:00,1.141640,1.142610,1.135150,1.142610
2026-03-16 06:00:00,1.142550,1.143060,1.141750,1.142370
2026-03-16 07:00:00,1.142340,1.143090,1.141570,1.142400
2026-03-16 08:00:00,1.142360,1.142910,1.142110,1.142850
2026-03-16 09:00:00,1.142870,1.143420,1.142020,1.142970
2026-03-16 10:00:00,1.142970,1.143520,1.142660,1.143520
2026-03-16 11:00:00,1.143510,1.145550,1.143500,1.145550
2026-03-16 12:00:00,1.145520,1.145560,1.144010,1.144930
2026-03-16 13:00:00,1.144900,1.145130,1.144450,1.144930
2026-03-16 14:00:00,1.144910,1.145360,1.144680,1.145130
2026-03-16 15:00:00,1.145120,1.145160,1.144180,1.144250
2026-03-16 16:00:00,1.144220,1.144370,1.143340,1.143460
2026-03-16 17:00:00,1.143430,1.143640,1.142500,1.143140
2026-03-16 18:00:00,1.143130,1.143530,1.141460,1.142500
2026-03-16 19:00:00,1.142430,1.144480,1.142430,1.144400
2026-03-16 20:00:00,1.144380,1.145210,1.144240,1.145010
2026-03-16 21:00:00,1.145010,1.147730,1.144880,1.147560
2026-03-16 22:00:00,1.147570,1.148780,1.147200,1.147930
2026-03-16 23:00:00,1.147930,1.148740,1.147290,1.147310
2026-03-17 00:00:00,1.147320,1.150070,1.147310,1.150060
2026-03-17 01:00:00,1.150050,1.150160,1.148130,1.148880
2026-03-17 02:00:00,1.148900,1.150000,1.148260,1.148550
2026-03-17 03:00:00,1.148560,1.149870,1.147770,1.149420
2026-03-17 04:00:00,1.149470,1.150310,1.149080,1.149320
2026-03-17 05:00:00,1.149330,1.152370,1.149310,1.151780
2026-03-17 06:00:00,1.151810,1.152350,1.150670,1.150710
2026-03-17 07:00:00,1.150740,1.151020,1.150360,1.150590
2026-03-17 08:00:00,1.150590,1.150920,1.150480,1.150790
2026-03-17 09:00:00,1.150750,1.150790,1.149870,1.149920
2026-03-17 10:00:00,1.149910,1.150000,1.149560,1.149920
2026-03-17 11:00:00,1.149900,1.149930,1.148970,1.149320
2026-03-17 12:00:00,1.149300,1.149510,1.148700,1.149300
2026-03-17 13:00:00,1.149280,1.149880,1.149180,1.149600
2026-03-17 14:00:00,1.149580,1.150210,1.149250,1.149270
2026-03-17 15:00:00,1.149250,1.150020,1.148970,1.149760
2026-03-17 16:00:00,1.149750,1.149930,1.147950,1.148030
2026-03-17 17:00:00,1.148020,1.148240,1.146800,1.148150
2026-03-17 18:00:00,1.148120,1.150010,1.148090,1.149430
2026-03-17 19:00:00,1.149400,1.151710,1.148930,1.150820
2026-03-17 20:00:00,1.150750,1.152370,1.150750,1.151510
2026-03-17 21:00:00,1.151530,1.151530,1.150570,1.150700
2026-03-17 22:00:00,1.150700,1.151960,1.150600,1.150840
2026-03-17 23:00:00,1.150840,1.152530,1.150520,1.152310
2026-03-18 00:00:00,1.152320,1.154210,1.152310,1.153140
2026-03-18 01:00:00,1.153140,1.153780,1.152270,1.153410
2026-03-18 02:00:00,1.153420,1.153740,1.152100,1.152510
2026-03-18 03:00:00,1.152510,1.153280,1.152030,1.152940
2026-03-18 04:00:00,1.152920,1.154010,1.152750,1.153870
2026-03-18 05:00:00,1.153910,1.154750,1.153860,1.153960
2026-03-18 06:00:00,1.153950,1.154170,1.153440,1.153480
2026-03-18 07:00:00,1.153500,1.154200,1.153480,1.154090
2026-03-18 08:00:00,1.154080,1.154090,1.153720,1.153760
2026-03-18 09:00:00,1.153750,1.154430,1.153750,1.154060
2026-03-18 10:00:00,1.154040,1.154130,1.153830,1.153960
2026-03-18 11:00:00,1.153940,1.154350,1.153250,1.153330
2026-03-18 12:00:00,1.153300,1.154050,1.153290,1.153430
2026-03-18 13:00:00,1.153400,1.153770,1.153250,1.153310
2026-03-18 14:00:00,1.153280,1.153660,1.153240,1.153660
2026-03-18 15:00:00,1.153620,1.154260,1.153620,1.154130
2026-03-18 16:00:00,1.154090,1.154730,1.154080,1.154570
2026-03-18 17:00:00,1.154540,1.154930,1.153950,1.154320
2026-03-18 18:00:00,1.154310,1.154540,1.152500,1.152570
2026-03-18 19:00:00,1.152540,1.153370,1.151920,1.153340
2026-03-18 20:00:00,1.153340,1.153970,1.152730,1.153890
2026-03-18 21:00:00,1.153890,1.154400,1.153440,1.154060
2026-03-18 22:00:00,1.154060,1.155400,1.153310,1.154770
2026-03-18 23:00:00,1.154770,1.154780,1.151130,1.151170
2026-03-19 00:00:00,1.151190,1.151360,1.149250,1.150570
2026-03-19 01:00:00,1.150580,1.152470,1.150570,1.151260
2026-03-19 02:00:00,1.151260,1.152790,1.151110,1.151500
2026-03-19 03:00:00,1.151470,1.152100,1.150770,1.151100
2026-03-19 04:00:00,1.151120,1.151670,1.150340,1.151670
2026-03-19 05:00:00,1.151730,1.152260,1.147950,1.147990
2026-03-19 06:00:00,1.147950,1.148130,1.146930,1.146960
2026-03-19 07:00:00,1.146950,1.147010,1.144990,1.145150
2026-03-19 08:00:00,1.145150,1.147350,1.145150,1.146750
2026-03-19 09:00:00,1.146720,1.146750,1.145170,1.145710
2026-03-19 10:00:00,1.145690,1.146700,1.145670,1.146410
2026-03-19 11:00:00,1.146400,1.147450,1.146380,1.147380
2026-03-19 12:00:00,1.147360,1.148330,1.147350,1.147800
2026-03-19 13:00:00,1.147800,1.149300,1.147300,1.148310
2026-03-19 14:00:00,1.148290,1.148340,1.147500,1.147600
2026-03-19 15:00:00,1.147600,1.147630,1.146740,1.146950
2026-03-19 16:00:00,1.146920,1.147120,1.146580,1.146820
2026-03-19 17:00:00,1.146840,1.147600,1.146180,1.146430
2026-03-19 18:00:00,1.146370,1.147410,1.145280,1.145280
2026-03-19 19:00:00,1.145250,1.145910,1.144370,1.145020
2026-03-19 20:00:00,1.144980,1.148800,1.144980,1.148040
2026-03-19 21:00:00,1.148020,1.148260,1.146670,1.147500
2026-03-19 22:00:00,1.147500,1.148080,1.146690,1.147840
2026-03-19 23:00:00,1.147850,1.148980,1.146500,1.148780
2026-03-20 00:00:00,1.148780,1.150200,1.146790,1.149530
2026-03-20 01:00:00,1.149600,1.152660,1.149530,1.151420
2026-03-20 02:00:00,1.151420,1.153580,1.150160,1.150490
2026-03-20 03:00:00,1.150450,1.153530,1.150240,1.152900
2026-03-20 04:00:00,1.152930,1.155970,1.152420,1.155740
2026-03-20 05:00:00,1.155790,1.156490,1.155160,1.155770
2026-03-20 06:00:00,1.155790,1.161640,1.155760,1.158020
2026-03-20 07:00:00,1.158000,1.158920,1.157920,1.158920
2026-03-20 08:00:00,1.158910,1.158950,1.158350,1.158380
2026-03-20 09:00:00,1.158380,1.159750,1.157790,1.157880
2026-03-20 10:00:00,1.157860,1.158140,1.157540,1.157730
2026-03-20 11:00:00,1.157710,1.158060,1.157180,1.157400
2026-03-20 12:00:00,1.157380,1.157620,1.156440,1.156510
2026-03-20 13:00:00,1.156480,1.156770,1.156220,1.156500
2026-03-20 14:00:00,1.156480,1.156520,1.155640,1.155720
2026-03-20 15:00:00,1.155700,1.156030,1.155560,1.155590
2026-03-20 16:00:00,1.155560,1.156070,1.155330,1.155390
2026-03-20 17:00:00,1.155380,1.156670,1.155310,1.155970
2026-03-20 18:00:00,1.155960,1.157340,1.155550,1.157290
2026-03-20 19:00:00,1.157270,1.158040,1.156930,1.157100
2026-03-20 20:00:00,1.157120,1.157260,1.154820,1.154880
2026-03-22 21:00:00,1.159190,1.159240,1.159180,1.159190
2026-03-22 22:00:00,1.159190,1.159510,1.158460,1.159160
2026-03-22 23:00:00,1.159160,1.159210,1.159120,1.159140
2026-03-23 00:00:00,1.159140,1.159190,1.158420,1.158630
2026-03-23 01:00:00,1.158640,1.158690,1.158620,1.158630
2026-03-23 02:00:00,1.158640,1.158680,1.157190,1.157610
2026-03-23 03:00:00,1.157620,1.157670,1.157220,1.157340
2026-03-23 04:00:00,1.157340,1.157390,1.156970,1.157160
2026-03-23 05:00:00,1.157150,1.157160,1.153150,1.153920
2026-03-23 06:00:00,1.153920,1.155810,1.152370,1.154480
2026-03-23 07:00:00,1.154520,1.155570,1.153620,1.154320
2026-03-23 08:00:00,1.154290,1.154480,1.153500,1.154430
2026-03-23 09:00:00,1.154410,1.156230,1.154270,1.155810
2026-03-23 10:00:00,1.155790,1.156440,1.155790,1.156130
2026-03-23 11:00:00,1.156090,1.156400,1.154040,1.154640
2026-03-23 12:00:00,1.154620,1.156030,1.154510,1.155480
2026-03-23 13:00:00,1.155460,1.155700,1.154310,1.154770
2026-03-23 14:00:00,1.154750,1.155020,1.154270,1.154800
2026-03-23 15:00:00,1.154760,1.155190,1.154620,1.155010
2026-03-23 16:00:00,1.154990,1.155280,1.153520,1.153540
2026-03-23 17:00:00,1.153540,1.153560,1.152170,1.152970
2026-03-23 18:00:00,1.152930,1.153930,1.152500,1.152770
2026-03-23 19:00:00,1.152750,1.154730,1.152660,1.153270
2026-03-23 20:00:00,1.153290,1.153290,1.149150,1.149410
2026-03-23 21:00:00,1.149410,1.149540,1.148450,1.148590
2026-03-23 22:00:00,1.148590,1.161480,1.148320,1.155860
2026-03-23 23:00:00,1.155850,1.161170,1.154460,1.161090
2026-03-24 00:00:00,1.161120,1.161400,1.158110,1.159800
2026-03-24 01:00:00,1.159810,1.163930,1.159460,1.161770
2026-03-24 02:00:00,1.161750,1.163070,1.158320,1.158580
2026-03-24 03:00:00,1.158590,1.160010,1.157860,1.159150
2026-03-24 04:00:00,1.159190,1.160850,1.158670,1.160250
2026-03-24 05:00:00,1.160250,1.163740,1.159770,1.163650
2026-03-24 06:00:00,1.163610,1.163650,1.161360,1.161480
2026-03-24 07:00:00,1.161460,1.161620,1.160840,1.161170
2026-03-24 08:00:00,1.161170,1.161610,1.161160,1.161560
2026-03-24 09:00:00,1.161540,1.161770,1.161010,1.161670
2026-03-24 10:00:00,1.161650,1.161680,1.160690,1.160800
2026-03-24 11:00:00,1.160770,1.160820,1.158390,1.159030
2026-03-24 12:00:00,1.159010,1.159580,1.158050,1.158470
2026-03-24 13:00:00,1.158440,1.159220,1.158250,1.158670
2026-03-24 14:00:00,1.158650,1.158950,1.158170,1.158310
2026-03-24 15:00:00,1.158280,1.158330,1.157650,1.158000
2026-03-24 16:00:00,1.157970,1.158860,1.157660,1.158460
2026-03-24 17:00:00,1.158460,1.159230,1.157990,1.159170
2026-03-24 18:00:00,1.159160,1.161390,1.159160,1.160830
2026-03-24 19:00:00,1.160830,1.160970,1.158340,1.158830
2026-03-24 20:00:00,1.158820,1.159860,1.157960,1.159590
2026-03-24 21:00:00,1.159600,1.159600,1.158370,1.159020
2026-03-24 22:00:00,1.159030,1.159930,1.158280,1.158980
2026-03-24 23:00:00,1.158990,1.159540,1.158250,1.158600
2026-03-25 00:00:00,1.158580,1.158980,1.156930,1.157620
2026-03-25 01:00:00,1.157610,1.160190,1.157500,1.160190
2026-03-25 02:00:00,1.160120,1.160180,1.158070,1.158200
2026-03-25 03:00:00,1.158180,1.159100,1.157580,1.158380
2026-03-25 04:00:00,1.158370,1.158390,1.155950,1.157590
2026-03-25 05:00:00,1.157600,1.159280,1.156820,1.158130
2026-03-25 06:00:00,1.158150,1.159260,1.158120,1.158550
2026-03-25 07:00:00,1.158540,1.162530,1.158240,1.160760
2026-03-25 08:00:00,1.160750,1.161140,1.160220,1.161130
2026-03-25 09:00:00,1.161110,1.161870,1.160440,1.161550
2026-03-25 10:00:00,1.161530,1.161890,1.160980,1.161450
2026-03-25 11:00:00,1.161430,1.163000,1.161390,1.162480
2026-03-25 12:00:00,1.162460,1.162500,1.161290,1.161360
2026-03-25 13:00:00,1.161350,1.161390,1.160180,1.160440
2026-03-25 14:00:00,1.160400,1.160540,1.160180,1.160360
2026-03-25 15:00:00,1.160340,1.160420,1.159740,1.159830
2026-03-25 16:00:00,1.159840,1.159860,1.159010,1.159240
2026-03-25 17:00:00,1.159220,1.160060,1.158740,1.159670
2026-03-25 18:00:00,1.159660,1.160530,1.158830,1.159700
2026-03-25 19:00:00,1.159700,1.161690,1.159270,1.160320
2026-03-25 20:00:00,1.160320,1.160950,1.159210,1.159950
2026-03-25 21:00:00,1.159950,1.160490,1.159660,1.160490
2026-03-25 22:00:00,1.160490,1.161130,1.159460,1.160420
2026-03-25 23:00:00,1.160460,1.161280,1.158770,1.159150
2026-03-26 00:00:00,1.159170,1.159790,1.157170,1.157410
2026-03-26 01:00:00,1.157390,1.158750,1.156700,1.158580
2026-03-26 02:00:00,1.158600,1.158870,1.156290,1.156880
2026-03-26 03:00:00,1.156920,1.157390,1.155530,1.156820
2026-03-26 04:00:00,1.156820,1.158180,1.156670,1.157910
2026-03-26 05:00:00,1.157890,1.158130,1.156140,1.156610
2026-03-26 06:00:00,1.156590,1.156610,1.155870,1.156250
2026-03-26 07:00:00,1.156240,1.156260,1.155650,1.155980
2026-03-26 08:00:00,1.155960,1.156230,1.155840,1.156100
2026-03-26 09:00:00,1.156080,1.156270,1.155560,1.156090
2026-03-26 10:00:00,1.156070,1.156260,1.155960,1.156200
2026-03-26 11:00:00,1.156170,1.156630,1.155460,1.155910
2026-03-26 12:00:00,1.155870,1.156720,1.155870,1.156420
2026-03-26 13:00:00,1.156390,1.156680,1.155620,1.155950
2026-03-26 14:00:00,1.155930,1.156920,1.155860,1.156880
2026-03-26 15:00:00,1.156860,1.157270,1.156790,1.156960
2026-03-26 16:00:00,1.156940,1.157010,1.155970,1.155970
2026-03-26 17:00:00,1.155960,1.156690,1.155090,1.156600
2026-03-26 18:00:00,1.156590,1.156620,1.155210,1.155480
2026-03-26 19:00:00,1.155490,1.156120,1.154830,1.156030
2026-03-26 20:00:00,1.156030,1.156560,1.155390,1.155840
2026-03-26 21:00:00,1.155850,1.156450,1.155550,1.155730
2026-03-26 22:00:00,1.155740,1.155780,1.152350,1.152420
2026-03-26 23:00:00,1.152430,1.153530,1.152420,1.153380
2026-03-27 00:00:00,1.153420,1.155270,1.153380,1.154000
2026-03-27 01:00:00,1.154030,1.155500,1.153830,1.154690
2026-03-27 02:00:00,1.154700,1.155060,1.153260,1.154070
2026-03-27 03:00:00,1.154090,1.154290,1.153190,1.153620
2026-03-27 04:00:00,1.153610,1.153800,1.152630,1.152690
2026-03-27 05:00:00,1.152670,1.153380,1.152600,1.153350
2026-03-27 06:00:00,1.153340,1.153390,1.152250,1.152270
2026-03-27 07:00:00,1.152250,1.154720,1.151990,1.152930
2026-03-27 08:00:00,1.152910,1.153720,1.152790,1.153500
2026-03-27 09:00:00,1.153480,1.154180,1.153330,1.153900
2026-03-27 10:00:00,1.153870,1.154040,1.153450,1.153490
2026-03-27 11:00:00,1.153460,1.153880,1.152470,1.153100
2026-03-27 12:00:00,1.153060,1.154100,1.153060,1.154060
2026-03-27 13:00:00,1.154010,1.154240,1.153710,1.153910
2026-03-27 14:00:00,1.153870,1.154110,1.153450,1.153880
2026-03-27 15:00:00,1.153860,1.154370,1.153770,1.154370
2026-03-27 16:00:00,1.154370,1.154620,1.153780,1.154140
2026-03-27 17:00:00,1.154130,1.154500,1.153490,1.153510
2026-03-27 18:00:00,1.153510,1.153560,1.151840,1.151850
2026-03-27 19:00:00,1.151840,1.152460,1.151710,1.152150
2026-03-27 20:00:00,1.152150,1.152680,1.151510,1.151850
2026-03-29 21:00:00,1.153830,1.153880,1.153820,1.153820
2026-03-29 22:00:00,1.153830,1.153900,1.152780,1.153150
2026-03-29 23:00:00,1.153160,1.153210,1.153140,1.153150
2026-03-30 00:00:00,1.153160,1.153210,1.151640,1.151980
2026-03-30 01:00:00,1.151990,1.152040,1.148800,1.150260
2026-03-30 02:00:00,1.150260,1.150350,1.150250,1.150300
2026-03-30 03:00:00,1.150300,1.150850,1.150230,1.150740
2026-03-30 04:00:00,1.150730,1.151010,1.150690,1.150970
2026-03-30 05:00:00,1.150960,1.151970,1.148740,1.151230
2026-03-30 06:00:00,1.151210,1.151740,1.149360,1.150070
2026-03-30 07:00:00,1.150050,1.151310,1.148870,1.150330
2026-03-30 08:00:00,1.150310,1.150660,1.150030,1.150170
2026-03-30 09:00:00,1.150150,1.150230,1.148770,1.148900
2026-03-30 10:00:00,1.148850,1.149470,1.148680,1.149130
2026-03-30 11:00:00,1.149100,1.151250,1.149080,1.150690
2026-03-30 12:00:00,1.150640,1.151030,1.150410,1.150520
2026-03-30 13:00:00,1.150510,1.151470,1.150210,1.151160
2026-03-30 14:00:00,1.151150,1.151910,1.151060,1.151620
2026-03-30 15:00:00,1.151600,1.152100,1.151430,1.151430
2026-03-30 16:00:00,1.151420,1.151810,1.151010,1.151700
2026-03-30 17:00:00,1.151700,1.152070,1.151160,1.151290
2026-03-30 18:00:00,1.151290,1.151310,1.149470,1.149750
2026-03-30 19:00:00,1.149750,1.149940,1.149130,1.149680
2026-03-30 20:00:00,1.149680,1.149750,1.148540,1.149560
2026-03-30 21:00:00,1.149560,1.149770,1.148880,1.148930
2026-03-30 22:00:00,1.148940,1.150110,1.148420,1.148590
2026-03-30 23:00:00,1.148580,1.148690,1.147370,1.148280
2026-03-31 00:00:00,1.148340,1.148860,1.146280,1.146440
2026-03-31 01:00:00,1.146450,1.146860,1.145530,1.146570
2026-03-31 02:00:00,1.146570,1.146600,1.144510,1.145430
2026-03-31 03:00:00,1.145430,1.145970,1.144710,1.145970
2026-03-31 04:00:00,1.145970,1.146380,1.145650,1.145740
2026-03-31 05:00:00,1.145740,1.146650,1.145740,1.146220
2026-03-31 06:00:00,1.146200,1.146230,1.145510,1.145920
2026-03-31 07:00:00,1.145900,1.146290,1.145760,1.146230
2026-03-31 08:00:00,1.146200,1.146800,1.145820,1.146270
2026-03-31 09:00:00,1.146240,1.146620,1.146020,1.146080
2026-03-31 10:00:00,1.146080,1.146100,1.145310,1.145620
2026-03-31 11:00:00,1.145580,1.147650,1.144960,1.147580
2026-03-31 12:00:00,1.147560,1.149020,1.147420,1.147700
2026-03-31 13:00:00,1.147690,1.147940,1.147410,1.147680
2026-03-31 14:00:00,1.147670,1.147710,1.146750,1.146970
2026-03-31 15:00:00,1.146940,1.147320,1.146940,1.147010
2026-03-31 16:00:00,1.147000,1.147210,1.146230,1.146330
2026-03-31 17:00:00,1.146320,1.147540,1.146160,1.147320
2026-03-31 18:00:00,1.147330,1.147340,1.146430,1.147110
2026-03-31 19:00:00,1.147120,1.147520,1.146520,1.146830
2026-03-31 20:00:00,1.146820,1.147330,1.146340,1.146760
2026-03-31 21:00:00,1.146770,1.146940,1.145880,1.145910
2026-03-31 22:00:00,1.145920,1.148910,1.145810,1.148860
2026-03-31 23:00:00,1.148940,1.150890,1.148860,1.150420
2026-04-01 00:00:00,1.150420,1.153140,1.150180,1.153140
2026-04-01 01:00:00,1.153170,1.153940,1.151310,1.151970
2026-04-01 02:00:00,1.152000,1.153390,1.151400,1.151600
2026-04-01 03:00:00,1.151610,1.155580,1.151480,1.154150
2026-04-01 04:00:00,1.154140,1.155640,1.154100,1.154170
2026-04-01 05:00:00,1.154150,1.155070,1.154010,1.154680
2026-04-01 06:00:00,1.154660,1.155930,1.153980,1.155930
2026-04-01 07:00:00,1.155910,1.156330,1.155300,1.155350
2026-04-01 08:00:00,1.155330,1.155900,1.155220,1.155770
2026-04-01 09:00:00,1.155740,1.156010,1.155300,1.155910
2026-04-01 10:00:00,1.155880,1.157450,1.155780,1.157450
2026-04-01 11:00:00,1.157450,1.157850,1.157060,1.157530
2026-04-01 12:00:00,1.157540,1.157560,1.155580,1.156200
2026-04-01 13:00:00,1.156170,1.157130,1.156160,1.156990
2026-04-01 14:00:00,1.156980,1.157010,1.155970,1.156130
2026-04-01 15:00:00,1.156120,1.156750,1.156000,1.156550
2026-04-01 16:00:00,1.156530,1.157760,1.156530,1.156970
2026-04-01 17:00:00,1.156970,1.159270,1.156200,1.159120
2026-04-01 18:00:00,1.159120,1.160060,1.158010,1.158260
2026-04-01 19:00:00,1.158260,1.161110,1.157860,1.159780
2026-04-01 20:00:00,1.159780,1.160230,1.158210,1.159500
2026-04-01 21:00:00,1.159510,1.160300,1.159500,1.159930
2026-04-01 22:00:00,1.159950,1.161080,1.159900,1.160830
2026-04-01 23:00:00,1.160840,1.161920,1.159580,1.160380
2026-04-02 00:00:00,1.160390,1.162310,1.160020,1.161170
2026-04-02 01:00:00,1.161150,1.162560,1.160680,1.162430
2026-04-02 02:00:00,1.162420,1.162600,1.160550,1.161450
2026-04-02 03:00:00,1.161440,1.161850,1.160620,1.161850
2026-04-02 04:00:00,1.161850,1.162350,1.159490,1.159520
2026-04-02 05:00:00,1.159500,1.159520,1.157900,1.158140
2026-04-02 06:00:00,1.158120,1.158730,1.157840,1.158510
2026-04-02 07:00:00,1.158490,1.159240,1.158400,1.159090
2026-04-02 08:00:00,1.159070,1.159170,1.158640,1.159080
2026-04-02 09:00:00,1.159060,1.159380,1.159020,1.159150
2026-04-02 10:00:00,1.159110,1.159450,1.158920,1.159070
2026-04-02 11:00:00,1.159060,1.159770,1.158690,1.159770
2026-04-02 12:00:00,1.159780,1.159950,1.154740,1.155280
2026-04-02 13:00:00,1.155250,1.155990,1.154500,1.154870
2026-04-02 14:00:00,1.154880,1.154930,1.153920,1.154000
2026-04-02 15:00:00,1.153980,1.154160,1.153300,1.153670
2026-04-02 16:00:00,1.153650,1.153910,1.152520,1.152630
2026-04-02 17:00:00,1.152620,1.153480,1.151640,1.153480
2026-04-02 18:00:00,1.153480,1.153730,1.151990,1.153230
2026-04-02 19:00:00,1.153240,1.153570,1.152510,1.152540
2026-04-02 20:00:00,1.152550,1.153190,1.152330,1.152500
2026-04-02 21:00:00,1.152520,1.152630,1.151140,1.151260
2026-04-02 22:00:00,1.151270,1.151870,1.150930,1.151820
2026-04-02 23:00:00,1.151820,1.153110,1.151810,1.152440
2026-04-03 00:00:00,1.152450,1.153190,1.152140,1.153130
2026-04-03 01:00:00,1.153130,1.156020,1.152790,1.155090
2026-04-03 02:00:00,1.155110,1.155740,1.154300,1.154510
2026-04-03 03:00:00,1.154510,1.154780,1.154090,1.154240
2026-04-03 04:00:00,1.154200,1.154980,1.153670,1.153800
2026-04-03 05:00:00,1.153790,1.154010,1.153360,1.153820
2026-04-03 06:00:00,1.153800,1.154410,1.153480,1.153490
2026-04-03 07:00:00,1.153470,1.154010,1.153350,1.153950
2026-04-03 08:00:00,1.153930,1.154260,1.153830,1.154190
2026-04-03 09:00:00,1.154170,1.154210,1.153830,1.154040
2026-04-03 10:00:00,1.154010,1.154340,1.154010,1.154190
2026-04-03 11:00:00,1.154160,1.154560,1.153830,1.153920
2026-04-03 12:00:00,1.153900,1.154040,1.153470,1.153500
2026-04-03 13:00:00,1.153470,1.153940,1.153200,1.153680
2026-04-03 14:00:00,1.153670,1.153780,1.153470,1.153650
2026-04-03 15:00:00,1.153640,1.153680,1.153410,1.153470
2026-04-03 16:00:00,1.153470,1.153860,1.152940,1.153820
2026-04-03 17:00:00,1.153820,1.154090,1.153540,1.154010
2026-04-03 18:00:00,1.154010,1.154650,1.154010,1.154330
2026-04-03 19:00:00,1.154330,1.154560,1.154080,1.154370
2026-04-03 20:00:00,1.154370,1.154610,1.154090,1.154310
2026-04-05 21:00:00,1.152040,1.152090,1.151870,1.151950
2026-04-05 22:00:00,1.151960,1.152010,1.151940,1.151950
2026-04-05 23:00:00,1.151960,1.152010,1.151510,1.151570
2026-04-06 00:00:00,1.151570,1.153130,1.151520,1.152980
2026-04-06 01:00:00,1.152980,1.153020,1.152690,1.152710
2026-04-06 02:00:00,1.152700,1.152750,1.152470,1.152500
2026-04-06 03:00:00,1.152480,1.152510,1.151650,1.152040
2026-04-06 04:00:00,1.152030,1.152130,1.151140,1.151430
2026-04-06 05:00:00,1.151410,1.152420,1.144000,1.152310
2026-04-06 06:00:00,1.152330,1.152490,1.151470,1.152010
2026-04-06 07:00:00,1.151990,1.152510,1.151860,1.152110
2026-04-06 08:00:00,1.152080,1.152130,1.150660,1.151590
2026-04-06 09:00:00,1.151570,1.151670,1.150930,1.151030
2026-04-06 10:00:00,1.151000,1.151910,1.151000,1.151250
2026-04-06 11:00:00,1.151230,1.151340,1.150710,1.150730
2026-04-06 12:00:00,1.150690,1.152880,1.150690,1.152190
2026-04-06 13:00:00,1.152190,1.152320,1.151820,1.151950
2026-04-06 14:00:00,1.151940,1.152540,1.151940,1.152460
2026-04-06 15:00:00,1.152460,1.152970,1.152370,1.152570
2026-04-06 16:00:00,1.152570,1.153380,1.152260,1.153210
2026-04-06 17:00:00,1.153220,1.156960,1.152620,1.156570
2026-04-06 18:00:00,1.156580,1.156690,1.155470,1.155630
2026-04-06 19:00:00,1.155640,1.155860,1.154770,1.155030
2026-04-06 20:00:00,1.155040,1.155350,1.154220,1.154920
2026-04-06 21:00:00,1.154920,1.155040,1.154120,1.154650
2026-04-06 22:00:00,1.154640,1.155550,1.154290,1.155420
2026-04-06 23:00:00,1.155400,1.156100,1.155130,1.156100
2026-04-07 00:00:00,1.156120,1.157020,1.154280,1.154350
2026-04-07 01:00:00,1.154330,1.154440,1.153680,1.154440
2026-04-07 02:00:00,1.154440,1.154810,1.154240,1.154490
2026-04-07 03:00:00,1.154480,1.154650,1.153450,1.154250
2026-04-07 04:00:00,1.154230,1.155230,1.154060,1.154590
2026-04-07 05:00:00,1.154570,1.154680,1.154180,1.154430
2026-04-07 06:00:00,1.154410,1.154520,1.154160,1.154320
2026-04-07 07:00:00,1.154300,1.154480,1.154100,1.154440
2026-04-07 08:00:00,1.154410,1.154790,1.154290,1.154320
2026-04-07 09:00:00,1.154290,1.154370,1.153970,1.154140
2026-04-07 10:00:00,1.154120,1.154370,1.153740,1.153830
2026-04-07 11:00:00,1.153820,1.153980,1.152770,1.152990
2026-04-07 12:00:00,1.152970,1.153230,1.152610,1.153000
2026-04-07 13:00:00,1.152980,1.153510,1.152910,1.153510
2026-04-07 14:00:00,1.153500,1.153910,1.153360,1.153830
2026-04-07 15:00:00,1.153820,1.153950,1.153070,1.153490
2026-04-07 16:00:00,1.153490,1.154500,1.153350,1.154400
2026-04-07 17:00:00,1.154410,1.154600,1.153570,1.154270
2026-04-07 18:00:00,1.154280,1.157590,1.154260,1.157420
2026-04-07 19:00:00,1.157420,1.157510,1.156320,1.156330
2026-04-07 20:00:00,1.156330,1.156340,1.154760,1.155380
2026-04-07 21:00:00,1.155380,1.156200,1.154900,1.155940
2026-04-07 22:00:00,1.155960,1.156770,1.155460,1.156110
2026-04-07 23:00:00,1.156100,1.156490,1.155640,1.156390
2026-04-08 00:00:00,1.156390,1.158010,1.156000,1.157310
2026-04-08 01:00:00,1.157290,1.157610,1.156700,1.157290
2026-04-08 02:00:00,1.157270,1.157800,1.157050,1.157140
2026-04-08 03:00:00,1.157130,1.157990,1.156700,1.157760
2026-04-08 04:00:00,1.157740,1.158320,1.157150,1.157520
2026-04-08 05:00:00,1.157500,1.160360,1.157370,1.159550
2026-04-08 06:00:00,1.159540,1.160440,1.159350,1.159760
2026-04-08 07:00:00,1.159760,1.160090,1.159480,1.159840
2026-04-08 08:00:00,1.159730,1.166860,1.159730,1.166700
2026-04-08 09:00:00,1.166650,1.168910,1.166210,1.168650
2026-04-08 10:00:00,1.168600,1.169390,1.166730,1.167190
2026-04-08 11:00:00,1.167160,1.168830,1.167160,1.167600
2026-04-08 12:00:00,1.167560,1.168420,1.166990,1.167310
2026-04-08 13:00:00,1.167290,1.167540,1.166670,1.167120
2026-04-08 14:00:00,1.167100,1.168150,1.167100,1.167570
2026-04-08 15:00:00,1.167570,1.170640,1.167510,1.169200
2026-04-08 16:00:00,1.169200,1.170740,1.168540,1.169700
2026-04-08 17:00:00,1.169700,1.169970,1.168130,1.169580
2026-04-08 18:00:00,1.169580,1.169770,1.167260,1.168110
2026-04-08 19:00:00,1.168130,1.168850,1.167880,1.168020
2026-04-08 20:00:00,1.168020,1.169220,1.167910,1.169110
2026-04-08 21:00:00,1.169080,1.170970,1.168610,1.170010
2026-04-08 22:00:00,1.170040,1.171770,1.169330,1.171470
2026-04-08 23:00:00,1.171480,1.172080,1.168860,1.169290
2026-04-09 00:00:00,1.169320,1.170260,1.169100,1.169530
2026-04-09 01:00:00,1.169510,1.169640,1.168570,1.168810
2026-04-09 02:00:00,1.168780,1.168840,1.167750,1.168190
2026-04-09 03:00:00,1.168170,1.168520,1.167050,1.167460
2026-04-09 04:00:00,1.167440,1.167960,1.165100,1.165120
2026-04-09 05:00:00,1.165130,1.166990,1.164580,1.166950
2026-04-09 06:00:00,1.166930,1.166970,1.166100,1.166270
2026-04-09 07:00:00,1.166250,1.166730,1.166100,1.166650
2026-04-09 08:00:00,1.166620,1.166740,1.166070,1.166290
2026-04-09 09:00:00,1.166270,1.166350,1.165860,1.165920
2026-04-09 10:00:00,1.165910,1.166050,1.165380,1.165830
2026-04-09 11:00:00,1.165810,1.166280,1.165110,1.166270
2026-04-09 12:00:00,1.166270,1.166700,1.165950,1.166590
2026-04-09 13:00:00,1.166580,1.166650,1.166160,1.166280
2026-04-09 14:00:00,1.166280,1.167120,1.166250,1.166720
2026-04-09 15:00:00,1.166720,1.166730,1.165990,1.166100
2026-04-09 16:00:00,1.166110,1.166340,1.165510,1.166270
2026-04-09 17:00:00,1.166290,1.166860,1.165740,1.166330
2026-04-09 18:00:00,1.166330,1.167460,1.166020,1.167210
2026-04-09 19:00:00,1.167210,1.167880,1.166960,1.167450
2026-04-09 20:00:00,1.167460,1.167940,1.167400,1.167400
2026-04-09 21:00:00,1.167350,1.168920,1.167130,1.168820
2026-04-09 22:00:00,1.168830,1.168870,1.168010,1.168590
2026-04-09 23:00:00,1.168590,1.169490,1.168160,1.168250
2026-04-10 00:00:00,1.168230,1.168840,1.167500,1.168470
2026-04-10 01:00:00,1.168460,1.170770,1.167810,1.170500
2026-04-10 02:00:00,1.170490,1.171400,1.170460,1.171120
2026-04-10 03:00:00,1.171100,1.172310,1.171090,1.171430
2026-04-10 04:00:00,1.171410,1.171440,1.169790,1.170030
2026-04-10 05:00:00,1.170020,1.170830,1.169860,1.170150
2026-04-10 06:00:00,1.170130,1.170170,1.169540,1.169930
2026-04-10 07:00:00,1.169890,1.170230,1.169720,1.170180
2026-04-10 08:00:00,1.170140,1.170270,1.169300,1.169440
2026-04-10 09:00:00,1.169420,1.169640,1.169070,1.169150
2026-04-10 10:00:00,1.169130,1.169170,1.168610,1.168720
2026-04-10 11:00:00,1.168690,1.169450,1.168660,1.169210
2026-04-10 12:00:00,1.169190,1.169380,1.168700,1.169100
2026-04-10 13:00:00,1.169090,1.169650,1.168980,1.169580
2026-04-10 14:00:00,1.169580,1.169700,1.169190,1.169200
2026-04-10 15:00:00,1.169200,1.169270,1.168800,1.169070
2026-04-10 16:00:00,1.169070,1.169260,1.168400,1.168530
2026-04-10 17:00:00,1.168540,1.168940,1.167860,1.168020
2026-04-10 18:00:00,1.168020,1.168970,1.167800,1.168600
2026-04-10 19:00:00,1.168620,1.171620,1.168450,1.171010
2026-04-10 20:00:00,1.171030,1.171600,1.170640,1.171370
2026-04-12 21:00:00,1.172590,1.172700,1.172570,1.172650
2026-04-12 22:00:00,1.172650,1.173100,1.172640,1.173070
2026-04-12 23:00:00,1.173070,1.173120,1.172590,1.172840
2026-04-13 00:00:00,1.172830,1.172860,1.172050,1.172060
2026-04-13 01:00:00,1.172050,1.172790,1.172020,1.172750
2026-04-13 02:00:00,1.172740,1.172980,1.172570,1.172680
2026-04-13 03:00:00,1.172660,1.172930,1.171940,1.172330
2026-04-13 04:00:00,1.172320,1.172760,1.168530,1.169800
2026-04-13 05:00:00,1.169800,1.172030,1.165940,1.169760
2026-04-13 06:00:00,1.169560,1.170760,1.166540,1.168800
2026-04-13 07:00:00,1.168800,1.168820,1.166670,1.167590
2026-04-13 08:00:00,1.167610,1.168130,1.166690,1.167350
2026-04-13 09:00:00,1.167340,1.167640,1.166520,1.167490
2026-04-13 10:00:00,1.167480,1.168690,1.167220,1.168670
2026-04-13 11:00:00,1.168640,1.168980,1.168090,1.168690
2026-04-13 12:00:00,1.168680,1.168970,1.168580,1.168870
2026-04-13 13:00:00,1.168870,1.168910,1.168640,1.168840
2026-04-13 14:00:00,1.168840,1.169060,1.168600,1.168630
2026-04-13 15:00:00,1.168630,1.168910,1.168390,1.168790
2026-04-13 16:00:00,1.168810,1.169460,1.167850,1.168540
2026-04-13 17:00:00,1.168560,1.169980,1.168520,1.169740
2026-04-13 18:00:00,1.169730,1.169730,1.168460,1.168590
2026-04-13 19:00:00,1.168630,1.169210,1.168450,1.168690
2026-04-13 20:00:00,1.168690,1.169520,1.168290,1.169300
2026-04-13 21:00:00,1.169350,1.169990,1.168170,1.168310
2026-04-13 22:00:00,1.168310,1.170030,1.168220,1.169890
2026-04-13 23:00:00,1.169870,1.170900,1.169670,1.170420
2026-04-14 00:00:00,1.170430,1.171940,1.170180,1.171120
2026-04-14 01:00:00,1.171100,1.171210,1.170320,1.170950
2026-04-14 02:00:00,1.170930,1.172970,1.170740,1.172560
2026-04-14 03:00:00,1.172530,1.173840,1.172530,1.173390
2026-04-14 04:00:00,1.173360,1.176540,1.173360,1.176330
2026-04-14 05:00:00,1.176290,1.176350,1.175490,1.176130
2026-04-14 06:00:00,1.176100,1.176350,1.175720,1.175950
2026-04-14 07:00:00,1.175930,1.176120,1.175610,1.175670
2026-04-14 08:00:00,1.175580,1.176430,1.175580,1.176180
2026-04-14 09:00:00,1.176150,1.176730,1.176130,1.176710
2026-04-14 10:00:00,1.176720,1.176750,1.176240,1.176600
2026-04-14 11:00:00,1.176590,1.176740,1.176040,1.176040
2026-04-14 12:00:00,1.176030,1.176210,1.175700,1.176080
2026-04-14 13:00:00,1.176070,1.176860,1.175930,1.176780
2026-04-14 14:00:00,1.176780,1.177050,1.176500,1.176790
2026-04-14 15:00:00,1.176790,1.177020,1.176060,1.176410
2026-04-14 16:00:00,1.176450,1.177790,1.175830,1.177780
2026-04-14 17:00:00,1.177800,1.179560,1.177770,1.178150
2026-04-14 18:00:00,1.178140,1.178430,1.177610,1.178220
2026-04-14 19:00:00,1.178240,1.179310,1.178210,1.178730
2026-04-14 20:00:00,1.178770,1.179870,1.178720,1.179730
2026-04-14 21:00:00,1.179720,1.180450,1.179670,1.180230
2026-04-14 22:00:00,1.180180,1.180440,1.179360,1.180420
2026-04-14 23:00:00,1.180420,1.180740,1.179490,1.179930
2026-04-15 00:00:00,1.179920,1.181100,1.179550,1.180950
2026-04-15 01:00:00,1.180920,1.180950,1.178880,1.179110
2026-04-15 02:00:00,1.179090,1.179690,1.178900,1.179520
2026-04-15 03:00:00,1.179500,1.179990,1.179140,1.179670
2026-04-15 04:00:00,1.179640,1.179710,1.179020,1.179360
2026-04-15 05:00:00,1.179340,1.179600,1.178960,1.179240
2026-04-15 06:00:00,1.179220,1.179660,1.179190,1.179600
2026-04-15 07:00:00,1.179560,1.179760,1.179080,1.179270
2026-04-15 08:00:00,1.179240,1.179890,1.179240,1.179580
2026-04-15 09:00:00,1.179560,1.180180,1.179500,1.179900
2026-04-15 10:00:00,1.179900,1.179930,1.178990,1.179470
2026-04-15 11:00:00,1.179460,1.179720,1.179010,1.179080
2026-04-15 12:00:00,1.179070,1.179130,1.177940,1.178320
2026-04-15 13:00:00,1.178320,1.178940,1.178090,1.178780
2026-04-15 14:00:00,1.178780,1.179040,1.178700,1.178880
2026-04-15 15:00:00,1.178890,1.179780,1.178880,1.179280
2026-04-15 16:00:00,1.179290,1.180040,1.178520,1.178610
2026-04-15 17:00:00,1.178600,1.179010,1.178380,1.178550
2026-04-15 18:00:00,1.178570,1.179600,1.178540,1.179050
2026-04-15 19:00:00,1.179050,1.179090,1.177670,1.178190
2026-04-15 20:00:00,1.178190,1.178670,1.177340,1.177790
2026-04-15 21:00:00,1.177770,1.178390,1.177500,1.178280
2026-04-15 22:00:00,1.178290,1.179160,1.177680,1.178920
2026-04-15 23:00:00,1.178910,1.179650,1.178550,1.178850
2026-04-16 00:00:00,1.178830,1.179950,1.178480,1.179760
2026-04-16 01:00:00,1.179740,1.180860,1.179600,1.179990
2026-04-16 02:00:00,1.179970,1.180280,1.179800,1.180200
2026-04-16 03:00:00,1.180180,1.180240,1.179330,1.179560
2026-04-16 04:00:00,1.179540,1.180210,1.179470,1.180120
2026-04-16 05:00:00,1.180110,1.180490,1.179920,1.180130
2026-04-16 06:00:00,1.180120,1.180150,1.179590,1.179980
2026-04-16 07:00:00,1.179960,1.180330,1.179830,1.179900
2026-04-16 08:00:00,1.179860,1.180360,1.179860,1.180310
2026-04-16 09:00:00,1.180300,1.180830,1.180290,1.180710
2026-04-16 10:00:00,1.180690,1.180780,1.180290,1.180730
2026-04-16 11:00:00,1.180720,1.180910,1.179730,1.180240
2026-04-16 12:00:00,1.180230,1.181970,1.180220,1.181740
2026-04-16 13:00:00,1.181740,1.182430,1.181250,1.181320
2026-04-16 14:00:00,1.181330,1.181340,1.180820,1.181000
2026-04-16 15:00:00,1.181000,1.181020,1.180340,1.180490
2026-04-16 16:00:00,1.180510,1.180710,1.179430,1.180390
2026-04-16 17:00:00,1.180400,1.180410,1.179200,1.179340
2026-04-16 18:00:00,1.179330,1.179390,1.177760,1.178670
2026-04-16 19:00:00,1.178670,1.178750,1.177790,1.177980
2026-04-16 20:00:00,1.177980,1.178020,1.177250,1.178010
2026-04-16 21:00:00,1.178020,1.178870,1.178000,1.178430
2026-04-16 22:00:00,1.178420,1.178460,1.177520,1.178270
2026-04-16 23:00:00,1.178250,1.178330,1.176780,1.177030
2026-04-17 00:00:00,1.177020,1.178170,1.176970,1.177230
2026-04-17 01:00:00,1.177210,1.178350,1.177070,1.178160
2026-04-17 02:00:00,1.178130,1.178760,1.176760,1.177530
2026-04-17 03:00:00,1.177510,1.177550,1.176930,1.177340
2026-04-17 04:00:00,1.177290,1.178140,1.177290,1.178060
2026-04-17 05:00:00,1.178030,1.178600,1.178030,1.178190
2026-04-17 06:00:00,1.178170,1.178370,1.177910,1.178270
2026-04-17 07:00:00,1.178270,1.178300,1.177960,1.178130
2026-04-17 08:00:00,1.178100,1.178750,1.178100,1.178600
2026-04-17 09:00:00,1.178590,1.178640,1.178130,1.178130
2026-04-17 10:00:00,1.178130,1.178340,1.177800,1.177980
2026-04-17 11:00:00,1.177980,1.178000,1.177490,1.177610
2026-04-17 12:00:00,1.177610,1.177810,1.177370,1.177770
2026-04-17 13:00:00,1.177770,1.178530,1.177580,1.178400
2026-04-17 14:00:00,1.178400,1.178440,1.178180,1.178290
2026-04-17 15:00:00,1.178300,1.178490,1.178090,1.178180
2026-04-17 16:00:00,1.178160,1.178260,1.177270,1.177520
2026-04-17 17:00:00,1.177560,1.178270,1.177500,1.178260
2026-04-17 18:00:00,1.178280,1.179540,1.178070,1.179430
2026-04-17 19:00:00,1.179440,1.179940,1.179140,1.179370
2026-04-17 20:00:00,1.179360,1.179650,1.179150,1.179460
2026-04-19 21:00:00,1.177330,1.177540,1.174790,1.175990
2026-04-19 22:00:00,1.175980,1.176660,1.175960,1.176640
2026-04-19 23:00:00,1.176620,1.176670,1.175050,1.175890
2026-04-20 00:00:00,1.175870,1.176080,1.175000,1.175880
2026-04-20 01:00:00,1.175860,1.176370,1.175210,1.176350
2026-04-20 02:00:00,1.176320,1.176730,1.175430,1.175550
2026-04-20 03:00:00,1.175520,1.177300,1.174500,1.176660
2026-04-20 04:00:00,1.176630,1.178040,1.175330,1.176690
2026-04-20 05:00:00,1.176680,1.177140,1.173030,1.173760
2026-04-20 06:00:00,1.173510,1.175290,1.173330,1.174160
2026-04-20 07:00:00,1.174100,1.174930,1.173260,1.173260
2026-04-20 08:00:00,1.173260,1.174050,1.172990,1.174010
2026-04-20 09:00:00,1.173990,1.174600,1.173680,1.173900
2026-04-20 10:00:00,1.173900,1.175690,1.173890,1.175520
2026-04-20 11:00:00,1.175520,1.175970,1.175150,1.175750
2026-04-20 12:00:00,1.175750,1.176150,1.175530,1.175670
2026-04-20 13:00:00,1.175670,1.176220,1.175560,1.176030
2026-04-20 14:00:00,1.176040,1.176260,1.175680,1.175930
2026-04-20 15:00:00,1.175940,1.176060,1.174860,1.175340
2026-04-20 16:00:00,1.175360,1.176390,1.174820,1.176330
2026-04-20 17:00:00,1.176360,1.177210,1.175490,1.175840
2026-04-20 18:00:00,1.175880,1.176320,1.175810,1.176180
2026-04-20 19:00:00,1.176190,1.176560,1.175610,1.176530
2026-04-20 20:00:00,1.176530,1.177090,1.176320,1.177090
2026-04-20 21:00:00,1.177090,1.177520,1.176630,1.176810
2026-04-20 22:00:00,1.176780,1.176810,1.175660,1.176390
2026-04-20 23:00:00,1.176380,1.178150,1.176160,1.177650
2026-04-21 00:00:00,1.177640,1.177760,1.176770,1.177160
2026-04-21 01:00:00,1.177130,1.178950,1.176890,1.178540
2026-04-21 02:00:00,1.178510,1.178840,1.178260,1.178530
2026-04-21 03:00:00,1.178490,1.178870,1.178180,1.178330
2026-04-21 04:00:00,1.178290,1.179010,1.178040,1.178040
2026-04-21 05:00:00,1.178000,1.178930,1.178000,1.178630
2026-04-21 06:00:00,1.178610,1.178850,1.178340,1.178770
2026-04-21 07:00:00,1.178740,1.178820,1.178530,1.178630
2026-04-21 08:00:00,1.178600,1.179100,1.178580,1.178990
2026-04-21 09:00:00,1.178970,1.179100,1.178370,1.178440
2026-04-21 10:00:00,1.178440,1.178550,1.178110,1.178330
2026-04-21 11:00:00,1.178330,1.178620,1.178010,1.178050
2026-04-21 12:00:00,1.178050,1.178230,1.177740,1.178000
2026-04-21 13:00:00,1.178000,1.178000,1.177370,1.177560
2026-04-21 14:00:00,1.177570,1.177700,1.177400,1.177570
2026-04-21 15:00:00,1.177580,1.178270,1.177560,1.177910
2026-04-21 16:00:00,1.177910,1.177920,1.177260,1.177550
2026-04-21 17:00:00,1.177550,1.177670,1.176290,1.176520
2026-04-21 18:00:00,1.176510,1.176660,1.175710,1.176460
2026-04-21 19:00:00,1.176460,1.176500,1.175720,1.176070
2026-04-21 20:00:00,1.176040,1.176150,1.175690,1.176070
2026-04-21 21:00:00,1.176070,1.176800,1.175740,1.176770
2026-04-21 22:00:00,1.176750,1.176790,1.175730,1.175910
2026-04-21 23:00:00,1.175900,1.177030,1.175900,1.176720
2026-04-22 00:00:00,1.176700,1.177360,1.175140,1.175330
2026-04-22 01:00:00,1.175310,1.176010,1.174090,1.175180
2026-04-22 02:00:00,1.175150,1.175460,1.174100,1.174250
2026-04-22 03:00:00,1.174230,1.175960,1.172100,1.174350
2026-04-22 04:00:00,1.174290,1.174810,1.173050,1.173980
2026-04-22 05:00:00,1.173920,1.175120,1.171610,1.172590
2026-04-22 06:00:00,1.172560,1.176360,1.172440,1.174380
2026-04-22 07:00:00,1.174360,1.175150,1.173390,1.174010
2026-04-22 08:00:00,1.173970,1.174450,1.173900,1.173920
2026-04-22 09:00:00,1.173910,1.174450,1.173790,1.174410
2026-04-22 10:00:00,1.174390,1.175160,1.174390,1.174450
2026-04-22 11:00:00,1.174450,1.174680,1.173990,1.174440
2026-04-22 12:00:00,1.174450,1.174840,1.174080,1.174090
2026-04-22 13:00:00,1.174090,1.174270,1.173810,1.173900
2026-04-22 14:00:00,1.173910,1.174350,1.173820,1.173960
2026-04-22 15:00:00,1.173970,1.176030,1.173950,1.175170
2026-04-22 16:00:00,1.175170,1.175400,1.174570,1.175010
2026-04-22 17:00:00,1.175010,1.175650,1.174710,1.175590
2026-04-22 18:00:00,1.175600,1.175880,1.174810,1.175390
2026-04-22 19:00:00,1.175390,1.175790,1.174760,1.174790
2026-04-22 20:00:00,1.174780,1.175360,1.174400,1.175190
2026-04-22 21:00:00,1.175180,1.175190,1.173310,1.173410
2026-04-22 22:00:00,1.173400,1.173800,1.172570,1.172910
2026-04-22 23:00:00,1.172890,1.174380,1.172540,1.174060
2026-04-23 00:00:00,1.174030,1.174180,1.171770,1.171970
2026-04-23 01:00:00,1.171950,1.172370,1.171320,1.171430
2026-04-23 02:00:00,1.171400,1.171580,1.171060,1.171290
2026-04-23 03:00:00,1.171270,1.171720,1.171130,1.171130
2026-04-23 04:00:00,1.171120,1.171330,1.170820,1.170930
2026-04-23 05:00:00,1.170910,1.171120,1.170560,1.170570
2026-04-23 06:00:00,1.170550,1.170800,1.170350,1.170660
2026-04-23 07:00:00,1.170660,1.170940,1.170460,1.170870
2026-04-23 08:00:00,1.170860,1.170900,1.170570,1.170670
2026-04-23 09:00:00,1.170660,1.170780,1.170500,1.170580
2026-04-23 10:00:00,1.170580,1.171300,1.169350,1.171200
2026-04-23 11:00:00,1.171200,1.171280,1.170850,1.170910
2026-04-23 12:00:00,1.170920,1.171030,1.169700,1.169780
2026-04-23 13:00:00,1.169780,1.170150,1.169520,1.169540
2026-04-23 14:00:00,1.169560,1.170110,1.169530,1.170020
2026-04-23 15:00:00,1.170030,1.170660,1.170010,1.170640
2026-04-23 16:00:00,1.170660,1.170920,1.170240,1.170400
2026-04-23 17:00:00,1.170400,1.171220,1.169620,1.170170
2026-04-23 18:00:00,1.170210,1.170520,1.169750,1.170200
2026-04-23 19:00:00,1.170200,1.170240,1.169030,1.169370
2026-04-23 20:00:00,1.169370,1.169530,1.168090,1.168300
2026-04-23 21:00:00,1.168280,1.169710,1.167950,1.169160
2026-04-23 22:00:00,1.169140,1.169780,1.168730,1.169210
2026-04-23 23:00:00,1.169190,1.169600,1.168330,1.169310
2026-04-24 00:00:00,1.169300,1.171540,1.168830,1.171110
2026-04-24 01:00:00,1.171080,1.171600,1.170120,1.170560
2026-04-24 02:00:00,1.170560,1.170580,1.169910,1.170250
2026-04-24 03:00:00,1.170220,1.170280,1.167140,1.169270
2026-04-24 04:00:00,1.169230,1.169850,1.169000,1.169020
2026-04-24 05:00:00,1.169000,1.169040,1.168190,1.168700
2026-04-24 06:00:00,1.168680,1.168720,1.168160,1.168310
2026-04-24 07:00:00,1.168290,1.168950,1.167940,1.168620
2026-04-24 08:00:00,1.168600,1.168710,1.168540,1.168640
2026-04-24 09:00:00,1.168630,1.168650,1.168260,1.168360
2026-04-24 10:00:00,1.168360,1.168870,1.168210,1.168540
2026-04-24 11:00:00,1.168540,1.168860,1.168370,1.168840
2026-04-24 12:00:00,1.168850,1.168890,1.167860,1.167900
2026-04-24 13:00:00,1.167910,1.167990,1.167380,1.167810
2026-04-24 14:00:00,1.167820,1.168150,1.167710,1.167900
2026-04-24 15:00:00,1.167920,1.168340,1.167710,1.168240
2026-04-24 16:00:00,1.168240,1.168380,1.167830,1.167860
2026-04-24 17:00:00,1.167860,1.169310,1.167700,1.169240
2026-04-24 18:00:00,1.169200,1.169580,1.168440,1.168950
2026-04-24 19:00:00,1.168960,1.169110,1.168490,1.168660
2026-04-24 20:00:00,1.168660,1.170330,1.168610,1.170330
2026-04-26 21:00:00,1.171950,1.172000,1.171780,1.171850
2026-04-26 22:00:00,1.171830,1.171880,1.171810,1.171850
2026-04-26 23:00:00,1.171830,1.171880,1.171660,1.171700
2026-04-27 00:00:00,1.171670,1.172960,1.171600,1.172940
2026-04-27 01:00:00,1.172910,1.172960,1.172020,1.172120
2026-04-27 02:00:00,1.172090,1.172140,1.171460,1.171610
2026-04-27 03:00:00,1.171580,1.172070,1.171570,1.171650
2026-04-27 04:00:00,1.171630,1.172090,1.171570,1.171930
2026-04-27 05:00:00,1.171920,1.171960,1.169060,1.170560
2026-04-27 06:00:00,1.170510,1.170780,1.168670,1.169810
2026-04-27 07:00:00,1.169860,1.170960,1.169010,1.170850
2026-04-27 08:00:00,1.170820,1.171060,1.170480,1.170800
2026-04-27 09:00:00,1.170790,1.170970,1.170580,1.170580
2026-04-27 10:00:00,1.170590,1.171590,1.170590,1.171590
2026-04-27 11:00:00,1.171620,1.172640,1.171600,1.172450
2026-04-27 12:00:00,1.172460,1.172870,1.171890,1.172730
2026-04-27 13:00:00,1.172740,1.173190,1.172670,1.173000
2026-04-27 14:00:00,1.173000,1.173220,1.172580,1.172690
2026-04-27 15:00:00,1.172690,1.172840,1.172210,1.172290
2026-04-27 16:00:00,1.172290,1.172900,1.171690,1.172900
2026-04-27 17:00:00,1.172910,1.174450,1.172890,1.174450
2026-04-27 18:00:00,1.174440,1.175070,1.174040,1.174930
2026-04-27 19:00:00,1.174910,1.175160,1.174180,1.174280
2026-04-27 20:00:00,1.174270,1.174770,1.173960,1.174650
2026-04-27 21:00:00,1.174630,1.174680,1.173860,1.174110
2026-04-27 22:00:00,1.174090,1.175500,1.174090,1.174530
2026-04-27 23:00:00,1.174510,1.175470,1.173650,1.173860
2026-04-28 00:00:00,1.173830,1.174800,1.173360,1.173650
2026-04-28 01:00:00,1.173620,1.173730,1.173030,1.173110
2026-04-28 02:00:00,1.173070,1.173450,1.172590,1.172790
2026-04-28 03:00:00,1.172790,1.173000,1.172030,1.172420
2026-04-28 04:00:00,1.172410,1.172500,1.171960,1.172010
2026-04-28 05:00:00,1.171990,1.172570,1.171990,1.172110
2026-04-28 06:00:00,1.172090,1.172380,1.172080,1.172100
2026-04-28 07:00:00,1.172080,1.172310,1.172080,1.172140
2026-04-28 08:00:00,1.172130,1.172390,1.172070,1.172280
2026-04-28 09:00:00,1.172280,1.172380,1.172150,1.172290
2026-04-28 10:00:00,1.172300,1.172720,1.171770,1.171920
2026-04-28 11:00:00,1.171920,1.171920,1.171250,1.171320
2026-04-28 12:00:00,1.171320,1.171360,1.170820,1.170850
2026-04-28 13:00:00,1.170860,1.171790,1.170840,1.171400
2026-04-28 14:00:00,1.171390,1.171650,1.171170,1.171230
2026-04-28 15:00:00,1.171240,1.171340,1.170590,1.170630
2026-04-28 16:00:00,1.170610,1.170820,1.168730,1.168830
2026-04-28 17:00:00,1.168820,1.170070,1.168790,1.169860
2026-04-28 18:00:00,1.169840,1.170750,1.169550,1.170230
2026-04-28 19:00:00,1.170210,1.170230,1.168740,1.169280
2026-04-28 20:00:00,1.169270,1.169630,1.169060,1.169330
2026-04-28 21:00:00,1.169310,1.170200,1.168280,1.168420
2026-04-28 22:00:00,1.168400,1.170000,1.167850,1.169730
2026-04-28 23:00:00,1.169710,1.170330,1.168910,1.169810
2026-04-29 00:00:00,1.169790,1.170290,1.169180,1.169970
2026-04-29 01:00:00,1.169900,1.171550,1.169900,1.171390
2026-04-29 02:00:00,1.171370,1.171720,1.170600,1.171090
2026-04-29 03:00:00,1.171060,1.171780,1.170690,1.171360
2026-04-29 04:00:00,1.171320,1.171670,1.171190,1.171230
2026-04-29 05:00:00,1.171210,1.171500,1.170740,1.170970
2026-04-29 06:00:00,1.170950,1.171560,1.170950,1.171320
2026-04-29 07:00:00,1.171320,1.171470,1.171240,1.171330
2026-04-29 08:00:00,1.171320,1.171860,1.171320,1.171600
2026-04-29 09:00:00,1.171600,1.171810,1.171550,1.171770
2026-04-29 10:00:00,1.171780,1.172080,1.171450,1.171690
2026-04-29 11:00:00,1.171690,1.171700,1.170690,1.171150
2026-04-29 12:00:00,1.171170,1.171720,1.170730,1.170790
2026-04-29 13:00:00,1.170800,1.171090,1.170500,1.170600
2026-04-29 14:00:00,1.170610,1.170780,1.170500,1.170570
2026-04-29 15:00:00,1.170570,1.170630,1.169880,1.170130
2026-04-29 16:00:00,1.170150,1.170480,1.169680,1.169970
2026-04-29 17:00:00,1.169970,1.170810,1.169950,1.170630
2026-04-29 18:00:00,1.170610,1.170630,1.169210,1.170090
2026-04-29 19:00:00,1.170070,1.170470,1.169750,1.169760
2026-04-29 20:00:00,1.169740,1.170740,1.169740,1.170730
2026-04-29 21:00:00,1.170710,1.170960,1.169970,1.170180
2026-04-29 22:00:00,1.170150,1.170770,1.169520,1.169920
2026-04-29 23:00:00,1.169890,1.170150,1.168370,1.168820
2026-04-30 00:00:00,1.168790,1.170210,1.168510,1.170110
2026-04-30 01:00:00,1.170080,1.170400,1.168950,1.169490
2026-04-30 02:00:00,1.169460,1.169740,1.168420,1.168500
2026-04-30 03:00:00,1.168490,1.168870,1.168050,1.168780
2026-04-30 04:00:00,1.168850,1.168850,1.166360,1.167230
2026-04-30 05:00:00,1.167190,1.167950,1.166710,1.167650
2026-04-30 06:00:00,1.167640,1.167810,1.167180,1.167550
2026-04-30 07:00:00,1.167540,1.167910,1.167390,1.167420
2026-04-30 08:00:00,1.167420,1.167900,1.167110,1.167800
2026-04-30 09:00:00,1.167800,1.168730,1.167650,1.168520
2026-04-30 10:00:00,1.168530,1.168920,1.167900,1.167940
2026-04-30 11:00:00,1.167950,1.168190,1.167390,1.167470
2026-04-30 12:00:00,1.167480,1.167670,1.166320,1.166650
2026-04-30 13:00:00,1.166670,1.167270,1.166540,1.166600
2026-04-30 14:00:00,1.166600,1.166640,1.165600,1.166010
2026-04-30 15:00:00,1.166030,1.166460,1.165930,1.165980
2026-04-30 16:00:00,1.165970,1.167070,1.165750,1.166990
2026-04-30 17:00:00,1.167010,1.168170,1.166980,1.167900
2026-04-30 18:00:00,1.167920,1.169710,1.167450,1.167850
2026-04-30 19:00:00,1.167860,1.169740,1.167550,1.169550
2026-04-30 20:00:00,1.169540,1.171510,1.168710,1.171450
2026-04-30 21:00:00,1.171420,1.172060,1.170430,1.170570
2026-04-30 22:00:00,1.170550,1.170580,1.168920,1.169390
2026-04-30 23:00:00,1.169370,1.169930,1.168370,1.169400
2026-05-01 00:00:00,1.169430,1.173200,1.168720,1.173070
2026-05-01 01:00:00,1.173070,1.173580,1.172390,1.172960
2026-05-01 02:00:00,1.172950,1.173560,1.172320,1.172620
2026-05-01 03:00:00,1.172580,1.173350,1.172350,1.172640
2026-05-01 04:00:00,1.172670,1.174030,1.172460,1.173870
2026-05-01 05:00:00,1.173800,1.174050,1.173270,1.173680
2026-05-01 06:00:00,1.173510,1.173710,1.173020,1.173230
2026-05-01 07:00:00,1.173170,1.173570,1.172980,1.173430
2026-05-01 08:00:00,1.173510,1.173540,1.172950,1.173150
2026-05-01 09:00:00,1.173190,1.173350,1.172900,1.172920
2026-05-01 10:00:00,1.172920,1.173020,1.172460,1.172880
2026-05-01 11:00:00,1.172820,1.173220,1.172580,1.173100
2026-05-01 12:00:00,1.173130,1.173440,1.172990,1.173280
2026-05-01 13:00:00,1.173410,1.173650,1.173110,1.173130
2026-05-01 14:00:00,1.173110,1.173280,1.172650,1.172700
2026-05-01 15:00:00,1.172680,1.172730,1.172210,1.172230
2026-05-01 16:00:00,1.172290,1.174410,1.171930,1.173980
2026-05-01 17:00:00,1.173600,1.174190,1.173240,1.173350
2026-05-01 18:00:00,1.173580,1.174710,1.173170,1.174380
2026-05-01 19:00:00,1.174320,1.174420,1.173210,1.173240
2026-05-01 20:00:00,1.173180,1.174520,1.173150,1.174400
2026-05-03 21:00:00,1.172450,1.172500,1.172350,1.172390
2026-05-03 22:00:00,1.172370,1.172720,1.172290,1.172690
2026-05-03 23:00:00,1.172670,1.172720,1.171990,1.172660
2026-05-04 00:00:00,1.172630,1.172830,1.171820,1.172320
2026-05-04 01:00:00,1.172290,1.172740,1.172200,1.172720
2026-05-04 02:00:00,1.172700,1.172990,1.171680,1.172060
2026-05-04 03:00:00,1.172040,1.172310,1.171900,1.172150
2026-05-04 04:00:00,1.172010,1.172560,1.171750,1.172320
2026-05-04 05:00:00,1.172320,1.176040,1.171950,1.174800
2026-05-04 06:00:00,1.174200,1.175490,1.171990,1.173260
2026-05-04 07:00:00,1.173920,1.175110,1.171990,1.174160
2026-05-04 08:00:00,1.174090,1.174330,1.172760,1.173250
2026-05-04 09:00:00,1.173240,1.173360,1.172510,1.172610
2026-05-04 10:00:00,1.172540,1.172900,1.172230,1.172660
2026-05-04 11:00:00,1.172680,1.172730,1.172080,1.172410
2026-05-04 12:00:00,1.172540,1.172840,1.172280,1.172790
2026-05-04 13:00:00,1.172780,1.173820,1.172500,1.173740
2026-05-04 14:00:00,1.173770,1.173790,1.172800,1.172890
2026-05-04 15:00:00,1.172880,1.173180,1.172560,1.173160
2026-05-04 16:00:00,1.173160,1.173820,1.172290,1.173000
2026-05-04 17:00:00,1.172860,1.173070,1.171660,1.172090
2026-05-04 18:00:00,1.171720,1.172280,1.171230,1.171970
2026-05-04 19:00:00,1.171980,1.172380,1.171650,1.171790
2026-05-04 20:00:00,1.171710,1.171840,1.168900,1.170450
2026-05-04 21:00:00,1.170580,1.170770,1.169350,1.169470
2026-05-04 22:00:00,1.169310,1.171260,1.169280,1.171200
2026-05-04 23:00:00,1.170590,1.171790,1.170360,1.171450
2026-05-05 00:00:00,1.171470,1.171570,1.170570,1.170860
2026-05-05 01:00:00,1.170660,1.171560,1.169520,1.169900
2026-05-05 02:00:00,1.169900,1.169970,1.168180,1.168230
2026-05-05 03:00:00,1.168260,1.169700,1.168100,1.169460
2026-05-05 04:00:00,1.169330,1.169680,1.168970,1.169270
2026-05-05 05:00:00,1.169720,1.170150,1.169080,1.169490
2026-05-05 06:00:00,1.169450,1.169550,1.168740,1.169150
2026-05-05 07:00:00,1.169120,1.169510,1.168950,1.168950
2026-05-05 08:00:00,1.169130,1.169240,1.168920,1.169030
2026-05-05 09:00:00,1.169060,1.169340,1.169000,1.169200
2026-05-05 10:00:00,1.169210,1.169460,1.168530,1.168670
2026-05-05 11:00:00,1.168600,1.168830,1.168090,1.168640
2026-05-05 12:00:00,1.168680,1.169160,1.168610,1.168800
2026-05-05 13:00:00,1.168760,1.168890,1.168350,1.168400
2026-05-05 14:00:00,1.168420,1.168730,1.167750,1.167790
2026-05-05 15:00:00,1.167750,1.168470,1.167690,1.168200
2026-05-05 16:00:00,1.168330,1.168900,1.168020,1.168620
2026-05-05 17:00:00,1.168660,1.169520,1.168580,1.169060
2026-05-05 18:00:00,1.168970,1.169630,1.168580,1.168880
2026-05-05 19:00:00,1.168720,1.169320,1.168170,1.169030
2026-05-05 20:00:00,1.169010,1.169560,1.168740,1.168940
2026-05-05 21:00:00,1.168920,1.169380,1.168430,1.168920
2026-05-05 22:00:00,1.168910,1.169750,1.168620,1.169300
2026-05-05 23:00:00,1.169280,1.170500,1.169210,1.169790
2026-05-06 00:00:00,1.169880,1.170530,1.169360,1.170480
2026-05-06 01:00:00,1.170410,1.171360,1.170220,1.170790
2026-05-06 02:00:00,1.170830,1.170880,1.169890,1.170080
2026-05-06 03:00:00,1.170070,1.170360,1.169690,1.169860
2026-05-06 04:00:00,1.169840,1.170110,1.169740,1.170060
2026-05-06 05:00:00,1.170040,1.170180,1.169440,1.169560
2026-05-06 06:00:00,1.169520,1.169740,1.169260,1.169310
2026-05-06 07:00:00,1.169330,1.169650,1.169240,1.169410
2026-05-06 08:00:00,1.169370,1.170780,1.169200,1.170500
2026-05-06 09:00:00,1.170510,1.172510,1.170370,1.171580
2026-05-06 10:00:00,1.171570,1.172130,1.171230,1.172010
2026-05-06 11:00:00,1.172050,1.172610,1.171810,1.172230
2026-05-06 12:00:00,1.172240,1.172450,1.171600,1.171720
2026-05-06 13:00:00,1.171750,1.172210,1.171670,1.171730
2026-05-06 14:00:00,1.171760,1.174260,1.171670,1.173890
2026-05-06 15:00:00,1.173900,1.174140,1.173010,1.173280
2026-05-06 16:00:00,1.173230,1.173580,1.172910,1.173350
2026-05-06 17:00:00,1.173380,1.173560,1.172510,1.173510
2026-05-06 18:00:00,1.173420,1.177300,1.173280,1.176430
2026-05-06 19:00:00,1.176440,1.177750,1.175550,1.177560
2026-05-06 20:00:00,1.177580,1.179600,1.176720,1.179100
2026-05-06 21:00:00,1.179230,1.179250,1.176750,1.177140
2026-05-06 22:00:00,1.177100,1.177110,1.175220,1.175370
2026-05-06 23:00:00,1.175370,1.175850,1.174810,1.175300
2026-05-07 00:00:00,1.175180,1.176210,1.174480,1.175650
2026-05-07 01:00:00,1.175710,1.175780,1.174960,1.175590
2026-05-07 02:00:00,1.175540,1.175540,1.174500,1.174520
2026-05-07 03:00:00,1.174550,1.175580,1.174170,1.174830
2026-05-07 04:00:00,1.174810,1.175170,1.174540,1.175170
2026-05-07 05:00:00,1.175170,1.175550,1.174860,1.174930
2026-05-07 06:00:00,1.174980,1.175050,1.174520,1.174890
2026-05-07 07:00:00,1.174890,1.175270,1.174650,1.174960
2026-05-07 08:00:00,1.174970,1.175180,1.174960,1.175030
2026-05-07 09:00:00,1.175060,1.175250,1.174660,1.174810
2026-05-07 10:00:00,1.174740,1.175460,1.174700,1.174890
2026-05-07 11:00:00,1.174840,1.176370,1.174720,1.175970
2026-05-07 12:00:00,1.175980,1.176080,1.175530,1.175670
2026-05-07 13:00:00,1.175690,1.175750,1.174890,1.174900
2026-05-07 14:00:00,1.174910,1.175350,1.174830,1.175140
2026-05-07 15:00:00,1.175130,1.175430,1.175040,1.175140
2026-05-07 16:00:00,1.175160,1.175610,1.174540,1.174870
2026-05-07 17:00:00,1.174870,1.176890,1.174800,1.176700
2026-05-07 18:00:00,1.176680,1.177410,1.176400,1.177030
2026-05-07 19:00:00,1.177050,1.177810,1.176610,1.177030
2026-05-07 20:00:00,1.177080,1.177600,1.176610,1.176940
2026-05-07 21:00:00,1.176920,1.176950,1.176280,1.176890
2026-05-07 22:00:00,1.176710,1.177790,1.176640,1.177480
2026-05-07 23:00:00,1.177400,1.177720,1.176760,1.177060
2026-05-08 00:00:00,1.177030,1.177740,1.176540,1.177730
2026-05-08 01:00:00,1.177700,1.177830,1.176430,1.176460
2026-05-08 02:00:00,1.176500,1.176640,1.175690,1.175980
2026-05-08 03:00:00,1.175940,1.176080,1.173740,1.174850
2026-05-08 04:00:00,1.174790,1.175200,1.174120,1.174960
2026-05-08 05:00:00,1.174950,1.175340,1.173550,1.173580
2026-05-08 06:00:00,1.173630,1.174460,1.172420,1.172430
2026-05-08 07:00:00,1.172430,1.173150,1.172330,1.172700
2026-05-08 08:00:00,1.172700,1.173100,1.172430,1.172580
2026-05-08 09:00:00,1.172590,1.173150,1.172480,1.173060
2026-05-08 10:00:00,1.173070,1.173550,1.172690,1.172900
2026-05-08 11:00:00,1.172870,1.173390,1.172670,1.173310
2026-05-08 12:00:00,1.173260,1.173330,1.172480,1.172880
2026-05-08 13:00:00,1.172830,1.173380,1.172720,1.172980
2026-05-08 14:00:00,1.172970,1.173570,1.172770,1.173470
2026-05-08 15:00:00,1.173500,1.173880,1.173320,1.173870
2026-05-08 16:00:00,1.173850,1.174840,1.173770,1.174540
2026-05-08 17:00:00,1.174540,1.174850,1.174250,1.174280
2026-05-08 18:00:00,1.174300,1.176470,1.174250,1.176250
2026-05-08 19:00:00,1.176180,1.177370,1.176080,1.176920
2026-05-08 20:00:00,1.176830,1.177260,1.176330,1.176380
2026-05-10 21:00:00,1.178420,1.179100,1.178130,1.179070
2026-05-10 22:00:00,1.179040,1.179420,1.178740,1.179390
2026-05-10 23:00:00,1.179370,1.179420,1.178490,1.179320
2026-05-11 00:00:00,1.179290,1.180190,1.177160,1.177310
2026-05-11 01:00:00,1.177290,1.178870,1.176420,1.178840
2026-05-11 02:00:00,1.178820,1.180880,1.177620,1.177780
2026-05-11 03:00:00,1.177760,1.178740,1.177700,1.178480
2026-05-11 04:00:00,1.178600,1.178920,1.178150,1.178450
2026-05-11 05:00:00,1.178400,1.179690,1.177800,1.178510
2026-05-11 06:00:00,1.178480,1.178680,1.174510,1.177590
2026-05-11 07:00:00,1.176210,1.178310,1.175020,1.176400
2026-05-11 08:00:00,1.176380,1.176510,1.175850,1.176440
2026-05-11 09:00:00,1.176410,1.177060,1.176400,1.176760
2026-05-11 10:00:00,1.176760,1.177240,1.176650,1.176980
2026-05-11 11:00:00,1.176910,1.177050,1.176190,1.176250
2026-05-11 12:00:00,1.176270,1.176610,1.176010,1.176060
2026-05-11 13:00:00,1.176040,1.176080,1.175670,1.175700
2026-05-11 14:00:00,1.175710,1.175750,1.175070,1.175080
2026-05-11 15:00:00,1.175090,1.175480,1.174920,1.175020
2026-05-11 16:00:00,1.174990,1.176820,1.174980,1.176790
2026-05-11 17:00:00,1.176780,1.177490,1.176500,1.177050
2026-05-11 18:00:00,1.177070,1.178250,1.177010,1.177260
2026-05-11 19:00:00,1.177320,1.177450,1.176770,1.176790
2026-05-11 20:00:00,1.176800,1.177330,1.176500,1.177070
2026-05-11 21:00:00,1.177060,1.177550,1.176490,1.176730
2026-05-11 22:00:00,1.176700,1.177450,1.176500,1.177210
2026-05-11 23:00:00,1.177220,1.178780,1.177100,1.178530
2026-05-12 00:00:00,1.178530,1.178830,1.178000,1.178020
2026-05-12 01:00:00,1.178030,1.178490,1.177650,1.178140
2026-05-12 02:00:00,1.178130,1.178130,1.177220,1.177310
2026-05-12 03:00:00,1.177340,1.177910,1.177230,1.177820
2026-05-12 04:00:00,1.177820,1.178080,1.177470,1.177600
2026-05-12 05:00:00,1.177590,1.177840,1.177480,1.177680
2026-05-12 06:00:00,1.177600,1.178350,1.177520,1.178270
2026-05-12 07:00:00,1.178250,1.178500,1.177970,1.178460
2026-05-12 08:00:00,1.178450,1.178830,1.178370,1.178540
2026-05-12 09:00:00,1.178540,1.178580,1.177660,1.177880
2026-05-12 10:00:00,1.177890,1.178000,1.176800,1.176840
2026-05-12 11:00:00,1.176830,1.176920,1.175820,1.176270
2026-05-12 12:00:00,1.176270,1.176440,1.175950,1.176300
2026-05-12 13:00:00,1.176310,1.176350,1.175500,1.175510
2026-05-12 14:00:00,1.175560,1.176030,1.175540,1.175810
2026-05-12 15:00:00,1.175820,1.176360,1.175280,1.176280
2026-05-12 16:00:00,1.176250,1.176370,1.175060,1.175150
2026-05-12 17:00:00,1.175140,1.175360,1.174400,1.174740
2026-05-12 18:00:00,1.174720,1.175030,1.174070,1.174640
2026-05-12 19:00:00,1.174610,1.175070,1.174470,1.174880
2026-05-12 20:00:00,1.174860,1.174900,1.174130,1.174180
2026-05-12 21:00:00,1.174250,1.174780,1.173440,1.174540
2026-05-12 22:00:00,1.174510,1.174950,1.173720,1.174850
2026-05-12 23:00:00,1.174820,1.175020,1.172810,1.173010
2026-05-13 00:00:00,1.172910,1.173580,1.172810,1.173520
2026-05-13 01:00:00,1.173430,1.173710,1.172330,1.173340
2026-05-13 02:00:00,1.173320,1.173850,1.172840,1.172880
2026-05-13 03:00:00,1.172940,1.173420,1.172670,1.173340
2026-05-13 04:00:00,1.173310,1.174130,1.172970,1.174110
2026-05-13 05:00:00,1.174090,1.174750,1.174040,1.174160
2026-05-13 06:00:00,1.174170,1.174210,1.173810,1.174090
2026-05-13 07:00:00,1.174060,1.174290,1.173540,1.173900
2026-05-13 08:00:00,1.173910,1.174080,1.173750,1.173990
2026-05-13 09:00:00,1.173990,1.174160,1.173530,1.173530
2026-05-13 10:00:00,1.173550,1.173860,1.173260,1.173810
2026-05-13 11:00:00,1.173740,1.174220,1.173240,1.173840
2026-05-13 12:00:00,1.173870,1.174190,1.173650,1.173790
2026-05-13 13:00:00,1.173810,1.173860,1.173230,1.173480
2026-05-13 14:00:00,1.173510,1.173570,1.173280,1.173450
2026-05-13 15:00:00,1.173450,1.173730,1.173270,1.173430
2026-05-13 16:00:00,1.173420,1.173480,1.171840,1.171890
2026-05-13 17:00:00,1.171880,1.172290,1.170780,1.170810
2026-05-13 18:00:00,1.170860,1.171160,1.170110,1.170320
2026-05-13 19:00:00,1.170240,1.170660,1.169630,1.170630
2026-05-13 20:00:00,1.170530,1.171450,1.170300,1.171300
2026-05-13 21:00:00,1.171280,1.171760,1.171190,1.171230
2026-05-13 22:00:00,1.171290,1.171600,1.169880,1.170170
2026-05-13 23:00:00,1.170140,1.171210,1.170030,1.171180
2026-05-14 00:00:00,1.171150,1.171240,1.170320,1.170880
2026-05-14 01:00:00,1.170860,1.171640,1.170800,1.171230
2026-05-14 02:00:00,1.171210,1.171850,1.170840,1.170870
2026-05-14 03:00:00,1.170870,1.171120,1.170490,1.170600
2026-05-14 04:00:00,1.170590,1.171060,1.170410,1.170910
2026-05-14 05:00:00,1.170900,1.171400,1.170800,1.170990
2026-05-14 06:00:00,1.170990,1.171470,1.170920,1.171390
2026-05-14 07:00:00,1.171390,1.171770,1.171030,1.171570
2026-05-14 08:00:00,1.171540,1.171930,1.171400,1.171780
2026-05-14 09:00:00,1.171800,1.171880,1.171560,1.171590
2026-05-14 10:00:00,1.171600,1.171860,1.171450,1.171720
2026-05-14 11:00:00,1.171730,1.171820,1.171330,1.171360
2026-05-14 12:00:00,1.171400,1.171540,1.171190,1.171340
2026-05-14 13:00:00,1.171330,1.171540,1.170990,1.171300
2026-05-14 14:00:00,1.171360,1.171740,1.171150,1.171470
2026-05-14 15:00:00,1.171470,1.171670,1.171120,1.171150
2026-05-14 16:00:00,1.171210,1.172150,1.170720,1.171870
2026-05-14 17:00:00,1.171830,1.171890,1.170840,1.170940
2026-05-14 18:00:00,1.171140,1.171400,1.170580,1.171140
2026-05-14 19:00:00,1.171120,1.171290,1.170620,1.170920
2026-05-14 20:00:00,1.170900,1.171170,1.170540,1.170940
2026-05-14 21:00:00,1.170920,1.170940,1.169990,1.170150
2026-05-14 22:00:00,1.170200,1.170570,1.169690,1.169750
2026-05-14 23:00:00,1.169770,1.169920,1.168390,1.169250
2026-05-15 00:00:00,1.169210,1.170070,1.168100,1.168190
2026-05-15 01:00:00,1.168380,1.168380,1.167230,1.167800
2026-05-15 02:00:00,1.167790,1.168070,1.167160,1.167530
2026-05-15 03:00:00,1.167420,1.168110,1.167420,1.167810
2026-05-15 04:00:00,1.167800,1.167870,1.167430,1.167700
2026-05-15 05:00:00,1.167670,1.167880,1.166960,1.167090
2026-05-15 06:00:00,1.167060,1.167210,1.166640,1.166980
2026-05-15 07:00:00,1.166920,1.167430,1.166710,1.167060
2026-05-15 08:00:00,1.167070,1.167150,1.166890,1.167010
2026-05-15 09:00:00,1.167040,1.167050,1.166150,1.166240
2026-05-15 10:00:00,1.166210,1.166430,1.165260,1.165610
2026-05-15 11:00:00,1.165540,1.165700,1.164700,1.164710
2026-05-15 12:00:00,1.164730,1.165730,1.164610,1.165410
2026-05-15 13:00:00,1.165460,1.165530,1.165010,1.165210
2026-05-15 14:00:00,1.165220,1.165410,1.164670,1.164750
2026-05-15 15:00:00,1.164720,1.164820,1.163360,1.163380
2026-05-15 16:00:00,1.163420,1.164320,1.163300,1.163540
2026-05-15 17:00:00,1.163610,1.165060,1.163300,1.163810
2026-05-15 18:00:00,1.163970,1.163970,1.163120,1.163270
2026-05-15 19:00:00,1.163220,1.163340,1.161800,1.162830
2026-05-15 20:00:00,1.162800,1.165520,1.162800,1.165140
2026-05-17 21:00:00,1.162500,1.162570,1.162420,1.162460
2026-05-17 22:00:00,1.162430,1.162540,1.162420,1.162520
2026-05-17 23:00:00,1.162490,1.162570,1.162420,1.162460
2026-05-18 00:00:00,1.162440,1.162940,1.162030,1.162480
2026-05-18 01:00:00,1.162460,1.162510,1.162390,1.162420
2026-05-18 02:00:00,1.162400,1.162540,1.162400,1.162440
2026-05-18 03:00:00,1.162420,1.162560,1.162410,1.162500
2026-05-18 04:00:00,1.162500,1.162570,1.162140,1.162460
2026-05-18 05:00:00,1.162480,1.163200,1.161300,1.162460
2026-05-18 06:00:00,1.162370,1.162590,1.161990,1.162450
2026-05-18 07:00:00,1.162460,1.162590,1.161930,1.162400
2026-05-18 08:00:00,1.162390,1.162450,1.162070,1.162300
2026-05-18 09:00:00,1.162310,1.162350,1.161260,1.161400
2026-05-18 10:00:00,1.161370,1.162060,1.160900,1.161100
2026-05-18 11:00:00,1.161060,1.161860,1.160940,1.161840
2026-05-18 12:00:00,1.161840,1.161970,1.161400,1.161570
2026-05-18 13:00:00,1.161540,1.162250,1.161530,1.162220
2026-05-18 14:00:00,1.162220,1.162630,1.161950,1.162090
2026-05-18 15:00:00,1.162080,1.162280,1.161710,1.162260
2026-05-18 16:00:00,1.162230,1.163640,1.162230,1.163610
2026-05-18 17:00:00,1.163590,1.163980,1.163190,1.163310
2026-05-18 18:00:00,1.163340,1.164530,1.162980,1.164200
2026-05-18 19:00:00,1.164170,1.164290,1.163580,1.163600
2026-05-18 20:00:00,1.163620,1.163690,1.162750,1.162810
2026-05-18 21:00:00,1.162920,1.164930,1.162710,1.164130
2026-05-18 22:00:00,1.164170,1.165720,1.164130,1.165090
2026-05-18 23:00:00,1.165110,1.165560,1.164400,1.165280
2026-05-19 00:00:00,1.165470,1.165470,1.164170,1.164320
2026-05-19 01:00:00,1.164450,1.165350,1.163350,1.165040
2026-05-19 02:00:00,1.165110,1.165600,1.164430,1.165450
2026-05-19 03:00:00,1.165410,1.165410,1.164970,1.164980
2026-05-19 04:00:00,1.165000,1.165000,1.162980,1.163120
2026-05-19 05:00:00,1.163340,1.165550,1.162770,1.165250
2026-05-19 06:00:00,1.165350,1.166070,1.165120,1.165640
2026-05-19 07:00:00,1.165590,1.166130,1.165240,1.165960
2026-05-19 08:00:00,1.165960,1.166210,1.165790,1.165820
2026-05-19 09:00:00,1.165830,1.165880,1.165490,1.165500
2026-05-19 10:00:00,1.165530,1.165540,1.164390,1.164450
2026-05-19 11:00:00,1.164470,1.165300,1.164330,1.164780
2026-05-19 12:00:00,1.164760,1.164900,1.164050,1.164340
2026-05-19 13:00:00,1.164340,1.164590,1.164080,1.164210
2026-05-19 14:00:00,1.164200,1.164340,1.163530,1.163630
2026-05-19 15:00:00,1.163630,1.164340,1.163400,1.164230
2026-05-19 16:00:00,1.164200,1.164610,1.163640,1.163780
2026-05-19 17:00:00,1.163760,1.163820,1.163010,1.163540
2026-05-19 18:00:00,1.163550,1.163660,1.162260,1.162380
2026-05-19 19:00:00,1.162350,1.162390,1.161480,1.162050
2026-05-19 20:00:00,1.162010,1.162670,1.161130,1.162190
2026-05-19 21:00:00,1.162170,1.162270,1.161710,1.161890
2026-05-19 22:00:00,1.161850,1.162450,1.161500,1.161900
2026-05-19 23:00:00,1.161960,1.161960,1.160160,1.161490
2026-05-20 00:00:00,1.161460,1.161530,1.159550,1.159920
2026-05-20 01:00:00,1.159890,1.160290,1.159260,1.160270
2026-05-20 02:00:00,1.160250,1.160940,1.159650,1.160770
2026-05-20 03:00:00,1.160750,1.161240,1.160700,1.161160
2026-05-20 04:00:00,1.161100,1.161420,1.160320,1.160390
2026-05-20 05:00:00,1.160470,1.160840,1.160280,1.160630
2026-05-20 06:00:00,1.160590,1.160750,1.160360,1.160710
2026-05-20 07:00:00,1.160680,1.160900,1.160210,1.160840
2026-05-20 08:00:00,1.160840,1.160930,1.160620,1.160900
2026-05-20 09:00:00,1.160860,1.161350,1.160620,1.160690
2026-05-20 10:00:00,1.160800,1.161040,1.160110,1.160180
2026-05-20 11:00:00,1.160280,1.160280,1.159310,1.159680
2026-05-20 12:00:00,1.159730,1.160270,1.159460,1.159860
2026-05-20 13:00:00,1.159850,1.160580,1.159570,1.160210
2026-05-20 14:00:00,1.160230,1.160650,1.159700,1.159780
2026-05-20 15:00:00,1.159810,1.160160,1.159180,1.159520
2026-05-20 16:00:00,1.159490,1.160590,1.159380,1.159710
2026-05-20 17:00:00,1.159630,1.160180,1.159220,1.159430
2026-05-20 18:00:00,1.159410,1.159490,1.158450,1.159140
2026-05-20 19:00:00,1.159070,1.159480,1.158900,1.158960
2026-05-20 20:00:00,1.158930,1.160380,1.158710,1.160100
2026-05-20 21:00:00,1.160120,1.160560,1.159640,1.160090
2026-05-20 22:00:00,1.160020,1.160370,1.159350,1.159440
2026-05-20 23:00:00,1.159600,1.159680,1.158980,1.159050
2026-05-21 00:00:00,1.159100,1.162560,1.158330,1.161930
2026-05-21 01:00:00,1.162130,1.165180,1.161200,1.161900
2026-05-21 02:00:00,1.161960,1.163040,1.161890,1.162370
2026-05-21 03:00:00,1.162430,1.162690,1.161870,1.161930
2026-05-21 04:00:00,1.162040,1.163560,1.161710,1.163320
2026-05-21 05:00:00,1.163380,1.163480,1.162790,1.162810
2026-05-21 06:00:00,1.162860,1.162870,1.162390,1.162600
2026-05-21 07:00:00,1.162570,1.162780,1.162300,1.162530
2026-05-21 08:00:00,1.162570,1.162860,1.162450,1.162710
2026-05-21 09:00:00,1.162680,1.162780,1.162280,1.162550
2026-05-21 10:00:00,1.162530,1.162930,1.162280,1.162910
2026-05-21 11:00:00,1.162870,1.163490,1.162300,1.162570
2026-05-21 12:00:00,1.162600,1.162880,1.161660,1.161910
2026-05-21 13:00:00,1.161900,1.162330,1.161750,1.161970
2026-05-21 14:00:00,1.161960,1.162380,1.161870,1.162310
2026-05-21 15:00:00,1.162300,1.162360,1.161850,1.162240
2026-05-21 16:00:00,1.162210,1.162670,1.161620,1.162040
2026-05-21 17:00:00,1.161990,1.162280,1.159450,1.160710
2026-05-21 18:00:00,1.160730,1.163610,1.160660,1.162290
2026-05-21 19:00:00,1.162260,1.163300,1.162140,1.162740
2026-05-21 20:00:00,1.162710,1.163050,1.160060,1.161090
2026-05-21 21:00:00,1.161030,1.161600,1.159650,1.159750
2026-05-21 22:00:00,1.159740,1.160870,1.159380,1.159920
2026-05-21 23:00:00,1.159980,1.160050,1.157740,1.159380
2026-05-22 00:00:00,1.159520,1.159610,1.158480,1.159460
2026-05-22 01:00:00,1.159510,1.159510,1.158270,1.158890
2026-05-22 02:00:00,1.158850,1.159630,1.158530,1.159610
2026-05-22 03:00:00,1.159570,1.163160,1.159320,1.162520
2026-05-22 04:00:00,1.162700,1.163050,1.160710,1.161140
2026-05-22 05:00:00,1.161080,1.162450,1.160960,1.162360
2026-05-22 06:00:00,1.162320,1.162320,1.161620,1.161790
2026-05-22 07:00:00,1.161740,1.162320,1.161690,1.161910
2026-05-22 08:00:00,1.161930,1.161990,1.161520,1.161790
2026-05-22 09:00:00,1.161800,1.161940,1.161590,1.161700
2026-05-22 10:00:00,1.161750,1.161870,1.161240,1.161520
2026-05-22 11:00:00,1.161490,1.161610,1.161020,1.161060
2026-05-22 12:00:00,1.161120,1.161480,1.160980,1.161150
2026-05-22 13:00:00,1.161100,1.161350,1.160890,1.161200
2026-05-22 14:00:00,1.161180,1.161580,1.161130,1.161510
2026-05-22 15:00:00,1.161520,1.161740,1.160820,1.160880
2026-05-22 16:00:00,1.160970,1.161430,1.160560,1.161050
2026-05-22 17:00:00,1.161030,1.161030,1.160150,1.160930
2026-05-22 18:00:00,1.160890,1.161490,1.160440,1.160770
2026-05-22 19:00:00,1.160720,1.160810,1.159650,1.160490
2026-05-22 20:00:00,1.160480,1.160860,1.159530,1.159680
2026-05-24 21:00:00,1.160880,1.161170,1.160470,1.160620
2026-05-24 22:00:00,1.160600,1.160650,1.160350,1.160400
2026-05-24 23:00:00,1.160380,1.160430,1.160030,1.160130
2026-05-25 00:00:00,1.160110,1.160640,1.160060,1.160350
2026-05-25 01:00:00,1.160330,1.160350,1.160080,1.160190
2026-05-25 02:00:00,1.160190,1.160250,1.159990,1.160060
2026-05-25 03:00:00,1.160060,1.160380,1.160040,1.160200
2026-05-25 04:00:00,1.160210,1.162840,1.159290,1.162680
2026-05-25 05:00:00,1.162430,1.166290,1.158640,1.164320
2026-05-25 06:00:00,1.164220,1.165350,1.158710,1.161600
2026-05-25 07:00:00,1.163060,1.164290,1.159070,1.163430
2026-05-25 08:00:00,1.163410,1.164530,1.163180,1.164190
2026-05-25 09:00:00,1.164270,1.164650,1.164160,1.164180
2026-05-25 10:00:00,1.164230,1.164950,1.163580,1.163660
2026-05-25 11:00:00,1.163800,1.164770,1.163490,1.163920
2026-05-25 12:00:00,1.163910,1.164280,1.163700,1.163730
2026-05-25 13:00:00,1.163790,1.163970,1.163600,1.163720
2026-05-25 14:00:00,1.163690,1.164430,1.163560,1.164410
2026-05-25 15:00:00,1.164370,1.164520,1.163820,1.163920
2026-05-25 16:00:00,1.163900,1.164480,1.163770,1.164030
2026-05-25 17:00:00,1.164050,1.164190,1.163060,1.163680
2026-05-25 18:00:00,1.163640,1.164460,1.163320,1.164440
2026-05-25 19:00:00,1.164410,1.164540,1.164080,1.164120
2026-05-25 20:00:00,1.164170,1.164450,1.164100,1.164320
2026-05-25 21:00:00,1.164260,1.165020,1.164060,1.164460
2026-05-25 22:00:00,1.164520,1.165310,1.164300,1.164800
2026-05-25 23:00:00,1.164820,1.165050,1.163970,1.163980
2026-05-26 00:00:00,1.164000,1.164650,1.163870,1.164170
2026-05-26 01:00:00,1.164230,1.164840,1.164040,1.164280
2026-05-26 02:00:00,1.164350,1.164350,1.163670,1.164100
2026-05-26 03:00:00,1.164110,1.164470,1.164050,1.164290
2026-05-26 04:00:00,1.164320,1.164430,1.164170,1.164280
2026-05-26 05:00:00,1.164320,1.164420,1.164170,1.164300
2026-05-26 06:00:00,1.164280,1.164400,1.164170,1.164340
2026-05-26 07:00:00,1.164350,1.164500,1.163680,1.163980
2026-05-26 08:00:00,1.164010,1.164230,1.163890,1.164110
2026-05-26 09:00:00,1.164160,1.164360,1.163590,1.163710
2026-05-26 10:00:00,1.163700,1.163970,1.163430,1.163960
2026-05-26 11:00:00,1.163950,1.163970,1.163030,1.163340
2026-05-26 12:00:00,1.163360,1.163530,1.163120,1.163360
2026-05-26 13:00:00,1.163360,1.163750,1.163360,1.163620
2026-05-26 14:00:00,1.163590,1.163630,1.163060,1.163140
2026-05-26 15:00:00,1.163110,1.163110,1.162760,1.162830
2026-05-26 16:00:00,1.162800,1.163790,1.162780,1.163500
2026-05-26 17:00:00,1.163550,1.164010,1.162410,1.163820
2026-05-26 18:00:00,1.163790,1.164200,1.163470,1.163720
2026-05-26 19:00:00,1.163800,1.164470,1.163330,1.164230
2026-05-26 20:00:00,1.164260,1.164420,1.163780,1.164320
2026-05-26 21:00:00,1.164280,1.164510,1.163400,1.163480
2026-05-26 22:00:00,1.163540,1.163660,1.163180,1.163280
2026-05-26 23:00:00,1.163220,1.163320,1.161810,1.162470
2026-05-27 00:00:00,1.162390,1.162970,1.162160,1.162500
2026-05-27 01:00:00,1.162500,1.162590,1.161670,1.161980
2026-05-27 02:00:00,1.161990,1.162960,1.161990,1.162360
2026-05-27 03:00:00,1.162400,1.162780,1.162130,1.162340
2026-05-27 04:00:00,1.162340,1.163100,1.162340,1.163030
2026-05-27 05:00:00,1.162990,1.163280,1.162710,1.163150
2026-05-27 06:00:00,1.163200,1.163340,1.163070,1.163220
2026-05-27 07:00:00,1.163180,1.163240,1.162780,1.163110
2026-05-27 08:00:00,1.163140,1.163510,1.163090,1.163340
2026-05-27 09:00:00,1.163350,1.164010,1.163330,1.163660
2026-05-27 10:00:00,1.163690,1.164090,1.163610,1.163810
2026-05-27 11:00:00,1.163840,1.163960,1.163300,1.163430
2026-05-27 12:00:00,1.163420,1.163860,1.163390,1.163830
2026-05-27 13:00:00,1.163810,1.164240,1.163710,1.163900
2026-05-27 14:00:00,1.163890,1.164250,1.163830,1.164070
2026-05-27 15:00:00,1.164070,1.164460,1.163890,1.163970
2026-05-27 16:00:00,1.164000,1.164920,1.163750,1.164540
2026-05-27 17:00:00,1.164510,1.164840,1.164150,1.164300
2026-05-27 18:00:00,1.164290,1.164710,1.163940,1.164510
2026-05-27 19:00:00,1.164410,1.164880,1.164280,1.164670
2026-05-27 20:00:00,1.164710,1.164710,1.163630,1.163910
2026-05-27 21:00:00,1.163880,1.164130,1.163370,1.163690
2026-05-27 22:00:00,1.163650,1.166140,1.163470,1.164780
2026-05-27 23:00:00,1.165110,1.165110,1.163820,1.164040
2026-05-28 00:00:00,1.163950,1.165110,1.162550,1.162610
2026-05-28 01:00:00,1.162710,1.163640,1.162320,1.163020
2026-05-28 02:00:00,1.163000,1.163290,1.162510,1.163200
2026-05-28 03:00:00,1.163210,1.163380,1.162260,1.162790
2026-05-28 04:00:00,1.162800,1.163050,1.162290,1.162960
2026-05-28 05:00:00,1.162990,1.163200,1.162710,1.162770
2026-05-28 06:00:00,1.162800,1.163050,1.162570,1.162580
2026-05-28 07:00:00,1.162610,1.163160,1.162410,1.162930
2026-05-28 08:00:00,1.162780,1.163070,1.162590,1.162670
2026-05-28 09:00:00,1.162660,1.162860,1.161600,1.161760
2026-05-28 10:00:00,1.161790,1.162380,1.161680,1.162070
2026-05-28 11:00:00,1.161950,1.162170,1.160970,1.160990
2026-05-28 12:00:00,1.161020,1.161570,1.160970,1.161270
2026-05-28 13:00:00,1.161250,1.161400,1.158740,1.158860
2026-05-28 14:00:00,1.158840,1.159290,1.158650,1.159220
2026-05-28 15:00:00,1.159190,1.160210,1.158880,1.160040
2026-05-28 16:00:00,1.160020,1.161240,1.159930,1.161230
2026-05-28 17:00:00,1.161180,1.161740,1.160980,1.161170
2026-05-28 18:00:00,1.161220,1.161640,1.160680,1.161620
2026-05-28 19:00:00,1.161540,1.161930,1.161310,1.161340
2026-05-28 20:00:00,1.161360,1.161600,1.160480,1.160550
2026-05-28 21:00:00,1.160670,1.162290,1.160430,1.162220
2026-05-28 22:00:00,1.162210,1.163820,1.161590,1.163700
2026-05-28 23:00:00,1.163690,1.164310,1.162950,1.163130
2026-05-29 00:00:00,1.163110,1.165720,1.161730,1.164560
2026-05-29 01:00:00,1.164610,1.165680,1.164610,1.164960
2026-05-29 02:00:00,1.165010,1.166000,1.164630,1.165680
2026-05-29 03:00:00,1.165730,1.165780,1.165120,1.165310
2026-05-29 04:00:00,1.165330,1.165500,1.164700,1.164830
2026-05-29 05:00:00,1.164920,1.165170,1.164650,1.164750
2026-05-29 06:00:00,1.164790,1.165020,1.164470,1.165010
2026-05-29 07:00:00,1.164990,1.165390,1.164860,1.165210
2026-05-29 08:00:00,1.165190,1.165310,1.165030,1.165050
2026-05-29 09:00:00,1.165080,1.165360,1.164930,1.165280
2026-05-29 10:00:00,1.165250,1.165550,1.164750,1.164810
2026-05-29 11:00:00,1.164810,1.165660,1.164350,1.164380
2026-05-29 12:00:00,1.164420,1.164970,1.164390,1.164510
2026-05-29 13:00:00,1.164570,1.164570,1.163620,1.163710
2026-05-29 14:00:00,1.163680,1.163990,1.163410,1.163920
2026-05-29 15:00:00,1.163900,1.164400,1.163820,1.164250
2026-05-29 16:00:00,1.164220,1.165420,1.164150,1.165410
2026-05-29 17:00:00,1.165350,1.165470,1.163800,1.164240
2026-05-29 18:00:00,1.164210,1.164250,1.162560,1.162700
2026-05-29 19:00:00,1.162600,1.164240,1.162600,1.164200
2026-05-29 20:00:00,1.164100,1.164590,1.163830,1.164300
2026-05-31 21:00:00,1.165910,1.165980,1.165750,1.165820
2026-05-31 22:00:00,1.165800,1.165850,1.165780,1.165820
2026-05-31 23:00:00,1.165800,1.166210,1.165680,1.165890
2026-06-01 00:00:00,1.165860,1.166130,1.165790,1.165860
2026-06-01 01:00:00,1.165860,1.166180,1.165720,1.166030
2026-06-01 02:00:00,1.166000,1.166110,1.165830,1.165980
2026-06-01 03:00:00,1.165980,1.166110,1.165930,1.166010
2026-06-01 04:00:00,1.166020,1.166520,1.165870,1.166480
2026-06-01 05:00:00,1.166390,1.166700,1.165500,1.166040
2026-06-01 06:00:00,1.166070,1.166290,1.165430,1.165930
2026-06-01 07:00:00,1.165760,1.166170,1.165540,1.166030
2026-06-01 08:00:00,1.165970,1.166080,1.165160,1.165520
2026-06-01 09:00:00,1.165500,1.165620,1.164850,1.164880
2026-06-01 10:00:00,1.164940,1.165310,1.164470,1.164850
2026-06-01 11:00:00,1.164830,1.164830,1.164210,1.164430
2026-06-01 12:00:00,1.164380,1.164720,1.164370,1.164690
2026-06-01 13:00:00,1.164670,1.164910,1.164170,1.164420
2026-06-01 14:00:00,1.164400,1.164890,1.164370,1.164790
2026-06-01 15:00:00,1.164760,1.165350,1.164710,1.165130
2026-06-01 16:00:00,1.165150,1.166430,1.165030,1.166420
2026-06-01 17:00:00,1.166340,1.166500,1.165220,1.165640
2026-06-01 18:00:00,1.165740,1.166020,1.165410,1.165730
2026-06-01 19:00:00,1.165660,1.166100,1.164850,1.165090
2026-06-01 20:00:00,1.165050,1.165150,1.164630,1.164660
2026-06-01 21:00:00,1.164700,1.164820,1.164190,1.164750
2026-06-01 22:00:00,1.164740,1.165060,1.164590,1.164800
2026-06-01 23:00:00,1.164780,1.164880,1.161120,1.161320
2026-06-02 00:00:00,1.161290,1.161880,1.160750,1.161720
2026-06-02 01:00:00,1.161660,1.162730,1.161620,1.162350
2026-06-02 02:00:00,1.162380,1.163020,1.161690,1.162890
2026-06-02 03:00:00,1.162930,1.163740,1.162220,1.163490
2026-06-02 04:00:00,1.163550,1.163610,1.163130,1.163240
2026-06-02 05:00:00,1.163220,1.163400,1.162710,1.163150
2026-06-02 06:00:00,1.163090,1.163440,1.163050,1.163250
2026-06-02 07:00:00,1.163230,1.163680,1.163100,1.163490
2026-06-02 08:00:00,1.163540,1.163590,1.163250,1.163450
2026-06-02 09:00:00,1.163440,1.163660,1.163330,1.163560
2026-06-02 10:00:00,1.163540,1.163580,1.162930,1.163100
2026-06-02 11:00:00,1.163090,1.163720,1.162890,1.163220
2026-06-02 12:00:00,1.163190,1.163460,1.163050,1.163130
2026-06-02 13:00:00,1.163110,1.163550,1.163070,1.163500
2026-06-02 14:00:00,1.163470,1.163920,1.163400,1.163890
2026-06-02 15:00:00,1.163870,1.163990,1.163640,1.163800
2026-06-02 16:00:00,1.163780,1.165260,1.163700,1.165030
2026-06-02 17:00:00,1.164980,1.165200,1.164460,1.164950
2026-06-02 18:00:00,1.164930,1.165280,1.164250,1.164310
2026-06-02 19:00:00,1.164280,1.164510,1.164080,1.164220
2026-06-02 20:00:00,1.164200,1.164660,1.163850,1.164390
2026-06-02 21:00:00,1.164360,1.165280,1.164360,1.165010
2026-06-02 22:00:00,1.165080,1.165530,1.164840,1.165060
2026-06-02 23:00:00,1.165030,1.165240,1.164040,1.164420
2026-06-03 00:00:00,1.164380,1.164990,1.163720,1.164370
2026-06-03 01:00:00,1.164420,1.164480,1.163600,1.164090
2026-06-03 02:00:00,1.164100,1.164200,1.162740,1.162920
2026-06-03 03:00:00,1.162870,1.162990,1.162050,1.162200
2026-06-03 04:00:00,1.162160,1.162990,1.161390,1.162870
2026-06-03 05:00:00,1.162900,1.163330,1.162830,1.163180
2026-06-03 06:00:00,1.163220,1.163520,1.163030,1.163180
2026-06-03 07:00:00,1.163170,1.163350,1.162820,1.163130
2026-06-03 08:00:00,1.163220,1.163220,1.162700,1.162750
2026-06-03 09:00:00,1.162820,1.162820,1.161980,1.162210
2026-06-03 10:00:00,1.162210,1.163060,1.162100,1.162930
2026-06-03 11:00:00,1.162910,1.163330,1.162630,1.162870
2026-06-03 12:00:00,1.162880,1.163210,1.162550,1.162840
2026-06-03 13:00:00,1.162820,1.162980,1.162660,1.162810
2026-06-03 14:00:00,1.162780,1.162840,1.162450,1.162630
2026-06-03 15:00:00,1.162610,1.162750,1.161910,1.161960
2026-06-03 16:00:00,1.162050,1.162260,1.161260,1.161720
2026-06-03 17:00:00,1.161700,1.162430,1.161350,1.161720
2026-06-03 18:00:00,1.161800,1.161800,1.160560,1.160950
2026-06-03 19:00:00,1.160930,1.161630,1.160860,1.161340
2026-06-03 20:00:00,1.161290,1.162330,1.161290,1.161640
2026-06-03 21:00:00,1.161630,1.162260,1.161600,1.161710
2026-06-03 22:00:00,1.161720,1.161840,1.159840,1.160040
2026-06-03 23:00:00,1.159980,1.160680,1.159760,1.160340
2026-06-04 00:00:00,1.160330,1.161240,1.159500,1.161190
2026-06-04 01:00:00,1.161100,1.161240,1.160290,1.160450
2026-06-04 02:00:00,1.160480,1.160500,1.159510,1.160020
2026-06-04 03:00:00,1.160060,1.160310,1.159680,1.159820
2026-06-04 04:00:00,1.159850,1.159990,1.159570,1.159820
2026-06-04 05:00:00,1.159850,1.160080,1.159730,1.159780
2026-06-04 06:00:00,1.159840,1.160070,1.159700,1.159840
2026-06-04 07:00:00,1.159870,1.160200,1.159710,1.159890
2026-06-04 08:00:00,1.159900,1.161080,1.159490,1.160500
2026-06-04 09:00:00,1.160550,1.161140,1.160090,1.161130
2026-06-04 10:00:00,1.161100,1.161220,1.160550,1.160660
2026-06-04 11:00:00,1.160630,1.161040,1.160400,1.160960
2026-06-04 12:00:00,1.160910,1.161140,1.160640,1.161030
2026-06-04 13:00:00,1.161040,1.161040,1.160270,1.160610
2026-06-04 14:00:00,1.160590,1.161240,1.160420,1.161000
2026-06-04 15:00:00,1.160970,1.161060,1.160560,1.160980
2026-06-04 16:00:00,1.160950,1.161510,1.160780,1.160910
2026-06-04 17:00:00,1.160900,1.161220,1.159880,1.160420
2026-06-04 18:00:00,1.160350,1.161500,1.160340,1.161330
2026-06-04 19:00:00,1.161280,1.162820,1.161270,1.162560
2026-06-04 20:00:00,1.162600,1.163360,1.162560,1.163070
2026-06-04 21:00:00,1.163090,1.164510,1.163030,1.164290
2026-06-04 22:00:00,1.164280,1.164440,1.163560,1.163870
2026-06-04 23:00:00,1.163940,1.164040,1.163400,1.163790
2026-06-05 00:00:00,1.163770,1.164000,1.162950,1.163140
2026-06-05 01:00:00,1.163130,1.163130,1.162280,1.162960
2026-06-05 02:00:00,1.162940,1.163010,1.162360,1.162380
2026-06-05 03:00:00,1.162410,1.162430,1.161950,1.162140
2026-06-05 04:00:00,1.162110,1.162250,1.161370,1.161490
2026-06-05 05:00:00,1.161450,1.161640,1.161060,1.161310
2026-06-05 06:00:00,1.161290,1.161340,1.160820,1.161090
2026-06-05 07:00:00,1.161150,1.161640,1.160980,1.161400
2026-06-05 08:00:00,1.161410,1.161430,1.161100,1.161220
2026-06-05 09:00:00,1.161200,1.161490,1.161190,1.161230
2026-06-05 10:00:00,1.161240,1.161430,1.161120,1.161350
2026-06-05 11:00:00,1.161330,1.161560,1.161000,1.161480
2026-06-05 12:00:00,1.161440,1.161690,1.161260,1.161550
2026-06-05 13:00:00,1.161530,1.161580,1.161370,1.161480
2026-06-05 14:00:00,1.161450,1.161720,1.161390,1.161680
2026-06-05 15:00:00,1.161660,1.161940,1.161490,1.161570
2026-06-05 16:00:00,1.161600,1.162310,1.161290,1.162240
2026-06-05 17:00:00,1.162210,1.163700,1.162170,1.163430
2026-06-05 18:00:00,1.163390,1.164010,1.163210,1.163750
2026-06-05 19:00:00,1.163730,1.164440,1.163480,1.163900
2026-06-05 20:00:00,1.163930,1.164480,1.163860,1.164020
2026-06-07 21:00:00,1.152340,1.152420,1.152230,1.152370
2026-06-07 22:00:00,1.152370,1.152420,1.152350,1.152370
2026-06-07 23:00:00,1.152370,1.152460,1.152060,1.152330
2026-06-08 00:00:00,1.152340,1.152380,1.151440,1.151550
2026-06-08 01:00:00,1.151560,1.151910,1.151370,1.151830
2026-06-08 02:00:00,1.151840,1.152370,1.151670,1.152200
2026-06-08 03:00:00,1.152210,1.152410,1.152090,1.152130
2026-06-08 04:00:00,1.152140,1.152290,1.152100,1.152130
2026-06-08 05:00:00,1.152130,1.152640,1.151190,1.151330
2026-06-08 06:00:00,1.151570,1.152490,1.150990,1.152100
2026-06-08 07:00:00,1.151710,1.152420,1.150910,1.150930
2026-06-08 08:00:00,1.150950,1.151910,1.150870,1.151400
2026-06-08 09:00:00,1.151390,1.152280,1.151370,1.152200
2026-06-08 10:00:00,1.152220,1.153340,1.152130,1.153310
2026-06-08 11:00:00,1.153290,1.153490,1.151280,1.152570
2026-06-08 12:00:00,1.152530,1.153150,1.152070,1.153110
2026-06-08 13:00:00,1.153050,1.153270,1.152600,1.153250
2026-06-08 14:00:00,1.153220,1.153400,1.153020,1.153120
2026-06-08 15:00:00,1.153080,1.154000,1.151780,1.151800
2026-06-08 16:00:00,1.151810,1.152510,1.151410,1.151590
2026-06-08 17:00:00,1.151720,1.152690,1.151490,1.151820
2026-06-08 18:00:00,1.151970,1.152260,1.150850,1.151020
2026-06-08 19:00:00,1.150980,1.151420,1.150020,1.151370
2026-06-08 20:00:00,1.151350,1.152800,1.151060,1.152530
2026-06-08 21:00:00,1.152500,1.154450,1.152380,1.153670
2026-06-08 22:00:00,1.153740,1.154440,1.153550,1.154100
2026-06-08 23:00:00,1.154000,1.155480,1.154000,1.154280
2026-06-09 00:00:00,1.154340,1.154450,1.153230,1.154180
2026-06-09 01:00:00,1.154120,1.154730,1.153680,1.154540
2026-06-09 02:00:00,1.154580,1.154630,1.153950,1.154020
2026-06-09 03:00:00,1.154140,1.154150,1.153580,1.153850
2026-06-09 04:00:00,1.153880,1.154250,1.152920,1.152960
2026-06-09 05:00:00,1.153020,1.153460,1.152800,1.153150
2026-06-09 06:00:00,1.153130,1.153370,1.153030,1.153280
2026-06-09 07:00:00,1.153270,1.154130,1.153230,1.153630
2026-06-09 08:00:00,1.153660,1.153710,1.153260,1.153400
2026-06-09 09:00:00,1.153380,1.153550,1.152790,1.152890
2026-06-09 10:00:00,1.152870,1.153180,1.152720,1.153140
2026-06-09 11:00:00,1.153070,1.153960,1.153070,1.153930
2026-06-09 12:00:00,1.153890,1.154070,1.153700,1.153790
2026-06-09 13:00:00,1.153830,1.154030,1.153510,1.153730
2026-06-09 14:00:00,1.153660,1.154840,1.153660,1.154630
2026-06-09 15:00:00,1.154610,1.154790,1.153960,1.154570
2026-06-09 16:00:00,1.154550,1.155380,1.154330,1.154680
2026-06-09 17:00:00,1.154640,1.154640,1.153770,1.153990
2026-06-09 18:00:00,1.154040,1.155270,1.153700,1.155090
2026-06-09 19:00:00,1.155180,1.156340,1.155030,1.156180
2026-06-09 20:00:00,1.156220,1.156870,1.155990,1.156540
2026-06-09 21:00:00,1.156610,1.157420,1.156520,1.157410
2026-06-09 22:00:00,1.157390,1.157580,1.156890,1.157460
2026-06-09 23:00:00,1.157420,1.157810,1.156420,1.156690
2026-06-10 00:00:00,1.156730,1.157330,1.155840,1.156330
2026-06-10 01:00:00,1.156290,1.156700,1.154630,1.155670
2026-06-10 02:00:00,1.155600,1.155780,1.152860,1.153940
2026-06-10 03:00:00,1.153850,1.155350,1.153850,1.154770
2026-06-10 04:00:00,1.154810,1.155320,1.154630,1.155050
2026-06-10 05:00:00,1.155010,1.155070,1.154000,1.154130
2026-06-10 06:00:00,1.154160,1.154550,1.154070,1.154420
2026-06-10 07:00:00,1.154410,1.154740,1.153580,1.153890
2026-06-10 08:00:00,1.153910,1.154100,1.153630,1.153710
2026-06-10 09:00:00,1.153700,1.154000,1.153350,1.153390
2026-06-10 10:00:00,1.153450,1.154290,1.153320,1.154270
2026-06-10 11:00:00,1.154200,1.154270,1.153580,1.153840
2026-06-10 12:00:00,1.153820,1.154550,1.153710,1.154310
2026-06-10 13:00:00,1.154280,1.155190,1.154210,1.155070
2026-06-10 14:00:00,1.155040,1.155120,1.154470,1.154640
2026-06-10 15:00:00,1.154610,1.155580,1.154560,1.155410
2026-06-10 16:00:00,1.155390,1.155840,1.154960,1.155050
2026-06-10 17:00:00,1.155120,1.155890,1.154720,1.155420
2026-06-10 18:00:00,1.155390,1.155450,1.154850,1.155140
2026-06-10 19:00:00,1.155120,1.155980,1.155080,1.155790
2026-06-10 20:00:00,1.155730,1.156010,1.155080,1.155220
2026-06-10 21:00:00,1.155270,1.155350,1.153540,1.153680
2026-06-10 22:00:00,1.153730,1.156320,1.153630,1.155010
2026-06-10 23:00:00,1.155090,1.157300,1.154790,1.156260
2026-06-11 00:00:00,1.156320,1.156640,1.155080,1.155260
2026-06-11 01:00:00,1.155210,1.155760,1.153890,1.154920
2026-06-11 02:00:00,1.154870,1.155940,1.154820,1.155330
2026-06-11 03:00:00,1.155350,1.155640,1.154480,1.155180
2026-06-11 04:00:00,1.155230,1.155850,1.154850,1.154960
2026-06-11 05:00:00,1.155010,1.155030,1.154110,1.154150
2026-06-11 06:00:00,1.154180,1.154210,1.153500,1.153610
2026-06-11 07:00:00,1.153590,1.154020,1.153510,1.153620
2026-06-11 08:00:00,1.153610,1.153680,1.152840,1.153040
2026-06-11 09:00:00,1.153200,1.153850,1.152600,1.153420
2026-06-11 10:00:00,1.153450,1.154340,1.153390,1.154270
2026-06-11 11:00:00,1.154240,1.155620,1.154200,1.155360
2026-06-11 12:00:00,1.155390,1.155460,1.154610,1.154790
2026-06-11 13:00:00,1.154820,1.154910,1.154450,1.154530
2026-06-11 14:00:00,1.154560,1.155060,1.154250,1.154830
2026-06-11 15:00:00,1.154850,1.155170,1.154560,1.154820
2026-06-11 16:00:00,1.154790,1.154810,1.154030,1.154220
2026-06-11 17:00:00,1.154200,1.155520,1.154100,1.154650
2026-06-11 18:00:00,1.154640,1.154640,1.153120,1.153290
2026-06-11 19:00:00,1.153330,1.153710,1.152990,1.153410
2026-06-11 20:00:00,1.153440,1.153510,1.152370,1.153140
2026-06-11 21:00:00,1.153140,1.154150,1.153110,1.153900
2026-06-11 22:00:00,1.153850,1.154310,1.151800,1.153740
2026-06-11 23:00:00,1.153860,1.154040,1.151810,1.153030
2026-06-12 00:00:00,1.153080,1.153110,1.151520,1.151810
2026-06-12 01:00:00,1.151770,1.152480,1.151440,1.151470
2026-06-12 02:00:00,1.151530,1.151580,1.150790,1.150880
2026-06-12 03:00:00,1.150940,1.156340,1.150280,1.155190
2026-06-12 04:00:00,1.155150,1.156600,1.154230,1.156200
2026-06-12 05:00:00,1.156150,1.158800,1.155940,1.157980
2026-06-12 06:00:00,1.157980,1.158350,1.157650,1.157900
2026-06-12 07:00:00,1.157920,1.158190,1.157640,1.157730
2026-06-12 08:00:00,1.157730,1.158480,1.157330,1.158470
2026-06-12 09:00:00,1.158420,1.158600,1.157470,1.157500
2026-06-12 10:00:00,1.157530,1.157620,1.156620,1.156830
2026-06-12 11:00:00,1.156890,1.157030,1.156160,1.156390
2026-06-12 12:00:00,1.156370,1.157020,1.156290,1.156750
2026-06-12 13:00:00,1.156730,1.157490,1.156520,1.157210
2026-06-12 14:00:00,1.157170,1.157550,1.156870,1.157140
2026-06-12 15:00:00,1.157190,1.157350,1.155780,1.155820
2026-06-12 16:00:00,1.155890,1.157390,1.155680,1.157370
2026-06-12 17:00:00,1.157310,1.157370,1.155700,1.156620
2026-06-12 18:00:00,1.156520,1.158470,1.156520,1.157670
2026-06-12 19:00:00,1.157610,1.158920,1.157390,1.158500
2026-06-12 20:00:00,1.158510,1.158600,1.157030,1.157430
2026-06-14 21:00:00,1.157490,1.157540,1.157030,1.157170
2026-06-14 22:00:00,1.157180,1.157230,1.157160,1.157170
2026-06-14 23:00:00,1.157180,1.157370,1.156430,1.156680
2026-06-15 00:00:00,1.156690,1.156850,1.156650,1.156660
2026-06-15 01:00:00,1.156670,1.156970,1.156460,1.156830
2026-06-15 02:00:00,1.156840,1.156930,1.156520,1.156580
2026-06-15 03:00:00,1.156590,1.157310,1.156190,1.156670
2026-06-15 04:00:00,1.156670,1.156790,1.156490,1.156720
2026-06-15 05:00:00,1.156710,1.158020,1.156450,1.157180
2026-06-15 06:00:00,1.157090,1.158520,1.155760,1.155820
2026-06-15 07:00:00,1.155870,1.160710,1.155870,1.160570
2026-06-15 08:00:00,1.160420,1.161790,1.160420,1.160940
2026-06-15 09:00:00,1.160980,1.160980,1.160280,1.160310
2026-06-15 10:00:00,1.160360,1.161170,1.159880,1.159910
2026-06-15 11:00:00,1.159940,1.160150,1.159500,1.159780
2026-06-15 12:00:00,1.159890,1.160220,1.159420,1.159970
2026-06-15 13:00:00,1.159940,1.160560,1.159850,1.160560
2026-06-15 14:00:00,1.160540,1.161360,1.160340,1.161270
2026-06-15 15:00:00,1.161210,1.162220,1.161210,1.161680
2026-06-15 16:00:00,1.161550,1.161790,1.160090,1.160520
2026-06-15 17:00:00,1.160570,1.161160,1.160190,1.160670
2026-06-15 18:00:00,1.160630,1.161050,1.159690,1.160150
2026-06-15 19:00:00,1.160140,1.161050,1.160010,1.160700
2026-06-15 20:00:00,1.160650,1.161460,1.160380,1.161210
2026-06-15 21:00:00,1.161200,1.161430,1.160640,1.161020
2026-06-15 22:00:00,1.161100,1.161940,1.160490,1.161400
2026-06-15 23:00:00,1.161470,1.162050,1.161260,1.161670
2026-06-16 00:00:00,1.161600,1.161890,1.160590,1.160760
2026-06-16 01:00:00,1.160820,1.160970,1.159680,1.159910
2026-06-16 02:00:00,1.159880,1.160580,1.159770,1.160540
2026-06-16 03:00:00,1.160500,1.160520,1.159840,1.159870
2026-06-16 04:00:00,1.159920,1.160310,1.159420,1.159470
2026-06-16 05:00:00,1.159550,1.159670,1.158480,1.158550
2026-06-16 06:00:00,1.158670,1.159030,1.158400,1.158980
2026-06-16 07:00:00,1.158960,1.160130,1.158830,1.159100
2026-06-16 08:00:00,1.159080,1.159180,1.158550,1.158900
2026-06-16 09:00:00,1.158880,1.159400,1.158860,1.159150
2026-06-16 10:00:00,1.159200,1.159310,1.158810,1.159280
2026-06-16 11:00:00,1.159190,1.159490,1.158710,1.158750
2026-06-16 12:00:00,1.158810,1.158950,1.158290,1.158830
2026-06-16 13:00:00,1.158790,1.158870,1.158430,1.158710
2026-06-16 14:00:00,1.158690,1.158730,1.157620,1.157920
2026-06-16 15:00:00,1.157890,1.158120,1.157540,1.157600
2026-06-16 16:00:00,1.157580,1.158750,1.157460,1.158610
2026-06-16 17:00:00,1.158610,1.159530,1.158560,1.159510
2026-06-16 18:00:00,1.159470,1.160660,1.159340,1.160650
2026-06-16 19:00:00,1.160630,1.160910,1.159990,1.160240
2026-06-16 20:00:00,1.160210,1.161250,1.160070,1.161190
2026-06-16 21:00:00,1.161110,1.161240,1.159760,1.159960
2026-06-16 22:00:00,1.159910,1.160180,1.159230,1.160000
2026-06-16 23:00:00,1.159940,1.160280,1.159110,1.159150
2026-06-17 00:00:00,1.159230,1.160850,1.158750,1.160830
2026-06-17 01:00:00,1.160780,1.161830,1.160070,1.161740
2026-06-17 02:00:00,1.161710,1.161940,1.161130,1.161370
2026-06-17 03:00:00,1.161400,1.161460,1.161040,1.161100
2026-06-17 04:00:00,1.161120,1.161450,1.160660,1.161110
2026-06-17 05:00:00,1.161100,1.161380,1.160580,1.160800
2026-06-17 06:00:00,1.160740,1.161020,1.160660,1.160870
2026-06-17 07:00:00,1.160860,1.161310,1.160780,1.160960
2026-06-17 08:00:00,1.160950,1.161360,1.160940,1.161280
2026-06-17 09:00:00,1.161250,1.161530,1.160940,1.160970
2026-06-17 10:00:00,1.161000,1.161690,1.160910,1.161430
2026-06-17 11:00:00,1.161360,1.161650,1.161080,1.161280
2026-06-17 12:00:00,1.161250,1.161530,1.161010,1.161110
2026-06-17 13:00:00,1.161090,1.161250,1.160870,1.161110
2026-06-17 14:00:00,1.161100,1.161370,1.161040,1.161190
2026-06-17 15:00:00,1.161190,1.161540,1.161060,1.161260
2026-06-17 16:00:00,1.161240,1.161500,1.160440,1.160750
2026-06-17 17:00:00,1.160710,1.161550,1.160500,1.160840
2026-06-17 18:00:00,1.160800,1.160830,1.159850,1.160260
2026-06-17 19:00:00,1.160240,1.160630,1.160050,1.160440
2026-06-17 20:00:00,1.160370,1.160500,1.159580,1.159680
2026-06-17 21:00:00,1.159700,1.159740,1.158550,1.159070
2026-06-17 22:00:00,1.158990,1.160310,1.158990,1.160260
2026-06-17 23:00:00,1.160210,1.160340,1.159600,1.159880
2026-06-18 00:00:00,1.159820,1.159970,1.158410,1.159050
2026-06-18 01:00:00,1.159040,1.159470,1.158790,1.159300
2026-06-18 02:00:00,1.159300,1.159330,1.158910,1.159140
2026-06-18 03:00:00,1.159170,1.159640,1.158960,1.159570
2026-06-18 04:00:00,1.159580,1.160730,1.153620,1.153840
2026-06-18 05:00:00,1.154010,1.154260,1.147780,1.149400
2026-06-18 06:00:00,1.149480,1.150580,1.148790,1.150210
2026-06-18 07:00:00,1.150160,1.150470,1.150050,1.150390
2026-06-18 08:00:00,1.150370,1.150600,1.150070,1.150520
2026-06-18 09:00:00,1.150490,1.150870,1.150360,1.150690
2026-06-18 10:00:00,1.150670,1.152120,1.150460,1.151670
2026-06-18 11:00:00,1.151640,1.152270,1.151580,1.151660
2026-06-18 12:00:00,1.151730,1.152160,1.151320,1.151830
2026-06-18 13:00:00,1.151860,1.152430,1.151780,1.152390
2026-06-18 14:00:00,1.152360,1.152620,1.152090,1.152360
2026-06-18 15:00:00,1.152450,1.152490,1.151050,1.151080
2026-06-18 16:00:00,1.151130,1.152970,1.150990,1.152070
2026-06-18 17:00:00,1.152050,1.152140,1.150660,1.151300
2026-06-18 18:00:00,1.151320,1.151470,1.148250,1.148270
2026-06-18 19:00:00,1.148320,1.148530,1.147440,1.147900
2026-06-18 20:00:00,1.147880,1.147950,1.145970,1.146040
2026-06-18 21:00:00,1.146140,1.146750,1.145480,1.145610
2026-06-18 22:00:00,1.145680,1.148160,1.145420,1.147110
2026-06-18 23:00:00,1.147070,1.148320,1.146280,1.147230
2026-06-19 00:00:00,1.147280,1.148710,1.146830,1.148670
2026-06-19 01:00:00,1.148610,1.148930,1.147050,1.147240
2026-06-19 02:00:00,1.147220,1.147310,1.146200,1.146440
2026-06-19 03:00:00,1.146360,1.147370,1.146280,1.146310
2026-06-19 04:00:00,1.146370,1.146570,1.145910,1.145970
2026-06-19 05:00:00,1.145990,1.146290,1.145130,1.145850
2026-06-19 06:00:00,1.145890,1.146360,1.145660,1.145780
2026-06-19 07:00:00,1.145760,1.146500,1.145560,1.146310
2026-06-19 08:00:00,1.146280,1.146340,1.145880,1.146320
2026-06-19 09:00:00,1.146280,1.146450,1.145720,1.145790
2026-06-19 10:00:00,1.145760,1.146480,1.145610,1.146440
2026-06-19 11:00:00,1.146400,1.146400,1.145270,1.145320
2026-06-19 12:00:00,1.145390,1.145810,1.145170,1.145510
2026-06-19 13:00:00,1.145490,1.145540,1.144220,1.144280
2026-06-19 14:00:00,1.144380,1.144380,1.142770,1.142810
2026-06-19 15:00:00,1.142830,1.143380,1.141800,1.142990
2026-06-19 16:00:00,1.143000,1.144180,1.142950,1.144140
2026-06-19 17:00:00,1.144070,1.144910,1.144070,1.144740
2026-06-19 18:00:00,1.144680,1.146590,1.144680,1.146410
2026-06-19 19:00:00,1.146380,1.146510,1.145840,1.146030
2026-06-19 20:00:00,1.146130,1.146360,1.145250,1.146330
2026-06-21 21:00:00,1.147540,1.147600,1.147260,1.147350
2026-06-21 22:00:00,1.147360,1.147410,1.147340,1.147350
2026-06-21 23:00:00,1.147360,1.147490,1.147170,1.147250
2026-06-22 00:00:00,1.147260,1.147310,1.147210,1.147220
2026-06-22 01:00:00,1.147220,1.147360,1.147040,1.147100
2026-06-22 02:00:00,1.147100,1.147340,1.147040,1.147100
2026-06-22 03:00:00,1.147100,1.147620,1.146970,1.147360
2026-06-22 04:00:00,1.147350,1.147950,1.146910,1.147780
2026-06-22 05:00:00,1.147420,1.148300,1.144710,1.145870
2026-06-22 06:00:00,1.145480,1.148090,1.145230,1.146870
2026-06-22 07:00:00,1.146560,1.147670,1.145760,1.146360
2026-06-22 08:00:00,1.146590,1.146730,1.145920,1.146300
2026-06-22 09:00:00,1.146280,1.146630,1.145820,1.146210
2026-06-22 10:00:00,1.146170,1.146570,1.145780,1.146540
2026-06-22 11:00:00,1.146430,1.147340,1.146300,1.146470
2026-06-22 12:00:00,1.146590,1.146760,1.146040,1.146760
2026-06-22 13:00:00,1.146740,1.146740,1.145460,1.145510
2026-06-22 14:00:00,1.145530,1.145720,1.145300,1.145580
2026-06-22 15:00:00,1.145550,1.146300,1.145530,1.145590
2026-06-22 16:00:00,1.145610,1.146330,1.145270,1.145950
2026-06-22 17:00:00,1.145990,1.146240,1.144420,1.144750
2026-06-22 18:00:00,1.144700,1.145320,1.144200,1.144780
2026-06-22 19:00:00,1.144880,1.146220,1.144880,1.145820
2026-06-22 20:00:00,1.145870,1.146230,1.145390,1.145570
2026-06-22 21:00:00,1.145620,1.145770,1.144780,1.144790
2026-06-22 22:00:00,1.144810,1.146210,1.144810,1.145600
2026-06-22 23:00:00,1.145620,1.146170,1.142940,1.142990
2026-06-23 00:00:00,1.143080,1.145070,1.142650,1.144530
2026-06-23 01:00:00,1.144610,1.145000,1.143070,1.143220
2026-06-23 02:00:00,1.143210,1.143230,1.142540,1.143130
2026-06-23 03:00:00,1.143080,1.143350,1.142750,1.142930
2026-06-23 04:00:00,1.142960,1.143210,1.142330,1.142380
2026-06-23 05:00:00,1.142460,1.142610,1.141920,1.142590
2026-06-23 06:00:00,1.142540,1.142960,1.142480,1.142910
2026-06-23 07:00:00,1.142890,1.143050,1.142640,1.142890
2026-06-23 08:00:00,1.142860,1.142940,1.142530,1.142790
2026-06-23 09:00:00,1.142760,1.142970,1.142580,1.142680
2026-06-23 10:00:00,1.142650,1.142780,1.142300,1.142690
2026-06-23 11:00:00,1.142660,1.142880,1.142270,1.142800
2026-06-23 12:00:00,1.142770,1.143220,1.142540,1.142610
2026-06-23 13:00:00,1.142610,1.143010,1.141920,1.142990
2026-06-23 14:00:00,1.142920,1.143040,1.142020,1.142050
2026-06-23 15:00:00,1.142090,1.142590,1.141960,1.142300
2026-06-23 16:00:00,1.142220,1.143040,1.141960,1.142290
2026-06-23 17:00:00,1.142320,1.143860,1.141030,1.141230
2026-06-23 18:00:00,1.141160,1.141770,1.140490,1.140800
2026-06-23 19:00:00,1.140860,1.141150,1.140640,1.141130
2026-06-23 20:00:00,1.141110,1.141300,1.139670,1.140100
2026-06-23 21:00:00,1.140030,1.140250,1.138470,1.138490
2026-06-23 22:00:00,1.138530,1.139480,1.138390,1.138750
2026-06-23 23:00:00,1.138820,1.140000,1.138560,1.138950
2026-06-24 00:00:00,1.138980,1.139140,1.137600,1.138330
2026-06-24 01:00:00,1.138270,1.138520,1.137640,1.138270
2026-06-24 02:00:00,1.138230,1.138430,1.137860,1.137930
2026-06-24 03:00:00,1.137940,1.138200,1.137690,1.138000
2026-06-24 04:00:00,1.137980,1.138110,1.137630,1.137770
2026-06-24 05:00:00,1.137770,1.138330,1.137770,1.138170
2026-06-24 06:00:00,1.138130,1.138240,1.137820,1.138220
2026-06-24 07:00:00,1.138190,1.138480,1.138070,1.138400
2026-06-24 08:00:00,1.138380,1.138390,1.137920,1.138210
2026-06-24 09:00:00,1.138190,1.138380,1.137900,1.137970
2026-06-24 10:00:00,1.138000,1.138240,1.137360,1.137680
2026-06-24 11:00:00,1.137660,1.137730,1.137110,1.137700
2026-06-24 12:00:00,1.137670,1.137750,1.136710,1.136810
2026-06-24 13:00:00,1.136990,1.136990,1.136160,1.136810
2026-06-24 14:00:00,1.136800,1.136800,1.136160,1.136340
2026-06-24 15:00:00,1.136310,1.136850,1.136310,1.136840
2026-06-24 16:00:00,1.136820,1.137570,1.135860,1.135890
2026-06-24 17:00:00,1.135940,1.136070,1.135190,1.135270
2026-06-24 18:00:00,1.135350,1.135630,1.133850,1.135260
2026-06-24 19:00:00,1.135300,1.135400,1.134520,1.134700
2026-06-24 20:00:00,1.134710,1.134770,1.133830,1.133860
2026-06-24 21:00:00,1.133930,1.134910,1.133760,1.133870
2026-06-24 22:00:00,1.133920,1.134610,1.132390,1.132980
2026-06-24 23:00:00,1.132960,1.134760,1.132500,1.134450
2026-06-25 00:00:00,1.134500,1.135380,1.133680,1.134070
2026-06-25 01:00:00,1.133970,1.136130,1.133970,1.134950
2026-06-25 02:00:00,1.134990,1.136740,1.134540,1.135910
2026-06-25 03:00:00,1.135880,1.136190,1.134920,1.135090
2026-06-25 04:00:00,1.135160,1.136050,1.134900,1.135410
2026-06-25 05:00:00,1.135500,1.135900,1.135100,1.135400
2026-06-25 06:00:00,1.135430,1.136060,1.135280,1.135860
2026-06-25 07:00:00,1.135900,1.136280,1.135560,1.135990
2026-06-25 08:00:00,1.135960,1.135960,1.135480,1.135560
2026-06-25 09:00:00,1.135540,1.135670,1.135280,1.135440
2026-06-25 10:00:00,1.135420,1.135500,1.134800,1.135420
2026-06-25 11:00:00,1.135390,1.136790,1.135280,1.135790
2026-06-25 12:00:00,1.135920,1.136620,1.135680,1.136370
2026-06-25 13:00:00,1.136340,1.137130,1.136310,1.136950
2026-06-25 14:00:00,1.136910,1.137140,1.136620,1.136810
2026-06-25 15:00:00,1.136780,1.136830,1.136030,1.136250
2026-06-25 16:00:00,1.136220,1.136510,1.135270,1.135300
2026-06-25 17:00:00,1.135330,1.135980,1.134370,1.135850
2026-06-25 18:00:00,1.135750,1.137220,1.135750,1.136800
2026-06-25 19:00:00,1.136760,1.137280,1.136220,1.136270
2026-06-25 20:00:00,1.136300,1.136420,1.134350,1.134380
2026-06-25 21:00:00,1.134450,1.134580,1.133360,1.133640
2026-06-25 22:00:00,1.133540,1.136460,1.133400,1.135350
2026-06-25 23:00:00,1.135440,1.136880,1.134950,1.136340
2026-06-26 00:00:00,1.136310,1.138250,1.136120,1.137720
2026-06-26 01:00:00,1.137870,1.138990,1.137380,1.138400
2026-06-26 02:00:00,1.138320,1.138670,1.137360,1.137390
2026-06-26 03:00:00,1.137430,1.137780,1.137190,1.137530
2026-06-26 04:00:00,1.137600,1.138020,1.137060,1.137310
2026-06-26 05:00:00,1.137330,1.138010,1.136880,1.137290
2026-06-26 06:00:00,1.137270,1.137420,1.137000,1.137090
2026-06-26 07:00:00,1.137080,1.137710,1.136820,1.137410
2026-06-26 08:00:00,1.137380,1.137380,1.136710,1.136960
2026-06-26 09:00:00,1.136930,1.137060,1.136040,1.136140
2026-06-26 10:00:00,1.136110,1.136740,1.136100,1.136570
2026-06-26 11:00:00,1.136540,1.136930,1.135710,1.135870
2026-06-26 12:00:00,1.135810,1.136270,1.135450,1.135900
2026-06-26 13:00:00,1.135820,1.137170,1.135820,1.137050
2026-06-26 14:00:00,1.137040,1.137690,1.136850,1.137670
2026-06-26 15:00:00,1.137630,1.138230,1.137520,1.138010
2026-06-26 16:00:00,1.138000,1.138210,1.137160,1.137700
2026-06-26 17:00:00,1.137680,1.138870,1.137370,1.138720
2026-06-26 18:00:00,1.138670,1.140760,1.138360,1.140230
2026-06-26 19:00:00,1.140200,1.141160,1.139510,1.140740
2026-06-26 20:00:00,1.140770,1.140870,1.140070,1.140360
2026-06-28 21:00:00,1.139240,1.139290,1.138860,1.138980
2026-06-28 22:00:00,1.138990,1.139040,1.138970,1.138990
2026-06-28 23:00:00,1.138990,1.139040,1.138580,1.138710
2026-06-29 00:00:00,1.138710,1.138840,1.138340,1.138640
2026-06-29 01:00:00,1.138640,1.138820,1.138170,1.138490
2026-06-29 02:00:00,1.138480,1.138710,1.138460,1.138670
2026-06-29 03:00:00,1.138660,1.138850,1.138080,1.138670
2026-06-29 04:00:00,1.138660,1.138770,1.138430,1.138710
2026-06-29 05:00:00,1.138580,1.139160,1.138330,1.138440
2026-06-29 06:00:00,1.138350,1.139580,1.137900,1.139510
2026-06-29 07:00:00,1.139400,1.139400,1.138290,1.138470
2026-06-29 08:00:00,1.138380,1.138710,1.138210,1.138550
2026-06-29 09:00:00,1.138550,1.138740,1.138240,1.138640
2026-06-29 10:00:00,1.138620,1.138910,1.138280,1.138890
2026-06-29 11:00:00,1.138880,1.139130,1.138490,1.138530
2026-06-29 12:00:00,1.138540,1.139340,1.138510,1.138790
2026-06-29 13:00:00,1.138810,1.139040,1.138370,1.138430
2026-06-29 14:00:00,1.138540,1.138560,1.138120,1.138270
2026-06-29 15:00:00,1.138240,1.139520,1.138210,1.139360
2026-06-29 16:00:00,1.139390,1.141530,1.139290,1.141470
2026-06-29 17:00:00,1.141390,1.141740,1.140060,1.140200
2026-06-29 18:00:00,1.140290,1.140710,1.139290,1.139630
2026-06-29 19:00:00,1.139600,1.140370,1.139480,1.140310
2026-06-29 20:00:00,1.140240,1.140590,1.139980,1.140560
2026-06-29 21:00:00,1.140540,1.141170,1.139890,1.140910
2026-06-29 22:00:00,1.140960,1.141040,1.140060,1.140100
2026-06-29 23:00:00,1.140140,1.141140,1.140060,1.140820
2026-06-30 00:00:00,1.140860,1.142330,1.140590,1.142180
2026-06-30 01:00:00,1.142190,1.142570,1.141680,1.142320
2026-06-30 02:00:00,1.142280,1.143090,1.142270,1.142620
2026-06-30 03:00:00,1.142690,1.142820,1.142170,1.142740
2026-06-30 04:00:00,1.142720,1.142950,1.142530,1.142610
2026-06-30 05:00:00,1.142590,1.142740,1.142200,1.142540
2026-06-30 06:00:00,1.142550,1.142740,1.142200,1.142480
2026-06-30 07:00:00,1.142450,1.142700,1.142180,1.142540
2026-06-30 08:00:00,1.142540,1.142610,1.142240,1.142550
2026-06-30 09:00:00,1.142530,1.142570,1.141920,1.141960
2026-06-30 10:00:00,1.141990,1.142030,1.141300,1.141700
2026-06-30 11:00:00,1.141660,1.141690,1.140300,1.140370
2026-06-30 12:00:00,1.140490,1.140660,1.140220,1.140370
2026-06-30 13:00:00,1.140350,1.140580,1.139720,1.139910
2026-06-30 14:00:00,1.139900,1.139960,1.138940,1.139010
2026-06-30 15:00:00,1.139120,1.139280,1.138270,1.138490
2026-06-30 16:00:00,1.138480,1.140380,1.138360,1.140350
2026-06-30 17:00:00,1.140300,1.140940,1.139720,1.139950
2026-06-30 18:00:00,1.139910,1.140090,1.138460,1.139170
2026-06-30 19:00:00,1.139230,1.139890,1.138950,1.139730
2026-06-30 20:00:00,1.139780,1.140240,1.139290,1.140180
2026-06-30 21:00:00,1.140090,1.140270,1.138470,1.139290
2026-06-30 22:00:00,1.139360,1.140220,1.138820,1.139740
2026-06-30 23:00:00,1.139940,1.140740,1.139480,1.139790
2026-07-01 00:00:00,1.139820,1.143430,1.139280,1.143400
2026-07-01 01:00:00,1.143330,1.143470,1.141580,1.141600
2026-07-01 02:00:00,1.141640,1.141900,1.141230,1.141490
2026-07-01 03:00:00,1.141460,1.142240,1.141360,1.142160
2026-07-01 04:00:00,1.142140,1.142790,1.141980,1.142220
2026-07-01 05:00:00,1.142190,1.142710,1.141530,1.142670
2026-07-01 06:00:00,1.142570,1.142750,1.142080,1.142180
2026-07-01 07:00:00,1.142150,1.142590,1.141940,1.142360
2026-07-01 08:00:00,1.142320,1.142350,1.141870,1.142050
2026-07-01 09:00:00,1.141980,1.142060,1.141250,1.141320
2026-07-01 10:00:00,1.141300,1.141460,1.140870,1.141070
2026-07-01 11:00:00,1.141050,1.141050,1.140300,1.140470
2026-07-01 12:00:00,1.140460,1.140840,1.140320,1.140520
2026-07-01 13:00:00,1.140540,1.140850,1.140160,1.140450
2026-07-01 14:00:00,1.140410,1.141060,1.140260,1.140910
2026-07-01 15:00:00,1.140950,1.141090,1.140320,1.140600
2026-07-01 16:00:00,1.140570,1.140980,1.140040,1.140370
2026-07-01 17:00:00,1.140360,1.140360,1.139320,1.140340
2026-07-01 18:00:00,1.140320,1.140450,1.139410,1.139550
2026-07-01 19:00:00,1.139680,1.139950,1.138560,1.138850
2026-07-01 20:00:00,1.138900,1.140050,1.138670,1.139970
2026-07-01 21:00:00,1.139950,1.139950,1.138540,1.138660
2026-07-01 22:00:00,1.138770,1.138820,1.136850,1.137130
2026-07-01 23:00:00,1.137240,1.141250,1.136090,1.139810
2026-07-02 00:00:00,1.139780,1.140470,1.138540,1.139420
2026-07-02 01:00:00,1.139180,1.139680,1.137940,1.138500
2026-07-02 02:00:00,1.138580,1.139410,1.137980,1.138410
2026-07-02 03:00:00,1.138360,1.138620,1.137930,1.138080
2026-07-02 04:00:00,1.138050,1.138260,1.137550,1.138030
2026-07-02 05:00:00,1.138010,1.138180,1.137760,1.137980
2026-07-02 06:00:00,1.137950,1.137980,1.137420,1.137860
2026-07-02 07:00:00,1.137840,1.138060,1.137590,1.138050
2026-07-02 08:00:00,1.138010,1.138030,1.137730,1.137920
2026-07-02 09:00:00,1.137890,1.137960,1.137730,1.137820
2026-07-02 10:00:00,1.137800,1.138340,1.137530,1.137720
2026-07-02 11:00:00,1.137700,1.138650,1.137640,1.138170
2026-07-02 12:00:00,1.138210,1.138860,1.138120,1.138320
2026-07-02 13:00:00,1.138300,1.138360,1.137820,1.138230
2026-07-02 14:00:00,1.138170,1.138840,1.138170,1.138750
2026-07-02 15:00:00,1.138730,1.138930,1.138210,1.138620
2026-07-02 16:00:00,1.138590,1.140350,1.138590,1.139500
2026-07-02 17:00:00,1.139530,1.140930,1.139080,1.140880
2026-07-02 18:00:00,1.140840,1.142190,1.140660,1.141680
2026-07-02 19:00:00,1.141820,1.142030,1.140900,1.141190
2026-07-02 20:00:00,1.141270,1.141380,1.140350,1.141010
2026-07-02 21:00:00,1.140930,1.141500,1.140020,1.140060
2026-07-02 22:00:00,1.140150,1.147300,1.139590,1.145030
2026-07-02 23:00:00,1.145380,1.145570,1.143880,1.144940
2026-07-03 00:00:00,1.145000,1.145840,1.143320,1.144430
2026-07-03 01:00:00,1.144350,1.144950,1.144090,1.144730
2026-07-03 02:00:00,1.144690,1.144830,1.143560,1.143820
2026-07-03 03:00:00,1.143950,1.143950,1.142910,1.143090
2026-07-03 04:00:00,1.143080,1.143720,1.142980,1.143370
2026-07-03 05:00:00,1.143340,1.143360,1.142600,1.143220
2026-07-03 06:00:00,1.143160,1.143640,1.142960,1.143420
2026-07-03 07:00:00,1.143390,1.143590,1.143110,1.143410
2026-07-03 08:00:00,1.143380,1.143640,1.142750,1.142880
2026-07-03 09:00:00,1.142830,1.143070,1.142190,1.142290
2026-07-03 10:00:00,1.142270,1.143060,1.142090,1.143020
2026-07-03 11:00:00,1.142930,1.144410,1.142930,1.143700
2026-07-03 12:00:00,1.143710,1.144500,1.143600,1.143960
2026-07-03 13:00:00,1.144010,1.144170,1.143710,1.144160
2026-07-03 14:00:00,1.144120,1.144630,1.143930,1.144570
2026-07-03 15:00:00,1.144520,1.145560,1.144520,1.144800
2026-07-03 16:00:00,1.144850,1.146210,1.144850,1.145430
2026-07-03 17:00:00,1.145380,1.145800,1.144790,1.145500
2026-07-03 18:00:00,1.145570,1.145780,1.145080,1.145300
2026-07-03 19:00:00,1.145330,1.145390,1.144100,1.144200
2026-07-03 20:00:00,1.144190,1.145040,1.144050,1.144750
2026-07-05 21:00:00,1.144260,1.144320,1.144140,1.144180
2026-07-05 22:00:00,1.144180,1.144230,1.144160,1.144180
2026-07-05 23:00:00,1.144180,1.144230,1.143540,1.143900
2026-07-06 00:00:00,1.143890,1.144000,1.143560,1.143790
2026-07-06 01:00:00,1.143780,1.143830,1.143730,1.143770
2026-07-06 02:00:00,1.143750,1.143800,1.143680,1.143750
2026-07-06 03:00:00,1.143730,1.144220,1.143640,1.143750
2026-07-06 04:00:00,1.143730,1.144440,1.143380,1.143660
2026-07-06 05:00:00,1.143810,1.146580,1.142410,1.143780
2026-07-06 06:00:00,1.144340,1.144520,1.143370,1.144280
2026-07-06 07:00:00,1.144240,1.144400,1.143510,1.143820
2026-07-06 08:00:00,1.143770,1.143870,1.143470,1.143710
2026-07-06 09:00:00,1.143670,1.143800,1.143330,1.143760
2026-07-06 10:00:00,1.143730,1.144160,1.143340,1.143910
2026-07-06 11:00:00,1.143900,1.143930,1.142870,1.142900
2026-07-06 12:00:00,1.142940,1.143530,1.142780,1.143510
2026-07-06 13:00:00,1.143480,1.143590,1.142830,1.143200
2026-07-06 14:00:00,1.143170,1.143420,1.143170,1.143300
2026-07-06 15:00:00,1.143310,1.143340,1.142350,1.142410
2026-07-06 16:00:00,1.142510,1.142880,1.141990,1.142030
2026-07-06 17:00:00,1.142130,1.142870,1.141660,1.142710
2026-07-06 18:00:00,1.142670,1.142730,1.141530,1.142010
2026-07-06 19:00:00,1.141950,1.142150,1.141170,1.141320
2026-07-06 20:00:00,1.141310,1.142130,1.140990,1.142010
2026-07-06 21:00:00,1.142020,1.142150,1.141210,1.141650
2026-07-06 22:00:00,1.141610,1.142050,1.141200,1.141240
2026-07-06 23:00:00,1.141260,1.142240,1.140940,1.141170
2026-07-07 00:00:00,1.141040,1.141890,1.141040,1.141810
2026-07-07 01:00:00,1.141770,1.142560,1.141580,1.142500
2026-07-07 02:00:00,1.142410,1.143210,1.142410,1.143010
2026-07-07 03:00:00,1.143030,1.143930,1.143030,1.143700
2026-07-07 04:00:00,1.143680,1.144590,1.143520,1.144560
2026-07-07 05:00:00,1.144490,1.144490,1.143820,1.144210
2026-07-07 06:00:00,1.144190,1.144250,1.143960,1.144120
2026-07-07 07:00:00,1.144090,1.144750,1.144070,1.144630
2026-07-07 08:00:00,1.144580,1.144600,1.144260,1.144490
2026-07-07 09:00:00,1.144430,1.144800,1.144150,1.144220
2026-07-07 10:00:00,1.144200,1.144250,1.143750,1.143960
2026-07-07 11:00:00,1.144020,1.144830,1.143710,1.144380
2026-07-07 12:00:00,1.144430,1.144640,1.143970,1.143990
2026-07-07 13:00:00,1.144040,1.144280,1.143630,1.143660
2026-07-07 14:00:00,1.143680,1.143930,1.143580,1.143620
2026-07-07 15:00:00,1.143680,1.143750,1.142860,1.143220
2026-07-07 16:00:00,1.143180,1.143250,1.142560,1.142810
2026-07-07 17:00:00,1.142850,1.143190,1.142500,1.142610
2026-07-07 18:00:00,1.142630,1.143740,1.142550,1.142870
2026-07-07 19:00:00,1.142840,1.142990,1.142490,1.142510
2026-07-07 20:00:00,1.142560,1.143410,1.142350,1.143400
2026-07-07 21:00:00,1.143380,1.144050,1.142660,1.143450
2026-07-07 22:00:00,1.143420,1.144200,1.143030,1.143570
2026-07-07 23:00:00,1.143510,1.144330,1.143070,1.143590
2026-07-08 00:00:00,1.143660,1.143950,1.142450,1.143370
2026-07-08 01:00:00,1.143300,1.143480,1.142270,1.142320
2026-07-08 02:00:00,1.142400,1.142590,1.141830,1.142300
2026-07-08 03:00:00,1.142240,1.142990,1.142230,1.142980
2026-07-08 04:00:00,1.142950,1.143030,1.141760,1.142150
2026-07-08 05:00:00,1.142110,1.142110,1.140770,1.141640
2026-07-08 06:00:00,1.141650,1.141750,1.141080,1.141210
2026-07-08 07:00:00,1.141190,1.141620,1.140250,1.140850
2026-07-08 08:00:00,1.140720,1.140920,1.140330,1.140710
2026-07-08 09:00:00,1.140720,1.140810,1.140030,1.140050
2026-07-08 10:00:00,1.140060,1.141220,1.140060,1.140900
2026-07-08 11:00:00,1.140890,1.140950,1.139940,1.140610
2026-07-08 12:00:00,1.140600,1.141280,1.140510,1.141170
2026-07-08 13:00:00,1.141140,1.141660,1.141140,1.141430
2026-07-08 14:00:00,1.141400,1.141630,1.141140,1.141500
2026-07-08 15:00:00,1.141470,1.142090,1.141240,1.141920
2026-07-08 16:00:00,1.141970,1.142460,1.141780,1.142160
2026-07-08 17:00:00,1.142210,1.143170,1.141680,1.142660
2026-07-08 18:00:00,1.142740,1.142760,1.140120,1.141090
2026-07-08 19:00:00,1.141120,1.141200,1.139680,1.140550
2026-07-08 20:00:00,1.140520,1.141470,1.140140,1.140910
2026-07-08 21:00:00,1.140930,1.140960,1.139150,1.139750
2026-07-08 22:00:00,1.139800,1.140660,1.139710,1.139820
2026-07-08 23:00:00,1.139900,1.141420,1.139640,1.141030
2026-07-09 00:00:00,1.140990,1.141320,1.140360,1.140800
2026-07-09 01:00:00,1.140740,1.141140,1.139190,1.139550
2026-07-09 02:00:00,1.139530,1.141560,1.139480,1.141420
2026-07-09 03:00:00,1.141390,1.142680,1.141370,1.141980
2026-07-09 04:00:00,1.141950,1.142940,1.141800,1.142640
2026-07-09 05:00:00,1.142620,1.143030,1.142300,1.142880
2026-07-09 06:00:00,1.142860,1.142870,1.141530,1.141690
2026-07-09 07:00:00,1.141670,1.142180,1.141600,1.141830
2026-07-09 08:00:00,1.141760,1.141940,1.141630,1.141940
2026-07-09 09:00:00,1.141910,1.142240,1.141740,1.142200
2026-07-09 10:00:00,1.142180,1.143030,1.142150,1.142590
2026-07-09 11:00:00,1.142550,1.142760,1.142040,1.142460
2026-07-09 12:00:00,1.142350,1.142840,1.142300,1.142480
2026-07-09 13:00:00,1.142500,1.143050,1.142320,1.142680
2026-07-09 14:00:00,1.142700,1.142780,1.142330,1.142690
2026-07-09 15:00:00,1.142700,1.143410,1.142660,1.143130
2026-07-09 16:00:00,1.143150,1.144940,1.143090,1.144050
2026-07-09 17:00:00,1.144100,1.144240,1.143220,1.143260
2026-07-09 18:00:00,1.143370,1.143880,1.142530,1.142570
2026-07-09 19:00:00,1.142660,1.143180,1.142430,1.143160
2026-07-09 20:00:00,1.143120,1.143180,1.142150,1.142320
2026-07-09 21:00:00,1.142280,1.143000,1.142200,1.142920
2026-07-09 22:00:00,1.142950,1.143580,1.142360,1.142410
2026-07-09 23:00:00,1.142490,1.143940,1.142400,1.143920
2026-07-10 00:00:00,1.143900,1.144670,1.143200,1.143390
2026-07-10 01:00:00,1.143320,1.144020,1.142940,1.143830
2026-07-10 02:00:00,1.143870,1.144170,1.143510,1.143690
2026-07-10 03:00:00,1.143710,1.144100,1.143470,1.143770
2026-07-10 04:00:00,1.143740,1.143860,1.143140,1.143430
2026-07-10 05:00:00,1.143410,1.143480,1.142560,1.142790
2026-07-10 06:00:00,1.142680,1.143070,1.142680,1.143070
2026-07-10 07:00:00,1.143040,1.143420,1.142970,1.143060
2026-07-10 08:00:00,1.143080,1.143430,1.142910,1.143410
2026-07-10 09:00:00,1.143380,1.143460,1.143160,1.143320
2026-07-10 10:00:00,1.143300,1.144180,1.143070,1.144180
2026-07-10 11:00:00,1.144160,1.144980,1.143840,1.144880
2026-07-10 12:00:00,1.144890,1.146050,1.144730,1.145850
2026-07-10 13:00:00,1.145880,1.145930,1.144770,1.144940
2026-07-10 14:00:00,1.144890,1.144940,1.143990,1.144120
2026-07-10 15:00:00,1.144140,1.144440,1.143590,1.144030
2026-07-10 16:00:00,1.143980,1.144740,1.143920,1.144320
2026-07-10 17:00:00,1.144290,1.144330,1.143660,1.143780
2026-07-10 18:00:00,1.143760,1.144260,1.143090,1.143160
2026-07-10 19:00:00,1.143220,1.143430,1.142670,1.142880
2026-07-10 20:00:00,1.142880,1.143540,1.142720,1.143340
2026-07-12 21:00:00,1.141750,1.141800,1.141370,1.141510
2026-07-12 22:00:00,1.141500,1.142050,1.141460,1.142000
2026-07-12 23:00:00,1.141990,1.142180,1.141290,1.141650
2026-07-13 00:00:00,1.141630,1.142060,1.140740,1.141350
2026-07-13 01:00:00,1.141330,1.141680,1.140730,1.141580
2026-07-13 02:00:00,1.141560,1.141810,1.141360,1.141500
2026-07-13 03:00:00,1.141480,1.141940,1.140930,1.141890
2026-07-13 04:00:00,1.141870,1.142510,1.140370,1.141700
2026-07-13 05:00:00,1.141540,1.143010,1.140060,1.140470
2026-07-13 06:00:00,1.140540,1.141900,1.139980,1.141080
2026-07-13 07:00:00,1.141000,1.141900,1.140190,1.140390
2026-07-13 08:00:00,1.140430,1.140440,1.138910,1.139510
2026-07-13 09:00:00,1.139500,1.140430,1.139320,1.140400
2026-07-13 10:00:00,1.140330,1.140510,1.139550,1.139630
2026-07-13 11:00:00,1.139620,1.139770,1.138580,1.139700
2026-07-13 12:00:00,1.139580,1.140060,1.139410,1.139560
2026-07-13 13:00:00,1.139540,1.139930,1.139080,1.139890
2026-07-13 14:00:00,1.139840,1.140530,1.139690,1.140520
2026-07-13 15:00:00,1.140500,1.140900,1.139740,1.139790
2026-07-13 16:00:00,1.139880,1.140760,1.139610,1.140190
2026-07-13 17:00:00,1.140170,1.142600,1.140090,1.142370
2026-07-13 18:00:00,1.142400,1.144570,1.142400,1.143640
2026-07-13 19:00:00,1.143720,1.143730,1.142750,1.143050
2026-07-13 20:00:00,1.143070,1.143530,1.142640,1.143510
2026-07-13 21:00:00,1.143470,1.143590,1.142560,1.142760
2026-07-13 22:00:00,1.142770,1.143050,1.142110,1.142930
2026-07-13 23:00:00,1.142830,1.143280,1.141530,1.141580
2026-07-14 00:00:00,1.141670,1.142410,1.139900,1.140360
2026-07-14 01:00:00,1.140250,1.140670,1.139690,1.140420
2026-07-14 02:00:00,1.140380,1.140380,1.138370,1.138840
2026-07-14 03:00:00,1.138800,1.139100,1.138530,1.138730
2026-07-14 04:00:00,1.138710,1.138930,1.138500,1.138720
2026-07-14 05:00:00,1.138700,1.138820,1.138200,1.138320
2026-07-14 06:00:00,1.138290,1.138480,1.137800,1.138050
2026-07-14 07:00:00,1.138030,1.138820,1.138030,1.138430
2026-07-14 08:00:00,1.138430,1.138600,1.138110,1.138180
2026-07-14 09:00:00,1.138170,1.138370,1.138010,1.138330
2026-07-14 10:00:00,1.138270,1.138940,1.137840,1.138660
2026-07-14 11:00:00,1.138700,1.139070,1.138470,1.139050
2026-07-14 12:00:00,1.139010,1.139460,1.138910,1.139130
2026-07-14 13:00:00,1.139140,1.139630,1.138810,1.139350
2026-07-14 14:00:00,1.139380,1.139460,1.138740,1.139050
2026-07-14 15:00:00,1.139090,1.139640,1.139070,1.139140
2026-07-14 16:00:00,1.139190,1.139410,1.138440,1.138770
2026-07-14 17:00:00,1.138760,1.139830,1.138460,1.139560
2026-07-14 18:00:00,1.139520,1.140630,1.139380,1.140030
2026-07-14 19:00:00,1.140020,1.140400,1.139540,1.140140
2026-07-14 20:00:00,1.140130,1.140170,1.139130,1.139180
2026-07-14 21:00:00,1.139210,1.140940,1.139030,1.140650
2026-07-14 22:00:00,1.140680,1.146200,1.140450,1.144270
2026-07-14 23:00:00,1.144290,1.145490,1.144270,1.145240
2026-07-15 00:00:00,1.145300,1.145820,1.144140,1.144630
2026-07-15 01:00:00,1.144590,1.145150,1.142660,1.142720
2026-07-15 02:00:00,1.142830,1.143470,1.142470,1.143260
2026-07-15 03:00:00,1.143230,1.143330,1.142010,1.142360
2026-07-15 04:00:00,1.142450,1.142650,1.141690,1.142310
2026-07-15 05:00:00,1.142170,1.142640,1.142110,1.142220
2026-07-15 06:00:00,1.142210,1.142270,1.141840,1.142110
2026-07-15 07:00:00,1.142120,1.142570,1.141940,1.141990
2026-07-15 08:00:00,1.141980,1.142270,1.141770,1.142090
2026-07-15 09:00:00,1.142040,1.142540,1.141960,1.142420
2026-07-15 10:00:00,1.142410,1.143450,1.142410,1.143440
2026-07-15 11:00:00,1.143410,1.143760,1.143260,1.143560
2026-07-15 12:00:00,1.143490,1.144230,1.143330,1.144180
2026-07-15 13:00:00,1.144180,1.144250,1.143370,1.143810
2026-07-15 14:00:00,1.143810,1.144100,1.143680,1.143690
2026-07-15 15:00:00,1.143730,1.144360,1.143560,1.144130
2026-07-15 16:00:00,1.144190,1.144370,1.142940,1.143010
2026-07-15 17:00:00,1.143130,1.143150,1.142030,1.142310
2026-07-15 18:00:00,1.142370,1.142750,1.142150,1.142430
2026-07-15 19:00:00,1.142400,1.142640,1.141670,1.141810
2026-07-15 20:00:00,1.141800,1.141830,1.141090,1.141370
2026-07-15 21:00:00,1.141310,1.141950,1.141040,1.141230
2026-07-15 22:00:00,1.141220,1.142970,1.140680,1.142950
2026-07-15 23:00:00,1.142880,1.143460,1.142430,1.143410
2026-07-16 00:00:00,1.143350,1.144110,1.143030,1.143700
2026-07-16 01:00:00,1.143670,1.144150,1.143190,1.143600
2026-07-16 02:00:00,1.143570,1.144160,1.143080,1.144130
2026-07-16 03:00:00,1.144000,1.147490,1.143970,1.147470
2026-07-16 04:00:00,1.147440,1.148180,1.146710,1.146750
2026-07-16 05:00:00,1.146810,1.147460,1.146180,1.146410
2026-07-16 06:00:00,1.146390,1.146460,1.146120,1.146330
2026-07-16 07:00:00,1.146340,1.146760,1.146180,1.146400
2026-07-16 08:00:00,1.146520,1.146890,1.146420,1.146640
2026-07-16 09:00:00,1.146650,1.147140,1.146650,1.147060
2026-07-16 10:00:00,1.147040,1.147470,1.146720,1.147430
2026-07-16 11:00:00,1.147380,1.147450,1.146470,1.146490
2026-07-16 12:00:00,1.146530,1.146600,1.146050,1.146380
2026-07-16 13:00:00,1.146440,1.146940,1.146340,1.146590
2026-07-16 14:00:00,1.146620,1.146730,1.146320,1.146660
2026-07-16 15:00:00,1.146640,1.146890,1.146220,1.146260
2026-07-16 16:00:00,1.146340,1.147000,1.146280,1.146920
2026-07-16 17:00:00,1.146900,1.147700,1.146740,1.146950
2026-07-16 18:00:00,1.146990,1.147160,1.146290,1.146560
2026-07-16 19:00:00,1.146510,1.146790,1.146040,1.146610
2026-07-16 20:00:00,1.146650,1.146830,1.145970,1.146050
2026-07-16 21:00:00,1.146180,1.146870,1.145790,1.146860
2026-07-16 22:00:00,1.146810,1.147130,1.144770,1.144800
2026-07-16 23:00:00,1.144830,1.145900,1.144530,1.145100
2026-07-17 00:00:00,1.145150,1.145380,1.144050,1.144380
2026-07-17 01:00:00,1.144360,1.144980,1.143730,1.144670
2026-07-17 02:00:00,1.144670,1.144750,1.143460,1.143610
2026-07-17 03:00:00,1.143600,1.143840,1.143130,1.143700
2026-07-17 04:00:00,1.143730,1.143950,1.143520,1.143840
2026-07-17 05:00:00,1.143810,1.144180,1.143470,1.144050
2026-07-17 06:00:00,1.144090,1.144460,1.143850,1.144310
2026-07-17 07:00:00,1.144370,1.144410,1.143990,1.144150
2026-07-17 08:00:00,1.144320,1.144560,1.144150,1.144360
2026-07-17 09:00:00,1.144330,1.144650,1.144270,1.144450
2026-07-17 10:00:00,1.144450,1.144670,1.144140,1.144630
2026-07-17 11:00:00,1.144560,1.144840,1.143760,1.143900
2026-07-17 12:00:00,1.143840,1.144170,1.143690,1.143720
2026-07-17 13:00:00,1.143740,1.144060,1.143600,1.143910
2026-07-17 14:00:00,1.143940,1.143960,1.143480,1.143620
2026-07-17 15:00:00,1.143630,1.144370,1.143590,1.143980
2026-07-17 16:00:00,1.143980,1.145200,1.143950,1.145030
2026-07-17 17:00:00,1.145100,1.145220,1.144480,1.144580
2026-07-17 18:00:00,1.144620,1.144770,1.143610,1.144210
2026-07-17 19:00:00,1.144170,1.144310,1.143670,1.144040
2026-07-17 20:00:00,1.144020,1.144130,1.142540,1.142710
2026-07-19 21:00:00,1.143920,1.143930,1.143710,1.143770
2026-07-19 22:00:00,1.143760,1.143890,1.143740,1.143790
2026-07-19 23:00:00,1.143770,1.143920,1.143640,1.143760
2026-07-20 00:00:00,1.143740,1.143930,1.143720,1.143900
2026-07-20 01:00:00,1.143880,1.143930,1.143720,1.143860
2026-07-20 02:00:00,1.143830,1.143890,1.143680,1.143830
2026-07-20 03:00:00,1.143800,1.144280,1.143590,1.143980
2026-07-20 04:00:00,1.143960,1.144900,1.140890,1.141260
2026-07-20 05:00:00,1.141770,1.144660,1.141770,1.143420
2026-07-20 06:00:00,1.143350,1.144450,1.142110,1.143160
2026-07-20 07:00:00,1.143190,1.144190,1.142910,1.143020
2026-07-20 08:00:00,1.143010,1.143140,1.142570,1.142660
2026-07-20 09:00:00,1.142680,1.142810,1.142370,1.142680
2026-07-20 10:00:00,1.142690,1.143390,1.142690,1.143380
2026-07-20 11:00:00,1.143350,1.143660,1.143180,1.143630
2026-07-20 12:00:00,1.143590,1.144280,1.143500,1.144120
2026-07-20 13:00:00,1.144150,1.144290,1.143970,1.144190
2026-07-20 14:00:00,1.144210,1.144550,1.144140,1.144420
2026-07-20 15:00:00,1.144450,1.144480,1.144010,1.144070
2026-07-20 16:00:00,1.144110,1.144240,1.143460,1.143560
2026-07-20 17:00:00,1.143640,1.144960,1.143420,1.144430
2026-07-20 18:00:00,1.144410,1.144490,1.143790,1.143910
2026-07-20 19:00:00,1.143920,1.143990,1.142780,1.142960
2026-07-20 20:00:00,1.142890,1.143640,1.142890,1.143360
2026-07-20 21:00:00,1.143350,1.143920,1.142860,1.142880
2026-07-20 22:00:00,1.142890,1.143060,1.141770,1.142410
2026-07-20 23:00:00,1.142480,1.142480,1.141490,1.141830
2026-07-21 00:00:00,1.141830,1.141830,1.140330,1.140790
2026-07-21 01:00:00,1.140730,1.141290,1.140590,1.141190
2026-07-21 02:00:00,1.141150,1.141710,1.140990,1.141190
2026-07-21 03:00:00,1.141170,1.141580,1.141050,1.141480
2026-07-21 04:00:00,1.141460,1.141900,1.141340,1.141500
2026-07-21 05:00:00,1.141470,1.141880,1.141380,1.141630
2026-07-21 06:00:00,1.141620,1.141760,1.141270,1.141460
2026-07-21 07:00:00,1.141440,1.141730,1.141060,1.141170
2026-07-21 08:00:00,1.141180,1.141420,1.140970,1.141280
2026-07-21 09:00:00,1.141300,1.141620,1.141250,1.141590
2026-07-21 10:00:00,1.141540,1.141850,1.141150,1.141440
2026-07-21 11:00:00,1.141480,1.141640,1.141280,1.141470
2026-07-21 12:00:00,1.141500,1.141660,1.141060,1.141150
2026-07-21 13:00:00,1.141150,1.141580,1.140930,1.141280
2026-07-21 14:00:00,1.141310,1.141860,1.141250,1.141840
2026-07-21 15:00:00,1.141820,1.142180,1.141600,1.141850
2026-07-21 16:00:00,1.141820,1.142340,1.141740,1.142210
2026-07-21 17:00:00,1.142250,1.142770,1.142100,1.142340
2026-07-21 18:00:00,1.142330,1.142570,1.141880,1.142110
2026-07-21 19:00:00,1.142120,1.142790,1.142070,1.142340
2026-07-21 20:00:00,1.142360,1.142900,1.142050,1.142070
2026-07-21 21:00:00,1.142090,1.142350,1.141710,1.141900
2026-07-21 22:00:00,1.141880,1.142030,1.141440,1.141750
2026-07-21 23:00:00,1.141730,1.141810,1.140620,1.141160
2026-07-22 00:00:00,1.141130,1.141980,1.140300,1.140670
2026-07-22 01:00:00,1.140630,1.141160,1.140330,1.140700
2026-07-22 02:00:00,1.140630,1.141120,1.140630,1.140890
2026-07-22 03:00:00,1.140880,1.141070,1.140680,1.140730
2026-07-22 04:00:00,1.140710,1.140770,1.139900,1.140280
2026-07-22 05:00:00,1.140220,1.140460,1.140070,1.140230
2026-07-22 06:00:00,1.140220,1.140350,1.139760,1.139790
2026-07-22 07:00:00,1.139810,1.140390,1.139800,1.140260
2026-07-22 08:00:00,1.140120,1.140250,1.139890,1.140000
2026-07-22 09:00:00,1.139970,1.140310,1.139820,1.140200
2026-07-22 10:00:00,1.140220,1.140740,1.140120,1.140420
2026-07-22 11:00:00,1.140340,1.140690,1.139910,1.140330
2026-07-22 12:00:00,1.140300,1.140980,1.140120,1.140640
2026-07-22 13:00:00,1.140670,1.140850,1.140460,1.140780
2026-07-22 14:00:00,1.140750,1.140900,1.140510,1.140860
2026-07-22 15:00:00,1.140820,1.141000,1.140560,1.140810
2026-07-22 16:00:00,1.140830,1.141400,1.140760,1.141130
2026-07-22 17:00:00,1.141050,1.141830,1.140380,1.140950
2026-07-22 18:00:00,1.141020,1.141250,1.140450,1.141040
2026-07-22 19:00:00,1.141020,1.141330,1.140460,1.140480
2026-07-22 20:00:00,1.140520,1.140770,1.140110,1.140680
2026-07-22 21:00:00,1.140610,1.140750,1.140260,1.140650
2026-07-22 22:00:00,1.140630,1.141400,1.140470,1.140900
2026-07-22 23:00:00,1.140870,1.142180,1.140770,1.141320
2026-07-23 00:00:00,1.141470,1.141820,1.140790,1.141110
2026-07-23 01:00:00,1.141050,1.141480,1.140780,1.141310
2026-07-23 02:00:00,1.141260,1.141440,1.140510,1.140990
2026-07-23 03:00:00,1.140970,1.141340,1.140810,1.141070
2026-07-23 04:00:00,1.141050,1.141150,1.140810,1.141130
2026-07-23 05:00:00,1.141110,1.141260,1.140950,1.141150
2026-07-23 06:00:00,1.141090,1.141320,1.141070,1.141280
2026-07-23 07:00:00,1.141260,1.141430,1.140700,1.140900
2026-07-23 08:00:00,1.140850,1.140970,1.140600,1.140770
2026-07-23 09:00:00,1.140790,1.141210,1.140790,1.141200
2026-07-23 10:00:00,1.141170,1.141730,1.141080,1.141670
2026-07-23 11:00:00,1.141580,1.142070,1.141550,1.141650
2026-07-23 12:00:00,1.141680,1.142840,1.141630,1.142810
2026-07-23 13:00:00,1.142760,1.143050,1.142360,1.142970
2026-07-23 14:00:00,1.143000,1.143630,1.142860,1.143270
2026-07-23 15:00:00,1.143190,1.143500,1.142900,1.143090
2026-07-23 16:00:00,1.143060,1.143290,1.142450,1.142540
2026-07-23 17:00:00,1.142500,1.142760,1.142090,1.142520
2026-07-23 18:00:00,1.142510,1.142510,1.140810,1.141120
2026-07-23 19:00:00,1.141140,1.141570,1.140990,1.141380
2026-07-23 20:00:00,1.141360,1.141360,1.140370,1.140490
2026-07-23 21:00:00,1.140520,1.140590,1.138450,1.139500
2026-07-23 22:00:00,1.139470,1.139670,1.137510,1.138580
2026-07-23 23:00:00,1.138550,1.138680,1.136890,1.137490
2026-07-24 00:00:00,1.137580,1.137580,1.136450,1.137080
2026-07-24 01:00:00,1.136970,1.137670,1.136710,1.137210
2026-07-24 02:00:00,1.137180,1.138090,1.137100,1.138020
2026-07-24 03:00:00,1.137990,1.138100,1.137200,1.137220
2026-07-24 04:00:00,1.137240,1.137640,1.137110,1.137500
2026-07-24 05:00:00,1.137510,1.137930,1.137400,1.137850
2026-07-24 06:00:00,1.137840,1.138030,1.137660,1.137790
2026-07-24 07:00:00,1.137780,1.138160,1.137450,1.137670
2026-07-24 08:00:00,1.137810,1.138050,1.137630,1.137960
2026-07-24 09:00:00,1.137980,1.138020,1.137560,1.137740
2026-07-24 10:00:00,1.137710,1.138370,1.137580,1.138320
2026-07-24 11:00:00,1.138240,1.138730,1.138200,1.138380
2026-07-24 12:00:00,1.138410,1.138780,1.138190,1.138270
2026-07-24 13:00:00,1.138260,1.138290,1.137790,1.138220
2026-07-24 14:00:00,1.138160,1.138430,1.137690,1.137910
2026-07-24 15:00:00,1.137860,1.138350,1.137710,1.137820
2026-07-24 16:00:00,1.137810,1.138700,1.137750,1.138520
2026-07-24 17:00:00,1.138530,1.140000,1.138530,1.139080
2026-07-24 18:00:00,1.139130,1.139130,1.138160,1.138270
2026-07-24 19:00:00,1.138250,1.138830,1.138250,1.138810
2026-07-24 20:00:00,1.138780,1.139300,1.138100,1.138400
2026-07-26 21:00:00,1.137460,1.137640,1.137100,1.137240
2026-07-26 22:00:00,1.137210,1.137270,1.137200,1.137240
2026-07-26 23:00:00,1.137210,1.137510,1.136980,1.137250
2026-07-27 00:00:00,1.137230,1.137380,1.137060,1.137320
2026-07-27 01:00:00,1.137300,1.137550,1.136610,1.137140
2026-07-27 02:00:00,1.137120,1.137440,1.136710,1.136800
2026-07-27 03:00:00,1.136780,1.137540,1.136670,1.137320
2026-07-27 04:00:00,1.137300,1.137420,1.137050,1.137350
2026-07-27 05:00:00,1.137330,1.140240,1.136690,1.138540
2026-07-27 06:00:00,1.138510,1.139770,1.136360,1.139020
2026-07-27 07:00:00,1.138760,1.139850,1.136650,1.139030
2026-07-27 08:00:00,1.139100,1.139990,1.138860,1.138880
2026-07-27 09:00:00,1.138930,1.139550,1.138860,1.139530
2026-07-27 10:00:00,1.139500,1.141300,1.139480,1.140220
2026-07-27 11:00:00,1.140210,1.141400,1.140140,1.141310
2026-07-27 12:00:00,1.141190,1.141430,1.140590,1.140590
2026-07-27 13:00:00,1.140610,1.140720,1.140170,1.140370
2026-07-27 14:00:00,1.140400,1.140550,1.140210,1.140430
2026-07-27 15:00:00,1.140400,1.140740,1.140280,1.140650
2026-07-27 16:00:00,1.140640,1.141760,1.140600,1.140980
2026-07-27 17:00:00,1.140950,1.141100,1.139820,1.139890
2026-07-27 18:00:00,1.140020,1.140330,1.139510,1.140310
2026-07-27 19:00:00,1.140270,1.140380,1.139500,1.139670
2026-07-27 20:00:00,1.139720,1.140150,1.139350,1.139540
2026-07-27 21:00:00,1.139590,1.139600,1.138560,1.138680
2026-07-27 22:00:00,1.138600,1.139090,1.137720,1.138550
2026-07-27 23:00:00,1.138530,1.138630,1.137280,1.137320
2026-07-28 00:00:00,1.137360,1.137640,1.136950,1.137230
2026-07-28 01:00:00,1.137190,1.137790,1.136890,1.137640
2026-07-28 02:00:00,1.137700,1.138520,1.137360,1.138030
2026-07-28 03:00:00,1.138010,1.138060,1.136910,1.137270
2026-07-28 04:00:00,1.137230,1.137390,1.136780,1.136810
2026-07-28 05:00:00,1.136820,1.137350,1.136700,1.137070
2026-07-28 06:00:00,1.137100,1.137270,1.136710,1.136810
2026-07-28 07:00:00,1.136810,1.137380,1.136730,1.136960
2026-07-28 08:00:00,1.137200,1.137300,1.136860,1.136870
2026-07-28 09:00:00,1.136920,1.137090,1.136770,1.136950
2026-07-28 10:00:00,1.136920,1.137450,1.136710,1.137400
2026-07-28 11:00:00,1.137340,1.137750,1.137050,1.137340
2026-07-28 12:00:00,1.137300,1.137880,1.137100,1.137800
2026-07-28 13:00:00,1.137780,1.138050,1.137370,1.137400
2026-07-28 14:00:00,1.137430,1.137520,1.136810,1.136810
2026-07-28 15:00:00,1.136830,1.136920,1.136200,1.136630
2026-07-28 16:00:00,1.136610,1.137330,1.136530,1.136940
2026-07-28 17:00:00,1.136930,1.137410,1.136390,1.136500
2026-07-28 18:00:00,1.136520,1.137280,1.136520,1.137230
2026-07-28 19:00:00,1.137200,1.137330,1.135660,1.135680
2026-07-28 20:00:00,1.135710,1.136370,1.135420,1.136070
2026-07-28 21:00:00,1.136120,1.136780,1.135710,1.136750
2026-07-28 22:00:00,1.136730,1.136860,1.136090,1.136720
2026-07-28 23:00:00,1.136700,1.137390,1.136560,1.137190
2026-07-29 00:00:00,1.137100,1.138640,1.137100,1.138620
2026-07-29 01:00:00,1.138540,1.140120,1.138430,1.140040
2026-07-29 02:00:00,1.139950,1.140540,1.139590,1.139620
2026-07-29 03:00:00,1.139660,1.139770,1.138820,1.138890
2026-07-29 04:00:00,1.138920,1.139170,1.138610,1.138670
2026-07-29 05:00:00,1.138700,1.139220,1.138650,1.138750
2026-07-29 06:00:00,1.138820,1.138940,1.138550,1.138660
2026-07-29 07:00:00,1.138660,1.139340,1.138630,1.139060
2026-07-29 08:00:00,1.139090,1.139140,1.138430,1.138560
2026-07-29 09:00:00,1.138540,1.138660,1.138210,1.138640
2026-07-29 10:00:00,1.138620,1.139140,1.138300,1.139100
2026-07-29 11:00:00,1.139050,1.139260,1.138550,1.139100
2026-07-29 12:00:00,1.139120,1.139630,1.139020,1.139580
2026-07-29 13:00:00,1.139570,1.140060,1.139420,1.139650
2026-07-29 14:00:00,1.139720,1.140370,1.139650,1.140090
2026-07-29 15:00:00,1.140030,1.140320,1.139760,1.139830
2026-07-29 16:00:00,1.139870,1.140090,1.139030,1.139250
2026-07-29 17:00:00,1.139210,1.140090,1.139120,1.139820
2026-07-29 18:00:00,1.139800,1.140060,1.139320,1.139590
2026-07-29 19:00:00,1.139650,1.139740,1.139200,1.139220
2026-07-29 20:00:00,1.139260,1.139310,1.138370,1.138520
2026-07-29 21:00:00,1.138470,1.138870,1.138100,1.138120
2026-07-29 22:00:00,1.138140,1.138280,1.137530,1.137760
2026-07-29 23:00:00,1.137810,1.139240,1.137640,1.139150
2026-07-30 00:00:00,1.139110,1.139910,1.138160,1.138220
2026-07-30 01:00:00,1.138310,1.138610,1.137880,1.138240
2026-07-30 02:00:00,1.138230,1.138590,1.137730,1.138570
2026-07-30 03:00:00,1.138560,1.140060,1.138400,1.139670
2026-07-30 04:00:00,1.139620,1.145150,1.139380,1.145100
2026-07-30 05:00:00,1.145020,1.146660,1.144090,1.144940
2026-07-30 06:00:00,1.145090,1.147050,1.144730,1.146700
2026-07-30 07:00:00,1.146770,1.146830,1.145660,1.146040
2026-07-30 08:00:00,1.146180,1.147180,1.146160,1.147160
2026-07-30 09:00:00,1.147130,1.147530,1.146470,1.146750
2026-07-30 10:00:00,1.146770,1.146890,1.145620,1.145830
2026-07-30 11:00:00,1.145810,1.146160,1.145280,1.145290
2026-07-30 12:00:00,1.145310,1.145560,1.145160,1.145350
2026-07-30 13:00:00,1.145360,1.145480,1.144830,1.145000
2026-07-30 14:00:00,1.145020,1.145440,1.144940,1.145080
2026-07-30 15:00:00,1.145060,1.145630,1.144950,1.144980
2026-07-30 16:00:00,1.145000,1.145120,1.144380,1.144760
2026-07-30 17:00:00,1.144780,1.145060,1.143500,1.143750
2026-07-30 18:00:00,1.143730,1.145510,1.143730,1.144740
2026-07-30 19:00:00,1.144820,1.146740,1.144710,1.146600
2026-07-30 20:00:00,1.146560,1.148430,1.146130,1.147530
2026-07-30 21:00:00,1.147480,1.147700,1.146530,1.147470
2026-07-30 22:00:00,1.147400,1.148290,1.147090,1.147560
2026-07-30 23:00:00,1.147490,1.152170,1.147050,1.152060
2026-07-31 00:00:00,1.151780,1.153630,1.150400,1.150450
2026-07-31 01:00:00,1.150530,1.152570,1.149970,1.152170
2026-07-31 02:00:00,1.152220,1.153090,1.152110,1.152730
2026-07-31 03:00:00,1.152630,1.153180,1.151410,1.152870
2026-07-31 04:00:00,1.152850,1.153590,1.152760,1.153440
2026-07-31 05:00:00,1.153360,1.153560,1.152830,1.153190
2026-07-31 06:00:00,1.153130,1.153270,1.152660,1.152760
2026-07-31 07:00:00,1.152790,1.152990,1.152430,1.152600
2026-07-31 08:00:00,1.152580,1.153140,1.152540,1.152830
2026-07-31 09:00:00,1.152890,1.153210,1.152270,1.152390
2026-07-31 10:00:00,1.152390,1.152670,1.151610,1.151860
2026-07-31 11:00:00,1.151880,1.152090,1.151050,1.151060
2026-07-31 12:00:00,1.151080,1.151660,1.151010,1.151220
2026-07-31 13:00:00,1.151190,1.151470,1.150680,1.151370
2026-07-31 14:00:00,1.151340,1.151440,1.150480,1.150850
2026-07-31 15:00:00,1.150820,1.151000,1.150510,1.150700
2026-07-31 16:00:00,1.150670,1.152220,1.150590,1.151870
2026-07-31 17:00:00,1.151850,1.152460,1.151120,1.151410
2026-07-31 18:00:00,1.151380,1.152600,1.150430,1.152580
2026-07-31 19:00:00,1.152520,1.152520,1.150360,1.150530
2026-07-31 20:00:00,1.150540,1.150830,1.150140,1.150170
2026-08-02 21:00:00,1.153540,1.153930,1.152990,1.153190
2026-08-02 22:00:00,1.153170,1.153220,1.153150,1.153190
2026-08-02 23:00:00,1.153170,1.153320,1.152590,1.152720
2026-08-03 00:00:00,1.152700,1.152870,1.152270,1.152840
2026-08-03 01:00:00,1.152820,1.153230,1.152650,1.152830
2026-08-03 02:00:00,1.152820,1.152990,1.152500,1.152640
2026-08-03 03:00:00,1.152620,1.153060,1.152610,1.152880
2026-08-03 04:00:00,1.152880,1.153260,1.152580,1.152930
2026-08-03 05:00:00,1.152930,1.155870,1.152010,1.152940
2026-08-03 06:00:00,1.153580,1.155630,1.152210,1.153180
2026-08-03 07:00:00,1.154510,1.155130,1.152260,1.154850
2026-08-03 08:00:00,1.154810,1.155930,1.154780,1.154880
2026-08-03 09:00:00,1.154900,1.155130,1.154200,1.154290
2026-08-03 10:00:00,1.154370,1.155580,1.153540,1.154210
2026-08-03 11:00:00,1.154240,1.154490,1.153070,1.153120
2026-08-03 12:00:00,1.153150,1.153590,1.152880,1.153190
2026-08-03 13:00:00,1.153190,1.153190,1.152720,1.152990
2026-08-03 14:00:00,1.152920,1.153610,1.152900,1.153440
2026-08-03 15:00:00,1.153420,1.153800,1.153180,1.153690
2026-08-03 16:00:00,1.153710,1.153870,1.152410,1.152660
2026-08-03 17:00:00,1.152690,1.153260,1.152130,1.152690
2026-08-03 18:00:00,1.152610,1.152840,1.152170,1.152260
2026-08-03 19:00:00,1.152280,1.153040,1.152070,1.152380
2026-08-03 20:00:00,1.152590,1.152590,1.151720,1.152340
2026-08-03 21:00:00,1.152320,1.153200,1.152090,1.153190
2026-08-03 22:00:00,1.153130,1.153530,1.152300,1.152880
2026-08-03 23:00:00,1.152780,1.153500,1.152230,1.152610
2026-08-04 00:00:00,1.152480,1.152720,1.151070,1.151550
2026-08-04 01:00:00,1.151510,1.151510,1.150190,1.150980
2026-08-04 02:00:00,1.150960,1.151070,1.150520,1.150790
2026-08-04 03:00:00,1.150810,1.150810,1.150180,1.150190
2026-08-04 04:00:00,1.150200,1.151490,1.150200,1.151440
2026-08-04 05:00:00,1.151440,1.151530,1.150930,1.150970
2026-08-04 06:00:00,1.151040,1.151100,1.150640,1.150850
2026-08-04 07:00:00,1.150880,1.151210,1.150690,1.150930
2026-08-04 08:00:00,1.151070,1.151150,1.150680,1.150890
2026-08-04 09:00:00,1.150900,1.151080,1.150660,1.150720
2026-08-04 10:00:00,1.150720,1.151470,1.150550,1.150590
2026-08-04 11:00:00,1.150600,1.151470,1.150300,1.151320
2026-08-04 12:00:00,1.151320,1.151360,1.150840,1.150870
2026-08-04 13:00:00,1.150930,1.151330,1.150780,1.150810
2026-08-04 14:00:00,1.150820,1.151100,1.150620,1.151070
2026-08-04 15:00:00,1.151060,1.151080,1.150430,1.150660
2026-08-04 16:00:00,1.150670,1.151040,1.150390,1.150700
2026-08-04 17:00:00,1.150680,1.151790,1.150640,1.151100
2026-08-04 18:00:00,1.151190,1.151410,1.150650,1.150790
2026-08-04 19:00:00,1.150740,1.151160,1.150400,1.150740
2026-08-04 20:00:00,1.150710,1.151910,1.150690,1.151470
2026-08-04 21:00:00,1.151430,1.152340,1.151200,1.151990
2026-08-04 22:00:00,1.151930,1.152340,1.151370,1.151530
2026-08-04 23:00:00,1.151590,1.152660,1.151000,1.152440
2026-08-05 00:00:00,1.152400,1.153070,1.151940,1.152280
2026-08-05 01:00:00,1.152200,1.152630,1.151440,1.152610
2026-08-05 02:00:00,1.152570,1.152700,1.151670,1.151890
2026-08-05 03:00:00,1.151870,1.152690,1.151850,1.152520
2026-08-05 04:00:00,1.152590,1.153380,1.152270,1.153170
2026-08-05 05:00:00,1.153260,1.153380,1.152950,1.153150
2026-08-05 06:00:00,1.153120,1.153440,1.153060,1.153320
2026-08-05 07:00:00,1.153310,1.153330,1.152820,1.152960
2026-08-05 08:00:00,1.153000,1.153310,1.152930,1.153270
2026-08-05 09:00:00,1.153240,1.153350,1.153000,1.153250
2026-08-05 10:00:00,1.153210,1.153560,1.152970,1.153130
2026-08-05 11:00:00,1.153170,1.153180,1.152680,1.152740
2026-08-05 12:00:00,1.152750,1.154090,1.152620,1.153550
2026-08-05 13:00:00,1.153610,1.154070,1.153460,1.153760
2026-08-05 14:00:00,1.153730,1.154060,1.153490,1.153540
2026-08-05 15:00:00,1.153540,1.153850,1.153230,1.153680
2026-08-05 16:00:00,1.153650,1.154580,1.153270,1.154460
2026-08-05 17:00:00,1.154490,1.154620,1.153430,1.153930
2026-08-05 18:00:00,1.153910,1.154450,1.153110,1.153680
2026-08-05 19:00:00,1.153650,1.154280,1.153400,1.154020
2026-08-05 20:00:00,1.154030,1.154120,1.153540,1.154040
2026-08-05 21:00:00,1.154020,1.155560,1.153960,1.155380
2026-08-05 22:00:00,1.155330,1.155710,1.154570,1.154720
2026-08-05 23:00:00,1.154700,1.155410,1.153970,1.154350
2026-08-06 00:00:00,1.154320,1.155670,1.154200,1.155310
2026-08-06 01:00:00,1.155260,1.155560,1.154270,1.154640
2026-08-06 02:00:00,1.154630,1.154980,1.154310,1.154510
2026-08-06 03:00:00,1.154550,1.155720,1.154310,1.155700
2026-08-06 04:00:00,1.155690,1.155970,1.155320,1.155400
2026-08-06 05:00:00,1.155470,1.155470,1.154770,1.155050
2026-08-06 06:00:00,1.155110,1.155460,1.154950,1.155420
2026-08-06 07:00:00,1.155390,1.155740,1.155240,1.155330
2026-08-06 08:00:00,1.155340,1.155560,1.155000,1.155410
2026-08-06 09:00:00,1.155440,1.155820,1.155430,1.155640
2026-08-06 10:00:00,1.155660,1.155980,1.155470,1.155670
2026-08-06 11:00:00,1.155700,1.155750,1.155360,1.155460
2026-08-06 12:00:00,1.155490,1.155840,1.155240,1.155420
2026-08-06 13:00:00,1.155400,1.155430,1.154710,1.154740
2026-08-06 14:00:00,1.154740,1.155020,1.154710,1.154920
2026-08-06 15:00:00,1.154910,1.155060,1.154440,1.154950
2026-08-06 16:00:00,1.154930,1.155130,1.154320,1.154410
2026-08-06 17:00:00,1.154390,1.154670,1.154110,1.154400
2026-08-06 18:00:00,1.154450,1.154640,1.154030,1.154350
2026-08-06 19:00:00,1.154330,1.154420,1.153710,1.153890
2026-08-06 20:00:00,1.153960,1.154300,1.153600,1.154120
2026-08-06 21:00:00,1.154090,1.154800,1.153820,1.154480
2026-08-06 22:00:00,1.154450,1.154570,1.153760,1.154060
2026-08-06 23:00:00,1.154040,1.154490,1.153620,1.154340
2026-08-07 00:00:00,1.154380,1.154380,1.153110,1.153540
2026-08-07 01:00:00,1.153490,1.153600,1.151970,1.152260
2026-08-07 02:00:00,1.152240,1.152250,1.151500,1.152090
2026-08-07 03:00:00,1.152050,1.152320,1.151770,1.152300
2026-08-07 04:00:00,1.152260,1.152480,1.152170,1.152340
2026-08-07 05:00:00,1.152380,1.152590,1.151740,1.152260
2026-08-07 06:00:00,1.152300,1.152470,1.151870,1.152440
2026-08-07 07:00:00,1.152410,1.152640,1.151970,1.152200
2026-08-07 08:00:00,1.152160,1.152310,1.152090,1.152250
2026-08-07 09:00:00,1.152220,1.152480,1.152180,1.152400
2026-08-07 10:00:00,1.152410,1.152500,1.151850,1.151960
2026-08-07 11:00:00,1.151940,1.152540,1.151870,1.152210
2026-08-07 12:00:00,1.152210,1.152390,1.152040,1.152130
2026-08-07 13:00:00,1.152180,1.152360,1.151980,1.152310
2026-08-07 14:00:00,1.152290,1.152480,1.152150,1.152450
2026-08-07 15:00:00,1.152430,1.152570,1.152110,1.152320
2026-08-07 16:00:00,1.152300,1.152500,1.152060,1.152250
2026-08-07 17:00:00,1.152300,1.152540,1.151720,1.152320
2026-08-07 18:00:00,1.152300,1.152670,1.151840,1.152430
2026-08-07 19:00:00,1.152400,1.153150,1.152300,1.152930
2026-08-07 20:00:00,1.152950,1.152980,1.152600,1.152760
2026-08-09 21:00:00,1.156080,1.156310,1.155590,1.155860
2026-08-09 22:00:00,1.155840,1.155890,1.153020,1.153340
2026-08-09 23:00:00,1.153320,1.157170,1.152610,1.153710
2026-08-10 00:00:00,1.153690,1.156800,1.153540,1.153940
2026-08-10 01:00:00,1.153920,1.154990,1.152750,1.153010
2026-08-10 02:00:00,1.153010,1.154490,1.152880,1.153100
2026-08-10 03:00:00,1.153100,1.157210,1.152790,1.153400
2026-08-10 04:00:00,1.153410,1.156940,1.153020,1.154000
2026-08-10 05:00:00,1.154180,1.159000,1.153620,1.155810
2026-08-10 06:00:00,1.155670,1.157430,1.155490,1.155880
2026-08-10 07:00:00,1.156090,1.156680,1.155640,1.156280
2026-08-10 08:00:00,1.156160,1.156280,1.155490,1.155560
2026-08-10 09:00:00,1.155570,1.155850,1.155450,1.155600
2026-08-10 10:00:00,1.155610,1.155950,1.155440,1.155850
2026-08-10 11:00:00,1.155840,1.155900,1.155230,1.155320
2026-08-10 12:00:00,1.155330,1.155540,1.155120,1.155150
2026-08-10 13:00:00,1.155190,1.155370,1.154910,1.154960
2026-08-10 14:00:00,1.154950,1.155300,1.154810,1.155250
2026-08-10 15:00:00,1.155230,1.155590,1.155040,1.155450
2026-08-10 16:00:00,1.155480,1.155700,1.155240,1.155510
2026-08-10 17:00:00,1.155480,1.156470,1.155250,1.156090
2026-08-10 18:00:00,1.156050,1.156580,1.155980,1.156240
2026-08-10 19:00:00,1.156200,1.156400,1.155710,1.155800
2026-08-10 20:00:00,1.155860,1.155860,1.155470,1.155580
2026-08-10 21:00:00,1.155560,1.155670,1.154930,1.155190
2026-08-10 22:00:00,1.155150,1.155490,1.154600,1.154830
2026-08-10 23:00:00,1.154810,1.155330,1.154410,1.154610
2026-08-11 00:00:00,1.154600,1.155550,1.154470,1.155100
2026-08-11 01:00:00,1.155150,1.155330,1.154630,1.155140
2026-08-11 02:00:00,1.155110,1.155500,1.154510,1.154810
2026-08-11 03:00:00,1.154790,1.154800,1.154130,1.154200
2026-08-11 04:00:00,1.154220,1.154510,1.154030,1.154170
2026-08-11 05:00:00,1.154220,1.154360,1.154000,1.154120
2026-08-11 06:00:00,1.154170,1.154370,1.154120,1.154320
2026-08-11 07:00:00,1.154300,1.154610,1.154210,1.154260
2026-08-11 08:00:00,1.154290,1.154480,1.154250,1.154410
2026-08-11 09:00:00,1.154400,1.154680,1.154230,1.154660
2026-08-11 10:00:00,1.154630,1.154960,1.154530,1.154650
2026-08-11 11:00:00,1.154680,1.155020,1.154320,1.154680
2026-08-11 12:00:00,1.154750,1.154750,1.153870,1.154040
2026-08-11 13:00:00,1.154020,1.154550,1.153980,1.154320
2026-08-11 14:00:00,1.154300,1.154530,1.153930,1.154190
2026-08-11 15:00:00,1.154210,1.154310,1.153880,1.154120
2026-08-11 16:00:00,1.154090,1.154320,1.153350,1.153630
2026-08-11 17:00:00,1.153590,1.154090,1.153220,1.153250
2026-08-11 18:00:00,1.153310,1.153880,1.153140,1.153650
2026-08-11 19:00:00,1.153620,1.153730,1.153310,1.153710
2026-08-11 20:00:00,1.153680,1.153850,1.153320,1.153620
2026-08-11 21:00:00,1.153560,1.154330,1.153550,1.153740
2026-08-11 22:00:00,1.153720,1.154370,1.153440,1.154360
2026-08-11 23:00:00,1.154350,1.154900,1.153890,1.154410
2026-08-12 00:00:00,1.154470,1.154470,1.153860,1.154240
2026-08-12 01:00:00,1.154210,1.154510,1.153700,1.154200
2026-08-12 02:00:00,1.154210,1.154320,1.153920,1.153950
2026-08-12 03:00:00,1.153990,1.154090,1.153460,1.153770
2026-08-12 04:00:00,1.153800,1.154250,1.153520,1.153960
2026-08-12 05:00:00,1.154020,1.154360,1.153990,1.154210
2026-08-12 06:00:00,1.154260,1.154420,1.153930,1.154320
2026-08-12 07:00:00,1.154290,1.154350,1.153950,1.154040
2026-08-12 08:00:00,1.154060,1.154400,1.154030,1.154330
2026-08-12 09:00:00,1.154340,1.154410,1.154120,1.154380
2026-08-12 10:00:00,1.154360,1.154520,1.153990,1.154090
2026-08-12 11:00:00,1.154120,1.154130,1.153680,1.153860
2026-08-12 12:00:00,1.153840,1.154000,1.153500,1.153790
2026-08-12 13:00:00,1.153780,1.153890,1.153500,1.153560
2026-08-12 14:00:00,1.153550,1.153680,1.153300,1.153650
2026-08-12 15:00:00,1.153630,1.153630,1.153220,1.153410
2026-08-12 16:00:00,1.153380,1.153680,1.153320,1.153600
2026-08-12 17:00:00,1.153610,1.153960,1.153580,1.153720
2026-08-12 18:00:00,1.153690,1.154030,1.153460,1.153700
2026-08-12 19:00:00,1.153700,1.154800,1.153540,1.153700
2026-08-12 20:00:00,1.153680,1.153930,1.153350,1.153520
2026-08-12 21:00:00,1.153590,1.154560,1.153380,1.154520
2026-08-12 22:00:00,1.154510,1.155960,1.153540,1.155730
2026-08-12 23:00:00,1.155620,1.156220,1.154680,1.155290
2026-08-13 00:00:00,1.155270,1.155440,1.153970,1.154210
2026-08-13 01:00:00,1.154230,1.154400,1.153550,1.153980
2026-08-13 02:00:00,1.153920,1.154040,1.152540,1.152900
2026-08-13 03:00:00,1.152880,1.153070,1.152210,1.152230
2026-08-13 04:00:00,1.152260,1.152680,1.151990,1.152000
2026-08-13 05:00:00,1.152030,1.152490,1.151970,1.152010
2026-08-13 06:00:00,1.152120,1.152650,1.152120,1.152470
2026-08-13 07:00:00,1.152510,1.152940,1.152230,1.152320
2026-08-13 08:00:00,1.152330,1.152720,1.152330,1.152700
2026-08-13 09:00:00,1.152670,1.152840,1.152640,1.152830
2026-08-13 10:00:00,1.152820,1.153150,1.152700,1.152870
2026-08-13 11:00:00,1.152810,1.153140,1.152410,1.152500
2026-08-13 12:00:00,1.152470,1.152590,1.152020,1.152250
2026-08-13 13:00:00,1.152240,1.152430,1.152050,1.152250
2026-08-13 14:00:00,1.152230,1.152670,1.151990,1.152660
2026-08-13 15:00:00,1.152610,1.152740,1.152340,1.152580
2026-08-13 16:00:00,1.152560,1.152590,1.151200,1.151720
2026-08-13 17:00:00,1.151710,1.152820,1.151710,1.152720
2026-08-13 18:00:00,1.152680,1.152880,1.152270,1.152560
2026-08-13 19:00:00,1.152520,1.153450,1.152370,1.153430
2026-08-13 20:00:00,1.153350,1.153920,1.153350,1.153670
2026-08-13 21:00:00,1.153650,1.153890,1.153300,1.153440
2026-08-13 22:00:00,1.153430,1.154400,1.152600,1.154350
2026-08-13 23:00:00,1.154240,1.154500,1.153180,1.153500
2026-08-14 00:00:00,1.153470,1.154550,1.153140,1.154530
2026-08-14 01:00:00,1.154490,1.154530,1.153060,1.153090
2026-08-14 02:00:00,1.153140,1.153270,1.152470,1.152910
2026-08-14 03:00:00,1.152980,1.153160,1.152580,1.152910
2026-08-14 04:00:00,1.152890,1.153210,1.152640,1.152880
2026-08-14 05:00:00,1.152900,1.153200,1.152770,1.152790
2026-08-14 06:00:00,1.152830,1.153030,1.152640,1.152910
2026-08-14 07:00:00,1.152970,1.153240,1.152670,1.152890
2026-08-14 08:00:00,1.152870,1.153260,1.152840,1.153200
2026-08-14 09:00:00,1.153190,1.153470,1.153130,1.153430
2026-08-14 10:00:00,1.153420,1.153880,1.153360,1.153860
2026-08-14 11:00:00,1.153800,1.153890,1.153200,1.153460
2026-08-14 12:00:00,1.153510,1.153770,1.153350,1.153390
2026-08-14 13:00:00,1.153390,1.153940,1.153380,1.153830
2026-08-14 14:00:00,1.153800,1.154060,1.153670,1.153880
2026-08-14 15:00:00,1.153900,1.154230,1.153840,1.154140
2026-08-14 16:00:00,1.154100,1.154450,1.153890,1.154430
2026-08-14 17:00:00,1.154400,1.155160,1.154280,1.155100
2026-08-14 18:00:00,1.155060,1.155760,1.154950,1.155570
2026-08-14 19:00:00,1.155500,1.155770,1.155130,1.155400
2026-08-14 20:00:00,1.155360,1.155680,1.155230,1.155530
2026-08-16 21:00:00,1.156760,1.156830,1.156740,1.156790
2026-08-16 22:00:00,1.156780,1.156830,1.156760,1.156780
2026-08-16 23:00:00,1.156780,1.157220,1.156630,1.157000
2026-08-17 00:00:00,1.156970,1.157170,1.156950,1.157010
2026-08-17 01:00:00,1.157010,1.158040,1.151230,1.154360
2026-08-17 02:00:00,1.154360,1.158310,1.153230,1.155590
2026-08-17 03:00:00,1.155590,1.158580,1.154560,1.157030
2026-08-17 04:00:00,1.157040,1.157680,1.156700,1.157080
2026-08-17 05:00:00,1.157170,1.157760,1.155310,1.155990
2026-08-17 06:00:00,1.156350,1.157550,1.155120,1.156660
2026-08-17 07:00:00,1.156710,1.157250,1.156440,1.156960
2026-08-17 08:00:00,1.156570,1.157540,1.156550,1.157510
2026-08-17 09:00:00,1.157470,1.157610,1.157260,1.157440
2026-08-17 10:00:00,1.157410,1.158170,1.157390,1.157900
2026-08-17 11:00:00,1.157930,1.158380,1.157820,1.158330
2026-08-17 12:00:00,1.158320,1.158460,1.157940,1.157950
2026-08-17 13:00:00,1.157960,1.158350,1.157850,1.158340
2026-08-17 14:00:00,1.158280,1.158840,1.158250,1.158540
2026-08-17 15:00:00,1.158520,1.158940,1.158310,1.158760
2026-08-17 16:00:00,1.158730,1.159690,1.158390,1.159670
2026-08-17 17:00:00,1.159650,1.161200,1.159330,1.160740
2026-08-17 18:00:00,1.160710,1.161610,1.159570,1.159970
2026-08-17 19:00:00,1.159910,1.160260,1.159680,1.159750
2026-08-17 20:00:00,1.159730,1.159810,1.159020,1.159030
2026-08-17 21:00:00,1.159050,1.159530,1.158780,1.159280
2026-08-17 22:00:00,1.159230,1.159800,1.158760,1.159560
2026-08-17 23:00:00,1.159590,1.160070,1.158870,1.159520
2026-08-18 00:00:00,1.159500,1.159930,1.158640,1.158800
2026-08-18 01:00:00,1.158760,1.159020,1.158130,1.158900
2026-08-18 02:00:00,1.158940,1.159180,1.158590,1.158840
2026-08-18 03:00:00,1.158860,1.158960,1.157660,1.157770
2026-08-18 04:00:00,1.157800,1.157850,1.157140,1.157320
2026-08-18 05:00:00,1.157300,1.158070,1.157250,1.157880
2026-08-18 06:00:00,1.157840,1.158040,1.157720,1.158010
2026-08-18 07:00:00,1.157960,1.158490,1.157780,1.157850
2026-08-18 08:00:00,1.157840,1.158090,1.157770,1.157900
2026-08-18 09:00:00,1.157880,1.158390,1.157820,1.158310
2026-08-18 10:00:00,1.158290,1.158540,1.157750,1.158110
2026-08-18 11:00:00,1.158110,1.158620,1.157920,1.157950
2026-08-18 12:00:00,1.158000,1.158070,1.157570,1.158030
2026-08-18 13:00:00,1.158010,1.158040,1.157180,1.157430
2026-08-18 14:00:00,1.157410,1.157500,1.157020,1.157240
2026-08-18 15:00:00,1.157310,1.157460,1.156970,1.157370
2026-08-18 16:00:00,1.157350,1.157460,1.156720,1.157040
2026-08-18 17:00:00,1.156990,1.157800,1.156920,1.157620
2026-08-18 18:00:00,1.157580,1.157810,1.156980,1.157680
2026-08-18 19:00:00,1.157710,1.157980,1.157260,1.157980
2026-08-18 20:00:00,1.157940,1.157980,1.157390,1.157670
2026-08-18 21:00:00,1.157630,1.157720,1.157280,1.157710
2026-08-18 22:00:00,1.157670,1.157970,1.157220,1.157610
2026-08-18 23:00:00,1.157720,1.158500,1.157260,1.158060
2026-08-19 00:00:00,1.157980,1.158840,1.157980,1.158410
2026-08-19 01:00:00,1.158380,1.158610,1.157630,1.157920
2026-08-19 02:00:00,1.157980,1.158590,1.157900,1.158000
2026-08-19 03:00:00,1.158020,1.158040,1.157430,1.157700
2026-08-19 04:00:00,1.157660,1.157900,1.157430,1.157630
2026-08-19 05:00:00,1.157610,1.158130,1.157460,1.157470
2026-08-19 06:00:00,1.157510,1.157720,1.157140,1.157690
2026-08-19 07:00:00,1.157640,1.157890,1.157450,1.157630
2026-08-19 08:00:00,1.157510,1.157750,1.157450,1.157630
2026-08-19 09:00:00,1.157660,1.157880,1.157340,1.157600
2026-08-19 10:00:00,1.157570,1.158190,1.157370,1.157430
2026-08-19 11:00:00,1.157530,1.157800,1.157030,1.157760
2026-08-19 12:00:00,1.157750,1.158740,1.157540,1.158160
2026-08-19 13:00:00,1.158130,1.158530,1.158090,1.158190
2026-08-19 14:00:00,1.158170,1.158680,1.158080,1.158670
2026-08-19 15:00:00,1.158640,1.158970,1.158470,1.158950
2026-08-19 16:00:00,1.158920,1.159840,1.158840,1.159530
2026-08-19 17:00:00,1.159500,1.159780,1.159160,1.159610
2026-08-19 18:00:00,1.159680,1.160560,1.159570,1.159830
2026-08-19 19:00:00,1.159810,1.160800,1.159680,1.160730
2026-08-19 20:00:00,1.160700,1.161190,1.160540,1.160640
2026-08-19 21:00:00,1.160630,1.160860,1.159940,1.160340
2026-08-19 22:00:00,1.160370,1.164350,1.160280,1.163750
2026-08-19 23:00:00,1.164020,1.165900,1.163590,1.165840
2026-08-20 00:00:00,1.165810,1.167880,1.165420,1.166170
2026-08-20 01:00:00,1.166250,1.166780,1.165690,1.166330
2026-08-20 02:00:00,1.166250,1.167260,1.166250,1.166860
2026-08-20 03:00:00,1.166960,1.167220,1.165910,1.165920
2026-08-20 04:00:00,1.165950,1.167520,1.165620,1.167450
2026-08-20 05:00:00,1.167440,1.167900,1.167010,1.167650
2026-08-20 06:00:00,1.167710,1.167960,1.167520,1.167800
2026-08-20 07:00:00,1.167800,1.168070,1.167530,1.167710
2026-08-20 08:00:00,1.167730,1.168070,1.167530,1.167620
2026-08-20 09:00:00,1.167610,1.167790,1.167260,1.167390
2026-08-20 10:00:00,1.167380,1.167980,1.167230,1.167550
2026-08-20 11:00:00,1.167520,1.168250,1.167020,1.167480
2026-08-20 12:00:00,1.167500,1.168280,1.167280,1.167520
2026-08-20 13:00:00,1.167500,1.168020,1.167430,1.167990
2026-08-20 14:00:00,1.167970,1.168050,1.167220,1.167300
2026-08-20 15:00:00,1.167440,1.167740,1.166990,1.167720
2026-08-20 16:00:00,1.167690,1.168800,1.167350,1.168760
2026-08-20 17:00:00,1.168640,1.169320,1.167820,1.169250
2026-08-20 18:00:00,1.169190,1.169990,1.168880,1.169810
2026-08-20 19:00:00,1.169780,1.170960,1.169580,1.170660
2026-08-20 20:00:00,1.170590,1.171090,1.169410,1.169480
2026-08-20 21:00:00,1.169520,1.169770,1.168320,1.168640
2026-08-20 22:00:00,1.168600,1.169080,1.167770,1.168960
2026-08-20 23:00:00,1.168900,1.169440,1.167570,1.167600
2026-08-21 00:00:00,1.167660,1.168520,1.167170,1.168370
2026-08-21 01:00:00,1.168310,1.169250,1.167220,1.167980
2026-08-21 02:00:00,1.167940,1.168010,1.166990,1.167410
2026-08-21 03:00:00,1.167380,1.167490,1.167050,1.167380
2026-08-21 04:00:00,1.167400,1.167640,1.167070,1.167510
2026-08-21 05:00:00,1.167570,1.167850,1.167350,1.167840
2026-08-21 06:00:00,1.167810,1.168010,1.167590,1.167910
2026-08-21 07:00:00,1.167900,1.168060,1.167690,1.167820
2026-08-21 08:00:00,1.167800,1.168450,1.167760,1.168350
2026-08-21 09:00:00,1.168310,1.168810,1.168310,1.168800
2026-08-21 10:00:00,1.168770,1.169000,1.168350,1.168400
2026-08-21 11:00:00,1.168390,1.169320,1.168330,1.169030
2026-08-21 12:00:00,1.169010,1.170090,1.168790,1.169690
2026-08-21 13:00:00,1.169780,1.169850,1.169170,1.169440
2026-08-21 14:00:00,1.169410,1.169590,1.169080,1.169380
2026-08-21 15:00:00,1.169360,1.169930,1.169040,1.169860
2026-08-21 16:00:00,1.169820,1.169910,1.169070,1.169790
2026-08-21 17:00:00,1.169720,1.170050,1.168740,1.169000
2026-08-21 18:00:00,1.168940,1.170620,1.168920,1.170500
2026-08-21 19:00:00,1.170400,1.171080,1.170100,1.170160
2026-08-21 20:00:00,1.170250,1.171020,1.169890,1.170150
2026-08-23 21:00:00,1.168700,1.168750,1.168210,1.168360
2026-08-23 22:00:00,1.168360,1.168410,1.168340,1.168360
2026-08-23 23:00:00,1.168360,1.168410,1.167970,1.168090
2026-08-24 00:00:00,1.168090,1.168370,1.167680,1.167690
2026-08-24 01:00:00,1.167700,1.167840,1.167570,1.167630
2026-08-24 02:00:00,1.167640,1.167880,1.167530,1.167600
2026-08-24 03:00:00,1.167610,1.167820,1.167490,1.167590
2026-08-24 04:00:00,1.167600,1.167680,1.167380,1.167610
2026-08-24 05:00:00,1.167580,1.169170,1.165840,1.167600
2026-08-24 06:00:00,1.167440,1.168150,1.167110,1.167610
2026-08-24 07:00:00,1.167630,1.167920,1.167320,1.167820
2026-08-24 08:00:00,1.167780,1.167980,1.167300,1.167570
2026-08-24 09:00:00,1.167600,1.168220,1.167490,1.168200
2026-08-24 10:00:00,1.168150,1.168720,1.168150,1.168500
2026-08-24 11:00:00,1.168440,1.168660,1.167680,1.168220
2026-08-24 12:00:00,1.168190,1.168530,1.167950,1.168200
2026-08-24 13:00:00,1.168250,1.168260,1.167800,1.168030
2026-08-24 14:00:00,1.168010,1.168260,1.167520,1.168240
2026-08-24 15:00:00,1.168210,1.168340,1.167650,1.168150
2026-08-24 16:00:00,1.168130,1.168130,1.167460,1.167810
2026-08-24 17:00:00,1.167790,1.168050,1.166570,1.166910
2026-08-24 18:00:00,1.166890,1.166890,1.166060,1.166460
2026-08-24 19:00:00,1.166480,1.166700,1.166090,1.166430
2026-08-24 20:00:00,1.166420,1.166710,1.166240,1.166500
2026-08-24 21:00:00,1.166530,1.167240,1.166300,1.166620
2026-08-24 22:00:00,1.166670,1.167340,1.166250,1.166900
2026-08-24 23:00:00,1.166950,1.167460,1.166410,1.166530
2026-08-25 00:00:00,1.166470,1.167220,1.166370,1.166730
2026-08-25 01:00:00,1.166690,1.167210,1.166450,1.166470
2026-08-25 02:00:00,1.166500,1.166920,1.166280,1.166540
2026-08-25 03:00:00,1.166490,1.166670,1.165500,1.165950
2026-08-25 04:00:00,1.165930,1.166610,1.165730,1.166370
2026-08-25 05:00:00,1.166300,1.166440,1.165920,1.166090
2026-08-25 06:00:00,1.166120,1.166480,1.166060,1.166430
2026-08-25 07:00:00,1.166430,1.166600,1.166040,1.166360
2026-08-25 08:00:00,1.166410,1.166620,1.166370,1.166540
2026-08-25 09:00:00,1.166530,1.166870,1.166390,1.166840
2026-08-25 10:00:00,1.166830,1.167210,1.166740,1.166930
2026-08-25 11:00:00,1.166910,1.166910,1.166250,1.166290
2026-08-25 12:00:00,1.166260,1.166500,1.165940,1.165970
2026-08-25 13:00:00,1.165940,1.166260,1.165850,1.166060
2026-08-25 14:00:00,1.166030,1.166120,1.165490,1.165550
2026-08-25 15:00:00,1.165520,1.165730,1.165340,1.165400
2026-08-25 16:00:00,1.165380,1.165920,1.165150,1.165280
2026-08-25 17:00:00,1.165220,1.166320,1.165220,1.165900
2026-08-25 18:00:00,1.165870,1.166740,1.165760,1.166700
2026-08-25 19:00:00,1.166610,1.167410,1.166610,1.166930
2026-08-25 20:00:00,1.166920,1.166920,1.165940,1.166340
2026-08-25 21:00:00,1.166320,1.166450,1.165870,1.165980
2026-08-25 22:00:00,1.166020,1.166660,1.165960,1.166590
2026-08-25 23:00:00,1.166590,1.167520,1.166460,1.167370
2026-08-26 00:00:00,1.167280,1.167480,1.166610,1.167050
2026-08-26 01:00:00,1.167000,1.167530,1.166640,1.167290
2026-08-26 02:00:00,1.167230,1.167360,1.166790,1.166960
2026-08-26 03:00:00,1.167030,1.167510,1.166920,1.167490
2026-08-26 04:00:00,1.167460,1.167560,1.167150,1.167470
2026-08-26 05:00:00,1.167440,1.167880,1.166940,1.167750
2026-08-26 06:00:00,1.167700,1.167960,1.167410,1.167470
2026-08-26 07:00:00,1.167520,1.167830,1.167280,1.167320
2026-08-26 08:00:00,1.167350,1.167770,1.167240,1.167710
2026-08-26 09:00:00,1.167700,1.167730,1.167250,1.167490
2026-08-26 10:00:00,1.167460,1.167600,1.167130,1.167280
2026-08-26 11:00:00,1.167330,1.167390,1.166900,1.167110
2026-08-26 12:00:00,1.167080,1.167300,1.166660,1.166760
2026-08-26 13:00:00,1.166730,1.166880,1.166360,1.166450
2026-08-26 14:00:00,1.166420,1.166540,1.166070,1.166270
2026-08-26 15:00:00,1.166250,1.166730,1.166060,1.166530
2026-08-26 16:00:00,1.166510,1.166740,1.166000,1.166720
2026-08-26 17:00:00,1.166630,1.167320,1.166630,1.167060
2026-08-26 18:00:00,1.166980,1.167710,1.166980,1.167030
2026-08-26 19:00:00,1.167050,1.167160,1.166400,1.166710
2026-08-26 20:00:00,1.166700,1.166700,1.166110,1.166170
2026-08-26 21:00:00,1.166180,1.166960,1.166050,1.166940
2026-08-26 22:00:00,1.166890,1.167450,1.165730,1.165970
2026-08-26 23:00:00,1.165920,1.165920,1.165060,1.165350
2026-08-27 00:00:00,1.165400,1.165400,1.164210,1.164620
2026-08-27 01:00:00,1.164610,1.165480,1.164500,1.165030
2026-08-27 02:00:00,1.165090,1.165450,1.164900,1.165050
2026-08-27 03:00:00,1.165100,1.165470,1.164880,1.165320
2026-08-27 04:00:00,1.165280,1.165470,1.165040,1.165170
2026-08-27 05:00:00,1.165150,1.165350,1.165000,1.165230
2026-08-27 06:00:00,1.165270,1.165550,1.165180,1.165400
2026-08-27 07:00:00,1.165390,1.165640,1.165050,1.165450
2026-08-27 08:00:00,1.165410,1.165560,1.165340,1.165420
2026-08-27 09:00:00,1.165420,1.165690,1.165390,1.165520
2026-08-27 10:00:00,1.165500,1.165860,1.165390,1.165660
2026-08-27 11:00:00,1.165680,1.165940,1.165560,1.165820
2026-08-27 12:00:00,1.165800,1.165990,1.165460,1.165610
2026-08-27 13:00:00,1.165580,1.165650,1.165310,1.165450
2026-08-27 14:00:00,1.165420,1.165650,1.165390,1.165580
2026-08-27 15:00:00,1.165550,1.165860,1.165180,1.165420
2026-08-27 16:00:00,1.165350,1.165590,1.165190,1.165410
2026-08-27 17:00:00,1.165390,1.165650,1.165140,1.165430
2026-08-27 18:00:00,1.165490,1.165810,1.164750,1.164940
2026-08-27 19:00:00,1.164990,1.164990,1.164090,1.164160
2026-08-27 20:00:00,1.164210,1.164820,1.163850,1.164060
2026-08-27 21:00:00,1.164030,1.164320,1.163700,1.164110
2026-08-27 22:00:00,1.164230,1.164590,1.164020,1.164060
2026-08-27 23:00:00,1.164090,1.165970,1.164020,1.165490
2026-08-28 00:00:00,1.165460,1.165800,1.164580,1.164620
2026-08-28 01:00:00,1.164630,1.165450,1.164470,1.165340
2026-08-28 02:00:00,1.165370,1.165490,1.164940,1.165150
2026-08-28 03:00:00,1.165160,1.165440,1.164710,1.164900
2026-08-28 04:00:00,1.164920,1.165040,1.164590,1.164870
2026-08-28 05:00:00,1.164900,1.165140,1.164750,1.165010
2026-08-28 06:00:00,1.164990,1.165290,1.164890,1.165220
2026-08-28 07:00:00,1.165190,1.165580,1.164840,1.165350
2026-08-28 08:00:00,1.165340,1.165540,1.165180,1.165400
2026-08-28 09:00:00,1.165390,1.165510,1.165230,1.165390
2026-08-28 10:00:00,1.165370,1.165490,1.165080,1.165380
2026-08-28 11:00:00,1.165350,1.165570,1.164930,1.165030
2026-08-28 12:00:00,1.164990,1.165110,1.164670,1.165080
2026-08-28 13:00:00,1.165050,1.165170,1.164540,1.164630
2026-08-28 14:00:00,1.164600,1.164700,1.164480,1.164570
2026-08-28 15:00:00,1.164540,1.164620,1.164270,1.164580
2026-08-28 16:00:00,1.164560,1.164900,1.164260,1.164820
2026-08-28 17:00:00,1.164840,1.164900,1.164200,1.164730
2026-08-28 18:00:00,1.164760,1.164900,1.164230,1.164460
2026-08-28 19:00:00,1.164420,1.164560,1.163950,1.163970
2026-08-28 20:00:00,1.164020,1.164950,1.163940,1.164930
2026-08-30 21:00:00,1.158550,1.158610,1.158290,1.158370
2026-08-30 22:00:00,1.158380,1.159980,1.155310,1.156300
2026-08-30 23:00:00,1.156310,1.159220,1.153480,1.154230
2026-08-31 00:00:00,1.154240,1.160150,1.152850,1.153950
2026-08-31 01:00:00,1.153960,1.154060,1.151200,1.151580
2026-08-31 02:00:00,1.151590,1.161120,1.148980,1.153590
2026-08-31 03:00:00,1.153590,1.160630,1.150610,1.157410
2026-08-31 04:00:00,1.157190,1.159850,1.154910,1.158170
2026-08-31 05:00:00,1.156690,1.160030,1.154040,1.158240
2026-08-31 06:00:00,1.158010,1.159170,1.157390,1.158270
2026-08-31 07:00:00,1.158140,1.158290,1.157810,1.157900
2026-08-31 08:00:00,1.157890,1.158520,1.157890,1.158480
2026-08-31 09:00:00,1.158460,1.158950,1.158390,1.158930
2026-08-31 10:00:00,1.158910,1.159410,1.158560,1.159170
2026-08-31 11:00:00,1.159190,1.159450,1.158740,1.159180
2026-08-31 12:00:00,1.159150,1.159330,1.158800,1.159260
2026-08-31 13:00:00,1.159240,1.159410,1.158950,1.159080
2026-08-31 14:00:00,1.159030,1.159310,1.158860,1.159120
2026-08-31 15:00:00,1.159100,1.159210,1.158740,1.159060
2026-08-31 16:00:00,1.159000,1.159270,1.158480,1.158870
2026-08-31 17:00:00,1.158780,1.160340,1.158470,1.160250
2026-08-31 18:00:00,1.160270,1.160660,1.159350,1.159370
2026-08-31 19:00:00,1.159410,1.160160,1.159350,1.159920
2026-08-31 20:00:00,1.159950,1.160230,1.159640,1.159820
2026-08-31 21:00:00,1.159850,1.160320,1.159610,1.159650
2026-08-31 22:00:00,1.159690,1.160010,1.159220,1.159580
2026-08-31 23:00:00,1.159610,1.160220,1.159420,1.159960
2026-09-01 00:00:00,1.159870,1.161820,1.159530,1.161770
2026-09-01 01:00:00,1.161700,1.162060,1.161210,1.161600
2026-09-01 02:00:00,1.161650,1.161810,1.161360,1.161630
2026-09-01 03:00:00,1.161600,1.161820,1.161440,1.161540
2026-09-01 04:00:00,1.161580,1.161800,1.161480,1.161600
2026-09-01 05:00:00,1.161620,1.161830,1.161450,1.161550
2026-09-01 06:00:00,1.161580,1.161840,1.161430,1.161740
2026-09-01 07:00:00,1.161700,1.161940,1.161660,1.161900
2026-09-01 08:00:00,1.161880,1.161920,1.161410,1.161510
2026-09-01 09:00:00,1.161490,1.161820,1.161250,1.161800
2026-09-01 10:00:00,1.161760,1.162450,1.161560,1.161840
2026-09-01 11:00:00,1.161810,1.161890,1.160780,1.160990
2026-09-01 12:00:00,1.160940,1.161080,1.160600,1.161020
2026-09-01 13:00:00,1.161000,1.161040,1.160590,1.160650
2026-09-01 14:00:00,1.160630,1.160730,1.160280,1.160560
2026-09-01 15:00:00,1.160520,1.161050,1.160490,1.160870
2026-09-01 16:00:00,1.160900,1.160900,1.160090,1.160510
2026-09-01 17:00:00,1.160490,1.160720,1.159160,1.159480
2026-09-01 18:00:00,1.159510,1.159660,1.158880,1.159440
2026-09-01 19:00:00,1.159400,1.160120,1.159290,1.159460
2026-09-01 20:00:00,1.159480,1.159550,1.158980,1.159230
2026-09-01 21:00:00,1.159170,1.159570,1.158970,1.159180
2026-09-01 22:00:00,1.159260,1.159430,1.158840,1.159280
2026-09-01 23:00:00,1.159330,1.160190,1.158940,1.159830
2026-09-02 00:00:00,1.159930,1.160790,1.159580,1.159590
2026-09-02 01:00:00,1.159620,1.159970,1.158910,1.159180
2026-09-02 02:00:00,1.159100,1.159350,1.158530,1.158650
2026-09-02 03:00:00,1.158620,1.159580,1.158560,1.158690
2026-09-02 04:00:00,1.158730,1.159090,1.158560,1.159040
2026-09-02 05:00:00,1.159010,1.159330,1.158820,1.159000
2026-09-02 06:00:00,1.159000,1.159330,1.158740,1.159300
2026-09-02 07:00:00,1.159290,1.159290,1.158950,1.159200
2026-09-02 08:00:00,1.159180,1.159660,1.159140,1.159370
2026-09-02 09:00:00,1.159340,1.159430,1.159110,1.159290
2026-09-02 10:00:00,1.159230,1.159240,1.158370,1.158450
2026-09-02 11:00:00,1.158420,1.158440,1.157720,1.157860
2026-09-02 12:00:00,1.157770,1.158300,1.157620,1.158150
2026-09-02 13:00:00,1.158120,1.158290,1.157800,1.157960
2026-09-02 14:00:00,1.157930,1.158060,1.157500,1.157630
2026-09-02 15:00:00,1.157610,1.158190,1.157380,1.158190
2026-09-02 16:00:00,1.158180,1.158450,1.156780,1.156830
2026-09-02 17:00:00,1.156900,1.157920,1.156670,1.157880
2026-09-02 18:00:00,1.157800,1.158240,1.157300,1.157320
2026-09-02 19:00:00,1.157360,1.157790,1.157050,1.157090
2026-09-02 20:00:00,1.157120,1.157330,1.156720,1.157100
2026-09-02 21:00:00,1.157030,1.157900,1.157030,1.157560
2026-09-02 22:00:00,1.157630,1.158590,1.157370,1.157850
2026-09-02 23:00:00,1.157880,1.160670,1.157800,1.160430
2026-09-03 00:00:00,1.160350,1.160530,1.158900,1.159380
2026-09-03 01:00:00,1.159340,1.159660,1.158910,1.159290
2026-09-03 02:00:00,1.159260,1.159480,1.158870,1.158890
2026-09-03 03:00:00,1.158910,1.159000,1.158360,1.158680
2026-09-03 04:00:00,1.158750,1.158960,1.158450,1.158560
2026-09-03 05:00:00,1.158550,1.158740,1.158280,1.158730
2026-09-03 06:00:00,1.158700,1.159020,1.158700,1.158840
2026-09-03 07:00:00,1.158820,1.158990,1.158740,1.158830
2026-09-03 08:00:00,1.158810,1.158920,1.158560,1.158740
2026-09-03 09:00:00,1.158720,1.158790,1.158450,1.158550
2026-09-03 10:00:00,1.158530,1.159100,1.158410,1.159030
2026-09-03 11:00:00,1.159010,1.159340,1.158560,1.158610
2026-09-03 12:00:00,1.158590,1.159520,1.158530,1.159120
2026-09-03 13:00:00,1.159210,1.159820,1.159080,1.159640
2026-09-03 14:00:00,1.159670,1.160060,1.159490,1.159510
2026-09-03 15:00:00,1.159510,1.160060,1.159350,1.160030
2026-09-03 16:00:00,1.159980,1.160840,1.159610,1.160590
2026-09-03 17:00:00,1.160720,1.161480,1.160200,1.160620
2026-09-03 18:00:00,1.160590,1.161240,1.159880,1.161010
2026-09-03 19:00:00,1.160990,1.161200,1.160140,1.160600
2026-09-03 20:00:00,1.160550,1.160720,1.159780,1.160360
2026-09-03 21:00:00,1.160400,1.161560,1.160160,1.161330
2026-09-03 22:00:00,1.161290,1.162980,1.160280,1.162490
2026-09-03 23:00:00,1.162590,1.162820,1.161750,1.162720
2026-09-04 00:00:00,1.162600,1.163150,1.161400,1.161910
2026-09-04 01:00:00,1.161950,1.162780,1.161690,1.162250
2026-09-04 02:00:00,1.162120,1.164120,1.162120,1.163870
2026-09-04 03:00:00,1.163940,1.163940,1.163290,1.163320
2026-09-04 04:00:00,1.163370,1.163640,1.163220,1.163450
2026-09-04 05:00:00,1.163440,1.163490,1.162550,1.163060
2026-09-04 06:00:00,1.163040,1.163040,1.162560,1.162580
2026-09-04 07:00:00,1.162600,1.163030,1.162350,1.162670
2026-09-04 08:00:00,1.162650,1.162740,1.162320,1.162380
2026-09-04 09:00:00,1.162350,1.162880,1.162300,1.162860
2026-09-04 10:00:00,1.162830,1.163200,1.162520,1.163070
2026-09-04 11:00:00,1.163070,1.163160,1.162720,1.162960
2026-09-04 12:00:00,1.162910,1.163360,1.162610,1.162750
2026-09-04 13:00:00,1.162750,1.162890,1.162250,1.162370
2026-09-04 14:00:00,1.162360,1.162790,1.162160,1.162640
2026-09-04 15:00:00,1.162680,1.162930,1.162470,1.162850
2026-09-04 16:00:00,1.162830,1.163110,1.162720,1.162780
2026-09-04 17:00:00,1.162800,1.163010,1.162160,1.162180
2026-09-04 18:00:00,1.162210,1.162560,1.161930,1.162550
2026-09-04 19:00:00,1.162520,1.162540,1.161630,1.161700
2026-09-04 20:00:00,1.161810,1.162330,1.161680,1.162210
2026-09-06 21:00:00,1.161970,1.162030,1.161470,1.161630
2026-09-06 22:00:00,1.161640,1.161690,1.161620,1.161630
2026-09-06 23:00:00,1.161640,1.161750,1.161130,1.161240
2026-09-07 00:00:00,1.161240,1.161590,1.160910,1.161100
2026-09-07 01:00:00,1.161150,1.161430,1.160690,1.161060
2026-09-07 02:00:00,1.161060,1.161480,1.160890,1.160980
2026-09-07 03:00:00,1.160980,1.161710,1.160710,1.161380
2026-09-07 04:00:00,1.161380,1.161990,1.159850,1.161350
2026-09-07 05:00:00,1.160450,1.164230,1.160360,1.162250
2026-09-07 06:00:00,1.162050,1.162180,1.160790,1.161380
2026-09-07 07:00:00,1.161410,1.161430,1.160810,1.160940
2026-09-07 08:00:00,1.160880,1.161420,1.160700,1.161340
2026-09-07 09:00:00,1.161320,1.161660,1.161290,1.161360
2026-09-07 10:00:00,1.161410,1.162060,1.161300,1.161810
2026-09-07 11:00:00,1.161770,1.161930,1.161260,1.161480
2026-09-07 12:00:00,1.161440,1.161440,1.160730,1.160920
2026-09-07 13:00:00,1.160890,1.161250,1.160810,1.161130
2026-09-07 14:00:00,1.161100,1.161220,1.160820,1.161220
2026-09-07 15:00:00,1.161200,1.161450,1.160890,1.161430
2026-09-07 16:00:00,1.161380,1.161980,1.161040,1.161470
2026-09-07 17:00:00,1.161520,1.162380,1.161160,1.162330
2026-09-07 18:00:00,1.162250,1.163540,1.162130,1.162170
2026-09-07 19:00:00,1.162180,1.162630,1.161980,1.162090
2026-09-07 20:00:00,1.162100,1.162680,1.162050,1.162410
2026-09-07 21:00:00,1.162450,1.162560,1.162210,1.162290
2026-09-07 22:00:00,1.162310,1.162860,1.162070,1.162600
2026-09-07 23:00:00,1.162610,1.162960,1.162390,1.162770
2026-09-08 00:00:00,1.162830,1.163340,1.162780,1.163200
2026-09-08 01:00:00,1.163180,1.163200,1.162680,1.162800
2026-09-08 02:00:00,1.162780,1.163040,1.162570,1.162940
2026-09-08 03:00:00,1.162910,1.162950,1.162430,1.162600
2026-09-08 04:00:00,1.162580,1.162650,1.162240,1.162370
2026-09-08 05:00:00,1.162340,1.162390,1.162100,1.162220
2026-09-08 06:00:00,1.162200,1.162350,1.162150,1.162330
2026-09-08 07:00:00,1.162300,1.162480,1.162220,1.162370
2026-09-08 08:00:00,1.162340,1.162680,1.162270,1.162600
2026-09-08 09:00:00,1.162570,1.163030,1.162550,1.162780
2026-09-08 10:00:00,1.162740,1.163130,1.162490,1.162710
2026-09-08 11:00:00,1.162690,1.163280,1.162560,1.163240
2026-09-08 12:00:00,1.163190,1.163480,1.162410,1.162460
2026-09-08 13:00:00,1.162440,1.162740,1.162330,1.162490
2026-09-08 14:00:00,1.162460,1.162570,1.162280,1.162520
2026-09-08 15:00:00,1.162500,1.163110,1.162340,1.163060
2026-09-08 16:00:00,1.162970,1.163620,1.162130,1.162190
2026-09-08 17:00:00,1.162180,1.162320,1.161020,1.161270
2026-09-08 18:00:00,1.161220,1.161630,1.160890,1.161000
2026-09-08 19:00:00,1.161080,1.161640,1.160900,1.161370
2026-09-08 20:00:00,1.161420,1.161570,1.160910,1.161440
2026-09-08 21:00:00,1.161410,1.161900,1.160850,1.161320
2026-09-08 22:00:00,1.161270,1.162010,1.161020,1.161890
2026-09-08 23:00:00,1.161930,1.162680,1.161930,1.162180
2026-09-09 00:00:00,1.162200,1.163120,1.161940,1.163010
2026-09-09 01:00:00,1.162980,1.163450,1.162630,1.162770
2026-09-09 02:00:00,1.162760,1.162790,1.162060,1.162310
2026-09-09 03:00:00,1.162320,1.162760,1.162300,1.162630
2026-09-09 04:00:00,1.162610,1.163260,1.162190,1.162690
2026-09-09 05:00:00,1.162610,1.163050,1.162260,1.162310
2026-09-09 06:00:00,1.162320,1.162530,1.162200,1.162420
2026-09-09 07:00:00,1.162400,1.162760,1.162300,1.162720
2026-09-09 08:00:00,1.162670,1.162780,1.162450,1.162610
2026-09-09 09:00:00,1.162580,1.162940,1.162510,1.162730
2026-09-09 10:00:00,1.162740,1.163250,1.162620,1.163230
2026-09-09 11:00:00,1.163190,1.163340,1.162750,1.163070
2026-09-09 12:00:00,1.163100,1.163200,1.162800,1.163080
2026-09-09 13:00:00,1.163100,1.163240,1.162900,1.162990
2026-09-09 14:00:00,1.163060,1.163380,1.162970,1.163320
2026-09-09 15:00:00,1.163290,1.163710,1.163140,1.163530
2026-09-09 16:00:00,1.163510,1.164540,1.163430,1.163970
2026-09-09 17:00:00,1.163960,1.164850,1.163740,1.164220
2026-09-09 18:00:00,1.164300,1.164300,1.163320,1.163360
2026-09-09 19:00:00,1.163420,1.163450,1.162280,1.162290
2026-09-09 20:00:00,1.162320,1.163280,1.162240,1.163080
2026-09-09 21:00:00,1.163050,1.164910,1.163000,1.164630
2026-09-09 22:00:00,1.164580,1.165380,1.164200,1.164420
2026-09-09 23:00:00,1.164490,1.165040,1.164480,1.164590
2026-09-10 00:00:00,1.164630,1.165340,1.164460,1.164660
2026-09-10 01:00:00,1.164700,1.165130,1.162050,1.162600
2026-09-10 02:00:00,1.162620,1.163960,1.162620,1.163660
2026-09-10 03:00:00,1.163640,1.164090,1.163530,1.163900
2026-09-10 04:00:00,1.163890,1.163970,1.162860,1.162920
2026-09-10 05:00:00,1.162900,1.163220,1.162630,1.163190
2026-09-10 06:00:00,1.163170,1.163430,1.162800,1.163340
2026-09-10 07:00:00,1.163310,1.163810,1.163120,1.163580
2026-09-10 08:00:00,1.163550,1.163900,1.163350,1.163790
2026-09-10 09:00:00,1.163750,1.163850,1.163330,1.163410
2026-09-10 10:00:00,1.163370,1.163490,1.163010,1.163180
2026-09-10 11:00:00,1.163250,1.163970,1.163110,1.163910
2026-09-10 12:00:00,1.163870,1.164100,1.163430,1.163820
2026-09-10 13:00:00,1.163790,1.164030,1.163640,1.163840
2026-09-10 14:00:00,1.163820,1.164060,1.163660,1.163740
2026-09-10 15:00:00,1.163730,1.164070,1.163710,1.163970
2026-09-10 16:00:00,1.164000,1.164060,1.163670,1.164010
2026-09-10 17:00:00,1.164000,1.164200,1.163620,1.163950
2026-09-10 18:00:00,1.163990,1.164020,1.163470,1.163820
2026-09-10 19:00:00,1.163760,1.164060,1.163140,1.163420
2026-09-10 20:00:00,1.163460,1.163870,1.162370,1.162810
2026-09-10 21:00:00,1.162850,1.162860,1.161560,1.161580
2026-09-10 22:00:00,1.161640,1.162820,1.159350,1.160490
2026-09-10 23:00:00,1.160420,1.161940,1.159880,1.161210
2026-09-11 00:00:00,1.161230,1.162870,1.161170,1.162810
2026-09-11 01:00:00,1.162820,1.163140,1.162440,1.162820
2026-09-11 02:00:00,1.162800,1.162910,1.161900,1.161920
2026-09-11 03:00:00,1.161950,1.162330,1.161720,1.161920
2026-09-11 04:00:00,1.161950,1.161980,1.161280,1.161350
2026-09-11 05:00:00,1.161380,1.161380,1.160910,1.161020
2026-09-11 06:00:00,1.161020,1.161090,1.160560,1.161050
2026-09-11 07:00:00,1.161020,1.161580,1.160770,1.161010
2026-09-11 08:00:00,1.160890,1.161150,1.160730,1.161140
2026-09-11 09:00:00,1.161100,1.161160,1.160850,1.161050
2026-09-11 10:00:00,1.161010,1.161520,1.161000,1.161490
2026-09-11 11:00:00,1.161390,1.161780,1.161120,1.161200
2026-09-11 12:00:00,1.161160,1.161340,1.160570,1.160820
2026-09-11 13:00:00,1.160800,1.160820,1.159960,1.160210
2026-09-11 14:00:00,1.160270,1.160850,1.160080,1.160490
2026-09-11 15:00:00,1.160500,1.161410,1.160470,1.161120
2026-09-11 16:00:00,1.161110,1.161410,1.160880,1.161040
2026-09-11 17:00:00,1.161030,1.161080,1.160160,1.160480
2026-09-11 18:00:00,1.160520,1.160790,1.159880,1.159900
2026-09-11 19:00:00,1.159930,1.160210,1.159530,1.159570
2026-09-11 20:00:00,1.159590,1.159900,1.159020,1.159240
2026-09-13 21:00:00,1.159910,1.160160,1.159730,1.159870
2026-09-13 22:00:00,1.159900,1.160580,1.159820,1.160490
2026-09-13 23:00:00,1.160500,1.160560,1.159510,1.160470
2026-09-14 00:00:00,1.160480,1.160500,1.159620,1.159990
2026-09-14 01:00:00,1.159990,1.160510,1.159820,1.160100
2026-09-14 02:00:00,1.160090,1.160350,1.160000,1.160290
2026-09-14 03:00:00,1.160280,1.160500,1.159640,1.159900
2026-09-14 04:00:00,1.159940,1.161000,1.159400,1.159830
2026-09-14 05:00:00,1.159800,1.160040,1.159310,1.159830
2026-09-14 06:00:00,1.159780,1.160130,1.159660,1.159870
2026-09-14 07:00:00,1.159850,1.159970,1.159460,1.159510
2026-09-14 08:00:00,1.159600,1.159780,1.158950,1.159100
2026-09-14 09:00:00,1.159070,1.159450,1.158960,1.159440
2026-09-14 10:00:00,1.159420,1.159580,1.158520,1.158650
2026-09-14 11:00:00,1.158740,1.158920,1.158390,1.158610
2026-09-14 12:00:00,1.158620,1.158860,1.158140,1.158180
2026-09-14 13:00:00,1.158210,1.158300,1.156930,1.157040
2026-09-14 14:00:00,1.157050,1.157090,1.156280,1.156600
2026-09-14 15:00:00,1.156550,1.157060,1.156390,1.156980
2026-09-14 16:00:00,1.157000,1.157020,1.155110,1.155240
2026-09-14 17:00:00,1.155190,1.155770,1.154320,1.154470
2026-09-14 18:00:00,1.154500,1.154570,1.153480,1.153750
2026-09-14 19:00:00,1.153840,1.154460,1.153570,1.154170
2026-09-14 20:00:00,1.154240,1.154280,1.153700,1.154040
2026-09-14 21:00:00,1.154060,1.155030,1.154040,1.154710
2026-09-14 22:00:00,1.154760,1.155220,1.153020,1.153250
2026-09-14 23:00:00,1.153220,1.153750,1.152370,1.152400
2026-09-15 00:00:00,1.152430,1.154310,1.152320,1.153800
2026-09-15 01:00:00,1.153780,1.155000,1.153530,1.154920
2026-09-15 02:00:00,1.154910,1.156360,1.154790,1.156030
2026-09-15 03:00:00,1.156070,1.156110,1.155410,1.155770
2026-09-15 04:00:00,1.155760,1.155960,1.155480,1.155600
2026-09-15 05:00:00,1.155580,1.155820,1.154740,1.154850
2026-09-15 06:00:00,1.154810,1.155120,1.154490,1.155110
2026-09-15 07:00:00,1.155080,1.155650,1.154640,1.155050
2026-09-15 08:00:00,1.155120,1.155240,1.154930,1.155220
2026-09-15 09:00:00,1.155200,1.155260,1.154690,1.154880
2026-09-15 10:00:00,1.154840,1.154910,1.154310,1.154430
2026-09-15 11:00:00,1.154420,1.154420,1.153740,1.153850
2026-09-15 12:00:00,1.153820,1.154120,1.153560,1.154100
2026-09-15 13:00:00,1.154090,1.154160,1.153700,1.153730
2026-09-15 14:00:00,1.153780,1.153890,1.153470,1.153720
2026-09-15 15:00:00,1.153780,1.153830,1.153390,1.153470
2026-09-15 16:00:00,1.153500,1.153550,1.152740,1.153220
2026-09-15 17:00:00,1.153260,1.154110,1.153260,1.154040
2026-09-15 18:00:00,1.153970,1.154070,1.153260,1.153410
2026-09-15 19:00:00,1.153430,1.153930,1.153270,1.153720
2026-09-15 20:00:00,1.153800,1.154060,1.153460,1.153490
2026-09-15 21:00:00,1.153550,1.154270,1.153470,1.154110
2026-09-15 22:00:00,1.154080,1.155030,1.153840,1.154660
2026-09-15 23:00:00,1.154690,1.155160,1.153870,1.155000
2026-09-16 00:00:00,1.155050,1.155340,1.154080,1.154320
2026-09-16 01:00:00,1.154370,1.154590,1.153890,1.154210
2026-09-16 02:00:00,1.154190,1.154350,1.153950,1.154320
2026-09-16 03:00:00,1.154300,1.154430,1.153650,1.153780
2026-09-16 04:00:00,1.153760,1.154390,1.153590,1.154210
2026-09-16 05:00:00,1.154220,1.154350,1.154000,1.154080
2026-09-16 06:00:00,1.154080,1.154220,1.153870,1.154200
2026-09-16 07:00:00,1.154170,1.154470,1.153680,1.154120
2026-09-16 08:00:00,1.154010,1.154450,1.153910,1.154010
2026-09-16 09:00:00,1.153990,1.153990,1.153440,1.153770
2026-09-16 10:00:00,1.153750,1.153940,1.153390,1.153560
2026-09-16 11:00:00,1.153540,1.153680,1.153210,1.153260
2026-09-16 12:00:00,1.153300,1.154250,1.153230,1.154190
2026-09-16 13:00:00,1.154190,1.154400,1.153970,1.154100
2026-09-16 14:00:00,1.154120,1.154660,1.154110,1.154500
2026-09-16 15:00:00,1.154460,1.155190,1.154330,1.155080
2026-09-16 16:00:00,1.155100,1.155150,1.154410,1.154810
2026-09-16 17:00:00,1.154770,1.155720,1.154680,1.154960
2026-09-16 18:00:00,1.154940,1.154970,1.153890,1.153990
2026-09-16 19:00:00,1.154030,1.154430,1.153830,1.154020
2026-09-16 20:00:00,1.154000,1.154110,1.153470,1.153550
2026-09-16 21:00:00,1.153560,1.154070,1.153110,1.153490
2026-09-16 22:00:00,1.153500,1.153880,1.152960,1.153500
2026-09-16 23:00:00,1.153550,1.153940,1.153240,1.153290
2026-09-17 00:00:00,1.153370,1.154150,1.153160,1.153760
2026-09-17 01:00:00,1.153650,1.154200,1.153330,1.153830
2026-09-17 02:00:00,1.153810,1.153860,1.153460,1.153490
2026-09-17 03:00:00,1.153510,1.153510,1.153080,1.153470
2026-09-17 04:00:00,1.153400,1.154050,1.147100,1.147240
2026-09-17 05:00:00,1.147210,1.148210,1.146360,1.147250
2026-09-17 06:00:00,1.147210,1.147340,1.146130,1.146350
2026-09-17 07:00:00,1.146480,1.146660,1.145870,1.146350
2026-09-17 08:00:00,1.146380,1.146910,1.146130,1.146730
2026-09-17 09:00:00,1.146700,1.147120,1.146590,1.146920
2026-09-17 10:00:00,1.146980,1.147330,1.145950,1.146010
2026-09-17 11:00:00,1.146010,1.146510,1.145770,1.145880
2026-09-17 12:00:00,1.145890,1.146280,1.145620,1.145770
2026-09-17 13:00:00,1.145760,1.146190,1.145720,1.146130
2026-09-17 14:00:00,1.146120,1.146690,1.145950,1.146680
2026-09-17 15:00:00,1.146660,1.146830,1.146320,1.146680
2026-09-17 16:00:00,1.146610,1.148410,1.146580,1.148050
2026-09-17 17:00:00,1.148130,1.148130,1.147030,1.147310
2026-09-17 18:00:00,1.147260,1.147380,1.146760,1.147220
2026-09-17 19:00:00,1.147260,1.147800,1.147200,1.147300
2026-09-17 20:00:00,1.147320,1.148120,1.147220,1.147890
2026-09-17 21:00:00,1.147830,1.147930,1.146780,1.147350
2026-09-17 22:00:00,1.147290,1.149650,1.147210,1.149190
2026-09-17 23:00:00,1.149150,1.149290,1.148510,1.148820
2026-09-18 00:00:00,1.148860,1.149770,1.148630,1.148670
2026-09-18 01:00:00,1.148720,1.148800,1.147540,1.147890
2026-09-18 02:00:00,1.147880,1.147980,1.147430,1.147590
2026-09-18 03:00:00,1.147560,1.147800,1.147420,1.147670
2026-09-18 04:00:00,1.147650,1.147820,1.147340,1.147490
2026-09-18 05:00:00,1.147450,1.148110,1.147450,1.147960
2026-09-18 06:00:00,1.147930,1.148010,1.147370,1.147580
2026-09-18 07:00:00,1.147600,1.148030,1.147530,1.147810
2026-09-18 08:00:00,1.147790,1.147860,1.147510,1.147850
2026-09-18 09:00:00,1.147830,1.147900,1.147540,1.147560
2026-09-18 10:00:00,1.147600,1.148060,1.147410,1.148060
2026-09-18 11:00:00,1.148050,1.148260,1.147650,1.148250
2026-09-18 12:00:00,1.148230,1.148280,1.147680,1.147780
2026-09-18 13:00:00,1.147820,1.148900,1.147820,1.148780
2026-09-18 14:00:00,1.148840,1.149210,1.148710,1.148740
2026-09-18 15:00:00,1.148790,1.148790,1.147880,1.147940
2026-09-18 16:00:00,1.147910,1.148440,1.147750,1.148400
2026-09-18 17:00:00,1.148390,1.148770,1.147750,1.148640
2026-09-18 18:00:00,1.148680,1.149040,1.147820,1.148230
2026-09-18 19:00:00,1.148170,1.148700,1.148080,1.148380
2026-09-18 20:00:00,1.148400,1.148540,1.147140,1.147280
