datetime,open,high,low,close,n_h1,trading_day
2020-01-29 05:00:00,1.316450,1.316600,1.315900,1.316100,2,2020-01-29
2020-01-29 09:00:00,1.316350,1.316450,1.315600,1.316200,4,2020-01-29
2020-01-29 13:00:00,1.316200,1.317900,1.316000,1.317500,4,2020-01-29
2020-01-29 17:00:00,1.317200,1.319450,1.317100,1.319250,4,2020-01-30
2020-01-29 21:00:00,1.319300,1.320800,1.318800,1.320500,4,2020-01-30
2020-01-30 01:00:00,1.320500,1.321000,1.318900,1.319700,4,2020-01-30
2020-01-30 05:00:00,1.319950,1.320500,1.319400,1.320500,4,2020-01-30
2020-01-30 09:00:00,1.320450,1.320950,1.319800,1.320400,4,2020-01-30
2020-01-30 13:00:00,1.320500,1.322500,1.320500,1.322100,4,2020-01-30
2020-01-30 17:00:00,1.321700,1.322550,1.320400,1.321100,4,2020-01-31
2020-01-30 21:00:00,1.321450,1.322700,1.321100,1.322050,4,2020-01-31
2020-01-31 01:00:00,1.322000,1.322100,1.318800,1.320750,4,2020-01-31
2020-01-31 05:00:00,1.321050,1.321400,1.319300,1.320550,4,2020-01-31
2020-01-31 09:00:00,1.320600,1.321500,1.319900,1.321450,4,2020-01-31
2020-01-31 13:00:00,1.321400,1.324500,1.320900,1.324000,4,2020-01-31
2020-02-03 01:00:00,1.323350,1.324050,1.323250,1.323850,3,2020-02-03
2020-02-03 05:00:00,1.324250,1.325000,1.323750,1.324550,4,2020-02-03
2020-02-03 09:00:00,1.324650,1.324650,1.323850,1.324200,4,2020-02-03
2020-02-03 13:00:00,1.324200,1.325500,1.323550,1.324350,4,2020-02-03
2020-02-03 17:00:00,1.324250,1.324850,1.323000,1.323600,4,2020-02-04
2020-02-03 21:00:00,1.324100,1.330300,1.323200,1.329700,4,2020-02-04
2020-02-04 01:00:00,1.329700,1.330200,1.328200,1.329000,4,2020-02-04
2020-02-04 05:00:00,1.329550,1.330200,1.328700,1.328900,4,2020-02-04
2020-02-04 09:00:00,1.329150,1.330050,1.328400,1.328800,4,2020-02-04
2020-02-04 13:00:00,1.328900,1.329050,1.326500,1.328200,4,2020-02-04
2020-02-04 17:00:00,1.328200,1.328750,1.327000,1.327400,4,2020-02-05
2020-02-04 21:00:00,1.327700,1.329000,1.326200,1.327600,4,2020-02-05
2020-02-05 01:00:00,1.327550,1.328600,1.327100,1.327800,4,2020-02-05
2020-02-05 05:00:00,1.327900,1.329350,1.327500,1.329250,4,2020-02-05
2020-02-05 09:00:00,1.329150,1.329450,1.328600,1.329400,4,2020-02-05
2020-02-05 13:00:00,1.329350,1.329950,1.326000,1.327200,4,2020-02-05
2020-02-05 17:00:00,1.327500,1.330250,1.326500,1.330000,4,2020-02-06
2020-02-05 21:00:00,1.329700,1.330000,1.327000,1.328250,4,2020-02-06
2020-02-06 01:00:00,1.328250,1.329550,1.327800,1.328450,4,2020-02-06
2020-02-06 05:00:00,1.327900,1.328850,1.327800,1.328650,4,2020-02-06
2020-02-06 09:00:00,1.328650,1.328800,1.327800,1.328450,4,2020-02-06
2020-02-06 13:00:00,1.328400,1.328650,1.327300,1.328450,4,2020-02-06
2020-02-06 17:00:00,1.328100,1.329800,1.326800,1.329300,4,2020-02-07
2020-02-06 21:00:00,1.329300,1.330900,1.328300,1.328800,4,2020-02-07
2020-02-07 01:00:00,1.329000,1.329400,1.328000,1.328600,4,2020-02-07
2020-02-07 05:00:00,1.328700,1.329450,1.328400,1.328950,4,2020-02-07
2020-02-07 09:00:00,1.328950,1.329600,1.328300,1.329150,4,2020-02-07
2020-02-07 13:00:00,1.329100,1.331350,1.328900,1.331050,4,2020-02-07
2020-02-10 01:00:00,1.330050,1.330900,1.329900,1.330500,3,2020-02-10
2020-02-10 05:00:00,1.330900,1.331300,1.329150,1.329200,4,2020-02-10
2020-02-10 09:00:00,1.329250,1.329800,1.328850,1.329250,4,2020-02-10
2020-02-10 13:00:00,1.329200,1.330350,1.328750,1.329450,4,2020-02-10
2020-02-10 17:00:00,1.329400,1.332950,1.328800,1.331750,4,2020-02-11
2020-02-10 21:00:00,1.331700,1.332700,1.331100,1.332000,4,2020-02-11
2020-02-11 01:00:00,1.332000,1.332100,1.331300,1.331700,4,2020-02-11
2020-02-11 05:00:00,1.331500,1.332050,1.330100,1.330650,4,2020-02-11
2020-02-11 09:00:00,1.330650,1.330750,1.329200,1.329400,4,2020-02-11
2020-02-11 13:00:00,1.329700,1.330150,1.328700,1.329550,4,2020-02-11
2020-02-11 17:00:00,1.329500,1.331350,1.328100,1.328600,4,2020-02-12
2020-02-11 21:00:00,1.328550,1.330350,1.327400,1.328900,4,2020-02-12
2020-02-12 01:00:00,1.329150,1.329500,1.328300,1.328700,4,2020-02-12
2020-02-12 05:00:00,1.328750,1.329600,1.327800,1.328200,4,2020-02-12
2020-02-12 09:00:00,1.328150,1.328500,1.327500,1.328350,4,2020-02-12
2020-02-12 13:00:00,1.328300,1.328700,1.326300,1.327100,4,2020-02-12
2020-02-12 17:00:00,1.327100,1.327350,1.325000,1.325450,4,2020-02-13
2020-02-12 21:00:00,1.325250,1.326250,1.323500,1.324650,4,2020-02-13
2020-02-13 01:00:00,1.324650,1.326450,1.324200,1.325000,4,2020-02-13
2020-02-13 05:00:00,1.325250,1.326150,1.323800,1.324750,4,2020-02-13
2020-02-13 09:00:00,1.324850,1.325950,1.324500,1.325850,4,2020-02-13
2020-02-13 13:00:00,1.325500,1.326650,1.324500,1.325900,4,2020-02-13
2020-02-13 17:00:00,1.325900,1.327200,1.323800,1.324800,4,2020-02-14
2020-02-13 21:00:00,1.324850,1.326400,1.324100,1.325900,4,2020-02-14
2020-02-14 01:00:00,1.325850,1.326900,1.325500,1.326650,4,2020-02-14
2020-02-14 05:00:00,1.326550,1.326950,1.325400,1.325550,4,2020-02-14
2020-02-14 09:00:00,1.325400,1.326150,1.325300,1.325750,4,2020-02-14
2020-02-14 13:00:00,1.325700,1.325950,1.323900,1.324100,4,2020-02-14
2020-02-17 01:00:00,1.325300,1.325550,1.324750,1.324850,3,2020-02-17
2020-02-17 05:00:00,1.324850,1.325050,1.323650,1.323800,4,2020-02-17
2020-02-17 09:00:00,1.323700,1.324100,1.323350,1.324100,4,2020-02-17
2020-02-17 13:00:00,1.324100,1.324650,1.322700,1.322750,4,2020-02-17
2020-02-17 17:00:00,1.322800,1.323550,1.322450,1.323300,4,2020-02-18
2020-02-17 21:00:00,1.323300,1.324050,1.322550,1.323400,4,2020-02-18
2020-02-18 01:00:00,1.323350,1.323850,1.323100,1.323500,4,2020-02-18
2020-02-18 05:00:00,1.323400,1.325600,1.323250,1.325300,4,2020-02-18
2020-02-18 09:00:00,1.325200,1.325400,1.324250,1.324750,4,2020-02-18
2020-02-18 13:00:00,1.324750,1.327100,1.324550,1.326000,4,2020-02-18
2020-02-18 17:00:00,1.325950,1.327900,1.325250,1.326200,4,2020-02-19
2020-02-18 21:00:00,1.326200,1.326900,1.324800,1.325500,4,2020-02-19
2020-02-19 01:00:00,1.325850,1.326350,1.324800,1.325600,4,2020-02-19
2020-02-19 05:00:00,1.325600,1.325800,1.324500,1.325050,4,2020-02-19
2020-02-19 09:00:00,1.324950,1.325000,1.324200,1.324200,4,2020-02-19
2020-02-19 13:00:00,1.324500,1.324600,1.322600,1.323400,4,2020-02-19
2020-02-19 17:00:00,1.323700,1.324000,1.321300,1.323200,4,2020-02-20
2020-02-19 21:00:00,1.323400,1.325350,1.322000,1.322800,4,2020-02-20
2020-02-20 01:00:00,1.322800,1.323300,1.321600,1.322400,4,2020-02-20
2020-02-20 05:00:00,1.322050,1.323900,1.320900,1.323800,4,2020-02-20
2020-02-20 09:00:00,1.323850,1.324050,1.322300,1.323300,4,2020-02-20
2020-02-20 13:00:00,1.323500,1.326150,1.323100,1.325800,4,2020-02-20
2020-02-20 17:00:00,1.325700,1.326600,1.323600,1.324200,4,2020-02-21
2020-02-20 21:00:00,1.324400,1.326900,1.322200,1.325700,4,2020-02-21
2020-02-21 01:00:00,1.325600,1.326450,1.325200,1.325500,4,2020-02-21
2020-02-21 05:00:00,1.325900,1.326700,1.324400,1.326100,4,2020-02-21
2020-02-21 09:00:00,1.326450,1.326500,1.324200,1.324850,4,2020-02-21
2020-02-21 13:00:00,1.325000,1.326900,1.324600,1.325800,4,2020-02-21
2020-02-24 01:00:00,1.324550,1.326100,1.324350,1.325700,3,2020-02-24
2020-02-24 05:00:00,1.325500,1.326750,1.324650,1.326550,4,2020-02-24
2020-02-24 09:00:00,1.326550,1.327250,1.326250,1.326750,4,2020-02-24
2020-02-24 13:00:00,1.326750,1.330800,1.326600,1.330550,4,2020-02-24
2020-02-24 17:00:00,1.330500,1.330600,1.326400,1.326750,4,2020-02-25
2020-02-24 21:00:00,1.326800,1.328700,1.325000,1.327850,4,2020-02-25
2020-02-25 01:00:00,1.327700,1.329450,1.327600,1.329250,4,2020-02-25
2020-02-25 05:00:00,1.329250,1.329700,1.327800,1.328200,4,2020-02-25
2020-02-25 09:00:00,1.328300,1.329950,1.328000,1.328700,4,2020-02-25
2020-02-25 13:00:00,1.328900,1.330600,1.327600,1.329900,4,2020-02-25
2020-02-25 17:00:00,1.329900,1.330400,1.326900,1.327600,4,2020-02-26
2020-02-25 21:00:00,1.327550,1.329350,1.326900,1.327950,4,2020-02-26
2020-02-26 01:00:00,1.328000,1.329750,1.326500,1.328650,4,2020-02-26
2020-02-26 05:00:00,1.328650,1.329500,1.327700,1.328200,4,2020-02-26
2020-02-26 09:00:00,1.328000,1.328650,1.327200,1.328300,4,2020-02-26
2020-02-26 13:00:00,1.328300,1.330800,1.327900,1.330300,4,2020-02-26
2020-02-26 17:00:00,1.330300,1.330700,1.326900,1.327900,4,2020-02-27
2020-02-26 21:00:00,1.328200,1.333300,1.327100,1.333100,4,2020-02-27
2020-02-27 01:00:00,1.333150,1.334000,1.330700,1.333850,4,2020-02-27
2020-02-27 05:00:00,1.333800,1.334800,1.332800,1.333850,4,2020-02-27
2020-02-27 09:00:00,1.333850,1.334550,1.332900,1.333000,4,2020-02-27
2020-02-27 13:00:00,1.333300,1.334700,1.331400,1.333600,4,2020-02-27
2020-02-27 17:00:00,1.333650,1.337450,1.333000,1.336200,4,2020-02-28
2020-02-27 21:00:00,1.336200,1.337000,1.334100,1.336500,4,2020-02-28
2020-02-28 01:00:00,1.336200,1.339500,1.335400,1.338500,4,2020-02-28
2020-02-28 05:00:00,1.338500,1.342200,1.337600,1.342000,4,2020-02-28
2020-02-28 09:00:00,1.342200,1.344900,1.342000,1.344000,4,2020-02-28
2020-02-28 13:00:00,1.344050,1.345700,1.343100,1.344400,4,2020-02-28
2020-03-02 01:00:00,1.343250,1.344600,1.342300,1.343750,3,2020-03-02
2020-03-02 05:00:00,1.343300,1.343600,1.333700,1.333900,4,2020-03-02
2020-03-02 09:00:00,1.333750,1.335550,1.333350,1.334750,4,2020-03-02
2020-03-02 13:00:00,1.334650,1.335650,1.331500,1.335650,4,2020-03-02
2020-03-02 17:00:00,1.335600,1.339000,1.334800,1.336550,4,2020-03-03
2020-03-02 21:00:00,1.336600,1.339400,1.332400,1.334650,4,2020-03-03
2020-03-03 01:00:00,1.334600,1.335800,1.331850,1.332700,4,2020-03-03
2020-03-03 05:00:00,1.333050,1.335200,1.331800,1.334000,4,2020-03-03
2020-03-03 09:00:00,1.334000,1.335050,1.332600,1.334500,4,2020-03-03
2020-03-03 13:00:00,1.334600,1.336900,1.333800,1.335500,4,2020-03-03
2020-03-03 17:00:00,1.335500,1.338000,1.334600,1.336250,4,2020-03-04
2020-03-03 21:00:00,1.335950,1.338150,1.331800,1.337250,4,2020-03-04
2020-03-04 01:00:00,1.337300,1.339150,1.335700,1.338200,4,2020-03-04
2020-03-04 05:00:00,1.338100,1.338800,1.334200,1.334600,4,2020-03-04
2020-03-04 09:00:00,1.335000,1.335900,1.334400,1.335900,4,2020-03-04
2020-03-04 13:00:00,1.335900,1.336600,1.334300,1.336000,4,2020-03-04
2020-03-04 17:00:00,1.335600,1.337200,1.332800,1.333400,4,2020-03-05
2020-03-04 21:00:00,1.333300,1.343200,1.333300,1.340600,4,2020-03-05
2020-03-05 01:00:00,1.340700,1.340700,1.338100,1.338600,4,2020-03-05
2020-03-05 05:00:00,1.338500,1.340250,1.338100,1.339700,4,2020-03-05
2020-03-05 09:00:00,1.339650,1.339850,1.338500,1.338900,4,2020-03-05
2020-03-05 13:00:00,1.339300,1.341300,1.338900,1.340900,4,2020-03-05
2020-03-05 17:00:00,1.340900,1.343200,1.339700,1.341000,4,2020-03-06
2020-03-05 21:00:00,1.341000,1.342850,1.338800,1.342100,4,2020-03-06
2020-03-06 01:00:00,1.342200,1.343900,1.339800,1.340550,4,2020-03-06
2020-03-06 05:00:00,1.340700,1.341200,1.338500,1.341200,4,2020-03-06
2020-03-06 09:00:00,1.341350,1.341400,1.339200,1.339550,4,2020-03-06
2020-03-06 13:00:00,1.339500,1.342000,1.337850,1.340300,4,2020-03-06
2020-03-09 01:00:00,1.349800,1.359100,1.349000,1.359000,3,2020-03-09
2020-03-09 05:00:00,1.359000,1.375800,1.358200,1.369700,4,2020-03-09
2020-03-09 09:00:00,1.369600,1.370200,1.362650,1.363800,4,2020-03-09
2020-03-09 13:00:00,1.363800,1.366400,1.357000,1.360600,4,2020-03-09
2020-03-09 17:00:00,1.360600,1.369000,1.358400,1.358800,4,2020-03-10
2020-03-09 21:00:00,1.358500,1.360950,1.351600,1.360200,4,2020-03-10
2020-03-10 01:00:00,1.360200,1.370800,1.359000,1.369700,4,2020-03-10
2020-03-10 05:00:00,1.368950,1.369600,1.362700,1.365250,4,2020-03-10
2020-03-10 09:00:00,1.365550,1.366400,1.360600,1.363700,4,2020-03-10
2020-03-10 13:00:00,1.363700,1.368500,1.361800,1.366800,4,2020-03-10
2020-03-10 17:00:00,1.366800,1.368600,1.363800,1.368150,4,2020-03-11
2020-03-10 21:00:00,1.368100,1.379700,1.367200,1.377400,4,2020-03-11
2020-03-11 01:00:00,1.377400,1.377400,1.370400,1.372800,4,2020-03-11
2020-03-11 05:00:00,1.372700,1.374550,1.370200,1.371600,4,2020-03-11
2020-03-11 09:00:00,1.371500,1.372150,1.368800,1.370650,4,2020-03-11
2020-03-11 13:00:00,1.370950,1.373300,1.368000,1.369950,4,2020-03-11
2020-03-11 17:00:00,1.369800,1.375100,1.368000,1.373550,4,2020-03-12
2020-03-11 21:00:00,1.373600,1.376150,1.370900,1.375250,4,2020-03-12
2020-03-12 01:00:00,1.375250,1.379350,1.373200,1.378000,4,2020-03-12
2020-03-12 05:00:00,1.378150,1.382100,1.376500,1.380700,4,2020-03-12
2020-03-12 09:00:00,1.380200,1.381150,1.376200,1.378400,4,2020-03-12
2020-03-12 13:00:00,1.378250,1.379600,1.375000,1.377850,4,2020-03-12
2020-03-12 17:00:00,1.377800,1.385350,1.376600,1.377100,4,2020-03-13
2020-03-12 21:00:00,1.377400,1.389800,1.377400,1.387100,3,2020-03-13
2020-03-16 01:00:00,1.388200,1.390100,1.374500,1.374500,3,2020-03-16
2020-03-16 05:00:00,1.374600,1.386600,1.373250,1.383700,4,2020-03-16
2020-03-16 09:00:00,1.383700,1.387800,1.383300,1.387500,4,2020-03-16
2020-03-16 13:00:00,1.387600,1.391100,1.385200,1.389500,4,2020-03-16
2020-03-16 17:00:00,1.389450,1.398800,1.389100,1.395700,4,2020-03-17
2020-03-16 21:00:00,1.395800,1.401700,1.392400,1.398200,4,2020-03-17
2020-03-17 01:00:00,1.398100,1.402000,1.396400,1.400700,4,2020-03-17
2020-03-17 05:00:00,1.400600,1.401650,1.396200,1.397600,4,2020-03-17
2020-03-17 09:00:00,1.397600,1.399000,1.396800,1.398900,4,2020-03-17
2020-03-17 13:00:00,1.398900,1.407900,1.398600,1.406600,4,2020-03-17
2020-03-17 17:00:00,1.406600,1.416450,1.405500,1.413250,4,2020-03-18
2020-03-17 21:00:00,1.413100,1.424400,1.408300,1.421300,4,2020-03-18
2020-03-18 01:00:00,1.421200,1.427600,1.417900,1.420800,4,2020-03-18
2020-03-18 05:00:00,1.420800,1.424800,1.420100,1.420900,4,2020-03-18
2020-03-18 09:00:00,1.420500,1.420950,1.418100,1.420000,3,2020-03-18
2020-03-18 13:00:00,1.420000,1.434500,1.419600,1.430200,4,2020-03-18
2020-03-18 17:00:00,1.430700,1.447350,1.429900,1.442700,4,2020-03-19
2020-03-18 21:00:00,1.442600,1.465100,1.439100,1.455600,4,2020-03-19
2020-03-19 01:00:00,1.455500,1.461050,1.435900,1.450800,4,2020-03-19
2020-03-19 05:00:00,1.451400,1.465200,1.442300,1.463400,4,2020-03-19
2020-03-19 09:00:00,1.463750,1.466800,1.460800,1.460800,4,2020-03-19
2020-03-19 13:00:00,1.460400,1.461900,1.445800,1.450400,4,2020-03-19
2020-03-19 17:00:00,1.450300,1.463300,1.442600,1.443100,4,2020-03-20
2020-03-19 21:00:00,1.442900,1.452850,1.442000,1.447700,4,2020-03-20
2020-03-20 01:00:00,1.447600,1.452900,1.447000,1.450300,4,2020-03-20
2020-03-20 05:00:00,1.450300,1.453600,1.440700,1.443000,4,2020-03-20
2020-03-20 09:00:00,1.442400,1.442800,1.437400,1.439800,4,2020-03-20
2020-03-20 13:00:00,1.439750,1.439750,1.415000,1.423300,4,2020-03-20
2020-03-23 01:00:00,1.435900,1.435950,1.434950,1.435450,2,2020-03-23
2020-03-23 05:00:00,1.435550,1.448850,1.435100,1.442500,4,2020-03-23
2020-03-23 09:00:00,1.442800,1.445100,1.440100,1.442800,4,2020-03-23
2020-03-23 13:00:00,1.442800,1.447800,1.441000,1.446900,4,2020-03-23
2020-03-23 17:00:00,1.447200,1.449050,1.433900,1.441100,4,2020-03-24
2020-03-23 21:00:00,1.441300,1.455800,1.441300,1.450300,4,2020-03-24
2020-03-24 01:00:00,1.449950,1.454700,1.449300,1.450600,4,2020-03-24
2020-03-24 05:00:00,1.450400,1.450850,1.442000,1.442900,4,2020-03-24
2020-03-24 09:00:00,1.442800,1.444700,1.439800,1.443400,4,2020-03-24
2020-03-24 13:00:00,1.443350,1.443350,1.438000,1.439000,4,2020-03-24
2020-03-24 17:00:00,1.439100,1.452950,1.437400,1.445600,4,2020-03-25
2020-03-24 21:00:00,1.445300,1.452100,1.442600,1.449650,4,2020-03-25
2020-03-25 01:00:00,1.449700,1.450800,1.444900,1.446450,4,2020-03-25
2020-03-25 05:00:00,1.446300,1.448100,1.441500,1.441700,4,2020-03-25
2020-03-25 09:00:00,1.441650,1.441650,1.434600,1.434700,4,2020-03-25
2020-03-25 13:00:00,1.433600,1.440000,1.429900,1.434300,4,2020-03-25
2020-03-25 17:00:00,1.434000,1.442300,1.430300,1.436450,4,2020-03-26
2020-03-25 21:00:00,1.437200,1.439450,1.420800,1.424100,4,2020-03-26
2020-03-26 01:00:00,1.423750,1.425150,1.418000,1.419000,4,2020-03-26
2020-03-26 05:00:00,1.419000,1.425700,1.418600,1.425550,4,2020-03-26
2020-03-26 09:00:00,1.425900,1.426800,1.422900,1.425000,4,2020-03-26
2020-03-26 13:00:00,1.424700,1.427500,1.416600,1.417000,4,2020-03-26
2020-03-26 17:00:00,1.416300,1.418250,1.406850,1.411000,4,2020-03-27
2020-03-26 21:00:00,1.411800,1.412750,1.401000,1.407400,4,2020-03-27
2020-03-27 01:00:00,1.407200,1.408100,1.401000,1.404500,4,2020-03-27
2020-03-27 05:00:00,1.404600,1.407200,1.403250,1.403700,4,2020-03-27
2020-03-27 09:00:00,1.403750,1.405150,1.398800,1.398800,4,2020-03-27
2020-03-27 13:00:00,1.399050,1.409800,1.399050,1.409200,4,2020-03-27
2020-03-30 01:00:00,1.401100,1.403600,1.400100,1.403450,3,2020-03-30
2020-03-30 05:00:00,1.403500,1.408300,1.402400,1.405450,4,2020-03-30
2020-03-30 09:00:00,1.405550,1.406850,1.401550,1.401700,4,2020-03-30
2020-03-30 13:00:00,1.401600,1.410400,1.401250,1.410400,4,2020-03-30
2020-03-30 17:00:00,1.410400,1.418000,1.410150,1.416500,4,2020-03-31
2020-03-30 21:00:00,1.416800,1.418300,1.412400,1.416600,4,2020-03-31
2020-03-31 01:00:00,1.416700,1.417400,1.413100,1.416100,4,2020-03-31
2020-03-31 05:00:00,1.416300,1.420700,1.415800,1.418900,4,2020-03-31
2020-03-31 09:00:00,1.418500,1.420100,1.416350,1.417450,4,2020-03-31
2020-03-31 13:00:00,1.417500,1.423350,1.416400,1.422300,4,2020-03-31
2020-03-31 17:00:00,1.422500,1.432900,1.421300,1.432500,4,2020-04-01
2020-03-31 21:00:00,1.433300,1.434700,1.409500,1.412700,4,2020-04-01
2020-04-01 01:00:00,1.411800,1.413100,1.401000,1.406900,4,2020-04-01
2020-04-01 05:00:00,1.407100,1.410750,1.406600,1.410100,4,2020-04-01
2020-04-01 09:00:00,1.410350,1.413000,1.409400,1.412700,4,2020-04-01
2020-04-01 13:00:00,1.413550,1.417650,1.413300,1.415950,1,2020-04-01
2020-04-01 17:00:00,1.425400,1.427050,1.413850,1.413850,4,2020-04-02
2020-04-01 21:00:00,1.413600,1.424700,1.413600,1.422400,4,2020-04-02
2020-04-02 01:00:00,1.422000,1.423600,1.415900,1.418700,4,2020-04-02
2020-04-02 05:00:00,1.418700,1.419450,1.414800,1.419450,4,2020-04-02
2020-04-02 09:00:00,1.419550,1.419550,1.411000,1.411000,4,2020-04-02
2020-04-02 13:00:00,1.410500,1.414500,1.408100,1.410700,4,2020-04-02
2020-04-02 17:00:00,1.411300,1.430000,1.409900,1.425600,4,2020-04-03
2020-04-02 21:00:00,1.425500,1.426100,1.408700,1.419250,4,2020-04-03
2020-04-03 01:00:00,1.419450,1.422400,1.412600,1.412600,4,2020-04-03
2020-04-03 05:00:00,1.412850,1.417200,1.411750,1.415000,4,2020-04-03
2020-04-03 09:00:00,1.415200,1.417500,1.414600,1.415850,4,2020-04-03
2020-04-03 13:00:00,1.415700,1.420700,1.413200,1.418200,4,2020-04-03
2020-04-05 21:00:00,1.419450,1.419450,1.419450,1.419450,1,2020-04-06
2020-04-06 01:00:00,1.419450,1.425600,1.418800,1.424000,4,2020-04-06
2020-04-06 05:00:00,1.424000,1.426150,1.418750,1.420450,4,2020-04-06
2020-04-06 09:00:00,1.420400,1.420500,1.411600,1.414200,4,2020-04-06
2020-04-06 13:00:00,1.414750,1.414750,1.408600,1.411900,4,2020-04-06
2020-04-06 17:00:00,1.412250,1.417200,1.409800,1.414300,4,2020-04-07
2020-04-06 21:00:00,1.413900,1.415700,1.409800,1.412000,4,2020-04-07
2020-04-07 01:00:00,1.411750,1.414150,1.409400,1.414150,4,2020-04-07
2020-04-07 05:00:00,1.414100,1.414100,1.408100,1.409750,4,2020-04-07
2020-04-07 09:00:00,1.409700,1.410750,1.402600,1.402600,4,2020-04-07
2020-04-07 13:00:00,1.403050,1.404050,1.399200,1.401100,4,2020-04-07
2020-04-07 17:00:00,1.401300,1.403500,1.394500,1.400700,4,2020-04-08
2020-04-07 21:00:00,1.401550,1.402550,1.394900,1.399300,4,2020-04-08
2020-04-08 01:00:00,1.399100,1.401950,1.397000,1.401800,4,2020-04-08
2020-04-08 05:00:00,1.401850,1.404300,1.399700,1.403600,4,2020-04-08
2020-04-08 09:00:00,1.403600,1.407950,1.402600,1.405700,4,2020-04-08
2020-04-08 13:00:00,1.405550,1.406500,1.400300,1.401400,4,2020-04-08
2020-04-08 17:00:00,1.401500,1.407000,1.399100,1.405900,4,2020-04-09
2020-04-08 21:00:00,1.405650,1.407500,1.399500,1.403750,4,2020-04-09
2020-04-09 01:00:00,1.403950,1.404200,1.400500,1.402400,4,2020-04-09
2020-04-09 05:00:00,1.402200,1.403500,1.399900,1.403050,4,2020-04-09
2020-04-09 09:00:00,1.402750,1.405200,1.401700,1.403000,4,2020-04-09
2020-04-09 13:00:00,1.402600,1.405550,1.401300,1.403700,4,2020-04-09
2020-04-09 17:00:00,1.403550,1.407750,1.392900,1.394500,4,2020-04-10
2020-04-09 21:00:00,1.394700,1.403700,1.393300,1.402200,4,2020-04-10
2020-04-10 01:00:00,1.402100,1.402400,1.395800,1.398400,4,2020-04-10
2020-04-10 05:00:00,1.397900,1.400950,1.397900,1.398800,4,2020-04-10
2020-04-10 09:00:00,1.398600,1.398700,1.395100,1.395100,4,2020-04-10
2020-04-10 13:00:00,1.395300,1.396250,1.394600,1.395750,4,2020-04-10
2020-04-12 21:00:00,1.393350,1.393350,1.393350,1.393350,1,2020-04-13
2020-04-13 01:00:00,1.394100,1.400150,1.392300,1.398050,4,2020-04-13
2020-04-13 05:00:00,1.398150,1.398250,1.394200,1.395100,4,2020-04-13
2020-04-13 09:00:00,1.395100,1.395750,1.392400,1.393600,4,2020-04-13
2020-04-13 13:00:00,1.393800,1.398500,1.392600,1.396650,4,2020-04-13
2020-04-13 17:00:00,1.396600,1.398500,1.395600,1.397000,4,2020-04-14
2020-04-13 21:00:00,1.397250,1.398700,1.386200,1.387750,4,2020-04-14
2020-04-14 01:00:00,1.387400,1.390700,1.385400,1.387800,4,2020-04-14
2020-04-14 05:00:00,1.387600,1.390300,1.386300,1.386700,4,2020-04-14
2020-04-14 09:00:00,1.386650,1.389700,1.386300,1.387800,4,2020-04-14
2020-04-14 13:00:00,1.387700,1.392400,1.386100,1.390500,4,2020-04-14
2020-04-14 17:00:00,1.390700,1.392500,1.386500,1.388800,4,2020-04-15
2020-04-14 21:00:00,1.388800,1.392100,1.388300,1.390800,4,2020-04-15
2020-04-15 01:00:00,1.391000,1.391900,1.387500,1.388100,4,2020-04-15
2020-04-15 05:00:00,1.387900,1.391200,1.387700,1.390600,4,2020-04-15
2020-04-15 09:00:00,1.390450,1.395900,1.389200,1.395900,4,2020-04-15
2020-04-15 13:00:00,1.395850,1.406300,1.395200,1.404000,4,2020-04-15
2020-04-15 17:00:00,1.404400,1.411700,1.402300,1.407300,4,2020-04-16
2020-04-15 21:00:00,1.406900,1.413200,1.405300,1.408300,4,2020-04-16
2020-04-16 01:00:00,1.408350,1.411900,1.407100,1.411900,4,2020-04-16
2020-04-16 05:00:00,1.412150,1.413600,1.410400,1.411700,4,2020-04-16
2020-04-16 09:00:00,1.411700,1.413150,1.408600,1.410450,4,2020-04-16
2020-04-16 13:00:00,1.410600,1.412600,1.409100,1.410450,4,2020-04-16
2020-04-16 17:00:00,1.410000,1.412700,1.406100,1.412700,4,2020-04-17
2020-04-16 21:00:00,1.412450,1.418300,1.411250,1.411600,4,2020-04-17
2020-04-17 01:00:00,1.411200,1.412700,1.401800,1.404050,4,2020-04-17
2020-04-17 05:00:00,1.403700,1.405000,1.400300,1.402200,4,2020-04-17
2020-04-17 09:00:00,1.402250,1.406000,1.401600,1.404100,4,2020-04-17
2020-04-17 13:00:00,1.404000,1.411750,1.403600,1.406700,4,2020-04-17
2020-04-20 01:00:00,1.401600,1.405100,1.401500,1.404200,4,2020-04-20
2020-04-20 05:00:00,1.404200,1.407700,1.403650,1.407050,4,2020-04-20
2020-04-20 09:00:00,1.407000,1.410200,1.406150,1.408000,4,2020-04-20
2020-04-20 13:00:00,1.407650,1.410000,1.405050,1.409800,4,2020-04-20
2020-04-20 17:00:00,1.409800,1.413100,1.403300,1.405400,4,2020-04-21
2020-04-20 21:00:00,1.405300,1.413550,1.404100,1.413300,4,2020-04-21
2020-04-21 01:00:00,1.413500,1.415400,1.411400,1.412300,4,2020-04-21
2020-04-21 05:00:00,1.411800,1.417800,1.411300,1.415650,4,2020-04-21
2020-04-21 09:00:00,1.415800,1.417450,1.414300,1.417250,4,2020-04-21
2020-04-21 13:00:00,1.417500,1.426400,1.417350,1.423100,4,2020-04-21
2020-04-21 17:00:00,1.422800,1.424800,1.416800,1.420000,4,2020-04-22
2020-04-21 21:00:00,1.420000,1.423100,1.417000,1.419400,4,2020-04-22
2020-04-22 01:00:00,1.419950,1.421150,1.416400,1.419950,4,2020-04-22
2020-04-22 05:00:00,1.420000,1.421250,1.417400,1.418800,4,2020-04-22
2020-04-22 09:00:00,1.419100,1.423700,1.416300,1.417300,4,2020-04-22
2020-04-22 13:00:00,1.417350,1.418200,1.412900,1.413000,4,2020-04-22
2020-04-22 17:00:00,1.413400,1.416450,1.411500,1.415200,4,2020-04-23
2020-04-22 21:00:00,1.415100,1.418500,1.413100,1.418400,4,2020-04-23
2020-04-23 01:00:00,1.418400,1.419600,1.415500,1.416400,4,2020-04-23
2020-04-23 05:00:00,1.416250,1.419850,1.416250,1.418850,4,2020-04-23
2020-04-23 09:00:00,1.418850,1.418900,1.411400,1.414800,4,2020-04-23
2020-04-23 13:00:00,1.414700,1.417900,1.412700,1.415100,4,2020-04-23
2020-04-23 17:00:00,1.415100,1.415100,1.401000,1.401500,4,2020-04-24
2020-04-23 21:00:00,1.402000,1.407900,1.400250,1.404950,4,2020-04-24
2020-04-24 01:00:00,1.404500,1.408250,1.404500,1.407100,4,2020-04-24
2020-04-24 05:00:00,1.407000,1.408800,1.405100,1.406750,4,2020-04-24
2020-04-24 09:00:00,1.406800,1.410800,1.406000,1.409000,4,2020-04-24
2020-04-24 13:00:00,1.409100,1.411500,1.404100,1.404200,4,2020-04-24
2020-04-26 21:00:00,1.410800,1.410800,1.410800,1.410800,1,2020-04-27
2020-04-27 01:00:00,1.410800,1.411700,1.409500,1.411500,4,2020-04-27
2020-04-27 05:00:00,1.411550,1.411600,1.406250,1.407450,4,2020-04-27
2020-04-27 09:00:00,1.407400,1.407550,1.404900,1.406700,4,2020-04-27
2020-04-27 13:00:00,1.406700,1.406800,1.404100,1.405200,4,2020-04-27
2020-04-27 17:00:00,1.405150,1.408200,1.404400,1.404600,4,2020-04-28
2020-04-27 21:00:00,1.404800,1.406550,1.403200,1.404000,4,2020-04-28
2020-04-28 01:00:00,1.404000,1.404650,1.401650,1.402800,4,2020-04-28
2020-04-28 05:00:00,1.402650,1.406500,1.401700,1.405900,4,2020-04-28
2020-04-28 09:00:00,1.406050,1.406800,1.404900,1.405500,4,2020-04-28
2020-04-28 13:00:00,1.405700,1.407350,1.394500,1.395600,4,2020-04-28
2020-04-28 17:00:00,1.395500,1.399900,1.393400,1.399900,4,2020-04-29
2020-04-28 21:00:00,1.399600,1.400450,1.397500,1.398800,4,2020-04-29
2020-04-29 01:00:00,1.398650,1.400400,1.397200,1.399800,4,2020-04-29
2020-04-29 05:00:00,1.399950,1.400000,1.394000,1.394450,4,2020-04-29
2020-04-29 09:00:00,1.394650,1.395700,1.393000,1.395000,4,2020-04-29
2020-04-29 13:00:00,1.395000,1.395900,1.392600,1.394950,4,2020-04-29
2020-04-29 17:00:00,1.395100,1.396200,1.391200,1.392800,4,2020-04-30
2020-04-29 21:00:00,1.393200,1.394000,1.388400,1.390200,4,2020-04-30
2020-04-30 01:00:00,1.389800,1.390400,1.387500,1.387950,4,2020-04-30
2020-04-30 05:00:00,1.388050,1.389750,1.386800,1.388150,4,2020-04-30
2020-04-30 09:00:00,1.388000,1.389450,1.385800,1.387200,4,2020-04-30
2020-04-30 13:00:00,1.387650,1.388600,1.385000,1.386800,4,2020-04-30
2020-04-30 17:00:00,1.387000,1.391300,1.385500,1.389200,4,2020-05-01
2020-04-30 21:00:00,1.388900,1.395650,1.387600,1.392000,4,2020-05-01
2020-05-01 01:00:00,1.392400,1.396900,1.390800,1.395700,4,2020-05-01
2020-05-01 05:00:00,1.395100,1.400450,1.394800,1.399800,4,2020-05-01
2020-05-01 09:00:00,1.400200,1.402800,1.399300,1.402800,4,2020-05-01
2020-05-01 13:00:00,1.402400,1.404300,1.401100,1.402600,4,2020-05-01
2020-05-03 21:00:00,1.408600,1.408600,1.408600,1.408600,1,2020-05-04
2020-05-04 01:00:00,1.407300,1.412600,1.407300,1.412600,4,2020-05-04
2020-05-04 05:00:00,1.412500,1.415100,1.411700,1.412150,4,2020-05-04
2020-05-04 09:00:00,1.412250,1.413900,1.410300,1.411550,4,2020-05-04
2020-05-04 13:00:00,1.411500,1.413900,1.409500,1.411000,4,2020-05-04
2020-05-04 17:00:00,1.411000,1.411200,1.405100,1.408300,4,2020-05-05
2020-05-04 21:00:00,1.408250,1.409850,1.407100,1.407800,4,2020-05-05
2020-05-05 01:00:00,1.407800,1.410250,1.406600,1.408000,4,2020-05-05
2020-05-05 05:00:00,1.408550,1.408700,1.405300,1.406400,4,2020-05-05
2020-05-05 09:00:00,1.406400,1.407250,1.403000,1.404200,4,2020-05-05
2020-05-05 13:00:00,1.404100,1.409500,1.403200,1.405600,4,2020-05-05
2020-05-05 17:00:00,1.405400,1.406350,1.400800,1.405750,4,2020-05-06
2020-05-05 21:00:00,1.405450,1.405600,1.401700,1.402500,4,2020-05-06
2020-05-06 01:00:00,1.402500,1.405500,1.402300,1.403600,4,2020-05-06
2020-05-06 05:00:00,1.403800,1.407600,1.403700,1.405200,4,2020-05-06
2020-05-06 09:00:00,1.405300,1.405800,1.402250,1.403100,4,2020-05-06
2020-05-06 13:00:00,1.403100,1.407100,1.402500,1.404800,4,2020-05-06
2020-05-06 17:00:00,1.404800,1.413700,1.404300,1.413500,4,2020-05-07
2020-05-06 21:00:00,1.413200,1.415650,1.411300,1.411500,4,2020-05-07
2020-05-07 01:00:00,1.412250,1.417300,1.411650,1.417250,4,2020-05-07
2020-05-07 05:00:00,1.417200,1.417300,1.412800,1.413200,4,2020-05-07
2020-05-07 09:00:00,1.413300,1.413400,1.409900,1.411650,4,2020-05-07
2020-05-07 13:00:00,1.411800,1.412050,1.406600,1.407600,4,2020-05-07
2020-05-07 17:00:00,1.408200,1.408600,1.401900,1.402450,4,2020-05-08
2020-05-07 21:00:00,1.402500,1.403000,1.395200,1.399300,4,2020-05-08
2020-05-08 01:00:00,1.399000,1.400700,1.396100,1.396400,4,2020-05-08
2020-05-08 05:00:00,1.396100,1.398200,1.392300,1.393600,4,2020-05-08
2020-05-08 09:00:00,1.393400,1.394700,1.392600,1.393800,4,2020-05-08
2020-05-08 13:00:00,1.393650,1.396050,1.393200,1.394900,4,2020-05-08
2020-05-10 21:00:00,1.392700,1.392700,1.392700,1.392700,1,2020-05-11
2020-05-11 01:00:00,1.393700,1.394250,1.393300,1.394200,4,2020-05-11
2020-05-11 05:00:00,1.394250,1.394650,1.390100,1.391100,4,2020-05-11
2020-05-11 09:00:00,1.390950,1.392750,1.390600,1.391100,4,2020-05-11
2020-05-11 13:00:00,1.390950,1.399000,1.390900,1.397700,4,2020-05-11
2020-05-11 17:00:00,1.397500,1.402100,1.397400,1.401950,4,2020-05-12
2020-05-11 21:00:00,1.401850,1.404200,1.400800,1.402150,4,2020-05-12
2020-05-12 01:00:00,1.402350,1.402500,1.400200,1.401400,4,2020-05-12
2020-05-12 05:00:00,1.401600,1.406400,1.401200,1.404950,4,2020-05-12
2020-05-12 09:00:00,1.405000,1.405600,1.402050,1.403500,4,2020-05-12
2020-05-12 13:00:00,1.403800,1.403800,1.397650,1.398700,4,2020-05-12
2020-05-12 17:00:00,1.398700,1.402500,1.397200,1.399000,4,2020-05-13
2020-05-12 21:00:00,1.399100,1.405250,1.398200,1.404100,4,2020-05-13
2020-05-13 01:00:00,1.403900,1.408000,1.402600,1.406400,4,2020-05-13
2020-05-13 05:00:00,1.406900,1.408500,1.405200,1.405850,4,2020-05-13
2020-05-13 09:00:00,1.405850,1.406450,1.404300,1.405000,4,2020-05-13
2020-05-13 13:00:00,1.405400,1.407650,1.402200,1.402300,4,2020-05-13
2020-05-13 17:00:00,1.402100,1.406800,1.400600,1.406600,4,2020-05-14
2020-05-13 21:00:00,1.406500,1.411050,1.406000,1.410350,4,2020-05-14
2020-05-14 01:00:00,1.410850,1.411500,1.408950,1.409800,4,2020-05-14
2020-05-14 05:00:00,1.409300,1.410700,1.408600,1.409100,4,2020-05-14
2020-05-14 09:00:00,1.409050,1.411550,1.408900,1.410350,4,2020-05-14
2020-05-14 13:00:00,1.410550,1.411350,1.406850,1.409700,4,2020-05-14
2020-05-14 17:00:00,1.409300,1.413850,1.408000,1.409800,4,2020-05-15
2020-05-14 21:00:00,1.409700,1.410050,1.406700,1.407450,4,2020-05-15
2020-05-15 01:00:00,1.407350,1.407400,1.403200,1.404750,4,2020-05-15
2020-05-15 05:00:00,1.404500,1.405900,1.403000,1.405200,4,2020-05-15
2020-05-15 09:00:00,1.405250,1.405500,1.403600,1.405050,4,2020-05-15
2020-05-15 13:00:00,1.404600,1.407700,1.401950,1.407650,4,2020-05-15
2020-05-17 21:00:00,1.410100,1.410100,1.410100,1.410100,1,2020-05-18
2020-05-18 01:00:00,1.410050,1.411400,1.409100,1.409500,4,2020-05-18
2020-05-18 05:00:00,1.409500,1.409700,1.406650,1.407100,4,2020-05-18
2020-05-18 09:00:00,1.407200,1.408900,1.406800,1.407700,4,2020-05-18
2020-05-18 13:00:00,1.407550,1.408000,1.405800,1.406200,4,2020-05-18
2020-05-18 17:00:00,1.406050,1.406850,1.398900,1.399400,4,2020-05-19
2020-05-18 21:00:00,1.399550,1.399550,1.395500,1.396350,4,2020-05-19
2020-05-19 01:00:00,1.396300,1.396300,1.393600,1.394000,4,2020-05-19
2020-05-19 05:00:00,1.393950,1.396100,1.392250,1.395500,4,2020-05-19
2020-05-19 09:00:00,1.395750,1.396900,1.390700,1.390700,4,2020-05-19
2020-05-19 13:00:00,1.390600,1.394700,1.390600,1.391750,4,2020-05-19
2020-05-19 17:00:00,1.392200,1.393850,1.387300,1.387600,4,2020-05-20
2020-05-19 21:00:00,1.387650,1.389550,1.386500,1.388600,4,2020-05-20
2020-05-20 01:00:00,1.388900,1.396000,1.388500,1.394050,4,2020-05-20
2020-05-20 05:00:00,1.393600,1.394100,1.391500,1.393250,4,2020-05-20
2020-05-20 09:00:00,1.393350,1.394300,1.391900,1.394300,4,2020-05-20
2020-05-20 13:00:00,1.394100,1.395000,1.390500,1.390700,4,2020-05-20
2020-05-20 17:00:00,1.390400,1.390650,1.386700,1.388150,4,2020-05-21
2020-05-20 21:00:00,1.388000,1.392450,1.387500,1.389100,4,2020-05-21
2020-05-21 01:00:00,1.389150,1.390800,1.388200,1.390150,4,2020-05-21
2020-05-21 05:00:00,1.390250,1.394000,1.389800,1.393350,4,2020-05-21
2020-05-21 09:00:00,1.393250,1.394700,1.392800,1.393300,4,2020-05-21
2020-05-21 13:00:00,1.393650,1.394100,1.390600,1.391400,4,2020-05-21
2020-05-21 17:00:00,1.391650,1.394100,1.388900,1.393950,4,2020-05-22
2020-05-21 21:00:00,1.394400,1.397000,1.393500,1.394600,4,2020-05-22
2020-05-22 01:00:00,1.394650,1.395850,1.393100,1.394900,4,2020-05-22
2020-05-22 05:00:00,1.394400,1.398450,1.393900,1.398150,4,2020-05-22
2020-05-22 09:00:00,1.398350,1.401700,1.397700,1.401500,4,2020-05-22
2020-05-22 13:00:00,1.401500,1.403400,1.400400,1.400900,4,2020-05-22
2020-05-24 21:00:00,1.399800,1.399800,1.399800,1.399800,1,2020-05-25
2020-05-25 01:00:00,1.399800,1.400400,1.398450,1.398800,4,2020-05-25
2020-05-25 05:00:00,1.398850,1.400650,1.397950,1.399700,4,2020-05-25
2020-05-25 09:00:00,1.399800,1.399800,1.398650,1.399200,4,2020-05-25
2020-05-25 13:00:00,1.399300,1.400200,1.397050,1.398100,4,2020-05-25
2020-05-25 17:00:00,1.398000,1.399600,1.397700,1.397950,4,2020-05-26
2020-05-25 21:00:00,1.398300,1.399350,1.396700,1.398350,4,2020-05-26
2020-05-26 01:00:00,1.398300,1.399400,1.397300,1.398000,4,2020-05-26
2020-05-26 05:00:00,1.397950,1.398250,1.394900,1.396100,4,2020-05-26
2020-05-26 09:00:00,1.396000,1.396000,1.392300,1.393000,4,2020-05-26
2020-05-26 13:00:00,1.393300,1.393700,1.387000,1.387500,4,2020-05-26
2020-05-26 17:00:00,1.387300,1.387900,1.380200,1.380400,4,2020-05-27
2020-05-26 21:00:00,1.380100,1.382650,1.375600,1.375900,4,2020-05-27
2020-05-27 01:00:00,1.375600,1.379750,1.375500,1.377900,4,2020-05-27
2020-05-27 05:00:00,1.377500,1.380500,1.376800,1.378750,4,2020-05-27
2020-05-27 09:00:00,1.378800,1.379350,1.377200,1.378100,4,2020-05-27
2020-05-27 13:00:00,1.378450,1.378900,1.372600,1.373850,4,2020-05-27
2020-05-27 17:00:00,1.373850,1.382250,1.373000,1.381900,4,2020-05-28
2020-05-27 21:00:00,1.381600,1.382100,1.377300,1.377700,4,2020-05-28
2020-05-28 01:00:00,1.377950,1.378100,1.374200,1.375900,4,2020-05-28
2020-05-28 05:00:00,1.375900,1.376450,1.373200,1.375150,4,2020-05-28
2020-05-28 09:00:00,1.375300,1.378150,1.373900,1.374700,4,2020-05-28
2020-05-28 13:00:00,1.375100,1.378900,1.374700,1.377400,4,2020-05-28
2020-05-28 17:00:00,1.377200,1.378450,1.374450,1.376000,4,2020-05-29
2020-05-28 21:00:00,1.375800,1.378250,1.374500,1.376550,4,2020-05-29
2020-05-29 01:00:00,1.375900,1.378800,1.375700,1.377800,4,2020-05-29
2020-05-29 05:00:00,1.377800,1.379400,1.376800,1.377300,4,2020-05-29
2020-05-29 09:00:00,1.377250,1.377800,1.375000,1.376250,4,2020-05-29
2020-05-29 13:00:00,1.376950,1.378350,1.373500,1.374200,4,2020-05-29
2020-05-31 21:00:00,1.377100,1.377100,1.377100,1.377100,1,2020-06-01
2020-06-01 01:00:00,1.378200,1.380050,1.375800,1.378200,4,2020-06-01
2020-06-01 05:00:00,1.378150,1.378650,1.370000,1.370200,4,2020-06-01
2020-06-01 09:00:00,1.370300,1.373550,1.370300,1.370900,4,2020-06-01
2020-06-01 13:00:00,1.370800,1.373150,1.367500,1.372400,4,2020-06-01
2020-06-01 17:00:00,1.372100,1.373800,1.361600,1.361950,4,2020-06-02
2020-06-01 21:00:00,1.361700,1.362950,1.357600,1.357750,4,2020-06-02
2020-06-02 01:00:00,1.357650,1.357900,1.355600,1.357200,4,2020-06-02
2020-06-02 05:00:00,1.357250,1.358550,1.354400,1.356850,4,2020-06-02
2020-06-02 09:00:00,1.356750,1.356800,1.352700,1.354500,4,2020-06-02
2020-06-02 13:00:00,1.354400,1.355300,1.349300,1.351000,4,2020-06-02
2020-06-02 17:00:00,1.350800,1.354400,1.348400,1.348400,4,2020-06-03
2020-06-02 21:00:00,1.348400,1.352500,1.348400,1.351700,4,2020-06-03
2020-06-03 01:00:00,1.351800,1.353600,1.351200,1.352650,4,2020-06-03
2020-06-03 05:00:00,1.352750,1.352750,1.348000,1.350800,4,2020-06-03
2020-06-03 09:00:00,1.351050,1.351200,1.349300,1.350200,4,2020-06-03
2020-06-03 13:00:00,1.350500,1.355850,1.348900,1.355800,4,2020-06-03
2020-06-03 17:00:00,1.355700,1.357200,1.348400,1.350200,4,2020-06-04
2020-06-03 21:00:00,1.348700,1.350500,1.347900,1.348600,4,2020-06-04
2020-06-04 01:00:00,1.348600,1.350350,1.348550,1.350350,4,2020-06-04
2020-06-04 05:00:00,1.350250,1.351900,1.348700,1.351400,4,2020-06-04
2020-06-04 09:00:00,1.351400,1.352900,1.349900,1.352300,4,2020-06-04
2020-06-04 13:00:00,1.351900,1.353050,1.348800,1.351600,4,2020-06-04
2020-06-04 17:00:00,1.351900,1.354100,1.346600,1.348700,4,2020-06-05
2020-06-04 21:00:00,1.348300,1.352700,1.347700,1.350500,4,2020-06-05
2020-06-05 01:00:00,1.350500,1.351750,1.348700,1.348900,4,2020-06-05
2020-06-05 05:00:00,1.349150,1.351300,1.348700,1.350050,4,2020-06-05
2020-06-05 09:00:00,1.350150,1.350350,1.347000,1.348600,4,2020-06-05
2020-06-05 13:00:00,1.349000,1.350400,1.345900,1.348150,4,2020-06-05
2020-06-07 21:00:00,1.342600,1.342600,1.342600,1.342600,1,2020-06-08
2020-06-08 01:00:00,1.342600,1.343100,1.340100,1.341050,4,2020-06-08
2020-06-08 05:00:00,1.341300,1.343600,1.339250,1.342500,4,2020-06-08
2020-06-08 09:00:00,1.342500,1.343650,1.341700,1.342000,4,2020-06-08
2020-06-08 13:00:00,1.342050,1.343600,1.339250,1.341450,4,2020-06-08
2020-06-08 17:00:00,1.341300,1.341900,1.337100,1.338800,4,2020-06-09
2020-06-08 21:00:00,1.338600,1.340000,1.336000,1.336400,4,2020-06-09
2020-06-09 01:00:00,1.336400,1.338650,1.335500,1.338300,4,2020-06-09
2020-06-09 05:00:00,1.338250,1.339600,1.335700,1.338800,4,2020-06-09
2020-06-09 09:00:00,1.338850,1.342900,1.338000,1.342400,4,2020-06-09
2020-06-09 13:00:00,1.342750,1.348800,1.341600,1.345600,4,2020-06-09
2020-06-09 17:00:00,1.345550,1.346850,1.341200,1.342200,4,2020-06-10
2020-06-09 21:00:00,1.342600,1.343850,1.338400,1.339400,4,2020-06-10
2020-06-10 01:00:00,1.339200,1.342350,1.339200,1.342000,4,2020-06-10
2020-06-10 05:00:00,1.341850,1.342800,1.339400,1.339750,4,2020-06-10
2020-06-10 09:00:00,1.339700,1.340200,1.336800,1.338500,4,2020-06-10
2020-06-10 13:00:00,1.338900,1.341450,1.337400,1.338700,4,2020-06-10
2020-06-10 17:00:00,1.338700,1.343700,1.337300,1.342850,4,2020-06-11
2020-06-10 21:00:00,1.343200,1.343300,1.331300,1.338050,4,2020-06-11
2020-06-11 01:00:00,1.338100,1.342050,1.335300,1.341250,4,2020-06-11
2020-06-11 05:00:00,1.341100,1.342950,1.339900,1.342500,4,2020-06-11
2020-06-11 09:00:00,1.342450,1.348750,1.342300,1.347850,4,2020-06-11
2020-06-11 13:00:00,1.347500,1.349800,1.345000,1.347700,4,2020-06-11
2020-06-11 17:00:00,1.347750,1.355250,1.347400,1.354600,4,2020-06-12
2020-06-11 21:00:00,1.354550,1.361200,1.352800,1.360200,4,2020-06-12
2020-06-12 01:00:00,1.360300,1.365100,1.360000,1.363150,4,2020-06-12
2020-06-12 05:00:00,1.362900,1.366600,1.361700,1.363400,4,2020-06-12
2020-06-12 09:00:00,1.363100,1.364100,1.359800,1.362150,4,2020-06-12
2020-06-12 13:00:00,1.362100,1.362500,1.352500,1.356100,4,2020-06-12
2020-06-14 21:00:00,1.358500,1.358500,1.358500,1.358500,1,2020-06-15
2020-06-15 01:00:00,1.359300,1.364250,1.359300,1.362600,3,2020-06-15
2020-06-15 05:00:00,1.362450,1.364200,1.361000,1.363100,4,2020-06-15
2020-06-15 09:00:00,1.362800,1.368600,1.361300,1.367150,4,2020-06-15
2020-06-15 13:00:00,1.366950,1.368000,1.362900,1.366350,4,2020-06-15
2020-06-15 17:00:00,1.366300,1.366850,1.357800,1.362300,4,2020-06-16
2020-06-15 21:00:00,1.362200,1.363700,1.354400,1.356200,4,2020-06-16
2020-06-16 01:00:00,1.356200,1.358500,1.353300,1.353600,4,2020-06-16
2020-06-16 05:00:00,1.354050,1.355150,1.351100,1.351300,4,2020-06-16
2020-06-16 09:00:00,1.351300,1.356100,1.350900,1.355500,4,2020-06-16
2020-06-16 13:00:00,1.355100,1.359650,1.355100,1.355650,4,2020-06-16
2020-06-16 17:00:00,1.355500,1.361100,1.350200,1.361000,4,2020-06-17
2020-06-16 21:00:00,1.361100,1.362200,1.354400,1.356700,4,2020-06-17
2020-06-17 01:00:00,1.356700,1.358200,1.353600,1.354950,4,2020-06-17
2020-06-17 05:00:00,1.354600,1.357200,1.353100,1.355900,4,2020-06-17
2020-06-17 09:00:00,1.356250,1.356450,1.351300,1.352800,4,2020-06-17
2020-06-17 13:00:00,1.353200,1.355500,1.351000,1.353100,4,2020-06-17
2020-06-17 17:00:00,1.353100,1.359400,1.351500,1.355300,4,2020-06-18
2020-06-17 21:00:00,1.355700,1.357350,1.354000,1.356500,4,2020-06-18
2020-06-18 01:00:00,1.356500,1.357950,1.355400,1.356600,4,2020-06-18
2020-06-18 05:00:00,1.356300,1.360850,1.356100,1.358400,4,2020-06-18
2020-06-18 09:00:00,1.358600,1.358700,1.354400,1.355450,4,2020-06-18
2020-06-18 13:00:00,1.355500,1.357050,1.352100,1.353900,4,2020-06-18
2020-06-18 17:00:00,1.353850,1.359400,1.353150,1.357200,4,2020-06-19
2020-06-18 21:00:00,1.357200,1.361550,1.355750,1.360300,4,2020-06-19
2020-06-19 01:00:00,1.360500,1.361150,1.359300,1.359700,4,2020-06-19
2020-06-19 05:00:00,1.359650,1.361500,1.358500,1.359450,4,2020-06-19
2020-06-19 09:00:00,1.359400,1.360550,1.356900,1.357800,4,2020-06-19
2020-06-19 13:00:00,1.357600,1.360100,1.357300,1.358900,4,2020-06-19
2020-06-21 21:00:00,1.360000,1.360000,1.360000,1.360000,1,2020-06-22
2020-06-22 01:00:00,1.360000,1.363050,1.359500,1.361500,4,2020-06-22
2020-06-22 05:00:00,1.361500,1.362700,1.359050,1.359450,4,2020-06-22
2020-06-22 09:00:00,1.359400,1.360500,1.357600,1.358150,4,2020-06-22
2020-06-22 13:00:00,1.358000,1.359300,1.356000,1.358400,4,2020-06-22
2020-06-22 17:00:00,1.358300,1.359000,1.353000,1.355500,4,2020-06-23
2020-06-22 21:00:00,1.355500,1.356050,1.351600,1.352500,4,2020-06-23
2020-06-23 01:00:00,1.352450,1.353800,1.350900,1.351300,4,2020-06-23
2020-06-23 05:00:00,1.351500,1.357100,1.349850,1.352500,4,2020-06-23
2020-06-23 09:00:00,1.352500,1.356100,1.352200,1.353900,4,2020-06-23
2020-06-23 13:00:00,1.353900,1.354500,1.350800,1.352750,4,2020-06-23
2020-06-23 17:00:00,1.352600,1.353600,1.348500,1.350400,4,2020-06-24
2020-06-23 21:00:00,1.350350,1.354500,1.349300,1.354000,4,2020-06-24
2020-06-24 01:00:00,1.353900,1.355950,1.353500,1.354900,4,2020-06-24
2020-06-24 05:00:00,1.355100,1.355950,1.352500,1.355100,4,2020-06-24
2020-06-24 09:00:00,1.355500,1.355950,1.354100,1.354900,4,2020-06-24
2020-06-24 13:00:00,1.354800,1.358350,1.354300,1.356600,4,2020-06-24
2020-06-24 17:00:00,1.356200,1.359700,1.355100,1.356600,4,2020-06-25
2020-06-24 21:00:00,1.356500,1.361600,1.356400,1.361300,4,2020-06-25
2020-06-25 01:00:00,1.360950,1.364650,1.360400,1.364300,4,2020-06-25
2020-06-25 05:00:00,1.364300,1.365150,1.361800,1.364200,4,2020-06-25
2020-06-25 09:00:00,1.363950,1.365400,1.362800,1.365000,4,2020-06-25
2020-06-25 13:00:00,1.365000,1.366600,1.360600,1.362350,4,2020-06-25
2020-06-25 17:00:00,1.362300,1.365650,1.361900,1.365400,4,2020-06-26
2020-06-25 21:00:00,1.365350,1.367050,1.363900,1.364850,4,2020-06-26
2020-06-26 01:00:00,1.364900,1.365050,1.363100,1.363300,4,2020-06-26
2020-06-26 05:00:00,1.363200,1.365250,1.362700,1.364100,4,2020-06-26
2020-06-26 09:00:00,1.364100,1.364950,1.362500,1.364900,4,2020-06-26
2020-06-26 13:00:00,1.364800,1.366300,1.363700,1.363800,4,2020-06-26
2020-06-28 21:00:00,1.368500,1.368500,1.368500,1.368500,1,2020-06-29
2020-06-29 01:00:00,1.367400,1.369850,1.367000,1.368000,4,2020-06-29
2020-06-29 05:00:00,1.368000,1.368900,1.364500,1.365100,4,2020-06-29
2020-06-29 09:00:00,1.365200,1.367100,1.364700,1.365400,4,2020-06-29
2020-06-29 13:00:00,1.365300,1.367400,1.364800,1.365100,4,2020-06-29
2020-06-29 17:00:00,1.365100,1.370100,1.364900,1.370000,4,2020-06-30
2020-06-29 21:00:00,1.369900,1.370500,1.366900,1.368800,4,2020-06-30
2020-06-30 01:00:00,1.368900,1.369400,1.365200,1.365300,4,2020-06-30
2020-06-30 05:00:00,1.365500,1.367150,1.365000,1.366450,4,2020-06-30
2020-06-30 09:00:00,1.366500,1.368900,1.365600,1.368000,4,2020-06-30
2020-06-30 13:00:00,1.368350,1.370000,1.366800,1.367950,4,2020-06-30
2020-06-30 17:00:00,1.367950,1.368900,1.361100,1.361500,4,2020-07-01
2020-06-30 21:00:00,1.361600,1.362750,1.358300,1.358600,4,2020-07-01
2020-07-01 01:00:00,1.358300,1.360000,1.356800,1.357100,4,2020-07-01
2020-07-01 05:00:00,1.357000,1.358200,1.355800,1.356300,4,2020-07-01
2020-07-01 09:00:00,1.356500,1.358600,1.356000,1.356250,4,2020-07-01
2020-07-01 13:00:00,1.356450,1.358750,1.354300,1.358100,4,2020-07-01
2020-07-01 17:00:00,1.358200,1.359550,1.355000,1.356750,4,2020-07-02
2020-07-01 21:00:00,1.356300,1.360150,1.355500,1.358700,4,2020-07-02
2020-07-02 01:00:00,1.358500,1.359000,1.357200,1.358450,4,2020-07-02
2020-07-02 05:00:00,1.358350,1.360500,1.357700,1.359350,4,2020-07-02
2020-07-02 09:00:00,1.359350,1.361150,1.359300,1.359850,4,2020-07-02
2020-07-02 13:00:00,1.359800,1.360450,1.357300,1.359400,4,2020-07-02
2020-07-02 17:00:00,1.359450,1.362350,1.355800,1.360700,4,2020-07-03
2020-07-02 21:00:00,1.360700,1.361500,1.357600,1.358100,4,2020-07-03
2020-07-03 01:00:00,1.358050,1.358550,1.355850,1.356300,4,2020-07-03
2020-07-03 05:00:00,1.356350,1.357550,1.355500,1.356300,4,2020-07-03
2020-07-03 09:00:00,1.356300,1.356850,1.355100,1.355700,4,2020-07-03
2020-07-03 13:00:00,1.355700,1.357800,1.355200,1.355900,4,2020-07-03
2020-07-05 21:00:00,1.355300,1.355300,1.355300,1.355300,1,2020-07-06
2020-07-06 01:00:00,1.355000,1.356700,1.354650,1.355250,4,2020-07-06
2020-07-06 05:00:00,1.355150,1.355600,1.353900,1.354500,4,2020-07-06
2020-07-06 09:00:00,1.354100,1.354800,1.351800,1.352600,4,2020-07-06
2020-07-06 13:00:00,1.352400,1.356050,1.352000,1.355550,4,2020-07-06
2020-07-06 17:00:00,1.355550,1.355800,1.352800,1.353300,4,2020-07-07
2020-07-06 21:00:00,1.353000,1.354950,1.353000,1.353900,4,2020-07-07
2020-07-07 01:00:00,1.354250,1.354850,1.353200,1.354100,4,2020-07-07
2020-07-07 05:00:00,1.353950,1.355600,1.352300,1.355000,4,2020-07-07
2020-07-07 09:00:00,1.355250,1.357250,1.354000,1.357200,4,2020-07-07
2020-07-07 13:00:00,1.357100,1.358900,1.356000,1.356900,4,2020-07-07
2020-07-07 17:00:00,1.356900,1.360400,1.355800,1.358100,4,2020-07-08
2020-07-07 21:00:00,1.357800,1.359800,1.357100,1.359450,4,2020-07-08
2020-07-08 01:00:00,1.359100,1.361000,1.358800,1.360650,4,2020-07-08
2020-07-08 05:00:00,1.360400,1.361300,1.359100,1.359600,4,2020-07-08
2020-07-08 09:00:00,1.359600,1.362400,1.359400,1.361000,4,2020-07-08
2020-07-08 13:00:00,1.361100,1.361400,1.358500,1.359500,4,2020-07-08
2020-07-08 17:00:00,1.359400,1.360100,1.353200,1.353200,4,2020-07-09
2020-07-08 21:00:00,1.353500,1.355650,1.349150,1.349700,4,2020-07-09
2020-07-09 01:00:00,1.350000,1.352150,1.349600,1.351950,4,2020-07-09
2020-07-09 05:00:00,1.352000,1.352550,1.350600,1.351450,4,2020-07-09
2020-07-09 09:00:00,1.351600,1.351750,1.349700,1.350250,4,2020-07-09
2020-07-09 13:00:00,1.350300,1.351700,1.348900,1.350300,4,2020-07-09
2020-07-09 17:00:00,1.350400,1.357600,1.348950,1.356800,4,2020-07-10
2020-07-09 21:00:00,1.356800,1.359100,1.356500,1.358050,4,2020-07-10
2020-07-10 01:00:00,1.358050,1.359450,1.357400,1.358450,4,2020-07-10
2020-07-10 05:00:00,1.358400,1.360500,1.357400,1.359300,4,2020-07-10
2020-07-10 09:00:00,1.359350,1.362850,1.358950,1.362550,4,2020-07-10
2020-07-10 13:00:00,1.362400,1.363150,1.359800,1.360000,4,2020-07-10
2020-07-13 01:00:00,1.358800,1.359200,1.358500,1.358650,4,2020-07-13
2020-07-13 05:00:00,1.358550,1.360200,1.357200,1.357550,4,2020-07-13
2020-07-13 09:00:00,1.357600,1.357800,1.355550,1.356000,4,2020-07-13
2020-07-13 13:00:00,1.356150,1.358150,1.355700,1.356850,4,2020-07-13
2020-07-13 17:00:00,1.356800,1.356900,1.353400,1.354800,4,2020-07-14
2020-07-13 21:00:00,1.355200,1.359750,1.354500,1.358900,4,2020-07-14
2020-07-14 01:00:00,1.358900,1.361200,1.358500,1.360900,4,2020-07-14
2020-07-14 05:00:00,1.360800,1.362650,1.360000,1.361900,4,2020-07-14
2020-07-14 09:00:00,1.362050,1.362500,1.360500,1.361900,4,2020-07-14
2020-07-14 13:00:00,1.361800,1.364650,1.361500,1.362300,4,2020-07-14
2020-07-14 17:00:00,1.362400,1.363600,1.359500,1.361500,4,2020-07-15
2020-07-14 21:00:00,1.361450,1.362600,1.360200,1.362150,4,2020-07-15
2020-07-15 01:00:00,1.362100,1.362550,1.359500,1.360100,4,2020-07-15
2020-07-15 05:00:00,1.360000,1.360550,1.358400,1.360000,4,2020-07-15
2020-07-15 09:00:00,1.360000,1.360700,1.358400,1.359800,4,2020-07-15
2020-07-15 13:00:00,1.360000,1.360300,1.356800,1.357200,4,2020-07-15
2020-07-15 17:00:00,1.357200,1.358700,1.353100,1.353700,4,2020-07-16
2020-07-15 21:00:00,1.353700,1.353850,1.350300,1.350750,4,2020-07-16
2020-07-16 01:00:00,1.350500,1.351650,1.350300,1.350850,4,2020-07-16
2020-07-16 05:00:00,1.350650,1.351750,1.350000,1.351100,4,2020-07-16
2020-07-16 09:00:00,1.350900,1.351700,1.350000,1.351300,4,2020-07-16
2020-07-16 13:00:00,1.351300,1.353700,1.350600,1.352900,4,2020-07-16
2020-07-16 17:00:00,1.352600,1.354650,1.350800,1.353300,4,2020-07-17
2020-07-16 21:00:00,1.353300,1.357450,1.352500,1.357300,4,2020-07-17
2020-07-17 01:00:00,1.357000,1.358050,1.356200,1.357950,4,2020-07-17
2020-07-17 05:00:00,1.357950,1.358100,1.356600,1.357600,4,2020-07-17
2020-07-17 09:00:00,1.357650,1.358900,1.357300,1.358300,4,2020-07-17
2020-07-17 13:00:00,1.358400,1.358900,1.356800,1.356900,4,2020-07-17
2020-07-20 01:00:00,1.357800,1.358800,1.357200,1.358000,4,2020-07-20
2020-07-20 05:00:00,1.357900,1.360050,1.357350,1.359300,4,2020-07-20
2020-07-20 09:00:00,1.359350,1.359400,1.357700,1.358100,4,2020-07-20
2020-07-20 13:00:00,1.358200,1.359400,1.356150,1.357100,4,2020-07-20
2020-07-20 17:00:00,1.356900,1.357650,1.353100,1.354100,4,2020-07-21
2020-07-20 21:00:00,1.354300,1.354550,1.352300,1.353450,4,2020-07-21
2020-07-21 01:00:00,1.353500,1.354000,1.353100,1.353200,4,2020-07-21
2020-07-21 05:00:00,1.353150,1.353200,1.351050,1.351750,4,2020-07-21
2020-07-21 09:00:00,1.351700,1.352050,1.350200,1.350200,4,2020-07-21
2020-07-21 13:00:00,1.350200,1.351600,1.347200,1.347500,4,2020-07-21
2020-07-21 17:00:00,1.347400,1.347650,1.343800,1.344800,4,2020-07-22
2020-07-21 21:00:00,1.344400,1.345100,1.342300,1.343850,4,2020-07-22
2020-07-22 01:00:00,1.343900,1.346150,1.343400,1.344600,4,2020-07-22
2020-07-22 05:00:00,1.345000,1.345500,1.343800,1.344350,4,2020-07-22
2020-07-22 09:00:00,1.344550,1.345900,1.343700,1.344600,4,2020-07-22
2020-07-22 13:00:00,1.344650,1.348300,1.343500,1.344400,4,2020-07-22
2020-07-22 17:00:00,1.344500,1.345300,1.341800,1.343000,4,2020-07-23
2020-07-22 21:00:00,1.342950,1.343400,1.339800,1.341650,4,2020-07-23
2020-07-23 01:00:00,1.341650,1.342000,1.340500,1.341500,4,2020-07-23
2020-07-23 05:00:00,1.341450,1.341900,1.339900,1.341200,4,2020-07-23
2020-07-23 09:00:00,1.341450,1.341450,1.338200,1.338600,4,2020-07-23
2020-07-23 13:00:00,1.338200,1.339600,1.336900,1.338800,4,2020-07-23
2020-07-23 17:00:00,1.339000,1.342750,1.338000,1.340000,4,2020-07-24
2020-07-23 21:00:00,1.339900,1.341050,1.334900,1.338850,4,2020-07-24
2020-07-24 01:00:00,1.338900,1.341800,1.338400,1.339650,4,2020-07-24
2020-07-24 05:00:00,1.340050,1.340900,1.337500,1.339100,4,2020-07-24
2020-07-24 09:00:00,1.339450,1.342700,1.339000,1.341650,4,2020-07-24
2020-07-24 13:00:00,1.341300,1.344550,1.340600,1.343300,4,2020-07-24
2020-07-26 21:00:00,1.340900,1.340900,1.340900,1.340900,1,2020-07-27
2020-07-27 01:00:00,1.342900,1.342900,1.341300,1.342500,3,2020-07-27
2020-07-27 05:00:00,1.342650,1.343050,1.337600,1.337700,4,2020-07-27
2020-07-27 09:00:00,1.338100,1.339300,1.336900,1.338300,4,2020-07-27
2020-07-27 13:00:00,1.338250,1.340350,1.337000,1.337400,4,2020-07-27
2020-07-27 17:00:00,1.337450,1.340400,1.336400,1.336900,4,2020-07-28
2020-07-27 21:00:00,1.336850,1.339450,1.335200,1.336150,4,2020-07-28
2020-07-28 01:00:00,1.336200,1.337100,1.334100,1.334300,4,2020-07-28
2020-07-28 05:00:00,1.334450,1.335800,1.332900,1.335800,4,2020-07-28
2020-07-28 09:00:00,1.335750,1.337650,1.335400,1.336900,4,2020-07-28
2020-07-28 13:00:00,1.337050,1.339300,1.336300,1.338600,4,2020-07-28
2020-07-28 17:00:00,1.338550,1.340750,1.336300,1.339700,4,2020-07-29
2020-07-28 21:00:00,1.339600,1.339800,1.334300,1.335900,4,2020-07-29
2020-07-29 01:00:00,1.336100,1.338300,1.335900,1.338300,4,2020-07-29
2020-07-29 05:00:00,1.338250,1.338750,1.336600,1.337100,4,2020-07-29
2020-07-29 09:00:00,1.337300,1.337850,1.335400,1.335750,4,2020-07-29
2020-07-29 13:00:00,1.335700,1.335950,1.333800,1.335300,4,2020-07-29
2020-07-29 17:00:00,1.335700,1.337150,1.334100,1.335200,4,2020-07-30
2020-07-29 21:00:00,1.335200,1.337700,1.333100,1.336500,4,2020-07-30
2020-07-30 01:00:00,1.336450,1.337450,1.333100,1.333800,4,2020-07-30
2020-07-30 05:00:00,1.333600,1.335050,1.333300,1.333400,4,2020-07-30
2020-07-30 09:00:00,1.333400,1.339700,1.333200,1.339300,4,2020-07-30
2020-07-30 13:00:00,1.339300,1.342600,1.338400,1.341200,4,2020-07-30
2020-07-30 17:00:00,1.341650,1.345900,1.339400,1.344150,4,2020-07-31
2020-07-30 21:00:00,1.343600,1.344850,1.341300,1.344000,4,2020-07-31
2020-07-31 01:00:00,1.343950,1.345200,1.341300,1.341950,4,2020-07-31
2020-07-31 05:00:00,1.342050,1.343350,1.340500,1.342000,4,2020-07-31
2020-07-31 09:00:00,1.342000,1.343550,1.341300,1.342100,4,2020-07-31
2020-07-31 13:00:00,1.342000,1.343150,1.340300,1.342500,4,2020-07-31
2020-08-02 21:00:00,1.340300,1.340300,1.340300,1.340300,1,2020-08-03
2020-08-03 01:00:00,1.340100,1.340700,1.339100,1.339500,3,2020-08-03
2020-08-03 05:00:00,1.339300,1.342100,1.338800,1.340400,4,2020-08-03
2020-08-03 09:00:00,1.340300,1.343200,1.339800,1.342450,4,2020-08-03
2020-08-03 13:00:00,1.342100,1.344150,1.341200,1.343500,4,2020-08-03
2020-08-03 17:00:00,1.343400,1.345100,1.341400,1.342400,4,2020-08-04
2020-08-03 21:00:00,1.342500,1.342500,1.337950,1.338500,4,2020-08-04
2020-08-04 01:00:00,1.338500,1.339850,1.337800,1.339300,4,2020-08-04
2020-08-04 05:00:00,1.339550,1.340500,1.338100,1.338800,4,2020-08-04
2020-08-04 09:00:00,1.339000,1.339550,1.335800,1.336500,4,2020-08-04
2020-08-04 13:00:00,1.336900,1.339800,1.336000,1.339550,4,2020-08-04
2020-08-04 17:00:00,1.339600,1.342150,1.336700,1.337050,4,2020-08-05
2020-08-04 21:00:00,1.337000,1.337300,1.334400,1.334450,4,2020-08-05
2020-08-05 01:00:00,1.334400,1.334600,1.331000,1.331350,4,2020-08-05
2020-08-05 05:00:00,1.331300,1.331500,1.328200,1.328900,4,2020-08-05
2020-08-05 09:00:00,1.329100,1.330150,1.326900,1.327750,4,2020-08-05
2020-08-05 13:00:00,1.327400,1.329550,1.324200,1.326500,4,2020-08-05
2020-08-05 17:00:00,1.326800,1.326800,1.323100,1.324400,4,2020-08-06
2020-08-05 21:00:00,1.324650,1.329000,1.323400,1.328300,4,2020-08-06
2020-08-06 01:00:00,1.328100,1.328400,1.325900,1.326400,4,2020-08-06
2020-08-06 05:00:00,1.326300,1.327850,1.325200,1.327750,4,2020-08-06
2020-08-06 09:00:00,1.327900,1.327900,1.324100,1.326400,4,2020-08-06
2020-08-06 13:00:00,1.326400,1.330000,1.325900,1.329600,4,2020-08-06
2020-08-06 17:00:00,1.329500,1.332300,1.326600,1.329800,4,2020-08-07
2020-08-06 21:00:00,1.329800,1.331700,1.327200,1.328500,4,2020-08-07
2020-08-07 01:00:00,1.328700,1.331500,1.328200,1.330600,4,2020-08-07
2020-08-07 05:00:00,1.330750,1.334800,1.330300,1.333800,4,2020-08-07
2020-08-07 09:00:00,1.334100,1.337250,1.333600,1.335300,4,2020-08-07
2020-08-07 13:00:00,1.335550,1.336650,1.333700,1.335800,4,2020-08-07
2020-08-09 21:00:00,1.339000,1.339000,1.339000,1.339000,1,2020-08-10
2020-08-10 01:00:00,1.337800,1.339400,1.337400,1.338850,4,2020-08-10
2020-08-10 05:00:00,1.338650,1.339200,1.336800,1.337600,4,2020-08-10
2020-08-10 09:00:00,1.337600,1.338600,1.336600,1.338500,4,2020-08-10
2020-08-10 13:00:00,1.338450,1.339450,1.337400,1.338600,4,2020-08-10
2020-08-10 17:00:00,1.339000,1.339300,1.333200,1.335000,4,2020-08-11
2020-08-10 21:00:00,1.334600,1.335750,1.333900,1.335300,4,2020-08-11
2020-08-11 01:00:00,1.335300,1.335950,1.334300,1.335700,4,2020-08-11
2020-08-11 05:00:00,1.336050,1.336050,1.332600,1.333000,4,2020-08-11
2020-08-11 09:00:00,1.333350,1.335250,1.332000,1.333800,4,2020-08-11
2020-08-11 13:00:00,1.333900,1.334550,1.328300,1.329100,4,2020-08-11
2020-08-11 17:00:00,1.329300,1.331850,1.326900,1.329900,4,2020-08-12
2020-08-11 21:00:00,1.329700,1.330300,1.327000,1.328300,4,2020-08-12
2020-08-12 01:00:00,1.328100,1.331800,1.328100,1.330000,4,2020-08-12
2020-08-12 05:00:00,1.330050,1.334550,1.329800,1.333400,4,2020-08-12
2020-08-12 09:00:00,1.333550,1.334750,1.331800,1.332600,4,2020-08-12
2020-08-12 13:00:00,1.332500,1.333050,1.328100,1.328500,4,2020-08-12
2020-08-12 17:00:00,1.328500,1.329900,1.322700,1.323400,4,2020-08-13
2020-08-12 21:00:00,1.323300,1.325600,1.323000,1.325400,4,2020-08-13
2020-08-13 01:00:00,1.325400,1.326200,1.322400,1.324400,4,2020-08-13
2020-08-13 05:00:00,1.324400,1.325150,1.323000,1.323750,4,2020-08-13
2020-08-13 09:00:00,1.323700,1.324550,1.323000,1.323900,4,2020-08-13
2020-08-13 13:00:00,1.324000,1.325100,1.321900,1.322100,4,2020-08-13
2020-08-13 17:00:00,1.322350,1.323200,1.319000,1.320600,4,2020-08-14
2020-08-13 21:00:00,1.320700,1.323850,1.320400,1.322200,4,2020-08-14
2020-08-14 01:00:00,1.322500,1.323000,1.321000,1.322300,4,2020-08-14
2020-08-14 05:00:00,1.322200,1.323400,1.321300,1.322550,4,2020-08-14
2020-08-14 09:00:00,1.322850,1.323500,1.320400,1.322650,4,2020-08-14
2020-08-14 13:00:00,1.322800,1.325450,1.322200,1.323450,4,2020-08-14
2020-08-16 21:00:00,1.326750,1.326750,1.326750,1.326750,1,2020-08-17
2020-08-17 01:00:00,1.325700,1.326400,1.325200,1.325850,4,2020-08-17
2020-08-17 05:00:00,1.325850,1.326250,1.324300,1.324850,4,2020-08-17
2020-08-17 09:00:00,1.324900,1.325900,1.323100,1.323200,4,2020-08-17
2020-08-17 13:00:00,1.323400,1.324700,1.322200,1.323450,4,2020-08-17
2020-08-17 17:00:00,1.323000,1.324150,1.319300,1.320700,4,2020-08-18
2020-08-17 21:00:00,1.320800,1.321300,1.319000,1.319300,4,2020-08-18
2020-08-18 01:00:00,1.319450,1.322700,1.319100,1.322700,4,2020-08-18
2020-08-18 05:00:00,1.322550,1.323200,1.318700,1.319700,4,2020-08-18
2020-08-18 09:00:00,1.319600,1.319700,1.316900,1.317600,4,2020-08-18
2020-08-18 13:00:00,1.317600,1.317950,1.315500,1.316500,4,2020-08-18
2020-08-18 17:00:00,1.316600,1.320450,1.315000,1.318150,4,2020-08-19
2020-08-18 21:00:00,1.318100,1.319200,1.315000,1.315550,4,2020-08-19
2020-08-19 01:00:00,1.315650,1.317500,1.315150,1.315800,4,2020-08-19
2020-08-19 05:00:00,1.315700,1.316950,1.315000,1.316550,4,2020-08-19
2020-08-19 09:00:00,1.316600,1.316700,1.314900,1.315800,4,2020-08-19
2020-08-19 13:00:00,1.315850,1.317000,1.313600,1.314600,4,2020-08-19
2020-08-19 17:00:00,1.314300,1.317500,1.313400,1.316200,4,2020-08-20
2020-08-19 21:00:00,1.315800,1.321400,1.315000,1.319100,4,2020-08-20
2020-08-20 01:00:00,1.319100,1.322750,1.318600,1.320850,4,2020-08-20
2020-08-20 05:00:00,1.321000,1.323250,1.320600,1.322200,4,2020-08-20
2020-08-20 09:00:00,1.322400,1.322850,1.320700,1.322000,4,2020-08-20
2020-08-20 13:00:00,1.322300,1.323350,1.319600,1.320400,4,2020-08-20
2020-08-20 17:00:00,1.320300,1.324400,1.319800,1.321300,4,2020-08-21
2020-08-20 21:00:00,1.321350,1.321750,1.316650,1.317950,4,2020-08-21
2020-08-21 01:00:00,1.317950,1.318900,1.316700,1.318050,4,2020-08-21
2020-08-21 05:00:00,1.318100,1.318150,1.316100,1.316900,4,2020-08-21
2020-08-21 09:00:00,1.316500,1.317500,1.315700,1.316700,4,2020-08-21
2020-08-21 13:00:00,1.316700,1.320900,1.316200,1.320150,4,2020-08-21
2020-08-23 21:00:00,1.317500,1.317500,1.317500,1.317500,1,2020-08-24
2020-08-24 01:00:00,1.318500,1.318750,1.317100,1.317250,4,2020-08-24
2020-08-24 05:00:00,1.317350,1.318700,1.316700,1.317100,4,2020-08-24
2020-08-24 09:00:00,1.317350,1.317450,1.315500,1.315900,4,2020-08-24
2020-08-24 13:00:00,1.315800,1.316650,1.314900,1.316200,4,2020-08-24
2020-08-24 17:00:00,1.316300,1.321200,1.313200,1.320700,4,2020-08-25
2020-08-24 21:00:00,1.320750,1.323850,1.320300,1.323250,4,2020-08-25
2020-08-25 01:00:00,1.323250,1.323700,1.321100,1.321900,4,2020-08-25
2020-08-25 05:00:00,1.321800,1.323500,1.321400,1.322300,4,2020-08-25
2020-08-25 09:00:00,1.322550,1.323950,1.321000,1.322250,4,2020-08-25
2020-08-25 13:00:00,1.322000,1.323050,1.320000,1.320800,4,2020-08-25
2020-08-25 17:00:00,1.320500,1.320800,1.317500,1.320400,4,2020-08-26
2020-08-25 21:00:00,1.320600,1.321400,1.317900,1.318200,4,2020-08-26
2020-08-26 01:00:00,1.318200,1.318700,1.316500,1.316900,4,2020-08-26
2020-08-26 05:00:00,1.317200,1.317550,1.315700,1.317200,4,2020-08-26
2020-08-26 09:00:00,1.317450,1.318700,1.317100,1.318300,4,2020-08-26
2020-08-26 13:00:00,1.318300,1.319550,1.317000,1.317900,4,2020-08-26
2020-08-26 17:00:00,1.318200,1.320600,1.313600,1.314100,4,2020-08-27
2020-08-26 21:00:00,1.314100,1.315950,1.313000,1.315500,4,2020-08-27
2020-08-27 01:00:00,1.315500,1.316050,1.313700,1.314350,4,2020-08-27
2020-08-27 05:00:00,1.314300,1.315550,1.313300,1.315150,4,2020-08-27
2020-08-27 09:00:00,1.315150,1.316650,1.314100,1.315700,4,2020-08-27
2020-08-27 13:00:00,1.315600,1.316450,1.313300,1.315100,4,2020-08-27
2020-08-27 17:00:00,1.314800,1.316100,1.310400,1.314700,4,2020-08-28
2020-08-27 21:00:00,1.314750,1.315300,1.310000,1.312750,4,2020-08-28
2020-08-28 01:00:00,1.312800,1.313000,1.311400,1.312500,4,2020-08-28
2020-08-28 05:00:00,1.312900,1.313300,1.310650,1.311050,4,2020-08-28
2020-08-28 09:00:00,1.311000,1.311350,1.307800,1.309350,4,2020-08-28
2020-08-28 13:00:00,1.309200,1.309600,1.305900,1.306800,4,2020-08-28
2020-08-30 21:00:00,1.309500,1.309500,1.309500,1.309500,1,2020-08-31
2020-08-31 01:00:00,1.310200,1.310400,1.308300,1.308950,4,2020-08-31
2020-08-31 05:00:00,1.308900,1.310400,1.307100,1.307100,4,2020-08-31
2020-08-31 09:00:00,1.307450,1.309800,1.307000,1.308900,4,2020-08-31
2020-08-31 13:00:00,1.308900,1.309300,1.306300,1.307300,4,2020-08-31
2020-08-31 17:00:00,1.306900,1.307450,1.302000,1.302500,4,2020-09-01
2020-08-31 21:00:00,1.302800,1.305850,1.301800,1.302500,4,2020-09-01
2020-09-01 01:00:00,1.302400,1.305250,1.302400,1.304200,4,2020-09-01
2020-09-01 05:00:00,1.304200,1.304700,1.300300,1.301100,4,2020-09-01
2020-09-01 09:00:00,1.301150,1.301550,1.299900,1.300500,4,2020-09-01
2020-09-01 13:00:00,1.300600,1.301600,1.299300,1.299900,4,2020-09-01
2020-09-01 17:00:00,1.299800,1.307700,1.299200,1.304700,4,2020-09-02
2020-09-01 21:00:00,1.305000,1.307900,1.303500,1.307400,4,2020-09-02
2020-09-02 01:00:00,1.307200,1.308700,1.305800,1.305900,4,2020-09-02
2020-09-02 05:00:00,1.306200,1.308400,1.305100,1.306800,4,2020-09-02
2020-09-02 09:00:00,1.307150,1.307600,1.305400,1.306750,4,2020-09-02
2020-09-02 13:00:00,1.306400,1.307700,1.305400,1.306800,4,2020-09-02
2020-09-02 17:00:00,1.306800,1.309600,1.305400,1.306100,4,2020-09-03
2020-09-02 21:00:00,1.306200,1.307900,1.305100,1.307100,4,2020-09-03
2020-09-03 01:00:00,1.307000,1.307200,1.303500,1.304700,4,2020-09-03
2020-09-03 05:00:00,1.304600,1.306650,1.303900,1.305800,4,2020-09-03
2020-09-03 09:00:00,1.306100,1.309400,1.305700,1.309400,4,2020-09-03
2020-09-03 13:00:00,1.309300,1.310200,1.307000,1.309800,4,2020-09-03
2020-09-03 17:00:00,1.309850,1.313050,1.308500,1.312700,4,2020-09-04
2020-09-03 21:00:00,1.312700,1.316200,1.311600,1.313450,4,2020-09-04
2020-09-04 01:00:00,1.313450,1.313950,1.311700,1.313200,4,2020-09-04
2020-09-04 05:00:00,1.313100,1.314100,1.311100,1.313000,4,2020-09-04
2020-09-04 09:00:00,1.312700,1.313400,1.311800,1.313000,4,2020-09-04
2020-09-04 13:00:00,1.313000,1.313900,1.308050,1.309300,4,2020-09-04
2020-09-06 21:00:00,1.305700,1.305700,1.305700,1.305700,1,2020-09-07
2020-09-07 01:00:00,1.305400,1.308400,1.305000,1.307400,4,2020-09-07
2020-09-07 05:00:00,1.307400,1.308250,1.306750,1.307850,4,2020-09-07
2020-09-07 09:00:00,1.307950,1.310900,1.307950,1.310600,4,2020-09-07
2020-09-07 13:00:00,1.310500,1.311600,1.309800,1.310550,4,2020-09-07
2020-09-07 17:00:00,1.310500,1.310700,1.307500,1.308100,4,2020-09-08
2020-09-07 21:00:00,1.308100,1.309750,1.307300,1.309300,4,2020-09-08
2020-09-08 01:00:00,1.309650,1.310100,1.308900,1.309000,4,2020-09-08
2020-09-08 05:00:00,1.309350,1.311300,1.308900,1.310700,4,2020-09-08
2020-09-08 09:00:00,1.310500,1.312050,1.308400,1.309600,4,2020-09-08
2020-09-08 13:00:00,1.309700,1.315900,1.309300,1.315200,4,2020-09-08
2020-09-08 17:00:00,1.314900,1.319850,1.314600,1.319600,4,2020-09-09
2020-09-08 21:00:00,1.319500,1.322600,1.317000,1.322300,4,2020-09-09
2020-09-09 01:00:00,1.322100,1.325650,1.320900,1.324350,4,2020-09-09
2020-09-09 05:00:00,1.323900,1.324600,1.322900,1.324000,4,2020-09-09
2020-09-09 09:00:00,1.323950,1.326000,1.322500,1.325300,4,2020-09-09
2020-09-09 13:00:00,1.325350,1.325600,1.321500,1.322750,4,2020-09-09
2020-09-09 17:00:00,1.322400,1.323500,1.315800,1.317550,4,2020-09-10
2020-09-09 21:00:00,1.317200,1.317400,1.314700,1.316450,4,2020-09-10
2020-09-10 01:00:00,1.316400,1.316400,1.313900,1.314600,4,2020-09-10
2020-09-10 05:00:00,1.314650,1.316700,1.314200,1.315800,4,2020-09-10
2020-09-10 09:00:00,1.315700,1.315850,1.312900,1.314250,4,2020-09-10
2020-09-10 13:00:00,1.314600,1.316900,1.314100,1.315700,4,2020-09-10
2020-09-10 17:00:00,1.315900,1.316800,1.311700,1.316200,4,2020-09-11
2020-09-10 21:00:00,1.316500,1.319000,1.315000,1.317900,4,2020-09-11
2020-09-11 01:00:00,1.317800,1.320150,1.317700,1.318950,4,2020-09-11
2020-09-11 05:00:00,1.319000,1.319500,1.317000,1.317700,4,2020-09-11
2020-09-11 09:00:00,1.317800,1.318000,1.316000,1.316500,4,2020-09-11
2020-09-11 13:00:00,1.316500,1.317850,1.314900,1.316600,4,2020-09-11
2020-09-13 21:00:00,1.318500,1.318500,1.318500,1.318500,1,2020-09-14
2020-09-14 01:00:00,1.318700,1.319200,1.318100,1.318500,3,2020-09-14
2020-09-14 05:00:00,1.318500,1.319400,1.316000,1.316200,4,2020-09-14
2020-09-14 09:00:00,1.316250,1.316700,1.315600,1.316000,4,2020-09-14
2020-09-14 13:00:00,1.316100,1.319750,1.315300,1.317650,4,2020-09-14
2020-09-14 17:00:00,1.317500,1.318450,1.315900,1.317400,4,2020-09-15
2020-09-14 21:00:00,1.317500,1.318650,1.316300,1.317850,4,2020-09-15
2020-09-15 01:00:00,1.317900,1.318400,1.317000,1.317350,4,2020-09-15
2020-09-15 05:00:00,1.317500,1.318650,1.315300,1.315950,4,2020-09-15
2020-09-15 09:00:00,1.315600,1.315900,1.313200,1.314900,4,2020-09-15
2020-09-15 13:00:00,1.315100,1.316950,1.313800,1.314200,4,2020-09-15
2020-09-15 17:00:00,1.314300,1.318000,1.313900,1.317300,4,2020-09-16
2020-09-15 21:00:00,1.317550,1.320200,1.317400,1.318100,4,2020-09-16
2020-09-16 01:00:00,1.317900,1.319700,1.317800,1.318800,4,2020-09-16
2020-09-16 05:00:00,1.318850,1.320150,1.317000,1.317250,4,2020-09-16
2020-09-16 09:00:00,1.317500,1.318750,1.316600,1.317950,4,2020-09-16
2020-09-16 13:00:00,1.317700,1.318150,1.315300,1.315900,4,2020-09-16
2020-09-16 17:00:00,1.316300,1.319300,1.315500,1.317300,4,2020-09-17
2020-09-16 21:00:00,1.317300,1.317900,1.312800,1.317200,4,2020-09-17
2020-09-17 01:00:00,1.316800,1.318650,1.315700,1.316800,4,2020-09-17
2020-09-17 05:00:00,1.317050,1.322800,1.316800,1.322300,4,2020-09-17
2020-09-17 09:00:00,1.322300,1.324800,1.322200,1.323300,4,2020-09-17
2020-09-17 13:00:00,1.322900,1.323800,1.319800,1.320500,4,2020-09-17
2020-09-17 17:00:00,1.320600,1.322900,1.317900,1.321000,4,2020-09-18
2020-09-17 21:00:00,1.321300,1.321850,1.317600,1.317800,4,2020-09-18
2020-09-18 01:00:00,1.317800,1.318350,1.314300,1.314650,4,2020-09-18
2020-09-18 05:00:00,1.314300,1.316950,1.313500,1.316800,4,2020-09-18
2020-09-18 09:00:00,1.316400,1.316650,1.314800,1.315050,4,2020-09-18
2020-09-18 13:00:00,1.315100,1.316850,1.314400,1.316400,4,2020-09-18
2020-09-20 21:00:00,1.320550,1.320550,1.320550,1.320550,1,2020-09-21
2020-09-21 01:00:00,1.319200,1.320900,1.319200,1.320200,4,2020-09-21
2020-09-21 05:00:00,1.320300,1.320300,1.317400,1.317900,4,2020-09-21
2020-09-21 09:00:00,1.317850,1.319550,1.317150,1.319350,4,2020-09-21
2020-09-21 13:00:00,1.319200,1.324050,1.318600,1.323200,4,2020-09-21
2020-09-21 17:00:00,1.323100,1.330800,1.322900,1.330250,4,2020-09-22
2020-09-21 21:00:00,1.330100,1.332100,1.328900,1.331900,4,2020-09-22
2020-09-22 01:00:00,1.331750,1.331900,1.329200,1.331100,4,2020-09-22
2020-09-22 05:00:00,1.330700,1.332300,1.329600,1.330950,4,2020-09-22
2020-09-22 09:00:00,1.330850,1.333200,1.330150,1.332600,4,2020-09-22
2020-09-22 13:00:00,1.332600,1.334600,1.328700,1.329900,4,2020-09-22
2020-09-22 17:00:00,1.329500,1.333450,1.328150,1.333200,4,2020-09-23
2020-09-22 21:00:00,1.333300,1.333950,1.329800,1.330700,4,2020-09-23
2020-09-23 01:00:00,1.330950,1.331150,1.329800,1.330450,4,2020-09-23
2020-09-23 05:00:00,1.330100,1.332100,1.329300,1.332100,4,2020-09-23
2020-09-23 09:00:00,1.332100,1.334200,1.331450,1.333200,4,2020-09-23
2020-09-23 13:00:00,1.333200,1.334600,1.331500,1.332850,4,2020-09-23
2020-09-23 17:00:00,1.332900,1.336800,1.331900,1.336100,4,2020-09-24
2020-09-23 21:00:00,1.335800,1.338000,1.333800,1.337950,4,2020-09-24
2020-09-24 01:00:00,1.337900,1.338700,1.336500,1.338250,4,2020-09-24
2020-09-24 05:00:00,1.338150,1.339450,1.337000,1.339350,4,2020-09-24
2020-09-24 09:00:00,1.339100,1.341450,1.338600,1.341100,4,2020-09-24
2020-09-24 13:00:00,1.340900,1.341200,1.337900,1.338500,4,2020-09-24
2020-09-24 17:00:00,1.338550,1.341750,1.337800,1.340500,4,2020-09-25
2020-09-24 21:00:00,1.340500,1.341500,1.332400,1.335000,4,2020-09-25
2020-09-25 01:00:00,1.335250,1.336700,1.334300,1.335500,4,2020-09-25
2020-09-25 05:00:00,1.335450,1.335950,1.334100,1.335100,4,2020-09-25
2020-09-25 09:00:00,1.335300,1.336700,1.334300,1.334800,4,2020-09-25
2020-09-25 13:00:00,1.334700,1.338400,1.333700,1.338100,4,2020-09-25
2020-09-28 01:00:00,1.338900,1.339500,1.337200,1.337900,4,2020-09-28
2020-09-28 05:00:00,1.338050,1.339900,1.337600,1.338350,4,2020-09-28
2020-09-28 09:00:00,1.338350,1.338900,1.337300,1.338600,4,2020-09-28
2020-09-28 13:00:00,1.338400,1.340400,1.335900,1.337100,4,2020-09-28
2020-09-28 17:00:00,1.337200,1.339700,1.335300,1.339400,4,2020-09-29
2020-09-28 21:00:00,1.339200,1.339200,1.336400,1.337250,4,2020-09-29
2020-09-29 01:00:00,1.337100,1.338100,1.336400,1.336750,4,2020-09-29
2020-09-29 05:00:00,1.336800,1.338400,1.335400,1.338050,4,2020-09-29
2020-09-29 09:00:00,1.338050,1.338400,1.336900,1.337600,4,2020-09-29
2020-09-29 13:00:00,1.338000,1.339300,1.335300,1.335900,4,2020-09-29
2020-09-29 17:00:00,1.335800,1.341000,1.335000,1.341000,4,2020-09-30
2020-09-29 21:00:00,1.340950,1.341900,1.338000,1.338400,4,2020-09-30
2020-09-30 01:00:00,1.338550,1.339550,1.337900,1.338100,4,2020-09-30
2020-09-30 05:00:00,1.338300,1.339450,1.337100,1.339100,4,2020-09-30
2020-09-30 09:00:00,1.339200,1.342100,1.339200,1.340850,4,2020-09-30
2020-09-30 13:00:00,1.340900,1.341150,1.337800,1.338900,4,2020-09-30
2020-09-30 17:00:00,1.338900,1.339600,1.335200,1.335300,4,2020-10-01
2020-09-30 21:00:00,1.335650,1.336100,1.329900,1.331400,4,2020-10-01
2020-10-01 01:00:00,1.331400,1.332900,1.330500,1.330900,4,2020-10-01
2020-10-01 05:00:00,1.330750,1.331650,1.328300,1.329000,4,2020-10-01
2020-10-01 09:00:00,1.329250,1.329800,1.327700,1.328800,4,2020-10-01
2020-10-01 13:00:00,1.328950,1.331150,1.328100,1.330300,4,2020-10-01
2020-10-01 17:00:00,1.330300,1.332200,1.328000,1.330000,4,2020-10-02
2020-10-01 21:00:00,1.329700,1.330300,1.326700,1.327200,4,2020-10-02
2020-10-02 01:00:00,1.327250,1.329000,1.326900,1.327900,4,2020-10-02
2020-10-02 05:00:00,1.328300,1.330750,1.327900,1.330350,4,2020-10-02
2020-10-02 09:00:00,1.330000,1.332900,1.329400,1.330900,4,2020-10-02
2020-10-02 13:00:00,1.331000,1.332900,1.329000,1.331650,4,2020-10-02
2020-10-05 01:00:00,1.330300,1.330300,1.330100,1.330100,3,2020-10-05
2020-10-05 05:00:00,1.330200,1.330350,1.327500,1.327900,4,2020-10-05
2020-10-05 09:00:00,1.327900,1.328050,1.327000,1.327350,4,2020-10-05
2020-10-05 13:00:00,1.327000,1.328900,1.326200,1.326750,4,2020-10-05
2020-10-05 17:00:00,1.326800,1.328000,1.325800,1.326400,4,2020-10-06
2020-10-05 21:00:00,1.326600,1.327850,1.325500,1.327500,4,2020-10-06
2020-10-06 01:00:00,1.327800,1.328250,1.325300,1.326600,4,2020-10-06
2020-10-06 05:00:00,1.325950,1.326300,1.324800,1.325400,4,2020-10-06
2020-10-06 09:00:00,1.325450,1.326150,1.324100,1.325850,4,2020-10-06
2020-10-06 13:00:00,1.325500,1.327300,1.325200,1.326700,4,2020-10-06
2020-10-06 17:00:00,1.326700,1.327050,1.324500,1.326600,4,2020-10-07
2020-10-06 21:00:00,1.326750,1.328300,1.325600,1.327450,4,2020-10-07
2020-10-07 01:00:00,1.327450,1.331700,1.324900,1.331100,4,2020-10-07
2020-10-07 05:00:00,1.331500,1.334100,1.330800,1.332500,4,2020-10-07
2020-10-07 09:00:00,1.332850,1.332850,1.330800,1.331200,4,2020-10-07
2020-10-07 13:00:00,1.331550,1.331550,1.328500,1.330400,4,2020-10-07
2020-10-07 17:00:00,1.330600,1.331000,1.326800,1.327800,4,2020-10-08
2020-10-07 21:00:00,1.328050,1.328900,1.325850,1.326500,4,2020-10-08
2020-10-08 01:00:00,1.326200,1.327300,1.325100,1.326500,4,2020-10-08
2020-10-08 05:00:00,1.326900,1.326900,1.324900,1.325750,4,2020-10-08
2020-10-08 09:00:00,1.325600,1.326250,1.324600,1.325000,4,2020-10-08
2020-10-08 13:00:00,1.324700,1.325050,1.323100,1.323300,4,2020-10-08
2020-10-08 17:00:00,1.323400,1.325150,1.322700,1.324400,4,2020-10-09
2020-10-08 21:00:00,1.324500,1.325100,1.319600,1.319800,4,2020-10-09
2020-10-09 01:00:00,1.319800,1.320600,1.319300,1.320000,4,2020-10-09
2020-10-09 05:00:00,1.319800,1.319850,1.317800,1.318700,4,2020-10-09
2020-10-09 09:00:00,1.318600,1.318950,1.318000,1.318450,4,2020-10-09
2020-10-09 13:00:00,1.318400,1.318750,1.315800,1.316600,4,2020-10-09
2020-10-12 01:00:00,1.313350,1.313900,1.312100,1.312950,3,2020-10-12
2020-10-12 05:00:00,1.312900,1.314300,1.312350,1.312650,4,2020-10-12
2020-10-12 09:00:00,1.312750,1.313550,1.312150,1.312600,4,2020-10-12
2020-10-12 13:00:00,1.312600,1.314000,1.311900,1.313350,4,2020-10-12
2020-10-12 17:00:00,1.313300,1.313550,1.310700,1.311300,4,2020-10-13
2020-10-12 21:00:00,1.311500,1.312100,1.309900,1.311150,4,2020-10-13
2020-10-13 01:00:00,1.311050,1.311950,1.310600,1.311000,4,2020-10-13
2020-10-13 05:00:00,1.311200,1.314000,1.310800,1.313900,4,2020-10-13
2020-10-13 09:00:00,1.313950,1.314450,1.311000,1.311550,4,2020-10-13
2020-10-13 13:00:00,1.311650,1.313000,1.309800,1.311100,4,2020-10-13
2020-10-13 17:00:00,1.311000,1.314500,1.309800,1.313000,4,2020-10-14
2020-10-13 21:00:00,1.313100,1.314650,1.312200,1.313700,4,2020-10-14
2020-10-14 01:00:00,1.313800,1.314650,1.313200,1.313700,4,2020-10-14
2020-10-14 05:00:00,1.313700,1.315750,1.313000,1.314750,4,2020-10-14
2020-10-14 09:00:00,1.314750,1.314900,1.313200,1.314200,4,2020-10-14
2020-10-14 13:00:00,1.314150,1.314500,1.311400,1.313400,4,2020-10-14
2020-10-14 17:00:00,1.313350,1.314900,1.312000,1.313000,4,2020-10-15
2020-10-14 21:00:00,1.313300,1.316350,1.312400,1.314200,4,2020-10-15
2020-10-15 01:00:00,1.314150,1.315450,1.313600,1.314500,4,2020-10-15
2020-10-15 05:00:00,1.314750,1.315750,1.314200,1.314850,4,2020-10-15
2020-10-15 09:00:00,1.314850,1.315850,1.314300,1.315650,4,2020-10-15
2020-10-15 13:00:00,1.315700,1.320500,1.315000,1.319200,4,2020-10-15
2020-10-15 17:00:00,1.319500,1.324150,1.319100,1.323300,4,2020-10-16
2020-10-15 21:00:00,1.323300,1.325950,1.321700,1.322900,4,2020-10-16
2020-10-16 01:00:00,1.323100,1.323400,1.320900,1.322000,4,2020-10-16
2020-10-16 05:00:00,1.322200,1.323350,1.321500,1.322650,4,2020-10-16
2020-10-16 09:00:00,1.322650,1.323750,1.322400,1.322750,4,2020-10-16
2020-10-16 13:00:00,1.322800,1.323700,1.320300,1.322050,4,2020-10-16
2020-10-19 01:00:00,1.319400,1.319500,1.318100,1.318750,3,2020-10-19
2020-10-19 05:00:00,1.318900,1.318900,1.316850,1.317700,4,2020-10-19
2020-10-19 09:00:00,1.317800,1.319100,1.317550,1.318150,4,2020-10-19
2020-10-19 13:00:00,1.318200,1.319000,1.317300,1.317700,4,2020-10-19
2020-10-19 17:00:00,1.317700,1.318000,1.315000,1.315600,4,2020-10-20
2020-10-19 21:00:00,1.315700,1.317600,1.314800,1.316200,4,2020-10-20
2020-10-20 01:00:00,1.316350,1.319400,1.316000,1.318900,4,2020-10-20
2020-10-20 05:00:00,1.318700,1.319900,1.317700,1.319500,4,2020-10-20
2020-10-20 09:00:00,1.319900,1.320200,1.318200,1.319500,4,2020-10-20
2020-10-20 13:00:00,1.319450,1.320400,1.317100,1.317300,4,2020-10-20
2020-10-20 17:00:00,1.317250,1.319750,1.316100,1.316600,4,2020-10-21
2020-10-20 21:00:00,1.316200,1.316600,1.310600,1.311600,4,2020-10-21
2020-10-21 01:00:00,1.311650,1.313250,1.310200,1.312950,4,2020-10-21
2020-10-21 05:00:00,1.312700,1.312800,1.309800,1.310800,4,2020-10-21
2020-10-21 09:00:00,1.311100,1.311100,1.308500,1.309750,4,2020-10-21
2020-10-21 13:00:00,1.309500,1.311900,1.308000,1.310950,4,2020-10-21
2020-10-21 17:00:00,1.310900,1.313100,1.310000,1.311350,4,2020-10-22
2020-10-21 21:00:00,1.311250,1.313950,1.309900,1.312700,4,2020-10-22
2020-10-22 01:00:00,1.312600,1.315200,1.312000,1.314150,4,2020-10-22
2020-10-22 05:00:00,1.314200,1.317200,1.313600,1.316700,4,2020-10-22
2020-10-22 09:00:00,1.316800,1.317750,1.315400,1.315850,4,2020-10-22
2020-10-22 13:00:00,1.315400,1.316700,1.313400,1.315000,4,2020-10-22
2020-10-22 17:00:00,1.314950,1.317300,1.313650,1.315400,4,2020-10-23
2020-10-22 21:00:00,1.315450,1.315850,1.312100,1.313150,4,2020-10-23
2020-10-23 01:00:00,1.313400,1.314650,1.312900,1.313650,4,2020-10-23
2020-10-23 05:00:00,1.313800,1.315800,1.312200,1.314400,4,2020-10-23
2020-10-23 09:00:00,1.314750,1.315350,1.313700,1.315000,4,2020-10-23
2020-10-23 13:00:00,1.314950,1.315750,1.310800,1.311200,4,2020-10-23
2020-10-26 01:00:00,1.313500,1.313750,1.313100,1.313400,2,2020-10-26
2020-10-26 05:00:00,1.313700,1.316100,1.313150,1.315400,4,2020-10-26
2020-10-26 09:00:00,1.315500,1.316550,1.314200,1.316350,4,2020-10-26
2020-10-26 13:00:00,1.316350,1.318400,1.315800,1.318000,4,2020-10-26
2020-10-26 17:00:00,1.318300,1.319750,1.316700,1.318300,4,2020-10-27
2020-10-26 21:00:00,1.318300,1.322500,1.317700,1.320900,4,2020-10-27
2020-10-27 01:00:00,1.321250,1.321500,1.319200,1.320500,4,2020-10-27
2020-10-27 05:00:00,1.320300,1.321200,1.318800,1.319650,4,2020-10-27
2020-10-27 09:00:00,1.319550,1.319550,1.317100,1.317950,4,2020-10-27
2020-10-27 13:00:00,1.317800,1.319750,1.316900,1.319300,4,2020-10-27
2020-10-27 17:00:00,1.319000,1.319500,1.315500,1.317400,4,2020-10-28
2020-10-27 21:00:00,1.317300,1.318250,1.314100,1.314900,4,2020-10-28
2020-10-28 01:00:00,1.315200,1.319000,1.314800,1.318400,4,2020-10-28
2020-10-28 05:00:00,1.318600,1.320050,1.318100,1.318900,4,2020-10-28
2020-10-28 09:00:00,1.318850,1.319400,1.317700,1.318350,4,2020-10-28
2020-10-28 13:00:00,1.318400,1.324500,1.317800,1.324200,4,2020-10-28
2020-10-28 17:00:00,1.324000,1.329650,1.323300,1.328000,4,2020-10-29
2020-10-28 21:00:00,1.327900,1.333400,1.327300,1.330650,4,2020-10-29
2020-10-29 01:00:00,1.330850,1.332850,1.329000,1.331900,4,2020-10-29
2020-10-29 05:00:00,1.332200,1.332200,1.329700,1.330100,4,2020-10-29
2020-10-29 09:00:00,1.330150,1.330800,1.328400,1.329100,4,2020-10-29
2020-10-29 13:00:00,1.329050,1.332800,1.327500,1.332100,4,2020-10-29
2020-10-29 17:00:00,1.332350,1.338900,1.331600,1.336200,4,2020-10-30
2020-10-29 21:00:00,1.336250,1.336950,1.332800,1.334950,4,2020-10-30
2020-10-30 01:00:00,1.334950,1.334950,1.330400,1.332250,4,2020-10-30
2020-10-30 05:00:00,1.332100,1.332650,1.329600,1.329950,4,2020-10-30
2020-10-30 09:00:00,1.329750,1.333650,1.329200,1.333150,4,2020-10-30
2020-10-30 13:00:00,1.332900,1.334600,1.331200,1.331900,4,2020-10-30
2020-11-02 01:00:00,1.332050,1.332150,1.331550,1.331750,3,2020-11-02
2020-11-02 05:00:00,1.333250,1.337000,1.332550,1.333250,4,2020-11-02
2020-11-02 09:00:00,1.333200,1.334850,1.332950,1.333750,4,2020-11-02
2020-11-02 13:00:00,1.333900,1.334550,1.330100,1.330300,4,2020-11-02
2020-11-02 17:00:00,1.330300,1.330800,1.325600,1.327200,4,2020-11-03
2020-11-02 21:00:00,1.327150,1.328000,1.324300,1.325300,4,2020-11-03
2020-11-03 01:00:00,1.325600,1.325800,1.321300,1.322700,4,2020-11-03
2020-11-03 05:00:00,1.322200,1.322500,1.320500,1.321450,4,2020-11-03
2020-11-03 09:00:00,1.321700,1.323450,1.321400,1.323050,4,2020-11-03
2020-11-03 13:00:00,1.323050,1.323150,1.313700,1.316550,4,2020-11-03
2020-11-03 17:00:00,1.316600,1.316650,1.312300,1.312800,4,2020-11-04
2020-11-03 21:00:00,1.312700,1.317450,1.310150,1.317150,4,2020-11-04
2020-11-04 01:00:00,1.317600,1.317600,1.312500,1.313200,4,2020-11-04
2020-11-04 05:00:00,1.313300,1.327800,1.309300,1.325100,4,2020-11-04
2020-11-04 09:00:00,1.324900,1.325600,1.320700,1.324500,4,2020-11-04
2020-11-04 13:00:00,1.324200,1.329950,1.320000,1.320500,4,2020-11-04
2020-11-04 17:00:00,1.320800,1.321600,1.313300,1.317800,4,2020-11-05
2020-11-04 21:00:00,1.317400,1.318000,1.310700,1.312050,4,2020-11-05
2020-11-05 01:00:00,1.311600,1.314750,1.311500,1.314200,4,2020-11-05
2020-11-05 05:00:00,1.313700,1.317750,1.311600,1.314900,4,2020-11-05
2020-11-05 09:00:00,1.314900,1.315250,1.312300,1.314450,4,2020-11-05
2020-11-05 13:00:00,1.314500,1.314750,1.310100,1.312000,4,2020-11-05
2020-11-05 17:00:00,1.312000,1.313300,1.303800,1.304400,4,2020-11-06
2020-11-05 21:00:00,1.304450,1.307250,1.302600,1.305600,4,2020-11-06
2020-11-06 01:00:00,1.305600,1.306350,1.302600,1.305900,4,2020-11-06
2020-11-06 05:00:00,1.305600,1.308650,1.305450,1.307250,4,2020-11-06
2020-11-06 09:00:00,1.307200,1.309600,1.306900,1.308200,4,2020-11-06
2020-11-06 13:00:00,1.307900,1.308950,1.304600,1.306500,4,2020-11-06
2020-11-09 01:00:00,1.304900,1.305400,1.303600,1.305000,3,2020-11-09
2020-11-09 05:00:00,1.304050,1.304500,1.300600,1.301150,4,2020-11-09
2020-11-09 09:00:00,1.301150,1.302000,1.300500,1.301600,4,2020-11-09
2020-11-09 13:00:00,1.301600,1.302750,1.300200,1.301350,4,2020-11-09
2020-11-09 17:00:00,1.301450,1.303000,1.292800,1.295800,4,2020-11-10
2020-11-09 21:00:00,1.295800,1.299600,1.294400,1.298700,4,2020-11-10
2020-11-10 01:00:00,1.299000,1.302450,1.297400,1.300500,4,2020-11-10
2020-11-10 05:00:00,1.300600,1.302100,1.299600,1.301450,4,2020-11-10
2020-11-10 09:00:00,1.301200,1.301550,1.299800,1.300000,4,2020-11-10
2020-11-10 13:00:00,1.300150,1.304000,1.299600,1.304000,4,2020-11-10
2020-11-10 17:00:00,1.304000,1.305100,1.300500,1.302300,4,2020-11-11
2020-11-10 21:00:00,1.302100,1.303450,1.298500,1.300200,4,2020-11-11
2020-11-11 01:00:00,1.300450,1.304250,1.300200,1.303000,4,2020-11-11
2020-11-11 05:00:00,1.303050,1.304250,1.300600,1.301200,4,2020-11-11
2020-11-11 09:00:00,1.301400,1.303750,1.301000,1.303500,4,2020-11-11
2020-11-11 13:00:00,1.303200,1.305700,1.302300,1.303550,4,2020-11-11
2020-11-11 17:00:00,1.303600,1.307600,1.302900,1.305900,4,2020-11-12
2020-11-11 21:00:00,1.305850,1.307150,1.304100,1.306100,4,2020-11-12
2020-11-12 01:00:00,1.306400,1.307750,1.305500,1.306200,4,2020-11-12
2020-11-12 05:00:00,1.306350,1.307300,1.305400,1.306650,4,2020-11-12
2020-11-12 09:00:00,1.306750,1.310350,1.306400,1.309750,4,2020-11-12
2020-11-12 13:00:00,1.309750,1.310700,1.305850,1.306750,4,2020-11-12
2020-11-12 17:00:00,1.306700,1.314950,1.305500,1.313500,4,2020-11-13
2020-11-12 21:00:00,1.313500,1.314550,1.309600,1.313600,4,2020-11-13
2020-11-13 01:00:00,1.313650,1.314850,1.312700,1.314600,4,2020-11-13
2020-11-13 05:00:00,1.314200,1.316050,1.313200,1.315700,4,2020-11-13
2020-11-13 09:00:00,1.315650,1.317050,1.315000,1.315100,4,2020-11-13
2020-11-13 13:00:00,1.315400,1.316700,1.311400,1.311700,4,2020-11-13
2020-11-16 01:00:00,1.313350,1.314300,1.313350,1.313800,3,2020-11-16
2020-11-16 05:00:00,1.313350,1.313900,1.310650,1.311100,4,2020-11-16
2020-11-16 09:00:00,1.311150,1.311250,1.310100,1.310100,3,2020-11-16
2020-11-16 13:00:00,1.310050,1.312450,1.309050,1.311350,4,2020-11-16
2020-11-16 17:00:00,1.311850,1.312000,1.306500,1.308700,4,2020-11-17
2020-11-16 21:00:00,1.308600,1.309500,1.306400,1.309250,4,2020-11-17
2020-11-17 01:00:00,1.309150,1.310400,1.306800,1.308050,4,2020-11-17
2020-11-17 05:00:00,1.307400,1.307950,1.306200,1.307050,4,2020-11-17
2020-11-17 09:00:00,1.306700,1.308050,1.306200,1.307730,4,2020-11-17
2020-11-17 13:00:00,1.307740,1.309000,1.306300,1.307000,4,2020-11-17
2020-11-17 17:00:00,1.306900,1.311600,1.306200,1.309500,4,2020-11-18
2020-11-17 21:00:00,1.309400,1.311100,1.308300,1.308300,4,2020-11-18
2020-11-18 01:00:00,1.308600,1.310650,1.307100,1.309400,4,2020-11-18
2020-11-18 05:00:00,1.309900,1.311800,1.309800,1.310700,4,2020-11-18
2020-11-18 09:00:00,1.310950,1.311150,1.308750,1.309350,4,2020-11-18
2020-11-18 13:00:00,1.309250,1.309450,1.305500,1.306300,4,2020-11-18
2020-11-18 17:00:00,1.306300,1.309900,1.305800,1.308600,4,2020-11-19
2020-11-18 21:00:00,1.308200,1.308500,1.303200,1.304350,4,2020-11-19
2020-11-19 01:00:00,1.304350,1.308700,1.303600,1.308450,4,2020-11-19
2020-11-19 05:00:00,1.308150,1.309950,1.307400,1.308650,4,2020-11-19
2020-11-19 09:00:00,1.308650,1.309250,1.307900,1.308200,4,2020-11-19
2020-11-19 13:00:00,1.308300,1.312300,1.307600,1.311400,4,2020-11-19
2020-11-19 17:00:00,1.311400,1.312000,1.309200,1.309500,4,2020-11-20
2020-11-19 21:00:00,1.309400,1.309650,1.306700,1.307450,4,2020-11-20
2020-11-20 01:00:00,1.307500,1.307700,1.305000,1.307150,4,2020-11-20
2020-11-20 05:00:00,1.307600,1.308850,1.306500,1.307700,4,2020-11-20
2020-11-20 09:00:00,1.308000,1.308000,1.306200,1.306850,4,2020-11-20
2020-11-20 13:00:00,1.306800,1.307700,1.304900,1.306250,4,2020-11-20
2020-11-23 01:00:00,1.308450,1.309500,1.308050,1.309300,3,2020-11-23
2020-11-23 05:00:00,1.309350,1.309500,1.306800,1.307050,4,2020-11-23
2020-11-23 09:00:00,1.307050,1.308150,1.306850,1.307700,4,2020-11-23
2020-11-23 13:00:00,1.307600,1.307700,1.304600,1.304800,4,2020-11-23
2020-11-23 17:00:00,1.305000,1.307650,1.304500,1.307400,4,2020-11-24
2020-11-23 21:00:00,1.307700,1.311300,1.307500,1.308700,4,2020-11-24
2020-11-24 01:00:00,1.308950,1.309700,1.307200,1.308400,4,2020-11-24
2020-11-24 05:00:00,1.308500,1.308500,1.305100,1.305400,4,2020-11-24
2020-11-24 09:00:00,1.305400,1.305800,1.303800,1.304700,4,2020-11-24
2020-11-24 13:00:00,1.304650,1.305400,1.301000,1.302900,4,2020-11-24
2020-11-24 17:00:00,1.303300,1.309000,1.302700,1.304800,4,2020-11-25
2020-11-24 21:00:00,1.304900,1.306300,1.300700,1.301950,4,2020-11-25
2020-11-25 01:00:00,1.302000,1.302100,1.299000,1.299400,4,2020-11-25
2020-11-25 05:00:00,1.299800,1.300150,1.298800,1.299800,4,2020-11-25
2020-11-25 09:00:00,1.299750,1.302850,1.299400,1.301900,4,2020-11-25
2020-11-25 13:00:00,1.302050,1.302050,1.299600,1.301200,4,2020-11-25
2020-11-25 17:00:00,1.301500,1.302950,1.300500,1.301400,4,2020-11-26
2020-11-25 21:00:00,1.301900,1.302600,1.298400,1.299800,4,2020-11-26
2020-11-26 01:00:00,1.300050,1.301000,1.298800,1.300350,4,2020-11-26
2020-11-26 05:00:00,1.300350,1.300850,1.298900,1.299300,4,2020-11-26
2020-11-26 09:00:00,1.299650,1.300250,1.298800,1.300000,4,2020-11-26
2020-11-26 13:00:00,1.300000,1.301400,1.298800,1.300850,4,2020-11-26
2020-11-26 17:00:00,1.300600,1.301800,1.299700,1.301250,4,2020-11-27
2020-11-26 21:00:00,1.301500,1.302250,1.300700,1.301000,4,2020-11-27
2020-11-27 01:00:00,1.301000,1.302300,1.300900,1.301700,4,2020-11-27
2020-11-27 05:00:00,1.301400,1.302500,1.301400,1.301850,4,2020-11-27
2020-11-27 09:00:00,1.301850,1.302150,1.299900,1.300250,4,2020-11-27
2020-11-27 13:00:00,1.300300,1.301300,1.298800,1.299300,4,2020-11-27
2020-11-30 01:00:00,1.299500,1.300300,1.298300,1.298600,3,2020-11-30
2020-11-30 05:00:00,1.298500,1.299450,1.297700,1.298950,4,2020-11-30
2020-11-30 09:00:00,1.298950,1.299500,1.298200,1.299000,4,2020-11-30
2020-11-30 13:00:00,1.299100,1.299600,1.295850,1.296200,4,2020-11-30
2020-11-30 17:00:00,1.296100,1.296200,1.292900,1.293300,4,2020-12-01
2020-11-30 21:00:00,1.293550,1.299400,1.292200,1.297950,4,2020-12-01
2020-12-01 01:00:00,1.298000,1.301050,1.295700,1.300000,4,2020-12-01
2020-12-01 05:00:00,1.300100,1.300350,1.297300,1.297300,4,2020-12-01
2020-12-01 09:00:00,1.297550,1.297650,1.296200,1.296950,4,2020-12-01
2020-12-01 13:00:00,1.296900,1.298200,1.294100,1.297700,4,2020-12-01
2020-12-01 17:00:00,1.297650,1.298050,1.295100,1.296700,4,2020-12-02
2020-12-01 21:00:00,1.296400,1.297550,1.293700,1.294450,4,2020-12-02
2020-12-02 01:00:00,1.294450,1.294750,1.292600,1.293800,4,2020-12-02
2020-12-02 05:00:00,1.293400,1.294950,1.292900,1.294500,4,2020-12-02
2020-12-02 09:00:00,1.294700,1.294950,1.293400,1.294250,4,2020-12-02
2020-12-02 13:00:00,1.294150,1.294400,1.291400,1.293850,4,2020-12-02
2020-12-02 17:00:00,1.294000,1.295900,1.293100,1.293450,4,2020-12-03
2020-12-02 21:00:00,1.293500,1.294300,1.292200,1.292800,4,2020-12-03
2020-12-03 01:00:00,1.293050,1.294000,1.290800,1.291650,4,2020-12-03
2020-12-03 05:00:00,1.291750,1.292850,1.291100,1.292250,4,2020-12-03
2020-12-03 09:00:00,1.292250,1.293050,1.291500,1.292450,4,2020-12-03
2020-12-03 13:00:00,1.292500,1.294250,1.290500,1.293300,4,2020-12-03
2020-12-03 17:00:00,1.293200,1.293600,1.289500,1.289800,4,2020-12-04
2020-12-03 21:00:00,1.289800,1.289900,1.285500,1.286200,4,2020-12-04
2020-12-04 01:00:00,1.286200,1.288100,1.285000,1.286500,4,2020-12-04
2020-12-04 05:00:00,1.286500,1.287450,1.285600,1.285850,4,2020-12-04
2020-12-04 09:00:00,1.285850,1.286250,1.284500,1.284900,4,2020-12-04
2020-12-04 13:00:00,1.285150,1.286900,1.284500,1.286000,4,2020-12-04
2020-12-07 01:00:00,1.278400,1.279050,1.277400,1.278200,3,2020-12-07
2020-12-07 05:00:00,1.278500,1.278850,1.277500,1.278150,4,2020-12-07
2020-12-07 09:00:00,1.278050,1.279300,1.277600,1.278800,4,2020-12-07
2020-12-07 13:00:00,1.279050,1.283300,1.277700,1.281400,4,2020-12-07
2020-12-07 17:00:00,1.281450,1.281700,1.278900,1.279950,4,2020-12-08
2020-12-07 21:00:00,1.280250,1.281500,1.278500,1.280350,4,2020-12-08
2020-12-08 01:00:00,1.280400,1.280950,1.279200,1.280000,4,2020-12-08
2020-12-08 05:00:00,1.280100,1.280950,1.279000,1.279400,4,2020-12-08
2020-12-08 09:00:00,1.279300,1.279600,1.278300,1.279300,4,2020-12-08
2020-12-08 13:00:00,1.279400,1.280250,1.276600,1.279000,4,2020-12-08
2020-12-08 17:00:00,1.278700,1.280800,1.277800,1.279100,4,2020-12-09
2020-12-08 21:00:00,1.279000,1.282500,1.278100,1.282200,4,2020-12-09
2020-12-09 01:00:00,1.282200,1.282400,1.281100,1.281600,4,2020-12-09
2020-12-09 05:00:00,1.281400,1.281900,1.280500,1.280800,4,2020-12-09
2020-12-09 09:00:00,1.280650,1.280850,1.279000,1.279100,4,2020-12-09
2020-12-09 13:00:00,1.279400,1.279900,1.277100,1.278500,4,2020-12-09
2020-12-09 17:00:00,1.278600,1.279800,1.277500,1.278700,4,2020-12-10
2020-12-09 21:00:00,1.278600,1.283300,1.276800,1.282600,4,2020-12-10
2020-12-10 01:00:00,1.282700,1.283000,1.280800,1.282100,4,2020-12-10
2020-12-10 05:00:00,1.282500,1.282950,1.279800,1.279900,4,2020-12-10
2020-12-10 09:00:00,1.280050,1.280650,1.279200,1.280500,4,2020-12-10
2020-12-10 13:00:00,1.280400,1.281150,1.278000,1.278450,4,2020-12-10
2020-12-10 17:00:00,1.278300,1.278850,1.271300,1.271400,4,2020-12-11
2020-12-10 21:00:00,1.271700,1.273650,1.270400,1.273450,4,2020-12-11
2020-12-11 01:00:00,1.273450,1.274850,1.272900,1.274450,4,2020-12-11
2020-12-11 05:00:00,1.274500,1.274800,1.272400,1.272400,4,2020-12-11
2020-12-11 09:00:00,1.272500,1.273600,1.271700,1.272200,4,2020-12-11
2020-12-11 13:00:00,1.272300,1.277150,1.271800,1.276800,4,2020-12-11
2020-12-14 01:00:00,1.275500,1.276100,1.274850,1.275100,3,2020-12-14
2020-12-14 05:00:00,1.275350,1.276400,1.274500,1.275850,4,2020-12-14
2020-12-14 09:00:00,1.275800,1.276000,1.275250,1.275350,4,2020-12-14
2020-12-14 13:00:00,1.275300,1.275800,1.274350,1.275200,4,2020-12-14
2020-12-14 17:00:00,1.275250,1.275400,1.271800,1.273800,4,2020-12-15
2020-12-14 21:00:00,1.273750,1.279050,1.273500,1.276200,4,2020-12-15
2020-12-15 01:00:00,1.276350,1.277000,1.275300,1.276000,4,2020-12-15
2020-12-15 05:00:00,1.276050,1.276350,1.274800,1.276050,4,2020-12-15
2020-12-15 09:00:00,1.275950,1.277200,1.275400,1.275850,4,2020-12-15
2020-12-15 13:00:00,1.275900,1.276900,1.274400,1.275500,4,2020-12-15
2020-12-15 17:00:00,1.275500,1.276750,1.273200,1.274300,4,2020-12-16
2020-12-15 21:00:00,1.274200,1.274650,1.269200,1.269850,4,2020-12-16
2020-12-16 01:00:00,1.269700,1.270550,1.268600,1.269900,4,2020-12-16
2020-12-16 05:00:00,1.269600,1.271100,1.269400,1.270250,4,2020-12-16
2020-12-16 09:00:00,1.270300,1.274000,1.269700,1.273300,4,2020-12-16
2020-12-16 13:00:00,1.273200,1.275200,1.270500,1.275100,4,2020-12-16
2020-12-16 17:00:00,1.275050,1.276300,1.274000,1.275600,4,2020-12-17
2020-12-16 21:00:00,1.275600,1.276400,1.273400,1.275200,4,2020-12-17
2020-12-17 01:00:00,1.275500,1.278950,1.273300,1.273900,4,2020-12-17
2020-12-17 05:00:00,1.273900,1.275100,1.272500,1.272700,4,2020-12-17
2020-12-17 09:00:00,1.273000,1.273150,1.270800,1.271150,4,2020-12-17
2020-12-17 13:00:00,1.270800,1.271250,1.269700,1.270500,4,2020-12-17
2020-12-17 17:00:00,1.270400,1.272300,1.269000,1.269600,4,2020-12-18
2020-12-17 21:00:00,1.269550,1.273450,1.268600,1.272800,4,2020-12-18
2020-12-18 01:00:00,1.273150,1.273850,1.271400,1.272500,4,2020-12-18
2020-12-18 05:00:00,1.272000,1.275050,1.272000,1.274650,4,2020-12-18
2020-12-18 09:00:00,1.274850,1.275550,1.274000,1.274550,4,2020-12-18
2020-12-18 13:00:00,1.274400,1.276500,1.273500,1.276050,4,2020-12-18
2020-12-21 01:00:00,1.278800,1.280000,1.278800,1.279000,3,2020-12-21
2020-12-21 05:00:00,1.279500,1.285450,1.279400,1.285300,4,2020-12-21
2020-12-21 09:00:00,1.285100,1.285400,1.283950,1.284800,4,2020-12-21
2020-12-21 13:00:00,1.284750,1.295750,1.284500,1.292900,4,2020-12-21
2020-12-21 17:00:00,1.292700,1.293000,1.284900,1.286450,4,2020-12-22
2020-12-21 21:00:00,1.286500,1.287400,1.282100,1.282950,4,2020-12-22
2020-12-22 01:00:00,1.282700,1.286400,1.281900,1.285550,4,2020-12-22
2020-12-22 05:00:00,1.285150,1.286500,1.284100,1.285000,4,2020-12-22
2020-12-22 09:00:00,1.285000,1.288850,1.285000,1.288800,4,2020-12-22
2020-12-22 13:00:00,1.288400,1.288900,1.286300,1.286400,4,2020-12-22
2020-12-22 17:00:00,1.286700,1.291400,1.285300,1.291000,4,2020-12-23
2020-12-22 21:00:00,1.291000,1.293400,1.290000,1.291550,4,2020-12-23
2020-12-23 01:00:00,1.291300,1.291750,1.289900,1.290600,4,2020-12-23
2020-12-23 05:00:00,1.290700,1.291500,1.288900,1.289450,4,2020-12-23
2020-12-23 09:00:00,1.289450,1.289900,1.288200,1.289300,4,2020-12-23
2020-12-23 13:00:00,1.289200,1.289600,1.286400,1.286800,4,2020-12-23
2020-12-23 17:00:00,1.287000,1.288700,1.284400,1.285400,4,2020-12-24
2020-12-23 21:00:00,1.285400,1.286900,1.283150,1.285200,4,2020-12-24
2020-12-24 01:00:00,1.285200,1.286550,1.284100,1.285000,4,2020-12-24
2020-12-24 05:00:00,1.284900,1.285100,1.282900,1.284300,4,2020-12-24
2020-12-24 09:00:00,1.284300,1.285400,1.283700,1.284900,4,2020-12-24
2020-12-24 13:00:00,1.284700,1.285350,1.282900,1.283900,4,2020-12-24
2020-12-24 17:00:00,1.284150,1.285050,1.282300,1.282700,4,2020-12-25
2020-12-24 21:00:00,1.282750,1.284800,1.281200,1.284000,4,2020-12-25
2020-12-25 01:00:00,1.284400,1.288050,1.283600,1.286100,4,2020-12-25
2020-12-25 05:00:00,1.286400,1.286800,1.285500,1.285950,4,2020-12-25
2020-12-25 09:00:00,1.285950,1.286750,1.285200,1.286500,4,2020-12-25
2020-12-25 13:00:00,1.286450,1.291510,1.285900,1.287000,4,2020-12-25
2020-12-28 01:00:00,1.285500,1.286200,1.285400,1.285900,2,2020-12-28
2020-12-28 05:00:00,1.285200,1.286100,1.283200,1.284500,4,2020-12-28
2020-12-28 09:00:00,1.284750,1.285750,1.282800,1.283200,4,2020-12-28
2020-12-28 13:00:00,1.283200,1.283900,1.281200,1.283700,4,2020-12-28
2020-12-28 17:00:00,1.283750,1.285150,1.281800,1.282800,4,2020-12-29
2020-12-28 21:00:00,1.283050,1.287600,1.282700,1.285200,4,2020-12-29
2020-12-29 01:00:00,1.285450,1.286050,1.283900,1.284800,4,2020-12-29
2020-12-29 05:00:00,1.284600,1.284700,1.282500,1.283100,4,2020-12-29
2020-12-29 09:00:00,1.283050,1.283200,1.281900,1.282300,4,2020-12-29
2020-12-29 13:00:00,1.282300,1.282400,1.280400,1.281000,4,2020-12-29
2020-12-29 17:00:00,1.281150,1.282200,1.277800,1.279950,4,2020-12-30
2020-12-29 21:00:00,1.280000,1.282000,1.278400,1.281200,4,2020-12-30
2020-12-30 01:00:00,1.281250,1.282250,1.280400,1.282000,4,2020-12-30
2020-12-30 05:00:00,1.282150,1.282750,1.279300,1.279700,4,2020-12-30
2020-12-30 09:00:00,1.279700,1.280100,1.278200,1.278900,4,2020-12-30
2020-12-30 13:00:00,1.279300,1.281000,1.277900,1.278200,4,2020-12-30
2020-12-30 17:00:00,1.278000,1.280000,1.277000,1.277100,4,2020-12-31
2020-12-30 21:00:00,1.277150,1.278200,1.274750,1.276100,4,2020-12-31
2020-12-31 01:00:00,1.276400,1.277050,1.274750,1.275400,4,2020-12-31
2020-12-31 05:00:00,1.275200,1.275650,1.273350,1.275050,4,2020-12-31
2020-12-31 09:00:00,1.274750,1.275350,1.273600,1.273900,4,2020-12-31
2020-12-31 13:00:00,1.274200,1.275600,1.272900,1.273800,4,2020-12-31
2020-12-31 17:00:00,1.274000,1.275450,1.271200,1.272100,4,2021-01-01
2020-12-31 21:00:00,1.272200,1.276900,1.271500,1.275500,4,2021-01-01
2021-01-01 01:00:00,1.275800,1.276000,1.271700,1.272400,4,2021-01-01
2021-01-01 05:00:00,1.272900,1.272900,1.272900,1.272900,4,2021-01-01
2021-01-01 09:00:00,1.272900,1.272900,1.272900,1.272900,4,2021-01-01
2021-01-01 13:00:00,1.272900,1.273010,1.272900,1.272900,4,2021-01-01
2021-01-04 01:00:00,1.273200,1.273650,1.271800,1.273300,4,2021-01-04
2021-01-04 05:00:00,1.273300,1.273650,1.269800,1.269800,4,2021-01-04
2021-01-04 09:00:00,1.270050,1.271400,1.269300,1.270050,4,2021-01-04
2021-01-04 13:00:00,1.269600,1.270600,1.266300,1.267600,4,2021-01-04
2021-01-04 17:00:00,1.267800,1.272000,1.266800,1.270600,4,2021-01-05
2021-01-04 21:00:00,1.270850,1.279700,1.270000,1.277200,4,2021-01-05
2021-01-05 01:00:00,1.277150,1.279050,1.276700,1.278100,4,2021-01-05
2021-01-05 05:00:00,1.278400,1.279200,1.274700,1.274800,4,2021-01-05
2021-01-05 09:00:00,1.275050,1.276350,1.273700,1.274100,4,2021-01-05
2021-01-05 13:00:00,1.274100,1.276900,1.272900,1.273950,4,2021-01-05
2021-01-05 17:00:00,1.273950,1.277550,1.272800,1.274200,4,2021-01-06
2021-01-05 21:00:00,1.274550,1.274900,1.266100,1.266500,4,2021-01-06
2021-01-06 01:00:00,1.266500,1.267950,1.265400,1.267100,4,2021-01-06
2021-01-06 05:00:00,1.267450,1.269500,1.266200,1.269400,4,2021-01-06
2021-01-06 09:00:00,1.269500,1.269500,1.265900,1.266300,4,2021-01-06
2021-01-06 13:00:00,1.266100,1.267650,1.263000,1.263400,4,2021-01-06
2021-01-06 17:00:00,1.263600,1.272400,1.262800,1.268400,4,2021-01-07
2021-01-06 21:00:00,1.268300,1.271300,1.266100,1.267000,4,2021-01-07
2021-01-07 01:00:00,1.267400,1.270200,1.266200,1.267400,4,2021-01-07
2021-01-07 05:00:00,1.267500,1.268050,1.266100,1.267450,4,2021-01-07
2021-01-07 09:00:00,1.267200,1.268450,1.267000,1.267200,4,2021-01-07
2021-01-07 13:00:00,1.267300,1.273200,1.266900,1.272900,4,2021-01-07
2021-01-07 17:00:00,1.273400,1.273400,1.270100,1.271700,4,2021-01-08
2021-01-07 21:00:00,1.271600,1.273300,1.267800,1.267900,4,2021-01-08
2021-01-08 01:00:00,1.268200,1.269600,1.267300,1.268500,4,2021-01-08
2021-01-08 05:00:00,1.268900,1.270150,1.267400,1.268200,4,2021-01-08
2021-01-08 09:00:00,1.268350,1.268450,1.267100,1.268000,4,2021-01-08
2021-01-08 13:00:00,1.267800,1.270750,1.267100,1.267850,4,2021-01-08
2021-01-11 01:00:00,1.269900,1.270600,1.269800,1.270600,3,2021-01-11
2021-01-11 05:00:00,1.270600,1.275550,1.270000,1.274250,4,2021-01-11
2021-01-11 09:00:00,1.274250,1.276400,1.274100,1.275300,4,2021-01-11
2021-01-11 13:00:00,1.275200,1.277750,1.273900,1.276800,4,2021-01-11
2021-01-11 17:00:00,1.276850,1.283500,1.276600,1.281700,4,2021-01-12
2021-01-11 21:00:00,1.282200,1.282650,1.276100,1.277250,4,2021-01-12
2021-01-12 01:00:00,1.277100,1.278700,1.276600,1.278250,4,2021-01-12
2021-01-12 05:00:00,1.277900,1.279150,1.276800,1.278300,4,2021-01-12
2021-01-12 09:00:00,1.278650,1.279050,1.274900,1.275000,4,2021-01-12
2021-01-12 13:00:00,1.275400,1.276250,1.273000,1.275200,4,2021-01-12
2021-01-12 17:00:00,1.275000,1.277800,1.273600,1.277500,4,2021-01-13
2021-01-12 21:00:00,1.277700,1.277850,1.272600,1.273350,4,2021-01-13
2021-01-13 01:00:00,1.273150,1.273450,1.270600,1.271400,4,2021-01-13
2021-01-13 05:00:00,1.271300,1.271800,1.270100,1.270950,4,2021-01-13
2021-01-13 09:00:00,1.270800,1.272250,1.270100,1.271800,4,2021-01-13
2021-01-13 13:00:00,1.271800,1.274450,1.270800,1.273300,4,2021-01-13
2021-01-13 17:00:00,1.273500,1.274500,1.270600,1.274000,4,2021-01-14
2021-01-13 21:00:00,1.274100,1.274700,1.267800,1.268600,4,2021-01-14
2021-01-14 01:00:00,1.268900,1.271150,1.267800,1.270300,4,2021-01-14
2021-01-14 05:00:00,1.270250,1.270800,1.268300,1.269000,4,2021-01-14
2021-01-14 09:00:00,1.269300,1.269900,1.267700,1.268800,4,2021-01-14
2021-01-14 13:00:00,1.268900,1.269950,1.266400,1.267300,4,2021-01-14
2021-01-14 17:00:00,1.267350,1.270450,1.266700,1.268050,4,2021-01-15
2021-01-14 21:00:00,1.267800,1.268650,1.262300,1.264050,4,2021-01-15
2021-01-15 01:00:00,1.264050,1.264700,1.262900,1.264200,4,2021-01-15
2021-01-15 05:00:00,1.264200,1.265400,1.263400,1.264200,4,2021-01-15
2021-01-15 09:00:00,1.264450,1.267100,1.264000,1.266500,4,2021-01-15
2021-01-15 13:00:00,1.266900,1.269850,1.265900,1.269500,4,2021-01-15
2021-01-18 01:00:00,1.273150,1.273900,1.273000,1.273600,3,2021-01-18
2021-01-18 05:00:00,1.273700,1.277550,1.272400,1.275700,4,2021-01-18
2021-01-18 09:00:00,1.276050,1.278450,1.275700,1.278100,4,2021-01-18
2021-01-18 13:00:00,1.278050,1.279950,1.277250,1.277650,4,2021-01-18
2021-01-18 17:00:00,1.277650,1.278700,1.276200,1.276550,4,2021-01-19
2021-01-18 21:00:00,1.276500,1.277700,1.275300,1.275400,4,2021-01-19
2021-01-19 01:00:00,1.275500,1.276150,1.273900,1.275100,4,2021-01-19
2021-01-19 05:00:00,1.275500,1.275700,1.272300,1.272800,4,2021-01-19
2021-01-19 09:00:00,1.272750,1.273100,1.271700,1.272450,4,2021-01-19
2021-01-19 13:00:00,1.272400,1.274550,1.271800,1.272650,4,2021-01-19
2021-01-19 17:00:00,1.272600,1.276400,1.271800,1.275600,4,2021-01-20
2021-01-19 21:00:00,1.275200,1.276200,1.271500,1.274100,4,2021-01-20
2021-01-20 01:00:00,1.273800,1.274700,1.272600,1.272900,4,2021-01-20
2021-01-20 05:00:00,1.273000,1.273500,1.270400,1.270850,4,2021-01-20
2021-01-20 09:00:00,1.270850,1.271650,1.269100,1.269650,4,2021-01-20
2021-01-20 13:00:00,1.269650,1.270600,1.268800,1.269400,4,2021-01-20
2021-01-20 17:00:00,1.269350,1.271700,1.267700,1.269700,4,2021-01-21
2021-01-20 21:00:00,1.269400,1.269400,1.260400,1.264500,4,2021-01-21
2021-01-21 01:00:00,1.264450,1.265200,1.262800,1.262900,4,2021-01-21
2021-01-21 05:00:00,1.263250,1.263500,1.261000,1.261600,4,2021-01-21
2021-01-21 09:00:00,1.261600,1.262100,1.260700,1.261850,4,2021-01-21
2021-01-21 13:00:00,1.261900,1.263650,1.261300,1.261700,4,2021-01-21
2021-01-21 17:00:00,1.262050,1.263250,1.258900,1.261550,4,2021-01-22
2021-01-21 21:00:00,1.261500,1.264700,1.260400,1.263200,4,2021-01-22
2021-01-22 01:00:00,1.263300,1.264300,1.262200,1.263800,4,2021-01-22
2021-01-22 05:00:00,1.263600,1.266850,1.263200,1.266150,4,2021-01-22
2021-01-22 09:00:00,1.266500,1.268150,1.266000,1.267800,4,2021-01-22
2021-01-22 13:00:00,1.267600,1.270500,1.267500,1.270300,4,2021-01-22
2021-01-25 01:00:00,1.272300,1.273650,1.271400,1.272700,4,2021-01-25
2021-01-25 05:00:00,1.272700,1.272900,1.270200,1.270650,4,2021-01-25
2021-01-25 09:00:00,1.270650,1.270700,1.268500,1.269700,4,2021-01-25
2021-01-25 13:00:00,1.269300,1.271850,1.268700,1.270100,4,2021-01-25
2021-01-25 17:00:00,1.270100,1.274100,1.269200,1.273850,4,2021-01-26
2021-01-25 21:00:00,1.273900,1.277950,1.272400,1.273750,4,2021-01-26
2021-01-26 01:00:00,1.273400,1.275500,1.273300,1.274000,4,2021-01-26
2021-01-26 05:00:00,1.274000,1.275200,1.273400,1.274150,4,2021-01-26
2021-01-26 09:00:00,1.274500,1.277850,1.274200,1.277300,4,2021-01-26
2021-01-26 13:00:00,1.277600,1.278250,1.274100,1.274900,4,2021-01-26
2021-01-26 17:00:00,1.275200,1.275200,1.269400,1.270900,4,2021-01-27
2021-01-26 21:00:00,1.270850,1.271650,1.268800,1.269550,4,2021-01-27
2021-01-27 01:00:00,1.269550,1.269950,1.268800,1.269100,4,2021-01-27
2021-01-27 05:00:00,1.269200,1.271750,1.268300,1.271750,4,2021-01-27
2021-01-27 09:00:00,1.271800,1.272550,1.270700,1.271250,4,2021-01-27
2021-01-27 13:00:00,1.271300,1.273450,1.271000,1.271900,4,2021-01-27
2021-01-27 17:00:00,1.271900,1.282300,1.271700,1.279100,4,2021-01-28
2021-01-27 21:00:00,1.279200,1.279800,1.274800,1.276000,4,2021-01-28
2021-01-28 01:00:00,1.276000,1.281300,1.275000,1.279700,4,2021-01-28
2021-01-28 05:00:00,1.280300,1.283300,1.279900,1.281900,4,2021-01-28
2021-01-28 09:00:00,1.281600,1.283650,1.281600,1.282700,4,2021-01-28
2021-01-28 13:00:00,1.282900,1.288150,1.282900,1.285550,4,2021-01-28
2021-01-28 17:00:00,1.285400,1.287550,1.280400,1.281700,4,2021-01-29
2021-01-28 21:00:00,1.281700,1.282100,1.278700,1.278800,4,2021-01-29
2021-01-29 01:00:00,1.278800,1.283250,1.278600,1.281800,4,2021-01-29
2021-01-29 05:00:00,1.281900,1.285750,1.281600,1.285350,4,2021-01-29
2021-01-29 09:00:00,1.285100,1.287450,1.284900,1.286050,4,2021-01-29
2021-01-29 13:00:00,1.285900,1.287100,1.282600,1.282900,4,2021-01-29
2021-02-01 01:00:00,1.278650,1.279400,1.278300,1.279200,3,2021-02-01
2021-02-01 05:00:00,1.278900,1.281950,1.277400,1.277900,4,2021-02-01
2021-02-01 09:00:00,1.278150,1.278300,1.275900,1.276800,4,2021-02-01
2021-02-01 13:00:00,1.276500,1.280850,1.276100,1.279900,4,2021-02-01
2021-02-01 17:00:00,1.280000,1.281900,1.278850,1.281300,4,2021-02-02
2021-02-01 21:00:00,1.281200,1.284350,1.279400,1.283250,4,2021-02-02
2021-02-02 01:00:00,1.283250,1.286450,1.281400,1.285000,4,2021-02-02
2021-02-02 05:00:00,1.285050,1.285850,1.282100,1.282650,4,2021-02-02
2021-02-02 09:00:00,1.282700,1.283550,1.282000,1.282600,4,2021-02-02
2021-02-02 13:00:00,1.282800,1.283350,1.278000,1.280700,4,2021-02-02
2021-02-02 17:00:00,1.280700,1.287050,1.280000,1.286100,4,2021-02-03
2021-02-02 21:00:00,1.285700,1.286200,1.280600,1.281150,4,2021-02-03
2021-02-03 01:00:00,1.280800,1.281300,1.277700,1.278100,4,2021-02-03
2021-02-03 05:00:00,1.278400,1.278900,1.276100,1.277050,4,2021-02-03
2021-02-03 09:00:00,1.277050,1.279050,1.276700,1.277900,4,2021-02-03
2021-02-03 13:00:00,1.278250,1.279800,1.276400,1.278900,4,2021-02-03
2021-02-03 17:00:00,1.279000,1.281200,1.277500,1.277800,4,2021-02-04
2021-02-03 21:00:00,1.277900,1.281000,1.276300,1.278100,4,2021-02-04
2021-02-04 01:00:00,1.278250,1.278850,1.277000,1.278450,4,2021-02-04
2021-02-04 05:00:00,1.278100,1.279000,1.277500,1.278000,4,2021-02-04
2021-02-04 09:00:00,1.278000,1.280850,1.277800,1.280000,4,2021-02-04
2021-02-04 13:00:00,1.279950,1.281050,1.277500,1.280700,4,2021-02-04
2021-02-04 17:00:00,1.280700,1.283250,1.279900,1.282200,4,2021-02-05
2021-02-04 21:00:00,1.282100,1.284550,1.281500,1.283250,4,2021-02-05
2021-02-05 01:00:00,1.283250,1.283550,1.281600,1.281900,4,2021-02-05
2021-02-05 05:00:00,1.282400,1.282850,1.281000,1.282850,4,2021-02-05
2021-02-05 09:00:00,1.282850,1.283350,1.281100,1.281700,4,2021-02-05
2021-02-05 13:00:00,1.281400,1.281800,1.278300,1.279850,4,2021-02-05
2021-02-08 01:00:00,1.276500,1.276800,1.275500,1.276100,3,2021-02-08
2021-02-08 05:00:00,1.276100,1.276900,1.275200,1.276450,4,2021-02-08
2021-02-08 09:00:00,1.276500,1.276900,1.275700,1.276550,4,2021-02-08
2021-02-08 13:00:00,1.276600,1.278200,1.275300,1.277750,4,2021-02-08
2021-02-08 17:00:00,1.277800,1.278300,1.274100,1.274850,4,2021-02-09
2021-02-08 21:00:00,1.274950,1.277050,1.273900,1.274600,4,2021-02-09
2021-02-09 01:00:00,1.274950,1.275050,1.273300,1.274000,4,2021-02-09
2021-02-09 05:00:00,1.274000,1.274150,1.271700,1.272150,4,2021-02-09
2021-02-09 09:00:00,1.272150,1.273500,1.271900,1.272900,4,2021-02-09
2021-02-09 13:00:00,1.273200,1.273800,1.271000,1.272800,4,2021-02-09
2021-02-09 17:00:00,1.273150,1.276550,1.272100,1.274600,4,2021-02-10
2021-02-09 21:00:00,1.274400,1.275400,1.270000,1.270750,4,2021-02-10
2021-02-10 01:00:00,1.270750,1.271300,1.269000,1.270000,4,2021-02-10
2021-02-10 05:00:00,1.269500,1.270950,1.269000,1.270250,4,2021-02-10
2021-02-10 09:00:00,1.269900,1.270250,1.269100,1.269600,4,2021-02-10
2021-02-10 13:00:00,1.269550,1.271050,1.267200,1.269750,4,2021-02-10
2021-02-10 17:00:00,1.269800,1.270300,1.267400,1.268500,4,2021-02-11
2021-02-10 21:00:00,1.268800,1.270700,1.266500,1.269350,4,2021-02-11
2021-02-11 01:00:00,1.269100,1.270600,1.268500,1.269800,4,2021-02-11
2021-02-11 05:00:00,1.269600,1.271150,1.269300,1.270250,4,2021-02-11
2021-02-11 09:00:00,1.270250,1.270450,1.267800,1.267800,4,2021-02-11
2021-02-11 13:00:00,1.267800,1.269200,1.267400,1.267700,4,2021-02-11
2021-02-11 17:00:00,1.267900,1.268300,1.265800,1.268250,4,2021-02-12
2021-02-11 21:00:00,1.268000,1.270600,1.266800,1.269400,4,2021-02-12
2021-02-12 01:00:00,1.269450,1.270550,1.269000,1.270100,4,2021-02-12
2021-02-12 05:00:00,1.270000,1.272950,1.269600,1.272750,4,2021-02-12
2021-02-12 09:00:00,1.272750,1.272850,1.271500,1.272400,4,2021-02-12
2021-02-12 13:00:00,1.272400,1.275600,1.272100,1.273750,4,2021-02-12
2021-02-15 01:00:00,1.268400,1.269100,1.268150,1.268800,3,2021-02-15
2021-02-15 05:00:00,1.268700,1.269150,1.267300,1.267350,4,2021-02-15
2021-02-15 09:00:00,1.267300,1.267500,1.266200,1.267150,4,2021-02-15
2021-02-15 13:00:00,1.267200,1.268150,1.266000,1.266100,4,2021-02-15
2021-02-15 17:00:00,1.266100,1.266650,1.263800,1.264700,4,2021-02-16
2021-02-15 21:00:00,1.264650,1.265100,1.262900,1.263500,4,2021-02-16
2021-02-16 01:00:00,1.263650,1.264900,1.263100,1.264000,4,2021-02-16
2021-02-16 05:00:00,1.263900,1.264150,1.261100,1.261300,4,2021-02-16
2021-02-16 09:00:00,1.261350,1.263650,1.260800,1.262900,4,2021-02-16
2021-02-16 13:00:00,1.262400,1.265000,1.262200,1.263250,4,2021-02-16
2021-02-16 17:00:00,1.263300,1.269800,1.262300,1.269200,4,2021-02-17
2021-02-16 21:00:00,1.269300,1.270250,1.266900,1.268400,4,2021-02-17
2021-02-17 01:00:00,1.268400,1.269550,1.267500,1.269100,4,2021-02-17
2021-02-17 05:00:00,1.269300,1.271800,1.269200,1.269600,4,2021-02-17
2021-02-17 09:00:00,1.269900,1.270500,1.268500,1.269400,4,2021-02-17
2021-02-17 13:00:00,1.269400,1.271950,1.268900,1.269850,4,2021-02-17
2021-02-17 17:00:00,1.269700,1.274600,1.268500,1.272800,4,2021-02-18
2021-02-17 21:00:00,1.273000,1.274100,1.269600,1.270750,4,2021-02-18
2021-02-18 01:00:00,1.270750,1.270800,1.269100,1.270550,4,2021-02-18
2021-02-18 05:00:00,1.270300,1.270800,1.268400,1.269250,4,2021-02-18
2021-02-18 09:00:00,1.269250,1.271150,1.268900,1.270200,4,2021-02-18
2021-02-18 13:00:00,1.270600,1.271650,1.267900,1.269100,4,2021-02-18
2021-02-18 17:00:00,1.269400,1.270550,1.266300,1.269800,4,2021-02-19
2021-02-18 21:00:00,1.270100,1.273100,1.269200,1.269900,4,2021-02-19
2021-02-19 01:00:00,1.270000,1.270250,1.266900,1.267800,4,2021-02-19
2021-02-19 05:00:00,1.267900,1.271150,1.266900,1.270800,4,2021-02-19
2021-02-19 09:00:00,1.270700,1.271400,1.268500,1.269200,4,2021-02-19
2021-02-19 13:00:00,1.269300,1.269750,1.263600,1.263800,4,2021-02-19
2021-02-22 01:00:00,1.261350,1.261950,1.260800,1.261400,3,2021-02-22
2021-02-22 05:00:00,1.261450,1.261800,1.257900,1.260500,4,2021-02-22
2021-02-22 09:00:00,1.260750,1.261350,1.259400,1.260400,4,2021-02-22
2021-02-22 13:00:00,1.260700,1.265400,1.260300,1.263000,4,2021-02-22
2021-02-22 17:00:00,1.262700,1.264600,1.261700,1.262800,4,2021-02-23
2021-02-22 21:00:00,1.262800,1.263150,1.259300,1.259850,4,2021-02-23
2021-02-23 01:00:00,1.259900,1.262050,1.259100,1.261250,4,2021-02-23
2021-02-23 05:00:00,1.261500,1.261850,1.258300,1.258800,4,2021-02-23
2021-02-23 09:00:00,1.259150,1.260100,1.258300,1.259450,4,2021-02-23
2021-02-23 13:00:00,1.259100,1.262500,1.258500,1.261900,4,2021-02-23
2021-02-23 17:00:00,1.261500,1.264700,1.260000,1.263250,4,2021-02-24
2021-02-23 21:00:00,1.263100,1.263750,1.258500,1.260500,4,2021-02-24
2021-02-24 01:00:00,1.260500,1.260600,1.257700,1.258800,4,2021-02-24
2021-02-24 05:00:00,1.258700,1.259650,1.255700,1.257650,4,2021-02-24
2021-02-24 09:00:00,1.257550,1.259550,1.256800,1.258350,4,2021-02-24
2021-02-24 13:00:00,1.258400,1.258400,1.256300,1.257600,4,2021-02-24
2021-02-24 17:00:00,1.257600,1.259850,1.254900,1.257600,4,2021-02-25
2021-02-24 21:00:00,1.257700,1.258400,1.252500,1.253000,4,2021-02-25
2021-02-25 01:00:00,1.253000,1.253700,1.250300,1.251500,4,2021-02-25
2021-02-25 05:00:00,1.251400,1.252050,1.250800,1.250900,4,2021-02-25
2021-02-25 09:00:00,1.251100,1.251500,1.249500,1.249600,4,2021-02-25
2021-02-25 13:00:00,1.249900,1.251150,1.247300,1.248000,4,2021-02-25
2021-02-25 17:00:00,1.247950,1.249900,1.246600,1.248300,4,2021-02-26
2021-02-25 21:00:00,1.248000,1.259150,1.248000,1.257200,4,2021-02-26
2021-02-26 01:00:00,1.257450,1.261500,1.255400,1.259600,4,2021-02-26
2021-02-26 05:00:00,1.260500,1.264900,1.258600,1.259200,4,2021-02-26
2021-02-26 09:00:00,1.259000,1.262450,1.258500,1.261700,4,2021-02-26
2021-02-26 13:00:00,1.262100,1.265000,1.258800,1.264900,4,2021-02-26
2021-03-01 01:00:00,1.272200,1.273800,1.271900,1.273800,3,2021-03-01
2021-03-01 05:00:00,1.273350,1.273350,1.268500,1.270250,4,2021-03-01
2021-03-01 09:00:00,1.270300,1.271400,1.268800,1.269350,4,2021-03-01
2021-03-01 13:00:00,1.269500,1.270800,1.267300,1.268100,4,2021-03-01
2021-03-01 17:00:00,1.268400,1.270000,1.265300,1.266600,4,2021-03-02
2021-03-01 21:00:00,1.267000,1.267800,1.264500,1.266150,4,2021-03-02
2021-03-02 01:00:00,1.266150,1.266300,1.263800,1.264200,4,2021-03-02
2021-03-02 05:00:00,1.264100,1.268750,1.263600,1.267900,4,2021-03-02
2021-03-02 09:00:00,1.267700,1.268900,1.266600,1.267700,4,2021-03-02
2021-03-02 13:00:00,1.268100,1.269850,1.264700,1.265200,4,2021-03-02
2021-03-02 17:00:00,1.265300,1.267600,1.263100,1.263700,4,2021-03-03
2021-03-02 21:00:00,1.263800,1.265450,1.259800,1.260450,4,2021-03-03
2021-03-03 01:00:00,1.260550,1.264300,1.260100,1.264000,4,2021-03-03
2021-03-03 05:00:00,1.263800,1.264450,1.262500,1.263100,4,2021-03-03
2021-03-03 09:00:00,1.263350,1.263600,1.262200,1.262600,4,2021-03-03
2021-03-03 13:00:00,1.262900,1.263150,1.259000,1.261700,4,2021-03-03
2021-03-03 17:00:00,1.261300,1.265900,1.260900,1.264800,4,2021-03-04
2021-03-03 21:00:00,1.264600,1.265500,1.260400,1.262400,4,2021-03-04
2021-03-04 01:00:00,1.262650,1.265900,1.262300,1.265350,4,2021-03-04
2021-03-04 05:00:00,1.265450,1.267500,1.264800,1.265600,4,2021-03-04
2021-03-04 09:00:00,1.265800,1.267450,1.263800,1.264250,4,2021-03-04
2021-03-04 13:00:00,1.264200,1.266600,1.262900,1.264600,4,2021-03-04
2021-03-04 17:00:00,1.264600,1.265900,1.261600,1.263950,4,2021-03-05
2021-03-04 21:00:00,1.263600,1.269350,1.257400,1.269250,4,2021-03-05
2021-03-05 01:00:00,1.269100,1.269150,1.264200,1.266100,4,2021-03-05
2021-03-05 05:00:00,1.266900,1.269500,1.266100,1.266500,4,2021-03-05
2021-03-05 09:00:00,1.266350,1.266750,1.264900,1.265650,4,2021-03-05
2021-03-05 13:00:00,1.265700,1.271850,1.265100,1.271750,4,2021-03-05
2021-03-08 01:00:00,1.265850,1.265900,1.265050,1.265100,3,2021-03-08
2021-03-08 05:00:00,1.264600,1.265950,1.262100,1.265300,4,2021-03-08
2021-03-08 09:00:00,1.265350,1.266400,1.264000,1.265900,4,2021-03-08
2021-03-08 13:00:00,1.266000,1.270050,1.265300,1.268650,4,2021-03-08
2021-03-08 17:00:00,1.268600,1.269850,1.263700,1.266100,4,2021-03-09
2021-03-08 21:00:00,1.266300,1.267450,1.263800,1.266500,4,2021-03-09
2021-03-09 01:00:00,1.266800,1.267950,1.264800,1.267100,4,2021-03-09
2021-03-09 05:00:00,1.266200,1.268550,1.265200,1.265450,4,2021-03-09
2021-03-09 09:00:00,1.265500,1.265950,1.264400,1.265300,4,2021-03-09
2021-03-09 13:00:00,1.265600,1.266650,1.260000,1.260700,4,2021-03-09
2021-03-09 17:00:00,1.260700,1.262700,1.258800,1.262300,4,2021-03-10
2021-03-09 21:00:00,1.262100,1.266250,1.261300,1.264300,4,2021-03-10
2021-03-10 01:00:00,1.264350,1.264550,1.262500,1.263500,4,2021-03-10
2021-03-10 05:00:00,1.263400,1.266850,1.263300,1.266450,4,2021-03-10
2021-03-10 09:00:00,1.266450,1.268350,1.265800,1.266850,4,2021-03-10
2021-03-10 13:00:00,1.267050,1.267900,1.264300,1.265150,4,2021-03-10
2021-03-10 17:00:00,1.264800,1.266250,1.261100,1.262400,4,2021-03-11
2021-03-10 21:00:00,1.262600,1.266450,1.262500,1.264400,4,2021-03-11
2021-03-11 01:00:00,1.264350,1.264500,1.260700,1.261700,4,2021-03-11
2021-03-11 05:00:00,1.261900,1.262600,1.259800,1.260600,4,2021-03-11
2021-03-11 09:00:00,1.260750,1.261950,1.260200,1.260700,4,2021-03-11
2021-03-11 13:00:00,1.260900,1.261600,1.257500,1.257950,4,2021-03-11
2021-03-11 17:00:00,1.257900,1.260850,1.256800,1.259500,4,2021-03-12
2021-03-11 21:00:00,1.259500,1.260500,1.253600,1.254400,4,2021-03-12
2021-03-12 01:00:00,1.254700,1.254800,1.251800,1.253500,4,2021-03-12
2021-03-12 05:00:00,1.253400,1.255050,1.252200,1.254500,4,2021-03-12
2021-03-12 09:00:00,1.254650,1.256350,1.253700,1.256150,4,2021-03-12
2021-03-12 13:00:00,1.256150,1.257400,1.254000,1.255200,4,2021-03-12
2021-03-15 01:00:00,1.247000,1.248050,1.247000,1.247700,3,2021-03-15
2021-03-15 05:00:00,1.248000,1.248400,1.245550,1.246450,4,2021-03-15
2021-03-15 09:00:00,1.246450,1.248700,1.246050,1.248700,4,2021-03-15
2021-03-15 13:00:00,1.248650,1.249350,1.244100,1.245400,4,2021-03-15
2021-03-15 17:00:00,1.245450,1.249000,1.245000,1.248400,4,2021-03-16
2021-03-15 21:00:00,1.248600,1.251300,1.247100,1.247350,4,2021-03-16
2021-03-16 01:00:00,1.247400,1.248500,1.246600,1.247800,4,2021-03-16
2021-03-16 05:00:00,1.247800,1.248350,1.247000,1.247800,4,2021-03-16
2021-03-16 09:00:00,1.247850,1.248800,1.247250,1.247600,4,2021-03-16
2021-03-16 13:00:00,1.247900,1.250100,1.247500,1.248550,4,2021-03-16
2021-03-16 17:00:00,1.248500,1.248700,1.245700,1.247000,4,2021-03-17
2021-03-16 21:00:00,1.246600,1.247600,1.243800,1.244450,4,2021-03-17
2021-03-17 01:00:00,1.244400,1.244900,1.243300,1.244000,4,2021-03-17
2021-03-17 05:00:00,1.244400,1.245950,1.243500,1.245150,4,2021-03-17
2021-03-17 09:00:00,1.244800,1.245800,1.244700,1.245200,4,2021-03-17
2021-03-17 13:00:00,1.245450,1.246900,1.244500,1.246500,4,2021-03-17
2021-03-17 17:00:00,1.246800,1.248050,1.245800,1.247300,4,2021-03-18
2021-03-17 21:00:00,1.247500,1.249400,1.246300,1.248700,4,2021-03-18
2021-03-18 01:00:00,1.248300,1.248300,1.239900,1.240300,4,2021-03-18
2021-03-18 05:00:00,1.240700,1.240850,1.237600,1.238900,4,2021-03-18
2021-03-18 09:00:00,1.239000,1.240900,1.238400,1.239400,4,2021-03-18
2021-03-18 13:00:00,1.239350,1.241900,1.236300,1.240400,4,2021-03-18
2021-03-18 17:00:00,1.240300,1.245950,1.239700,1.244850,4,2021-03-19
2021-03-18 21:00:00,1.244700,1.248200,1.241900,1.246800,4,2021-03-19
2021-03-19 01:00:00,1.247000,1.252750,1.246600,1.249300,4,2021-03-19
2021-03-19 05:00:00,1.249300,1.250750,1.248600,1.248800,4,2021-03-19
2021-03-19 09:00:00,1.249000,1.251250,1.248400,1.249200,4,2021-03-19
2021-03-19 13:00:00,1.249500,1.250550,1.245900,1.248800,4,2021-03-19
2021-03-22 01:00:00,1.252550,1.252800,1.251800,1.252150,3,2021-03-22
2021-03-22 05:00:00,1.252150,1.253350,1.251400,1.252050,4,2021-03-22
2021-03-22 09:00:00,1.252000,1.252250,1.249000,1.249900,4,2021-03-22
2021-03-22 13:00:00,1.249950,1.252100,1.248500,1.249650,4,2021-03-22
2021-03-22 17:00:00,1.249700,1.251250,1.247100,1.250500,4,2021-03-23
2021-03-22 21:00:00,1.250600,1.254100,1.250100,1.251450,4,2021-03-23
2021-03-23 01:00:00,1.251450,1.252800,1.250400,1.252000,4,2021-03-23
2021-03-23 05:00:00,1.252250,1.253350,1.251600,1.253100,4,2021-03-23
2021-03-23 09:00:00,1.253100,1.255300,1.252700,1.255250,4,2021-03-23
2021-03-23 13:00:00,1.254800,1.258450,1.253200,1.258250,4,2021-03-23
2021-03-23 17:00:00,1.258300,1.259500,1.255800,1.256200,4,2021-03-24
2021-03-23 21:00:00,1.256500,1.257150,1.252150,1.255750,4,2021-03-24
2021-03-24 01:00:00,1.255800,1.259100,1.255600,1.258250,4,2021-03-24
2021-03-24 05:00:00,1.258200,1.259850,1.257500,1.258700,4,2021-03-24
2021-03-24 09:00:00,1.258800,1.260300,1.258500,1.260050,4,2021-03-24
2021-03-24 13:00:00,1.260050,1.260900,1.256200,1.256900,4,2021-03-24
2021-03-24 17:00:00,1.256500,1.259600,1.255300,1.257200,4,2021-03-25
2021-03-24 21:00:00,1.256900,1.257500,1.254100,1.255150,4,2021-03-25
2021-03-25 01:00:00,1.255150,1.258450,1.254500,1.257850,4,2021-03-25
2021-03-25 05:00:00,1.257800,1.259000,1.256600,1.258250,4,2021-03-25
2021-03-25 09:00:00,1.258250,1.258250,1.256100,1.257200,4,2021-03-25
2021-03-25 13:00:00,1.257300,1.258100,1.255800,1.256750,4,2021-03-25
2021-03-25 17:00:00,1.257000,1.260800,1.254600,1.260200,4,2021-03-26
2021-03-25 21:00:00,1.260200,1.262900,1.258700,1.261550,4,2021-03-26
2021-03-26 01:00:00,1.261600,1.262400,1.260100,1.260500,4,2021-03-26
2021-03-26 05:00:00,1.260800,1.260950,1.258600,1.258850,4,2021-03-26
2021-03-26 09:00:00,1.258850,1.259800,1.257200,1.257450,4,2021-03-26
2021-03-26 13:00:00,1.257550,1.258500,1.256800,1.257600,4,2021-03-26
2021-03-29 01:00:00,1.257300,1.257900,1.257200,1.257850,3,2021-03-29
2021-03-29 05:00:00,1.257750,1.260850,1.257600,1.260200,4,2021-03-29
2021-03-29 09:00:00,1.260150,1.262650,1.259300,1.262250,4,2021-03-29
2021-03-29 13:00:00,1.262250,1.262600,1.259300,1.259500,4,2021-03-29
2021-03-29 17:00:00,1.259450,1.260000,1.258000,1.259900,4,2021-03-30
2021-03-29 21:00:00,1.260000,1.262050,1.258050,1.259000,4,2021-03-30
2021-03-30 01:00:00,1.259000,1.260100,1.258400,1.259200,4,2021-03-30
2021-03-30 05:00:00,1.259200,1.259950,1.258100,1.259200,4,2021-03-30
2021-03-30 09:00:00,1.258800,1.259800,1.258000,1.259400,4,2021-03-30
2021-03-30 13:00:00,1.259700,1.261000,1.257800,1.258500,4,2021-03-30
2021-03-30 17:00:00,1.258600,1.264000,1.257900,1.263400,4,2021-03-31
2021-03-30 21:00:00,1.263650,1.264700,1.261500,1.263600,4,2021-03-31
2021-03-31 01:00:00,1.263500,1.264250,1.261700,1.262700,4,2021-03-31
2021-03-31 05:00:00,1.262700,1.262950,1.260700,1.261800,4,2021-03-31
2021-03-31 09:00:00,1.262150,1.262850,1.261500,1.261950,4,2021-03-31
2021-03-31 13:00:00,1.261700,1.262800,1.259000,1.260000,4,2021-03-31
2021-03-31 17:00:00,1.260000,1.261050,1.256800,1.257300,4,2021-04-01
2021-03-31 21:00:00,1.257000,1.258350,1.253700,1.257550,4,2021-04-01
2021-04-01 01:00:00,1.257300,1.258300,1.255650,1.256250,4,2021-04-01
2021-04-01 05:00:00,1.256000,1.258350,1.255400,1.258050,4,2021-04-01
2021-04-01 09:00:00,1.258050,1.260250,1.257300,1.259650,4,2021-04-01
2021-04-01 13:00:00,1.259700,1.260250,1.257000,1.257700,4,2021-04-01
2021-04-01 17:00:00,1.258000,1.259600,1.256600,1.256800,4,2021-04-02
2021-04-01 21:00:00,1.257300,1.258650,1.254400,1.254900,4,2021-04-02
2021-04-02 01:00:00,1.255100,1.256000,1.254100,1.254500,4,2021-04-02
2021-04-02 05:00:00,1.254350,1.254900,1.252700,1.253200,4,2021-04-02
2021-04-02 09:00:00,1.253300,1.253800,1.252600,1.253200,4,2021-04-02
2021-04-02 13:00:00,1.253400,1.256400,1.253100,1.255900,4,2021-04-02
2021-04-04 21:00:00,1.257300,1.257300,1.257300,1.257300,1,2021-04-05
2021-04-05 01:00:00,1.257600,1.258700,1.256800,1.257000,4,2021-04-05
2021-04-05 05:00:00,1.257000,1.257450,1.256150,1.257250,4,2021-04-05
2021-04-05 09:00:00,1.257300,1.259450,1.256750,1.258050,4,2021-04-05
2021-04-05 13:00:00,1.258150,1.258800,1.254600,1.254950,4,2021-04-05
2021-04-05 17:00:00,1.254900,1.255300,1.250600,1.251900,4,2021-04-06
2021-04-05 21:00:00,1.251800,1.253800,1.250000,1.252450,4,2021-04-06
2021-04-06 01:00:00,1.252350,1.253150,1.251700,1.252050,4,2021-04-06
2021-04-06 05:00:00,1.251700,1.253450,1.251400,1.253200,4,2021-04-06
2021-04-06 09:00:00,1.253250,1.254400,1.252400,1.254250,4,2021-04-06
2021-04-06 13:00:00,1.254200,1.256200,1.253400,1.256150,4,2021-04-06
2021-04-06 17:00:00,1.256100,1.257550,1.254100,1.254900,4,2021-04-07
2021-04-06 21:00:00,1.254900,1.257900,1.253700,1.257800,4,2021-04-07
2021-04-07 01:00:00,1.257500,1.258200,1.256300,1.257700,4,2021-04-07
2021-04-07 05:00:00,1.258000,1.258900,1.256300,1.258500,4,2021-04-07
2021-04-07 09:00:00,1.258850,1.261400,1.257700,1.261400,4,2021-04-07
2021-04-07 13:00:00,1.261400,1.261800,1.258000,1.259800,4,2021-04-07
2021-04-07 17:00:00,1.259700,1.263400,1.258500,1.260500,4,2021-04-08
2021-04-07 21:00:00,1.260400,1.262750,1.259900,1.262550,4,2021-04-08
2021-04-08 01:00:00,1.262650,1.263250,1.260400,1.261850,4,2021-04-08
2021-04-08 05:00:00,1.261500,1.262700,1.260900,1.261300,4,2021-04-08
2021-04-08 09:00:00,1.260900,1.261250,1.259600,1.260000,4,2021-04-08
2021-04-08 13:00:00,1.260000,1.262200,1.258700,1.260600,4,2021-04-08
2021-04-08 17:00:00,1.260500,1.260900,1.258000,1.258300,4,2021-04-09
2021-04-08 21:00:00,1.258500,1.259050,1.256300,1.256400,4,2021-04-09
2021-04-09 01:00:00,1.256800,1.257300,1.255500,1.256600,4,2021-04-09
2021-04-09 05:00:00,1.256650,1.257500,1.255300,1.257000,4,2021-04-09
2021-04-09 09:00:00,1.257350,1.261150,1.256500,1.260500,4,2021-04-09
2021-04-09 13:00:00,1.260800,1.260950,1.257600,1.258350,4,2021-04-09
2021-04-11 21:00:00,1.252500,1.252500,1.252500,1.252500,1,2021-04-12
2021-04-12 01:00:00,1.253400,1.254600,1.252800,1.253350,4,2021-04-12
2021-04-12 05:00:00,1.253350,1.255850,1.252500,1.255100,4,2021-04-12
2021-04-12 09:00:00,1.255550,1.256850,1.255200,1.256400,4,2021-04-12
2021-04-12 13:00:00,1.256300,1.256650,1.252900,1.253600,4,2021-04-12
2021-04-12 17:00:00,1.253600,1.257200,1.253100,1.255700,4,2021-04-13
2021-04-12 21:00:00,1.256100,1.256700,1.253900,1.256350,4,2021-04-13
2021-04-13 01:00:00,1.256000,1.257450,1.255300,1.256600,4,2021-04-13
2021-04-13 05:00:00,1.256700,1.258150,1.255600,1.257000,4,2021-04-13
2021-04-13 09:00:00,1.257350,1.258800,1.257000,1.257900,4,2021-04-13
2021-04-13 13:00:00,1.258250,1.259800,1.257100,1.259800,4,2021-04-13
2021-04-13 17:00:00,1.259800,1.262600,1.254800,1.255300,4,2021-04-14
2021-04-13 21:00:00,1.255350,1.255800,1.252900,1.253200,4,2021-04-14
2021-04-14 01:00:00,1.253550,1.253800,1.252500,1.253800,4,2021-04-14
2021-04-14 05:00:00,1.253650,1.254800,1.253100,1.254150,4,2021-04-14
2021-04-14 09:00:00,1.254150,1.254500,1.253100,1.254000,4,2021-04-14
2021-04-14 13:00:00,1.254000,1.256200,1.253400,1.255350,4,2021-04-14
2021-04-14 17:00:00,1.255400,1.257600,1.252900,1.253900,4,2021-04-15
2021-04-14 21:00:00,1.253600,1.254000,1.249800,1.252600,4,2021-04-15
2021-04-15 01:00:00,1.252450,1.253000,1.251100,1.251100,4,2021-04-15
2021-04-15 05:00:00,1.251400,1.252050,1.250800,1.251100,2,2021-04-15
2021-04-15 09:00:00,1.252550,1.252900,1.250600,1.250800,2,2021-04-15
2021-04-15 13:00:00,1.250900,1.251000,1.247400,1.249800,4,2021-04-15
2021-04-15 17:00:00,1.249800,1.254100,1.248800,1.253200,4,2021-04-16
2021-04-15 21:00:00,1.253100,1.255800,1.252600,1.253700,4,2021-04-16
2021-04-16 01:00:00,1.253750,1.255100,1.252900,1.255100,4,2021-04-16
2021-04-16 05:00:00,1.255100,1.255950,1.253900,1.255000,4,2021-04-16
2021-04-16 09:00:00,1.255350,1.255350,1.251500,1.252100,4,2021-04-16
2021-04-16 13:00:00,1.251800,1.252600,1.249900,1.250500,4,2021-04-16
2021-04-18 21:00:00,1.249400,1.249400,1.249400,1.249400,1,2021-04-19
2021-04-19 01:00:00,1.249400,1.251600,1.249400,1.251600,4,2021-04-19
2021-04-19 05:00:00,1.251650,1.252850,1.250600,1.251150,4,2021-04-19
2021-04-19 09:00:00,1.251200,1.251300,1.249600,1.250200,4,2021-04-19
2021-04-19 13:00:00,1.250000,1.250750,1.246900,1.247600,4,2021-04-19
2021-04-19 17:00:00,1.247600,1.252500,1.247000,1.251200,4,2021-04-20
2021-04-19 21:00:00,1.251200,1.254400,1.250900,1.252950,4,2021-04-20
2021-04-20 01:00:00,1.253150,1.254200,1.252300,1.252500,4,2021-04-20
2021-04-20 05:00:00,1.252550,1.253050,1.250100,1.250150,4,2021-04-20
2021-04-20 09:00:00,1.250500,1.250650,1.248400,1.249100,4,2021-04-20
2021-04-20 13:00:00,1.249500,1.253650,1.247600,1.253500,4,2021-04-20
2021-04-20 17:00:00,1.253450,1.255700,1.251500,1.255400,4,2021-04-21
2021-04-20 21:00:00,1.255700,1.262300,1.255500,1.261800,4,2021-04-21
2021-04-21 01:00:00,1.261850,1.262000,1.260500,1.261250,4,2021-04-21
2021-04-21 05:00:00,1.261650,1.261650,1.259600,1.260750,4,2021-04-21
2021-04-21 09:00:00,1.260850,1.261450,1.258400,1.258900,4,2021-04-21
2021-04-21 13:00:00,1.258900,1.260500,1.258100,1.259250,4,2021-04-21
2021-04-21 17:00:00,1.259500,1.265300,1.247700,1.248750,4,2021-04-22
2021-04-21 21:00:00,1.248550,1.249900,1.245900,1.249400,4,2021-04-22
2021-04-22 01:00:00,1.249600,1.250750,1.249000,1.250500,4,2021-04-22
2021-04-22 05:00:00,1.250550,1.250700,1.248700,1.249600,4,2021-04-22
2021-04-22 09:00:00,1.249650,1.251350,1.247200,1.247900,4,2021-04-22
2021-04-22 13:00:00,1.247700,1.250900,1.247600,1.250450,4,2021-04-22
2021-04-22 17:00:00,1.250400,1.253500,1.248800,1.250250,4,2021-04-23
2021-04-22 21:00:00,1.249900,1.251200,1.247400,1.249600,4,2021-04-23
2021-04-23 01:00:00,1.249700,1.250950,1.249200,1.250200,4,2021-04-23
2021-04-23 05:00:00,1.250200,1.250650,1.248100,1.248100,4,2021-04-23
2021-04-23 09:00:00,1.248400,1.248900,1.246800,1.248750,4,2021-04-23
2021-04-23 13:00:00,1.248700,1.249650,1.246800,1.247900,4,2021-04-23
2021-04-25 21:00:00,1.248200,1.248200,1.248200,1.248200,1,2021-04-26
2021-04-26 01:00:00,1.248200,1.248600,1.247300,1.248000,4,2021-04-26
2021-04-26 05:00:00,1.248450,1.249100,1.244900,1.245100,4,2021-04-26
2021-04-26 09:00:00,1.245000,1.247250,1.244700,1.247200,4,2021-04-26
2021-04-26 13:00:00,1.247150,1.247300,1.243700,1.244200,4,2021-04-26
2021-04-26 17:00:00,1.244200,1.245500,1.238200,1.239200,4,2021-04-27
2021-04-26 21:00:00,1.239200,1.241400,1.238300,1.239950,4,2021-04-27
2021-04-27 01:00:00,1.239950,1.240800,1.238800,1.239650,4,2021-04-27
2021-04-27 05:00:00,1.239650,1.241100,1.238600,1.240350,4,2021-04-27
2021-04-27 09:00:00,1.240400,1.240800,1.239100,1.240200,4,2021-04-27
2021-04-27 13:00:00,1.240300,1.241900,1.239200,1.239700,4,2021-04-27
2021-04-27 17:00:00,1.239700,1.241600,1.239000,1.240400,4,2021-04-28
2021-04-27 21:00:00,1.240500,1.241500,1.239100,1.240700,4,2021-04-28
2021-04-28 01:00:00,1.240750,1.240900,1.239500,1.240400,4,2021-04-28
2021-04-28 05:00:00,1.240400,1.241800,1.240000,1.240800,4,2021-04-28
2021-04-28 09:00:00,1.240900,1.241300,1.239750,1.240800,4,2021-04-28
2021-04-28 13:00:00,1.240750,1.241550,1.239800,1.240400,4,2021-04-28
2021-04-28 17:00:00,1.240400,1.240750,1.235800,1.237300,4,2021-04-29
2021-04-28 21:00:00,1.237200,1.237200,1.231200,1.231550,4,2021-04-29
2021-04-29 01:00:00,1.231400,1.232950,1.229900,1.230300,4,2021-04-29
2021-04-29 05:00:00,1.230250,1.230850,1.228550,1.230300,4,2021-04-29
2021-04-29 09:00:00,1.230550,1.231350,1.229900,1.230500,4,2021-04-29
2021-04-29 13:00:00,1.230800,1.231450,1.228900,1.230200,4,2021-04-29
2021-04-29 17:00:00,1.230000,1.232250,1.227800,1.229600,4,2021-04-30
2021-04-29 21:00:00,1.229400,1.230800,1.227600,1.227800,4,2021-04-30
2021-04-30 01:00:00,1.228100,1.228850,1.227400,1.227500,4,2021-04-30
2021-04-30 05:00:00,1.227850,1.228250,1.226900,1.227700,4,2021-04-30
2021-04-30 09:00:00,1.227700,1.228650,1.226600,1.228300,4,2021-04-30
2021-04-30 13:00:00,1.228600,1.228900,1.226600,1.228800,4,2021-04-30
2021-05-02 21:00:00,1.228200,1.228200,1.228200,1.228200,1,2021-05-03
2021-05-03 01:00:00,1.228900,1.230050,1.228100,1.228450,4,2021-05-03
2021-05-03 05:00:00,1.228400,1.229800,1.226950,1.229700,4,2021-05-03
2021-05-03 09:00:00,1.229650,1.231100,1.228900,1.230700,4,2021-05-03
2021-05-03 13:00:00,1.230800,1.231900,1.229100,1.229500,4,2021-05-03
2021-05-03 17:00:00,1.229500,1.230400,1.226400,1.226950,4,2021-05-04
2021-05-03 21:00:00,1.227100,1.228450,1.226500,1.227450,4,2021-05-04
2021-05-04 01:00:00,1.227500,1.228400,1.227000,1.227500,4,2021-05-04
2021-05-04 05:00:00,1.227800,1.229850,1.227400,1.229300,4,2021-05-04
2021-05-04 09:00:00,1.229350,1.230400,1.228600,1.229900,4,2021-05-04
2021-05-04 13:00:00,1.229800,1.232600,1.229700,1.231700,4,2021-05-04
2021-05-04 17:00:00,1.231700,1.234600,1.229700,1.231300,4,2021-05-05
2021-05-04 21:00:00,1.231300,1.235000,1.230100,1.230700,3,2021-05-05
2021-05-05 01:00:00,1.230850,1.231150,1.230100,1.230600,2,2021-05-05
2021-05-05 05:00:00,1.230150,1.230250,1.228200,1.228650,4,2021-05-05
2021-05-05 09:00:00,1.228650,1.230300,1.228300,1.229850,4,2021-05-05
2021-05-05 13:00:00,1.229700,1.230650,1.226800,1.227400,4,2021-05-05
2021-05-05 17:00:00,1.227400,1.228250,1.225100,1.225700,4,2021-05-06
2021-05-05 21:00:00,1.225700,1.228050,1.225000,1.228050,4,2021-05-06
2021-05-06 01:00:00,1.228050,1.228500,1.226100,1.227400,4,2021-05-06
2021-05-06 05:00:00,1.227300,1.228950,1.225400,1.227900,4,2021-05-06
2021-05-06 09:00:00,1.227900,1.228450,1.225000,1.225600,4,2021-05-06
2021-05-06 13:00:00,1.225700,1.226000,1.223900,1.224450,4,2021-05-06
2021-05-06 17:00:00,1.224400,1.224900,1.217900,1.218900,4,2021-05-07
2021-05-06 21:00:00,1.218800,1.220650,1.218000,1.218400,4,2021-05-07
2021-05-07 01:00:00,1.218400,1.218700,1.214400,1.215550,4,2021-05-07
2021-05-07 05:00:00,1.215550,1.216250,1.214500,1.215800,4,2021-05-07
2021-05-07 09:00:00,1.215800,1.217800,1.215300,1.217400,4,2021-05-07
2021-05-07 13:00:00,1.217400,1.219000,1.216600,1.217700,4,2021-05-07
2021-05-09 21:00:00,1.214200,1.214200,1.214200,1.214200,1,2021-05-10
2021-05-10 01:00:00,1.215700,1.215700,1.211600,1.212900,4,2021-05-10
2021-05-10 05:00:00,1.212750,1.213100,1.210900,1.212850,4,2021-05-10
2021-05-10 09:00:00,1.212850,1.212900,1.209300,1.209400,4,2021-05-10
2021-05-10 13:00:00,1.209900,1.212400,1.209600,1.211650,4,2021-05-10
2021-05-10 17:00:00,1.211600,1.212700,1.208500,1.209200,4,2021-05-11
2021-05-10 21:00:00,1.209350,1.210350,1.207600,1.209500,4,2021-05-11
2021-05-11 01:00:00,1.209700,1.210600,1.208500,1.209100,4,2021-05-11
2021-05-11 05:00:00,1.209200,1.211350,1.208700,1.209250,4,2021-05-11
2021-05-11 09:00:00,1.209250,1.210300,1.208500,1.210100,4,2021-05-11
2021-05-11 13:00:00,1.210100,1.211450,1.208800,1.210100,4,2021-05-11
2021-05-11 17:00:00,1.210100,1.212600,1.207700,1.209800,4,2021-05-12
2021-05-11 21:00:00,1.209800,1.211150,1.208100,1.208600,4,2021-05-12
2021-05-12 01:00:00,1.208950,1.210500,1.208200,1.209400,4,2021-05-12
2021-05-12 05:00:00,1.209800,1.212150,1.208800,1.212150,4,2021-05-12
2021-05-12 09:00:00,1.212100,1.213250,1.209900,1.210300,4,2021-05-12
2021-05-12 13:00:00,1.210400,1.210600,1.207800,1.208400,4,2021-05-12
2021-05-12 17:00:00,1.208700,1.212400,1.204600,1.209100,4,2021-05-13
2021-05-12 21:00:00,1.209500,1.212300,1.208650,1.210650,4,2021-05-13
2021-05-13 01:00:00,1.210700,1.213750,1.210400,1.212750,4,2021-05-13
2021-05-13 05:00:00,1.212900,1.213000,1.210200,1.211400,4,2021-05-13
2021-05-13 09:00:00,1.211400,1.213850,1.211200,1.212000,4,2021-05-13
2021-05-13 13:00:00,1.212400,1.215700,1.211900,1.214900,4,2021-05-13
2021-05-13 17:00:00,1.214900,1.215000,1.211300,1.213200,4,2021-05-14
2021-05-13 21:00:00,1.213300,1.220200,1.212800,1.216850,4,2021-05-14
2021-05-14 01:00:00,1.216800,1.217350,1.215300,1.217250,4,2021-05-14
2021-05-14 05:00:00,1.217400,1.217850,1.216100,1.217250,4,2021-05-14
2021-05-14 09:00:00,1.217200,1.217950,1.214700,1.215400,4,2021-05-14
2021-05-14 13:00:00,1.215300,1.215500,1.212700,1.213100,4,2021-05-14
2021-05-16 21:00:00,1.209800,1.209800,1.209800,1.209800,1,2021-05-17
2021-05-17 01:00:00,1.209800,1.211900,1.209800,1.211900,4,2021-05-17
2021-05-17 05:00:00,1.211900,1.213600,1.211050,1.212400,4,2021-05-17
2021-05-17 09:00:00,1.212100,1.213250,1.210100,1.210750,4,2021-05-17
2021-05-17 13:00:00,1.210500,1.212400,1.210200,1.211050,4,2021-05-17
2021-05-17 17:00:00,1.210700,1.213050,1.206900,1.207300,4,2021-05-18
2021-05-17 21:00:00,1.207700,1.208300,1.205900,1.206350,4,2021-05-18
2021-05-18 01:00:00,1.205900,1.207300,1.205900,1.207000,4,2021-05-18
2021-05-18 05:00:00,1.207100,1.207200,1.203200,1.204550,4,2021-05-18
2021-05-18 09:00:00,1.204550,1.204700,1.202200,1.202750,4,2021-05-18
2021-05-18 13:00:00,1.202800,1.204200,1.201100,1.203900,4,2021-05-18
2021-05-18 17:00:00,1.204100,1.206500,1.201800,1.204900,4,2021-05-19
2021-05-18 21:00:00,1.204900,1.208150,1.203900,1.205500,4,2021-05-19
2021-05-19 01:00:00,1.205700,1.206850,1.204700,1.206600,4,2021-05-19
2021-05-19 05:00:00,1.206600,1.208100,1.206000,1.207850,4,2021-05-19
2021-05-19 09:00:00,1.207950,1.208000,1.205500,1.206350,4,2021-05-19
2021-05-19 13:00:00,1.206400,1.209500,1.205800,1.207200,4,2021-05-19
2021-05-19 17:00:00,1.207150,1.212300,1.205200,1.211300,4,2021-05-20
2021-05-19 21:00:00,1.211400,1.213450,1.207800,1.213400,4,2021-05-20
2021-05-20 01:00:00,1.213300,1.214300,1.211700,1.213500,4,2021-05-20
2021-05-20 05:00:00,1.214000,1.214000,1.211100,1.212100,4,2021-05-20
2021-05-20 09:00:00,1.212000,1.212200,1.209900,1.211300,4,2021-05-20
2021-05-20 13:00:00,1.211300,1.214400,1.209800,1.212000,4,2021-05-20
2021-05-20 17:00:00,1.211700,1.212100,1.206000,1.206550,4,2021-05-21
2021-05-20 21:00:00,1.206600,1.206950,1.204700,1.205600,4,2021-05-21
2021-05-21 01:00:00,1.205900,1.206800,1.204900,1.206650,4,2021-05-21
2021-05-21 05:00:00,1.206650,1.208650,1.205400,1.207450,4,2021-05-21
2021-05-21 09:00:00,1.207550,1.208250,1.206600,1.208200,4,2021-05-21
2021-05-21 13:00:00,1.207900,1.209450,1.204000,1.204500,4,2021-05-21
2021-05-23 21:00:00,1.207500,1.207500,1.207500,1.207500,1,2021-05-24
2021-05-24 01:00:00,1.206100,1.207750,1.205800,1.207650,4,2021-05-24
2021-05-24 05:00:00,1.207550,1.207750,1.205800,1.207450,4,2021-05-24
2021-05-24 09:00:00,1.207500,1.207500,1.205800,1.206600,4,2021-05-24
2021-05-24 13:00:00,1.206600,1.208500,1.205300,1.206200,4,2021-05-24
2021-05-24 17:00:00,1.206400,1.207300,1.204800,1.207300,4,2021-05-25
2021-05-24 21:00:00,1.207150,1.208550,1.204100,1.204950,4,2021-05-25
2021-05-25 01:00:00,1.204800,1.205200,1.203800,1.204750,4,2021-05-25
2021-05-25 05:00:00,1.204650,1.205600,1.203700,1.204350,4,2021-05-25
2021-05-25 09:00:00,1.204350,1.204800,1.202800,1.203200,4,2021-05-25
2021-05-25 13:00:00,1.203400,1.205200,1.202800,1.204200,4,2021-05-25
2021-05-25 17:00:00,1.204200,1.207200,1.202700,1.206800,4,2021-05-26
2021-05-25 21:00:00,1.206800,1.207800,1.204000,1.205700,4,2021-05-26
2021-05-26 01:00:00,1.206050,1.207100,1.205700,1.206400,4,2021-05-26
2021-05-26 05:00:00,1.206400,1.206600,1.204700,1.205000,3,2021-05-26
2021-05-26 09:00:00,1.205300,1.205550,1.204100,1.205200,4,2021-05-26
2021-05-26 13:00:00,1.205300,1.208200,1.204900,1.207400,4,2021-05-26
2021-05-26 17:00:00,1.207400,1.212450,1.206900,1.211200,4,2021-05-27
2021-05-26 21:00:00,1.211400,1.212400,1.210200,1.211200,4,2021-05-27
2021-05-27 01:00:00,1.211400,1.213300,1.211000,1.213200,4,2021-05-27
2021-05-27 05:00:00,1.213350,1.214150,1.211900,1.212550,4,2021-05-27
2021-05-27 09:00:00,1.212550,1.213000,1.211200,1.211250,4,2021-05-27
2021-05-27 13:00:00,1.211500,1.212000,1.209300,1.209400,4,2021-05-27
2021-05-27 17:00:00,1.209700,1.209900,1.205400,1.207600,4,2021-05-28
2021-05-27 21:00:00,1.207650,1.208500,1.206000,1.206600,4,2021-05-28
2021-05-28 01:00:00,1.206600,1.207300,1.206000,1.206900,4,2021-05-28
2021-05-28 05:00:00,1.206500,1.208850,1.206500,1.208300,4,2021-05-28
2021-05-28 09:00:00,1.208500,1.209550,1.207200,1.208500,4,2021-05-28
2021-05-28 13:00:00,1.208450,1.210400,1.206700,1.210000,4,2021-05-28
2021-05-30 21:00:00,1.207150,1.207150,1.207150,1.207150,1,2021-05-31
2021-05-31 01:00:00,1.207000,1.207800,1.206500,1.207650,4,2021-05-31
2021-05-31 05:00:00,1.207300,1.208600,1.206700,1.206700,4,2021-05-31
2021-05-31 09:00:00,1.207050,1.208100,1.206700,1.207600,4,2021-05-31
2021-05-31 13:00:00,1.207700,1.208300,1.205900,1.206800,4,2021-05-31
2021-05-31 17:00:00,1.206450,1.209200,1.206400,1.207600,4,2021-06-01
2021-05-31 21:00:00,1.208000,1.208500,1.204900,1.205500,4,2021-06-01
2021-06-01 01:00:00,1.205100,1.206850,1.205100,1.206000,4,2021-06-01
2021-06-01 05:00:00,1.205750,1.206300,1.204400,1.205250,4,2021-06-01
2021-06-01 09:00:00,1.205300,1.205950,1.204500,1.204600,4,2021-06-01
2021-06-01 13:00:00,1.204950,1.205550,1.202600,1.204000,4,2021-06-01
2021-06-01 17:00:00,1.204300,1.204300,1.201000,1.201950,4,2021-06-02
2021-06-01 21:00:00,1.202000,1.206150,1.200500,1.205800,4,2021-06-02
2021-06-02 01:00:00,1.205850,1.207850,1.205500,1.207600,4,2021-06-02
2021-06-02 05:00:00,1.207600,1.207650,1.205400,1.206200,4,2021-06-02
2021-06-02 09:00:00,1.206500,1.208450,1.205500,1.208000,4,2021-06-02
2021-06-02 13:00:00,1.208000,1.208900,1.206600,1.208100,4,2021-06-02
2021-06-02 17:00:00,1.207900,1.209000,1.205300,1.206000,4,2021-06-03
2021-06-02 21:00:00,1.206200,1.206550,1.203100,1.203600,4,2021-06-03
2021-06-03 01:00:00,1.203600,1.204400,1.202700,1.203800,4,2021-06-03
2021-06-03 05:00:00,1.203900,1.204450,1.202800,1.204200,4,2021-06-03
2021-06-03 09:00:00,1.204200,1.205700,1.203400,1.205350,4,2021-06-03
2021-06-03 13:00:00,1.205500,1.207300,1.204900,1.206600,4,2021-06-03
2021-06-03 17:00:00,1.206900,1.211500,1.205700,1.210600,4,2021-06-04
2021-06-03 21:00:00,1.210300,1.212000,1.209850,1.210650,4,2021-06-04
2021-06-04 01:00:00,1.210600,1.211150,1.209900,1.210650,4,2021-06-04
2021-06-04 05:00:00,1.210700,1.212400,1.210200,1.211800,4,2021-06-04
2021-06-04 09:00:00,1.211700,1.212500,1.210750,1.211050,4,2021-06-04
2021-06-04 13:00:00,1.211000,1.213200,1.210200,1.212950,4,2021-06-04
2021-06-06 21:00:00,1.207200,1.207200,1.207200,1.207200,1,2021-06-07
2021-06-07 01:00:00,1.207500,1.208050,1.207300,1.207850,4,2021-06-07
2021-06-07 05:00:00,1.207700,1.209500,1.207100,1.208900,4,2021-06-07
2021-06-07 09:00:00,1.208900,1.210300,1.208100,1.209600,4,2021-06-07
2021-06-07 13:00:00,1.209600,1.210700,1.207900,1.207950,4,2021-06-07
2021-06-07 17:00:00,1.208000,1.209450,1.206400,1.207900,4,2021-06-08
2021-06-07 21:00:00,1.208000,1.208200,1.205400,1.207150,4,2021-06-08
2021-06-08 01:00:00,1.207150,1.208750,1.206600,1.208650,4,2021-06-08
2021-06-08 05:00:00,1.208650,1.208950,1.207500,1.208900,4,2021-06-08
2021-06-08 09:00:00,1.209000,1.209100,1.207800,1.208100,4,2021-06-08
2021-06-08 13:00:00,1.208400,1.209550,1.207500,1.208100,4,2021-06-08
2021-06-08 17:00:00,1.208100,1.210100,1.206900,1.208500,4,2021-06-09
2021-06-08 21:00:00,1.208850,1.211800,1.208300,1.210500,4,2021-06-09
2021-06-09 01:00:00,1.210500,1.211750,1.210100,1.211550,4,2021-06-09
2021-06-09 05:00:00,1.211650,1.211700,1.210200,1.210300,4,2021-06-09
2021-06-09 09:00:00,1.210200,1.211200,1.209800,1.210350,4,2021-06-09
2021-06-09 13:00:00,1.210300,1.210600,1.207800,1.208000,4,2021-06-09
2021-06-09 17:00:00,1.207800,1.209400,1.205600,1.208900,4,2021-06-10
2021-06-09 21:00:00,1.209000,1.211800,1.208600,1.210550,4,2021-06-10
2021-06-10 01:00:00,1.210250,1.211650,1.210250,1.211200,4,2021-06-10
2021-06-10 05:00:00,1.211200,1.212450,1.211000,1.211600,4,2021-06-10
2021-06-10 09:00:00,1.211950,1.211950,1.210600,1.211200,4,2021-06-10
2021-06-10 13:00:00,1.211200,1.212550,1.210100,1.210850,4,2021-06-10
2021-06-10 17:00:00,1.210800,1.212200,1.206800,1.210250,4,2021-06-11
2021-06-10 21:00:00,1.210250,1.211350,1.208300,1.208550,4,2021-06-11
2021-06-11 01:00:00,1.208850,1.210050,1.208500,1.209250,4,2021-06-11
2021-06-11 05:00:00,1.209100,1.209750,1.208400,1.208850,4,2021-06-11
2021-06-11 09:00:00,1.208850,1.209050,1.207800,1.208700,4,2021-06-11
2021-06-11 13:00:00,1.208800,1.210250,1.207800,1.209700,4,2021-06-11
2021-06-13 21:00:00,1.214950,1.214950,1.214950,1.214950,1,2021-06-14
2021-06-14 01:00:00,1.214950,1.216600,1.214950,1.215850,4,2021-06-14
2021-06-14 05:00:00,1.215950,1.216800,1.214600,1.215050,4,2021-06-14
2021-06-14 09:00:00,1.214800,1.216100,1.214400,1.215100,4,2021-06-14
2021-06-14 13:00:00,1.215100,1.216550,1.214400,1.215300,4,2021-06-14
2021-06-14 17:00:00,1.215600,1.217100,1.212600,1.213450,4,2021-06-15
2021-06-14 21:00:00,1.213450,1.214700,1.212800,1.214300,4,2021-06-15
2021-06-15 01:00:00,1.214650,1.215050,1.213700,1.214350,4,2021-06-15
2021-06-15 05:00:00,1.214350,1.215150,1.213500,1.214200,4,2021-06-15
2021-06-15 09:00:00,1.214550,1.214900,1.212800,1.213500,4,2021-06-15
2021-06-15 13:00:00,1.213600,1.218850,1.213000,1.218500,4,2021-06-15
2021-06-15 17:00:00,1.218400,1.219850,1.216800,1.218100,4,2021-06-16
2021-06-15 21:00:00,1.218150,1.220400,1.217600,1.218950,4,2021-06-16
2021-06-16 01:00:00,1.219150,1.219400,1.217800,1.218300,4,2021-06-16
2021-06-16 05:00:00,1.218200,1.218800,1.217700,1.218050,4,2021-06-16
2021-06-16 09:00:00,1.218100,1.218400,1.216800,1.217250,4,2021-06-16
2021-06-16 13:00:00,1.217400,1.218950,1.216900,1.218300,4,2021-06-16
2021-06-16 17:00:00,1.218400,1.219250,1.216800,1.217900,4,2021-06-17
2021-06-16 21:00:00,1.217800,1.227700,1.215400,1.226300,4,2021-06-17
2021-06-17 01:00:00,1.226300,1.228350,1.223300,1.226550,4,2021-06-17
2021-06-17 05:00:00,1.226600,1.229200,1.226300,1.227050,4,2021-06-17
2021-06-17 09:00:00,1.227050,1.228600,1.226100,1.227900,4,2021-06-17
2021-06-17 13:00:00,1.227700,1.234600,1.226800,1.234300,4,2021-06-17
2021-06-17 17:00:00,1.234200,1.234200,1.229500,1.232000,4,2021-06-18
2021-06-17 21:00:00,1.232100,1.237750,1.231900,1.235300,4,2021-06-18
2021-06-18 01:00:00,1.234900,1.236800,1.234200,1.234500,4,2021-06-18
2021-06-18 05:00:00,1.234450,1.235750,1.233600,1.235600,4,2021-06-18
2021-06-18 09:00:00,1.235600,1.238800,1.234600,1.238100,4,2021-06-18
2021-06-18 13:00:00,1.238250,1.238550,1.235300,1.236500,4,2021-06-18
2021-06-20 21:00:00,1.246500,1.246500,1.246500,1.246500,1,2021-06-21
2021-06-21 01:00:00,1.246500,1.246850,1.243650,1.244650,4,2021-06-21
2021-06-21 05:00:00,1.244300,1.245550,1.243600,1.244750,4,2021-06-21
2021-06-21 09:00:00,1.244650,1.248000,1.244650,1.246100,4,2021-06-21
2021-06-21 13:00:00,1.246000,1.248600,1.241500,1.242300,4,2021-06-21
2021-06-21 17:00:00,1.242100,1.243300,1.237000,1.238300,4,2021-06-22
2021-06-21 21:00:00,1.238300,1.238750,1.235400,1.236000,4,2021-06-22
2021-06-22 01:00:00,1.235700,1.236900,1.235100,1.236850,4,2021-06-22
2021-06-22 05:00:00,1.237150,1.238300,1.236100,1.237500,4,2021-06-22
2021-06-22 09:00:00,1.237650,1.238650,1.236800,1.237600,4,2021-06-22
2021-06-22 13:00:00,1.237600,1.239250,1.236900,1.238200,4,2021-06-22
2021-06-22 17:00:00,1.238200,1.240300,1.236800,1.238250,4,2021-06-23
2021-06-22 21:00:00,1.238300,1.238700,1.231500,1.232050,4,2021-06-23
2021-06-23 01:00:00,1.232050,1.232050,1.230000,1.231200,4,2021-06-23
2021-06-23 05:00:00,1.231050,1.232800,1.230300,1.232400,4,2021-06-23
2021-06-23 09:00:00,1.232350,1.232900,1.230000,1.230450,4,2021-06-23
2021-06-23 13:00:00,1.230500,1.231700,1.227900,1.228750,4,2021-06-23
2021-06-23 17:00:00,1.229050,1.230050,1.225100,1.228450,4,2021-06-24
2021-06-23 21:00:00,1.228450,1.230600,1.228100,1.230600,4,2021-06-24
2021-06-24 01:00:00,1.230100,1.231650,1.229900,1.230350,4,2021-06-24
2021-06-24 05:00:00,1.230000,1.231350,1.229800,1.230650,4,2021-06-24
2021-06-24 09:00:00,1.230650,1.231450,1.229500,1.230050,4,2021-06-24
2021-06-24 13:00:00,1.230100,1.230300,1.228000,1.228750,4,2021-06-24
2021-06-24 17:00:00,1.228850,1.234050,1.228450,1.233400,4,2021-06-25
2021-06-24 21:00:00,1.233700,1.234100,1.230700,1.232000,4,2021-06-25
2021-06-25 01:00:00,1.232250,1.233300,1.231500,1.232050,4,2021-06-25
2021-06-25 05:00:00,1.232050,1.232950,1.231000,1.231400,4,2021-06-25
2021-06-25 09:00:00,1.231500,1.231750,1.229900,1.230300,4,2021-06-25
2021-06-25 13:00:00,1.230350,1.231350,1.229700,1.230350,4,2021-06-25
2021-06-27 21:00:00,1.229450,1.229450,1.229450,1.229450,1,2021-06-28
2021-06-28 01:00:00,1.229450,1.230500,1.229000,1.229700,4,2021-06-28
2021-06-28 05:00:00,1.229750,1.231350,1.228700,1.230750,4,2021-06-28
2021-06-28 09:00:00,1.230750,1.231150,1.229300,1.229650,4,2021-06-28
2021-06-28 13:00:00,1.229800,1.231950,1.228500,1.231200,4,2021-06-28
2021-06-28 17:00:00,1.230900,1.234750,1.230900,1.234000,4,2021-06-29
2021-06-28 21:00:00,1.233800,1.234650,1.231900,1.233900,4,2021-06-29
2021-06-29 01:00:00,1.234250,1.234600,1.233150,1.233950,4,2021-06-29
2021-06-29 05:00:00,1.234050,1.234600,1.232900,1.234200,4,2021-06-29
2021-06-29 09:00:00,1.234450,1.234900,1.233300,1.234400,4,2021-06-29
2021-06-29 13:00:00,1.234450,1.238250,1.233850,1.236700,4,2021-06-29
2021-06-29 17:00:00,1.236700,1.239850,1.236200,1.238900,4,2021-06-30
2021-06-29 21:00:00,1.238950,1.239750,1.237300,1.239300,4,2021-06-30
2021-06-30 01:00:00,1.239300,1.240300,1.238700,1.240150,4,2021-06-30
2021-06-30 05:00:00,1.240150,1.240450,1.238900,1.239600,4,2021-06-30
2021-06-30 09:00:00,1.239650,1.240150,1.238000,1.238350,4,2021-06-30
2021-06-30 13:00:00,1.238350,1.242400,1.238350,1.239200,4,2021-06-30
2021-06-30 17:00:00,1.239600,1.240550,1.235300,1.238000,4,2021-07-01
2021-06-30 21:00:00,1.238100,1.242050,1.237450,1.240300,4,2021-07-01
2021-07-01 01:00:00,1.240500,1.241200,1.238800,1.239200,4,2021-07-01
2021-07-01 05:00:00,1.239350,1.241000,1.238800,1.240150,4,2021-07-01
2021-07-01 09:00:00,1.240150,1.241000,1.239200,1.240200,4,2021-07-01
2021-07-01 13:00:00,1.240150,1.241750,1.238400,1.239400,4,2021-07-01
2021-07-01 17:00:00,1.239850,1.239850,1.236300,1.238900,4,2021-07-02
2021-07-01 21:00:00,1.238900,1.244500,1.238700,1.244500,4,2021-07-02
2021-07-02 01:00:00,1.244450,1.244550,1.243300,1.244000,4,2021-07-02
2021-07-02 05:00:00,1.243900,1.244450,1.242900,1.243400,4,2021-07-02
2021-07-02 09:00:00,1.243400,1.244500,1.242600,1.244000,4,2021-07-02
2021-07-02 13:00:00,1.244300,1.245050,1.241000,1.241600,4,2021-07-02
2021-07-05 01:00:00,1.232050,1.233000,1.231050,1.232850,4,2021-07-05
2021-07-05 05:00:00,1.232800,1.234500,1.232500,1.234350,4,2021-07-05
2021-07-05 09:00:00,1.234000,1.234900,1.233200,1.234250,4,2021-07-05
2021-07-05 13:00:00,1.233900,1.235500,1.233200,1.234600,4,2021-07-05
2021-07-05 17:00:00,1.234650,1.237200,1.234200,1.235300,4,2021-07-06
2021-07-05 21:00:00,1.235350,1.235400,1.232200,1.233700,4,2021-07-06
2021-07-06 01:00:00,1.233100,1.235300,1.232500,1.233200,4,2021-07-06
2021-07-06 05:00:00,1.233600,1.234650,1.232300,1.232650,4,2021-07-06
2021-07-06 09:00:00,1.232500,1.233450,1.230000,1.230700,4,2021-07-06
2021-07-06 13:00:00,1.231200,1.236450,1.230700,1.235200,4,2021-07-06
2021-07-06 17:00:00,1.235600,1.249250,1.234600,1.248300,4,2021-07-07
2021-07-06 21:00:00,1.248300,1.249500,1.244800,1.246300,4,2021-07-07
2021-07-07 01:00:00,1.246300,1.246900,1.245100,1.245900,4,2021-07-07
2021-07-07 05:00:00,1.246050,1.247450,1.245400,1.247000,4,2021-07-07
2021-07-07 09:00:00,1.247250,1.247350,1.245100,1.245100,4,2021-07-07
2021-07-07 13:00:00,1.245400,1.246200,1.243000,1.243800,4,2021-07-07
2021-07-07 17:00:00,1.243900,1.251900,1.242100,1.250600,4,2021-07-08
2021-07-07 21:00:00,1.250500,1.251150,1.244700,1.247400,4,2021-07-08
2021-07-08 01:00:00,1.247550,1.249050,1.247200,1.248050,4,2021-07-08
2021-07-08 05:00:00,1.247850,1.251700,1.247600,1.251100,4,2021-07-08
2021-07-08 09:00:00,1.251050,1.254850,1.250300,1.254400,4,2021-07-08
2021-07-08 13:00:00,1.254300,1.259050,1.254100,1.255400,4,2021-07-08
2021-07-08 17:00:00,1.255700,1.258450,1.252900,1.255000,4,2021-07-09
2021-07-08 21:00:00,1.255050,1.255200,1.251500,1.253300,4,2021-07-09
2021-07-09 01:00:00,1.253300,1.254650,1.252100,1.254650,4,2021-07-09
2021-07-09 05:00:00,1.254550,1.255700,1.252300,1.254700,4,2021-07-09
2021-07-09 09:00:00,1.254650,1.254850,1.252500,1.253800,4,2021-07-09
2021-07-09 13:00:00,1.253900,1.254500,1.250400,1.251150,4,2021-07-09
2021-07-11 21:00:00,1.244200,1.244200,1.244200,1.244200,1,2021-07-12
2021-07-12 01:00:00,1.244200,1.248150,1.244200,1.244900,4,2021-07-12
2021-07-12 05:00:00,1.245150,1.246650,1.244400,1.246350,4,2021-07-12
2021-07-12 09:00:00,1.246450,1.247650,1.246100,1.247600,4,2021-07-12
2021-07-12 13:00:00,1.247800,1.251400,1.246000,1.251150,4,2021-07-12
2021-07-12 17:00:00,1.251100,1.251100,1.245100,1.245700,4,2021-07-13
2021-07-12 21:00:00,1.245700,1.247000,1.245200,1.246700,4,2021-07-13
2021-07-13 01:00:00,1.246600,1.246950,1.244600,1.245650,4,2021-07-13
2021-07-13 05:00:00,1.245650,1.245850,1.244300,1.244650,4,2021-07-13
2021-07-13 09:00:00,1.244550,1.246700,1.244000,1.246400,4,2021-07-13
2021-07-13 13:00:00,1.246400,1.248500,1.245000,1.248000,4,2021-07-13
2021-07-13 17:00:00,1.248100,1.253900,1.247100,1.252800,4,2021-07-14
2021-07-13 21:00:00,1.252900,1.253100,1.249700,1.251800,4,2021-07-14
2021-07-14 01:00:00,1.251600,1.252450,1.250700,1.252100,4,2021-07-14
2021-07-14 05:00:00,1.252400,1.252500,1.249200,1.249900,4,2021-07-14
2021-07-14 09:00:00,1.250200,1.251150,1.248800,1.249900,4,2021-07-14
2021-07-14 13:00:00,1.249800,1.252600,1.249100,1.249700,4,2021-07-14
2021-07-14 17:00:00,1.250000,1.252100,1.243400,1.249300,4,2021-07-15
2021-07-14 21:00:00,1.249600,1.252450,1.249200,1.250950,4,2021-07-15
2021-07-15 01:00:00,1.250900,1.251550,1.250000,1.251500,4,2021-07-15
2021-07-15 05:00:00,1.251350,1.254900,1.250800,1.254500,4,2021-07-15
2021-07-15 09:00:00,1.254800,1.254850,1.251800,1.252900,4,2021-07-15
2021-07-15 13:00:00,1.253100,1.254650,1.249900,1.252000,4,2021-07-15
2021-07-15 17:00:00,1.251950,1.256400,1.251400,1.254800,4,2021-07-16
2021-07-15 21:00:00,1.254600,1.261350,1.254000,1.260750,4,2021-07-16
2021-07-16 01:00:00,1.260750,1.261300,1.258300,1.259300,4,2021-07-16
2021-07-16 05:00:00,1.259400,1.260050,1.257400,1.258050,4,2021-07-16
2021-07-16 09:00:00,1.257700,1.258250,1.256400,1.257200,4,2021-07-16
2021-07-16 13:00:00,1.257500,1.259900,1.255900,1.258800,4,2021-07-16
2021-07-18 21:00:00,1.261300,1.261300,1.261300,1.261300,1,2021-07-19
2021-07-19 01:00:00,1.261000,1.262100,1.260450,1.262100,4,2021-07-19
2021-07-19 05:00:00,1.262000,1.264100,1.261100,1.264100,4,2021-07-19
2021-07-19 09:00:00,1.263800,1.266300,1.263300,1.265950,4,2021-07-19
2021-07-19 13:00:00,1.265800,1.280500,1.265700,1.278350,4,2021-07-19
2021-07-19 17:00:00,1.278300,1.279100,1.272900,1.277700,4,2021-07-20
2021-07-19 21:00:00,1.277600,1.278100,1.274900,1.275850,4,2021-07-20
2021-07-20 01:00:00,1.275900,1.276400,1.273600,1.274900,4,2021-07-20
2021-07-20 05:00:00,1.274900,1.275150,1.273100,1.273900,4,2021-07-20
2021-07-20 09:00:00,1.274200,1.278400,1.273700,1.277500,4,2021-07-20
2021-07-20 13:00:00,1.277500,1.278450,1.273600,1.276100,4,2021-07-20
2021-07-20 17:00:00,1.275800,1.278700,1.273100,1.274200,4,2021-07-21
2021-07-20 21:00:00,1.274200,1.275500,1.269000,1.269500,4,2021-07-21
2021-07-21 01:00:00,1.269500,1.269500,1.267200,1.267600,4,2021-07-21
2021-07-21 05:00:00,1.267900,1.271250,1.267100,1.271000,4,2021-07-21
2021-07-21 09:00:00,1.271250,1.273000,1.269800,1.271800,4,2021-07-21
2021-07-21 13:00:00,1.271500,1.272800,1.266800,1.268100,4,2021-07-21
2021-07-21 17:00:00,1.268500,1.270400,1.258100,1.258550,4,2021-07-22
2021-07-21 21:00:00,1.258200,1.258750,1.252300,1.256050,4,2021-07-22
2021-07-22 01:00:00,1.255700,1.256950,1.255200,1.256300,4,2021-07-22
2021-07-22 05:00:00,1.256550,1.258450,1.256100,1.257800,4,2021-07-22
2021-07-22 09:00:00,1.257900,1.258900,1.256950,1.257500,4,2021-07-22
2021-07-22 13:00:00,1.257400,1.257800,1.254600,1.254700,4,2021-07-22
2021-07-22 17:00:00,1.254900,1.259450,1.252700,1.257300,4,2021-07-23
2021-07-22 21:00:00,1.256800,1.259200,1.255300,1.255400,4,2021-07-23
2021-07-23 01:00:00,1.255500,1.257000,1.255100,1.256350,4,2021-07-23
2021-07-23 05:00:00,1.256300,1.257150,1.255300,1.257000,4,2021-07-23
2021-07-23 09:00:00,1.257000,1.257750,1.256200,1.257100,4,2021-07-23
2021-07-23 13:00:00,1.256900,1.258200,1.255800,1.256300,4,2021-07-23
2021-07-25 21:00:00,1.256350,1.256350,1.256350,1.256350,1,2021-07-26
2021-07-26 01:00:00,1.256350,1.256900,1.255900,1.256900,4,2021-07-26
2021-07-26 05:00:00,1.257000,1.258700,1.256550,1.258700,4,2021-07-26
2021-07-26 09:00:00,1.258550,1.259050,1.257200,1.258800,4,2021-07-26
2021-07-26 13:00:00,1.258900,1.259050,1.254500,1.256150,4,2021-07-26
2021-07-26 17:00:00,1.256200,1.258900,1.252600,1.253400,4,2021-07-27
2021-07-26 21:00:00,1.253900,1.255450,1.253300,1.254750,4,2021-07-27
2021-07-27 01:00:00,1.254500,1.255700,1.253800,1.254100,4,2021-07-27
2021-07-27 05:00:00,1.254450,1.255300,1.253600,1.254000,4,2021-07-27
2021-07-27 09:00:00,1.254400,1.256500,1.254100,1.255900,4,2021-07-27
2021-07-27 13:00:00,1.256200,1.259300,1.255700,1.257500,4,2021-07-27
2021-07-27 17:00:00,1.257200,1.259400,1.255100,1.256750,4,2021-07-28
2021-07-27 21:00:00,1.256800,1.259250,1.255800,1.259250,4,2021-07-28
2021-07-28 01:00:00,1.259200,1.260450,1.258400,1.259850,4,2021-07-28
2021-07-28 05:00:00,1.259850,1.259850,1.257700,1.258100,4,2021-07-28
2021-07-28 09:00:00,1.258100,1.259600,1.257300,1.258200,4,2021-07-28
2021-07-28 13:00:00,1.258100,1.259250,1.255800,1.257550,4,2021-07-28
2021-07-28 17:00:00,1.257600,1.260200,1.255900,1.257900,4,2021-07-29
2021-07-28 21:00:00,1.257900,1.260250,1.252300,1.253050,4,2021-07-29
2021-07-29 01:00:00,1.252700,1.253900,1.251300,1.252400,4,2021-07-29
2021-07-29 05:00:00,1.252350,1.252900,1.250000,1.250500,4,2021-07-29
2021-07-29 09:00:00,1.250500,1.251000,1.247800,1.248500,4,2021-07-29
2021-07-29 13:00:00,1.248800,1.248800,1.244900,1.247100,4,2021-07-29
2021-07-29 17:00:00,1.246850,1.248000,1.244150,1.244600,4,2021-07-30
2021-07-29 21:00:00,1.244300,1.245150,1.243000,1.243700,4,2021-07-30
2021-07-30 01:00:00,1.243900,1.245300,1.243600,1.244100,4,2021-07-30
2021-07-30 05:00:00,1.244000,1.247300,1.243900,1.244900,4,2021-07-30
2021-07-30 09:00:00,1.244950,1.245550,1.244300,1.244400,4,2021-07-30
2021-07-30 13:00:00,1.244300,1.245100,1.242400,1.243900,4,2021-07-30
2021-08-01 21:00:00,1.247450,1.247450,1.247450,1.247450,1,2021-08-02
2021-08-02 01:00:00,1.247900,1.248650,1.246450,1.247000,4,2021-08-02
2021-08-02 05:00:00,1.247250,1.249100,1.246700,1.247700,4,2021-08-02
2021-08-02 09:00:00,1.247950,1.248200,1.246500,1.246900,4,2021-08-02
2021-08-02 13:00:00,1.246900,1.247500,1.245300,1.246700,4,2021-08-02
2021-08-02 17:00:00,1.247000,1.249700,1.245100,1.248600,4,2021-08-03
2021-08-02 21:00:00,1.248800,1.251500,1.248000,1.250800,4,2021-08-03
2021-08-03 01:00:00,1.250800,1.251350,1.249600,1.250350,4,2021-08-03
2021-08-03 05:00:00,1.250350,1.251700,1.248750,1.251400,4,2021-08-03
2021-08-03 09:00:00,1.251650,1.252600,1.250400,1.251450,4,2021-08-03
2021-08-03 13:00:00,1.251400,1.252200,1.249700,1.250700,4,2021-08-03
2021-08-03 17:00:00,1.251000,1.257550,1.249500,1.257300,4,2021-08-04
2021-08-03 21:00:00,1.257300,1.257300,1.253300,1.253500,4,2021-08-04
2021-08-04 01:00:00,1.253500,1.254050,1.252900,1.252950,4,2021-08-04
2021-08-04 05:00:00,1.253150,1.255150,1.252300,1.252550,4,2021-08-04
2021-08-04 09:00:00,1.252600,1.254300,1.251400,1.252250,4,2021-08-04
2021-08-04 13:00:00,1.252350,1.254100,1.251300,1.253950,4,2021-08-04
2021-08-04 17:00:00,1.253700,1.256300,1.252200,1.253900,4,2021-08-05
2021-08-04 21:00:00,1.253600,1.255500,1.253400,1.254900,4,2021-08-05
2021-08-05 01:00:00,1.254900,1.255250,1.253500,1.254500,4,2021-08-05
2021-08-05 05:00:00,1.254400,1.254800,1.253100,1.253450,4,2021-08-05
2021-08-05 09:00:00,1.253500,1.253800,1.252200,1.253200,4,2021-08-05
2021-08-05 13:00:00,1.253150,1.253350,1.250500,1.251750,4,2021-08-05
2021-08-05 17:00:00,1.251800,1.252300,1.247300,1.248200,4,2021-08-06
2021-08-05 21:00:00,1.248150,1.250400,1.247600,1.249500,4,2021-08-06
2021-08-06 01:00:00,1.249550,1.251200,1.249100,1.249800,4,2021-08-06
2021-08-06 05:00:00,1.249800,1.251250,1.249400,1.250500,4,2021-08-06
2021-08-06 09:00:00,1.250400,1.251100,1.249400,1.249750,4,2021-08-06
2021-08-06 13:00:00,1.249750,1.251500,1.249200,1.250900,4,2021-08-06
2021-08-08 21:00:00,1.255250,1.255250,1.255250,1.255250,1,2021-08-09
2021-08-09 01:00:00,1.255250,1.257600,1.254950,1.257200,4,2021-08-09
2021-08-09 05:00:00,1.257550,1.258400,1.255900,1.256450,4,2021-08-09
2021-08-09 09:00:00,1.256400,1.256950,1.255400,1.256500,4,2021-08-09
2021-08-09 13:00:00,1.256800,1.256850,1.253500,1.254600,4,2021-08-09
2021-08-09 17:00:00,1.254700,1.258500,1.253000,1.258300,4,2021-08-10
2021-08-09 21:00:00,1.258400,1.258750,1.256100,1.257400,4,2021-08-10
2021-08-10 01:00:00,1.257300,1.258550,1.256800,1.257200,4,2021-08-10
2021-08-10 05:00:00,1.257500,1.258950,1.256800,1.257800,4,2021-08-10
2021-08-10 09:00:00,1.258050,1.258250,1.256100,1.256400,4,2021-08-10
2021-08-10 13:00:00,1.256800,1.258000,1.255350,1.256900,4,2021-08-10
2021-08-10 17:00:00,1.257200,1.258700,1.251800,1.252100,4,2021-08-11
2021-08-10 21:00:00,1.252400,1.253900,1.252200,1.252650,4,2021-08-11
2021-08-11 01:00:00,1.252300,1.253050,1.251600,1.251950,4,2021-08-11
2021-08-11 05:00:00,1.251900,1.253100,1.251400,1.252000,4,2021-08-11
2021-08-11 09:00:00,1.251900,1.253350,1.251800,1.253300,4,2021-08-11
2021-08-11 13:00:00,1.253300,1.254850,1.252600,1.253900,4,2021-08-11
2021-08-11 17:00:00,1.254000,1.254350,1.248700,1.250100,4,2021-08-12
2021-08-11 21:00:00,1.250400,1.251900,1.248700,1.250600,4,2021-08-12
2021-08-12 01:00:00,1.250850,1.251250,1.249900,1.250200,4,2021-08-12
2021-08-12 05:00:00,1.250450,1.251500,1.250100,1.250750,4,2021-08-12
2021-08-12 09:00:00,1.250800,1.252050,1.249900,1.251800,4,2021-08-12
2021-08-12 13:00:00,1.251900,1.252250,1.250200,1.251700,4,2021-08-12
2021-08-12 17:00:00,1.252000,1.252600,1.249900,1.252000,4,2021-08-13
2021-08-12 21:00:00,1.251950,1.253350,1.251200,1.253100,4,2021-08-13
2021-08-13 01:00:00,1.252600,1.253400,1.251100,1.251900,4,2021-08-13
2021-08-13 05:00:00,1.252100,1.252900,1.251500,1.252050,4,2021-08-13
2021-08-13 09:00:00,1.252050,1.252600,1.251400,1.252300,4,2021-08-13
2021-08-13 13:00:00,1.252200,1.252900,1.250800,1.252100,4,2021-08-13
2021-08-16 01:00:00,1.251750,1.252150,1.251000,1.251450,4,2021-08-16
2021-08-16 05:00:00,1.251000,1.253550,1.251000,1.253000,4,2021-08-16
2021-08-16 09:00:00,1.252950,1.254650,1.252800,1.254500,4,2021-08-16
2021-08-16 13:00:00,1.254400,1.255900,1.253200,1.254950,4,2021-08-16
2021-08-16 17:00:00,1.254800,1.257800,1.254500,1.257500,4,2021-08-17
2021-08-16 21:00:00,1.257900,1.258450,1.256300,1.257150,4,2021-08-17
2021-08-17 01:00:00,1.257150,1.257650,1.256400,1.257150,4,2021-08-17
2021-08-17 05:00:00,1.257050,1.259550,1.256700,1.259450,4,2021-08-17
2021-08-17 09:00:00,1.259100,1.261900,1.258200,1.261600,4,2021-08-17
2021-08-17 13:00:00,1.261600,1.263000,1.260500,1.261000,4,2021-08-17
2021-08-17 17:00:00,1.260900,1.263400,1.259900,1.262800,4,2021-08-18
2021-08-17 21:00:00,1.262800,1.264850,1.261100,1.262500,4,2021-08-18
2021-08-18 01:00:00,1.262450,1.263250,1.261700,1.262700,4,2021-08-18
2021-08-18 05:00:00,1.262650,1.264100,1.261400,1.261650,4,2021-08-18
2021-08-18 09:00:00,1.261650,1.261750,1.260300,1.260900,4,2021-08-18
2021-08-18 13:00:00,1.260850,1.263350,1.260100,1.262500,4,2021-08-18
2021-08-18 17:00:00,1.262550,1.263700,1.259600,1.262700,4,2021-08-19
2021-08-18 21:00:00,1.262500,1.265350,1.261000,1.263300,4,2021-08-19
2021-08-19 01:00:00,1.263400,1.266300,1.262900,1.264950,4,2021-08-19
2021-08-19 05:00:00,1.265200,1.269400,1.264800,1.269150,4,2021-08-19
2021-08-19 09:00:00,1.269150,1.272700,1.268500,1.271600,4,2021-08-19
2021-08-19 13:00:00,1.271950,1.277250,1.271700,1.274600,4,2021-08-19
2021-08-19 17:00:00,1.274700,1.281700,1.273600,1.281000,4,2021-08-20
2021-08-19 21:00:00,1.281200,1.283050,1.276800,1.282100,4,2021-08-20
2021-08-20 01:00:00,1.281800,1.283050,1.281500,1.282750,4,2021-08-20
2021-08-20 05:00:00,1.282750,1.286450,1.281200,1.285950,4,2021-08-20
2021-08-20 09:00:00,1.285950,1.290400,1.284600,1.288600,4,2021-08-20
2021-08-20 13:00:00,1.288400,1.294900,1.288000,1.291000,4,2021-08-20
2021-08-22 21:00:00,1.282100,1.282100,1.282100,1.282100,1,2021-08-23
2021-08-23 01:00:00,1.282100,1.284200,1.281050,1.282600,4,2021-08-23
2021-08-23 05:00:00,1.282850,1.282900,1.276950,1.277800,4,2021-08-23
2021-08-23 09:00:00,1.277600,1.278150,1.275300,1.276300,4,2021-08-23
2021-08-23 13:00:00,1.276000,1.277800,1.273200,1.273200,4,2021-08-23
2021-08-23 17:00:00,1.273650,1.274500,1.267900,1.268800,4,2021-08-24
2021-08-23 21:00:00,1.268500,1.269350,1.264000,1.264200,4,2021-08-24
2021-08-24 01:00:00,1.264450,1.266200,1.264100,1.265200,4,2021-08-24
2021-08-24 05:00:00,1.265250,1.265850,1.264400,1.264800,4,2021-08-24
2021-08-24 09:00:00,1.264700,1.265700,1.261000,1.262350,4,2021-08-24
2021-08-24 13:00:00,1.262300,1.263900,1.260600,1.261000,4,2021-08-24
2021-08-24 17:00:00,1.261400,1.263800,1.257600,1.258700,4,2021-08-25
2021-08-24 21:00:00,1.258650,1.262050,1.258400,1.259450,4,2021-08-25
2021-08-25 01:00:00,1.259400,1.260250,1.258500,1.259050,4,2021-08-25
2021-08-25 05:00:00,1.259050,1.261650,1.258500,1.261000,4,2021-08-25
2021-08-25 09:00:00,1.260950,1.262650,1.260700,1.262650,4,2021-08-25
2021-08-25 13:00:00,1.262000,1.262450,1.259800,1.261300,4,2021-08-25
2021-08-25 17:00:00,1.261600,1.264300,1.260700,1.262650,4,2021-08-26
2021-08-25 21:00:00,1.263200,1.263450,1.259500,1.259600,4,2021-08-26
2021-08-26 01:00:00,1.259950,1.260150,1.258400,1.259050,4,2021-08-26
2021-08-26 05:00:00,1.259200,1.261550,1.258600,1.261350,4,2021-08-26
2021-08-26 09:00:00,1.261000,1.262700,1.261000,1.262100,4,2021-08-26
2021-08-26 13:00:00,1.262000,1.262050,1.259400,1.260400,4,2021-08-26
2021-08-26 17:00:00,1.260350,1.265400,1.259400,1.264550,4,2021-08-27
2021-08-26 21:00:00,1.264600,1.268650,1.263700,1.268300,4,2021-08-27
2021-08-27 01:00:00,1.268700,1.269650,1.267600,1.268350,4,2021-08-27
2021-08-27 05:00:00,1.268300,1.270850,1.267800,1.269000,4,2021-08-27
2021-08-27 09:00:00,1.268950,1.268950,1.265700,1.266500,4,2021-08-27
2021-08-27 13:00:00,1.266600,1.268100,1.265700,1.268000,4,2021-08-27
2021-08-29 21:00:00,1.262000,1.262000,1.262000,1.262000,1,2021-08-30
2021-08-30 01:00:00,1.262250,1.262600,1.260900,1.261400,4,2021-08-30
2021-08-30 05:00:00,1.261550,1.262900,1.260700,1.262550,4,2021-08-30
2021-08-30 09:00:00,1.262200,1.263450,1.261900,1.262250,4,2021-08-30
2021-08-30 13:00:00,1.262300,1.262700,1.260100,1.261000,4,2021-08-30
2021-08-30 17:00:00,1.261000,1.261500,1.257300,1.258500,4,2021-08-31
2021-08-30 21:00:00,1.259000,1.261450,1.258000,1.260650,4,2021-08-31
2021-08-31 01:00:00,1.260650,1.261450,1.260000,1.260600,4,2021-08-31
2021-08-31 05:00:00,1.260400,1.262550,1.260000,1.262150,4,2021-08-31
2021-08-31 09:00:00,1.262200,1.262450,1.256800,1.258300,4,2021-08-31
2021-08-31 13:00:00,1.258400,1.259200,1.256800,1.258600,4,2021-08-31
2021-08-31 17:00:00,1.258600,1.263800,1.257200,1.263700,4,2021-09-01
2021-08-31 21:00:00,1.263700,1.265400,1.259900,1.260600,4,2021-09-01
2021-09-01 01:00:00,1.260300,1.262300,1.260300,1.261650,4,2021-09-01
2021-09-01 05:00:00,1.261550,1.263800,1.260800,1.262150,4,2021-09-01
2021-09-01 09:00:00,1.262150,1.262750,1.259900,1.260300,4,2021-09-01
2021-09-01 13:00:00,1.260200,1.261000,1.258000,1.259500,4,2021-09-01
2021-09-01 17:00:00,1.259600,1.262600,1.257800,1.261200,4,2021-09-02
2021-09-01 21:00:00,1.261200,1.262400,1.259400,1.261300,4,2021-09-02
2021-09-02 01:00:00,1.261200,1.262750,1.261200,1.262050,4,2021-09-02
2021-09-02 05:00:00,1.262000,1.263800,1.261200,1.263150,4,2021-09-02
2021-09-02 09:00:00,1.263450,1.263500,1.259300,1.259600,4,2021-09-02
2021-09-02 13:00:00,1.259400,1.260700,1.258500,1.260200,4,2021-09-02
2021-09-02 17:00:00,1.260500,1.262200,1.255900,1.256100,4,2021-09-03
2021-09-02 21:00:00,1.256300,1.256800,1.254900,1.255500,4,2021-09-03
2021-09-03 01:00:00,1.255500,1.256300,1.254600,1.255250,4,2021-09-03
2021-09-03 05:00:00,1.255200,1.255950,1.254700,1.255150,4,2021-09-03
2021-09-03 09:00:00,1.254800,1.255850,1.253800,1.254250,4,2021-09-03
2021-09-03 13:00:00,1.254200,1.255500,1.253100,1.254150,4,2021-09-03
2021-09-05 21:00:00,1.252250,1.252250,1.252250,1.252250,1,2021-09-06
2021-09-06 01:00:00,1.252550,1.253250,1.251550,1.252650,4,2021-09-06
2021-09-06 05:00:00,1.252650,1.254300,1.252450,1.253800,4,2021-09-06
2021-09-06 09:00:00,1.253750,1.254450,1.252900,1.253550,4,2021-09-06
2021-09-06 13:00:00,1.253500,1.255900,1.253100,1.255550,4,2021-09-06
2021-09-06 17:00:00,1.255550,1.255650,1.252350,1.253900,4,2021-09-07
2021-09-06 21:00:00,1.253900,1.254400,1.252750,1.253400,4,2021-09-07
2021-09-07 01:00:00,1.253400,1.254100,1.253050,1.253500,4,2021-09-07
2021-09-07 05:00:00,1.253450,1.253500,1.251700,1.252350,4,2021-09-07
2021-09-07 09:00:00,1.252400,1.255600,1.251700,1.254950,4,2021-09-07
2021-09-07 13:00:00,1.254950,1.259250,1.253900,1.258400,4,2021-09-07
2021-09-07 17:00:00,1.258400,1.264350,1.257200,1.263300,4,2021-09-08
2021-09-07 21:00:00,1.263500,1.264400,1.261600,1.264200,4,2021-09-08
2021-09-08 01:00:00,1.264150,1.265600,1.263700,1.264200,4,2021-09-08
2021-09-08 05:00:00,1.264550,1.265100,1.262400,1.263450,4,2021-09-08
2021-09-08 09:00:00,1.263300,1.266300,1.262800,1.266050,4,2021-09-08
2021-09-08 13:00:00,1.266100,1.270600,1.266100,1.267100,4,2021-09-08
2021-09-08 17:00:00,1.266900,1.276200,1.264700,1.272400,4,2021-09-09
2021-09-08 21:00:00,1.272400,1.273250,1.264500,1.267400,4,2021-09-09
2021-09-09 01:00:00,1.267350,1.269500,1.267200,1.268850,4,2021-09-09
2021-09-09 05:00:00,1.269000,1.270600,1.268500,1.269150,4,2021-09-09
2021-09-09 09:00:00,1.269200,1.272450,1.268700,1.271600,4,2021-09-09
2021-09-09 13:00:00,1.271900,1.272700,1.267650,1.269600,4,2021-09-09
2021-09-09 17:00:00,1.269700,1.270550,1.264400,1.264600,4,2021-09-10
2021-09-09 21:00:00,1.265000,1.266250,1.262000,1.264700,4,2021-09-10
2021-09-10 01:00:00,1.264950,1.266700,1.264200,1.266000,4,2021-09-10
2021-09-10 05:00:00,1.266250,1.267300,1.263600,1.263900,4,2021-09-10
2021-09-10 09:00:00,1.263900,1.265050,1.263600,1.263600,4,2021-09-10
2021-09-10 13:00:00,1.264000,1.264250,1.259200,1.261400,4,2021-09-10
2021-09-12 21:00:00,1.269100,1.269100,1.269100,1.269100,1,2021-09-13
2021-09-13 01:00:00,1.268600,1.268900,1.267800,1.268500,2,2021-09-13
2021-09-13 05:00:00,1.268450,1.269200,1.267600,1.267750,4,2021-09-13
2021-09-13 09:00:00,1.267750,1.269550,1.266100,1.267900,4,2021-09-13
2021-09-13 13:00:00,1.267900,1.269100,1.266250,1.267850,4,2021-09-13
2021-09-13 17:00:00,1.267800,1.268950,1.264500,1.265550,4,2021-09-14
2021-09-13 21:00:00,1.265500,1.268050,1.263700,1.266300,4,2021-09-14
2021-09-14 01:00:00,1.266750,1.267500,1.263900,1.264850,4,2021-09-14
2021-09-14 05:00:00,1.264850,1.265550,1.263800,1.264650,4,2021-09-14
2021-09-14 09:00:00,1.264650,1.266050,1.264000,1.265900,4,2021-09-14
2021-09-14 13:00:00,1.265900,1.266200,1.263800,1.264700,4,2021-09-14
2021-09-14 17:00:00,1.265100,1.268200,1.259800,1.267950,4,2021-09-15
2021-09-14 21:00:00,1.268000,1.268700,1.265100,1.268550,4,2021-09-15
2021-09-15 01:00:00,1.268500,1.269750,1.268200,1.269200,4,2021-09-15
2021-09-15 05:00:00,1.269450,1.270850,1.268500,1.269650,4,2021-09-15
2021-09-15 09:00:00,1.269600,1.270300,1.267600,1.268600,4,2021-09-15
2021-09-15 13:00:00,1.268600,1.269650,1.266300,1.267800,4,2021-09-15
2021-09-15 17:00:00,1.267900,1.269650,1.263250,1.264700,4,2021-09-16
2021-09-15 21:00:00,1.264850,1.266200,1.262900,1.263800,4,2021-09-16
2021-09-16 01:00:00,1.263900,1.264450,1.261700,1.262150,4,2021-09-16
2021-09-16 05:00:00,1.262050,1.264050,1.261400,1.262900,4,2021-09-16
2021-09-16 09:00:00,1.263300,1.264950,1.262600,1.264800,4,2021-09-16
2021-09-16 13:00:00,1.264800,1.265100,1.262800,1.263400,4,2021-09-16
2021-09-16 17:00:00,1.263000,1.269800,1.262500,1.269450,4,2021-09-17
2021-09-16 21:00:00,1.269300,1.269850,1.267300,1.267500,4,2021-09-17
2021-09-17 01:00:00,1.267900,1.268650,1.266600,1.268150,4,2021-09-17
2021-09-17 05:00:00,1.267800,1.269100,1.267700,1.268050,4,2021-09-17
2021-09-17 09:00:00,1.267900,1.268100,1.265600,1.265950,4,2021-09-17
2021-09-17 13:00:00,1.265900,1.266600,1.263700,1.266200,4,2021-09-17
2021-09-19 21:00:00,1.276800,1.276800,1.276800,1.276800,1,2021-09-20
2021-09-20 01:00:00,1.276450,1.277900,1.276100,1.276650,4,2021-09-20
2021-09-20 05:00:00,1.276500,1.280000,1.275950,1.280000,4,2021-09-20
2021-09-20 09:00:00,1.280000,1.281500,1.278400,1.281000,4,2021-09-20
2021-09-20 13:00:00,1.281150,1.284700,1.279100,1.282450,4,2021-09-20
2021-09-20 17:00:00,1.282400,1.289500,1.278900,1.281700,4,2021-09-21
2021-09-20 21:00:00,1.281750,1.284350,1.279500,1.282900,4,2021-09-21
2021-09-21 01:00:00,1.282850,1.283950,1.280600,1.281250,4,2021-09-21
2021-09-21 05:00:00,1.281100,1.281550,1.277700,1.278350,4,2021-09-21
2021-09-21 09:00:00,1.278450,1.279500,1.274000,1.275600,4,2021-09-21
2021-09-21 13:00:00,1.275650,1.276700,1.274600,1.276050,4,2021-09-21
2021-09-21 17:00:00,1.276050,1.284900,1.274700,1.283450,4,2021-09-22
2021-09-21 21:00:00,1.283500,1.284000,1.278100,1.281150,4,2021-09-22
2021-09-22 01:00:00,1.280900,1.283350,1.280300,1.282300,4,2021-09-22
2021-09-22 05:00:00,1.282400,1.282600,1.277500,1.278900,4,2021-09-22
2021-09-22 09:00:00,1.279100,1.280050,1.277200,1.277950,4,2021-09-22
2021-09-22 13:00:00,1.278300,1.281050,1.276900,1.277600,4,2021-09-22
2021-09-22 17:00:00,1.277800,1.281600,1.274900,1.275400,4,2021-09-23
2021-09-22 21:00:00,1.275400,1.279000,1.269800,1.277500,4,2021-09-23
2021-09-23 01:00:00,1.277700,1.278600,1.272500,1.277600,4,2021-09-23
2021-09-23 05:00:00,1.277600,1.279600,1.276800,1.277800,4,2021-09-23
2021-09-23 09:00:00,1.277800,1.277800,1.271800,1.272400,4,2021-09-23
2021-09-23 13:00:00,1.272400,1.272600,1.264800,1.266850,4,2021-09-23
2021-09-23 17:00:00,1.266900,1.268250,1.263000,1.264200,4,2021-09-24
2021-09-23 21:00:00,1.264400,1.267500,1.263600,1.264600,4,2021-09-24
2021-09-24 01:00:00,1.264900,1.266500,1.264300,1.265400,4,2021-09-24
2021-09-24 05:00:00,1.265800,1.267300,1.263900,1.267150,4,2021-09-24
2021-09-24 09:00:00,1.267250,1.267800,1.266100,1.267300,4,2021-09-24
2021-09-24 13:00:00,1.267300,1.269750,1.266600,1.268100,4,2021-09-24
2021-09-27 01:00:00,1.264750,1.266500,1.264550,1.265100,4,2021-09-27
2021-09-27 05:00:00,1.265550,1.265750,1.261000,1.262500,4,2021-09-27
2021-09-27 09:00:00,1.262600,1.263550,1.261500,1.262600,4,2021-09-27
2021-09-27 13:00:00,1.262800,1.266700,1.260800,1.264700,3,2021-09-27
2021-09-27 17:00:00,1.264800,1.267300,1.262900,1.263800,4,2021-09-28
2021-09-27 21:00:00,1.263850,1.265250,1.261400,1.261900,4,2021-09-28
2021-09-28 01:00:00,1.262150,1.263050,1.261400,1.262550,4,2021-09-28
2021-09-28 05:00:00,1.262450,1.263900,1.260600,1.261000,4,2021-09-28
2021-09-28 09:00:00,1.260950,1.263450,1.259200,1.263200,4,2021-09-28
2021-09-28 13:00:00,1.263100,1.265700,1.262500,1.265400,4,2021-09-28
2021-09-28 17:00:00,1.265200,1.270300,1.263300,1.270000,4,2021-09-29
2021-09-28 21:00:00,1.269650,1.270750,1.267200,1.267900,4,2021-09-29
2021-09-29 01:00:00,1.267900,1.269200,1.266500,1.268250,4,2021-09-29
2021-09-29 05:00:00,1.268250,1.269850,1.266600,1.268850,4,2021-09-29
2021-09-29 09:00:00,1.268900,1.269200,1.266700,1.268300,4,2021-09-29
2021-09-29 13:00:00,1.267900,1.270050,1.267000,1.267950,4,2021-09-29
2021-09-29 17:00:00,1.267800,1.275800,1.267600,1.274900,4,2021-09-30
2021-09-29 21:00:00,1.274800,1.277500,1.273400,1.274650,4,2021-09-30
2021-09-30 01:00:00,1.274700,1.276500,1.274300,1.276200,4,2021-09-30
2021-09-30 05:00:00,1.276200,1.276350,1.273300,1.273700,4,2021-09-30
2021-09-30 09:00:00,1.273700,1.274150,1.271800,1.272600,4,2021-09-30
2021-09-30 13:00:00,1.272500,1.275550,1.270800,1.274100,4,2021-09-30
2021-09-30 17:00:00,1.274500,1.274800,1.265400,1.267000,4,2021-10-01
2021-09-30 21:00:00,1.266900,1.270550,1.262900,1.265900,4,2021-10-01
2021-10-01 01:00:00,1.265800,1.268800,1.264600,1.268000,4,2021-10-01
2021-10-01 05:00:00,1.267700,1.271250,1.267500,1.271000,4,2021-10-01
2021-10-01 09:00:00,1.270800,1.273800,1.270400,1.272300,4,2021-10-01
2021-10-01 13:00:00,1.272700,1.273800,1.268600,1.270800,4,2021-10-01
2021-10-04 01:00:00,1.264350,1.265200,1.263800,1.265200,3,2021-10-04
2021-10-04 05:00:00,1.265100,1.265400,1.261200,1.264600,4,2021-10-04
2021-10-04 09:00:00,1.264700,1.265250,1.261300,1.262850,4,2021-10-04
2021-10-04 13:00:00,1.262900,1.264600,1.260300,1.261700,4,2021-10-04
2021-10-04 17:00:00,1.261650,1.262800,1.256000,1.256400,4,2021-10-05
2021-10-04 21:00:00,1.256900,1.259250,1.255500,1.258250,4,2021-10-05
2021-10-05 01:00:00,1.258250,1.259350,1.257400,1.258400,4,2021-10-05
2021-10-05 05:00:00,1.258700,1.261750,1.258200,1.261050,4,2021-10-05
2021-10-05 09:00:00,1.260950,1.262550,1.260100,1.262150,4,2021-10-05
2021-10-05 13:00:00,1.262100,1.263050,1.258400,1.259100,4,2021-10-05
2021-10-05 17:00:00,1.259300,1.260600,1.256400,1.257650,4,2021-10-06
2021-10-05 21:00:00,1.257250,1.258200,1.254600,1.257300,4,2021-10-06
2021-10-06 01:00:00,1.257650,1.258700,1.257000,1.258150,4,2021-10-06
2021-10-06 05:00:00,1.258200,1.260150,1.257600,1.259300,4,2021-10-06
2021-10-06 09:00:00,1.259600,1.261350,1.258300,1.260500,4,2021-10-06
2021-10-06 13:00:00,1.260500,1.264650,1.259000,1.263750,4,2021-10-06
2021-10-06 17:00:00,1.263800,1.264800,1.260300,1.263400,4,2021-10-07
2021-10-06 21:00:00,1.263600,1.264550,1.259300,1.259450,4,2021-10-07
2021-10-07 01:00:00,1.259000,1.259900,1.258300,1.259100,4,2021-10-07
2021-10-07 05:00:00,1.259400,1.259400,1.257100,1.257500,4,2021-10-07
2021-10-07 09:00:00,1.257800,1.259300,1.257400,1.258900,4,2021-10-07
2021-10-07 13:00:00,1.259000,1.260000,1.256100,1.258500,4,2021-10-07
2021-10-07 17:00:00,1.258400,1.259450,1.256100,1.257050,4,2021-10-08
2021-10-07 21:00:00,1.257000,1.257400,1.253800,1.254300,4,2021-10-08
2021-10-08 01:00:00,1.254650,1.256100,1.253900,1.255200,4,2021-10-08
2021-10-08 05:00:00,1.255200,1.256250,1.253900,1.254600,4,2021-10-08
2021-10-08 09:00:00,1.254750,1.255850,1.253100,1.255200,4,2021-10-08
2021-10-08 13:00:00,1.255500,1.255950,1.253800,1.254100,4,2021-10-08
2021-10-11 01:00:00,1.247850,1.248050,1.247250,1.247750,3,2021-10-11
2021-10-11 05:00:00,1.247700,1.248700,1.245050,1.246300,4,2021-10-11
2021-10-11 09:00:00,1.246200,1.247100,1.245000,1.245050,4,2021-10-11
2021-10-11 13:00:00,1.245000,1.246700,1.244600,1.245600,4,2021-10-11
2021-10-11 17:00:00,1.245500,1.247550,1.244800,1.245600,4,2021-10-12
2021-10-11 21:00:00,1.245900,1.248600,1.244800,1.247900,4,2021-10-12
2021-10-12 01:00:00,1.247900,1.249200,1.247600,1.248050,4,2021-10-12
2021-10-12 05:00:00,1.248200,1.249850,1.247300,1.248700,4,2021-10-12
2021-10-12 09:00:00,1.248950,1.249150,1.247000,1.247400,4,2021-10-12
2021-10-12 13:00:00,1.247700,1.249000,1.245600,1.246600,4,2021-10-12
2021-10-12 17:00:00,1.246550,1.248600,1.244800,1.246200,4,2021-10-13
2021-10-12 21:00:00,1.246100,1.247800,1.243200,1.246000,4,2021-10-13
2021-10-13 01:00:00,1.246100,1.247150,1.244900,1.246200,4,2021-10-13
2021-10-13 05:00:00,1.246400,1.247850,1.245900,1.246150,4,2021-10-13
2021-10-13 09:00:00,1.246200,1.246700,1.244950,1.245050,4,2021-10-13
2021-10-13 13:00:00,1.245200,1.246400,1.243550,1.244850,4,2021-10-13
2021-10-13 17:00:00,1.244950,1.247000,1.243500,1.245400,4,2021-10-14
2021-10-13 21:00:00,1.245500,1.246700,1.243250,1.243750,4,2021-10-14
2021-10-14 01:00:00,1.243800,1.244950,1.243100,1.244100,4,2021-10-14
2021-10-14 05:00:00,1.244200,1.244500,1.242450,1.243650,4,2021-10-14
2021-10-14 09:00:00,1.243700,1.243800,1.242150,1.242250,4,2021-10-14
2021-10-14 13:00:00,1.242300,1.242550,1.237750,1.238000,4,2021-10-14
2021-10-14 17:00:00,1.237950,1.239150,1.235700,1.235700,4,2021-10-15
2021-10-14 21:00:00,1.235550,1.238150,1.235500,1.236450,4,2021-10-15
2021-10-15 01:00:00,1.236550,1.237900,1.236250,1.237150,4,2021-10-15
2021-10-15 05:00:00,1.237200,1.238200,1.236300,1.236650,4,2021-10-15
2021-10-15 09:00:00,1.236700,1.236950,1.235100,1.235150,4,2021-10-15
2021-10-15 13:00:00,1.235200,1.235850,1.233650,1.234650,4,2021-10-15
2021-10-18 01:00:00,1.236550,1.237800,1.236550,1.237800,2,2021-10-18
2021-10-18 05:00:00,1.237500,1.238500,1.234600,1.238050,4,2021-10-18
2021-10-18 09:00:00,1.238150,1.240050,1.237400,1.239700,4,2021-10-18
2021-10-18 13:00:00,1.239900,1.240950,1.238300,1.239350,4,2021-10-18
2021-10-18 17:00:00,1.239300,1.240200,1.236600,1.236700,4,2021-10-19
2021-10-18 21:00:00,1.236750,1.237750,1.235100,1.237350,4,2021-10-19
2021-10-19 01:00:00,1.237300,1.238550,1.237200,1.237300,4,2021-10-19
2021-10-19 05:00:00,1.237300,1.238300,1.235050,1.235400,4,2021-10-19
2021-10-19 09:00:00,1.235300,1.235850,1.233300,1.233550,4,2021-10-19
2021-10-19 13:00:00,1.233600,1.233950,1.231750,1.232050,4,2021-10-19
2021-10-19 17:00:00,1.232100,1.237500,1.231100,1.235300,4,2021-10-20
2021-10-19 21:00:00,1.235400,1.237400,1.234750,1.235350,4,2021-10-20
2021-10-20 01:00:00,1.235450,1.236950,1.235250,1.235900,4,2021-10-20
2021-10-20 05:00:00,1.236400,1.236800,1.233800,1.235350,4,2021-10-20
2021-10-20 09:00:00,1.235450,1.236200,1.233400,1.234350,4,2021-10-20
2021-10-20 13:00:00,1.234250,1.236000,1.233400,1.235100,4,2021-10-20
2021-10-20 17:00:00,1.235200,1.236200,1.233500,1.234700,4,2021-10-21
2021-10-20 21:00:00,1.234700,1.235150,1.230950,1.231350,4,2021-10-21
2021-10-21 01:00:00,1.231450,1.232700,1.230750,1.231900,4,2021-10-21
2021-10-21 05:00:00,1.231950,1.232600,1.230300,1.230450,4,2021-10-21
2021-10-21 09:00:00,1.230400,1.233100,1.228900,1.232900,4,2021-10-21
2021-10-21 13:00:00,1.233200,1.234600,1.232350,1.233450,4,2021-10-21
2021-10-21 17:00:00,1.233450,1.234550,1.231350,1.231800,4,2021-10-22
2021-10-21 21:00:00,1.231800,1.238400,1.231800,1.238350,4,2021-10-22
2021-10-22 01:00:00,1.238250,1.238400,1.236200,1.237150,4,2021-10-22
2021-10-22 05:00:00,1.237100,1.237550,1.234300,1.234700,4,2021-10-22
2021-10-22 09:00:00,1.234700,1.235650,1.234500,1.235400,4,2021-10-22
2021-10-22 13:00:00,1.235450,1.235750,1.233050,1.233350,4,2021-10-22
2021-10-25 01:00:00,1.236850,1.237450,1.236500,1.236500,3,2021-10-25
2021-10-25 05:00:00,1.236500,1.238000,1.235600,1.236000,4,2021-10-25
2021-10-25 09:00:00,1.236300,1.236500,1.234200,1.234900,4,2021-10-25
2021-10-25 13:00:00,1.234500,1.237300,1.233850,1.236600,4,2021-10-25
2021-10-25 17:00:00,1.236600,1.238900,1.235250,1.237000,4,2021-10-26
2021-10-25 21:00:00,1.236900,1.240000,1.236100,1.238450,4,2021-10-26
2021-10-26 01:00:00,1.238450,1.239350,1.237850,1.238150,4,2021-10-26
2021-10-26 05:00:00,1.238200,1.238600,1.236800,1.238150,4,2021-10-26
2021-10-26 09:00:00,1.238150,1.238600,1.237100,1.238450,4,2021-10-26
2021-10-26 13:00:00,1.238500,1.239400,1.237050,1.237050,4,2021-10-26
2021-10-26 17:00:00,1.237050,1.237100,1.235000,1.235750,4,2021-10-27
2021-10-26 21:00:00,1.235500,1.239650,1.235400,1.238650,4,2021-10-27
2021-10-27 01:00:00,1.238650,1.239300,1.237950,1.239250,4,2021-10-27
2021-10-27 05:00:00,1.239000,1.239900,1.238350,1.239800,4,2021-10-27
2021-10-27 09:00:00,1.239850,1.239850,1.238500,1.238700,4,2021-10-27
2021-10-27 13:00:00,1.238900,1.242900,1.238300,1.241500,4,2021-10-27
2021-10-27 17:00:00,1.241500,1.243250,1.240300,1.240700,4,2021-10-28
2021-10-27 21:00:00,1.237450,1.237450,1.230250,1.233250,4,2021-10-28
2021-10-28 01:00:00,1.233300,1.236500,1.233300,1.236000,4,2021-10-28
2021-10-28 05:00:00,1.236050,1.237950,1.235700,1.237100,4,2021-10-28
2021-10-28 09:00:00,1.237400,1.237800,1.236500,1.237350,4,2021-10-28
2021-10-28 13:00:00,1.237300,1.238250,1.236200,1.236500,4,2021-10-28
2021-10-28 17:00:00,1.236550,1.237300,1.233750,1.234550,4,2021-10-29
2021-10-28 21:00:00,1.234500,1.236200,1.233050,1.234700,4,2021-10-29
2021-10-29 01:00:00,1.234650,1.235250,1.233700,1.234300,4,2021-10-29
2021-10-29 05:00:00,1.234700,1.236300,1.234100,1.235350,4,2021-10-29
2021-10-29 09:00:00,1.235350,1.235950,1.234200,1.235800,4,2021-10-29
2021-10-29 13:00:00,1.235900,1.236350,1.233500,1.234100,4,2021-10-29
2021-11-01 01:00:00,1.238550,1.238750,1.238050,1.238300,3,2021-11-01
2021-11-01 05:00:00,1.238250,1.239050,1.237100,1.237900,4,2021-11-01
2021-11-01 09:00:00,1.237900,1.239300,1.237500,1.237700,4,2021-11-01
2021-11-01 13:00:00,1.237700,1.240300,1.237700,1.238000,4,2021-11-01
2021-11-01 17:00:00,1.238000,1.238800,1.237000,1.238200,4,2021-11-02
2021-11-01 21:00:00,1.238300,1.239550,1.235150,1.236400,4,2021-11-02
2021-11-02 01:00:00,1.236450,1.237600,1.236000,1.237200,4,2021-11-02
2021-11-02 05:00:00,1.237200,1.238100,1.237000,1.237600,4,2021-11-02
2021-11-02 09:00:00,1.237550,1.238950,1.237450,1.238950,4,2021-11-02
2021-11-02 13:00:00,1.238950,1.240850,1.238600,1.240500,4,2021-11-02
2021-11-02 17:00:00,1.240550,1.241800,1.239350,1.240150,4,2021-11-03
2021-11-02 21:00:00,1.240050,1.242500,1.238750,1.240150,4,2021-11-03
2021-11-03 01:00:00,1.240100,1.241550,1.239900,1.240600,4,2021-11-03
2021-11-03 05:00:00,1.240700,1.242000,1.240450,1.241700,4,2021-11-03
2021-11-03 09:00:00,1.241750,1.242250,1.241100,1.242100,4,2021-11-03
2021-11-03 13:00:00,1.242000,1.242350,1.240550,1.241300,4,2021-11-03
2021-11-03 17:00:00,1.241350,1.244650,1.240700,1.244500,4,2021-11-04
2021-11-03 21:00:00,1.244300,1.245700,1.240800,1.241350,4,2021-11-04
2021-11-04 01:00:00,1.241000,1.243400,1.238100,1.238700,4,2021-11-04
2021-11-04 05:00:00,1.238900,1.239950,1.237500,1.239600,4,2021-11-04
2021-11-04 09:00:00,1.239850,1.240950,1.238800,1.240750,4,2021-11-04
2021-11-04 13:00:00,1.240800,1.241750,1.239000,1.241750,4,2021-11-04
2021-11-04 17:00:00,1.241700,1.243400,1.241000,1.242500,4,2021-11-05
2021-11-04 21:00:00,1.242450,1.247200,1.242450,1.246450,4,2021-11-05
2021-11-05 01:00:00,1.246450,1.246950,1.245100,1.245400,4,2021-11-05
2021-11-05 05:00:00,1.245800,1.246850,1.244800,1.246650,4,2021-11-05
2021-11-05 09:00:00,1.246750,1.246950,1.245300,1.246400,4,2021-11-05
2021-11-05 13:00:00,1.246650,1.247250,1.245400,1.246900,4,2021-11-05
2021-11-08 01:00:00,1.244550,1.245600,1.244550,1.245100,3,2021-11-08
2021-11-08 05:00:00,1.245100,1.246050,1.244200,1.245300,4,2021-11-08
2021-11-08 09:00:00,1.244800,1.245200,1.244000,1.244700,2,2021-11-08
2021-11-08 13:00:00,1.245100,1.246600,1.243700,1.245050,4,2021-11-08
2021-11-08 17:00:00,1.245000,1.246400,1.243300,1.245900,4,2021-11-09
2021-11-08 21:00:00,1.246100,1.246200,1.243800,1.245200,4,2021-11-09
2021-11-09 01:00:00,1.245450,1.245450,1.243800,1.244300,4,2021-11-09
2021-11-09 05:00:00,1.244300,1.245700,1.243700,1.244750,4,2021-11-09
2021-11-09 09:00:00,1.244850,1.245950,1.242800,1.244350,4,2021-11-09
2021-11-09 13:00:00,1.244400,1.244650,1.242600,1.243400,4,2021-11-09
2021-11-09 17:00:00,1.243750,1.246150,1.242800,1.246000,4,2021-11-10
2021-11-09 21:00:00,1.246100,1.248500,1.243000,1.244650,4,2021-11-10
2021-11-10 01:00:00,1.244400,1.244850,1.243100,1.243750,4,2021-11-10
2021-11-10 05:00:00,1.243800,1.244500,1.242900,1.244200,4,2021-11-10
2021-11-10 09:00:00,1.244250,1.244650,1.242400,1.242400,4,2021-11-10
2021-11-10 13:00:00,1.242700,1.243450,1.240900,1.242300,4,2021-11-10
2021-11-10 17:00:00,1.242250,1.245900,1.238550,1.239800,4,2021-11-11
2021-11-10 21:00:00,1.239800,1.249450,1.239500,1.248200,4,2021-11-11
2021-11-11 01:00:00,1.248400,1.250400,1.247600,1.249150,4,2021-11-11
2021-11-11 05:00:00,1.248900,1.250900,1.248000,1.250500,4,2021-11-11
2021-11-11 09:00:00,1.250750,1.251400,1.250000,1.251100,4,2021-11-11
2021-11-11 13:00:00,1.251100,1.257150,1.250600,1.256150,4,2021-11-11
2021-11-11 17:00:00,1.256100,1.258650,1.255200,1.258000,4,2021-11-12
2021-11-11 21:00:00,1.258000,1.259700,1.257200,1.258900,4,2021-11-12
2021-11-12 01:00:00,1.258800,1.259000,1.257600,1.258100,4,2021-11-12
2021-11-12 05:00:00,1.258300,1.259850,1.257900,1.259300,4,2021-11-12
2021-11-12 09:00:00,1.259550,1.260050,1.257700,1.258000,4,2021-11-12
2021-11-12 13:00:00,1.258000,1.260500,1.256700,1.259650,4,2021-11-12
2021-11-15 01:00:00,1.254800,1.255200,1.254500,1.255000,3,2021-11-15
2021-11-15 05:00:00,1.254400,1.255600,1.253300,1.253700,4,2021-11-15
2021-11-15 09:00:00,1.253650,1.253950,1.252600,1.253450,4,2021-11-15
2021-11-15 13:00:00,1.253500,1.253750,1.251900,1.252350,4,2021-11-15
2021-11-15 17:00:00,1.252300,1.253200,1.250600,1.252350,4,2021-11-16
2021-11-15 21:00:00,1.252300,1.253300,1.249900,1.251450,4,2021-11-16
2021-11-16 01:00:00,1.251150,1.252100,1.250200,1.251300,4,2021-11-16
2021-11-16 05:00:00,1.251300,1.251750,1.249000,1.249900,4,2021-11-16
2021-11-16 09:00:00,1.250150,1.252350,1.249300,1.251600,4,2021-11-16
2021-11-16 13:00:00,1.251900,1.253550,1.251200,1.253150,4,2021-11-16
2021-11-16 17:00:00,1.253050,1.255600,1.252000,1.254900,4,2021-11-17
2021-11-16 21:00:00,1.254850,1.256550,1.253600,1.255500,4,2021-11-17
2021-11-17 01:00:00,1.255450,1.256850,1.255000,1.255800,4,2021-11-17
2021-11-17 05:00:00,1.256000,1.257100,1.255400,1.255700,4,2021-11-17
2021-11-17 09:00:00,1.255900,1.258650,1.255100,1.255400,4,2021-11-17
2021-11-17 13:00:00,1.255350,1.257400,1.253800,1.256900,4,2021-11-17
2021-11-17 17:00:00,1.257200,1.259450,1.254600,1.258100,4,2021-11-18
2021-11-17 21:00:00,1.258250,1.262050,1.257600,1.260800,4,2021-11-18
2021-11-18 01:00:00,1.260950,1.262250,1.259900,1.261100,4,2021-11-18
2021-11-18 05:00:00,1.261150,1.262450,1.260200,1.261700,4,2021-11-18
2021-11-18 09:00:00,1.262100,1.262350,1.260200,1.260800,4,2021-11-18
2021-11-18 13:00:00,1.260800,1.261950,1.259600,1.259950,4,2021-11-18
2021-11-18 17:00:00,1.259950,1.263350,1.259100,1.263000,4,2021-11-19
2021-11-18 21:00:00,1.263000,1.264750,1.259600,1.260700,4,2021-11-19
2021-11-19 01:00:00,1.261000,1.261150,1.259300,1.260200,4,2021-11-19
2021-11-19 05:00:00,1.260350,1.260500,1.259300,1.259950,4,2021-11-19
2021-11-19 09:00:00,1.259950,1.260250,1.258500,1.259250,4,2021-11-19
2021-11-19 13:00:00,1.259250,1.265650,1.258200,1.264600,4,2021-11-19
2021-11-22 01:00:00,1.264550,1.264750,1.264100,1.264450,3,2021-11-22
2021-11-22 05:00:00,1.264900,1.265750,1.264000,1.264600,4,2021-11-22
2021-11-22 09:00:00,1.264900,1.265250,1.263500,1.263900,4,2021-11-22
2021-11-22 13:00:00,1.264000,1.265050,1.262800,1.263250,4,2021-11-22
2021-11-22 17:00:00,1.263500,1.268250,1.262500,1.266300,4,2021-11-23
2021-11-22 21:00:00,1.266350,1.270200,1.265800,1.269300,4,2021-11-23
2021-11-23 01:00:00,1.269600,1.270550,1.268800,1.270100,4,2021-11-23
2021-11-23 05:00:00,1.270150,1.271300,1.269200,1.270300,4,2021-11-23
2021-11-23 09:00:00,1.270250,1.271650,1.269800,1.271300,4,2021-11-23
2021-11-23 13:00:00,1.271100,1.274150,1.270200,1.273850,4,2021-11-23
2021-11-23 17:00:00,1.273800,1.274500,1.269600,1.269900,4,2021-11-24
2021-11-23 21:00:00,1.270150,1.272200,1.269400,1.270100,4,2021-11-24
2021-11-24 01:00:00,1.270050,1.270600,1.265800,1.267000,4,2021-11-24
2021-11-24 05:00:00,1.267150,1.268450,1.266900,1.268000,4,2021-11-24
2021-11-24 09:00:00,1.268100,1.269350,1.267400,1.268200,4,2021-11-24
2021-11-24 13:00:00,1.267600,1.269150,1.266200,1.269000,4,2021-11-24
2021-11-24 17:00:00,1.269300,1.271000,1.267800,1.269300,4,2021-11-25
2021-11-24 21:00:00,1.269250,1.269400,1.264800,1.266300,4,2021-11-25
2021-11-25 01:00:00,1.266250,1.267550,1.265500,1.265900,4,2021-11-25
2021-11-25 05:00:00,1.266350,1.266500,1.264600,1.265200,4,2021-11-25
2021-11-25 09:00:00,1.265550,1.266100,1.264500,1.265000,4,2021-11-25
2021-11-25 13:00:00,1.265050,1.267050,1.263800,1.266450,4,2021-11-25
2021-11-25 17:00:00,1.266400,1.267700,1.264900,1.264900,4,2021-11-26
2021-11-25 21:00:00,1.264800,1.265750,1.264200,1.264600,4,2021-11-26
2021-11-26 01:00:00,1.264600,1.266500,1.264400,1.264950,4,2021-11-26
2021-11-26 05:00:00,1.265150,1.270650,1.264700,1.270000,4,2021-11-26
2021-11-26 09:00:00,1.270200,1.272500,1.269900,1.272250,4,2021-11-26
2021-11-26 13:00:00,1.272200,1.277450,1.272100,1.276000,4,2021-11-26
2021-11-29 01:00:00,1.276700,1.276850,1.274650,1.275900,3,2021-11-29
2021-11-29 05:00:00,1.275250,1.275350,1.271900,1.274200,4,2021-11-29
2021-11-29 09:00:00,1.274200,1.275700,1.273500,1.273850,4,2021-11-29
2021-11-29 13:00:00,1.273800,1.275900,1.272900,1.274100,4,2021-11-29
2021-11-29 17:00:00,1.274100,1.276400,1.272600,1.276300,4,2021-11-30
2021-11-29 21:00:00,1.276600,1.279350,1.275700,1.276050,4,2021-11-30
2021-11-30 01:00:00,1.276050,1.277250,1.273450,1.274700,4,2021-11-30
2021-11-30 05:00:00,1.274400,1.274700,1.272800,1.273450,4,2021-11-30
2021-11-30 09:00:00,1.273100,1.280250,1.273100,1.278800,4,2021-11-30
2021-11-30 13:00:00,1.279200,1.281250,1.277600,1.277800,4,2021-11-30
2021-11-30 17:00:00,1.278250,1.279000,1.274900,1.277000,4,2021-12-01
2021-11-30 21:00:00,1.277250,1.283650,1.275400,1.280650,4,2021-12-01
2021-12-01 01:00:00,1.280400,1.280800,1.276900,1.278500,4,2021-12-01
2021-12-01 05:00:00,1.277950,1.278650,1.273600,1.273900,4,2021-12-01
2021-12-01 09:00:00,1.273850,1.274850,1.272400,1.273100,4,2021-12-01
2021-12-01 13:00:00,1.273100,1.277550,1.272600,1.275200,4,2021-12-01
2021-12-01 17:00:00,1.275250,1.276200,1.272700,1.274050,4,2021-12-02
2021-12-01 21:00:00,1.274100,1.281850,1.271100,1.280700,4,2021-12-02
2021-12-02 01:00:00,1.280750,1.283000,1.280000,1.281550,4,2021-12-02
2021-12-02 05:00:00,1.281800,1.282900,1.279500,1.279800,4,2021-12-02
2021-12-02 09:00:00,1.279750,1.281250,1.278000,1.278300,4,2021-12-02
2021-12-02 13:00:00,1.278300,1.280600,1.277700,1.279350,4,2021-12-02
2021-12-02 17:00:00,1.279000,1.283500,1.278900,1.279950,4,2021-12-03
2021-12-02 21:00:00,1.280200,1.283800,1.279900,1.281350,4,2021-12-03
2021-12-03 01:00:00,1.281000,1.281750,1.280000,1.280700,4,2021-12-03
2021-12-03 05:00:00,1.280800,1.283600,1.280600,1.282750,4,2021-12-03
2021-12-03 09:00:00,1.282750,1.282800,1.280100,1.281500,4,2021-12-03
2021-12-03 13:00:00,1.281750,1.284500,1.280900,1.284050,4,2021-12-03
2021-12-06 01:00:00,1.282500,1.283550,1.282400,1.283300,3,2021-12-06
2021-12-06 05:00:00,1.283300,1.284250,1.281600,1.282500,4,2021-12-06
2021-12-06 09:00:00,1.282500,1.283250,1.281700,1.282900,4,2021-12-06
2021-12-06 13:00:00,1.283300,1.283550,1.279300,1.279600,4,2021-12-06
2021-12-06 17:00:00,1.279900,1.280650,1.278200,1.278750,4,2021-12-07
2021-12-06 21:00:00,1.278750,1.279700,1.276500,1.276500,4,2021-12-07
2021-12-07 01:00:00,1.276600,1.277550,1.275100,1.275700,4,2021-12-07
2021-12-07 05:00:00,1.275900,1.276750,1.274400,1.275050,4,2021-12-07
2021-12-07 09:00:00,1.275050,1.275200,1.272400,1.272800,4,2021-12-07
2021-12-07 13:00:00,1.273000,1.273550,1.269300,1.269600,4,2021-12-07
2021-12-07 17:00:00,1.269900,1.269950,1.266050,1.266050,4,2021-12-08
2021-12-07 21:00:00,1.265950,1.267400,1.263500,1.265900,4,2021-12-08
2021-12-08 01:00:00,1.265850,1.266350,1.263550,1.264500,4,2021-12-08
2021-12-08 05:00:00,1.264400,1.264800,1.263300,1.263850,4,2021-12-08
2021-12-08 09:00:00,1.263850,1.265850,1.263500,1.265850,4,2021-12-08
2021-12-08 13:00:00,1.265800,1.266400,1.261900,1.263650,4,2021-12-08
2021-12-08 17:00:00,1.263650,1.264550,1.260850,1.261750,4,2021-12-09
2021-12-08 21:00:00,1.262350,1.266700,1.261800,1.265100,4,2021-12-09
2021-12-09 01:00:00,1.265000,1.265950,1.264450,1.265000,4,2021-12-09
2021-12-09 05:00:00,1.265200,1.266800,1.265100,1.265550,4,2021-12-09
2021-12-09 09:00:00,1.265500,1.267150,1.265150,1.266250,4,2021-12-09
2021-12-09 13:00:00,1.266200,1.268700,1.265200,1.267700,4,2021-12-09
2021-12-09 17:00:00,1.267650,1.269900,1.267400,1.269250,4,2021-12-10
2021-12-09 21:00:00,1.269150,1.271650,1.268700,1.269900,4,2021-12-10
2021-12-10 01:00:00,1.269850,1.272150,1.269250,1.270900,4,2021-12-10
2021-12-10 05:00:00,1.270950,1.271900,1.269950,1.270300,4,2021-12-10
2021-12-10 09:00:00,1.270350,1.271700,1.269300,1.271150,4,2021-12-10
2021-12-10 13:00:00,1.271100,1.272300,1.270850,1.271400,4,2021-12-10
2021-12-13 01:00:00,1.272750,1.273150,1.272750,1.273100,3,2021-12-13
2021-12-13 05:00:00,1.272750,1.272850,1.270650,1.271650,4,2021-12-13
2021-12-13 09:00:00,1.271750,1.273200,1.271150,1.273200,4,2021-12-13
2021-12-13 13:00:00,1.273200,1.275600,1.272900,1.275400,4,2021-12-13
2021-12-13 17:00:00,1.275400,1.278800,1.274850,1.277500,4,2021-12-14
2021-12-13 21:00:00,1.277750,1.279850,1.277750,1.279250,3,2021-12-14
2021-12-14 01:00:00,1.279550,1.282200,1.278900,1.280500,4,2021-12-14
2021-12-14 05:00:00,1.280800,1.282500,1.280300,1.282250,4,2021-12-14
2021-12-14 09:00:00,1.282250,1.282750,1.279800,1.280150,4,2021-12-14
2021-12-14 13:00:00,1.280150,1.282400,1.279500,1.281200,4,2021-12-14
2021-12-14 17:00:00,1.281400,1.284050,1.280400,1.282500,4,2021-12-15
2021-12-14 21:00:00,1.282100,1.286350,1.281800,1.285500,4,2021-12-15
2021-12-15 01:00:00,1.285600,1.286600,1.284500,1.286350,4,2021-12-15
2021-12-15 05:00:00,1.286200,1.286850,1.284400,1.285150,4,2021-12-15
2021-12-15 09:00:00,1.284900,1.285950,1.284300,1.285600,4,2021-12-15
2021-12-15 13:00:00,1.285300,1.288050,1.284600,1.287200,4,2021-12-15
2021-12-15 17:00:00,1.287200,1.290650,1.286100,1.290050,4,2021-12-16
2021-12-15 21:00:00,1.290450,1.292050,1.289300,1.290300,4,2021-12-16
2021-12-16 01:00:00,1.290900,1.293550,1.282900,1.283600,4,2021-12-16
2021-12-16 05:00:00,1.283400,1.285800,1.283000,1.285400,4,2021-12-16
2021-12-16 09:00:00,1.285450,1.285550,1.282300,1.282900,4,2021-12-16
2021-12-16 13:00:00,1.282900,1.282950,1.277300,1.277600,4,2021-12-16
2021-12-16 17:00:00,1.277750,1.279800,1.276100,1.279750,4,2021-12-17
2021-12-16 21:00:00,1.279800,1.281150,1.276200,1.278000,4,2021-12-17
2021-12-17 01:00:00,1.278300,1.280250,1.276900,1.277100,4,2021-12-17
2021-12-17 05:00:00,1.277200,1.279100,1.277100,1.278850,4,2021-12-17
2021-12-17 09:00:00,1.278900,1.280950,1.278500,1.279500,4,2021-12-17
2021-12-17 13:00:00,1.279600,1.281000,1.277600,1.280900,4,2021-12-17
2021-12-20 01:00:00,1.288700,1.289300,1.288250,1.288800,3,2021-12-20
2021-12-20 05:00:00,1.289100,1.290400,1.288550,1.289900,4,2021-12-20
2021-12-20 09:00:00,1.289900,1.291700,1.289350,1.291300,4,2021-12-20
2021-12-20 13:00:00,1.291500,1.293550,1.291100,1.291900,4,2021-12-20
2021-12-20 17:00:00,1.291850,1.295050,1.291100,1.294250,4,2021-12-21
2021-12-20 21:00:00,1.294300,1.296400,1.293450,1.294300,4,2021-12-21
2021-12-21 01:00:00,1.294250,1.295000,1.293650,1.294200,4,2021-12-21
2021-12-21 05:00:00,1.294150,1.294500,1.291400,1.292650,4,2021-12-21
2021-12-21 09:00:00,1.292600,1.293150,1.292200,1.292600,4,2021-12-21
2021-12-21 13:00:00,1.292500,1.294650,1.292500,1.293700,4,2021-12-21
2021-12-21 17:00:00,1.293750,1.293750,1.292000,1.292600,4,2021-12-22
2021-12-21 21:00:00,1.292650,1.294200,1.292050,1.292400,4,2021-12-22
2021-12-22 01:00:00,1.292350,1.292700,1.291000,1.291550,4,2021-12-22
2021-12-22 05:00:00,1.291500,1.292500,1.290650,1.291150,4,2021-12-22
2021-12-22 09:00:00,1.291150,1.292050,1.290600,1.291800,4,2021-12-22
2021-12-22 13:00:00,1.291850,1.291900,1.290350,1.290750,4,2021-12-22
2021-12-22 17:00:00,1.290600,1.291750,1.288000,1.288900,4,2021-12-23
2021-12-22 21:00:00,1.289100,1.289100,1.283700,1.285150,4,2021-12-23
2021-12-23 01:00:00,1.285150,1.286700,1.283250,1.284400,4,2021-12-23
2021-12-23 05:00:00,1.284250,1.285400,1.283950,1.284300,4,2021-12-23
2021-12-23 09:00:00,1.284350,1.284800,1.283400,1.283950,4,2021-12-23
2021-12-23 13:00:00,1.283800,1.283850,1.281350,1.281500,4,2021-12-23
2021-12-23 17:00:00,1.281400,1.283650,1.281100,1.283250,4,2021-12-24
2021-12-23 21:00:00,1.283250,1.284250,1.279800,1.280850,4,2021-12-24
2021-12-24 01:00:00,1.280850,1.281650,1.279950,1.281350,4,2021-12-24
2021-12-24 05:00:00,1.281100,1.283500,1.280600,1.281950,4,2021-12-24
2021-12-24 09:00:00,1.282000,1.282750,1.281700,1.282150,4,2021-12-24
2021-12-24 13:00:00,1.282200,1.283150,1.278700,1.278850,4,2021-12-24
2021-12-27 01:00:00,1.281100,1.281600,1.281000,1.281300,3,2021-12-27
2021-12-27 05:00:00,1.281200,1.281800,1.280600,1.280650,4,2021-12-27
2021-12-27 09:00:00,1.280700,1.282550,1.280350,1.282300,4,2021-12-27
2021-12-27 13:00:00,1.282300,1.283450,1.281650,1.283000,4,2021-12-27
2021-12-27 17:00:00,1.283000,1.284750,1.280750,1.281650,4,2021-12-28
2021-12-27 21:00:00,1.281650,1.281900,1.277900,1.280050,4,2021-12-28
2021-12-28 01:00:00,1.280050,1.280300,1.277950,1.278450,4,2021-12-28
2021-12-28 05:00:00,1.278600,1.279950,1.278450,1.279250,4,2021-12-28
2021-12-28 09:00:00,1.279300,1.279700,1.278300,1.278300,4,2021-12-28
2021-12-28 13:00:00,1.278350,1.280300,1.278250,1.279350,4,2021-12-28
2021-12-28 17:00:00,1.279300,1.280750,1.278250,1.279900,4,2021-12-29
2021-12-28 21:00:00,1.279900,1.283150,1.279200,1.282700,4,2021-12-29
2021-12-29 01:00:00,1.282600,1.283200,1.280800,1.281700,4,2021-12-29
2021-12-29 05:00:00,1.281700,1.283250,1.281200,1.281850,4,2021-12-29
2021-12-29 09:00:00,1.281900,1.282950,1.281550,1.282900,4,2021-12-29
2021-12-29 13:00:00,1.282800,1.283100,1.281000,1.283050,4,2021-12-29
2021-12-29 17:00:00,1.283200,1.283550,1.280400,1.281800,4,2021-12-30
2021-12-29 21:00:00,1.281750,1.281900,1.278800,1.279400,4,2021-12-30
2021-12-30 01:00:00,1.279400,1.279900,1.278750,1.279400,4,2021-12-30
2021-12-30 05:00:00,1.278900,1.279100,1.277000,1.278450,4,2021-12-30
2021-12-30 09:00:00,1.278350,1.280450,1.278250,1.280450,4,2021-12-30
2021-12-30 13:00:00,1.280250,1.281250,1.279000,1.279050,4,2021-12-30
2021-12-30 17:00:00,1.279100,1.279900,1.277100,1.278100,4,2021-12-31
2021-12-30 21:00:00,1.278050,1.280900,1.277000,1.277000,4,2021-12-31
2021-12-31 01:00:00,1.277000,1.277500,1.273400,1.274100,4,2021-12-31
2021-12-31 05:00:00,1.274000,1.275100,1.273600,1.274450,4,2021-12-31
2021-12-31 09:00:00,1.274450,1.274950,1.272250,1.272300,4,2021-12-31
2021-12-31 13:00:00,1.272250,1.273800,1.271600,1.272450,4,2021-12-31
2022-01-03 01:00:00,1.263800,1.264050,1.263550,1.263800,3,2022-01-03
2022-01-03 05:00:00,1.263750,1.267450,1.263100,1.267350,4,2022-01-03
2022-01-03 09:00:00,1.267350,1.268600,1.267000,1.267800,4,2022-01-03
2022-01-03 13:00:00,1.267800,1.268600,1.266700,1.268100,4,2022-01-03
2022-01-03 17:00:00,1.268050,1.274900,1.267900,1.274000,4,2022-01-04
2022-01-03 21:00:00,1.274000,1.277900,1.273450,1.274450,4,2022-01-04
2022-01-04 01:00:00,1.274400,1.275850,1.274200,1.275200,4,2022-01-04
2022-01-04 05:00:00,1.275000,1.275600,1.273750,1.274900,4,2022-01-04
2022-01-04 09:00:00,1.274850,1.275300,1.272350,1.273400,4,2022-01-04
2022-01-04 13:00:00,1.273300,1.274900,1.272600,1.274900,4,2022-01-04
2022-01-04 17:00:00,1.274850,1.276650,1.270500,1.271300,4,2022-01-05
2022-01-04 21:00:00,1.270900,1.271850,1.266800,1.271850,4,2022-01-05
2022-01-05 01:00:00,1.271850,1.272000,1.269800,1.270600,4,2022-01-05
2022-01-05 05:00:00,1.270500,1.271550,1.269750,1.271250,4,2022-01-05
2022-01-05 09:00:00,1.271300,1.272700,1.271000,1.271200,4,2022-01-05
2022-01-05 13:00:00,1.271300,1.272050,1.270700,1.271800,4,2022-01-05
2022-01-05 17:00:00,1.271900,1.274000,1.269700,1.270200,4,2022-01-06
2022-01-05 21:00:00,1.270200,1.271750,1.269200,1.270150,4,2022-01-06
2022-01-06 01:00:00,1.270200,1.276650,1.269900,1.275750,4,2022-01-06
2022-01-06 05:00:00,1.275700,1.277750,1.275600,1.276750,4,2022-01-06
2022-01-06 09:00:00,1.276750,1.280100,1.276750,1.280100,4,2022-01-06
2022-01-06 13:00:00,1.280150,1.281400,1.275500,1.276600,4,2022-01-06
2022-01-06 17:00:00,1.276550,1.277950,1.272500,1.276200,4,2022-01-07
2022-01-06 21:00:00,1.276150,1.278650,1.270650,1.272500,4,2022-01-07
2022-01-07 01:00:00,1.272550,1.273950,1.271950,1.272600,4,2022-01-07
2022-01-07 05:00:00,1.272400,1.273100,1.270650,1.271650,4,2022-01-07
2022-01-07 09:00:00,1.271700,1.271850,1.270800,1.271200,4,2022-01-07
2022-01-07 13:00:00,1.271100,1.273150,1.270650,1.271350,4,2022-01-07
2022-01-10 01:00:00,1.264650,1.264750,1.264250,1.264650,2,2022-01-10
2022-01-10 05:00:00,1.263950,1.265650,1.263450,1.264450,4,2022-01-10
2022-01-10 09:00:00,1.264450,1.265350,1.263850,1.264650,4,2022-01-10
2022-01-10 13:00:00,1.264400,1.264650,1.261000,1.262150,4,2022-01-10
2022-01-10 17:00:00,1.262200,1.268850,1.262000,1.268100,4,2022-01-11
2022-01-10 21:00:00,1.268100,1.269750,1.267100,1.268050,4,2022-01-11
2022-01-11 01:00:00,1.268050,1.268900,1.266900,1.268300,4,2022-01-11
2022-01-11 05:00:00,1.267350,1.267750,1.265000,1.265600,4,2022-01-11
2022-01-11 09:00:00,1.265550,1.266600,1.264300,1.265900,4,2022-01-11
2022-01-11 13:00:00,1.266200,1.266200,1.262800,1.264150,4,2022-01-11
2022-01-11 17:00:00,1.263800,1.266400,1.263100,1.264750,4,2022-01-12
2022-01-11 21:00:00,1.264550,1.264650,1.256500,1.256800,4,2022-01-12
2022-01-12 01:00:00,1.256700,1.258550,1.256700,1.257700,4,2022-01-12
2022-01-12 05:00:00,1.257300,1.258000,1.255000,1.255550,4,2022-01-12
2022-01-12 09:00:00,1.255450,1.256200,1.254400,1.256100,4,2022-01-12
2022-01-12 13:00:00,1.256100,1.257600,1.253300,1.253400,4,2022-01-12
2022-01-12 17:00:00,1.253650,1.255700,1.250800,1.252100,4,2022-01-13
2022-01-12 21:00:00,1.252000,1.252650,1.249300,1.250550,4,2022-01-13
2022-01-13 01:00:00,1.250550,1.251000,1.249600,1.250400,4,2022-01-13
2022-01-13 05:00:00,1.250300,1.251000,1.249300,1.249750,4,2022-01-13
2022-01-13 09:00:00,1.249800,1.250750,1.249300,1.249850,4,2022-01-13
2022-01-13 13:00:00,1.249900,1.250450,1.246300,1.248150,4,2022-01-13
2022-01-13 17:00:00,1.248200,1.248800,1.245100,1.246050,4,2022-01-14
2022-01-13 21:00:00,1.246100,1.250350,1.245800,1.248600,4,2022-01-14
2022-01-14 01:00:00,1.248900,1.252200,1.248100,1.251300,4,2022-01-14
2022-01-14 05:00:00,1.251300,1.252600,1.250300,1.250700,4,2022-01-14
2022-01-14 09:00:00,1.250950,1.251400,1.248200,1.248850,4,2022-01-14
2022-01-14 13:00:00,1.248850,1.250500,1.246900,1.248900,4,2022-01-14
2022-01-17 01:00:00,1.253500,1.255200,1.253350,1.254250,3,2022-01-17
2022-01-17 05:00:00,1.254700,1.255800,1.253700,1.254000,4,2022-01-17
2022-01-17 09:00:00,1.253950,1.254650,1.253450,1.254350,4,2022-01-17
2022-01-17 13:00:00,1.254400,1.254800,1.250100,1.250600,4,2022-01-17
2022-01-17 17:00:00,1.250600,1.253650,1.250050,1.252350,4,2022-01-18
2022-01-17 21:00:00,1.252300,1.252700,1.250400,1.251950,4,2022-01-18
2022-01-18 01:00:00,1.251900,1.252450,1.251350,1.251850,4,2022-01-18
2022-01-18 05:00:00,1.251800,1.251900,1.248800,1.248850,4,2022-01-18
2022-01-18 09:00:00,1.248950,1.253300,1.248650,1.250550,4,2022-01-18
2022-01-18 13:00:00,1.250700,1.252950,1.249850,1.251600,4,2022-01-18
2022-01-18 17:00:00,1.251600,1.252850,1.249500,1.251550,4,2022-01-19
2022-01-18 21:00:00,1.251700,1.256450,1.251100,1.254050,4,2022-01-19
2022-01-19 01:00:00,1.254100,1.254100,1.250400,1.251100,4,2022-01-19
2022-01-19 05:00:00,1.250850,1.251000,1.248700,1.250100,4,2022-01-19
2022-01-19 09:00:00,1.250200,1.251250,1.248850,1.251000,4,2022-01-19
2022-01-19 13:00:00,1.251100,1.252450,1.247150,1.247150,4,2022-01-19
2022-01-19 17:00:00,1.247200,1.249900,1.245200,1.249450,4,2022-01-20
2022-01-19 21:00:00,1.249400,1.251850,1.248450,1.249200,4,2022-01-20
2022-01-20 01:00:00,1.249250,1.251600,1.248750,1.251150,4,2022-01-20
2022-01-20 05:00:00,1.251250,1.251750,1.249450,1.250100,4,2022-01-20
2022-01-20 09:00:00,1.250050,1.250300,1.248650,1.248950,4,2022-01-20
2022-01-20 13:00:00,1.248800,1.249800,1.248100,1.249700,4,2022-01-20
2022-01-20 17:00:00,1.249600,1.249600,1.247500,1.247600,4,2022-01-21
2022-01-20 21:00:00,1.247600,1.248650,1.245300,1.246350,4,2022-01-21
2022-01-21 01:00:00,1.246300,1.251600,1.245750,1.250400,4,2022-01-21
2022-01-21 05:00:00,1.250200,1.253800,1.249850,1.252000,4,2022-01-21
2022-01-21 09:00:00,1.251950,1.253700,1.251600,1.252050,4,2022-01-21
2022-01-21 13:00:00,1.252350,1.253500,1.250700,1.250700,4,2022-01-21
2022-01-24 01:00:00,1.257600,1.258400,1.257600,1.257700,3,2022-01-24
2022-01-24 05:00:00,1.257800,1.258150,1.255950,1.256200,4,2022-01-24
2022-01-24 09:00:00,1.256150,1.257950,1.255500,1.257650,4,2022-01-24
2022-01-24 13:00:00,1.257600,1.261600,1.256800,1.260600,4,2022-01-24
2022-01-24 17:00:00,1.260750,1.265500,1.259600,1.264950,4,2022-01-25
2022-01-24 21:00:00,1.264950,1.270150,1.264250,1.264750,4,2022-01-25
2022-01-25 01:00:00,1.264750,1.266100,1.262350,1.263800,4,2022-01-25
2022-01-25 05:00:00,1.263500,1.265050,1.261900,1.264200,4,2022-01-25
2022-01-25 09:00:00,1.264100,1.265850,1.262850,1.263400,4,2022-01-25
2022-01-25 13:00:00,1.263600,1.265100,1.262800,1.263900,4,2022-01-25
2022-01-25 17:00:00,1.263950,1.266150,1.262650,1.266100,4,2022-01-26
2022-01-25 21:00:00,1.266000,1.266950,1.260500,1.260650,4,2022-01-26
2022-01-26 01:00:00,1.260700,1.263300,1.259750,1.263100,4,2022-01-26
2022-01-26 05:00:00,1.262500,1.263100,1.260000,1.261150,4,2022-01-26
2022-01-26 09:00:00,1.261050,1.261200,1.259200,1.260550,4,2022-01-26
2022-01-26 13:00:00,1.260350,1.260950,1.256350,1.256900,4,2022-01-26
2022-01-26 17:00:00,1.256900,1.259100,1.255950,1.257200,4,2022-01-27
2022-01-26 21:00:00,1.256950,1.263900,1.256950,1.260950,4,2022-01-27
2022-01-27 01:00:00,1.261050,1.268800,1.258100,1.266650,4,2022-01-27
2022-01-27 05:00:00,1.266300,1.270700,1.265650,1.270050,4,2022-01-27
2022-01-27 09:00:00,1.270050,1.272600,1.269750,1.271750,4,2022-01-27
2022-01-27 13:00:00,1.271650,1.272700,1.266300,1.270300,4,2022-01-27
2022-01-27 17:00:00,1.270400,1.271950,1.265050,1.267550,4,2022-01-28
2022-01-27 21:00:00,1.267400,1.274350,1.266700,1.272600,4,2022-01-28
2022-01-28 01:00:00,1.272750,1.274750,1.271900,1.273700,4,2022-01-28
2022-01-28 05:00:00,1.273700,1.274750,1.271350,1.271400,4,2022-01-28
2022-01-28 09:00:00,1.271350,1.273550,1.271300,1.272700,4,2022-01-28
2022-01-28 13:00:00,1.272450,1.279300,1.272450,1.278700,4,2022-01-28
2022-01-31 01:00:00,1.276650,1.277550,1.276650,1.277200,2,2022-01-31
2022-01-31 05:00:00,1.277200,1.277700,1.273500,1.273700,4,2022-01-31
2022-01-31 09:00:00,1.273700,1.274200,1.272350,1.272400,4,2022-01-31
2022-01-31 13:00:00,1.272700,1.274200,1.272050,1.274100,4,2022-01-31
2022-01-31 17:00:00,1.274000,1.277550,1.273250,1.276000,4,2022-02-01
2022-01-31 21:00:00,1.275950,1.276550,1.268250,1.269600,4,2022-02-01
2022-02-01 01:00:00,1.269550,1.271850,1.269000,1.270600,4,2022-02-01
2022-02-01 05:00:00,1.270700,1.272250,1.270500,1.271100,4,2022-02-01
2022-02-01 09:00:00,1.271050,1.272050,1.269450,1.270300,4,2022-02-01
2022-02-01 13:00:00,1.270150,1.270150,1.265600,1.267600,4,2022-02-01
2022-02-01 17:00:00,1.267750,1.271950,1.267100,1.270900,4,2022-02-02
2022-02-01 21:00:00,1.270700,1.272600,1.267750,1.269950,4,2022-02-02
2022-02-02 01:00:00,1.269700,1.270150,1.268150,1.268800,4,2022-02-02
2022-02-02 05:00:00,1.268500,1.269500,1.267600,1.269200,4,2022-02-02
2022-02-02 09:00:00,1.269250,1.269550,1.268100,1.268200,4,2022-02-02
2022-02-02 13:00:00,1.268250,1.269950,1.267300,1.268450,4,2022-02-02
2022-02-02 17:00:00,1.268450,1.270100,1.265050,1.269550,4,2022-02-03
2022-02-02 21:00:00,1.269500,1.270550,1.267300,1.267350,4,2022-02-03
2022-02-03 01:00:00,1.267450,1.267700,1.265250,1.267400,4,2022-02-03
2022-02-03 05:00:00,1.267100,1.268750,1.267100,1.268000,4,2022-02-03
2022-02-03 09:00:00,1.268100,1.268950,1.267300,1.268550,4,2022-02-03
2022-02-03 13:00:00,1.268600,1.271550,1.267900,1.271300,4,2022-02-03
2022-02-03 17:00:00,1.271300,1.271450,1.266400,1.269100,4,2022-02-04
2022-02-03 21:00:00,1.269200,1.269450,1.266200,1.266500,4,2022-02-04
2022-02-04 01:00:00,1.266400,1.269350,1.265800,1.267600,4,2022-02-04
2022-02-04 05:00:00,1.267650,1.268500,1.266800,1.267300,4,2022-02-04
2022-02-04 09:00:00,1.267250,1.269050,1.266250,1.268650,4,2022-02-04
2022-02-04 13:00:00,1.268450,1.272800,1.268300,1.272550,4,2022-02-04
2022-02-07 01:00:00,1.274650,1.275100,1.274550,1.274950,3,2022-02-07
2022-02-07 05:00:00,1.274900,1.275650,1.273400,1.274950,4,2022-02-07
2022-02-07 09:00:00,1.274850,1.275200,1.271900,1.272300,4,2022-02-07
2022-02-07 13:00:00,1.272350,1.274150,1.271100,1.273500,4,2022-02-07
2022-02-07 17:00:00,1.273550,1.273550,1.269700,1.269700,4,2022-02-08
2022-02-07 21:00:00,1.269800,1.270250,1.267150,1.267650,4,2022-02-08
2022-02-08 01:00:00,1.267600,1.267800,1.265750,1.266900,4,2022-02-08
2022-02-08 05:00:00,1.266600,1.268650,1.266450,1.268200,4,2022-02-08
2022-02-08 09:00:00,1.268300,1.270150,1.267700,1.268750,4,2022-02-08
2022-02-08 13:00:00,1.268800,1.269950,1.267300,1.269500,4,2022-02-08
2022-02-08 17:00:00,1.269450,1.272150,1.269250,1.271500,4,2022-02-09
2022-02-08 21:00:00,1.271550,1.272150,1.269800,1.270150,4,2022-02-09
2022-02-09 01:00:00,1.270150,1.271850,1.269650,1.270350,4,2022-02-09
2022-02-09 05:00:00,1.270400,1.271550,1.269650,1.269750,4,2022-02-09
2022-02-09 09:00:00,1.269700,1.270650,1.268900,1.270300,4,2022-02-09
2022-02-09 13:00:00,1.270300,1.271450,1.268250,1.268550,4,2022-02-09
2022-02-09 17:00:00,1.268550,1.270000,1.268200,1.268900,4,2022-02-10
2022-02-09 21:00:00,1.268950,1.269150,1.266600,1.266900,4,2022-02-10
2022-02-10 01:00:00,1.266900,1.268500,1.266550,1.267400,4,2022-02-10
2022-02-10 05:00:00,1.267400,1.268650,1.266900,1.268100,4,2022-02-10
2022-02-10 09:00:00,1.268050,1.268450,1.267150,1.267450,4,2022-02-10
2022-02-10 13:00:00,1.267550,1.268050,1.266550,1.267450,4,2022-02-10
2022-02-10 17:00:00,1.267450,1.271950,1.266550,1.268800,4,2022-02-11
2022-02-10 21:00:00,1.268800,1.269400,1.263600,1.268650,4,2022-02-11
2022-02-11 01:00:00,1.268450,1.272800,1.268450,1.272000,4,2022-02-11
2022-02-11 05:00:00,1.272250,1.275050,1.272100,1.273000,4,2022-02-11
2022-02-11 09:00:00,1.272950,1.275400,1.272400,1.274300,4,2022-02-11
2022-02-11 13:00:00,1.274400,1.274600,1.271950,1.272150,4,2022-02-11
2022-02-14 01:00:00,1.273950,1.273950,1.273400,1.273750,3,2022-02-14
2022-02-14 05:00:00,1.273950,1.274600,1.272100,1.274200,4,2022-02-14
2022-02-14 09:00:00,1.274200,1.274550,1.272650,1.273100,4,2022-02-14
2022-02-14 13:00:00,1.273100,1.278400,1.273050,1.277250,4,2022-02-14
2022-02-14 17:00:00,1.277250,1.278350,1.272800,1.273100,4,2022-02-15
2022-02-14 21:00:00,1.273200,1.275600,1.272000,1.274500,4,2022-02-15
2022-02-15 01:00:00,1.274500,1.275150,1.272150,1.272800,4,2022-02-15
2022-02-15 05:00:00,1.272800,1.274000,1.272400,1.273500,4,2022-02-15
2022-02-15 09:00:00,1.273350,1.275400,1.273250,1.273950,4,2022-02-15
2022-02-15 13:00:00,1.274000,1.274350,1.269800,1.271310,4,2022-02-15
2022-02-15 17:00:00,1.271300,1.277360,1.270300,1.277290,4,2022-02-16
2022-02-15 21:00:00,1.277320,1.277450,1.273800,1.274160,4,2022-02-16
2022-02-16 01:00:00,1.274180,1.274580,1.271100,1.272100,4,2022-02-16
2022-02-16 05:00:00,1.272070,1.272590,1.270700,1.271690,4,2022-02-16
2022-02-16 09:00:00,1.271600,1.272230,1.270800,1.271000,4,2022-02-16
2022-02-16 13:00:00,1.271110,1.271240,1.267550,1.267650,4,2022-02-16
2022-02-16 17:00:00,1.267700,1.269500,1.266400,1.269000,4,2022-02-17
2022-02-16 21:00:00,1.269050,1.270450,1.267950,1.268950,4,2022-02-17
2022-02-17 01:00:00,1.268950,1.270050,1.267300,1.269050,4,2022-02-17
2022-02-17 05:00:00,1.268950,1.270000,1.268000,1.269700,4,2022-02-17
2022-02-17 09:00:00,1.269700,1.273450,1.268900,1.270850,4,2022-02-17
2022-02-17 13:00:00,1.271000,1.272500,1.269450,1.270200,4,2022-02-17
2022-02-17 17:00:00,1.270250,1.271500,1.269400,1.270150,4,2022-02-18
2022-02-17 21:00:00,1.270150,1.270150,1.267700,1.268450,4,2022-02-18
2022-02-18 01:00:00,1.268450,1.271000,1.268400,1.270650,4,2022-02-18
2022-02-18 05:00:00,1.270800,1.271800,1.269350,1.269800,4,2022-02-18
2022-02-18 09:00:00,1.269850,1.270150,1.268750,1.269150,4,2022-02-18
2022-02-18 13:00:00,1.269100,1.270250,1.267400,1.270100,4,2022-02-18
2022-02-21 01:00:00,1.275850,1.275850,1.274550,1.275100,3,2022-02-21
2022-02-21 05:00:00,1.275800,1.276150,1.273200,1.273300,4,2022-02-21
2022-02-21 09:00:00,1.273350,1.273400,1.272200,1.272650,4,2022-02-21
2022-02-21 13:00:00,1.272650,1.274950,1.272200,1.274850,4,2022-02-21
2022-02-21 17:00:00,1.274900,1.275650,1.273350,1.274100,4,2022-02-22
2022-02-21 21:00:00,1.274050,1.275700,1.273400,1.275150,4,2022-02-22
2022-02-22 01:00:00,1.275150,1.275900,1.274850,1.275100,4,2022-02-22
2022-02-22 05:00:00,1.275500,1.276650,1.274550,1.275650,4,2022-02-22
2022-02-22 09:00:00,1.275700,1.276950,1.274050,1.275150,4,2022-02-22
2022-02-22 13:00:00,1.275350,1.276650,1.272700,1.273400,4,2022-02-22
2022-02-22 17:00:00,1.273200,1.274050,1.271900,1.273250,4,2022-02-23
2022-02-22 21:00:00,1.273450,1.277650,1.272400,1.277200,4,2022-02-23
2022-02-23 01:00:00,1.277050,1.278300,1.274650,1.276900,4,2022-02-23
2022-02-23 05:00:00,1.276950,1.277050,1.274350,1.275600,4,2022-02-23
2022-02-23 09:00:00,1.275650,1.276050,1.274350,1.274900,4,2022-02-23
2022-02-23 13:00:00,1.275000,1.275650,1.270500,1.270700,4,2022-02-23
2022-02-23 17:00:00,1.270700,1.271750,1.268200,1.271200,4,2022-02-24
2022-02-23 21:00:00,1.271150,1.273850,1.270900,1.272650,4,2022-02-24
2022-02-24 01:00:00,1.272650,1.274800,1.272250,1.272850,4,2022-02-24
2022-02-24 05:00:00,1.272900,1.275900,1.272850,1.275400,4,2022-02-24
2022-02-24 09:00:00,1.275400,1.279250,1.274900,1.278350,4,2022-02-24
2022-02-24 13:00:00,1.278550,1.283000,1.278450,1.282950,4,2022-02-24
2022-02-24 17:00:00,1.283000,1.284750,1.280600,1.284050,4,2022-02-25
2022-02-24 21:00:00,1.284050,1.287800,1.281250,1.282400,4,2022-02-25
2022-02-25 01:00:00,1.282500,1.283250,1.279150,1.280950,4,2022-02-25
2022-02-25 05:00:00,1.281350,1.281650,1.279100,1.279600,4,2022-02-25
2022-02-25 09:00:00,1.279600,1.280000,1.277200,1.278850,4,2022-02-25
2022-02-25 13:00:00,1.278950,1.282050,1.277900,1.280900,4,2022-02-25
2022-02-28 01:00:00,1.274950,1.279150,1.274200,1.275300,3,2022-02-28
2022-02-28 05:00:00,1.275800,1.280300,1.274400,1.279600,4,2022-02-28
2022-02-28 09:00:00,1.279600,1.280950,1.277700,1.278350,4,2022-02-28
2022-02-28 13:00:00,1.278200,1.278800,1.273650,1.273800,4,2022-02-28
2022-02-28 17:00:00,1.273850,1.275950,1.270700,1.270750,4,2022-03-01
2022-02-28 21:00:00,1.270800,1.270950,1.266050,1.269250,4,2022-03-01
2022-03-01 01:00:00,1.269350,1.270550,1.266850,1.267600,4,2022-03-01
2022-03-01 05:00:00,1.267500,1.267750,1.266550,1.267100,4,2022-03-01
2022-03-01 09:00:00,1.267050,1.268500,1.266650,1.266700,4,2022-03-01
2022-03-01 13:00:00,1.266650,1.268100,1.265350,1.266700,4,2022-03-01
2022-03-01 17:00:00,1.266900,1.269400,1.265500,1.266400,4,2022-03-02
2022-03-01 21:00:00,1.266300,1.274950,1.266300,1.273300,4,2022-03-02
2022-03-02 01:00:00,1.273350,1.275000,1.272750,1.274350,4,2022-03-02
2022-03-02 05:00:00,1.274150,1.274400,1.271650,1.272050,4,2022-03-02
2022-03-02 09:00:00,1.272050,1.273400,1.271450,1.273100,4,2022-03-02
2022-03-02 13:00:00,1.273000,1.274500,1.270350,1.271400,4,2022-03-02
2022-03-02 17:00:00,1.271400,1.271800,1.268000,1.268000,4,2022-03-03
2022-03-02 21:00:00,1.267750,1.270850,1.263500,1.263800,4,2022-03-03
2022-03-03 01:00:00,1.263800,1.265600,1.262850,1.263600,4,2022-03-03
2022-03-03 05:00:00,1.263450,1.265500,1.263000,1.263850,4,2022-03-03
2022-03-03 09:00:00,1.263750,1.264900,1.260600,1.260750,4,2022-03-03
2022-03-03 13:00:00,1.260850,1.263100,1.258800,1.262900,4,2022-03-03
2022-03-03 17:00:00,1.262850,1.265150,1.262250,1.263800,4,2022-03-04
2022-03-03 21:00:00,1.263800,1.269300,1.263050,1.267750,4,2022-03-04
2022-03-04 01:00:00,1.267650,1.269150,1.267050,1.267800,4,2022-03-04
2022-03-04 05:00:00,1.267700,1.272150,1.267050,1.269700,4,2022-03-04
2022-03-04 09:00:00,1.269650,1.270550,1.268100,1.270250,4,2022-03-04
2022-03-04 13:00:00,1.270400,1.273200,1.268800,1.273100,4,2022-03-04
2022-03-07 01:00:00,1.274100,1.274350,1.272350,1.273600,3,2022-03-07
2022-03-07 05:00:00,1.273950,1.275650,1.271250,1.272400,4,2022-03-07
2022-03-07 09:00:00,1.272400,1.272950,1.268900,1.269000,4,2022-03-07
2022-03-07 13:00:00,1.269000,1.273900,1.268600,1.272300,4,2022-03-07
2022-03-07 17:00:00,1.272300,1.276650,1.270200,1.275850,4,2022-03-08
2022-03-07 21:00:00,1.275800,1.280200,1.274950,1.279650,4,2022-03-08
2022-03-08 01:00:00,1.279700,1.282150,1.278800,1.281450,4,2022-03-08
2022-03-08 05:00:00,1.281500,1.281700,1.279650,1.280950,4,2022-03-08
2022-03-08 09:00:00,1.280950,1.283350,1.280050,1.282150,4,2022-03-08
2022-03-08 13:00:00,1.282150,1.283950,1.280700,1.283500,4,2022-03-08
2022-03-08 17:00:00,1.283450,1.284450,1.280700,1.284000,4,2022-03-09
2022-03-08 21:00:00,1.284050,1.290050,1.283600,1.289050,4,2022-03-09
2022-03-09 01:00:00,1.289100,1.289650,1.287800,1.289000,4,2022-03-09
2022-03-09 05:00:00,1.288650,1.289450,1.286750,1.288150,4,2022-03-09
2022-03-09 09:00:00,1.288100,1.289250,1.287100,1.287450,4,2022-03-09
2022-03-09 13:00:00,1.287300,1.287800,1.280600,1.281850,4,2022-03-09
2022-03-09 17:00:00,1.281900,1.284500,1.280850,1.282700,4,2022-03-10
2022-03-09 21:00:00,1.282700,1.283450,1.280350,1.283400,4,2022-03-10
2022-03-10 01:00:00,1.283350,1.283550,1.280400,1.281000,4,2022-03-10
2022-03-10 05:00:00,1.280850,1.284050,1.279150,1.281850,4,2022-03-10
2022-03-10 09:00:00,1.281800,1.282200,1.280750,1.281900,4,2022-03-10
2022-03-10 13:00:00,1.281800,1.283200,1.279450,1.282350,4,2022-03-10
2022-03-10 17:00:00,1.282200,1.283300,1.278100,1.278300,4,2022-03-11
2022-03-10 21:00:00,1.278300,1.279250,1.275700,1.275700,4,2022-03-11
2022-03-11 01:00:00,1.275800,1.277550,1.275050,1.277350,4,2022-03-11
2022-03-11 05:00:00,1.277200,1.278950,1.275350,1.278800,4,2022-03-11
2022-03-11 09:00:00,1.278700,1.279450,1.276850,1.277050,4,2022-03-11
2022-03-11 13:00:00,1.277100,1.278850,1.275950,1.276650,4,2022-03-11
2022-03-14 01:00:00,1.272900,1.273850,1.272700,1.273600,3,2022-03-14
2022-03-14 05:00:00,1.273650,1.275100,1.272950,1.274750,4,2022-03-14
2022-03-14 09:00:00,1.274500,1.278950,1.274500,1.277850,4,2022-03-14
2022-03-14 13:00:00,1.277950,1.278850,1.274600,1.275350,4,2022-03-14
2022-03-14 17:00:00,1.275400,1.277800,1.274450,1.276300,4,2022-03-15
2022-03-14 21:00:00,1.276300,1.281550,1.273800,1.281000,4,2022-03-15
2022-03-15 01:00:00,1.280900,1.282650,1.280900,1.281950,4,2022-03-15
2022-03-15 05:00:00,1.282100,1.285350,1.281400,1.284900,4,2022-03-15
2022-03-15 09:00:00,1.285000,1.285000,1.281800,1.282500,4,2022-03-15
2022-03-15 13:00:00,1.282500,1.287150,1.282450,1.285850,4,2022-03-15
2022-03-15 17:00:00,1.285850,1.286750,1.281950,1.281950,4,2022-03-16
2022-03-15 21:00:00,1.282000,1.283000,1.277850,1.278500,4,2022-03-16
2022-03-16 01:00:00,1.278600,1.279400,1.276150,1.276950,4,2022-03-16
2022-03-16 05:00:00,1.277000,1.277600,1.275850,1.276000,4,2022-03-16
2022-03-16 09:00:00,1.275950,1.277000,1.273800,1.273950,4,2022-03-16
2022-03-16 13:00:00,1.274100,1.275450,1.271800,1.272200,4,2022-03-16
2022-03-16 17:00:00,1.272250,1.272550,1.268850,1.269650,4,2022-03-17
2022-03-16 21:00:00,1.269600,1.274700,1.269250,1.272000,4,2022-03-17
2022-03-17 01:00:00,1.272850,1.277700,1.267500,1.268000,4,2022-03-17
2022-03-17 05:00:00,1.268050,1.269900,1.266950,1.269300,4,2022-03-17
2022-03-17 09:00:00,1.269250,1.269400,1.267250,1.268100,4,2022-03-17
2022-03-17 13:00:00,1.268050,1.268850,1.265200,1.265350,4,2022-03-17
2022-03-17 17:00:00,1.265400,1.267900,1.265300,1.266200,4,2022-03-18
2022-03-17 21:00:00,1.266250,1.267450,1.263000,1.263700,4,2022-03-18
2022-03-18 01:00:00,1.263750,1.265000,1.261300,1.262550,4,2022-03-18
2022-03-18 05:00:00,1.262350,1.263650,1.261500,1.262100,4,2022-03-18
2022-03-18 09:00:00,1.262100,1.263000,1.260450,1.260600,4,2022-03-18
2022-03-18 13:00:00,1.260600,1.262200,1.259550,1.262000,4,2022-03-18
2022-03-21 01:00:00,1.260800,1.261750,1.260450,1.261500,3,2022-03-21
2022-03-21 05:00:00,1.261700,1.261700,1.259150,1.259300,4,2022-03-21
2022-03-21 09:00:00,1.259350,1.261400,1.259350,1.260950,4,2022-03-21
2022-03-21 13:00:00,1.261000,1.261550,1.259000,1.260850,4,2022-03-21
2022-03-21 17:00:00,1.260800,1.262250,1.258350,1.259500,4,2022-03-22
2022-03-21 21:00:00,1.259450,1.261250,1.256550,1.259850,4,2022-03-22
2022-03-22 01:00:00,1.259850,1.260450,1.258500,1.259350,4,2022-03-22
2022-03-22 05:00:00,1.259300,1.260300,1.258750,1.260000,4,2022-03-22
2022-03-22 09:00:00,1.259900,1.260700,1.257100,1.260250,4,2022-03-22
2022-03-22 13:00:00,1.260300,1.262200,1.259000,1.261450,4,2022-03-22
2022-03-22 17:00:00,1.261350,1.261350,1.257400,1.257850,4,2022-03-23
2022-03-22 21:00:00,1.257900,1.261800,1.257400,1.258100,4,2022-03-23
2022-03-23 01:00:00,1.258000,1.258600,1.256750,1.257250,4,2022-03-23
2022-03-23 05:00:00,1.257300,1.258600,1.256500,1.257700,4,2022-03-23
2022-03-23 09:00:00,1.257750,1.259100,1.256600,1.257700,4,2022-03-23
2022-03-23 13:00:00,1.257550,1.259050,1.257050,1.258550,4,2022-03-23
2022-03-23 17:00:00,1.258600,1.260650,1.258200,1.258550,4,2022-03-24
2022-03-23 21:00:00,1.258300,1.258400,1.254300,1.256400,4,2022-03-24
2022-03-24 01:00:00,1.256350,1.257050,1.255900,1.256250,4,2022-03-24
2022-03-24 05:00:00,1.256700,1.257650,1.255550,1.257150,4,2022-03-24
2022-03-24 09:00:00,1.257050,1.258500,1.256350,1.257750,4,2022-03-24
2022-03-24 13:00:00,1.257700,1.258650,1.255900,1.257800,4,2022-03-24
2022-03-24 17:00:00,1.257800,1.257900,1.255250,1.255900,4,2022-03-25
2022-03-24 21:00:00,1.255700,1.255700,1.251000,1.254100,4,2022-03-25
2022-03-25 01:00:00,1.254200,1.255350,1.252100,1.252550,4,2022-03-25
2022-03-25 05:00:00,1.252650,1.254350,1.251750,1.252500,4,2022-03-25
2022-03-25 09:00:00,1.252500,1.253450,1.252500,1.252550,4,2022-03-25
2022-03-25 13:00:00,1.252600,1.255400,1.252450,1.254100,4,2022-03-25
2022-03-28 01:00:00,1.247950,1.248800,1.247950,1.248350,3,2022-03-28
2022-03-28 05:00:00,1.247850,1.250050,1.247700,1.249300,4,2022-03-28
2022-03-28 09:00:00,1.249500,1.250300,1.248300,1.249750,4,2022-03-28
2022-03-28 13:00:00,1.249850,1.250400,1.247900,1.248400,4,2022-03-28
2022-03-28 17:00:00,1.248400,1.256850,1.247250,1.256300,4,2022-03-29
2022-03-28 21:00:00,1.256300,1.259200,1.253600,1.254900,4,2022-03-29
2022-03-29 01:00:00,1.254850,1.255100,1.251600,1.252250,4,2022-03-29
2022-03-29 05:00:00,1.252200,1.253000,1.251500,1.251600,4,2022-03-29
2022-03-29 09:00:00,1.251550,1.252050,1.251000,1.251150,4,2022-03-29
2022-03-29 13:00:00,1.251200,1.251350,1.248200,1.248950,4,2022-03-29
2022-03-29 17:00:00,1.248900,1.252900,1.247050,1.250100,4,2022-03-30
2022-03-29 21:00:00,1.250200,1.252800,1.249700,1.251050,4,2022-03-30
2022-03-30 01:00:00,1.250950,1.250950,1.248150,1.250150,4,2022-03-30
2022-03-30 05:00:00,1.250100,1.250950,1.248900,1.249600,4,2022-03-30
2022-03-30 09:00:00,1.249550,1.249600,1.248550,1.248600,4,2022-03-30
2022-03-30 13:00:00,1.248700,1.249150,1.247550,1.247950,4,2022-03-30
2022-03-30 17:00:00,1.248000,1.248850,1.244150,1.244500,4,2022-03-31
2022-03-30 21:00:00,1.244550,1.250150,1.243000,1.247950,4,2022-03-31
2022-03-31 01:00:00,1.247950,1.248700,1.247150,1.248100,4,2022-03-31
2022-03-31 05:00:00,1.248100,1.250850,1.247650,1.250400,4,2022-03-31
2022-03-31 09:00:00,1.250350,1.252050,1.250000,1.251650,4,2022-03-31
2022-03-31 13:00:00,1.251650,1.253450,1.249750,1.252900,4,2022-03-31
2022-03-31 17:00:00,1.253000,1.253000,1.250050,1.250900,4,2022-04-01
2022-03-31 21:00:00,1.251000,1.252550,1.246500,1.248250,4,2022-04-01
2022-04-01 01:00:00,1.248250,1.251000,1.247750,1.250500,4,2022-04-01
2022-04-01 05:00:00,1.250600,1.251150,1.249750,1.249950,4,2022-04-01
2022-04-01 09:00:00,1.249950,1.251100,1.249200,1.251100,4,2022-04-01
2022-04-01 13:00:00,1.250850,1.252650,1.248300,1.248800,4,2022-04-01
2022-04-03 21:00:00,1.252000,1.252000,1.252000,1.252000,1,2022-04-04
2022-04-04 01:00:00,1.252000,1.252700,1.251400,1.252300,4,2022-04-04
2022-04-04 05:00:00,1.252400,1.252900,1.251150,1.251150,4,2022-04-04
2022-04-04 09:00:00,1.251150,1.251500,1.249650,1.249800,4,2022-04-04
2022-04-04 13:00:00,1.249850,1.250550,1.248500,1.250050,4,2022-04-04
2022-04-04 17:00:00,1.250000,1.250250,1.246800,1.247150,4,2022-04-05
2022-04-04 21:00:00,1.247100,1.250350,1.246850,1.248500,4,2022-04-05
2022-04-05 01:00:00,1.248550,1.249300,1.247950,1.249250,4,2022-04-05
2022-04-05 05:00:00,1.249100,1.249300,1.248500,1.248750,4,2022-04-05
2022-04-05 09:00:00,1.248750,1.249200,1.247050,1.247150,4,2022-04-05
2022-04-05 13:00:00,1.247150,1.247150,1.245200,1.245700,4,2022-04-05
2022-04-05 17:00:00,1.245650,1.246150,1.240300,1.243900,4,2022-04-06
2022-04-05 21:00:00,1.243850,1.247650,1.243750,1.247250,4,2022-04-06
2022-04-06 01:00:00,1.247100,1.249800,1.247100,1.248800,4,2022-04-06
2022-04-06 05:00:00,1.248850,1.250350,1.248350,1.249150,4,2022-04-06
2022-04-06 09:00:00,1.249150,1.250950,1.248900,1.250500,4,2022-04-06
2022-04-06 13:00:00,1.250400,1.250800,1.248850,1.249500,4,2022-04-06
2022-04-06 17:00:00,1.249500,1.251900,1.248000,1.250300,4,2022-04-07
2022-04-06 21:00:00,1.250350,1.255700,1.249050,1.252250,4,2022-04-07
2022-04-07 01:00:00,1.252250,1.255850,1.251400,1.255750,4,2022-04-07
2022-04-07 05:00:00,1.255550,1.256900,1.255250,1.255700,4,2022-04-07
2022-04-07 09:00:00,1.255750,1.256650,1.254900,1.255350,4,2022-04-07
2022-04-07 13:00:00,1.255450,1.257250,1.253800,1.255800,4,2022-04-07
2022-04-07 17:00:00,1.255950,1.259550,1.254000,1.258500,4,2022-04-08
2022-04-07 21:00:00,1.258550,1.261200,1.257650,1.257650,4,2022-04-08
2022-04-08 01:00:00,1.257700,1.259400,1.257550,1.258750,4,2022-04-08
2022-04-08 05:00:00,1.258600,1.259500,1.257800,1.258700,4,2022-04-08
2022-04-08 09:00:00,1.258750,1.259400,1.257500,1.258450,4,2022-04-08
2022-04-08 13:00:00,1.258450,1.259950,1.258250,1.258800,4,2022-04-08
2022-04-10 21:00:00,1.257100,1.257100,1.257100,1.257100,1,2022-04-11
2022-04-11 01:00:00,1.257100,1.257500,1.256650,1.256800,4,2022-04-11
2022-04-11 05:00:00,1.256600,1.261750,1.256600,1.261400,4,2022-04-11
2022-04-11 09:00:00,1.261450,1.261450,1.259050,1.261400,4,2022-04-11
2022-04-11 13:00:00,1.261250,1.261750,1.257300,1.258650,4,2022-04-11
2022-04-11 17:00:00,1.258600,1.262950,1.258300,1.261900,4,2022-04-12
2022-04-11 21:00:00,1.261900,1.263750,1.261350,1.262100,4,2022-04-12
2022-04-12 01:00:00,1.262100,1.264100,1.262050,1.263550,4,2022-04-12
2022-04-12 05:00:00,1.263350,1.265650,1.263350,1.265000,4,2022-04-12
2022-04-12 09:00:00,1.265050,1.265050,1.263200,1.264600,4,2022-04-12
2022-04-12 13:00:00,1.264400,1.266200,1.264000,1.265050,4,2022-04-12
2022-04-12 17:00:00,1.264950,1.265000,1.258200,1.261200,4,2022-04-13
2022-04-12 21:00:00,1.261300,1.264250,1.259650,1.263500,4,2022-04-13
2022-04-13 01:00:00,1.263650,1.264500,1.263500,1.263500,4,2022-04-13
2022-04-13 05:00:00,1.263550,1.264250,1.261100,1.261500,4,2022-04-13
2022-04-13 09:00:00,1.261400,1.264150,1.261050,1.263900,4,2022-04-13
2022-04-13 13:00:00,1.264150,1.265400,1.262900,1.265350,4,2022-04-13
2022-04-13 17:00:00,1.265350,1.267650,1.262700,1.263200,4,2022-04-14
2022-04-13 21:00:00,1.263100,1.263350,1.255500,1.256800,4,2022-04-14
2022-04-14 01:00:00,1.256800,1.257400,1.255850,1.256400,4,2022-04-14
2022-04-14 05:00:00,1.256550,1.257000,1.254600,1.255150,4,2022-04-14
2022-04-14 09:00:00,1.255300,1.255650,1.254200,1.254500,4,2022-04-14
2022-04-14 13:00:00,1.254500,1.256750,1.253900,1.254200,4,2022-04-14
2022-04-14 17:00:00,1.254200,1.262550,1.252200,1.261450,4,2022-04-15
2022-04-14 21:00:00,1.261450,1.264250,1.258750,1.260900,4,2022-04-15
2022-04-15 01:00:00,1.261000,1.261950,1.259500,1.260900,4,2022-04-15
2022-04-15 05:00:00,1.261200,1.262200,1.260000,1.260950,4,2022-04-15
2022-04-15 09:00:00,1.260600,1.261400,1.259700,1.260100,4,2022-04-15
2022-04-15 13:00:00,1.260100,1.260200,1.259150,1.259700,4,2022-04-15
2022-04-17 21:00:00,1.261300,1.261300,1.261300,1.261300,1,2022-04-18
2022-04-18 01:00:00,1.261300,1.262200,1.260850,1.260950,4,2022-04-18
2022-04-18 05:00:00,1.261050,1.263600,1.261000,1.263200,4,2022-04-18
2022-04-18 09:00:00,1.263250,1.264350,1.263150,1.263450,4,2022-04-18
2022-04-18 13:00:00,1.263450,1.264450,1.262900,1.263550,4,2022-04-18
2022-04-18 17:00:00,1.263450,1.263450,1.260350,1.262200,4,2022-04-19
2022-04-18 21:00:00,1.262300,1.262800,1.260550,1.261700,4,2022-04-19
2022-04-19 01:00:00,1.261700,1.262650,1.260350,1.260450,4,2022-04-19
2022-04-19 05:00:00,1.260500,1.261450,1.259200,1.259450,4,2022-04-19
2022-04-19 09:00:00,1.259450,1.259600,1.256900,1.257700,4,2022-04-19
2022-04-19 13:00:00,1.257800,1.260100,1.256850,1.260100,4,2022-04-19
2022-04-19 17:00:00,1.260100,1.264600,1.259950,1.262650,4,2022-04-20
2022-04-19 21:00:00,1.262450,1.264000,1.261650,1.262500,4,2022-04-20
2022-04-20 01:00:00,1.262600,1.262750,1.260750,1.260750,4,2022-04-20
2022-04-20 05:00:00,1.260750,1.262450,1.259700,1.259750,4,2022-04-20
2022-04-20 09:00:00,1.259750,1.259750,1.257750,1.258100,4,2022-04-20
2022-04-20 13:00:00,1.258200,1.258800,1.253700,1.254450,4,2022-04-20
2022-04-20 17:00:00,1.254400,1.255250,1.248200,1.248900,4,2022-04-21
2022-04-20 21:00:00,1.249000,1.250950,1.247250,1.250550,4,2022-04-21
2022-04-21 01:00:00,1.250500,1.250550,1.248650,1.248650,4,2022-04-21
2022-04-21 05:00:00,1.248700,1.250050,1.247950,1.249250,4,2022-04-21
2022-04-21 09:00:00,1.249350,1.249750,1.247350,1.247950,4,2022-04-21
2022-04-21 13:00:00,1.247950,1.249150,1.245900,1.248600,4,2022-04-21
2022-04-21 17:00:00,1.248600,1.251050,1.247450,1.250350,4,2022-04-22
2022-04-21 21:00:00,1.250300,1.258000,1.249750,1.257800,4,2022-04-22
2022-04-22 01:00:00,1.257900,1.259050,1.257100,1.258050,4,2022-04-22
2022-04-22 05:00:00,1.258000,1.260450,1.256750,1.259250,4,2022-04-22
2022-04-22 09:00:00,1.259300,1.262400,1.259000,1.262400,4,2022-04-22
2022-04-22 13:00:00,1.262300,1.268400,1.262000,1.266500,4,2022-04-22
2022-04-24 21:00:00,1.271250,1.271250,1.271250,1.271250,1,2022-04-25
2022-04-25 01:00:00,1.270650,1.272900,1.270550,1.271700,4,2022-04-25
2022-04-25 05:00:00,1.271750,1.274300,1.271600,1.273700,4,2022-04-25
2022-04-25 09:00:00,1.273700,1.275650,1.272500,1.275600,4,2022-04-25
2022-04-25 13:00:00,1.275600,1.276300,1.271950,1.275750,4,2022-04-25
2022-04-25 17:00:00,1.275700,1.277400,1.274250,1.277300,4,2022-04-26
2022-04-25 21:00:00,1.277150,1.277750,1.272650,1.272950,4,2022-04-26
2022-04-26 01:00:00,1.272900,1.274400,1.271550,1.273400,4,2022-04-26
2022-04-26 05:00:00,1.273600,1.274500,1.271650,1.271650,4,2022-04-26
2022-04-26 09:00:00,1.271650,1.272000,1.268450,1.271700,4,2022-04-26
2022-04-26 13:00:00,1.271700,1.274750,1.271700,1.273750,4,2022-04-26
2022-04-26 17:00:00,1.273550,1.282800,1.273550,1.281100,4,2022-04-27
2022-04-26 21:00:00,1.281050,1.281200,1.278400,1.279900,4,2022-04-27
2022-04-27 01:00:00,1.280050,1.283000,1.279900,1.281000,4,2022-04-27
2022-04-27 05:00:00,1.281000,1.282150,1.278950,1.279300,4,2022-04-27
2022-04-27 09:00:00,1.279150,1.280750,1.277750,1.280350,4,2022-04-27
2022-04-27 13:00:00,1.280300,1.284750,1.280300,1.283100,4,2022-04-27
2022-04-27 17:00:00,1.283100,1.285400,1.281800,1.285350,4,2022-04-28
2022-04-27 21:00:00,1.285300,1.285350,1.279600,1.283200,4,2022-04-28
2022-04-28 01:00:00,1.283050,1.283500,1.281100,1.281750,4,2022-04-28
2022-04-28 05:00:00,1.281600,1.283000,1.281000,1.281850,4,2022-04-28
2022-04-28 09:00:00,1.281850,1.285850,1.281450,1.281900,4,2022-04-28
2022-04-28 13:00:00,1.282000,1.286500,1.279850,1.286250,4,2022-04-28
2022-04-28 17:00:00,1.286300,1.287950,1.283650,1.283800,4,2022-04-29
2022-04-28 21:00:00,1.283800,1.284050,1.279100,1.280700,4,2022-04-29
2022-04-29 01:00:00,1.280750,1.281400,1.279750,1.280700,4,2022-04-29
2022-04-29 05:00:00,1.280650,1.281100,1.276450,1.278700,4,2022-04-29
2022-04-29 09:00:00,1.278650,1.278700,1.274050,1.274550,4,2022-04-29
2022-04-29 13:00:00,1.274650,1.275150,1.272450,1.273850,4,2022-04-29
2022-05-01 21:00:00,1.285800,1.285800,1.285800,1.285800,1,2022-05-02
2022-05-02 01:00:00,1.284000,1.286300,1.283950,1.284800,2,2022-05-02
2022-05-02 05:00:00,1.284700,1.287400,1.284250,1.287000,4,2022-05-02
2022-05-02 09:00:00,1.286850,1.287350,1.285650,1.286100,4,2022-05-02
2022-05-02 13:00:00,1.286250,1.288000,1.285000,1.286700,4,2022-05-02
2022-05-02 17:00:00,1.286700,1.291400,1.286200,1.289400,4,2022-05-03
2022-05-02 21:00:00,1.289250,1.291400,1.287700,1.290650,4,2022-05-03
2022-05-03 01:00:00,1.290750,1.290750,1.287200,1.287400,4,2022-05-03
2022-05-03 05:00:00,1.287550,1.288000,1.283900,1.284350,4,2022-05-03
2022-05-03 09:00:00,1.284400,1.287150,1.283650,1.286300,4,2022-05-03
2022-05-03 13:00:00,1.286300,1.289450,1.285150,1.288600,4,2022-05-03
2022-05-03 17:00:00,1.288700,1.288700,1.282600,1.285200,4,2022-05-04
2022-05-03 21:00:00,1.285250,1.286400,1.283200,1.284200,4,2022-05-04
2022-05-04 01:00:00,1.284100,1.284750,1.283150,1.283550,4,2022-05-04
2022-05-04 05:00:00,1.283500,1.284100,1.281600,1.282500,4,2022-05-04
2022-05-04 09:00:00,1.282500,1.284000,1.282000,1.282500,4,2022-05-04
2022-05-04 13:00:00,1.282500,1.284250,1.280400,1.280450,4,2022-05-04
2022-05-04 17:00:00,1.280500,1.285450,1.280500,1.283450,4,2022-05-05
2022-05-04 21:00:00,1.283550,1.284600,1.273000,1.275100,4,2022-05-05
2022-05-05 01:00:00,1.275000,1.277600,1.273100,1.274900,4,2022-05-05
2022-05-05 05:00:00,1.274400,1.274750,1.272000,1.273750,4,2022-05-05
2022-05-05 09:00:00,1.273800,1.274000,1.271200,1.274000,4,2022-05-05
2022-05-05 13:00:00,1.273850,1.276550,1.273400,1.274600,4,2022-05-05
2022-05-05 17:00:00,1.274500,1.283450,1.274200,1.281550,4,2022-05-06
2022-05-05 21:00:00,1.281800,1.286800,1.281200,1.285650,4,2022-05-06
2022-05-06 01:00:00,1.285650,1.286000,1.282100,1.282300,4,2022-05-06
2022-05-06 05:00:00,1.282450,1.285700,1.281450,1.283650,4,2022-05-06
2022-05-06 09:00:00,1.283650,1.286200,1.282800,1.286200,4,2022-05-06
2022-05-06 13:00:00,1.286150,1.286750,1.281900,1.282800,4,2022-05-06
2022-05-09 01:00:00,1.290500,1.291800,1.290350,1.291750,2,2022-05-09
2022-05-09 05:00:00,1.291650,1.294450,1.291350,1.293550,4,2022-05-09
2022-05-09 09:00:00,1.293650,1.295000,1.293100,1.294250,4,2022-05-09
2022-05-09 13:00:00,1.294300,1.294950,1.292200,1.294250,4,2022-05-09
2022-05-09 17:00:00,1.294300,1.297500,1.290800,1.297450,4,2022-05-10
2022-05-09 21:00:00,1.297500,1.300050,1.293350,1.298850,4,2022-05-10
2022-05-10 01:00:00,1.298600,1.301900,1.298200,1.301100,4,2022-05-10
2022-05-10 05:00:00,1.301100,1.303700,1.299750,1.300400,4,2022-05-10
2022-05-10 09:00:00,1.300350,1.301400,1.298700,1.300900,4,2022-05-10
2022-05-10 13:00:00,1.300650,1.302150,1.298600,1.299250,4,2022-05-10
2022-05-10 17:00:00,1.299100,1.301900,1.296200,1.301400,4,2022-05-11
2022-05-10 21:00:00,1.301400,1.305250,1.300550,1.302600,4,2022-05-11
2022-05-11 01:00:00,1.302450,1.303850,1.301300,1.302900,4,2022-05-11
2022-05-11 05:00:00,1.302750,1.303500,1.300450,1.300750,4,2022-05-11
2022-05-11 09:00:00,1.300800,1.301550,1.299500,1.299850,4,2022-05-11
2022-05-11 13:00:00,1.299850,1.300950,1.295400,1.296550,4,2022-05-11
2022-05-11 17:00:00,1.296750,1.303900,1.292200,1.294050,4,2022-05-12
2022-05-11 21:00:00,1.294150,1.300650,1.292800,1.298300,4,2022-05-12
2022-05-12 01:00:00,1.298200,1.300250,1.298100,1.299100,4,2022-05-12
2022-05-12 05:00:00,1.299000,1.301400,1.297700,1.300400,4,2022-05-12
2022-05-12 09:00:00,1.300350,1.303650,1.299350,1.302450,4,2022-05-12
2022-05-12 13:00:00,1.302300,1.304650,1.300700,1.303150,4,2022-05-12
2022-05-12 17:00:00,1.303150,1.305150,1.300100,1.302100,4,2022-05-13
2022-05-12 21:00:00,1.302250,1.307700,1.300200,1.307450,4,2022-05-13
2022-05-13 01:00:00,1.307300,1.307350,1.303700,1.303750,4,2022-05-13
2022-05-13 05:00:00,1.303700,1.304000,1.300550,1.300900,4,2022-05-13
2022-05-13 09:00:00,1.301100,1.301900,1.299200,1.301550,4,2022-05-13
2022-05-13 13:00:00,1.301550,1.302350,1.299300,1.300200,4,2022-05-13
2022-05-16 01:00:00,1.292300,1.292700,1.290050,1.291400,2,2022-05-16
2022-05-16 05:00:00,1.291400,1.295850,1.289500,1.295650,4,2022-05-16
2022-05-16 09:00:00,1.295500,1.298200,1.295200,1.296100,4,2022-05-16
2022-05-16 13:00:00,1.296100,1.296750,1.292000,1.292450,4,2022-05-16
2022-05-16 17:00:00,1.292500,1.293350,1.288750,1.290900,4,2022-05-17
2022-05-16 21:00:00,1.290850,1.291600,1.283800,1.284050,4,2022-05-17
2022-05-17 01:00:00,1.284000,1.285800,1.283650,1.284950,4,2022-05-17
2022-05-17 05:00:00,1.284800,1.285300,1.281900,1.283550,4,2022-05-17
2022-05-17 09:00:00,1.283550,1.284050,1.281300,1.282350,4,2022-05-17
2022-05-17 13:00:00,1.282500,1.283200,1.280700,1.281550,4,2022-05-17
2022-05-17 17:00:00,1.281700,1.285450,1.281250,1.284600,4,2022-05-18
2022-05-17 21:00:00,1.284600,1.285850,1.282250,1.282850,4,2022-05-18
2022-05-18 01:00:00,1.282950,1.283350,1.280550,1.280750,4,2022-05-18
2022-05-18 05:00:00,1.280700,1.283300,1.279500,1.283100,4,2022-05-18
2022-05-18 09:00:00,1.283100,1.284200,1.280950,1.282900,4,2022-05-18
2022-05-18 13:00:00,1.282900,1.285250,1.281800,1.283600,4,2022-05-18
2022-05-18 17:00:00,1.283550,1.284650,1.280600,1.281300,4,2022-05-19
2022-05-18 21:00:00,1.281500,1.287900,1.281300,1.287800,4,2022-05-19
2022-05-19 01:00:00,1.287700,1.289600,1.286650,1.286650,4,2022-05-19
2022-05-19 05:00:00,1.286700,1.288900,1.283550,1.284000,4,2022-05-19
2022-05-19 09:00:00,1.284050,1.285650,1.281850,1.284850,4,2022-05-19
2022-05-19 13:00:00,1.284950,1.285950,1.281500,1.281700,4,2022-05-19
2022-05-19 17:00:00,1.281750,1.283450,1.278400,1.281800,4,2022-05-20
2022-05-19 21:00:00,1.281800,1.282950,1.278950,1.279750,4,2022-05-20
2022-05-20 01:00:00,1.279900,1.282750,1.278850,1.281700,4,2022-05-20
2022-05-20 05:00:00,1.281700,1.283500,1.280750,1.282700,4,2022-05-20
2022-05-20 09:00:00,1.282700,1.283450,1.279550,1.280100,4,2022-05-20
2022-05-20 13:00:00,1.280100,1.280750,1.277550,1.278300,4,2022-05-20
2022-05-23 01:00:00,1.284500,1.284900,1.281750,1.282500,2,2022-05-23
2022-05-23 05:00:00,1.282250,1.282400,1.279250,1.280200,4,2022-05-23
2022-05-23 09:00:00,1.280100,1.280700,1.278250,1.278850,4,2022-05-23
2022-05-23 13:00:00,1.278750,1.280550,1.277400,1.277550,4,2022-05-23
2022-05-23 17:00:00,1.277400,1.280300,1.276700,1.278200,4,2022-05-24
2022-05-23 21:00:00,1.278300,1.280650,1.277200,1.278150,4,2022-05-24
2022-05-24 01:00:00,1.278200,1.278650,1.276500,1.278600,4,2022-05-24
2022-05-24 05:00:00,1.278550,1.280800,1.278450,1.280300,4,2022-05-24
2022-05-24 09:00:00,1.280350,1.281300,1.279600,1.280200,4,2022-05-24
2022-05-24 13:00:00,1.280000,1.281150,1.277950,1.279050,4,2022-05-24
2022-05-24 17:00:00,1.278900,1.286250,1.278200,1.285900,4,2022-05-25
2022-05-24 21:00:00,1.285650,1.287250,1.281750,1.283550,4,2022-05-25
2022-05-25 01:00:00,1.283550,1.283650,1.280350,1.282400,4,2022-05-25
2022-05-25 05:00:00,1.282250,1.283450,1.281250,1.282650,4,2022-05-25
2022-05-25 09:00:00,1.282650,1.284050,1.281050,1.282250,4,2022-05-25
2022-05-25 13:00:00,1.282000,1.285800,1.282000,1.285750,4,2022-05-25
2022-05-25 17:00:00,1.285900,1.288550,1.281200,1.283400,4,2022-05-26
2022-05-25 21:00:00,1.283350,1.285250,1.280850,1.281000,4,2022-05-26
2022-05-26 01:00:00,1.280850,1.282250,1.280300,1.281750,4,2022-05-26
2022-05-26 05:00:00,1.281700,1.283750,1.280150,1.282300,4,2022-05-26
2022-05-26 09:00:00,1.282250,1.284900,1.282200,1.283000,4,2022-05-26
2022-05-26 13:00:00,1.283000,1.283300,1.281050,1.282250,4,2022-05-26
2022-05-26 17:00:00,1.282400,1.283450,1.278000,1.279800,4,2022-05-27
2022-05-26 21:00:00,1.279650,1.280150,1.277100,1.277150,4,2022-05-27
2022-05-27 01:00:00,1.277200,1.278250,1.276800,1.278200,4,2022-05-27
2022-05-27 05:00:00,1.278200,1.278400,1.275000,1.275600,4,2022-05-27
2022-05-27 09:00:00,1.275500,1.276350,1.274550,1.276000,4,2022-05-27
2022-05-27 13:00:00,1.275950,1.276150,1.273250,1.274700,4,2022-05-27
2022-05-30 01:00:00,1.273200,1.273600,1.272000,1.272550,2,2022-05-30
2022-05-30 05:00:00,1.272600,1.272700,1.270100,1.270900,4,2022-05-30
2022-05-30 09:00:00,1.271050,1.271400,1.269100,1.270500,4,2022-05-30
2022-05-30 13:00:00,1.270300,1.270850,1.268050,1.268600,4,2022-05-30
2022-05-30 17:00:00,1.268500,1.269250,1.265500,1.265550,4,2022-05-31
2022-05-30 21:00:00,1.265700,1.266200,1.265100,1.265800,4,2022-05-31
2022-05-31 01:00:00,1.265850,1.266250,1.265200,1.265900,4,2022-05-31
2022-05-31 05:00:00,1.265750,1.268500,1.265250,1.267400,4,2022-05-31
2022-05-31 09:00:00,1.267350,1.268200,1.265600,1.266750,4,2022-05-31
2022-05-31 13:00:00,1.266750,1.268300,1.266250,1.267400,4,2022-05-31
2022-05-31 17:00:00,1.267350,1.268650,1.262900,1.264700,4,2022-06-01
2022-05-31 21:00:00,1.264800,1.265900,1.263050,1.264400,4,2022-06-01
2022-06-01 01:00:00,1.264500,1.265400,1.263650,1.263800,4,2022-06-01
2022-06-01 05:00:00,1.263700,1.265350,1.263550,1.264800,4,2022-06-01
2022-06-01 09:00:00,1.264700,1.267350,1.264550,1.266900,4,2022-06-01
2022-06-01 13:00:00,1.266600,1.266800,1.263800,1.264400,4,2022-06-01
2022-06-01 17:00:00,1.264500,1.265400,1.260850,1.264350,4,2022-06-02
2022-06-01 21:00:00,1.264400,1.267650,1.262350,1.263100,4,2022-06-02
2022-06-02 01:00:00,1.263100,1.266550,1.262950,1.265600,4,2022-06-02
2022-06-02 05:00:00,1.265600,1.267650,1.265550,1.267600,4,2022-06-02
2022-06-02 09:00:00,1.267600,1.268700,1.265800,1.265800,4,2022-06-02
2022-06-02 13:00:00,1.265900,1.266400,1.264250,1.264450,4,2022-06-02
2022-06-02 17:00:00,1.264500,1.265300,1.259600,1.260200,4,2022-06-03
2022-06-02 21:00:00,1.260200,1.260300,1.256500,1.257700,4,2022-06-03
2022-06-03 01:00:00,1.257700,1.258000,1.256750,1.257300,4,2022-06-03
2022-06-03 05:00:00,1.257100,1.257900,1.255850,1.257100,4,2022-06-03
2022-06-03 09:00:00,1.257050,1.257550,1.256450,1.256900,4,2022-06-03
2022-06-03 13:00:00,1.257100,1.257600,1.255650,1.257100,4,2022-06-03
2022-06-06 01:00:00,1.259650,1.259650,1.258550,1.258650,2,2022-06-06
2022-06-06 05:00:00,1.258500,1.260100,1.257900,1.258350,4,2022-06-06
2022-06-06 09:00:00,1.258400,1.258750,1.257250,1.257900,4,2022-06-06
2022-06-06 13:00:00,1.257850,1.257900,1.255700,1.256650,4,2022-06-06
2022-06-06 17:00:00,1.256500,1.256650,1.253550,1.254700,4,2022-06-07
2022-06-06 21:00:00,1.254600,1.258500,1.254600,1.257500,4,2022-06-07
2022-06-07 01:00:00,1.257400,1.258400,1.257100,1.257850,4,2022-06-07
2022-06-07 05:00:00,1.257900,1.260300,1.257850,1.259800,4,2022-06-07
2022-06-07 09:00:00,1.259850,1.261850,1.256950,1.260400,4,2022-06-07
2022-06-07 13:00:00,1.260400,1.260550,1.257750,1.258800,4,2022-06-07
2022-06-07 17:00:00,1.258750,1.261300,1.254000,1.255100,4,2022-06-08
2022-06-07 21:00:00,1.254900,1.256050,1.252500,1.252650,4,2022-06-08
2022-06-08 01:00:00,1.252650,1.253600,1.252350,1.252800,4,2022-06-08
2022-06-08 05:00:00,1.252950,1.254200,1.252550,1.253200,4,2022-06-08
2022-06-08 09:00:00,1.253350,1.255250,1.253300,1.253900,4,2022-06-08
2022-06-08 13:00:00,1.253900,1.255850,1.253150,1.254550,4,2022-06-08
2022-06-08 17:00:00,1.254600,1.254900,1.251800,1.253500,4,2022-06-09
2022-06-08 21:00:00,1.253400,1.256500,1.251850,1.255650,4,2022-06-09
2022-06-09 01:00:00,1.255800,1.256500,1.254900,1.255150,4,2022-06-09
2022-06-09 05:00:00,1.255300,1.257150,1.254900,1.256200,4,2022-06-09
2022-06-09 09:00:00,1.256300,1.257750,1.255350,1.257450,4,2022-06-09
2022-06-09 13:00:00,1.257200,1.258000,1.254950,1.255550,4,2022-06-09
2022-06-09 17:00:00,1.255500,1.264100,1.255100,1.263200,4,2022-06-10
2022-06-09 21:00:00,1.263200,1.268600,1.262850,1.268600,4,2022-06-10
2022-06-10 01:00:00,1.268450,1.270550,1.268450,1.270450,4,2022-06-10
2022-06-10 05:00:00,1.270450,1.270950,1.269600,1.270000,4,2022-06-10
2022-06-10 09:00:00,1.269950,1.270300,1.268100,1.269500,4,2022-06-10
2022-06-10 13:00:00,1.269850,1.274500,1.269400,1.273800,4,2022-06-10
2022-06-13 01:00:00,1.278150,1.280000,1.277950,1.279050,2,2022-06-13
2022-06-13 05:00:00,1.279150,1.281900,1.278850,1.281200,4,2022-06-13
2022-06-13 09:00:00,1.281150,1.282800,1.280400,1.282700,4,2022-06-13
2022-06-13 13:00:00,1.282750,1.286850,1.280550,1.285300,4,2022-06-13
2022-06-13 17:00:00,1.285150,1.288100,1.282650,1.287100,4,2022-06-14
2022-06-13 21:00:00,1.287050,1.287750,1.283900,1.287750,4,2022-06-14
2022-06-14 01:00:00,1.287850,1.290050,1.285750,1.288600,4,2022-06-14
2022-06-14 05:00:00,1.288700,1.290100,1.288100,1.289800,4,2022-06-14
2022-06-14 09:00:00,1.289850,1.289850,1.286600,1.287800,4,2022-06-14
2022-06-14 13:00:00,1.287900,1.293500,1.287900,1.292800,4,2022-06-14
2022-06-14 17:00:00,1.292750,1.294150,1.290700,1.291200,4,2022-06-15
2022-06-14 21:00:00,1.291300,1.297000,1.290400,1.296400,4,2022-06-15
2022-06-15 01:00:00,1.296300,1.297500,1.294250,1.295450,4,2022-06-15
2022-06-15 05:00:00,1.295400,1.296000,1.293200,1.294400,4,2022-06-15
2022-06-15 09:00:00,1.294400,1.297150,1.294300,1.295600,4,2022-06-15
2022-06-15 13:00:00,1.295300,1.297300,1.292100,1.292350,4,2022-06-15
2022-06-15 17:00:00,1.292300,1.296000,1.291600,1.293900,4,2022-06-16
2022-06-15 21:00:00,1.293850,1.299500,1.291850,1.294500,4,2022-06-16
2022-06-16 01:00:00,1.294500,1.294500,1.286400,1.288950,4,2022-06-16
2022-06-16 05:00:00,1.289250,1.289650,1.286100,1.288200,4,2022-06-16
2022-06-16 09:00:00,1.288200,1.292800,1.287500,1.292050,4,2022-06-16
2022-06-16 13:00:00,1.292300,1.295800,1.291800,1.294300,4,2022-06-16
2022-06-16 17:00:00,1.294250,1.296950,1.291050,1.295600,4,2022-06-17
2022-06-16 21:00:00,1.295750,1.295750,1.288900,1.292950,4,2022-06-17
2022-06-17 01:00:00,1.293200,1.295500,1.291200,1.295250,4,2022-06-17
2022-06-17 05:00:00,1.295350,1.297000,1.294100,1.295150,4,2022-06-17
2022-06-17 09:00:00,1.295150,1.297950,1.294350,1.297950,4,2022-06-17
2022-06-17 13:00:00,1.298050,1.298950,1.295500,1.297700,4,2022-06-17
2022-06-20 01:00:00,1.303100,1.303800,1.301300,1.301450,2,2022-06-20
2022-06-20 05:00:00,1.301500,1.302600,1.299600,1.301000,4,2022-06-20
2022-06-20 09:00:00,1.300900,1.301500,1.299100,1.299350,4,2022-06-20
2022-06-20 13:00:00,1.299400,1.300500,1.298500,1.300000,4,2022-06-20
2022-06-20 17:00:00,1.300000,1.301350,1.298550,1.299550,4,2022-06-21
2022-06-20 21:00:00,1.299850,1.300100,1.297900,1.299550,4,2022-06-21
2022-06-21 01:00:00,1.299500,1.299900,1.297700,1.297700,4,2022-06-21
2022-06-21 05:00:00,1.297700,1.298650,1.294550,1.295100,4,2022-06-21
2022-06-21 09:00:00,1.295000,1.295600,1.293400,1.293750,4,2022-06-21
2022-06-21 13:00:00,1.293800,1.294850,1.290600,1.294750,4,2022-06-21
2022-06-21 17:00:00,1.294800,1.296300,1.290850,1.292000,4,2022-06-22
2022-06-21 21:00:00,1.292000,1.294350,1.291400,1.292400,4,2022-06-22
2022-06-22 01:00:00,1.292400,1.292700,1.291100,1.292200,4,2022-06-22
2022-06-22 05:00:00,1.292300,1.297500,1.292300,1.297050,4,2022-06-22
2022-06-22 09:00:00,1.297100,1.297900,1.296100,1.297600,4,2022-06-22
2022-06-22 13:00:00,1.297450,1.299750,1.297000,1.298100,4,2022-06-22
2022-06-22 17:00:00,1.298100,1.299150,1.292600,1.293800,4,2022-06-23
2022-06-22 21:00:00,1.293800,1.294750,1.291350,1.293200,4,2022-06-23
2022-06-23 01:00:00,1.293150,1.295100,1.292250,1.294700,4,2022-06-23
2022-06-23 05:00:00,1.294700,1.298450,1.293650,1.296300,4,2022-06-23
2022-06-23 09:00:00,1.296400,1.296700,1.294850,1.295550,4,2022-06-23
2022-06-23 13:00:00,1.295550,1.298700,1.295550,1.295800,4,2022-06-23
2022-06-23 17:00:00,1.295800,1.297850,1.294200,1.296400,4,2022-06-24
2022-06-23 21:00:00,1.296400,1.301750,1.294900,1.300350,4,2022-06-24
2022-06-24 01:00:00,1.300250,1.300600,1.298200,1.298500,4,2022-06-24
2022-06-24 05:00:00,1.298500,1.300000,1.298000,1.298250,4,2022-06-24
2022-06-24 09:00:00,1.298300,1.299100,1.297400,1.298150,4,2022-06-24
2022-06-24 13:00:00,1.298000,1.299350,1.295850,1.296900,4,2022-06-24
2022-06-27 01:00:00,1.289400,1.289500,1.288800,1.289200,2,2022-06-27
2022-06-27 05:00:00,1.289050,1.291700,1.287100,1.287800,4,2022-06-27
2022-06-27 09:00:00,1.287800,1.289150,1.286950,1.287850,4,2022-06-27
2022-06-27 13:00:00,1.287800,1.289850,1.286450,1.288900,4,2022-06-27
2022-06-27 17:00:00,1.289050,1.291500,1.287300,1.287750,4,2022-06-28
2022-06-27 21:00:00,1.287800,1.289050,1.286850,1.287800,4,2022-06-28
2022-06-28 01:00:00,1.287800,1.288850,1.286900,1.287100,4,2022-06-28
2022-06-28 05:00:00,1.286850,1.287700,1.285650,1.287250,4,2022-06-28
2022-06-28 09:00:00,1.287100,1.287500,1.283150,1.283800,4,2022-06-28
2022-06-28 13:00:00,1.283700,1.284850,1.281900,1.283750,4,2022-06-28
2022-06-28 17:00:00,1.283800,1.288250,1.282400,1.288000,4,2022-06-29
2022-06-28 21:00:00,1.287900,1.289500,1.285000,1.286950,4,2022-06-29
2022-06-29 01:00:00,1.287000,1.288100,1.286300,1.287100,4,2022-06-29
2022-06-29 05:00:00,1.287300,1.287900,1.286350,1.286550,4,2022-06-29
2022-06-29 09:00:00,1.286650,1.288700,1.286050,1.288650,4,2022-06-29
2022-06-29 13:00:00,1.288550,1.289050,1.285850,1.286850,4,2022-06-29
2022-06-29 17:00:00,1.286800,1.289950,1.284400,1.287700,4,2022-06-30
2022-06-29 21:00:00,1.287600,1.289550,1.285950,1.289450,4,2022-06-30
2022-06-30 01:00:00,1.289450,1.290000,1.288300,1.288650,4,2022-06-30
2022-06-30 05:00:00,1.288900,1.290750,1.287800,1.288450,4,2022-06-30
2022-06-30 09:00:00,1.288500,1.291050,1.288050,1.290700,4,2022-06-30
2022-06-30 13:00:00,1.290850,1.292100,1.290150,1.291800,4,2022-06-30
2022-06-30 17:00:00,1.291750,1.293350,1.287900,1.289700,4,2022-07-01
2022-06-30 21:00:00,1.289900,1.290800,1.286100,1.287000,4,2022-07-01
2022-07-01 01:00:00,1.287050,1.288650,1.286650,1.287250,4,2022-07-01
2022-07-01 05:00:00,1.287200,1.289450,1.286700,1.289200,4,2022-07-01
2022-07-01 09:00:00,1.289250,1.292950,1.289100,1.292300,4,2022-07-01
2022-07-01 13:00:00,1.292300,1.293850,1.290700,1.292250,4,2022-07-01
2022-07-04 01:00:00,1.288000,1.289000,1.287700,1.288000,2,2022-07-04
2022-07-04 05:00:00,1.288050,1.290300,1.287400,1.289500,4,2022-07-04
2022-07-04 09:00:00,1.289400,1.290000,1.286800,1.288000,4,2022-07-04
2022-07-04 13:00:00,1.287600,1.287600,1.283750,1.284400,4,2022-07-04
2022-07-04 17:00:00,1.284350,1.288700,1.283750,1.288600,4,2022-07-05
2022-07-04 21:00:00,1.288450,1.289550,1.285250,1.285250,4,2022-07-05
2022-07-05 01:00:00,1.285300,1.287000,1.285300,1.285650,4,2022-07-05
2022-07-05 05:00:00,1.285500,1.285600,1.284650,1.285400,1,2022-07-05
2022-07-05 09:00:00,1.286100,1.286600,1.284400,1.285150,4,2022-07-05
2022-07-05 13:00:00,1.285200,1.293500,1.285100,1.293400,4,2022-07-05
2022-07-05 17:00:00,1.293350,1.305450,1.293300,1.304800,4,2022-07-06
2022-07-05 21:00:00,1.304800,1.308300,1.303350,1.304750,4,2022-07-06
2022-07-06 01:00:00,1.304750,1.304850,1.302400,1.302450,4,2022-07-06
2022-07-06 05:00:00,1.302650,1.304100,1.301450,1.303750,4,2022-07-06
2022-07-06 09:00:00,1.303800,1.306500,1.302750,1.302900,4,2022-07-06
2022-07-06 13:00:00,1.302900,1.305250,1.301250,1.304250,4,2022-07-06
2022-07-06 17:00:00,1.304250,1.307600,1.301500,1.307400,4,2022-07-07
2022-07-06 21:00:00,1.307300,1.307800,1.303300,1.304200,4,2022-07-07
2022-07-07 01:00:00,1.304150,1.304850,1.302300,1.303000,4,2022-07-07
2022-07-07 05:00:00,1.303000,1.305550,1.302300,1.302600,4,2022-07-07
2022-07-07 09:00:00,1.302500,1.302800,1.300000,1.302400,4,2022-07-07
2022-07-07 13:00:00,1.302450,1.302700,1.298000,1.298200,4,2022-07-07
2022-07-07 17:00:00,1.298250,1.302100,1.296300,1.297900,4,2022-07-08
2022-07-07 21:00:00,1.297850,1.299300,1.297150,1.298000,4,2022-07-08
2022-07-08 01:00:00,1.297900,1.298200,1.296450,1.296550,4,2022-07-08
2022-07-08 05:00:00,1.296600,1.299400,1.295400,1.299100,4,2022-07-08
2022-07-08 09:00:00,1.299250,1.301750,1.299200,1.299550,4,2022-07-08
2022-07-08 13:00:00,1.299550,1.302500,1.297950,1.299600,4,2022-07-08
2022-07-11 01:00:00,1.295600,1.295600,1.294350,1.295100,2,2022-07-11
2022-07-11 05:00:00,1.295100,1.298100,1.294200,1.297700,4,2022-07-11
2022-07-11 09:00:00,1.297700,1.299950,1.296950,1.299700,4,2022-07-11
2022-07-11 13:00:00,1.299700,1.300850,1.298250,1.299800,4,2022-07-11
2022-07-11 17:00:00,1.299750,1.305200,1.298450,1.299500,4,2022-07-12
2022-07-11 21:00:00,1.299550,1.299950,1.297550,1.299000,4,2022-07-12
2022-07-12 01:00:00,1.298850,1.301150,1.298600,1.300450,4,2022-07-12
2022-07-12 05:00:00,1.300500,1.303400,1.299150,1.301400,4,2022-07-12
2022-07-12 09:00:00,1.301500,1.304000,1.301300,1.302600,4,2022-07-12
2022-07-12 13:00:00,1.302600,1.304900,1.301850,1.304650,4,2022-07-12
2022-07-12 17:00:00,1.304700,1.305050,1.301100,1.301500,4,2022-07-13
2022-07-12 21:00:00,1.301550,1.301550,1.298400,1.300700,4,2022-07-13
2022-07-13 01:00:00,1.300850,1.303300,1.300800,1.302700,4,2022-07-13
2022-07-13 05:00:00,1.302450,1.303500,1.300600,1.300650,4,2022-07-13
2022-07-13 09:00:00,1.300650,1.303100,1.300150,1.301550,4,2022-07-13
2022-07-13 13:00:00,1.301600,1.303050,1.299950,1.300600,4,2022-07-13
2022-07-13 17:00:00,1.300500,1.306000,1.294700,1.296050,4,2022-07-14
2022-07-13 21:00:00,1.295900,1.297550,1.293750,1.296550,4,2022-07-14
2022-07-14 01:00:00,1.296650,1.298900,1.296550,1.298300,4,2022-07-14
2022-07-14 05:00:00,1.298450,1.300700,1.297900,1.298800,4,2022-07-14
2022-07-14 09:00:00,1.298700,1.302050,1.297150,1.301450,4,2022-07-14
2022-07-14 13:00:00,1.301600,1.313250,1.300100,1.312800,4,2022-07-14
2022-07-14 17:00:00,1.312850,1.322400,1.311800,1.315900,4,2022-07-15
2022-07-14 21:00:00,1.315850,1.315850,1.309150,1.310700,4,2022-07-15
2022-07-15 01:00:00,1.310450,1.312600,1.310250,1.311600,4,2022-07-15
2022-07-15 05:00:00,1.311600,1.312950,1.309400,1.310250,4,2022-07-15
2022-07-15 09:00:00,1.310200,1.313200,1.310050,1.312800,4,2022-07-15
2022-07-15 13:00:00,1.312800,1.313550,1.306700,1.307100,4,2022-07-15
2022-07-18 01:00:00,1.301950,1.302400,1.301100,1.301650,2,2022-07-18
2022-07-18 05:00:00,1.301600,1.302550,1.299650,1.299850,4,2022-07-18
2022-07-18 09:00:00,1.299850,1.300400,1.297900,1.298050,4,2022-07-18
2022-07-18 13:00:00,1.298550,1.299150,1.296400,1.297000,4,2022-07-18
2022-07-18 17:00:00,1.296900,1.299100,1.289950,1.290300,4,2022-07-19
2022-07-18 21:00:00,1.290250,1.297150,1.290100,1.296800,4,2022-07-19
2022-07-19 01:00:00,1.296950,1.299000,1.296000,1.299000,4,2022-07-19
2022-07-19 05:00:00,1.298850,1.298900,1.296950,1.297450,4,2022-07-19
2022-07-19 09:00:00,1.297450,1.297600,1.294750,1.295600,4,2022-07-19
2022-07-19 13:00:00,1.295500,1.296150,1.293000,1.293950,4,2022-07-19
2022-07-19 17:00:00,1.294150,1.295600,1.289000,1.289400,4,2022-07-20
2022-07-19 21:00:00,1.289250,1.290150,1.287650,1.288000,4,2022-07-20
2022-07-20 01:00:00,1.288200,1.288600,1.286650,1.286650,4,2022-07-20
2022-07-20 05:00:00,1.286850,1.287650,1.285800,1.285850,4,2022-07-20
2022-07-20 09:00:00,1.285850,1.287650,1.285600,1.286600,4,2022-07-20
2022-07-20 13:00:00,1.286650,1.289150,1.285450,1.287900,4,2022-07-20
2022-07-20 17:00:00,1.287900,1.290750,1.286850,1.286900,4,2022-07-21
2022-07-20 21:00:00,1.286850,1.290650,1.286850,1.288050,4,2022-07-21
2022-07-21 01:00:00,1.287950,1.289600,1.287350,1.289600,4,2022-07-21
2022-07-21 05:00:00,1.289400,1.289800,1.287000,1.287300,4,2022-07-21
2022-07-21 09:00:00,1.287300,1.288000,1.286000,1.288000,4,2022-07-21
2022-07-21 13:00:00,1.287900,1.292800,1.286800,1.291600,4,2022-07-21
2022-07-21 17:00:00,1.291600,1.293750,1.288700,1.288900,4,2022-07-22
2022-07-21 21:00:00,1.288800,1.290650,1.287400,1.289300,4,2022-07-22
2022-07-22 01:00:00,1.289500,1.289500,1.286600,1.287600,4,2022-07-22
2022-07-22 05:00:00,1.287350,1.289350,1.287000,1.288400,4,2022-07-22
2022-07-22 09:00:00,1.288350,1.289750,1.287050,1.287100,4,2022-07-22
2022-07-22 13:00:00,1.287100,1.289250,1.286350,1.286350,4,2022-07-22
2022-07-25 01:00:00,1.292300,1.292300,1.291300,1.291300,2,2022-07-25
2022-07-25 05:00:00,1.291350,1.294700,1.291200,1.292950,4,2022-07-25
2022-07-25 09:00:00,1.293000,1.294450,1.292400,1.293100,4,2022-07-25
2022-07-25 13:00:00,1.293050,1.293150,1.286850,1.286900,4,2022-07-25
2022-07-25 17:00:00,1.286900,1.287700,1.284300,1.286350,4,2022-07-26
2022-07-25 21:00:00,1.286150,1.286750,1.283550,1.284550,4,2022-07-26
2022-07-26 01:00:00,1.284600,1.285550,1.283550,1.285300,4,2022-07-26
2022-07-26 05:00:00,1.285300,1.285500,1.282500,1.282950,4,2022-07-26
2022-07-26 09:00:00,1.282800,1.284250,1.282300,1.283450,4,2022-07-26
2022-07-26 13:00:00,1.283400,1.288350,1.281650,1.286900,4,2022-07-26
2022-07-26 17:00:00,1.286950,1.289050,1.286000,1.287350,4,2022-07-27
2022-07-26 21:00:00,1.287300,1.290150,1.287050,1.289550,4,2022-07-27
2022-07-27 01:00:00,1.289500,1.289950,1.287350,1.287350,4,2022-07-27
2022-07-27 05:00:00,1.287300,1.287650,1.286250,1.287000,4,2022-07-27
2022-07-27 09:00:00,1.286950,1.287150,1.285200,1.286500,4,2022-07-27
2022-07-27 13:00:00,1.286350,1.286700,1.284700,1.286200,4,2022-07-27
2022-07-27 17:00:00,1.286150,1.290050,1.284700,1.289300,4,2022-07-28
2022-07-27 21:00:00,1.289400,1.291050,1.283050,1.283650,4,2022-07-28
2022-07-28 01:00:00,1.283500,1.284450,1.280900,1.282150,4,2022-07-28
2022-07-28 05:00:00,1.282050,1.283700,1.281300,1.282400,4,2022-07-28
2022-07-28 09:00:00,1.282400,1.283200,1.279500,1.281300,4,2022-07-28
2022-07-28 13:00:00,1.281500,1.282700,1.279750,1.282150,4,2022-07-28
2022-07-28 17:00:00,1.282100,1.286900,1.280850,1.285250,4,2022-07-29
2022-07-28 21:00:00,1.285300,1.285850,1.282300,1.282300,4,2022-07-29
2022-07-29 01:00:00,1.282300,1.282400,1.280250,1.280250,4,2022-07-29
2022-07-29 05:00:00,1.280550,1.281650,1.280200,1.280950,4,2022-07-29
2022-07-29 09:00:00,1.280950,1.281250,1.278850,1.279600,4,2022-07-29
2022-07-29 13:00:00,1.279700,1.284000,1.279000,1.282450,4,2022-07-29
2022-08-01 01:00:00,1.281450,1.282100,1.280100,1.281150,2,2022-08-01
2022-08-01 05:00:00,1.281250,1.281750,1.279500,1.279600,4,2022-08-01
2022-08-01 09:00:00,1.279500,1.281100,1.279000,1.279400,4,2022-08-01
2022-08-01 13:00:00,1.279400,1.279650,1.276700,1.277200,4,2022-08-01
2022-08-01 17:00:00,1.277150,1.282950,1.276750,1.281750,4,2022-08-02
2022-08-01 21:00:00,1.281700,1.285600,1.281400,1.284450,4,2022-08-02
2022-08-02 01:00:00,1.284400,1.285100,1.283700,1.284000,4,2022-08-02
2022-08-02 05:00:00,1.283850,1.286300,1.283700,1.285500,4,2022-08-02
2022-08-02 09:00:00,1.285400,1.287150,1.284600,1.286250,4,2022-08-02
2022-08-02 13:00:00,1.286350,1.287650,1.285800,1.287100,4,2022-08-02
2022-08-02 17:00:00,1.287100,1.288400,1.283900,1.286400,4,2022-08-03
2022-08-02 21:00:00,1.286500,1.287050,1.283350,1.285500,4,2022-08-03
2022-08-03 01:00:00,1.285700,1.288250,1.285450,1.288200,4,2022-08-03
2022-08-03 05:00:00,1.288050,1.289250,1.285550,1.286300,4,2022-08-03
2022-08-03 09:00:00,1.286350,1.286600,1.285100,1.286500,4,2022-08-03
2022-08-03 13:00:00,1.286200,1.287150,1.284700,1.286000,4,2022-08-03
2022-08-03 17:00:00,1.286150,1.288350,1.283250,1.288200,4,2022-08-04
2022-08-03 21:00:00,1.288300,1.288500,1.283600,1.284350,4,2022-08-04
2022-08-04 01:00:00,1.284350,1.285050,1.283550,1.284950,4,2022-08-04
2022-08-04 05:00:00,1.284950,1.285600,1.283400,1.284500,4,2022-08-04
2022-08-04 09:00:00,1.284500,1.285550,1.283700,1.284900,4,2022-08-04
2022-08-04 13:00:00,1.284900,1.285450,1.281850,1.282300,4,2022-08-04
2022-08-04 17:00:00,1.282300,1.287600,1.282100,1.285700,4,2022-08-05
2022-08-04 21:00:00,1.285600,1.287250,1.284300,1.284900,4,2022-08-05
2022-08-05 01:00:00,1.284900,1.287100,1.284550,1.286450,4,2022-08-05
2022-08-05 05:00:00,1.286500,1.287900,1.286450,1.287400,4,2022-08-05
2022-08-05 09:00:00,1.287400,1.287700,1.286400,1.286850,4,2022-08-05
2022-08-05 13:00:00,1.286600,1.289300,1.286300,1.289200,4,2022-08-05
2022-08-08 01:00:00,1.293500,1.294700,1.292950,1.294100,2,2022-08-08
2022-08-08 05:00:00,1.294050,1.295050,1.293100,1.293800,4,2022-08-08
2022-08-08 09:00:00,1.293800,1.293950,1.291050,1.291100,4,2022-08-08
2022-08-08 13:00:00,1.291000,1.291400,1.288850,1.289750,4,2022-08-08
2022-08-08 17:00:00,1.289800,1.290650,1.283950,1.284650,4,2022-08-09
2022-08-08 21:00:00,1.284600,1.286800,1.283950,1.286500,4,2022-08-09
2022-08-09 01:00:00,1.286600,1.286800,1.285000,1.286050,4,2022-08-09
2022-08-09 05:00:00,1.286000,1.287400,1.285400,1.286350,4,2022-08-09
2022-08-09 09:00:00,1.286250,1.286900,1.284850,1.286150,4,2022-08-09
2022-08-09 13:00:00,1.286050,1.287300,1.284350,1.286000,4,2022-08-09
2022-08-09 17:00:00,1.286000,1.288000,1.285550,1.287600,4,2022-08-10
2022-08-09 21:00:00,1.287700,1.290000,1.287400,1.289250,4,2022-08-10
2022-08-10 01:00:00,1.289300,1.289600,1.287900,1.288450,4,2022-08-10
2022-08-10 05:00:00,1.288550,1.289550,1.288350,1.288800,4,2022-08-10
2022-08-10 09:00:00,1.288900,1.289650,1.288050,1.288750,4,2022-08-10
2022-08-10 13:00:00,1.288750,1.289000,1.286500,1.287350,4,2022-08-10
2022-08-10 17:00:00,1.287450,1.289450,1.275700,1.275900,4,2022-08-11
2022-08-10 21:00:00,1.276000,1.278300,1.275150,1.278000,4,2022-08-11
2022-08-11 01:00:00,1.278400,1.278700,1.277050,1.277450,4,2022-08-11
2022-08-11 05:00:00,1.277450,1.279050,1.277250,1.278600,4,2022-08-11
2022-08-11 09:00:00,1.278550,1.279200,1.276400,1.276450,4,2022-08-11
2022-08-11 13:00:00,1.276550,1.277450,1.275750,1.276650,4,2022-08-11
2022-08-11 17:00:00,1.276650,1.277650,1.272800,1.274500,4,2022-08-12
2022-08-11 21:00:00,1.274350,1.276650,1.273350,1.275900,4,2022-08-12
2022-08-12 01:00:00,1.276050,1.277600,1.275850,1.276450,4,2022-08-12
2022-08-12 05:00:00,1.276300,1.277200,1.275900,1.276100,4,2022-08-12
2022-08-12 09:00:00,1.276100,1.276400,1.274200,1.274550,4,2022-08-12
2022-08-12 13:00:00,1.274600,1.278100,1.274000,1.277500,4,2022-08-12
2022-08-15 01:00:00,1.277400,1.277900,1.277050,1.277550,2,2022-08-15
2022-08-15 05:00:00,1.277650,1.279450,1.277250,1.279300,4,2022-08-15
2022-08-15 09:00:00,1.279250,1.281100,1.278650,1.281000,4,2022-08-15
2022-08-15 13:00:00,1.280850,1.291550,1.280600,1.289500,4,2022-08-15
2022-08-15 17:00:00,1.289600,1.293450,1.289600,1.291150,4,2022-08-16
2022-08-15 21:00:00,1.291150,1.291550,1.288750,1.291050,4,2022-08-16
2022-08-16 01:00:00,1.291050,1.291150,1.289850,1.290700,4,2022-08-16
2022-08-16 05:00:00,1.290700,1.292200,1.289750,1.289900,4,2022-08-16
2022-08-16 09:00:00,1.289750,1.291550,1.288950,1.291500,4,2022-08-16
2022-08-16 13:00:00,1.291500,1.292850,1.289000,1.290950,4,2022-08-16
2022-08-16 17:00:00,1.291000,1.291550,1.285500,1.287200,4,2022-08-17
2022-08-16 21:00:00,1.287200,1.288050,1.283150,1.284650,4,2022-08-17
2022-08-17 01:00:00,1.284750,1.285350,1.283850,1.284400,4,2022-08-17
2022-08-17 05:00:00,1.284350,1.285950,1.283900,1.285050,4,2022-08-17
2022-08-17 09:00:00,1.284950,1.285800,1.282800,1.284950,4,2022-08-17
2022-08-17 13:00:00,1.284900,1.289500,1.284900,1.289300,4,2022-08-17
2022-08-17 17:00:00,1.289300,1.293350,1.289200,1.292200,4,2022-08-18
2022-08-17 21:00:00,1.292250,1.293700,1.287800,1.289900,4,2022-08-18
2022-08-18 01:00:00,1.289850,1.291950,1.289250,1.291650,4,2022-08-18
2022-08-18 05:00:00,1.291750,1.292450,1.291400,1.292200,4,2022-08-18
2022-08-18 09:00:00,1.292300,1.294700,1.291450,1.294300,4,2022-08-18
2022-08-18 13:00:00,1.294350,1.294350,1.288150,1.289400,4,2022-08-18
2022-08-18 17:00:00,1.289350,1.292950,1.288100,1.292300,4,2022-08-19
2022-08-18 21:00:00,1.292350,1.296600,1.291700,1.294050,4,2022-08-19
2022-08-19 01:00:00,1.294050,1.295500,1.292950,1.294800,4,2022-08-19
2022-08-19 05:00:00,1.294750,1.296650,1.294500,1.294850,4,2022-08-19
2022-08-19 09:00:00,1.294900,1.297400,1.294700,1.297000,4,2022-08-19
2022-08-19 13:00:00,1.297200,1.299200,1.296300,1.298850,4,2022-08-19
2022-08-22 01:00:00,1.298900,1.300050,1.298650,1.299400,2,2022-08-22
2022-08-22 05:00:00,1.299550,1.300550,1.298600,1.298600,4,2022-08-22
2022-08-22 09:00:00,1.298550,1.300650,1.298550,1.300600,4,2022-08-22
2022-08-22 13:00:00,1.300600,1.301900,1.297200,1.298800,4,2022-08-22
2022-08-22 17:00:00,1.298750,1.304600,1.298200,1.304400,4,2022-08-23
2022-08-22 21:00:00,1.304300,1.306100,1.302800,1.305400,4,2022-08-23
2022-08-23 01:00:00,1.305350,1.305900,1.304250,1.304800,4,2022-08-23
2022-08-23 05:00:00,1.304950,1.305500,1.303000,1.303050,4,2022-08-23
2022-08-23 09:00:00,1.303100,1.306350,1.302500,1.304800,4,2022-08-23
2022-08-23 13:00:00,1.304800,1.304950,1.300600,1.302300,4,2022-08-23
2022-08-23 17:00:00,1.302300,1.303350,1.294750,1.295600,4,2022-08-24
2022-08-23 21:00:00,1.295500,1.296750,1.293450,1.296550,4,2022-08-24
2022-08-24 01:00:00,1.296450,1.296500,1.294600,1.295800,4,2022-08-24
2022-08-24 05:00:00,1.295600,1.298600,1.295400,1.298500,4,2022-08-24
2022-08-24 09:00:00,1.298500,1.298600,1.296950,1.297850,4,2022-08-24
2022-08-24 13:00:00,1.297800,1.299950,1.295700,1.299750,4,2022-08-24
2022-08-24 17:00:00,1.299750,1.301850,1.297100,1.297700,4,2022-08-25
2022-08-24 21:00:00,1.297700,1.298450,1.295900,1.297550,4,2022-08-25
2022-08-25 01:00:00,1.297550,1.297700,1.296100,1.297200,4,2022-08-25
2022-08-25 05:00:00,1.297100,1.297600,1.294650,1.295250,4,2022-08-25
2022-08-25 09:00:00,1.295250,1.295300,1.290800,1.292100,4,2022-08-25
2022-08-25 13:00:00,1.292200,1.292400,1.289550,1.292250,4,2022-08-25
2022-08-25 17:00:00,1.292200,1.295750,1.291000,1.292600,4,2022-08-26
2022-08-25 21:00:00,1.292750,1.295650,1.292750,1.293750,4,2022-08-26
2022-08-26 01:00:00,1.293750,1.294000,1.292250,1.293500,4,2022-08-26
2022-08-26 05:00:00,1.293600,1.295650,1.293350,1.294800,4,2022-08-26
2022-08-26 09:00:00,1.294850,1.295850,1.294400,1.294850,4,2022-08-26
2022-08-26 13:00:00,1.294600,1.295950,1.292600,1.292600,4,2022-08-26
2022-08-29 01:00:00,1.303500,1.305200,1.303050,1.305100,2,2022-08-29
2022-08-29 05:00:00,1.305150,1.307400,1.304900,1.305750,4,2022-08-29
2022-08-29 09:00:00,1.305600,1.307450,1.305200,1.307000,4,2022-08-29
2022-08-29 13:00:00,1.306850,1.307600,1.305200,1.305850,4,2022-08-29
2022-08-29 17:00:00,1.305800,1.306200,1.299100,1.302700,4,2022-08-30
2022-08-29 21:00:00,1.302700,1.302700,1.299150,1.300700,4,2022-08-30
2022-08-30 01:00:00,1.300700,1.301400,1.299900,1.300950,4,2022-08-30
2022-08-30 05:00:00,1.301200,1.302550,1.299700,1.301900,4,2022-08-30
2022-08-30 09:00:00,1.301850,1.302400,1.299900,1.300050,4,2022-08-30
2022-08-30 13:00:00,1.300200,1.300800,1.297200,1.299200,4,2022-08-30
2022-08-30 17:00:00,1.299200,1.310650,1.298600,1.310150,4,2022-08-31
2022-08-30 21:00:00,1.309650,1.310800,1.307350,1.310400,4,2022-08-31
2022-08-31 01:00:00,1.310250,1.310300,1.308750,1.308850,4,2022-08-31
2022-08-31 05:00:00,1.308900,1.309700,1.308050,1.308250,4,2022-08-31
2022-08-31 09:00:00,1.308200,1.308700,1.306400,1.307300,4,2022-08-31
2022-08-31 13:00:00,1.307200,1.312300,1.307050,1.311400,4,2022-08-31
2022-08-31 17:00:00,1.311400,1.314100,1.308850,1.309600,4,2022-09-01
2022-08-31 21:00:00,1.309750,1.312400,1.307300,1.312150,4,2022-09-01
2022-09-01 01:00:00,1.312050,1.314150,1.311400,1.313950,4,2022-09-01
2022-09-01 05:00:00,1.314050,1.316700,1.313950,1.316250,4,2022-09-01
2022-09-01 09:00:00,1.316200,1.317550,1.315700,1.316400,4,2022-09-01
2022-09-01 13:00:00,1.316750,1.319500,1.315300,1.318100,4,2022-09-01
2022-09-01 17:00:00,1.318100,1.320800,1.315150,1.318150,4,2022-09-02
2022-09-01 21:00:00,1.318100,1.318400,1.314050,1.316800,4,2022-09-02
2022-09-02 01:00:00,1.316600,1.316700,1.314850,1.315800,4,2022-09-02
2022-09-02 05:00:00,1.315900,1.316400,1.314050,1.315950,4,2022-09-02
2022-09-02 09:00:00,1.316000,1.317050,1.314700,1.315050,4,2022-09-02
2022-09-02 13:00:00,1.315100,1.315650,1.313350,1.313900,4,2022-09-02
2022-09-05 01:00:00,1.312800,1.314800,1.312800,1.314150,2,2022-09-05
2022-09-05 05:00:00,1.314100,1.316250,1.313400,1.315300,4,2022-09-05
2022-09-05 09:00:00,1.315300,1.316100,1.314300,1.315050,4,2022-09-05
2022-09-05 13:00:00,1.315000,1.317450,1.314050,1.314800,4,2022-09-05
2022-09-05 17:00:00,1.314850,1.315650,1.312950,1.313750,4,2022-09-06
2022-09-05 21:00:00,1.313650,1.314350,1.313150,1.314250,4,2022-09-06
2022-09-06 01:00:00,1.314250,1.315100,1.312700,1.313200,4,2022-09-06
2022-09-06 05:00:00,1.313050,1.313250,1.309650,1.310550,4,2022-09-06
2022-09-06 09:00:00,1.310350,1.313100,1.310300,1.312450,4,2022-09-06
2022-09-06 13:00:00,1.312400,1.314200,1.310100,1.312200,4,2022-09-06
2022-09-06 17:00:00,1.312300,1.316950,1.311800,1.312900,4,2022-09-07
2022-09-06 21:00:00,1.312950,1.315950,1.311400,1.314900,4,2022-09-07
2022-09-07 01:00:00,1.314900,1.315900,1.314450,1.315600,4,2022-09-07
2022-09-07 05:00:00,1.315600,1.319000,1.315050,1.318900,4,2022-09-07
2022-09-07 09:00:00,1.319000,1.320000,1.317350,1.318000,4,2022-09-07
2022-09-07 13:00:00,1.317800,1.320550,1.315050,1.316750,4,2022-09-07
2022-09-07 17:00:00,1.316700,1.320900,1.315850,1.318500,4,2022-09-08
2022-09-07 21:00:00,1.318500,1.319000,1.312950,1.314100,4,2022-09-08
2022-09-08 01:00:00,1.314250,1.314300,1.311050,1.312250,4,2022-09-08
2022-09-08 05:00:00,1.312300,1.313900,1.312100,1.312800,4,2022-09-08
2022-09-08 09:00:00,1.312950,1.313750,1.310550,1.311100,4,2022-09-08
2022-09-08 13:00:00,1.311000,1.314900,1.310600,1.311800,4,2022-09-08
2022-09-08 17:00:00,1.311800,1.315850,1.311000,1.312800,4,2022-09-09
2022-09-08 21:00:00,1.312850,1.314400,1.307700,1.309800,4,2022-09-09
2022-09-09 01:00:00,1.309800,1.310150,1.308550,1.308800,4,2022-09-09
2022-09-09 05:00:00,1.308900,1.309000,1.303650,1.303800,4,2022-09-09
2022-09-09 09:00:00,1.303750,1.304250,1.302000,1.302100,4,2022-09-09
2022-09-09 13:00:00,1.302150,1.302150,1.298200,1.299450,4,2022-09-09
2022-09-12 01:00:00,1.304400,1.304950,1.302150,1.302250,2,2022-09-12
2022-09-12 05:00:00,1.302400,1.303000,1.301150,1.302700,4,2022-09-12
2022-09-12 09:00:00,1.302700,1.303650,1.300250,1.300400,4,2022-09-12
2022-09-12 13:00:00,1.300400,1.300400,1.297800,1.300050,4,2022-09-12
2022-09-12 17:00:00,1.300100,1.300700,1.296400,1.297950,4,2022-09-13
2022-09-12 21:00:00,1.297800,1.298950,1.296350,1.298900,4,2022-09-13
2022-09-13 01:00:00,1.298850,1.299300,1.298200,1.298550,4,2022-09-13
2022-09-13 05:00:00,1.298550,1.299350,1.297550,1.298550,4,2022-09-13
2022-09-13 09:00:00,1.298500,1.299450,1.297500,1.297950,4,2022-09-13
2022-09-13 13:00:00,1.297650,1.298450,1.295500,1.295500,4,2022-09-13
2022-09-13 17:00:00,1.295600,1.311700,1.295400,1.311350,4,2022-09-14
2022-09-13 21:00:00,1.311400,1.315500,1.310800,1.315300,4,2022-09-14
2022-09-14 01:00:00,1.315300,1.318100,1.315150,1.317600,4,2022-09-14
2022-09-14 05:00:00,1.317600,1.317850,1.315750,1.316800,4,2022-09-14
2022-09-14 09:00:00,1.316850,1.318900,1.315700,1.318500,4,2022-09-14
2022-09-14 13:00:00,1.318300,1.319450,1.314800,1.316950,4,2022-09-14
2022-09-14 17:00:00,1.316900,1.320650,1.314000,1.314500,4,2022-09-15
2022-09-14 21:00:00,1.314400,1.317650,1.314000,1.317600,4,2022-09-15
2022-09-15 01:00:00,1.317600,1.319000,1.315400,1.316050,4,2022-09-15
2022-09-15 05:00:00,1.316100,1.317550,1.315400,1.316300,4,2022-09-15
2022-09-15 09:00:00,1.316300,1.318450,1.316300,1.317800,4,2022-09-15
2022-09-15 13:00:00,1.317950,1.319000,1.315600,1.318350,4,2022-09-15
2022-09-15 17:00:00,1.318350,1.321300,1.316200,1.320350,4,2022-09-16
2022-09-15 21:00:00,1.320350,1.322400,1.318250,1.322400,4,2022-09-16
2022-09-16 01:00:00,1.322350,1.325050,1.322100,1.325000,4,2022-09-16
2022-09-16 05:00:00,1.324900,1.325250,1.322850,1.323800,4,2022-09-16
2022-09-16 09:00:00,1.323700,1.327050,1.323050,1.326700,4,2022-09-16
2022-09-16 13:00:00,1.326700,1.329550,1.325250,1.326650,4,2022-09-16
2022-09-19 01:00:00,1.326800,1.327750,1.326000,1.326150,2,2022-09-19
2022-09-19 05:00:00,1.326300,1.329100,1.325000,1.327800,4,2022-09-19
2022-09-19 09:00:00,1.327850,1.330600,1.327750,1.330250,4,2022-09-19
2022-09-19 13:00:00,1.330200,1.332450,1.330100,1.330350,4,2022-09-19
2022-09-19 17:00:00,1.330350,1.334300,1.327150,1.328400,4,2022-09-20
2022-09-19 21:00:00,1.328350,1.329600,1.327200,1.327300,4,2022-09-20
2022-09-20 01:00:00,1.327350,1.327350,1.324400,1.325100,4,2022-09-20
2022-09-20 05:00:00,1.325100,1.326200,1.322800,1.325050,4,2022-09-20
2022-09-20 09:00:00,1.325100,1.326400,1.324450,1.325750,4,2022-09-20
2022-09-20 13:00:00,1.325800,1.330100,1.323900,1.328200,4,2022-09-20
2022-09-20 17:00:00,1.328350,1.335400,1.327450,1.334100,4,2022-09-21
2022-09-20 21:00:00,1.334000,1.337500,1.333200,1.336550,4,2022-09-21
2022-09-21 01:00:00,1.336600,1.337200,1.335450,1.337200,4,2022-09-21
2022-09-21 05:00:00,1.337050,1.337650,1.335800,1.336600,4,2022-09-21
2022-09-21 09:00:00,1.336400,1.339400,1.336200,1.338900,4,2022-09-21
2022-09-21 13:00:00,1.338500,1.338900,1.335950,1.336600,4,2022-09-21
2022-09-21 17:00:00,1.336500,1.340650,1.336500,1.339550,4,2022-09-22
2022-09-21 21:00:00,1.339550,1.344600,1.335900,1.336500,4,2022-09-22
2022-09-22 01:00:00,1.336500,1.347400,1.335850,1.347350,4,2022-09-22
2022-09-22 05:00:00,1.347250,1.353350,1.346950,1.350800,4,2022-09-22
2022-09-22 09:00:00,1.351000,1.354250,1.349200,1.353800,4,2022-09-22
2022-09-22 13:00:00,1.354200,1.354450,1.341500,1.346600,4,2022-09-22
2022-09-22 17:00:00,1.346500,1.351250,1.340900,1.349200,4,2022-09-23
2022-09-22 21:00:00,1.349300,1.351050,1.345950,1.349400,4,2022-09-23
2022-09-23 01:00:00,1.349400,1.349400,1.347700,1.348200,4,2022-09-23
2022-09-23 05:00:00,1.348250,1.348650,1.346800,1.347750,4,2022-09-23
2022-09-23 09:00:00,1.347700,1.350550,1.347350,1.350300,4,2022-09-23
2022-09-23 13:00:00,1.350500,1.355050,1.350050,1.354900,4,2022-09-23
2022-09-26 01:00:00,1.360550,1.361500,1.357850,1.357950,2,2022-09-26
2022-09-26 05:00:00,1.358300,1.362300,1.356000,1.361100,4,2022-09-26
2022-09-26 09:00:00,1.361000,1.363800,1.360150,1.362650,4,2022-09-26
2022-09-26 13:00:00,1.362500,1.365700,1.356850,1.365000,4,2022-09-26
2022-09-26 17:00:00,1.364900,1.369450,1.362450,1.368400,4,2022-09-27
2022-09-26 21:00:00,1.368500,1.380950,1.367750,1.374750,4,2022-09-27
2022-09-27 01:00:00,1.374700,1.374700,1.372300,1.373800,4,2022-09-27
2022-09-27 05:00:00,1.373500,1.373800,1.368000,1.369900,4,2022-09-27
2022-09-27 09:00:00,1.369850,1.371000,1.364050,1.366900,4,2022-09-27
2022-09-27 13:00:00,1.366950,1.371650,1.364250,1.368500,4,2022-09-27
2022-09-27 17:00:00,1.368350,1.373150,1.367100,1.372600,4,2022-09-28
2022-09-27 21:00:00,1.372600,1.377600,1.370850,1.371000,4,2022-09-28
2022-09-28 01:00:00,1.370950,1.373650,1.370900,1.373150,4,2022-09-28
2022-09-28 05:00:00,1.373100,1.378800,1.371500,1.377800,4,2022-09-28
2022-09-28 09:00:00,1.377700,1.379850,1.375850,1.379750,4,2022-09-28
2022-09-28 13:00:00,1.379750,1.383300,1.373100,1.376600,4,2022-09-28
2022-09-28 17:00:00,1.376500,1.378750,1.364650,1.368150,4,2022-09-29
2022-09-28 21:00:00,1.368450,1.369600,1.360500,1.361200,4,2022-09-29
2022-09-29 01:00:00,1.361400,1.363000,1.360300,1.361900,4,2022-09-29
2022-09-29 05:00:00,1.361800,1.367100,1.361450,1.366600,4,2022-09-29
2022-09-29 09:00:00,1.366600,1.372050,1.364950,1.370350,4,2022-09-29
2022-09-29 13:00:00,1.370200,1.375600,1.368150,1.368800,4,2022-09-29
2022-09-29 17:00:00,1.368750,1.375550,1.365600,1.371600,4,2022-09-30
2022-09-29 21:00:00,1.371500,1.373700,1.368050,1.371400,4,2022-09-30
2022-09-30 01:00:00,1.371300,1.371450,1.366700,1.368250,4,2022-09-30
2022-09-30 05:00:00,1.368000,1.371750,1.366700,1.370100,4,2022-09-30
2022-09-30 09:00:00,1.370050,1.372400,1.368800,1.370500,4,2022-09-30
2022-09-30 13:00:00,1.370300,1.371900,1.365800,1.371300,4,2022-09-30
2022-10-03 01:00:00,1.381600,1.382200,1.381150,1.381900,1,2022-10-03
2022-10-03 05:00:00,1.382000,1.382500,1.373700,1.373700,4,2022-10-03
2022-10-03 09:00:00,1.373650,1.377850,1.373100,1.374200,4,2022-10-03
2022-10-03 13:00:00,1.374250,1.378650,1.373950,1.377200,4,2022-10-03
2022-10-03 17:00:00,1.377100,1.377550,1.366900,1.370500,4,2022-10-04
2022-10-03 21:00:00,1.369900,1.369900,1.363400,1.365900,4,2022-10-04
2022-10-04 01:00:00,1.365900,1.365900,1.362050,1.362300,4,2022-10-04
2022-10-04 05:00:00,1.362250,1.365100,1.362100,1.365100,4,2022-10-04
2022-10-04 09:00:00,1.365300,1.365300,1.359700,1.360200,4,2022-10-04
2022-10-04 13:00:00,1.360100,1.364400,1.356950,1.362800,4,2022-10-04
2022-10-04 17:00:00,1.362800,1.366400,1.361750,1.363600,4,2022-10-05
2022-10-04 21:00:00,1.363500,1.363600,1.352250,1.353450,4,2022-10-05
2022-10-05 01:00:00,1.353400,1.353450,1.350300,1.351300,4,2022-10-05
2022-10-05 05:00:00,1.351250,1.353750,1.350400,1.353000,4,2022-10-05
2022-10-05 09:00:00,1.353000,1.354350,1.352150,1.353100,4,2022-10-05
2022-10-05 13:00:00,1.352700,1.359550,1.350400,1.358900,4,2022-10-05
2022-10-05 17:00:00,1.358950,1.364250,1.357300,1.363800,4,2022-10-06
2022-10-05 21:00:00,1.363550,1.369600,1.362100,1.363700,4,2022-10-06
2022-10-06 01:00:00,1.363700,1.364200,1.359100,1.361600,4,2022-10-06
2022-10-06 05:00:00,1.361600,1.362200,1.357950,1.359300,4,2022-10-06
2022-10-06 09:00:00,1.359200,1.359250,1.356450,1.357800,4,2022-10-06
2022-10-06 13:00:00,1.358050,1.366900,1.358000,1.366700,4,2022-10-06
2022-10-06 17:00:00,1.366800,1.370200,1.364000,1.369700,4,2022-10-07
2022-10-06 21:00:00,1.369850,1.374500,1.369700,1.373500,4,2022-10-07
2022-10-07 01:00:00,1.373550,1.375550,1.373200,1.374500,4,2022-10-07
2022-10-07 05:00:00,1.374500,1.375000,1.373150,1.373400,4,2022-10-07
2022-10-07 09:00:00,1.373400,1.375000,1.372550,1.374100,4,2022-10-07
2022-10-07 13:00:00,1.374150,1.376000,1.370500,1.370700,4,2022-10-07
2022-10-10 01:00:00,1.372500,1.373900,1.371950,1.373550,2,2022-10-10
2022-10-10 05:00:00,1.373600,1.375400,1.371800,1.372050,4,2022-10-10
2022-10-10 09:00:00,1.372050,1.375600,1.372050,1.375600,4,2022-10-10
2022-10-10 13:00:00,1.375400,1.376200,1.372250,1.372250,4,2022-10-10
2022-10-10 17:00:00,1.372200,1.374400,1.370400,1.373450,4,2022-10-11
2022-10-10 21:00:00,1.373350,1.378150,1.373100,1.374900,4,2022-10-11
2022-10-11 01:00:00,1.374800,1.378200,1.374650,1.377800,4,2022-10-11
2022-10-11 05:00:00,1.378050,1.381750,1.377000,1.381400,4,2022-10-11
2022-10-11 09:00:00,1.381150,1.385550,1.380950,1.383850,4,2022-10-11
2022-10-11 13:00:00,1.383700,1.385550,1.381650,1.384200,4,2022-10-11
2022-10-11 17:00:00,1.384200,1.384900,1.376100,1.381050,4,2022-10-12
2022-10-11 21:00:00,1.382000,1.383900,1.371500,1.373300,4,2022-10-12
2022-10-12 01:00:00,1.373050,1.382350,1.372800,1.379250,4,2022-10-12
2022-10-12 05:00:00,1.379200,1.382500,1.378150,1.381600,4,2022-10-12
2022-10-12 09:00:00,1.381750,1.383050,1.378500,1.378650,4,2022-10-12
2022-10-12 13:00:00,1.378500,1.382350,1.376200,1.377250,4,2022-10-12
2022-10-12 17:00:00,1.377250,1.383000,1.376550,1.379850,4,2022-10-13
2022-10-12 21:00:00,1.379700,1.382150,1.377050,1.380250,4,2022-10-13
2022-10-13 01:00:00,1.380200,1.382600,1.377800,1.381400,4,2022-10-13
2022-10-13 05:00:00,1.381300,1.382350,1.380050,1.381200,4,2022-10-13
2022-10-13 09:00:00,1.381300,1.382750,1.381150,1.382700,4,2022-10-13
2022-10-13 13:00:00,1.382600,1.383600,1.379050,1.379800,4,2022-10-13
2022-10-13 17:00:00,1.379800,1.397700,1.377950,1.390350,4,2022-10-14
2022-10-13 21:00:00,1.389850,1.392500,1.370850,1.371450,4,2022-10-14
2022-10-14 01:00:00,1.371400,1.376200,1.371400,1.375050,4,2022-10-14
2022-10-14 05:00:00,1.375000,1.377000,1.371950,1.372800,4,2022-10-14
2022-10-14 09:00:00,1.372650,1.374100,1.371000,1.373000,4,2022-10-14
2022-10-14 13:00:00,1.373000,1.381000,1.370500,1.379600,4,2022-10-14
2022-10-17 01:00:00,1.387700,1.388050,1.386650,1.387850,2,2022-10-17
2022-10-17 05:00:00,1.387800,1.388000,1.383200,1.383500,4,2022-10-17
2022-10-17 09:00:00,1.383500,1.384400,1.381650,1.382300,4,2022-10-17
2022-10-17 13:00:00,1.382150,1.384100,1.380200,1.381300,4,2022-10-17
2022-10-17 17:00:00,1.381400,1.381800,1.371800,1.374550,4,2022-10-18
2022-10-17 21:00:00,1.374450,1.374900,1.369900,1.371100,4,2022-10-18
2022-10-18 01:00:00,1.371050,1.373600,1.370550,1.372050,4,2022-10-18
2022-10-18 05:00:00,1.370900,1.373100,1.370400,1.373000,4,2022-10-18
2022-10-18 09:00:00,1.373000,1.373700,1.365750,1.368600,4,2022-10-18
2022-10-18 13:00:00,1.368700,1.377100,1.368250,1.376400,4,2022-10-18
2022-10-18 17:00:00,1.376350,1.378000,1.369400,1.372550,4,2022-10-19
2022-10-18 21:00:00,1.372500,1.380950,1.371200,1.375650,4,2022-10-19
2022-10-19 01:00:00,1.375700,1.378750,1.373200,1.374100,4,2022-10-19
2022-10-19 05:00:00,1.374100,1.374100,1.371850,1.373150,4,2022-10-19
2022-10-19 09:00:00,1.373150,1.376200,1.372750,1.375450,4,2022-10-19
2022-10-19 13:00:00,1.375650,1.378500,1.372500,1.372550,4,2022-10-19
2022-10-19 17:00:00,1.372500,1.380000,1.372400,1.379300,4,2022-10-20
2022-10-19 21:00:00,1.379400,1.381000,1.375450,1.377750,4,2022-10-20
2022-10-20 01:00:00,1.377900,1.378400,1.375900,1.375950,4,2022-10-20
2022-10-20 05:00:00,1.376350,1.380000,1.376100,1.380000,4,2022-10-20
2022-10-20 09:00:00,1.379450,1.380750,1.375100,1.376150,4,2022-10-20
2022-10-20 13:00:00,1.376100,1.377550,1.373900,1.374200,4,2022-10-20
2022-10-20 17:00:00,1.374200,1.374700,1.369700,1.371200,4,2022-10-21
2022-10-20 21:00:00,1.371150,1.376000,1.365200,1.375350,4,2022-10-21
2022-10-21 01:00:00,1.375350,1.378850,1.375200,1.376800,4,2022-10-21
2022-10-21 05:00:00,1.376850,1.379300,1.376400,1.378600,4,2022-10-21
2022-10-21 09:00:00,1.378750,1.379750,1.376900,1.379150,4,2022-10-21
2022-10-21 13:00:00,1.379350,1.383050,1.376700,1.381400,4,2022-10-21
2022-10-24 01:00:00,1.363750,1.364400,1.362600,1.362600,2,2022-10-24
2022-10-24 05:00:00,1.362600,1.368200,1.360700,1.367400,4,2022-10-24
2022-10-24 09:00:00,1.367400,1.370050,1.367300,1.369750,4,2022-10-24
2022-10-24 13:00:00,1.369700,1.375400,1.367300,1.371500,4,2022-10-24
2022-10-24 17:00:00,1.371450,1.374300,1.368400,1.370950,4,2022-10-25
2022-10-24 21:00:00,1.370950,1.377450,1.369900,1.373700,4,2022-10-25
2022-10-25 01:00:00,1.373750,1.374400,1.370400,1.370950,4,2022-10-25
2022-10-25 05:00:00,1.371000,1.371450,1.367900,1.369900,4,2022-10-25
2022-10-25 09:00:00,1.369950,1.371650,1.369000,1.371150,4,2022-10-25
2022-10-25 13:00:00,1.371300,1.374550,1.369400,1.373250,4,2022-10-25
2022-10-25 17:00:00,1.373400,1.374750,1.361350,1.362350,4,2022-10-26
2022-10-25 21:00:00,1.361800,1.364950,1.360450,1.363150,4,2022-10-26
2022-10-26 01:00:00,1.363300,1.363350,1.360150,1.361200,4,2022-10-26
2022-10-26 05:00:00,1.361250,1.363950,1.360700,1.361800,4,2022-10-26
2022-10-26 09:00:00,1.361750,1.362050,1.359400,1.360200,4,2022-10-26
2022-10-26 13:00:00,1.360350,1.360500,1.351300,1.355500,4,2022-10-26
2022-10-26 17:00:00,1.355500,1.358600,1.350900,1.358300,4,2022-10-27
2022-10-26 21:00:00,1.358250,1.365050,1.353450,1.355650,4,2022-10-27
2022-10-27 01:00:00,1.355800,1.357650,1.354700,1.356100,4,2022-10-27
2022-10-27 05:00:00,1.356200,1.356850,1.354450,1.356200,4,2022-10-27
2022-10-27 09:00:00,1.356200,1.358050,1.353900,1.354600,4,2022-10-27
2022-10-27 13:00:00,1.354550,1.360200,1.353950,1.360050,4,2022-10-27
2022-10-27 17:00:00,1.360100,1.362750,1.353150,1.353800,4,2022-10-28
2022-10-27 21:00:00,1.353800,1.355000,1.349550,1.354500,4,2022-10-28
2022-10-28 01:00:00,1.354500,1.357950,1.354000,1.357000,4,2022-10-28
2022-10-28 05:00:00,1.357100,1.357100,1.353200,1.353400,4,2022-10-28
2022-10-28 09:00:00,1.353400,1.356650,1.352550,1.356400,4,2022-10-28
2022-10-28 13:00:00,1.356350,1.363000,1.355900,1.361350,4,2022-10-28
2022-10-31 01:00:00,1.361500,1.361650,1.360450,1.360500,1,2022-10-31
2022-10-31 05:00:00,1.361100,1.362950,1.360150,1.361250,4,2022-10-31
2022-10-31 09:00:00,1.361300,1.362900,1.360700,1.362200,4,2022-10-31
2022-10-31 13:00:00,1.362200,1.365900,1.361450,1.364200,4,2022-10-31
2022-10-31 17:00:00,1.364300,1.368500,1.364200,1.367650,4,2022-11-01
2022-10-31 21:00:00,1.367650,1.367650,1.362750,1.363950,4,2022-11-01
2022-11-01 01:00:00,1.363950,1.364600,1.361700,1.362050,4,2022-11-01
2022-11-01 05:00:00,1.361950,1.362600,1.360250,1.360600,4,2022-11-01
2022-11-01 09:00:00,1.360400,1.360600,1.356100,1.356500,4,2022-11-01
2022-11-01 13:00:00,1.356600,1.358300,1.354300,1.355150,4,2022-11-01
2022-11-01 17:00:00,1.355300,1.359600,1.352950,1.358550,4,2022-11-02
2022-11-01 21:00:00,1.358700,1.366700,1.358700,1.362350,4,2022-11-02
2022-11-02 01:00:00,1.362400,1.363750,1.361600,1.363100,4,2022-11-02
2022-11-02 05:00:00,1.363150,1.363550,1.360600,1.360800,4,2022-11-02
2022-11-02 09:00:00,1.360750,1.361650,1.358800,1.359500,4,2022-11-02
2022-11-02 13:00:00,1.359400,1.361450,1.358650,1.359600,4,2022-11-02
2022-11-02 17:00:00,1.359600,1.364050,1.359200,1.363200,4,2022-11-03
2022-11-02 21:00:00,1.363050,1.365000,1.362300,1.363100,4,2022-11-03
2022-11-03 01:00:00,1.363250,1.371400,1.354900,1.370750,4,2022-11-03
2022-11-03 05:00:00,1.370700,1.372500,1.368400,1.369400,4,2022-11-03
2022-11-03 09:00:00,1.369350,1.370150,1.368350,1.369450,4,2022-11-03
2022-11-03 13:00:00,1.369500,1.377550,1.369400,1.376500,4,2022-11-03
2022-11-03 17:00:00,1.376500,1.380850,1.376000,1.379000,4,2022-11-04
2022-11-03 21:00:00,1.378050,1.379600,1.371600,1.373200,4,2022-11-04
2022-11-04 01:00:00,1.373250,1.375050,1.372150,1.375050,4,2022-11-04
2022-11-04 05:00:00,1.374900,1.375100,1.371900,1.371950,4,2022-11-04
2022-11-04 09:00:00,1.371950,1.372500,1.366150,1.366850,4,2022-11-04
2022-11-04 13:00:00,1.366850,1.367500,1.362850,1.364550,4,2022-11-04
2022-11-07 01:00:00,1.353450,1.354250,1.352800,1.353900,3,2022-11-07
2022-11-07 05:00:00,1.353400,1.354500,1.349850,1.352300,4,2022-11-07
2022-11-07 09:00:00,1.352300,1.353150,1.350800,1.352800,4,2022-11-07
2022-11-07 13:00:00,1.352800,1.355250,1.346600,1.348450,4,2022-11-07
2022-11-07 17:00:00,1.348650,1.352650,1.346600,1.351300,4,2022-11-08
2022-11-07 21:00:00,1.351300,1.352150,1.348150,1.348900,4,2022-11-08
2022-11-08 01:00:00,1.348850,1.350050,1.348300,1.349450,4,2022-11-08
2022-11-08 05:00:00,1.349600,1.350800,1.347600,1.350700,4,2022-11-08
2022-11-08 09:00:00,1.350600,1.352750,1.349800,1.351350,4,2022-11-08
2022-11-08 13:00:00,1.351400,1.352650,1.348900,1.349900,4,2022-11-08
2022-11-08 17:00:00,1.349900,1.350800,1.348000,1.349000,4,2022-11-09
2022-11-08 21:00:00,1.349100,1.349100,1.338750,1.343800,4,2022-11-09
2022-11-09 01:00:00,1.343950,1.347450,1.341850,1.342950,4,2022-11-09
2022-11-09 05:00:00,1.343350,1.344800,1.341400,1.343100,4,2022-11-09
2022-11-09 09:00:00,1.343050,1.345350,1.342200,1.344850,4,2022-11-09
2022-11-09 13:00:00,1.344700,1.346600,1.341300,1.345200,4,2022-11-09
2022-11-09 17:00:00,1.345300,1.347550,1.342950,1.346450,4,2022-11-10
2022-11-09 21:00:00,1.346400,1.352850,1.341300,1.351100,4,2022-11-10
2022-11-10 01:00:00,1.351050,1.354150,1.350900,1.352800,4,2022-11-10
2022-11-10 05:00:00,1.352800,1.354900,1.351500,1.354300,4,2022-11-10
2022-11-10 09:00:00,1.354350,1.354550,1.352350,1.353400,4,2022-11-10
2022-11-10 13:00:00,1.353400,1.357100,1.351150,1.355000,4,2022-11-10
2022-11-10 17:00:00,1.354750,1.357000,1.335500,1.336500,4,2022-11-11
2022-11-10 21:00:00,1.336300,1.340050,1.333400,1.337450,4,2022-11-11
2022-11-11 01:00:00,1.337600,1.337600,1.330850,1.333800,4,2022-11-11
2022-11-11 05:00:00,1.333500,1.336100,1.332750,1.333150,4,2022-11-11
2022-11-11 09:00:00,1.333500,1.334200,1.329350,1.331100,4,2022-11-11
2022-11-11 13:00:00,1.331000,1.332400,1.328450,1.330850,4,2022-11-11
2022-11-14 01:00:00,1.326650,1.330850,1.326100,1.330300,3,2022-11-14
2022-11-14 05:00:00,1.329050,1.329050,1.323950,1.325900,4,2022-11-14
2022-11-14 09:00:00,1.325700,1.328200,1.324700,1.326100,4,2022-11-14
2022-11-14 13:00:00,1.326100,1.330350,1.324950,1.329400,4,2022-11-14
2022-11-14 17:00:00,1.329400,1.330550,1.327100,1.329150,4,2022-11-15
2022-11-14 21:00:00,1.329100,1.330950,1.326200,1.328500,4,2022-11-15
2022-11-15 01:00:00,1.328450,1.331700,1.328300,1.331550,4,2022-11-15
2022-11-15 05:00:00,1.331700,1.332650,1.330500,1.330900,4,2022-11-15
2022-11-15 09:00:00,1.330850,1.331400,1.328000,1.328500,4,2022-11-15
2022-11-15 13:00:00,1.328400,1.328650,1.325100,1.327450,4,2022-11-15
2022-11-15 17:00:00,1.327300,1.333450,1.322700,1.331500,4,2022-11-16
2022-11-15 21:00:00,1.331450,1.332850,1.327300,1.331100,4,2022-11-16
2022-11-16 01:00:00,1.330900,1.331800,1.326450,1.327800,4,2022-11-16
2022-11-16 05:00:00,1.327900,1.330400,1.326900,1.327700,4,2022-11-16
2022-11-16 09:00:00,1.327500,1.330650,1.326100,1.326400,4,2022-11-16
2022-11-16 13:00:00,1.326500,1.328150,1.322900,1.324800,4,2022-11-16
2022-11-16 17:00:00,1.324900,1.331100,1.324000,1.330200,4,2022-11-17
2022-11-16 21:00:00,1.330100,1.334700,1.329000,1.333550,4,2022-11-17
2022-11-17 01:00:00,1.333600,1.333800,1.331800,1.333000,4,2022-11-17
2022-11-17 05:00:00,1.333450,1.335700,1.332600,1.334900,3,2022-11-17
2022-11-17 09:00:00,1.334900,1.336150,1.333050,1.333200,4,2022-11-17
2022-11-17 13:00:00,1.333200,1.337750,1.330600,1.337100,4,2022-11-17
2022-11-17 17:00:00,1.337100,1.340050,1.335550,1.336400,4,2022-11-18
2022-11-17 21:00:00,1.336500,1.336550,1.332200,1.333200,4,2022-11-18
2022-11-18 01:00:00,1.333050,1.333950,1.332150,1.332650,4,2022-11-18
2022-11-18 09:00:00,1.331200,1.333100,1.330050,1.332200,4,2022-11-18
2022-11-18 13:00:00,1.332250,1.334750,1.331200,1.333000,4,2022-11-18
2022-11-21 01:00:00,1.339250,1.339250,1.337250,1.338250,3,2022-11-21
2022-11-21 05:00:00,1.338100,1.342000,1.337550,1.341900,4,2022-11-21
2022-11-21 09:00:00,1.342000,1.342550,1.340500,1.342450,4,2022-11-21
2022-11-21 13:00:00,1.342500,1.344250,1.340750,1.342700,4,2022-11-21
2022-11-21 17:00:00,1.342700,1.345850,1.341750,1.344850,4,2022-11-22
2022-11-21 21:00:00,1.344850,1.349550,1.343150,1.344600,4,2022-11-22
2022-11-22 01:00:00,1.344650,1.345700,1.343550,1.345300,4,2022-11-22
2022-11-22 05:00:00,1.345200,1.345350,1.342000,1.343100,4,2022-11-22
2022-11-22 09:00:00,1.343050,1.344100,1.342450,1.344000,4,2022-11-22
2022-11-22 13:00:00,1.344000,1.344400,1.339500,1.339850,4,2022-11-22
2022-11-22 17:00:00,1.339700,1.341800,1.338500,1.340800,4,2022-11-23
2022-11-22 21:00:00,1.341050,1.341650,1.337650,1.338050,4,2022-11-23
2022-11-23 01:00:00,1.337900,1.339150,1.336550,1.337100,4,2022-11-23
2022-11-23 05:00:00,1.337050,1.338050,1.335700,1.337200,4,2022-11-23
2022-11-23 09:00:00,1.337300,1.339600,1.337300,1.338750,4,2022-11-23
2022-11-23 13:00:00,1.338700,1.341550,1.336300,1.341500,4,2022-11-23
2022-11-23 17:00:00,1.341550,1.343950,1.336600,1.338400,4,2022-11-24
2022-11-23 21:00:00,1.338200,1.342100,1.337650,1.339250,4,2022-11-24
2022-11-24 01:00:00,1.339400,1.339950,1.334500,1.335000,4,2022-11-24
2022-11-24 05:00:00,1.335050,1.335450,1.333350,1.333700,4,2022-11-24
2022-11-24 09:00:00,1.333700,1.335150,1.332800,1.334950,4,2022-11-24
2022-11-24 13:00:00,1.334800,1.336250,1.333250,1.334200,4,2022-11-24
2022-11-24 17:00:00,1.334250,1.335950,1.332600,1.332700,4,2022-11-25
2022-11-24 21:00:00,1.332800,1.334150,1.331650,1.334100,4,2022-11-25
2022-11-25 01:00:00,1.334100,1.334300,1.333250,1.333500,4,2022-11-25
2022-11-25 05:00:00,1.333750,1.335000,1.333300,1.333500,4,2022-11-25
2022-11-25 09:00:00,1.333400,1.333950,1.331700,1.333250,3,2022-11-25
2022-11-25 13:00:00,1.333700,1.337100,1.333500,1.334000,4,2022-11-25
2022-11-28 01:00:00,1.339500,1.340100,1.338950,1.339600,3,2022-11-28
2022-11-28 05:00:00,1.340450,1.347400,1.339550,1.343750,4,2022-11-28
2022-11-28 09:00:00,1.343650,1.346200,1.343600,1.344050,4,2022-11-28
2022-11-28 13:00:00,1.344100,1.345600,1.342500,1.343500,4,2022-11-28
2022-11-28 17:00:00,1.343500,1.346700,1.341350,1.344400,4,2022-11-29
2022-11-28 21:00:00,1.344550,1.347000,1.342200,1.346750,4,2022-11-29
2022-11-29 01:00:00,1.346700,1.350500,1.346600,1.349200,4,2022-11-29
2022-11-29 05:00:00,1.349500,1.349600,1.345700,1.346250,4,2022-11-29
2022-11-29 09:00:00,1.346200,1.346200,1.342450,1.343400,4,2022-11-29
2022-11-29 13:00:00,1.343400,1.346250,1.340900,1.345400,4,2022-11-29
2022-11-29 17:00:00,1.345500,1.355950,1.343850,1.355800,4,2022-11-30
2022-11-29 21:00:00,1.356100,1.364600,1.354200,1.358300,4,2022-11-30
2022-11-30 01:00:00,1.358400,1.359350,1.356900,1.358700,4,2022-11-30
2022-11-30 05:00:00,1.358300,1.359450,1.357150,1.357550,4,2022-11-30
2022-11-30 09:00:00,1.357500,1.357750,1.356300,1.357400,4,2022-11-30
2022-11-30 13:00:00,1.357300,1.357600,1.352200,1.354600,4,2022-11-30
2022-11-30 17:00:00,1.354550,1.354750,1.349000,1.349300,4,2022-12-01
2022-11-30 21:00:00,1.349350,1.357800,1.348000,1.348400,4,2022-12-01
2022-12-01 01:00:00,1.348300,1.349550,1.340950,1.342600,4,2022-12-01
2022-12-01 05:00:00,1.342300,1.342700,1.340350,1.342500,4,2022-12-01
2022-12-01 09:00:00,1.342400,1.342750,1.339550,1.340000,4,2022-12-01
2022-12-01 13:00:00,1.339900,1.343550,1.339600,1.343000,4,2022-12-01
2022-12-01 17:00:00,1.342900,1.345100,1.340700,1.342650,4,2022-12-02
2022-12-01 21:00:00,1.342750,1.346600,1.340600,1.344500,4,2022-12-02
2022-12-02 01:00:00,1.344500,1.347100,1.342300,1.342900,4,2022-12-02
2022-12-02 05:00:00,1.343250,1.345300,1.342450,1.344600,4,2022-12-02
2022-12-02 09:00:00,1.344700,1.344700,1.342750,1.343100,4,2022-12-02
2022-12-02 13:00:00,1.343050,1.345350,1.342100,1.343700,4,2022-12-02
2022-12-05 01:00:00,1.346450,1.346850,1.346250,1.346250,3,2022-12-05
2022-12-05 05:00:00,1.346700,1.347450,1.338800,1.339100,4,2022-12-05
2022-12-05 09:00:00,1.339050,1.341650,1.338550,1.341050,4,2022-12-05
2022-12-05 13:00:00,1.341100,1.344800,1.341100,1.343450,4,2022-12-05
2022-12-05 17:00:00,1.343500,1.346800,1.339450,1.346800,4,2022-12-06
2022-12-05 21:00:00,1.346850,1.358650,1.346850,1.358550,4,2022-12-06
2022-12-06 01:00:00,1.358550,1.360600,1.358350,1.358950,4,2022-12-06
2022-12-06 05:00:00,1.358800,1.359400,1.357100,1.358600,4,2022-12-06
2022-12-06 09:00:00,1.358550,1.360250,1.357350,1.359550,4,2022-12-06
2022-12-06 13:00:00,1.359600,1.363250,1.358200,1.362900,4,2022-12-06
2022-12-06 17:00:00,1.362900,1.364750,1.360600,1.364650,4,2022-12-07
2022-12-06 21:00:00,1.364700,1.367600,1.361450,1.366850,4,2022-12-07
2022-12-07 01:00:00,1.366700,1.367500,1.364650,1.365250,4,2022-12-07
2022-12-07 05:00:00,1.365000,1.365950,1.363150,1.364250,4,2022-12-07
2022-12-07 09:00:00,1.364300,1.366350,1.363550,1.365550,4,2022-12-07
2022-12-07 13:00:00,1.365500,1.370050,1.364850,1.368500,4,2022-12-07
2022-12-07 17:00:00,1.368500,1.369250,1.362800,1.364950,4,2022-12-08
2022-12-07 21:00:00,1.360800,1.365100,1.358900,1.363700,4,2022-12-08
2022-12-08 01:00:00,1.363700,1.366150,1.363400,1.365200,4,2022-12-08
2022-12-08 05:00:00,1.365300,1.368950,1.364900,1.368550,4,2022-12-08
2022-12-08 09:00:00,1.368550,1.368900,1.365350,1.365600,4,2022-12-08
2022-12-08 13:00:00,1.365650,1.368750,1.364700,1.365350,4,2022-12-08
2022-12-08 17:00:00,1.365450,1.366350,1.356800,1.358350,4,2022-12-09
2022-12-08 21:00:00,1.358200,1.360300,1.356150,1.357250,4,2022-12-09
2022-12-09 01:00:00,1.357150,1.359650,1.357000,1.358650,4,2022-12-09
2022-12-09 05:00:00,1.358950,1.360700,1.356950,1.359100,4,2022-12-09
2022-12-09 09:00:00,1.359200,1.359850,1.358100,1.358850,4,2022-12-09
2022-12-09 13:00:00,1.358900,1.364250,1.358500,1.362500,4,2022-12-09
2022-12-12 01:00:00,1.363400,1.364700,1.363300,1.364400,2,2022-12-12
2022-12-12 05:00:00,1.364200,1.367500,1.364150,1.366900,4,2022-12-12
2022-12-12 09:00:00,1.366900,1.366900,1.364800,1.364850,4,2022-12-12
2022-12-12 13:00:00,1.364800,1.367000,1.363600,1.365900,4,2022-12-12
2022-12-12 17:00:00,1.365900,1.368350,1.365150,1.367600,4,2022-12-13
2022-12-12 21:00:00,1.367400,1.367900,1.363200,1.365300,4,2022-12-13
2022-12-13 01:00:00,1.365300,1.366450,1.361950,1.363650,4,2022-12-13
2022-12-13 05:00:00,1.363500,1.363700,1.361350,1.362150,4,2022-12-13
2022-12-13 09:00:00,1.362100,1.364450,1.361600,1.362400,4,2022-12-13
2022-12-13 13:00:00,1.362400,1.363300,1.360300,1.362550,4,2022-12-13
2022-12-13 17:00:00,1.362500,1.362950,1.352200,1.354000,4,2022-12-14
2022-12-13 21:00:00,1.353900,1.356200,1.352350,1.354100,4,2022-12-14
2022-12-14 01:00:00,1.354200,1.356350,1.353500,1.354850,4,2022-12-14
2022-12-14 05:00:00,1.354800,1.357450,1.354400,1.357000,4,2022-12-14
2022-12-14 09:00:00,1.356950,1.357400,1.355400,1.355550,4,2022-12-14
2022-12-14 13:00:00,1.355600,1.356850,1.353050,1.356050,4,2022-12-14
2022-12-14 17:00:00,1.356200,1.357950,1.355100,1.356850,4,2022-12-15
2022-12-14 21:00:00,1.356750,1.358550,1.353450,1.354100,4,2022-12-15
2022-12-15 01:00:00,1.354200,1.361100,1.351900,1.354300,4,2022-12-15
2022-12-15 05:00:00,1.354400,1.357400,1.354100,1.356650,4,2022-12-15
2022-12-15 09:00:00,1.356700,1.356950,1.355450,1.356000,4,2022-12-15
2022-12-15 13:00:00,1.356200,1.358950,1.356100,1.356850,4,2022-12-15
2022-12-15 17:00:00,1.356800,1.363200,1.356500,1.360950,4,2022-12-16
2022-12-15 21:00:00,1.361150,1.367450,1.360200,1.366050,4,2022-12-16
2022-12-16 01:00:00,1.366050,1.367150,1.364700,1.366050,4,2022-12-16
2022-12-16 05:00:00,1.366050,1.366250,1.361750,1.362800,4,2022-12-16
2022-12-16 09:00:00,1.362800,1.364150,1.362050,1.362400,4,2022-12-16
2022-12-16 13:00:00,1.362400,1.368800,1.361900,1.368250,4,2022-12-16
2022-12-19 01:00:00,1.367950,1.368650,1.367900,1.368450,3,2022-12-19
2022-12-19 05:00:00,1.368400,1.369050,1.364550,1.365800,4,2022-12-19
2022-12-19 09:00:00,1.365850,1.367900,1.365600,1.366900,4,2022-12-19
2022-12-19 13:00:00,1.366800,1.366800,1.363000,1.364550,4,2022-12-19
2022-12-19 17:00:00,1.364700,1.366450,1.362500,1.365750,4,2022-12-20
2022-12-19 21:00:00,1.365800,1.369400,1.362350,1.364950,4,2022-12-20
2022-12-20 01:00:00,1.365050,1.366950,1.363800,1.365600,4,2022-12-20
2022-12-20 05:00:00,1.365350,1.365700,1.363250,1.363900,4,2022-12-20
2022-12-20 09:00:00,1.363900,1.370400,1.361600,1.366100,4,2022-12-20
2022-12-20 13:00:00,1.366000,1.368000,1.361100,1.362300,4,2022-12-20
2022-12-20 17:00:00,1.362300,1.365900,1.360600,1.361500,4,2022-12-21
2022-12-20 21:00:00,1.361500,1.364250,1.358000,1.361150,4,2022-12-21
2022-12-21 01:00:00,1.361050,1.362050,1.360250,1.360750,4,2022-12-21
2022-12-21 05:00:00,1.360600,1.361250,1.358900,1.360450,4,2022-12-21
2022-12-21 09:00:00,1.360500,1.362250,1.360100,1.362150,4,2022-12-21
2022-12-21 13:00:00,1.362200,1.362650,1.360450,1.362400,4,2022-12-21
2022-12-21 17:00:00,1.362400,1.363800,1.359600,1.362350,4,2022-12-22
2022-12-21 21:00:00,1.362350,1.363700,1.359500,1.360550,4,2022-12-22
2022-12-22 01:00:00,1.360650,1.361600,1.359000,1.360900,4,2022-12-22
2022-12-22 05:00:00,1.360900,1.362050,1.359200,1.359700,4,2022-12-22
2022-12-22 09:00:00,1.359650,1.359750,1.358200,1.358450,4,2022-12-22
2022-12-22 13:00:00,1.358550,1.361750,1.357100,1.361650,4,2022-12-22
2022-12-22 17:00:00,1.361650,1.366350,1.361300,1.363600,4,2022-12-23
2022-12-22 21:00:00,1.363750,1.368500,1.363500,1.367850,4,2022-12-23
2022-12-23 01:00:00,1.367850,1.367950,1.363800,1.364450,4,2022-12-23
2022-12-23 05:00:00,1.364800,1.365900,1.362450,1.363100,4,2022-12-23
2022-12-23 09:00:00,1.363000,1.363750,1.362450,1.362600,4,2022-12-23
2022-12-23 13:00:00,1.362600,1.362950,1.359400,1.360200,4,2022-12-23
2022-12-26 01:00:00,1.361100,1.361100,1.358600,1.360500,1,2022-12-26
2022-12-26 05:00:00,1.360300,1.361700,1.358800,1.359450,4,2022-12-26
2022-12-26 09:00:00,1.359050,1.360600,1.358650,1.359550,4,2022-12-26
2022-12-26 13:00:00,1.359500,1.360050,1.359100,1.359400,4,2022-12-26
2022-12-26 17:00:00,1.359750,1.359850,1.358700,1.358800,4,2022-12-27
2022-12-26 21:00:00,1.358900,1.359750,1.357650,1.358950,4,2022-12-27
2022-12-27 01:00:00,1.358850,1.359150,1.358050,1.358200,4,2022-12-27
2022-12-27 05:00:00,1.357850,1.358100,1.354800,1.355500,4,2022-12-27
2022-12-27 09:00:00,1.355300,1.356900,1.354050,1.354050,4,2022-12-27
2022-12-27 13:00:00,1.354200,1.355400,1.352750,1.352750,4,2022-12-27
2022-12-27 17:00:00,1.352850,1.354750,1.350000,1.351050,4,2022-12-28
2022-12-27 21:00:00,1.351000,1.352250,1.348400,1.351450,4,2022-12-28
2022-12-28 01:00:00,1.351500,1.353950,1.350600,1.351900,4,2022-12-28
2022-12-28 05:00:00,1.352100,1.354000,1.351800,1.353150,4,2022-12-28
2022-12-28 09:00:00,1.353100,1.353750,1.352400,1.353250,4,2022-12-28
2022-12-28 13:00:00,1.353200,1.354050,1.350950,1.351400,4,2022-12-28
2022-12-28 17:00:00,1.351400,1.353000,1.348550,1.353000,4,2022-12-29
2022-12-28 21:00:00,1.353300,1.360000,1.352000,1.359500,4,2022-12-29
2022-12-29 01:00:00,1.359500,1.361150,1.358450,1.360350,4,2022-12-29
2022-12-29 05:00:00,1.360450,1.360450,1.358850,1.359300,4,2022-12-29
2022-12-29 09:00:00,1.359300,1.359750,1.357850,1.359500,4,2022-12-29
2022-12-29 13:00:00,1.359500,1.360850,1.358250,1.359650,4,2022-12-29
2022-12-29 17:00:00,1.359600,1.360050,1.355000,1.355000,4,2022-12-30
2022-12-29 21:00:00,1.355000,1.357600,1.354000,1.355300,4,2022-12-30
2022-12-30 01:00:00,1.355300,1.355900,1.353800,1.355250,4,2022-12-30
2022-12-30 05:00:00,1.355150,1.355900,1.354700,1.354900,4,2022-12-30
2022-12-30 09:00:00,1.354950,1.355950,1.354250,1.355100,4,2022-12-30
2022-12-30 13:00:00,1.355050,1.356350,1.352800,1.353800,4,2022-12-30
2023-01-02 05:00:00,1.355600,1.355600,1.352400,1.352650,4,2023-01-02
2023-01-02 09:00:00,1.354600,1.355050,1.354400,1.355050,2,2023-01-02
2023-01-02 13:00:00,1.355000,1.356500,1.353950,1.356300,4,2023-01-02
2023-01-02 17:00:00,1.356200,1.358050,1.355850,1.357500,4,2023-01-03
2023-01-02 21:00:00,1.357600,1.358350,1.356550,1.358350,4,2023-01-03
2023-01-03 01:00:00,1.357400,1.357600,1.356950,1.356950,4,2023-01-03
2023-01-03 05:00:00,1.357000,1.361900,1.355550,1.357600,4,2023-01-03
2023-01-03 09:00:00,1.357450,1.357450,1.354150,1.355300,4,2023-01-03
2023-01-03 13:00:00,1.355200,1.363800,1.352350,1.363100,4,2023-01-03
2023-01-03 17:00:00,1.363200,1.368000,1.360550,1.361600,4,2023-01-04
2023-01-03 21:00:00,1.361400,1.367850,1.360300,1.365800,4,2023-01-04
2023-01-04 01:00:00,1.365750,1.368500,1.365750,1.366400,4,2023-01-04
2023-01-04 05:00:00,1.367200,1.368050,1.363800,1.364250,4,2023-01-04
2023-01-04 09:00:00,1.364150,1.365850,1.362750,1.364550,4,2023-01-04
2023-01-04 13:00:00,1.364500,1.364500,1.354250,1.354950,4,2023-01-04
2023-01-04 17:00:00,1.355000,1.355800,1.351250,1.352500,4,2023-01-05
2023-01-04 21:00:00,1.352450,1.355700,1.347700,1.349900,4,2023-01-05
2023-01-05 01:00:00,1.350000,1.351350,1.347600,1.348400,4,2023-01-05
2023-01-05 05:00:00,1.347950,1.351650,1.347050,1.350650,4,2023-01-05
2023-01-05 09:00:00,1.350650,1.351550,1.348950,1.351250,4,2023-01-05
2023-01-05 13:00:00,1.351300,1.352650,1.349550,1.350950,4,2023-01-05
2023-01-05 17:00:00,1.350650,1.354900,1.349350,1.354400,4,2023-01-06
2023-01-05 21:00:00,1.354500,1.359550,1.354000,1.356000,4,2023-01-06
2023-01-06 01:00:00,1.356000,1.358350,1.355450,1.356700,4,2023-01-06
2023-01-06 05:00:00,1.356600,1.356800,1.354650,1.355300,4,2023-01-06
2023-01-06 09:00:00,1.355250,1.357850,1.353800,1.357600,4,2023-01-06
2023-01-06 13:00:00,1.357800,1.363250,1.357200,1.363100,4,2023-01-06
2023-01-09 01:00:00,1.344450,1.345050,1.344050,1.344600,2,2023-01-09
2023-01-09 05:00:00,1.344050,1.344450,1.340500,1.340650,4,2023-01-09
2023-01-09 09:00:00,1.340600,1.341600,1.339600,1.340200,4,2023-01-09
2023-01-09 13:00:00,1.340300,1.341900,1.338450,1.338800,4,2023-01-09
2023-01-09 17:00:00,1.338750,1.341550,1.335700,1.338450,4,2023-01-10
2023-01-09 21:00:00,1.338350,1.338900,1.335850,1.338500,4,2023-01-10
2023-01-10 01:00:00,1.338450,1.339500,1.336600,1.339300,4,2023-01-10
2023-01-10 05:00:00,1.339200,1.341050,1.337600,1.339500,4,2023-01-10
2023-01-10 09:00:00,1.339500,1.339900,1.337750,1.338150,4,2023-01-10
2023-01-10 13:00:00,1.338000,1.340500,1.337650,1.339050,4,2023-01-10
2023-01-10 17:00:00,1.338900,1.342850,1.338200,1.340500,4,2023-01-11
2023-01-10 21:00:00,1.340350,1.344600,1.339200,1.342250,4,2023-01-11
2023-01-11 01:00:00,1.342250,1.342900,1.341550,1.342500,4,2023-01-11
2023-01-11 05:00:00,1.342550,1.344200,1.342200,1.343900,4,2023-01-11
2023-01-11 09:00:00,1.343700,1.343800,1.341200,1.342000,4,2023-01-11
2023-01-11 13:00:00,1.342200,1.343550,1.341150,1.342250,4,2023-01-11
2023-01-11 17:00:00,1.342300,1.344500,1.340500,1.342300,4,2023-01-12
2023-01-11 21:00:00,1.342450,1.344100,1.341450,1.342550,4,2023-01-12
2023-01-12 01:00:00,1.342600,1.343050,1.341700,1.342500,4,2023-01-12
2023-01-12 05:00:00,1.342650,1.343700,1.341700,1.342450,4,2023-01-12
2023-01-12 09:00:00,1.342350,1.343550,1.342200,1.343400,4,2023-01-12
2023-01-12 13:00:00,1.343450,1.344850,1.342050,1.342700,4,2023-01-12
2023-01-12 17:00:00,1.342600,1.345000,1.334850,1.342200,4,2023-01-13
2023-01-12 21:00:00,1.342050,1.343550,1.334550,1.334950,4,2023-01-13
2023-01-13 01:00:00,1.335000,1.337650,1.334900,1.336750,4,2023-01-13
2023-01-13 05:00:00,1.337050,1.339550,1.336600,1.338100,4,2023-01-13
2023-01-13 09:00:00,1.338200,1.339650,1.337300,1.337400,4,2023-01-13
2023-01-13 13:00:00,1.337250,1.337900,1.332200,1.334100,4,2023-01-13
2023-01-16 01:00:00,1.339850,1.339850,1.339100,1.339750,2,2023-01-16
2023-01-16 05:00:00,1.339650,1.340100,1.335250,1.335500,4,2023-01-16
2023-01-16 09:00:00,1.335450,1.338500,1.335400,1.337600,4,2023-01-16
2023-01-16 13:00:00,1.337600,1.341850,1.337600,1.338600,4,2023-01-16
2023-01-16 17:00:00,1.338500,1.340300,1.337750,1.339450,4,2023-01-17
2023-01-16 21:00:00,1.339600,1.340450,1.338550,1.340450,4,2023-01-17
2023-01-17 01:00:00,1.340400,1.341650,1.339900,1.340950,4,2023-01-17
2023-01-17 05:00:00,1.340500,1.342150,1.339400,1.341100,4,2023-01-17
2023-01-17 09:00:00,1.341000,1.341950,1.339550,1.341800,4,2023-01-17
2023-01-17 13:00:00,1.341750,1.343650,1.339750,1.342500,4,2023-01-17
2023-01-17 17:00:00,1.342500,1.343250,1.338050,1.338050,4,2023-01-18
2023-01-17 21:00:00,1.338000,1.340450,1.337000,1.339750,4,2023-01-18
2023-01-18 01:00:00,1.339700,1.339900,1.337150,1.338900,4,2023-01-18
2023-01-18 05:00:00,1.339000,1.340950,1.338450,1.339150,4,2023-01-18
2023-01-18 09:00:00,1.339250,1.339850,1.336900,1.337350,4,2023-01-18
2023-01-18 13:00:00,1.337200,1.338300,1.335150,1.335800,4,2023-01-18
2023-01-18 17:00:00,1.335800,1.339450,1.335550,1.337650,4,2023-01-19
2023-01-18 21:00:00,1.337400,1.349000,1.337400,1.347700,4,2023-01-19
2023-01-19 01:00:00,1.347800,1.350100,1.347500,1.349400,4,2023-01-19
2023-01-19 05:00:00,1.349350,1.351900,1.348950,1.350350,4,2023-01-19
2023-01-19 09:00:00,1.350350,1.350700,1.349000,1.350300,4,2023-01-19
2023-01-19 13:00:00,1.350500,1.352000,1.349150,1.349700,4,2023-01-19
2023-01-19 17:00:00,1.349700,1.351500,1.345400,1.347600,4,2023-01-20
2023-01-19 21:00:00,1.347600,1.349700,1.345250,1.345950,4,2023-01-20
2023-01-20 01:00:00,1.346050,1.347050,1.344700,1.346750,4,2023-01-20
2023-01-20 05:00:00,1.346500,1.346800,1.344600,1.345450,4,2023-01-20
2023-01-20 09:00:00,1.345500,1.347050,1.345250,1.346300,4,2023-01-20
2023-01-20 13:00:00,1.346450,1.347750,1.344350,1.346500,4,2023-01-20
2023-01-23 01:00:00,1.338650,1.338950,1.338300,1.338500,2,2023-01-23
2023-01-23 05:00:00,1.338350,1.338550,1.335600,1.337700,4,2023-01-23
2023-01-23 09:00:00,1.337650,1.338450,1.336650,1.337200,4,2023-01-23
2023-01-23 13:00:00,1.337400,1.338350,1.334200,1.335600,4,2023-01-23
2023-01-23 17:00:00,1.335400,1.341750,1.335100,1.338650,4,2023-01-24
2023-01-23 21:00:00,1.338650,1.340300,1.336950,1.337800,4,2023-01-24
2023-01-24 01:00:00,1.337800,1.339550,1.336550,1.337400,4,2023-01-24
2023-01-24 05:00:00,1.336600,1.337450,1.335150,1.336000,4,2023-01-24
2023-01-24 09:00:00,1.336000,1.336900,1.334850,1.334900,4,2023-01-24
2023-01-24 13:00:00,1.334850,1.338550,1.334700,1.336400,4,2023-01-24
2023-01-24 17:00:00,1.336500,1.340950,1.335200,1.340900,4,2023-01-25
2023-01-24 21:00:00,1.341000,1.341300,1.335400,1.336400,4,2023-01-25
2023-01-25 01:00:00,1.336400,1.337550,1.336150,1.336600,4,2023-01-25
2023-01-25 05:00:00,1.337000,1.338050,1.335000,1.335600,4,2023-01-25
2023-01-25 09:00:00,1.335650,1.336250,1.334600,1.334850,4,2023-01-25
2023-01-25 13:00:00,1.334800,1.338550,1.334350,1.338000,4,2023-01-25
2023-01-25 17:00:00,1.338050,1.338250,1.334100,1.337400,4,2023-01-26
2023-01-25 21:00:00,1.337250,1.342850,1.337250,1.339650,4,2023-01-26
2023-01-26 01:00:00,1.339550,1.339700,1.337650,1.338600,4,2023-01-26
2023-01-26 05:00:00,1.338700,1.340800,1.338050,1.339800,4,2023-01-26
2023-01-26 09:00:00,1.339700,1.340600,1.338900,1.340000,4,2023-01-26
2023-01-26 13:00:00,1.339900,1.340850,1.337000,1.338500,4,2023-01-26
2023-01-26 17:00:00,1.338500,1.339050,1.330400,1.335200,4,2023-01-27
2023-01-26 21:00:00,1.335000,1.337300,1.334200,1.334600,4,2023-01-27
2023-01-27 01:00:00,1.334600,1.334600,1.332000,1.332250,4,2023-01-27
2023-01-27 05:00:00,1.332500,1.333250,1.331250,1.333000,4,2023-01-27
2023-01-27 09:00:00,1.332950,1.334550,1.332950,1.334150,4,2023-01-27
2023-01-27 13:00:00,1.334250,1.334700,1.331400,1.331800,4,2023-01-27
2023-01-30 01:00:00,1.332050,1.332050,1.330850,1.331250,3,2023-01-30
2023-01-30 05:00:00,1.331250,1.332050,1.330000,1.332050,4,2023-01-30
2023-01-30 09:00:00,1.332000,1.334000,1.331600,1.333300,4,2023-01-30
2023-01-30 13:00:00,1.333300,1.335350,1.331600,1.332000,4,2023-01-30
2023-01-30 17:00:00,1.331900,1.335450,1.331750,1.334900,4,2023-01-31
2023-01-30 21:00:00,1.335100,1.336800,1.332250,1.336600,4,2023-01-31
2023-01-31 01:00:00,1.336600,1.339000,1.336450,1.338700,4,2023-01-31
2023-01-31 05:00:00,1.338500,1.339900,1.337800,1.339750,4,2023-01-31
2023-01-31 09:00:00,1.339850,1.342350,1.339750,1.341200,4,2023-01-31
2023-01-31 13:00:00,1.341400,1.346850,1.340650,1.346800,4,2023-01-31
2023-01-31 17:00:00,1.346800,1.347150,1.339000,1.341000,4,2023-02-01
2023-01-31 21:00:00,1.341100,1.341950,1.330050,1.330450,4,2023-02-01
2023-02-01 01:00:00,1.330400,1.331000,1.329900,1.330700,4,2023-02-01
2023-02-01 05:00:00,1.330800,1.332500,1.329900,1.332200,4,2023-02-01
2023-02-01 09:00:00,1.332150,1.332500,1.330500,1.331650,4,2023-02-01
2023-02-01 13:00:00,1.331600,1.332300,1.328900,1.330900,4,2023-02-01
2023-02-01 17:00:00,1.330900,1.331950,1.329300,1.329800,4,2023-02-02
2023-02-01 21:00:00,1.329450,1.336350,1.329450,1.335400,4,2023-02-02
2023-02-02 01:00:00,1.335150,1.337900,1.326650,1.328750,4,2023-02-02
2023-02-02 05:00:00,1.328800,1.329200,1.326400,1.328400,4,2023-02-02
2023-02-02 09:00:00,1.328500,1.329150,1.327550,1.329150,4,2023-02-02
2023-02-02 13:00:00,1.329150,1.329650,1.326200,1.329500,4,2023-02-02
2023-02-02 17:00:00,1.329450,1.333050,1.327050,1.332950,4,2023-02-03
2023-02-02 21:00:00,1.332850,1.334700,1.329700,1.330500,4,2023-02-03
2023-02-03 01:00:00,1.330550,1.333000,1.330350,1.331800,4,2023-02-03
2023-02-03 05:00:00,1.331400,1.334000,1.331400,1.333600,4,2023-02-03
2023-02-03 09:00:00,1.333700,1.333700,1.332150,1.332800,4,2023-02-03
2023-02-03 13:00:00,1.332800,1.337550,1.332250,1.334750,4,2023-02-03
2023-02-06 01:00:00,1.341300,1.342250,1.339950,1.341450,3,2023-02-06
2023-02-06 05:00:00,1.341500,1.341800,1.339900,1.340450,4,2023-02-06
2023-02-06 09:00:00,1.340400,1.341150,1.339750,1.341000,4,2023-02-06
2023-02-06 13:00:00,1.341000,1.344600,1.339550,1.344000,4,2023-02-06
2023-02-06 17:00:00,1.344100,1.345950,1.341200,1.345200,4,2023-02-07
2023-02-06 21:00:00,1.345500,1.347500,1.343200,1.343750,4,2023-02-07
2023-02-07 01:00:00,1.343500,1.345000,1.342450,1.344850,4,2023-02-07
2023-02-07 05:00:00,1.344400,1.344700,1.341250,1.341350,4,2023-02-07
2023-02-07 09:00:00,1.341350,1.343200,1.340250,1.341750,4,2023-02-07
2023-02-07 13:00:00,1.341850,1.344250,1.340600,1.342050,4,2023-02-07
2023-02-07 17:00:00,1.342100,1.346400,1.341800,1.345200,4,2023-02-08
2023-02-07 21:00:00,1.345400,1.346950,1.338100,1.344600,4,2023-02-08
2023-02-08 01:00:00,1.344700,1.344700,1.339100,1.339300,4,2023-02-08
2023-02-08 05:00:00,1.339450,1.340800,1.338950,1.339450,4,2023-02-08
2023-02-08 09:00:00,1.339450,1.339750,1.338550,1.339000,4,2023-02-08
2023-02-08 13:00:00,1.339100,1.339800,1.336050,1.337500,4,2023-02-08
2023-02-08 17:00:00,1.337500,1.342550,1.337200,1.341750,4,2023-02-09
2023-02-08 21:00:00,1.341800,1.344400,1.341450,1.343400,4,2023-02-09
2023-02-09 01:00:00,1.343400,1.345050,1.343050,1.344250,4,2023-02-09
2023-02-09 05:00:00,1.344350,1.346000,1.344000,1.344400,4,2023-02-09
2023-02-09 09:00:00,1.344450,1.344500,1.342900,1.343100,4,2023-02-09
2023-02-09 13:00:00,1.343150,1.343150,1.339750,1.339850,4,2023-02-09
2023-02-09 17:00:00,1.339800,1.341350,1.337300,1.340450,4,2023-02-10
2023-02-09 21:00:00,1.340600,1.345650,1.339900,1.344800,4,2023-02-10
2023-02-10 01:00:00,1.344800,1.346400,1.344150,1.345050,4,2023-02-10
2023-02-10 05:00:00,1.345350,1.346250,1.344750,1.346250,4,2023-02-10
2023-02-10 09:00:00,1.346300,1.347200,1.345100,1.345250,4,2023-02-10
2023-02-10 13:00:00,1.345350,1.345650,1.341450,1.343850,4,2023-02-10
2023-02-13 01:00:00,1.335650,1.335900,1.334550,1.334850,3,2023-02-13
2023-02-13 05:00:00,1.335100,1.338000,1.334950,1.337050,4,2023-02-13
2023-02-13 09:00:00,1.336950,1.337950,1.336350,1.336950,4,2023-02-13
2023-02-13 13:00:00,1.337100,1.337250,1.335200,1.336150,4,2023-02-13
2023-02-13 17:00:00,1.336200,1.337300,1.332500,1.334700,4,2023-02-14
2023-02-13 21:00:00,1.334500,1.335450,1.332650,1.333150,4,2023-02-14
2023-02-14 01:00:00,1.333000,1.334300,1.332650,1.333450,4,2023-02-14
2023-02-14 05:00:00,1.333600,1.335350,1.333350,1.334200,4,2023-02-14
2023-02-14 09:00:00,1.334200,1.334550,1.333050,1.333800,4,2023-02-14
2023-02-14 13:00:00,1.333800,1.335050,1.332750,1.334350,4,2023-02-14
2023-02-14 17:00:00,1.334400,1.339000,1.327450,1.334200,4,2023-02-15
2023-02-14 21:00:00,1.334100,1.337550,1.330450,1.335250,4,2023-02-15
2023-02-15 01:00:00,1.335400,1.336150,1.333500,1.333800,4,2023-02-15
2023-02-15 05:00:00,1.333700,1.336100,1.333550,1.336050,4,2023-02-15
2023-02-15 09:00:00,1.336100,1.337550,1.335600,1.337250,4,2023-02-15
2023-02-15 13:00:00,1.337200,1.340600,1.337100,1.340150,4,2023-02-15
2023-02-15 17:00:00,1.340100,1.344000,1.339050,1.343300,4,2023-02-16
2023-02-15 21:00:00,1.343400,1.343700,1.339250,1.339300,4,2023-02-16
2023-02-16 01:00:00,1.339400,1.340250,1.338700,1.339450,4,2023-02-16
2023-02-16 05:00:00,1.339500,1.340800,1.337150,1.337350,4,2023-02-16
2023-02-16 09:00:00,1.337400,1.339550,1.337350,1.338900,4,2023-02-16
2023-02-16 13:00:00,1.339000,1.339000,1.335750,1.338400,4,2023-02-16
2023-02-16 17:00:00,1.338500,1.345850,1.338150,1.345800,4,2023-02-17
2023-02-16 21:00:00,1.345750,1.347950,1.342800,1.343250,4,2023-02-17
2023-02-17 01:00:00,1.343200,1.346150,1.342300,1.346000,4,2023-02-17
2023-02-17 05:00:00,1.346300,1.348450,1.346200,1.348150,4,2023-02-17
2023-02-17 09:00:00,1.348100,1.349450,1.347950,1.349200,4,2023-02-17
2023-02-17 13:00:00,1.349300,1.352250,1.348750,1.351750,4,2023-02-17
2023-02-20 01:00:00,1.347850,1.348250,1.347100,1.347400,3,2023-02-20
2023-02-20 05:00:00,1.347900,1.349450,1.347750,1.347800,4,2023-02-20
2023-02-20 09:00:00,1.347850,1.348200,1.346750,1.347200,4,2023-02-20
2023-02-20 13:00:00,1.347200,1.347450,1.345600,1.346100,4,2023-02-20
2023-02-20 17:00:00,1.346000,1.347150,1.344150,1.345100,4,2023-02-21
2023-02-20 21:00:00,1.345100,1.346000,1.344800,1.345250,4,2023-02-21
2023-02-21 01:00:00,1.345250,1.345650,1.344700,1.345050,4,2023-02-21
2023-02-21 05:00:00,1.345300,1.348100,1.344900,1.347100,4,2023-02-21
2023-02-21 09:00:00,1.347050,1.347900,1.346800,1.347300,4,2023-02-21
2023-02-21 13:00:00,1.347350,1.349250,1.344200,1.346550,4,2023-02-21
2023-02-21 17:00:00,1.346550,1.352800,1.344600,1.352100,4,2023-02-22
2023-02-21 21:00:00,1.352200,1.354450,1.348900,1.353850,4,2023-02-22
2023-02-22 01:00:00,1.353850,1.354950,1.352950,1.353450,4,2023-02-22
2023-02-22 05:00:00,1.353700,1.354550,1.352750,1.353400,4,2023-02-22
2023-02-22 09:00:00,1.353550,1.354700,1.353150,1.354000,4,2023-02-22
2023-02-22 13:00:00,1.354050,1.356000,1.352950,1.355650,4,2023-02-22
2023-02-22 17:00:00,1.355600,1.355700,1.351450,1.354100,4,2023-02-23
2023-02-22 21:00:00,1.354300,1.355800,1.353350,1.355050,1,2023-02-23
2023-02-23 09:00:00,1.352150,1.352650,1.351900,1.352600,1,2023-02-23
2023-02-23 13:00:00,1.352900,1.354450,1.352100,1.353250,4,2023-02-23
2023-02-23 17:00:00,1.353150,1.355200,1.351650,1.352200,4,2023-02-24
2023-02-23 21:00:00,1.352250,1.358150,1.351900,1.356500,4,2023-02-24
2023-02-24 01:00:00,1.356500,1.356600,1.353500,1.354600,4,2023-02-24
2023-02-24 05:00:00,1.354600,1.354750,1.352750,1.353650,4,2023-02-24
2023-02-24 09:00:00,1.353600,1.355200,1.352750,1.355100,4,2023-02-24
2023-02-24 13:00:00,1.355100,1.357850,1.354850,1.357500,4,2023-02-24
2023-02-27 01:00:00,1.361450,1.361850,1.360600,1.360850,3,2023-02-27
2023-02-27 05:00:00,1.360150,1.360700,1.359250,1.360350,4,2023-02-27
2023-02-27 09:00:00,1.360300,1.362450,1.360150,1.361950,4,2023-02-27
2023-02-27 13:00:00,1.361900,1.362000,1.358750,1.359550,4,2023-02-27
2023-02-27 17:00:00,1.359500,1.360750,1.355800,1.357550,4,2023-02-28
2023-02-27 21:00:00,1.357750,1.358850,1.353500,1.357250,4,2023-02-28
2023-02-28 01:00:00,1.357250,1.358300,1.356550,1.357300,4,2023-02-28
2023-02-28 05:00:00,1.357500,1.358300,1.356750,1.357500,4,2023-02-28
2023-02-28 09:00:00,1.357550,1.359250,1.357450,1.357950,4,2023-02-28
2023-02-28 13:00:00,1.358050,1.360500,1.356900,1.357000,4,2023-02-28
2023-02-28 17:00:00,1.356900,1.360900,1.356100,1.359650,4,2023-03-01
2023-02-28 21:00:00,1.359750,1.362050,1.358700,1.361400,4,2023-03-01
2023-03-01 01:00:00,1.361450,1.364850,1.361200,1.364450,4,2023-03-01
2023-03-01 05:00:00,1.364100,1.365950,1.363150,1.363500,4,2023-03-01
2023-03-01 09:00:00,1.363450,1.363550,1.360450,1.360850,4,2023-03-01
2023-03-01 13:00:00,1.360800,1.361800,1.359100,1.359700,4,2023-03-01
2023-03-01 17:00:00,1.359750,1.363500,1.358450,1.361350,4,2023-03-02
2023-03-01 21:00:00,1.362550,1.365350,1.359400,1.361000,4,2023-03-02
2023-03-02 01:00:00,1.361150,1.361750,1.359050,1.359650,4,2023-03-02
2023-03-02 05:00:00,1.359200,1.362650,1.358200,1.360400,4,2023-03-02
2023-03-02 09:00:00,1.360550,1.362200,1.360300,1.361150,4,2023-03-02
2023-03-02 13:00:00,1.361200,1.363350,1.359800,1.361900,4,2023-03-02
2023-03-02 17:00:00,1.361850,1.364150,1.360100,1.361000,4,2023-03-03
2023-03-02 21:00:00,1.361000,1.363200,1.359700,1.361200,4,2023-03-03
2023-03-03 01:00:00,1.361300,1.361750,1.358950,1.359750,4,2023-03-03
2023-03-03 05:00:00,1.359600,1.360150,1.357600,1.359000,4,2023-03-03
2023-03-03 09:00:00,1.358950,1.359100,1.357000,1.357050,4,2023-03-03
2023-03-03 13:00:00,1.357050,1.358250,1.355600,1.356200,4,2023-03-03
2023-03-06 01:00:00,1.359950,1.360800,1.359450,1.360600,3,2023-03-06
2023-03-06 05:00:00,1.360550,1.361450,1.358450,1.358900,4,2023-03-06
2023-03-06 09:00:00,1.358750,1.360400,1.358700,1.359400,4,2023-03-06
2023-03-06 13:00:00,1.359450,1.360950,1.358200,1.360200,4,2023-03-06
2023-03-06 17:00:00,1.360250,1.362950,1.360150,1.362000,4,2023-03-07
2023-03-06 21:00:00,1.361950,1.362450,1.359650,1.361700,4,2023-03-07
2023-03-07 01:00:00,1.361750,1.362400,1.360950,1.361000,4,2023-03-07
2023-03-07 05:00:00,1.361350,1.361900,1.360000,1.360450,4,2023-03-07
2023-03-07 09:00:00,1.360400,1.361950,1.360400,1.361850,4,2023-03-07
2023-03-07 13:00:00,1.361900,1.363350,1.360550,1.362600,4,2023-03-07
2023-03-07 17:00:00,1.362700,1.367100,1.362450,1.366300,4,2023-03-08
2023-03-07 21:00:00,1.366550,1.375550,1.366550,1.375000,4,2023-03-08
2023-03-08 01:00:00,1.375100,1.376150,1.374250,1.375050,4,2023-03-08
2023-03-08 05:00:00,1.375100,1.377000,1.374600,1.376900,4,2023-03-08
2023-03-08 09:00:00,1.376900,1.377350,1.375400,1.375700,4,2023-03-08
2023-03-08 13:00:00,1.375800,1.376750,1.375150,1.375500,4,2023-03-08
2023-03-08 17:00:00,1.375300,1.377300,1.374500,1.374900,4,2023-03-09
2023-03-08 21:00:00,1.375500,1.381550,1.375500,1.381400,4,2023-03-09
2023-03-09 01:00:00,1.381400,1.381450,1.379050,1.379900,4,2023-03-09
2023-03-09 05:00:00,1.380000,1.381750,1.379650,1.381050,4,2023-03-09
2023-03-09 09:00:00,1.381100,1.381400,1.379500,1.380150,4,2023-03-09
2023-03-09 13:00:00,1.380050,1.380850,1.378950,1.379100,4,2023-03-09
2023-03-09 17:00:00,1.379100,1.381550,1.375450,1.376300,4,2023-03-10
2023-03-09 21:00:00,1.376400,1.380550,1.375300,1.379850,4,2023-03-10
2023-03-10 01:00:00,1.379950,1.383750,1.379700,1.383050,4,2023-03-10
2023-03-10 05:00:00,1.383000,1.384750,1.382550,1.384000,4,2023-03-10
2023-03-10 09:00:00,1.384000,1.384850,1.383150,1.384600,4,2023-03-10
2023-03-10 13:00:00,1.384550,1.386150,1.382700,1.383900,4,2023-03-10
2023-03-13 01:00:00,1.381350,1.381350,1.379750,1.380850,2,2023-03-13
2023-03-13 05:00:00,1.380800,1.381700,1.375500,1.378400,4,2023-03-13
2023-03-13 09:00:00,1.378500,1.378700,1.371150,1.373150,4,2023-03-13
2023-03-13 13:00:00,1.373200,1.377300,1.371600,1.377300,4,2023-03-13
2023-03-13 17:00:00,1.377300,1.380100,1.373900,1.374000,4,2023-03-14
2023-03-13 21:00:00,1.374100,1.375300,1.367750,1.372250,4,2023-03-14
2023-03-14 01:00:00,1.372200,1.374000,1.371600,1.373750,4,2023-03-14
2023-03-14 05:00:00,1.372900,1.374900,1.372800,1.374100,4,2023-03-14
2023-03-14 09:00:00,1.374000,1.374350,1.372450,1.373000,4,2023-03-14
2023-03-14 13:00:00,1.373000,1.375100,1.370550,1.373700,4,2023-03-14
2023-03-14 17:00:00,1.373650,1.374250,1.365750,1.365750,4,2023-03-15
2023-03-14 21:00:00,1.365750,1.369850,1.365250,1.368350,4,2023-03-15
2023-03-15 01:00:00,1.368300,1.369200,1.366900,1.368400,4,2023-03-15
2023-03-15 05:00:00,1.368300,1.369600,1.368050,1.368200,4,2023-03-15
2023-03-15 09:00:00,1.368250,1.369350,1.366050,1.369150,4,2023-03-15
2023-03-15 13:00:00,1.369200,1.371650,1.367800,1.371500,4,2023-03-15
2023-03-15 17:00:00,1.371600,1.378650,1.370900,1.378250,4,2023-03-16
2023-03-15 21:00:00,1.378200,1.381450,1.376850,1.377050,4,2023-03-16
2023-03-16 01:00:00,1.377100,1.377850,1.374050,1.376700,4,2023-03-16
2023-03-16 05:00:00,1.376700,1.377100,1.374000,1.375250,4,2023-03-16
2023-03-16 09:00:00,1.375050,1.376200,1.374350,1.375300,4,2023-03-16
2023-03-16 13:00:00,1.375450,1.376700,1.372150,1.375000,4,2023-03-16
2023-03-16 17:00:00,1.374950,1.376900,1.372700,1.375600,4,2023-03-17
2023-03-16 21:00:00,1.375650,1.378800,1.372400,1.372650,4,2023-03-17
2023-03-17 01:00:00,1.372800,1.374450,1.371400,1.372150,4,2023-03-17
2023-03-17 05:00:00,1.372150,1.373600,1.370400,1.370500,4,2023-03-17
2023-03-17 09:00:00,1.370600,1.370600,1.368400,1.369550,4,2023-03-17
2023-03-17 13:00:00,1.369550,1.371150,1.367800,1.369850,4,2023-03-17
2023-03-20 01:00:00,1.371500,1.372600,1.370450,1.370850,2,2023-03-20
2023-03-20 05:00:00,1.371200,1.372550,1.368600,1.371700,4,2023-03-20
2023-03-20 09:00:00,1.371650,1.372550,1.370400,1.371650,4,2023-03-20
2023-03-20 13:00:00,1.371700,1.374700,1.370650,1.371900,4,2023-03-20
2023-03-20 17:00:00,1.371800,1.372600,1.366200,1.366200,4,2023-03-21
2023-03-20 21:00:00,1.366000,1.369200,1.365200,1.367550,4,2023-03-21
2023-03-21 01:00:00,1.367550,1.367750,1.365500,1.366650,4,2023-03-21
2023-03-21 05:00:00,1.366700,1.368300,1.366250,1.367750,4,2023-03-21
2023-03-21 09:00:00,1.367700,1.369100,1.367300,1.368700,4,2023-03-21
2023-03-21 13:00:00,1.368700,1.369950,1.366600,1.366800,4,2023-03-21
2023-03-21 17:00:00,1.366850,1.368000,1.364500,1.366900,4,2023-03-22
2023-03-21 21:00:00,1.366850,1.373750,1.366850,1.372800,4,2023-03-22
2023-03-22 01:00:00,1.372850,1.373100,1.371050,1.371150,4,2023-03-22
2023-03-22 05:00:00,1.371150,1.371900,1.370150,1.370500,4,2023-03-22
2023-03-22 09:00:00,1.370500,1.371150,1.369750,1.370300,4,2023-03-22
2023-03-22 13:00:00,1.370400,1.371950,1.369500,1.370150,4,2023-03-22
2023-03-22 17:00:00,1.370200,1.371650,1.369350,1.370900,4,2023-03-23
2023-03-22 21:00:00,1.370900,1.374350,1.370200,1.373900,4,2023-03-23
2023-03-23 01:00:00,1.373650,1.373650,1.365800,1.372800,4,2023-03-23
2023-03-23 05:00:00,1.372700,1.373350,1.370450,1.370950,4,2023-03-23
2023-03-23 09:00:00,1.370900,1.371350,1.366300,1.367000,4,2023-03-23
2023-03-23 13:00:00,1.367000,1.368250,1.366100,1.367650,4,2023-03-23
2023-03-23 17:00:00,1.367500,1.368650,1.364000,1.365100,4,2023-03-24
2023-03-23 21:00:00,1.365100,1.369100,1.363100,1.368700,4,2023-03-24
2023-03-24 01:00:00,1.368600,1.373300,1.368400,1.371000,4,2023-03-24
2023-03-24 05:00:00,1.371000,1.373650,1.370900,1.373300,4,2023-03-24
2023-03-24 09:00:00,1.373350,1.373650,1.371600,1.372200,4,2023-03-24
2023-03-24 13:00:00,1.372150,1.377650,1.371000,1.377400,4,2023-03-24
2023-03-27 01:00:00,1.373950,1.374000,1.373400,1.374000,2,2023-03-27
2023-03-27 05:00:00,1.373950,1.374400,1.372650,1.373850,4,2023-03-27
2023-03-27 09:00:00,1.373850,1.373850,1.372350,1.373350,4,2023-03-27
2023-03-27 13:00:00,1.373350,1.374500,1.371800,1.373000,4,2023-03-27
2023-03-27 17:00:00,1.373300,1.373450,1.368750,1.370050,4,2023-03-28
2023-03-27 21:00:00,1.370000,1.370650,1.365700,1.365900,4,2023-03-28
2023-03-28 01:00:00,1.365850,1.366500,1.365000,1.366000,4,2023-03-28
2023-03-28 05:00:00,1.366150,1.366550,1.364000,1.364400,4,2023-03-28
2023-03-28 09:00:00,1.364300,1.364650,1.363200,1.363500,4,2023-03-28
2023-03-28 13:00:00,1.363600,1.369550,1.363200,1.368550,4,2023-03-28
2023-03-28 17:00:00,1.368700,1.368800,1.364600,1.366150,4,2023-03-29
2023-03-28 21:00:00,1.366100,1.366350,1.360300,1.361750,4,2023-03-29
2023-03-29 01:00:00,1.361750,1.361950,1.359200,1.359900,4,2023-03-29
2023-03-29 05:00:00,1.360000,1.360200,1.358800,1.359350,4,2023-03-29
2023-03-29 09:00:00,1.359350,1.361050,1.359150,1.361000,4,2023-03-29
2023-03-29 13:00:00,1.361000,1.361750,1.358600,1.358700,4,2023-03-29
2023-03-29 17:00:00,1.358750,1.360450,1.357150,1.357500,4,2023-03-30
2023-03-29 21:00:00,1.357450,1.358750,1.355950,1.356600,4,2023-03-30
2023-03-30 01:00:00,1.356600,1.357450,1.355650,1.356400,4,2023-03-30
2023-03-30 05:00:00,1.356250,1.358150,1.355650,1.357750,4,2023-03-30
2023-03-30 09:00:00,1.357700,1.358100,1.354700,1.355000,4,2023-03-30
2023-03-30 13:00:00,1.354950,1.355550,1.353050,1.354650,4,2023-03-30
2023-03-30 17:00:00,1.354700,1.355750,1.352450,1.352800,4,2023-03-31
2023-03-30 21:00:00,1.352900,1.354600,1.352500,1.353900,4,2023-03-31
2023-03-31 01:00:00,1.353850,1.354000,1.351600,1.352600,4,2023-03-31
2023-03-31 05:00:00,1.352300,1.352550,1.350750,1.351500,4,2023-03-31
2023-03-31 09:00:00,1.351500,1.353350,1.351200,1.352800,4,2023-03-31
2023-03-31 13:00:00,1.352900,1.356500,1.352500,1.354450,4,2023-03-31
2023-04-03 01:00:00,1.349800,1.351600,1.349100,1.349400,2,2023-04-03
2023-04-03 05:00:00,1.349700,1.352500,1.348900,1.351850,4,2023-04-03
2023-04-03 09:00:00,1.351750,1.353700,1.351050,1.351100,4,2023-04-03
2023-04-03 13:00:00,1.350900,1.351400,1.346700,1.346850,4,2023-04-03
2023-04-03 17:00:00,1.346900,1.347400,1.342600,1.345150,4,2023-04-04
2023-04-03 21:00:00,1.345200,1.346350,1.341750,1.341750,4,2023-04-04
2023-04-04 01:00:00,1.341700,1.343900,1.341150,1.343250,4,2023-04-04
2023-04-04 05:00:00,1.343150,1.344450,1.342800,1.343600,4,2023-04-04
2023-04-04 09:00:00,1.343600,1.344250,1.342200,1.342300,4,2023-04-04
2023-04-04 13:00:00,1.342250,1.343750,1.341150,1.341300,4,2023-04-04
2023-04-04 17:00:00,1.341400,1.345600,1.340700,1.343400,4,2023-04-05
2023-04-04 21:00:00,1.343400,1.346750,1.343300,1.345650,4,2023-04-05
2023-04-05 01:00:00,1.345650,1.345950,1.343800,1.344200,4,2023-04-05
2023-04-05 05:00:00,1.344250,1.344300,1.342650,1.343550,4,2023-04-05
2023-04-05 09:00:00,1.343600,1.345700,1.343600,1.345700,4,2023-04-05
2023-04-05 13:00:00,1.345700,1.348300,1.344650,1.346800,4,2023-04-05
2023-04-05 17:00:00,1.346800,1.347850,1.343100,1.346900,4,2023-04-06
2023-04-05 21:00:00,1.346950,1.348050,1.344600,1.345650,4,2023-04-06
2023-04-06 01:00:00,1.345700,1.346500,1.345000,1.345100,4,2023-04-06
2023-04-06 05:00:00,1.345300,1.348600,1.344700,1.348250,4,2023-04-06
2023-04-06 09:00:00,1.348150,1.349050,1.346800,1.347100,4,2023-04-06
2023-04-06 13:00:00,1.347100,1.348650,1.345850,1.347200,4,2023-04-06
2023-04-06 17:00:00,1.347200,1.350600,1.346000,1.347400,4,2023-04-07
2023-04-06 21:00:00,1.347400,1.348750,1.346350,1.347100,4,2023-04-07
2023-04-07 01:00:00,1.347200,1.349300,1.347200,1.349100,4,2023-04-07
2023-04-07 05:00:00,1.349100,1.349900,1.348600,1.348800,4,2023-04-07
2023-04-07 09:00:00,1.348800,1.349700,1.348550,1.349550,4,2023-04-07
2023-04-07 13:00:00,1.349550,1.351400,1.349000,1.350650,4,2023-04-07
2023-04-10 01:00:00,1.352300,1.352300,1.350100,1.350400,2,2023-04-10
2023-04-10 05:00:00,1.350500,1.351600,1.350200,1.351550,4,2023-04-10
2023-04-10 09:00:00,1.351550,1.352000,1.349500,1.349550,4,2023-04-10
2023-04-10 13:00:00,1.349550,1.350350,1.348500,1.349200,4,2023-04-10
2023-04-10 17:00:00,1.349250,1.355350,1.348750,1.354500,4,2023-04-11
2023-04-10 21:00:00,1.354400,1.354400,1.350850,1.351050,4,2023-04-11
2023-04-11 01:00:00,1.351050,1.351700,1.350250,1.350500,4,2023-04-11
2023-04-11 05:00:00,1.350500,1.351350,1.349000,1.349550,4,2023-04-11
2023-04-11 09:00:00,1.349550,1.349950,1.348350,1.349850,4,2023-04-11
2023-04-11 13:00:00,1.349800,1.350750,1.348150,1.349600,4,2023-04-11
2023-04-11 17:00:00,1.349600,1.351650,1.346950,1.348700,4,2023-04-12
2023-04-11 21:00:00,1.348800,1.348800,1.346750,1.346800,4,2023-04-12
2023-04-12 01:00:00,1.346700,1.347150,1.346250,1.346250,4,2023-04-12
2023-04-12 05:00:00,1.346350,1.347000,1.345850,1.346450,4,2023-04-12
2023-04-12 09:00:00,1.346300,1.346650,1.344900,1.345700,4,2023-04-12
2023-04-12 13:00:00,1.345800,1.347100,1.345150,1.346800,4,2023-04-12
2023-04-12 17:00:00,1.346900,1.348950,1.343400,1.345400,4,2023-04-13
2023-04-12 21:00:00,1.345300,1.347550,1.342800,1.343100,4,2023-04-13
2023-04-13 01:00:00,1.343100,1.344600,1.343000,1.344100,4,2023-04-13
2023-04-13 05:00:00,1.343950,1.344850,1.342800,1.343100,4,2023-04-13
2023-04-13 09:00:00,1.343100,1.344050,1.341450,1.341900,4,2023-04-13
2023-04-13 13:00:00,1.341900,1.342250,1.339000,1.339100,4,2023-04-13
2023-04-13 17:00:00,1.339150,1.340700,1.336550,1.337500,4,2023-04-14
2023-04-13 21:00:00,1.337500,1.337650,1.333500,1.333500,4,2023-04-14
2023-04-14 01:00:00,1.333600,1.334200,1.333300,1.334150,4,2023-04-14
2023-04-14 05:00:00,1.334200,1.334350,1.331800,1.332400,4,2023-04-14
2023-04-14 09:00:00,1.332350,1.332950,1.331750,1.332400,4,2023-04-14
2023-04-14 13:00:00,1.332350,1.333450,1.331400,1.331800,4,2023-04-14
2023-04-17 01:00:00,1.336150,1.337200,1.336150,1.336200,2,2023-04-17
2023-04-17 05:00:00,1.336200,1.337650,1.335850,1.335950,4,2023-04-17
2023-04-17 09:00:00,1.336000,1.336600,1.334500,1.334500,4,2023-04-17
2023-04-17 13:00:00,1.334750,1.337050,1.334300,1.336100,4,2023-04-17
2023-04-17 17:00:00,1.336200,1.342000,1.335700,1.340400,4,2023-04-18
2023-04-17 21:00:00,1.340400,1.341700,1.339500,1.339850,4,2023-04-18
2023-04-18 01:00:00,1.339900,1.340050,1.338900,1.339100,4,2023-04-18
2023-04-18 05:00:00,1.339200,1.339700,1.338150,1.338500,4,2023-04-18
2023-04-18 09:00:00,1.338500,1.339100,1.337100,1.337700,4,2023-04-18
2023-04-18 13:00:00,1.337700,1.338000,1.336000,1.337250,4,2023-04-18
2023-04-18 17:00:00,1.337150,1.339700,1.336600,1.338700,4,2023-04-19
2023-04-18 21:00:00,1.338700,1.339900,1.338250,1.339300,4,2023-04-19
2023-04-19 01:00:00,1.339300,1.339700,1.338700,1.338950,4,2023-04-19
2023-04-19 05:00:00,1.339000,1.340500,1.338500,1.339600,4,2023-04-19
2023-04-19 09:00:00,1.339700,1.341850,1.339450,1.341050,4,2023-04-19
2023-04-19 13:00:00,1.341000,1.344150,1.339500,1.343800,4,2023-04-19
2023-04-19 17:00:00,1.343850,1.345350,1.342250,1.343700,4,2023-04-20
2023-04-19 21:00:00,1.343650,1.346600,1.342900,1.346300,4,2023-04-20
2023-04-20 01:00:00,1.346100,1.346750,1.345200,1.346500,4,2023-04-20
2023-04-20 05:00:00,1.346450,1.347150,1.345850,1.346700,4,2023-04-20
2023-04-20 09:00:00,1.346750,1.347400,1.345200,1.345600,4,2023-04-20
2023-04-20 13:00:00,1.345700,1.348100,1.345500,1.346700,4,2023-04-20
2023-04-20 17:00:00,1.346600,1.348900,1.344900,1.345200,4,2023-04-21
2023-04-20 21:00:00,1.345150,1.347850,1.345100,1.347550,4,2023-04-21
2023-04-21 01:00:00,1.347550,1.348350,1.347250,1.348000,4,2023-04-21
2023-04-21 05:00:00,1.347950,1.350100,1.347500,1.349600,4,2023-04-21
2023-04-21 09:00:00,1.349550,1.352750,1.349150,1.352650,4,2023-04-21
2023-04-21 13:00:00,1.352650,1.353400,1.351400,1.353050,4,2023-04-21
2023-04-24 01:00:00,1.353500,1.354550,1.353400,1.353400,2,2023-04-24
2023-04-24 05:00:00,1.353550,1.355400,1.353500,1.355300,4,2023-04-24
2023-04-24 09:00:00,1.355300,1.356250,1.355000,1.356200,4,2023-04-24
2023-04-24 13:00:00,1.356500,1.356750,1.352300,1.354300,4,2023-04-24
2023-04-24 17:00:00,1.354250,1.355650,1.352550,1.353850,4,2023-04-25
2023-04-24 21:00:00,1.353750,1.354950,1.353400,1.354100,4,2023-04-25
2023-04-25 01:00:00,1.354200,1.354500,1.353550,1.353600,4,2023-04-25
2023-04-25 05:00:00,1.353550,1.354750,1.352500,1.354500,4,2023-04-25
2023-04-25 09:00:00,1.354500,1.355950,1.354150,1.355700,4,2023-04-25
2023-04-25 13:00:00,1.355700,1.358950,1.355500,1.358600,4,2023-04-25
2023-04-25 17:00:00,1.358700,1.362650,1.358200,1.361650,4,2023-04-26
2023-04-25 21:00:00,1.361500,1.364800,1.360950,1.364250,4,2023-04-26
2023-04-26 01:00:00,1.364350,1.364400,1.361700,1.361800,4,2023-04-26
2023-04-26 05:00:00,1.361800,1.363800,1.361700,1.363300,4,2023-04-26
2023-04-26 09:00:00,1.363350,1.364250,1.362000,1.362350,4,2023-04-26
2023-04-26 13:00:00,1.362300,1.363700,1.361450,1.362750,4,2023-04-26
2023-04-26 17:00:00,1.362800,1.363800,1.360900,1.362300,4,2023-04-27
2023-04-26 21:00:00,1.362400,1.365100,1.359900,1.364700,4,2023-04-27
2023-04-27 01:00:00,1.364700,1.364700,1.363000,1.363100,4,2023-04-27
2023-04-27 05:00:00,1.363100,1.364600,1.362700,1.363700,4,2023-04-27
2023-04-27 09:00:00,1.363700,1.364100,1.361600,1.362250,4,2023-04-27
2023-04-27 13:00:00,1.362500,1.363900,1.362350,1.362450,4,2023-04-27
2023-04-27 17:00:00,1.362400,1.363950,1.359200,1.360900,4,2023-04-28
2023-04-27 21:00:00,1.361050,1.362400,1.359500,1.360400,4,2023-04-28
2023-04-28 01:00:00,1.360300,1.360400,1.358950,1.359450,4,2023-04-28
2023-04-28 05:00:00,1.359600,1.360800,1.359400,1.360200,4,2023-04-28
2023-04-28 09:00:00,1.360200,1.362500,1.360000,1.362450,4,2023-04-28
2023-04-28 13:00:00,1.362500,1.366800,1.362400,1.365850,4,2023-04-28
2023-05-01 01:00:00,1.353550,1.355800,1.353350,1.355700,2,2023-05-01
2023-05-01 05:00:00,1.355500,1.356400,1.355200,1.355550,4,2023-05-01
2023-05-01 09:00:00,1.355600,1.355850,1.354850,1.355350,4,2023-05-01
2023-05-01 13:00:00,1.355250,1.358100,1.355000,1.357400,4,2023-05-01
2023-05-01 17:00:00,1.357400,1.358350,1.353100,1.353600,4,2023-05-02
2023-05-01 21:00:00,1.353550,1.355350,1.353100,1.354300,4,2023-05-02
2023-05-02 01:00:00,1.354350,1.355200,1.353700,1.354700,4,2023-05-02
2023-05-02 05:00:00,1.354750,1.355600,1.353800,1.354650,4,2023-05-02
2023-05-02 09:00:00,1.354750,1.354950,1.352850,1.353900,4,2023-05-02
2023-05-02 13:00:00,1.354100,1.358500,1.353100,1.357950,4,2023-05-02
2023-05-02 17:00:00,1.357800,1.363000,1.356950,1.362500,4,2023-05-03
2023-05-02 21:00:00,1.362600,1.363800,1.361600,1.362300,4,2023-05-03
2023-05-03 01:00:00,1.362200,1.362750,1.361750,1.362350,4,2023-05-03
2023-05-03 05:00:00,1.362350,1.363150,1.361750,1.361850,4,2023-05-03
2023-05-03 09:00:00,1.361800,1.362000,1.360800,1.361150,4,2023-05-03
2023-05-03 13:00:00,1.361100,1.363150,1.360300,1.362950,4,2023-05-03
2023-05-03 17:00:00,1.362800,1.363950,1.361300,1.362900,4,2023-05-04
2023-05-03 21:00:00,1.362950,1.363000,1.358200,1.359350,4,2023-05-04
2023-05-04 01:00:00,1.359400,1.363200,1.359200,1.362450,4,2023-05-04
2023-05-04 05:00:00,1.362600,1.363300,1.359050,1.359300,4,2023-05-04
2023-05-04 09:00:00,1.359300,1.360750,1.358250,1.359900,4,2023-05-04
2023-05-04 13:00:00,1.359900,1.362350,1.359300,1.361750,4,2023-05-04
2023-05-04 17:00:00,1.361750,1.362150,1.357700,1.358850,4,2023-05-05
2023-05-04 21:00:00,1.358800,1.359250,1.352000,1.353800,4,2023-05-05
2023-05-05 01:00:00,1.353800,1.354350,1.352950,1.352950,4,2023-05-05
2023-05-05 05:00:00,1.353000,1.353200,1.351350,1.351800,4,2023-05-05
2023-05-05 09:00:00,1.351750,1.351900,1.349600,1.349650,4,2023-05-05
2023-05-05 13:00:00,1.349700,1.351400,1.349050,1.349150,4,2023-05-05
2023-05-08 01:00:00,1.338700,1.338850,1.337200,1.337950,2,2023-05-08
2023-05-08 05:00:00,1.338000,1.338750,1.337000,1.337350,4,2023-05-08
2023-05-08 09:00:00,1.337450,1.337650,1.335500,1.335600,4,2023-05-08
2023-05-08 13:00:00,1.335600,1.336200,1.333550,1.333750,4,2023-05-08
2023-05-08 17:00:00,1.333750,1.336200,1.331500,1.335800,4,2023-05-09
2023-05-08 21:00:00,1.335700,1.338350,1.335050,1.336900,4,2023-05-09
2023-05-09 01:00:00,1.337000,1.338100,1.336600,1.337250,4,2023-05-09
2023-05-09 05:00:00,1.337150,1.337700,1.336700,1.337000,4,2023-05-09
2023-05-09 09:00:00,1.337000,1.338200,1.336500,1.337800,4,2023-05-09
2023-05-09 13:00:00,1.337800,1.338550,1.336750,1.338300,4,2023-05-09
2023-05-09 17:00:00,1.338200,1.340650,1.337500,1.339600,4,2023-05-10
2023-05-09 21:00:00,1.339500,1.340450,1.337200,1.337700,4,2023-05-10
2023-05-10 01:00:00,1.337750,1.338900,1.337700,1.338100,4,2023-05-10
2023-05-10 05:00:00,1.338200,1.338350,1.337400,1.338200,4,2023-05-10
2023-05-10 09:00:00,1.338250,1.339600,1.337800,1.337950,4,2023-05-10
2023-05-10 13:00:00,1.338050,1.339750,1.337000,1.338650,4,2023-05-10
2023-05-10 17:00:00,1.338750,1.339400,1.333500,1.337100,4,2023-05-11
2023-05-10 21:00:00,1.337100,1.341450,1.336100,1.338250,4,2023-05-11
2023-05-11 01:00:00,1.338300,1.338400,1.336900,1.337400,4,2023-05-11
2023-05-11 05:00:00,1.337350,1.338600,1.336300,1.338100,4,2023-05-11
2023-05-11 09:00:00,1.338050,1.340800,1.337500,1.340800,4,2023-05-11
2023-05-11 13:00:00,1.340850,1.342000,1.339700,1.339900,4,2023-05-11
2023-05-11 17:00:00,1.339900,1.349500,1.339700,1.347450,4,2023-05-12
2023-05-11 21:00:00,1.347500,1.349600,1.347150,1.348800,4,2023-05-12
2023-05-12 01:00:00,1.348650,1.349500,1.348350,1.348900,4,2023-05-12
2023-05-12 05:00:00,1.349000,1.349650,1.348300,1.348950,4,2023-05-12
2023-05-12 09:00:00,1.348900,1.349600,1.348300,1.349150,4,2023-05-12
2023-05-12 13:00:00,1.349200,1.350150,1.347950,1.349250,4,2023-05-12
2023-05-15 01:00:00,1.354600,1.356050,1.354600,1.355700,2,2023-05-15
2023-05-15 05:00:00,1.355650,1.356800,1.354800,1.355500,4,2023-05-15
2023-05-15 09:00:00,1.355600,1.355600,1.351450,1.351550,4,2023-05-15
2023-05-15 13:00:00,1.351400,1.352250,1.350550,1.350650,4,2023-05-15
2023-05-15 17:00:00,1.350640,1.351750,1.348980,1.349170,4,2023-05-16
2023-05-15 21:00:00,1.349090,1.350050,1.345990,1.346980,4,2023-05-16
2023-05-16 01:00:00,1.346990,1.347480,1.346230,1.346600,4,2023-05-16
2023-05-16 05:00:00,1.346600,1.348220,1.346230,1.346510,4,2023-05-16
2023-05-16 09:00:00,1.346510,1.349400,1.346420,1.348000,4,2023-05-16
2023-05-16 13:00:00,1.348100,1.348330,1.344800,1.346520,4,2023-05-16
2023-05-16 17:00:00,1.346540,1.346900,1.340400,1.345800,4,2023-05-17
2023-05-16 21:00:00,1.345600,1.347650,1.345100,1.346900,4,2023-05-17
2023-05-17 01:00:00,1.347000,1.348360,1.346670,1.347700,4,2023-05-17
2023-05-17 05:00:00,1.347700,1.348500,1.346200,1.346400,4,2023-05-17
2023-05-17 09:00:00,1.346500,1.349800,1.346400,1.349000,4,2023-05-17
2023-05-17 13:00:00,1.348980,1.353600,1.348400,1.349800,4,2023-05-17
2023-05-17 17:00:00,1.349790,1.350200,1.344300,1.348700,4,2023-05-18
2023-05-17 21:00:00,1.348700,1.349000,1.343700,1.345300,4,2023-05-18
2023-05-18 01:00:00,1.345100,1.346200,1.344300,1.346100,4,2023-05-18
2023-05-18 05:00:00,1.346000,1.347200,1.345470,1.345600,4,2023-05-18
2023-05-18 09:00:00,1.345500,1.348150,1.345270,1.347080,4,2023-05-18
2023-05-18 13:00:00,1.347200,1.348200,1.346200,1.346900,4,2023-05-18
2023-05-18 17:00:00,1.346900,1.349800,1.346400,1.348700,4,2023-05-19
2023-05-18 21:00:00,1.348700,1.352500,1.347800,1.351200,4,2023-05-19
2023-05-19 01:00:00,1.351100,1.351350,1.349450,1.349750,4,2023-05-19
2023-05-19 05:00:00,1.349700,1.351300,1.348600,1.348800,4,2023-05-19
2023-05-19 09:00:00,1.348900,1.349850,1.347400,1.348600,4,2023-05-19
2023-05-19 13:00:00,1.348600,1.349100,1.347000,1.348100,4,2023-05-19
2023-05-22 01:00:00,1.350610,1.350760,1.349150,1.349710,2,2023-05-22
2023-05-22 05:00:00,1.349710,1.350120,1.348590,1.349590,4,2023-05-22
2023-05-22 09:00:00,1.349680,1.351700,1.349360,1.351200,4,2023-05-22
2023-05-22 13:00:00,1.351200,1.351800,1.349080,1.350900,4,2023-05-22
2023-05-22 17:00:00,1.350800,1.351900,1.349500,1.351400,4,2023-05-23
2023-05-22 21:00:00,1.351300,1.351600,1.350200,1.350900,4,2023-05-23
2023-05-23 01:00:00,1.350800,1.351350,1.349850,1.350700,4,2023-05-23
2023-05-23 05:00:00,1.350600,1.350800,1.348600,1.348700,4,2023-05-23
2023-05-23 09:00:00,1.348730,1.350550,1.348730,1.349700,4,2023-05-23
2023-05-23 13:00:00,1.349680,1.354900,1.349680,1.354200,4,2023-05-23
2023-05-23 17:00:00,1.354210,1.354300,1.349500,1.350100,4,2023-05-24
2023-05-23 21:00:00,1.350200,1.351500,1.348500,1.350100,4,2023-05-24
2023-05-24 01:00:00,1.350300,1.350950,1.349600,1.350110,4,2023-05-24
2023-05-24 05:00:00,1.350000,1.351100,1.349600,1.350900,4,2023-05-24
2023-05-24 09:00:00,1.350800,1.352900,1.349700,1.352600,4,2023-05-24
2023-05-24 13:00:00,1.352600,1.355930,1.352600,1.355650,4,2023-05-24
2023-05-24 17:00:00,1.355610,1.359800,1.353200,1.358900,4,2023-05-25
2023-05-24 21:00:00,1.358800,1.360600,1.358400,1.359900,4,2023-05-25
2023-05-25 01:00:00,1.359880,1.360300,1.358600,1.359100,4,2023-05-25
2023-05-25 05:00:00,1.359200,1.361000,1.358800,1.360830,4,2023-05-25
2023-05-25 09:00:00,1.360820,1.361350,1.359100,1.359700,4,2023-05-25
2023-05-25 13:00:00,1.359800,1.361000,1.358600,1.360400,4,2023-05-25
2023-05-25 17:00:00,1.360200,1.364400,1.359300,1.362800,4,2023-05-26
2023-05-25 21:00:00,1.362700,1.364500,1.361900,1.364000,4,2023-05-26
2023-05-26 01:00:00,1.363900,1.364550,1.363200,1.364200,4,2023-05-26
2023-05-26 05:00:00,1.364000,1.365500,1.363600,1.364300,4,2023-05-26
2023-05-26 09:00:00,1.364280,1.364400,1.362100,1.362500,4,2023-05-26
2023-05-26 13:00:00,1.362600,1.363400,1.360880,1.360900,4,2023-05-26
2023-05-29 01:00:00,1.361040,1.362320,1.360200,1.360890,2,2023-05-29
2023-05-29 05:00:00,1.360890,1.361400,1.359540,1.360300,4,2023-05-29
2023-05-29 09:00:00,1.360200,1.360950,1.358400,1.358450,4,2023-05-29
2023-05-29 13:00:00,1.358600,1.360200,1.358400,1.359800,4,2023-05-29
2023-05-29 17:00:00,1.359800,1.361300,1.358600,1.359300,4,2023-05-30
2023-05-29 21:00:00,1.359400,1.359650,1.358300,1.359300,4,2023-05-30
2023-05-30 01:00:00,1.359330,1.360050,1.358740,1.359420,4,2023-05-30
2023-05-30 05:00:00,1.359350,1.360650,1.356800,1.358400,4,2023-05-30
2023-05-30 09:00:00,1.358480,1.360850,1.358400,1.360500,4,2023-05-30
2023-05-30 13:00:00,1.360400,1.360800,1.356780,1.358280,4,2023-05-30
2023-05-30 17:00:00,1.358200,1.361400,1.357200,1.360700,4,2023-05-31
2023-05-30 21:00:00,1.360690,1.361300,1.358500,1.360200,4,2023-05-31
2023-05-31 01:00:00,1.360300,1.360650,1.359370,1.360100,4,2023-05-31
2023-05-31 05:00:00,1.360100,1.364100,1.359890,1.363480,4,2023-05-31
2023-05-31 09:00:00,1.363460,1.364450,1.362500,1.363600,4,2023-05-31
2023-05-31 13:00:00,1.363610,1.365350,1.363300,1.365010,4,2023-05-31
2023-05-31 17:00:00,1.365000,1.365200,1.358800,1.359300,4,2023-06-01
2023-05-31 21:00:00,1.359300,1.361020,1.357000,1.357500,4,2023-06-01
2023-06-01 01:00:00,1.357500,1.358150,1.356500,1.356670,4,2023-06-01
2023-06-01 05:00:00,1.356670,1.358300,1.356300,1.356800,4,2023-06-01
2023-06-01 09:00:00,1.356700,1.357600,1.356090,1.357400,4,2023-06-01
2023-06-01 13:00:00,1.357300,1.358650,1.356100,1.356700,4,2023-06-01
2023-06-01 17:00:00,1.356780,1.357100,1.350500,1.350800,4,2023-06-02
2023-06-01 21:00:00,1.350800,1.351400,1.343700,1.344700,4,2023-06-02
2023-06-02 01:00:00,1.344700,1.345950,1.344300,1.344450,4,2023-06-02
2023-06-02 05:00:00,1.344500,1.345100,1.343200,1.343200,4,2023-06-02
2023-06-02 09:00:00,1.343100,1.343950,1.341700,1.342200,4,2023-06-02
2023-06-02 13:00:00,1.342300,1.342950,1.340700,1.341600,4,2023-06-02
2023-06-05 01:00:00,1.342400,1.343200,1.341800,1.341900,2,2023-06-05
2023-06-05 05:00:00,1.341890,1.344000,1.341800,1.343600,4,2023-06-05
2023-06-05 09:00:00,1.343500,1.344300,1.343400,1.343700,4,2023-06-05
2023-06-05 13:00:00,1.343500,1.345150,1.342300,1.344900,4,2023-06-05
2023-06-05 17:00:00,1.345000,1.346200,1.342300,1.343600,4,2023-06-06
2023-06-05 21:00:00,1.343700,1.344200,1.341700,1.343700,4,2023-06-06
2023-06-06 01:00:00,1.343800,1.344900,1.343400,1.344300,4,2023-06-06
2023-06-06 05:00:00,1.344400,1.345100,1.341900,1.342900,4,2023-06-06
2023-06-06 09:00:00,1.342800,1.343400,1.339700,1.340400,4,2023-06-06
2023-06-06 13:00:00,1.340300,1.343000,1.339000,1.342300,4,2023-06-06
2023-06-06 17:00:00,1.342300,1.345200,1.341000,1.341200,4,2023-06-07
2023-06-06 21:00:00,1.341100,1.342150,1.339990,1.340200,4,2023-06-07
2023-06-07 01:00:00,1.340100,1.341100,1.339850,1.340300,4,2023-06-07
2023-06-07 05:00:00,1.340300,1.341200,1.338800,1.340300,4,2023-06-07
2023-06-07 09:00:00,1.340300,1.342400,1.340000,1.342000,4,2023-06-07
2023-06-07 13:00:00,1.342000,1.342700,1.338200,1.338300,4,2023-06-07
2023-06-07 17:00:00,1.338400,1.341300,1.332100,1.335600,4,2023-06-08
2023-06-07 21:00:00,1.335700,1.339450,1.334760,1.337100,4,2023-06-08
2023-06-08 01:00:00,1.337100,1.337930,1.336860,1.337400,4,2023-06-08
2023-06-08 05:00:00,1.337380,1.337650,1.335090,1.335300,4,2023-06-08
2023-06-08 09:00:00,1.335400,1.336800,1.335100,1.335700,4,2023-06-08
2023-06-08 13:00:00,1.335700,1.335800,1.333400,1.334900,4,2023-06-08
2023-06-08 17:00:00,1.335000,1.337500,1.334200,1.336000,4,2023-06-09
2023-06-08 21:00:00,1.336100,1.338800,1.334980,1.335900,4,2023-06-09
2023-06-09 01:00:00,1.335800,1.336940,1.335200,1.335700,4,2023-06-09
2023-06-09 05:00:00,1.335800,1.337050,1.335500,1.336900,4,2023-06-09
2023-06-09 09:00:00,1.336800,1.337150,1.334590,1.334700,4,2023-06-09
2023-06-09 13:00:00,1.334600,1.334900,1.333200,1.333600,4,2023-06-09
2023-06-12 01:00:00,1.333910,1.334660,1.333700,1.334270,2,2023-06-12
2023-06-12 05:00:00,1.334200,1.335820,1.333700,1.335300,4,2023-06-12
2023-06-12 09:00:00,1.335280,1.335650,1.333000,1.333200,4,2023-06-12
2023-06-12 13:00:00,1.333300,1.333900,1.331500,1.332800,4,2023-06-12
2023-06-12 17:00:00,1.332900,1.338400,1.331500,1.337000,4,2023-06-13
2023-06-12 21:00:00,1.336900,1.338400,1.336400,1.337210,4,2023-06-13
2023-06-13 01:00:00,1.337200,1.337450,1.336300,1.336500,4,2023-06-13
2023-06-13 05:00:00,1.336600,1.337950,1.336000,1.337120,4,2023-06-13
2023-06-13 09:00:00,1.337120,1.337120,1.334500,1.335500,4,2023-06-13
2023-06-13 13:00:00,1.335600,1.336200,1.334200,1.335500,4,2023-06-13
2023-06-13 17:00:00,1.335500,1.335750,1.328600,1.329300,4,2023-06-14
2023-06-13 21:00:00,1.329400,1.331700,1.328700,1.331000,4,2023-06-14
2023-06-14 01:00:00,1.331100,1.332150,1.330400,1.331260,4,2023-06-14
2023-06-14 05:00:00,1.331250,1.332000,1.330400,1.330490,4,2023-06-14
2023-06-14 09:00:00,1.330600,1.331950,1.330400,1.331300,4,2023-06-14
2023-06-14 13:00:00,1.331100,1.331400,1.328500,1.329200,4,2023-06-14
2023-06-14 17:00:00,1.329100,1.330900,1.327500,1.328200,4,2023-06-15
2023-06-14 21:00:00,1.328000,1.335300,1.327200,1.331700,4,2023-06-15
2023-06-15 01:00:00,1.331700,1.333600,1.330300,1.332700,4,2023-06-15
2023-06-15 05:00:00,1.332600,1.335500,1.332400,1.335130,4,2023-06-15
2023-06-15 09:00:00,1.335000,1.335100,1.332400,1.334400,4,2023-06-15
2023-06-15 13:00:00,1.334400,1.335050,1.332000,1.333000,4,2023-06-15
2023-06-15 17:00:00,1.332900,1.334000,1.323800,1.324300,4,2023-06-16
2023-06-15 21:00:00,1.324200,1.324900,1.321000,1.321000,4,2023-06-16
2023-06-16 01:00:00,1.321100,1.322750,1.321000,1.321600,4,2023-06-16
2023-06-16 05:00:00,1.321550,1.324000,1.321550,1.323800,4,2023-06-16
2023-06-16 09:00:00,1.323800,1.323950,1.321200,1.322300,4,2023-06-16
2023-06-16 13:00:00,1.322200,1.323800,1.321600,1.322900,4,2023-06-16
2023-06-19 01:00:00,1.319700,1.320400,1.318780,1.319100,2,2023-06-19
2023-06-19 05:00:00,1.319100,1.322150,1.318900,1.321910,4,2023-06-19
2023-06-19 09:00:00,1.322000,1.322950,1.319900,1.320350,4,2023-06-19
2023-06-19 13:00:00,1.320200,1.321000,1.317900,1.320500,4,2023-06-19
2023-06-19 17:00:00,1.320400,1.320850,1.318500,1.320700,4,2023-06-20
2023-06-19 21:00:00,1.320570,1.322150,1.320080,1.321400,4,2023-06-20
2023-06-20 01:00:00,1.321300,1.323150,1.320650,1.320970,4,2023-06-20
2023-06-20 05:00:00,1.321150,1.323200,1.320590,1.322100,4,2023-06-20
2023-06-20 09:00:00,1.322180,1.323600,1.321650,1.323500,4,2023-06-20
2023-06-20 13:00:00,1.323300,1.323900,1.320900,1.321700,4,2023-06-20
2023-06-20 17:00:00,1.321670,1.327000,1.321100,1.325200,4,2023-06-21
2023-06-20 21:00:00,1.325000,1.326000,1.322800,1.323000,4,2023-06-21
2023-06-21 01:00:00,1.323000,1.324350,1.322400,1.322900,4,2023-06-21
2023-06-21 05:00:00,1.322900,1.323150,1.321700,1.322200,4,2023-06-21
2023-06-21 09:00:00,1.322200,1.324000,1.320900,1.323800,4,2023-06-21
2023-06-21 13:00:00,1.323800,1.324600,1.321700,1.322600,4,2023-06-21
2023-06-21 17:00:00,1.322700,1.323000,1.317500,1.318200,4,2023-06-22
2023-06-21 21:00:00,1.318200,1.319900,1.315700,1.316000,4,2023-06-22
2023-06-22 01:00:00,1.316100,1.317750,1.315800,1.315800,4,2023-06-22
2023-06-22 05:00:00,1.316000,1.316650,1.315100,1.315400,4,2023-06-22
2023-06-22 09:00:00,1.315400,1.316900,1.315290,1.316700,4,2023-06-22
2023-06-22 13:00:00,1.316700,1.316800,1.313900,1.315400,4,2023-06-22
2023-06-22 17:00:00,1.315400,1.318000,1.314900,1.316800,4,2023-06-23
2023-06-22 21:00:00,1.316900,1.317300,1.314600,1.314600,4,2023-06-23
2023-06-23 01:00:00,1.314600,1.316050,1.314500,1.314700,4,2023-06-23
2023-06-23 05:00:00,1.314600,1.318300,1.314300,1.318070,4,2023-06-23
2023-06-23 09:00:00,1.318150,1.319700,1.317990,1.318900,4,2023-06-23
2023-06-23 13:00:00,1.318700,1.321200,1.317600,1.321000,4,2023-06-23
2023-06-26 01:00:00,1.318260,1.318370,1.316200,1.316200,2,2023-06-26
2023-06-26 05:00:00,1.316300,1.317300,1.315700,1.316000,4,2023-06-26
2023-06-26 09:00:00,1.316000,1.317000,1.315300,1.315800,4,2023-06-26
2023-06-26 13:00:00,1.315800,1.317150,1.313900,1.316750,4,2023-06-26
2023-06-26 17:00:00,1.316900,1.317700,1.313600,1.315600,4,2023-06-27
2023-06-26 21:00:00,1.315650,1.315900,1.313900,1.314400,4,2023-06-27
2023-06-27 01:00:00,1.314500,1.315700,1.314100,1.315050,4,2023-06-27
2023-06-27 05:00:00,1.314900,1.315500,1.312200,1.312800,4,2023-06-27
2023-06-27 09:00:00,1.312800,1.313250,1.311800,1.312000,4,2023-06-27
2023-06-27 13:00:00,1.312000,1.315200,1.311700,1.315150,4,2023-06-27
2023-06-27 17:00:00,1.315100,1.319000,1.314900,1.317500,4,2023-06-28
2023-06-27 21:00:00,1.317500,1.319000,1.316750,1.318000,4,2023-06-28
2023-06-28 01:00:00,1.318000,1.319500,1.317800,1.319150,4,2023-06-28
2023-06-28 05:00:00,1.319100,1.321600,1.319000,1.320800,4,2023-06-28
2023-06-28 09:00:00,1.320850,1.323300,1.320200,1.322400,4,2023-06-28
2023-06-28 13:00:00,1.322400,1.323500,1.320500,1.323150,4,2023-06-28
2023-06-28 17:00:00,1.323100,1.327700,1.321900,1.326650,4,2023-06-29
2023-06-28 21:00:00,1.326500,1.326550,1.324000,1.325200,4,2023-06-29
2023-06-29 01:00:00,1.325250,1.326000,1.324750,1.325400,4,2023-06-29
2023-06-29 05:00:00,1.325550,1.327000,1.324300,1.326950,4,2023-06-29
2023-06-29 09:00:00,1.327000,1.328050,1.326650,1.327300,4,2023-06-29
2023-06-29 13:00:00,1.327200,1.327500,1.325700,1.325900,4,2023-06-29
2023-06-29 17:00:00,1.325900,1.328500,1.324500,1.324800,4,2023-06-30
2023-06-29 21:00:00,1.324900,1.325800,1.323900,1.324550,4,2023-06-30
2023-06-30 01:00:00,1.324650,1.325500,1.324400,1.325350,4,2023-06-30
2023-06-30 05:00:00,1.325200,1.326100,1.324100,1.324750,4,2023-06-30
2023-06-30 09:00:00,1.324800,1.326750,1.324200,1.326150,4,2023-06-30
2023-06-30 13:00:00,1.326000,1.326900,1.325100,1.326700,4,2023-06-30
2023-07-03 01:00:00,1.324500,1.325200,1.324100,1.325000,2,2023-07-03
2023-07-03 05:00:00,1.325000,1.325800,1.324000,1.325000,4,2023-07-03
2023-07-03 09:00:00,1.324900,1.327150,1.323800,1.325150,4,2023-07-03
2023-07-03 13:00:00,1.325300,1.327350,1.325200,1.325450,4,2023-07-03
2023-07-03 17:00:00,1.325450,1.326350,1.323050,1.323300,4,2023-07-04
2023-07-03 21:00:00,1.323200,1.325700,1.323100,1.325300,4,2023-07-04
2023-07-04 01:00:00,1.325250,1.325400,1.324650,1.324950,4,2023-07-04
2023-07-04 05:00:00,1.324950,1.325750,1.324400,1.325300,4,2023-07-04
2023-07-04 09:00:00,1.325300,1.325750,1.323300,1.323400,4,2023-07-04
2023-07-04 13:00:00,1.323350,1.324450,1.322600,1.323500,4,2023-07-04
2023-07-04 17:00:00,1.323500,1.323500,1.320400,1.321350,4,2023-07-05
2023-07-04 21:00:00,1.321350,1.322850,1.320900,1.322300,4,2023-07-05
2023-07-05 01:00:00,1.322350,1.322800,1.322000,1.322250,4,2023-07-05
2023-07-05 05:00:00,1.322200,1.323500,1.322000,1.323050,4,2023-07-05
2023-07-05 09:00:00,1.323050,1.324600,1.322600,1.324350,4,2023-07-05
2023-07-05 13:00:00,1.324200,1.329350,1.323650,1.329200,4,2023-07-05
2023-07-05 17:00:00,1.329300,1.329300,1.324300,1.326800,4,2023-07-06
2023-07-05 21:00:00,1.326800,1.328700,1.326050,1.328200,4,2023-07-06
2023-07-06 01:00:00,1.328300,1.328800,1.327700,1.328800,4,2023-07-06
2023-07-06 05:00:00,1.328800,1.329400,1.327950,1.328800,4,2023-07-06
2023-07-06 09:00:00,1.328800,1.330700,1.328200,1.328800,4,2023-07-06
2023-07-06 13:00:00,1.328700,1.330650,1.327900,1.328200,4,2023-07-06
2023-07-06 17:00:00,1.328250,1.337000,1.327500,1.334500,4,2023-07-07
2023-07-06 21:00:00,1.334600,1.336750,1.334100,1.335700,4,2023-07-07
2023-07-07 01:00:00,1.335800,1.337300,1.335550,1.336550,4,2023-07-07
2023-07-07 05:00:00,1.336600,1.337400,1.336200,1.336600,4,2023-07-07
2023-07-07 09:00:00,1.336700,1.337550,1.335800,1.337550,4,2023-07-07
2023-07-07 13:00:00,1.337450,1.338700,1.336500,1.336900,4,2023-07-07
2023-07-10 01:00:00,1.327350,1.328100,1.327350,1.327700,2,2023-07-10
2023-07-10 05:00:00,1.327900,1.329100,1.327300,1.328500,4,2023-07-10
2023-07-10 09:00:00,1.328400,1.330300,1.328150,1.328900,4,2023-07-10
2023-07-10 13:00:00,1.328900,1.329800,1.327400,1.328600,4,2023-07-10
2023-07-10 17:00:00,1.328600,1.330400,1.326850,1.327600,4,2023-07-11
2023-07-10 21:00:00,1.327600,1.329100,1.327300,1.327900,4,2023-07-11
2023-07-11 01:00:00,1.327950,1.328200,1.327400,1.327700,4,2023-07-11
2023-07-11 05:00:00,1.327600,1.328000,1.325300,1.325350,4,2023-07-11
2023-07-11 09:00:00,1.325450,1.327000,1.324500,1.324600,4,2023-07-11
2023-07-11 13:00:00,1.324600,1.328150,1.324500,1.327600,4,2023-07-11
2023-07-11 17:00:00,1.327500,1.329050,1.325800,1.326650,4,2023-07-12
2023-07-11 21:00:00,1.326650,1.326850,1.324200,1.324350,4,2023-07-12
2023-07-12 01:00:00,1.324350,1.324450,1.322600,1.322700,4,2023-07-12
2023-07-12 05:00:00,1.322600,1.323150,1.320000,1.320350,4,2023-07-12
2023-07-12 09:00:00,1.320350,1.321700,1.320300,1.321600,4,2023-07-12
2023-07-12 13:00:00,1.321550,1.322850,1.320600,1.321400,4,2023-07-12
2023-07-12 17:00:00,1.321550,1.323400,1.314350,1.315900,4,2023-07-13
2023-07-12 21:00:00,1.315850,1.319500,1.315700,1.318650,4,2023-07-13
2023-07-13 01:00:00,1.318800,1.319950,1.317900,1.318750,4,2023-07-13
2023-07-13 05:00:00,1.318750,1.319500,1.317900,1.318250,4,2023-07-13
2023-07-13 09:00:00,1.318300,1.318600,1.315850,1.315900,4,2023-07-13
2023-07-13 13:00:00,1.315950,1.317000,1.315200,1.315550,4,2023-07-13
2023-07-13 17:00:00,1.315500,1.317550,1.310700,1.311150,4,2023-07-14
2023-07-13 21:00:00,1.311100,1.313450,1.310350,1.310700,4,2023-07-14
2023-07-14 01:00:00,1.310800,1.311750,1.310500,1.311100,4,2023-07-14
2023-07-14 05:00:00,1.311100,1.311600,1.309700,1.309850,4,2023-07-14
2023-07-14 09:00:00,1.309850,1.313900,1.309300,1.313600,4,2023-07-14
2023-07-14 13:00:00,1.313600,1.313600,1.310700,1.311650,4,2023-07-14
2023-07-17 01:00:00,1.321600,1.323000,1.321300,1.322950,2,2023-07-17
2023-07-17 05:00:00,1.322900,1.323250,1.322000,1.322550,4,2023-07-17
2023-07-17 09:00:00,1.322550,1.322600,1.321300,1.321350,4,2023-07-17
2023-07-17 13:00:00,1.321300,1.322500,1.320500,1.322400,4,2023-07-17
2023-07-17 17:00:00,1.322400,1.322400,1.316500,1.316900,4,2023-07-18
2023-07-17 21:00:00,1.316750,1.319100,1.316100,1.318250,4,2023-07-18
2023-07-18 01:00:00,1.318200,1.320350,1.318050,1.319750,4,2023-07-18
2023-07-18 05:00:00,1.319600,1.320500,1.318800,1.318850,4,2023-07-18
2023-07-18 09:00:00,1.318800,1.320900,1.318450,1.319800,4,2023-07-18
2023-07-18 13:00:00,1.319600,1.321350,1.319150,1.320250,4,2023-07-18
2023-07-18 17:00:00,1.320250,1.324300,1.316700,1.317700,4,2023-07-19
2023-07-18 21:00:00,1.317600,1.319450,1.316800,1.317400,4,2023-07-19
2023-07-19 01:00:00,1.317550,1.317850,1.316500,1.316600,4,2023-07-19
2023-07-19 05:00:00,1.316500,1.318000,1.316200,1.317650,4,2023-07-19
2023-07-19 09:00:00,1.317600,1.318500,1.316250,1.317050,4,2023-07-19
2023-07-19 13:00:00,1.317050,1.318500,1.316400,1.318150,4,2023-07-19
2023-07-19 17:00:00,1.318150,1.319350,1.315600,1.317600,4,2023-07-20
2023-07-19 21:00:00,1.317600,1.318100,1.315800,1.317000,4,2023-07-20
2023-07-20 01:00:00,1.316700,1.316850,1.316100,1.316150,1,2023-07-20
2023-07-20 05:00:00,1.316100,1.316600,1.313300,1.314000,4,2023-07-20
2023-07-20 09:00:00,1.313950,1.315700,1.313700,1.314500,4,2023-07-20
2023-07-20 13:00:00,1.314400,1.314600,1.311900,1.312700,4,2023-07-20
2023-07-20 17:00:00,1.312800,1.319500,1.312400,1.317550,4,2023-07-21
2023-07-20 21:00:00,1.317500,1.319450,1.316500,1.317600,4,2023-07-21
2023-07-21 01:00:00,1.317650,1.318300,1.316900,1.317400,4,2023-07-21
2023-07-21 05:00:00,1.317500,1.318000,1.316150,1.316350,4,2023-07-21
2023-07-21 09:00:00,1.316400,1.317800,1.316100,1.316500,4,2023-07-21
2023-07-21 13:00:00,1.316500,1.318200,1.315300,1.315600,4,2023-07-21
2023-07-24 01:00:00,1.322000,1.322500,1.321250,1.322500,2,2023-07-24
2023-07-24 05:00:00,1.322500,1.322900,1.321500,1.321900,4,2023-07-24
2023-07-24 09:00:00,1.322050,1.322250,1.320950,1.321100,4,2023-07-24
2023-07-24 13:00:00,1.321100,1.321300,1.318150,1.319800,4,2023-07-24
2023-07-24 17:00:00,1.319800,1.320500,1.316200,1.317500,4,2023-07-25
2023-07-24 21:00:00,1.317500,1.318350,1.315050,1.316850,4,2023-07-25
2023-07-25 01:00:00,1.316800,1.317450,1.316500,1.317100,4,2023-07-25
2023-07-25 05:00:00,1.317200,1.317800,1.315300,1.315550,4,2023-07-25
2023-07-25 09:00:00,1.315400,1.316500,1.315200,1.315200,4,2023-07-25
2023-07-25 13:00:00,1.315100,1.318050,1.314700,1.317700,4,2023-07-25
2023-07-25 17:00:00,1.317600,1.321050,1.317200,1.319300,4,2023-07-26
2023-07-25 21:00:00,1.319300,1.319900,1.316650,1.317300,4,2023-07-26
2023-07-26 01:00:00,1.317300,1.318500,1.316800,1.318450,4,2023-07-26
2023-07-26 05:00:00,1.318400,1.320200,1.318200,1.318700,4,2023-07-26
2023-07-26 09:00:00,1.318750,1.319250,1.317200,1.318150,4,2023-07-26
2023-07-26 13:00:00,1.318300,1.321350,1.318000,1.321000,4,2023-07-26
2023-07-26 17:00:00,1.321000,1.323650,1.319900,1.321900,4,2023-07-27
2023-07-26 21:00:00,1.321900,1.323850,1.319300,1.319600,4,2023-07-27
2023-07-27 01:00:00,1.319500,1.322500,1.319400,1.320900,4,2023-07-27
2023-07-27 05:00:00,1.320800,1.321000,1.316300,1.318000,4,2023-07-27
2023-07-27 09:00:00,1.317900,1.318750,1.316700,1.317450,4,2023-07-27
2023-07-27 13:00:00,1.317500,1.318750,1.315950,1.317800,4,2023-07-27
2023-07-27 17:00:00,1.318100,1.320050,1.315800,1.319600,4,2023-07-28
2023-07-27 21:00:00,1.319600,1.323500,1.318500,1.323100,4,2023-07-28
2023-07-28 01:00:00,1.323050,1.324300,1.321900,1.322400,4,2023-07-28
2023-07-28 05:00:00,1.322500,1.323300,1.322300,1.322500,4,2023-07-28
2023-07-28 09:00:00,1.322500,1.324850,1.321900,1.323450,4,2023-07-28
2023-07-28 13:00:00,1.323200,1.324850,1.322050,1.323150,4,2023-07-28
2023-07-31 01:00:00,1.323950,1.325200,1.323750,1.324750,2,2023-07-31
2023-07-31 05:00:00,1.324600,1.326200,1.324000,1.324400,4,2023-07-31
2023-07-31 09:00:00,1.324300,1.325750,1.323000,1.323850,4,2023-07-31
2023-07-31 13:00:00,1.323700,1.324700,1.321750,1.321800,4,2023-07-31
2023-07-31 17:00:00,1.321750,1.321900,1.316100,1.316150,4,2023-08-01
2023-07-31 21:00:00,1.316300,1.317800,1.315100,1.317500,4,2023-08-01
2023-08-01 01:00:00,1.317700,1.319250,1.317500,1.318700,4,2023-08-01
2023-08-01 05:00:00,1.318700,1.322000,1.318600,1.321700,4,2023-08-01
2023-08-01 09:00:00,1.321700,1.323100,1.321450,1.322400,4,2023-08-01
2023-08-01 13:00:00,1.322500,1.327400,1.322450,1.326100,4,2023-08-01
2023-08-01 17:00:00,1.326250,1.330000,1.326100,1.328200,4,2023-08-02
2023-08-01 21:00:00,1.328300,1.330050,1.327450,1.329150,4,2023-08-02
2023-08-02 01:00:00,1.329100,1.329200,1.326600,1.327000,4,2023-08-02
2023-08-02 05:00:00,1.327100,1.329200,1.326700,1.329000,4,2023-08-02
2023-08-02 09:00:00,1.329000,1.330800,1.328900,1.330500,4,2023-08-02
2023-08-02 13:00:00,1.330400,1.331750,1.330100,1.330700,4,2023-08-02
2023-08-02 17:00:00,1.330650,1.334900,1.330300,1.334300,4,2023-08-03
2023-08-02 21:00:00,1.334500,1.334800,1.332750,1.334500,4,2023-08-03
2023-08-03 01:00:00,1.334450,1.335400,1.334300,1.334500,4,2023-08-03
2023-08-03 05:00:00,1.334600,1.335300,1.333450,1.335300,4,2023-08-03
2023-08-03 09:00:00,1.335300,1.336100,1.334600,1.336100,4,2023-08-03
2023-08-03 13:00:00,1.336300,1.337850,1.336000,1.336950,4,2023-08-03
2023-08-03 17:00:00,1.336900,1.337700,1.334800,1.336600,4,2023-08-04
2023-08-03 21:00:00,1.336600,1.336700,1.332900,1.335500,4,2023-08-04
2023-08-04 01:00:00,1.335400,1.336200,1.334900,1.335050,4,2023-08-04
2023-08-04 05:00:00,1.335200,1.335650,1.333500,1.335250,4,2023-08-04
2023-08-04 09:00:00,1.335250,1.336500,1.334200,1.336400,4,2023-08-04
2023-08-04 13:00:00,1.336300,1.337300,1.335700,1.337250,4,2023-08-04
2023-08-07 01:00:00,1.337350,1.338200,1.337100,1.337500,2,2023-08-07
2023-08-07 05:00:00,1.337600,1.338550,1.336800,1.336800,4,2023-08-07
2023-08-07 09:00:00,1.336900,1.338800,1.336800,1.338200,4,2023-08-07
2023-08-07 13:00:00,1.338200,1.339950,1.336950,1.339400,4,2023-08-07
2023-08-07 17:00:00,1.339450,1.339550,1.335600,1.337900,4,2023-08-08
2023-08-07 21:00:00,1.337800,1.338300,1.336100,1.336800,4,2023-08-08
2023-08-08 01:00:00,1.336850,1.337700,1.336400,1.337500,4,2023-08-08
2023-08-08 05:00:00,1.337600,1.339900,1.336750,1.338550,4,2023-08-08
2023-08-08 09:00:00,1.338500,1.341750,1.338200,1.341650,4,2023-08-08
2023-08-08 13:00:00,1.341700,1.345500,1.341350,1.345450,4,2023-08-08
2023-08-08 17:00:00,1.345500,1.350200,1.345000,1.346900,4,2023-08-09
2023-08-08 21:00:00,1.346950,1.347600,1.341700,1.342000,4,2023-08-09
2023-08-09 01:00:00,1.341900,1.342700,1.341100,1.342300,4,2023-08-09
2023-08-09 05:00:00,1.342300,1.343100,1.341350,1.341400,4,2023-08-09
2023-08-09 09:00:00,1.341400,1.342150,1.340500,1.340800,4,2023-08-09
2023-08-09 13:00:00,1.340800,1.342400,1.340400,1.342050,4,2023-08-09
2023-08-09 17:00:00,1.342000,1.345450,1.341700,1.343250,4,2023-08-10
2023-08-09 21:00:00,1.343300,1.344900,1.340800,1.341600,4,2023-08-10
2023-08-10 01:00:00,1.341700,1.342700,1.341200,1.342050,4,2023-08-10
2023-08-10 05:00:00,1.342000,1.342450,1.340800,1.341450,4,2023-08-10
2023-08-10 09:00:00,1.341500,1.342050,1.339800,1.340200,4,2023-08-10
2023-08-10 13:00:00,1.340400,1.341050,1.338750,1.340100,4,2023-08-10
2023-08-10 17:00:00,1.340000,1.341200,1.337400,1.340200,4,2023-08-11
2023-08-10 21:00:00,1.340200,1.344000,1.339500,1.341750,4,2023-08-11
2023-08-11 01:00:00,1.341600,1.345000,1.341600,1.344500,4,2023-08-11
2023-08-11 05:00:00,1.344500,1.344650,1.342700,1.344150,4,2023-08-11
2023-08-11 09:00:00,1.344200,1.344650,1.343000,1.344250,4,2023-08-11
2023-08-11 13:00:00,1.344200,1.345950,1.343300,1.344900,4,2023-08-11
2023-08-14 01:00:00,1.343800,1.344600,1.343700,1.344050,2,2023-08-14
2023-08-14 05:00:00,1.344100,1.346200,1.343850,1.346100,4,2023-08-14
2023-08-14 09:00:00,1.346100,1.347000,1.345300,1.346200,4,2023-08-14
2023-08-14 13:00:00,1.346200,1.346750,1.343950,1.344500,4,2023-08-14
2023-08-14 17:00:00,1.344500,1.348000,1.343800,1.346600,4,2023-08-15
2023-08-14 21:00:00,1.346550,1.347300,1.344500,1.347100,4,2023-08-15
2023-08-15 01:00:00,1.347100,1.347300,1.345600,1.345750,4,2023-08-15
2023-08-15 05:00:00,1.345800,1.347100,1.344600,1.345150,4,2023-08-15
2023-08-15 09:00:00,1.345200,1.346050,1.344000,1.346000,4,2023-08-15
2023-08-15 13:00:00,1.346000,1.349600,1.345800,1.349200,4,2023-08-15
2023-08-15 17:00:00,1.349100,1.350100,1.344600,1.347900,4,2023-08-16
2023-08-15 21:00:00,1.347950,1.349400,1.347100,1.349250,4,2023-08-16
2023-08-16 01:00:00,1.349200,1.350200,1.349000,1.349500,4,2023-08-16
2023-08-16 05:00:00,1.349600,1.351050,1.348950,1.350350,4,2023-08-16
2023-08-16 09:00:00,1.350300,1.351050,1.349200,1.350300,4,2023-08-16
2023-08-16 13:00:00,1.350200,1.350500,1.347550,1.349500,4,2023-08-16
2023-08-16 17:00:00,1.349600,1.352750,1.348150,1.351600,4,2023-08-17
2023-08-16 21:00:00,1.351700,1.354000,1.350500,1.353500,4,2023-08-17
2023-08-17 01:00:00,1.353500,1.354500,1.352200,1.353250,4,2023-08-17
2023-08-17 05:00:00,1.353400,1.355300,1.353250,1.353600,4,2023-08-17
2023-08-17 09:00:00,1.353700,1.354700,1.352100,1.352600,4,2023-08-17
2023-08-17 13:00:00,1.352500,1.353500,1.350500,1.351100,4,2023-08-17
2023-08-17 17:00:00,1.351100,1.352000,1.349600,1.351200,4,2023-08-18
2023-08-17 21:00:00,1.351200,1.355200,1.351200,1.355100,4,2023-08-18
2023-08-18 01:00:00,1.355200,1.355250,1.353100,1.354700,4,2023-08-18
2023-08-18 05:00:00,1.354600,1.354800,1.352450,1.353000,4,2023-08-18
2023-08-18 09:00:00,1.353200,1.355600,1.353150,1.354300,4,2023-08-18
2023-08-18 13:00:00,1.354400,1.355600,1.353200,1.354300,4,2023-08-18
2023-08-21 01:00:00,1.354700,1.355300,1.354350,1.354550,2,2023-08-21
2023-08-21 05:00:00,1.354700,1.355500,1.353500,1.353900,4,2023-08-21
2023-08-21 09:00:00,1.353900,1.354900,1.353700,1.354700,4,2023-08-21
2023-08-21 13:00:00,1.354750,1.354900,1.351700,1.352600,4,2023-08-21
2023-08-21 17:00:00,1.352600,1.355900,1.349600,1.355000,4,2023-08-22
2023-08-21 21:00:00,1.355000,1.357300,1.354650,1.354650,4,2023-08-22
2023-08-22 01:00:00,1.354700,1.355450,1.354100,1.354450,4,2023-08-22
2023-08-22 05:00:00,1.354600,1.355500,1.353500,1.354500,4,2023-08-22
2023-08-22 09:00:00,1.354550,1.355100,1.352500,1.353300,4,2023-08-22
2023-08-22 13:00:00,1.353300,1.353700,1.352050,1.353450,4,2023-08-22
2023-08-22 17:00:00,1.353400,1.356550,1.351250,1.355300,4,2023-08-23
2023-08-22 21:00:00,1.355300,1.356400,1.354400,1.355800,4,2023-08-23
2023-08-23 01:00:00,1.355700,1.356100,1.354400,1.355100,4,2023-08-23
2023-08-23 05:00:00,1.355000,1.355300,1.353300,1.354000,4,2023-08-23
2023-08-23 09:00:00,1.354100,1.355400,1.353550,1.354900,4,2023-08-23
2023-08-23 13:00:00,1.355000,1.357900,1.354000,1.357600,4,2023-08-23
2023-08-23 17:00:00,1.357650,1.360400,1.355600,1.355900,4,2023-08-24
2023-08-23 21:00:00,1.355850,1.356000,1.352000,1.354200,4,2023-08-24
2023-08-24 01:00:00,1.354100,1.354300,1.352300,1.352600,4,2023-08-24
2023-08-24 05:00:00,1.352600,1.353300,1.351500,1.352100,4,2023-08-24
2023-08-24 09:00:00,1.352100,1.352800,1.351000,1.352800,4,2023-08-24
2023-08-24 13:00:00,1.352600,1.355000,1.352500,1.354000,4,2023-08-24
2023-08-24 17:00:00,1.354100,1.358800,1.353600,1.355700,4,2023-08-25
2023-08-24 21:00:00,1.355650,1.357600,1.355500,1.357600,4,2023-08-25
2023-08-25 01:00:00,1.357450,1.358900,1.357100,1.358450,4,2023-08-25
2023-08-25 05:00:00,1.358500,1.359500,1.358000,1.359500,4,2023-08-25
2023-08-25 09:00:00,1.359450,1.360250,1.358500,1.359700,4,2023-08-25
2023-08-25 13:00:00,1.359700,1.359900,1.357300,1.357600,4,2023-08-25
2023-08-28 01:00:00,1.359100,1.360100,1.358800,1.360100,2,2023-08-28
2023-08-28 05:00:00,1.360000,1.360100,1.358350,1.358950,4,2023-08-28
2023-08-28 09:00:00,1.358900,1.359500,1.358400,1.358900,4,2023-08-28
2023-08-28 13:00:00,1.358800,1.360700,1.358750,1.360200,4,2023-08-28
2023-08-28 17:00:00,1.360200,1.361200,1.357000,1.358800,4,2023-08-29
2023-08-28 21:00:00,1.358700,1.361000,1.358700,1.360400,4,2023-08-29
2023-08-29 01:00:00,1.360300,1.360600,1.359400,1.359700,4,2023-08-29
2023-08-29 05:00:00,1.359800,1.360600,1.359400,1.359450,4,2023-08-29
2023-08-29 09:00:00,1.359500,1.360200,1.358700,1.360200,4,2023-08-29
2023-08-29 13:00:00,1.360200,1.361600,1.359000,1.361400,4,2023-08-29
2023-08-29 17:00:00,1.361400,1.363800,1.359450,1.360000,4,2023-08-30
2023-08-29 21:00:00,1.360000,1.360150,1.356100,1.356400,4,2023-08-30
2023-08-30 01:00:00,1.356450,1.356550,1.355000,1.355600,4,2023-08-30
2023-08-30 05:00:00,1.355550,1.357400,1.355400,1.357000,4,2023-08-30
2023-08-30 09:00:00,1.357050,1.357750,1.355850,1.356800,4,2023-08-30
2023-08-30 13:00:00,1.356700,1.357500,1.355800,1.355950,4,2023-08-30
2023-08-30 17:00:00,1.356100,1.356750,1.352500,1.353050,4,2023-08-31
2023-08-30 21:00:00,1.353000,1.354850,1.351250,1.353000,4,2023-08-31
2023-08-31 01:00:00,1.353100,1.353900,1.352600,1.353700,4,2023-08-31
2023-08-31 05:00:00,1.353700,1.353700,1.352100,1.353450,4,2023-08-31
2023-08-31 09:00:00,1.353450,1.354500,1.353100,1.354300,4,2023-08-31
2023-08-31 13:00:00,1.354200,1.355250,1.353700,1.355000,4,2023-08-31
2023-08-31 17:00:00,1.354900,1.355850,1.351500,1.352900,4,2023-09-01
2023-08-31 21:00:00,1.352900,1.355550,1.350450,1.351700,4,2023-09-01
2023-09-01 01:00:00,1.351700,1.351900,1.350700,1.351200,4,2023-09-01
2023-09-01 05:00:00,1.351100,1.351600,1.348950,1.350650,4,2023-09-01
2023-09-01 09:00:00,1.350550,1.352200,1.350550,1.351500,4,2023-09-01
2023-09-01 13:00:00,1.351600,1.351800,1.349400,1.349650,4,2023-09-01
2023-09-04 01:00:00,1.359450,1.360100,1.359200,1.359800,2,2023-09-04
2023-09-04 05:00:00,1.359800,1.359850,1.358500,1.358750,4,2023-09-04
2023-09-04 09:00:00,1.358800,1.359000,1.357550,1.358800,4,2023-09-04
2023-09-04 13:00:00,1.358750,1.360450,1.358550,1.359500,4,2023-09-04
2023-09-04 17:00:00,1.359550,1.360550,1.358850,1.360000,4,2023-09-05
2023-09-04 21:00:00,1.360000,1.360100,1.359250,1.359350,4,2023-09-05
2023-09-05 01:00:00,1.359400,1.359600,1.358700,1.359400,4,2023-09-05
2023-09-05 05:00:00,1.359450,1.361700,1.359400,1.361400,4,2023-09-05
2023-09-05 09:00:00,1.361350,1.364150,1.361200,1.363700,4,2023-09-05
2023-09-05 13:00:00,1.363600,1.367000,1.363600,1.365400,4,2023-09-05
2023-09-05 17:00:00,1.365450,1.366200,1.360200,1.363500,4,2023-09-06
2023-09-05 21:00:00,1.363600,1.364000,1.359900,1.364000,4,2023-09-06
2023-09-06 01:00:00,1.363900,1.364600,1.363200,1.364000,4,2023-09-06
2023-09-06 05:00:00,1.364000,1.365700,1.363600,1.364300,4,2023-09-06
2023-09-06 09:00:00,1.364300,1.364900,1.362600,1.364600,4,2023-09-06
2023-09-06 13:00:00,1.364600,1.367200,1.364000,1.364150,4,2023-09-06
2023-09-06 17:00:00,1.364150,1.367700,1.362200,1.366500,4,2023-09-07
2023-09-06 21:00:00,1.366600,1.366800,1.364800,1.365350,4,2023-09-07
2023-09-07 01:00:00,1.365250,1.365500,1.363450,1.363800,4,2023-09-07
2023-09-07 05:00:00,1.363900,1.365050,1.363600,1.364900,4,2023-09-07
2023-09-07 09:00:00,1.364900,1.365550,1.363200,1.363900,4,2023-09-07
2023-09-07 13:00:00,1.363800,1.365200,1.363800,1.365100,4,2023-09-07
2023-09-07 17:00:00,1.365100,1.367950,1.364600,1.366850,4,2023-09-08
2023-09-07 21:00:00,1.366700,1.369550,1.366500,1.368400,4,2023-09-08
2023-09-08 01:00:00,1.368500,1.368700,1.367650,1.368450,4,2023-09-08
2023-09-08 05:00:00,1.368500,1.369000,1.366600,1.367300,4,2023-09-08
2023-09-08 09:00:00,1.367200,1.367400,1.365250,1.366400,4,2023-09-08
2023-09-08 13:00:00,1.366500,1.367650,1.366150,1.366300,4,2023-09-08
2023-09-11 01:00:00,1.363800,1.363900,1.363150,1.363350,2,2023-09-11
2023-09-11 05:00:00,1.363500,1.363700,1.361850,1.362100,4,2023-09-11
2023-09-11 09:00:00,1.362150,1.362300,1.359500,1.359700,4,2023-09-11
2023-09-11 13:00:00,1.359800,1.360850,1.358700,1.359300,4,2023-09-11
2023-09-11 17:00:00,1.359300,1.360100,1.356100,1.358950,4,2023-09-12
2023-09-11 21:00:00,1.359000,1.360050,1.356650,1.358200,4,2023-09-12
2023-09-12 01:00:00,1.358200,1.358700,1.357050,1.358000,4,2023-09-12
2023-09-12 05:00:00,1.358000,1.359400,1.357450,1.357600,4,2023-09-12
2023-09-12 09:00:00,1.357650,1.359050,1.357200,1.357600,4,2023-09-12
2023-09-12 13:00:00,1.357600,1.359000,1.357300,1.358150,4,2023-09-12
2023-09-12 17:00:00,1.358100,1.358900,1.354600,1.356250,4,2023-09-13
2023-09-12 21:00:00,1.356250,1.356250,1.354400,1.355650,4,2023-09-13
2023-09-13 01:00:00,1.355600,1.356400,1.354900,1.355300,4,2023-09-13
2023-09-13 05:00:00,1.355200,1.356700,1.354750,1.356400,4,2023-09-13
2023-09-13 09:00:00,1.356550,1.357500,1.355100,1.356400,4,2023-09-13
2023-09-13 13:00:00,1.356500,1.357100,1.355550,1.356500,4,2023-09-13
2023-09-13 17:00:00,1.356400,1.358700,1.352800,1.352950,4,2023-09-14
2023-09-13 21:00:00,1.352900,1.356850,1.352100,1.356600,4,2023-09-14
2023-09-14 01:00:00,1.356600,1.357000,1.354550,1.355100,4,2023-09-14
2023-09-14 05:00:00,1.355100,1.355450,1.353100,1.354100,4,2023-09-14
2023-09-14 09:00:00,1.354150,1.354300,1.352550,1.353600,4,2023-09-14
2023-09-14 13:00:00,1.353600,1.354150,1.351800,1.351950,4,2023-09-14
2023-09-14 17:00:00,1.352000,1.354300,1.350150,1.351800,4,2023-09-15
2023-09-14 21:00:00,1.351850,1.352450,1.349350,1.351000,4,2023-09-15
2023-09-15 01:00:00,1.351000,1.351900,1.350500,1.351400,4,2023-09-15
2023-09-15 05:00:00,1.351400,1.351800,1.349700,1.350450,4,2023-09-15
2023-09-15 09:00:00,1.350400,1.350950,1.349400,1.350250,4,2023-09-15
2023-09-15 13:00:00,1.350200,1.351800,1.350200,1.351700,4,2023-09-15
2023-09-18 01:00:00,1.352200,1.352700,1.352200,1.352500,2,2023-09-18
2023-09-18 05:00:00,1.352600,1.352900,1.351300,1.352100,4,2023-09-18
2023-09-18 09:00:00,1.352050,1.352250,1.350050,1.350700,4,2023-09-18
2023-09-18 13:00:00,1.350800,1.351950,1.349550,1.350450,4,2023-09-18
2023-09-18 17:00:00,1.350550,1.351750,1.347100,1.349200,4,2023-09-19
2023-09-18 21:00:00,1.349150,1.349850,1.347600,1.349500,4,2023-09-19
2023-09-19 01:00:00,1.349500,1.349750,1.348250,1.348800,4,2023-09-19
2023-09-19 05:00:00,1.348900,1.348900,1.347700,1.348000,4,2023-09-19
2023-09-19 09:00:00,1.347900,1.348550,1.347350,1.347650,4,2023-09-19
2023-09-19 13:00:00,1.347700,1.347800,1.343700,1.344150,4,2023-09-19
2023-09-19 17:00:00,1.344200,1.344350,1.338100,1.341400,4,2023-09-20
2023-09-19 21:00:00,1.341400,1.344850,1.341150,1.344450,4,2023-09-20
2023-09-20 01:00:00,1.344500,1.344900,1.344100,1.344800,4,2023-09-20
2023-09-20 05:00:00,1.344900,1.346200,1.344300,1.346000,4,2023-09-20
2023-09-20 09:00:00,1.346100,1.346500,1.345000,1.345300,4,2023-09-20
2023-09-20 13:00:00,1.345450,1.345700,1.342800,1.342900,4,2023-09-20
2023-09-20 17:00:00,1.343000,1.343950,1.340800,1.341050,4,2023-09-21
2023-09-20 21:00:00,1.341000,1.344200,1.339600,1.343800,4,2023-09-21
2023-09-21 01:00:00,1.343900,1.347800,1.343600,1.347400,4,2023-09-21
2023-09-21 05:00:00,1.347500,1.350100,1.347100,1.349900,4,2023-09-21
2023-09-21 09:00:00,1.349900,1.349950,1.348600,1.348800,4,2023-09-21
2023-09-21 13:00:00,1.348950,1.350750,1.348400,1.350400,4,2023-09-21
2023-09-21 17:00:00,1.350500,1.352400,1.348150,1.349400,4,2023-09-22
2023-09-21 21:00:00,1.349500,1.349950,1.346050,1.347000,4,2023-09-22
2023-09-22 01:00:00,1.347100,1.348900,1.346800,1.347800,4,2023-09-22
2023-09-22 05:00:00,1.347700,1.348200,1.346500,1.346950,4,2023-09-22
2023-09-22 09:00:00,1.347000,1.347300,1.346000,1.347050,4,2023-09-22
2023-09-22 13:00:00,1.347100,1.348450,1.344950,1.345300,4,2023-09-22
2023-09-25 01:00:00,1.347700,1.348600,1.347050,1.347850,2,2023-09-25
2023-09-25 05:00:00,1.348000,1.349050,1.347200,1.348200,4,2023-09-25
2023-09-25 09:00:00,1.348250,1.349000,1.347800,1.347950,4,2023-09-25
2023-09-25 13:00:00,1.348000,1.348850,1.345800,1.345900,4,2023-09-25
2023-09-25 17:00:00,1.345800,1.349200,1.345400,1.348700,4,2023-09-26
2023-09-25 21:00:00,1.348700,1.348700,1.346050,1.347050,4,2023-09-26
2023-09-26 01:00:00,1.347000,1.347500,1.345150,1.345250,4,2023-09-26
2023-09-26 05:00:00,1.345200,1.347300,1.344900,1.347300,4,2023-09-26
2023-09-26 09:00:00,1.347250,1.349050,1.347250,1.348900,4,2023-09-26
2023-09-26 13:00:00,1.349000,1.350000,1.347800,1.349450,4,2023-09-26
2023-09-26 17:00:00,1.349350,1.351400,1.348600,1.348900,4,2023-09-27
2023-09-26 21:00:00,1.349000,1.352800,1.348850,1.352200,4,2023-09-27
2023-09-27 01:00:00,1.352100,1.352400,1.351050,1.352150,4,2023-09-27
2023-09-27 05:00:00,1.352200,1.352600,1.350100,1.351700,4,2023-09-27
2023-09-27 09:00:00,1.351750,1.352550,1.351300,1.352150,4,2023-09-27
2023-09-27 13:00:00,1.352250,1.353850,1.351100,1.353450,4,2023-09-27
2023-09-27 17:00:00,1.353500,1.353650,1.350600,1.351850,4,2023-09-28
2023-09-27 21:00:00,1.351900,1.354350,1.350000,1.351000,4,2023-09-28
2023-09-28 01:00:00,1.351050,1.351300,1.349500,1.350200,4,2023-09-28
2023-09-28 05:00:00,1.350100,1.350500,1.348200,1.349650,4,2023-09-28
2023-09-28 09:00:00,1.349650,1.350100,1.348700,1.349600,4,2023-09-28
2023-09-28 13:00:00,1.349600,1.351450,1.348400,1.349600,4,2023-09-28
2023-09-28 17:00:00,1.349500,1.350500,1.347600,1.349700,4,2023-09-29
2023-09-28 21:00:00,1.349600,1.351600,1.347000,1.350200,4,2023-09-29
2023-09-29 01:00:00,1.350200,1.350500,1.348050,1.348800,4,2023-09-29
2023-09-29 05:00:00,1.348700,1.350700,1.347500,1.347800,4,2023-09-29
2023-09-29 09:00:00,1.347750,1.348500,1.345500,1.345750,4,2023-09-29
2023-09-29 13:00:00,1.345800,1.345950,1.341700,1.342700,4,2023-09-29
2023-10-02 01:00:00,1.356050,1.357600,1.356050,1.357100,2,2023-10-02
2023-10-02 05:00:00,1.357100,1.358200,1.356400,1.357800,4,2023-10-02
2023-10-02 09:00:00,1.357700,1.360100,1.357300,1.359700,4,2023-10-02
2023-10-02 13:00:00,1.359750,1.361300,1.356150,1.360950,4,2023-10-02
2023-10-02 17:00:00,1.361000,1.366800,1.360200,1.365400,4,2023-10-03
2023-10-02 21:00:00,1.366200,1.368000,1.364200,1.366600,4,2023-10-03
2023-10-03 01:00:00,1.366600,1.367850,1.365550,1.367300,4,2023-10-03
2023-10-03 05:00:00,1.367200,1.369600,1.367150,1.369250,4,2023-10-03
2023-10-03 09:00:00,1.369300,1.371650,1.369000,1.371300,4,2023-10-03
2023-10-03 13:00:00,1.371300,1.372700,1.368600,1.371850,4,2023-10-03
2023-10-03 17:00:00,1.371700,1.372900,1.368300,1.369100,4,2023-10-04
2023-10-03 21:00:00,1.369300,1.373650,1.369200,1.371200,4,2023-10-04
2023-10-04 01:00:00,1.371200,1.372400,1.370300,1.370800,4,2023-10-04
2023-10-04 05:00:00,1.371000,1.372000,1.369900,1.370700,4,2023-10-04
2023-10-04 09:00:00,1.370700,1.371800,1.369500,1.370700,4,2023-10-04
2023-10-04 13:00:00,1.370600,1.372500,1.369050,1.369550,4,2023-10-04
2023-10-04 17:00:00,1.369700,1.375000,1.369350,1.373900,4,2023-10-05
2023-10-04 21:00:00,1.373800,1.378000,1.372500,1.375700,4,2023-10-05
2023-10-05 01:00:00,1.375800,1.376100,1.373400,1.374200,4,2023-10-05
2023-10-05 05:00:00,1.374200,1.375600,1.371900,1.372050,4,2023-10-05
2023-10-05 09:00:00,1.372100,1.372450,1.371100,1.372400,4,2023-10-05
2023-10-05 13:00:00,1.372400,1.378650,1.372100,1.377700,4,2023-10-05
2023-10-05 17:00:00,1.377700,1.378300,1.373700,1.374550,4,2023-10-06
2023-10-05 21:00:00,1.374500,1.375100,1.371300,1.371550,4,2023-10-06
2023-10-06 01:00:00,1.371550,1.372750,1.370350,1.370650,4,2023-10-06
2023-10-06 05:00:00,1.370600,1.371500,1.370300,1.370900,4,2023-10-06
2023-10-06 09:00:00,1.370800,1.372700,1.370400,1.372600,4,2023-10-06
2023-10-06 13:00:00,1.372600,1.372800,1.369550,1.371500,4,2023-10-06
2023-10-09 01:00:00,1.365750,1.367900,1.365750,1.367650,2,2023-10-09
2023-10-09 05:00:00,1.367800,1.367950,1.364000,1.364500,4,2023-10-09
2023-10-09 09:00:00,1.364550,1.366400,1.364200,1.365400,4,2023-10-09
2023-10-09 13:00:00,1.365400,1.367650,1.364400,1.365950,4,2023-10-09
2023-10-09 17:00:00,1.366050,1.367100,1.362500,1.363400,4,2023-10-10
2023-10-09 21:00:00,1.363300,1.363400,1.359800,1.360050,4,2023-10-10
2023-10-10 01:00:00,1.360050,1.360200,1.358100,1.359300,4,2023-10-10
2023-10-10 05:00:00,1.359200,1.359500,1.357100,1.357600,4,2023-10-10
2023-10-10 09:00:00,1.357650,1.359050,1.356900,1.358450,4,2023-10-10
2023-10-10 13:00:00,1.358500,1.361700,1.357800,1.359150,4,2023-10-10
2023-10-10 17:00:00,1.359200,1.360850,1.358900,1.360200,4,2023-10-11
2023-10-10 21:00:00,1.360150,1.360550,1.357650,1.359750,4,2023-10-11
2023-10-11 01:00:00,1.359700,1.360000,1.357600,1.358500,4,2023-10-11
2023-10-11 05:00:00,1.358500,1.359200,1.357150,1.358700,4,2023-10-11
2023-10-11 09:00:00,1.358750,1.360100,1.358500,1.359900,4,2023-10-11
2023-10-11 13:00:00,1.359800,1.360400,1.358200,1.360300,4,2023-10-11
2023-10-11 17:00:00,1.360400,1.361500,1.358000,1.358400,4,2023-10-12
2023-10-11 21:00:00,1.358200,1.362400,1.358100,1.361750,4,2023-10-12
2023-10-12 01:00:00,1.361800,1.361800,1.359050,1.359250,4,2023-10-12
2023-10-12 05:00:00,1.359300,1.359800,1.358300,1.358700,4,2023-10-12
2023-10-12 09:00:00,1.358600,1.359700,1.358500,1.358900,4,2023-10-12
2023-10-12 13:00:00,1.358800,1.359650,1.357800,1.358800,4,2023-10-12
2023-10-12 17:00:00,1.358900,1.364400,1.358200,1.363850,4,2023-10-13
2023-10-12 21:00:00,1.364100,1.369100,1.363400,1.369050,4,2023-10-13
2023-10-13 01:00:00,1.369000,1.370100,1.368400,1.369150,4,2023-10-13
2023-10-13 05:00:00,1.369100,1.369200,1.368000,1.368250,4,2023-10-13
2023-10-13 09:00:00,1.368300,1.368900,1.367800,1.368000,4,2023-10-13
2023-10-13 13:00:00,1.368100,1.368950,1.366000,1.367500,4,2023-10-13
2023-10-16 01:00:00,1.366100,1.366200,1.364400,1.365350,1,2023-10-16
2023-10-16 05:00:00,1.365500,1.365900,1.364150,1.364600,4,2023-10-16
2023-10-16 09:00:00,1.364600,1.365400,1.363800,1.365000,4,2023-10-16
2023-10-16 13:00:00,1.365000,1.365600,1.363300,1.364100,4,2023-10-16
2023-10-16 17:00:00,1.364150,1.364650,1.361200,1.362200,4,2023-10-17
2023-10-16 21:00:00,1.362100,1.363400,1.360600,1.361150,4,2023-10-17
2023-10-17 01:00:00,1.361200,1.361950,1.360700,1.360700,4,2023-10-17
2023-10-17 05:00:00,1.360700,1.362700,1.360700,1.362500,4,2023-10-17
2023-10-17 09:00:00,1.362550,1.363500,1.361650,1.362700,4,2023-10-17
2023-10-17 13:00:00,1.362500,1.364500,1.361750,1.363100,4,2023-10-17
2023-10-17 17:00:00,1.363050,1.370350,1.362450,1.366400,4,2023-10-18
2023-10-17 21:00:00,1.366600,1.366700,1.362050,1.365400,4,2023-10-18
2023-10-18 01:00:00,1.365500,1.365700,1.363400,1.364600,4,2023-10-18
2023-10-18 05:00:00,1.364700,1.365900,1.364700,1.364900,4,2023-10-18
2023-10-18 09:00:00,1.364900,1.364900,1.363050,1.363300,4,2023-10-18
2023-10-18 13:00:00,1.363400,1.364100,1.361700,1.362550,4,2023-10-18
2023-10-18 17:00:00,1.362550,1.367300,1.362400,1.367100,4,2023-10-19
2023-10-18 21:00:00,1.366950,1.371250,1.366000,1.368700,4,2023-10-19
2023-10-19 01:00:00,1.368600,1.371700,1.368350,1.371300,4,2023-10-19
2023-10-19 05:00:00,1.371400,1.372700,1.370950,1.372400,4,2023-10-19
2023-10-19 09:00:00,1.372400,1.373700,1.372150,1.373500,4,2023-10-19
2023-10-19 13:00:00,1.373500,1.374100,1.371700,1.373150,4,2023-10-19
2023-10-19 17:00:00,1.373100,1.373600,1.371350,1.371800,4,2023-10-20
2023-10-19 21:00:00,1.371700,1.373400,1.367900,1.370250,4,2023-10-20
2023-10-20 01:00:00,1.370250,1.372400,1.369700,1.371700,4,2023-10-20
2023-10-20 05:00:00,1.371600,1.373500,1.371500,1.372400,4,2023-10-20
2023-10-20 09:00:00,1.372400,1.372600,1.370500,1.371250,4,2023-10-20
2023-10-20 13:00:00,1.371500,1.372900,1.368250,1.369450,4,2023-10-20
2023-10-23 01:00:00,1.371100,1.371150,1.369200,1.370750,1,2023-10-23
2023-10-23 05:00:00,1.370800,1.371800,1.370200,1.370850,4,2023-10-23
2023-10-23 09:00:00,1.370750,1.372150,1.370600,1.371500,4,2023-10-23
2023-10-23 13:00:00,1.371400,1.373600,1.370700,1.372400,4,2023-10-23
2023-10-23 17:00:00,1.372200,1.373700,1.370100,1.371050,4,2023-10-24
2023-10-23 21:00:00,1.371100,1.371600,1.366800,1.368100,4,2023-10-24
2023-10-24 01:00:00,1.368200,1.369800,1.367500,1.369100,4,2023-10-24
2023-10-24 05:00:00,1.369000,1.369300,1.367800,1.368600,4,2023-10-24
2023-10-24 09:00:00,1.368600,1.368950,1.366750,1.367850,4,2023-10-24
2023-10-24 13:00:00,1.367800,1.370000,1.366100,1.368950,4,2023-10-24
2023-10-24 17:00:00,1.368950,1.373450,1.368400,1.372650,4,2023-10-25
2023-10-24 21:00:00,1.372500,1.375550,1.372000,1.373600,4,2023-10-25
2023-10-25 01:00:00,1.373650,1.374300,1.372600,1.374150,4,2023-10-25
2023-10-25 05:00:00,1.374200,1.374700,1.373000,1.373900,4,2023-10-25
2023-10-25 09:00:00,1.374000,1.375050,1.373550,1.374900,4,2023-10-25
2023-10-25 13:00:00,1.374750,1.377800,1.374200,1.377700,4,2023-10-25
2023-10-25 17:00:00,1.377700,1.378600,1.375200,1.377000,4,2023-10-26
2023-10-25 21:00:00,1.377600,1.381000,1.376100,1.379100,4,2023-10-26
2023-10-26 01:00:00,1.379100,1.380150,1.378400,1.379700,4,2023-10-26
2023-10-26 05:00:00,1.379700,1.381450,1.379600,1.380700,4,2023-10-26
2023-10-26 09:00:00,1.380750,1.381850,1.380600,1.381550,4,2023-10-26
2023-10-26 13:00:00,1.381450,1.382050,1.379000,1.379600,4,2023-10-26
2023-10-26 17:00:00,1.379500,1.382600,1.379400,1.382600,4,2023-10-27
2023-10-26 21:00:00,1.382600,1.384450,1.381200,1.382450,4,2023-10-27
2023-10-27 01:00:00,1.382450,1.383400,1.381200,1.382750,4,2023-10-27
2023-10-27 05:00:00,1.382800,1.383200,1.381500,1.381950,4,2023-10-27
2023-10-27 09:00:00,1.381900,1.381900,1.380350,1.380950,4,2023-10-27
2023-10-27 13:00:00,1.380900,1.382600,1.379600,1.379850,4,2023-10-27
2023-10-30 01:00:00,1.386350,1.387100,1.385600,1.386950,2,2023-10-30
2023-10-30 05:00:00,1.386950,1.387350,1.385200,1.385200,4,2023-10-30
2023-10-30 09:00:00,1.385150,1.386600,1.385100,1.385950,4,2023-10-30
2023-10-30 13:00:00,1.386000,1.386500,1.384500,1.384650,4,2023-10-30
2023-10-30 17:00:00,1.384500,1.385250,1.381400,1.382200,4,2023-10-31
2023-10-30 21:00:00,1.382250,1.385700,1.381400,1.382900,4,2023-10-31
2023-10-31 01:00:00,1.382850,1.383350,1.381650,1.382450,4,2023-10-31
2023-10-31 05:00:00,1.382550,1.384300,1.382300,1.383700,4,2023-10-31
2023-10-31 09:00:00,1.383650,1.385250,1.383300,1.384350,4,2023-10-31
2023-10-31 13:00:00,1.384300,1.384550,1.381350,1.381600,4,2023-10-31
2023-10-31 17:00:00,1.381700,1.387750,1.381500,1.386750,4,2023-11-01
2023-10-31 21:00:00,1.386800,1.389250,1.385900,1.387950,4,2023-11-01
2023-11-01 01:00:00,1.388000,1.388350,1.386100,1.387500,4,2023-11-01
2023-11-01 05:00:00,1.387300,1.388900,1.386900,1.388600,4,2023-11-01
2023-11-01 09:00:00,1.388700,1.389000,1.387500,1.388200,4,2023-11-01
2023-11-01 13:00:00,1.388350,1.389000,1.386400,1.388800,4,2023-11-01
2023-11-01 17:00:00,1.388900,1.389250,1.386400,1.387350,4,2023-11-02
2023-11-01 21:00:00,1.386400,1.389850,1.384100,1.389000,4,2023-11-02
2023-11-02 01:00:00,1.388900,1.389950,1.385100,1.385250,4,2023-11-02
2023-11-02 05:00:00,1.385300,1.385450,1.382700,1.383300,4,2023-11-02
2023-11-02 09:00:00,1.383350,1.384050,1.382450,1.383450,4,2023-11-02
2023-11-02 13:00:00,1.383400,1.385200,1.380600,1.380800,4,2023-11-02
2023-11-02 17:00:00,1.380700,1.382500,1.376900,1.376950,4,2023-11-03
2023-11-02 21:00:00,1.377150,1.380650,1.375100,1.375300,4,2023-11-03
2023-11-03 01:00:00,1.375250,1.375800,1.373600,1.374150,4,2023-11-03
2023-11-03 05:00:00,1.374100,1.376100,1.373950,1.375400,4,2023-11-03
2023-11-03 09:00:00,1.375400,1.375550,1.373500,1.373650,4,2023-11-03
2023-11-03 13:00:00,1.373550,1.375550,1.372750,1.374400,4,2023-11-03
2023-11-06 01:00:00,1.365950,1.366600,1.365400,1.366300,3,2023-11-06
2023-11-06 05:00:00,1.366200,1.366700,1.364800,1.365100,4,2023-11-06
2023-11-06 09:00:00,1.365100,1.365700,1.364400,1.364800,4,2023-11-06
2023-11-06 13:00:00,1.364800,1.365650,1.362900,1.364400,4,2023-11-06
2023-11-06 17:00:00,1.364400,1.367950,1.363550,1.367100,4,2023-11-07
2023-11-06 21:00:00,1.367000,1.368500,1.366100,1.368250,4,2023-11-07
2023-11-07 01:00:00,1.368200,1.370300,1.368100,1.369200,4,2023-11-07
2023-11-07 05:00:00,1.369600,1.371000,1.369400,1.370300,4,2023-11-07
2023-11-07 09:00:00,1.370300,1.373300,1.370050,1.373200,4,2023-11-07
2023-11-07 13:00:00,1.373100,1.375600,1.372500,1.374900,4,2023-11-07
2023-11-07 17:00:00,1.375000,1.376800,1.373600,1.375650,4,2023-11-08
2023-11-07 21:00:00,1.375600,1.378300,1.374600,1.375250,4,2023-11-08
2023-11-08 01:00:00,1.375200,1.377100,1.374800,1.376400,4,2023-11-08
2023-11-08 05:00:00,1.376400,1.377500,1.375500,1.376200,4,2023-11-08
2023-11-08 09:00:00,1.376250,1.378300,1.376000,1.377850,4,2023-11-08
2023-11-08 13:00:00,1.377900,1.379300,1.376750,1.378100,4,2023-11-08
2023-11-08 17:00:00,1.378100,1.380000,1.376800,1.378400,4,2023-11-09
2023-11-08 21:00:00,1.378400,1.381500,1.378300,1.379700,4,2023-11-09
2023-11-09 01:00:00,1.379900,1.380500,1.379050,1.379200,4,2023-11-09
2023-11-09 05:00:00,1.379300,1.379750,1.378300,1.379100,4,2023-11-09
2023-11-09 09:00:00,1.379000,1.379650,1.378200,1.378450,4,2023-11-09
2023-11-09 13:00:00,1.378400,1.380700,1.378200,1.378900,4,2023-11-09
2023-11-09 17:00:00,1.378850,1.379900,1.376100,1.376500,4,2023-11-10
2023-11-09 21:00:00,1.376250,1.380250,1.374650,1.378200,4,2023-11-10
2023-11-10 01:00:00,1.378300,1.381700,1.378300,1.380450,4,2023-11-10
2023-11-10 05:00:00,1.380500,1.381500,1.379900,1.380100,4,2023-11-10
2023-11-10 09:00:00,1.380000,1.380400,1.379100,1.380000,4,2023-11-10
2023-11-10 13:00:00,1.380000,1.381750,1.379150,1.381000,4,2023-11-10
2023-11-13 01:00:00,1.379850,1.380250,1.378750,1.379900,3,2023-11-13
2023-11-13 05:00:00,1.379800,1.381600,1.379200,1.381450,4,2023-11-13
2023-11-13 09:00:00,1.381500,1.382000,1.380700,1.380850,4,2023-11-13
2023-11-13 13:00:00,1.380900,1.381400,1.379500,1.380150,4,2023-11-13
2023-11-13 17:00:00,1.380100,1.383200,1.380100,1.381900,4,2023-11-14
2023-11-13 21:00:00,1.382000,1.382200,1.377700,1.379150,4,2023-11-14
2023-11-14 01:00:00,1.379200,1.380900,1.379000,1.379800,4,2023-11-14
2023-11-14 05:00:00,1.379900,1.380800,1.379900,1.380800,4,2023-11-14
2023-11-14 09:00:00,1.380750,1.382300,1.380750,1.381550,4,2023-11-14
2023-11-14 13:00:00,1.381600,1.382950,1.380800,1.382300,4,2023-11-14
2023-11-14 17:00:00,1.382400,1.384350,1.373400,1.373900,4,2023-11-15
2023-11-14 21:00:00,1.373900,1.374500,1.370300,1.370500,4,2023-11-15
2023-11-15 01:00:00,1.370400,1.371500,1.368500,1.369500,4,2023-11-15
2023-11-15 05:00:00,1.369500,1.371000,1.368700,1.368800,4,2023-11-15
2023-11-15 09:00:00,1.368750,1.369100,1.368050,1.368400,4,2023-11-15
2023-11-15 13:00:00,1.368450,1.370450,1.367700,1.369000,4,2023-11-15
2023-11-15 17:00:00,1.369150,1.369850,1.366000,1.369300,4,2023-11-16
2023-11-15 21:00:00,1.368800,1.369100,1.365400,1.368100,4,2023-11-16
2023-11-16 01:00:00,1.368000,1.368900,1.367700,1.368000,4,2023-11-16
2023-11-16 05:00:00,1.368100,1.371300,1.367750,1.370750,4,2023-11-16
2023-11-16 09:00:00,1.370800,1.371000,1.369100,1.369100,4,2023-11-16
2023-11-16 13:00:00,1.369100,1.370650,1.368600,1.370250,4,2023-11-16
2023-11-16 17:00:00,1.370200,1.374750,1.369900,1.374200,4,2023-11-17
2023-11-16 21:00:00,1.374250,1.377700,1.373500,1.375850,4,2023-11-17
2023-11-17 01:00:00,1.375900,1.376950,1.375000,1.375600,4,2023-11-17
2023-11-17 05:00:00,1.375300,1.375800,1.374750,1.374900,4,2023-11-17
2023-11-17 09:00:00,1.374800,1.375800,1.374800,1.375350,4,2023-11-17
2023-11-17 13:00:00,1.375400,1.377150,1.371900,1.372400,4,2023-11-17
2023-11-20 01:00:00,1.371350,1.372000,1.371350,1.371500,2,2023-11-20
2023-11-20 05:00:00,1.371400,1.372800,1.370000,1.370100,4,2023-11-20
2023-11-20 09:00:00,1.370000,1.370750,1.369000,1.370700,4,2023-11-20
2023-11-20 13:00:00,1.370700,1.371850,1.369700,1.370900,4,2023-11-20
2023-11-20 17:00:00,1.371000,1.374700,1.370700,1.373900,4,2023-11-21
2023-11-20 21:00:00,1.373900,1.374950,1.371200,1.372200,4,2023-11-21
2023-11-21 01:00:00,1.372350,1.373200,1.371900,1.372450,4,2023-11-21
2023-11-21 05:00:00,1.372400,1.373000,1.370750,1.371000,4,2023-11-21
2023-11-21 09:00:00,1.371000,1.372800,1.370500,1.372650,4,2023-11-21
2023-11-21 13:00:00,1.372600,1.373200,1.369950,1.370600,4,2023-11-21
2023-11-21 17:00:00,1.370600,1.372500,1.369100,1.369650,4,2023-11-22
2023-11-21 21:00:00,1.369550,1.370400,1.368100,1.369800,4,2023-11-22
2023-11-22 01:00:00,1.369700,1.370600,1.369300,1.370150,4,2023-11-22
2023-11-22 05:00:00,1.370100,1.370700,1.369100,1.370300,4,2023-11-22
2023-11-22 09:00:00,1.370200,1.372600,1.369800,1.372400,4,2023-11-22
2023-11-22 13:00:00,1.372250,1.372950,1.370500,1.370500,4,2023-11-22
2023-11-22 17:00:00,1.370600,1.375450,1.369900,1.374900,4,2023-11-23
2023-11-22 21:00:00,1.374700,1.376550,1.369350,1.370400,4,2023-11-23
2023-11-23 01:00:00,1.370300,1.371300,1.368600,1.369050,4,2023-11-23
2023-11-23 05:00:00,1.368900,1.369400,1.368100,1.368250,4,2023-11-23
2023-11-23 09:00:00,1.368200,1.368800,1.365800,1.366250,4,2023-11-23
2023-11-23 13:00:00,1.366200,1.369050,1.365100,1.368450,4,2023-11-23
2023-11-23 17:00:00,1.368400,1.371150,1.367600,1.370500,4,2023-11-24
2023-11-23 21:00:00,1.370600,1.370800,1.369100,1.369800,4,2023-11-24
2023-11-24 01:00:00,1.369800,1.370000,1.369000,1.369600,4,2023-11-24
2023-11-24 05:00:00,1.369700,1.370900,1.369200,1.370800,4,2023-11-24
2023-11-24 09:00:00,1.370800,1.371200,1.369650,1.370100,4,2023-11-24
2023-11-24 13:00:00,1.370150,1.370700,1.368100,1.368800,4,2023-11-24
2023-11-27 01:00:00,1.363700,1.364050,1.363000,1.363700,3,2023-11-27
2023-11-27 05:00:00,1.363200,1.365200,1.362400,1.364900,4,2023-11-27
2023-11-27 09:00:00,1.364800,1.366200,1.364300,1.364550,4,2023-11-27
2023-11-27 13:00:00,1.364400,1.365950,1.362250,1.363900,4,2023-11-27
2023-11-27 17:00:00,1.363800,1.365050,1.362250,1.364800,4,2023-11-28
2023-11-27 21:00:00,1.364600,1.365450,1.362500,1.362700,4,2023-11-28
2023-11-28 01:00:00,1.362750,1.362800,1.361350,1.361900,4,2023-11-28
2023-11-28 05:00:00,1.361500,1.361700,1.359900,1.360400,4,2023-11-28
2023-11-28 09:00:00,1.360450,1.360900,1.359350,1.359600,4,2023-11-28
2023-11-28 13:00:00,1.359650,1.360850,1.357500,1.358450,4,2023-11-28
2023-11-28 17:00:00,1.358450,1.361400,1.357400,1.359050,4,2023-11-29
2023-11-28 21:00:00,1.359100,1.360700,1.356000,1.357700,4,2023-11-29
2023-11-29 01:00:00,1.357800,1.358150,1.356100,1.357250,4,2023-11-29
2023-11-29 05:00:00,1.357300,1.357300,1.354100,1.354350,4,2023-11-29
2023-11-29 09:00:00,1.354350,1.355600,1.354300,1.354650,4,2023-11-29
2023-11-29 13:00:00,1.354800,1.359450,1.354800,1.358700,4,2023-11-29
2023-11-29 17:00:00,1.358750,1.360400,1.356600,1.358750,4,2023-11-30
2023-11-29 21:00:00,1.358600,1.361500,1.356650,1.357900,4,2023-11-30
2023-11-30 01:00:00,1.358000,1.360000,1.357150,1.358800,4,2023-11-30
2023-11-30 05:00:00,1.358900,1.359450,1.357750,1.357800,4,2023-11-30
2023-11-30 09:00:00,1.357850,1.358300,1.356700,1.357400,4,2023-11-30
2023-11-30 13:00:00,1.357500,1.361650,1.357350,1.360700,4,2023-11-30
2023-11-30 17:00:00,1.360750,1.362700,1.358850,1.358900,4,2023-12-01
2023-11-30 21:00:00,1.358800,1.359000,1.355250,1.357500,4,2023-12-01
2023-12-01 01:00:00,1.357500,1.357650,1.355400,1.356200,4,2023-12-01
2023-12-01 05:00:00,1.356100,1.356150,1.353500,1.354250,4,2023-12-01
2023-12-01 09:00:00,1.354250,1.355100,1.353700,1.354450,4,2023-12-01
2023-12-01 13:00:00,1.354500,1.355050,1.351800,1.352700,4,2023-12-01
2023-12-04 01:00:00,1.350150,1.350500,1.349400,1.349950,2,2023-12-04
2023-12-04 05:00:00,1.349500,1.351400,1.348000,1.350900,4,2023-12-04
2023-12-04 09:00:00,1.350900,1.352700,1.350700,1.352500,4,2023-12-04
2023-12-04 13:00:00,1.352500,1.354900,1.351750,1.354500,4,2023-12-04
2023-12-04 17:00:00,1.354500,1.356250,1.352500,1.353300,4,2023-12-05
2023-12-04 21:00:00,1.353200,1.355500,1.351800,1.355100,4,2023-12-05
2023-12-05 01:00:00,1.355100,1.355300,1.353100,1.353550,4,2023-12-05
2023-12-05 05:00:00,1.353700,1.356100,1.353650,1.356050,4,2023-12-05
2023-12-05 09:00:00,1.356000,1.356650,1.355300,1.355850,4,2023-12-05
2023-12-05 13:00:00,1.355800,1.356950,1.354950,1.356300,4,2023-12-05
2023-12-05 17:00:00,1.356300,1.359250,1.355450,1.358700,4,2023-12-06
2023-12-05 21:00:00,1.358300,1.358500,1.355600,1.357800,4,2023-12-06
2023-12-06 01:00:00,1.357850,1.359500,1.357550,1.359000,4,2023-12-06
2023-12-06 05:00:00,1.359000,1.359500,1.356800,1.357400,4,2023-12-06
2023-12-06 09:00:00,1.357450,1.358100,1.356950,1.357700,4,2023-12-06
2023-12-06 13:00:00,1.357700,1.358950,1.355850,1.357900,4,2023-12-06
2023-12-06 17:00:00,1.358100,1.358450,1.354900,1.357050,4,2023-12-07
2023-12-06 21:00:00,1.356900,1.358950,1.355200,1.357200,4,2023-12-07
2023-12-07 01:00:00,1.357200,1.359700,1.356600,1.359500,4,2023-12-07
2023-12-07 05:00:00,1.359400,1.360100,1.358900,1.359900,4,2023-12-07
2023-12-07 09:00:00,1.359800,1.360850,1.359600,1.360000,4,2023-12-07
2023-12-07 13:00:00,1.360000,1.360150,1.358350,1.358900,4,2023-12-07
2023-12-07 17:00:00,1.358900,1.361300,1.358450,1.361100,4,2023-12-08
2023-12-07 21:00:00,1.361200,1.361900,1.358500,1.359050,4,2023-12-08
2023-12-08 01:00:00,1.359200,1.360450,1.358350,1.359950,4,2023-12-08
2023-12-08 05:00:00,1.359900,1.360150,1.357400,1.357750,4,2023-12-08
2023-12-08 09:00:00,1.357800,1.358200,1.357100,1.357850,4,2023-12-08
2023-12-08 13:00:00,1.357850,1.359350,1.357200,1.357450,4,2023-12-08
2023-12-11 01:00:00,1.358250,1.358900,1.357950,1.358450,3,2023-12-11
2023-12-11 05:00:00,1.358500,1.360050,1.357900,1.359800,4,2023-12-11
2023-12-11 09:00:00,1.359750,1.360450,1.359000,1.359100,4,2023-12-11
2023-12-11 13:00:00,1.359100,1.359900,1.358100,1.359500,4,2023-12-11
2023-12-11 17:00:00,1.359500,1.359950,1.356000,1.356400,4,2023-12-12
2023-12-11 21:00:00,1.356500,1.358950,1.355000,1.356550,4,2023-12-12
2023-12-12 01:00:00,1.356400,1.357800,1.356300,1.357750,4,2023-12-12
2023-12-12 05:00:00,1.357700,1.358000,1.356200,1.356650,4,2023-12-12
2023-12-12 09:00:00,1.356650,1.356650,1.354900,1.354900,4,2023-12-12
2023-12-12 13:00:00,1.355200,1.357300,1.354900,1.356800,4,2023-12-12
2023-12-12 17:00:00,1.356900,1.361500,1.354500,1.361100,4,2023-12-13
2023-12-12 21:00:00,1.361100,1.361900,1.359600,1.360200,4,2023-12-13
2023-12-13 01:00:00,1.360200,1.360600,1.358800,1.359100,4,2023-12-13
2023-12-13 05:00:00,1.359100,1.359700,1.358500,1.359700,4,2023-12-13
2023-12-13 09:00:00,1.359600,1.360300,1.359050,1.359650,4,2023-12-13
2023-12-13 13:00:00,1.359800,1.360900,1.358700,1.359350,4,2023-12-13
2023-12-13 17:00:00,1.359350,1.359400,1.355050,1.357100,4,2023-12-14
2023-12-13 21:00:00,1.357150,1.359200,1.356500,1.358600,4,2023-12-14
2023-12-14 01:00:00,1.358600,1.358600,1.349500,1.351250,4,2023-12-14
2023-12-14 05:00:00,1.351200,1.351500,1.346300,1.346300,4,2023-12-14
2023-12-14 09:00:00,1.346300,1.347700,1.345600,1.347300,4,2023-12-14
2023-12-14 13:00:00,1.347400,1.348200,1.344950,1.345350,4,2023-12-14
2023-12-14 17:00:00,1.345300,1.345800,1.341950,1.342500,4,2023-12-15
2023-12-14 21:00:00,1.342450,1.343500,1.339300,1.341850,4,2023-12-15
2023-12-15 01:00:00,1.341850,1.341900,1.340300,1.340800,4,2023-12-15
2023-12-15 05:00:00,1.340900,1.341500,1.339000,1.339100,4,2023-12-15
2023-12-15 09:00:00,1.339100,1.340050,1.338700,1.339050,4,2023-12-15
2023-12-15 13:00:00,1.339050,1.339400,1.337250,1.338000,4,2023-12-15
2023-12-18 01:00:00,1.337400,1.337600,1.337100,1.337350,1,2023-12-18
2023-12-18 05:00:00,1.337300,1.338900,1.337100,1.338300,4,2023-12-18
2023-12-18 09:00:00,1.338300,1.338350,1.336850,1.337400,4,2023-12-18
2023-12-18 13:00:00,1.337500,1.338400,1.336600,1.338200,4,2023-12-18
2023-12-18 17:00:00,1.338100,1.338450,1.334950,1.337500,4,2023-12-19
2023-12-18 21:00:00,1.337400,1.340950,1.337000,1.339500,4,2023-12-19
2023-12-19 01:00:00,1.339450,1.340300,1.339200,1.339750,4,2023-12-19
2023-12-19 05:00:00,1.339800,1.340050,1.338850,1.339300,4,2023-12-19
2023-12-19 09:00:00,1.339400,1.339950,1.338800,1.339700,4,2023-12-19
2023-12-19 13:00:00,1.339700,1.340050,1.338050,1.338800,4,2023-12-19
2023-12-19 17:00:00,1.338700,1.339100,1.333400,1.333500,4,2023-12-20
2023-12-19 21:00:00,1.333600,1.335100,1.333300,1.333450,4,2023-12-20
2023-12-20 01:00:00,1.333550,1.334500,1.333300,1.333450,4,2023-12-20
2023-12-20 05:00:00,1.333400,1.334900,1.333400,1.334450,4,2023-12-20
2023-12-20 09:00:00,1.334500,1.335350,1.334100,1.334700,4,2023-12-20
2023-12-20 13:00:00,1.334900,1.335300,1.332450,1.333700,4,2023-12-20
2023-12-20 17:00:00,1.333700,1.335150,1.332800,1.332950,4,2023-12-21
2023-12-20 21:00:00,1.332900,1.333500,1.331200,1.331800,4,2023-12-21
2023-12-21 01:00:00,1.331950,1.337200,1.331300,1.336500,4,2023-12-21
2023-12-21 05:00:00,1.336500,1.336500,1.335050,1.335450,4,2023-12-21
2023-12-21 09:00:00,1.335400,1.336050,1.334900,1.335800,4,2023-12-21
2023-12-21 13:00:00,1.335900,1.336000,1.333900,1.335300,4,2023-12-21
2023-12-21 17:00:00,1.335300,1.335600,1.331600,1.332000,4,2023-12-22
2023-12-21 21:00:00,1.331900,1.333300,1.329200,1.330350,4,2023-12-22
2023-12-22 01:00:00,1.330250,1.330250,1.327600,1.328150,4,2023-12-22
2023-12-22 05:00:00,1.328300,1.328500,1.327650,1.328250,4,2023-12-22
2023-12-22 09:00:00,1.328250,1.329350,1.327900,1.328650,4,2023-12-22
2023-12-22 13:00:00,1.328700,1.328800,1.326900,1.327450,4,2023-12-22
2023-12-25 17:00:00,1.325600,1.325600,1.325600,1.325600,1,2023-12-26
2023-12-25 21:00:00,1.325700,1.325700,1.325400,1.325450,3,2023-12-26
2023-12-26 01:00:00,1.325450,1.325800,1.325050,1.325500,4,2023-12-26
2023-12-26 05:00:00,1.325600,1.326200,1.325150,1.325500,4,2023-12-26
2023-12-26 09:00:00,1.325500,1.325550,1.324500,1.324750,4,2023-12-26
2023-12-26 13:00:00,1.324800,1.326300,1.324550,1.324800,4,2023-12-26
2023-12-26 17:00:00,1.324850,1.325450,1.320200,1.320900,4,2023-12-27
2023-12-26 21:00:00,1.320900,1.321600,1.320200,1.321200,4,2023-12-27
2023-12-27 01:00:00,1.321150,1.321200,1.319500,1.319900,4,2023-12-27
2023-12-27 05:00:00,1.319700,1.321050,1.319250,1.319600,4,2023-12-27
2023-12-27 09:00:00,1.319550,1.319900,1.318500,1.318650,4,2023-12-27
2023-12-27 13:00:00,1.318700,1.320900,1.318600,1.319700,4,2023-12-27
2023-12-27 17:00:00,1.319700,1.320850,1.317700,1.319550,4,2023-12-28
2023-12-27 21:00:00,1.319700,1.321500,1.319100,1.321250,4,2023-12-28
2023-12-28 01:00:00,1.321400,1.321950,1.320200,1.320500,4,2023-12-28
2023-12-28 05:00:00,1.320600,1.320700,1.319300,1.319950,4,2023-12-28
2023-12-28 09:00:00,1.319950,1.320650,1.319450,1.319600,4,2023-12-28
2023-12-28 13:00:00,1.319550,1.322300,1.318900,1.321200,4,2023-12-28
2023-12-28 17:00:00,1.321200,1.323300,1.318900,1.319150,4,2023-12-29
2023-12-28 21:00:00,1.319150,1.322900,1.318300,1.322650,4,2023-12-29
2023-12-29 01:00:00,1.322750,1.323600,1.322300,1.323100,4,2023-12-29
2023-12-29 05:00:00,1.323200,1.323350,1.322300,1.322450,4,2023-12-29
2023-12-29 09:00:00,1.322500,1.323300,1.322250,1.323100,4,2023-12-29
2023-12-29 13:00:00,1.323200,1.326450,1.323000,1.325400,4,2023-12-29
2024-01-01 21:00:00,1.325000,1.325250,1.323400,1.323900,2,2024-01-02
2024-01-02 01:00:00,1.324000,1.325750,1.323700,1.324450,4,2024-01-02
2024-01-02 05:00:00,1.324500,1.325500,1.322900,1.325450,4,2024-01-02
2024-01-02 09:00:00,1.325400,1.325800,1.323600,1.325450,4,2024-01-02
2024-01-02 13:00:00,1.325450,1.326350,1.322900,1.325100,4,2024-01-02
2024-01-02 17:00:00,1.325000,1.332900,1.324850,1.331750,4,2024-01-03
2024-01-02 21:00:00,1.331700,1.332800,1.330100,1.332600,4,2024-01-03
2024-01-03 01:00:00,1.332650,1.333400,1.331900,1.332250,4,2024-01-03
2024-01-03 05:00:00,1.332300,1.333250,1.331800,1.332750,4,2024-01-03
2024-01-03 09:00:00,1.332850,1.333100,1.332150,1.332500,4,2024-01-03
2024-01-03 13:00:00,1.332600,1.333650,1.332300,1.333400,4,2024-01-03
2024-01-03 17:00:00,1.333400,1.336500,1.333100,1.335250,4,2024-01-04
2024-01-03 21:00:00,1.335200,1.336800,1.333800,1.336100,4,2024-01-04
2024-01-04 01:00:00,1.336100,1.337200,1.334800,1.335300,4,2024-01-04
2024-01-04 05:00:00,1.335300,1.335550,1.334400,1.335100,4,2024-01-04
2024-01-04 09:00:00,1.335150,1.335200,1.332300,1.332500,4,2024-01-04
2024-01-04 13:00:00,1.332600,1.333100,1.331700,1.332200,4,2024-01-04
2024-01-04 17:00:00,1.332300,1.336650,1.332100,1.335600,4,2024-01-05
2024-01-04 21:00:00,1.335700,1.336300,1.334200,1.335800,4,2024-01-05
2024-01-05 01:00:00,1.335800,1.336200,1.334600,1.335200,4,2024-01-05
2024-01-05 05:00:00,1.335200,1.336000,1.334600,1.335500,4,2024-01-05
2024-01-05 09:00:00,1.335600,1.337250,1.335300,1.336650,4,2024-01-05
2024-01-05 13:00:00,1.336650,1.338000,1.335500,1.337200,4,2024-01-05
2024-01-08 01:00:00,1.334700,1.336500,1.334700,1.336050,2,2024-01-08
2024-01-08 05:00:00,1.336300,1.336650,1.334500,1.336400,4,2024-01-08
2024-01-08 09:00:00,1.336300,1.337950,1.336100,1.336600,4,2024-01-08
2024-01-08 13:00:00,1.336700,1.339550,1.335900,1.338400,4,2024-01-08
2024-01-08 17:00:00,1.338350,1.340500,1.337650,1.338850,4,2024-01-09
2024-01-08 21:00:00,1.338900,1.339400,1.335900,1.336550,4,2024-01-09
2024-01-09 01:00:00,1.336550,1.336700,1.334600,1.335050,4,2024-01-09
2024-01-09 05:00:00,1.335100,1.335400,1.334100,1.334650,4,2024-01-09
2024-01-09 09:00:00,1.334650,1.336550,1.334350,1.336300,4,2024-01-09
2024-01-09 13:00:00,1.336250,1.337000,1.334950,1.336700,4,2024-01-09
2024-01-09 17:00:00,1.336800,1.340250,1.335300,1.339500,4,2024-01-10
2024-01-09 21:00:00,1.339400,1.341550,1.338400,1.339300,4,2024-01-10
2024-01-10 01:00:00,1.339400,1.340400,1.338800,1.339100,4,2024-01-10
2024-01-10 05:00:00,1.339200,1.339400,1.337700,1.338150,4,2024-01-10
2024-01-10 09:00:00,1.338200,1.339550,1.337750,1.339400,4,2024-01-10
2024-01-10 13:00:00,1.339400,1.339550,1.336600,1.337200,4,2024-01-10
2024-01-10 17:00:00,1.337200,1.339050,1.336700,1.338300,4,2024-01-11
2024-01-10 21:00:00,1.338200,1.339100,1.337250,1.338000,4,2024-01-11
2024-01-11 01:00:00,1.338050,1.338500,1.337300,1.338100,4,2024-01-11
2024-01-11 05:00:00,1.338200,1.338200,1.335700,1.336500,4,2024-01-11
2024-01-11 09:00:00,1.336600,1.336650,1.335550,1.336050,4,2024-01-11
2024-01-11 13:00:00,1.336000,1.337750,1.335700,1.337400,4,2024-01-11
2024-01-11 17:00:00,1.337300,1.341350,1.335100,1.339650,4,2024-01-12
2024-01-11 21:00:00,1.339700,1.344300,1.339700,1.340800,4,2024-01-12
2024-01-12 01:00:00,1.340800,1.341300,1.339000,1.339300,4,2024-01-12
2024-01-12 05:00:00,1.339400,1.339600,1.337100,1.337350,4,2024-01-12
2024-01-12 09:00:00,1.337400,1.338650,1.337200,1.337500,4,2024-01-12
2024-01-12 13:00:00,1.337400,1.338450,1.334800,1.336050,4,2024-01-12
2024-01-15 01:00:00,1.340850,1.341100,1.339850,1.340200,1,2024-01-15
2024-01-15 05:00:00,1.340500,1.341500,1.338200,1.338500,4,2024-01-15
2024-01-15 09:00:00,1.338400,1.340100,1.338300,1.339450,4,2024-01-15
2024-01-15 13:00:00,1.339500,1.342550,1.339000,1.341750,4,2024-01-15
2024-01-15 17:00:00,1.341800,1.344050,1.340950,1.343500,4,2024-01-16
2024-01-15 21:00:00,1.343400,1.344850,1.343100,1.343550,4,2024-01-16
2024-01-16 01:00:00,1.343600,1.343900,1.342300,1.342500,4,2024-01-16
2024-01-16 05:00:00,1.342600,1.347000,1.342600,1.346800,4,2024-01-16
2024-01-16 09:00:00,1.346850,1.348000,1.346700,1.347300,4,2024-01-16
2024-01-16 13:00:00,1.347300,1.350050,1.347300,1.349650,4,2024-01-16
2024-01-16 17:00:00,1.349600,1.350050,1.344500,1.348950,4,2024-01-17
2024-01-16 21:00:00,1.348900,1.350000,1.345700,1.349900,4,2024-01-17
2024-01-17 01:00:00,1.349900,1.350200,1.348900,1.349350,4,2024-01-17
2024-01-17 05:00:00,1.349400,1.349600,1.348000,1.348800,4,2024-01-17
2024-01-17 09:00:00,1.348800,1.352000,1.348700,1.351150,4,2024-01-17
2024-01-17 13:00:00,1.351300,1.353100,1.350600,1.351900,4,2024-01-17
2024-01-17 17:00:00,1.351800,1.354200,1.351050,1.353200,4,2024-01-18
2024-01-17 21:00:00,1.353200,1.353600,1.350450,1.352400,4,2024-01-18
2024-01-18 01:00:00,1.352500,1.352700,1.349600,1.350550,4,2024-01-18
2024-01-18 05:00:00,1.350600,1.350900,1.348350,1.349900,4,2024-01-18
2024-01-18 09:00:00,1.349850,1.349950,1.347950,1.348400,4,2024-01-18
2024-01-18 13:00:00,1.348400,1.350400,1.348300,1.349050,4,2024-01-18
2024-01-18 17:00:00,1.349100,1.352600,1.348250,1.349850,4,2024-01-19
2024-01-18 21:00:00,1.349900,1.351800,1.348850,1.350400,4,2024-01-19
2024-01-19 01:00:00,1.350300,1.350750,1.348500,1.348800,4,2024-01-19
2024-01-19 05:00:00,1.348800,1.349300,1.348200,1.348400,4,2024-01-19
2024-01-19 09:00:00,1.348450,1.350200,1.348200,1.349500,4,2024-01-19
2024-01-19 13:00:00,1.349600,1.349600,1.346300,1.347300,4,2024-01-19
2024-01-22 01:00:00,1.343800,1.344700,1.342750,1.343650,1,2024-01-22
2024-01-22 05:00:00,1.343400,1.343900,1.342100,1.342850,4,2024-01-22
2024-01-22 09:00:00,1.342900,1.344300,1.342850,1.343850,4,2024-01-22
2024-01-22 13:00:00,1.343900,1.344500,1.342100,1.342350,4,2024-01-22
2024-01-22 17:00:00,1.342300,1.344850,1.341450,1.343050,4,2024-01-23
2024-01-22 21:00:00,1.343000,1.346850,1.342600,1.346500,4,2024-01-23
2024-01-23 01:00:00,1.346600,1.348300,1.346400,1.347650,4,2024-01-23
2024-01-23 05:00:00,1.347900,1.348650,1.346950,1.347700,4,2024-01-23
2024-01-23 09:00:00,1.347600,1.347800,1.345500,1.345550,4,2024-01-23
2024-01-23 13:00:00,1.345600,1.348300,1.345300,1.347650,4,2024-01-23
2024-01-23 17:00:00,1.347650,1.348850,1.346450,1.348200,4,2024-01-24
2024-01-23 21:00:00,1.348200,1.349250,1.346700,1.348200,4,2024-01-24
2024-01-24 01:00:00,1.348250,1.348250,1.345800,1.346200,4,2024-01-24
2024-01-24 05:00:00,1.346200,1.347600,1.345600,1.347450,4,2024-01-24
2024-01-24 09:00:00,1.347500,1.347950,1.346000,1.346100,4,2024-01-24
2024-01-24 13:00:00,1.346200,1.346500,1.343800,1.344750,4,2024-01-24
2024-01-24 17:00:00,1.344700,1.347650,1.343000,1.347650,4,2024-01-25
2024-01-24 21:00:00,1.347550,1.351050,1.347200,1.350800,4,2024-01-25
2024-01-25 01:00:00,1.350850,1.352900,1.350850,1.352300,4,2024-01-25
2024-01-25 05:00:00,1.352300,1.353500,1.351850,1.352100,4,2024-01-25
2024-01-25 09:00:00,1.352100,1.352500,1.351500,1.351600,4,2024-01-25
2024-01-25 13:00:00,1.351600,1.353050,1.350100,1.350500,4,2024-01-25
2024-01-25 17:00:00,1.350600,1.352000,1.348600,1.349750,4,2024-01-26
2024-01-25 21:00:00,1.349600,1.350900,1.348700,1.349950,4,2024-01-26
2024-01-26 01:00:00,1.350000,1.350500,1.346800,1.347850,4,2024-01-26
2024-01-26 05:00:00,1.347600,1.348250,1.346600,1.346950,4,2024-01-26
2024-01-26 09:00:00,1.346900,1.347500,1.346300,1.347400,4,2024-01-26
2024-01-26 13:00:00,1.347400,1.348350,1.344800,1.344800,4,2024-01-26
2024-01-29 01:00:00,1.345650,1.346300,1.345100,1.345550,2,2024-01-29
2024-01-29 05:00:00,1.345400,1.345950,1.344500,1.345250,4,2024-01-29
2024-01-29 09:00:00,1.345200,1.345650,1.344200,1.344700,4,2024-01-29
2024-01-29 13:00:00,1.344600,1.344700,1.343000,1.343700,4,2024-01-29
2024-01-29 17:00:00,1.343700,1.346250,1.342550,1.344800,4,2024-01-30
2024-01-29 21:00:00,1.344900,1.346500,1.343500,1.344100,4,2024-01-30
2024-01-30 01:00:00,1.344100,1.344300,1.341000,1.341400,4,2024-01-30
2024-01-30 05:00:00,1.341200,1.341300,1.340200,1.340550,4,2024-01-30
2024-01-30 09:00:00,1.340500,1.341200,1.340150,1.341050,4,2024-01-30
2024-01-30 13:00:00,1.341100,1.341550,1.339900,1.340400,4,2024-01-30
2024-01-30 17:00:00,1.340300,1.343900,1.340300,1.341450,4,2024-01-31
2024-01-30 21:00:00,1.341400,1.344700,1.340400,1.340400,4,2024-01-31
2024-01-31 01:00:00,1.340400,1.340700,1.339600,1.340200,4,2024-01-31
2024-01-31 05:00:00,1.340100,1.342400,1.339700,1.341850,4,2024-01-31
2024-01-31 09:00:00,1.341900,1.342350,1.341550,1.341750,4,2024-01-31
2024-01-31 13:00:00,1.341900,1.343250,1.341000,1.343000,4,2024-01-31
2024-01-31 17:00:00,1.343000,1.343800,1.337800,1.338400,4,2024-02-01
2024-01-31 21:00:00,1.338350,1.339900,1.335900,1.338600,4,2024-02-01
2024-02-01 01:00:00,1.338400,1.344600,1.337200,1.343700,4,2024-02-01
2024-02-01 05:00:00,1.343700,1.344050,1.342000,1.342300,4,2024-02-01
2024-02-01 09:00:00,1.342500,1.345500,1.342200,1.345350,4,2024-02-01
2024-02-01 13:00:00,1.345400,1.346450,1.344500,1.345800,4,2024-02-01
2024-02-01 17:00:00,1.345800,1.346300,1.341800,1.342100,4,2024-02-02
2024-02-01 21:00:00,1.342000,1.343800,1.336750,1.337750,4,2024-02-02
2024-02-02 01:00:00,1.337800,1.339300,1.337050,1.338300,4,2024-02-02
2024-02-02 05:00:00,1.338200,1.338600,1.337100,1.337150,4,2024-02-02
2024-02-02 09:00:00,1.337100,1.338000,1.337000,1.337750,4,2024-02-02
2024-02-02 13:00:00,1.337700,1.338200,1.336500,1.337250,4,2024-02-02
2024-02-05 01:00:00,1.345450,1.346900,1.345350,1.346550,3,2024-02-05
2024-02-05 05:00:00,1.346800,1.348950,1.346600,1.347750,4,2024-02-05
2024-02-05 09:00:00,1.347750,1.348000,1.346700,1.347300,4,2024-02-05
2024-02-05 13:00:00,1.347200,1.349300,1.346800,1.348850,4,2024-02-05
2024-02-05 17:00:00,1.348900,1.351750,1.348200,1.351200,4,2024-02-06
2024-02-05 21:00:00,1.352500,1.354450,1.352100,1.352950,4,2024-02-06
2024-02-06 01:00:00,1.352900,1.354400,1.352700,1.353900,4,2024-02-06
2024-02-06 05:00:00,1.354000,1.354450,1.351950,1.352450,4,2024-02-06
2024-02-06 09:00:00,1.352400,1.352450,1.350700,1.350800,4,2024-02-06
2024-02-06 13:00:00,1.350900,1.354200,1.350600,1.353800,4,2024-02-06
2024-02-06 17:00:00,1.354050,1.354300,1.351600,1.352450,4,2024-02-07
2024-02-06 21:00:00,1.352500,1.353150,1.347650,1.347850,4,2024-02-07
2024-02-07 01:00:00,1.347950,1.349550,1.347700,1.349050,4,2024-02-07
2024-02-07 05:00:00,1.349100,1.349300,1.347500,1.347900,4,2024-02-07
2024-02-07 09:00:00,1.347900,1.349050,1.347400,1.348750,4,2024-02-07
2024-02-07 13:00:00,1.348750,1.348950,1.347000,1.348400,4,2024-02-07
2024-02-07 17:00:00,1.348300,1.348550,1.345550,1.347300,4,2024-02-08
2024-02-07 21:00:00,1.347300,1.348150,1.346050,1.347600,4,2024-02-08
2024-02-08 01:00:00,1.347600,1.347700,1.346000,1.346300,4,2024-02-08
2024-02-08 05:00:00,1.346300,1.346600,1.344900,1.345100,4,2024-02-08
2024-02-08 09:00:00,1.345100,1.346000,1.344950,1.345400,4,2024-02-08
2024-02-08 13:00:00,1.345400,1.347200,1.344800,1.346950,4,2024-02-08
2024-02-08 17:00:00,1.347000,1.349300,1.346800,1.347250,4,2024-02-09
2024-02-08 21:00:00,1.347100,1.347550,1.345500,1.345800,4,2024-02-09
2024-02-09 01:00:00,1.345800,1.346500,1.345250,1.346150,4,2024-02-09
2024-02-09 05:00:00,1.346000,1.346350,1.345800,1.346100,4,2024-02-09
2024-02-09 09:00:00,1.346000,1.346650,1.345650,1.346150,4,2024-02-09
2024-02-09 13:00:00,1.346050,1.346450,1.345000,1.345850,4,2024-02-09
2024-02-12 01:00:00,1.345750,1.346600,1.345750,1.346000,2,2024-02-12
2024-02-12 05:00:00,1.346100,1.346650,1.345300,1.346050,4,2024-02-12
2024-02-12 09:00:00,1.346000,1.346500,1.345900,1.346100,4,2024-02-12
2024-02-12 13:00:00,1.346100,1.347000,1.345100,1.346500,4,2024-02-12
2024-02-12 17:00:00,1.346400,1.347550,1.344800,1.345000,4,2024-02-13
2024-02-12 21:00:00,1.345100,1.346600,1.343000,1.343750,4,2024-02-13
2024-02-13 01:00:00,1.343800,1.345950,1.343600,1.345450,4,2024-02-13
2024-02-13 05:00:00,1.345100,1.346000,1.345100,1.345700,4,2024-02-13
2024-02-13 09:00:00,1.345700,1.346150,1.344900,1.344900,4,2024-02-13
2024-02-13 13:00:00,1.344900,1.346300,1.344500,1.344950,4,2024-02-13
2024-02-13 17:00:00,1.344900,1.356300,1.343900,1.356300,4,2024-02-14
2024-02-13 21:00:00,1.356300,1.358500,1.354500,1.358000,4,2024-02-14
2024-02-14 01:00:00,1.358050,1.358600,1.355950,1.356450,4,2024-02-14
2024-02-14 05:00:00,1.356500,1.357300,1.356300,1.356650,4,2024-02-14
2024-02-14 09:00:00,1.356650,1.356700,1.355150,1.355400,4,2024-02-14
2024-02-14 13:00:00,1.355400,1.356150,1.353300,1.353500,4,2024-02-14
2024-02-14 17:00:00,1.353500,1.356200,1.353100,1.355000,4,2024-02-15
2024-02-14 21:00:00,1.355000,1.356300,1.354050,1.355000,4,2024-02-15
2024-02-15 01:00:00,1.354950,1.355300,1.354000,1.354250,4,2024-02-15
2024-02-15 05:00:00,1.354100,1.355200,1.353750,1.354300,4,2024-02-15
2024-02-15 09:00:00,1.354150,1.354750,1.354000,1.354250,4,2024-02-15
2024-02-15 13:00:00,1.354300,1.354600,1.352900,1.353750,4,2024-02-15
2024-02-15 17:00:00,1.353750,1.354350,1.349200,1.349400,4,2024-02-16
2024-02-15 21:00:00,1.349300,1.351150,1.347600,1.348000,4,2024-02-16
2024-02-16 01:00:00,1.348000,1.348100,1.346350,1.346750,4,2024-02-16
2024-02-16 05:00:00,1.346600,1.348450,1.346100,1.348400,4,2024-02-16
2024-02-16 09:00:00,1.348400,1.348650,1.348000,1.348300,4,2024-02-16
2024-02-16 13:00:00,1.348200,1.348500,1.347600,1.348200,4,2024-02-16
2024-02-19 01:00:00,1.349050,1.349050,1.348000,1.348550,3,2024-02-19
2024-02-19 05:00:00,1.348300,1.348550,1.346850,1.348100,4,2024-02-19
2024-02-19 09:00:00,1.348050,1.348450,1.347200,1.347350,4,2024-02-19
2024-02-19 13:00:00,1.347400,1.348000,1.347100,1.347800,4,2024-02-19
2024-02-19 17:00:00,1.347900,1.348750,1.347200,1.348750,4,2024-02-20
2024-02-19 21:00:00,1.348700,1.349700,1.348700,1.349050,4,2024-02-20
2024-02-20 01:00:00,1.349100,1.349250,1.348700,1.349100,4,2024-02-20
2024-02-20 05:00:00,1.349000,1.351100,1.349000,1.351050,4,2024-02-20
2024-02-20 09:00:00,1.351000,1.351200,1.350200,1.350400,4,2024-02-20
2024-02-20 13:00:00,1.350400,1.351150,1.347600,1.348000,4,2024-02-20
2024-02-20 17:00:00,1.347900,1.352550,1.347200,1.351300,4,2024-02-21
2024-02-20 21:00:00,1.351400,1.353050,1.350850,1.351750,4,2024-02-21
2024-02-21 01:00:00,1.351800,1.352800,1.351700,1.352300,4,2024-02-21
2024-02-21 05:00:00,1.352300,1.352900,1.351200,1.351400,4,2024-02-21
2024-02-21 09:00:00,1.351400,1.351800,1.350500,1.351200,4,2024-02-21
2024-02-21 13:00:00,1.351200,1.353650,1.351000,1.352200,4,2024-02-21
2024-02-21 17:00:00,1.352200,1.353450,1.351200,1.351200,4,2024-02-22
2024-02-21 21:00:00,1.351200,1.352100,1.350200,1.350700,4,2024-02-22
2024-02-22 01:00:00,1.350650,1.351550,1.349500,1.350400,4,2024-02-22
2024-02-22 05:00:00,1.350400,1.350400,1.348300,1.348500,4,2024-02-22
2024-02-22 09:00:00,1.348400,1.348900,1.347000,1.347100,4,2024-02-22
2024-02-22 13:00:00,1.347100,1.347250,1.344100,1.345400,4,2024-02-22
2024-02-22 17:00:00,1.345400,1.350800,1.345300,1.348700,4,2024-02-23
2024-02-22 21:00:00,1.348700,1.350600,1.348700,1.348950,4,2024-02-23
2024-02-23 01:00:00,1.348950,1.349100,1.348000,1.348100,4,2024-02-23
2024-02-23 05:00:00,1.348100,1.349500,1.347850,1.348200,4,2024-02-23
2024-02-23 09:00:00,1.348250,1.348650,1.347750,1.347900,4,2024-02-23
2024-02-23 13:00:00,1.347900,1.350200,1.347200,1.348850,4,2024-02-23
2024-02-26 01:00:00,1.349600,1.350550,1.349550,1.350100,1,2024-02-26
2024-02-26 05:00:00,1.350200,1.352000,1.350200,1.351400,4,2024-02-26
2024-02-26 09:00:00,1.351400,1.351750,1.350700,1.351100,4,2024-02-26
2024-02-26 13:00:00,1.351200,1.352900,1.350800,1.351850,4,2024-02-26
2024-02-26 17:00:00,1.351850,1.352500,1.350000,1.351300,4,2024-02-27
2024-02-26 21:00:00,1.351150,1.352650,1.351100,1.351650,4,2024-02-27
2024-02-27 01:00:00,1.351600,1.351650,1.350000,1.350700,4,2024-02-27
2024-02-27 05:00:00,1.350700,1.351400,1.350000,1.351150,4,2024-02-27
2024-02-27 09:00:00,1.351200,1.351400,1.349800,1.350000,4,2024-02-27
2024-02-27 13:00:00,1.350000,1.350200,1.348900,1.349350,4,2024-02-27
2024-02-27 17:00:00,1.349400,1.352100,1.348500,1.351750,4,2024-02-28
2024-02-27 21:00:00,1.351650,1.353950,1.351200,1.352400,4,2024-02-28
2024-02-28 01:00:00,1.352300,1.353650,1.352300,1.352650,4,2024-02-28
2024-02-28 05:00:00,1.352600,1.354050,1.352600,1.353850,4,2024-02-28
2024-02-28 09:00:00,1.353850,1.355550,1.353700,1.355500,4,2024-02-28
2024-02-28 13:00:00,1.355600,1.358850,1.355100,1.357950,4,2024-02-28
2024-02-28 17:00:00,1.358000,1.360600,1.356300,1.356500,4,2024-02-29
2024-02-28 21:00:00,1.356500,1.358000,1.355900,1.357350,4,2024-02-29
2024-02-29 01:00:00,1.357400,1.358350,1.357100,1.358000,4,2024-02-29
2024-02-29 05:00:00,1.357900,1.358600,1.357150,1.357200,4,2024-02-29
2024-02-29 09:00:00,1.357200,1.357650,1.356950,1.357450,4,2024-02-29
2024-02-29 13:00:00,1.357450,1.359250,1.357100,1.359150,4,2024-02-29
2024-02-29 17:00:00,1.359200,1.359800,1.354900,1.354900,4,2024-03-01
2024-02-29 21:00:00,1.354700,1.358550,1.354150,1.357000,4,2024-03-01
2024-03-01 01:00:00,1.357100,1.358150,1.356800,1.358000,4,2024-03-01
2024-03-01 05:00:00,1.357900,1.358250,1.356200,1.356400,4,2024-03-01
2024-03-01 09:00:00,1.356350,1.357300,1.356150,1.357100,4,2024-03-01
2024-03-01 13:00:00,1.357100,1.359200,1.356500,1.357750,4,2024-03-01
2024-03-04 01:00:00,1.355400,1.355800,1.355350,1.355500,1,2024-03-04
2024-03-04 05:00:00,1.355600,1.356650,1.354600,1.355950,4,2024-03-04
2024-03-04 09:00:00,1.356000,1.356600,1.355750,1.356200,4,2024-03-04
2024-03-04 13:00:00,1.356200,1.357350,1.355600,1.356050,4,2024-03-04
2024-03-04 17:00:00,1.355900,1.358400,1.355800,1.356600,4,2024-03-05
2024-03-04 21:00:00,1.356500,1.357900,1.355700,1.357750,4,2024-03-05
2024-03-05 01:00:00,1.357800,1.358200,1.357250,1.357500,4,2024-03-05
2024-03-05 05:00:00,1.357700,1.358500,1.357100,1.358050,4,2024-03-05
2024-03-05 09:00:00,1.358050,1.359600,1.357700,1.359300,4,2024-03-05
2024-03-05 13:00:00,1.359400,1.360550,1.358000,1.358200,4,2024-03-05
2024-03-05 17:00:00,1.358200,1.359900,1.357250,1.358100,4,2024-03-06
2024-03-05 21:00:00,1.357500,1.359050,1.355600,1.358900,4,2024-03-06
2024-03-06 01:00:00,1.358900,1.360000,1.358200,1.359200,4,2024-03-06
2024-03-06 05:00:00,1.359300,1.360000,1.358150,1.358450,4,2024-03-06
2024-03-06 09:00:00,1.358350,1.358950,1.358000,1.358600,4,2024-03-06
2024-03-06 13:00:00,1.358600,1.359550,1.357950,1.358650,4,2024-03-06
2024-03-06 17:00:00,1.358700,1.359000,1.353050,1.353600,4,2024-03-07
2024-03-06 21:00:00,1.353500,1.354200,1.349900,1.351300,4,2024-03-07
2024-03-07 01:00:00,1.351400,1.352350,1.351050,1.351500,4,2024-03-07
2024-03-07 05:00:00,1.351600,1.352600,1.350850,1.351600,4,2024-03-07
2024-03-07 09:00:00,1.351700,1.351850,1.350400,1.351100,4,2024-03-07
2024-03-07 13:00:00,1.351000,1.351650,1.350000,1.350100,4,2024-03-07
2024-03-07 17:00:00,1.350100,1.350500,1.348200,1.348650,4,2024-03-08
2024-03-07 21:00:00,1.348600,1.349350,1.345800,1.346050,4,2024-03-08
2024-03-08 01:00:00,1.345900,1.346600,1.345450,1.345700,4,2024-03-08
2024-03-08 05:00:00,1.345700,1.346000,1.344700,1.345400,4,2024-03-08
2024-03-08 09:00:00,1.345500,1.345700,1.344500,1.344550,4,2024-03-08
2024-03-08 13:00:00,1.344550,1.345050,1.343200,1.344500,4,2024-03-08
2024-03-11 05:00:00,1.348300,1.349200,1.347400,1.347600,4,2024-03-11
2024-03-11 09:00:00,1.347650,1.348900,1.347650,1.348100,4,2024-03-11
2024-03-11 13:00:00,1.348050,1.349350,1.346950,1.347100,4,2024-03-11
2024-03-11 17:00:00,1.347200,1.350900,1.347200,1.350500,4,2024-03-12
2024-03-11 21:00:00,1.350400,1.351050,1.347800,1.348550,4,2024-03-12
2024-03-12 01:00:00,1.348400,1.349250,1.347900,1.348400,4,2024-03-12
2024-03-12 05:00:00,1.348400,1.348400,1.347500,1.347600,4,2024-03-12
2024-03-12 09:00:00,1.347600,1.348200,1.347200,1.347500,4,2024-03-12
2024-03-12 13:00:00,1.347500,1.348050,1.346950,1.347400,4,2024-03-12
2024-03-12 17:00:00,1.347300,1.352600,1.346700,1.350750,4,2024-03-13
2024-03-12 21:00:00,1.350600,1.351400,1.349100,1.350100,4,2024-03-13
2024-03-13 01:00:00,1.350100,1.350250,1.349000,1.349200,4,2024-03-13
2024-03-13 05:00:00,1.349300,1.349800,1.349000,1.349600,4,2024-03-13
2024-03-13 09:00:00,1.349550,1.349800,1.349050,1.349300,4,2024-03-13
2024-03-13 13:00:00,1.349300,1.349950,1.348500,1.349200,4,2024-03-13
2024-03-13 17:00:00,1.349200,1.349750,1.347500,1.347500,4,2024-03-14
2024-03-13 21:00:00,1.347500,1.347800,1.345900,1.346200,4,2024-03-14
2024-03-14 01:00:00,1.346300,1.347400,1.346100,1.347050,4,2024-03-14
2024-03-14 05:00:00,1.347100,1.347400,1.346250,1.346450,4,2024-03-14
2024-03-14 09:00:00,1.346450,1.348050,1.346450,1.347850,4,2024-03-14
2024-03-14 13:00:00,1.347800,1.348250,1.346400,1.346500,4,2024-03-14
2024-03-14 17:00:00,1.346500,1.349500,1.346000,1.349450,4,2024-03-15
2024-03-14 21:00:00,1.349500,1.353550,1.349300,1.352550,4,2024-03-15
2024-03-15 01:00:00,1.352650,1.354150,1.352500,1.353200,4,2024-03-15
2024-03-15 05:00:00,1.353200,1.354200,1.353050,1.354150,4,2024-03-15
2024-03-15 09:00:00,1.354200,1.354350,1.353400,1.353600,4,2024-03-15
2024-03-15 13:00:00,1.353700,1.355000,1.352850,1.352950,4,2024-03-15
2024-03-18 05:00:00,1.353850,1.355100,1.353700,1.353900,4,2024-03-18
2024-03-18 09:00:00,1.353800,1.354150,1.353400,1.353750,4,2024-03-18
2024-03-18 13:00:00,1.353750,1.353850,1.352050,1.353600,4,2024-03-18
2024-03-18 17:00:00,1.353750,1.354900,1.353100,1.354700,4,2024-03-19
2024-03-18 21:00:00,1.354800,1.355200,1.353750,1.353900,4,2024-03-19
2024-03-19 01:00:00,1.354000,1.354250,1.352900,1.353400,4,2024-03-19
2024-03-19 05:00:00,1.353450,1.355200,1.353300,1.354800,4,2024-03-19
2024-03-19 09:00:00,1.354700,1.356400,1.353500,1.356200,4,2024-03-19
2024-03-19 13:00:00,1.356250,1.358150,1.355900,1.357750,4,2024-03-19
2024-03-19 17:00:00,1.357800,1.361200,1.356550,1.361000,4,2024-03-20
2024-03-19 21:00:00,1.361150,1.361350,1.355300,1.356250,4,2024-03-20
2024-03-20 01:00:00,1.356200,1.357100,1.355900,1.356400,4,2024-03-20
2024-03-20 05:00:00,1.356300,1.358200,1.356300,1.357300,4,2024-03-20
2024-03-20 09:00:00,1.357400,1.358300,1.356900,1.358300,4,2024-03-20
2024-03-20 13:00:00,1.358200,1.360550,1.357300,1.360350,4,2024-03-20
2024-03-20 17:00:00,1.360500,1.360500,1.358400,1.358800,4,2024-03-21
2024-03-20 21:00:00,1.358850,1.358900,1.354900,1.355150,4,2024-03-21
2024-03-21 01:00:00,1.355400,1.355400,1.348200,1.349600,4,2024-03-21
2024-03-21 05:00:00,1.349600,1.349600,1.346400,1.346900,4,2024-03-21
2024-03-21 09:00:00,1.346850,1.347200,1.346200,1.346700,4,2024-03-21
2024-03-21 13:00:00,1.346600,1.350400,1.345600,1.348800,4,2024-03-21
2024-03-21 17:00:00,1.348750,1.352200,1.348200,1.350100,4,2024-03-22
2024-03-21 21:00:00,1.350150,1.354200,1.350100,1.353750,4,2024-03-22
2024-03-22 01:00:00,1.353800,1.353800,1.352550,1.352850,4,2024-03-22
2024-03-22 05:00:00,1.352900,1.354600,1.351900,1.354550,4,2024-03-22
2024-03-22 09:00:00,1.354650,1.356450,1.354300,1.355800,4,2024-03-22
2024-03-22 13:00:00,1.355800,1.357650,1.355500,1.357500,4,2024-03-22
2024-03-25 05:00:00,1.360200,1.361500,1.359300,1.359650,4,2024-03-25
2024-03-25 09:00:00,1.359700,1.360300,1.358550,1.359850,4,2024-03-25
2024-03-25 13:00:00,1.359900,1.360700,1.358700,1.359300,4,2024-03-25
2024-03-25 17:00:00,1.359400,1.359600,1.357500,1.357800,4,2024-03-26
2024-03-25 21:00:00,1.357800,1.358800,1.357050,1.358150,4,2024-03-26
2024-03-26 01:00:00,1.358200,1.358900,1.357900,1.358650,4,2024-03-26
2024-03-26 05:00:00,1.358550,1.358800,1.357300,1.357800,4,2024-03-26
2024-03-26 09:00:00,1.357800,1.358750,1.357300,1.358300,4,2024-03-26
2024-03-26 13:00:00,1.358350,1.359100,1.356550,1.357000,4,2024-03-26
2024-03-26 17:00:00,1.357150,1.357150,1.355200,1.356400,4,2024-03-27
2024-03-26 21:00:00,1.356400,1.358100,1.356000,1.357700,4,2024-03-27
2024-03-27 01:00:00,1.357700,1.358900,1.357200,1.358350,4,2024-03-27
2024-03-27 05:00:00,1.358300,1.359900,1.358100,1.359550,4,2024-03-27
2024-03-27 09:00:00,1.359500,1.359950,1.359000,1.359300,4,2024-03-27
2024-03-27 13:00:00,1.359300,1.360850,1.358850,1.359500,4,2024-03-27
2024-03-27 17:00:00,1.359550,1.360600,1.358450,1.358500,4,2024-03-28
2024-03-27 21:00:00,1.358500,1.359400,1.357100,1.358550,4,2024-03-28
2024-03-28 01:00:00,1.358650,1.358800,1.356500,1.356750,4,2024-03-28
2024-03-28 05:00:00,1.356900,1.359150,1.356900,1.358550,4,2024-03-28
2024-03-28 09:00:00,1.358500,1.358600,1.357050,1.358000,4,2024-03-28
2024-03-28 13:00:00,1.358000,1.361400,1.357800,1.361200,4,2024-03-28
2024-03-28 17:00:00,1.361300,1.361300,1.355150,1.355150,4,2024-03-29
2024-03-28 21:00:00,1.355200,1.356100,1.352400,1.353750,4,2024-03-29
2024-03-29 01:00:00,1.353700,1.355100,1.353200,1.353850,4,2024-03-29
2024-03-29 05:00:00,1.353850,1.354100,1.353200,1.353950,4,2024-03-29
2024-03-29 09:00:00,1.354000,1.355400,1.353600,1.355250,4,2024-03-29
2024-03-29 13:00:00,1.355250,1.356100,1.354850,1.355100,4,2024-03-29
2024-04-01 05:00:00,1.354100,1.354100,1.351500,1.352900,4,2024-04-01
2024-04-01 09:00:00,1.353000,1.353550,1.352400,1.353200,4,2024-04-01
2024-04-01 13:00:00,1.353300,1.353500,1.352450,1.353000,4,2024-04-01
2024-04-01 17:00:00,1.353050,1.357000,1.352900,1.355300,4,2024-04-02
2024-04-01 21:00:00,1.355700,1.358500,1.355700,1.357900,4,2024-04-02
2024-04-02 01:00:00,1.358000,1.358700,1.356900,1.357250,4,2024-04-02
2024-04-02 05:00:00,1.357100,1.357900,1.356950,1.357200,4,2024-04-02
2024-04-02 09:00:00,1.357100,1.358400,1.357100,1.358100,4,2024-04-02
2024-04-02 13:00:00,1.358300,1.358500,1.355500,1.356200,4,2024-04-02
2024-04-02 17:00:00,1.356150,1.358400,1.355900,1.357400,4,2024-04-03
2024-04-02 21:00:00,1.357300,1.358400,1.356250,1.357400,4,2024-04-03
2024-04-03 01:00:00,1.357300,1.357700,1.356300,1.356350,4,2024-04-03
2024-04-03 05:00:00,1.356500,1.357500,1.356150,1.357300,4,2024-04-03
2024-04-03 09:00:00,1.357250,1.357400,1.356100,1.357100,4,2024-04-03
2024-04-03 13:00:00,1.357100,1.358900,1.356900,1.357450,4,2024-04-03
2024-04-03 17:00:00,1.357500,1.358150,1.354900,1.354900,4,2024-04-04
2024-04-03 21:00:00,1.353800,1.354300,1.351200,1.352650,4,2024-04-04
2024-04-04 01:00:00,1.352700,1.353800,1.352300,1.352950,4,2024-04-04
2024-04-04 05:00:00,1.352900,1.352900,1.351500,1.351850,4,2024-04-04
2024-04-04 09:00:00,1.351800,1.352250,1.350950,1.351300,4,2024-04-04
2024-04-04 13:00:00,1.351400,1.351400,1.349850,1.350100,4,2024-04-04
2024-04-04 17:00:00,1.350200,1.350450,1.347850,1.348800,4,2024-04-05
2024-04-04 21:00:00,1.348700,1.351000,1.347800,1.350950,4,2024-04-05
2024-04-05 01:00:00,1.350950,1.355900,1.350950,1.354200,4,2024-04-05
2024-04-05 05:00:00,1.354200,1.357100,1.354000,1.357050,4,2024-04-05
2024-04-05 09:00:00,1.357100,1.357850,1.356300,1.356550,4,2024-04-05
2024-04-05 13:00:00,1.356650,1.357300,1.355050,1.355700,4,2024-04-05
2024-04-08 05:00:00,1.360150,1.361700,1.358400,1.358700,4,2024-04-08
2024-04-08 09:00:00,1.358700,1.360550,1.358700,1.360050,4,2024-04-08
2024-04-08 13:00:00,1.360000,1.360650,1.358700,1.358700,4,2024-04-08
2024-04-08 17:00:00,1.358800,1.360050,1.356900,1.358300,4,2024-04-09
2024-04-08 21:00:00,1.358400,1.359450,1.357300,1.357600,4,2024-04-09
2024-04-09 01:00:00,1.357650,1.358200,1.357100,1.357100,4,2024-04-09
2024-04-09 05:00:00,1.357050,1.358250,1.356850,1.358200,4,2024-04-09
2024-04-09 09:00:00,1.358200,1.358550,1.357100,1.358000,4,2024-04-09
2024-04-09 13:00:00,1.357850,1.358350,1.356000,1.356700,4,2024-04-09
2024-04-09 17:00:00,1.356700,1.359800,1.354700,1.359300,4,2024-04-10
2024-04-09 21:00:00,1.359200,1.359900,1.357700,1.358350,4,2024-04-10
2024-04-10 01:00:00,1.358300,1.359000,1.356800,1.357300,4,2024-04-10
2024-04-10 05:00:00,1.357300,1.357550,1.356200,1.356650,4,2024-04-10
2024-04-10 09:00:00,1.356600,1.357200,1.356000,1.356050,4,2024-04-10
2024-04-10 13:00:00,1.356000,1.357100,1.355600,1.355700,4,2024-04-10
2024-04-10 17:00:00,1.355700,1.368300,1.355650,1.367300,4,2024-04-11
2024-04-10 21:00:00,1.367300,1.370300,1.367100,1.369300,4,2024-04-11
2024-04-11 01:00:00,1.369250,1.369300,1.367500,1.368550,4,2024-04-11
2024-04-11 05:00:00,1.368550,1.369400,1.368000,1.368250,4,2024-04-11
2024-04-11 09:00:00,1.368100,1.369550,1.367450,1.369100,4,2024-04-11
2024-04-11 13:00:00,1.369100,1.369300,1.367350,1.368600,4,2024-04-11
2024-04-11 17:00:00,1.368700,1.372500,1.366100,1.371800,4,2024-04-12
2024-04-11 21:00:00,1.371700,1.372650,1.367400,1.368400,4,2024-04-12
2024-04-12 01:00:00,1.368550,1.369250,1.367700,1.368650,4,2024-04-12
2024-04-12 05:00:00,1.368700,1.369250,1.368200,1.369050,4,2024-04-12
2024-04-12 09:00:00,1.369100,1.372400,1.368950,1.372150,4,2024-04-12
2024-04-12 13:00:00,1.372100,1.375100,1.372000,1.374900,4,2024-04-12
2024-04-15 05:00:00,1.376100,1.378200,1.375400,1.376050,4,2024-04-15
2024-04-15 09:00:00,1.376000,1.376350,1.374150,1.375050,4,2024-04-15
2024-04-15 13:00:00,1.375300,1.376000,1.373350,1.373750,4,2024-04-15
2024-04-15 17:00:00,1.373900,1.377300,1.372500,1.376800,4,2024-04-16
2024-04-15 21:00:00,1.376800,1.379200,1.374950,1.379100,4,2024-04-16
2024-04-16 01:00:00,1.379100,1.379400,1.378200,1.378550,4,2024-04-16
2024-04-16 05:00:00,1.378600,1.381400,1.378400,1.380600,4,2024-04-16
2024-04-16 09:00:00,1.380700,1.381150,1.379000,1.380700,4,2024-04-16
2024-04-16 13:00:00,1.380700,1.380700,1.378750,1.379700,4,2024-04-16
2024-04-16 17:00:00,1.379800,1.384650,1.377450,1.382800,4,2024-04-17
2024-04-16 21:00:00,1.382800,1.384600,1.380200,1.381000,4,2024-04-17
2024-04-17 01:00:00,1.380950,1.383250,1.380850,1.382250,4,2024-04-17
2024-04-17 05:00:00,1.382200,1.382600,1.380950,1.381400,4,2024-04-17
2024-04-17 09:00:00,1.381350,1.383800,1.380650,1.380650,4,2024-04-17
2024-04-17 13:00:00,1.380700,1.382100,1.380100,1.381000,4,2024-04-17
2024-04-17 17:00:00,1.381000,1.381600,1.378300,1.380600,4,2024-04-18
2024-04-17 21:00:00,1.380650,1.381950,1.376000,1.377100,4,2024-04-18
2024-04-18 01:00:00,1.377100,1.378350,1.376600,1.377200,4,2024-04-18
2024-04-18 05:00:00,1.377200,1.377600,1.375200,1.375500,4,2024-04-18
2024-04-18 09:00:00,1.375600,1.376000,1.374150,1.374700,4,2024-04-18
2024-04-18 13:00:00,1.374800,1.376150,1.374800,1.375900,4,2024-04-18
2024-04-18 17:00:00,1.375800,1.377200,1.374800,1.375550,4,2024-04-19
2024-04-18 21:00:00,1.375600,1.378200,1.374550,1.377500,4,2024-04-19
2024-04-19 01:00:00,1.377500,1.377500,1.376500,1.377300,4,2024-04-19
2024-04-19 05:00:00,1.377300,1.380500,1.376800,1.379600,4,2024-04-19
2024-04-19 09:00:00,1.379500,1.379700,1.376200,1.376400,4,2024-04-19
2024-04-19 13:00:00,1.376300,1.377600,1.374600,1.377000,4,2024-04-19
2024-04-22 05:00:00,1.374600,1.374600,1.371600,1.372400,4,2024-04-22
2024-04-22 09:00:00,1.372450,1.373500,1.371900,1.372500,4,2024-04-22
2024-04-22 13:00:00,1.372500,1.374000,1.371600,1.372100,4,2024-04-22
2024-04-22 17:00:00,1.372000,1.375000,1.371000,1.372500,4,2024-04-23
2024-04-22 21:00:00,1.372500,1.373550,1.368700,1.369450,4,2024-04-23
2024-04-23 01:00:00,1.369450,1.370550,1.369400,1.369900,4,2024-04-23
2024-04-23 05:00:00,1.370000,1.370500,1.369000,1.369500,4,2024-04-23
2024-04-23 09:00:00,1.369450,1.370750,1.369300,1.370500,4,2024-04-23
2024-04-23 13:00:00,1.370500,1.371500,1.368900,1.370500,4,2024-04-23
2024-04-23 17:00:00,1.370600,1.371200,1.365550,1.366700,4,2024-04-24
2024-04-23 21:00:00,1.366700,1.367900,1.365850,1.366150,4,2024-04-24
2024-04-24 01:00:00,1.366150,1.366900,1.365900,1.366350,4,2024-04-24
2024-04-24 05:00:00,1.366200,1.366450,1.365500,1.365900,4,2024-04-24
2024-04-24 09:00:00,1.365900,1.367500,1.365900,1.367300,4,2024-04-24
2024-04-24 13:00:00,1.367400,1.368800,1.367100,1.368700,4,2024-04-24
2024-04-24 17:00:00,1.368700,1.372300,1.368100,1.371500,4,2024-04-25
2024-04-24 21:00:00,1.371400,1.372900,1.369900,1.370600,4,2024-04-25
2024-04-25 01:00:00,1.370550,1.370800,1.369500,1.370650,4,2024-04-25
2024-04-25 05:00:00,1.370600,1.370750,1.369200,1.369400,4,2024-04-25
2024-04-25 09:00:00,1.369400,1.369900,1.367950,1.368000,4,2024-04-25
2024-04-25 13:00:00,1.368000,1.369000,1.367000,1.368100,4,2024-04-25
2024-04-25 17:00:00,1.368200,1.373100,1.366500,1.370600,4,2024-04-26
2024-04-25 21:00:00,1.370600,1.371100,1.366100,1.366300,4,2024-04-26
2024-04-26 01:00:00,1.366300,1.366500,1.365000,1.365600,4,2024-04-26
2024-04-26 05:00:00,1.365800,1.366300,1.365100,1.366000,4,2024-04-26
2024-04-26 09:00:00,1.365950,1.366150,1.363700,1.364300,4,2024-04-26
2024-04-26 13:00:00,1.364400,1.366150,1.363800,1.365850,4,2024-04-26
2024-04-29 05:00:00,1.366400,1.366400,1.364300,1.364550,4,2024-04-29
2024-04-29 09:00:00,1.364600,1.365850,1.363200,1.365750,4,2024-04-29
2024-04-29 13:00:00,1.365800,1.366400,1.365100,1.365300,4,2024-04-29
2024-04-29 17:00:00,1.365300,1.367750,1.364600,1.365000,4,2024-04-30
2024-04-29 21:00:00,1.365000,1.366350,1.364400,1.365950,4,2024-04-30
2024-04-30 01:00:00,1.366000,1.367300,1.365700,1.366400,4,2024-04-30
2024-04-30 05:00:00,1.366400,1.367950,1.366250,1.367600,4,2024-04-30
2024-04-30 09:00:00,1.367600,1.370150,1.367400,1.369400,4,2024-04-30
2024-04-30 13:00:00,1.369350,1.370000,1.368050,1.368350,4,2024-04-30
2024-04-30 17:00:00,1.368550,1.375550,1.367400,1.373900,4,2024-05-01
2024-04-30 21:00:00,1.373900,1.376600,1.373400,1.376150,4,2024-05-01
2024-05-01 01:00:00,1.376150,1.378500,1.375650,1.377850,4,2024-05-01
2024-05-01 05:00:00,1.377900,1.378300,1.377350,1.377600,4,2024-05-01
2024-05-01 09:00:00,1.377600,1.378350,1.377450,1.378100,4,2024-05-01
2024-05-01 13:00:00,1.378100,1.378150,1.376900,1.377150,4,2024-05-01
2024-05-01 17:00:00,1.377300,1.377450,1.375200,1.376800,4,2024-05-02
2024-05-01 21:00:00,1.376700,1.377500,1.370400,1.371100,4,2024-05-02
2024-05-02 01:00:00,1.371000,1.376150,1.370400,1.372900,4,2024-05-02
2024-05-02 05:00:00,1.372950,1.373700,1.371650,1.371900,4,2024-05-02
2024-05-02 09:00:00,1.371800,1.372900,1.371000,1.372100,4,2024-05-02
2024-05-02 13:00:00,1.372100,1.372700,1.370500,1.372400,4,2024-05-02
2024-05-02 17:00:00,1.372400,1.373000,1.370300,1.370900,4,2024-05-03
2024-05-02 21:00:00,1.370900,1.371250,1.367000,1.367000,4,2024-05-03
2024-05-03 01:00:00,1.367000,1.368400,1.366800,1.366900,4,2024-05-03
2024-05-03 05:00:00,1.366800,1.367400,1.365500,1.366400,4,2024-05-03
2024-05-03 09:00:00,1.366350,1.367250,1.365650,1.367000,4,2024-05-03
2024-05-03 13:00:00,1.367050,1.367600,1.366050,1.366100,4,2024-05-03
2024-05-06 05:00:00,1.368200,1.369750,1.367450,1.368300,4,2024-05-06
2024-05-06 09:00:00,1.368300,1.368900,1.367400,1.367700,4,2024-05-06
2024-05-06 13:00:00,1.367650,1.368500,1.367200,1.367500,4,2024-05-06
2024-05-06 17:00:00,1.367450,1.367650,1.364800,1.365200,4,2024-05-07
2024-05-06 21:00:00,1.365300,1.367000,1.365250,1.366000,4,2024-05-07
2024-05-07 01:00:00,1.366050,1.367200,1.365900,1.366900,4,2024-05-07
2024-05-07 05:00:00,1.367000,1.368150,1.366100,1.367800,4,2024-05-07
2024-05-07 09:00:00,1.367750,1.369150,1.367000,1.368400,4,2024-05-07
2024-05-07 13:00:00,1.368300,1.368900,1.367700,1.368100,4,2024-05-07
2024-05-07 17:00:00,1.368100,1.369350,1.366950,1.368000,4,2024-05-08
2024-05-07 21:00:00,1.368100,1.374200,1.367800,1.373350,4,2024-05-08
2024-05-08 01:00:00,1.373400,1.373500,1.372150,1.373200,4,2024-05-08
2024-05-08 05:00:00,1.373300,1.375300,1.373100,1.375300,4,2024-05-08
2024-05-08 09:00:00,1.375200,1.375800,1.374700,1.375600,4,2024-05-08
2024-05-08 13:00:00,1.375700,1.376100,1.374500,1.374750,4,2024-05-08
2024-05-08 17:00:00,1.374650,1.376350,1.371900,1.372100,4,2024-05-09
2024-05-08 21:00:00,1.372100,1.373500,1.371600,1.373200,4,2024-05-09
2024-05-09 01:00:00,1.373150,1.373550,1.371800,1.372200,4,2024-05-09
2024-05-09 05:00:00,1.372300,1.373500,1.372100,1.372800,4,2024-05-09
2024-05-09 09:00:00,1.372850,1.373850,1.372050,1.373700,4,2024-05-09
2024-05-09 13:00:00,1.373700,1.373750,1.372150,1.372550,4,2024-05-09
2024-05-09 17:00:00,1.372600,1.373000,1.368500,1.369200,4,2024-05-10
2024-05-09 21:00:00,1.369200,1.369400,1.367700,1.367700,4,2024-05-10
2024-05-10 01:00:00,1.367750,1.368100,1.367200,1.367450,4,2024-05-10
2024-05-10 05:00:00,1.367400,1.369050,1.367300,1.368700,4,2024-05-10
2024-05-10 09:00:00,1.368700,1.369050,1.367950,1.368050,4,2024-05-10
2024-05-10 13:00:00,1.368000,1.368950,1.367700,1.368250,4,2024-05-10
2024-05-13 05:00:00,1.367800,1.369000,1.367300,1.368200,4,2024-05-13
2024-05-13 09:00:00,1.368200,1.368600,1.367850,1.368200,4,2024-05-13
2024-05-13 13:00:00,1.368150,1.368450,1.366800,1.367800,4,2024-05-13
2024-05-13 17:00:00,1.367750,1.367950,1.366000,1.366900,4,2024-05-14
2024-05-13 21:00:00,1.367000,1.368500,1.366900,1.367050,4,2024-05-14
2024-05-14 01:00:00,1.367000,1.367200,1.366500,1.367000,4,2024-05-14
2024-05-14 05:00:00,1.367000,1.368500,1.366550,1.368300,4,2024-05-14
2024-05-14 09:00:00,1.368300,1.368550,1.367400,1.367700,4,2024-05-14
2024-05-14 13:00:00,1.367800,1.368300,1.366700,1.366950,4,2024-05-14
2024-05-14 17:00:00,1.366900,1.369100,1.363300,1.364500,4,2024-05-15
2024-05-14 21:00:00,1.364500,1.366550,1.364450,1.365200,4,2024-05-15
2024-05-15 01:00:00,1.365300,1.365550,1.364650,1.365200,4,2024-05-15
2024-05-15 05:00:00,1.365300,1.365500,1.364100,1.364450,4,2024-05-15
2024-05-15 09:00:00,1.364350,1.364500,1.363800,1.363850,4,2024-05-15
2024-05-15 13:00:00,1.363800,1.363900,1.362450,1.363350,4,2024-05-15
2024-05-15 17:00:00,1.363400,1.366100,1.359100,1.363100,4,2024-05-16
2024-05-15 21:00:00,1.363100,1.363250,1.359450,1.360200,4,2024-05-16
2024-05-16 01:00:00,1.360300,1.360900,1.359800,1.360050,4,2024-05-16
2024-05-16 05:00:00,1.360100,1.361250,1.359000,1.360200,4,2024-05-16
2024-05-16 09:00:00,1.360200,1.362400,1.359650,1.362400,4,2024-05-16
2024-05-16 13:00:00,1.362300,1.363150,1.361600,1.363150,4,2024-05-16
2024-05-16 17:00:00,1.363000,1.364100,1.361500,1.361650,4,2024-05-17
2024-05-16 21:00:00,1.361550,1.362300,1.360700,1.361250,4,2024-05-17
2024-05-17 01:00:00,1.361300,1.362000,1.361150,1.361800,4,2024-05-17
2024-05-17 05:00:00,1.361900,1.363250,1.361300,1.362800,4,2024-05-17
2024-05-17 09:00:00,1.362850,1.362900,1.361550,1.362400,4,2024-05-17
2024-05-17 13:00:00,1.362400,1.364350,1.361900,1.364350,4,2024-05-17
2024-05-20 05:00:00,1.361000,1.361500,1.360300,1.361000,4,2024-05-20
2024-05-20 09:00:00,1.360900,1.361500,1.360000,1.361450,4,2024-05-20
2024-05-20 13:00:00,1.361500,1.361900,1.360900,1.361750,4,2024-05-20
2024-05-20 17:00:00,1.361800,1.363600,1.359600,1.360350,4,2024-05-21
2024-05-20 21:00:00,1.360450,1.362700,1.360400,1.362100,4,2024-05-21
2024-05-21 01:00:00,1.362150,1.362700,1.362100,1.362350,4,2024-05-21
2024-05-21 05:00:00,1.362400,1.364450,1.362250,1.363850,4,2024-05-21
2024-05-21 09:00:00,1.363800,1.364200,1.362850,1.363500,4,2024-05-21
2024-05-21 13:00:00,1.363400,1.363950,1.362450,1.363000,4,2024-05-21
2024-05-21 17:00:00,1.363000,1.367600,1.361500,1.364000,4,2024-05-22
2024-05-21 21:00:00,1.363850,1.365700,1.363800,1.365400,4,2024-05-22
2024-05-22 01:00:00,1.365300,1.365600,1.362900,1.363950,4,2024-05-22
2024-05-22 05:00:00,1.364000,1.364150,1.362400,1.363400,4,2024-05-22
2024-05-22 09:00:00,1.363400,1.365300,1.363350,1.365000,4,2024-05-22
2024-05-22 13:00:00,1.364950,1.366900,1.364900,1.365500,4,2024-05-22
2024-05-22 17:00:00,1.365500,1.367850,1.365250,1.367200,4,2024-05-23
2024-05-22 21:00:00,1.367200,1.369600,1.365700,1.369600,4,2024-05-23
2024-05-23 01:00:00,1.369450,1.369850,1.368850,1.369000,4,2024-05-23
2024-05-23 05:00:00,1.369000,1.369700,1.368500,1.368800,4,2024-05-23
2024-05-23 09:00:00,1.368700,1.368900,1.367800,1.368100,4,2024-05-23
2024-05-23 13:00:00,1.368100,1.368700,1.366600,1.367100,4,2024-05-23
2024-05-23 17:00:00,1.367000,1.369900,1.365700,1.369650,4,2024-05-24
2024-05-23 21:00:00,1.369600,1.374400,1.368900,1.374300,4,2024-05-24
2024-05-24 01:00:00,1.374400,1.374400,1.372800,1.372800,4,2024-05-24
2024-05-24 05:00:00,1.372900,1.373900,1.372600,1.373500,4,2024-05-24
2024-05-24 09:00:00,1.373500,1.373950,1.372900,1.373600,4,2024-05-24
2024-05-24 13:00:00,1.373500,1.373500,1.371200,1.371700,4,2024-05-24
2024-05-27 05:00:00,1.366600,1.367150,1.366200,1.366450,4,2024-05-27
2024-05-27 09:00:00,1.366500,1.366800,1.365900,1.366100,4,2024-05-27
2024-05-27 13:00:00,1.366100,1.366550,1.365200,1.365400,4,2024-05-27
2024-05-27 17:00:00,1.365300,1.366400,1.363200,1.363600,4,2024-05-28
2024-05-27 21:00:00,1.363600,1.363850,1.362900,1.363150,4,2024-05-28
2024-05-28 01:00:00,1.363250,1.363750,1.362950,1.363100,4,2024-05-28
2024-05-28 05:00:00,1.363000,1.363150,1.361700,1.361750,4,2024-05-28
2024-05-28 09:00:00,1.361850,1.362950,1.361500,1.362800,4,2024-05-28
2024-05-28 13:00:00,1.362850,1.363200,1.362100,1.362900,4,2024-05-28
2024-05-28 17:00:00,1.362800,1.365100,1.361500,1.363600,4,2024-05-29
2024-05-28 21:00:00,1.363600,1.365400,1.363050,1.364800,4,2024-05-29
2024-05-29 01:00:00,1.364800,1.365200,1.364100,1.364600,4,2024-05-29
2024-05-29 05:00:00,1.364700,1.366300,1.364500,1.366250,4,2024-05-29
2024-05-29 09:00:00,1.366200,1.367350,1.365250,1.365600,4,2024-05-29
2024-05-29 13:00:00,1.365600,1.367200,1.365000,1.366500,4,2024-05-29
2024-05-29 17:00:00,1.366500,1.371050,1.366400,1.370700,4,2024-05-30
2024-05-29 21:00:00,1.370700,1.371800,1.370000,1.371100,4,2024-05-30
2024-05-30 01:00:00,1.371100,1.372250,1.370800,1.372100,4,2024-05-30
2024-05-30 05:00:00,1.372100,1.372850,1.371250,1.372500,4,2024-05-30
2024-05-30 09:00:00,1.372500,1.373500,1.372150,1.373000,4,2024-05-30
2024-05-30 13:00:00,1.373000,1.373300,1.370900,1.371500,4,2024-05-30
2024-05-30 17:00:00,1.371400,1.371850,1.366400,1.366900,4,2024-05-31
2024-05-30 21:00:00,1.366900,1.367800,1.366000,1.367450,4,2024-05-31
2024-05-31 01:00:00,1.367500,1.368900,1.367450,1.368100,4,2024-05-31
2024-05-31 05:00:00,1.368100,1.369000,1.367900,1.368650,4,2024-05-31
2024-05-31 09:00:00,1.368700,1.368850,1.366150,1.366500,4,2024-05-31
2024-05-31 13:00:00,1.366500,1.367750,1.363200,1.363200,4,2024-05-31
2024-06-03 05:00:00,1.362600,1.362700,1.360550,1.362300,4,2024-06-03
2024-06-03 09:00:00,1.362300,1.364650,1.362200,1.364500,4,2024-06-03
2024-06-03 13:00:00,1.364400,1.366900,1.364300,1.365500,4,2024-06-03
2024-06-03 17:00:00,1.365750,1.365750,1.360300,1.363000,4,2024-06-04
2024-06-03 21:00:00,1.363050,1.365500,1.361950,1.364550,4,2024-06-04
2024-06-04 01:00:00,1.364600,1.364700,1.362400,1.362750,4,2024-06-04
2024-06-04 05:00:00,1.362900,1.364250,1.362100,1.363500,4,2024-06-04
2024-06-04 09:00:00,1.363500,1.365550,1.363500,1.364850,4,2024-06-04
2024-06-04 13:00:00,1.365000,1.369950,1.364950,1.369300,4,2024-06-04
2024-06-04 17:00:00,1.369300,1.369600,1.367000,1.368000,4,2024-06-05
2024-06-04 21:00:00,1.368050,1.369100,1.367000,1.367900,4,2024-06-05
2024-06-05 01:00:00,1.367900,1.368800,1.367350,1.367650,4,2024-06-05
2024-06-05 05:00:00,1.367800,1.368100,1.366650,1.366900,4,2024-06-05
2024-06-05 09:00:00,1.366950,1.368150,1.366900,1.367900,4,2024-06-05
2024-06-05 13:00:00,1.368000,1.369100,1.366900,1.368050,4,2024-06-05
2024-06-05 17:00:00,1.368050,1.374200,1.366500,1.371800,4,2024-06-06
2024-06-05 21:00:00,1.371800,1.371800,1.368500,1.368900,4,2024-06-06
2024-06-06 01:00:00,1.368950,1.369750,1.368600,1.369450,4,2024-06-06
2024-06-06 05:00:00,1.369400,1.369500,1.366600,1.367350,4,2024-06-06
2024-06-06 09:00:00,1.367400,1.368300,1.367100,1.367750,4,2024-06-06
2024-06-06 13:00:00,1.367800,1.369750,1.367600,1.368800,4,2024-06-06
2024-06-06 17:00:00,1.368850,1.371000,1.368300,1.370800,4,2024-06-07
2024-06-06 21:00:00,1.370800,1.370800,1.366650,1.366750,4,2024-06-07
2024-06-07 01:00:00,1.366800,1.367550,1.366400,1.366850,4,2024-06-07
2024-06-07 05:00:00,1.366800,1.367250,1.366500,1.366900,4,2024-06-07
2024-06-07 09:00:00,1.366900,1.367300,1.366300,1.366950,4,2024-06-07
2024-06-07 13:00:00,1.366950,1.368850,1.366600,1.368700,4,2024-06-07
2024-06-10 05:00:00,1.376100,1.377000,1.375550,1.376550,4,2024-06-10
2024-06-10 09:00:00,1.376500,1.377400,1.375750,1.376800,4,2024-06-10
2024-06-10 13:00:00,1.376650,1.378150,1.376200,1.377550,4,2024-06-10
2024-06-10 17:00:00,1.377700,1.378250,1.375950,1.377600,4,2024-06-11
2024-06-10 21:00:00,1.377500,1.377650,1.375400,1.376100,4,2024-06-11
2024-06-11 01:00:00,1.376100,1.376500,1.375600,1.376100,4,2024-06-11
2024-06-11 05:00:00,1.376100,1.376950,1.375900,1.376800,4,2024-06-11
2024-06-11 09:00:00,1.376850,1.376900,1.375600,1.376100,4,2024-06-11
2024-06-11 13:00:00,1.376100,1.377750,1.376100,1.377100,4,2024-06-11
2024-06-11 17:00:00,1.377100,1.379200,1.376700,1.377350,4,2024-06-12
2024-06-11 21:00:00,1.377400,1.377750,1.375000,1.375300,4,2024-06-12
2024-06-12 01:00:00,1.375300,1.376000,1.374800,1.375550,4,2024-06-12
2024-06-12 05:00:00,1.375600,1.376100,1.374800,1.374900,4,2024-06-12
2024-06-12 09:00:00,1.374900,1.375400,1.374150,1.375300,4,2024-06-12
2024-06-12 13:00:00,1.375200,1.375500,1.374100,1.374800,4,2024-06-12
2024-06-12 17:00:00,1.374800,1.374900,1.368000,1.368900,4,2024-06-13
2024-06-12 21:00:00,1.369100,1.372900,1.368300,1.371700,4,2024-06-13
2024-06-13 01:00:00,1.371800,1.373500,1.371200,1.372200,4,2024-06-13
2024-06-13 05:00:00,1.372100,1.374200,1.372000,1.373950,4,2024-06-13
2024-06-13 09:00:00,1.373900,1.374950,1.373750,1.374700,4,2024-06-13
2024-06-13 13:00:00,1.374700,1.374950,1.373100,1.374950,4,2024-06-13
2024-06-13 17:00:00,1.374800,1.376400,1.371500,1.375500,4,2024-06-14
2024-06-13 21:00:00,1.375550,1.376300,1.374000,1.374150,4,2024-06-14
2024-06-14 01:00:00,1.374200,1.374700,1.373450,1.374400,4,2024-06-14
2024-06-14 05:00:00,1.374400,1.375000,1.373550,1.373650,4,2024-06-14
2024-06-14 09:00:00,1.373650,1.375050,1.373400,1.374500,4,2024-06-14
2024-06-14 13:00:00,1.374600,1.376700,1.374250,1.375900,4,2024-06-14
2024-06-17 05:00:00,1.373300,1.374300,1.373000,1.374300,4,2024-06-17
2024-06-17 09:00:00,1.374300,1.375200,1.373950,1.374250,4,2024-06-17
2024-06-17 13:00:00,1.374150,1.374850,1.373500,1.374100,4,2024-06-17
2024-06-17 17:00:00,1.374000,1.376450,1.373750,1.376300,4,2024-06-18
2024-06-17 21:00:00,1.376200,1.376450,1.372100,1.372250,4,2024-06-18
2024-06-18 01:00:00,1.372300,1.373150,1.371950,1.372050,4,2024-06-18
2024-06-18 05:00:00,1.372000,1.373700,1.371000,1.373600,4,2024-06-18
2024-06-18 09:00:00,1.373650,1.374200,1.372800,1.373500,4,2024-06-18
2024-06-18 13:00:00,1.373500,1.375750,1.373400,1.374800,4,2024-06-18
2024-06-18 17:00:00,1.374800,1.375650,1.370900,1.372600,4,2024-06-19
2024-06-18 21:00:00,1.372700,1.372800,1.371400,1.371550,4,2024-06-19
2024-06-19 01:00:00,1.371700,1.372250,1.371500,1.371700,4,2024-06-19
2024-06-19 05:00:00,1.371650,1.372150,1.371200,1.371500,4,2024-06-19
2024-06-19 09:00:00,1.371500,1.372650,1.371250,1.372650,4,2024-06-19
2024-06-19 13:00:00,1.372500,1.372650,1.370900,1.371000,4,2024-06-19
2024-06-19 17:00:00,1.371000,1.371400,1.369800,1.370100,4,2024-06-20
2024-06-19 21:00:00,1.370250,1.371550,1.369900,1.371250,4,2024-06-20
2024-06-20 01:00:00,1.371300,1.371400,1.370400,1.370700,4,2024-06-20
2024-06-20 05:00:00,1.370600,1.371800,1.370500,1.371500,4,2024-06-20
2024-06-20 09:00:00,1.371500,1.371750,1.370950,1.371300,4,2024-06-20
2024-06-20 13:00:00,1.371400,1.372150,1.370500,1.371250,4,2024-06-20
2024-06-20 17:00:00,1.371200,1.371750,1.368950,1.369200,4,2024-06-21
2024-06-20 21:00:00,1.369200,1.370900,1.368400,1.368800,4,2024-06-21
2024-06-21 01:00:00,1.368900,1.369400,1.368200,1.369000,4,2024-06-21
2024-06-21 05:00:00,1.369000,1.369100,1.368050,1.368250,4,2024-06-21
2024-06-21 09:00:00,1.368300,1.368400,1.367400,1.368200,4,2024-06-21
2024-06-21 13:00:00,1.368300,1.370050,1.368150,1.369600,4,2024-06-21
2024-06-24 05:00:00,1.369300,1.370850,1.369200,1.369850,4,2024-06-24
2024-06-24 09:00:00,1.369900,1.369900,1.368550,1.368700,4,2024-06-24
2024-06-24 13:00:00,1.368700,1.368900,1.367000,1.367550,4,2024-06-24
2024-06-24 17:00:00,1.367600,1.368950,1.365800,1.366200,4,2024-06-25
2024-06-24 21:00:00,1.366250,1.366700,1.365000,1.365200,4,2024-06-25
2024-06-25 01:00:00,1.365200,1.366050,1.365000,1.365800,4,2024-06-25
2024-06-25 05:00:00,1.365700,1.366000,1.364800,1.365050,4,2024-06-25
2024-06-25 09:00:00,1.365100,1.365700,1.364050,1.365200,4,2024-06-25
2024-06-25 13:00:00,1.365200,1.366250,1.364300,1.366100,4,2024-06-25
2024-06-25 17:00:00,1.366050,1.368150,1.362600,1.366250,4,2024-06-26
2024-06-25 21:00:00,1.366200,1.366950,1.364900,1.365600,4,2024-06-26
2024-06-26 01:00:00,1.365700,1.366200,1.365250,1.365950,4,2024-06-26
2024-06-26 05:00:00,1.366000,1.366750,1.365050,1.365650,4,2024-06-26
2024-06-26 09:00:00,1.365700,1.366250,1.365400,1.366150,4,2024-06-26
2024-06-26 13:00:00,1.366150,1.368700,1.366000,1.368600,4,2024-06-26
2024-06-26 17:00:00,1.368700,1.370400,1.367950,1.369600,4,2024-06-27
2024-06-26 21:00:00,1.369500,1.370550,1.369050,1.370300,4,2024-06-27
2024-06-27 01:00:00,1.370350,1.370800,1.369450,1.370500,4,2024-06-27
2024-06-27 05:00:00,1.370500,1.371250,1.369700,1.370100,4,2024-06-27
2024-06-27 09:00:00,1.370000,1.370150,1.368600,1.369250,4,2024-06-27
2024-06-27 13:00:00,1.369100,1.369200,1.367850,1.368500,4,2024-06-27
2024-06-27 17:00:00,1.368450,1.369750,1.367600,1.368800,4,2024-06-28
2024-06-27 21:00:00,1.368900,1.370000,1.368100,1.369300,4,2024-06-28
2024-06-28 01:00:00,1.369300,1.370500,1.369050,1.370500,4,2024-06-28
2024-06-28 05:00:00,1.370400,1.373500,1.369700,1.371700,4,2024-06-28
2024-06-28 09:00:00,1.371700,1.373400,1.371350,1.371550,4,2024-06-28
2024-06-28 13:00:00,1.371350,1.372000,1.368750,1.368850,4,2024-06-28
2024-07-01 05:00:00,1.367400,1.367900,1.366500,1.367300,4,2024-07-01
2024-07-01 09:00:00,1.367300,1.367750,1.366250,1.366900,4,2024-07-01
2024-07-01 13:00:00,1.366800,1.368950,1.366600,1.368850,4,2024-07-01
2024-07-01 17:00:00,1.368900,1.373550,1.368500,1.373200,4,2024-07-02
2024-07-01 21:00:00,1.373200,1.374900,1.373100,1.374500,4,2024-07-02
2024-07-02 01:00:00,1.374450,1.374550,1.373250,1.373700,4,2024-07-02
2024-07-02 05:00:00,1.373650,1.375150,1.373300,1.374850,4,2024-07-02
2024-07-02 09:00:00,1.374900,1.375600,1.373900,1.374100,4,2024-07-02
2024-07-02 13:00:00,1.374200,1.374650,1.372700,1.373300,4,2024-07-02
2024-07-02 17:00:00,1.373300,1.373750,1.368800,1.369500,4,2024-07-03
2024-07-02 21:00:00,1.369500,1.370200,1.367500,1.367550,4,2024-07-03
2024-07-03 01:00:00,1.367600,1.368100,1.366750,1.367200,4,2024-07-03
2024-07-03 05:00:00,1.367300,1.368450,1.367150,1.368200,4,2024-07-03
2024-07-03 09:00:00,1.368300,1.368750,1.367550,1.367700,4,2024-07-03
2024-07-03 13:00:00,1.367700,1.368150,1.366750,1.367950,4,2024-07-03
2024-07-03 17:00:00,1.367900,1.368150,1.361700,1.363300,4,2024-07-04
2024-07-03 21:00:00,1.363150,1.364200,1.362300,1.363700,4,2024-07-04
2024-07-04 01:00:00,1.363700,1.364300,1.363100,1.363750,4,2024-07-04
2024-07-04 05:00:00,1.363700,1.363800,1.362600,1.363550,4,2024-07-04
2024-07-04 09:00:00,1.363650,1.363950,1.362600,1.362650,4,2024-07-04
2024-07-04 13:00:00,1.362600,1.363050,1.361950,1.362250,4,2024-07-04
2024-07-04 17:00:00,1.362150,1.362400,1.361000,1.361950,4,2024-07-05
2024-07-04 21:00:00,1.361800,1.362000,1.360800,1.361100,4,2024-07-05
2024-07-05 01:00:00,1.361100,1.361550,1.361100,1.361450,4,2024-07-05
2024-07-05 05:00:00,1.361400,1.361750,1.360500,1.361100,4,2024-07-05
2024-07-05 09:00:00,1.361100,1.361400,1.360200,1.360950,4,2024-07-05
2024-07-05 13:00:00,1.361000,1.361250,1.360200,1.360950,4,2024-07-05
2024-07-08 05:00:00,1.364500,1.364700,1.363500,1.363900,4,2024-07-08
2024-07-08 09:00:00,1.363900,1.364650,1.362800,1.364600,4,2024-07-08
2024-07-08 13:00:00,1.364500,1.364600,1.362900,1.364250,4,2024-07-08
2024-07-08 17:00:00,1.364300,1.364350,1.362400,1.363100,4,2024-07-09
2024-07-08 21:00:00,1.363000,1.364300,1.362700,1.364050,4,2024-07-09
2024-07-09 01:00:00,1.363900,1.364350,1.363350,1.363500,4,2024-07-09
2024-07-09 05:00:00,1.363400,1.364750,1.362850,1.364150,4,2024-07-09
2024-07-09 09:00:00,1.364100,1.364200,1.362850,1.363300,4,2024-07-09
2024-07-09 13:00:00,1.363300,1.364500,1.363050,1.363900,4,2024-07-09
2024-07-09 17:00:00,1.363900,1.364850,1.363400,1.363850,4,2024-07-10
2024-07-09 21:00:00,1.363800,1.364800,1.362800,1.363100,4,2024-07-10
2024-07-10 01:00:00,1.363050,1.363850,1.362900,1.363400,4,2024-07-10
2024-07-10 05:00:00,1.363400,1.363800,1.362800,1.363100,4,2024-07-10
2024-07-10 09:00:00,1.363150,1.363750,1.363000,1.363500,4,2024-07-10
2024-07-10 13:00:00,1.363600,1.364300,1.363000,1.363250,4,2024-07-10
2024-07-10 17:00:00,1.363200,1.364050,1.361300,1.361900,4,2024-07-11
2024-07-10 21:00:00,1.362000,1.362450,1.360800,1.362200,4,2024-07-11
2024-07-11 01:00:00,1.362200,1.362650,1.361500,1.361850,4,2024-07-11
2024-07-11 05:00:00,1.361900,1.362400,1.361400,1.361800,4,2024-07-11
2024-07-11 09:00:00,1.362000,1.362850,1.361550,1.362600,4,2024-07-11
2024-07-11 13:00:00,1.362500,1.363900,1.362400,1.363500,4,2024-07-11
2024-07-11 17:00:00,1.363500,1.363750,1.358900,1.361050,4,2024-07-12
2024-07-11 21:00:00,1.361100,1.364800,1.360900,1.363250,4,2024-07-12
2024-07-12 01:00:00,1.363200,1.363700,1.362900,1.363500,4,2024-07-12
2024-07-12 05:00:00,1.363400,1.363500,1.362250,1.362800,4,2024-07-12
2024-07-12 09:00:00,1.362750,1.362950,1.361900,1.362700,4,2024-07-12
2024-07-12 13:00:00,1.362650,1.363050,1.361100,1.361700,4,2024-07-12
2024-07-15 05:00:00,1.365100,1.365900,1.364700,1.365200,4,2024-07-15
2024-07-15 09:00:00,1.365200,1.366300,1.365000,1.365900,4,2024-07-15
2024-07-15 13:00:00,1.365900,1.366400,1.363200,1.364700,4,2024-07-15
2024-07-15 17:00:00,1.364700,1.366650,1.363150,1.365700,4,2024-07-16
2024-07-15 21:00:00,1.365700,1.368900,1.365300,1.367000,4,2024-07-16
2024-07-16 01:00:00,1.367100,1.368450,1.366950,1.367850,4,2024-07-16
2024-07-16 05:00:00,1.367800,1.368500,1.367400,1.368300,4,2024-07-16
2024-07-16 09:00:00,1.368300,1.369500,1.368000,1.369300,4,2024-07-16
2024-07-16 13:00:00,1.369300,1.369450,1.367500,1.368250,4,2024-07-16
2024-07-16 17:00:00,1.368100,1.370800,1.366700,1.369800,4,2024-07-17
2024-07-16 21:00:00,1.369800,1.370000,1.367500,1.367850,4,2024-07-17
2024-07-17 01:00:00,1.367800,1.367950,1.366900,1.367100,4,2024-07-17
2024-07-17 05:00:00,1.366900,1.368300,1.366850,1.367100,4,2024-07-17
2024-07-17 09:00:00,1.367100,1.368400,1.366900,1.368100,4,2024-07-17
2024-07-17 13:00:00,1.368100,1.368600,1.365650,1.366600,4,2024-07-17
2024-07-17 17:00:00,1.366700,1.368900,1.366150,1.368800,4,2024-07-18
2024-07-17 21:00:00,1.368900,1.370200,1.368300,1.368950,4,2024-07-18
2024-07-18 01:00:00,1.368900,1.369050,1.367850,1.367900,4,2024-07-18
2024-07-18 05:00:00,1.367850,1.368900,1.367700,1.368100,4,2024-07-18
2024-07-18 09:00:00,1.368100,1.368250,1.367100,1.367100,4,2024-07-18
2024-07-18 13:00:00,1.367300,1.368000,1.367050,1.367800,4,2024-07-18
2024-07-18 17:00:00,1.367800,1.369900,1.367700,1.368900,4,2024-07-19
2024-07-18 21:00:00,1.369000,1.371600,1.368900,1.371100,4,2024-07-19
2024-07-19 01:00:00,1.371100,1.371900,1.370200,1.370500,4,2024-07-19
2024-07-19 05:00:00,1.370500,1.371500,1.370200,1.370400,4,2024-07-19
2024-07-19 09:00:00,1.370400,1.371050,1.370300,1.370800,4,2024-07-19
2024-07-19 13:00:00,1.371000,1.372050,1.370600,1.371750,4,2024-07-19
2024-07-22 05:00:00,1.371000,1.373400,1.370550,1.372800,4,2024-07-22
2024-07-22 09:00:00,1.372700,1.374150,1.372400,1.374100,4,2024-07-22
2024-07-22 13:00:00,1.374000,1.374650,1.373500,1.374450,4,2024-07-22
2024-07-22 17:00:00,1.374600,1.377500,1.374250,1.376200,4,2024-07-23
2024-07-22 21:00:00,1.376150,1.376400,1.374400,1.375100,4,2024-07-23
2024-07-23 01:00:00,1.375200,1.375950,1.375100,1.375900,4,2024-07-23
2024-07-23 05:00:00,1.375800,1.376800,1.375650,1.376450,4,2024-07-23
2024-07-23 09:00:00,1.376450,1.377100,1.376000,1.376600,4,2024-07-23
2024-07-23 13:00:00,1.376600,1.377350,1.375950,1.376050,4,2024-07-23
2024-07-23 17:00:00,1.376050,1.377550,1.375300,1.377200,4,2024-07-24
2024-07-23 21:00:00,1.377150,1.377550,1.375850,1.377500,4,2024-07-24
2024-07-24 01:00:00,1.377550,1.378700,1.377100,1.378550,4,2024-07-24
2024-07-24 05:00:00,1.378600,1.379150,1.378100,1.378950,4,2024-07-24
2024-07-24 09:00:00,1.378900,1.380050,1.378800,1.379600,4,2024-07-24
2024-07-24 13:00:00,1.379450,1.379800,1.378500,1.378900,4,2024-07-24
2024-07-24 17:00:00,1.378950,1.380800,1.377800,1.378900,4,2024-07-25
2024-07-24 21:00:00,1.379000,1.381400,1.378200,1.381400,4,2024-07-25
2024-07-25 01:00:00,1.381300,1.381650,1.380350,1.381050,4,2024-07-25
2024-07-25 05:00:00,1.381100,1.382200,1.380700,1.382100,4,2024-07-25
2024-07-25 09:00:00,1.382100,1.382850,1.381300,1.382700,4,2024-07-25
2024-07-25 13:00:00,1.382800,1.384450,1.381800,1.383700,4,2024-07-25
2024-07-25 17:00:00,1.383600,1.384900,1.380700,1.381750,4,2024-07-26
2024-07-25 21:00:00,1.381800,1.382550,1.379700,1.382400,4,2024-07-26
2024-07-26 01:00:00,1.382300,1.382800,1.380700,1.382300,4,2024-07-26
2024-07-26 05:00:00,1.382300,1.382400,1.381050,1.381800,4,2024-07-26
2024-07-26 09:00:00,1.381950,1.382000,1.381100,1.381700,4,2024-07-26
2024-07-26 13:00:00,1.381750,1.381950,1.380700,1.381350,4,2024-07-26
2024-07-29 05:00:00,1.383200,1.383300,1.381650,1.382100,4,2024-07-29
2024-07-29 09:00:00,1.382100,1.382700,1.381850,1.382400,4,2024-07-29
2024-07-29 13:00:00,1.382400,1.384500,1.382300,1.383500,4,2024-07-29
2024-07-29 17:00:00,1.383600,1.386500,1.383450,1.385300,4,2024-07-30
2024-07-29 21:00:00,1.385300,1.386400,1.385100,1.385150,4,2024-07-30
2024-07-30 01:00:00,1.385300,1.385500,1.384700,1.384900,4,2024-07-30
2024-07-30 05:00:00,1.384900,1.386350,1.384900,1.385400,4,2024-07-30
2024-07-30 09:00:00,1.385400,1.385550,1.384150,1.384600,4,2024-07-30
2024-07-30 13:00:00,1.384500,1.384950,1.383800,1.384650,4,2024-07-30
2024-07-30 17:00:00,1.384750,1.386400,1.384300,1.384600,4,2024-07-31
2024-07-30 21:00:00,1.384650,1.385700,1.383950,1.385050,4,2024-07-31
2024-07-31 01:00:00,1.385050,1.385700,1.384600,1.384950,4,2024-07-31
2024-07-31 05:00:00,1.384900,1.385900,1.384200,1.384600,4,2024-07-31
2024-07-31 09:00:00,1.384600,1.385050,1.383400,1.383450,4,2024-07-31
2024-07-31 13:00:00,1.383600,1.385050,1.383400,1.383750,4,2024-07-31
2024-07-31 17:00:00,1.383750,1.383900,1.378750,1.381450,4,2024-08-01
2024-07-31 21:00:00,1.381450,1.382250,1.379150,1.379500,4,2024-08-01
2024-08-01 01:00:00,1.379600,1.381250,1.379000,1.380400,4,2024-08-01
2024-08-01 05:00:00,1.380500,1.382000,1.380000,1.380200,4,2024-08-01
2024-08-01 09:00:00,1.380300,1.382050,1.380200,1.381600,4,2024-08-01
2024-08-01 13:00:00,1.381800,1.383650,1.381500,1.382750,4,2024-08-01
2024-08-01 17:00:00,1.382300,1.383850,1.379650,1.383550,4,2024-08-02
2024-08-01 21:00:00,1.383500,1.388900,1.383500,1.388550,4,2024-08-02
2024-08-02 01:00:00,1.388650,1.388900,1.386650,1.388300,4,2024-08-02
2024-08-02 05:00:00,1.388200,1.388850,1.386050,1.386300,4,2024-08-02
2024-08-02 09:00:00,1.386200,1.386600,1.385300,1.386100,4,2024-08-02
2024-08-02 13:00:00,1.386200,1.388150,1.386100,1.387350,4,2024-08-02
2024-08-05 05:00:00,1.387000,1.388700,1.385950,1.386700,4,2024-08-05
2024-08-05 09:00:00,1.386700,1.394700,1.386550,1.390100,4,2024-08-05
2024-08-05 13:00:00,1.390100,1.390200,1.385450,1.385500,4,2024-08-05
2024-08-05 17:00:00,1.385400,1.386800,1.381000,1.383950,4,2024-08-06
2024-08-05 21:00:00,1.384000,1.384800,1.381800,1.383250,4,2024-08-06
2024-08-06 01:00:00,1.383200,1.383600,1.380900,1.381000,4,2024-08-06
2024-08-06 05:00:00,1.380900,1.381700,1.379300,1.381400,4,2024-08-06
2024-08-06 09:00:00,1.381250,1.383000,1.380700,1.382750,4,2024-08-06
2024-08-06 13:00:00,1.383000,1.385650,1.383000,1.383950,4,2024-08-06
2024-08-06 17:00:00,1.383900,1.384500,1.378900,1.380750,4,2024-08-07
2024-08-06 21:00:00,1.380700,1.380800,1.375700,1.376800,4,2024-08-07
2024-08-07 01:00:00,1.376900,1.378800,1.376700,1.378300,4,2024-08-07
2024-08-07 05:00:00,1.378400,1.379100,1.377300,1.377900,4,2024-08-07
2024-08-07 09:00:00,1.377800,1.378050,1.376600,1.377200,4,2024-08-07
2024-08-07 13:00:00,1.377300,1.377900,1.374300,1.374500,4,2024-08-07
2024-08-07 17:00:00,1.374400,1.374800,1.372700,1.372850,4,2024-08-08
2024-08-07 21:00:00,1.372650,1.375400,1.372100,1.374650,4,2024-08-08
2024-08-08 01:00:00,1.374700,1.376200,1.374000,1.375450,4,2024-08-08
2024-08-08 05:00:00,1.375450,1.375900,1.373000,1.373200,4,2024-08-08
2024-08-08 09:00:00,1.373250,1.374050,1.372650,1.373050,4,2024-08-08
2024-08-08 13:00:00,1.373000,1.375100,1.372950,1.374900,4,2024-08-08
2024-08-08 17:00:00,1.374950,1.376550,1.373700,1.374900,4,2024-08-09
2024-08-08 21:00:00,1.375000,1.375100,1.373000,1.373150,4,2024-08-09
2024-08-09 01:00:00,1.373300,1.373900,1.372900,1.373800,4,2024-08-09
2024-08-09 05:00:00,1.373900,1.374450,1.372550,1.373050,4,2024-08-09
2024-08-09 09:00:00,1.372900,1.374150,1.371800,1.372000,4,2024-08-09
2024-08-09 13:00:00,1.372050,1.374100,1.372050,1.373950,4,2024-08-09
2024-08-12 05:00:00,1.374000,1.374100,1.372800,1.373400,4,2024-08-12
2024-08-12 09:00:00,1.373450,1.373950,1.372650,1.373100,4,2024-08-12
2024-08-12 13:00:00,1.373100,1.373400,1.371800,1.372000,4,2024-08-12
2024-08-12 17:00:00,1.372000,1.374400,1.371950,1.373400,4,2024-08-13
2024-08-12 21:00:00,1.373550,1.374800,1.373150,1.373550,4,2024-08-13
2024-08-13 01:00:00,1.373500,1.374600,1.373500,1.374050,4,2024-08-13
2024-08-13 05:00:00,1.374000,1.374800,1.373950,1.374150,4,2024-08-13
2024-08-13 09:00:00,1.374150,1.374600,1.373500,1.373550,4,2024-08-13
2024-08-13 13:00:00,1.373600,1.374050,1.372650,1.373950,4,2024-08-13
2024-08-13 17:00:00,1.373850,1.374200,1.372000,1.372450,4,2024-08-14
2024-08-13 21:00:00,1.372300,1.373100,1.370900,1.371250,4,2024-08-14
2024-08-14 01:00:00,1.371200,1.371250,1.370400,1.370700,4,2024-08-14
2024-08-14 05:00:00,1.370700,1.372000,1.370450,1.371550,4,2024-08-14
2024-08-14 09:00:00,1.371500,1.372150,1.371300,1.371350,4,2024-08-14
2024-08-14 13:00:00,1.371350,1.371500,1.370000,1.370300,4,2024-08-14
2024-08-14 17:00:00,1.370300,1.372200,1.368900,1.369450,4,2024-08-15
2024-08-14 21:00:00,1.369450,1.372500,1.369350,1.371250,4,2024-08-15
2024-08-15 01:00:00,1.371250,1.372100,1.371250,1.371400,4,2024-08-15
2024-08-15 05:00:00,1.371400,1.372550,1.371200,1.371500,4,2024-08-15
2024-08-15 09:00:00,1.371550,1.371600,1.370450,1.370550,4,2024-08-15
2024-08-15 13:00:00,1.370600,1.371100,1.370200,1.370950,4,2024-08-15
2024-08-15 17:00:00,1.371000,1.373850,1.369800,1.370150,4,2024-08-16
2024-08-15 21:00:00,1.370150,1.372700,1.369500,1.372400,4,2024-08-16
2024-08-16 01:00:00,1.372400,1.373900,1.372400,1.373350,4,2024-08-16
2024-08-16 05:00:00,1.373350,1.373550,1.372200,1.372250,4,2024-08-16
2024-08-16 09:00:00,1.372300,1.372950,1.371600,1.372150,4,2024-08-16
2024-08-16 13:00:00,1.372150,1.373100,1.371600,1.372600,4,2024-08-16
2024-08-19 05:00:00,1.368200,1.368350,1.366400,1.366650,4,2024-08-19
2024-08-19 09:00:00,1.366650,1.367250,1.366150,1.367000,4,2024-08-19
2024-08-19 13:00:00,1.367000,1.368500,1.366400,1.368150,4,2024-08-19
2024-08-19 17:00:00,1.368300,1.368450,1.363550,1.364600,4,2024-08-20
2024-08-19 21:00:00,1.364550,1.366000,1.362950,1.363450,4,2024-08-20
2024-08-20 01:00:00,1.363500,1.364100,1.363000,1.363300,4,2024-08-20
2024-08-20 05:00:00,1.363300,1.363850,1.362800,1.363750,4,2024-08-20
2024-08-20 09:00:00,1.363750,1.364200,1.362500,1.362650,4,2024-08-20
2024-08-20 13:00:00,1.362800,1.362950,1.361050,1.361050,4,2024-08-20
2024-08-20 17:00:00,1.361050,1.363750,1.360500,1.362900,4,2024-08-21
2024-08-20 21:00:00,1.363000,1.364100,1.362100,1.362200,4,2024-08-21
2024-08-21 01:00:00,1.362250,1.362600,1.361650,1.361950,4,2024-08-21
2024-08-21 05:00:00,1.361850,1.362450,1.361350,1.361900,4,2024-08-21
2024-08-21 09:00:00,1.361850,1.362200,1.361150,1.361950,4,2024-08-21
2024-08-21 13:00:00,1.361850,1.362400,1.359900,1.360050,4,2024-08-21
2024-08-21 17:00:00,1.360050,1.361200,1.359000,1.360050,4,2024-08-22
2024-08-21 21:00:00,1.359900,1.360100,1.357600,1.358400,4,2024-08-22
2024-08-22 01:00:00,1.358450,1.360150,1.358450,1.358600,4,2024-08-22
2024-08-22 05:00:00,1.358650,1.359300,1.358300,1.358900,4,2024-08-22
2024-08-22 09:00:00,1.358800,1.359000,1.357900,1.358250,4,2024-08-22
2024-08-22 13:00:00,1.358300,1.358400,1.357150,1.358350,4,2024-08-22
2024-08-22 17:00:00,1.358350,1.361900,1.357550,1.359800,4,2024-08-23
2024-08-22 21:00:00,1.360000,1.361100,1.359650,1.360400,4,2024-08-23
2024-08-23 01:00:00,1.360500,1.361800,1.360200,1.360850,4,2024-08-23
2024-08-23 05:00:00,1.360800,1.360900,1.359550,1.359800,4,2024-08-23
2024-08-23 09:00:00,1.359800,1.360000,1.358700,1.359150,4,2024-08-23
2024-08-23 13:00:00,1.359100,1.359650,1.358300,1.358700,4,2024-08-23
2024-08-26 05:00:00,1.351300,1.351600,1.349900,1.350900,4,2024-08-26
2024-08-26 09:00:00,1.350950,1.351400,1.350300,1.350550,4,2024-08-26
2024-08-26 13:00:00,1.350700,1.351300,1.349900,1.350050,4,2024-08-26
2024-08-26 17:00:00,1.349950,1.351350,1.346300,1.346850,4,2024-08-27
2024-08-26 21:00:00,1.346850,1.348950,1.346600,1.347500,4,2024-08-27
2024-08-27 01:00:00,1.347550,1.349000,1.347450,1.348350,4,2024-08-27
2024-08-27 05:00:00,1.348300,1.348850,1.347800,1.348150,4,2024-08-27
2024-08-27 09:00:00,1.348150,1.348500,1.347600,1.348450,4,2024-08-27
2024-08-27 13:00:00,1.348500,1.348500,1.346400,1.346450,4,2024-08-27
2024-08-27 17:00:00,1.346450,1.348150,1.345400,1.345400,4,2024-08-28
2024-08-27 21:00:00,1.345450,1.346600,1.344450,1.344750,4,2024-08-28
2024-08-28 01:00:00,1.344800,1.345400,1.344100,1.344850,4,2024-08-28
2024-08-28 05:00:00,1.344850,1.345100,1.344100,1.344950,4,2024-08-28
2024-08-28 09:00:00,1.345050,1.346850,1.344850,1.346050,4,2024-08-28
2024-08-28 13:00:00,1.346050,1.346600,1.345000,1.346250,4,2024-08-28
2024-08-28 17:00:00,1.346250,1.347900,1.344900,1.345400,4,2024-08-29
2024-08-28 21:00:00,1.345500,1.348800,1.345300,1.347500,4,2024-08-29
2024-08-29 01:00:00,1.347500,1.348250,1.347350,1.348000,4,2024-08-29
2024-08-29 05:00:00,1.348000,1.348000,1.346200,1.347050,4,2024-08-29
2024-08-29 09:00:00,1.347050,1.347200,1.345500,1.346150,4,2024-08-29
2024-08-29 13:00:00,1.346050,1.347500,1.345000,1.345350,4,2024-08-29
2024-08-29 17:00:00,1.345350,1.349100,1.345150,1.347750,4,2024-08-30
2024-08-29 21:00:00,1.347600,1.348400,1.345900,1.347650,4,2024-08-30
2024-08-30 01:00:00,1.347650,1.348700,1.347450,1.348600,4,2024-08-30
2024-08-30 05:00:00,1.348800,1.349000,1.348000,1.348600,4,2024-08-30
2024-08-30 09:00:00,1.348650,1.349100,1.348300,1.348450,4,2024-08-30
2024-08-30 13:00:00,1.348450,1.348450,1.346950,1.347550,4,2024-08-30
2024-09-02 05:00:00,1.348900,1.350450,1.348550,1.349800,4,2024-09-02
2024-09-02 09:00:00,1.349750,1.350150,1.349000,1.349400,4,2024-09-02
2024-09-02 13:00:00,1.349300,1.349950,1.348500,1.349650,4,2024-09-02
2024-09-02 17:00:00,1.349750,1.350550,1.348700,1.349400,4,2024-09-03
2024-09-02 21:00:00,1.349500,1.349950,1.349050,1.349200,4,2024-09-03
2024-09-03 01:00:00,1.349150,1.350000,1.349150,1.350000,4,2024-09-03
2024-09-03 05:00:00,1.350000,1.351450,1.349200,1.351450,4,2024-09-03
2024-09-03 09:00:00,1.351450,1.353100,1.351400,1.351400,4,2024-09-03
2024-09-03 13:00:00,1.351400,1.354700,1.350450,1.354500,4,2024-09-03
2024-09-03 17:00:00,1.354600,1.356300,1.352950,1.355150,4,2024-09-04
2024-09-03 21:00:00,1.355200,1.355700,1.353600,1.354900,4,2024-09-04
2024-09-04 01:00:00,1.354750,1.355650,1.354250,1.354550,4,2024-09-04
2024-09-04 05:00:00,1.354450,1.355600,1.353300,1.353850,4,2024-09-04
2024-09-04 09:00:00,1.353800,1.354600,1.353300,1.353700,4,2024-09-04
2024-09-04 13:00:00,1.353800,1.356300,1.353700,1.355100,4,2024-09-04
2024-09-04 17:00:00,1.355050,1.356550,1.350000,1.351100,4,2024-09-05
2024-09-04 21:00:00,1.351200,1.352650,1.350850,1.351900,4,2024-09-05
2024-09-05 01:00:00,1.351950,1.352050,1.350400,1.350450,4,2024-09-05
2024-09-05 05:00:00,1.350450,1.351400,1.350400,1.350950,4,2024-09-05
2024-09-05 09:00:00,1.350950,1.351300,1.350400,1.351050,4,2024-09-05
2024-09-05 13:00:00,1.351200,1.351800,1.350400,1.351100,4,2024-09-05
2024-09-05 17:00:00,1.351050,1.352400,1.350400,1.351900,4,2024-09-06
2024-09-05 21:00:00,1.351800,1.352500,1.350600,1.350700,4,2024-09-06
2024-09-06 01:00:00,1.350750,1.351400,1.350100,1.350100,4,2024-09-06
2024-09-06 05:00:00,1.350150,1.350500,1.349700,1.349950,4,2024-09-06
2024-09-06 09:00:00,1.349850,1.350200,1.348600,1.348600,4,2024-09-06
2024-09-06 13:00:00,1.348700,1.350600,1.348600,1.349400,4,2024-09-06
2024-09-09 05:00:00,1.356700,1.356800,1.355200,1.355650,4,2024-09-09
2024-09-09 09:00:00,1.355600,1.356900,1.355400,1.356550,4,2024-09-09
2024-09-09 13:00:00,1.356650,1.357350,1.355850,1.356600,4,2024-09-09
2024-09-09 17:00:00,1.356650,1.357750,1.355850,1.356400,4,2024-09-10
2024-09-09 21:00:00,1.356300,1.357250,1.354550,1.355950,4,2024-09-10
2024-09-10 01:00:00,1.355950,1.356500,1.355550,1.355950,4,2024-09-10
2024-09-10 05:00:00,1.356000,1.357300,1.355900,1.356850,4,2024-09-10
2024-09-10 09:00:00,1.356900,1.356900,1.356050,1.356350,4,2024-09-10
2024-09-10 13:00:00,1.356500,1.357950,1.356250,1.356850,4,2024-09-10
2024-09-10 17:00:00,1.356700,1.361500,1.356500,1.360400,4,2024-09-11
2024-09-10 21:00:00,1.360450,1.361300,1.359500,1.360400,4,2024-09-11
2024-09-11 01:00:00,1.360450,1.361150,1.360100,1.361100,4,2024-09-11
2024-09-11 05:00:00,1.361100,1.361700,1.360000,1.360600,4,2024-09-11
2024-09-11 09:00:00,1.360600,1.360950,1.359200,1.359300,4,2024-09-11
2024-09-11 13:00:00,1.359350,1.359600,1.357950,1.357950,4,2024-09-11
2024-09-11 17:00:00,1.358000,1.362300,1.357350,1.361050,4,2024-09-12
2024-09-11 21:00:00,1.361000,1.361200,1.356700,1.357700,4,2024-09-12
2024-09-12 01:00:00,1.357650,1.357700,1.356650,1.357500,4,2024-09-12
2024-09-12 05:00:00,1.357500,1.358600,1.357400,1.358250,4,2024-09-12
2024-09-12 09:00:00,1.358250,1.358350,1.356400,1.357150,4,2024-09-12
2024-09-12 13:00:00,1.357200,1.358100,1.356550,1.357300,4,2024-09-12
2024-09-12 17:00:00,1.357400,1.360500,1.357200,1.359500,4,2024-09-13
2024-09-12 21:00:00,1.359600,1.360000,1.358450,1.358950,4,2024-09-13
2024-09-13 01:00:00,1.358900,1.359000,1.357650,1.357950,4,2024-09-13
2024-09-13 05:00:00,1.358000,1.358050,1.356500,1.357550,4,2024-09-13
2024-09-13 09:00:00,1.357500,1.358350,1.357000,1.357800,4,2024-09-13
2024-09-13 13:00:00,1.357900,1.358450,1.356600,1.358250,4,2024-09-13
2024-09-16 05:00:00,1.358200,1.358300,1.357550,1.357600,4,2024-09-16
2024-09-16 09:00:00,1.357650,1.358050,1.356700,1.357500,4,2024-09-16
2024-09-16 13:00:00,1.357650,1.358150,1.357250,1.357600,4,2024-09-16
2024-09-16 17:00:00,1.357650,1.359600,1.357250,1.359350,4,2024-09-17
2024-09-16 21:00:00,1.359350,1.360750,1.358800,1.359300,4,2024-09-17
2024-09-17 01:00:00,1.359250,1.359450,1.358400,1.358500,4,2024-09-17
2024-09-17 05:00:00,1.358400,1.359500,1.358350,1.359150,4,2024-09-17
2024-09-17 09:00:00,1.359250,1.359900,1.358050,1.358400,4,2024-09-17
2024-09-17 13:00:00,1.358400,1.359550,1.357950,1.359500,4,2024-09-17
2024-09-17 17:00:00,1.359450,1.361700,1.358050,1.358850,4,2024-09-18
2024-09-17 21:00:00,1.358800,1.360550,1.358700,1.359350,4,2024-09-18
2024-09-18 01:00:00,1.359350,1.360000,1.359100,1.359650,4,2024-09-18
2024-09-18 05:00:00,1.359600,1.359700,1.358450,1.358850,4,2024-09-18
2024-09-18 09:00:00,1.358850,1.359500,1.358400,1.358950,4,2024-09-18
2024-09-18 13:00:00,1.359000,1.359300,1.358200,1.358750,4,2024-09-18
2024-09-18 17:00:00,1.358800,1.360150,1.357700,1.359500,4,2024-09-19
2024-09-18 21:00:00,1.359400,1.360800,1.354100,1.357450,4,2024-09-19
2024-09-19 01:00:00,1.357500,1.362250,1.357500,1.360300,4,2024-09-19
2024-09-19 05:00:00,1.360200,1.364750,1.360100,1.361150,4,2024-09-19
2024-09-19 09:00:00,1.361150,1.361500,1.357200,1.357250,4,2024-09-19
2024-09-19 13:00:00,1.357300,1.357500,1.353300,1.353900,4,2024-09-19
2024-09-19 17:00:00,1.354200,1.360100,1.353700,1.357850,4,2024-09-20
2024-09-19 21:00:00,1.357900,1.358250,1.354700,1.355550,4,2024-09-20
2024-09-20 01:00:00,1.355550,1.356550,1.355250,1.356050,4,2024-09-20
2024-09-20 05:00:00,1.356100,1.356900,1.355950,1.356400,4,2024-09-20
2024-09-20 09:00:00,1.356400,1.356750,1.355400,1.356050,4,2024-09-20
2024-09-20 13:00:00,1.356000,1.357700,1.355850,1.356800,4,2024-09-20
2024-09-23 05:00:00,1.356800,1.356950,1.355850,1.356000,4,2024-09-23
2024-09-23 09:00:00,1.355950,1.356550,1.355400,1.356550,4,2024-09-23
2024-09-23 13:00:00,1.356500,1.358250,1.354850,1.355250,4,2024-09-23
2024-09-23 17:00:00,1.355250,1.355500,1.349400,1.349550,4,2024-09-24
2024-09-23 21:00:00,1.349500,1.351100,1.348700,1.350100,4,2024-09-24
2024-09-24 01:00:00,1.350200,1.354450,1.350100,1.353000,4,2024-09-24
2024-09-24 05:00:00,1.353000,1.353300,1.352000,1.352500,4,2024-09-24
2024-09-24 09:00:00,1.352550,1.353000,1.351000,1.351850,4,2024-09-24
2024-09-24 13:00:00,1.352000,1.352250,1.350650,1.350950,4,2024-09-24
2024-09-24 17:00:00,1.351100,1.351500,1.347500,1.347700,4,2024-09-25
2024-09-24 21:00:00,1.347650,1.347750,1.344250,1.344400,4,2024-09-25
2024-09-25 01:00:00,1.344300,1.344300,1.342550,1.342550,4,2024-09-25
2024-09-25 05:00:00,1.342600,1.343200,1.341950,1.342900,4,2024-09-25
2024-09-25 09:00:00,1.343000,1.343950,1.342300,1.343200,4,2024-09-25
2024-09-25 13:00:00,1.343200,1.344100,1.342400,1.343550,4,2024-09-25
2024-09-25 17:00:00,1.343400,1.346200,1.343050,1.345650,4,2024-09-26
2024-09-25 21:00:00,1.345750,1.348250,1.345200,1.347950,4,2024-09-26
2024-09-26 01:00:00,1.348100,1.348700,1.347600,1.348650,4,2024-09-26
2024-09-26 05:00:00,1.348500,1.348750,1.346500,1.347050,4,2024-09-26
2024-09-26 09:00:00,1.347100,1.347500,1.346250,1.346650,4,2024-09-26
2024-09-26 13:00:00,1.346750,1.347800,1.346300,1.346500,4,2024-09-26
2024-09-26 17:00:00,1.346550,1.349000,1.345800,1.346900,4,2024-09-27
2024-09-26 21:00:00,1.347000,1.348350,1.346400,1.347050,4,2024-09-27
2024-09-27 01:00:00,1.347000,1.347700,1.346450,1.346800,4,2024-09-27
2024-09-27 05:00:00,1.346700,1.349300,1.346650,1.348800,4,2024-09-27
2024-09-27 09:00:00,1.348750,1.349550,1.348250,1.348550,4,2024-09-27
2024-09-27 13:00:00,1.348600,1.349300,1.347250,1.347900,4,2024-09-27
2024-09-30 05:00:00,1.351200,1.351950,1.350300,1.351650,4,2024-09-30
2024-09-30 09:00:00,1.351600,1.351750,1.350100,1.351050,4,2024-09-30
2024-09-30 13:00:00,1.351300,1.352750,1.350850,1.352550,4,2024-09-30
2024-09-30 17:00:00,1.352550,1.352700,1.349000,1.350850,4,2024-10-01
2024-09-30 21:00:00,1.351100,1.353800,1.350150,1.352400,4,2024-10-01
2024-10-01 01:00:00,1.352400,1.353250,1.352000,1.352500,4,2024-10-01
2024-10-01 05:00:00,1.352400,1.353400,1.352000,1.352500,4,2024-10-01
2024-10-01 09:00:00,1.352400,1.353250,1.351550,1.351900,4,2024-10-01
2024-10-01 13:00:00,1.351850,1.354000,1.351700,1.352850,4,2024-10-01
2024-10-01 17:00:00,1.352850,1.352900,1.348800,1.350250,4,2024-10-02
2024-10-01 21:00:00,1.350200,1.352100,1.348300,1.348400,4,2024-10-02
2024-10-02 01:00:00,1.348450,1.349650,1.348100,1.349550,4,2024-10-02
2024-10-02 05:00:00,1.349700,1.349750,1.347700,1.347950,4,2024-10-02
2024-10-02 09:00:00,1.347900,1.349150,1.347600,1.348650,4,2024-10-02
2024-10-02 13:00:00,1.348500,1.349200,1.347800,1.348200,4,2024-10-02
2024-10-02 17:00:00,1.348100,1.349600,1.347200,1.348350,4,2024-10-03
2024-10-02 21:00:00,1.348350,1.350750,1.348000,1.350750,4,2024-10-03
2024-10-03 01:00:00,1.350650,1.351050,1.349450,1.350550,4,2024-10-03
2024-10-03 05:00:00,1.350550,1.351950,1.350350,1.351850,4,2024-10-03
2024-10-03 09:00:00,1.351950,1.353050,1.350700,1.351150,4,2024-10-03
2024-10-03 13:00:00,1.351000,1.353350,1.350800,1.353300,4,2024-10-03
2024-10-03 17:00:00,1.353300,1.355350,1.351750,1.354050,4,2024-10-04
2024-10-03 21:00:00,1.354050,1.355000,1.352550,1.354800,4,2024-10-04
2024-10-04 01:00:00,1.354750,1.356000,1.354600,1.355350,4,2024-10-04
2024-10-04 05:00:00,1.355400,1.355400,1.354450,1.355350,4,2024-10-04
2024-10-04 09:00:00,1.355350,1.356700,1.355050,1.356600,4,2024-10-04
2024-10-04 13:00:00,1.356700,1.356700,1.355100,1.355400,4,2024-10-04
2024-10-07 05:00:00,1.357800,1.358500,1.357300,1.357950,4,2024-10-07
2024-10-07 09:00:00,1.357950,1.359000,1.357550,1.358700,4,2024-10-07
2024-10-07 13:00:00,1.358800,1.359900,1.357800,1.358900,4,2024-10-07
2024-10-07 17:00:00,1.359200,1.360600,1.357850,1.360200,4,2024-10-08
2024-10-07 21:00:00,1.360100,1.362000,1.359750,1.361250,4,2024-10-08
2024-10-08 01:00:00,1.361250,1.363950,1.361100,1.362100,4,2024-10-08
2024-10-08 05:00:00,1.362000,1.362550,1.361150,1.361550,4,2024-10-08
2024-10-08 09:00:00,1.361650,1.363450,1.361500,1.362850,4,2024-10-08
2024-10-08 13:00:00,1.362750,1.364800,1.362600,1.364400,4,2024-10-08
2024-10-08 17:00:00,1.364400,1.365900,1.363600,1.365400,4,2024-10-09
2024-10-08 21:00:00,1.365300,1.367550,1.364900,1.365350,4,2024-10-09
2024-10-09 01:00:00,1.365350,1.366000,1.364550,1.364750,4,2024-10-09
2024-10-09 05:00:00,1.364750,1.365900,1.364300,1.365800,4,2024-10-09
2024-10-09 09:00:00,1.365750,1.366400,1.364700,1.365400,4,2024-10-09
2024-10-09 13:00:00,1.365400,1.367450,1.365200,1.366450,4,2024-10-09
2024-10-09 17:00:00,1.366600,1.368650,1.366450,1.367800,4,2024-10-10
2024-10-09 21:00:00,1.367650,1.369850,1.367350,1.369400,4,2024-10-10
2024-10-10 01:00:00,1.369400,1.371900,1.369250,1.370900,4,2024-10-10
2024-10-10 05:00:00,1.371000,1.371400,1.370600,1.371100,4,2024-10-10
2024-10-10 09:00:00,1.371150,1.371550,1.370450,1.371200,4,2024-10-10
2024-10-10 13:00:00,1.371300,1.373500,1.370800,1.373450,4,2024-10-10
2024-10-10 17:00:00,1.373350,1.376850,1.373100,1.375750,4,2024-10-11
2024-10-10 21:00:00,1.375800,1.377550,1.374800,1.375400,4,2024-10-11
2024-10-11 01:00:00,1.375450,1.376150,1.373750,1.374100,4,2024-10-11
2024-10-11 05:00:00,1.374200,1.375550,1.374050,1.375450,4,2024-10-11
2024-10-11 09:00:00,1.375450,1.375950,1.375100,1.375450,4,2024-10-11
2024-10-11 13:00:00,1.375600,1.376850,1.375250,1.376600,4,2024-10-11
2024-10-14 05:00:00,1.376200,1.378750,1.376200,1.378500,4,2024-10-14
2024-10-14 09:00:00,1.378600,1.378950,1.377300,1.377400,4,2024-10-14
2024-10-14 13:00:00,1.377300,1.379550,1.377050,1.379500,4,2024-10-14
2024-10-14 17:00:00,1.379450,1.380150,1.378100,1.378500,4,2024-10-15
2024-10-14 21:00:00,1.378550,1.380050,1.378400,1.379650,4,2024-10-15
2024-10-15 01:00:00,1.379650,1.380500,1.379000,1.379250,4,2024-10-15
2024-10-15 05:00:00,1.379400,1.380350,1.379400,1.379700,4,2024-10-15
2024-10-15 09:00:00,1.379700,1.381500,1.379600,1.380850,4,2024-10-15
2024-10-15 13:00:00,1.381050,1.381450,1.380250,1.380800,4,2024-10-15
2024-10-15 17:00:00,1.380850,1.383900,1.380000,1.381450,4,2024-10-16
2024-10-15 21:00:00,1.381500,1.382000,1.379050,1.380550,4,2024-10-16
2024-10-16 01:00:00,1.380500,1.380500,1.377000,1.377550,4,2024-10-16
2024-10-16 05:00:00,1.377500,1.379000,1.377350,1.377900,4,2024-10-16
2024-10-16 09:00:00,1.377900,1.378400,1.377350,1.377550,4,2024-10-16
2024-10-16 13:00:00,1.377800,1.379350,1.377550,1.378650,4,2024-10-16
2024-10-16 17:00:00,1.378650,1.379100,1.376700,1.377200,4,2024-10-17
2024-10-16 21:00:00,1.377300,1.378400,1.376300,1.376350,4,2024-10-17
2024-10-17 01:00:00,1.376450,1.376450,1.375000,1.375250,4,2024-10-17
2024-10-17 05:00:00,1.375300,1.375900,1.375000,1.375100,4,2024-10-17
2024-10-17 09:00:00,1.375000,1.376600,1.374700,1.376450,4,2024-10-17
2024-10-17 13:00:00,1.376500,1.378600,1.376350,1.378250,4,2024-10-17
2024-10-17 17:00:00,1.378350,1.379400,1.377150,1.377700,4,2024-10-18
2024-10-17 21:00:00,1.377700,1.379800,1.377500,1.379350,4,2024-10-18
2024-10-18 01:00:00,1.379200,1.380150,1.378850,1.379450,4,2024-10-18
2024-10-18 05:00:00,1.379400,1.380000,1.379050,1.379250,4,2024-10-18
2024-10-18 09:00:00,1.379250,1.379900,1.378600,1.379350,4,2024-10-18
2024-10-18 13:00:00,1.379400,1.380050,1.378800,1.379350,4,2024-10-18
2024-10-21 05:00:00,1.380400,1.381000,1.379950,1.380600,4,2024-10-21
2024-10-21 09:00:00,1.380650,1.381200,1.380300,1.381150,4,2024-10-21
2024-10-21 13:00:00,1.381200,1.382200,1.381100,1.382150,4,2024-10-21
2024-10-21 17:00:00,1.382200,1.382800,1.381300,1.382400,4,2024-10-22
2024-10-21 21:00:00,1.382400,1.384950,1.382300,1.383500,4,2024-10-22
2024-10-22 01:00:00,1.383450,1.384350,1.382900,1.383300,4,2024-10-22
2024-10-22 05:00:00,1.383200,1.383800,1.382900,1.383150,4,2024-10-22
2024-10-22 09:00:00,1.383250,1.383600,1.382600,1.383100,4,2024-10-22
2024-10-22 13:00:00,1.383150,1.383700,1.382150,1.383450,4,2024-10-22
2024-10-22 17:00:00,1.383450,1.383600,1.381300,1.382350,4,2024-10-23
2024-10-22 21:00:00,1.382400,1.383300,1.381750,1.382150,4,2024-10-23
2024-10-23 01:00:00,1.382050,1.382400,1.381500,1.381700,4,2024-10-23
2024-10-23 05:00:00,1.381700,1.382900,1.381700,1.382400,4,2024-10-23
2024-10-23 09:00:00,1.382450,1.382450,1.381600,1.381950,4,2024-10-23
2024-10-23 13:00:00,1.381950,1.382750,1.381700,1.382400,4,2024-10-23
2024-10-23 17:00:00,1.382550,1.384800,1.382150,1.384100,4,2024-10-24
2024-10-23 21:00:00,1.384100,1.386300,1.383600,1.384050,4,2024-10-24
2024-10-24 01:00:00,1.384150,1.385000,1.383500,1.383600,4,2024-10-24
2024-10-24 05:00:00,1.383700,1.384250,1.382400,1.382850,4,2024-10-24
2024-10-24 09:00:00,1.382850,1.383000,1.382050,1.382300,4,2024-10-24
2024-10-24 13:00:00,1.382350,1.382950,1.381300,1.381700,4,2024-10-24
2024-10-24 17:00:00,1.381900,1.383600,1.381200,1.383050,4,2024-10-25
2024-10-24 21:00:00,1.383000,1.386900,1.382850,1.385600,4,2024-10-25
2024-10-25 01:00:00,1.385600,1.385800,1.384850,1.385250,4,2024-10-25
2024-10-25 05:00:00,1.385100,1.385600,1.384800,1.385150,4,2024-10-25
2024-10-25 09:00:00,1.385200,1.385650,1.384700,1.385000,4,2024-10-25
2024-10-25 13:00:00,1.385000,1.385700,1.384400,1.384700,4,2024-10-25
2024-10-28 05:00:00,1.389100,1.389900,1.389100,1.389650,4,2024-10-28
2024-10-28 09:00:00,1.389650,1.390650,1.389400,1.389850,4,2024-10-28
2024-10-28 13:00:00,1.389850,1.390000,1.388550,1.389450,4,2024-10-28
2024-10-28 17:00:00,1.389700,1.389900,1.388200,1.388750,4,2024-10-29
2024-10-28 21:00:00,1.388700,1.390800,1.388550,1.389250,4,2024-10-29
2024-10-29 01:00:00,1.389300,1.389700,1.388500,1.389200,4,2024-10-29
2024-10-29 05:00:00,1.389200,1.389600,1.388700,1.388900,4,2024-10-29
2024-10-29 09:00:00,1.388850,1.390050,1.388650,1.389550,4,2024-10-29
2024-10-29 13:00:00,1.389500,1.389600,1.387600,1.387950,4,2024-10-29
2024-10-29 17:00:00,1.387950,1.391200,1.387600,1.390000,4,2024-10-30
2024-10-29 21:00:00,1.389700,1.393000,1.388500,1.392200,4,2024-10-30
2024-10-30 01:00:00,1.392100,1.392600,1.391150,1.391550,4,2024-10-30
2024-10-30 05:00:00,1.391600,1.391900,1.390850,1.391350,4,2024-10-30
2024-10-30 09:00:00,1.391350,1.392500,1.391250,1.392050,4,2024-10-30
2024-10-30 13:00:00,1.392050,1.392200,1.390200,1.391500,4,2024-10-30
2024-10-30 17:00:00,1.391450,1.394100,1.390800,1.391450,4,2024-10-31
2024-10-30 21:00:00,1.391400,1.393250,1.390000,1.390250,4,2024-10-31
2024-10-31 01:00:00,1.390100,1.390800,1.389500,1.390300,4,2024-10-31
2024-10-31 05:00:00,1.390100,1.391900,1.389900,1.391700,4,2024-10-31
2024-10-31 09:00:00,1.391700,1.392150,1.391400,1.391750,4,2024-10-31
2024-10-31 13:00:00,1.391650,1.392250,1.391000,1.391900,4,2024-10-31
2024-10-31 17:00:00,1.391900,1.392750,1.389100,1.390300,4,2024-11-01
2024-10-31 21:00:00,1.390400,1.394550,1.389700,1.392300,4,2024-11-01
2024-11-01 01:00:00,1.392300,1.393700,1.390700,1.393200,4,2024-11-01
2024-11-01 05:00:00,1.393200,1.393800,1.392600,1.392850,4,2024-11-01
2024-11-01 09:00:00,1.392850,1.394050,1.392550,1.393800,4,2024-11-01
2024-11-01 13:00:00,1.393800,1.394300,1.392500,1.392900,4,2024-11-01
2024-11-04 01:00:00,1.392250,1.392500,1.392000,1.392050,1,2024-11-04
2024-11-04 05:00:00,1.392300,1.392700,1.390300,1.390750,4,2024-11-04
2024-11-04 09:00:00,1.390750,1.390750,1.389200,1.390300,4,2024-11-04
2024-11-04 13:00:00,1.390350,1.392250,1.390350,1.391050,4,2024-11-04
2024-11-04 17:00:00,1.391100,1.391300,1.388300,1.388800,4,2024-11-05
2024-11-04 21:00:00,1.388850,1.390250,1.387450,1.389300,4,2024-11-05
2024-11-05 01:00:00,1.389250,1.390450,1.389100,1.390100,4,2024-11-05
2024-11-05 05:00:00,1.390100,1.390700,1.389750,1.390100,4,2024-11-05
2024-11-05 09:00:00,1.390100,1.390350,1.389150,1.389200,4,2024-11-05
2024-11-05 13:00:00,1.389300,1.389300,1.388000,1.388600,4,2024-11-05
2024-11-05 17:00:00,1.388500,1.388500,1.385100,1.386200,4,2024-11-06
2024-11-05 21:00:00,1.387100,1.387400,1.384050,1.384750,4,2024-11-06
2024-11-06 01:00:00,1.384700,1.384700,1.382250,1.383100,4,2024-11-06
2024-11-06 05:00:00,1.382900,1.392000,1.382350,1.391850,4,2024-11-06
2024-11-06 09:00:00,1.392000,1.393900,1.389300,1.392800,4,2024-11-06
2024-11-06 13:00:00,1.392800,1.393200,1.388500,1.389300,4,2024-11-06
2024-11-06 17:00:00,1.389300,1.395900,1.388850,1.394250,4,2024-11-07
2024-11-06 21:00:00,1.394200,1.394800,1.391550,1.393500,4,2024-11-07
2024-11-07 01:00:00,1.393350,1.394550,1.393000,1.394300,4,2024-11-07
2024-11-07 05:00:00,1.394400,1.394850,1.390000,1.390200,4,2024-11-07
2024-11-07 09:00:00,1.390050,1.390300,1.388550,1.388550,4,2024-11-07
2024-11-07 13:00:00,1.388500,1.389300,1.387050,1.388450,4,2024-11-07
2024-11-07 17:00:00,1.388500,1.389800,1.385700,1.386050,4,2024-11-08
2024-11-07 21:00:00,1.386050,1.387650,1.385000,1.386300,4,2024-11-08
2024-11-08 01:00:00,1.386200,1.387800,1.384200,1.386400,4,2024-11-08
2024-11-08 05:00:00,1.386400,1.388400,1.386200,1.388250,4,2024-11-08
2024-11-08 09:00:00,1.388300,1.388900,1.387850,1.388250,4,2024-11-08
2024-11-08 13:00:00,1.388300,1.390000,1.388100,1.389250,4,2024-11-08
2024-11-11 01:00:00,1.391300,1.392100,1.390900,1.391100,1,2024-11-11
2024-11-11 05:00:00,1.391200,1.392050,1.390500,1.391700,4,2024-11-11
2024-11-11 09:00:00,1.391650,1.392700,1.391100,1.391300,4,2024-11-11
2024-11-11 13:00:00,1.391350,1.393500,1.391100,1.393150,4,2024-11-11
2024-11-11 17:00:00,1.393150,1.395100,1.392500,1.393600,4,2024-11-12
2024-11-11 21:00:00,1.393500,1.393700,1.391400,1.392650,4,2024-11-12
2024-11-12 01:00:00,1.392650,1.393100,1.392250,1.392350,4,2024-11-12
2024-11-12 05:00:00,1.392400,1.394500,1.391700,1.394250,4,2024-11-12
2024-11-12 09:00:00,1.394250,1.395200,1.393750,1.394750,4,2024-11-12
2024-11-12 13:00:00,1.394700,1.396750,1.394600,1.396250,4,2024-11-12
2024-11-12 17:00:00,1.396200,1.396300,1.392500,1.394050,4,2024-11-13
2024-11-12 21:00:00,1.394100,1.396000,1.393000,1.394900,4,2024-11-13
2024-11-13 01:00:00,1.394800,1.394950,1.393900,1.394650,4,2024-11-13
2024-11-13 05:00:00,1.394600,1.395350,1.394050,1.394650,4,2024-11-13
2024-11-13 09:00:00,1.394750,1.396000,1.394600,1.395450,4,2024-11-13
2024-11-13 13:00:00,1.395750,1.396250,1.394500,1.395550,4,2024-11-13
2024-11-13 17:00:00,1.395800,1.398950,1.393100,1.398650,4,2024-11-14
2024-11-13 21:00:00,1.398600,1.399900,1.396900,1.398550,4,2024-11-14
2024-11-14 01:00:00,1.398400,1.400300,1.398200,1.399600,4,2024-11-14
2024-11-14 05:00:00,1.399500,1.400900,1.398850,1.400750,4,2024-11-14
2024-11-14 09:00:00,1.400850,1.402000,1.400200,1.401350,4,2024-11-14
2024-11-14 13:00:00,1.401500,1.401800,1.399300,1.401300,4,2024-11-14
2024-11-14 17:00:00,1.401250,1.402700,1.399800,1.402700,4,2024-11-15
2024-11-14 21:00:00,1.402650,1.403950,1.400700,1.403700,4,2024-11-15
2024-11-15 01:00:00,1.403750,1.406500,1.403300,1.405900,4,2024-11-15
2024-11-15 05:00:00,1.405800,1.407200,1.405450,1.405600,4,2024-11-15
2024-11-15 09:00:00,1.405700,1.406850,1.405200,1.405400,4,2024-11-15
2024-11-15 13:00:00,1.405500,1.406400,1.403800,1.404200,4,2024-11-15
2024-11-18 01:00:00,1.409300,1.409300,1.408750,1.408950,1,2024-11-18
2024-11-18 05:00:00,1.408900,1.409150,1.407000,1.407650,4,2024-11-18
2024-11-18 09:00:00,1.407650,1.408950,1.407400,1.408500,4,2024-11-18
2024-11-18 13:00:00,1.408600,1.410300,1.408350,1.408950,4,2024-11-18
2024-11-18 17:00:00,1.409000,1.410200,1.406800,1.407450,4,2024-11-19
2024-11-18 21:00:00,1.407500,1.407550,1.400700,1.400750,4,2024-11-19
2024-11-19 01:00:00,1.400700,1.402400,1.400450,1.401950,4,2024-11-19
2024-11-19 05:00:00,1.401900,1.403000,1.401600,1.402200,4,2024-11-19
2024-11-19 09:00:00,1.402200,1.402400,1.400900,1.401600,4,2024-11-19
2024-11-19 13:00:00,1.401700,1.403700,1.400300,1.402100,4,2024-11-19
2024-11-19 17:00:00,1.402100,1.402700,1.397600,1.399900,4,2024-11-20
2024-11-19 21:00:00,1.400000,1.400200,1.396800,1.397000,4,2024-11-20
2024-11-20 01:00:00,1.396900,1.397200,1.395550,1.395900,4,2024-11-20
2024-11-20 05:00:00,1.395900,1.396300,1.395100,1.395900,4,2024-11-20
2024-11-20 09:00:00,1.395900,1.396750,1.395050,1.395500,4,2024-11-20
2024-11-20 13:00:00,1.395600,1.399650,1.395200,1.399100,4,2024-11-20
2024-11-20 17:00:00,1.399150,1.400700,1.397550,1.400550,4,2024-11-21
2024-11-20 21:00:00,1.400600,1.401500,1.398300,1.398850,4,2024-11-21
2024-11-21 01:00:00,1.398800,1.399150,1.397450,1.397650,4,2024-11-21
2024-11-21 05:00:00,1.397500,1.397600,1.396500,1.397200,4,2024-11-21
2024-11-21 09:00:00,1.397200,1.397400,1.396300,1.396900,4,2024-11-21
2024-11-21 13:00:00,1.396850,1.397900,1.395550,1.396950,4,2024-11-21
2024-11-21 17:00:00,1.396950,1.397450,1.394700,1.394950,4,2024-11-22
2024-11-21 21:00:00,1.394850,1.396950,1.393150,1.396000,4,2024-11-22
2024-11-22 01:00:00,1.396100,1.397800,1.395900,1.397400,4,2024-11-22
2024-11-22 05:00:00,1.397300,1.398500,1.396300,1.397100,4,2024-11-22
2024-11-22 09:00:00,1.397100,1.398600,1.396500,1.398350,4,2024-11-22
2024-11-22 13:00:00,1.398600,1.402100,1.395800,1.398800,4,2024-11-22
2024-11-25 01:00:00,1.395150,1.395400,1.394600,1.394750,1,2024-11-25
2024-11-25 05:00:00,1.394800,1.395000,1.392750,1.393800,4,2024-11-25
2024-11-25 09:00:00,1.393850,1.395000,1.393500,1.394100,4,2024-11-25
2024-11-25 13:00:00,1.394200,1.397700,1.394200,1.395900,4,2024-11-25
2024-11-25 17:00:00,1.396000,1.398450,1.395100,1.397400,4,2024-11-26
2024-11-25 21:00:00,1.397400,1.400750,1.396750,1.397750,4,2024-11-26
2024-11-26 01:00:00,1.397700,1.399350,1.397000,1.398950,4,2024-11-26
2024-11-26 05:00:00,1.399000,1.417800,1.398200,1.411300,4,2024-11-26
2024-11-26 09:00:00,1.411400,1.411750,1.408550,1.410500,4,2024-11-26
2024-11-26 13:00:00,1.410600,1.414550,1.408750,1.409000,4,2024-11-26
2024-11-26 17:00:00,1.408950,1.412850,1.407600,1.408550,4,2024-11-27
2024-11-26 21:00:00,1.408500,1.409600,1.405400,1.407300,4,2024-11-27
2024-11-27 01:00:00,1.407200,1.408000,1.405350,1.405750,4,2024-11-27
2024-11-27 05:00:00,1.405900,1.407250,1.404400,1.406000,4,2024-11-27
2024-11-27 09:00:00,1.406000,1.407800,1.406000,1.407000,4,2024-11-27
2024-11-27 13:00:00,1.406900,1.406950,1.403500,1.404900,4,2024-11-27
2024-11-27 17:00:00,1.404950,1.406600,1.404100,1.404300,4,2024-11-28
2024-11-27 21:00:00,1.404100,1.405300,1.400900,1.402950,4,2024-11-28
2024-11-28 01:00:00,1.402900,1.403600,1.402150,1.402600,4,2024-11-28
2024-11-28 05:00:00,1.402500,1.402900,1.400600,1.401300,4,2024-11-28
2024-11-28 09:00:00,1.401300,1.402850,1.401300,1.402300,4,2024-11-28
2024-11-28 13:00:00,1.402200,1.403200,1.400150,1.400400,4,2024-11-28
2024-11-28 17:00:00,1.400400,1.401600,1.399850,1.401050,4,2024-11-29
2024-11-28 21:00:00,1.401050,1.402050,1.400450,1.401000,4,2024-11-29
2024-11-29 01:00:00,1.400900,1.401850,1.400650,1.401250,4,2024-11-29
2024-11-29 05:00:00,1.401300,1.401500,1.399350,1.399400,4,2024-11-29
2024-11-29 09:00:00,1.399400,1.399750,1.398100,1.398400,4,2024-11-29
2024-11-29 13:00:00,1.398450,1.401300,1.398450,1.400600,4,2024-11-29
2024-12-02 01:00:00,1.398950,1.399350,1.398950,1.399350,1,2024-12-02
2024-12-02 05:00:00,1.399500,1.404200,1.399400,1.403750,4,2024-12-02
2024-12-02 09:00:00,1.403800,1.404000,1.401800,1.402100,4,2024-12-02
2024-12-02 13:00:00,1.402050,1.404900,1.401700,1.403900,4,2024-12-02
2024-12-02 17:00:00,1.403800,1.407500,1.402400,1.407000,4,2024-12-03
2024-12-02 21:00:00,1.407600,1.409000,1.404600,1.404600,4,2024-12-03
2024-12-03 01:00:00,1.404700,1.405400,1.403800,1.404650,4,2024-12-03
2024-12-03 05:00:00,1.404300,1.406450,1.404000,1.405600,4,2024-12-03
2024-12-03 09:00:00,1.405600,1.405900,1.404000,1.404450,4,2024-12-03
2024-12-03 13:00:00,1.404550,1.404700,1.401000,1.403750,4,2024-12-03
2024-12-03 17:00:00,1.403750,1.404900,1.402600,1.404050,4,2024-12-04
2024-12-03 21:00:00,1.404150,1.407600,1.404150,1.405100,4,2024-12-04
2024-12-04 01:00:00,1.405100,1.407250,1.405100,1.406600,4,2024-12-04
2024-12-04 05:00:00,1.406600,1.408000,1.406150,1.407700,4,2024-12-04
2024-12-04 09:00:00,1.407750,1.408300,1.405500,1.405800,4,2024-12-04
2024-12-04 13:00:00,1.405800,1.408250,1.405800,1.406600,4,2024-12-04
2024-12-04 17:00:00,1.406650,1.407400,1.405200,1.407000,4,2024-12-05
2024-12-04 21:00:00,1.405900,1.408000,1.405700,1.406600,4,2024-12-05
2024-12-05 01:00:00,1.406900,1.407550,1.405750,1.407250,4,2024-12-05
2024-12-05 05:00:00,1.407300,1.408000,1.406600,1.407000,4,2024-12-05
2024-12-05 09:00:00,1.407000,1.407450,1.406650,1.407000,4,2024-12-05
2024-12-05 13:00:00,1.406950,1.407250,1.405500,1.405800,4,2024-12-05
2024-12-05 17:00:00,1.405900,1.406400,1.401100,1.402650,4,2024-12-06
2024-12-05 21:00:00,1.402700,1.406700,1.402100,1.404600,4,2024-12-06
2024-12-06 01:00:00,1.404600,1.404600,1.401750,1.402100,4,2024-12-06
2024-12-06 05:00:00,1.402200,1.404350,1.401900,1.403400,4,2024-12-06
2024-12-06 09:00:00,1.403400,1.403800,1.402700,1.403550,4,2024-12-06
2024-12-06 13:00:00,1.403500,1.404550,1.402650,1.404050,4,2024-12-06
2024-12-09 01:00:00,1.415550,1.416500,1.415550,1.416350,1,2024-12-09
2024-12-09 05:00:00,1.416300,1.416500,1.414800,1.415300,4,2024-12-09
2024-12-09 09:00:00,1.415350,1.417400,1.415200,1.416900,4,2024-12-09
2024-12-09 13:00:00,1.417000,1.417450,1.413300,1.413600,4,2024-12-09
2024-12-09 17:00:00,1.413600,1.413750,1.409350,1.410700,4,2024-12-10
2024-12-09 21:00:00,1.410800,1.414850,1.410400,1.414300,4,2024-12-10
2024-12-10 01:00:00,1.414400,1.417400,1.414350,1.417150,4,2024-12-10
2024-12-10 05:00:00,1.417150,1.418600,1.416900,1.418100,4,2024-12-10
2024-12-10 09:00:00,1.418100,1.419000,1.416700,1.416850,4,2024-12-10
2024-12-10 13:00:00,1.416800,1.419550,1.416500,1.416650,4,2024-12-10
2024-12-10 17:00:00,1.416700,1.418550,1.415700,1.418050,4,2024-12-11
2024-12-10 21:00:00,1.418000,1.419450,1.415650,1.415750,4,2024-12-11
2024-12-11 01:00:00,1.415800,1.418250,1.415600,1.417900,4,2024-12-11
2024-12-11 05:00:00,1.417900,1.417900,1.415950,1.416200,4,2024-12-11
2024-12-11 09:00:00,1.416250,1.417000,1.415950,1.416650,4,2024-12-11
2024-12-11 13:00:00,1.416600,1.419450,1.416350,1.418950,4,2024-12-11
2024-12-11 17:00:00,1.418950,1.419400,1.412450,1.412550,4,2024-12-12
2024-12-11 21:00:00,1.412450,1.416900,1.412000,1.416850,4,2024-12-12
2024-12-12 01:00:00,1.416900,1.417100,1.415300,1.415800,4,2024-12-12
2024-12-12 05:00:00,1.415600,1.416000,1.413650,1.415100,4,2024-12-12
2024-12-12 09:00:00,1.414950,1.415250,1.414200,1.414350,4,2024-12-12
2024-12-12 13:00:00,1.414300,1.415150,1.413100,1.414500,4,2024-12-12
2024-12-12 17:00:00,1.414400,1.419550,1.413900,1.416500,4,2024-12-13
2024-12-12 21:00:00,1.416400,1.420050,1.416250,1.419700,4,2024-12-13
2024-12-13 01:00:00,1.419800,1.422800,1.418850,1.421300,4,2024-12-13
2024-12-13 05:00:00,1.421300,1.424000,1.421300,1.423850,4,2024-12-13
2024-12-13 09:00:00,1.423800,1.424400,1.423000,1.423000,4,2024-12-13
2024-12-13 13:00:00,1.423150,1.423900,1.422000,1.422150,4,2024-12-13
2024-12-16 01:00:00,1.423400,1.423800,1.423000,1.423150,1,2024-12-16
2024-12-16 05:00:00,1.423300,1.423500,1.421700,1.422900,4,2024-12-16
2024-12-16 09:00:00,1.422850,1.423050,1.421950,1.422700,4,2024-12-16
2024-12-16 13:00:00,1.422700,1.424250,1.421950,1.424250,4,2024-12-16
2024-12-16 17:00:00,1.424200,1.426900,1.424000,1.424850,4,2024-12-17
2024-12-16 21:00:00,1.424800,1.425000,1.422250,1.422700,4,2024-12-17
2024-12-17 01:00:00,1.422850,1.425150,1.422500,1.423950,4,2024-12-17
2024-12-17 05:00:00,1.424000,1.424950,1.423200,1.424850,4,2024-12-17
2024-12-17 09:00:00,1.424800,1.427200,1.424650,1.426550,4,2024-12-17
2024-12-17 13:00:00,1.426400,1.429400,1.425750,1.428400,4,2024-12-17
2024-12-17 17:00:00,1.428400,1.429900,1.427100,1.429700,4,2024-12-18
2024-12-17 21:00:00,1.429700,1.432400,1.429500,1.430900,4,2024-12-18
2024-12-18 01:00:00,1.430800,1.431600,1.430550,1.431100,4,2024-12-18
2024-12-18 05:00:00,1.431000,1.432250,1.430800,1.431900,4,2024-12-18
2024-12-18 09:00:00,1.431850,1.433000,1.431800,1.432400,4,2024-12-18
2024-12-18 13:00:00,1.432450,1.433200,1.431800,1.432200,4,2024-12-18
2024-12-18 17:00:00,1.432200,1.432700,1.430500,1.431100,4,2024-12-19
2024-12-18 21:00:00,1.431200,1.433950,1.430850,1.432650,4,2024-12-19
2024-12-19 01:00:00,1.432500,1.445000,1.432500,1.444650,4,2024-12-19
2024-12-19 05:00:00,1.444700,1.446800,1.442800,1.443500,4,2024-12-19
2024-12-19 09:00:00,1.443400,1.444350,1.442800,1.443200,4,2024-12-19
2024-12-19 13:00:00,1.443200,1.443350,1.438100,1.439150,4,2024-12-19
2024-12-19 17:00:00,1.439200,1.439200,1.434450,1.435550,4,2024-12-20
2024-12-19 21:00:00,1.435600,1.438800,1.434750,1.436800,4,2024-12-20
2024-12-20 01:00:00,1.436850,1.440200,1.436500,1.439600,4,2024-12-20
2024-12-20 05:00:00,1.439600,1.443000,1.439500,1.442550,4,2024-12-20
2024-12-20 09:00:00,1.442500,1.443600,1.439400,1.439550,4,2024-12-20
2024-12-20 13:00:00,1.439550,1.439700,1.437100,1.438150,4,2024-12-20
2024-12-23 01:00:00,1.436750,1.437100,1.436650,1.436900,1,2024-12-23
2024-12-23 05:00:00,1.436900,1.437000,1.434900,1.435100,4,2024-12-23
2024-12-23 09:00:00,1.435150,1.436700,1.435050,1.436500,4,2024-12-23
2024-12-23 13:00:00,1.436500,1.440200,1.436500,1.439900,4,2024-12-23
2024-12-23 17:00:00,1.439950,1.443300,1.439200,1.441900,4,2024-12-24
2024-12-23 21:00:00,1.441900,1.443100,1.436900,1.437600,4,2024-12-24
2024-12-24 01:00:00,1.437600,1.438100,1.436700,1.437400,4,2024-12-24
2024-12-24 05:00:00,1.437400,1.438500,1.436900,1.438300,4,2024-12-24
2024-12-24 09:00:00,1.438300,1.438700,1.437900,1.437900,4,2024-12-24
2024-12-24 13:00:00,1.437900,1.440000,1.437300,1.439700,4,2024-12-24
2024-12-24 17:00:00,1.439650,1.441900,1.439450,1.441700,2,2024-12-25
2024-12-25 21:00:00,1.436500,1.436500,1.436450,1.436450,4,2024-12-26
2024-12-26 01:00:00,1.436450,1.436850,1.435650,1.436400,4,2024-12-26
2024-12-26 05:00:00,1.436200,1.436600,1.435100,1.435600,4,2024-12-26
2024-12-26 09:00:00,1.435550,1.437750,1.435000,1.437550,4,2024-12-26
2024-12-26 13:00:00,1.437550,1.440500,1.437350,1.438350,4,2024-12-26
2024-12-26 17:00:00,1.438300,1.440650,1.438150,1.440300,4,2024-12-27
2024-12-26 21:00:00,1.440200,1.442000,1.440200,1.441350,4,2024-12-27
2024-12-27 01:00:00,1.441300,1.442100,1.440450,1.440700,4,2024-12-27
2024-12-27 05:00:00,1.440600,1.441600,1.440550,1.440950,4,2024-12-27
2024-12-27 09:00:00,1.441000,1.441100,1.440300,1.440350,4,2024-12-27
2024-12-27 13:00:00,1.440350,1.441200,1.439600,1.440350,4,2024-12-27
2024-12-30 01:00:00,1.441500,1.441650,1.441300,1.441600,1,2024-12-30
2024-12-30 05:00:00,1.441400,1.441500,1.439800,1.440050,4,2024-12-30
2024-12-30 09:00:00,1.440000,1.440200,1.438550,1.438950,4,2024-12-30
2024-12-30 13:00:00,1.439100,1.441100,1.437950,1.438600,4,2024-12-30
2024-12-30 17:00:00,1.438600,1.443250,1.437300,1.441200,4,2024-12-31
2024-12-30 21:00:00,1.441300,1.442300,1.434550,1.434950,4,2024-12-31
2024-12-31 01:00:00,1.434900,1.436350,1.434850,1.435150,4,2024-12-31
2024-12-31 05:00:00,1.435000,1.436200,1.433900,1.434150,4,2024-12-31
2024-12-31 09:00:00,1.434100,1.435450,1.434100,1.435000,4,2024-12-31
2024-12-31 13:00:00,1.435000,1.438000,1.435000,1.437700,4,2024-12-31
2024-12-31 17:00:00,1.437600,1.438850,1.437050,1.438600,2,2025-01-01
2025-01-01 21:00:00,1.438400,1.438500,1.438100,1.438400,2,2025-01-02
2025-01-02 01:00:00,1.438400,1.438900,1.438300,1.438500,4,2025-01-02
2025-01-02 05:00:00,1.438300,1.438600,1.436900,1.437200,4,2025-01-02
2025-01-02 09:00:00,1.437300,1.438100,1.437100,1.437900,4,2025-01-02
2025-01-02 13:00:00,1.437900,1.442800,1.437700,1.442500,4,2025-01-02
2025-01-02 17:00:00,1.442700,1.443500,1.441500,1.443000,4,2025-01-03
2025-01-02 21:00:00,1.443100,1.444200,1.439200,1.440900,4,2025-01-03
2025-01-03 01:00:00,1.440900,1.441800,1.439700,1.440600,4,2025-01-03
2025-01-03 05:00:00,1.440800,1.440900,1.438400,1.438700,4,2025-01-03
2025-01-03 09:00:00,1.438600,1.439600,1.438300,1.438500,4,2025-01-03
2025-01-03 13:00:00,1.438700,1.440400,1.438600,1.440300,4,2025-01-03
2025-01-06 01:00:00,1.444900,1.445100,1.444600,1.445100,1,2025-01-06
2025-01-06 05:00:00,1.444900,1.445100,1.438800,1.439700,4,2025-01-06
2025-01-06 09:00:00,1.439600,1.440700,1.438800,1.439800,4,2025-01-06
2025-01-06 13:00:00,1.439800,1.439900,1.435900,1.437400,4,2025-01-06
2025-01-06 17:00:00,1.437400,1.438000,1.428000,1.433100,4,2025-01-07
2025-01-06 21:00:00,1.433100,1.437900,1.432300,1.437000,4,2025-01-07
2025-01-07 01:00:00,1.436900,1.437200,1.432900,1.433300,4,2025-01-07
2025-01-07 05:00:00,1.433300,1.435000,1.433100,1.433300,4,2025-01-07
2025-01-07 09:00:00,1.433300,1.433600,1.431100,1.432000,4,2025-01-07
2025-01-07 13:00:00,1.432000,1.432200,1.429800,1.430500,4,2025-01-07
2025-01-07 17:00:00,1.430600,1.433700,1.430100,1.432900,4,2025-01-08
2025-01-07 21:00:00,1.433900,1.436600,1.431800,1.434900,4,2025-01-08
2025-01-08 01:00:00,1.435000,1.437100,1.434100,1.436800,4,2025-01-08
2025-01-08 05:00:00,1.436900,1.436900,1.434500,1.434600,4,2025-01-08
2025-01-08 09:00:00,1.434700,1.435200,1.433900,1.434900,4,2025-01-08
2025-01-08 13:00:00,1.434800,1.437700,1.434800,1.437100,4,2025-01-08
2025-01-08 17:00:00,1.437200,1.441000,1.437000,1.440300,4,2025-01-09
2025-01-08 21:00:00,1.440500,1.440500,1.437500,1.439200,4,2025-01-09
2025-01-09 01:00:00,1.439100,1.439300,1.437300,1.437500,4,2025-01-09
2025-01-09 05:00:00,1.437500,1.438700,1.437200,1.437200,4,2025-01-09
2025-01-09 09:00:00,1.437300,1.438200,1.436500,1.437700,4,2025-01-09
2025-01-09 13:00:00,1.437700,1.440500,1.437700,1.438500,4,2025-01-09
2025-01-09 17:00:00,1.438600,1.440400,1.438500,1.440000,4,2025-01-10
2025-01-09 21:00:00,1.440100,1.440400,1.438800,1.439200,4,2025-01-10
2025-01-10 01:00:00,1.439100,1.439900,1.438800,1.439800,4,2025-01-10
2025-01-10 05:00:00,1.439800,1.440800,1.439600,1.440600,4,2025-01-10
2025-01-10 09:00:00,1.440700,1.442200,1.440600,1.442000,4,2025-01-10
2025-01-10 13:00:00,1.441900,1.442000,1.439500,1.440800,4,2025-01-10
2025-01-13 01:00:00,1.442800,1.442800,1.442100,1.442300,1,2025-01-13
2025-01-13 05:00:00,1.442300,1.442900,1.441200,1.442500,4,2025-01-13
2025-01-13 09:00:00,1.442700,1.444700,1.442600,1.443300,4,2025-01-13
2025-01-13 13:00:00,1.443400,1.444400,1.441500,1.443800,4,2025-01-13
2025-01-13 17:00:00,1.444000,1.444000,1.439200,1.440300,4,2025-01-14
2025-01-13 21:00:00,1.440400,1.442800,1.439700,1.440700,4,2025-01-14
2025-01-14 01:00:00,1.440700,1.441400,1.435600,1.435700,4,2025-01-14
2025-01-14 05:00:00,1.435800,1.438800,1.434300,1.438100,4,2025-01-14
2025-01-14 09:00:00,1.438200,1.438600,1.437100,1.437800,4,2025-01-14
2025-01-14 13:00:00,1.437700,1.438400,1.435800,1.438100,4,2025-01-14
2025-01-14 17:00:00,1.438100,1.441100,1.436600,1.438900,4,2025-01-15
2025-01-14 21:00:00,1.439000,1.439000,1.435100,1.435500,4,2025-01-15
2025-01-15 01:00:00,1.435600,1.436900,1.434800,1.435000,4,2025-01-15
2025-01-15 05:00:00,1.435000,1.436000,1.434900,1.435700,4,2025-01-15
2025-01-15 09:00:00,1.435800,1.436400,1.435000,1.436000,4,2025-01-15
2025-01-15 13:00:00,1.436000,1.436100,1.432900,1.434400,4,2025-01-15
2025-01-15 17:00:00,1.434600,1.436700,1.430300,1.433000,4,2025-01-16
2025-01-15 21:00:00,1.433100,1.435800,1.432400,1.433100,4,2025-01-16
2025-01-16 01:00:00,1.433100,1.434500,1.432700,1.433700,4,2025-01-16
2025-01-16 05:00:00,1.433700,1.435300,1.432300,1.435200,4,2025-01-16
2025-01-16 09:00:00,1.435200,1.436700,1.434800,1.435800,4,2025-01-16
2025-01-16 13:00:00,1.435800,1.438400,1.435300,1.437200,4,2025-01-16
2025-01-16 17:00:00,1.437200,1.439600,1.436900,1.438700,4,2025-01-17
2025-01-16 21:00:00,1.438800,1.440100,1.436800,1.439200,4,2025-01-17
2025-01-17 01:00:00,1.439300,1.440300,1.438700,1.439700,4,2025-01-17
2025-01-17 05:00:00,1.439800,1.440300,1.439400,1.440000,4,2025-01-17
2025-01-17 09:00:00,1.440100,1.441000,1.438900,1.440600,4,2025-01-17
2025-01-17 13:00:00,1.440700,1.441700,1.440200,1.441000,4,2025-01-17
2025-01-20 01:00:00,1.446500,1.447500,1.446300,1.447400,1,2025-01-20
2025-01-20 05:00:00,1.447400,1.448600,1.445200,1.445300,4,2025-01-20
2025-01-20 09:00:00,1.445300,1.445700,1.444300,1.444800,4,2025-01-20
2025-01-20 13:00:00,1.444900,1.447900,1.444500,1.447000,4,2025-01-20
2025-01-20 17:00:00,1.447000,1.447100,1.426100,1.429500,4,2025-01-21
2025-01-20 21:00:00,1.429600,1.438000,1.427300,1.432700,4,2025-01-21
2025-01-21 01:00:00,1.432700,1.432900,1.428500,1.431200,4,2025-01-21
2025-01-21 05:00:00,1.431200,1.451800,1.429000,1.441900,4,2025-01-21
2025-01-21 09:00:00,1.441900,1.444300,1.439400,1.443900,4,2025-01-21
2025-01-21 13:00:00,1.444000,1.445800,1.441600,1.443700,4,2025-01-21
2025-01-21 17:00:00,1.443600,1.445700,1.440100,1.441500,4,2025-01-22
2025-01-21 21:00:00,1.441500,1.441600,1.431800,1.433200,4,2025-01-22
2025-01-22 01:00:00,1.433100,1.434500,1.431300,1.432700,4,2025-01-22
2025-01-22 05:00:00,1.432600,1.435100,1.431700,1.433000,4,2025-01-22
2025-01-22 09:00:00,1.433100,1.435400,1.432800,1.435000,4,2025-01-22
2025-01-22 13:00:00,1.434900,1.435200,1.430600,1.432000,4,2025-01-22
2025-01-22 17:00:00,1.432000,1.437900,1.430100,1.437700,4,2025-01-23
2025-01-22 21:00:00,1.437600,1.439100,1.435400,1.436500,4,2025-01-23
2025-01-23 01:00:00,1.436600,1.439100,1.436400,1.438300,4,2025-01-23
2025-01-23 05:00:00,1.438300,1.440400,1.438200,1.438900,4,2025-01-23
2025-01-23 09:00:00,1.438800,1.439500,1.438300,1.439500,4,2025-01-23
2025-01-23 13:00:00,1.439600,1.440200,1.438400,1.439300,4,2025-01-23
2025-01-23 17:00:00,1.439200,1.441400,1.437200,1.438100,4,2025-01-24
2025-01-23 21:00:00,1.438000,1.440200,1.433500,1.435600,4,2025-01-24
2025-01-24 01:00:00,1.435500,1.438700,1.434800,1.438300,4,2025-01-24
2025-01-24 05:00:00,1.438200,1.438400,1.432600,1.432900,4,2025-01-24
2025-01-24 09:00:00,1.432900,1.434500,1.432100,1.433100,4,2025-01-24
2025-01-24 13:00:00,1.433100,1.434900,1.431500,1.432700,4,2025-01-24
2025-01-27 01:00:00,1.436600,1.437300,1.436400,1.437300,1,2025-01-27
2025-01-27 05:00:00,1.437300,1.440200,1.436600,1.438800,4,2025-01-27
2025-01-27 09:00:00,1.438900,1.439400,1.436700,1.438100,4,2025-01-27
2025-01-27 13:00:00,1.438000,1.440100,1.434800,1.435700,4,2025-01-27
2025-01-27 17:00:00,1.435800,1.439000,1.433300,1.437900,4,2025-01-28
2025-01-27 21:00:00,1.437900,1.440100,1.437900,1.438600,4,2025-01-28
2025-01-28 01:00:00,1.438600,1.438800,1.436700,1.437100,4,2025-01-28
2025-01-28 05:00:00,1.437200,1.441600,1.436900,1.439400,4,2025-01-28
2025-01-28 09:00:00,1.439400,1.440500,1.439200,1.440000,4,2025-01-28
2025-01-28 13:00:00,1.440000,1.441300,1.438900,1.441200,4,2025-01-28
2025-01-28 17:00:00,1.441300,1.442100,1.436900,1.438300,4,2025-01-29
2025-01-28 21:00:00,1.438300,1.440800,1.437700,1.440000,4,2025-01-29
2025-01-29 01:00:00,1.440100,1.441300,1.439300,1.440000,4,2025-01-29
2025-01-29 05:00:00,1.439900,1.441000,1.439500,1.439900,4,2025-01-29
2025-01-29 09:00:00,1.439800,1.440400,1.439200,1.439900,4,2025-01-29
2025-01-29 13:00:00,1.440000,1.443400,1.439900,1.442900,4,2025-01-29
2025-01-29 17:00:00,1.443000,1.447200,1.441900,1.444200,4,2025-01-30
2025-01-29 21:00:00,1.444100,1.446300,1.440400,1.442500,4,2025-01-30
2025-01-30 01:00:00,1.442600,1.444600,1.440900,1.442100,4,2025-01-30
2025-01-30 05:00:00,1.442100,1.442100,1.439300,1.441800,4,2025-01-30
2025-01-30 09:00:00,1.441700,1.443300,1.441400,1.443000,4,2025-01-30
2025-01-30 13:00:00,1.443000,1.443600,1.440200,1.441200,4,2025-01-30
2025-01-30 17:00:00,1.441300,1.442300,1.440400,1.441600,4,2025-01-31
2025-01-30 21:00:00,1.441500,1.442300,1.440000,1.440100,4,2025-01-31
2025-01-31 01:00:00,1.440200,1.459400,1.440000,1.449200,4,2025-01-31
2025-01-31 05:00:00,1.448900,1.451100,1.447200,1.447800,4,2025-01-31
2025-01-31 09:00:00,1.447900,1.448800,1.446300,1.446400,4,2025-01-31
2025-01-31 13:00:00,1.446500,1.449200,1.443100,1.448700,4,2025-01-31
2025-02-03 01:00:00,1.473800,1.474800,1.471600,1.473800,1,2025-02-03
2025-02-03 05:00:00,1.473800,1.478800,1.467400,1.478200,4,2025-02-03
2025-02-03 09:00:00,1.478100,1.479300,1.470300,1.471400,4,2025-02-03
2025-02-03 13:00:00,1.471400,1.472600,1.466500,1.467300,4,2025-02-03
2025-02-03 17:00:00,1.467300,1.470400,1.459300,1.467800,4,2025-02-04
2025-02-03 21:00:00,1.467600,1.469800,1.452900,1.457500,4,2025-02-04
2025-02-04 01:00:00,1.457400,1.457600,1.439000,1.441100,4,2025-02-04
2025-02-04 05:00:00,1.441000,1.446600,1.438700,1.445900,4,2025-02-04
2025-02-04 09:00:00,1.445900,1.450300,1.445400,1.446300,4,2025-02-04
2025-02-04 13:00:00,1.446300,1.446700,1.441800,1.441900,4,2025-02-04
2025-02-04 17:00:00,1.441800,1.444200,1.436100,1.437100,4,2025-02-05
2025-02-04 21:00:00,1.437200,1.437200,1.430900,1.433300,4,2025-02-05
2025-02-05 01:00:00,1.433200,1.433700,1.430400,1.432900,4,2025-02-05
2025-02-05 05:00:00,1.432900,1.433900,1.431400,1.432600,4,2025-02-05
2025-02-05 09:00:00,1.432600,1.434500,1.431900,1.433100,4,2025-02-05
2025-02-05 13:00:00,1.433100,1.433900,1.427200,1.427600,4,2025-02-05
2025-02-05 17:00:00,1.427600,1.429600,1.427000,1.428900,4,2025-02-06
2025-02-05 21:00:00,1.427600,1.431200,1.427000,1.431000,4,2025-02-06
2025-02-06 01:00:00,1.431000,1.432800,1.430300,1.431600,4,2025-02-06
2025-02-06 05:00:00,1.431400,1.433100,1.431200,1.433000,4,2025-02-06
2025-02-06 09:00:00,1.433000,1.435200,1.432700,1.434600,4,2025-02-06
2025-02-06 13:00:00,1.434600,1.436700,1.434400,1.435800,4,2025-02-06
2025-02-06 17:00:00,1.435800,1.436500,1.432800,1.434700,4,2025-02-07
2025-02-06 21:00:00,1.434700,1.435000,1.430100,1.430600,4,2025-02-07
2025-02-07 01:00:00,1.430700,1.432000,1.430300,1.431000,4,2025-02-07
2025-02-07 05:00:00,1.430700,1.431900,1.430200,1.430600,4,2025-02-07
2025-02-07 09:00:00,1.430700,1.432700,1.430600,1.432000,4,2025-02-07
2025-02-07 13:00:00,1.432100,1.432800,1.430500,1.432500,4,2025-02-07
2025-02-10 01:00:00,1.436300,1.438100,1.435100,1.436200,1,2025-02-10
2025-02-10 05:00:00,1.436000,1.436000,1.432400,1.435600,4,2025-02-10
2025-02-10 09:00:00,1.435500,1.435600,1.433500,1.433600,4,2025-02-10
2025-02-10 13:00:00,1.433500,1.436000,1.431600,1.433500,4,2025-02-10
2025-02-10 17:00:00,1.433500,1.434500,1.432400,1.433700,4,2025-02-11
2025-02-10 21:00:00,1.433600,1.434100,1.431100,1.431400,4,2025-02-11
2025-02-11 01:00:00,1.431400,1.433900,1.430500,1.432900,4,2025-02-11
2025-02-11 05:00:00,1.432900,1.434100,1.432000,1.433900,4,2025-02-11
2025-02-11 09:00:00,1.433900,1.434100,1.432700,1.433000,4,2025-02-11
2025-02-11 13:00:00,1.433100,1.434600,1.432500,1.434400,4,2025-02-11
2025-02-11 17:00:00,1.434300,1.434500,1.430800,1.432000,4,2025-02-12
2025-02-11 21:00:00,1.432000,1.432700,1.429700,1.430300,4,2025-02-12
2025-02-12 01:00:00,1.430300,1.430400,1.428000,1.428700,4,2025-02-12
2025-02-12 05:00:00,1.428700,1.429700,1.428000,1.428400,4,2025-02-12
2025-02-12 09:00:00,1.428500,1.429900,1.428300,1.429700,4,2025-02-12
2025-02-12 13:00:00,1.429700,1.431600,1.428600,1.430800,4,2025-02-12
2025-02-12 17:00:00,1.430800,1.434300,1.429000,1.432000,4,2025-02-13
2025-02-12 21:00:00,1.432000,1.433200,1.425600,1.428400,4,2025-02-13
2025-02-13 01:00:00,1.428500,1.431100,1.428000,1.430100,4,2025-02-13
2025-02-13 05:00:00,1.430200,1.430400,1.428200,1.428500,4,2025-02-13
2025-02-13 09:00:00,1.428600,1.428600,1.425500,1.426300,4,2025-02-13
2025-02-13 13:00:00,1.426100,1.430000,1.425600,1.429000,4,2025-02-13
2025-02-13 17:00:00,1.429000,1.430400,1.426800,1.426900,4,2025-02-14
2025-02-13 21:00:00,1.426800,1.426800,1.421100,1.424000,4,2025-02-14
2025-02-14 01:00:00,1.424100,1.424200,1.418300,1.419500,4,2025-02-14
2025-02-14 05:00:00,1.419400,1.420200,1.418300,1.418700,4,2025-02-14
2025-02-14 09:00:00,1.418700,1.419200,1.417700,1.418200,4,2025-02-14
2025-02-14 13:00:00,1.418200,1.418500,1.415700,1.418300,4,2025-02-14
2025-02-17 01:00:00,1.417300,1.417900,1.417000,1.417600,1,2025-02-17
2025-02-17 05:00:00,1.417500,1.419100,1.416000,1.416600,4,2025-02-17
2025-02-17 09:00:00,1.416600,1.418200,1.416200,1.417500,4,2025-02-17
2025-02-17 13:00:00,1.417500,1.419400,1.417100,1.419200,4,2025-02-17
2025-02-17 17:00:00,1.419200,1.419400,1.418200,1.418500,4,2025-02-18
2025-02-17 21:00:00,1.418500,1.419000,1.418000,1.418300,4,2025-02-18
2025-02-18 01:00:00,1.418400,1.419100,1.417900,1.418800,4,2025-02-18
2025-02-18 05:00:00,1.419000,1.420700,1.418300,1.419300,4,2025-02-18
2025-02-18 09:00:00,1.419200,1.420900,1.418900,1.419800,4,2025-02-18
2025-02-18 13:00:00,1.419900,1.419900,1.418100,1.419400,4,2025-02-18
2025-02-18 17:00:00,1.419300,1.421300,1.418000,1.419800,4,2025-02-19
2025-02-18 21:00:00,1.419600,1.420000,1.418300,1.418600,4,2025-02-19
2025-02-19 01:00:00,1.418700,1.420100,1.418300,1.419300,4,2025-02-19
2025-02-19 05:00:00,1.419200,1.419900,1.418100,1.418200,4,2025-02-19
2025-02-19 09:00:00,1.418300,1.418700,1.417600,1.418100,4,2025-02-19
2025-02-19 13:00:00,1.418100,1.420800,1.417600,1.420500,4,2025-02-19
2025-02-19 17:00:00,1.420500,1.422200,1.419200,1.420600,4,2025-02-20
2025-02-19 21:00:00,1.420700,1.424600,1.419800,1.423900,4,2025-02-20
2025-02-20 01:00:00,1.424000,1.424200,1.422400,1.423800,4,2025-02-20
2025-02-20 05:00:00,1.423800,1.424500,1.422100,1.422400,4,2025-02-20
2025-02-20 09:00:00,1.422300,1.423000,1.421600,1.422600,4,2025-02-20
2025-02-20 13:00:00,1.422600,1.423100,1.420600,1.420600,4,2025-02-20
2025-02-20 17:00:00,1.420700,1.422300,1.418600,1.420000,4,2025-02-21
2025-02-20 21:00:00,1.420000,1.420600,1.417100,1.417700,4,2025-02-21
2025-02-21 01:00:00,1.417800,1.418800,1.416600,1.418100,4,2025-02-21
2025-02-21 05:00:00,1.418100,1.418800,1.416900,1.417100,4,2025-02-21
2025-02-21 09:00:00,1.417100,1.418500,1.416900,1.418300,4,2025-02-21
2025-02-21 13:00:00,1.418100,1.420000,1.417700,1.419700,4,2025-02-21
2025-02-24 01:00:00,1.422600,1.422800,1.422100,1.422400,1,2025-02-24
2025-02-24 05:00:00,1.422400,1.422600,1.418300,1.418700,4,2025-02-24
2025-02-24 09:00:00,1.418700,1.420100,1.418200,1.419300,4,2025-02-24
2025-02-24 13:00:00,1.419400,1.421900,1.418400,1.421400,4,2025-02-24
2025-02-24 17:00:00,1.421500,1.424500,1.420700,1.424500,4,2025-02-25
2025-02-24 21:00:00,1.424500,1.424500,1.420700,1.421700,4,2025-02-25
2025-02-25 01:00:00,1.421700,1.426800,1.421300,1.426200,4,2025-02-25
2025-02-25 05:00:00,1.426100,1.428000,1.424600,1.424600,4,2025-02-25
2025-02-25 09:00:00,1.424600,1.426000,1.424000,1.425400,4,2025-02-25
2025-02-25 13:00:00,1.425500,1.427500,1.425300,1.426800,4,2025-02-25
2025-02-25 17:00:00,1.426900,1.426900,1.424400,1.426500,4,2025-02-26
2025-02-25 21:00:00,1.426500,1.431700,1.426400,1.429300,4,2025-02-26
2025-02-26 01:00:00,1.429300,1.431800,1.429200,1.431400,4,2025-02-26
2025-02-26 05:00:00,1.431300,1.432100,1.429400,1.431800,4,2025-02-26
2025-02-26 09:00:00,1.431800,1.433400,1.431600,1.432900,4,2025-02-26
2025-02-26 13:00:00,1.433000,1.434500,1.431700,1.434400,4,2025-02-26
2025-02-26 17:00:00,1.434500,1.435800,1.433100,1.433800,4,2025-02-27
2025-02-26 21:00:00,1.433900,1.436600,1.430000,1.433500,4,2025-02-27
2025-02-27 01:00:00,1.433500,1.436900,1.432300,1.434100,4,2025-02-27
2025-02-27 05:00:00,1.434100,1.435500,1.433500,1.435300,4,2025-02-27
2025-02-27 09:00:00,1.435300,1.436400,1.435000,1.435200,4,2025-02-27
2025-02-27 13:00:00,1.435200,1.435200,1.432200,1.433800,4,2025-02-27
2025-02-27 17:00:00,1.433700,1.443800,1.432900,1.442800,4,2025-02-28
2025-02-27 21:00:00,1.442700,1.444300,1.441000,1.442100,4,2025-02-28
2025-02-28 01:00:00,1.442100,1.444900,1.441900,1.444000,4,2025-02-28
2025-02-28 05:00:00,1.444000,1.445200,1.443000,1.445200,4,2025-02-28
2025-02-28 09:00:00,1.445100,1.445300,1.443700,1.444400,4,2025-02-28
2025-02-28 13:00:00,1.444400,1.445300,1.442900,1.444000,4,2025-02-28
2025-03-03 01:00:00,1.444800,1.445100,1.444300,1.444600,1,2025-03-03
2025-03-03 05:00:00,1.444500,1.444900,1.443100,1.443900,4,2025-03-03
2025-03-03 09:00:00,1.444000,1.445300,1.443600,1.444900,4,2025-03-03
2025-03-03 13:00:00,1.444900,1.445100,1.442200,1.442900,4,2025-03-03
2025-03-03 17:00:00,1.442900,1.444000,1.439800,1.440900,4,2025-03-04
2025-03-03 21:00:00,1.441400,1.445400,1.437000,1.444400,4,2025-03-04
2025-03-04 01:00:00,1.444500,1.454200,1.442700,1.449000,4,2025-03-04
2025-03-04 05:00:00,1.449100,1.450400,1.448200,1.449900,4,2025-03-04
2025-03-04 09:00:00,1.449900,1.452100,1.447600,1.448100,4,2025-03-04
2025-03-04 13:00:00,1.448000,1.450300,1.441000,1.442900,4,2025-03-04
2025-03-04 17:00:00,1.443000,1.448700,1.440700,1.448600,4,2025-03-05
2025-03-04 21:00:00,1.448800,1.454300,1.446600,1.451500,4,2025-03-05
2025-03-05 01:00:00,1.451600,1.451600,1.437100,1.439400,4,2025-03-05
2025-03-05 05:00:00,1.439400,1.444600,1.438400,1.444000,4,2025-03-05
2025-03-05 09:00:00,1.444100,1.445000,1.441600,1.441900,4,2025-03-05
2025-03-05 13:00:00,1.441800,1.441800,1.437700,1.438800,4,2025-03-05
2025-03-05 17:00:00,1.438800,1.443500,1.435300,1.436100,4,2025-03-06
2025-03-05 21:00:00,1.437300,1.442000,1.434000,1.435500,4,2025-03-06
2025-03-06 01:00:00,1.435400,1.435700,1.433100,1.433500,4,2025-03-06
2025-03-06 05:00:00,1.433300,1.435400,1.431000,1.432000,4,2025-03-06
2025-03-06 09:00:00,1.432000,1.434100,1.431900,1.433800,4,2025-03-06
2025-03-06 13:00:00,1.433700,1.436200,1.432600,1.435700,4,2025-03-06
2025-03-06 17:00:00,1.435800,1.437700,1.434100,1.434500,4,2025-03-07
2025-03-06 21:00:00,1.434300,1.434300,1.424100,1.430300,4,2025-03-07
2025-03-07 01:00:00,1.430300,1.431800,1.428400,1.429900,4,2025-03-07
2025-03-07 05:00:00,1.429600,1.430700,1.428800,1.430100,4,2025-03-07
2025-03-07 09:00:00,1.430100,1.432000,1.430100,1.430500,4,2025-03-07
2025-03-07 13:00:00,1.430600,1.431500,1.428000,1.431500,4,2025-03-07
2025-03-10 05:00:00,1.438100,1.438500,1.435500,1.436300,4,2025-03-10
2025-03-10 09:00:00,1.436300,1.437000,1.435700,1.436600,4,2025-03-10
2025-03-10 13:00:00,1.436700,1.438300,1.435500,1.435800,4,2025-03-10
2025-03-10 17:00:00,1.435700,1.442900,1.435300,1.442100,4,2025-03-11
2025-03-10 21:00:00,1.442100,1.444700,1.441000,1.444700,4,2025-03-11
2025-03-11 01:00:00,1.444700,1.447300,1.443600,1.443600,4,2025-03-11
2025-03-11 05:00:00,1.443600,1.444700,1.442100,1.442600,4,2025-03-11
2025-03-11 09:00:00,1.442700,1.444800,1.441700,1.444000,4,2025-03-11
2025-03-11 13:00:00,1.444000,1.444600,1.440700,1.440900,4,2025-03-11
2025-03-11 17:00:00,1.441000,1.442100,1.439400,1.441500,4,2025-03-12
2025-03-11 21:00:00,1.441700,1.452100,1.441000,1.448400,4,2025-03-12
2025-03-12 01:00:00,1.448400,1.448600,1.437900,1.443300,4,2025-03-12
2025-03-12 05:00:00,1.443300,1.444000,1.442200,1.443700,4,2025-03-12
2025-03-12 09:00:00,1.443800,1.445100,1.443100,1.444300,4,2025-03-12
2025-03-12 13:00:00,1.444400,1.448500,1.443200,1.443900,4,2025-03-12
2025-03-12 17:00:00,1.444000,1.444000,1.436900,1.441700,4,2025-03-13
2025-03-12 21:00:00,1.441800,1.442500,1.436500,1.438600,4,2025-03-13
2025-03-13 01:00:00,1.438700,1.438700,1.435400,1.437100,4,2025-03-13
2025-03-13 05:00:00,1.436700,1.437700,1.436000,1.437000,4,2025-03-13
2025-03-13 09:00:00,1.437100,1.439900,1.436600,1.439500,4,2025-03-13
2025-03-13 13:00:00,1.439400,1.440500,1.436800,1.437000,4,2025-03-13
2025-03-13 17:00:00,1.437000,1.440400,1.436700,1.439600,4,2025-03-14
2025-03-13 21:00:00,1.439800,1.445200,1.438000,1.445000,4,2025-03-14
2025-03-14 01:00:00,1.445100,1.445100,1.441900,1.444500,4,2025-03-14
2025-03-14 05:00:00,1.444200,1.444300,1.442600,1.443600,4,2025-03-14
2025-03-14 09:00:00,1.443600,1.444200,1.442800,1.443000,4,2025-03-14
2025-03-14 13:00:00,1.443000,1.443200,1.441100,1.442100,4,2025-03-14
2025-03-17 05:00:00,1.436800,1.437800,1.435800,1.437500,4,2025-03-17
2025-03-17 09:00:00,1.437600,1.438000,1.436600,1.437700,4,2025-03-17
2025-03-17 13:00:00,1.437600,1.438100,1.435500,1.435800,4,2025-03-17
2025-03-17 17:00:00,1.435800,1.435900,1.430600,1.431600,4,2025-03-18
2025-03-17 21:00:00,1.431500,1.432800,1.428200,1.428600,4,2025-03-18
2025-03-18 01:00:00,1.428600,1.429300,1.427600,1.429100,4,2025-03-18
2025-03-18 05:00:00,1.429000,1.430000,1.428900,1.429800,4,2025-03-18
2025-03-18 09:00:00,1.429700,1.430800,1.429500,1.430500,4,2025-03-18
2025-03-18 13:00:00,1.430500,1.430800,1.427200,1.428200,4,2025-03-18
2025-03-18 17:00:00,1.428300,1.429900,1.426900,1.428900,4,2025-03-19
2025-03-18 21:00:00,1.429200,1.432000,1.428500,1.430300,4,2025-03-19
2025-03-19 01:00:00,1.430300,1.431400,1.429200,1.430100,4,2025-03-19
2025-03-19 05:00:00,1.430400,1.430600,1.429600,1.430600,4,2025-03-19
2025-03-19 09:00:00,1.430700,1.431400,1.430300,1.431000,4,2025-03-19
2025-03-19 13:00:00,1.431000,1.433200,1.430800,1.432400,4,2025-03-19
2025-03-19 17:00:00,1.432400,1.433500,1.431000,1.431800,4,2025-03-20
2025-03-19 21:00:00,1.431800,1.434900,1.431100,1.433700,4,2025-03-20
2025-03-20 01:00:00,1.433500,1.434400,1.430800,1.432200,4,2025-03-20
2025-03-20 05:00:00,1.432100,1.433500,1.431500,1.433500,4,2025-03-20
2025-03-20 09:00:00,1.433500,1.434000,1.432000,1.433300,4,2025-03-20
2025-03-20 13:00:00,1.433400,1.437700,1.433200,1.437400,4,2025-03-20
2025-03-20 17:00:00,1.437500,1.440200,1.437000,1.437200,4,2025-03-21
2025-03-20 21:00:00,1.437200,1.437300,1.431900,1.432700,4,2025-03-21
2025-03-21 01:00:00,1.432800,1.433200,1.431300,1.432500,4,2025-03-21
2025-03-21 05:00:00,1.432700,1.432900,1.431500,1.431600,4,2025-03-21
2025-03-21 09:00:00,1.431500,1.434400,1.431500,1.433400,4,2025-03-21
2025-03-21 13:00:00,1.433300,1.433900,1.431400,1.433900,4,2025-03-21
2025-03-24 05:00:00,1.434400,1.434400,1.432700,1.434000,4,2025-03-24
2025-03-24 09:00:00,1.434000,1.435100,1.433700,1.434500,4,2025-03-24
2025-03-24 13:00:00,1.434500,1.434500,1.432600,1.432900,4,2025-03-24
2025-03-24 17:00:00,1.433000,1.434700,1.431500,1.433000,4,2025-03-25
2025-03-24 21:00:00,1.433000,1.433100,1.429000,1.431400,4,2025-03-25
2025-03-25 01:00:00,1.431400,1.432600,1.430800,1.432000,4,2025-03-25
2025-03-25 05:00:00,1.431900,1.432800,1.431100,1.431700,4,2025-03-25
2025-03-25 09:00:00,1.431600,1.432500,1.431600,1.431800,4,2025-03-25
2025-03-25 13:00:00,1.431800,1.433300,1.431600,1.431800,4,2025-03-25
2025-03-25 17:00:00,1.431900,1.431900,1.427100,1.429100,4,2025-03-26
2025-03-25 21:00:00,1.429200,1.431400,1.428900,1.429800,4,2025-03-26
2025-03-26 01:00:00,1.429900,1.430900,1.427200,1.428400,4,2025-03-26
2025-03-26 05:00:00,1.428400,1.429900,1.427200,1.427600,4,2025-03-26
2025-03-26 09:00:00,1.427600,1.428000,1.427100,1.427500,4,2025-03-26
2025-03-26 13:00:00,1.427400,1.427800,1.424700,1.425300,4,2025-03-26
2025-03-26 17:00:00,1.425400,1.427200,1.424100,1.425100,4,2025-03-27
2025-03-26 21:00:00,1.425200,1.429700,1.423500,1.428600,4,2025-03-27
2025-03-27 01:00:00,1.428700,1.430400,1.426400,1.430400,4,2025-03-27
2025-03-27 05:00:00,1.430300,1.431600,1.427500,1.428100,4,2025-03-27
2025-03-27 09:00:00,1.428000,1.428000,1.426000,1.427500,4,2025-03-27
2025-03-27 13:00:00,1.427600,1.430600,1.426500,1.428700,4,2025-03-27
2025-03-27 17:00:00,1.428700,1.432900,1.427600,1.431300,4,2025-03-28
2025-03-27 21:00:00,1.431300,1.432800,1.429200,1.431600,4,2025-03-28
2025-03-28 01:00:00,1.431600,1.432200,1.430100,1.430800,4,2025-03-28
2025-03-28 05:00:00,1.430800,1.431600,1.430700,1.431500,4,2025-03-28
2025-03-28 09:00:00,1.431400,1.431600,1.430800,1.431200,4,2025-03-28
2025-03-28 13:00:00,1.431200,1.433300,1.431100,1.432600,4,2025-03-28
2025-03-31 05:00:00,1.431300,1.433000,1.429900,1.431100,4,2025-03-31
2025-03-31 09:00:00,1.431000,1.432100,1.430600,1.431300,4,2025-03-31
2025-03-31 13:00:00,1.431200,1.435400,1.431200,1.435300,4,2025-03-31
2025-03-31 17:00:00,1.435400,1.438900,1.434300,1.437800,4,2025-04-01
2025-03-31 21:00:00,1.437700,1.439600,1.436600,1.438800,4,2025-04-01
2025-04-01 01:00:00,1.438900,1.439600,1.437200,1.438700,4,2025-04-01
2025-04-01 05:00:00,1.438700,1.440000,1.438600,1.439200,4,2025-04-01
2025-04-01 09:00:00,1.439300,1.439300,1.437300,1.439100,4,2025-04-01
2025-04-01 13:00:00,1.439000,1.440400,1.436700,1.436800,4,2025-04-01
2025-04-01 17:00:00,1.436900,1.441500,1.436800,1.440000,4,2025-04-02
2025-04-01 21:00:00,1.440100,1.440800,1.430600,1.432700,4,2025-04-02
2025-04-02 01:00:00,1.432800,1.434400,1.429900,1.430200,4,2025-04-02
2025-04-02 05:00:00,1.430200,1.430800,1.428900,1.429900,4,2025-04-02
2025-04-02 09:00:00,1.429900,1.431800,1.429300,1.431300,4,2025-04-02
2025-04-02 13:00:00,1.431400,1.431400,1.429300,1.431000,4,2025-04-02
2025-04-02 17:00:00,1.431100,1.433500,1.430700,1.432700,4,2025-04-03
2025-04-02 21:00:00,1.432800,1.433100,1.429600,1.432200,4,2025-04-03
2025-04-03 01:00:00,1.432200,1.436600,1.421900,1.425500,4,2025-04-03
2025-04-03 05:00:00,1.425900,1.431900,1.421500,1.425100,4,2025-04-03
2025-04-03 09:00:00,1.425100,1.425600,1.421100,1.421600,4,2025-04-03
2025-04-03 13:00:00,1.421500,1.423000,1.411700,1.414900,4,2025-04-03
2025-04-03 17:00:00,1.415000,1.416000,1.403600,1.404800,4,2025-04-04
2025-04-03 21:00:00,1.403200,1.409000,1.402800,1.409000,4,2025-04-04
2025-04-04 01:00:00,1.409000,1.410400,1.407800,1.409400,4,2025-04-04
2025-04-04 05:00:00,1.409300,1.409400,1.405400,1.406100,4,2025-04-04
2025-04-04 09:00:00,1.406100,1.410400,1.406000,1.408900,4,2025-04-04
2025-04-04 13:00:00,1.408800,1.416700,1.408600,1.415400,4,2025-04-04
2025-04-07 05:00:00,1.424900,1.425900,1.422000,1.424700,4,2025-04-07
2025-04-07 09:00:00,1.424800,1.425600,1.419600,1.425400,4,2025-04-07
2025-04-07 13:00:00,1.425300,1.426900,1.421300,1.425700,4,2025-04-07
2025-04-07 17:00:00,1.425800,1.429700,1.418000,1.422500,4,2025-04-08
2025-04-07 21:00:00,1.422600,1.425000,1.418600,1.420000,4,2025-04-08
2025-04-08 01:00:00,1.420200,1.425500,1.420100,1.424000,4,2025-04-08
2025-04-08 05:00:00,1.424000,1.424500,1.416600,1.417000,4,2025-04-08
2025-04-08 09:00:00,1.416900,1.417900,1.415100,1.416100,4,2025-04-08
2025-04-08 13:00:00,1.416200,1.420400,1.415700,1.419800,4,2025-04-08
2025-04-08 17:00:00,1.419800,1.420200,1.414400,1.419800,4,2025-04-09
2025-04-08 21:00:00,1.419900,1.424200,1.418200,1.423800,4,2025-04-09
2025-04-09 01:00:00,1.423800,1.427200,1.422800,1.426400,4,2025-04-09
2025-04-09 05:00:00,1.426300,1.427400,1.420700,1.423600,4,2025-04-09
2025-04-09 09:00:00,1.423500,1.424900,1.419600,1.420500,4,2025-04-09
2025-04-09 13:00:00,1.420600,1.422400,1.417700,1.418500,4,2025-04-09
2025-04-09 17:00:00,1.418400,1.422100,1.413300,1.420200,4,2025-04-10
2025-04-09 21:00:00,1.420100,1.421200,1.407600,1.411600,4,2025-04-10
2025-04-10 01:00:00,1.411600,1.412800,1.407600,1.409700,4,2025-04-10
2025-04-10 05:00:00,1.409700,1.411100,1.409100,1.409100,4,2025-04-10
2025-04-10 09:00:00,1.409100,1.409400,1.406000,1.406300,4,2025-04-10
2025-04-10 13:00:00,1.406200,1.409500,1.405200,1.405600,4,2025-04-10
2025-04-10 17:00:00,1.405600,1.408900,1.399800,1.399800,4,2025-04-11
2025-04-10 21:00:00,1.399900,1.402400,1.395200,1.398600,4,2025-04-11
2025-04-11 01:00:00,1.398900,1.400700,1.395700,1.395700,4,2025-04-11
2025-04-11 05:00:00,1.395600,1.397300,1.391000,1.392900,4,2025-04-11
2025-04-11 09:00:00,1.392800,1.398500,1.390900,1.396200,4,2025-04-11
2025-04-11 13:00:00,1.396300,1.396500,1.387400,1.391600,4,2025-04-11
2025-04-14 05:00:00,1.387700,1.388390,1.384500,1.385000,4,2025-04-14
2025-04-14 09:00:00,1.385280,1.387620,1.382900,1.383550,4,2025-04-14
2025-04-14 13:00:00,1.383540,1.386430,1.382500,1.386250,4,2025-04-14
2025-04-14 17:00:00,1.386160,1.390370,1.384400,1.386580,4,2025-04-15
2025-04-14 21:00:00,1.386300,1.391090,1.385800,1.386290,4,2025-04-15
2025-04-15 01:00:00,1.386360,1.389590,1.385800,1.389100,4,2025-04-15
2025-04-15 05:00:00,1.389490,1.390860,1.387200,1.387920,4,2025-04-15
2025-04-15 09:00:00,1.387900,1.387910,1.384600,1.387270,4,2025-04-15
2025-04-15 13:00:00,1.387000,1.387350,1.384600,1.386410,4,2025-04-15
2025-04-15 17:00:00,1.386380,1.392320,1.385900,1.390300,4,2025-04-16
2025-04-15 21:00:00,1.390630,1.397770,1.390200,1.396660,4,2025-04-16
2025-04-16 01:00:00,1.396630,1.397220,1.394700,1.394800,4,2025-04-16
2025-04-16 05:00:00,1.395030,1.396500,1.393800,1.394620,4,2025-04-16
2025-04-16 09:00:00,1.394660,1.394800,1.391900,1.393530,4,2025-04-16
2025-04-16 13:00:00,1.393530,1.393530,1.389900,1.391320,4,2025-04-16
2025-04-16 17:00:00,1.391300,1.393000,1.386900,1.388800,4,2025-04-17
2025-04-16 21:00:00,1.388840,1.389850,1.386200,1.387670,4,2025-04-17
2025-04-17 01:00:00,1.387660,1.388100,1.385000,1.385400,4,2025-04-17
2025-04-17 05:00:00,1.385300,1.388400,1.385100,1.387160,4,2025-04-17
2025-04-17 09:00:00,1.387160,1.389630,1.386500,1.388850,4,2025-04-17
2025-04-17 13:00:00,1.388500,1.389870,1.386100,1.389290,4,2025-04-17
2025-04-17 17:00:00,1.389320,1.390600,1.384600,1.387400,4,2025-04-18
2025-04-17 21:00:00,1.387770,1.387910,1.382400,1.384000,4,2025-04-18
2025-04-18 01:00:00,1.384050,1.384980,1.382700,1.383440,4,2025-04-18
2025-04-18 05:00:00,1.383380,1.385950,1.382800,1.385710,4,2025-04-18
2025-04-18 09:00:00,1.385710,1.386730,1.384700,1.385480,4,2025-04-18
2025-04-18 13:00:00,1.385430,1.386760,1.384100,1.385400,4,2025-04-18
2025-04-21 05:00:00,1.382810,1.383040,1.379700,1.380690,4,2025-04-21
2025-04-21 09:00:00,1.380680,1.380700,1.378600,1.379500,4,2025-04-21
2025-04-21 13:00:00,1.379700,1.381490,1.377600,1.381010,4,2025-04-21
2025-04-21 17:00:00,1.380980,1.381500,1.378100,1.380780,4,2025-04-22
2025-04-21 21:00:00,1.380740,1.384990,1.380100,1.383770,4,2025-04-22
2025-04-22 01:00:00,1.383780,1.384810,1.382100,1.383800,4,2025-04-22
2025-04-22 05:00:00,1.383720,1.384570,1.381500,1.381700,4,2025-04-22
2025-04-22 09:00:00,1.381970,1.382110,1.378900,1.381490,4,2025-04-22
2025-04-22 13:00:00,1.381500,1.384050,1.380000,1.383700,4,2025-04-22
2025-04-22 17:00:00,1.384000,1.386150,1.382100,1.382610,4,2025-04-23
2025-04-22 21:00:00,1.382600,1.382940,1.379200,1.381440,4,2025-04-23
2025-04-23 01:00:00,1.381450,1.386040,1.380400,1.384650,4,2025-04-23
2025-04-23 05:00:00,1.384330,1.384900,1.381500,1.383420,4,2025-04-23
2025-04-23 09:00:00,1.383000,1.384720,1.380500,1.381380,4,2025-04-23
2025-04-23 13:00:00,1.381410,1.382530,1.379300,1.381590,4,2025-04-23
2025-04-23 17:00:00,1.381600,1.387250,1.381100,1.384710,4,2025-04-24
2025-04-23 21:00:00,1.384660,1.390460,1.384300,1.388650,4,2025-04-24
2025-04-24 01:00:00,1.388660,1.389360,1.386700,1.387710,4,2025-04-24
2025-04-24 05:00:00,1.387750,1.388130,1.385900,1.386370,4,2025-04-24
2025-04-24 09:00:00,1.386380,1.387500,1.385100,1.385590,4,2025-04-24
2025-04-24 13:00:00,1.385550,1.385660,1.383600,1.384870,4,2025-04-24
2025-04-24 17:00:00,1.384830,1.388700,1.384300,1.387950,4,2025-04-25
2025-04-24 21:00:00,1.387870,1.389900,1.385600,1.386110,4,2025-04-25
2025-04-25 01:00:00,1.385700,1.386560,1.384000,1.385490,4,2025-04-25
2025-04-25 05:00:00,1.385530,1.387130,1.384900,1.386690,4,2025-04-25
2025-04-25 09:00:00,1.386670,1.388930,1.385700,1.386700,4,2025-04-25
2025-04-25 13:00:00,1.386740,1.389230,1.385500,1.388670,4,2025-04-25
2025-04-28 05:00:00,1.386870,1.388500,1.385700,1.388080,4,2025-04-28
2025-04-28 09:00:00,1.388020,1.388720,1.385900,1.388000,4,2025-04-28
2025-04-28 13:00:00,1.388250,1.389260,1.385900,1.387720,4,2025-04-28
2025-04-28 17:00:00,1.387680,1.388000,1.382100,1.383000,4,2025-04-29
2025-04-28 21:00:00,1.383320,1.386420,1.382700,1.384000,4,2025-04-29
2025-04-29 01:00:00,1.384310,1.384380,1.381300,1.382950,4,2025-04-29
2025-04-29 05:00:00,1.383190,1.384100,1.380400,1.383800,4,2025-04-29
2025-04-29 09:00:00,1.383790,1.387130,1.383200,1.384100,4,2025-04-29
2025-04-29 13:00:00,1.384440,1.385080,1.381200,1.384720,4,2025-04-29
2025-04-29 17:00:00,1.384750,1.386690,1.382500,1.386360,4,2025-04-30
2025-04-29 21:00:00,1.386410,1.386740,1.383200,1.384530,4,2025-04-30
2025-04-30 01:00:00,1.384490,1.384610,1.382000,1.382950,4,2025-04-30
2025-04-30 05:00:00,1.382980,1.384600,1.381600,1.384410,4,2025-04-30
2025-04-30 09:00:00,1.384440,1.384460,1.381400,1.382050,4,2025-04-30
2025-04-30 13:00:00,1.381900,1.384320,1.381700,1.382900,4,2025-04-30
2025-04-30 17:00:00,1.383310,1.385540,1.380200,1.381100,4,2025-05-01
2025-04-30 21:00:00,1.381470,1.382290,1.377300,1.378490,4,2025-05-01
2025-05-01 01:00:00,1.378470,1.379910,1.376500,1.378610,4,2025-05-01
2025-05-01 05:00:00,1.378690,1.380110,1.378000,1.378450,4,2025-05-01
2025-05-01 09:00:00,1.378480,1.380670,1.378000,1.380020,4,2025-05-01
2025-05-01 13:00:00,1.380000,1.382520,1.379500,1.381320,4,2025-05-01
2025-05-01 17:00:00,1.381340,1.384830,1.379200,1.383900,4,2025-05-02
2025-05-01 21:00:00,1.383880,1.386210,1.382300,1.384770,4,2025-05-02
2025-05-02 01:00:00,1.384500,1.385550,1.383100,1.384890,4,2025-05-02
2025-05-02 05:00:00,1.384910,1.385390,1.382300,1.383110,4,2025-05-02
2025-05-02 09:00:00,1.383100,1.383320,1.379900,1.380870,4,2025-05-02
2025-05-02 13:00:00,1.380850,1.383430,1.380200,1.382870,4,2025-05-02
2025-05-05 05:00:00,1.382200,1.382900,1.379100,1.379700,4,2025-05-05
2025-05-05 09:00:00,1.379930,1.381600,1.378400,1.381150,4,2025-05-05
2025-05-05 13:00:00,1.381160,1.381860,1.378200,1.379780,4,2025-05-05
2025-05-05 17:00:00,1.379770,1.382970,1.378500,1.380990,4,2025-05-06
2025-05-05 21:00:00,1.380990,1.382150,1.380500,1.381100,4,2025-05-06
2025-05-06 01:00:00,1.381420,1.383000,1.380400,1.382150,4,2025-05-06
2025-05-06 05:00:00,1.382140,1.384510,1.381600,1.382810,4,2025-05-06
2025-05-06 09:00:00,1.382790,1.383240,1.381000,1.382360,4,2025-05-06
2025-05-06 13:00:00,1.382360,1.383250,1.380400,1.381890,4,2025-05-06
2025-05-06 17:00:00,1.381940,1.382080,1.377600,1.379130,4,2025-05-07
2025-05-06 21:00:00,1.379120,1.379310,1.374600,1.377230,4,2025-05-07
2025-05-07 01:00:00,1.377240,1.378300,1.376000,1.377040,4,2025-05-07
2025-05-07 05:00:00,1.376980,1.379870,1.375900,1.379420,4,2025-05-07
2025-05-07 09:00:00,1.379420,1.379720,1.378100,1.378780,4,2025-05-07
2025-05-07 13:00:00,1.378840,1.380330,1.377700,1.378930,4,2025-05-07
2025-05-07 17:00:00,1.378930,1.380640,1.377200,1.377950,4,2025-05-08
2025-05-07 21:00:00,1.377980,1.381720,1.376900,1.380520,4,2025-05-08
2025-05-08 01:00:00,1.380500,1.383950,1.380100,1.383550,4,2025-05-08
2025-05-08 05:00:00,1.383690,1.383740,1.380900,1.382480,4,2025-05-08
2025-05-08 09:00:00,1.382100,1.387420,1.381400,1.387350,4,2025-05-08
2025-05-08 13:00:00,1.387410,1.388950,1.385400,1.387450,4,2025-05-08
2025-05-08 17:00:00,1.387400,1.390340,1.386400,1.389820,4,2025-05-09
2025-05-08 21:00:00,1.389770,1.393290,1.388600,1.392730,4,2025-05-09
2025-05-09 01:00:00,1.392760,1.393140,1.391200,1.391950,4,2025-05-09
2025-05-09 05:00:00,1.391890,1.394240,1.391600,1.392490,4,2025-05-09
2025-05-09 09:00:00,1.392460,1.392600,1.390900,1.392550,4,2025-05-09
2025-05-09 13:00:00,1.392500,1.392600,1.390600,1.391540,4,2025-05-09
2025-05-12 05:00:00,1.392780,1.394100,1.391600,1.393490,4,2025-05-12
2025-05-12 09:00:00,1.393430,1.393490,1.391200,1.392980,4,2025-05-12
2025-05-12 13:00:00,1.392960,1.398660,1.390900,1.398580,4,2025-05-12
2025-05-12 17:00:00,1.398580,1.399910,1.397100,1.399600,4,2025-05-13
2025-05-12 21:00:00,1.399560,1.401560,1.398700,1.399100,4,2025-05-13
2025-05-13 01:00:00,1.399390,1.399550,1.396800,1.397200,4,2025-05-13
2025-05-13 05:00:00,1.397320,1.398730,1.396500,1.397100,4,2025-05-13
2025-05-13 09:00:00,1.397370,1.397560,1.395400,1.396000,4,2025-05-13
2025-05-13 13:00:00,1.396250,1.399370,1.395900,1.398380,4,2025-05-13
2025-05-13 17:00:00,1.398200,1.401610,1.397300,1.397860,4,2025-05-14
2025-05-13 21:00:00,1.397880,1.398530,1.393500,1.393960,4,2025-05-14
2025-05-14 01:00:00,1.394020,1.394350,1.392200,1.392300,4,2025-05-14
2025-05-14 05:00:00,1.392770,1.393960,1.392000,1.392300,4,2025-05-14
2025-05-14 09:00:00,1.392520,1.393610,1.391500,1.393320,4,2025-05-14
2025-05-14 13:00:00,1.393310,1.393370,1.389800,1.392890,4,2025-05-14
2025-05-14 17:00:00,1.392930,1.397350,1.392200,1.395830,4,2025-05-15
2025-05-14 21:00:00,1.395760,1.398450,1.395300,1.397530,4,2025-05-15
2025-05-15 01:00:00,1.397520,1.398600,1.396300,1.397670,4,2025-05-15
2025-05-15 05:00:00,1.397600,1.398070,1.395500,1.396500,4,2025-05-15
2025-05-15 09:00:00,1.396800,1.398320,1.395900,1.396700,4,2025-05-15
2025-05-15 13:00:00,1.396900,1.398930,1.396400,1.398300,4,2025-05-15
2025-05-15 17:00:00,1.398560,1.400340,1.397200,1.399500,4,2025-05-16
2025-05-15 21:00:00,1.399490,1.400460,1.395900,1.396590,4,2025-05-16
2025-05-16 01:00:00,1.396630,1.396860,1.395000,1.395000,4,2025-05-16
2025-05-16 05:00:00,1.395570,1.395730,1.394200,1.394650,4,2025-05-16
2025-05-16 09:00:00,1.394590,1.395010,1.393000,1.394000,4,2025-05-16
2025-05-16 13:00:00,1.394480,1.396360,1.393800,1.395790,4,2025-05-16
2025-05-19 05:00:00,1.395600,1.397120,1.394800,1.396910,4,2025-05-19
2025-05-19 09:00:00,1.396910,1.397280,1.395700,1.396320,4,2025-05-19
2025-05-19 13:00:00,1.396300,1.396540,1.393900,1.394700,4,2025-05-19
2025-05-19 17:00:00,1.395010,1.395200,1.392100,1.393040,4,2025-05-20
2025-05-19 21:00:00,1.393050,1.396520,1.391300,1.395500,4,2025-05-20
2025-05-20 01:00:00,1.395500,1.396130,1.392700,1.395830,4,2025-05-20
2025-05-20 05:00:00,1.395890,1.396830,1.394800,1.396450,4,2025-05-20
2025-05-20 09:00:00,1.396440,1.396600,1.393900,1.394400,4,2025-05-20
2025-05-20 13:00:00,1.394730,1.394910,1.392700,1.394500,4,2025-05-20
2025-05-20 17:00:00,1.394760,1.396110,1.391400,1.394100,4,2025-05-21
2025-05-20 21:00:00,1.394340,1.395530,1.391300,1.392970,4,2025-05-21
2025-05-21 01:00:00,1.392940,1.393300,1.390400,1.390950,4,2025-05-21
2025-05-21 05:00:00,1.390950,1.391110,1.389000,1.389550,4,2025-05-21
2025-05-21 09:00:00,1.389570,1.389880,1.387500,1.388000,4,2025-05-21
2025-05-21 13:00:00,1.388330,1.389830,1.386300,1.387860,4,2025-05-21
2025-05-21 17:00:00,1.387920,1.389420,1.383700,1.384620,4,2025-05-22
2025-05-21 21:00:00,1.384600,1.385290,1.381000,1.383700,4,2025-05-22
2025-05-22 01:00:00,1.383700,1.387140,1.383400,1.386500,4,2025-05-22
2025-05-22 05:00:00,1.386860,1.386980,1.384100,1.384800,4,2025-05-22
2025-05-22 09:00:00,1.384980,1.385980,1.384200,1.385750,4,2025-05-22
2025-05-22 13:00:00,1.385750,1.388470,1.384400,1.387890,4,2025-05-22
2025-05-22 17:00:00,1.387870,1.388900,1.385700,1.387310,4,2025-05-23
2025-05-22 21:00:00,1.387230,1.388240,1.385000,1.386640,4,2025-05-23
2025-05-23 01:00:00,1.386650,1.386830,1.384900,1.385600,4,2025-05-23
2025-05-23 05:00:00,1.385850,1.385930,1.382700,1.383290,4,2025-05-23
2025-05-23 09:00:00,1.383280,1.383340,1.381800,1.382500,4,2025-05-23
2025-05-23 13:00:00,1.382840,1.382960,1.380000,1.380970,4,2025-05-23
2025-05-26 05:00:00,1.373040,1.373830,1.368500,1.369500,4,2025-05-26
2025-05-26 09:00:00,1.369760,1.370840,1.368200,1.369210,4,2025-05-26
2025-05-26 13:00:00,1.369200,1.372300,1.368600,1.371780,4,2025-05-26
2025-05-26 17:00:00,1.371800,1.373510,1.371000,1.372650,4,2025-05-27
2025-05-26 21:00:00,1.372630,1.373900,1.372100,1.373200,4,2025-05-27
2025-05-27 01:00:00,1.373550,1.373900,1.372700,1.373490,4,2025-05-27
2025-05-27 05:00:00,1.373480,1.373850,1.372150,1.373540,4,2025-05-27
2025-05-27 09:00:00,1.373580,1.375000,1.373090,1.374540,4,2025-05-27
2025-05-27 13:00:00,1.374530,1.376900,1.373870,1.376370,4,2025-05-27
2025-05-27 17:00:00,1.376380,1.377450,1.375420,1.375700,4,2025-05-28
2025-05-27 21:00:00,1.375690,1.379570,1.375460,1.379410,4,2025-05-28
2025-05-28 01:00:00,1.379430,1.383610,1.379020,1.381360,4,2025-05-28
2025-05-28 05:00:00,1.381440,1.382680,1.379700,1.382490,4,2025-05-28
2025-05-28 09:00:00,1.382430,1.383850,1.381600,1.383370,4,2025-05-28
2025-05-28 13:00:00,1.383330,1.383380,1.380700,1.381600,4,2025-05-28
2025-05-28 17:00:00,1.381830,1.384440,1.380400,1.381140,4,2025-05-29
2025-05-28 21:00:00,1.381170,1.383330,1.380600,1.382960,4,2025-05-29
2025-05-29 01:00:00,1.382970,1.383800,1.382300,1.383260,4,2025-05-29
2025-05-29 05:00:00,1.383270,1.386160,1.382800,1.384910,4,2025-05-29
2025-05-29 09:00:00,1.384880,1.385700,1.382600,1.383270,4,2025-05-29
2025-05-29 13:00:00,1.383000,1.383510,1.381200,1.382530,4,2025-05-29
2025-05-29 17:00:00,1.382520,1.383520,1.378000,1.380830,4,2025-05-30
2025-05-29 21:00:00,1.380880,1.381220,1.379200,1.380060,4,2025-05-30
2025-05-30 01:00:00,1.380090,1.381150,1.379300,1.380550,4,2025-05-30
2025-05-30 05:00:00,1.380590,1.382560,1.379700,1.382100,4,2025-05-30
2025-05-30 09:00:00,1.382410,1.382500,1.381060,1.382010,4,2025-05-30
2025-05-30 13:00:00,1.381990,1.382990,1.381060,1.381390,4,2025-05-30
2025-06-02 05:00:00,1.372500,1.372800,1.370100,1.371500,4,2025-06-02
2025-06-02 09:00:00,1.371740,1.372890,1.369500,1.370040,4,2025-06-02
2025-06-02 13:00:00,1.370030,1.370310,1.367000,1.369530,4,2025-06-02
2025-06-02 17:00:00,1.369540,1.371320,1.368700,1.369980,4,2025-06-03
2025-06-02 21:00:00,1.370000,1.372370,1.368600,1.371200,4,2025-06-03
2025-06-03 01:00:00,1.371190,1.372000,1.369600,1.371450,4,2025-06-03
2025-06-03 05:00:00,1.371440,1.373420,1.370500,1.372700,4,2025-06-03
2025-06-03 09:00:00,1.372980,1.373920,1.372000,1.372430,4,2025-06-03
2025-06-03 13:00:00,1.372410,1.373860,1.371800,1.373100,4,2025-06-03
2025-06-03 17:00:00,1.373280,1.374300,1.369600,1.370700,4,2025-06-04
2025-06-03 21:00:00,1.370710,1.373140,1.370200,1.371510,4,2025-06-04
2025-06-04 01:00:00,1.371550,1.372300,1.371000,1.372210,4,2025-06-04
2025-06-04 05:00:00,1.371800,1.372310,1.370200,1.371600,4,2025-06-04
2025-06-04 09:00:00,1.371780,1.373160,1.371100,1.371800,4,2025-06-04
2025-06-04 13:00:00,1.372090,1.372150,1.370200,1.371190,4,2025-06-04
2025-06-04 17:00:00,1.371230,1.371360,1.365800,1.366610,4,2025-06-05
2025-06-04 21:00:00,1.366650,1.368770,1.364800,1.366450,4,2025-06-05
2025-06-05 01:00:00,1.366490,1.368570,1.365700,1.367600,4,2025-06-05
2025-06-05 05:00:00,1.367850,1.368330,1.366600,1.367700,4,2025-06-05
2025-06-05 09:00:00,1.367660,1.368390,1.366400,1.367280,4,2025-06-05
2025-06-05 13:00:00,1.367280,1.367360,1.364800,1.365670,4,2025-06-05
2025-06-05 17:00:00,1.365640,1.366600,1.363000,1.365350,4,2025-06-06
2025-06-05 21:00:00,1.365280,1.367520,1.364100,1.366100,4,2025-06-06
2025-06-06 01:00:00,1.366110,1.367610,1.365800,1.367080,4,2025-06-06
2025-06-06 05:00:00,1.367110,1.367210,1.365600,1.366740,4,2025-06-06
2025-06-06 09:00:00,1.366750,1.366960,1.365600,1.366400,4,2025-06-06
2025-06-06 13:00:00,1.366620,1.368670,1.365700,1.367300,4,2025-06-06
2025-06-09 05:00:00,1.369100,1.369700,1.367300,1.368300,4,2025-06-09
2025-06-09 09:00:00,1.368490,1.368920,1.367300,1.368210,4,2025-06-09
2025-06-09 13:00:00,1.367900,1.368470,1.366500,1.367720,4,2025-06-09
2025-06-09 17:00:00,1.367730,1.370740,1.366900,1.368280,4,2025-06-10
2025-06-09 21:00:00,1.368310,1.369150,1.366700,1.367610,4,2025-06-10
2025-06-10 01:00:00,1.367620,1.370100,1.367100,1.369720,4,2025-06-10
2025-06-10 05:00:00,1.369650,1.371570,1.369000,1.370560,4,2025-06-10
2025-06-10 09:00:00,1.370540,1.371950,1.369600,1.371690,4,2025-06-10
2025-06-10 13:00:00,1.371700,1.372850,1.369200,1.369800,4,2025-06-10
2025-06-10 17:00:00,1.370030,1.370120,1.366400,1.367550,4,2025-06-11
2025-06-10 21:00:00,1.367680,1.369270,1.367000,1.368960,4,2025-06-11
2025-06-11 01:00:00,1.368920,1.369040,1.366200,1.366600,4,2025-06-11
2025-06-11 05:00:00,1.366820,1.368200,1.365900,1.367700,4,2025-06-11
2025-06-11 09:00:00,1.368060,1.368400,1.367100,1.367960,4,2025-06-11
2025-06-11 13:00:00,1.367960,1.368840,1.366900,1.368360,4,2025-06-11
2025-06-11 17:00:00,1.368200,1.369010,1.364500,1.366830,4,2025-06-12
2025-06-11 21:00:00,1.366790,1.367150,1.364500,1.366280,4,2025-06-12
2025-06-12 01:00:00,1.366280,1.367480,1.365800,1.366240,4,2025-06-12
2025-06-12 05:00:00,1.366370,1.367320,1.365600,1.366940,4,2025-06-12
2025-06-12 09:00:00,1.366950,1.367100,1.364430,1.365100,4,2025-06-12
2025-06-12 13:00:00,1.365080,1.367530,1.362840,1.363560,4,2025-06-12
2025-06-12 17:00:00,1.363520,1.363890,1.360500,1.361050,4,2025-06-13
2025-06-12 21:00:00,1.361040,1.362020,1.359500,1.360000,4,2025-06-13
2025-06-13 01:00:00,1.360300,1.360900,1.359600,1.360110,4,2025-06-13
2025-06-13 05:00:00,1.360310,1.364540,1.358900,1.362260,4,2025-06-13
2025-06-13 09:00:00,1.362300,1.365140,1.361700,1.363100,4,2025-06-13
2025-06-13 13:00:00,1.363540,1.364520,1.360800,1.363820,4,2025-06-13
2025-06-16 05:00:00,1.358250,1.360020,1.357700,1.359970,4,2025-06-16
2025-06-16 09:00:00,1.359960,1.360700,1.357300,1.358080,4,2025-06-16
2025-06-16 13:00:00,1.358130,1.358430,1.356000,1.357110,4,2025-06-16
2025-06-16 17:00:00,1.357110,1.357440,1.353500,1.355600,4,2025-06-17
2025-06-16 21:00:00,1.355930,1.356490,1.354500,1.355940,4,2025-06-17
2025-06-17 01:00:00,1.355980,1.358010,1.355400,1.357030,4,2025-06-17
2025-06-17 05:00:00,1.357090,1.358200,1.356400,1.357250,4,2025-06-17
2025-06-17 09:00:00,1.357280,1.358320,1.356400,1.358140,4,2025-06-17
2025-06-17 13:00:00,1.358100,1.358140,1.355200,1.356470,4,2025-06-17
2025-06-17 17:00:00,1.356480,1.360010,1.355300,1.359260,4,2025-06-18
2025-06-17 21:00:00,1.359260,1.365310,1.357900,1.364450,4,2025-06-18
2025-06-18 01:00:00,1.364400,1.369330,1.363300,1.368500,4,2025-06-18
2025-06-18 05:00:00,1.368690,1.369130,1.366200,1.366750,4,2025-06-18
2025-06-18 09:00:00,1.366790,1.366840,1.364900,1.365920,4,2025-06-18
2025-06-18 13:00:00,1.365910,1.367190,1.364700,1.366730,4,2025-06-18
2025-06-18 17:00:00,1.366750,1.368970,1.363000,1.368860,4,2025-06-19
2025-06-18 21:00:00,1.368860,1.369600,1.365200,1.369420,4,2025-06-19
2025-06-19 01:00:00,1.369470,1.370320,1.368100,1.369250,4,2025-06-19
2025-06-19 05:00:00,1.369230,1.372140,1.368900,1.371630,4,2025-06-19
2025-06-19 09:00:00,1.371640,1.373000,1.370200,1.371930,4,2025-06-19
2025-06-19 13:00:00,1.371920,1.372600,1.370100,1.371240,4,2025-06-19
2025-06-19 17:00:00,1.371220,1.374640,1.369800,1.373920,4,2025-06-20
2025-06-19 21:00:00,1.373840,1.374110,1.370600,1.371250,4,2025-06-20
2025-06-20 01:00:00,1.371320,1.371420,1.369200,1.369970,4,2025-06-20
2025-06-20 05:00:00,1.369920,1.370200,1.368300,1.369690,4,2025-06-20
2025-06-20 09:00:00,1.369690,1.370690,1.368400,1.370640,4,2025-06-20
2025-06-20 13:00:00,1.370670,1.371060,1.368700,1.370280,4,2025-06-20
2025-06-23 05:00:00,1.374400,1.376640,1.373300,1.376030,4,2025-06-23
2025-06-23 09:00:00,1.375990,1.376700,1.373900,1.375990,4,2025-06-23
2025-06-23 13:00:00,1.375950,1.379810,1.374800,1.378960,4,2025-06-23
2025-06-23 17:00:00,1.378930,1.379560,1.373000,1.373890,4,2025-06-24
2025-06-23 21:00:00,1.373920,1.377960,1.372100,1.373600,4,2025-06-24
2025-06-24 01:00:00,1.373880,1.373920,1.372300,1.372800,4,2025-06-24
2025-06-24 05:00:00,1.372900,1.373550,1.371700,1.372220,4,2025-06-24
2025-06-24 09:00:00,1.372210,1.372380,1.370500,1.371040,4,2025-06-24
2025-06-24 13:00:00,1.370990,1.373100,1.370300,1.372000,4,2025-06-24
2025-06-24 17:00:00,1.371990,1.372150,1.367400,1.369600,4,2025-06-25
2025-06-24 21:00:00,1.369790,1.372560,1.368800,1.372300,4,2025-06-25
2025-06-25 01:00:00,1.372320,1.373000,1.370700,1.372200,4,2025-06-25
2025-06-25 05:00:00,1.372640,1.373070,1.371300,1.372750,4,2025-06-25
2025-06-25 09:00:00,1.372680,1.373540,1.371800,1.373320,4,2025-06-25
2025-06-25 13:00:00,1.373280,1.373750,1.371600,1.373380,4,2025-06-25
2025-06-25 17:00:00,1.373380,1.374870,1.372500,1.373270,4,2025-06-26
2025-06-25 21:00:00,1.373270,1.375410,1.372100,1.372790,4,2025-06-26
2025-06-26 01:00:00,1.372800,1.372960,1.371300,1.372130,4,2025-06-26
2025-06-26 05:00:00,1.372190,1.372220,1.369700,1.370400,4,2025-06-26
2025-06-26 09:00:00,1.370720,1.372300,1.369700,1.370560,4,2025-06-26
2025-06-26 13:00:00,1.370300,1.371150,1.367500,1.367800,4,2025-06-26
2025-06-26 17:00:00,1.368110,1.369210,1.362100,1.363300,4,2025-06-27
2025-06-26 21:00:00,1.363620,1.364070,1.361300,1.362640,4,2025-06-27
2025-06-27 01:00:00,1.362620,1.365080,1.362200,1.363800,4,2025-06-27
2025-06-27 05:00:00,1.364200,1.364740,1.363000,1.363620,4,2025-06-27
2025-06-27 09:00:00,1.363560,1.364980,1.362500,1.363030,4,2025-06-27
2025-06-27 13:00:00,1.363000,1.366300,1.362300,1.366080,4,2025-06-27
2025-06-30 05:00:00,1.368240,1.369940,1.365600,1.367200,4,2025-06-30
2025-06-30 09:00:00,1.367190,1.368200,1.365000,1.365530,4,2025-06-30
2025-06-30 13:00:00,1.365510,1.368300,1.365000,1.367200,4,2025-06-30
2025-06-30 17:00:00,1.367130,1.367810,1.363500,1.364480,4,2025-07-01
2025-06-30 21:00:00,1.364500,1.364710,1.361300,1.362480,4,2025-07-01
2025-07-01 01:00:00,1.362450,1.362960,1.359500,1.360750,4,2025-07-01
2025-07-01 05:00:00,1.360710,1.361830,1.359900,1.360800,4,2025-07-01
2025-07-01 09:00:00,1.361140,1.361310,1.359800,1.360470,4,2025-07-01
2025-07-01 13:00:00,1.360450,1.361070,1.358600,1.360320,4,2025-07-01
2025-07-01 17:00:00,1.360400,1.366070,1.359900,1.365580,4,2025-07-02
2025-07-01 21:00:00,1.365300,1.366700,1.364400,1.365160,4,2025-07-02
2025-07-02 01:00:00,1.364800,1.365620,1.363700,1.364500,4,2025-07-02
2025-07-02 05:00:00,1.364460,1.365250,1.363400,1.364580,4,2025-07-02
2025-07-02 09:00:00,1.364600,1.365880,1.364000,1.365250,4,2025-07-02
2025-07-02 13:00:00,1.365320,1.365440,1.363600,1.364540,4,2025-07-02
2025-07-02 17:00:00,1.364550,1.365690,1.362700,1.363700,4,2025-07-03
2025-07-02 21:00:00,1.363700,1.364240,1.358600,1.359540,4,2025-07-03
2025-07-03 01:00:00,1.359530,1.359830,1.357900,1.358630,4,2025-07-03
2025-07-03 05:00:00,1.358540,1.359340,1.357500,1.358980,4,2025-07-03
2025-07-03 09:00:00,1.359000,1.360090,1.358400,1.359200,4,2025-07-03
2025-07-03 13:00:00,1.359440,1.359630,1.358000,1.358670,4,2025-07-03
2025-07-03 17:00:00,1.358720,1.362390,1.356500,1.358190,4,2025-07-04
2025-07-03 21:00:00,1.358200,1.358770,1.355300,1.356480,4,2025-07-04
2025-07-04 01:00:00,1.356450,1.358920,1.355700,1.358370,4,2025-07-04
2025-07-04 05:00:00,1.358370,1.358380,1.356700,1.357600,4,2025-07-04
2025-07-04 09:00:00,1.357900,1.358160,1.356200,1.356720,4,2025-07-04
2025-07-04 13:00:00,1.356750,1.359600,1.356200,1.359100,4,2025-07-04
2025-07-07 05:00:00,1.360450,1.362340,1.359400,1.362140,4,2025-07-07
2025-07-07 09:00:00,1.361800,1.364700,1.361600,1.364510,4,2025-07-07
2025-07-07 13:00:00,1.364480,1.368550,1.363900,1.366450,4,2025-07-07
2025-07-07 17:00:00,1.366380,1.366570,1.362600,1.364240,4,2025-07-08
2025-07-07 21:00:00,1.364280,1.368330,1.363800,1.366190,4,2025-07-08
2025-07-08 01:00:00,1.365800,1.368300,1.365500,1.366700,4,2025-07-08
2025-07-08 05:00:00,1.367030,1.367130,1.364500,1.365310,4,2025-07-08
2025-07-08 09:00:00,1.365340,1.366230,1.363500,1.365490,4,2025-07-08
2025-07-08 13:00:00,1.365480,1.365700,1.363400,1.365590,4,2025-07-08
2025-07-08 17:00:00,1.365580,1.368970,1.364100,1.368510,4,2025-07-09
2025-07-08 21:00:00,1.368400,1.369430,1.366700,1.367680,4,2025-07-09
2025-07-09 01:00:00,1.367740,1.368450,1.365540,1.366460,4,2025-07-09
2025-07-09 05:00:00,1.366490,1.368530,1.365900,1.368110,4,2025-07-09
2025-07-09 09:00:00,1.368130,1.368910,1.366100,1.366500,4,2025-07-09
2025-07-09 13:00:00,1.366720,1.369600,1.366200,1.369540,4,2025-07-09
2025-07-09 17:00:00,1.369530,1.371000,1.367400,1.369600,4,2025-07-10
2025-07-09 21:00:00,1.369630,1.370500,1.368300,1.369440,4,2025-07-10
2025-07-10 01:00:00,1.369380,1.369760,1.367500,1.368470,4,2025-07-10
2025-07-10 05:00:00,1.368440,1.368850,1.366900,1.367950,4,2025-07-10
2025-07-10 09:00:00,1.367960,1.368650,1.366200,1.366760,4,2025-07-10
2025-07-10 13:00:00,1.366200,1.368050,1.365900,1.367280,4,2025-07-10
2025-07-10 17:00:00,1.367210,1.370840,1.366800,1.369040,4,2025-07-11
2025-07-10 21:00:00,1.369070,1.369090,1.366500,1.367220,4,2025-07-11
2025-07-11 01:00:00,1.366900,1.367330,1.364700,1.365370,4,2025-07-11
2025-07-11 05:00:00,1.365350,1.373050,1.364800,1.370210,4,2025-07-11
2025-07-11 09:00:00,1.370200,1.370360,1.368300,1.369900,4,2025-07-11
2025-07-11 13:00:00,1.369890,1.370580,1.368100,1.369140,4,2025-07-11
2025-07-14 05:00:00,1.369670,1.370180,1.367100,1.369500,4,2025-07-14
2025-07-14 09:00:00,1.369810,1.370210,1.368600,1.369100,4,2025-07-14
2025-07-14 13:00:00,1.369400,1.369550,1.366800,1.366900,4,2025-07-14
2025-07-14 17:00:00,1.367260,1.370100,1.366500,1.368240,4,2025-07-15
2025-07-14 21:00:00,1.368230,1.370810,1.366700,1.369960,4,2025-07-15
2025-07-15 01:00:00,1.369960,1.370760,1.369000,1.370200,4,2025-07-15
2025-07-15 05:00:00,1.370370,1.370900,1.368900,1.369830,4,2025-07-15
2025-07-15 09:00:00,1.369500,1.370260,1.368400,1.370090,4,2025-07-15
2025-07-15 13:00:00,1.370090,1.370320,1.367600,1.368220,4,2025-07-15
2025-07-15 17:00:00,1.368180,1.372150,1.366700,1.371920,4,2025-07-16
2025-07-15 21:00:00,1.371860,1.372990,1.370500,1.371590,4,2025-07-16
2025-07-16 01:00:00,1.371200,1.372540,1.370900,1.371840,4,2025-07-16
2025-07-16 05:00:00,1.371600,1.372150,1.370400,1.372060,4,2025-07-16
2025-07-16 09:00:00,1.372050,1.372210,1.370600,1.370910,4,2025-07-16
2025-07-16 13:00:00,1.370960,1.372610,1.370200,1.372160,4,2025-07-16
2025-07-16 17:00:00,1.372080,1.375530,1.370900,1.373700,4,2025-07-17
2025-07-16 21:00:00,1.374080,1.374110,1.367500,1.370180,4,2025-07-17
2025-07-17 01:00:00,1.370170,1.370200,1.367700,1.368830,4,2025-07-17
2025-07-17 05:00:00,1.368850,1.371900,1.368200,1.371840,4,2025-07-17
2025-07-17 09:00:00,1.371810,1.373110,1.370500,1.372200,4,2025-07-17
2025-07-17 13:00:00,1.372350,1.376740,1.372000,1.376610,4,2025-07-17
2025-07-17 17:00:00,1.376630,1.377430,1.374100,1.375580,4,2025-07-18
2025-07-17 21:00:00,1.375540,1.376240,1.373700,1.374980,4,2025-07-18
2025-07-18 01:00:00,1.374980,1.375570,1.373600,1.374090,4,2025-07-18
2025-07-18 05:00:00,1.374080,1.374110,1.372600,1.373750,4,2025-07-18
2025-07-18 09:00:00,1.373750,1.374250,1.373100,1.373860,4,2025-07-18
2025-07-18 13:00:00,1.373820,1.374110,1.371400,1.371880,4,2025-07-18
2025-07-21 05:00:00,1.372460,1.373460,1.371700,1.372890,4,2025-07-21
2025-07-21 09:00:00,1.372880,1.372900,1.371000,1.371850,4,2025-07-21
2025-07-21 13:00:00,1.371400,1.373000,1.371100,1.371500,4,2025-07-21
2025-07-21 17:00:00,1.371880,1.372050,1.368900,1.369740,4,2025-07-22
2025-07-21 21:00:00,1.369790,1.369840,1.367400,1.368100,4,2025-07-22
2025-07-22 01:00:00,1.368390,1.368660,1.367300,1.367600,4,2025-07-22
2025-07-22 05:00:00,1.367840,1.369040,1.367100,1.368520,4,2025-07-22
2025-07-22 09:00:00,1.368530,1.369530,1.368000,1.369360,4,2025-07-22
2025-07-22 13:00:00,1.369200,1.369410,1.366800,1.368040,4,2025-07-22
2025-07-22 17:00:00,1.368140,1.368330,1.362700,1.363880,4,2025-07-23
2025-07-22 21:00:00,1.363840,1.364260,1.360000,1.360940,4,2025-07-23
2025-07-23 01:00:00,1.360900,1.361320,1.359800,1.360440,4,2025-07-23
2025-07-23 05:00:00,1.360350,1.360690,1.358800,1.360230,4,2025-07-23
2025-07-23 09:00:00,1.360190,1.361100,1.358800,1.360020,4,2025-07-23
2025-07-23 13:00:00,1.359960,1.360250,1.357400,1.358530,4,2025-07-23
2025-07-23 17:00:00,1.358520,1.362910,1.357100,1.361490,4,2025-07-24
2025-07-23 21:00:00,1.361540,1.362420,1.359500,1.359960,4,2025-07-24
2025-07-24 01:00:00,1.359950,1.360610,1.358700,1.360570,4,2025-07-24
2025-07-24 05:00:00,1.360630,1.360860,1.359100,1.360000,4,2025-07-24
2025-07-24 09:00:00,1.360380,1.361330,1.359600,1.361280,4,2025-07-24
2025-07-24 13:00:00,1.361240,1.362000,1.360130,1.361720,4,2025-07-24
2025-07-24 17:00:00,1.361670,1.362970,1.360760,1.361690,4,2025-07-25
2025-07-24 21:00:00,1.361730,1.364620,1.361580,1.363970,4,2025-07-25
2025-07-25 01:00:00,1.363800,1.365500,1.362700,1.364410,4,2025-07-25
2025-07-25 05:00:00,1.364200,1.365560,1.363300,1.365430,4,2025-07-25
2025-07-25 09:00:00,1.365200,1.366680,1.364300,1.365970,4,2025-07-25
2025-07-25 13:00:00,1.365600,1.368030,1.365200,1.367400,4,2025-07-25
2025-07-28 05:00:00,1.369730,1.370600,1.368500,1.369200,4,2025-07-28
2025-07-28 09:00:00,1.369550,1.372010,1.368700,1.371110,4,2025-07-28
2025-07-28 13:00:00,1.371180,1.374230,1.370300,1.372380,4,2025-07-28
2025-07-28 17:00:00,1.372440,1.373440,1.370600,1.371710,4,2025-07-29
2025-07-28 21:00:00,1.371730,1.373520,1.371000,1.373400,4,2025-07-29
2025-07-29 01:00:00,1.373400,1.374050,1.372400,1.373400,4,2025-07-29
2025-07-29 05:00:00,1.373580,1.374310,1.372700,1.373140,4,2025-07-29
2025-07-29 09:00:00,1.372900,1.375130,1.372700,1.375040,4,2025-07-29
2025-07-29 13:00:00,1.375030,1.376090,1.373500,1.375510,4,2025-07-29
2025-07-29 17:00:00,1.375300,1.378550,1.374600,1.378470,4,2025-07-30
2025-07-29 21:00:00,1.378470,1.378840,1.375900,1.376680,4,2025-07-30
2025-07-30 01:00:00,1.376300,1.378240,1.375900,1.377000,4,2025-07-30
2025-07-30 05:00:00,1.377300,1.377600,1.375500,1.376490,4,2025-07-30
2025-07-30 09:00:00,1.376100,1.377450,1.375600,1.376710,4,2025-07-30
2025-07-30 13:00:00,1.376710,1.379070,1.375900,1.378820,4,2025-07-30
2025-07-30 17:00:00,1.378500,1.381840,1.378100,1.380980,4,2025-07-31
2025-07-30 21:00:00,1.380700,1.382910,1.379400,1.381590,4,2025-07-31
2025-07-31 01:00:00,1.381640,1.384500,1.381200,1.382620,4,2025-07-31
2025-07-31 05:00:00,1.382730,1.383660,1.382000,1.382530,4,2025-07-31
2025-07-31 09:00:00,1.382530,1.384510,1.381000,1.381720,4,2025-07-31
2025-07-31 13:00:00,1.381740,1.385370,1.381100,1.384400,4,2025-07-31
2025-07-31 17:00:00,1.384720,1.385220,1.381900,1.382560,4,2025-08-01
2025-07-31 21:00:00,1.382550,1.385640,1.382000,1.384580,4,2025-08-01
2025-08-01 01:00:00,1.384570,1.386860,1.383300,1.386790,4,2025-08-01
2025-08-01 05:00:00,1.386760,1.387100,1.384000,1.385500,4,2025-08-01
2025-08-01 09:00:00,1.385800,1.386480,1.384600,1.386060,4,2025-08-01
2025-08-01 13:00:00,1.385800,1.387910,1.385300,1.387160,4,2025-08-01
2025-08-04 05:00:00,1.377890,1.379480,1.376800,1.377680,4,2025-08-04
2025-08-04 09:00:00,1.377700,1.378290,1.376600,1.377120,4,2025-08-04
2025-08-04 13:00:00,1.377100,1.379010,1.376770,1.378030,4,2025-08-04
2025-08-04 17:00:00,1.378090,1.378340,1.375500,1.377190,4,2025-08-05
2025-08-04 21:00:00,1.377140,1.378460,1.376600,1.378400,4,2025-08-05
2025-08-05 01:00:00,1.378410,1.378530,1.376800,1.377320,4,2025-08-05
2025-08-05 05:00:00,1.377270,1.378620,1.375900,1.378100,4,2025-08-05
2025-08-05 09:00:00,1.378430,1.379490,1.377200,1.378000,4,2025-08-05
2025-08-05 13:00:00,1.378290,1.380970,1.376900,1.380390,4,2025-08-05
2025-08-05 17:00:00,1.380390,1.381020,1.376700,1.378620,4,2025-08-06
2025-08-05 21:00:00,1.378610,1.378900,1.376700,1.378380,4,2025-08-06
2025-08-06 01:00:00,1.378410,1.378800,1.376600,1.377330,4,2025-08-06
2025-08-06 05:00:00,1.377320,1.377960,1.376200,1.377290,4,2025-08-06
2025-08-06 09:00:00,1.377270,1.377500,1.375900,1.376650,4,2025-08-06
2025-08-06 13:00:00,1.376610,1.377540,1.374900,1.375100,4,2025-08-06
2025-08-06 17:00:00,1.375570,1.376160,1.373800,1.375220,4,2025-08-07
2025-08-06 21:00:00,1.375250,1.375480,1.373100,1.373800,4,2025-08-07
2025-08-07 01:00:00,1.374140,1.374800,1.373100,1.374110,4,2025-08-07
2025-08-07 05:00:00,1.374140,1.374630,1.372800,1.373870,4,2025-08-07
2025-08-07 09:00:00,1.373820,1.374220,1.372000,1.372500,4,2025-08-07
2025-08-07 13:00:00,1.372780,1.373600,1.371700,1.372710,4,2025-08-07
2025-08-07 17:00:00,1.372690,1.377370,1.371800,1.376190,4,2025-08-08
2025-08-07 21:00:00,1.376240,1.376670,1.374200,1.376570,4,2025-08-08
2025-08-08 01:00:00,1.376590,1.376740,1.373000,1.373530,4,2025-08-08
2025-08-08 05:00:00,1.373500,1.374890,1.372800,1.374000,4,2025-08-08
2025-08-08 09:00:00,1.374010,1.374950,1.373300,1.374220,4,2025-08-08
2025-08-08 13:00:00,1.374260,1.374320,1.372100,1.372830,4,2025-08-08
2025-08-11 05:00:00,1.375270,1.376100,1.374400,1.374880,4,2025-08-11
2025-08-11 09:00:00,1.374820,1.375870,1.374000,1.375740,4,2025-08-11
2025-08-11 13:00:00,1.375750,1.377570,1.375300,1.376830,4,2025-08-11
2025-08-11 17:00:00,1.376600,1.379500,1.376300,1.378800,4,2025-08-12
2025-08-11 21:00:00,1.379090,1.379550,1.377100,1.377810,4,2025-08-12
2025-08-12 01:00:00,1.377820,1.378720,1.377000,1.377580,4,2025-08-12
2025-08-12 05:00:00,1.377680,1.378030,1.376800,1.377310,4,2025-08-12
2025-08-12 09:00:00,1.377000,1.378580,1.376800,1.378380,4,2025-08-12
2025-08-12 13:00:00,1.378370,1.379330,1.377100,1.379270,4,2025-08-12
2025-08-12 17:00:00,1.379220,1.380610,1.376300,1.377190,4,2025-08-13
2025-08-12 21:00:00,1.377150,1.377990,1.375000,1.377720,4,2025-08-13
2025-08-13 01:00:00,1.377500,1.378460,1.376300,1.376820,4,2025-08-13
2025-08-13 05:00:00,1.376820,1.378200,1.376100,1.377530,4,2025-08-13
2025-08-13 09:00:00,1.377550,1.378200,1.376100,1.376830,4,2025-08-13
2025-08-13 13:00:00,1.376870,1.376900,1.374700,1.375400,4,2025-08-13
2025-08-13 17:00:00,1.375700,1.377520,1.374900,1.376040,4,2025-08-14
2025-08-13 21:00:00,1.376070,1.377370,1.375600,1.376990,4,2025-08-14
2025-08-14 01:00:00,1.376990,1.377170,1.375100,1.375300,4,2025-08-14
2025-08-14 05:00:00,1.375310,1.376130,1.374000,1.375840,4,2025-08-14
2025-08-14 09:00:00,1.375830,1.377040,1.375200,1.376700,4,2025-08-14
2025-08-14 13:00:00,1.376980,1.378340,1.376000,1.377520,4,2025-08-14
2025-08-14 17:00:00,1.377560,1.381310,1.377000,1.378700,4,2025-08-15
2025-08-14 21:00:00,1.379050,1.381950,1.378500,1.381340,4,2025-08-15
2025-08-15 01:00:00,1.381280,1.381860,1.380200,1.381100,4,2025-08-15
2025-08-15 05:00:00,1.381250,1.381540,1.380300,1.380400,4,2025-08-15
2025-08-15 09:00:00,1.380690,1.380770,1.379000,1.379630,4,2025-08-15
2025-08-15 13:00:00,1.379620,1.380020,1.378300,1.378780,4,2025-08-15
2025-08-18 05:00:00,1.381040,1.381730,1.379800,1.380700,4,2025-08-18
2025-08-18 09:00:00,1.380840,1.380960,1.379400,1.379900,4,2025-08-18
2025-08-18 13:00:00,1.380350,1.380600,1.378800,1.379510,4,2025-08-18
2025-08-18 17:00:00,1.379510,1.382720,1.377800,1.382380,4,2025-08-19
2025-08-18 21:00:00,1.382370,1.383130,1.380100,1.381150,4,2025-08-19
2025-08-19 01:00:00,1.381140,1.381290,1.379100,1.379810,4,2025-08-19
2025-08-19 05:00:00,1.380040,1.381800,1.379600,1.380930,4,2025-08-19
2025-08-19 09:00:00,1.380930,1.381490,1.379900,1.380350,4,2025-08-19
2025-08-19 13:00:00,1.380350,1.382300,1.379700,1.381100,4,2025-08-19
2025-08-19 17:00:00,1.381120,1.385700,1.380100,1.385460,4,2025-08-20
2025-08-19 21:00:00,1.385460,1.386460,1.384500,1.386380,4,2025-08-20
2025-08-20 01:00:00,1.386400,1.387000,1.385380,1.386200,4,2025-08-20
2025-08-20 05:00:00,1.386000,1.388350,1.386000,1.387930,4,2025-08-20
2025-08-20 09:00:00,1.387600,1.388000,1.386400,1.387110,4,2025-08-20
2025-08-20 13:00:00,1.387070,1.388110,1.386400,1.387550,4,2025-08-20
2025-08-20 17:00:00,1.387530,1.387640,1.384900,1.385400,4,2025-08-21
2025-08-20 21:00:00,1.385870,1.387950,1.385300,1.387170,4,2025-08-21
2025-08-21 01:00:00,1.387140,1.388020,1.385900,1.387210,4,2025-08-21
2025-08-21 05:00:00,1.387210,1.388200,1.386800,1.388010,4,2025-08-21
2025-08-21 09:00:00,1.388010,1.388300,1.386900,1.387840,4,2025-08-21
2025-08-21 13:00:00,1.387890,1.388530,1.386900,1.388150,4,2025-08-21
2025-08-21 17:00:00,1.388160,1.390260,1.387400,1.389730,4,2025-08-22
2025-08-21 21:00:00,1.389680,1.390800,1.388700,1.389870,4,2025-08-22
2025-08-22 01:00:00,1.389880,1.391260,1.389400,1.390490,4,2025-08-22
2025-08-22 05:00:00,1.390450,1.391300,1.389500,1.391050,4,2025-08-22
2025-08-22 09:00:00,1.391050,1.391700,1.390500,1.391490,4,2025-08-22
2025-08-22 13:00:00,1.391490,1.391900,1.390300,1.391660,4,2025-08-22
2025-08-25 05:00:00,1.382660,1.384400,1.382200,1.383900,4,2025-08-25
2025-08-25 09:00:00,1.383850,1.383990,1.381700,1.382480,4,2025-08-25
2025-08-25 13:00:00,1.382480,1.383700,1.381900,1.383470,4,2025-08-25
2025-08-25 17:00:00,1.383460,1.383540,1.381200,1.382100,4,2025-08-26
2025-08-25 21:00:00,1.382370,1.385520,1.381900,1.385250,4,2025-08-26
2025-08-26 01:00:00,1.385210,1.386370,1.384800,1.385580,4,2025-08-26
2025-08-26 05:00:00,1.385560,1.386350,1.383700,1.384600,4,2025-08-26
2025-08-26 09:00:00,1.384950,1.386570,1.384600,1.385750,4,2025-08-26
2025-08-26 13:00:00,1.385800,1.386790,1.384100,1.384700,4,2025-08-26
2025-08-26 17:00:00,1.385050,1.385450,1.382200,1.382630,4,2025-08-27
2025-08-26 21:00:00,1.382650,1.384180,1.381800,1.383420,4,2025-08-27
2025-08-27 01:00:00,1.383410,1.383960,1.382400,1.383340,4,2025-08-27
2025-08-27 05:00:00,1.383330,1.384110,1.382400,1.383810,4,2025-08-27
2025-08-27 09:00:00,1.383820,1.384520,1.383000,1.383740,4,2025-08-27
2025-08-27 13:00:00,1.383740,1.385700,1.383300,1.385220,4,2025-08-27
2025-08-27 17:00:00,1.385220,1.385770,1.382500,1.383000,4,2025-08-28
2025-08-27 21:00:00,1.383170,1.383330,1.377900,1.379560,4,2025-08-28
2025-08-28 01:00:00,1.379560,1.379710,1.377800,1.378380,4,2025-08-28
2025-08-28 05:00:00,1.378380,1.378500,1.376800,1.377260,4,2025-08-28
2025-08-28 09:00:00,1.377260,1.378800,1.376500,1.378280,4,2025-08-28
2025-08-28 13:00:00,1.378330,1.378750,1.375700,1.375900,4,2025-08-28
2025-08-28 17:00:00,1.376190,1.378530,1.374800,1.376550,4,2025-08-29
2025-08-28 21:00:00,1.376550,1.376820,1.373600,1.374590,4,2025-08-29
2025-08-29 01:00:00,1.374590,1.375910,1.374100,1.375130,4,2025-08-29
2025-08-29 05:00:00,1.375130,1.375530,1.374100,1.375420,4,2025-08-29
2025-08-29 09:00:00,1.375380,1.375740,1.374500,1.375430,4,2025-08-29
2025-08-29 13:00:00,1.375440,1.375740,1.373300,1.374980,4,2025-08-29
2025-09-01 05:00:00,1.374010,1.374480,1.372800,1.373360,4,2025-09-01
2025-09-01 09:00:00,1.373310,1.374960,1.372900,1.374760,4,2025-09-01
2025-09-01 13:00:00,1.374750,1.375260,1.372900,1.373890,4,2025-09-01
2025-09-01 17:00:00,1.373890,1.375260,1.373100,1.374790,4,2025-09-02
2025-09-01 21:00:00,1.374780,1.376200,1.374300,1.375190,4,2025-09-02
2025-09-02 01:00:00,1.375190,1.375300,1.374030,1.375150,4,2025-09-02
2025-09-02 05:00:00,1.375110,1.375670,1.374100,1.375000,4,2025-09-02
2025-09-02 09:00:00,1.375370,1.375930,1.374200,1.374400,4,2025-09-02
2025-09-02 13:00:00,1.374680,1.378380,1.374100,1.377350,4,2025-09-02
2025-09-02 17:00:00,1.377340,1.381480,1.376600,1.379380,4,2025-09-03
2025-09-02 21:00:00,1.379430,1.380030,1.376700,1.378560,4,2025-09-03
2025-09-03 01:00:00,1.378570,1.378800,1.377100,1.378100,4,2025-09-03
2025-09-03 05:00:00,1.378360,1.379240,1.377900,1.379130,4,2025-09-03
2025-09-03 09:00:00,1.379090,1.380030,1.378500,1.379630,4,2025-09-03
2025-09-03 13:00:00,1.379630,1.380760,1.378300,1.379880,4,2025-09-03
2025-09-03 17:00:00,1.379920,1.380600,1.377800,1.379000,4,2025-09-04
2025-09-03 21:00:00,1.379000,1.379920,1.377900,1.379690,4,2025-09-04
2025-09-04 01:00:00,1.379690,1.380170,1.378400,1.379200,4,2025-09-04
2025-09-04 05:00:00,1.379420,1.380700,1.378800,1.380550,4,2025-09-04
2025-09-04 09:00:00,1.380540,1.381440,1.380000,1.381340,4,2025-09-04
2025-09-04 13:00:00,1.381330,1.382270,1.380400,1.382010,4,2025-09-04
2025-09-04 17:00:00,1.382010,1.384270,1.380200,1.383600,4,2025-09-05
2025-09-04 21:00:00,1.384120,1.384540,1.382200,1.382880,4,2025-09-05
2025-09-05 01:00:00,1.382850,1.382900,1.380950,1.381960,4,2025-09-05
2025-09-05 05:00:00,1.382010,1.382020,1.379900,1.380720,4,2025-09-05
2025-09-05 09:00:00,1.380720,1.381120,1.379600,1.380600,4,2025-09-05
2025-09-05 13:00:00,1.380600,1.380630,1.378500,1.379360,4,2025-09-05
2025-09-08 05:00:00,1.384240,1.384380,1.382800,1.382800,4,2025-09-08
2025-09-08 09:00:00,1.383180,1.383600,1.381900,1.382600,4,2025-09-08
2025-09-08 13:00:00,1.382580,1.382740,1.380100,1.380590,4,2025-09-08
2025-09-08 17:00:00,1.380580,1.382650,1.378400,1.382260,4,2025-09-09
2025-09-08 21:00:00,1.382230,1.383360,1.380600,1.381350,4,2025-09-09
2025-09-09 01:00:00,1.381310,1.381460,1.379300,1.379950,4,2025-09-09
2025-09-09 05:00:00,1.379980,1.381130,1.379100,1.380200,4,2025-09-09
2025-09-09 09:00:00,1.380330,1.381030,1.378900,1.379800,4,2025-09-09
2025-09-09 13:00:00,1.380150,1.381280,1.379000,1.380990,4,2025-09-09
2025-09-09 17:00:00,1.380960,1.383160,1.380000,1.382070,4,2025-09-10
2025-09-09 21:00:00,1.382040,1.384800,1.381500,1.384680,4,2025-09-10
2025-09-10 01:00:00,1.384630,1.386000,1.383500,1.384440,4,2025-09-10
2025-09-10 05:00:00,1.384460,1.386310,1.383900,1.385500,4,2025-09-10
2025-09-10 09:00:00,1.385510,1.385600,1.383400,1.385290,4,2025-09-10
2025-09-10 13:00:00,1.385250,1.386040,1.384200,1.385780,4,2025-09-10
2025-09-10 17:00:00,1.385780,1.386210,1.382600,1.384170,4,2025-09-11
2025-09-10 21:00:00,1.384200,1.386700,1.383600,1.386070,4,2025-09-11
2025-09-11 01:00:00,1.386070,1.386970,1.385400,1.385830,4,2025-09-11
2025-09-11 05:00:00,1.385790,1.387330,1.385300,1.387120,4,2025-09-11
2025-09-11 09:00:00,1.387110,1.388000,1.386300,1.387280,4,2025-09-11
2025-09-11 13:00:00,1.386900,1.388920,1.386700,1.388320,4,2025-09-11
2025-09-11 17:00:00,1.388320,1.389110,1.383100,1.384060,4,2025-09-12
2025-09-11 21:00:00,1.384090,1.384530,1.382100,1.383690,4,2025-09-12
2025-09-12 01:00:00,1.383710,1.384300,1.382500,1.383290,4,2025-09-12
2025-09-12 05:00:00,1.383170,1.384840,1.382700,1.384210,4,2025-09-12
2025-09-12 09:00:00,1.384200,1.384600,1.383100,1.383610,4,2025-09-12
2025-09-12 13:00:00,1.383400,1.384920,1.382800,1.383300,4,2025-09-12
2025-09-15 05:00:00,1.383590,1.384570,1.383400,1.384150,4,2025-09-15
2025-09-15 09:00:00,1.384150,1.384220,1.383000,1.383620,4,2025-09-15
2025-09-15 13:00:00,1.383610,1.383940,1.381700,1.382440,4,2025-09-15
2025-09-15 17:00:00,1.382440,1.384220,1.380200,1.380500,4,2025-09-16
2025-09-15 21:00:00,1.380790,1.381270,1.376600,1.377700,4,2025-09-16
2025-09-16 01:00:00,1.377700,1.378210,1.376200,1.377600,4,2025-09-16
2025-09-16 05:00:00,1.377630,1.377840,1.376500,1.377120,4,2025-09-16
2025-09-16 09:00:00,1.377140,1.377300,1.375900,1.376400,4,2025-09-16
2025-09-16 13:00:00,1.376390,1.377690,1.375800,1.376290,4,2025-09-16
2025-09-16 17:00:00,1.376290,1.376400,1.373300,1.374200,4,2025-09-17
2025-09-16 21:00:00,1.374680,1.376230,1.373200,1.374890,4,2025-09-17
2025-09-17 01:00:00,1.374890,1.375490,1.372900,1.373900,4,2025-09-17
2025-09-17 05:00:00,1.373990,1.375040,1.373300,1.374970,4,2025-09-17
2025-09-17 09:00:00,1.374980,1.375560,1.374400,1.375020,4,2025-09-17
2025-09-17 13:00:00,1.375010,1.376200,1.374500,1.375600,4,2025-09-17
2025-09-17 17:00:00,1.375600,1.376940,1.374400,1.376300,4,2025-09-18
2025-09-17 21:00:00,1.376310,1.378720,1.372100,1.377070,4,2025-09-18
2025-09-18 01:00:00,1.377170,1.377800,1.375200,1.376910,4,2025-09-18
2025-09-18 05:00:00,1.376800,1.378500,1.376100,1.377360,4,2025-09-18
2025-09-18 09:00:00,1.377360,1.380000,1.376800,1.379470,4,2025-09-18
2025-09-18 13:00:00,1.379470,1.379900,1.376300,1.377290,4,2025-09-18
2025-09-18 17:00:00,1.377290,1.380970,1.376600,1.380000,4,2025-09-19
2025-09-18 21:00:00,1.380290,1.380960,1.378700,1.379590,4,2025-09-19
2025-09-19 01:00:00,1.379590,1.380230,1.378200,1.379420,4,2025-09-19
2025-09-19 05:00:00,1.379350,1.380450,1.378600,1.380010,4,2025-09-19
2025-09-19 09:00:00,1.380010,1.381960,1.378790,1.381230,4,2025-09-19
2025-09-19 13:00:00,1.381230,1.382000,1.379800,1.380710,4,2025-09-19
2025-09-22 05:00:00,1.378090,1.379960,1.377700,1.379410,4,2025-09-22
2025-09-22 09:00:00,1.379410,1.380000,1.378700,1.379800,4,2025-09-22
2025-09-22 13:00:00,1.379790,1.381200,1.379400,1.380590,4,2025-09-22
2025-09-22 17:00:00,1.380630,1.381670,1.378900,1.380940,4,2025-09-23
2025-09-22 21:00:00,1.380940,1.382900,1.380400,1.382070,4,2025-09-23
2025-09-23 01:00:00,1.382070,1.383170,1.381200,1.382350,4,2025-09-23
2025-09-23 05:00:00,1.382330,1.383200,1.381900,1.382790,4,2025-09-23
2025-09-23 09:00:00,1.382780,1.383190,1.381800,1.383070,4,2025-09-23
2025-09-23 13:00:00,1.383080,1.384450,1.382000,1.382520,4,2025-09-23
2025-09-23 17:00:00,1.382300,1.383660,1.380700,1.382680,4,2025-09-24
2025-09-23 21:00:00,1.382710,1.385000,1.382000,1.384940,4,2025-09-24
2025-09-24 01:00:00,1.384930,1.384960,1.382800,1.383500,4,2025-09-24
2025-09-24 05:00:00,1.383740,1.384910,1.383100,1.384000,4,2025-09-24
2025-09-24 09:00:00,1.384260,1.385410,1.383700,1.385350,4,2025-09-24
2025-09-24 13:00:00,1.385330,1.387600,1.384600,1.387250,4,2025-09-24
2025-09-24 17:00:00,1.387240,1.389640,1.386200,1.388600,4,2025-09-25
2025-09-24 21:00:00,1.388840,1.390680,1.388000,1.390370,4,2025-09-25
2025-09-25 01:00:00,1.390420,1.390670,1.389000,1.389580,4,2025-09-25
2025-09-25 05:00:00,1.389610,1.389870,1.388200,1.388600,4,2025-09-25
2025-09-25 09:00:00,1.388780,1.389920,1.388000,1.389770,4,2025-09-25
2025-09-25 13:00:00,1.389720,1.390210,1.388950,1.389480,4,2025-09-25
2025-09-25 17:00:00,1.389480,1.392440,1.388800,1.392170,4,2025-09-26
2025-09-25 21:00:00,1.392150,1.394940,1.391700,1.394220,4,2025-09-26
2025-09-26 01:00:00,1.394260,1.394700,1.391800,1.393600,4,2025-09-26
2025-09-26 05:00:00,1.394040,1.394910,1.393200,1.394260,4,2025-09-26
2025-09-26 09:00:00,1.393860,1.395160,1.393000,1.394660,4,2025-09-26
2025-09-26 13:00:00,1.394200,1.396250,1.393500,1.395680,4,2025-09-26
2025-09-29 05:00:00,1.394120,1.394290,1.391500,1.392080,4,2025-09-29
2025-09-29 09:00:00,1.392070,1.392860,1.391400,1.392560,4,2025-09-29
2025-09-29 13:00:00,1.392580,1.392940,1.391100,1.392510,4,2025-09-29
2025-09-29 17:00:00,1.392510,1.393950,1.391500,1.392350,4,2025-09-30
2025-09-29 21:00:00,1.392330,1.392380,1.389900,1.391360,4,2025-09-30
2025-09-30 01:00:00,1.391360,1.392270,1.390640,1.391390,4,2025-09-30
2025-09-30 05:00:00,1.391200,1.392400,1.390800,1.391260,4,2025-09-30
2025-09-30 09:00:00,1.391250,1.392010,1.390200,1.391150,4,2025-09-30
2025-09-30 13:00:00,1.391150,1.392420,1.390200,1.392000,4,2025-09-30
2025-09-30 17:00:00,1.392000,1.392950,1.389200,1.391400,4,2025-10-01
2025-09-30 21:00:00,1.391390,1.393560,1.390800,1.391740,4,2025-10-01
2025-10-01 01:00:00,1.391750,1.392560,1.390900,1.392040,4,2025-10-01
2025-10-01 05:00:00,1.391950,1.393100,1.391300,1.392400,4,2025-10-01
2025-10-01 09:00:00,1.392740,1.393300,1.390300,1.391140,4,2025-10-01
2025-10-01 13:00:00,1.391090,1.393700,1.390300,1.393400,4,2025-10-01
2025-10-01 17:00:00,1.393390,1.394490,1.391000,1.394320,4,2025-10-02
2025-10-01 21:00:00,1.394360,1.395690,1.393000,1.393930,4,2025-10-02
2025-10-02 01:00:00,1.393980,1.394500,1.392800,1.393570,4,2025-10-02
2025-10-02 05:00:00,1.393580,1.394710,1.393000,1.393500,4,2025-10-02
2025-10-02 09:00:00,1.393730,1.394900,1.393000,1.393620,4,2025-10-02
2025-10-02 13:00:00,1.393610,1.394050,1.392800,1.393550,4,2025-10-02
2025-10-02 17:00:00,1.393570,1.397410,1.393100,1.397390,4,2025-10-03
2025-10-02 21:00:00,1.397340,1.398620,1.395700,1.396240,4,2025-10-03
2025-10-03 01:00:00,1.396260,1.397230,1.395500,1.396290,4,2025-10-03
2025-10-03 05:00:00,1.396250,1.396840,1.395600,1.396670,4,2025-10-03
2025-10-03 09:00:00,1.396670,1.396930,1.395400,1.396300,4,2025-10-03
2025-10-03 13:00:00,1.396530,1.396900,1.395300,1.396720,4,2025-10-03
2025-10-06 05:00:00,1.396440,1.396690,1.394600,1.395060,3,2025-10-06
2025-10-06 09:00:00,1.395020,1.395610,1.394100,1.395340,4,2025-10-06
2025-10-06 13:00:00,1.395340,1.395870,1.393700,1.395470,4,2025-10-06
2025-10-06 17:00:00,1.395470,1.396760,1.394900,1.396350,4,2025-10-07
2025-10-06 21:00:00,1.396350,1.396510,1.394100,1.395170,4,2025-10-07
2025-10-07 01:00:00,1.395150,1.395400,1.393500,1.394020,4,2025-10-07
2025-10-07 05:00:00,1.394070,1.395260,1.393600,1.395150,4,2025-10-07
2025-10-07 09:00:00,1.395170,1.395510,1.394000,1.395220,4,2025-10-07
2025-10-07 13:00:00,1.395210,1.396210,1.394600,1.395430,4,2025-10-07
2025-10-07 17:00:00,1.395430,1.396250,1.394000,1.394760,4,2025-10-08
2025-10-07 21:00:00,1.394720,1.395700,1.393500,1.394970,4,2025-10-08
2025-10-08 01:00:00,1.395000,1.396050,1.394100,1.394730,4,2025-10-08
2025-10-08 05:00:00,1.394800,1.396490,1.394300,1.396400,4,2025-10-08
2025-10-08 09:00:00,1.396420,1.397000,1.395700,1.396840,4,2025-10-08
2025-10-08 13:00:00,1.396780,1.397100,1.394600,1.395590,4,2025-10-08
2025-10-08 17:00:00,1.395590,1.395760,1.392800,1.394710,4,2025-10-09
2025-10-08 21:00:00,1.394730,1.396100,1.393800,1.395720,4,2025-10-09
2025-10-09 01:00:00,1.395730,1.396260,1.394450,1.395000,4,2025-10-09
2025-10-09 05:00:00,1.395030,1.395600,1.393700,1.394100,4,2025-10-09
2025-10-09 09:00:00,1.394330,1.394510,1.392900,1.394100,4,2025-10-09
2025-10-09 13:00:00,1.394100,1.396370,1.393700,1.394820,4,2025-10-09
2025-10-09 17:00:00,1.394850,1.397140,1.393400,1.397060,4,2025-10-10
2025-10-09 21:00:00,1.397030,1.402600,1.396600,1.401300,4,2025-10-10
2025-10-10 01:00:00,1.401590,1.403380,1.401100,1.401360,4,2025-10-10
2025-10-10 05:00:00,1.401620,1.402550,1.400800,1.401550,4,2025-10-10
2025-10-10 09:00:00,1.401550,1.402100,1.400900,1.401340,4,2025-10-10
2025-10-10 13:00:00,1.401310,1.403410,1.400800,1.401800,4,2025-10-10
2025-10-13 05:00:00,1.399560,1.400220,1.398100,1.398300,3,2025-10-13
2025-10-13 09:00:00,1.398670,1.399950,1.397800,1.399810,4,2025-10-13
2025-10-13 13:00:00,1.399800,1.401070,1.398500,1.399600,4,2025-10-13
2025-10-13 17:00:00,1.399980,1.401870,1.399300,1.401540,4,2025-10-14
2025-10-13 21:00:00,1.401550,1.403400,1.401000,1.402700,4,2025-10-14
2025-10-14 01:00:00,1.403110,1.403930,1.402300,1.403080,4,2025-10-14
2025-10-14 05:00:00,1.403220,1.404340,1.402600,1.403600,4,2025-10-14
2025-10-14 09:00:00,1.403590,1.404700,1.403100,1.404590,4,2025-10-14
2025-10-14 13:00:00,1.404590,1.406950,1.404100,1.406840,4,2025-10-14
2025-10-14 17:00:00,1.406840,1.408000,1.403700,1.404350,4,2025-10-15
2025-10-14 21:00:00,1.404200,1.405510,1.402600,1.403100,4,2025-10-15
2025-10-15 01:00:00,1.403440,1.404950,1.403000,1.404050,4,2025-10-15
2025-10-15 05:00:00,1.404030,1.404820,1.403000,1.403760,4,2025-10-15
2025-10-15 09:00:00,1.403770,1.403870,1.402700,1.403600,4,2025-10-15
2025-10-15 13:00:00,1.403630,1.404500,1.402400,1.403840,4,2025-10-15
2025-10-15 17:00:00,1.403810,1.405390,1.403000,1.404260,4,2025-10-16
2025-10-15 21:00:00,1.404060,1.405980,1.402300,1.405100,4,2025-10-16
2025-10-16 01:00:00,1.405100,1.405880,1.403400,1.404100,4,2025-10-16
2025-10-16 05:00:00,1.403910,1.404800,1.401800,1.402200,4,2025-10-16
2025-10-16 09:00:00,1.402520,1.403600,1.401800,1.403260,4,2025-10-16
2025-10-16 13:00:00,1.403260,1.404370,1.402200,1.403920,4,2025-10-16
2025-10-16 17:00:00,1.403910,1.405800,1.403300,1.404820,4,2025-10-17
2025-10-16 21:00:00,1.404840,1.406090,1.403200,1.404200,4,2025-10-17
2025-10-17 01:00:00,1.404200,1.406040,1.403800,1.404970,4,2025-10-17
2025-10-17 05:00:00,1.404980,1.405230,1.403300,1.404400,4,2025-10-17
2025-10-17 09:00:00,1.404870,1.405200,1.403200,1.403730,4,2025-10-17
2025-10-17 13:00:00,1.403740,1.406720,1.403200,1.403810,4,2025-10-17
2025-10-20 05:00:00,1.401080,1.401720,1.400400,1.401360,3,2025-10-20
2025-10-20 09:00:00,1.401380,1.401500,1.400200,1.401400,4,2025-10-20
2025-10-20 13:00:00,1.401440,1.403430,1.401100,1.403220,4,2025-10-20
2025-10-20 17:00:00,1.402900,1.405100,1.402600,1.403810,4,2025-10-21
2025-10-20 21:00:00,1.403810,1.404100,1.402100,1.403570,4,2025-10-21
2025-10-21 01:00:00,1.403560,1.403950,1.402700,1.403480,4,2025-10-21
2025-10-21 05:00:00,1.403360,1.404100,1.402500,1.404010,4,2025-10-21
2025-10-21 09:00:00,1.403970,1.405730,1.403700,1.405640,4,2025-10-21
2025-10-21 13:00:00,1.405640,1.406580,1.404800,1.405420,4,2025-10-21
2025-10-21 17:00:00,1.405410,1.405800,1.400900,1.403870,4,2025-10-22
2025-10-21 21:00:00,1.403890,1.404390,1.399900,1.401550,4,2025-10-22
2025-10-22 01:00:00,1.401520,1.402420,1.400800,1.401900,4,2025-10-22
2025-10-22 05:00:00,1.401950,1.402330,1.400300,1.400810,4,2025-10-22
2025-10-22 09:00:00,1.400810,1.400850,1.399000,1.399500,4,2025-10-22
2025-10-22 13:00:00,1.399830,1.401500,1.398900,1.401000,4,2025-10-22
2025-10-22 17:00:00,1.401180,1.403230,1.400000,1.400600,4,2025-10-23
2025-10-22 21:00:00,1.400400,1.400640,1.397200,1.399280,4,2025-10-23
2025-10-23 01:00:00,1.399300,1.399900,1.397700,1.399240,4,2025-10-23
2025-10-23 05:00:00,1.399030,1.399810,1.398300,1.399750,4,2025-10-23
2025-10-23 09:00:00,1.399750,1.400470,1.398800,1.399510,4,2025-10-23
2025-10-23 13:00:00,1.399470,1.399660,1.398200,1.399580,4,2025-10-23
2025-10-23 17:00:00,1.399600,1.399950,1.398000,1.398540,4,2025-10-24
2025-10-23 21:00:00,1.398500,1.400320,1.397600,1.399300,4,2025-10-24
2025-10-24 01:00:00,1.399270,1.399540,1.398520,1.398910,4,2025-10-24
2025-10-24 05:00:00,1.398970,1.399450,1.397140,1.399220,4,2025-10-24
2025-10-24 09:00:00,1.399220,1.402890,1.398600,1.401450,4,2025-10-24
2025-10-24 13:00:00,1.401430,1.402450,1.400000,1.401940,4,2025-10-24
2025-10-27 05:00:00,1.399340,1.399430,1.397300,1.398360,2,2025-10-27
2025-10-27 09:00:00,1.398330,1.399260,1.397900,1.398470,4,2025-10-27
2025-10-27 13:00:00,1.398470,1.398500,1.396600,1.397380,4,2025-10-27
2025-10-27 17:00:00,1.397320,1.399800,1.396800,1.399540,4,2025-10-28
2025-10-27 21:00:00,1.399510,1.400830,1.398900,1.399780,4,2025-10-28
2025-10-28 01:00:00,1.399760,1.400120,1.398100,1.398930,4,2025-10-28
2025-10-28 05:00:00,1.398900,1.399420,1.397800,1.398790,4,2025-10-28
2025-10-28 09:00:00,1.398820,1.399270,1.397700,1.398970,4,2025-10-28
2025-10-28 13:00:00,1.398970,1.400540,1.398500,1.399710,4,2025-10-28
2025-10-28 17:00:00,1.399680,1.400230,1.398200,1.398660,4,2025-10-29
2025-10-28 21:00:00,1.398660,1.398700,1.393200,1.394340,4,2025-10-29
2025-10-29 01:00:00,1.394370,1.394920,1.393000,1.394300,4,2025-10-29
2025-10-29 05:00:00,1.394310,1.394730,1.392800,1.393460,4,2025-10-29
2025-10-29 09:00:00,1.393470,1.394540,1.392900,1.394060,4,2025-10-29
2025-10-29 13:00:00,1.394020,1.394930,1.391900,1.394310,4,2025-10-29
2025-10-29 17:00:00,1.394270,1.394590,1.391000,1.391990,4,2025-10-30
2025-10-29 21:00:00,1.391960,1.392380,1.388300,1.389890,4,2025-10-30
2025-10-30 01:00:00,1.389990,1.395500,1.389300,1.394010,4,2025-10-30
2025-10-30 05:00:00,1.394320,1.394600,1.392900,1.393300,4,2025-10-30
2025-10-30 09:00:00,1.393660,1.394310,1.392200,1.393410,4,2025-10-30
2025-10-30 13:00:00,1.393420,1.395160,1.392600,1.395060,4,2025-10-30
2025-10-30 17:00:00,1.395070,1.401410,1.394200,1.399790,4,2025-10-31
2025-10-30 21:00:00,1.399400,1.400010,1.397400,1.398230,4,2025-10-31
2025-10-31 01:00:00,1.398210,1.399030,1.397300,1.398180,4,2025-10-31
2025-10-31 05:00:00,1.398370,1.398630,1.397400,1.398430,4,2025-10-31
2025-10-31 09:00:00,1.398430,1.399170,1.397700,1.399070,4,2025-10-31
2025-10-31 13:00:00,1.399050,1.401110,1.398600,1.400500,4,2025-10-31
2025-11-03 05:00:00,1.401540,1.402340,1.400900,1.401390,3,2025-11-03
2025-11-03 09:00:00,1.401390,1.401710,1.400400,1.401030,4,2025-11-03
2025-11-03 13:00:00,1.401030,1.404630,1.400400,1.404540,4,2025-11-03
2025-11-03 17:00:00,1.404540,1.406880,1.403000,1.406240,4,2025-11-04
2025-11-03 21:00:00,1.406250,1.407570,1.404300,1.405720,4,2025-11-04
2025-11-04 01:00:00,1.405730,1.405910,1.404500,1.405450,4,2025-11-04
2025-11-04 05:00:00,1.405570,1.407020,1.405000,1.406700,4,2025-11-04
2025-11-04 09:00:00,1.406740,1.407400,1.405600,1.406630,4,2025-11-04
2025-11-04 13:00:00,1.406630,1.407400,1.405000,1.407150,4,2025-11-04
2025-11-04 17:00:00,1.407160,1.409580,1.406500,1.408550,4,2025-11-05
2025-11-04 21:00:00,1.408550,1.409960,1.407400,1.409590,4,2025-11-05
2025-11-05 01:00:00,1.409200,1.410760,1.408800,1.410050,4,2025-11-05
2025-11-05 05:00:00,1.410050,1.411900,1.409600,1.411320,4,2025-11-05
2025-11-05 09:00:00,1.411320,1.411510,1.410300,1.411360,4,2025-11-05
2025-11-05 13:00:00,1.411360,1.413500,1.410400,1.413220,4,2025-11-05
2025-11-05 17:00:00,1.413250,1.414030,1.411500,1.412050,4,2025-11-06
2025-11-05 21:00:00,1.412080,1.413410,1.410100,1.411770,4,2025-11-06
2025-11-06 01:00:00,1.411740,1.411900,1.410000,1.410620,4,2025-11-06
2025-11-06 05:00:00,1.410530,1.410900,1.409600,1.410290,4,2025-11-06
2025-11-06 09:00:00,1.410290,1.410510,1.409500,1.410360,4,2025-11-06
2025-11-06 13:00:00,1.410320,1.410450,1.408700,1.409780,4,2025-11-06
2025-11-06 17:00:00,1.409770,1.412660,1.408600,1.412520,4,2025-11-07
2025-11-06 21:00:00,1.412540,1.414000,1.410400,1.411070,4,2025-11-07
2025-11-07 01:00:00,1.411070,1.412070,1.410200,1.411400,4,2025-11-07
2025-11-07 05:00:00,1.411360,1.412590,1.410700,1.412290,4,2025-11-07
2025-11-07 09:00:00,1.412290,1.412600,1.411400,1.411980,4,2025-11-07
2025-11-07 13:00:00,1.411950,1.412050,1.410700,1.411230,4,2025-11-07
2025-11-10 05:00:00,1.404380,1.404630,1.402100,1.402890,3,2025-11-10
2025-11-10 09:00:00,1.402890,1.403500,1.401600,1.403150,4,2025-11-10
2025-11-10 13:00:00,1.403100,1.403150,1.399700,1.401500,4,2025-11-10
2025-11-10 17:00:00,1.401760,1.402910,1.399700,1.402010,4,2025-11-11
2025-11-10 21:00:00,1.401990,1.403630,1.401100,1.401780,4,2025-11-11
2025-11-11 01:00:00,1.401820,1.402130,1.400900,1.401780,4,2025-11-11
2025-11-11 05:00:00,1.401850,1.403600,1.401600,1.403100,4,2025-11-11
2025-11-11 09:00:00,1.403420,1.404080,1.402700,1.403920,4,2025-11-11
2025-11-11 13:00:00,1.403960,1.404100,1.402200,1.403020,4,2025-11-11
2025-11-11 17:00:00,1.403050,1.403150,1.400000,1.400370,4,2025-11-12
2025-11-11 21:00:00,1.400380,1.401630,1.399700,1.400400,4,2025-11-12
2025-11-12 01:00:00,1.400690,1.402100,1.400200,1.401730,4,2025-11-12
2025-11-12 05:00:00,1.401730,1.402040,1.400700,1.401760,4,2025-11-12
2025-11-12 09:00:00,1.401760,1.402000,1.400100,1.400620,4,2025-11-12
2025-11-12 13:00:00,1.400620,1.402150,1.399800,1.401690,4,2025-11-12
2025-11-12 17:00:00,1.401690,1.402160,1.400200,1.401530,4,2025-11-13
2025-11-12 21:00:00,1.401500,1.401720,1.398500,1.399300,4,2025-11-13
2025-11-13 01:00:00,1.399310,1.400980,1.398800,1.400720,4,2025-11-13
2025-11-13 05:00:00,1.400880,1.401620,1.399900,1.400420,4,2025-11-13
2025-11-13 09:00:00,1.400420,1.401300,1.399900,1.401010,4,2025-11-13
2025-11-13 13:00:00,1.401020,1.401310,1.398100,1.399470,4,2025-11-13
2025-11-13 17:00:00,1.399510,1.401190,1.398800,1.400910,4,2025-11-14
2025-11-13 21:00:00,1.400940,1.403780,1.400100,1.403400,4,2025-11-14
2025-11-14 01:00:00,1.403350,1.403780,1.402400,1.403240,4,2025-11-14
2025-11-14 05:00:00,1.403300,1.404440,1.401500,1.402320,4,2025-11-14
2025-11-14 09:00:00,1.402320,1.403270,1.401400,1.402950,4,2025-11-14
2025-11-14 13:00:00,1.402890,1.404530,1.402300,1.404080,4,2025-11-14
2025-11-17 05:00:00,1.401820,1.403500,1.401500,1.403370,3,2025-11-17
2025-11-17 09:00:00,1.403360,1.403900,1.402000,1.402460,4,2025-11-17
2025-11-17 13:00:00,1.402300,1.403240,1.401300,1.403050,4,2025-11-17
2025-11-17 17:00:00,1.402900,1.404180,1.402000,1.403240,4,2025-11-18
2025-11-17 21:00:00,1.403270,1.403730,1.402000,1.403700,4,2025-11-18
2025-11-18 01:00:00,1.403700,1.405770,1.403200,1.405210,4,2025-11-18
2025-11-18 05:00:00,1.405210,1.405660,1.404300,1.404960,4,2025-11-18
2025-11-18 09:00:00,1.404960,1.406230,1.404300,1.405220,4,2025-11-18
2025-11-18 13:00:00,1.405230,1.405560,1.403100,1.403200,4,2025-11-18
2025-11-18 17:00:00,1.403490,1.403650,1.400200,1.401460,4,2025-11-19
2025-11-18 21:00:00,1.401490,1.402060,1.396700,1.397950,4,2025-11-19
2025-11-19 01:00:00,1.397960,1.399050,1.397300,1.398600,4,2025-11-19
2025-11-19 05:00:00,1.398480,1.399900,1.397900,1.399470,4,2025-11-19
2025-11-19 09:00:00,1.399470,1.400100,1.398800,1.399530,4,2025-11-19
2025-11-19 13:00:00,1.399530,1.400660,1.398820,1.400180,4,2025-11-19
2025-11-19 17:00:00,1.400180,1.402300,1.399970,1.400730,4,2025-11-20
2025-11-19 21:00:00,1.400760,1.406570,1.400400,1.404910,4,2025-11-20
2025-11-20 01:00:00,1.404870,1.406080,1.404000,1.404440,4,2025-11-20
2025-11-20 05:00:00,1.404570,1.406130,1.403800,1.405670,4,2025-11-20
2025-11-20 09:00:00,1.405670,1.406140,1.404600,1.405640,4,2025-11-20
2025-11-20 13:00:00,1.405640,1.406320,1.404400,1.405070,4,2025-11-20
2025-11-20 17:00:00,1.405060,1.407240,1.403500,1.405130,4,2025-11-21
2025-11-20 21:00:00,1.405120,1.410740,1.404600,1.410090,4,2025-11-21
2025-11-21 01:00:00,1.410100,1.410520,1.408700,1.409640,4,2025-11-21
2025-11-21 05:00:00,1.409640,1.409800,1.408000,1.409170,4,2025-11-21
2025-11-21 09:00:00,1.409170,1.409420,1.408200,1.408780,4,2025-11-21
2025-11-21 13:00:00,1.408700,1.410600,1.407800,1.409320,4,2025-11-21
2025-11-24 05:00:00,1.409490,1.410460,1.408900,1.409670,3,2025-11-24
2025-11-24 09:00:00,1.409660,1.410030,1.408700,1.409950,4,2025-11-24
2025-11-24 13:00:00,1.409950,1.411520,1.409000,1.410800,4,2025-11-24
2025-11-24 17:00:00,1.410970,1.411810,1.409300,1.410360,4,2025-11-25
2025-11-24 21:00:00,1.410350,1.411900,1.409700,1.410530,4,2025-11-25
2025-11-25 01:00:00,1.410490,1.411160,1.410350,1.410660,4,2025-11-25
2025-11-25 05:00:00,1.410640,1.411480,1.410470,1.410870,4,2025-11-25
2025-11-25 09:00:00,1.410870,1.412410,1.410640,1.412120,4,2025-11-25
2025-11-25 13:00:00,1.412120,1.412310,1.411010,1.411320,4,2025-11-25
2025-11-25 17:00:00,1.411310,1.412530,1.410490,1.411130,4,2025-11-26
2025-11-25 21:00:00,1.411100,1.411850,1.409020,1.409550,4,2025-11-26
2025-11-26 01:00:00,1.409510,1.410390,1.409150,1.410000,4,2025-11-26
2025-11-26 05:00:00,1.409990,1.410540,1.407630,1.408330,4,2025-11-26
2025-11-26 09:00:00,1.408340,1.408410,1.406860,1.407470,4,2025-11-26
2025-11-26 13:00:00,1.407480,1.408660,1.406870,1.408640,4,2025-11-26
2025-11-26 17:00:00,1.408630,1.410140,1.408080,1.408320,4,2025-11-27
2025-11-26 21:00:00,1.408280,1.408470,1.403870,1.403990,4,2025-11-27
2025-11-27 01:00:00,1.403950,1.404840,1.403510,1.404160,4,2025-11-27
2025-11-27 05:00:00,1.404150,1.404270,1.402870,1.403240,4,2025-11-27
2025-11-27 09:00:00,1.403250,1.403690,1.402820,1.403430,4,2025-11-27
2025-11-27 13:00:00,1.403440,1.404930,1.403320,1.404500,4,2025-11-27
2025-11-27 17:00:00,1.404490,1.404790,1.403770,1.403850,4,2025-11-28
2025-11-27 21:00:00,1.403830,1.403910,1.402780,1.403200,4,2025-11-28
2025-11-28 01:00:00,1.403180,1.403410,1.402690,1.403160,4,2025-11-28
2025-11-28 05:00:00,1.403150,1.403480,1.402490,1.403180,4,2025-11-28
2025-11-28 09:00:00,1.403190,1.404080,1.402850,1.403980,4,2025-11-28
2025-11-28 13:00:00,1.403990,1.404760,1.403430,1.404760,4,2025-11-28
2025-12-01 01:00:00,1.397860,1.398000,1.397230,1.397750,1,2025-12-01
2025-12-01 05:00:00,1.397750,1.398250,1.396470,1.398070,4,2025-12-01
2025-12-01 09:00:00,1.398080,1.398980,1.397840,1.398720,4,2025-12-01
2025-12-01 13:00:00,1.398730,1.399190,1.397080,1.398420,4,2025-12-01
2025-12-01 17:00:00,1.398400,1.398480,1.395380,1.396300,4,2025-12-02
2025-12-01 21:00:00,1.396250,1.399430,1.395560,1.399160,4,2025-12-02
2025-12-02 01:00:00,1.399130,1.400240,1.399130,1.399800,4,2025-12-02
2025-12-02 05:00:00,1.399800,1.400820,1.399590,1.400070,4,2025-12-02
2025-12-02 09:00:00,1.400080,1.400300,1.399620,1.399780,4,2025-12-02
2025-12-02 13:00:00,1.399790,1.401380,1.399240,1.400800,4,2025-12-02
2025-12-02 17:00:00,1.400780,1.401500,1.398680,1.398770,4,2025-12-03
2025-12-02 21:00:00,1.398740,1.399470,1.397610,1.398400,4,2025-12-03
2025-12-03 01:00:00,1.398390,1.398420,1.396820,1.397290,4,2025-12-03
2025-12-03 05:00:00,1.397300,1.397460,1.396310,1.396610,4,2025-12-03
2025-12-03 09:00:00,1.396640,1.397460,1.396600,1.396900,4,2025-12-03
2025-12-03 13:00:00,1.396900,1.397360,1.394070,1.394680,4,2025-12-03
2025-12-03 17:00:00,1.394660,1.396430,1.393900,1.396240,4,2025-12-04
2025-12-03 21:00:00,1.396220,1.396800,1.394220,1.394850,4,2025-12-04
2025-12-04 01:00:00,1.394830,1.395510,1.394450,1.395070,4,2025-12-04
2025-12-04 05:00:00,1.395060,1.396480,1.394820,1.396260,4,2025-12-04
2025-12-04 09:00:00,1.396270,1.397040,1.395790,1.396520,4,2025-12-04
2025-12-04 13:00:00,1.396520,1.397040,1.395710,1.396790,4,2025-12-04
2025-12-04 17:00:00,1.396750,1.397600,1.394980,1.395500,4,2025-12-05
2025-12-04 21:00:00,1.395480,1.395530,1.392600,1.395060,4,2025-12-05
2025-12-05 01:00:00,1.395060,1.396050,1.394910,1.395480,4,2025-12-05
2025-12-05 05:00:00,1.395500,1.396120,1.395030,1.395140,4,2025-12-05
2025-12-05 09:00:00,1.395160,1.395810,1.394630,1.394790,4,2025-12-05
2025-12-05 13:00:00,1.394780,1.395000,1.394090,1.394590,4,2025-12-05
2025-12-08 01:00:00,1.382970,1.383830,1.382770,1.382850,1,2025-12-08
2025-12-08 05:00:00,1.382850,1.383630,1.382030,1.382060,4,2025-12-08
2025-12-08 09:00:00,1.382050,1.382720,1.381450,1.382230,4,2025-12-08
2025-12-08 13:00:00,1.382210,1.382890,1.381590,1.382430,4,2025-12-08
2025-12-08 17:00:00,1.382400,1.382740,1.379910,1.382060,4,2025-12-09
2025-12-08 21:00:00,1.382010,1.385840,1.381870,1.385840,4,2025-12-09
2025-12-09 01:00:00,1.385840,1.385930,1.384700,1.385410,4,2025-12-09
2025-12-09 05:00:00,1.385420,1.385490,1.384650,1.385050,4,2025-12-09
2025-12-09 09:00:00,1.385050,1.385760,1.384450,1.385480,4,2025-12-09
2025-12-09 13:00:00,1.385460,1.385780,1.383860,1.384360,4,2025-12-09
2025-12-09 17:00:00,1.384320,1.384960,1.382370,1.382740,4,2025-12-10
2025-12-09 21:00:00,1.382590,1.386110,1.382590,1.385220,4,2025-12-10
2025-12-10 01:00:00,1.385230,1.385600,1.384430,1.384590,4,2025-12-10
2025-12-10 05:00:00,1.384590,1.385790,1.384410,1.385610,4,2025-12-10
2025-12-10 09:00:00,1.385610,1.385770,1.384860,1.384910,4,2025-12-10
2025-12-10 13:00:00,1.384890,1.385830,1.384550,1.385450,4,2025-12-10
2025-12-10 17:00:00,1.385430,1.386640,1.383840,1.386200,4,2025-12-11
2025-12-10 21:00:00,1.386190,1.386520,1.382650,1.383500,4,2025-12-11
2025-12-11 01:00:00,1.383510,1.383840,1.378470,1.379510,4,2025-12-11
2025-12-11 05:00:00,1.379520,1.380700,1.378500,1.380690,4,2025-12-11
2025-12-11 09:00:00,1.380680,1.381980,1.380600,1.381770,4,2025-12-11
2025-12-11 13:00:00,1.381750,1.382330,1.380470,1.380500,4,2025-12-11
2025-12-11 17:00:00,1.380450,1.380560,1.376610,1.377470,4,2025-12-12
2025-12-11 21:00:00,1.377440,1.378050,1.375760,1.377020,4,2025-12-12
2025-12-12 01:00:00,1.377020,1.378160,1.376600,1.377590,4,2025-12-12
2025-12-12 05:00:00,1.377580,1.377730,1.376760,1.377490,4,2025-12-12
2025-12-12 09:00:00,1.377490,1.377900,1.376910,1.377280,4,2025-12-12
2025-12-12 13:00:00,1.377250,1.377510,1.375550,1.375910,4,2025-12-12
2025-12-15 01:00:00,1.376960,1.377440,1.376760,1.377220,1,2025-12-15
2025-12-15 05:00:00,1.377220,1.377360,1.376040,1.376430,4,2025-12-15
2025-12-15 09:00:00,1.376420,1.377050,1.376160,1.376440,4,2025-12-15
2025-12-15 13:00:00,1.376410,1.377730,1.375810,1.377470,4,2025-12-15
2025-12-15 17:00:00,1.377430,1.377740,1.374820,1.375780,4,2025-12-16
2025-12-15 21:00:00,1.375760,1.378790,1.375760,1.378050,4,2025-12-16
2025-12-16 01:00:00,1.378050,1.378310,1.376660,1.377010,4,2025-12-16
2025-12-16 05:00:00,1.376990,1.378110,1.376590,1.377210,4,2025-12-16
2025-12-16 09:00:00,1.377200,1.377350,1.376520,1.376570,4,2025-12-16
2025-12-16 13:00:00,1.376540,1.377940,1.376460,1.377660,4,2025-12-16
2025-12-16 17:00:00,1.377620,1.378010,1.373080,1.373660,4,2025-12-17
2025-12-16 21:00:00,1.373650,1.376110,1.373650,1.374140,4,2025-12-17
2025-12-17 01:00:00,1.374150,1.376190,1.374140,1.375580,4,2025-12-17
2025-12-17 05:00:00,1.375580,1.377040,1.375250,1.376910,4,2025-12-17
2025-12-17 09:00:00,1.376890,1.378130,1.376420,1.378130,4,2025-12-17
2025-12-17 13:00:00,1.378100,1.378530,1.377170,1.378340,4,2025-12-17
2025-12-17 17:00:00,1.378320,1.379570,1.377070,1.377290,4,2025-12-18
2025-12-17 21:00:00,1.377290,1.379910,1.376550,1.379040,4,2025-12-18
2025-12-18 01:00:00,1.379050,1.379230,1.377540,1.378550,4,2025-12-18
2025-12-18 05:00:00,1.378550,1.378940,1.377860,1.378600,4,2025-12-18
2025-12-18 09:00:00,1.378580,1.378730,1.377170,1.377310,4,2025-12-18
2025-12-18 13:00:00,1.377280,1.378280,1.376830,1.377970,4,2025-12-18
2025-12-18 17:00:00,1.377960,1.379730,1.376490,1.377640,4,2025-12-19
2025-12-18 21:00:00,1.377640,1.378020,1.375650,1.377590,4,2025-12-19
2025-12-19 01:00:00,1.377610,1.378400,1.377270,1.377810,4,2025-12-19
2025-12-19 05:00:00,1.377790,1.378450,1.377150,1.378410,4,2025-12-19
2025-12-19 09:00:00,1.378400,1.379500,1.378110,1.379280,4,2025-12-19
2025-12-19 13:00:00,1.379270,1.379750,1.378700,1.379520,4,2025-12-19
2025-12-22 01:00:00,1.379650,1.380620,1.379280,1.379960,1,2025-12-22
2025-12-22 05:00:00,1.379940,1.380080,1.379090,1.379630,4,2025-12-22
2025-12-22 09:00:00,1.379610,1.379890,1.379100,1.379510,4,2025-12-22
2025-12-22 13:00:00,1.379480,1.379530,1.376730,1.376830,4,2025-12-22
2025-12-22 17:00:00,1.376810,1.377340,1.374410,1.374470,4,2025-12-23
2025-12-22 21:00:00,1.374470,1.374820,1.373600,1.374350,4,2025-12-23
2025-12-23 01:00:00,1.374350,1.375380,1.374170,1.375210,4,2025-12-23
2025-12-23 05:00:00,1.375190,1.375200,1.373360,1.373520,4,2025-12-23
2025-12-23 09:00:00,1.373500,1.374180,1.373230,1.374040,4,2025-12-23
2025-12-23 13:00:00,1.373990,1.374180,1.369810,1.369830,4,2025-12-23
2025-12-23 17:00:00,1.369800,1.371920,1.368870,1.371810,4,2025-12-24
2025-12-23 21:00:00,1.371810,1.372570,1.369380,1.369420,4,2025-12-24
2025-12-24 01:00:00,1.369430,1.369720,1.368560,1.369110,4,2025-12-24
2025-12-24 05:00:00,1.369100,1.369130,1.367510,1.367910,4,2025-12-24
2025-12-24 09:00:00,1.367890,1.368410,1.367580,1.367830,4,2025-12-24
2025-12-24 13:00:00,1.367800,1.368770,1.367230,1.367260,4,2025-12-24
2025-12-24 17:00:00,1.367240,1.368230,1.366580,1.368020,2,2025-12-25
2025-12-25 17:00:00,1.367690,1.368040,1.367140,1.367890,2,2025-12-26
2025-12-25 21:00:00,1.367900,1.368430,1.367300,1.367820,4,2025-12-26
2025-12-26 01:00:00,1.367820,1.368660,1.367410,1.367450,4,2025-12-26
2025-12-26 05:00:00,1.367430,1.367640,1.367010,1.367190,4,2025-12-26
2025-12-26 09:00:00,1.367160,1.368190,1.367040,1.367320,4,2025-12-26
2025-12-26 13:00:00,1.367280,1.368470,1.366630,1.368310,4,2025-12-26
2025-12-29 01:00:00,1.366220,1.367590,1.366130,1.367350,1,2025-12-29
2025-12-29 05:00:00,1.367320,1.367350,1.366010,1.366380,4,2025-12-29
2025-12-29 09:00:00,1.366340,1.368230,1.365680,1.368050,4,2025-12-29
2025-12-29 13:00:00,1.368050,1.369780,1.367700,1.368940,4,2025-12-29
2025-12-29 17:00:00,1.368910,1.370250,1.366370,1.367690,4,2025-12-30
2025-12-29 21:00:00,1.367700,1.369770,1.366730,1.369110,4,2025-12-30
2025-12-30 01:00:00,1.369110,1.369860,1.368310,1.368940,4,2025-12-30
2025-12-30 05:00:00,1.368930,1.369610,1.368380,1.368750,4,2025-12-30
2025-12-30 09:00:00,1.368710,1.368960,1.368210,1.368470,4,2025-12-30
2025-12-30 13:00:00,1.368450,1.369110,1.367860,1.368720,4,2025-12-30
2025-12-30 17:00:00,1.368710,1.370740,1.368710,1.370130,4,2025-12-31
2025-12-30 21:00:00,1.370130,1.370830,1.368000,1.369090,4,2025-12-31
2025-12-31 01:00:00,1.369100,1.369920,1.368970,1.369620,4,2025-12-31
2025-12-31 05:00:00,1.369600,1.370030,1.369190,1.369710,4,2025-12-31
2025-12-31 09:00:00,1.369680,1.370490,1.369470,1.370030,4,2025-12-31
2025-12-31 13:00:00,1.369980,1.371170,1.369940,1.371100,4,2025-12-31
2025-12-31 17:00:00,1.371100,1.371120,1.369380,1.369420,2,2026-01-01
2026-01-01 17:00:00,1.372270,1.372650,1.371950,1.372420,2,2026-01-02
2026-01-01 21:00:00,1.372410,1.372840,1.370440,1.371490,4,2026-01-02
2026-01-02 01:00:00,1.371500,1.372480,1.370210,1.372230,4,2026-01-02
2026-01-02 05:00:00,1.372210,1.372280,1.370290,1.370880,4,2026-01-02
2026-01-02 09:00:00,1.370850,1.371890,1.370570,1.371550,4,2026-01-02
2026-01-02 13:00:00,1.371530,1.372580,1.370100,1.372120,4,2026-01-02
2026-01-05 01:00:00,1.373650,1.374220,1.373470,1.374140,1,2026-01-05
2026-01-05 05:00:00,1.374120,1.375380,1.373970,1.374990,4,2026-01-05
2026-01-05 09:00:00,1.374960,1.377750,1.374960,1.376640,4,2026-01-05
2026-01-05 13:00:00,1.376620,1.378750,1.376520,1.376830,4,2026-01-05
2026-01-05 17:00:00,1.376830,1.381400,1.376270,1.378830,4,2026-01-06
2026-01-05 21:00:00,1.378830,1.378850,1.374630,1.376240,4,2026-01-06
2026-01-06 01:00:00,1.376220,1.377370,1.375560,1.377100,4,2026-01-06
2026-01-06 05:00:00,1.377070,1.377620,1.376130,1.376300,4,2026-01-06
2026-01-06 09:00:00,1.376280,1.376750,1.375630,1.375750,4,2026-01-06
2026-01-06 13:00:00,1.375740,1.377140,1.375170,1.376310,4,2026-01-06
2026-01-06 17:00:00,1.376310,1.378420,1.375800,1.376300,4,2026-01-07
2026-01-06 21:00:00,1.376340,1.379860,1.376290,1.379690,4,2026-01-07
2026-01-07 01:00:00,1.379690,1.381670,1.379680,1.381330,4,2026-01-07
2026-01-07 05:00:00,1.381300,1.382540,1.381060,1.381500,4,2026-01-07
2026-01-07 09:00:00,1.381490,1.381760,1.381060,1.381390,4,2026-01-07
2026-01-07 13:00:00,1.381370,1.382710,1.380480,1.380580,4,2026-01-07
2026-01-07 17:00:00,1.380580,1.381280,1.379060,1.380320,4,2026-01-08
2026-01-07 21:00:00,1.380440,1.383900,1.380310,1.383880,4,2026-01-08
2026-01-08 01:00:00,1.383880,1.386290,1.383590,1.385680,4,2026-01-08
2026-01-08 05:00:00,1.385650,1.386590,1.385650,1.386510,4,2026-01-08
2026-01-08 09:00:00,1.386460,1.387930,1.385840,1.386740,4,2026-01-08
2026-01-08 13:00:00,1.386720,1.388840,1.386720,1.387050,4,2026-01-08
2026-01-08 17:00:00,1.387050,1.387440,1.385210,1.386000,4,2026-01-09
2026-01-08 21:00:00,1.386000,1.387660,1.385510,1.387590,4,2026-01-09
2026-01-09 01:00:00,1.387580,1.387590,1.385530,1.386510,4,2026-01-09
2026-01-09 05:00:00,1.386480,1.387620,1.386160,1.387170,4,2026-01-09
2026-01-09 09:00:00,1.387140,1.387530,1.386560,1.386980,4,2026-01-09
2026-01-09 13:00:00,1.386960,1.387870,1.386740,1.387200,4,2026-01-09
2026-01-11 17:00:00,1.391650,1.391710,1.391470,1.391480,4,2026-01-12
2026-01-11 21:00:00,1.391490,1.391850,1.385200,1.390880,4,2026-01-12
2026-01-12 01:00:00,1.390830,1.391930,1.389410,1.391580,4,2026-01-12
2026-01-12 05:00:00,1.391560,1.391780,1.388430,1.389420,4,2026-01-12
2026-01-12 09:00:00,1.389390,1.389890,1.388690,1.389170,4,2026-01-12
2026-01-12 13:00:00,1.389150,1.389300,1.386820,1.387690,4,2026-01-12
2026-01-12 17:00:00,1.387690,1.389330,1.386830,1.388810,4,2026-01-13
2026-01-12 21:00:00,1.388750,1.388800,1.386870,1.387880,4,2026-01-13
2026-01-13 01:00:00,1.387860,1.388120,1.386850,1.387740,4,2026-01-13
2026-01-13 05:00:00,1.387720,1.388570,1.387280,1.387470,4,2026-01-13
2026-01-13 09:00:00,1.387450,1.387800,1.386770,1.387450,4,2026-01-13
2026-01-13 13:00:00,1.387450,1.388810,1.387180,1.388220,4,2026-01-13
2026-01-13 17:00:00,1.388230,1.388550,1.386210,1.387770,4,2026-01-14
2026-01-13 21:00:00,1.387780,1.389780,1.387610,1.388770,4,2026-01-14
2026-01-14 01:00:00,1.388750,1.389670,1.387990,1.388670,4,2026-01-14
2026-01-14 05:00:00,1.388640,1.389840,1.388520,1.389010,4,2026-01-14
2026-01-14 09:00:00,1.389000,1.389040,1.388150,1.388150,4,2026-01-14
2026-01-14 13:00:00,1.388150,1.389680,1.388000,1.388710,4,2026-01-14
2026-01-14 17:00:00,1.388720,1.388790,1.386880,1.387440,4,2026-01-15
2026-01-14 21:00:00,1.387510,1.388440,1.386930,1.387620,4,2026-01-15
2026-01-15 01:00:00,1.387610,1.388640,1.387080,1.388090,4,2026-01-15
2026-01-15 05:00:00,1.388070,1.389290,1.387810,1.389220,4,2026-01-15
2026-01-15 09:00:00,1.389200,1.390260,1.389150,1.390010,4,2026-01-15
2026-01-15 13:00:00,1.390000,1.390750,1.389710,1.390160,4,2026-01-15
2026-01-15 17:00:00,1.390170,1.391930,1.389640,1.391040,4,2026-01-16
2026-01-15 21:00:00,1.391030,1.391040,1.388690,1.389220,4,2026-01-16
2026-01-16 01:00:00,1.389200,1.389900,1.388530,1.389290,4,2026-01-16
2026-01-16 05:00:00,1.389270,1.389860,1.388660,1.389040,4,2026-01-16
2026-01-16 09:00:00,1.389030,1.389530,1.388500,1.389230,4,2026-01-16
2026-01-16 13:00:00,1.389240,1.389720,1.388900,1.389220,4,2026-01-16
2026-01-18 17:00:00,1.391710,1.391960,1.391680,1.391710,4,2026-01-19
2026-01-18 21:00:00,1.391710,1.392050,1.390210,1.391200,4,2026-01-19
2026-01-19 01:00:00,1.391180,1.391720,1.390220,1.391410,4,2026-01-19
2026-01-19 05:00:00,1.391350,1.391840,1.389020,1.390130,4,2026-01-19
2026-01-19 09:00:00,1.390120,1.390250,1.388950,1.389090,4,2026-01-19
2026-01-19 13:00:00,1.389090,1.389830,1.388450,1.388720,4,2026-01-19
2026-01-19 17:00:00,1.388730,1.389340,1.386880,1.386940,4,2026-01-20
2026-01-19 21:00:00,1.386920,1.387140,1.386010,1.387000,4,2026-01-20
2026-01-20 01:00:00,1.386980,1.387390,1.386350,1.386760,4,2026-01-20
2026-01-20 05:00:00,1.386730,1.387910,1.386570,1.386720,4,2026-01-20
2026-01-20 09:00:00,1.386690,1.386750,1.384530,1.385770,4,2026-01-20
2026-01-20 13:00:00,1.385780,1.385790,1.382500,1.382570,4,2026-01-20
2026-01-20 17:00:00,1.382590,1.383940,1.381510,1.383940,4,2026-01-21
2026-01-20 21:00:00,1.383910,1.383930,1.381920,1.383180,4,2026-01-21
2026-01-21 01:00:00,1.383160,1.384390,1.382830,1.383760,4,2026-01-21
2026-01-21 05:00:00,1.383740,1.384100,1.382410,1.383190,4,2026-01-21
2026-01-21 09:00:00,1.383180,1.384040,1.382850,1.383040,4,2026-01-21
2026-01-21 13:00:00,1.383050,1.384360,1.382850,1.383750,4,2026-01-21
2026-01-21 17:00:00,1.383760,1.383830,1.378680,1.380120,4,2026-01-22
2026-01-21 21:00:00,1.380110,1.382920,1.379020,1.382300,4,2026-01-22
2026-01-22 01:00:00,1.382270,1.384030,1.382040,1.383340,4,2026-01-22
2026-01-22 05:00:00,1.383300,1.384480,1.382140,1.382710,4,2026-01-22
2026-01-22 09:00:00,1.382700,1.382750,1.381680,1.382290,4,2026-01-22
2026-01-22 13:00:00,1.382290,1.383320,1.381420,1.382340,4,2026-01-22
2026-01-22 17:00:00,1.382350,1.382860,1.379620,1.381040,4,2026-01-23
2026-01-22 21:00:00,1.381030,1.382020,1.378270,1.378580,4,2026-01-23
2026-01-23 01:00:00,1.378550,1.379300,1.378360,1.378710,4,2026-01-23
2026-01-23 05:00:00,1.378690,1.379580,1.378220,1.379290,4,2026-01-23
2026-01-23 09:00:00,1.379270,1.379670,1.378380,1.379100,4,2026-01-23
2026-01-23 13:00:00,1.379110,1.379970,1.378250,1.378350,4,2026-01-23
2026-01-25 17:00:00,1.371730,1.373600,1.370720,1.370970,4,2026-01-26
2026-01-25 21:00:00,1.370960,1.373550,1.368220,1.370650,4,2026-01-26
2026-01-26 01:00:00,1.370670,1.372850,1.366960,1.370290,4,2026-01-26
2026-01-26 05:00:00,1.370340,1.370880,1.367650,1.368360,4,2026-01-26
2026-01-26 09:00:00,1.368350,1.368950,1.367510,1.368130,4,2026-01-26
2026-01-26 13:00:00,1.368160,1.369680,1.367280,1.367920,4,2026-01-26
2026-01-26 17:00:00,1.367930,1.371240,1.367910,1.368900,4,2026-01-27
2026-01-26 21:00:00,1.368890,1.371090,1.367760,1.370460,4,2026-01-27
2026-01-27 01:00:00,1.370420,1.372000,1.370420,1.371300,4,2026-01-27
2026-01-27 05:00:00,1.371300,1.372080,1.370820,1.371550,4,2026-01-27
2026-01-27 09:00:00,1.371540,1.373920,1.371540,1.373660,4,2026-01-27
2026-01-27 13:00:00,1.373660,1.373900,1.370710,1.370740,4,2026-01-27
2026-01-27 17:00:00,1.370750,1.371290,1.363460,1.363890,4,2026-01-28
2026-01-27 21:00:00,1.363870,1.363890,1.359220,1.360910,4,2026-01-28
2026-01-28 01:00:00,1.360850,1.361880,1.356300,1.357520,4,2026-01-28
2026-01-28 05:00:00,1.357490,1.361570,1.357490,1.360690,4,2026-01-28
2026-01-28 09:00:00,1.360690,1.360700,1.357830,1.358520,4,2026-01-28
2026-01-28 13:00:00,1.358530,1.358670,1.355670,1.355800,4,2026-01-28
2026-01-28 17:00:00,1.355810,1.357770,1.353800,1.355350,4,2026-01-29
2026-01-28 21:00:00,1.355340,1.360090,1.354150,1.359360,4,2026-01-29
2026-01-29 01:00:00,1.359380,1.360310,1.354550,1.356140,4,2026-01-29
2026-01-29 05:00:00,1.356100,1.356480,1.353230,1.353940,4,2026-01-29
2026-01-29 09:00:00,1.353940,1.353960,1.351610,1.351820,4,2026-01-29
2026-01-29 13:00:00,1.351830,1.356110,1.350900,1.356020,4,2026-01-29
2026-01-29 17:00:00,1.356020,1.356160,1.349620,1.350480,4,2026-01-30
2026-01-29 21:00:00,1.350470,1.357260,1.349160,1.349840,4,2026-01-30
2026-01-30 01:00:00,1.349760,1.350840,1.348500,1.348720,4,2026-01-30
2026-01-30 05:00:00,1.348690,1.354590,1.348240,1.352430,4,2026-01-30
2026-01-30 09:00:00,1.352440,1.353130,1.350960,1.352880,4,2026-01-30
2026-01-30 13:00:00,1.352860,1.355260,1.350840,1.353820,4,2026-01-30
2026-02-01 17:00:00,1.362210,1.362520,1.358690,1.361420,4,2026-02-02
2026-02-01 21:00:00,1.361390,1.364300,1.356920,1.361020,4,2026-02-02
2026-02-02 01:00:00,1.360920,1.362700,1.358600,1.361000,4,2026-02-02
2026-02-02 05:00:00,1.360890,1.365680,1.360890,1.364470,4,2026-02-02
2026-02-02 09:00:00,1.364470,1.367440,1.363850,1.366060,4,2026-02-02
2026-02-02 13:00:00,1.366060,1.366200,1.362810,1.363260,4,2026-02-02
2026-02-02 17:00:00,1.363250,1.367010,1.362590,1.365640,4,2026-02-03
2026-02-02 21:00:00,1.365590,1.370160,1.365410,1.369380,4,2026-02-03
2026-02-03 01:00:00,1.369330,1.369590,1.366710,1.368160,4,2026-02-03
2026-02-03 05:00:00,1.368140,1.368380,1.365980,1.367780,4,2026-02-03
2026-02-03 09:00:00,1.367780,1.368020,1.365500,1.366290,4,2026-02-03
2026-02-03 13:00:00,1.366290,1.368600,1.365210,1.368170,4,2026-02-03
2026-02-03 17:00:00,1.368170,1.368540,1.364750,1.366950,4,2026-02-04
2026-02-03 21:00:00,1.366920,1.367630,1.363670,1.365090,4,2026-02-04
2026-02-04 01:00:00,1.364990,1.365860,1.363280,1.363970,4,2026-02-04
2026-02-04 05:00:00,1.363940,1.364790,1.363420,1.364790,4,2026-02-04
2026-02-04 09:00:00,1.364790,1.365020,1.363110,1.363580,4,2026-02-04
2026-02-04 13:00:00,1.363570,1.366360,1.362980,1.366260,4,2026-02-04
2026-02-04 17:00:00,1.366260,1.367440,1.364430,1.366580,4,2026-02-05
2026-02-04 21:00:00,1.366550,1.368150,1.365560,1.367630,4,2026-02-05
2026-02-05 01:00:00,1.367570,1.368250,1.365720,1.366690,4,2026-02-05
2026-02-05 05:00:00,1.366690,1.369020,1.366050,1.369020,4,2026-02-05
2026-02-05 09:00:00,1.369030,1.369180,1.368030,1.368530,4,2026-02-05
2026-02-05 13:00:00,1.368520,1.370010,1.367710,1.369210,4,2026-02-05
2026-02-05 17:00:00,1.369210,1.369310,1.365710,1.366060,4,2026-02-06
2026-02-05 21:00:00,1.366070,1.369330,1.365530,1.367960,4,2026-02-06
2026-02-06 01:00:00,1.367950,1.371640,1.367510,1.370640,4,2026-02-06
2026-02-06 05:00:00,1.370630,1.372440,1.369410,1.370000,4,2026-02-06
2026-02-06 09:00:00,1.370010,1.370480,1.368570,1.368760,4,2026-02-06
2026-02-06 13:00:00,1.368780,1.369390,1.367720,1.368680,4,2026-02-06
2026-02-09 05:00:00,1.365830,1.366750,1.364700,1.365900,3,2026-02-09
2026-02-09 09:00:00,1.366020,1.366410,1.363700,1.364000,4,2026-02-09
2026-02-09 13:00:00,1.364330,1.365570,1.362900,1.364730,4,2026-02-09
2026-02-09 17:00:00,1.364720,1.365240,1.357400,1.357800,4,2026-02-10
2026-02-09 21:00:00,1.358070,1.358910,1.355400,1.356370,4,2026-02-10
2026-02-10 01:00:00,1.356340,1.357010,1.355290,1.356280,4,2026-02-10
2026-02-10 05:00:00,1.356280,1.356840,1.354930,1.355030,4,2026-02-10
2026-02-10 09:00:00,1.355040,1.356170,1.354890,1.355930,4,2026-02-10
2026-02-10 13:00:00,1.355900,1.356820,1.355510,1.356110,4,2026-02-10
2026-02-10 17:00:00,1.356090,1.357630,1.353090,1.353140,4,2026-02-11
2026-02-10 21:00:00,1.353080,1.355480,1.352430,1.355230,4,2026-02-11
2026-02-11 01:00:00,1.355200,1.356360,1.354270,1.355140,4,2026-02-11
2026-02-11 05:00:00,1.355140,1.355530,1.352440,1.352590,4,2026-02-11
2026-02-11 09:00:00,1.352590,1.352710,1.351750,1.352510,4,2026-02-11
2026-02-11 13:00:00,1.352520,1.353110,1.350520,1.350840,4,2026-02-11
2026-02-11 17:00:00,1.350820,1.359600,1.350820,1.358280,4,2026-02-12
2026-02-11 21:00:00,1.358270,1.361820,1.355150,1.355750,4,2026-02-12
2026-02-12 01:00:00,1.355730,1.358440,1.355710,1.357310,4,2026-02-12
2026-02-12 05:00:00,1.357310,1.358430,1.356520,1.357110,4,2026-02-12
2026-02-12 09:00:00,1.357100,1.359570,1.356520,1.358970,4,2026-02-12
2026-02-12 13:00:00,1.358970,1.359050,1.356360,1.356740,4,2026-02-12
2026-02-12 17:00:00,1.356720,1.358960,1.355550,1.358860,4,2026-02-13
2026-02-12 21:00:00,1.358870,1.363460,1.358270,1.362090,4,2026-02-13
2026-02-13 01:00:00,1.362070,1.362300,1.360620,1.361030,4,2026-02-13
2026-02-13 05:00:00,1.361040,1.361770,1.360760,1.361340,4,2026-02-13
2026-02-13 09:00:00,1.361340,1.363140,1.361180,1.362850,4,2026-02-13
2026-02-13 13:00:00,1.362870,1.363720,1.359800,1.361830,4,2026-02-13
2026-02-15 17:00:00,1.361850,1.361910,1.361740,1.361880,4,2026-02-16
2026-02-15 21:00:00,1.361850,1.362550,1.360930,1.361350,4,2026-02-16
2026-02-16 01:00:00,1.361310,1.362460,1.360900,1.361460,4,2026-02-16
2026-02-16 05:00:00,1.361470,1.362610,1.361020,1.361330,4,2026-02-16
2026-02-16 09:00:00,1.361340,1.361990,1.360710,1.361170,4,2026-02-16
2026-02-16 13:00:00,1.361170,1.362060,1.360350,1.361640,4,2026-02-16
2026-02-16 17:00:00,1.361610,1.363290,1.361610,1.363040,4,2026-02-17
2026-02-16 21:00:00,1.363020,1.363930,1.362670,1.363610,4,2026-02-17
2026-02-17 01:00:00,1.363590,1.363900,1.363190,1.363270,4,2026-02-17
2026-02-17 05:00:00,1.363270,1.364530,1.363260,1.364210,4,2026-02-17
2026-02-17 09:00:00,1.364220,1.364820,1.363710,1.363920,4,2026-02-17
2026-02-17 13:00:00,1.363930,1.365300,1.363890,1.364340,4,2026-02-17
2026-02-17 17:00:00,1.364310,1.367890,1.363710,1.367830,4,2026-02-18
2026-02-17 21:00:00,1.367790,1.369170,1.363540,1.363780,4,2026-02-18
2026-02-18 01:00:00,1.363750,1.364390,1.363300,1.363620,4,2026-02-18
2026-02-18 05:00:00,1.363640,1.365070,1.363270,1.364710,4,2026-02-18
2026-02-18 09:00:00,1.364720,1.365600,1.364420,1.365090,4,2026-02-18
2026-02-18 13:00:00,1.365080,1.366840,1.365000,1.365640,4,2026-02-18
2026-02-18 17:00:00,1.365610,1.367820,1.363830,1.366860,4,2026-02-19
2026-02-18 21:00:00,1.366830,1.369790,1.366070,1.369080,4,2026-02-19
2026-02-19 01:00:00,1.369050,1.370050,1.368910,1.369420,4,2026-02-19
2026-02-19 05:00:00,1.369430,1.370180,1.368710,1.369040,4,2026-02-19
2026-02-19 09:00:00,1.369050,1.370460,1.368640,1.368780,4,2026-02-19
2026-02-19 13:00:00,1.368780,1.369020,1.367180,1.368150,4,2026-02-19
2026-02-19 17:00:00,1.368120,1.371360,1.367990,1.370790,4,2026-02-20
2026-02-19 21:00:00,1.370750,1.370910,1.367800,1.369350,4,2026-02-20
2026-02-20 01:00:00,1.369340,1.370630,1.367810,1.368160,4,2026-02-20
2026-02-20 05:00:00,1.368160,1.370300,1.368040,1.369980,4,2026-02-20
2026-02-20 09:00:00,1.369970,1.369980,1.368480,1.368650,4,2026-02-20
2026-02-20 13:00:00,1.368630,1.370250,1.368150,1.368910,4,2026-02-20
2026-02-22 17:00:00,1.368250,1.368510,1.368230,1.368260,4,2026-02-23
2026-02-22 21:00:00,1.368240,1.370230,1.366940,1.368260,4,2026-02-23
2026-02-23 01:00:00,1.368260,1.369010,1.367060,1.367380,4,2026-02-23
2026-02-23 05:00:00,1.367440,1.367940,1.364980,1.366580,4,2026-02-23
2026-02-23 09:00:00,1.366580,1.367490,1.366230,1.366720,4,2026-02-23
2026-02-23 13:00:00,1.366700,1.367740,1.366260,1.367470,4,2026-02-23
2026-02-23 17:00:00,1.367430,1.369990,1.366750,1.367670,4,2026-02-24
2026-02-23 21:00:00,1.367660,1.369630,1.367290,1.369290,4,2026-02-24
2026-02-24 01:00:00,1.369290,1.370390,1.368980,1.369560,4,2026-02-24
2026-02-24 05:00:00,1.369580,1.371780,1.369170,1.370050,4,2026-02-24
2026-02-24 09:00:00,1.370040,1.371040,1.369710,1.369800,4,2026-02-24
2026-02-24 13:00:00,1.369780,1.370730,1.369640,1.370380,4,2026-02-24
2026-02-24 17:00:00,1.370340,1.372590,1.370310,1.371800,4,2026-02-25
2026-02-24 21:00:00,1.371770,1.372150,1.370020,1.370380,4,2026-02-25
2026-02-25 01:00:00,1.370370,1.370690,1.369480,1.369880,4,2026-02-25
2026-02-25 05:00:00,1.369910,1.370620,1.368490,1.368520,4,2026-02-25
2026-02-25 09:00:00,1.368500,1.369200,1.367580,1.367600,4,2026-02-25
2026-02-25 13:00:00,1.367580,1.369860,1.367470,1.369700,4,2026-02-25
2026-02-25 17:00:00,1.369660,1.370690,1.368620,1.369840,4,2026-02-26
2026-02-25 21:00:00,1.369820,1.369870,1.367570,1.368150,4,2026-02-26
2026-02-26 01:00:00,1.368150,1.368500,1.367360,1.367550,4,2026-02-26
2026-02-26 05:00:00,1.367560,1.367720,1.365910,1.366960,4,2026-02-26
2026-02-26 09:00:00,1.366960,1.367500,1.366010,1.366260,4,2026-02-26
2026-02-26 13:00:00,1.366240,1.368420,1.366130,1.368100,4,2026-02-26
2026-02-26 17:00:00,1.368080,1.369350,1.367380,1.369000,4,2026-02-27
2026-02-26 21:00:00,1.368990,1.371130,1.368020,1.368920,4,2026-02-27
2026-02-27 01:00:00,1.368920,1.368980,1.367720,1.368020,4,2026-02-27
2026-02-27 05:00:00,1.368020,1.368270,1.367260,1.367260,4,2026-02-27
2026-02-27 09:00:00,1.367260,1.367340,1.366180,1.366910,4,2026-02-27
2026-02-27 13:00:00,1.366880,1.367780,1.366610,1.367330,4,2026-02-27
2026-03-01 17:00:00,1.364410,1.365480,1.364370,1.364670,4,2026-03-02
2026-03-01 21:00:00,1.364660,1.366900,1.363910,1.365540,4,2026-03-02
2026-03-02 01:00:00,1.365540,1.368150,1.363710,1.364410,4,2026-03-02
2026-03-02 05:00:00,1.364550,1.367360,1.364290,1.364750,4,2026-03-02
2026-03-02 09:00:00,1.364750,1.366270,1.364130,1.366110,4,2026-03-02
2026-03-02 13:00:00,1.366080,1.368590,1.364110,1.365210,4,2026-03-02
2026-03-02 17:00:00,1.365170,1.368710,1.365120,1.367570,4,2026-03-03
2026-03-02 21:00:00,1.367540,1.371760,1.367290,1.369690,4,2026-03-03
2026-03-03 01:00:00,1.369690,1.369720,1.366020,1.367680,4,2026-03-03
2026-03-03 05:00:00,1.367690,1.367790,1.366070,1.366450,4,2026-03-03
2026-03-03 09:00:00,1.366430,1.368370,1.366270,1.367300,4,2026-03-03
2026-03-03 13:00:00,1.367280,1.371240,1.366830,1.371150,4,2026-03-03
2026-03-03 17:00:00,1.371120,1.373170,1.368400,1.373140,4,2026-03-04
2026-03-03 21:00:00,1.373100,1.375170,1.365510,1.366850,4,2026-03-04
2026-03-04 01:00:00,1.366860,1.368660,1.366020,1.367850,4,2026-03-04
2026-03-04 05:00:00,1.367880,1.370020,1.367210,1.368580,4,2026-03-04
2026-03-04 09:00:00,1.368580,1.369520,1.367230,1.367430,4,2026-03-04
2026-03-04 13:00:00,1.367390,1.368130,1.364910,1.367000,4,2026-03-04
2026-03-04 17:00:00,1.366970,1.368970,1.364400,1.368480,4,2026-03-05
2026-03-04 21:00:00,1.368510,1.368510,1.365060,1.366890,4,2026-03-05
2026-03-05 01:00:00,1.366890,1.366910,1.362990,1.364610,4,2026-03-05
2026-03-05 05:00:00,1.364570,1.364800,1.363130,1.364400,4,2026-03-05
2026-03-05 09:00:00,1.364390,1.366730,1.364050,1.365620,4,2026-03-05
2026-03-05 13:00:00,1.365610,1.366990,1.363100,1.364240,4,2026-03-05
2026-03-05 17:00:00,1.364210,1.365850,1.361560,1.364090,4,2026-03-06
2026-03-05 21:00:00,1.364100,1.371490,1.363670,1.368860,4,2026-03-06
2026-03-06 01:00:00,1.368860,1.370170,1.366490,1.367570,4,2026-03-06
2026-03-06 05:00:00,1.367570,1.367620,1.365370,1.366210,4,2026-03-06
2026-03-06 09:00:00,1.366190,1.366560,1.365460,1.366090,4,2026-03-06
2026-03-06 13:00:00,1.366070,1.367120,1.364500,1.366020,4,2026-03-06
2026-03-08 17:00:00,1.357120,1.357180,1.356540,1.356560,4,2026-03-09
2026-03-08 21:00:00,1.356560,1.357010,1.355790,1.356630,4,2026-03-09
2026-03-09 01:00:00,1.356640,1.361650,1.356480,1.359940,4,2026-03-09
2026-03-09 05:00:00,1.359990,1.360600,1.355950,1.359080,4,2026-03-09
2026-03-09 09:00:00,1.359060,1.359280,1.354640,1.355340,4,2026-03-09
2026-03-09 13:00:00,1.355310,1.358000,1.354700,1.354940,4,2026-03-09
2026-03-09 17:00:00,1.354890,1.357890,1.352570,1.357420,4,2026-03-10
2026-03-09 21:00:00,1.357420,1.358960,1.356400,1.358480,4,2026-03-10
2026-03-10 01:00:00,1.358490,1.359830,1.356170,1.357670,4,2026-03-10
2026-03-10 05:00:00,1.357680,1.360150,1.357350,1.359680,4,2026-03-10
2026-03-10 09:00:00,1.359650,1.360040,1.358570,1.358590,4,2026-03-10
2026-03-10 13:00:00,1.358580,1.358680,1.356640,1.357890,4,2026-03-10
2026-03-10 17:00:00,1.357800,1.358400,1.354260,1.357690,4,2026-03-11
2026-03-10 21:00:00,1.357690,1.357920,1.354860,1.356890,4,2026-03-11
2026-03-11 01:00:00,1.356910,1.358590,1.356870,1.357940,4,2026-03-11
2026-03-11 05:00:00,1.357940,1.358560,1.357050,1.357210,4,2026-03-11
2026-03-11 09:00:00,1.357190,1.357350,1.355620,1.356100,4,2026-03-11
2026-03-11 13:00:00,1.356070,1.357450,1.355530,1.357280,4,2026-03-11
2026-03-11 17:00:00,1.357250,1.359530,1.356080,1.358830,4,2026-03-12
2026-03-11 21:00:00,1.358840,1.360410,1.357450,1.358550,4,2026-03-12
2026-03-12 01:00:00,1.358540,1.359560,1.358370,1.359050,4,2026-03-12
2026-03-12 05:00:00,1.359050,1.360510,1.357800,1.358330,4,2026-03-12
2026-03-12 09:00:00,1.358300,1.359420,1.357870,1.359350,4,2026-03-12
2026-03-12 13:00:00,1.359330,1.359380,1.357710,1.358610,4,2026-03-12
2026-03-12 17:00:00,1.358580,1.361090,1.358580,1.360780,4,2026-03-13
2026-03-12 21:00:00,1.360780,1.363330,1.360090,1.362600,4,2026-03-13
2026-03-13 01:00:00,1.362610,1.364430,1.361960,1.363670,4,2026-03-13
2026-03-13 05:00:00,1.363670,1.364650,1.362130,1.363310,4,2026-03-13
2026-03-13 09:00:00,1.363280,1.364780,1.362610,1.364690,4,2026-03-13
2026-03-13 13:00:00,1.364660,1.367160,1.364370,1.367030,4,2026-03-13
2026-03-15 17:00:00,1.371670,1.372110,1.371570,1.371940,4,2026-03-16
2026-03-15 21:00:00,1.371940,1.373930,1.371080,1.371480,4,2026-03-16
2026-03-16 01:00:00,1.371500,1.376020,1.369590,1.372780,4,2026-03-16
2026-03-16 05:00:00,1.372740,1.372780,1.370560,1.370560,4,2026-03-16
2026-03-16 09:00:00,1.370530,1.371840,1.370440,1.371800,4,2026-03-16
2026-03-16 13:00:00,1.371780,1.372280,1.369840,1.369940,4,2026-03-16
2026-03-16 17:00:00,1.369910,1.370300,1.365910,1.365990,4,2026-03-17
2026-03-16 21:00:00,1.366000,1.368860,1.365460,1.367980,4,2026-03-17
2026-03-17 01:00:00,1.367980,1.368810,1.366950,1.368380,4,2026-03-17
2026-03-17 05:00:00,1.368350,1.369000,1.368070,1.368360,4,2026-03-17
2026-03-17 09:00:00,1.368330,1.369890,1.368130,1.369810,4,2026-03-17
2026-03-17 13:00:00,1.369780,1.370060,1.368530,1.369670,4,2026-03-17
2026-03-17 17:00:00,1.369670,1.370880,1.368800,1.369230,4,2026-03-18
2026-03-17 21:00:00,1.369230,1.372000,1.368180,1.369170,4,2026-03-18
2026-03-18 01:00:00,1.369180,1.369970,1.368970,1.369100,4,2026-03-18
2026-03-18 05:00:00,1.369110,1.369680,1.368660,1.369350,4,2026-03-18
2026-03-18 09:00:00,1.369320,1.370180,1.369090,1.369900,4,2026-03-18
2026-03-18 13:00:00,1.369870,1.371320,1.369110,1.369240,4,2026-03-18
2026-03-18 17:00:00,1.369220,1.372280,1.368860,1.372070,4,2026-03-19
2026-03-18 21:00:00,1.372080,1.372150,1.368950,1.370020,4,2026-03-19
2026-03-19 01:00:00,1.369960,1.373670,1.369650,1.372330,4,2026-03-19
2026-03-19 05:00:00,1.372350,1.373780,1.371480,1.372000,4,2026-03-19
2026-03-19 09:00:00,1.371970,1.373080,1.371440,1.372910,4,2026-03-19
2026-03-19 13:00:00,1.372860,1.374700,1.372230,1.373380,4,2026-03-19
2026-03-19 17:00:00,1.373380,1.374770,1.372240,1.373090,4,2026-03-20
2026-03-19 21:00:00,1.373100,1.373880,1.370950,1.372710,4,2026-03-20
2026-03-20 01:00:00,1.372710,1.374480,1.370760,1.373280,4,2026-03-20
2026-03-20 05:00:00,1.373280,1.374270,1.372990,1.373420,4,2026-03-20
2026-03-20 09:00:00,1.373390,1.373920,1.372490,1.373910,4,2026-03-20
2026-03-20 13:00:00,1.373870,1.374010,1.371180,1.371860,4,2026-03-20
2026-03-22 17:00:00,1.372480,1.372900,1.372130,1.372230,4,2026-03-23
2026-03-22 21:00:00,1.372240,1.372900,1.371890,1.372630,4,2026-03-23
2026-03-23 01:00:00,1.372650,1.374640,1.369610,1.371680,4,2026-03-23
2026-03-23 05:00:00,1.371680,1.373260,1.370330,1.370960,4,2026-03-23
2026-03-23 09:00:00,1.370930,1.373210,1.370200,1.373110,4,2026-03-23
2026-03-23 13:00:00,1.373060,1.375140,1.372430,1.375060,4,2026-03-23
2026-03-23 17:00:00,1.375060,1.375460,1.368200,1.371180,4,2026-03-24
2026-03-23 21:00:00,1.371150,1.373000,1.367230,1.372780,4,2026-03-24
2026-03-24 01:00:00,1.372790,1.373330,1.371440,1.372190,4,2026-03-24
2026-03-24 05:00:00,1.372180,1.375010,1.372170,1.374980,4,2026-03-24
2026-03-24 09:00:00,1.374950,1.376030,1.374660,1.375700,4,2026-03-24
2026-03-24 13:00:00,1.375670,1.376130,1.372480,1.374070,4,2026-03-24
2026-03-24 17:00:00,1.374060,1.376210,1.372970,1.374850,4,2026-03-25
2026-03-24 21:00:00,1.374850,1.378520,1.373070,1.377850,4,2026-03-25
2026-03-25 01:00:00,1.377850,1.378260,1.374260,1.376080,4,2026-03-25
2026-03-25 05:00:00,1.376070,1.376720,1.375090,1.376570,4,2026-03-25
2026-03-25 09:00:00,1.376510,1.377750,1.376510,1.377710,4,2026-03-25
2026-03-25 13:00:00,1.377680,1.379450,1.377220,1.379380,4,2026-03-25
2026-03-25 17:00:00,1.379380,1.379930,1.377480,1.378940,4,2026-03-26
2026-03-25 21:00:00,1.378950,1.380990,1.378260,1.380880,4,2026-03-26
2026-03-26 01:00:00,1.380910,1.381980,1.380480,1.380830,4,2026-03-26
2026-03-26 05:00:00,1.380810,1.382490,1.380800,1.382360,4,2026-03-26
2026-03-26 09:00:00,1.382320,1.383110,1.381700,1.382490,4,2026-03-26
2026-03-26 13:00:00,1.382460,1.383780,1.381780,1.382920,4,2026-03-26
2026-03-26 17:00:00,1.382930,1.384930,1.382140,1.383240,4,2026-03-27
2026-03-26 21:00:00,1.383210,1.385700,1.382600,1.385380,4,2026-03-27
2026-03-27 01:00:00,1.385390,1.386550,1.384000,1.386000,4,2026-03-27
2026-03-27 05:00:00,1.385980,1.386140,1.384490,1.384810,4,2026-03-27
2026-03-27 09:00:00,1.384790,1.385630,1.384660,1.385500,4,2026-03-27
2026-03-27 13:00:00,1.385480,1.385610,1.384610,1.385310,4,2026-03-27
2026-03-29 17:00:00,1.388670,1.389110,1.388100,1.388450,4,2026-03-30
2026-03-29 21:00:00,1.388460,1.390780,1.383950,1.389340,4,2026-03-30
2026-03-30 01:00:00,1.389300,1.390770,1.385320,1.388630,4,2026-03-30
2026-03-30 05:00:00,1.388590,1.390280,1.388590,1.389000,4,2026-03-30
2026-03-30 09:00:00,1.388970,1.389540,1.388670,1.388790,4,2026-03-30
2026-03-30 13:00:00,1.388760,1.391930,1.388730,1.391450,4,2026-03-30
2026-03-30 17:00:00,1.391460,1.393110,1.390820,1.392940,4,2026-03-31
2026-03-30 21:00:00,1.392980,1.394580,1.391590,1.392200,4,2026-03-31
2026-03-31 01:00:00,1.392200,1.393040,1.391720,1.392590,4,2026-03-31
2026-03-31 05:00:00,1.392560,1.393550,1.391720,1.392260,4,2026-03-31
2026-03-31 09:00:00,1.392230,1.393440,1.392140,1.392920,4,2026-03-31
2026-03-31 13:00:00,1.392910,1.394380,1.392910,1.394270,4,2026-03-31
2026-03-31 17:00:00,1.394280,1.394530,1.392540,1.393140,4,2026-04-01
2026-03-31 21:00:00,1.393130,1.396590,1.392700,1.393690,4,2026-04-01
2026-04-01 01:00:00,1.393680,1.393820,1.390620,1.390830,4,2026-04-01
2026-04-01 05:00:00,1.390800,1.391760,1.389570,1.390710,4,2026-04-01
2026-04-01 09:00:00,1.390680,1.391090,1.389820,1.390500,4,2026-04-01
2026-04-01 13:00:00,1.390480,1.391050,1.388640,1.388800,4,2026-04-01
2026-04-01 17:00:00,1.388820,1.389840,1.387800,1.389580,4,2026-04-02
2026-04-01 21:00:00,1.389610,1.390440,1.387240,1.388690,4,2026-04-02
2026-04-02 01:00:00,1.388680,1.389520,1.387160,1.387650,4,2026-04-02
2026-04-02 05:00:00,1.387630,1.389990,1.386930,1.389500,4,2026-04-02
2026-04-02 09:00:00,1.389460,1.391810,1.389160,1.391700,4,2026-04-02
2026-04-02 13:00:00,1.391690,1.392170,1.390690,1.391820,4,2026-04-02
2026-04-02 17:00:00,1.391820,1.393300,1.390750,1.391900,4,2026-04-03
2026-04-02 21:00:00,1.391920,1.392620,1.390920,1.391480,4,2026-04-03
2026-04-03 01:00:00,1.391470,1.392440,1.391400,1.391800,4,2026-04-03
2026-04-03 05:00:00,1.391780,1.392400,1.391530,1.392370,4,2026-04-03
2026-04-03 09:00:00,1.392340,1.392690,1.392150,1.392170,4,2026-04-03
2026-04-03 13:00:00,1.392160,1.392490,1.391760,1.392020,4,2026-04-03
2026-04-05 17:00:00,1.394660,1.394720,1.393420,1.393900,4,2026-04-06
2026-04-05 21:00:00,1.393840,1.394680,1.393460,1.394580,4,2026-04-06
2026-04-06 01:00:00,1.394560,1.399190,1.392280,1.394500,4,2026-04-06
2026-04-06 05:00:00,1.394460,1.394780,1.393580,1.393950,4,2026-04-06
2026-04-06 09:00:00,1.393930,1.394250,1.393540,1.393610,4,2026-04-06
2026-04-06 13:00:00,1.393610,1.394260,1.391680,1.392420,4,2026-04-06
2026-04-06 17:00:00,1.392430,1.392580,1.390320,1.391490,4,2026-04-07
2026-04-06 21:00:00,1.391500,1.392420,1.391050,1.391890,4,2026-04-07
2026-04-07 01:00:00,1.391860,1.391900,1.390800,1.391170,4,2026-04-07
2026-04-07 05:00:00,1.391150,1.393010,1.390960,1.392570,4,2026-04-07
2026-04-07 09:00:00,1.392550,1.392600,1.391580,1.392240,4,2026-04-07
2026-04-07 13:00:00,1.392240,1.392700,1.390970,1.392120,4,2026-04-07
2026-04-07 17:00:00,1.392130,1.392420,1.389210,1.390860,4,2026-04-08
2026-04-07 21:00:00,1.390870,1.391920,1.389410,1.390330,4,2026-04-08
2026-04-08 01:00:00,1.390300,1.390500,1.385890,1.385890,4,2026-04-08
2026-04-08 05:00:00,1.385830,1.386260,1.383240,1.384020,4,2026-04-08
2026-04-08 09:00:00,1.384000,1.384780,1.382460,1.384250,4,2026-04-08
2026-04-08 13:00:00,1.384270,1.387430,1.384240,1.386900,4,2026-04-08
2026-04-08 17:00:00,1.386900,1.387200,1.383820,1.384110,4,2026-04-09
2026-04-08 21:00:00,1.384100,1.385960,1.383960,1.385620,4,2026-04-09
2026-04-09 01:00:00,1.385580,1.386080,1.383710,1.384650,4,2026-04-09
2026-04-09 05:00:00,1.384600,1.385910,1.384600,1.384880,4,2026-04-09
2026-04-09 09:00:00,1.384860,1.385810,1.384550,1.385480,4,2026-04-09
2026-04-09 13:00:00,1.385480,1.385980,1.384820,1.385370,4,2026-04-09
2026-04-09 17:00:00,1.385380,1.385430,1.381140,1.382380,4,2026-04-10
2026-04-09 21:00:00,1.382380,1.383350,1.380490,1.381960,4,2026-04-10
2026-04-10 01:00:00,1.381930,1.382230,1.380930,1.381780,4,2026-04-10
2026-04-10 05:00:00,1.381750,1.382770,1.381730,1.382370,4,2026-04-10
2026-04-10 09:00:00,1.382360,1.383180,1.382060,1.383010,4,2026-04-10
2026-04-10 13:00:00,1.383030,1.384390,1.383010,1.383770,4,2026-04-10
2026-04-12 17:00:00,1.384110,1.384430,1.381160,1.381990,4,2026-04-13
2026-04-12 21:00:00,1.381980,1.384720,1.381960,1.384040,4,2026-04-13
2026-04-13 01:00:00,1.384000,1.387840,1.382260,1.386950,4,2026-04-13
2026-04-13 05:00:00,1.386910,1.387740,1.385870,1.386210,4,2026-04-13
2026-04-13 09:00:00,1.386200,1.386460,1.385390,1.385460,4,2026-04-13
2026-04-13 13:00:00,1.385470,1.385710,1.383950,1.384100,4,2026-04-13
2026-04-13 17:00:00,1.384090,1.385190,1.380570,1.381070,4,2026-04-14
2026-04-13 21:00:00,1.381070,1.381580,1.379070,1.379130,4,2026-04-14
2026-04-14 01:00:00,1.379100,1.379710,1.378620,1.378850,4,2026-04-14
2026-04-14 05:00:00,1.378820,1.379140,1.378540,1.378710,4,2026-04-14
2026-04-14 09:00:00,1.378700,1.378930,1.377420,1.377500,4,2026-04-14
2026-04-14 13:00:00,1.377500,1.377620,1.375380,1.375530,4,2026-04-14
2026-04-14 17:00:00,1.375540,1.376100,1.373180,1.374730,4,2026-04-15
2026-04-14 21:00:00,1.374730,1.377740,1.374570,1.377690,4,2026-04-15
2026-04-15 01:00:00,1.377650,1.377800,1.376290,1.376680,4,2026-04-15
2026-04-15 05:00:00,1.376650,1.378210,1.376510,1.377940,4,2026-04-15
2026-04-15 09:00:00,1.377940,1.378060,1.376940,1.377500,4,2026-04-15
2026-04-15 13:00:00,1.377510,1.377980,1.376170,1.377950,4,2026-04-15
2026-04-15 17:00:00,1.377970,1.378840,1.374150,1.374840,4,2026-04-16
2026-04-15 21:00:00,1.374820,1.374840,1.372700,1.372960,4,2026-04-16
2026-04-16 01:00:00,1.372900,1.374280,1.372790,1.373410,4,2026-04-16
2026-04-16 05:00:00,1.373390,1.373560,1.371910,1.371980,4,2026-04-16
2026-04-16 09:00:00,1.371970,1.373090,1.371340,1.371890,4,2026-04-16
2026-04-16 13:00:00,1.371870,1.373800,1.371430,1.373380,4,2026-04-16
2026-04-16 17:00:00,1.373370,1.373470,1.370750,1.371380,4,2026-04-17
2026-04-16 21:00:00,1.371360,1.371750,1.369950,1.370210,4,2026-04-17
2026-04-17 01:00:00,1.370190,1.370850,1.369540,1.369860,4,2026-04-17
2026-04-17 05:00:00,1.369830,1.370430,1.369760,1.369810,4,2026-04-17
2026-04-17 09:00:00,1.369810,1.369990,1.367900,1.368640,4,2026-04-17
2026-04-17 13:00:00,1.368650,1.368850,1.367030,1.368350,4,2026-04-17
2026-04-19 17:00:00,1.377230,1.377640,1.369660,1.374570,4,2026-04-20
2026-04-19 21:00:00,1.374540,1.379840,1.367470,1.370410,4,2026-04-20
2026-04-20 01:00:00,1.370360,1.371630,1.368250,1.370390,4,2026-04-20
2026-04-20 05:00:00,1.370370,1.371030,1.369420,1.369750,4,2026-04-20
2026-04-20 09:00:00,1.369750,1.370280,1.369250,1.369760,4,2026-04-20
2026-04-20 13:00:00,1.369740,1.369780,1.368800,1.369190,4,2026-04-20
2026-04-20 17:00:00,1.369190,1.369980,1.366010,1.366320,4,2026-04-21
2026-04-20 21:00:00,1.366300,1.366650,1.363440,1.364430,4,2026-04-21
2026-04-21 01:00:00,1.364420,1.365150,1.363930,1.363930,4,2026-04-21
2026-04-21 05:00:00,1.363920,1.364780,1.363920,1.364640,4,2026-04-21
2026-04-21 09:00:00,1.364640,1.365200,1.364360,1.364750,4,2026-04-21
2026-04-21 13:00:00,1.364760,1.366360,1.364480,1.366010,4,2026-04-21
2026-04-21 17:00:00,1.366000,1.366050,1.363370,1.365000,4,2026-04-22
2026-04-21 21:00:00,1.364980,1.367560,1.363910,1.366130,4,2026-04-22
2026-04-22 01:00:00,1.366120,1.367320,1.365300,1.366290,4,2026-04-22
2026-04-22 05:00:00,1.366280,1.366350,1.365450,1.365970,4,2026-04-22
2026-04-22 09:00:00,1.365970,1.366090,1.364640,1.365480,4,2026-04-22
2026-04-22 13:00:00,1.365500,1.365880,1.364450,1.365410,4,2026-04-22
2026-04-22 17:00:00,1.365400,1.367260,1.364730,1.366690,4,2026-04-23
2026-04-22 21:00:00,1.366670,1.366830,1.365510,1.366640,4,2026-04-23
2026-04-23 01:00:00,1.366620,1.367460,1.366210,1.366970,4,2026-04-23
2026-04-23 05:00:00,1.366950,1.367920,1.366440,1.367200,4,2026-04-23
2026-04-23 09:00:00,1.367210,1.367680,1.366670,1.367060,4,2026-04-23
2026-04-23 13:00:00,1.367060,1.367980,1.366040,1.367810,4,2026-04-23
2026-04-23 17:00:00,1.367800,1.368840,1.366260,1.367770,4,2026-04-24
2026-04-23 21:00:00,1.367750,1.371210,1.367570,1.369470,4,2026-04-24
2026-04-24 01:00:00,1.369430,1.371410,1.369140,1.369740,4,2026-04-24
2026-04-24 05:00:00,1.369740,1.370890,1.369630,1.370790,4,2026-04-24
2026-04-24 09:00:00,1.370790,1.371390,1.370380,1.371030,4,2026-04-24
2026-04-24 13:00:00,1.371030,1.371400,1.368170,1.368230,4,2026-04-24
2026-04-26 17:00:00,1.367370,1.367740,1.366160,1.366490,4,2026-04-27
2026-04-26 21:00:00,1.366460,1.368060,1.366440,1.366940,4,2026-04-27
2026-04-27 01:00:00,1.366880,1.368770,1.366670,1.367670,4,2026-04-27
2026-04-27 05:00:00,1.367660,1.367880,1.366150,1.366340,4,2026-04-27
2026-04-27 09:00:00,1.366350,1.366750,1.365720,1.365780,4,2026-04-27
2026-04-27 13:00:00,1.365760,1.365850,1.360710,1.360900,4,2026-04-27
2026-04-27 17:00:00,1.360880,1.361820,1.359830,1.361520,4,2026-04-28
2026-04-27 21:00:00,1.361490,1.362770,1.361470,1.362770,4,2026-04-28
2026-04-28 01:00:00,1.362750,1.363600,1.362210,1.362300,4,2026-04-28
2026-04-28 05:00:00,1.362300,1.364040,1.361340,1.363780,4,2026-04-28
2026-04-28 09:00:00,1.363800,1.364710,1.363110,1.364690,4,2026-04-28
2026-04-28 13:00:00,1.364680,1.366630,1.363040,1.366530,4,2026-04-28
2026-04-28 17:00:00,1.366510,1.369150,1.366070,1.369150,4,2026-04-29
2026-04-28 21:00:00,1.369140,1.369170,1.367200,1.368560,4,2026-04-29
2026-04-29 01:00:00,1.368560,1.368780,1.367590,1.368100,4,2026-04-29
2026-04-29 05:00:00,1.368100,1.368930,1.367620,1.368440,4,2026-04-29
2026-04-29 09:00:00,1.368450,1.369190,1.368160,1.368930,4,2026-04-29
2026-04-29 13:00:00,1.368920,1.369240,1.367620,1.368490,4,2026-04-29
2026-04-29 17:00:00,1.368460,1.371260,1.367190,1.367800,4,2026-04-30
2026-04-29 21:00:00,1.367770,1.369090,1.366720,1.368660,4,2026-04-30
2026-04-30 01:00:00,1.368660,1.369040,1.367650,1.368040,4,2026-04-30
2026-04-30 05:00:00,1.368040,1.368320,1.366750,1.368000,4,2026-04-30
2026-04-30 09:00:00,1.368020,1.368860,1.367560,1.368010,4,2026-04-30
2026-04-30 13:00:00,1.368000,1.368040,1.365320,1.365340,4,2026-04-30
2026-04-30 17:00:00,1.365320,1.367590,1.360920,1.361170,4,2026-05-01
2026-04-30 21:00:00,1.361150,1.361740,1.358550,1.358580,4,2026-05-01
2026-05-01 01:00:00,1.358470,1.359100,1.357790,1.358090,4,2026-05-01
2026-05-01 05:00:00,1.358190,1.358310,1.357250,1.357630,4,2026-05-01
2026-05-01 09:00:00,1.357580,1.358870,1.357130,1.357360,4,2026-05-01
2026-05-01 13:00:00,1.357770,1.358200,1.356960,1.357200,4,2026-05-01
2026-05-03 17:00:00,1.359380,1.359440,1.358590,1.359120,4,2026-05-04
2026-05-03 21:00:00,1.359090,1.360430,1.358650,1.360080,4,2026-05-04
2026-05-04 01:00:00,1.359340,1.360620,1.357290,1.358510,4,2026-05-04
2026-05-04 05:00:00,1.358590,1.359540,1.358310,1.359120,4,2026-05-04
2026-05-04 09:00:00,1.359120,1.359840,1.358480,1.359700,4,2026-05-04
2026-05-04 13:00:00,1.359690,1.361950,1.359600,1.360480,4,2026-05-04
2026-05-04 17:00:00,1.360370,1.361830,1.360150,1.360920,4,2026-05-05
2026-05-04 21:00:00,1.360970,1.361760,1.360310,1.360760,4,2026-05-05
2026-05-05 01:00:00,1.360500,1.362740,1.360500,1.362420,4,2026-05-05
2026-05-05 05:00:00,1.362420,1.362770,1.361820,1.362130,4,2026-05-05
2026-05-05 09:00:00,1.362210,1.362970,1.361740,1.361810,4,2026-05-05
2026-05-05 13:00:00,1.361870,1.362100,1.360480,1.361280,4,2026-05-05
2026-05-05 17:00:00,1.361300,1.362730,1.360660,1.361740,4,2026-05-06
2026-05-05 21:00:00,1.361710,1.362610,1.360740,1.361700,4,2026-05-06
2026-05-06 01:00:00,1.361690,1.362500,1.361090,1.361250,4,2026-05-06
2026-05-06 05:00:00,1.361240,1.361250,1.359630,1.360190,4,2026-05-06
2026-05-06 09:00:00,1.360150,1.360260,1.358420,1.358680,4,2026-05-06
2026-05-06 13:00:00,1.358680,1.360310,1.357930,1.358870,4,2026-05-06
2026-05-06 17:00:00,1.358730,1.362360,1.358720,1.361600,4,2026-05-07
2026-05-06 21:00:00,1.361670,1.364170,1.361510,1.363490,4,2026-05-07
2026-05-07 01:00:00,1.363450,1.363820,1.362700,1.363220,4,2026-05-07
2026-05-07 05:00:00,1.363230,1.364140,1.362820,1.363720,4,2026-05-07
2026-05-07 09:00:00,1.363670,1.364350,1.363230,1.363620,4,2026-05-07
2026-05-07 13:00:00,1.363620,1.363890,1.362040,1.362620,4,2026-05-07
2026-05-07 17:00:00,1.362620,1.364400,1.362220,1.363500,4,2026-05-08
2026-05-07 21:00:00,1.363470,1.364280,1.362570,1.363740,4,2026-05-08
2026-05-08 01:00:00,1.363720,1.366530,1.363130,1.366300,4,2026-05-08
2026-05-08 05:00:00,1.366300,1.366420,1.365650,1.365940,4,2026-05-08
2026-05-08 09:00:00,1.365950,1.366090,1.365080,1.365310,4,2026-05-08
2026-05-08 13:00:00,1.365300,1.365890,1.364430,1.365130,4,2026-05-08
2026-05-10 17:00:00,1.367650,1.367810,1.365980,1.367540,4,2026-05-11
2026-05-10 21:00:00,1.367510,1.368760,1.365780,1.367600,4,2026-05-11
2026-05-11 01:00:00,1.367590,1.369310,1.365850,1.368890,4,2026-05-11
2026-05-11 05:00:00,1.368840,1.369010,1.368070,1.368570,4,2026-05-11
2026-05-11 09:00:00,1.368600,1.369510,1.367650,1.367910,4,2026-05-11
2026-05-11 13:00:00,1.367910,1.368010,1.366130,1.366170,4,2026-05-11
2026-05-11 17:00:00,1.366180,1.368040,1.364880,1.366460,4,2026-05-12
2026-05-11 21:00:00,1.366560,1.367540,1.366080,1.367280,4,2026-05-12
2026-05-12 01:00:00,1.367210,1.368170,1.367060,1.367660,4,2026-05-12
2026-05-12 05:00:00,1.367670,1.369360,1.367650,1.368960,4,2026-05-12
2026-05-12 09:00:00,1.368930,1.369570,1.368440,1.369300,4,2026-05-12
2026-05-12 13:00:00,1.369320,1.371150,1.369240,1.370980,4,2026-05-12
2026-05-12 17:00:00,1.370950,1.371810,1.369980,1.371020,4,2026-05-13
2026-05-12 21:00:00,1.371100,1.372390,1.370120,1.370160,4,2026-05-13
2026-05-13 01:00:00,1.370150,1.370250,1.369390,1.369510,4,2026-05-13
2026-05-13 05:00:00,1.369530,1.369980,1.368470,1.368780,4,2026-05-13
2026-05-13 09:00:00,1.368740,1.370490,1.368650,1.370360,4,2026-05-13
2026-05-13 13:00:00,1.370370,1.371060,1.369130,1.369160,4,2026-05-13
2026-05-13 17:00:00,1.369190,1.371220,1.369010,1.370440,4,2026-05-14
2026-05-13 21:00:00,1.370400,1.371850,1.369200,1.371430,4,2026-05-14
2026-05-14 01:00:00,1.371420,1.371420,1.370130,1.370420,4,2026-05-14
2026-05-14 05:00:00,1.370410,1.370910,1.370320,1.370610,4,2026-05-14
2026-05-14 09:00:00,1.370640,1.370900,1.370170,1.370340,4,2026-05-14
2026-05-14 13:00:00,1.370320,1.371790,1.370300,1.371660,4,2026-05-14
2026-05-14 17:00:00,1.371630,1.373150,1.371450,1.372740,4,2026-05-15
2026-05-14 21:00:00,1.372640,1.373840,1.371970,1.372490,4,2026-05-15
2026-05-15 01:00:00,1.372480,1.372970,1.371550,1.371700,4,2026-05-15
2026-05-15 05:00:00,1.371700,1.374300,1.371670,1.373840,4,2026-05-15
2026-05-15 09:00:00,1.373790,1.375710,1.373770,1.375100,4,2026-05-15
2026-05-15 13:00:00,1.374980,1.375830,1.373570,1.374130,4,2026-05-15
2026-05-17 17:00:00,1.374970,1.375550,1.374940,1.375000,4,2026-05-18
2026-05-17 21:00:00,1.374970,1.375290,1.374950,1.375060,4,2026-05-18
2026-05-18 01:00:00,1.375020,1.375680,1.374060,1.375250,4,2026-05-18
2026-05-18 05:00:00,1.375260,1.376330,1.375080,1.375840,4,2026-05-18
2026-05-18 09:00:00,1.375840,1.375890,1.374120,1.374330,4,2026-05-18
2026-05-18 13:00:00,1.374310,1.375210,1.373420,1.374400,4,2026-05-18
2026-05-18 17:00:00,1.374270,1.375670,1.373290,1.374140,4,2026-05-19
2026-05-18 21:00:00,1.374120,1.375040,1.373780,1.374960,4,2026-05-19
2026-05-19 01:00:00,1.374820,1.375080,1.373580,1.373730,4,2026-05-19
2026-05-19 05:00:00,1.373740,1.375130,1.373600,1.374680,4,2026-05-19
2026-05-19 09:00:00,1.374680,1.375420,1.374280,1.374650,4,2026-05-19
2026-05-19 13:00:00,1.374620,1.377190,1.374460,1.376310,4,2026-05-19
2026-05-19 17:00:00,1.376330,1.377490,1.374420,1.377090,4,2026-05-20
2026-05-19 21:00:00,1.376950,1.377220,1.374730,1.374760,4,2026-05-20
2026-05-20 01:00:00,1.374820,1.375290,1.374020,1.374410,4,2026-05-20
2026-05-20 05:00:00,1.374420,1.376230,1.374220,1.375580,4,2026-05-20
2026-05-20 09:00:00,1.375600,1.376660,1.375200,1.376500,4,2026-05-20
2026-05-20 13:00:00,1.376510,1.377870,1.376030,1.376990,4,2026-05-20
2026-05-20 17:00:00,1.376950,1.377590,1.374000,1.374040,4,2026-05-21
2026-05-20 21:00:00,1.374110,1.375510,1.373320,1.374710,4,2026-05-21
2026-05-21 01:00:00,1.374620,1.374870,1.373710,1.374510,4,2026-05-21
2026-05-21 05:00:00,1.374520,1.376580,1.374480,1.376330,4,2026-05-21
2026-05-21 09:00:00,1.376350,1.376730,1.375960,1.376440,4,2026-05-21
2026-05-21 13:00:00,1.376410,1.377640,1.376200,1.376440,4,2026-05-21
2026-05-21 17:00:00,1.376400,1.380040,1.376060,1.378770,4,2026-05-22
2026-05-21 21:00:00,1.378670,1.379380,1.376730,1.378310,4,2026-05-22
2026-05-22 01:00:00,1.378330,1.378350,1.377420,1.377560,4,2026-05-22
2026-05-22 05:00:00,1.377580,1.379020,1.377500,1.378970,4,2026-05-22
2026-05-22 09:00:00,1.378960,1.379510,1.378460,1.379190,4,2026-05-22
2026-05-22 13:00:00,1.379160,1.379930,1.378430,1.379810,4,2026-05-22
2026-05-24 17:00:00,1.382380,1.382550,1.381610,1.382020,4,2026-05-25
2026-05-24 21:00:00,1.382020,1.382290,1.381370,1.382000,4,2026-05-25
2026-05-25 01:00:00,1.382010,1.383510,1.379240,1.380240,4,2026-05-25
2026-05-25 05:00:00,1.380220,1.380770,1.379610,1.380100,4,2026-05-25
2026-05-25 09:00:00,1.380060,1.381380,1.379990,1.381030,4,2026-05-25
2026-05-25 13:00:00,1.381000,1.382070,1.381000,1.381550,4,2026-05-25
2026-05-25 17:00:00,1.381520,1.381800,1.379890,1.380070,4,2026-05-26
2026-05-25 21:00:00,1.380040,1.380530,1.379540,1.380410,4,2026-05-26
2026-05-26 01:00:00,1.380430,1.380740,1.379890,1.380350,4,2026-05-26
2026-05-26 05:00:00,1.380320,1.381120,1.380230,1.380980,4,2026-05-26
2026-05-26 09:00:00,1.380990,1.381510,1.380650,1.381130,4,2026-05-26
2026-05-26 13:00:00,1.381080,1.381470,1.379950,1.380000,4,2026-05-26
2026-05-26 17:00:00,1.379960,1.382130,1.379850,1.380700,4,2026-05-27
2026-05-26 21:00:00,1.380720,1.381980,1.380140,1.381360,4,2026-05-27
2026-05-27 01:00:00,1.381370,1.381700,1.380820,1.381040,4,2026-05-27
2026-05-27 05:00:00,1.381040,1.381450,1.380420,1.381140,4,2026-05-27
2026-05-27 09:00:00,1.381090,1.381950,1.380770,1.381920,4,2026-05-27
2026-05-27 13:00:00,1.381880,1.383700,1.381660,1.383590,4,2026-05-27
2026-05-27 17:00:00,1.383620,1.385090,1.382130,1.385070,4,2026-05-28
2026-05-27 21:00:00,1.385010,1.385140,1.382420,1.383460,4,2026-05-28
2026-05-28 01:00:00,1.383400,1.384190,1.382930,1.383850,4,2026-05-28
2026-05-28 05:00:00,1.383850,1.385520,1.383660,1.385270,4,2026-05-28
2026-05-28 09:00:00,1.385270,1.386960,1.385020,1.385050,4,2026-05-28
2026-05-28 13:00:00,1.385070,1.386980,1.384540,1.386400,4,2026-05-28
2026-05-28 17:00:00,1.386490,1.386490,1.381730,1.381930,4,2026-05-29
2026-05-28 21:00:00,1.381880,1.381930,1.378040,1.378280,4,2026-05-29
2026-05-29 01:00:00,1.378220,1.378960,1.377380,1.378410,4,2026-05-29
2026-05-29 05:00:00,1.378370,1.378620,1.377850,1.378540,4,2026-05-29
2026-05-29 09:00:00,1.378520,1.379670,1.378460,1.379350,4,2026-05-29
2026-05-29 13:00:00,1.379330,1.381050,1.379250,1.381000,4,2026-05-29
2026-05-31 17:00:00,1.379610,1.380830,1.378760,1.380430,4,2026-06-01
2026-05-31 21:00:00,1.380430,1.380490,1.378970,1.379590,4,2026-06-01
2026-06-01 01:00:00,1.379550,1.380730,1.378990,1.379630,4,2026-06-01
2026-06-01 05:00:00,1.379660,1.381170,1.379150,1.380930,4,2026-06-01
2026-06-01 09:00:00,1.380940,1.381400,1.380160,1.380430,4,2026-06-01
2026-06-01 13:00:00,1.380430,1.382500,1.380350,1.382430,4,2026-06-01
2026-06-01 17:00:00,1.382430,1.384870,1.382390,1.384150,4,2026-06-02
2026-06-01 21:00:00,1.384180,1.384440,1.382720,1.384010,4,2026-06-02
2026-06-02 01:00:00,1.384020,1.384590,1.383560,1.384080,4,2026-06-02
2026-06-02 05:00:00,1.384100,1.384830,1.383980,1.384750,4,2026-06-02
2026-06-02 09:00:00,1.384730,1.384800,1.383550,1.383740,4,2026-06-02
2026-06-02 13:00:00,1.383710,1.385460,1.383570,1.385240,4,2026-06-02
2026-06-02 17:00:00,1.385250,1.385390,1.381600,1.383260,4,2026-06-03
2026-06-02 21:00:00,1.383200,1.384100,1.382230,1.382930,4,2026-06-03
2026-06-03 01:00:00,1.382990,1.384240,1.382990,1.383950,4,2026-06-03
2026-06-03 05:00:00,1.383970,1.384730,1.383700,1.384510,4,2026-06-03
2026-06-03 09:00:00,1.384490,1.385840,1.384380,1.385210,4,2026-06-03
2026-06-03 13:00:00,1.385150,1.385980,1.384660,1.385260,4,2026-06-03
2026-06-03 17:00:00,1.385200,1.388020,1.384950,1.387980,4,2026-06-04
2026-06-03 21:00:00,1.387910,1.389970,1.387870,1.389520,4,2026-06-04
2026-06-04 01:00:00,1.389470,1.389960,1.389070,1.389260,4,2026-06-04
2026-06-04 05:00:00,1.389250,1.390450,1.388980,1.389820,4,2026-06-04
2026-06-04 09:00:00,1.389800,1.391330,1.389750,1.391290,4,2026-06-04
2026-06-04 13:00:00,1.391210,1.392500,1.389720,1.390160,4,2026-06-04
2026-06-04 17:00:00,1.390140,1.390140,1.388150,1.389530,4,2026-06-05
2026-06-04 21:00:00,1.389490,1.390440,1.388990,1.389880,4,2026-06-05
2026-06-05 01:00:00,1.389890,1.391170,1.389670,1.390820,4,2026-06-05
2026-06-05 05:00:00,1.390830,1.391230,1.390050,1.390190,4,2026-06-05
2026-06-05 09:00:00,1.390160,1.390900,1.389780,1.389950,4,2026-06-05
2026-06-05 13:00:00,1.389910,1.390040,1.386920,1.387660,4,2026-06-05
2026-06-07 17:00:00,1.393420,1.394100,1.392070,1.394020,4,2026-06-08
2026-06-07 21:00:00,1.394030,1.394790,1.391470,1.394020,4,2026-06-08
2026-06-08 01:00:00,1.394030,1.395220,1.391370,1.395190,4,2026-06-08
2026-06-08 05:00:00,1.395160,1.395210,1.393880,1.394600,4,2026-06-08
2026-06-08 09:00:00,1.394570,1.395030,1.393670,1.394500,4,2026-06-08
2026-06-08 13:00:00,1.394430,1.395370,1.393780,1.394320,4,2026-06-08
2026-06-08 17:00:00,1.394320,1.395030,1.392630,1.394140,4,2026-06-09
2026-06-08 21:00:00,1.394190,1.396080,1.393770,1.395590,4,2026-06-09
2026-06-09 01:00:00,1.395550,1.395590,1.394330,1.395210,4,2026-06-09
2026-06-09 05:00:00,1.395220,1.396000,1.394490,1.394760,4,2026-06-09
2026-06-09 09:00:00,1.394730,1.395070,1.393030,1.393660,4,2026-06-09
2026-06-09 13:00:00,1.393650,1.394310,1.393160,1.393340,4,2026-06-09
2026-06-09 17:00:00,1.393280,1.395740,1.391950,1.394720,4,2026-06-10
2026-06-09 21:00:00,1.394790,1.396870,1.394230,1.395260,4,2026-06-10
2026-06-10 01:00:00,1.395220,1.395670,1.394620,1.395300,4,2026-06-10
2026-06-10 05:00:00,1.395280,1.395710,1.394690,1.395030,4,2026-06-10
2026-06-10 09:00:00,1.394990,1.395120,1.393710,1.394230,4,2026-06-10
2026-06-10 13:00:00,1.394180,1.394450,1.392460,1.393090,4,2026-06-10
2026-06-10 17:00:00,1.393010,1.393780,1.390110,1.392570,4,2026-06-11
2026-06-10 21:00:00,1.392590,1.393790,1.392440,1.393570,4,2026-06-11
2026-06-11 01:00:00,1.393500,1.395050,1.393500,1.394580,4,2026-06-11
2026-06-11 05:00:00,1.394560,1.395050,1.393190,1.393870,4,2026-06-11
2026-06-11 09:00:00,1.393840,1.395650,1.393520,1.395640,4,2026-06-11
2026-06-11 13:00:00,1.395610,1.398330,1.395380,1.397930,4,2026-06-11
2026-06-11 17:00:00,1.397950,1.402310,1.397340,1.401780,4,2026-06-12
2026-06-11 21:00:00,1.401820,1.401830,1.397500,1.397970,4,2026-06-12
2026-06-12 01:00:00,1.397970,1.397970,1.395410,1.396370,4,2026-06-12
2026-06-12 05:00:00,1.396360,1.398040,1.396230,1.397810,4,2026-06-12
2026-06-12 09:00:00,1.397780,1.398630,1.397120,1.397640,4,2026-06-12
2026-06-12 13:00:00,1.397610,1.399770,1.397440,1.398650,4,2026-06-12
2026-06-14 17:00:00,1.399360,1.400120,1.398800,1.398850,4,2026-06-15
2026-06-14 21:00:00,1.398860,1.399890,1.397970,1.399050,4,2026-06-15
2026-06-15 01:00:00,1.399000,1.399960,1.395530,1.396100,4,2026-06-15
2026-06-15 05:00:00,1.396030,1.397680,1.395690,1.396950,4,2026-06-15
2026-06-15 09:00:00,1.396970,1.397820,1.395100,1.397390,4,2026-06-15
2026-06-15 13:00:00,1.397400,1.398190,1.396690,1.397000,4,2026-06-15
2026-06-15 17:00:00,1.396950,1.399250,1.396840,1.397500,4,2026-06-16
2026-06-15 21:00:00,1.397470,1.398830,1.397230,1.398530,4,2026-06-16
2026-06-16 01:00:00,1.398550,1.399580,1.398250,1.399370,4,2026-06-16
2026-06-16 05:00:00,1.399350,1.399990,1.398980,1.399520,4,2026-06-16
2026-06-16 09:00:00,1.399530,1.401860,1.399510,1.400910,4,2026-06-16
2026-06-16 13:00:00,1.400850,1.401280,1.399230,1.399540,4,2026-06-16
2026-06-16 17:00:00,1.399550,1.401580,1.398540,1.398570,4,2026-06-17
2026-06-16 21:00:00,1.398660,1.399560,1.398010,1.399320,4,2026-06-17
2026-06-17 01:00:00,1.399300,1.400300,1.399010,1.399280,4,2026-06-17
2026-06-17 05:00:00,1.399260,1.399910,1.399070,1.399750,4,2026-06-17
2026-06-17 09:00:00,1.399740,1.400760,1.399550,1.400670,4,2026-06-17
2026-06-17 13:00:00,1.400690,1.401180,1.399560,1.401150,4,2026-06-17
2026-06-17 17:00:00,1.401130,1.402130,1.400380,1.402080,4,2026-06-18
2026-06-17 21:00:00,1.402020,1.407150,1.401880,1.407080,4,2026-06-18
2026-06-18 01:00:00,1.406970,1.412240,1.406680,1.409830,4,2026-06-18
2026-06-18 05:00:00,1.409800,1.410910,1.409520,1.410250,4,2026-06-18
2026-06-18 09:00:00,1.410220,1.411330,1.409720,1.410520,4,2026-06-18
2026-06-18 13:00:00,1.410500,1.413260,1.409960,1.412590,4,2026-06-18
2026-06-18 17:00:00,1.412590,1.413460,1.411180,1.411960,4,2026-06-19
2026-06-18 21:00:00,1.412000,1.414760,1.411800,1.414030,4,2026-06-19
2026-06-19 01:00:00,1.413990,1.414400,1.412760,1.413370,4,2026-06-19
2026-06-19 05:00:00,1.413370,1.414840,1.413280,1.414280,4,2026-06-19
2026-06-19 09:00:00,1.414250,1.415980,1.413620,1.414250,4,2026-06-19
2026-06-19 13:00:00,1.414270,1.414990,1.413520,1.414490,4,2026-06-19
2026-06-21 17:00:00,1.415450,1.416640,1.414900,1.415160,4,2026-06-22
2026-06-21 21:00:00,1.415160,1.417990,1.414350,1.417070,4,2026-06-22
2026-06-22 01:00:00,1.417050,1.417850,1.413140,1.417810,4,2026-06-22
2026-06-22 05:00:00,1.417780,1.418230,1.416820,1.417690,4,2026-06-22
2026-06-22 09:00:00,1.417660,1.419340,1.417570,1.418400,4,2026-06-22
2026-06-22 13:00:00,1.418360,1.418380,1.416600,1.417260,4,2026-06-22
2026-06-22 17:00:00,1.417190,1.417920,1.414730,1.415140,4,2026-06-23
2026-06-22 21:00:00,1.415250,1.417200,1.414910,1.415760,4,2026-06-23
2026-06-23 01:00:00,1.415680,1.416640,1.415350,1.415410,4,2026-06-23
2026-06-23 05:00:00,1.415500,1.416840,1.415100,1.416750,4,2026-06-23
2026-06-23 09:00:00,1.416680,1.418620,1.416470,1.418030,4,2026-06-23
2026-06-23 13:00:00,1.418070,1.418830,1.416840,1.418770,4,2026-06-23
2026-06-23 17:00:00,1.418780,1.419990,1.416790,1.419740,4,2026-06-24
2026-06-23 21:00:00,1.419740,1.421710,1.419270,1.421460,4,2026-06-24
2026-06-24 01:00:00,1.421420,1.421490,1.420020,1.421190,4,2026-06-24
2026-06-24 05:00:00,1.421160,1.421670,1.420630,1.421650,4,2026-06-24
2026-06-24 09:00:00,1.421570,1.422490,1.421180,1.422480,4,2026-06-24
2026-06-24 13:00:00,1.422440,1.423870,1.422170,1.422740,4,2026-06-24
2026-06-24 17:00:00,1.422740,1.424860,1.422100,1.424200,4,2026-06-25
2026-06-24 21:00:00,1.424110,1.424320,1.421630,1.423770,4,2026-06-25
2026-06-25 01:00:00,1.423750,1.424150,1.422610,1.423500,4,2026-06-25
2026-06-25 05:00:00,1.423470,1.424330,1.422810,1.423290,4,2026-06-25
2026-06-25 09:00:00,1.423260,1.424210,1.422780,1.423990,4,2026-06-25
2026-06-25 13:00:00,1.424010,1.424440,1.422320,1.424360,4,2026-06-25
2026-06-25 17:00:00,1.424320,1.424790,1.419570,1.420180,4,2026-06-26
2026-06-25 21:00:00,1.420050,1.420630,1.417800,1.419570,4,2026-06-26
2026-06-26 01:00:00,1.419590,1.420420,1.419070,1.419110,4,2026-06-26
2026-06-26 05:00:00,1.419160,1.420920,1.419060,1.420610,4,2026-06-26
2026-06-26 09:00:00,1.420590,1.420650,1.418530,1.419050,4,2026-06-26
2026-06-26 13:00:00,1.419080,1.419940,1.417990,1.418120,4,2026-06-26
2026-06-28 17:00:00,1.419190,1.420920,1.418320,1.419870,4,2026-06-29
2026-06-28 21:00:00,1.419880,1.422040,1.418690,1.419450,4,2026-06-29
2026-06-29 01:00:00,1.419380,1.420820,1.417830,1.419130,4,2026-06-29
2026-06-29 05:00:00,1.419100,1.419860,1.418190,1.418900,4,2026-06-29
2026-06-29 09:00:00,1.418880,1.419350,1.417590,1.417590,4,2026-06-29
2026-06-29 13:00:00,1.417600,1.419980,1.417600,1.419180,4,2026-06-29
2026-06-29 17:00:00,1.419300,1.421770,1.419030,1.421070,4,2026-06-30
2026-06-29 21:00:00,1.421000,1.421420,1.419670,1.420330,4,2026-06-30
2026-06-30 01:00:00,1.420370,1.421430,1.420020,1.420310,4,2026-06-30
2026-06-30 05:00:00,1.420420,1.423240,1.420100,1.422940,4,2026-06-30
2026-06-30 09:00:00,1.422910,1.424010,1.422770,1.422920,4,2026-06-30
2026-06-30 13:00:00,1.422950,1.424050,1.422420,1.423220,4,2026-06-30
2026-06-30 17:00:00,1.423260,1.424630,1.418690,1.418700,4,2026-07-01
2026-06-30 21:00:00,1.418720,1.421270,1.418390,1.420270,4,2026-07-01
2026-07-01 01:00:00,1.420300,1.420720,1.418020,1.419610,4,2026-07-01
2026-07-01 05:00:00,1.419580,1.422230,1.419420,1.421920,4,2026-07-01
2026-07-01 09:00:00,1.421890,1.422070,1.420910,1.421610,4,2026-07-01
2026-07-01 13:00:00,1.421640,1.422570,1.421390,1.421410,4,2026-07-01
2026-07-01 17:00:00,1.421430,1.423540,1.419390,1.420910,4,2026-07-02
2026-07-01 21:00:00,1.420960,1.421910,1.419880,1.421550,4,2026-07-02
2026-07-02 01:00:00,1.421550,1.421920,1.420920,1.421770,4,2026-07-02
2026-07-02 05:00:00,1.421740,1.422460,1.420820,1.421550,4,2026-07-02
2026-07-02 09:00:00,1.421570,1.422030,1.419450,1.420120,4,2026-07-02
2026-07-02 13:00:00,1.420000,1.420860,1.418620,1.420580,4,2026-07-02
2026-07-02 17:00:00,1.420590,1.422410,1.415260,1.418130,4,2026-07-03
2026-07-02 21:00:00,1.418210,1.418870,1.417570,1.418100,4,2026-07-03
2026-07-03 01:00:00,1.418040,1.418760,1.417890,1.418550,4,2026-07-03
2026-07-03 05:00:00,1.418570,1.419850,1.416590,1.417220,4,2026-07-03
2026-07-03 09:00:00,1.417170,1.417370,1.415880,1.417090,4,2026-07-03
2026-07-03 13:00:00,1.417100,1.418800,1.416790,1.418590,4,2026-07-03
2026-07-05 17:00:00,1.419900,1.420410,1.418590,1.420370,4,2026-07-06
2026-07-05 21:00:00,1.420360,1.421010,1.418690,1.420390,4,2026-07-06
2026-07-06 01:00:00,1.420260,1.420860,1.418970,1.420480,4,2026-07-06
2026-07-06 05:00:00,1.420450,1.421210,1.420290,1.420800,4,2026-07-06
2026-07-06 09:00:00,1.420820,1.421860,1.420520,1.421760,4,2026-07-06
2026-07-06 13:00:00,1.421760,1.423220,1.421160,1.421780,4,2026-07-06
2026-07-06 17:00:00,1.421750,1.423910,1.421620,1.422410,4,2026-07-07
2026-07-06 21:00:00,1.422420,1.422660,1.420810,1.420850,4,2026-07-07
2026-07-07 01:00:00,1.420810,1.421270,1.420230,1.420590,4,2026-07-07
2026-07-07 05:00:00,1.420600,1.421850,1.420270,1.421550,4,2026-07-07
2026-07-07 09:00:00,1.421520,1.422220,1.421190,1.421540,4,2026-07-07
2026-07-07 13:00:00,1.421560,1.422180,1.420890,1.421100,4,2026-07-07
2026-07-07 17:00:00,1.421140,1.422580,1.419230,1.419530,4,2026-07-08
2026-07-07 21:00:00,1.419560,1.419810,1.418390,1.419290,4,2026-07-08
2026-07-08 01:00:00,1.419300,1.420790,1.418970,1.420080,4,2026-07-08
2026-07-08 05:00:00,1.420060,1.421040,1.419320,1.419690,4,2026-07-08
2026-07-08 09:00:00,1.419660,1.419960,1.417370,1.417930,4,2026-07-08
2026-07-08 13:00:00,1.417910,1.418060,1.415510,1.416800,4,2026-07-08
2026-07-08 17:00:00,1.416750,1.419120,1.416490,1.417540,4,2026-07-09
2026-07-08 21:00:00,1.417620,1.419740,1.416560,1.416890,4,2026-07-09
2026-07-09 01:00:00,1.416850,1.417620,1.416110,1.417030,4,2026-07-09
2026-07-09 05:00:00,1.417010,1.417140,1.416070,1.416550,4,2026-07-09
2026-07-09 09:00:00,1.416530,1.416800,1.415370,1.416160,4,2026-07-09
2026-07-09 13:00:00,1.416160,1.418990,1.415980,1.417690,4,2026-07-09
2026-07-09 17:00:00,1.417700,1.418380,1.416480,1.417230,4,2026-07-10
2026-07-09 21:00:00,1.417290,1.417420,1.415950,1.416710,4,2026-07-10
2026-07-10 01:00:00,1.416750,1.417340,1.416510,1.416980,4,2026-07-10
2026-07-10 05:00:00,1.416940,1.417260,1.413670,1.413820,4,2026-07-10
2026-07-10 09:00:00,1.413790,1.416530,1.413790,1.415510,4,2026-07-10
2026-07-10 13:00:00,1.415550,1.417090,1.415500,1.416500,4,2026-07-10
2026-07-12 17:00:00,1.415740,1.417140,1.414800,1.415870,4,2026-07-13
2026-07-12 21:00:00,1.415920,1.417980,1.415220,1.415600,4,2026-07-13
2026-07-13 01:00:00,1.415570,1.417510,1.415320,1.417000,4,2026-07-13
2026-07-13 05:00:00,1.416980,1.417440,1.416220,1.416770,4,2026-07-13
2026-07-13 09:00:00,1.416710,1.417150,1.415120,1.416240,4,2026-07-13
2026-07-13 13:00:00,1.416270,1.416330,1.412970,1.413000,4,2026-07-13
2026-07-13 17:00:00,1.413050,1.414890,1.412540,1.414440,4,2026-07-14
2026-07-13 21:00:00,1.414490,1.415420,1.413330,1.415150,4,2026-07-14
2026-07-14 01:00:00,1.415130,1.416040,1.415000,1.415340,4,2026-07-14
2026-07-14 05:00:00,1.415330,1.415440,1.413210,1.413290,4,2026-07-14
2026-07-14 09:00:00,1.413250,1.413630,1.412880,1.413430,4,2026-07-14
2026-07-14 13:00:00,1.413370,1.413500,1.408180,1.410700,4,2026-07-14
2026-07-14 17:00:00,1.410650,1.411620,1.405280,1.405750,4,2026-07-15
2026-07-14 21:00:00,1.405720,1.407430,1.404820,1.406940,4,2026-07-15
2026-07-15 01:00:00,1.406940,1.407600,1.405800,1.406000,4,2026-07-15
2026-07-15 05:00:00,1.406020,1.406110,1.403990,1.404040,4,2026-07-15
2026-07-15 09:00:00,1.404050,1.405900,1.403920,1.405800,4,2026-07-15
2026-07-15 13:00:00,1.405820,1.407040,1.404410,1.406710,4,2026-07-15
2026-07-15 17:00:00,1.406690,1.407680,1.405090,1.405130,4,2026-07-16
2026-07-15 21:00:00,1.405190,1.405710,1.402400,1.404240,4,2026-07-16
2026-07-16 01:00:00,1.404190,1.404600,1.403550,1.404080,4,2026-07-16
2026-07-16 05:00:00,1.404080,1.405360,1.403520,1.405090,4,2026-07-16
2026-07-16 09:00:00,1.405080,1.405180,1.404170,1.404200,4,2026-07-16
2026-07-16 13:00:00,1.404210,1.404930,1.403510,1.403730,4,2026-07-16
2026-07-16 17:00:00,1.403700,1.403840,1.401040,1.403270,4,2026-07-17
2026-07-16 21:00:00,1.403210,1.405850,1.403160,1.404910,4,2026-07-17
2026-07-17 01:00:00,1.404880,1.405290,1.403880,1.404220,4,2026-07-17
2026-07-17 05:00:00,1.404200,1.404280,1.403000,1.404140,4,2026-07-17
2026-07-17 09:00:00,1.404090,1.404150,1.402910,1.403180,4,2026-07-17
2026-07-17 13:00:00,1.403120,1.403900,1.402660,1.403850,4,2026-07-17
2026-07-19 17:00:00,1.402320,1.402380,1.400430,1.400480,4,2026-07-20
2026-07-19 21:00:00,1.400550,1.402400,1.400510,1.402020,4,2026-07-20
2026-07-20 01:00:00,1.401930,1.402410,1.401210,1.402000,4,2026-07-20
2026-07-20 05:00:00,1.401970,1.402320,1.400560,1.400770,4,2026-07-20
2026-07-20 09:00:00,1.400720,1.401180,1.400420,1.400940,4,2026-07-20
2026-07-20 13:00:00,1.400860,1.403470,1.400420,1.402630,4,2026-07-20
2026-07-20 17:00:00,1.402600,1.405660,1.402010,1.405650,4,2026-07-21
2026-07-20 21:00:00,1.405570,1.406670,1.405150,1.406030,4,2026-07-21
2026-07-21 01:00:00,1.406000,1.408540,1.405770,1.407780,4,2026-07-21
2026-07-21 05:00:00,1.407780,1.408100,1.407030,1.408060,4,2026-07-21
2026-07-21 09:00:00,1.408010,1.408110,1.406340,1.406350,4,2026-07-21
2026-07-21 13:00:00,1.406370,1.406930,1.405480,1.406090,4,2026-07-21
2026-07-21 17:00:00,1.406080,1.410000,1.405790,1.409290,4,2026-07-22
2026-07-21 21:00:00,1.409450,1.411080,1.409030,1.410780,4,2026-07-22
2026-07-22 01:00:00,1.410810,1.411140,1.410470,1.411050,4,2026-07-22
2026-07-22 05:00:00,1.411040,1.411180,1.409920,1.410490,4,2026-07-22
2026-07-22 09:00:00,1.410500,1.410840,1.409830,1.409990,4,2026-07-22
2026-07-22 13:00:00,1.410010,1.410530,1.408320,1.410200,4,2026-07-22
2026-07-22 17:00:00,1.410160,1.410170,1.407710,1.408470,4,2026-07-23
2026-07-22 21:00:00,1.408560,1.409540,1.408120,1.408620,4,2026-07-23
2026-07-23 01:00:00,1.408600,1.409020,1.408120,1.408820,4,2026-07-23
2026-07-23 05:00:00,1.408830,1.408860,1.406550,1.406570,4,2026-07-23
2026-07-23 09:00:00,1.406570,1.407000,1.405790,1.406610,4,2026-07-23
2026-07-23 13:00:00,1.406590,1.408790,1.405800,1.408400,4,2026-07-23
2026-07-23 17:00:00,1.408370,1.409140,1.407040,1.408680,4,2026-07-24
2026-07-23 21:00:00,1.408700,1.410010,1.407540,1.407890,4,2026-07-24
2026-07-24 01:00:00,1.407870,1.408970,1.407550,1.408220,4,2026-07-24
2026-07-24 05:00:00,1.408240,1.408710,1.406900,1.407740,4,2026-07-24
2026-07-24 09:00:00,1.407800,1.408490,1.407430,1.407610,4,2026-07-24
2026-07-24 13:00:00,1.407600,1.408730,1.406560,1.407850,4,2026-07-24
2026-07-26 17:00:00,1.409530,1.409750,1.409240,1.409640,4,2026-07-27
2026-07-26 21:00:00,1.409610,1.409850,1.409120,1.409460,4,2026-07-27
2026-07-27 01:00:00,1.409430,1.411380,1.408050,1.409080,4,2026-07-27
2026-07-27 05:00:00,1.409090,1.409150,1.407160,1.407770,4,2026-07-27
2026-07-27 09:00:00,1.407780,1.410240,1.407740,1.409580,4,2026-07-27
2026-07-27 13:00:00,1.409610,1.410730,1.409130,1.410710,4,2026-07-27
2026-07-27 17:00:00,1.410660,1.411800,1.409980,1.411360,4,2026-07-28
2026-07-27 21:00:00,1.411430,1.412620,1.410810,1.412520,4,2026-07-28
2026-07-28 01:00:00,1.412470,1.412690,1.411980,1.412280,4,2026-07-28
2026-07-28 05:00:00,1.412280,1.412920,1.411370,1.411720,4,2026-07-28
2026-07-28 09:00:00,1.411680,1.412690,1.411120,1.412200,4,2026-07-28
2026-07-28 13:00:00,1.412130,1.412430,1.410810,1.410900,4,2026-07-28
2026-07-28 17:00:00,1.410880,1.411740,1.409710,1.410510,4,2026-07-29
2026-07-28 21:00:00,1.410470,1.410820,1.408650,1.410540,4,2026-07-29
2026-07-29 01:00:00,1.410490,1.411220,1.410270,1.410510,4,2026-07-29
2026-07-29 05:00:00,1.410520,1.411000,1.409290,1.409660,4,2026-07-29
2026-07-29 09:00:00,1.409680,1.410020,1.408540,1.409750,4,2026-07-29
2026-07-29 13:00:00,1.409770,1.410630,1.409010,1.409990,4,2026-07-29
2026-07-29 17:00:00,1.410020,1.410560,1.407830,1.409020,4,2026-07-30
2026-07-29 21:00:00,1.408940,1.409940,1.404200,1.404370,4,2026-07-30
2026-07-30 01:00:00,1.404350,1.405760,1.402410,1.404030,4,2026-07-30
2026-07-30 05:00:00,1.404040,1.405090,1.403160,1.404880,4,2026-07-30
2026-07-30 09:00:00,1.404900,1.405970,1.404840,1.405280,4,2026-07-30
2026-07-30 13:00:00,1.405290,1.406780,1.403750,1.404340,4,2026-07-30
2026-07-30 17:00:00,1.404310,1.405870,1.400440,1.401730,4,2026-07-31
2026-07-30 21:00:00,1.401570,1.402160,1.399110,1.399770,4,2026-07-31
2026-07-31 01:00:00,1.399760,1.401530,1.399610,1.400580,4,2026-07-31
2026-07-31 05:00:00,1.400590,1.401870,1.400520,1.401790,4,2026-07-31
2026-07-31 09:00:00,1.401770,1.402370,1.401130,1.401470,4,2026-07-31
2026-07-31 13:00:00,1.401460,1.402360,1.400360,1.402240,4,2026-07-31
2026-08-02 17:00:00,1.401870,1.402360,1.401850,1.402080,4,2026-08-03
2026-08-02 21:00:00,1.402050,1.402400,1.401860,1.402070,4,2026-08-03
2026-08-03 01:00:00,1.402070,1.402670,1.400550,1.401040,4,2026-08-03
2026-08-03 05:00:00,1.401070,1.403510,1.400510,1.403230,4,2026-08-03
2026-08-03 09:00:00,1.403240,1.404050,1.402730,1.403940,4,2026-08-03
2026-08-03 13:00:00,1.403970,1.404590,1.403640,1.404330,4,2026-08-03
2026-08-03 17:00:00,1.404270,1.404950,1.402700,1.403510,4,2026-08-04
2026-08-03 21:00:00,1.403570,1.405370,1.403490,1.404500,4,2026-08-04
2026-08-04 01:00:00,1.404450,1.404880,1.404210,1.404530,4,2026-08-04
2026-08-04 05:00:00,1.404540,1.404800,1.403950,1.404730,4,2026-08-04
2026-08-04 09:00:00,1.404680,1.406550,1.404090,1.406180,4,2026-08-04
2026-08-04 13:00:00,1.406180,1.406250,1.403490,1.404010,4,2026-08-04
2026-08-04 17:00:00,1.403990,1.407310,1.403990,1.405660,4,2026-08-05
2026-08-04 21:00:00,1.405710,1.408010,1.405690,1.406670,4,2026-08-05
2026-08-05 01:00:00,1.406620,1.406970,1.406140,1.406370,4,2026-08-05
2026-08-05 05:00:00,1.406390,1.407620,1.406330,1.407240,4,2026-08-05
2026-08-05 09:00:00,1.407190,1.408010,1.406460,1.407450,4,2026-08-05
2026-08-05 13:00:00,1.407440,1.407640,1.406250,1.406660,4,2026-08-05
2026-08-05 17:00:00,1.406630,1.406670,1.401790,1.401850,4,2026-08-06
2026-08-05 21:00:00,1.401930,1.402880,1.400520,1.400780,4,2026-08-06
2026-08-06 01:00:00,1.400720,1.401540,1.400720,1.401030,4,2026-08-06
2026-08-06 05:00:00,1.401040,1.401260,1.400240,1.400740,4,2026-08-06
2026-08-06 09:00:00,1.400750,1.401750,1.400740,1.401440,4,2026-08-06
2026-08-06 13:00:00,1.401420,1.401620,1.399890,1.399930,4,2026-08-06
2026-08-06 17:00:00,1.399990,1.402470,1.399060,1.402080,4,2026-08-07
2026-08-06 21:00:00,1.402090,1.403720,1.401190,1.401380,4,2026-08-07
2026-08-07 01:00:00,1.401390,1.402030,1.400990,1.401510,4,2026-08-07
2026-08-07 05:00:00,1.401520,1.402060,1.401250,1.402050,4,2026-08-07
2026-08-07 09:00:00,1.402020,1.402830,1.401630,1.402380,4,2026-08-07
2026-08-07 13:00:00,1.402340,1.402970,1.401380,1.402090,4,2026-08-07
2026-08-09 17:00:00,1.394580,1.394800,1.393860,1.394480,4,2026-08-10
2026-08-09 21:00:00,1.394460,1.396410,1.393960,1.395860,4,2026-08-10
2026-08-10 01:00:00,1.395730,1.396850,1.393700,1.394590,4,2026-08-10
2026-08-10 05:00:00,1.394600,1.395730,1.394530,1.395680,4,2026-08-10
2026-08-10 09:00:00,1.395660,1.396430,1.395290,1.395460,4,2026-08-10
2026-08-10 13:00:00,1.395480,1.395580,1.393410,1.394000,4,2026-08-10
2026-08-10 17:00:00,1.393950,1.395730,1.393740,1.394340,4,2026-08-11
2026-08-10 21:00:00,1.394320,1.394760,1.392680,1.394250,4,2026-08-11
2026-08-11 01:00:00,1.394230,1.394430,1.393620,1.393750,4,2026-08-11
2026-08-11 05:00:00,1.393770,1.394010,1.392990,1.393550,4,2026-08-11
2026-08-11 09:00:00,1.393560,1.393590,1.392820,1.393390,4,2026-08-11
2026-08-11 13:00:00,1.393370,1.394610,1.392980,1.393370,4,2026-08-11
2026-08-11 17:00:00,1.393340,1.394130,1.392560,1.392800,4,2026-08-12
2026-08-11 21:00:00,1.392770,1.393630,1.391600,1.391950,4,2026-08-12
2026-08-12 01:00:00,1.391960,1.392700,1.391910,1.392010,4,2026-08-12
2026-08-12 05:00:00,1.391970,1.393140,1.391860,1.392800,4,2026-08-12
2026-08-12 09:00:00,1.392790,1.393390,1.392630,1.393150,4,2026-08-12
2026-08-12 13:00:00,1.393120,1.393810,1.392830,1.393370,4,2026-08-12
2026-08-12 17:00:00,1.393300,1.393750,1.390810,1.392300,4,2026-08-13
2026-08-12 21:00:00,1.392290,1.394710,1.391770,1.394670,4,2026-08-13
2026-08-13 01:00:00,1.394610,1.394690,1.393800,1.394040,4,2026-08-13
2026-08-13 05:00:00,1.394000,1.395020,1.393720,1.394730,4,2026-08-13
2026-08-13 09:00:00,1.394710,1.395840,1.394420,1.395540,4,2026-08-13
2026-08-13 13:00:00,1.395510,1.395570,1.393600,1.393990,4,2026-08-13
2026-08-13 17:00:00,1.394000,1.395440,1.393010,1.394320,4,2026-08-14
2026-08-13 21:00:00,1.394280,1.394490,1.393030,1.393610,4,2026-08-14
2026-08-14 01:00:00,1.393610,1.393760,1.392800,1.392950,4,2026-08-14
2026-08-14 05:00:00,1.392980,1.393100,1.392100,1.392560,4,2026-08-14
2026-08-14 09:00:00,1.392550,1.392580,1.390310,1.390410,4,2026-08-14
2026-08-14 13:00:00,1.390390,1.390500,1.388650,1.388910,4,2026-08-14
2026-08-16 17:00:00,1.387590,1.388050,1.387130,1.387460,4,2026-08-17
2026-08-16 21:00:00,1.387460,1.388180,1.387250,1.387320,4,2026-08-17
2026-08-17 01:00:00,1.387330,1.388480,1.387100,1.387210,4,2026-08-17
2026-08-17 05:00:00,1.387190,1.387310,1.386370,1.386830,4,2026-08-17
2026-08-17 09:00:00,1.386800,1.387030,1.385860,1.385910,4,2026-08-17
2026-08-17 13:00:00,1.385980,1.386140,1.385230,1.386140,4,2026-08-17
2026-08-17 17:00:00,1.386110,1.386770,1.384520,1.386720,4,2026-08-18
2026-08-17 21:00:00,1.386650,1.387830,1.386560,1.387520,4,2026-08-18
2026-08-18 01:00:00,1.387560,1.387750,1.386980,1.387270,4,2026-08-18
2026-08-18 05:00:00,1.387280,1.387480,1.386610,1.386650,4,2026-08-18
2026-08-18 09:00:00,1.386640,1.387880,1.386620,1.387390,4,2026-08-18
2026-08-18 13:00:00,1.387430,1.387450,1.386250,1.387260,4,2026-08-18
2026-08-18 17:00:00,1.387240,1.388760,1.386760,1.388530,4,2026-08-19
2026-08-18 21:00:00,1.388600,1.391040,1.388170,1.390620,4,2026-08-19
2026-08-19 01:00:00,1.390640,1.390750,1.389060,1.389840,4,2026-08-19
2026-08-19 05:00:00,1.389830,1.390810,1.387140,1.387930,4,2026-08-19
2026-08-19 09:00:00,1.387910,1.388340,1.387550,1.387990,4,2026-08-19
2026-08-19 13:00:00,1.387960,1.388430,1.386370,1.387020,4,2026-08-19
2026-08-19 17:00:00,1.387000,1.387710,1.380460,1.381450,4,2026-08-20
2026-08-19 21:00:00,1.381410,1.382850,1.380930,1.381090,4,2026-08-20
2026-08-20 01:00:00,1.381040,1.381700,1.380020,1.380780,4,2026-08-20
2026-08-20 05:00:00,1.380720,1.381250,1.380000,1.380840,4,2026-08-20
2026-08-20 09:00:00,1.380800,1.380880,1.378950,1.379070,4,2026-08-20
2026-08-20 13:00:00,1.379040,1.379600,1.375560,1.376880,4,2026-08-20
2026-08-20 17:00:00,1.376850,1.378850,1.376300,1.378120,4,2026-08-21
2026-08-20 21:00:00,1.378070,1.379540,1.377490,1.379030,4,2026-08-21
2026-08-21 01:00:00,1.378970,1.379460,1.378360,1.378420,4,2026-08-21
2026-08-21 05:00:00,1.378420,1.378440,1.376090,1.376360,4,2026-08-21
2026-08-21 09:00:00,1.376310,1.376860,1.375920,1.376110,4,2026-08-21
2026-08-21 13:00:00,1.376150,1.376680,1.373580,1.374180,4,2026-08-21
2026-08-23 17:00:00,1.377080,1.377170,1.376280,1.376750,4,2026-08-24
2026-08-23 21:00:00,1.376710,1.377170,1.376080,1.376720,4,2026-08-24
2026-08-24 01:00:00,1.376740,1.383880,1.375430,1.379390,4,2026-08-24
2026-08-24 05:00:00,1.379390,1.379950,1.378330,1.379280,4,2026-08-24
2026-08-24 09:00:00,1.379250,1.382310,1.379020,1.382290,4,2026-08-24
2026-08-24 13:00:00,1.382240,1.384460,1.381770,1.384010,4,2026-08-24
2026-08-24 17:00:00,1.383920,1.385050,1.382240,1.383820,4,2026-08-25
2026-08-24 21:00:00,1.383890,1.386060,1.383160,1.385180,4,2026-08-25
2026-08-25 01:00:00,1.385170,1.385210,1.384030,1.384340,4,2026-08-25
2026-08-25 05:00:00,1.384320,1.385430,1.384100,1.385330,4,2026-08-25
2026-08-25 09:00:00,1.385280,1.386690,1.385040,1.386680,4,2026-08-25
2026-08-25 13:00:00,1.386660,1.386680,1.385310,1.385940,4,2026-08-25
2026-08-25 17:00:00,1.385960,1.386310,1.382710,1.383550,4,2026-08-26
2026-08-25 21:00:00,1.383560,1.384530,1.382900,1.382910,4,2026-08-26
2026-08-26 01:00:00,1.382950,1.384540,1.382610,1.383480,4,2026-08-26
2026-08-26 05:00:00,1.383470,1.385610,1.383370,1.385520,4,2026-08-26
2026-08-26 09:00:00,1.385560,1.386670,1.385470,1.386180,4,2026-08-26
2026-08-26 13:00:00,1.386190,1.387050,1.385820,1.386950,4,2026-08-26
2026-08-26 17:00:00,1.386910,1.389270,1.385920,1.389120,4,2026-08-27
2026-08-26 21:00:00,1.389120,1.389280,1.387040,1.387730,4,2026-08-27
2026-08-27 01:00:00,1.387750,1.388060,1.387360,1.387600,4,2026-08-27
2026-08-27 05:00:00,1.387580,1.388300,1.387280,1.388270,4,2026-08-27
2026-08-27 09:00:00,1.388240,1.388830,1.388010,1.388740,4,2026-08-27
2026-08-27 13:00:00,1.388720,1.389090,1.387640,1.388530,4,2026-08-27
2026-08-27 17:00:00,1.388550,1.388610,1.385310,1.386030,4,2026-08-28
2026-08-27 21:00:00,1.386060,1.386610,1.385440,1.385700,4,2026-08-28
2026-08-28 01:00:00,1.385720,1.385970,1.385100,1.385170,4,2026-08-28
2026-08-28 05:00:00,1.385150,1.385560,1.384780,1.384980,4,2026-08-28
2026-08-28 09:00:00,1.384940,1.385510,1.384620,1.384960,4,2026-08-28
2026-08-28 13:00:00,1.384930,1.385950,1.384560,1.384560,4,2026-08-28
2026-08-30 17:00:00,1.390730,1.390790,1.389400,1.390400,4,2026-08-31
2026-08-30 21:00:00,1.390410,1.391190,1.389490,1.390350,4,2026-08-31
2026-08-31 01:00:00,1.390350,1.394180,1.389160,1.390410,4,2026-08-31
2026-08-31 05:00:00,1.390390,1.390800,1.388890,1.389100,4,2026-08-31
2026-08-31 09:00:00,1.389060,1.389830,1.388900,1.389770,4,2026-08-31
2026-08-31 13:00:00,1.389750,1.390200,1.388670,1.389430,4,2026-08-31
2026-08-31 17:00:00,1.389340,1.389590,1.385670,1.386300,4,2026-09-01
2026-08-31 21:00:00,1.386190,1.386850,1.385420,1.385550,4,2026-09-01
2026-09-01 01:00:00,1.385530,1.386090,1.385260,1.385550,4,2026-09-01
2026-09-01 05:00:00,1.385530,1.386570,1.384530,1.386300,4,2026-09-01
2026-09-01 09:00:00,1.386270,1.387090,1.386050,1.386820,4,2026-09-01
2026-09-01 13:00:00,1.386790,1.387700,1.386370,1.387370,4,2026-09-01
2026-09-01 17:00:00,1.387380,1.390490,1.387350,1.390290,4,2026-09-02
2026-09-01 21:00:00,1.390300,1.390710,1.389410,1.389430,4,2026-09-02
2026-09-02 01:00:00,1.389460,1.390340,1.389170,1.389560,4,2026-09-02
2026-09-02 05:00:00,1.389540,1.391150,1.389380,1.390970,4,2026-09-02
2026-09-02 09:00:00,1.390940,1.392340,1.390840,1.392260,4,2026-09-02
2026-09-02 13:00:00,1.392170,1.394000,1.392170,1.393250,4,2026-09-02
2026-09-02 17:00:00,1.393250,1.393340,1.385030,1.385300,4,2026-09-03
2026-09-02 21:00:00,1.385230,1.385750,1.383490,1.384140,4,2026-09-03
2026-09-03 01:00:00,1.384070,1.384730,1.383700,1.384420,4,2026-09-03
2026-09-03 05:00:00,1.384400,1.384680,1.382670,1.383190,4,2026-09-03
2026-09-03 09:00:00,1.383150,1.383710,1.382430,1.382840,4,2026-09-03
2026-09-03 13:00:00,1.382710,1.383020,1.380370,1.380410,4,2026-09-03
2026-09-03 17:00:00,1.380420,1.380750,1.378870,1.378890,4,2026-09-04
2026-09-03 21:00:00,1.378940,1.379030,1.376570,1.378900,4,2026-09-04
2026-09-04 01:00:00,1.378890,1.379820,1.378180,1.379320,4,2026-09-04
2026-09-04 05:00:00,1.379300,1.379400,1.378510,1.379170,4,2026-09-04
2026-09-04 09:00:00,1.379140,1.379590,1.378890,1.379240,4,2026-09-04
2026-09-04 13:00:00,1.379210,1.380740,1.379050,1.380670,4,2026-09-04
2026-09-06 17:00:00,1.383670,1.383910,1.381580,1.383470,4,2026-09-07
2026-09-06 21:00:00,1.383480,1.385060,1.380890,1.384080,4,2026-09-07
2026-09-07 01:00:00,1.384080,1.384900,1.381640,1.383570,4,2026-09-07
2026-09-07 05:00:00,1.383540,1.384180,1.383020,1.384010,4,2026-09-07
2026-09-07 09:00:00,1.384020,1.384170,1.382980,1.383490,4,2026-09-07
2026-09-07 13:00:00,1.383470,1.383860,1.381600,1.381800,4,2026-09-07
2026-09-07 17:00:00,1.381810,1.382400,1.380490,1.380720,4,2026-09-08
2026-09-07 21:00:00,1.380740,1.381600,1.380590,1.381530,4,2026-09-08
2026-09-08 01:00:00,1.381520,1.381890,1.381160,1.381300,4,2026-09-08
2026-09-08 05:00:00,1.381270,1.381270,1.379990,1.380790,4,2026-09-08
2026-09-08 09:00:00,1.380790,1.380960,1.377680,1.379700,4,2026-09-08
2026-09-08 13:00:00,1.379700,1.381500,1.378870,1.381040,4,2026-09-08
2026-09-08 17:00:00,1.381080,1.381210,1.375980,1.378030,4,2026-09-09
2026-09-08 21:00:00,1.377990,1.379330,1.376920,1.378050,4,2026-09-09
2026-09-09 01:00:00,1.377960,1.379000,1.377870,1.378460,4,2026-09-09
2026-09-09 05:00:00,1.378440,1.378520,1.377470,1.377690,4,2026-09-09
2026-09-09 09:00:00,1.377670,1.377820,1.376960,1.377100,4,2026-09-09
2026-09-09 13:00:00,1.377060,1.378700,1.376770,1.378360,4,2026-09-09
2026-09-09 17:00:00,1.378310,1.380380,1.376660,1.379580,4,2026-09-10
2026-09-09 21:00:00,1.379540,1.382030,1.379430,1.380630,4,2026-09-10
2026-09-10 01:00:00,1.380610,1.381220,1.380040,1.380210,4,2026-09-10
2026-09-10 05:00:00,1.380180,1.381130,1.379940,1.380740,4,2026-09-10
2026-09-10 09:00:00,1.380720,1.381020,1.380290,1.380740,4,2026-09-10
2026-09-10 13:00:00,1.380750,1.381820,1.380120,1.381670,4,2026-09-10
2026-09-10 17:00:00,1.381610,1.383440,1.381250,1.381930,4,2026-09-11
2026-09-10 21:00:00,1.381950,1.383260,1.380500,1.382940,4,2026-09-11
2026-09-11 01:00:00,1.382870,1.383930,1.382720,1.383480,4,2026-09-11
2026-09-11 05:00:00,1.383430,1.384420,1.383410,1.384120,4,2026-09-11
2026-09-11 09:00:00,1.384130,1.384670,1.383580,1.383810,4,2026-09-11
2026-09-11 13:00:00,1.383770,1.386100,1.383510,1.385990,4,2026-09-11
2026-09-13 17:00:00,1.386810,1.388010,1.384230,1.386440,4,2026-09-14
2026-09-13 21:00:00,1.386440,1.387950,1.382290,1.387090,4,2026-09-14
2026-09-14 01:00:00,1.387070,1.388050,1.385570,1.387180,4,2026-09-14
2026-09-14 05:00:00,1.387140,1.387290,1.386520,1.387180,4,2026-09-14
2026-09-14 09:00:00,1.387160,1.388090,1.387140,1.388010,4,2026-09-14
2026-09-14 13:00:00,1.388010,1.390270,1.387520,1.389740,4,2026-09-14
2026-09-14 17:00:00,1.389710,1.393100,1.388630,1.391970,4,2026-09-15
2026-09-14 21:00:00,1.392000,1.392390,1.389800,1.390350,4,2026-09-15
2026-09-15 01:00:00,1.390320,1.390590,1.389730,1.389790,4,2026-09-15
2026-09-15 05:00:00,1.389760,1.391200,1.389720,1.390910,4,2026-09-15
2026-09-15 09:00:00,1.390890,1.391650,1.390350,1.390420,4,2026-09-15
2026-09-15 13:00:00,1.390430,1.391660,1.389850,1.391620,4,2026-09-15
2026-09-15 17:00:00,1.391560,1.392830,1.390740,1.391380,4,2026-09-16
2026-09-15 21:00:00,1.391350,1.392270,1.390980,1.391770,4,2026-09-16
2026-09-16 01:00:00,1.391740,1.392480,1.391370,1.391960,4,2026-09-16
2026-09-16 05:00:00,1.391930,1.393700,1.391850,1.393080,4,2026-09-16
2026-09-16 09:00:00,1.393070,1.393550,1.392130,1.393170,4,2026-09-16
2026-09-16 13:00:00,1.393210,1.393770,1.392400,1.393020,4,2026-09-16
2026-09-16 17:00:00,1.392980,1.394400,1.392700,1.393590,4,2026-09-17
2026-09-16 21:00:00,1.393640,1.399210,1.393170,1.399190,4,2026-09-17
2026-09-17 01:00:00,1.399110,1.399500,1.398270,1.398850,4,2026-09-17
2026-09-17 05:00:00,1.398820,1.399820,1.398490,1.399440,4,2026-09-17
2026-09-17 09:00:00,1.399420,1.399700,1.398080,1.398270,4,2026-09-17
2026-09-17 13:00:00,1.398210,1.399540,1.398170,1.399410,4,2026-09-17
2026-09-17 17:00:00,1.399390,1.400220,1.397190,1.398530,4,2026-09-18
2026-09-17 21:00:00,1.398570,1.399730,1.398160,1.399150,4,2026-09-18
2026-09-18 01:00:00,1.399180,1.399470,1.398510,1.399020,4,2026-09-18
2026-09-18 05:00:00,1.399030,1.399310,1.398510,1.398660,4,2026-09-18
2026-09-18 09:00:00,1.398650,1.399890,1.397620,1.399690,4,2026-09-18
2026-09-18 13:00:00,1.399700,1.400800,1.399450,1.400630,4,2026-09-18
